Paoks:
 2.00996320445710e+00 9.71270147564655e-03 2.03026835561415e-02 3.29189014515201e-03 -9.71393759979662e-05 -2.21716825748448e-04 -1.83539995464623e-02 -4.07431402371342e-04 4.41886389740225e-04 8.36784372648025e-03 4.68523750605514e-05 -8.46534479853791e-05 -4.93619012509759e-03 -1.18440913501686e-05 -2.64585949862827e-06 -3.85867631355997e-03 1.69231903604063e-05 -3.28319288217587e-05 -3.63930625835736e-05 -6.18222650758186e-06 -5.88547500077107e-03 -5.30153623256227e-05 -2.93519213591370e-05 2.49080540250626e-03 -6.09223965219657e-05 -5.64472015151353e-05 8.32907704243412e-04 1.94726562996642e-05 1.70382194916388e-05 -2.22098630490872e-05 3.25212666174518e-04 -2.93365356562622e-04 -5.35240468052737e-03 1.56049945301878e-02 -2.00647013736154e-05 1.50826354802554e-05 4.76587946848109e-04 -7.82622478708598e-05 -3.10882387651062e-05 1.13376815134764e-02 -5.32020304443686e-06 9.12031604210371e-05 -3.26805908722799e-03 -4.22842932643068e-06 3.44831016486035e-06 2.33621167075253e-05 7.76747711429589e-06 2.55246756679261e-06 3.71034303401214e-05 -6.50789594748467e-05 -1.65304683269352e-03 -2.92076732402259e-05 -2.17672502557699e-06 -2.58897346924536e-04 2.17749189989422e-06 9.62513825644047e-06 1.73452173620031e-04 5.13847629487888e-06 4.42685764422863e-06 -1.86955197292743e-07 -1.38362086058018e-02 -4.64240342631692e-03 -5.93015873058339e-03 -3.17829634378885e-06 3.35438947155413e-04 9.06466254501051e-05 2.09603103700642e-05 -8.03876459737948e-03 -2.09175964458350e-03 2.33557045017245e-05 -4.10624224596288e-04 2.16014036119835e-04 1.01733417313585e-07 6.17296478278077e-04 -1.38818644307762e-02 -3.54034841676788e-03 -6.08147183872538e-03 3.19861270351276e-04 -1.78389576564269e-04 8.98194906303649e-05 -6.92627229685645e-03 4.01600952896584e-03 -2.12457125851986e-03 5.25185015695422e-04 2.18280546558463e-04 2.24860818246487e-04 -3.80822557795697e-04 -3.11056828027724e-04 -1.34814385730175e-02 -4.39450392806010e-03 -5.84418534269798e-03 -2.99801868448878e-04 -1.71714213114638e-04 9.49020972790744e-05 6.84250119163136e-03 3.93381774699571e-03 -2.01132725533950e-03 -5.09824621883356e-04 1.71140919465397e-04 2.07042512041094e-04 3.33397382779783e-04 -2.89610806120462e-04 -4.48344144970463e-03 1.64453658742461e-03 -1.03696291379626e-03 -3.62548010461827e-06 1.03403409357603e-04 2.08909736676902e-04 -7.18722195011242e-06 7.90283282948777e-04 1.28185673567072e-03 3.40808306391870e-06 -1.91450597269694e-04 9.06009776436219e-05 2.82781378414746e-06 -9.52177211698501e-05 -4.47982224478978e-03 1.70873581567985e-03 -1.01471783345312e-03 -9.78727799973532e-05 -4.96705681386036e-05 2.05333087111843e-04 -7.08316211089527e-04 -4.17547448541436e-04 1.27875657033845e-03 7.87344284123340e-05 9.29319230295384e-05 9.40886158579174e-05 1.61240590339059e-04 4.27513123368334e-05 -4.36894587464357e-03 1.67343672415075e-03 -9.44906172501098e-04 9.06564495846671e-05 -5.05447431308680e-05 2.04827371560767e-04 6.67801877408142e-04 -3.99012706932485e-04 1.26343459741574e-03 -7.81373791513733e-05 9.36970151893795e-05 9.53190842039509e-05 -1.60673369649342e-04 4.53330530095162e-05
 9.71270147564655e-03 1.40989678685023e-03 -3.85072497044331e-02 1.01905827030219e-02 1.63231096941341e-05 7.34716823982621e-05 -1.22945192274649e-03 8.68767986284182e-05 -2.46851365215236e-04 5.96748651346209e-03 -4.93505022800375e-05 3.79112058845499e-05 -9.86885842828467e-04 6.06920491911687e-06 5.18566300376978e-07 6.54952236854590e-04 -2.76450912325716e-06 -4.35822264769031e-06 2.09727402491137e-05 -1.51380315569017e-05 8.85048639243201e-04 -7.42478991970998e-06 1.88604756873976e-05 -6.41664652996244e-04 -8.01295159100381e-06 -2.40837150272284e-06 -3.09483577095154e-04 -4.99806685461488e-06 1.65649340607784e-06 -3.84681332615646e-06 6.17917866734377e-04 1.34062304524669e-04 -2.15268743135650e-03 2.78481281589455e-03 -3.03164428916432e-05 -1.07576376607712e-05 -1.22562030747891e-04 4.80262527941659e-05 7.04221858362409e-05 8.97746418580669e-03 -8.65172428376086e-05 -9.08468818942362e-06 -1.29286704628960e-03 -1.14608715831321e-06 2.78646492370202e-06 -1.03196491301500e-04 1.20078469129014e-06 -1.05180349678209e-06 1.68297111493653e-05 4.78142549334434e-06 -4.88404726702185e-04 -2.28962911616007e-05 1.16038221445266e-06 1.14424343123949e-05 2.23087894056641e-06 4.17568381753135e-07 1.46208777444305e-05 1.79418100419356e-06 2.30320748710277e-06 -5.82864019173039e-07 3.64639552896044e-03 -1.94335817175261e-02 4.47548014674195e-03 -5.82856258740997e-07 -4.32403469429269e-04 -9.75973396422043e-05 1.51146529033418e-05 1.61059383788295e-04 2.01490000011211e-04 1.09656490377053e-06 1.91391817171725e-05 6.05929281145589e-06 1.70206695733917e-06 1.66915336211749e-05 3.64888694177377e-03 -1.98986068687305e-02 4.51520714998867e-03 -3.75992376326680e-04 2.15926672185437e-04 -9.88498316330261e-05 1.28810139306625e-04 -6.73947196002236e-05 1.80605676042491e-04 1.68395092327350e-05 -7.93196965290879e-06 4.26363173474818e-06 1.29401475059182e-05 -1.00949896260831e-05 3.59290138772790e-03 -1.97346226598233e-02 4.53645298922834e-03 3.76089396329435e-04 2.15117072422836e-04 -9.82117674379627e-05 -1.09638692473788e-04 -8.06535513287695e-05 1.88476702297048e-04 -1.47548846011382e-05 -1.06768177959155e-05 6.38598366925891e-06 -1.49654303611893e-05 -9.95576001597492e-06 -7.22470680126004e-04 1.93587470885203e-03 -1.08914413857445e-03 -1.27051732421465e-06 -9.52407266156848e-05 9.35907449794857e-05 1.06487949241660e-05 5.12114297660505e-05 3.18594736430404e-04 -1.15713569809348e-07 -1.87894566611913e-05 -3.33240343786528e-05 5.19704129594566e-07 -3.02734653637026e-05 -7.76217304246011e-04 1.77038044306490e-03 -1.10774404941290e-03 7.60057320881891e-05 4.56490757872403e-05 9.56246944707416e-05 -7.06217334716368e-05 -5.23907813035167e-05 3.34490315276741e-04 2.06090767349803e-05 1.12764824711424e-05 -3.28030136728393e-05 1.80361566256965e-05 1.28067708426689e-05 -6.57987837259539e-04 1.82712104578444e-03 -1.06214867777518e-03 -8.17364593101945e-05 4.73785026497687e-05 9.36357862888891e-05 3.16573790086537e-05 -1.35133794127098e-05 3.11707458642646e-04 -2.48044727893102e-05 9.12715625175084e-06 -3.54362035701324e-05 -1.69885276383929e-05 1.40126217328770e-05
 2.03026835561415e-02 -3.85072497044331e-02 1.09388082832599e+00 -2.88265071473570e-01 -5.72897214072107e-04 -1.70989699869889e-03 3.14626610196789e-02 -1.46081968289058e-03 1.70797208285420e-03 -1.65218084030863e-01 1.18827753040689e-03 -1.53534233662295e-04 2.64971133609882e-02 -1.34758544973801e-04 1.15005402887597e-04 -1.89920967255856e-02 7.37313015438130e-05 -1.04563589444655e-04 -5.42568917700166e-04 3.92450971695294e-04 -2.59048291775974e-02 2.10997983588540e-04 -8.77757703189926e-04 1.85521066936527e-02 2.12110063855611e-04 7.57634488549812e-05 8.96006513573042e-03 1.49104161889898e-04 -4.73631491129819e-06 1.04495508586007e-04 -5.66213071767314e-03 -3.72668645197888e-03 5.32549837000309e-02 -7.45047287598976e-02 8.09461015156937e-04 5.08437254460601e-05 3.87483435683431e-03 -5.05999961225655e-04 2.77352535946879e-06 -2.60141985442049e-01 2.34066072584445e-03 -1.04763668547715e-05 3.62889071914486e-02 2.40524131106504e-05 -1.52671019461221e-05 2.97667764707051e-03 -2.93962159701017e-05 -5.10188940425432e-06 -4.83206669045335e-04 -4.95337324703479e-05 1.36373418567908e-02 6.36760911711573e-04 -4.73670875005199e-05 -3.35339891976866e-04 -6.38008315032223e-05 -3.42019786118764e-05 -3.52665628617909e-04 -4.62295849885796e-05 -6.25261383837979e-05 1.58904412596149e-05 -1.06425488166972e-01 5.54792601188700e-01 -1.28368253805425e-01 2.37166265590022e-05 1.23358978690812e-02 2.82025702546017e-03 -3.94751197730619e-04 -5.88219258277124e-03 -5.92598300835464e-03 -2.39743738535770e-05 -5.80240136347205e-04 -1.28699633853816e-04 -4.55019936252711e-05 -3.79772172778760e-04 -1.04701947843819e-01 5.58447419794762e-01 -1.28306063994433e-01 1.06551009312384e-02 -6.15170826730389e-03 2.81940201456401e-03 -4.76557064175080e-03 2.41015636107237e-03 -5.40179465603662e-03 -4.06359438586917e-04 2.46904849493118e-04 -8.30862569018854e-05 -4.13367397696794e-04 2.23948458695864e-04 -1.03411846606129e-01 5.55553263577968e-01 -1.29116585251269e-01 -1.06661752881897e-02 -6.14387654779804e-03 2.81234869496304e-03 4.24216089368465e-03 2.75638253295736e-03 -5.58753195582702e-03 3.53494233362882e-04 3.14031213735701e-04 -1.44679938706219e-04 4.63330889132019e-04 2.19870405600982e-04 2.08380894912365e-02 -5.75190349642794e-02 3.20218374940687e-02 4.53914470675829e-05 2.82053347920216e-03 -2.66643466003625e-03 -2.77538478530958e-04 -1.27404918245476e-03 -8.93222686262751e-03 2.03064220806459e-07 5.27322994688252e-04 9.74409940363275e-04 -1.65297271905650e-05 8.61933653770045e-04 2.26745071273642e-02 -5.69674469228619e-02 3.33402684626438e-02 -2.33579560393267e-03 -1.38374076197871e-03 -2.69429026130719e-03 1.63914846495784e-03 1.29014597852486e-03 -9.37444038608126e-03 -6.11640937622924e-04 -2.96273127268403e-04 9.79418475786086e-04 -4.80435186601477e-04 -3.93380048272986e-04 1.90866395454967e-02 -5.72974778022690e-02 3.15853785031397e-02 2.48029729764854e-03 -1.41230956728348e-03 -2.65726718693228e-03 -5.43524434706223e-04 2.23042262044407e-04 -8.75927254569473e-03 7.24935611009693e-04 -2.40034127676923e-04 1.05315586620633e-03 4.54659053263678e-04 -4.28257598123143e-04
 3.29189014515201e-03 1.01905827030219e-02 -2.88265071473570e-01 7.62592378152361e-02 3.93804887406464e-04 3.38576380439231e-04 -9.60642156316090e-03 -2.95852521255913e-03 1.25957791715647e-03 5.06834252571176e-02 2.49121071097039e-04 -2.17706535646390e-04 -8.83514391114088e-03 -1.05606107491763e-04 -8.91212427141133e-05 5.47434875420658e-03 6.26893605832927e-05 1.02044688986959e-04 -7.69783408911852e-05 -9.54136161664205e-05 7.21353705090584e-03 -6.65376917794144e-05 3.56577585057460e-04 -4.87572341842047e-03 -2.90430075682018e-05 -3.00584858274668e-05 -2.20761036825826e-03 -2.74971965133315e-05 -1.23739173934837e-05 -2.90491923845520e-05 2.79071655343707e-03 8.68735486743048e-04 3.58458207831826e-03 1.74810945929863e-02 -3.52147388286726e-04 1.68865357405809e-04 -9.35366415320889e-04 1.36911229214209e-03 -1.93786236286425e-03 6.12912696912007e-02 -7.75684833437505e-04 2.62287936571452e-04 -9.55718001716012e-03 -2.73580640425872e-05 -3.44582579760009e-05 -7.99661718852690e-04 4.62580771412129e-05 2.87713089080122e-05 1.06736257706222e-04 -2.37990404226918e-05 -3.54215607939229e-03 -9.91431648917848e-05 2.55336878692116e-05 5.09782411723164e-05 1.65141502876953e-05 1.61448013448295e-05 4.54040744298970e-05 -4.01716579463181e-06 1.35258446990936e-05 -2.84193154231130e-06 2.85070027314399e-02 -1.50877737907527e-01 3.42565571824440e-02 -3.08548942011812e-05 -3.28356283540688e-03 -6.92222330435860e-04 1.62466470325162e-06 1.38821234600721e-03 1.64888532309563e-03 -8.83617750629121e-06 1.78407525032104e-04 5.39402393916778e-05 7.52578560777464e-06 1.09089724716523e-04 2.69159520160030e-02 -1.45770635181404e-01 3.34664952167232e-02 -2.80290600866414e-03 1.61633440874426e-03 -6.72184776620503e-04 1.06028785552199e-03 -5.22612863315987e-04 1.53660002947469e-03 1.16203025199228e-04 -8.20409888635201e-05 4.75407073405353e-05 1.36057639601433e-04 -6.36949088361514e-05 2.77713886362277e-02 -1.51314193995107e-01 3.44991098412866e-02 2.83215943037359e-03 1.65644600312901e-03 -6.93600210126241e-04 -1.03603334226971e-03 -5.62272689618659e-04 1.54597755758068e-03 -1.06477227736193e-04 -9.17794387829913e-05 5.67675994779456e-05 -1.45483025270549e-04 -5.05955071885357e-05 -6.34679080636250e-03 1.72584751680495e-02 -1.00142353779624e-02 1.20789867545125e-06 -8.43389468544772e-04 5.60312706526240e-04 9.01205100882722e-05 2.98327753977526e-04 2.09600914298229e-03 -1.19522758007598e-05 -1.00298929850739e-04 -2.54046882635326e-04 5.85418046324671e-06 -2.33001104955552e-04 -7.06791117342808e-03 1.88471972640853e-02 -1.08789272444487e-02 7.45361724124962e-04 4.12318132216585e-04 5.43437727297172e-04 -3.21284373925548e-04 -3.25562457665780e-04 2.19042291354900e-03 1.68280765776967e-04 5.32748940724744e-05 -2.58427392299890e-04 8.42992959817810e-05 1.24482726504408e-04 -6.31556066107395e-03 2.14455417157527e-02 -1.07898140952547e-02 -8.15692178718042e-04 4.53299778824072e-04 5.20274576146772e-04 -7.73180752792724e-05 4.02431550427969e-05 2.04269833369056e-03 -2.22163284393008e-04 3.02673723769687e-05 -2.89277366400684e-04 -5.85948007675708e-05 1.35344778442088e-04
 -9.71393759979662e-05 1.63231096941341e-05 -5.72897214072107e-04 3.93804887406464e-04 5.78190174806926e-03 -1.70221965511510e-04 1.47635500018973e-04 -7.00906250354510e-02 2.78102890509887e-04 -5.24677304483946e-04 1.29337953483613e-02 5.63225762365343e-05 3.06467913079698e-04 -2.78056629896553e-03 1.21483575636037e-05 -1.50588557129202e-05 1.17908681789848e-03 -7.57677850069536e-06 -4.24958364498095e-03 3.91917397385816e-05 5.18160997470425e-06 -4.05681389084647e-04 -2.66073463767696e-05 -5.29398623555510e-06 5.12436691827481e-04 1.91985261652602e-05 -1.45463574619411e-05 3.09952162674556e-05 -4.82076119842065e-07 1.10743720720625e-06 4.34591652808010e-06 2.63016235012181e-06 -9.48697972390130e-04 2.32238348697403e-05 -3.23615113403466e-04 -4.95970104565133e-05 -4.19772670740135e-05 -1.01587101564468e-02 3.99512718715782e-04 1.04613423138504e-03 1.49492180382427e-03 -1.47562257879185e-04 1.63271933771390e-04 -3.76917981450433e-05 5.21924818314764e-06 3.42544412755252e-06 3.49533146004580e-04 -7.41320272210351e-06 8.83780757875633e-05 -2.34699585671261e-05 -4.80965684389503e-05 1.11104084991964e-03 2.43265267613444e-05 -5.68309522937783e-07 -1.09883347653981e-05 -2.50384348984950e-07 4.65656305354852e-06 -2.83974380415011e-04 5.62684951951272e-06 4.21310965585542e-06 -2.46794198741605e-05 -3.71955691548501e-04 1.15119811474618e-04 -5.10870038760113e-04 -1.01061584395326e-05 -7.17822276452691e-06 -2.13003643270885e-03 -2.96997888795302e-05 -3.88851082379376e-05 -3.01310088426304e-04 -7.91731624619793e-06 -2.35719218049917e-06 -1.27530727658747e-04 1.05253397126339e-05 -1.18925163959158e-02 6.42417728272874e-02 -8.23604171951778e-03 2.98064859207137e-04 -4.68870078235500e-04 2.69254484874429e-04 -1.01810692507127e-03 -6.21285390116305e-04 5.64611473544420e-04 -8.25561299607241e-05 -9.42002150614212e-05 5.68049177793900e-05 2.59303893485511e-05 -1.24648532168101e-04 1.21112481790657e-02 -6.42789364710911e-02 8.19094649514433e-03 3.14104575781670e-04 4.71317843793087e-04 -2.77196904154306e-04 -1.09123382102061e-03 6.16737643396505e-04 -5.79909855305037e-04 -8.13311832635750e-05 9.42879810239316e-05 -5.80319334583235e-05 2.79604253920661e-05 1.21596627149864e-04 6.46627713888100e-05 3.09559274827640e-04 -2.27062960481436e-04 -1.26891636355760e-04 -1.25381796907089e-05 1.13309002237506e-05 -5.69376411726875e-04 -1.73582439368377e-05 1.46366946922307e-05 -3.57133686023647e-05 -4.32639885026702e-06 -6.02711461969993e-06 9.51255794427955e-05 -2.39800428503840e-06 -2.37219026864506e-03 3.29276878686795e-03 -4.40591979377750e-03 4.85356479583574e-05 1.00678356378473e-04 -1.74048934661950e-04 -5.93587890140472e-04 1.16853876872787e-05 -4.43743690741171e-04 -4.51872104359250e-05 -7.39098357817564e-06 4.12337448717889e-05 7.66407718124377e-05 -1.00971232422902e-05 2.36540032421683e-03 -3.71837924271470e-03 4.51113872737077e-03 6.20808480092611e-05 -1.09751800040444e-04 2.13788310163888e-04 -5.40664494096401e-04 1.00617515680469e-05 5.10361246641173e-04 -4.32629135059991e-05 1.22699883621925e-05 -3.90537291927613e-05 6.52366306338137e-05 8.95937587089105e-06
 -2.21716825748448e-04 7.34716823982621e-05 -1.70989699869889e-03 3.38576380439231e-04 -1.70221965511510e-04 5.69108339894789e-03 -6.53993630724847e-05 1.82956715841275e-03 -6.91994859726537e-02 5.53893151111776e-04 -2.92439920281053e-04 1.28353858816493e-02 -9.39030484755244e-05 7.11855016502900e-05 1.14218619655510e-03 5.87871792697167e-05 -3.18180964186734e-05 -2.74383565167474e-03 7.11600057885938e-05 -4.20290633686543e-04 1.08694978042113e-04 3.88501124964627e-05 -4.23672605699946e-03 -4.22865813805974e-05 -7.08517473044267e-07 4.06149549367493e-05 -9.28767577635663e-06 9.46202933478406e-06 5.19464849287644e-04 -6.26558521651655e-06 -1.34663916663505e-05 -3.41086269655870e-06 7.09197980910927e-04 -1.39608959898694e-04 6.59660737346120e-05 -9.04323626863048e-05 -5.58766161640222e-06 -2.67156458298942e-04 -1.23807024963655e-02 8.52681344655219e-05 1.12599077288180e-05 1.92516145576444e-03 -7.37026375564584e-05 6.23038877535804e-06 3.12738073905533e-04 -4.12267043687159e-06 -1.45224092129969e-05 -6.94642201593137e-06 -3.07607168801264e-06 1.11069602652358e-03 -2.86772372065113e-05 -2.87278487152566e-05 6.55530670563159e-05 -4.43767176190403e-06 5.52484591113147e-07 -2.74367406148326e-04 -2.43540076718390e-06 5.45724813515828e-06 -1.67766463314177e-05 -3.38203783865132e-06 -1.35417062988157e-02 7.21971668671027e-02 -9.01910542709885e-03 1.30441683982594e-05 5.48067941519371e-04 3.11408856738015e-04 4.11390425146144e-05 -6.66227631037312e-04 6.81807510719039e-04 2.09530569256783e-06 8.10453302190717e-05 7.24685327571888e-05 3.75603188156439e-06 -9.22301653651969e-06 7.38302927675123e-03 -3.91850605080018e-02 5.13699732357507e-03 -4.89740625451540e-04 -2.12598383634531e-04 -1.71125192253897e-04 -5.59191615646275e-04 -1.74898244046527e-03 -3.07645411383736e-04 -1.19587170151122e-04 -6.80564520660298e-05 -3.62288755455026e-05 -8.93322911102617e-05 -2.20779060947035e-04 6.78792164894772e-03 -3.57623489613064e-02 4.64753577014240e-03 4.66841421822442e-04 -2.43220337555707e-04 -1.48213138261724e-04 6.24650302289341e-04 -1.76860845248992e-03 -3.04244431145275e-04 1.26918682766155e-04 -7.98278151480940e-05 -3.45426530930603e-05 8.28596189558100e-05 -2.21333819478269e-04 2.85803969988735e-03 -5.99089781917043e-03 5.49925475341507e-03 -4.21748914843189e-06 1.49663168629689e-04 2.46952973024245e-04 7.51030374398208e-06 -4.23593198185715e-04 5.86926920499015e-04 4.25087701417878e-06 4.84248956932104e-05 -3.57371965212771e-05 -1.45182743713976e-06 -3.86858260326762e-05 -1.52717164729344e-03 3.75518734926122e-03 -2.88073624244988e-03 1.45438041845819e-04 -6.46727247513411e-05 -1.27886828089415e-04 1.41538452227489e-04 -5.32217945437660e-04 -2.80846853697807e-04 5.64781819198151e-06 7.30712985021138e-05 1.18079564179222e-05 -1.92771874550406e-05 -1.88748156945237e-05 -1.51674923646571e-03 3.04391423858056e-03 -2.92907323977388e-03 -1.37739003318815e-04 -7.45619559087619e-05 -1.26115233448114e-04 -5.67008718029886e-05 -5.58513238621870e-04 -2.89293428986055e-04 4.08075448824356e-06 7.71660954971534e-05 1.80613518464235e-05 7.98303003774799e-06 -2.25371084322454e-05
 -1.83539995464623e-02 -1.22945192274649e-03 3.14626610196789e-02 -9.60642156316090e-03 1.47635500018973e-04 -6.53993630724847e-05 1.77133019141913e-02 -4.63175589415433e-04 -2.98008482873773e-04 -8.67242884332654e-02 3.74708707921731e-04 -2.58042817037553e-05 2.26879541073696e-02 7.13641660949238e-06 2.17405526243159e-06 -5.56630763596860e-03 -1.82967546586100e-05 -8.56726415702667e-06 6.68342461312395e-05 7.47972535627550e-05 -4.13971146091522e-03 -5.67340817936910e-05 -1.55062006724660e-04 4.04574901957031e-04 -2.12900044507456e-05 -5.22219798091097e-07 -1.70992220366875e-03 -3.32069876081700e-05 1.69944898868225e-05 2.31548137629697e-05 -1.77567468587767e-03 -1.21257116217112e-04 -5.02626923574658e-02 -9.39882664125410e-03 -1.29023829496778e-04 1.01576909940709e-04 -4.59140554252327e-03 -7.63994212904285e-04 -1.76741416637528e-04 1.31412568215548e-01 -1.88324825174259e-04 1.41172655123708e-04 -7.21980170087736e-04 3.25713199429115e-07 7.77232987370801e-06 -3.43736693004198e-04 2.87475169307286e-06 -6.59676783648340e-06 1.41788616327504e-04 2.56711931618085e-05 -5.77159884366367e-04 -1.02288178311425e-04 -6.80662831043634e-06 -5.81208570910041e-05 2.91768657971729e-05 1.25646431430597e-05 -5.70147526309846e-05 7.82769452028330e-06 4.10594282363401e-06 -3.80753437934261e-06 -4.16246092598292e-03 4.64838965500345e-02 -5.44919247900301e-03 3.22777810503582e-06 5.64529240569728e-04 -5.73240081087515e-04 -2.11875539311062e-05 1.89611079952868e-03 -1.52484475618319e-03 6.30450946908976e-06 -4.23363572089550e-04 -2.38750768969320e-04 -1.79272296048525e-06 -8.81565209786380e-05 -3.82014555902042e-03 4.63496087775782e-02 -5.20824105043412e-03 4.94231808155055e-04 -2.92839068765305e-04 -5.82170034874087e-04 1.64821448650142e-03 -1.02289241641525e-03 -1.51431521710219e-03 -9.47461701187005e-05 2.08025553973353e-04 -2.66547627153747e-04 -3.78373200652236e-04 3.39488799234965e-05 -3.92378715757806e-03 4.55203718233117e-02 -5.41106758206476e-03 -4.77847188692439e-04 -2.70376552527278e-04 -5.79325533992644e-04 -1.61442813488412e-03 -9.61043177990235e-04 -1.52453219779396e-03 6.05485316973521e-05 2.05180359153758e-04 -2.35657736672685e-04 3.69969812895379e-04 4.19636337799095e-05 -4.99745423997064e-03 2.75034039016962e-02 -3.10667147046463e-03 -2.63166174974386e-05 -5.88518453670386e-04 1.49011471726175e-03 5.66940404487170e-06 -1.25103678202054e-03 2.99125899869304e-03 2.23459172091984e-05 -4.59909064633967e-04 -2.45525678516950e-04 1.02496276605630e-05 -2.15434929600317e-04 -5.15688422229400e-03 2.82130017166441e-02 -3.29565580697903e-03 5.11898364356433e-04 3.01969896129270e-04 1.50782156835291e-03 1.10077578570301e-03 6.08996902610240e-04 2.92284262676262e-03 1.91287205770426e-04 2.15525489708476e-04 -2.65596928387485e-04 4.01718582267900e-04 1.08494044378217e-04 -4.22810370882450e-03 2.69816727661881e-02 -3.01383231771405e-03 -5.34620694516155e-04 2.96238324589171e-04 1.50723399324227e-03 -1.29311461086349e-03 7.01590872500052e-04 2.85884720548031e-03 -1.98983410296852e-04 2.19095459261189e-04 -2.88696332231901e-04 -3.98288503334887e-04 1.33247169644586e-04
 -4.07431402371342e-04 8.68767986284182e-05 -1.46081968289058e-03 -2.95852521255913e-03 -7.00906250354510e-02 1.82956715841275e-03 -4.63175589415433e-04 8.65974488865890e-01 -2.44069643804468e-04 -1.80443134964292e-04 -1.57012408597030e-01 -1.44287560138446e-03 -1.94109664231104e-03 3.48128712715318e-02 -1.51244884326086e-04 -1.74601664935478e-04 -1.64495644143671e-02 2.24400893617204e-04 5.30525636956280e-02 -4.83510020356172e-04 -1.77806448814629e-04 4.92264916376673e-03 4.91621661115594e-04 -1.00529776298390e-04 -6.33248802907510e-03 -2.23843198762202e-04 -5.55782503181121e-05 -9.77920365415579e-04 -2.11703533833144e-05 -2.48583650153784e-05 -1.79249704418226e-04 7.21305587329277e-05 -8.64392054769937e-04 1.02757043277945e-03 1.50713166214931e-02 2.87453999557952e-04 1.92599954868501e-04 -9.09100506489689e-03 -2.66592696529822e-04 2.47887107300872e-05 1.20609091487879e-03 1.22435715104204e-03 -2.41195986881827e-03 2.03859965220917e-03 -2.02334768215427e-05 -7.49439688119477e-05 -6.06423064563528e-03 3.85427101110857e-05 -1.36299867118297e-04 2.58606276457447e-04 3.44835739278183e-04 -1.43385465737534e-02 -3.13514009648492e-04 1.68576475165439e-05 -8.93206352577153e-06 1.25360493480240e-05 -3.09457747444289e-05 3.60230742464483e-03 -5.91223654851217e-05 -5.20083490707597e-05 1.67734679952741e-03 7.21752022631791e-05 -1.67623302153273e-04 6.29032965327229e-03 1.86702370488902e-05 -1.48015469329481e-05 2.64062585892547e-02 6.61850815982200e-04 3.62423050992178e-04 3.74543186529412e-03 6.57310268939805e-05 1.49123156883610e-06 1.43921782959799e-03 -1.36006081702128e-04 1.47937244295822e-01 -8.00449407000451e-01 1.02718205918476e-01 -3.63160631654518e-03 5.77304531844523e-03 -3.25914863839460e-03 1.29225575877473e-02 7.63765843465801e-03 -6.46226413825568e-03 9.98689487058278e-04 1.12629384317043e-03 -6.61101699400567e-04 -3.65418645833133e-04 1.58477537017711e-03 -1.49789728880979e-01 8.01150380881242e-01 -1.00870867540226e-01 -3.75078406271190e-03 -5.71189752449774e-03 3.20650547906038e-03 1.34077462933947e-02 -7.64067024108357e-03 6.57060040656960e-03 9.71568848913579e-04 -1.08640580210297e-03 6.47197385451077e-04 -3.44824592595204e-04 -1.52190270644070e-03 -1.31826000070233e-03 3.78570811006042e-05 2.16605170600974e-03 1.75470126995698e-04 9.75325166318955e-05 -2.94839488227438e-06 3.53878840486820e-03 7.27435402860133e-05 1.40080153887747e-04 1.09758754500724e-03 -1.10282077840987e-06 4.00085880896642e-05 -1.03586129234169e-03 -9.48765247830541e-06 1.58318040834358e-02 6.80115474738743e-02 2.43450709306991e-02 9.11787641718260e-04 4.78481355436913e-04 1.06028016533117e-03 1.01699983145714e-02 3.61308739791066e-03 4.33372091778303e-03 1.36312654630035e-03 -2.72141202851235e-04 -8.90917083666873e-04 -1.41362664816131e-03 2.01562273905180e-04 -1.47135760231912e-02 -6.76276130483317e-02 -2.29105930631135e-02 9.02337929731283e-04 -3.68999867549480e-04 -1.11206453063055e-03 9.69698973365219e-03 -3.79691720468275e-03 -4.27677949483609e-03 1.32605118331822e-03 2.67737648467489e-04 8.20817554473470e-04 -1.41938636387791e-03 -1.98577366728013e-04
 4.41886389740225e-04 -2.46851365215236e-04 1.70797208285420e-03 1.25957791715647e-03 2.78102890509887e-04 -6.91994859726537e-02 -2.98008482873773e-04 -2.44069643804468e-04 8.65919589790844e-01 -5.30156445406646e-04 -5.05367878717480e-04 -1.57192222617405e-01 -2.08022580639771e-04 3.37278771041800e-05 -1.66041146717076e-02 -1.54839018819564e-04 -8.35050263600515e-05 3.49293894756017e-02 4.44925976909635e-04 5.20494479285819e-03 -7.02494440763438e-04 -3.37427928927709e-04 5.38034059463366e-02 2.04134493018491e-04 -1.70084624395159e-04 -1.20799469362185e-03 1.81837880942891e-05 -1.53248604330412e-04 -6.51976043921390e-03 9.61172564338807e-05 -2.92449061331966e-05 4.78853559134507e-05 -2.48522769465326e-04 1.68702699517066e-03 -2.02206140853673e-04 1.46735634838503e-02 2.40818578002631e-05 -1.82342875826099e-04 -8.87049668115260e-03 3.64447443703116e-04 2.29633667837204e-04 -2.52696202973177e-04 2.61240114502410e-04 1.09121714616577e-05 -6.05498228038359e-03 -2.28525321657293e-05 -1.07577146331566e-05 2.01198190658168e-03 1.20489858169875e-04 -1.45302454577194e-02 1.64380214478159e-04 -6.39686791352855e-05 3.15439672134276e-04 3.83097662126818e-05 2.93389358559373e-06 3.55687188872801e-03 5.25462536772396e-06 3.13730626495547e-05 2.56911501554160e-05 3.27510114615248e-05 1.72577488459105e-01 -9.24497734038368e-01 1.15762916600463e-01 -7.15052936109579e-07 -6.93511376105218e-03 -3.72817231897011e-03 1.95230861552695e-04 8.64984488200946e-03 -7.53999931954941e-03 7.63928707435823e-05 -9.74059719527299e-04 -8.28498306595443e-04 -1.13303021947351e-05 5.85899784692875e-05 -8.71901205702513e-02 4.62882736351200e-01 -5.96127492424550e-02 5.75211606589495e-03 2.94327450444723e-03 1.94006618329808e-03 7.30927431616969e-03 2.22368807330763e-02 3.39508423733954e-03 1.56402345145461e-03 7.52468252289653e-04 4.03782540022774e-04 1.04488681331504e-03 2.80155618850364e-03 -8.73749957255893e-02 4.62173742743420e-01 -5.86514925134096e-02 -5.66096559227077e-03 3.03281948607230e-03 1.81420833841361e-03 -7.43455946569946e-03 2.20713700669584e-02 3.70145448878931e-03 -1.61436555800364e-03 8.40638019321096e-04 4.21489197395074e-04 -9.92007599866679e-04 2.73250816353270e-03 -1.71378931911134e-02 -7.77466252511782e-02 -2.62352357883136e-02 2.51447286947501e-05 1.14959362549423e-03 -1.28056403290611e-03 -1.24558751814345e-04 1.14595249630890e-02 -5.11813187757350e-03 8.73037227531786e-06 -1.51243404095771e-03 9.41350489121316e-04 3.50462288997439e-06 1.49001513474418e-03 8.23209729886548e-03 3.91160275541182e-02 1.19373554975334e-02 4.55303700416144e-04 4.45314451673923e-04 6.47203344420227e-04 3.12698488318406e-03 5.19050117603028e-03 2.51804765269545e-03 1.07016052191663e-04 -1.04892085875137e-03 -4.54329853494375e-04 -2.90785930914499e-04 1.11146220817556e-03 8.20236639899799e-03 3.89892561173897e-02 1.30836674937770e-02 -4.33417731624559e-04 4.54016990550872e-04 6.36068896054100e-04 -3.59172740644964e-03 5.22775744153597e-03 2.43797116372368e-03 -1.26719824339625e-04 -1.07051402046873e-03 -4.67362168641132e-04 3.25387444806649e-04 1.14329132775382e-03
 8.36784372648025e-03 5.96748651346209e-03 -1.65218084030863e-01 5.06834252571176e-02 -5.24677304483946e-04 5.53893151111776e-04 -8.67242884332654e-02 -1.80443134964292e-04 -5.30156445406646e-04 4.35306441278572e-01 -1.31485749819031e-03 4.99918504055395e-04 -1.13241132255973e-01 -1.27212123016301e-04 1.43625768524072e-05 2.85040727684606e-02 8.83139798587400e-05 -2.87048233896391e-05 -4.80669432050105e-04 -3.75607649620533e-04 2.19639651420451e-02 2.89170611883994e-04 6.81927639574661e-04 -2.29161486023814e-03 1.30455451097067e-04 8.83401257771718e-07 8.34959126239959e-03 1.50456955507420e-04 -6.72561601243420e-05 -1.18448134437053e-04 3.65461261143491e-03 -2.07446890382816e-04 3.45276210191835e-01 2.66903527719601e-02 9.27425005161489e-04 -4.49643022874880e-04 2.07038626765311e-02 -2.09343649625049e-06 6.24794364057872e-05 -6.24014318261749e-01 1.42868331913930e-03 -6.18975391219731e-04 2.52023337528882e-03 3.92563551169054e-05 -4.17093706544838e-05 1.32944590930818e-03 -4.47054256774875e-05 4.05135523285131e-05 -6.87934013417540e-04 -7.88155637091853e-05 2.69903193912424e-03 5.19338913474143e-04 2.25056610462034e-05 1.51718232006738e-05 -1.43360982070450e-04 -7.12041269777022e-05 -9.16306664605121e-05 -5.22133891993812e-05 -2.49456023436826e-05 2.48926834269997e-05 2.21702600166677e-02 -2.34575104031820e-01 2.84876130818749e-02 -3.52445673464030e-05 -2.92474238014917e-03 2.85516813650098e-03 3.18130452310198e-05 -8.95418883093173e-03 7.66841565814107e-03 -4.31494582935018e-05 2.10041815707151e-03 1.18935014719519e-03 8.98390407743830e-07 4.19823078784618e-04 2.05321549722913e-02 -2.34925619466180e-01 2.74086042761879e-02 -2.57485827520782e-03 1.49712244401992e-03 2.89918617695127e-03 -7.84669180695405e-03 4.79332811477184e-03 7.60053918403791e-03 4.51221374940899e-04 -1.03605781162190e-03 1.32813535341433e-03 1.87042434134724e-03 -1.69971279675357e-04 2.19314852688317e-02 -2.35010002642340e-01 2.89926497977839e-02 2.52076438719021e-03 1.42232678807021e-03 2.85821138339572e-03 7.58646041851689e-03 4.51060559006324e-03 7.57832103864853e-03 -2.84592225139127e-04 -1.01116983374786e-03 1.16658954853535e-03 -1.82659720318051e-03 -2.03302124450438e-04 1.44124062354765e-02 -9.11676131256870e-02 -1.22287817359274e-03 8.89591933574170e-05 1.53743841853361e-03 -7.63881487256886e-03 -1.14582755626288e-04 4.52543221090241e-03 -1.49503451886386e-02 -9.92731757718456e-05 2.39744265989824e-03 1.01343160121206e-03 -4.84447320197614e-05 7.79743813944452e-04 1.45027793093035e-02 -9.07914350341491e-02 -1.71595209549912e-03 -1.27449365401632e-03 -7.57103253359578e-04 -7.79190481297145e-03 -3.92482860947315e-03 -2.10449888643723e-03 -1.46956308177622e-02 -6.81514871978159e-04 -1.14137931965581e-03 1.10751962644965e-03 -2.11105870461633e-03 -3.91961119213216e-04 1.08252516424193e-02 -9.05905909722536e-02 -1.19974057621973e-03 1.46990383015146e-03 -8.19766458413260e-04 -7.70685591398296e-03 4.99322343577290e-03 -2.73735679110243e-03 -1.42518900506594e-02 7.51021685130495e-04 -1.13305778697439e-03 1.23253438403248e-03 2.06453954740758e-03 -5.13465975617812e-04
 4.68523750605514e-05 -4.93505022800375e-05 1.18827753040689e-03 2.49121071097039e-04 1.29337953483613e-02 -2.92439920281053e-04 3.74708707921731e-04 -1.57012408597030e-01 -5.05367878717480e-04 -1.31485749819031e-03 2.89432806298717e-02 3.35430952926687e-04 6.91041067286801e-04 -6.23457416081854e-03 4.69894636994775e-05 -5.75052366005922e-05 2.66380013774462e-03 -6.24740752035208e-05 -9.52803468171815e-03 8.21105520507609e-05 -2.53526183772866e-05 -9.06427113588661e-04 -1.30478174576593e-04 2.98272657379855e-05 1.14868721151450e-03 4.40479385944992e-05 -8.95466215228275e-06 7.70213537152034e-05 7.48958628107329e-06 2.66189352449664e-06 5.91477686519802e-06 -1.55874878580735e-05 -4.14398653109016e-04 -4.07412321402376e-04 -8.53022461117908e-04 -1.16855357533667e-04 -1.06910293078083e-04 -2.11700766298267e-02 7.46653341450697e-04 1.87934573013300e-03 3.12116167676302e-03 -3.08629800678557e-04 4.36652343766490e-04 -1.02907835875366e-04 1.73278945390089e-05 9.82832267742524e-06 8.03543602773210e-04 -1.72594357395129e-05 1.85206042594322e-04 -3.41453716927856e-05 -7.65154022312784e-05 2.49747433991819e-03 5.46151796464428e-05 -6.31001759038829e-06 -2.29986390183720e-05 -5.19287859430573e-06 4.02558443200523e-06 -6.37463388755655e-04 1.21313330665437e-05 9.51689842461014e-06 -5.12126864774390e-04 1.52660239611688e-03 -1.72885930254640e-04 -1.14410170887333e-03 1.35686977864368e-05 -2.88766830843420e-06 -4.77364636654534e-03 -9.48313343562674e-05 -8.81121287676751e-05 -6.75392945499137e-04 -1.73693891743570e-05 -3.75029601608859e-06 -2.84161185513572e-04 2.29151151112737e-05 -2.67636480006726e-02 1.44557817654798e-01 -1.86557623148808e-02 6.82301573572856e-04 -1.06680572001960e-03 6.06998185062036e-04 -2.30577832524843e-03 -1.41304395647060e-03 1.24258586793333e-03 -1.87298088711012e-04 -2.11029918571000e-04 1.26488660265885e-04 5.63220853051840e-05 -2.82900305861359e-04 2.70252921964687e-02 -1.43507907902948e-01 1.81472416058584e-02 6.86752014945170e-04 1.03765133015287e-03 -6.13599468328569e-04 -2.42401746622052e-03 1.36062929557765e-03 -1.30894869671361e-03 -1.79144999286092e-04 2.09863771953190e-04 -1.29673991467120e-04 6.49622497645120e-05 2.69547206137657e-04 8.17409350689894e-05 1.15623234961942e-03 -6.09667013465765e-04 -2.67764001641844e-04 -4.00036827823078e-05 1.53771868701245e-05 -1.23443458091079e-03 -7.33836500783696e-05 1.24052156822931e-05 -8.78131507934455e-05 -4.52341122399240e-06 -1.43841095103873e-05 2.11336552692811e-04 -8.20238293932450e-06 -5.27158627379680e-03 6.60589321793392e-03 -9.71171088271610e-03 1.03364889368821e-04 2.10975929332627e-04 -3.89800205763796e-04 -1.34069751182500e-03 -1.14222224920140e-05 -1.00970846914604e-03 -1.08735504664401e-04 -1.27518633368143e-05 9.69225881404878e-05 1.74366604887481e-04 -2.33091553096167e-05 5.00295481282825e-03 -6.47913663541869e-03 9.51606663756093e-03 1.07215699294128e-04 -2.19784962489987e-04 4.48238024754760e-04 -1.26584684178909e-03 7.02234875193563e-05 1.09182872932080e-03 -1.08019593744277e-04 2.22922212510522e-05 -9.12773592174402e-05 1.55975528773771e-04 2.12499981298910e-05
 -8.46534479853791e-05 3.79112058845499e-05 -1.53534233662295e-04 -2.17706535646390e-04 5.63225762365343e-05 1.28353858816493e-02 -2.58042817037553e-05 -1.44287560138446e-03 -1.57192222617405e-01 4.99918504055395e-04 3.35430952926687e-04 2.90342535673068e-02 -6.54861919995833e-05 -6.73218130415527e-05 2.68466207545307e-03 5.19506745656271e-05 4.96417114799664e-05 -6.25761367734701e-03 -1.84199209639509e-04 -9.48921729431319e-04 1.38215371644985e-04 5.65189197104988e-05 -9.66003293071734e-03 -3.18464790958435e-05 4.02850835486211e-05 1.20621861579839e-04 7.28791077663048e-06 3.27978494199254e-05 1.18090509895053e-03 -1.43654006984714e-05 3.66791958464596e-06 -8.09493704752464e-06 2.23980613039207e-04 -2.74002327781532e-04 -3.42974230636019e-05 -7.27466880192461e-04 2.30051903033310e-05 5.45347655004364e-04 -2.18295479568457e-02 -8.67051574631298e-04 -1.30321291328149e-04 3.45061426079890e-03 -1.96940132669607e-05 -1.16718840771370e-05 7.92847063946131e-04 6.24427624241982e-06 1.99620955929379e-05 -8.99796433393802e-05 -1.72501401242048e-05 2.54563230228544e-03 -2.09999574839966e-05 3.53430654795927e-05 1.06955128769609e-04 -6.83471691366215e-06 1.75622261433388e-06 -6.28150232408818e-04 -7.35335559558722e-07 -1.18013672392299e-05 -3.08513638883365e-05 -7.06924814412060e-06 -3.11890710936005e-02 1.66350144305617e-01 -2.09543892446630e-02 -1.07058960604574e-05 1.28181128765053e-03 7.08209310161370e-04 -7.95711259714586e-05 -1.54723504432175e-03 1.49268589635325e-03 -1.98242127753824e-05 1.80770986221833e-04 1.61120311178794e-04 1.74849645678699e-07 -1.90232626333355e-05 1.54696094775694e-02 -8.20008817498297e-02 1.05723160666674e-02 -1.04961279643792e-03 -5.41747817581718e-04 -3.57071364887623e-04 -1.36790501057603e-03 -4.02107627013247e-03 -6.64598133282054e-04 -2.80680560071855e-04 -1.55947535574126e-04 -7.76295586536667e-05 -1.98928804051309e-04 -5.11314417613251e-04 1.60458732039927e-02 -8.46888783238575e-02 1.07716699019915e-02 1.04404305578459e-03 -5.38275280820791e-04 -3.44436457109344e-04 1.34340558082974e-03 -3.96540861327951e-03 -7.33887504715556e-04 2.85167316684519e-04 -1.69007725978388e-04 -8.17390234317881e-05 1.89621835577387e-04 -4.92246201794220e-04 5.97000135302289e-03 -8.45718442567678e-03 1.11375582641270e-02 6.62309629828099e-07 2.47805030995085e-04 4.87878543855408e-04 2.31109807160675e-05 -1.18203335890925e-03 1.22527322204146e-03 -3.37098088967724e-06 1.44885348463206e-04 -9.53483409571780e-05 1.93595079227739e-06 -1.20579715589629e-04 -2.84637340838767e-03 3.33679806092655e-03 -5.22681820735736e-03 2.05512825945854e-04 -1.60095110554122e-04 -2.53787142066578e-04 4.29358293680775e-05 -1.20580876421111e-03 -6.34863188660510e-04 -1.18757275927728e-05 1.75479952389661e-04 5.10832636444262e-05 -1.17618856785578e-05 -8.10715016670182e-05 -2.87043039767007e-03 4.40615008790684e-03 -5.55675065594405e-03 -2.24982331416967e-04 -1.48827740025011e-04 -2.57119996460921e-04 -2.11042346100864e-05 -1.16326220029425e-03 -6.21441415347817e-04 4.25221483473771e-06 1.75137779275806e-04 4.84944665297101e-05 1.34674437352160e-05 -8.56157148141397e-05
 -4.93619012509759e-03 -9.86885842828467e-04 2.64971133609882e-02 -8.83514391114088e-03 3.06467913079698e-04 -9.39030484755244e-05 2.26879541073696e-02 -1.94109664231104e-03 -2.08022580639771e-04 -1.13241132255973e-01 6.91041067286801e-04 -6.54861919995833e-05 2.97535298158142e-02 -4.62739259337154e-05 -1.84446723739274e-06 -7.26039527573626e-03 1.84290452048058e-05 -3.29540081791483e-06 1.12196846851749e-05 9.36490503951528e-05 -5.37981265773351e-03 -9.02618261082103e-05 -1.86588613363249e-04 3.08530687945181e-04 -2.30743487691707e-05 -1.40344515445963e-06 -2.37393921501098e-03 -3.86797281043939e-05 2.06320405460301e-05 2.98346472163923e-05 -8.52538173779581e-04 6.78141669483474e-05 -8.74621190764587e-02 -7.07865813981419e-03 -3.21784930896523e-04 1.29882874585695e-04 -5.70238430238146e-03 3.64496427300003e-04 -2.03038524836019e-04 1.72130243091072e-01 -4.73211245164804e-04 1.87878538972551e-04 -1.29818764224458e-03 -1.93957085409870e-05 1.08187842563327e-05 -4.22366030961782e-04 3.09395256141922e-05 -9.15929479564328e-06 1.88449789351482e-04 2.68795867286900e-05 -9.44841500439132e-04 -1.14429123030669e-04 -4.38727776884780e-06 -1.47514353355431e-05 3.99543172624484e-05 1.82637759519912e-05 8.83974271529329e-06 5.73368767315084e-06 7.32109420130219e-06 -6.45225450420296e-06 -4.22629385130767e-03 5.38941670279200e-02 -5.54605028917337e-03 -5.56538578440119e-06 5.82651702410294e-04 -8.03828291515366e-04 -6.39002231855834e-05 2.49346440841125e-03 -1.94792086371944e-03 3.04220694185626e-06 -5.51639943457735e-04 -3.14486464245299e-04 -2.52826772491053e-06 -1.06105097784917e-04 -4.06962040490242e-03 5.53086755146122e-02 -5.43462787698048e-03 5.19842308651014e-04 -3.13874011045816e-04 -8.10773966910498e-04 2.14816743030789e-03 -1.34940722096478e-03 -1.93023162419689e-03 -1.16905229096696e-04 2.70082202611686e-04 -3.51386294638401e-04 -4.92779223888170e-04 3.71599091571937e-05 -3.76429439841861e-03 5.16206435453598e-02 -5.36917426486551e-03 -4.88485238323463e-04 -2.67691387649362e-04 -8.14019835319475e-04 -2.13385816682839e-03 -1.24514333764068e-03 -1.94906467566702e-03 6.90869575519051e-05 2.67229984375065e-04 -3.10179202857387e-04 4.82067494950178e-04 5.35039929109752e-05 -4.74439195076050e-03 2.76882920445776e-02 -1.08538541348759e-03 -2.14904710464357e-05 -5.30728059616093e-04 2.06741596385550e-03 3.66860702883017e-05 -1.27953324587271e-03 4.12564128316894e-03 2.20965662193921e-05 -6.41855852619181e-04 -2.96947961000917e-04 1.49977677049150e-05 -2.37355538989348e-04 -4.84902689464402e-03 2.73741627185039e-02 -1.04165623279748e-03 4.41772793433970e-04 2.57194536846937e-04 2.10520949810823e-03 1.07705095736970e-03 5.67233108672433e-04 4.05252423829824e-03 2.00428012869552e-04 3.07495258373154e-04 -3.19271256547310e-04 5.69079307128212e-04 1.18696468023051e-04 -3.80719627911167e-03 2.81943800484053e-02 -1.19904461894598e-03 -5.08457983240484e-04 2.85142872027243e-04 2.08055894845697e-03 -1.43970484268407e-03 7.89492599608488e-04 3.93720865203964e-03 -2.31320872108810e-04 3.01499604412745e-04 -3.59832813237339e-04 -5.47399918994526e-04 1.53271629893519e-04
 -1.18440913501686e-05 6.06920491911687e-06 -1.34758544973801e-04 -1.05606107491763e-04 -2.78056629896553e-03 7.11855016502900e-05 7.13641660949238e-06 3.48128712715318e-02 3.37278771041800e-05 -1.27212123016301e-04 -6.23457416081854e-03 -6.73218130415527e-05 -4.62739259337154e-05 1.41224398481773e-03 -7.31607678919078e-06 -1.39956100935301e-05 -7.13687102887974e-04 1.13375012630652e-05 2.14776126731852e-03 -1.97201206963617e-05 -9.47360654523827e-06 1.95558504754115e-04 2.21639587481677e-05 -5.80534019278459e-06 -2.54541698879480e-04 -9.18508664039459e-06 -5.46942966264331e-06 -5.58166870568662e-05 -1.29162653702189e-06 -1.30602761205759e-06 -8.38546610737771e-06 4.24292692293886e-06 -2.04453105403366e-04 4.97663788684039e-05 9.14731491605966e-04 1.39964230046706e-05 1.56630596381156e-06 -4.11578562521510e-03 -2.94495218879115e-05 2.12667184015040e-04 5.97245283430345e-04 5.40913079268528e-05 -1.01931330379222e-04 1.25789039458704e-04 -1.23053463394228e-06 -3.48055532416492e-06 -2.92431896751590e-04 1.72946034494537e-06 2.09512419505149e-05 9.69482273682496e-06 9.75513858749564e-06 -5.93273822491770e-04 -1.19613299683786e-05 5.87609973348193e-07 -4.41448685418506e-06 6.70182210623758e-07 -9.67735695513485e-07 1.47406419785710e-04 -2.27618879660613e-06 -2.08479999394231e-06 8.33560710790256e-05 -3.50524030618634e-05 5.89214138162610e-06 2.52275244421863e-04 -1.28329834404048e-07 -1.97614905066485e-06 1.06399097798050e-03 3.15992350824485e-05 1.28718194034855e-05 1.51190114708467e-04 2.11255790582084e-06 -3.65499493963840e-07 5.40498925517132e-05 -5.65559485778148e-06 5.96490184093520e-03 -3.23376584902692e-02 4.14203559566178e-03 -1.43602479860508e-04 2.30612526920576e-04 -1.28190838841106e-04 5.26061504038242e-04 3.06440981138391e-04 -2.45566111114019e-04 3.95412101801213e-05 4.39345003686776e-05 -2.52268228920530e-05 -1.57927006278718e-05 6.48051443735338e-05 -6.03556124768993e-03 3.24300524221419e-02 -4.05981806285955e-03 -1.48157019150323e-04 -2.27456372023496e-04 1.23769297066826e-04 5.39768280181316e-04 -3.07291874857899e-04 2.47484130424262e-04 3.81671939946414e-05 -4.17758704890159e-05 2.42476090130241e-05 -1.39906140739467e-05 -6.18757144760001e-05 -5.29451997225226e-05 -1.13215685348024e-05 9.91423572111761e-05 -3.17113613750228e-05 4.54659045836928e-06 3.10178408531157e-06 4.47778479277729e-05 3.05991443868149e-06 1.20067280318918e-05 6.24027443386403e-05 -1.62184602734898e-06 1.25694539283308e-06 -3.77676215900871e-05 -5.86205979603627e-07 2.47505809200649e-04 5.84970719634702e-03 1.07707431444070e-04 8.12008311646909e-05 6.70593609859055e-05 8.99569007629856e-06 4.92769675691897e-04 2.48781433168005e-04 1.36212493451831e-04 7.73116671783020e-05 -2.14633153223011e-05 -4.64389603649895e-05 -7.08692378433713e-05 1.09565132838028e-05 -2.01881591769301e-04 -5.79575405523646e-03 -3.92104281206372e-05 8.04089962142494e-05 -6.30812829943336e-05 -5.32459738229128e-06 4.69387170881174e-04 -2.56373027167033e-04 -1.21217064141343e-04 7.52988173155625e-05 2.20661753312583e-05 4.24671985878542e-05 -7.31432051421093e-05 -9.74600282276214e-06
 -2.64585949862827e-06 5.18566300376978e-07 1.15005402887597e-04 -8.91212427141133e-05 1.21483575636037e-05 1.14218619655510e-03 2.17405526243159e-06 -1.51244884326086e-04 -1.66041146717076e-02 1.43625768524072e-05 4.69894636994775e-05 2.68466207545307e-03 -1.84446723739274e-06 -7.31607678919078e-06 5.38000072890129e-04 1.86655230842919e-06 5.57112187925519e-06 -7.25578688688423e-04 -1.18130536992477e-05 -9.65795455265241e-05 1.28566722564282e-05 3.58498877266880e-06 -1.10339228633952e-03 -2.52739536768646e-06 5.52847065638015e-06 8.91740149234191e-05 2.23630181176853e-06 2.67892049209865e-06 1.26760964824248e-04 -3.87931240131107e-06 -9.83431680131373e-07 -1.55872635847432e-06 1.67990878717659e-05 -2.79647422321095e-05 2.15239047301363e-06 -1.57097657773133e-03 1.73642180924815e-06 3.84201435983068e-05 1.57729959113784e-02 -8.89286362452881e-05 1.64891633579873e-06 -2.26372770445486e-03 -4.23059939905164e-06 -6.75814160303143e-07 3.20000656699248e-04 1.75674096398177e-06 9.14475182431389e-07 -2.21819284824004e-04 -8.42109180227086e-06 3.39462041639452e-04 -2.31152096624136e-06 6.64185286570330e-06 -1.14960961846152e-04 -4.47834307086705e-07 -1.31037163386739e-06 -7.99548668480767e-05 1.99526691306441e-07 -1.59730092616786e-06 1.69729596115603e-05 2.02023949871620e-07 -3.42482962631406e-03 1.87238100623709e-02 -2.28293252777279e-03 -1.05174072346356e-06 1.19796917435801e-04 5.37259862305567e-05 -9.63255068341096e-06 -1.91218817242472e-04 6.55541442688969e-05 -2.55209367927722e-06 1.74179438383853e-05 9.60852563015381e-06 -7.77900304433506e-08 4.83034448134674e-06 1.69219241985572e-03 -9.13372812949222e-03 1.14838769377049e-03 -1.00402565511708e-04 -5.99270659932288e-05 -2.68571643049266e-05 -1.38020423514731e-04 -4.42358192326620e-04 -2.18271025148288e-05 -3.32160933380331e-05 -3.61716450918193e-06 -3.17769907139354e-06 -1.19940422549732e-05 -5.41306345620094e-05 1.73263241321445e-03 -9.40140723313778e-03 1.15292728413400e-03 1.00577403427679e-04 -5.99929306449985e-05 -2.54567744767867e-05 1.36020940731479e-04 -4.36138234122258e-04 -3.29160423398681e-05 3.49160952197144e-05 -4.61513900464363e-06 -4.48486150433494e-06 1.18940460281249e-05 -5.28998433943323e-05 -1.53717294014000e-03 1.63508962646246e-02 -3.70632437819533e-03 -3.46890115462925e-07 -3.21681963614589e-04 -1.51865475251691e-04 6.62518633534232e-06 -8.11932633679148e-04 -1.13649515639279e-04 -2.27140974454692e-06 1.17224381830170e-04 -6.69399714338653e-05 -8.19296768228119e-07 -1.26960463204863e-04 7.94907237028764e-04 -8.25170815614918e-03 1.89787315758995e-03 -2.09766634719782e-04 3.67707504033141e-05 7.39473121673423e-05 -4.92701028374050e-04 5.85668854654124e-05 5.41839975231695e-05 -1.21843350647284e-05 3.05834271700790e-05 3.32792509980242e-05 5.02068723142643e-05 -1.02837431243038e-04 7.75933679539955e-04 -8.16524516783508e-03 1.84918066451861e-03 2.08850979532069e-04 3.84354116076043e-05 7.35835228300534e-05 5.02233811326414e-04 5.41079767053282e-05 5.97465808724115e-05 1.22395772575867e-05 3.10171184760014e-05 3.27380067818839e-05 -4.95474955196717e-05 -1.03401385097347e-04
 -3.85867631355997e-03 6.54952236854590e-04 -1.89920967255856e-02 5.47434875420658e-03 -1.50588557129202e-05 5.87871792697167e-05 -5.56630763596860e-03 -1.74601664935478e-04 -1.54839018819564e-04 2.85040727684606e-02 -5.75052366005922e-05 5.19506745656271e-05 -7.26039527573626e-03 -1.39956100935301e-05 1.86655230842919e-06 1.95485182772120e-03 7.89769488081278e-06 -5.04902239460551e-06 -3.68089191476285e-05 -2.65521852830238e-05 1.62610543993737e-03 1.64300377265402e-05 4.37978426119400e-05 -2.96783383847324e-04 8.08048401581175e-06 -4.35991427830668e-07 4.43953436536597e-04 8.22455368250978e-06 -3.22770735896639e-06 -8.29406468835619e-06 -3.27610681925454e-05 -2.11063147931288e-05 2.53454276648639e-02 1.32238965409886e-03 5.20969407385145e-05 -2.82413030114018e-05 1.16241965716609e-03 -3.08824343305751e-05 -7.84832747435663e-06 -3.55032509384767e-02 7.32232287088485e-05 -3.84559703304856e-05 -1.66326991147917e-04 2.36381071989207e-06 -2.16635759134477e-06 4.29605296786235e-05 -1.72678246257502e-06 2.57218557212369e-06 -3.92862957311269e-05 -1.93125578449019e-06 5.68876515861924e-05 2.95868563132168e-05 1.07723023719925e-06 -8.71831883699856e-06 -8.20481801239746e-06 -4.65523143091588e-06 -1.98990431104190e-05 -3.84992297177459e-06 -1.25209703512364e-06 1.69839898850892e-06 2.25357381116357e-03 -1.89372881929785e-02 2.80912835805037e-03 -3.66911235999416e-06 -2.80926800149991e-04 1.56320079835091e-04 -3.42650105143239e-07 -4.89026133568109e-04 5.26288464084318e-04 -3.33310214943044e-06 1.34918625597539e-04 7.49867874048872e-05 7.49366265416687e-08 2.80277431489863e-05 2.13610327160715e-03 -1.89993987267049e-02 2.74301695546216e-03 -2.46429610821142e-04 1.41346101938664e-04 1.59062324470745e-04 -4.35449583902497e-04 2.64495262428896e-04 5.17287718649007e-04 3.00328169684923e-05 -6.64504569623133e-05 8.32674282660858e-05 1.19087545525422e-04 -1.24552212436362e-05 2.27567488984325e-03 -1.93017893117701e-02 2.88886244124867e-03 2.44731160107182e-04 1.38994983958776e-04 1.55181787181083e-04 4.16956158060840e-04 2.46519834883501e-04 5.14167026791690e-04 -1.95159131541572e-05 -6.48771146295837e-05 7.33567872758457e-05 -1.16543265804769e-04 -1.39174971793572e-05 2.67820363576637e-04 -3.15951802535805e-03 -1.07406746171329e-03 4.69028905697465e-06 1.12374504298659e-05 -4.65294071786859e-04 -5.61907346484852e-06 2.13559047915669e-04 -8.65680339726328e-04 -6.38458459683373e-06 1.50286211811776e-04 4.61637259663490e-05 -2.83911487659797e-06 2.86569633502627e-05 2.44564858226828e-04 -3.11961810672381e-03 -1.13980894642706e-03 -6.38549421572806e-06 -4.81262387572529e-06 -4.75898553372938e-04 -1.91246381277617e-04 -1.02923291789573e-04 -8.48683987147241e-04 -2.65370655143256e-05 -7.14287157893961e-05 5.22966224291828e-05 -1.32055607037252e-04 -1.50155477663607e-05 5.95587930816289e-05 -3.13707397710114e-03 -1.06816074885418e-03 1.78035034015264e-05 -9.05310845243791e-06 -4.69682648349510e-04 2.47033343438787e-04 -1.33881439168192e-04 -8.22708559178280e-04 2.95966386827773e-05 -7.09950877300712e-05 5.91122571777104e-05 1.29330521193744e-04 -2.20379642049136e-05
 1.69231903604063e-05 -2.76450912325716e-06 7.37313015438130e-05 6.26893605832927e-05 1.17908681789848e-03 -3.18180964186734e-05 -1.82967546586100e-05 -1.64495644143671e-02 -8.35050263600515e-05 8.83139798587400e-05 2.66380013774462e-03 4.96417114799664e-05 1.84290452048058e-05 -7.13687102887974e-04 5.57112187925519e-06 7.89769488081278e-06 5.28620643124477e-04 -9.91097369000383e-06 -1.06893982607629e-03 1.11219740183588e-05 -2.19099004939821e-06 -8.43427404386117e-05 -1.37856013366999e-05 4.24071322306966e-06 1.19913106421624e-04 4.69129480170316e-06 1.81258921125443e-06 8.64542001760213e-05 1.59505012920180e-06 1.84460347512252e-06 1.72625846227707e-06 -3.64131303891628e-06 1.43974308698593e-04 -1.55549624921834e-05 -1.56246887531943e-03 -1.01257506136313e-05 1.68512333132038e-06 1.56520778635016e-02 3.99002305572519e-05 -1.42548466652027e-04 -2.29030132003683e-03 -3.66208164989594e-05 5.04668217868924e-05 -2.19710393445783e-04 9.85755786682358e-07 1.34979808709942e-06 3.16035009050396e-04 -8.21941725544691e-07 -1.05506579903256e-04 -3.64433975294880e-06 2.13674332469785e-06 3.41119425010747e-04 3.65690297965646e-06 7.00853077587351e-07 1.70834049902421e-05 -4.23281321192628e-07 3.79342528676654e-07 -7.90338906860091e-05 7.24564608577188e-07 9.19999406974951e-07 -6.08161781771125e-05 8.52299347375512e-05 -1.59413370766926e-05 -1.16983466161067e-04 7.65918059617487e-07 1.35211039908908e-06 -5.11531891947355e-04 -2.04848525272813e-05 -6.28314668830799e-06 -7.36440508965265e-05 -1.15783209581002e-06 4.10878151074540e-07 -1.16061282876350e-05 3.05627693982784e-06 -2.87323813314352e-03 1.59410514456067e-02 -1.98827004172182e-03 5.81940908043521e-05 -1.02425660513855e-04 4.60819179572238e-05 -2.61661724318218e-04 -1.46243437958470e-04 5.83780313789690e-05 -1.66144886019713e-05 -1.48036687275242e-05 5.60097714701057e-06 9.76572698407851e-06 -3.42412694885328e-05 2.91074805755889e-03 -1.60594027803908e-02 1.94976963880894e-03 6.13985946853180e-05 1.00830263453769e-04 -4.38353045647212e-05 -2.68235882807008e-04 1.42239706902470e-04 -6.15946067083775e-05 -1.48062690600788e-05 1.38020271072902e-05 -6.16564006620733e-06 8.74192400978334e-06 3.21945818905690e-05 2.33841783815223e-05 4.21511645424368e-05 -6.33216894099336e-05 1.56559236041887e-04 -3.78904413436642e-06 -3.05939385074944e-06 3.35310415601577e-04 -4.32271669293975e-07 -8.86451937069410e-06 -9.61750026318216e-05 3.12346617395853e-06 -2.12400442610400e-07 3.75479423700029e-06 7.76947596730419e-07 1.29755746303560e-03 -1.40904369059880e-02 3.14735296767355e-03 -2.00479740830697e-04 -2.06441049501144e-04 1.28528703093079e-04 -5.37245348334448e-04 -4.95638568823625e-04 9.45265576973335e-05 -1.18243116511010e-04 4.99322369415536e-05 5.94171522857202e-05 8.73204053228644e-05 -1.49465761901385e-05 -1.33021686701824e-03 1.40458543731125e-02 -3.18914969690994e-03 -2.00271186300630e-04 2.06255573000798e-04 -1.31657584440778e-04 -5.16624971268628e-04 5.01726738873083e-04 -1.08864276980447e-04 -1.16640914798002e-04 -5.04541355485381e-05 -5.61893984769504e-05 9.09031189202968e-05 1.18494924729444e-05
 -3.28319288217587e-05 -4.35822264769031e-06 -1.04563589444655e-04 1.02044688986959e-04 -7.57677850069536e-06 -2.74383565167474e-03 -8.56726415702667e-06 2.24400893617204e-04 3.49293894756017e-02 -2.87048233896391e-05 -6.24740752035208e-05 -6.25761367734701e-03 -3.29540081791483e-06 1.13375012630652e-05 -7.25578688688423e-04 -5.04902239460551e-06 -9.91097369000383e-06 1.42323889905322e-03 3.13082922709215e-05 2.08988149151482e-04 -2.55593306427227e-05 -1.18854559692526e-05 2.18871892949739e-03 5.44161334335158e-06 -8.88802176891806e-06 -6.55457623107818e-05 -1.73972125253273e-06 -6.93910218157225e-06 -2.63440904253477e-04 4.36960997419660e-06 -1.30892228921324e-06 2.20959899962932e-06 5.42472547103998e-06 6.45500180617885e-05 6.29466125581198e-06 9.19341304001246e-04 -2.58141717925544e-06 -1.49053519910566e-04 -4.31828115470638e-03 1.27286676845951e-04 2.67339079398442e-05 5.65995048262295e-04 4.33526345025749e-06 2.54170430369644e-06 -2.95999933385118e-04 -1.94452655135324e-06 -3.66565479986582e-06 1.27674021987497e-04 7.39753797443643e-06 -6.01484581402867e-04 4.38979901233409e-06 -7.87997441239718e-06 4.03109577490757e-05 1.36784719650976e-06 3.12491873327794e-07 1.46470329161106e-04 -1.32901632456704e-08 2.42345410666360e-06 -3.39869821387628e-06 1.09867708705022e-06 7.00458235223095e-03 -3.76044836606642e-02 4.70131820191927e-03 1.63201489629757e-06 -2.77875944337570e-04 -1.46446917378572e-04 1.54327597444447e-05 3.57188943723296e-04 -2.83716936578294e-04 4.22481471444905e-06 -3.90252484521629e-05 -3.18923781538737e-05 -1.86127093265417e-07 8.28538007373971e-07 -3.47529974428246e-03 1.84914057606940e-02 -2.36692434212175e-03 2.27519947313089e-04 1.21576324370306e-04 7.44731518255009e-05 2.98690768651561e-04 9.02001569974764e-04 1.25278061855315e-04 6.41267208529851e-05 2.78454897625470e-05 1.49612627866545e-05 3.99257983682097e-05 1.13489735300543e-04 -3.56029702089446e-03 1.89075767205664e-02 -2.38029340538981e-03 -2.25808814078580e-04 1.22320318727388e-04 7.08307236706492e-05 -2.96390301160676e-04 8.91099601784068e-04 1.40831308239463e-04 -6.59545398206440e-05 3.08331944725401e-05 1.61225488738912e-05 -3.82352633820785e-05 1.09970098886708e-04 -2.27196821697929e-04 -6.87043252392912e-03 -2.11446462940581e-06 -3.45088106171116e-07 1.21261634182995e-04 -6.12427685367753e-06 -8.65219667099601e-06 6.11535917250928e-04 -1.50514414844985e-04 1.77408560921745e-06 -8.35955240439448e-05 5.00825452217027e-05 2.37292353362178e-07 8.47523629130424e-05 7.08523017217805e-05 3.64277297222136e-03 -9.63740496731421e-05 7.21652678948299e-05 8.83326159361720e-06 3.90842573649919e-06 2.41977611539974e-04 1.74082057834393e-04 7.71860240930834e-05 8.22962299814691e-06 -4.53248992841459e-05 -2.54285174184923e-05 -2.37350971930239e-05 6.58157132319725e-05 9.56137058262268e-05 3.36982998084667e-03 7.37831734566033e-06 -6.76858566636318e-05 5.18663043835277e-06 5.65657488315004e-06 -2.50913999163273e-04 1.67819305456226e-04 7.39983329089848e-05 -6.80751730123756e-06 -4.53227952140201e-05 -2.46873308292145e-05 2.31101032032193e-05 6.68510493548055e-05
 -3.63930625835736e-05 2.09727402491137e-05 -5.42568917700166e-04 -7.69783408911852e-05 -4.24958364498095e-03 7.11600057885938e-05 6.68342461312395e-05 5.30525636956280e-02 4.44925976909635e-04 -4.80669432050105e-04 -9.52803468171815e-03 -1.84199209639509e-04 1.12196846851749e-05 2.14776126731852e-03 -1.18130536992477e-05 -3.68089191476285e-05 -1.06893982607629e-03 3.13082922709215e-05 3.26874606958858e-03 -2.72353862337259e-05 -2.26665022213354e-05 2.98244740193171e-04 5.59030846175775e-05 -1.47989234948665e-05 -3.88182231788242e-04 -1.24899965571639e-05 -1.91453094284484e-05 -7.94416709462533e-05 -4.77623844975642e-06 -1.83560591217652e-06 -2.04009437395074e-05 8.47593259416048e-06 -6.59675806475397e-04 9.72257015388605e-05 1.28191361500999e-03 -1.22329788146649e-05 -1.51736133399950e-05 -4.92637981355884e-03 4.41651975394961e-04 9.35781425468548e-04 7.11290797175753e-04 1.07955252984011e-05 -1.72559032050157e-04 1.75928753560071e-04 1.78688183289556e-06 -7.54883329908749e-06 -4.28163578508265e-04 -2.19939619048282e-06 2.32009531733548e-05 1.01305284909158e-05 7.47616605571561e-06 -8.98782361268306e-04 -2.16763827602695e-05 1.28536393173365e-06 -5.14982723913896e-06 2.36261129448472e-06 -1.07119947571349e-06 2.23784269725467e-04 -2.89520027137880e-06 -3.17294935446408e-06 2.29299210192413e-04 -4.91665326089198e-04 9.18261456324595e-05 3.84684680711258e-04 -6.72789731849990e-06 -8.86257693107770e-06 1.62077354905888e-03 6.07811967972892e-05 9.92477674425173e-06 2.30253664520702e-04 1.24362738751227e-06 -2.04521796448098e-06 8.37472059346872e-05 -8.55249000356890e-06 9.07459913551806e-03 -4.90634590258839e-02 6.31567862252010e-03 -2.19371775716880e-04 3.54815856020683e-04 -1.99219377822526e-04 8.12478129689793e-04 4.71657052773722e-04 -3.80869642884101e-04 6.08896020768138e-05 6.89707154799059e-05 -3.98049987303696e-05 -2.44618636029255e-05 9.97383290744891e-05 -9.20432303528526e-03 4.95013080457027e-02 -6.17806402681933e-03 -2.26927522760454e-04 -3.44449514820845e-04 1.87588325272362e-04 8.09591388743232e-04 -4.63744038184384e-04 3.81733180443798e-04 5.79452685880891e-05 -6.28112253440225e-05 3.68758707505143e-05 -2.04994035275384e-05 -9.26904611610866e-05 -1.63360794729775e-04 4.95094320253739e-04 2.77441725466044e-07 -3.45143864000562e-05 -3.95763817512943e-06 6.07113552341952e-06 1.03505632739522e-04 -1.08943825251372e-05 2.53415813108294e-05 8.85831965938377e-05 -2.44263671633193e-06 -3.19381465632890e-07 -5.89151815838562e-05 -4.12814537648616e-06 5.32552478381536e-04 7.66647692732914e-03 5.44512535173374e-04 1.03302789841415e-04 8.75978915017065e-05 3.74940424209756e-05 7.10915604451975e-04 3.50198277006740e-04 2.43887833726875e-04 1.10263469720127e-04 -2.78635686880895e-05 -6.77994530160705e-05 -9.94636025483316e-05 1.41370416010295e-05 -4.27055025875621e-04 -7.85831265597413e-03 -3.07954336528573e-04 1.10938303595257e-04 -7.61570042700412e-05 -1.06369823420908e-05 6.95098190292735e-04 -3.44350339480911e-04 -1.80898596660306e-04 1.06226750500882e-04 3.06018587469577e-05 6.03120452175319e-05 -1.09097727364135e-04 -1.56153687467062e-05
 -6.18222650758186e-06 -1.51380315569017e-05 3.92450971695294e-04 -9.54136161664205e-05 3.91917397385816e-05 -4.20290633686543e-04 7.47972535627550e-05 -4.83510020356172e-04 5.20494479285819e-03 -3.75607649620533e-04 8.21105520507609e-05 -9.48921729431319e-04 9.36490503951528e-05 -1.97201206963617e-05 -9.65795455265241e-05 -2.65521852830238e-05 1.11219740183588e-05 2.08988149151482e-04 -2.72353862337259e-05 3.20244120639326e-05 -2.56665843834117e-05 -4.82976047288553e-06 3.21383209706880e-04 7.27160075158736e-06 2.46733675278850e-06 -6.18979483397959e-06 -4.42160083925642e-06 3.19734901270026e-07 -3.90829136981351e-05 6.90133433908130e-07 -1.02614070847039e-05 -1.93993716373708e-06 -9.20255841833324e-05 -6.29382867395722e-05 -2.48703235624967e-05 7.01955097153102e-05 -1.88490365058254e-05 1.83484776165419e-04 1.67328190448811e-04 4.78289873901751e-04 -2.61174915006072e-05 -3.39365170582990e-05 7.62596030926586e-06 -3.18684253360881e-06 -3.34827466767044e-05 -1.06412586647319e-06 5.66037883595141e-06 9.45806961746612e-06 -1.29061296286985e-07 -8.65316954264888e-05 1.66631810856340e-06 8.14918053698656e-06 4.46173681453326e-07 -3.48921088668657e-07 3.08047011797734e-07 2.12517487831027e-05 -6.02762711811667e-07 -1.92268355835563e-06 4.27204589074974e-07 2.31144684823995e-07 9.93783944455404e-04 -5.23458041990689e-03 6.44085268803839e-04 -3.44192222417131e-06 -3.68202610184007e-05 -2.42039579688119e-05 -1.37673985937110e-05 5.70997475879789e-05 -5.41009729968300e-05 -1.63236705875903e-06 -7.73559084793687e-06 -6.01392739301099e-06 -6.98932856837046e-07 1.06328803728979e-07 -6.45662663009193e-04 3.53931168850684e-03 -4.65451948853305e-04 4.10025966847613e-05 1.19783586576456e-05 1.18319453399924e-05 4.18557527774262e-05 1.25904724861414e-04 1.65260977490555e-05 8.39134223263641e-06 5.02487568155877e-06 1.73075980145508e-06 5.02161796680589e-06 1.60901416215234e-05 -4.80529972168640e-04 2.62510792059547e-03 -3.47179331204233e-04 -3.65343775103402e-05 1.87899260497580e-05 7.89110305545355e-06 -5.75674584404506e-05 1.33659426196940e-04 1.25273248239419e-05 -9.84130014082269e-06 6.63035749151477e-06 1.35949116995700e-06 -4.26259607494354e-06 1.75056118785644e-05 -1.53629622679136e-04 -1.19045802990065e-04 -2.39435011248988e-04 1.84439667380451e-06 -3.52666442520384e-07 -5.27590649097792e-06 2.07362525251177e-06 5.37423930977005e-05 -2.44069595961370e-05 -1.38529594062168e-06 -9.38266042073463e-06 4.03752723807245e-06 4.26380501714872e-07 6.66097524657291e-06 4.79443080010364e-05 8.14697162515264e-05 1.09801938565665e-04 -1.74884149115568e-07 2.24215467702363e-06 1.12902856903287e-05 9.06675783327383e-06 2.98945611244039e-05 2.54286587856471e-05 -4.96233382478815e-07 -4.76382510477463e-06 -2.38213794142476e-06 1.74188555340096e-06 5.75527750827321e-06 2.94060538471719e-05 4.52653081078782e-04 5.79188360417283e-05 -5.06923339304658e-06 7.43053292643611e-06 8.87335538389741e-06 -3.12610358045325e-05 4.43573221205611e-05 2.53415650685832e-05 -3.28222488717710e-06 -6.21939417229025e-06 -4.47132426136437e-06 1.51253644985717e-06 6.48727735450383e-06
 -5.88547500077107e-03 8.85048639243201e-04 -2.59048291775974e-02 7.21353705090584e-03 5.18160997470425e-06 1.08694978042113e-04 -4.13971146091522e-03 -1.77806448814629e-04 -7.02494440763438e-04 2.19639651420451e-02 -2.53526183772866e-05 1.38215371644985e-04 -5.37981265773351e-03 -9.47360654523827e-06 1.28566722564282e-05 1.62610543993737e-03 -2.19099004939821e-06 -2.55593306427227e-05 -2.26665022213354e-05 -2.56665843834117e-05 1.51455702855325e-03 1.02165116969169e-05 6.16527606189560e-06 -4.28490189137902e-04 4.31072948897326e-06 3.47132152205539e-08 1.99409709367812e-04 1.50268229289123e-06 2.35730990115770e-06 -7.32092911938912e-06 -8.34529347285206e-04 -3.96076043887563e-05 2.45455990197355e-02 1.82852540458280e-04 7.79749648195333e-05 -3.96356249210739e-05 5.99005220865282e-04 -6.30822819966495e-04 1.37566558134802e-04 -1.94626651673510e-02 1.10082966893629e-04 -4.89975986968002e-05 -6.06031764041099e-04 8.55851670590010e-06 4.00950300464416e-06 -3.29274897697364e-05 -8.20970338780297e-06 -9.03958825698361e-07 -1.85336249829067e-05 1.07911480786835e-05 -1.27170271535109e-04 1.09614043498245e-05 -1.20314246303549e-06 -2.44366710678106e-05 -5.21898393649969e-06 -5.40537718424369e-06 -3.92790520350872e-05 -2.50047225669513e-06 -3.15390844575038e-07 1.46543430448572e-06 2.74604583607374e-03 -1.90921748307256e-02 3.40916977397061e-03 -3.48024354080603e-06 -3.36646268490935e-04 7.96634308577733e-05 2.21864703271973e-06 -2.56136699216975e-04 4.36865090385737e-04 -2.39753012412288e-06 9.95436584596841e-05 5.44234584597713e-05 -1.87035534566822e-07 2.33139212098499e-05 2.80009629713708e-03 -2.00727798391697e-02 3.47293977982961e-03 -3.00296906501166e-04 1.68137592996264e-04 7.90364474754384e-05 -2.36150373191704e-04 1.31401233422048e-04 4.20174016550238e-04 2.40063014259489e-05 -4.88509419015173e-05 5.93341843756955e-05 8.52815385562517e-05 -1.28151710860489e-05 2.90796634639501e-03 -2.03227675242135e-02 3.59781460334067e-03 3.00759359469734e-04 1.67949477157455e-04 7.46308726292244e-05 2.26076636046530e-04 1.14837844320068e-04 4.13578873828768e-04 -1.61583369221419e-05 -4.78163260959667e-05 5.23694521205766e-05 -8.42051063685990e-05 -1.38044879837982e-05 -8.91185824212793e-04 2.27265771195849e-03 -2.45893466989885e-03 -3.78252626364365e-06 -1.37243686769382e-04 -3.13372639224747e-04 -1.52128002125564e-05 1.63175325112151e-05 -5.07317329754537e-04 -1.84132957724018e-06 1.09023576870901e-04 3.97927164984877e-06 -1.42670121442847e-06 -1.49765074309794e-05 -9.88451698493279e-04 2.52400731403659e-03 -2.63831802296714e-03 1.22526243851036e-04 7.50727811049896e-05 -3.26000608567279e-04 -2.83444614337450e-05 -4.62938491082027e-06 -5.00079092660608e-04 1.17731424056312e-05 -5.21035638550166e-05 8.39653732274624e-06 -9.60193307224646e-05 4.36294874718784e-06 -9.42654371010128e-04 1.51094993476274e-03 -2.27875622427811e-03 -1.02013925808089e-04 5.70949420887308e-05 -3.09808590508941e-04 8.06587423790794e-05 -4.64867728313353e-05 -4.72639204320296e-04 -4.30714594578245e-06 -4.84425931716865e-05 1.50521719664351e-05 8.91461748350503e-05 -4.62767750864026e-07
 -5.30153623256227e-05 -7.42478991970998e-06 2.10997983588540e-04 -6.65376917794144e-05 -4.05681389084647e-04 3.88501124964627e-05 -5.67340817936910e-05 4.92264916376673e-03 -3.37427928927709e-04 2.89170611883994e-04 -9.06427113588661e-04 5.65189197104988e-05 -9.02618261082103e-05 1.95558504754115e-04 3.58498877266880e-06 1.64300377265402e-05 -8.43427404386117e-05 -1.18854559692526e-05 2.98244740193171e-04 -4.82976047288553e-06 1.02165116969169e-05 2.88644202018861e-05 -1.70621028934739e-05 3.36395468634043e-06 -3.57811563699218e-05 -1.40040124925065e-06 8.67837284407693e-06 -2.49154730107759e-06 2.37164689652713e-06 -1.65727738604795e-07 -8.85685692692668e-06 -3.26575155349336e-06 5.33441999502781e-04 -5.14525369412020e-05 3.33209389773592e-05 7.80461455500934e-06 1.26717832007263e-05 5.96076838180747e-04 -1.45038661338313e-04 -4.86758603441236e-04 -8.65376854615254e-05 2.75107522369276e-05 -2.66509964895593e-06 4.05073203556529e-06 2.42501932908157e-07 5.65269285447474e-07 -2.60967007506714e-05 1.22241966741051e-06 -5.99685411219930e-06 6.49343257342709e-06 8.29443643985849e-06 -7.80711334804022e-05 -1.00959237532932e-06 -7.27465250110841e-07 5.53735993633737e-07 -1.25809709154084e-06 -1.36133488583797e-06 1.99575195082679e-05 -5.78393175958291e-07 -2.78992112069049e-07 -7.17990145643507e-05 3.42423986687998e-04 -6.30654452505870e-05 3.58456453178076e-05 4.52468564855448e-06 4.66720816389446e-06 1.49537878825988e-04 -7.72987616389153e-06 9.57597886316773e-06 2.11204271298251e-05 2.11219238341010e-06 1.28061478849228e-06 8.83104470604929e-06 -6.41788584088014e-07 8.55497344086655e-04 -4.69986719850800e-03 5.86827455595654e-04 -2.20635317239270e-05 3.12535400025067e-05 -1.68882721598849e-05 6.29120719241589e-05 3.91438667405072e-05 -3.72247925984739e-05 5.41737459266725e-06 5.61390282855223e-06 -3.24923730924930e-06 -1.20813886128271e-06 7.70733876912090e-06 -8.29833662017654e-04 4.33854409870888e-03 -5.66909812142545e-04 -2.08511281514081e-05 -3.47473044198934e-05 2.12604329839962e-05 8.51356559499280e-05 -4.78855591817501e-05 4.20420610803327e-05 6.16395636255669e-06 -7.52335970648583e-06 4.58962047644702e-06 -2.59740265886060e-06 -9.63808208309915e-06 6.19375676363147e-06 -7.49374410332915e-05 2.61329772368613e-05 7.75928615317083e-06 1.27327442795919e-06 -5.29468533955713e-06 3.68569380122652e-05 2.38932715384875e-07 -9.98594454231436e-06 3.01569179879543e-06 2.14323985234586e-06 9.04900851666545e-07 -6.60202524981279e-06 4.30430540396507e-07 1.34661053464594e-04 -5.79719445503422e-05 2.29284368622763e-04 7.33031936728334e-07 -5.32603293381936e-06 3.72209179564518e-06 4.77508338271377e-05 2.16216714877014e-07 1.56532865532636e-05 3.88393842810271e-06 -4.89252339201709e-07 -2.71213013189406e-06 -7.83221672328033e-06 9.83844541050331e-07 -1.76904043281326e-04 2.40731612489798e-04 -3.42604661149722e-04 -5.57575439405996e-06 6.39862549211876e-06 -2.11571717819793e-05 3.81847361268700e-05 -6.79610658969701e-06 -4.80890359626540e-05 3.78746817303215e-06 -1.14762999942500e-06 3.65458921886412e-06 -3.14717553858095e-06 -5.88972785768121e-07
 -2.93519213591370e-05 1.88604756873976e-05 -8.77757703189926e-04 3.56577585057460e-04 -2.66073463767696e-05 -4.23672605699946e-03 -1.55062006724660e-04 4.91621661115594e-04 5.38034059463366e-02 6.81927639574661e-04 -1.30478174576593e-04 -9.66003293071734e-03 -1.86588613363249e-04 2.21639587481677e-05 -1.10339228633952e-03 4.37978426119400e-05 -1.37856013366999e-05 2.18871892949739e-03 5.59030846175775e-05 3.21383209706880e-04 6.16527606189560e-06 -1.70621028934739e-05 3.36836206660360e-03 -3.13495593926084e-06 -1.45810642371709e-05 -9.67342704788331e-05 5.82866717487223e-06 -9.44355336068014e-06 -4.05774127110331e-04 6.39203092641526e-06 -9.41159042997746e-06 3.04442167706067e-06 6.79977603818282e-04 1.34900534205548e-04 -1.07096324942599e-05 1.33138452038826e-03 2.13819805831907e-05 6.30443190402122e-05 -5.63357711887813e-03 -5.69423101042146e-04 4.81136070313584e-08 7.22893679344784e-04 -7.69064612295893e-06 8.91285867078512e-07 -4.42729088877035e-04 -2.94071953199924e-06 -2.95514880336660e-06 1.84794357367125e-04 8.10543553175521e-06 -9.22576541626148e-04 4.76194520899147e-06 -1.25989031049149e-05 5.49122406537241e-05 1.77607046354007e-06 5.42730332268929e-07 2.24768771701018e-04 -6.88859739476735e-07 4.04867625260593e-06 -4.13143012379984e-06 1.77721884804794e-06 1.08630039508042e-02 -5.84563142728306e-02 7.33725659202919e-03 3.55975245635205e-06 -4.38715797872637e-04 -2.23706864911049e-04 2.81703911997976e-05 5.38019532682981e-04 -4.28284156193517e-04 7.00932052819253e-06 -5.68712698269103e-05 -4.76922227712780e-05 2.70262062196304e-07 2.45231687574029e-06 -5.24948363492421e-03 2.77404509925282e-02 -3.52993593425622e-03 3.41708997057624e-04 1.93184685508371e-04 1.17605379204631e-04 4.52833859414207e-04 1.39579678033335e-03 2.06909301960323e-04 9.96603248396272e-05 4.23142311280585e-05 2.51191816550742e-05 6.49159722477990e-05 1.74646736784815e-04 -5.42747883491234e-03 2.86226234006741e-02 -3.58159012243041e-03 -3.40736094017902e-04 1.91978469180118e-04 1.13653686830854e-04 -4.45616209515631e-04 1.37580880942531e-03 2.35327443429085e-04 -1.01682559136431e-04 4.63172275523642e-05 2.71104804129339e-05 -6.22432039413401e-05 1.68752654730073e-04 -4.79836471351118e-04 -9.63658526246050e-03 -3.25433885372167e-04 2.63170196661237e-06 1.65668304350052e-04 -3.16255797352115e-05 -4.83513731843449e-06 9.07546252396052e-04 -2.64193631737255e-04 1.21918196050251e-06 -1.19434371543193e-04 7.46792605307220e-05 -2.42891790772375e-07 1.24371778527190e-04 1.95648232648924e-04 4.87021946539367e-03 1.37512726774717e-05 9.61638470152755e-05 1.37149046962312e-05 3.79608115481579e-06 3.36079269613708e-04 2.68973192705486e-04 1.11847600780475e-04 1.02528157979509e-05 -7.00164710694033e-05 -3.60834992543084e-05 -3.58681297000985e-05 9.57566206078299e-05 1.62749091175675e-04 4.91312836645551e-03 2.84711344066391e-05 -9.56526282137283e-05 1.54686002480588e-05 4.90561995998617e-07 -3.57869043096326e-04 2.73449400483151e-04 9.91460647265925e-05 -1.10218955105756e-05 -7.16154867494955e-05 -3.61082971021543e-05 3.67566167058694e-05 9.74893276397268e-05
 2.49080540250626e-03 -6.41664652996244e-04 1.85521066936527e-02 -4.87572341842047e-03 -5.29398623555510e-06 -4.22865813805974e-05 4.04574901957031e-04 -1.00529776298390e-04 2.04134493018491e-04 -2.29161486023814e-03 2.98272657379855e-05 -3.18464790958435e-05 3.08530687945181e-04 -5.80534019278459e-06 -2.52739536768646e-06 -2.96783383847324e-04 4.24071322306966e-06 5.44161334335158e-06 -1.47989234948665e-05 7.27160075158736e-06 -4.28490189137902e-04 3.36395468634043e-06 -3.13495593926084e-06 3.17912806492091e-04 4.20681438762186e-06 6.82469383693265e-07 1.65178097298100e-04 3.27898087330636e-06 -1.48982864992278e-06 1.67848175929802e-06 1.50968911345307e-04 -5.84088254332655e-05 7.42902732278735e-04 -1.10017778689391e-03 4.83522670261649e-06 1.00411636077645e-05 1.05630434638119e-04 9.75700695855788e-05 -8.52903448969297e-05 -5.40828507861599e-03 2.66162256636802e-05 1.12985228921743e-05 6.27558259473450e-04 -9.67459410365689e-07 -2.58878217293471e-06 5.49660159045454e-05 1.33462522566527e-06 1.33670802442252e-06 -9.69872382079938e-06 -4.40732913346464e-06 2.36129929703952e-04 1.32779228960869e-05 -1.01826674151489e-08 -4.20875665173257e-06 -1.18343092137611e-06 1.24096369119215e-07 -3.63493508780534e-06 -1.19048436014399e-06 -1.15868968725328e-06 2.71417863392503e-07 -1.77794145300512e-03 9.02129528175952e-03 -2.14873728806094e-03 -1.66415234980628e-07 2.06854758032734e-04 5.12371919519719e-05 -8.99671862795976e-06 -1.19576687594014e-04 -9.48263433706243e-05 -7.59360219064420e-07 -7.75681750380795e-06 -6.67894891151969e-07 -7.95333027930658e-07 -5.35319112388403e-06 -1.81632229406573e-03 9.44698152536861e-03 -2.19428539954925e-03 1.81144706323512e-04 -1.03613280227312e-04 5.24404262329876e-05 -9.91687498707297e-05 5.57609305145489e-05 -8.41458965394288e-05 -5.60716452050128e-06 3.09807158170287e-06 4.91258047134954e-07 -4.74405202992085e-06 3.71025315477273e-06 -1.76586433772526e-03 9.24716465709157e-03 -2.18763017626870e-03 -1.80880997525535e-04 -1.02658500893646e-04 5.19134651350107e-05 8.74727915878135e-05 6.26535295790133e-05 -8.74124128276432e-05 4.75803605264060e-06 4.34657246938290e-06 -7.89428836316037e-07 5.70818900512302e-06 3.92957671683574e-06 4.43461644600292e-04 -1.48238946464784e-03 6.68163410126255e-04 1.97733589865435e-06 6.08747845557631e-05 -5.28334825037625e-05 -2.64711721249326e-06 9.25055709960308e-07 -1.69695686562160e-04 -6.93848585243899e-07 1.03379309224724e-05 1.97805202773596e-05 -3.26744613104668e-07 1.83967785263247e-05 4.74701715638659e-04 -1.42225851368135e-03 6.86931096917205e-04 -4.94319608438232e-05 -3.05940002636727e-05 -5.35446567876466e-05 1.27901591573150e-05 1.06110016530026e-05 -1.76229535895331e-04 -1.35658222839925e-05 -5.94395326956198e-06 1.96590337506164e-05 -9.80423752273258e-06 -7.55415174273686e-06 3.89339090520799e-04 -1.24178019454687e-03 6.12797307298089e-04 4.95071792123068e-05 -2.84159591983349e-05 -5.46819507448770e-05 7.85148010201629e-07 -1.99212588549906e-06 -1.67025472265819e-04 1.41396716235809e-05 -5.67339502444550e-06 2.03980851654603e-05 1.04465117735409e-05 -8.16360375470475e-06
 -6.09223965219657e-05 -8.01295159100381e-06 2.12110063855611e-04 -2.90430075682018e-05 5.12436691827481e-04 -7.08517473044267e-07 -2.12900044507456e-05 -6.33248802907510e-03 -1.70084624395159e-04 1.30455451097067e-04 1.14868721151450e-03 4.02850835486211e-05 -2.30743487691707e-05 -2.54541698879480e-04 5.52847065638015e-06 8.08048401581175e-06 1.19913106421624e-04 -8.88802176891806e-06 -3.88182231788242e-04 2.46733675278850e-06 4.31072948897326e-06 -3.57811563699218e-05 -1.45810642371709e-05 4.20681438762186e-06 4.64506566649178e-05 2.22337061430844e-06 5.75719649210513e-06 7.13371697664747e-06 1.43171036810243e-06 1.28621496793922e-07 -3.39253468547889e-06 -1.93348963028795e-06 1.99398277387986e-04 -2.59603138785385e-05 -1.06975818557643e-04 -1.15754497729416e-05 6.48846523118331e-06 3.47950634486363e-05 8.12619784562021e-05 -2.91084907686536e-04 -3.08496639275256e-06 -2.04172351071740e-05 2.70149428064617e-05 -1.45157003337013e-05 2.34216891239667e-06 1.61874317678209e-06 4.39068371596547e-05 -1.57740224820412e-06 7.73831422460591e-07 1.26745960654130e-06 1.77860015940840e-06 1.05082220010286e-04 1.68081217477635e-06 -3.38091167865164e-07 -4.44390294071103e-08 -8.93855253534979e-07 -8.18917824102844e-08 -2.63610848814015e-05 4.87853942181225e-07 3.94427137058227e-07 -6.36402830765884e-05 2.31670228372900e-04 -4.18051650857304e-05 -4.60083060091988e-05 3.01455035040631e-06 2.55248768677780e-06 -1.93195183620264e-04 -1.12073966167340e-05 2.08840898418994e-08 -2.74228599876748e-05 3.77664213688356e-07 5.45888471968189e-07 -1.05648195373040e-05 1.06118401811956e-06 -1.08082662827232e-03 5.80166519983739e-03 -7.59159436503186e-04 2.70478408820079e-05 -4.37283426522030e-05 2.53367379629052e-05 -9.97885582229262e-05 -5.80679973803093e-05 4.85780462770676e-05 -7.57416688863407e-06 -8.68384888730147e-06 5.27902941123801e-06 3.11998564591662e-06 -1.21387137964877e-05 1.09676132742206e-03 -5.90675407140793e-03 7.29517874088819e-04 2.69370162436439e-05 4.02348644564861e-05 -2.20004859064721e-05 -9.28942858792181e-05 5.36547527344952e-05 -4.71147072508232e-05 -6.77665249616813e-06 7.53467141761863e-06 -4.39914553439076e-06 2.08716050971668e-06 1.05583912381146e-05 9.35473791843026e-06 6.22728397966371e-05 -3.23836923768503e-05 -1.57057479286355e-06 -1.82901449661109e-06 -4.32219568569867e-06 -2.67539778650197e-05 -5.17281621481971e-06 -9.08796244575717e-06 -7.92250938485754e-06 1.85551222863826e-06 -1.96207232601326e-07 7.57666075924681e-06 -3.47327541143465e-07 -1.09882234469796e-04 -5.42521536333439e-04 -1.77962209898452e-04 -7.84907901459547e-06 -3.24548721580323e-06 -1.15526098259705e-05 -7.67977813478673e-05 -2.58572036838888e-05 -4.00878234991898e-05 -1.01397916820753e-05 1.61313551508142e-06 7.20569000818966e-06 9.50519671490155e-06 -2.25543546685662e-06 1.17655991348432e-04 3.97174064813892e-04 1.81778557558683e-04 -4.56002795290408e-06 2.11538263691790e-06 4.99030179745363e-06 -6.62875465111596e-05 2.60369034509912e-05 2.39823241538452e-05 -9.09048576544178e-06 -2.12507521552254e-06 -5.07639222701786e-06 1.09244512787971e-05 5.71654264242528e-07
 -5.64472015151353e-05 -2.40837150272284e-06 7.57634488549812e-05 -3.00584858274668e-05 1.91985261652602e-05 4.06149549367493e-05 -5.22219798091097e-07 -2.23843198762202e-04 -1.20799469362185e-03 8.83401257771718e-07 4.40479385944992e-05 1.20621861579839e-04 -1.40344515445963e-06 -9.18508664039459e-06 8.91740149234191e-05 -4.35991427830668e-07 4.69129480170316e-06 -6.55457623107818e-05 -1.24899965571639e-05 -6.18979483397959e-06 3.47132152205539e-08 -1.40040124925065e-06 -9.67342704788331e-05 6.82469383693265e-07 2.22337061430844e-06 2.15667994550032e-05 1.17567144259763e-06 3.46191667429276e-07 9.62124748386562e-06 -7.36798285695209e-07 -2.69960903812158e-06 -3.62280684473261e-08 -3.08027151703747e-05 4.86866399534064e-06 -3.36582719438537e-06 -4.07952213663654e-04 1.90163560801108e-06 1.35175809249394e-05 4.69964816192297e-03 -5.48775774326834e-05 1.23376581675843e-06 -6.81389804046759e-04 2.11196406111954e-06 -5.82954079165815e-07 6.97047307846237e-05 7.14887584929014e-07 1.47873843286878e-06 -5.78620361652370e-05 -2.00369993231516e-06 3.84883281094090e-05 5.51871528517990e-07 4.68956271775647e-06 -3.30872157124157e-05 1.51167198404254e-07 -3.84499532560408e-07 -8.49709244114293e-06 2.32490322080446e-07 -1.08111971172562e-06 5.22225055734339e-06 2.12561274679182e-07 -2.78904602987446e-04 1.60519113566098e-03 -1.84351973780205e-04 -1.60631326723368e-06 6.08396530326482e-06 -9.67480783678965e-09 -7.46142612071702e-06 -1.99575731451232e-05 -1.32969959732416e-05 -1.20200430348430e-06 1.00105349376645e-06 -7.27799371276452e-07 -3.67929736025638e-07 1.70803713434068e-06 9.44783093461233e-05 -5.43194742929584e-04 5.98125189876738e-05 -3.98901178705439e-06 -6.52079257433439e-06 1.18919982057411e-06 -1.23020435070373e-05 -3.73373069747097e-05 9.60524964018163e-06 -3.38044558353193e-06 1.94819398582528e-06 9.48264271635391e-07 1.06819030856536e-06 -4.34143294651131e-06 1.66802318310023e-04 -9.54783230757762e-04 1.07044773519108e-04 5.94719460995687e-06 -3.80025138100740e-06 -2.62267769922659e-07 5.75660831058694e-06 -3.30440049488316e-05 4.94074400715173e-06 3.26670004356767e-06 2.48955593340153e-06 3.62948429478428e-07 -7.17950095177275e-07 -3.63780593791779e-06 -5.30666244983948e-04 4.54934202082080e-03 -1.21998891743074e-03 -1.73071542340370e-08 -9.09257974399142e-05 -5.13004633192389e-05 7.26212896944275e-07 -1.93177609654819e-04 -5.70039348303442e-05 -8.73353997549453e-07 2.86237519684353e-05 -1.58792401530322e-05 -1.90387866407923e-08 -3.14665215075393e-05 2.77311789858062e-04 -2.34598011997426e-03 6.25906176725043e-04 -6.18389546065548e-05 1.25257641585014e-05 2.47414299473033e-05 -1.37075814361075e-04 3.91473744092312e-05 2.58876732380768e-05 -3.61679676684972e-06 4.66401375463671e-06 8.32813362727251e-06 1.40976906273025e-05 -2.61641477016853e-05 2.77356390535210e-04 -2.29127331046328e-03 6.25480975631356e-04 6.12747501355165e-05 1.32573245017233e-05 2.50121453629371e-05 1.33851670546034e-04 3.94894172760064e-05 2.89713115728354e-05 2.99293144067365e-06 4.58360262831236e-06 7.75946774643596e-06 -1.31596134366525e-05 -2.61166408773953e-05
 8.32907704243412e-04 -3.09483577095154e-04 8.96006513573042e-03 -2.20761036825826e-03 -1.45463574619411e-05 -9.28767577635663e-06 -1.70992220366875e-03 -5.55782503181121e-05 1.81837880942891e-05 8.34959126239959e-03 -8.95466215228275e-06 7.28791077663048e-06 -2.37393921501098e-03 -5.46942966264331e-06 2.23630181176853e-06 4.43953436536597e-04 1.81258921125443e-06 -1.73972125253273e-06 -1.91453094284484e-05 -4.42160083925642e-06 1.99409709367812e-04 8.67837284407693e-06 5.82866717487223e-06 1.65178097298100e-04 5.75719649210513e-06 1.17567144259763e-06 3.05607655339765e-04 4.81661225636279e-06 -1.78623647462934e-06 -1.55098429612158e-06 -7.36398045546520e-04 -3.62060381667041e-05 7.10663879613486e-03 1.20014140403734e-04 4.09004202144073e-05 -1.46293117333525e-05 5.77667017115863e-04 -1.29634899555029e-04 5.33183869688922e-05 -1.84123539977369e-02 8.05765193568117e-05 -2.17570085960632e-05 5.04253699759681e-04 2.55961476410151e-06 -4.57948588877009e-07 7.30631147506561e-05 -2.82151764230434e-06 2.67844411963284e-07 -2.09833684734411e-05 -2.75888681574987e-06 2.27166145987558e-04 2.00604362954527e-05 -1.74278903764818e-08 1.62996107203872e-06 -4.39447407876833e-06 -2.07951653951326e-06 3.89630231700129e-07 -1.75247006622146e-06 -1.19005675673702e-06 6.77740956804882e-07 -7.36458559434939e-04 9.77110615438460e-04 -8.42899924166262e-04 -8.21345937671817e-07 7.62346556036097e-05 1.00698333209181e-04 -4.82859257589620e-06 -2.85941772399442e-04 1.13110049455770e-04 -1.42071457359428e-06 4.35846593696043e-05 2.66869042398455e-05 -6.91884333772836e-07 5.57828176297101e-06 -7.61168122576315e-04 1.04887688232268e-03 -8.73574440338777e-04 6.51312488773641e-05 -3.74067076798174e-05 1.02144327463562e-04 -2.45848945655792e-04 1.43781526546492e-04 1.19294901740865e-04 5.89597838482444e-06 -2.20659457289638e-05 3.06456896763356e-05 4.01144613745857e-05 -1.42229437840200e-06 -7.03414741932800e-04 9.62598660965293e-04 -8.38161700555415e-04 -6.61201003476250e-05 -3.85299848678501e-05 1.00570749304329e-04 2.33241123315713e-04 1.42115490571346e-04 1.15051072890884e-04 -2.74679665799214e-06 -2.04916108058828e-05 2.59523696241174e-05 -3.84973558969075e-05 -2.19973981640100e-06 7.74681802445536e-04 -3.62819718401705e-03 6.37826238192838e-04 1.39010257207497e-06 9.37069690688342e-05 -2.09098426855905e-04 -9.73117445940660e-06 1.20687431134853e-04 -4.59603861978006e-04 -1.73670644792709e-06 6.18035048096440e-05 3.89235441532021e-05 -1.10044922695338e-06 3.32974644703471e-05 7.95252236405515e-04 -3.58604706588300e-03 6.33874480032960e-04 -7.87103205134634e-05 -4.50278930418523e-05 -2.13314521647168e-04 -9.91767704788016e-05 -4.60113362118450e-05 -4.59295944805030e-04 -2.69780006490692e-05 -3.00235851759883e-05 4.11079556448808e-05 -5.46277403875905e-05 -1.65479139575493e-05 6.91741990213649e-04 -3.78476095582459e-03 6.85593880659257e-04 8.79616351133014e-05 -5.00755844475156e-05 -2.08378031529740e-04 1.41994569417213e-04 -8.04185087368526e-05 -4.38451237187725e-04 3.14292199616046e-05 -2.85617581520609e-05 4.56314630533805e-05 5.24551892107281e-05 -2.00723451066848e-05
 1.94726562996642e-05 -4.99806685461488e-06 1.49104161889898e-04 -2.74971965133315e-05 3.09952162674556e-05 9.46202933478406e-06 -3.32069876081700e-05 -9.77920365415579e-04 -1.53248604330412e-04 1.50456955507420e-04 7.70213537152034e-05 3.27978494199254e-05 -3.86797281043939e-05 -5.58166870568662e-05 2.67892049209865e-06 8.22455368250978e-06 8.64542001760213e-05 -6.93910218157225e-06 -7.94416709462533e-05 3.19734901270026e-07 1.50268229289123e-06 -2.49154730107759e-06 -9.44355336068014e-06 3.27898087330636e-06 7.13371697664747e-06 3.46191667429276e-07 4.81661225636279e-06 2.25079314861845e-05 1.31546732148215e-06 4.29233708812814e-07 -2.04944671417926e-06 -1.34309896304524e-06 1.50021044521375e-04 7.75156732322005e-07 -4.17007106023696e-04 5.00452522589616e-07 9.89966429242741e-06 4.86771407520157e-03 -4.28468965495833e-05 -3.16005830231869e-04 -7.12029436852741e-04 2.30238429596330e-06 1.15966261666895e-05 -5.90809340119125e-05 3.52668334663283e-07 1.13157873330686e-06 6.98546951489468e-05 2.98857322876803e-07 -3.40876841646067e-05 1.96321180773189e-06 5.67583948721736e-06 3.80587792935994e-05 -2.25690768553081e-08 3.05862319256610e-07 5.25899206483913e-06 -5.78832214849077e-07 -4.09892888054447e-08 -7.42381248922743e-06 -1.42802096126452e-07 3.99015318407167e-08 -4.67252855657721e-05 1.73152044159763e-04 -3.50539850639746e-05 -6.32392448020676e-06 2.52907821589606e-06 2.45396407642193e-06 -3.30104323601946e-05 -8.64880568018066e-06 2.82173686165276e-06 -5.04104548102933e-06 7.42620236415659e-07 6.74463270986743e-07 3.30643284639908e-06 3.55508064046244e-07 -1.85595874726623e-04 1.08437141054937e-03 -1.32009509026093e-04 8.14210626778395e-07 -5.22231250568667e-06 -9.33117787958317e-08 -2.43989661491073e-05 -1.00327368492721e-05 -1.18130413771174e-05 -5.16034459175187e-07 3.23997531661096e-07 -1.05917908699643e-06 1.70900872336630e-06 -3.51627933175678e-06 1.91644750863241e-04 -1.21919898878212e-03 1.20364488446531e-04 1.00659419669590e-06 3.02937749039933e-06 2.93416487275964e-06 -1.48195595134846e-05 6.65968139100509e-06 1.34394242542581e-05 2.28231289866766e-07 -1.38460198501286e-06 1.50284158247671e-06 6.80511452251515e-07 2.32047002943920e-06 2.12233539477444e-05 -8.06867931469452e-05 1.83683749982201e-05 5.00135538590631e-05 1.52955107822300e-06 -3.25962055085104e-06 1.22231340190784e-04 2.40511403215451e-06 -7.40723021568496e-06 -2.49059051565699e-05 1.79359001918373e-06 7.35989673619859e-07 -3.84314919779181e-06 8.20877330413298e-07 4.90598938422248e-04 -4.12465159111133e-03 1.10509319128852e-03 -5.89925939583801e-05 -6.33643335925014e-05 4.19006005820630e-05 -1.19806699161405e-04 -1.40105403120519e-04 4.30842902789572e-05 -3.09026443385168e-05 1.40297071097518e-05 1.49264781393188e-05 1.96509935792007e-05 -3.82758497231881e-06 -4.83466045977834e-04 4.04927789429388e-03 -1.11188881892082e-03 -5.79102187142764e-05 6.20147845310133e-05 -5.02049475469891e-05 -1.14293666287450e-04 1.36675279983075e-04 -6.20851203464024e-05 -2.97647931637061e-05 -1.48498677461748e-05 -1.30194613650269e-05 2.25612722683253e-05 2.59330678095985e-06
 1.70382194916388e-05 1.65649340607784e-06 -4.73631491129819e-06 -1.23739173934837e-05 -4.82076119842065e-07 5.19464849287644e-04 1.69944898868225e-05 -2.11703533833144e-05 -6.51976043921390e-03 -6.72561601243420e-05 7.48958628107329e-06 1.18090509895053e-03 2.06320405460301e-05 -1.29162653702189e-06 1.26760964824248e-04 -3.22770735896639e-06 1.59505012920180e-06 -2.63440904253477e-04 -4.77623844975642e-06 -3.90829136981351e-05 2.35730990115770e-06 2.37164689652713e-06 -4.05774127110331e-04 -1.48982864992278e-06 1.43171036810243e-06 9.62124748386562e-06 -1.78623647462934e-06 1.31546732148215e-06 4.91190957327823e-05 -7.18914755165194e-07 -1.41780395560461e-06 -6.90864859991240e-07 -1.09824254196466e-05 -2.58260984692146e-05 -2.20026753729751e-06 -1.20634079549998e-04 -4.93631034877754e-06 4.01962665570225e-05 1.90586773363592e-04 1.25846253983692e-04 -7.64680887816135e-06 -1.60565449164512e-05 -3.59770514641142e-06 -5.91593851505878e-07 4.72120031998742e-05 -2.92696357044598e-07 7.45996095437437e-07 -1.66081769103946e-05 -1.09437323339687e-06 1.09901577844060e-04 -2.06229143332607e-06 9.45966728526100e-07 -3.24870189266699e-06 -4.28761519546583e-07 3.93924260221605e-08 -2.68612091849136e-05 -2.00328068599162e-07 -3.53761242942705e-07 -5.07922054303564e-08 -2.40511593185970e-07 -1.30198694138889e-03 6.99774422473697e-03 -8.74332933158879e-04 -1.49894944367270e-07 5.23620574054861e-05 2.73822538628397e-05 -2.20459401861779e-06 -6.36935047735305e-05 5.48515678910191e-05 -6.76350712261451e-07 6.94567067529781e-06 5.98874828363190e-06 8.62489043866249e-08 -4.46419374365954e-07 6.51341266495367e-04 -3.43615416727073e-03 4.44186360727233e-04 -4.29409309990661e-05 -2.24472032481582e-05 -1.50392210126098e-05 -5.39374388160870e-05 -1.68614452373403e-04 -2.65069672331796e-05 -1.18830146454756e-05 -5.40367247233635e-06 -3.22966886648817e-06 -8.12605282279844e-06 -2.11259773669999e-05 6.60619430060739e-04 -3.47726257138250e-03 4.42182687068692e-04 4.24158217470838e-05 -2.28423944581506e-05 -1.41738309813649e-05 5.41485035504817e-05 -1.66932351077272e-04 -2.88586609154585e-05 1.22070131734909e-05 -6.04587273043982e-06 -3.34280326883496e-06 7.75611088077192e-06 -2.05039703825779e-05 1.05844363769689e-04 7.43907849892757e-04 1.55047486577211e-04 1.85596781415531e-07 -1.20676427742364e-05 9.50825095146598e-06 1.91497420605290e-06 -9.25897385091091e-05 3.96102459852578e-05 -2.80803585465624e-07 1.17141420961103e-05 -7.77240743868814e-06 -3.90171157226541e-08 -1.23005104979175e-05 -5.93643245591144e-05 -3.46839669872489e-04 -7.36456680373351e-05 -4.61717316147739e-06 -2.98230798436167e-06 -2.54940139268267e-06 -2.66904384465693e-05 -3.82069813791071e-05 -1.50785617624691e-05 -8.89101009712783e-07 8.27612114180487e-06 3.43035230119238e-06 3.06255228549243e-06 -8.89749617477105e-06 -6.57240586390418e-05 -2.78568570195466e-04 -9.92636866470042e-05 3.45767081761061e-06 -2.01659271680795e-06 -3.17645729676159e-06 2.78122895512582e-05 -3.60713132780102e-05 -1.52188886445727e-05 4.94811852371629e-07 8.20248542580830e-06 3.24740938081749e-06 -2.92807450383504e-06 -9.05446087466506e-06
 -2.22098630490872e-05 -3.84681332615646e-06 1.04495508586007e-04 -2.90491923845520e-05 1.10743720720625e-06 -6.26558521651655e-06 2.31548137629697e-05 -2.48583650153784e-05 9.61172564338807e-05 -1.18448134437053e-04 2.66189352449664e-06 -1.43654006984714e-05 2.98346472163923e-05 -1.30602761205759e-06 -3.87931240131107e-06 -8.29406468835619e-06 1.84460347512252e-06 4.36960997419660e-06 -1.83560591217652e-06 6.90133433908130e-07 -7.32092911938912e-06 -1.65727738604795e-07 6.39203092641526e-06 1.67848175929802e-06 1.28621496793922e-07 -7.36798285695209e-07 -1.55098429612158e-06 4.29233708812814e-07 -7.18914755165194e-07 7.62603580624701e-08 3.25212257825485e-07 9.81697142351291e-08 -1.12074548162362e-04 -4.72498578254633e-06 -8.98457343751425e-06 1.37724717334678e-05 -4.24511947814412e-06 1.00978407874542e-04 -1.46795421385563e-04 1.30415329954763e-04 -1.50745625231942e-05 2.12420248651907e-05 1.97637064101720e-06 -1.24694911161045e-06 -2.56685824819456e-06 -5.43032839621008e-08 1.49620379737410e-06 1.92604332585305e-06 -4.85444939623868e-07 -2.17545522125079e-06 2.52549925773505e-07 7.38131964136606e-07 1.04639840876795e-06 7.78021428677752e-08 1.52845580272032e-07 5.20467331326641e-07 1.14968171567019e-07 -1.53723346522479e-07 -1.57659970148976e-07 -1.01338403136511e-08 8.26449372813705e-06 -2.02033611839056e-05 -1.36774744293750e-06 -1.54185376935069e-07 8.17763779639086e-07 -7.90996046235025e-07 -8.19640281085691e-07 3.05217728746315e-06 -2.31801304590917e-06 -1.01933832297100e-07 -6.40436286955956e-07 -3.38330306055644e-07 5.77836969237170e-08 -1.76533168095091e-07 -2.60601621659019e-05 1.74873509641282e-04 -2.45095513973005e-05 1.86061960014407e-06 -5.04512093205610e-07 -4.45765949825176e-07 2.01140519920220e-06 1.30901308910377e-06 -2.40832967934666e-06 4.61427143551674e-08 2.55737458353347e-07 -3.62893364085236e-07 -4.05292680844315e-07 3.00294955386528e-07 -1.68605031824204e-05 1.18434592675540e-04 -1.84292271996657e-05 -1.76744797685552e-06 -2.40314525461160e-07 -4.21766789224776e-07 -2.93227937710057e-06 1.81211055361370e-06 -1.89408176277530e-06 -1.25045896930280e-07 2.36851703144736e-07 -2.68770996519099e-07 4.49556877301781e-07 4.43932689521057e-07 1.66482703238258e-05 -1.42785393307192e-04 4.37834302717353e-05 1.02142228488735e-06 3.13740665075205e-06 3.30484529715608e-06 2.47307922067980e-06 6.14762860428943e-06 4.57281768174737e-06 -4.78732961004535e-07 -1.57011115982610e-06 4.32189579325491e-07 -5.26986389566877e-08 1.04152875575876e-06 3.11968223773674e-06 -6.46170830259325e-06 1.19896953988720e-05 5.08337455399974e-07 -1.78912267359372e-06 2.05752171138892e-06 2.45883800010457e-06 -3.46302016443110e-06 3.46018421224319e-06 -4.84407275490519e-07 3.69405642207529e-07 -1.32626111590244e-07 5.12490838057380e-07 8.36539059963912e-07 -1.60337741725351e-05 1.63678893949549e-04 -3.36641850217189e-05 -2.98728021273390e-06 8.22600897133977e-07 1.39758264303866e-07 -7.73857562827211e-06 2.48477555670807e-06 1.20053352995497e-06 -8.05274289145585e-07 -2.38662616373695e-07 -7.46271954198416e-07 3.89457259229616e-07 1.00357978155951e-06
 3.25212666174518e-04 6.17917866734377e-04 -5.66213071767314e-03 2.79071655343707e-03 4.34591652808010e-06 -1.34663916663505e-05 -1.77567468587767e-03 -1.79249704418226e-04 -2.92449061331966e-05 3.65461261143491e-03 5.91477686519802e-06 3.66791958464596e-06 -8.52538173779581e-04 -8.38546610737771e-06 -9.83431680131373e-07 -3.27610681925454e-05 1.72625846227707e-06 -1.30892228921324e-06 -2.04009437395074e-05 -1.02614070847039e-05 -8.34529347285206e-04 -8.85685692692668e-06 -9.41159042997746e-06 1.50968911345307e-04 -3.39253468547889e-06 -2.69960903812158e-06 -7.36398045546520e-04 -2.04944671417926e-06 -1.41780395560461e-06 3.25212257825485e-07 1.99673524165406e+00 6.53354078127587e-03 -1.23811135288582e-02 6.74258129504478e-03 -1.71864907981534e-05 6.73232685760400e-05 -4.00812699791485e-03 1.42527823527503e-04 -7.56492920380566e-05 -2.78186277348967e-03 -1.73523892270670e-05 6.53119394518249e-05 -6.00391014237280e-04 -2.34316765706339e-05 1.40564729296412e-05 3.12860164709532e-04 2.07490299614346e-05 -1.02586401137288e-05 1.58624443614601e-05 1.39151414240892e-05 -6.10312614358314e-04 -1.32328510469432e-06 -5.22216641829275e-06 -1.57535325781773e-04 -1.22442506767773e-05 1.14138260951330e-05 1.28803985076192e-04 2.36424716644026e-05 -1.30104264205455e-06 -5.19738282696133e-06 -2.91433067811157e-04 -2.76457831455059e-03 1.42471175289661e-04 -1.04550139494419e-06 -4.78619474518580e-05 -2.43744868951484e-05 -5.45127137097530e-06 -8.58200548562721e-05 -2.80230173621264e-04 -4.95509108600878e-07 -1.05680039897834e-04 -1.11302733789195e-04 -2.82060161583772e-07 1.23505771412824e-06 -3.07766797767333e-04 -2.63825076162703e-03 1.16171093890530e-04 -4.11102569657385e-05 2.36695295058152e-05 -2.38691922805830e-05 -7.49053284161283e-05 3.59799887075247e-05 -2.82323567241645e-04 6.10723667051935e-07 5.23453581922595e-05 -1.11572167731226e-04 -9.21674727090947e-05 -8.30414407337713e-07 -2.21054113777467e-04 -3.00042524695497e-03 1.92667046683474e-04 4.31634464515715e-05 2.59872777088038e-05 -2.64143775809745e-05 6.84349528663344e-05 3.91434478102734e-05 -2.72051371895621e-04 -3.58695394894093e-07 5.22481787881211e-05 -1.09280099483047e-04 9.04651885107729e-05 8.13550147973573e-08 -1.53252246691993e-03 -7.46881384812576e-03 1.44589388748567e-03 2.61332110974917e-06 4.26724989707887e-04 1.07904627003122e-04 5.35766823948273e-07 1.73387781134786e-03 7.95626958199435e-04 -6.67467692999419e-06 -7.49287551990527e-04 2.31304131269261e-04 1.01382168123719e-06 8.36193418050095e-04 -1.40077407155377e-03 -7.52137684193520e-03 1.46094342456175e-03 -3.49404900650583e-04 -2.03514668326760e-04 1.13772885622050e-04 -1.44734572660445e-03 -8.49555252051757e-04 7.81101232254244e-04 -7.04877995482492e-04 3.74570349454051e-04 2.11889867912792e-04 6.51501386032145e-04 -4.00022293726162e-04 -1.45849095490679e-03 -7.23161043681672e-03 1.40861876441068e-03 3.51613853430828e-04 -2.00849347541680e-04 1.02621819587290e-04 1.45558289802120e-03 -8.50532846680469e-04 7.68663933738767e-04 7.20890935805883e-04 3.64547815731475e-04 2.24200750881112e-04 -6.37314250798420e-04 -4.15639696568698e-04
 -2.93365356562622e-04 1.34062304524669e-04 -3.72668645197888e-03 8.68735486743048e-04 2.63016235012181e-06 -3.41086269655870e-06 -1.21257116217112e-04 7.21305587329277e-05 4.78853559134507e-05 -2.07446890382816e-04 -1.55874878580735e-05 -8.09493704752464e-06 6.78141669483474e-05 4.24292692293886e-06 -1.55872635847432e-06 -2.11063147931288e-05 -3.64131303891628e-06 2.20959899962932e-06 8.47593259416048e-06 -1.93993716373708e-06 -3.96076043887563e-05 -3.26575155349336e-06 3.04442167706067e-06 -5.84088254332655e-05 -1.93348963028795e-06 -3.62280684473261e-08 -3.62060381667041e-05 -1.34309896304524e-06 -6.90864859991240e-07 9.81697142351291e-08 6.53354078127587e-03 1.29466715536463e-04 -1.14334668772858e-02 2.52239955124727e-03 4.28521941452510e-06 -8.78411988674405e-08 1.89915002929369e-04 -1.08059676638215e-04 -1.23952902036477e-05 -1.64827937161705e-03 1.18636572034945e-05 6.56143016241218e-06 -2.49027673538025e-05 1.01998955383023e-06 3.07328952628008e-07 2.97124069376106e-05 -1.88772971033566e-06 -1.09244037813888e-07 4.57663636587866e-06 -2.49246223493325e-06 -3.70716533065380e-05 -3.19073432155487e-06 2.30325786089805e-06 3.33087078992149e-05 -4.07226739661203e-07 5.64512519064846e-07 4.38517634268665e-05 1.27207272189483e-06 6.93013467009514e-07 -7.83000211467883e-07 3.06648221839151e-04 -1.60519666015872e-03 3.79960034932968e-04 4.52112266785996e-07 -3.78280529198224e-05 -1.53494151944543e-05 3.59792189412255e-06 1.74166454930629e-05 1.95538973754654e-05 5.07261697271894e-07 2.81942569671257e-06 -2.03873474819675e-06 1.93189864524595e-07 3.60188690817692e-07 3.09361608248188e-04 -1.60181171695599e-03 3.77402692451449e-04 -3.21625000737974e-05 1.93212216073463e-05 -1.52585241193943e-05 1.76528601765652e-05 -7.36620857121688e-06 2.02306458686708e-05 4.43982044677924e-07 -1.49071088950930e-06 -2.37728331452051e-06 2.47382006288511e-06 -7.80762907440760e-09 2.70838450441673e-04 -1.45568931114313e-03 3.61739860004720e-04 3.16271934682141e-05 1.85456805899014e-05 -1.49326395084689e-05 -9.80778471007118e-06 -7.07073619568874e-06 2.10313034165974e-05 -7.68766435912089e-07 -1.79316743186957e-06 -1.74161009235803e-06 -2.75920553415099e-06 -2.58519739214675e-07 1.11505113151148e-03 -4.95944458334187e-03 1.80054191848533e-03 -1.18091829038373e-06 1.46723751031333e-04 4.61848603420738e-05 -3.89812295617476e-06 1.96844849696157e-04 6.13985680520807e-05 1.10370708675035e-06 -1.89651822296694e-05 1.86942739115669e-05 6.50840031637836e-07 3.18965721345243e-05 1.10225715682833e-03 -4.84357487016357e-03 1.77392096983648e-03 -1.26139396365457e-04 -7.17944550827782e-05 4.61024052146359e-05 -1.68418939788330e-04 -9.70870237753862e-05 6.15829157669562e-05 -2.68309004966162e-05 9.65129982127319e-06 1.76966712213528e-05 1.62503314607235e-05 -1.53929074276443e-05 1.13478773750625e-03 -5.03465943394502e-03 1.82932617283577e-03 1.28428290431119e-04 -7.50020930337924e-05 4.76643795167262e-05 1.68952271100960e-04 -1.00572540034064e-04 5.93196532146260e-05 2.85610834024024e-05 9.44255602029257e-06 1.86287229261035e-05 -1.63835946822471e-05 -1.59399169762503e-05
 -5.35240468052737e-03 -2.15268743135650e-03 5.32549837000309e-02 3.58458207831826e-03 -9.48697972390130e-04 7.09197980910927e-04 -5.02626923574658e-02 -8.64392054769937e-04 -2.48522769465326e-04 3.45276210191835e-01 -4.14398653109016e-04 2.23980613039207e-04 -8.74621190764587e-02 -2.04453105403366e-04 1.67990878717659e-05 2.53454276648639e-02 1.43974308698593e-04 5.42472547103998e-06 -6.59675806475397e-04 -9.20255841833324e-05 2.45455990197355e-02 5.33441999502781e-04 6.79977603818282e-04 7.42902732278735e-04 1.99398277387986e-04 -3.08027151703747e-05 7.10663879613486e-03 1.50021044521375e-04 -1.09824254196466e-05 -1.12074548162362e-04 -1.23811135288582e-02 -1.14334668772858e-02 1.48957330936439e+00 -2.46105057646187e-01 1.05185533760654e-03 -1.64076205153053e-05 -1.02248983227308e-02 3.30300275049322e-05 -4.86446425806725e-04 -1.60376051706658e-01 8.38617535665533e-04 -8.32789324312397e-04 -4.20778845593131e-03 5.62104901550521e-05 -1.17836137715419e-04 -3.05340241245613e-03 -1.05869835025224e-05 7.10431884254508e-05 -7.56536373015746e-04 1.42729912004489e-04 2.53901727830934e-03 3.74660010178331e-04 -2.20585013100157e-04 -3.70002615063276e-03 -5.01015821949044e-05 -7.21302925626019e-05 -4.85310528161606e-03 -1.19422624057184e-04 -8.18989006793200e-05 9.81620361955396e-05 6.17848902339797e-03 -1.08800432200303e-01 6.76237632839010e-03 -3.01151584830061e-05 -6.00550497015413e-04 2.88182088832486e-03 -6.86771168350098e-05 -6.19278708923868e-03 4.06447250479598e-03 -4.68674322259442e-05 1.14580913439231e-03 9.80946716581488e-04 -1.12930860266556e-05 3.07193414218318e-04 3.86028099421197e-03 -1.07793172233697e-01 5.99315641203239e-03 -5.52125704924215e-04 3.12007608808784e-04 2.92231835974208e-03 -5.68484461379136e-03 3.52295891226904e-03 3.87712906795018e-03 3.44848412538976e-04 -5.40176642392039e-04 1.10550692290021e-03 1.00755574861720e-03 -1.20859424333159e-04 6.28364792130165e-03 -1.09382491032328e-01 7.28189660816781e-03 5.36594212491035e-04 2.68083671167985e-04 2.88578671305363e-03 4.99463193787961e-03 3.10404513652439e-03 3.82598242572049e-03 -1.77322804563695e-04 -5.11798612579492e-04 9.45512886985052e-04 -9.67926049279966e-04 -1.45058190458668e-04 -1.20952454989219e-01 5.05566118969977e-01 -2.09336484616974e-01 5.63862638095656e-05 -1.59219581557404e-02 -9.46535002644495e-03 1.38735074880530e-04 -1.80941282338133e-02 -1.42460535823249e-02 -1.22223902282720e-04 3.27156221712266e-03 -1.57350038401703e-03 -9.60549378861463e-05 -2.95001669357885e-03 -1.21113922043262e-01 5.06686059526911e-01 -2.10124734658298e-01 1.39206811785851e-02 7.96923631296594e-03 -9.67489051900820e-03 1.58809813635172e-02 9.30880810639778e-03 -1.40983999582256e-02 2.54108288434991e-03 -1.66695018140427e-03 -1.46719309060889e-03 -2.91567165029157e-03 1.44684678880414e-03 -1.24057333467180e-01 5.07209540449489e-01 -2.10297722107804e-01 -1.37802888492364e-02 7.97695630566772e-03 -9.58806455380464e-03 -1.48088621216782e-02 8.80385369114853e-03 -1.34866317934864e-02 -2.54436849377031e-03 -1.57971495253712e-03 -1.42414159011854e-03 2.79069915784300e-03 1.41370718824584e-03
 1.56049945301878e-02 2.78481281589455e-03 -7.45047287598976e-02 1.74810945929863e-02 2.32238348697403e-05 -1.39608959898694e-04 -9.39882664125410e-03 1.02757043277945e-03 1.68702699517066e-03 2.66903527719601e-02 -4.07412321402376e-04 -2.74002327781532e-04 -7.07865813981419e-03 4.97663788684039e-05 -2.79647422321095e-05 1.32238965409886e-03 -1.55549624921834e-05 6.45500180617885e-05 9.72257015388605e-05 -6.29382867395722e-05 1.82852540458280e-04 -5.14525369412020e-05 1.34900534205548e-04 -1.10017778689391e-03 -2.59603138785385e-05 4.86866399534064e-06 1.20014140403734e-04 7.75156732322005e-07 -2.58260984692146e-05 -4.72498578254633e-06 6.74258129504478e-03 2.52239955124727e-03 -2.46105057646187e-01 6.10602124491689e-02 -1.06334837004268e-04 -1.24164320242100e-04 6.74231357950235e-03 9.80601061858086e-04 7.87222667380655e-04 -9.85233766190764e-02 -6.02845013584572e-05 -5.71550401477876e-05 5.79905359020739e-04 -1.35044756850681e-05 1.29687310421082e-05 8.86385724096671e-04 -1.35251011283005e-07 -1.00163073692806e-05 1.45689132258004e-05 -7.48062097317281e-05 -2.82575702734198e-04 9.95372799635703e-06 4.92366800887724e-05 8.09392560706541e-04 -1.86732946761476e-05 7.43568877141699e-06 1.03822502398482e-03 1.82284465799997e-05 1.43865091565221e-05 -1.59942205442210e-05 6.43126564449872e-03 -4.41051412669381e-02 8.17798222754668e-03 4.37258682414236e-06 -8.32147941442772e-04 -6.01660693700175e-05 5.71651031568663e-05 -5.57380188824834e-04 9.44694971299977e-04 4.86641992380904e-06 2.30875875476416e-04 5.61621309422617e-05 6.11885731853693e-06 4.08274144206748e-05 6.13431003918461e-03 -4.24096366491575e-02 7.84046935861258e-03 -7.01286600203346e-04 4.25530811399630e-04 -5.03588666537693e-05 -4.29099988613530e-04 3.31239806568712e-04 9.74410003518492e-04 4.37046494603265e-05 -1.15664514732162e-04 6.11305387587600e-05 2.09911808290766e-04 -1.21590741100269e-05 5.61011604621192e-03 -4.05520669986467e-02 7.74322372940158e-03 6.84612413996914e-04 4.06119138999308e-04 -4.32430188001641e-05 5.55793464512563e-04 3.34341133507338e-04 1.00710669174506e-03 -3.90453434395406e-05 -1.20978150443527e-04 6.30870917609326e-05 -2.10422634869526e-04 -1.68876597308316e-05 2.87145442986240e-02 -1.27779657058004e-01 4.39627459762810e-02 1.69874037000515e-05 3.70799479966578e-03 3.93256028137755e-04 -1.99743853047853e-05 4.95861445028693e-03 -5.91100435032019e-05 4.57279119746616e-07 -1.85365494209695e-04 5.44102636080082e-04 8.28670622574288e-06 7.90738953669583e-04 2.90209171595958e-02 -1.29439082550544e-01 4.46016715154077e-02 -3.25754233876048e-03 -1.86835312853336e-03 4.31217195457673e-04 -4.38021810028146e-03 -2.52320142917201e-03 2.18743434041704e-05 -6.92241188309671e-04 1.14326835859670e-04 5.44104470582907e-04 1.75717621561644e-04 -3.93035051439047e-04 2.86866001615993e-02 -1.28004776607613e-01 4.42913583820050e-02 3.24589826454519e-03 -1.85886815513437e-03 4.09189234765833e-04 4.33649538651767e-03 -2.48278464303578e-03 -5.78603445851146e-05 6.96720074163267e-04 9.07333584586395e-05 5.57350667637106e-04 -1.53222072195976e-04 -4.11309562382618e-04
 -2.00647013736154e-05 -3.03164428916432e-05 8.09461015156937e-04 -3.52147388286726e-04 -3.23615113403466e-04 6.59660737346120e-05 -1.29023829496778e-04 1.50713166214931e-02 -2.02206140853673e-04 9.27425005161489e-04 -8.53022461117908e-04 -3.42974230636019e-05 -3.21784930896523e-04 9.14731491605966e-04 2.15239047301363e-06 5.20969407385145e-05 -1.56246887531943e-03 6.29466125581198e-06 1.28191361500999e-03 -2.48703235624967e-05 7.79749648195333e-05 3.33209389773592e-05 -1.07096324942599e-05 4.83522670261649e-06 -1.06975818557643e-04 -3.36582719438537e-06 4.09004202144073e-05 -4.17007106023696e-04 -2.20026753729751e-06 -8.98457343751425e-06 -1.71864907981534e-05 4.28521941452510e-06 1.05185533760654e-03 -1.06334837004268e-04 7.80521780149717e-03 -2.05074965436798e-05 4.92336157553752e-05 -9.15863316189244e-02 2.72891689072335e-04 -1.86950480376572e-03 1.34222965175311e-02 2.87473593314626e-05 -6.09219489083217e-06 1.10466124377729e-03 7.12964935948690e-06 7.55894885115540e-06 -1.29204312217371e-03 -5.89591247096625e-06 6.32326236762158e-04 1.06239513688033e-05 -1.38347152601657e-05 -6.52561567554800e-04 4.46867954635670e-06 -7.43647614658389e-06 -1.00728783137564e-04 -2.33436377872883e-06 -1.77835182150292e-06 1.25017353387918e-04 1.62224561010826e-06 -3.59580559182419e-07 -2.81148174209194e-05 2.58530105361157e-04 -8.03316584778139e-05 9.46093598689303e-05 7.27751933653529e-06 1.15683012556652e-05 5.17621861548617e-04 6.95613213984675e-06 2.65483826635404e-05 7.96674970937617e-05 8.45358451641149e-06 2.34777973356358e-06 -6.79323563241100e-05 -4.00038708784069e-06 2.93626125366518e-03 -1.87032854526219e-02 1.96101648465235e-03 2.92511668951290e-06 5.12834554408974e-05 5.12028774583355e-05 2.77176968958209e-04 1.43044866801841e-04 2.86641824408580e-04 3.18980258578408e-06 -2.31534276031200e-05 3.44147268408214e-05 -1.72132949084944e-05 4.93893454925921e-05 -2.99806116488231e-03 1.84884579871203e-02 -1.99728054797040e-03 -9.80418655253010e-06 -6.09588982169313e-05 -3.06360204923948e-05 3.54975826125349e-04 -1.13138979111460e-04 -2.40836404376061e-04 -3.71170281023656e-06 1.77653108450196e-05 -2.08656471844484e-05 -2.45498822817249e-05 -4.86314669856907e-05 -1.15420149063086e-05 1.42246648950836e-05 3.79627268550357e-05 -9.40950335864596e-04 7.67937285897154e-06 -2.07739389390082e-05 -2.31647858849015e-03 -2.35296236170707e-05 -3.55667536058302e-05 4.63551738710289e-04 -3.84035990359165e-06 -1.74420972703564e-07 7.57466655055636e-05 -4.76801973310211e-06 -9.09495246488124e-03 7.62686336291394e-02 -2.08664471679619e-02 1.08759270693225e-03 1.17276363266304e-03 -8.93022138636002e-04 2.18708864135708e-03 2.58298976853780e-03 -1.04019826637507e-03 5.66243141752442e-04 -2.73069963798794e-04 -2.60356137289811e-04 -3.89496374284800e-04 6.42281369527482e-05 9.30074946704217e-03 -7.70580262338284e-02 2.10362603469141e-02 1.10842097310002e-03 -1.18470659311530e-03 8.50044941830393e-04 2.16080660065788e-03 -2.60980845719186e-03 9.80191966865674e-04 5.66633056304411e-04 2.68851172632560e-04 2.60791959446476e-04 -3.94890275386158e-04 -5.66435953447177e-05
 1.50826354802554e-05 -1.07576376607712e-05 5.08437254460601e-05 1.68865357405809e-04 -4.95970104565133e-05 -9.04323626863048e-05 1.01576909940709e-04 2.87453999557952e-04 1.46735634838503e-02 -4.49643022874880e-04 -1.16855357533667e-04 -7.27466880192461e-04 1.29882874585695e-04 1.39964230046706e-05 -1.57097657773133e-03 -2.82413030114018e-05 -1.01257506136313e-05 9.19341304001246e-04 -1.22329788146649e-05 7.01955097153102e-05 -3.96356249210739e-05 7.80461455500934e-06 1.33138452038826e-03 1.00411636077645e-05 -1.15754497729416e-05 -4.07952213663654e-04 -1.46293117333525e-05 5.00452522589616e-07 -1.20634079549998e-04 1.37724717334678e-05 6.73232685760400e-05 -8.78411988674405e-08 -1.64076205153053e-05 -1.24164320242100e-04 -2.05074965436798e-05 7.82290336168148e-03 -3.05172325779136e-05 -4.01822824616649e-06 -9.17884021258392e-02 8.24830713774559e-04 -6.10282264041639e-05 1.33187506496385e-02 2.26971289825234e-05 -8.63528028708629e-07 -1.30009228062397e-03 -7.90957041899751e-06 2.60900173371158e-06 1.11023643964343e-03 3.67639927965285e-05 -6.03657881351365e-04 4.96006856089488e-06 -2.16405402030075e-05 6.45102951263836e-04 -2.08728973580449e-06 7.71003170864170e-06 1.29302192671758e-04 -2.85941461517555e-06 3.64158005394935e-06 -1.02143360236487e-04 -4.27342558306950e-06 3.51235911849523e-03 -2.09638735480666e-02 2.22299334754327e-03 1.79105368324163e-06 -2.93900000781633e-05 4.11774444412077e-05 1.84593017203456e-05 2.97353537240438e-04 3.26259805214015e-04 4.96495013531677e-06 -1.11464584689216e-05 2.19209524767921e-05 6.72744252953750e-07 -3.44154848377643e-05 -1.79142551966326e-03 1.04995688137705e-02 -1.22432405470780e-03 5.10973587065492e-05 6.09444889354286e-05 -2.57579955407941e-05 1.04143900176465e-04 4.63289640183790e-04 -2.02288315549126e-04 4.41758976162253e-05 -5.05106116902787e-05 -2.05623202040781e-05 -3.09356019822094e-05 4.89564869315739e-05 -1.79518596384512e-03 1.09645903772788e-02 -1.19718813735538e-03 -5.57592909766396e-05 6.08998180404195e-05 -2.61500873620725e-05 -1.00015414501544e-04 4.53953158921086e-04 -1.74332858916816e-04 -5.08297899731552e-05 -5.16359560024126e-05 -1.52877120543727e-05 2.70416167273240e-05 5.06861572206388e-05 1.06434656975651e-02 -8.84413594396892e-02 2.42530034008449e-02 1.51479816388832e-06 1.77629823729867e-03 1.01728295527756e-03 -2.44471825703188e-05 3.66351263129850e-03 1.16108042698555e-03 1.08124542071349e-05 -5.44807736553255e-04 3.02494062387941e-04 5.02902304514666e-06 6.02395863352172e-04 -5.47125507747112e-03 4.46604525844936e-02 -1.22819123315077e-02 1.18801175820412e-03 -2.59967117790423e-04 -4.92145494283618e-04 2.59076702264379e-03 -8.43929470727395e-04 -5.56382483340281e-04 5.98802472144942e-05 -7.80433964205268e-05 -1.51431072394465e-04 -2.64339563904896e-04 4.97740326305624e-04 -5.37583234038212e-03 4.45889905769557e-02 -1.21657823955089e-02 -1.19076236754917e-03 -2.64856871879107e-04 -4.91267096594174e-04 -2.62521199060155e-03 -8.05285599605323e-04 -5.79733987023185e-04 -6.25908480307756e-05 -8.00168912888657e-05 -1.49350517494963e-04 2.60783126076299e-04 4.98616420653661e-04
 4.76587946848109e-04 -1.22562030747891e-04 3.87483435683431e-03 -9.35366415320889e-04 -4.19772670740135e-05 -5.58766161640222e-06 -4.59140554252327e-03 1.92599954868501e-04 2.40818578002631e-05 2.07038626765311e-02 -1.06910293078083e-04 2.30051903033310e-05 -5.70238430238146e-03 1.56630596381156e-06 1.73642180924815e-06 1.16241965716609e-03 1.68512333132038e-06 -2.58141717925544e-06 -1.51736133399950e-05 -1.88490365058254e-05 5.99005220865282e-04 1.26717832007263e-05 2.13819805831907e-05 1.05630434638119e-04 6.48846523118331e-06 1.90163560801108e-06 5.77667017115863e-04 9.89966429242741e-06 -4.93631034877754e-06 -4.24511947814412e-06 -4.00812699791485e-03 1.89915002929369e-04 -1.02248983227308e-02 6.74231357950235e-03 4.92336157553752e-05 -3.05172325779136e-05 1.82705422074218e-03 9.90673514268767e-05 8.68185685875406e-06 -4.56479981208460e-02 1.04636048179806e-04 -2.38449192212866e-05 8.58386539596887e-04 1.12069478691891e-06 -7.60059160080683e-07 2.17233909588972e-04 -3.52801471365018e-06 1.33608974637372e-06 -4.01506376198289e-05 -1.04787119537035e-05 3.51291357559840e-04 3.57999329909831e-05 6.24907261546671e-06 8.63098093840196e-05 -1.00823121012958e-05 -3.86549538823654e-06 1.05525395241305e-04 -8.92109158850224e-07 -8.30828359510252e-07 -3.25713000754636e-07 -1.97640449535868e-04 -5.74329734432325e-03 -1.02308135834019e-04 6.39840427873994e-08 -4.70493029464776e-06 1.82141787105984e-04 4.04164145953771e-06 -5.91209649833089e-04 3.67687221671688e-04 -1.50466949929834e-06 1.16356952398203e-04 6.09199564998930e-05 8.15740845016652e-08 1.69273611386427e-05 -2.07919819519461e-04 -5.87370486983408e-03 -1.42864869333002e-04 -7.35503668388463e-06 6.28279934426338e-06 1.83638342958522e-04 -5.02860475826887e-04 3.02752080645608e-04 3.73786582347642e-04 1.82510549995247e-05 -5.82972353472493e-05 6.85420938951863e-05 1.05533199287342e-04 -5.38023002711180e-06 -2.15274681123077e-04 -5.51375542090164e-03 -1.19965937709692e-04 1.69696071680057e-06 -8.32119265899570e-07 1.83212556861245e-04 4.98587804746563e-04 2.94135853310781e-04 3.74476779267032e-04 -1.05123969043782e-05 -5.67274078185341e-05 6.01049498083253e-05 -1.02633996651369e-04 -7.98440300094678e-06 4.32565964280422e-03 -1.98423431627249e-02 5.50700123901915e-03 7.00180425215266e-06 5.43014783434984e-04 -3.68401002644032e-04 -1.23744506700299e-05 7.46563233386557e-04 -8.85230408676021e-04 -4.51482180415294e-06 1.05008857493002e-04 1.26969341441836e-04 -1.81587594988631e-06 1.40398901797938e-04 4.37975836292357e-03 -1.98935053738236e-02 5.54035527671052e-03 -4.68485045983727e-04 -2.71668728197318e-04 -3.73631287613049e-04 -6.42851001103731e-04 -3.59603770828152e-04 -8.74764878195408e-04 -1.19866634227986e-04 -4.79058436251470e-05 1.31349306463875e-04 -9.18537539101078e-05 -6.90138389924566e-05 4.09694898336665e-03 -1.97475066241615e-02 5.49179853711712e-03 4.79395177260734e-04 -2.74249594449344e-04 -3.71611622731116e-04 7.11726723403857e-04 -4.05860667234758e-04 -8.52300578476237e-04 1.26086570817513e-04 -4.90306565861204e-05 1.40357262812259e-04 9.12793195616938e-05 -7.75312308877001e-05
 -7.82622478708598e-05 4.80262527941659e-05 -5.05999961225655e-04 1.36911229214209e-03 -1.01587101564468e-02 -2.67156458298942e-04 -7.63994212904285e-04 -9.09100506489689e-03 -1.82342875826099e-04 -2.09343649625049e-06 -2.11700766298267e-02 5.45347655004364e-04 3.64496427300003e-04 -4.11578562521510e-03 3.84201435983068e-05 -3.08824343305751e-05 1.56520778635016e-02 -1.49053519910566e-04 -4.92637981355884e-03 1.83484776165419e-04 -6.30822819966495e-04 5.96076838180747e-04 6.30443190402122e-05 9.75700695855788e-05 3.47950634486363e-05 1.35175809249394e-05 -1.29634899555029e-04 4.86771407520157e-03 4.01962665570225e-05 1.00978407874542e-04 1.42527823527503e-04 -1.08059676638215e-04 3.30300275049322e-05 9.80601061858086e-04 -9.15863316189244e-02 -4.01822824616649e-06 9.90673514268767e-05 1.10879799459662e+00 -2.65986939386398e-04 3.45909004417222e-04 -1.62448175356292e-01 -5.68184641378137e-04 1.40203551440333e-04 -1.29852527989785e-02 -3.38941807910961e-05 -3.12306590168876e-05 1.44498101827823e-02 3.84018941270202e-05 -7.72475965153657e-03 -2.42990361246198e-05 5.01511053367477e-04 5.06246724051930e-03 -1.39687789122921e-04 8.48389904005186e-05 1.21424348127803e-03 1.51869122815613e-05 1.65453402431437e-06 -7.95967179706497e-04 -2.98546325763677e-05 -4.92629506443890e-06 -5.92334226831180e-04 2.12658558388333e-05 -2.52205352046663e-04 1.13664253540072e-04 8.34156936557144e-06 -9.22729945629713e-06 -9.85571835522251e-04 -3.32995873914965e-04 -8.51538807443279e-05 -2.16819550931821e-04 -2.98730646909318e-05 8.13275451432728e-06 1.11189554686655e-03 2.99238713086016e-05 -6.42297770291231e-03 6.50051848229154e-02 -3.86026219149776e-03 -7.16293816798525e-04 4.90702583996236e-04 -1.15079693174586e-03 -1.09261301724449e-03 -9.38391920812786e-05 -4.61230956324154e-03 1.64727721615994e-04 4.78091765992301e-04 -5.10296650502834e-04 1.85805326901337e-04 -2.91619918808637e-04 5.88096523249857e-03 -6.47922158509934e-02 3.33700951088855e-03 -6.82986323961787e-04 -4.54370407799422e-04 1.13753398229129e-03 -1.30700254715124e-03 -5.55734239918689e-05 4.39355925471274e-03 2.41653650509429e-04 -4.60449857878006e-04 4.16434801590867e-04 1.80212312969151e-04 2.72883199488133e-04 1.11582325425335e-04 1.57112021055707e-04 -6.58893058416708e-04 1.14489158848745e-02 -7.33105747519243e-05 -5.55619392984203e-05 2.87949866453457e-02 2.43915621246232e-04 -1.51039733979946e-04 -5.40463080153977e-03 1.51218216258295e-04 3.88219972158973e-05 -1.12830100708475e-03 6.30177812094764e-05 1.14207248581650e-01 -9.15633031973228e-01 2.58421362192514e-01 -1.30976151663698e-02 -1.41485447622566e-02 1.07757475665376e-02 -2.46508189802952e-02 -3.06158827551898e-02 1.29138422723905e-02 -6.62058721859394e-03 3.22173385004751e-03 3.02879880592505e-03 4.37594826896158e-03 -7.72844501063256e-04 -1.15160956905379e-01 9.16489785878097e-01 -2.59208394975694e-01 -1.31606155782834e-02 1.42673783578623e-02 -1.07942817749883e-02 -2.40389544706094e-02 3.08334586994778e-02 -1.32905646551027e-02 -6.57417425634422e-03 -3.24038836455044e-03 -2.94285003431002e-03 4.56583101184441e-03 6.08407629309372e-04
 -3.10882387651062e-05 7.04221858362409e-05 2.77352535946879e-06 -1.93786236286425e-03 3.99512718715782e-04 -1.23807024963655e-02 -1.76741416637528e-04 -2.66592696529822e-04 -8.87049668115260e-03 6.24794364057872e-05 7.46653341450697e-04 -2.18295479568457e-02 -2.03038524836019e-04 -2.94495218879115e-05 1.57729959113784e-02 -7.84832747435663e-06 3.99002305572519e-05 -4.31828115470638e-03 4.41651975394961e-04 1.67328190448811e-04 1.37566558134802e-04 -1.45038661338313e-04 -5.63357711887813e-03 -8.52903448969297e-05 8.12619784562021e-05 4.69964816192297e-03 5.33183869688922e-05 -4.28468965495833e-05 1.90586773363592e-04 -1.46795421385563e-04 -7.56492920380566e-05 -1.23952902036477e-05 -4.86446425806725e-04 7.87222667380655e-04 2.72891689072335e-04 -9.17884021258392e-02 8.68185685875406e-06 -2.65986939386398e-04 1.10887855905567e+00 -1.36161906485466e-04 7.99002926862608e-04 -1.61190095874073e-01 -3.67931478981848e-04 2.26262559762792e-05 1.45514851278971e-02 5.37611890279305e-05 -5.89221905241107e-05 -1.30418435206637e-02 -4.10826721366300e-04 4.47650364175026e-03 -9.16034360386642e-05 1.86088720514278e-04 -7.74620682034214e-03 2.10923641388058e-05 -9.08145101717427e-05 -8.70674052381311e-04 2.19441101823746e-05 -2.37015555271825e-05 1.24095157075583e-03 5.77876764652153e-05 -8.96361480798862e-03 7.56225735944105e-02 -4.48256793064337e-03 2.19630114384569e-06 -9.79312886395788e-04 -1.26585082003713e-03 -8.57154462725460e-05 -1.77915393710357e-03 -5.50813713220722e-03 -3.04970285452633e-05 -8.23588679175141e-05 -4.41652445369571e-04 -5.13495221266035e-06 4.22713074919404e-04 5.17535249516389e-03 -3.78493139393669e-02 3.46901388280106e-03 5.03086749260332e-04 -1.50995310813201e-04 6.35672181397876e-04 3.25792735998651e-04 -1.31339707055112e-03 2.99178893048617e-03 -2.31059029685174e-04 7.75718199524261e-04 3.08187711288716e-04 5.51448256280930e-04 -3.89166697738843e-05 4.04672933911516e-03 -3.75648432159801e-02 2.54277380213518e-03 -4.55532707972576e-04 -1.74952155938006e-04 6.40220871780751e-04 -2.97724498868407e-04 -1.28783956073606e-03 2.76080001485847e-03 3.07150301708272e-04 7.97951810849308e-04 2.54654502753499e-04 -4.97453685810570e-04 -8.46416088154867e-05 -1.32793208359010e-01 1.05816458213990e+00 -2.99291814151055e-01 -1.66157070221758e-05 -2.13504079877951e-02 -1.24642018749638e-02 2.81301074547277e-04 -4.22207701911848e-02 -1.48383905818884e-02 -1.22659016199867e-04 6.26920532865353e-03 -3.49956703043123e-03 -6.33304198665590e-05 -7.02197880611002e-03 6.71646126072672e-02 -5.29105327228541e-01 1.50232422611181e-01 -1.42091353204955e-02 3.27803446433655e-03 6.17825558544722e-03 -3.05860519508846e-02 1.13025692022837e-02 7.44016323883825e-03 -6.77094502689426e-04 7.51395397037826e-04 1.71561831588192e-03 3.16020095813502e-03 -5.79351700588249e-03 6.59960715330516e-02 -5.29182473870162e-01 1.48983301551272e-01 1.42564209846586e-02 3.33046444225802e-03 6.16095838100112e-03 3.09821736183087e-02 1.08113554865398e-02 7.67428054237746e-03 7.17748650658785e-04 7.74556861057366e-04 1.69369836577903e-03 -3.12268049156239e-03 -5.79787269121148e-03
 1.13376815134764e-02 8.97746418580669e-03 -2.60141985442049e-01 6.12912696912007e-02 1.04613423138504e-03 8.52681344655219e-05 1.31412568215548e-01 2.47887107300872e-05 3.64447443703116e-04 -6.24014318261749e-01 1.87934573013300e-03 -8.67051574631298e-04 1.72130243091072e-01 2.12667184015040e-04 -8.89286362452881e-05 -3.55032509384767e-02 -1.42548466652027e-04 1.27286676845951e-04 9.35781425468548e-04 4.78289873901751e-04 -1.94626651673510e-02 -4.86758603441236e-04 -5.69423101042146e-04 -5.40828507861599e-03 -2.91084907686536e-04 -5.48775774326834e-05 -1.84123539977369e-02 -3.16005830231869e-04 1.25846253983692e-04 1.30415329954763e-04 -2.78186277348967e-03 -1.64827937161705e-03 -1.60376051706658e-01 -9.85233766190764e-02 -1.86950480376572e-03 8.24830713774559e-04 -4.56479981208460e-02 3.45909004417222e-04 -1.36161906485466e-04 1.28645461190871e+00 -3.73736892285683e-03 8.76070344057688e-04 -2.62553798688301e-02 -7.11663720362010e-05 4.62106973145213e-05 -5.27902930780671e-03 1.04772949495410e-04 -5.08775233758882e-05 1.31818990321184e-03 2.23105181633492e-04 -1.17745775692479e-02 -1.20080675129410e-03 -9.72749235339501e-05 -1.17729168687782e-03 2.93011290553820e-04 1.31507242359552e-04 -1.36577859235213e-03 7.98208650823693e-05 5.31898641154905e-05 -2.13921033658679e-05 1.74695848154933e-02 1.09057112243278e-01 1.76444538989915e-02 3.82261440872354e-05 -1.32086926447334e-03 -6.00618747412147e-03 1.05825824745623e-04 1.80774379464904e-02 -1.01182500762711e-02 7.64111367768183e-05 -3.32580189164564e-03 -1.86468101048360e-03 1.77977731658772e-05 -4.78138667202353e-04 1.86093104177580e-02 1.09419604195054e-01 1.92425664281702e-02 -1.05023517851590e-03 5.82988205241147e-04 -6.07039897987929e-03 1.55275618908402e-02 -9.20147965765898e-03 -1.03298691059203e-02 -5.12951481928171e-04 1.67041756178135e-03 -2.11081893813248e-03 -3.02169412039346e-03 1.55011834739925e-04 1.63624929626938e-02 1.09086998439281e-01 1.72912255075683e-02 1.16211253288255e-03 7.17761554588946e-04 -6.00658481487274e-03 -1.50140035288332e-02 -8.98394136495853e-03 -1.02132100110926e-02 2.79509604405796e-04 1.59708283769086e-03 -1.82495412807390e-03 2.92394491821208e-03 2.16048451952046e-04 -8.25939663251863e-02 3.88249828989506e-01 -9.02204299571395e-02 -1.75633568200301e-04 -1.02057688005462e-02 1.27764287451481e-02 4.19771167494555e-04 -1.44812638207582e-02 2.85872916552580e-02 1.46041084896728e-04 -3.73791520904069e-03 -3.04528742819881e-03 6.88616130975620e-05 -3.02934361350346e-03 -8.37998885579676e-02 3.87338491002344e-01 -9.02007248665667e-02 8.71179005697678e-03 5.06729428572073e-03 1.30143211298832e-02 1.23195449862034e-02 6.67087625088507e-03 2.83944049391279e-02 2.55494425197802e-03 1.76536106481193e-03 -3.18990440288159e-03 3.28964002417586e-03 1.48719519686398e-03 -7.57922436280557e-02 3.87522012727045e-01 -9.02740770487930e-02 -9.11961653178978e-03 5.20830535567212e-03 1.28624971979957e-02 -1.46126761269003e-02 8.30138800160745e-03 2.74295504730901e-02 -2.75485443288329e-03 1.74907314879012e-03 -3.45727393115250e-03 -3.22768921976413e-03 1.72878749395644e-03
 -5.32020304443686e-06 -8.65172428376086e-05 2.34066072584445e-03 -7.75684833437505e-04 1.49492180382427e-03 1.12599077288180e-05 -1.88324825174259e-04 1.20609091487879e-03 2.29633667837204e-04 1.42868331913930e-03 3.12116167676302e-03 -1.30321291328149e-04 -4.73211245164804e-04 5.97245283430345e-04 1.64891633579873e-06 7.32232287088485e-05 -2.29030132003683e-03 2.67339079398442e-05 7.11290797175753e-04 -2.61174915006072e-05 1.10082966893629e-04 -8.65376854615254e-05 4.81136070313584e-08 2.66162256636802e-05 -3.08496639275256e-06 1.23376581675843e-06 8.05765193568117e-05 -7.12029436852741e-04 -7.64680887816135e-06 -1.50745625231942e-05 -1.73523892270670e-05 1.18636572034945e-05 8.38617535665533e-04 -6.02845013584572e-05 1.34222965175311e-02 -6.10282264041639e-05 1.04636048179806e-04 -1.62448175356292e-01 7.99002926862608e-04 -3.73736892285683e-03 2.38134757668396e-02 -3.01843296900669e-05 9.81662419318784e-05 1.90239930011122e-03 1.33478409896908e-05 2.16319373288850e-05 -2.11650301931984e-03 -1.39714465235495e-05 1.12726840927966e-03 2.51320933423175e-06 -2.31528411837272e-05 -7.35470337228869e-04 1.53884252570185e-05 -1.07938601633408e-05 -1.78806286439596e-04 -2.37413482197460e-06 1.56652825613951e-06 1.15795453021865e-04 4.99519555759016e-06 8.77800527976508e-07 -7.59656774154576e-05 3.31504701612574e-04 -1.68373965066113e-04 -1.76159637061972e-05 1.76050474497715e-05 1.96526764628766e-05 1.39765648972842e-04 -6.38593842873958e-06 2.49161108182713e-05 3.09898116255409e-05 1.19635768612666e-05 3.09177128815789e-06 -1.63226589414687e-04 -3.32897396080334e-06 7.03991549241596e-04 -8.81618648836086e-03 3.04886997417578e-04 1.25225171510057e-04 -8.24702910159042e-05 1.90199454137338e-04 1.12503687218246e-04 4.47953450678875e-05 6.98867002871462e-04 -2.32690885446055e-05 -7.35084976166635e-05 8.06723042554476e-05 -1.92178769744946e-05 4.30491912871825e-05 -1.04893567342330e-03 9.96862372142336e-03 -7.16929513492008e-04 8.05806404036212e-05 5.72872332955372e-05 -1.46187035678282e-04 2.33070432233222e-04 4.11911240979561e-05 -6.23082791011897e-04 -3.59524929112156e-05 6.46376657660870e-05 -5.61742805376319e-05 -3.39247360263040e-05 -3.94280743836182e-05 9.96322881038408e-05 -2.63320549589401e-04 1.09802333191725e-04 -1.67686063384423e-03 2.25416563589090e-05 -3.93606661231352e-05 -4.22046945001836e-03 -3.14179888198976e-05 -7.84014819154764e-05 7.91182329735059e-04 -7.15623341052113e-06 9.06346520531129e-07 1.65187441647668e-04 -5.45200393439175e-06 -1.64695553675754e-02 1.32838284491570e-01 -3.75309648214197e-02 1.88693204546235e-03 2.06219070707481e-03 -1.61380875283309e-03 3.56472815674911e-03 4.48112966400240e-03 -1.97608714346725e-03 9.62559894557814e-04 -4.77024009667310e-04 -4.33367245326153e-04 -6.48568354865072e-04 1.05479261670063e-04 1.71119450989226e-02 -1.35563741659431e-01 3.83095976178209e-02 1.96116579832741e-03 -2.10120515282546e-03 1.54712539628852e-03 3.57372273540347e-03 -4.52677582657157e-03 1.86792599274179e-03 9.70889452341946e-04 4.69805926219993e-04 4.42061869339985e-04 -6.61260663318442e-04 -9.74962941822654e-05
 9.12031604210371e-05 -9.08468818942362e-06 -1.04763668547715e-05 2.62287936571452e-04 -1.47562257879185e-04 1.92516145576444e-03 1.41172655123708e-04 1.22435715104204e-03 -2.52696202973177e-04 -6.18975391219731e-04 -3.08629800678557e-04 3.45061426079890e-03 1.87878538972551e-04 5.40913079268528e-05 -2.26372770445486e-03 -3.84559703304856e-05 -3.66208164989594e-05 5.65995048262295e-04 1.07955252984011e-05 -3.39365170582990e-05 -4.89975986968002e-05 2.75107522369276e-05 7.22893679344784e-04 1.12985228921743e-05 -2.04172351071740e-05 -6.81389804046759e-04 -2.17570085960632e-05 2.30238429596330e-06 -1.60565449164512e-05 2.12420248651907e-05 6.53119394518249e-05 6.56143016241218e-06 -8.32789324312397e-04 -5.71550401477876e-05 2.87473593314626e-05 1.33187506496385e-02 -2.38449192212866e-05 -5.68184641378137e-04 -1.61190095874073e-01 8.76070344057688e-04 -3.01843296900669e-05 2.34368270275102e-02 4.14226670971770e-05 6.36400060525881e-06 -2.10458748739066e-03 -9.02165062509217e-06 -7.36360971749831e-06 1.89236452630215e-03 6.46335329833806e-05 -6.24477066952239e-04 6.65581667297737e-06 -5.00501159202528e-05 1.12525898352624e-03 -1.96162690868277e-06 1.27350007736704e-05 1.20365612161735e-04 -1.51914575463201e-06 8.83404466652694e-06 -1.80449007407001e-04 -8.59192007595733e-06 9.87167904114747e-04 -9.12354166725571e-03 4.30580400023563e-04 8.23738772548484e-06 1.56364565064408e-04 1.85771485503505e-04 4.86633760368773e-05 2.57817707547591e-04 8.05016550449946e-04 9.58832792208252e-06 1.09688682931250e-05 6.39496282140465e-05 2.14095682073759e-06 -6.22705871514025e-05 -4.00807601112137e-04 3.77558118416128e-03 -2.69380351569807e-04 -8.64754294745071e-05 2.34492284952817e-05 -1.04636800369964e-04 -3.03471076478781e-05 1.54603973501281e-04 -4.56976641843715e-04 3.15144778440904e-05 -1.11431533835351e-04 -4.80956933528052e-05 -8.51748088484516e-05 3.17315912021511e-06 -6.51220336429342e-04 5.98776258860461e-03 -4.19797112813193e-04 7.01685933283700e-05 1.17397111498978e-05 -9.74316329060413e-05 6.42651053186106e-05 1.30764762360652e-04 -4.10939580147332e-04 -4.02672003355488e-05 -1.17384664102940e-04 -3.88023726618360e-05 7.59901391913706e-05 5.45907095999773e-06 1.93506651324291e-02 -1.53733870977525e-01 4.36225142323026e-02 -3.66692343659237e-06 3.10468679355009e-03 1.82710534584953e-03 -5.11575938252078e-05 6.11802453033341e-03 2.19092941852581e-03 2.23706086065171e-05 -9.12868699325078e-04 5.06219090221982e-04 8.48745573098520e-06 1.01798779552476e-03 -9.80207888885338e-03 7.73939504636775e-02 -2.19042595526749e-02 2.07067697341113e-03 -4.70472568881663e-04 -8.90623402299396e-04 4.46741422091270e-03 -1.63169019814504e-03 -1.06304642823262e-03 1.03768752959026e-04 -1.07480895652241e-04 -2.52485975025762e-04 -4.59570638287566e-04 8.41033977771903e-04 -9.54465262180589e-03 7.62373451095814e-02 -2.15116314688994e-02 -2.06133960247291e-03 -4.94430921051986e-04 -8.79613474417778e-04 -4.47282433683229e-03 -1.60228834467995e-03 -1.09545186072153e-03 -9.90047394088496e-05 -1.06655066192452e-04 -2.43919128399348e-04 4.45499360009135e-04 8.40488762106383e-04
 -3.26805908722799e-03 -1.29286704628960e-03 3.62889071914486e-02 -9.55718001716012e-03 1.63271933771390e-04 -7.37026375564584e-05 -7.21980170087736e-04 -2.41195986881827e-03 2.61240114502410e-04 2.52023337528882e-03 4.36652343766490e-04 -1.96940132669607e-05 -1.29818764224458e-03 -1.01931330379222e-04 -4.23059939905164e-06 -1.66326991147917e-04 5.04668217868924e-05 4.33526345025749e-06 -1.72559032050157e-04 7.62596030926586e-06 -6.06031764041099e-04 -2.66509964895593e-06 -7.69064612295893e-06 6.27558259473450e-04 2.70149428064617e-05 2.11196406111954e-06 5.04253699759681e-04 1.15966261666895e-05 -3.59770514641142e-06 1.97637064101720e-06 -6.00391014237280e-04 -2.49027673538025e-05 -4.20778845593131e-03 5.79905359020739e-04 -6.09219489083217e-06 2.26971289825234e-05 8.58386539596887e-04 1.40203551440333e-04 -3.67931478981848e-04 -2.62553798688301e-02 9.81662419318784e-05 4.14226670971770e-05 1.51598797613919e-03 -5.68561721335544e-06 -6.81139415747074e-06 1.85284073106406e-04 1.59826349918090e-05 4.97627696124154e-06 -3.05664626577925e-05 -1.12660230049710e-05 5.73158153999382e-04 7.49011712862147e-05 4.78335401356192e-06 2.86029032650095e-05 -5.83310054988814e-06 -1.49472159116538e-06 3.65190867099076e-05 -1.18893003605814e-05 -2.47562779528513e-06 3.86843519068161e-07 -3.41228766887846e-03 1.53055695936044e-02 -4.09924584848508e-03 -1.69131135059860e-05 3.89952842081319e-04 1.58101437947666e-04 -8.54374971583879e-05 -3.97655840663273e-04 -4.45105935689102e-05 -1.19086964548447e-05 2.67299739927849e-05 1.83436163329924e-05 -5.37357718257628e-06 -6.75959956159888e-06 -3.83458612282423e-03 1.79796251034565e-02 -4.44467993223985e-03 3.47906779488109e-04 -2.09065538877683e-04 1.68315134625464e-04 -3.65522164892343e-04 1.68416527690123e-04 -6.59390968296564e-06 -9.57312756918252e-06 -1.82748416391874e-05 2.45056248175627e-05 2.93391559717662e-05 1.93023371086590e-06 -2.95889826641638e-03 1.35046965565490e-02 -3.88797515388260e-03 -3.29812318520230e-04 -1.79250086330614e-04 1.49872244444334e-04 2.73653856199613e-04 2.19774125954651e-04 -4.82823136991807e-05 5.16312024413213e-06 -9.27327350603805e-06 1.58334219706939e-05 -2.45205274740557e-05 9.56262159132302e-06 2.58560160678369e-03 -1.07242999427526e-02 3.55947830049703e-03 4.62426623544752e-06 3.32568728072948e-04 -2.16104267307409e-04 -2.16587955299450e-05 2.94423192157411e-04 -6.17489274036209e-04 -5.14428023368348e-06 5.20119043303649e-05 8.46782726961530e-05 1.71723923232739e-06 9.03121790063897e-05 2.56569256623246e-03 -1.04385503523307e-02 3.43262238988049e-03 -2.76666394098693e-04 -1.65461770434560e-04 -2.26711792261647e-04 -2.42111851338199e-04 -1.28304402570387e-04 -6.44101856649059e-04 -7.49846741083758e-05 -2.58376312834757e-05 8.72429121167145e-05 -4.49212909076523e-05 -4.05200212900908e-05 2.41009157835566e-03 -9.85833651113288e-03 3.44892886927220e-03 2.78163074765860e-04 -1.62694998697596e-04 -2.20482269426337e-04 2.42868662277205e-04 -1.53977273732996e-04 -5.94264385387297e-04 7.23904206261717e-05 -2.66745821856607e-05 8.78083718593339e-05 5.27556678887868e-05 -4.37384989540187e-05
 -4.22842932643068e-06 -1.14608715831321e-06 2.40524131106504e-05 -2.73580640425872e-05 -3.76917981450433e-05 6.23038877535804e-06 3.25713199429115e-07 2.03859965220917e-03 1.09121714616577e-05 3.92563551169054e-05 -1.02907835875366e-04 -1.16718840771370e-05 -1.93957085409870e-05 1.25789039458704e-04 -6.75814160303143e-07 2.36381071989207e-06 -2.19710393445783e-04 2.54170430369644e-06 1.75928753560071e-04 -3.18684253360881e-06 8.55851670590010e-06 4.05073203556529e-06 8.91285867078512e-07 -9.67459410365689e-07 -1.45157003337013e-05 -5.82954079165815e-07 2.55961476410151e-06 -5.90809340119125e-05 -5.91593851505878e-07 -1.24694911161045e-06 -2.34316765706339e-05 1.01998955383023e-06 5.62104901550521e-05 -1.35044756850681e-05 1.10466124377729e-03 -8.63528028708629e-07 1.12069478691891e-06 -1.29852527989785e-02 2.26262559762792e-05 -7.11663720362010e-05 1.90239930011122e-03 6.36400060525881e-06 -5.68561721335544e-06 1.56388945158330e-04 5.43631608686269e-07 3.58011489990680e-07 -1.82497238468204e-04 -5.73878407225521e-07 8.99230220667545e-05 7.77452790502674e-07 -4.35738464247931e-06 -9.11137824643095e-05 7.92775317028534e-07 -1.02442028586668e-06 -1.42351163684751e-05 -1.35402556777518e-07 -1.93049248522818e-07 1.73368726364286e-05 2.34387016816860e-07 -5.25449648169354e-08 1.11007703310440e-05 -1.38301724189914e-05 2.30905702050933e-06 1.27046696568213e-05 -2.50776311408614e-08 4.07942148446973e-07 7.04379786712656e-05 4.35560724861573e-06 2.19753407563667e-06 1.08877551696182e-05 6.75663371665700e-07 1.12303678077825e-08 -9.79140845034251e-06 -6.16022867881114e-07 4.02931092974348e-04 -2.54677472454472e-03 2.72199095179548e-04 4.46476034152603e-07 7.11566997283237e-06 6.61781920128687e-06 4.07615620267727e-05 1.89172689513810e-05 4.01860171655836e-05 3.47210265637119e-07 -3.15009214274044e-06 4.63778962626885e-06 -2.79251975601921e-06 6.96693014033713e-06 -4.05116305785280e-04 2.54469233166739e-03 -2.66126511180510e-04 -5.62152464691180e-07 -7.46864168185016e-06 -5.71715611618551e-06 4.59988255794614e-05 -1.56456555410142e-05 -3.60456121177631e-05 -6.85467872322476e-07 2.89292946734830e-06 -3.29888080813270e-06 -3.06418191480778e-06 -6.57129848577268e-06 -6.94430414897331e-06 1.54308983509280e-05 4.09800454855064e-06 -1.33467842794513e-04 6.48043487467555e-07 -5.34765190603113e-07 -3.28810167477324e-04 -3.30110198310091e-06 -1.35720470079427e-07 6.56313418432996e-05 -1.37577794444956e-06 -3.25556696769195e-07 1.08738367780825e-05 -8.31382409267652e-07 -1.29878604585663e-03 1.08476756042904e-02 -2.96718624149759e-03 1.54982474773885e-04 1.66595363779139e-04 -1.24467873058380e-04 3.10399205428770e-04 3.66333740475322e-04 -1.43041740368485e-04 8.04139121499536e-05 -3.84211316334628e-05 -3.72736459906070e-05 -5.45297462941832e-05 9.37427785703990e-06 1.31448972393291e-03 -1.08776145505292e-02 2.97987802529286e-03 1.56123375214150e-04 -1.67562574589345e-04 1.22908478518685e-04 3.03404292185165e-04 -3.68824148223692e-04 1.44220743355425e-04 7.98806380818179e-05 3.83481796150783e-05 3.63849180900013e-05 -5.63525977142340e-05 -7.68148314683866e-06
 3.44831016486035e-06 2.78646492370202e-06 -1.52671019461221e-05 -3.44582579760009e-05 5.21924818314764e-06 3.12738073905533e-04 7.77232987370801e-06 -2.02334768215427e-05 -6.05498228038359e-03 -4.17093706544838e-05 1.73278945390089e-05 7.92847063946131e-04 1.08187842563327e-05 -1.23053463394228e-06 3.20000656699248e-04 -2.16635759134477e-06 9.85755786682358e-07 -2.95999933385118e-04 1.78688183289556e-06 -3.34827466767044e-05 4.00950300464416e-06 2.42501932908157e-07 -4.42729088877035e-04 -2.58878217293471e-06 2.34216891239667e-06 6.97047307846237e-05 -4.57948588877009e-07 3.52668334663283e-07 4.72120031998742e-05 -2.56685824819456e-06 1.40564729296412e-05 3.07328952628008e-07 -1.17836137715419e-04 1.29687310421082e-05 7.12964935948690e-06 -1.30009228062397e-03 -7.60059160080683e-07 -3.38941807910961e-05 1.45514851278971e-02 4.62106973145213e-05 1.33478409896908e-05 -2.10458748739066e-03 -6.81139415747074e-06 5.43631608686269e-07 2.31696872212488e-04 9.41846039744789e-07 -9.76307355120601e-07 -1.84236666182934e-04 -5.87664247938337e-06 1.58148563893072e-04 -2.80839814671515e-06 2.97466497198896e-06 -1.03366027735288e-04 2.37541801912981e-07 -1.22920529721261e-06 -3.57648985198742e-05 5.59928234426061e-07 -5.68912539341698e-07 1.60496011317116e-05 5.24055835400869e-07 -1.30158156567400e-03 7.34475627651468e-03 -8.53498006557184e-04 -1.02177931284615e-07 3.48660970430388e-05 8.65084773737586e-06 -2.99678537898106e-06 -8.16269858914475e-05 -2.09407823379056e-05 -9.91569862366953e-07 5.40859900173803e-06 -2.20956026855120e-07 -5.14552286281487e-08 5.08552081420841e-06 6.62083923220946e-04 -3.63833424400976e-03 4.51252460326999e-04 -3.26887976508400e-05 -2.23515816509000e-05 -5.27940713103199e-06 -4.52746271175910e-05 -1.70360378476162e-04 1.54222636911522e-05 -1.38159732611436e-05 5.03309696186678e-06 1.13864348227569e-06 -1.32050922267043e-07 -1.97350862811015e-05 6.54454927965778e-04 -3.66059537034764e-03 4.36592430107314e-04 3.28896510277428e-05 -2.29956034610578e-05 -4.55776901915111e-06 4.60622336496116e-05 -1.68521907002231e-04 9.76800473223455e-06 1.50813307842878e-05 4.78974214492056e-06 2.82898802396558e-07 4.74048813925774e-07 -1.98043055131175e-05 -1.61142530303361e-03 1.43361495178407e-02 -3.71854328781259e-03 -7.31792346306727e-07 -2.86027407571115e-04 -1.53019789445424e-04 3.62712073350537e-06 -6.29476887913706e-04 -1.56915426281298e-04 -1.51766283280345e-06 9.19352575689408e-05 -5.21627649230844e-05 -7.87719958396266e-07 -1.01852164701895e-04 8.23914927499602e-04 -7.18275710634866e-03 1.88607419794848e-03 -1.89205774830815e-04 3.97471885217656e-05 7.70622975801535e-05 -4.21415524404993e-04 1.12438159882022e-04 8.13549566949010e-05 -9.53466389591831e-06 1.71046235234731e-05 2.54826154229795e-05 4.35140695676888e-05 -8.33777401790812e-05 8.16542834567846e-04 -7.23265632901475e-03 1.87778617764591e-03 1.90367049554536e-04 3.95779059336103e-05 7.75687001751450e-05 4.30606841943826e-04 1.04237852453866e-04 8.58325597701548e-05 1.05170428281241e-05 1.77229616394056e-05 2.54092132107505e-05 -4.34458479679407e-05 -8.36743057641248e-05
 2.33621167075253e-05 -1.03196491301500e-04 2.97667764707051e-03 -7.99661718852690e-04 3.42544412755252e-06 -4.12267043687159e-06 -3.43736693004198e-04 -7.49439688119477e-05 -2.28525321657293e-05 1.32944590930818e-03 9.82832267742524e-06 6.24427624241982e-06 -4.22366030961782e-04 -3.48055532416492e-06 1.75674096398177e-06 4.29605296786235e-05 1.34979808709942e-06 -1.94452655135324e-06 -7.54883329908749e-06 -1.06412586647319e-06 -3.29274897697364e-05 5.65269285447474e-07 -2.94071953199924e-06 5.49660159045454e-05 1.61874317678209e-06 7.14887584929014e-07 7.30631147506561e-05 1.13157873330686e-06 -2.92696357044598e-07 -5.43032839621008e-08 3.12860164709532e-04 2.97124069376106e-05 -3.05340241245613e-03 8.86385724096671e-04 7.55894885115540e-06 -7.90957041899751e-06 2.17233909588972e-04 -3.12306590168876e-05 5.37611890279305e-05 -5.27902930780671e-03 2.16319373288850e-05 -9.02165062509217e-06 1.85284073106406e-04 3.58011489990680e-07 9.41846039744789e-07 3.47833366754361e-05 -3.15032117091368e-07 -6.56748192155111e-07 -4.10876337663978e-06 -7.53472546934109e-07 6.66492451361186e-05 6.20457096593548e-06 5.26241928627876e-07 1.35351054903224e-05 -1.21391700033314e-06 -5.54212429903328e-07 1.72568097260019e-05 -3.92297253270019e-07 -6.09825011288562e-08 -1.28408554861569e-07 -2.92619628792958e-04 9.12400413597520e-04 -3.34062383075353e-04 -5.77174736444701e-07 3.02704011739126e-05 2.22773269705810e-05 -3.25222272224475e-06 -6.87853836813319e-05 1.92127433264313e-05 -5.54276779364057e-07 9.42072746884916e-06 4.77752358596624e-06 -2.82318516372723e-07 4.66543256940007e-07 -2.92379221255190e-04 9.37323775065286e-04 -3.41797119283602e-04 2.59242947946196e-05 -1.53472612499810e-05 2.26674823003516e-05 -5.85613591242154e-05 3.14167423508056e-05 2.23236442541192e-05 2.85245343225476e-07 -4.99110874701026e-06 5.61065181492190e-06 8.86446319816291e-06 -1.09322243169764e-07 -2.61797257507517e-04 8.02912623329365e-04 -3.21463372594956e-04 -2.56850056103308e-05 -1.47549288502292e-05 2.18757365512993e-05 5.50626232572520e-05 3.35783276769702e-05 2.02539208297700e-05 -4.43307018236159e-08 -4.42717754628923e-06 4.60764339546210e-06 -8.42476298055479e-06 -4.94948017141070e-08 6.75688449285353e-04 -2.91622882274842e-03 9.45724991884587e-04 3.29522725052584e-07 8.61938138116265e-05 -3.30237566307323e-05 -3.62921729338014e-06 1.00204682295459e-04 -9.64218651090706e-05 -2.34920964849507e-07 7.97447086643112e-06 1.79929874563096e-05 5.20163447896438e-08 2.11352502343663e-05 6.88525801338413e-04 -2.97312526918250e-03 9.61181585726175e-04 -7.55668979723630e-05 -4.29636876966401e-05 -3.30688361648116e-05 -8.91383197629290e-05 -4.75054904990673e-05 -9.67449501896400e-05 -1.80314391358817e-05 -3.38227535889347e-06 1.85962614272972e-05 -6.50469583380415e-06 -1.07955745548299e-05 6.65607348679831e-04 -3.01300617470446e-03 9.76392321125716e-04 7.76752931010686e-05 -4.42897727140592e-05 -3.18466994471579e-05 9.73558690866673e-05 -5.58426490796478e-05 -9.17964068162291e-05 1.91865246070547e-05 -3.30670107645483e-06 1.97188281433762e-05 6.53250175731188e-06 -1.17585692566190e-05
 7.76747711429589e-06 1.20078469129014e-06 -2.93962159701017e-05 4.62580771412129e-05 3.49533146004580e-04 -1.45224092129969e-05 2.87475169307286e-06 -6.06423064563528e-03 -1.07577146331566e-05 -4.47054256774875e-05 8.03543602773210e-04 1.99620955929379e-05 3.09395256141922e-05 -2.92431896751590e-04 9.14475182431389e-07 -1.72678246257502e-06 3.16035009050396e-04 -3.66565479986582e-06 -4.28163578508265e-04 5.66037883595141e-06 -8.20970338780297e-06 -2.60967007506714e-05 -2.95514880336660e-06 1.33462522566527e-06 4.39068371596547e-05 1.47873843286878e-06 -2.82151764230434e-06 6.98546951489468e-05 7.45996095437437e-07 1.49620379737410e-06 2.07490299614346e-05 -1.88772971033566e-06 -1.05869835025224e-05 -1.35251011283005e-07 -1.29204312217371e-03 2.60900173371158e-06 -3.52801471365018e-06 1.44498101827823e-02 -5.89221905241107e-05 1.04772949495410e-04 -2.11650301931984e-03 -7.36360971749831e-06 1.59826349918090e-05 -1.82497238468204e-04 -9.76307355120601e-07 -3.15032117091368e-07 2.29147522670969e-04 8.80193190272128e-07 -9.91703904599407e-05 -2.12902779604097e-06 3.07527662162147e-06 1.64037723695398e-04 7.31178573899188e-07 9.07066929282310e-07 1.58444224858110e-05 1.23414685913117e-07 1.49220290589726e-07 -3.50558216281654e-05 -4.09784830932771e-08 2.87688399988867e-07 -1.83053216755511e-05 8.94607825833974e-06 -4.64598665276953e-07 -4.17157923278339e-05 -1.30016574466626e-07 -4.01311319266884e-07 -1.94094800834742e-04 -7.45173277138071e-06 -3.92707286088859e-06 -2.85248907890677e-05 -1.07159464801236e-06 -1.38002461876627e-08 4.54730675943009e-06 1.26893096058628e-06 -1.09577052181257e-03 6.33799691529116e-03 -7.51914496825425e-04 1.53417070924095e-05 -3.31855790587212e-05 6.89144146675890e-06 -1.01794076665767e-04 -5.45855778556238e-05 -1.64021060744606e-05 -4.76054644656182e-06 -1.45419713075810e-06 -2.26419243407616e-06 4.65161531489463e-06 -1.46895563758667e-05 1.10812547171798e-03 -6.34375562245602e-03 7.39337104750453e-04 1.71988358091310e-05 3.34244548344919e-05 -7.80687269859413e-06 -1.10095564858480e-04 5.08350973841543e-05 1.09828251140833e-05 -3.51608756363648e-06 1.55262654238994e-06 8.02385051454322e-07 4.96299876805157e-06 1.39755368301484e-05 1.14227564870073e-05 -2.35879851314552e-05 -1.41978345523826e-05 1.47338489752442e-04 -1.28386651494357e-06 9.82038260295992e-07 3.49354712721076e-04 3.70400465663856e-06 2.18687979986582e-07 -7.76475849128743e-05 1.35951252823502e-06 1.64367551747848e-07 -7.51864650371982e-06 1.00511218738248e-06 1.36335114601714e-03 -1.22926150610874e-02 3.17148804018162e-03 -1.74838498778743e-04 -1.86672608341065e-04 1.33254595222109e-04 -3.87298448956776e-04 -4.22265393054925e-04 1.39691596500808e-04 -9.50458811695533e-05 4.37912477966530e-05 4.50890704799850e-05 6.65952260961670e-05 -1.10165615964294e-05 -1.40238463257365e-03 1.24117116449138e-02 -3.22052440122504e-03 -1.78370647943289e-04 1.87868953710461e-04 -1.31724372908706e-04 -3.81103800237860e-04 4.26121227468369e-04 -1.41294841103834e-04 -9.46479207830968e-05 -4.37690684586358e-05 -4.41702897305362e-05 6.88861350569762e-05 9.67204702898231e-06
 2.55246756679261e-06 -1.05180349678209e-06 -5.10188940425432e-06 2.87713089080122e-05 -7.41320272210351e-06 -6.94642201593137e-06 -6.59676783648340e-06 3.85427101110857e-05 2.01198190658168e-03 4.05135523285131e-05 -1.72594357395129e-05 -8.99796433393802e-05 -9.15929479564328e-06 1.72946034494537e-06 -2.21819284824004e-04 2.57218557212369e-06 -8.21941725544691e-07 1.27674021987497e-04 -2.19939619048282e-06 9.45806961746612e-06 -9.03958825698361e-07 1.22241966741051e-06 1.84794357367125e-04 1.33670802442252e-06 -1.57740224820412e-06 -5.78620361652370e-05 2.67844411963284e-07 2.98857322876803e-07 -1.66081769103946e-05 1.92604332585305e-06 -1.02586401137288e-05 -1.09244037813888e-07 7.10431884254508e-05 -1.00163073692806e-05 -5.89591247096625e-06 1.11023643964343e-03 1.33608974637372e-06 3.84018941270202e-05 -1.30418435206637e-02 -5.08775233758882e-05 -1.39714465235495e-05 1.89236452630215e-03 4.97627696124154e-06 -5.73878407225521e-07 -1.84236666182934e-04 -6.56748192155111e-07 8.80193190272128e-07 1.57599617469992e-04 4.75866840680533e-06 -8.45773260714157e-05 1.78064868805919e-06 -2.71075810497637e-06 9.16419023832438e-05 -2.55270401663497e-07 1.09953953003382e-06 1.80551533248911e-05 -3.82690616732239e-07 4.65100423542150e-07 -1.45243530328266e-05 -6.04253058138621e-07 4.87176931476401e-04 -2.94472294933604e-03 3.09761224229739e-04 2.36433132355182e-07 -3.99092433296487e-06 6.95466532359290e-06 2.51089662082432e-06 3.90947260786822e-05 4.87736990214102e-05 6.71720485530701e-07 -9.84983900756370e-07 3.47992333913078e-06 1.31471996939215e-07 -4.79990303879171e-06 -2.45453467122105e-04 1.41322649873877e-03 -1.65932301308665e-04 6.40172885841815e-06 8.62532514504443e-06 -3.05597729191202e-06 1.20126976647350e-05 6.52067268407805e-05 -2.73953452479441e-05 6.24992342424054e-06 -7.48334188588199e-06 -2.64133426986159e-06 -4.01206102173358e-06 6.67065397922544e-06 -2.44506560940993e-04 1.47115642664908e-03 -1.61078891411593e-04 -7.11883113829937e-06 8.58504775442144e-06 -3.04549727989284e-06 -1.16326593881626e-05 6.38708871904809e-05 -2.31722178228364e-05 -7.14146094986157e-06 -7.67059738244208e-06 -1.90558638777005e-06 3.48117621542565e-06 6.94045781995791e-06 1.51968456368495e-03 -1.25919813592481e-02 3.45155089145291e-03 6.38723358264397e-07 2.52974475730119e-04 1.42704020804655e-04 -2.49910243621277e-06 5.20952103445917e-04 1.61421627350562e-04 1.31904276157104e-06 -7.66736865584656e-05 4.32134612706642e-05 6.65034886129472e-07 8.57292099344137e-05 -7.68215035168056e-04 6.27895236009069e-03 -1.73409552037668e-03 1.67742959283659e-04 -3.78080694131533e-05 -7.15995312019626e-05 3.65826967237503e-04 -1.22054357544367e-04 -8.27617341037282e-05 8.04493971297320e-06 -1.11767820745779e-05 -2.10384425105998e-05 -3.79147373094325e-05 7.04777443410843e-05 -7.63668365160568e-04 6.33351003363472e-03 -1.73568426838613e-03 -1.69008860568445e-04 -3.75206843753982e-05 -7.22044642335568e-05 -3.72140363233483e-04 -1.14580494843694e-04 -8.68485924684104e-05 -8.87674335542306e-06 -1.16807930231254e-05 -2.09212840707482e-05 3.77154450112078e-05 7.06168771733597e-05
 3.71034303401214e-05 1.68297111493653e-05 -4.83206669045335e-04 1.06736257706222e-04 8.83780757875633e-05 -3.07607168801264e-06 1.41788616327504e-04 -1.36299867118297e-04 1.20489858169875e-04 -6.87934013417540e-04 1.85206042594322e-04 -1.72501401242048e-05 1.88449789351482e-04 2.09512419505149e-05 -8.42109180227086e-06 -3.92862957311269e-05 -1.05506579903256e-04 7.39753797443643e-06 2.32009531733548e-05 -1.29061296286985e-07 -1.85336249829067e-05 -5.99685411219930e-06 8.10543553175521e-06 -9.69872382079938e-06 7.73831422460591e-07 -2.00369993231516e-06 -2.09833684734411e-05 -3.40876841646067e-05 -1.09437323339687e-06 -4.85444939623868e-07 1.58624443614601e-05 4.57663636587866e-06 -7.56536373015746e-04 1.45689132258004e-05 6.32326236762158e-04 3.67639927965285e-05 -4.01506376198289e-05 -7.72475965153657e-03 -4.10826721366300e-04 1.31818990321184e-03 1.12726840927966e-03 6.46335329833806e-05 -3.05664626577925e-05 8.99230220667545e-05 -5.87664247938337e-06 -4.10876337663978e-06 -9.91703904599407e-05 4.75866840680533e-06 5.56694791951179e-05 -3.33398137922275e-06 -1.83531870708683e-05 -3.34438405420377e-05 3.97046932501570e-06 -1.55716325922425e-07 -8.11900446380690e-06 8.49026841096498e-07 7.26541075197609e-07 4.85869108377274e-06 -1.40178561044733e-07 -3.32422144799165e-08 6.55057525402800e-05 -1.19482697042726e-04 5.88171112429306e-05 -2.20569190286920e-06 -4.13116565396827e-06 -7.30446729968041e-06 1.02335908041576e-06 2.44557205604302e-05 -8.36578029472845e-06 7.61316035084144e-07 -3.36360685877021e-06 -2.11166578636276e-06 -8.05113983577288e-06 -8.10254633798080e-07 3.39584984272886e-05 -1.60307985237030e-04 3.55431389653407e-05 3.48568727208363e-06 -2.63413405814026e-06 1.37789121456323e-06 2.31517880063111e-05 -8.10310162908918e-06 2.28401980105243e-05 -1.61180173531270e-06 -2.04845643312351e-06 1.25186569178297e-06 -4.42606493979111e-06 2.19799961241190e-06 1.41702864005873e-05 3.74363525810906e-04 3.07948696063921e-05 8.08225067957283e-06 6.77275076529138e-06 -1.60086230567313e-05 -1.16866410255343e-05 -4.56676522847542e-06 -4.26428051034888e-05 -1.98554433310674e-06 4.91362907902526e-06 -5.14346684455101e-06 1.90849480374674e-06 -9.41583159098387e-07 1.33264609167202e-05 -2.31632736991124e-04 1.04476414244527e-04 -8.00160911635380e-05 4.81821413799892e-06 2.11252572024146e-05 -2.01222167988826e-04 9.46117480664161e-06 4.01217677007815e-05 3.76436937230346e-05 -8.50236626464868e-06 -1.26974628607907e-06 8.23317116699544e-06 5.43703082035547e-07 -8.58059042103778e-04 6.73830925473102e-03 -1.86791509949183e-03 9.94572644382909e-05 9.91676663537132e-05 -6.09559961227461e-05 1.86031684427577e-04 2.11270769760660e-04 -5.92978501207074e-05 4.75844980049356e-05 -2.04269798097345e-05 -2.41932311373374e-05 -2.70341997035862e-05 8.52911086638153e-06 7.57333226102508e-04 -5.99855325802490e-03 1.75142147074153e-03 8.26380860863505e-05 -9.85539981718034e-05 8.96914723599943e-05 1.45689816749410e-04 -2.13130697315285e-04 1.23946005811033e-04 4.35228084102755e-05 2.44103074749717e-05 1.67520237930586e-05 -3.45226554404137e-05 -7.52291185973546e-07
 -6.50789594748467e-05 4.78142549334434e-06 -4.95337324703479e-05 -2.37990404226918e-05 -2.34699585671261e-05 1.11069602652358e-03 2.56711931618085e-05 2.58606276457447e-04 -1.45302454577194e-02 -7.88155637091853e-05 -3.41453716927856e-05 2.54563230228544e-03 2.68795867286900e-05 9.69482273682496e-06 3.39462041639452e-04 -1.93125578449019e-06 -3.64433975294880e-06 -6.01484581402867e-04 1.01305284909158e-05 -8.65316954264888e-05 1.07911480786835e-05 6.49343257342709e-06 -9.22576541626148e-04 -4.40732913346464e-06 1.26745960654130e-06 3.84883281094090e-05 -2.75888681574987e-06 1.96321180773189e-06 1.09901577844060e-04 -2.17545522125079e-06 1.39151414240892e-05 -2.49246223493325e-06 1.42729912004489e-04 -7.48062097317281e-05 1.06239513688033e-05 -6.03657881351365e-04 -1.04787119537035e-05 -2.42990361246198e-05 4.47650364175026e-03 2.23105181633492e-04 2.51320933423175e-06 -6.24477066952239e-04 -1.12660230049710e-05 7.77452790502674e-07 1.58148563893072e-04 -7.53472546934109e-07 -2.12902779604097e-06 -8.45773260714157e-05 -3.33398137922275e-06 2.60849397167888e-04 -4.69493986882091e-06 -2.72013578524137e-06 -3.56506243849870e-05 -1.21535245382609e-06 -3.81583428120248e-07 -6.29208585085198e-05 -8.51735097501106e-07 4.63114116451771e-07 4.39631120157243e-06 -3.30558695237559e-07 -2.92135614980402e-03 1.57935372433689e-02 -1.95397296146289e-03 1.87866409299698e-06 1.12224301241522e-04 5.66704859290315e-05 4.21201811350730e-06 -1.48575389391994e-04 1.03216567928500e-04 -2.79750573571064e-07 1.54757879287733e-05 1.18790224410680e-05 5.71632454376488e-07 5.41915578056444e-07 1.52565531746672e-03 -8.11164502513728e-03 1.04354324294076e-03 -9.54166900169061e-05 -4.81540828477929e-05 -3.17354848094478e-05 -1.14737678281951e-04 -3.76598529201441e-04 -4.86284870523113e-05 -2.68796393396761e-05 -8.97838940261823e-06 -6.04077579253779e-06 -1.59322130777196e-05 -4.65453773030271e-05 1.43609762307565e-03 -7.62367280956104e-03 9.63355211975068e-04 9.19478583413634e-05 -5.30931158438066e-05 -2.77441242172837e-05 1.24776479804948e-04 -3.78230977754141e-04 -5.09965831101261e-05 2.85633333870421e-05 -1.10086213777959e-05 -6.14266254334598e-06 1.50281612262336e-05 -4.64880139139974e-05 -2.61454910387537e-04 5.56519474139399e-03 -7.69478637263869e-04 -7.05769598461806e-07 -1.06331942799457e-04 -2.58396892283984e-05 3.70455106206128e-06 -3.61597857590882e-04 3.15864109788104e-05 -1.70888460616757e-07 4.94329260122575e-05 -3.01684568120086e-05 -5.85222966364395e-07 -5.32642691729689e-05 9.67293290081998e-05 -2.54693904912112e-03 3.47036024567099e-04 -5.92646246608629e-05 7.66981689192668e-06 1.47589982366863e-05 -1.63891789415433e-04 -3.86280334767051e-05 -8.36040936880465e-06 -3.11524589655772e-06 2.04939361109268e-05 1.31962225767600e-05 1.69972922569767e-05 -4.06963224237500e-05 8.97150940155903e-05 -2.62419552462640e-03 3.20013454809222e-04 6.01181916605792e-05 6.89967377172859e-06 1.46786529627759e-05 1.79815739068313e-04 -4.44290911084789e-05 -8.19240088922630e-06 4.64193003471307e-06 2.12511946615686e-05 1.39152626183846e-05 -1.84595797414283e-05 -4.13507278599228e-05
 -1.65304683269352e-03 -4.88404726702185e-04 1.36373418567908e-02 -3.54215607939229e-03 -4.80965684389503e-05 -2.86772372065113e-05 -5.77159884366367e-04 3.44835739278183e-04 1.64380214478159e-04 2.69903193912424e-03 -7.65154022312784e-05 -2.09999574839966e-05 -9.44841500439132e-04 9.75513858749564e-06 -2.31152096624136e-06 5.68876515861924e-05 2.13674332469785e-06 4.38979901233409e-06 7.47616605571561e-06 1.66631810856340e-06 -1.27170271535109e-04 8.29443643985849e-06 4.76194520899147e-06 2.36129929703952e-04 1.77860015940840e-06 5.51871528517990e-07 2.27166145987558e-04 5.67583948721736e-06 -2.06229143332607e-06 2.52549925773505e-07 -6.10312614358314e-04 -3.70716533065380e-05 2.53901727830934e-03 -2.82575702734198e-04 -1.38347152601657e-05 4.96006856089488e-06 3.51291357559840e-04 5.01511053367477e-04 -9.16034360386642e-05 -1.17745775692479e-02 -2.31528411837272e-05 6.65581667297737e-06 5.73158153999382e-04 -4.35738464247931e-06 -2.80839814671515e-06 6.66492451361186e-05 3.07527662162147e-06 1.78064868805919e-06 -1.83531870708683e-05 -4.69493986882091e-06 2.32114071195045e-04 1.16695328403591e-05 5.25069910783530e-07 2.69436539064951e-06 -2.16912901325047e-06 -6.35602862321031e-07 2.61656184630233e-06 2.85447164880585e-08 -1.22872390531713e-06 3.53575988056284e-07 -1.22482229244415e-03 5.02822961838193e-03 -1.48093662309366e-03 2.68365671062821e-06 1.40807478300421e-04 7.28973499459379e-05 5.66266915572298e-06 -1.82723865559717e-04 9.12017947230216e-06 6.61382487940313e-07 1.75324797174332e-05 1.17475544949839e-05 4.98655996020802e-07 -1.25799758532073e-06 -1.20201393269017e-03 5.00442603987810e-03 -1.48056437091228e-03 1.20981156466881e-04 -6.70488961242444e-05 7.22739434967163e-05 -1.49372500934715e-04 9.49598183861296e-05 1.23776380590471e-05 -3.49841192173123e-07 -8.58962490897783e-06 1.36300910778182e-05 1.73460611440042e-05 2.57980821955904e-06 -1.29135632511966e-03 5.59042316050132e-03 -1.55765622959837e-03 -1.25647237468451e-04 -7.31864755809077e-05 7.54966671828352e-05 1.49823422780856e-04 9.05853931353732e-05 1.91664132678115e-05 2.47159105505656e-06 -8.65421579744378e-06 1.19068443466832e-05 -1.61924352345321e-05 1.02545047379697e-06 7.37009701619287e-04 -3.10648276387855e-03 8.69287532619903e-04 7.11360053266481e-06 9.34430123635464e-05 -1.21684970197740e-04 8.96661116752998e-06 7.99871135010055e-05 -3.02679729161080e-04 -3.10158280437674e-06 3.29948548984833e-05 3.09512913564340e-05 -1.66386802219691e-06 2.92066751764216e-05 8.13095240226328e-04 -3.33912257706729e-03 9.82014220491726e-04 -8.15698446961808e-05 -5.17529280925834e-05 -1.19474239575710e-04 -6.10965061972274e-05 -3.87416475800427e-05 -2.98740085287932e-04 -2.50492362189331e-05 -1.53677507363602e-05 3.23905594141013e-05 -2.87233636027529e-05 -1.32061961414286e-05 5.98430905470277e-04 -2.55299037479854e-03 7.04201878426714e-04 7.46398812400017e-05 -4.02376705410820e-05 -1.28874162978571e-04 7.51171894569104e-05 -3.64569795534742e-05 -3.00865191178013e-04 2.26651158919389e-05 -1.73639891529267e-05 3.30071461417091e-05 3.08887600554429e-05 -1.47878236301296e-05
 -2.92076732402259e-05 -2.28962911616007e-05 6.36760911711573e-04 -9.91431648917848e-05 1.11104084991964e-03 -2.87278487152566e-05 -1.02288178311425e-04 -1.43385465737534e-02 -6.39686791352855e-05 5.19338913474143e-04 2.49747433991819e-03 3.53430654795927e-05 -1.14429123030669e-04 -5.93273822491770e-04 6.64185286570330e-06 2.95868563132168e-05 3.41119425010747e-04 -7.87997441239718e-06 -8.98782361268306e-04 8.14918053698656e-06 1.09614043498245e-05 -7.80711334804022e-05 -1.25989031049149e-05 1.32779228960869e-05 1.05082220010286e-04 4.68956271775647e-06 2.00604362954527e-05 3.80587792935994e-05 9.45966728526100e-07 7.38131964136606e-07 -1.32328510469432e-06 -3.19073432155487e-06 3.74660010178331e-04 9.95372799635703e-06 -6.52561567554800e-04 -2.16405402030075e-05 3.57999329909831e-05 5.06246724051930e-03 1.86088720514278e-04 -1.20080675129410e-03 -7.35470337228869e-04 -5.00501159202528e-05 7.49011712862147e-05 -9.11137824643095e-05 2.97466497198896e-06 6.20457096593548e-06 1.64037723695398e-04 -2.71075810497637e-06 -3.34438405420377e-05 -2.72013578524137e-06 1.16695328403591e-05 2.60494465060764e-04 3.29589260494312e-06 4.67496450819886e-07 5.23519710468870e-06 -6.87178260031789e-07 8.77228587005429e-07 -6.31090959759900e-05 9.67210132320352e-07 8.81136644986396e-07 -9.63899797289859e-05 1.71503322788197e-04 -6.73368692438592e-05 -1.03379846861285e-04 5.50126618495844e-06 6.75312263739559e-06 -4.40613159964289e-04 -3.14450651262479e-05 3.53366896637801e-07 -6.28900465631955e-05 1.61311388536819e-06 1.66449364961521e-06 -1.88682040778809e-05 2.74489548495807e-06 -2.51558689122018e-03 1.35531131357501e-02 -1.76877135254953e-03 6.10165604353816e-05 -9.60196533170984e-05 5.52004772328467e-05 -2.34188686754425e-04 -1.19373421526425e-04 9.38750870246540e-05 -1.55875326451304e-05 -1.78095458438020e-05 1.05776391196129e-05 9.42003357105899e-06 -2.77405109503692e-05 2.45703572333028e-03 -1.34659043353277e-02 1.62576657494414e-03 5.45696639941380e-05 8.92859023443375e-05 -4.14621613988006e-05 -2.11867072914360e-04 1.32946770917797e-04 -8.16342298438491e-05 -1.49238690459140e-05 1.46519352506643e-05 -7.21215441458916e-06 4.03954394645586e-06 2.59942329432215e-05 6.23188831385337e-05 -9.89103739054997e-05 -2.71334314423703e-05 4.79985647630449e-05 1.89473723397358e-06 -1.52023515042816e-05 6.87798627757483e-05 1.34301104783597e-06 -3.43489875260180e-05 -4.22295708167738e-05 5.63576486143633e-06 1.56512485705609e-06 1.20151592920256e-05 1.62754938999194e-06 3.17259064581534e-04 -5.54737574838877e-03 8.25885915018754e-04 -8.17220407197336e-05 -7.37564792219748e-05 1.79101229046235e-05 -2.90018638613050e-04 -1.97731631958820e-04 -4.25957120418462e-05 -5.39850189943602e-05 1.71418539842621e-05 3.12847384658225e-05 3.99125558011697e-05 -8.98512658492108e-06 -2.03348645144691e-04 4.80965688549960e-03 -6.88298338342718e-04 -6.41534443823420e-05 6.60208916769378e-05 -4.16446919381882e-05 -2.51152246880187e-04 1.94970345510775e-04 -1.53764262670687e-05 -4.86609625311224e-05 -2.03529395433106e-05 -2.31804735237033e-05 4.64056369980338e-05 3.51710934639615e-06
 -2.17672502557699e-06 1.16038221445266e-06 -4.73670875005199e-05 2.55336878692116e-05 2.43265267613444e-05 6.55530670563159e-05 -6.80662831043634e-06 -3.13514009648492e-04 3.15439672134276e-04 2.25056610462034e-05 5.46151796464428e-05 1.06955128769609e-04 -4.38727776884780e-06 -1.19613299683786e-05 -1.14960961846152e-04 1.07723023719925e-06 3.65690297965646e-06 4.03109577490757e-05 -2.16763827602695e-05 4.46173681453326e-07 -1.20314246303549e-06 -1.00959237532932e-06 5.49122406537241e-05 -1.01826674151489e-08 1.68081217477635e-06 -3.30872157124157e-05 -1.74278903764818e-08 -2.25690768553081e-08 -3.24870189266699e-06 1.04639840876795e-06 -5.22216641829275e-06 2.30325786089805e-06 -2.20585013100157e-04 4.92366800887724e-05 4.46867954635670e-06 6.45102951263836e-04 6.24907261546671e-06 -1.39687789122921e-04 -7.74620682034214e-03 -9.72749235339501e-05 1.53884252570185e-05 1.12525898352624e-03 4.78335401356192e-06 7.92775317028534e-07 -1.03366027735288e-04 5.26241928627876e-07 7.31178573899188e-07 9.16419023832438e-05 3.97046932501570e-06 -3.56506243849870e-05 5.25069910783530e-07 3.29589260494312e-06 5.43696442610075e-05 5.88947618641645e-07 4.59872925910686e-07 7.11429220566421e-06 8.06429423836403e-07 -1.02564496489705e-06 -8.62190284088818e-06 -3.88658142704962e-07 1.16340219172160e-04 -8.27861547349134e-04 7.02969420748483e-05 -2.33182083754299e-06 4.27095483678335e-06 7.77255209587316e-06 -8.84918909886838e-06 1.41511642821657e-05 3.69615967926997e-05 -1.10552925583911e-06 4.85782493402083e-07 2.89471867118442e-06 -6.36332610857827e-07 -2.86270380003173e-06 -1.11034408489557e-04 6.54568593893491e-04 -7.37843982749058e-05 -8.70004142457235e-07 1.11195091705756e-08 -2.51117084649705e-06 -5.19987812635965e-06 1.31866840361458e-05 -1.60887734671044e-05 1.71046902033665e-06 -5.78262615232344e-06 -1.66696926939903e-06 -3.24135984467576e-06 5.39000387635222e-07 3.85212067869879e-06 8.40336263932121e-05 6.54213053562575e-06 3.43831868478255e-06 4.52037387397481e-06 -5.24401806204404e-06 -4.26215331370579e-06 1.85643756873874e-05 -2.03217543076853e-05 -3.02834141729607e-06 -4.98096261669712e-06 -1.88915810984487e-06 3.09295307914257e-06 1.89807510961819e-06 9.49878971488629e-04 -7.53208131802348e-03 2.12304823156254e-03 -1.42869369055951e-06 1.52893476657749e-04 8.69656405819914e-05 -7.10633529745090e-06 3.02690399808342e-04 1.01812403187080e-04 1.16720099624825e-06 -4.43889556202509e-05 2.52169127098941e-05 9.78395006688944e-07 5.02143336937293e-05 -4.60227290976231e-04 3.68142605334713e-03 -1.04692735403327e-03 9.77093051730116e-05 -2.28295441992071e-05 -4.44533870394979e-05 2.10031929949091e-04 -7.70287091690098e-05 -5.47490650266233e-05 4.48182966522677e-06 -5.78432606892407e-06 -1.16633091477798e-05 -2.20734407373916e-05 4.04440709688079e-05 -4.11126631651993e-04 3.49218321358033e-03 -9.52839461421006e-04 -9.52544380007972e-05 -2.66090287177788e-05 -4.07239945475610e-05 -2.13831805500289e-04 -7.89326118517655e-05 -4.98671972202151e-05 -4.01668059530718e-06 -5.32157693447767e-06 -1.13426266210242e-05 2.17047238734817e-05 4.04309843272620e-05
 -2.58897346924536e-04 1.14424343123949e-05 -3.35339891976866e-04 5.09782411723164e-05 -5.68309522937783e-07 -4.43767176190403e-06 -5.81208570910041e-05 1.68576475165439e-05 3.83097662126818e-05 1.51718232006738e-05 -6.31001759038829e-06 -6.83471691366215e-06 -1.47514353355431e-05 5.87609973348193e-07 -4.47834307086705e-07 -8.71831883699856e-06 7.00853077587351e-07 1.36784719650976e-06 1.28536393173365e-06 -3.48921088668657e-07 -2.44366710678106e-05 -7.27465250110841e-07 1.77607046354007e-06 -4.20875665173257e-06 -3.38091167865164e-07 1.51167198404254e-07 1.62996107203872e-06 3.05862319256610e-07 -4.28761519546583e-07 7.78021428677752e-08 -1.57535325781773e-04 3.33087078992149e-05 -3.70002615063276e-03 8.09392560706541e-04 -7.43647614658389e-06 -2.08728973580449e-06 8.63098093840196e-05 8.48389904005186e-05 2.10923641388058e-05 -1.17729168687782e-03 -1.07938601633408e-05 -1.96162690868277e-06 2.86029032650095e-05 -1.02442028586668e-06 2.37541801912981e-07 1.35351054903224e-05 9.07066929282310e-07 -2.55270401663497e-07 -1.55716325922425e-07 -1.21535245382609e-06 2.69436539064951e-06 4.67496450819886e-07 5.88947618641645e-07 1.14641807725725e-05 -1.37496282035063e-07 1.73560688954322e-07 1.46468510222038e-05 2.25211047900979e-07 1.93547773520393e-07 -2.33780712998401e-07 2.26484404841710e-05 -1.77062989974003e-04 2.82670435606383e-05 1.30624363491775e-07 -3.15204522559850e-06 -1.07808279544648e-06 6.06747778431819e-07 -3.79113030381771e-06 5.73096950790171e-06 7.82486755487170e-08 1.76710760066414e-06 -5.94454728404591e-08 1.37373475557170e-07 -3.88029376654856e-08 1.68249460061144e-05 -1.29800270811162e-04 2.17753675474768e-05 -2.32121945637199e-06 1.74238749117985e-06 -9.48505869604176e-07 -2.26760777496023e-06 2.54161813592798e-06 6.43402921496919e-06 1.99320978694548e-08 -8.78774724582478e-07 -6.02153205963145e-08 1.74504094795858e-06 1.65538499799858e-07 8.72236705760150e-06 -1.06719006244972e-04 1.85489334940435e-05 1.98790787192524e-06 1.40940257556065e-06 -6.56381203944689e-07 3.90550740049099e-06 2.92120892326753e-06 7.41014419559530e-06 -5.67870421301184e-08 -9.87111214169763e-07 1.00179068682947e-07 -1.71673045947768e-06 1.33484694046596e-07 4.13762872318306e-04 -1.79605697140976e-03 6.45127718167551e-04 9.50425480548175e-07 5.34697418490889e-05 8.59661343026772e-06 1.48798519765553e-06 6.68060988663099e-05 2.58040922761732e-06 -2.75573745861102e-07 -3.64264284652497e-06 7.65651655732569e-06 6.11281810743822e-08 1.12116598897981e-05 4.28708287475408e-04 -1.89076793466449e-03 6.76666892656760e-04 -4.80563126202871e-05 -2.78932116343969e-05 1.01144484990749e-05 -6.07098473279416e-05 -3.56136507834205e-05 4.49915907254538e-06 -1.01916051365076e-05 2.29573048210768e-06 7.81718373347985e-06 3.71741372701547e-06 -5.65320843388837e-06 4.09253384654969e-04 -1.75356981884503e-03 6.37494639112056e-04 4.61772875809088e-05 -2.59149981967765e-05 8.37707689902271e-06 5.70174843935317e-05 -3.13566656425618e-05 1.73207904859440e-06 9.44010865972159e-06 1.57403693027322e-06 7.59347029243966e-06 -2.82013474056477e-06 -5.77101823312533e-06
 2.17749189989422e-06 2.23087894056641e-06 -6.38008315032223e-05 1.65141502876953e-05 -1.09883347653981e-05 5.52484591113147e-07 2.91768657971729e-05 -8.93206352577153e-06 2.93389358559373e-06 -1.43360982070450e-04 -2.29986390183720e-05 1.75622261433388e-06 3.99543172624484e-05 -4.41448685418506e-06 -1.31037163386739e-06 -8.20481801239746e-06 1.70834049902421e-05 3.12491873327794e-07 -5.14982723913896e-06 3.08047011797734e-07 -5.21898393649969e-06 5.53735993633737e-07 5.42730332268929e-07 -1.18343092137611e-06 -4.44390294071103e-08 -3.84499532560408e-07 -4.39447407876833e-06 5.25899206483913e-06 3.93924260221605e-08 1.52845580272032e-07 -1.22442506767773e-05 -4.07226739661203e-07 -5.01015821949044e-05 -1.86732946761476e-05 -1.00728783137564e-04 7.71003170864170e-06 -1.00823121012958e-05 1.21424348127803e-03 -9.08145101717427e-05 2.93011290553820e-04 -1.78806286439596e-04 1.27350007736704e-05 -5.83310054988814e-06 -1.42351163684751e-05 -1.22920529721261e-06 -1.21391700033314e-06 1.58444224858110e-05 1.09953953003382e-06 -8.11900446380690e-06 -3.81583428120248e-07 -2.16912901325047e-06 5.23519710468870e-06 4.59872925910686e-07 -1.37496282035063e-07 1.40388790903393e-06 1.27650989318420e-07 -2.62262914848881e-07 -8.46350837750552e-07 -1.20936945894567e-07 -1.58480112998739e-08 4.83561434609291e-06 1.49032019229813e-05 4.80025537208501e-06 1.40231162893173e-07 -2.68079133189972e-07 -1.30877685740030e-06 -1.01575258512865e-06 3.96296829806193e-06 -1.95931671741909e-06 -2.12723068061090e-07 -7.86412934824903e-07 -3.85849914258661e-07 1.22385714244269e-06 -1.11076114633991e-07 -2.96417262120113e-06 9.82066048472869e-05 2.12447332082598e-07 -1.08561840478193e-06 7.15712934387381e-07 -2.71723228760224e-06 2.38549870041219e-06 -2.04489982252474e-06 -7.63636401615232e-06 8.71316468557867e-08 8.44021319104505e-07 -1.06899429515345e-06 -5.27844167115549e-07 -2.71523425874689e-07 9.72831725914106e-06 -4.21809867742976e-05 7.49149499099326e-06 -4.33216381871836e-07 -2.99218561151142e-07 -1.90077934541254e-07 -4.86163629515413e-06 -1.97118921943300e-06 2.28707492880011e-06 2.99738686677301e-07 -2.04832045660403e-07 1.78734807903245e-08 9.00986188903484e-07 3.60639715063488e-07 -6.65970965715849e-06 -3.26186870945715e-06 5.10398880401043e-06 1.24980699771242e-05 -5.01584546946019e-07 3.93167177550858e-06 3.16061728226211e-05 6.39837194175453e-07 7.64033250967537e-06 -5.87277909392746e-06 -1.22097116693006e-06 -3.46573773097590e-07 -1.21502620831305e-06 -1.80029476384089e-08 1.01772153934947e-04 -8.76389345402833e-04 2.52259558417137e-04 -1.13346215565590e-05 -1.46836407865476e-05 1.43331849223040e-05 -2.18446440404637e-05 -3.30110464435543e-05 2.01110979851826e-05 -6.63355504838901e-06 3.87595701154858e-06 2.46367526645404e-06 5.29849213238127e-06 -4.45807866182662e-08 -1.47482316844702e-04 1.12970645308150e-03 -3.14510940987383e-04 -1.75141985138924e-05 1.64589146191768e-05 -9.32258926736536e-06 -3.20139147045560e-05 3.46853216075617e-05 -8.83781650919404e-06 -7.86084587335318e-06 -3.20615758241442e-06 -4.13274635622160e-06 4.50188723070454e-06 1.52292166357789e-06
 9.62513825644047e-06 4.17568381753135e-07 -3.42019786118764e-05 1.61448013448295e-05 -2.50384348984950e-07 -2.74367406148326e-04 1.25646431430597e-05 1.25360493480240e-05 3.55687188872801e-03 -7.12041269777022e-05 -5.19287859430573e-06 -6.28150232408818e-04 1.82637759519912e-05 6.70182210623758e-07 -7.99548668480767e-05 -4.65523143091588e-06 -4.23281321192628e-07 1.46470329161106e-04 2.36261129448472e-06 2.12517487831027e-05 -5.40537718424369e-06 -1.25809709154084e-06 2.24768771701018e-04 1.24096369119215e-07 -8.93855253534979e-07 -8.49709244114293e-06 -2.07951653951326e-06 -5.78832214849077e-07 -2.68612091849136e-05 5.20467331326641e-07 1.14138260951330e-05 5.64512519064846e-07 -7.21302925626019e-05 7.43568877141699e-06 -2.33436377872883e-06 1.29302192671758e-04 -3.86549538823654e-06 1.51869122815613e-05 -8.70674052381311e-04 1.31507242359552e-04 -2.37413482197460e-06 1.20365612161735e-04 -1.49472159116538e-06 -1.35402556777518e-07 -3.57648985198742e-05 -5.54212429903328e-07 1.23414685913117e-07 1.80551533248911e-05 8.49026841096498e-07 -6.29208585085198e-05 -6.35602862321031e-07 -6.87178260031789e-07 7.11429220566421e-06 1.73560688954322e-07 1.27650989318420e-07 1.52538673118623e-05 6.42192512654047e-08 2.03597872092208e-07 -8.20789474718123e-07 8.40068391242398e-08 7.17114842032030e-04 -3.84055537563797e-03 4.81107969006480e-04 9.88379303727571e-08 -2.79641428281281e-05 -1.50408431471583e-05 1.27774919997328e-06 3.87824538866675e-05 -2.77910695709619e-05 4.00370141545081e-07 -4.27902342921989e-06 -3.27356208795679e-06 -1.71060168118235e-09 -1.28450821767831e-07 -3.56192220569057e-04 1.92141789557992e-03 -2.42178277570049e-04 2.29163533272539e-05 1.24032775100305e-05 6.69361772858820e-06 3.16127034118183e-05 9.12626890861280e-05 1.04560288732858e-05 6.55044632351070e-06 2.69980690135564e-06 1.16855625470744e-06 3.54951019201982e-06 1.15506715956431e-05 -3.60853503937227e-04 1.94131456068927e-03 -2.40809553534951e-04 -2.27014857985258e-05 1.26112070621167e-05 6.31446065156280e-06 -3.16932651790810e-05 9.03597995323030e-05 1.22322076654219e-05 -6.80509537290270e-06 2.98789191561588e-06 1.34844216349707e-06 -3.39058460101555e-06 1.12686723178199e-05 2.61135009886937e-05 -1.09671608324566e-03 1.16593886825867e-04 2.62679125572205e-07 2.03818074973186e-05 5.71332588152888e-06 -2.18396008445302e-07 7.81046961201166e-05 -6.48266343116539e-06 8.60891533447324e-08 -1.13994754585943e-05 6.25587058051107e-06 4.01276729155641e-08 1.12123357247593e-05 -1.85530047253677e-05 5.64484240776391e-04 -6.10599052557430e-05 1.27089264829952e-05 -6.41409278570862e-07 -2.07662280501987e-07 3.61646565175746e-05 1.26479242499689e-05 8.29679041318228e-06 1.02347158342997e-06 -4.59013158928577e-06 -3.37948247181870e-06 -3.10185722474631e-06 8.99625083316866e-06 -2.06368847741881e-05 5.88092796334423e-04 -6.35220489258131e-05 -1.30470878188896e-05 -2.39143777356142e-07 -6.00041583340368e-07 -3.90253539359469e-05 1.41191155595671e-05 7.16308129925491e-06 -1.30167358352571e-06 -4.78562324778807e-06 -3.50274976175139e-06 3.31021657774030e-06 9.16778948392838e-06
 1.73452173620031e-04 1.46208777444305e-05 -3.52665628617909e-04 4.54040744298970e-05 4.65656305354852e-06 -2.43540076718390e-06 -5.70147526309846e-05 -3.09457747444289e-05 5.25462536772396e-06 -9.16306664605121e-05 4.02558443200523e-06 -7.35335559558722e-07 8.83974271529329e-06 -9.67735695513485e-07 1.99526691306441e-07 -1.98990431104190e-05 3.79342528676654e-07 -1.32901632456704e-08 -1.07119947571349e-06 -6.02762711811667e-07 -3.92790520350872e-05 -1.36133488583797e-06 -6.88859739476735e-07 -3.63493508780534e-06 -8.18917824102844e-08 2.32490322080446e-07 3.89630231700129e-07 -4.09892888054447e-08 -2.00328068599162e-07 1.14968171567019e-07 1.28803985076192e-04 4.38517634268665e-05 -4.85310528161606e-03 1.03822502398482e-03 -1.77835182150292e-06 -2.85941461517555e-06 1.05525395241305e-04 1.65453402431437e-06 2.19441101823746e-05 -1.36577859235213e-03 1.56652825613951e-06 -1.51914575463201e-06 3.65190867099076e-05 -1.93049248522818e-07 5.59928234426061e-07 1.72568097260019e-05 1.49220290589726e-07 -3.82690616732239e-07 7.26541075197609e-07 -8.51735097501106e-07 2.61656184630233e-06 8.77228587005429e-07 8.06429423836403e-07 1.46468510222038e-05 -2.62262914848881e-07 6.42192512654047e-08 1.89416022180871e-05 1.60834546177498e-07 2.53359537235630e-07 -3.06010307729504e-07 7.94402514736495e-06 -1.06877961950824e-04 1.79711986374756e-05 -2.22338229594207e-07 -2.51266624157455e-06 -1.79706829255553e-06 -7.76805191200754e-07 -5.31463696457747e-06 5.10638105292121e-06 -9.70299153873205e-08 1.66052687899574e-06 -2.97930794771870e-07 -2.13777779783752e-08 -1.00277738745947e-08 5.70126073111049e-06 -7.31054247139012e-05 1.28070412894024e-05 -1.94771270045043e-06 1.08484647950716e-06 -1.63056444004645e-06 -3.93628308556894e-06 1.57343485779759e-06 6.29401263412240e-06 -1.23537381693396e-07 -9.59861987198603e-07 -3.05682607033756e-07 1.60320729562582e-06 -2.91605247931816e-08 1.22542964658056e-05 -1.29833829272606e-04 2.01167572356942e-05 2.12407512123634e-06 1.47328253919185e-06 -1.85913654914589e-06 4.68835575350616e-06 3.07056156536197e-06 5.88417891762581e-06 -1.22290585654841e-07 -8.92055593169060e-07 -2.36493276521929e-07 -1.58332733708202e-06 8.37117232696011e-08 5.30140142645750e-04 -2.29428819344355e-03 8.34903526871347e-04 7.37753450091614e-08 6.87116986580621e-05 1.31052281941508e-05 -1.08768612547780e-06 8.49534701495894e-05 7.58845976880127e-06 1.29383455589304e-07 -5.41685154905684e-06 9.66174575950775e-06 2.65329952879702e-07 1.43395587229560e-05 5.34929112624152e-04 -2.32905402276800e-03 8.44788250637546e-04 -6.04542314429130e-05 -3.45107487290961e-05 1.37807751976487e-05 -7.57996852990710e-05 -4.31066429919427e-05 7.93964064051194e-06 -1.25113865999970e-05 3.07124928603771e-06 9.65361525138465e-06 5.10894478111619e-06 -7.21478917235929e-06 5.34969123378872e-04 -2.32273753263171e-03 8.47524993975090e-04 6.04367208676449e-05 -3.46685638625065e-05 1.37600712864197e-05 7.43481330568927e-05 -4.30311108419599e-05 7.36848731165082e-06 1.26545749526383e-05 2.73806888813665e-06 9.81660283405068e-06 -4.63952399871690e-06 -7.45081839667179e-06
 5.13847629487888e-06 1.79418100419356e-06 -4.62295849885796e-05 -4.01716579463181e-06 -2.83974380415011e-04 5.45724813515828e-06 7.82769452028330e-06 3.60230742464483e-03 3.13730626495547e-05 -5.22133891993812e-05 -6.37463388755655e-04 -1.18013672392299e-05 5.73368767315084e-06 1.47406419785710e-04 -1.59730092616786e-06 -3.84992297177459e-06 -7.90338906860091e-05 2.42345410666360e-06 2.23784269725467e-04 -1.92268355835563e-06 -2.50047225669513e-06 1.99575195082679e-05 4.04867625260593e-06 -1.19048436014399e-06 -2.63610848814015e-05 -1.08111971172562e-06 -1.75247006622146e-06 -7.42381248922743e-06 -3.53761242942705e-07 -1.53723346522479e-07 2.36424716644026e-05 1.27207272189483e-06 -1.19422624057184e-04 1.82284465799997e-05 1.25017353387918e-04 3.64158005394935e-06 -8.92109158850224e-07 -7.95967179706497e-04 -2.37015555271825e-05 7.98208650823693e-05 1.15795453021865e-04 8.83404466652694e-06 -1.18893003605814e-05 1.73368726364286e-05 -5.68912539341698e-07 -3.92297253270019e-07 -3.50558216281654e-05 4.65100423542150e-07 4.85869108377274e-06 4.63114116451771e-07 2.85447164880585e-08 -6.31090959759900e-05 -1.02564496489705e-06 2.25211047900979e-07 -8.46350837750552e-07 2.03597872092208e-07 1.60834546177498e-07 1.55184758225023e-05 -2.39460618817727e-07 -2.21039644567961e-07 1.66509351311127e-05 -3.46486211998591e-05 7.04051639089654e-06 2.60465853939891e-05 -4.57660360088229e-07 -7.28903996055576e-07 1.10355020964704e-04 4.76086929416203e-06 7.31662872389368e-07 1.57124881500659e-05 2.49885997813210e-08 -1.80084755241684e-07 5.21842276938839e-06 -6.26645629745905e-07 6.18261825554344e-04 -3.34971966817206e-03 4.30218275013822e-04 -1.46333063992621e-05 2.38905889569855e-05 -1.32551005703964e-05 5.59195161255814e-05 3.18894380160131e-05 -2.42880250868446e-05 4.05797524506748e-06 4.47820387159617e-06 -2.56845217348063e-06 -1.82960597702277e-06 6.89517419009773e-06 -6.26771439585181e-04 3.38988673145628e-03 -4.20230889234415e-04 -1.50562421631789e-05 -2.31415350542639e-05 1.20301091277240e-05 5.51397761807293e-05 -3.15546398498029e-05 2.37029559438041e-05 3.82014954198265e-06 -4.07274534111963e-06 2.25905061291077e-06 -1.37801910198138e-06 -6.38824792859462e-06 6.48517159979505e-07 -4.03635724817878e-05 2.44381814033933e-05 -7.11290704436138e-06 1.51617385778201e-06 1.59225567901387e-06 -4.98990043421693e-06 2.05605482695697e-06 3.42002402711616e-06 8.27230708193182e-06 -7.28662718837917e-07 1.91148304797810e-07 -3.51785342793504e-06 1.69173747640887e-07 -9.35720195817162e-06 9.04519507700325e-04 -6.83002004848194e-05 1.25228046287210e-05 1.13166982686312e-05 -1.67868076383354e-06 5.92326647941594e-05 3.55221765205449e-05 1.17209740112500e-05 1.01535764427180e-05 -3.17065359926996e-06 -5.89164269719821e-06 -8.54948619235170e-06 1.49708441423142e-06 2.13554748534118e-05 -9.11631524405479e-04 8.95597933761296e-05 1.29336476004180e-05 -1.16282560379869e-05 4.03639954224733e-06 5.63241169839579e-05 -3.71193210695913e-05 -6.22719425004971e-06 1.00231252221353e-05 3.48062386256003e-06 5.28245068525858e-06 -9.31627422864232e-06 -1.09306147554721e-06
 4.42685764422863e-06 2.30320748710277e-06 -6.25261383837979e-05 1.35258446990936e-05 5.62684951951272e-06 -1.67766463314177e-05 4.10594282363401e-06 -5.91223654851217e-05 2.56911501554160e-05 -2.49456023436826e-05 1.21313330665437e-05 -3.08513638883365e-05 7.32109420130219e-06 -2.27618879660613e-06 1.69729596115603e-05 -1.25209703512364e-06 7.24564608577188e-07 -3.39869821387628e-06 -2.89520027137880e-06 4.27204589074974e-07 -3.15390844575038e-07 -5.78393175958291e-07 -4.13143012379984e-06 -1.15868968725328e-06 4.87853942181225e-07 5.22225055734339e-06 -1.19005675673702e-06 -1.42802096126452e-07 -5.07922054303564e-08 -1.57659970148976e-07 -1.30104264205455e-06 6.93013467009514e-07 -8.18989006793200e-05 1.43865091565221e-05 1.62224561010826e-06 -1.02143360236487e-04 -8.30828359510252e-07 -2.98546325763677e-05 1.24095157075583e-03 5.31898641154905e-05 4.99519555759016e-06 -1.80449007407001e-04 -2.47562779528513e-06 2.34387016816860e-07 1.60496011317116e-05 -6.09825011288562e-08 -4.09784830932771e-08 -1.45243530328266e-05 -1.40178561044733e-07 4.39631120157243e-06 -1.22872390531713e-06 9.67210132320352e-07 -8.62190284088818e-06 1.93547773520393e-07 -1.20936945894567e-07 -8.20789474718123e-07 2.53359537235630e-07 -2.39460618817727e-07 1.40354901737575e-06 6.34850952752371e-08 2.28015086267453e-06 2.76398179047855e-05 6.14059578050988e-06 -4.29204480273412e-07 -1.98927035608685e-06 -2.00347982358388e-06 -1.84003871214198e-06 -6.35150939930452e-07 -6.67338782773116e-06 -2.75515788058275e-07 -2.50078477764842e-07 -6.18269477664558e-07 -1.31606359438035e-07 4.76636716103610e-07 -2.36550260445843e-06 1.04703511052221e-05 9.62536632205302e-07 5.48376071657185e-07 -1.56081205206833e-07 6.07677616212864e-07 7.06835100929687e-07 -1.59154832850962e-06 3.85969338154799e-06 -2.76096818576584e-07 8.67075113147803e-07 3.16558105678108e-07 5.72653294252912e-07 -3.02647938234056e-08 1.61328246487975e-05 -9.49386618218905e-05 1.36076052353640e-05 5.53946147708745e-08 6.36595808723110e-07 1.07233083225559e-07 -2.34145727641540e-06 -5.17375832431823e-07 2.49270376355225e-06 2.01806984212502e-07 1.06568688153334e-06 1.60942694274043e-07 -4.78487652732802e-07 1.15633598022551e-07 -1.46315060351284e-04 1.16857024996725e-03 -3.29584150404677e-04 -3.50910448146170e-07 -2.34541978125015e-05 -1.30744669504784e-05 -6.99186011922338e-07 -4.61971947794613e-05 -1.49491683959227e-05 -5.49016541082222e-08 6.66719973124409e-06 -3.92816832880767e-06 3.81470595186392e-08 -7.77190848439319e-06 7.41689196826899e-05 -5.83201671223145e-04 1.66585006448570e-04 -1.59561651655554e-05 3.83650944658318e-06 7.52334524476265e-06 -3.46982435242543e-05 1.30911722439522e-05 9.67066627816378e-06 -6.98390261740707e-07 8.71371969074765e-07 1.82515968794956e-06 3.75565093379286e-06 -6.44739786695005e-06 8.17206821828288e-05 -6.23934725900827e-04 1.82655583464697e-04 1.65768202557408e-05 3.18403122357958e-06 8.22951158234976e-06 3.49256603301060e-05 1.14942359262050e-05 1.11463887969837e-05 9.08280782302250e-07 1.02800794045826e-06 1.83323534437246e-06 -3.75310899561546e-06 -6.45174153254844e-06
 -1.86955197292743e-07 -5.82864019173039e-07 1.58904412596149e-05 -2.84193154231130e-06 4.21310965585542e-06 -3.38203783865132e-06 -3.80753437934261e-06 -5.20083490707597e-05 3.27510114615248e-05 2.48926834269997e-05 9.51689842461014e-06 -7.06924814412060e-06 -6.45225450420296e-06 -2.08479999394231e-06 2.02023949871620e-07 1.69839898850892e-06 9.19999406974951e-07 1.09867708705022e-06 -3.17294935446408e-06 2.31144684823995e-07 1.46543430448572e-06 -2.78992112069049e-07 1.77721884804794e-06 2.71417863392503e-07 3.94427137058227e-07 2.12561274679182e-07 6.77740956804882e-07 3.99015318407167e-08 -2.40511593185970e-07 -1.01338403136511e-08 -5.19738282696133e-06 -7.83000211467883e-07 9.81620361955396e-05 -1.59942205442210e-05 -3.59580559182419e-07 -4.27342558306950e-06 -3.25713000754636e-07 -4.92629506443890e-06 5.77876764652153e-05 -2.13921033658679e-05 8.77800527976508e-07 -8.59192007595733e-06 3.86843519068161e-07 -5.25449648169354e-08 5.24055835400869e-07 -1.28408554861569e-07 2.87688399988867e-07 -6.04253058138621e-07 -3.32422144799165e-08 -3.30558695237559e-07 3.53575988056284e-07 8.81136644986396e-07 -3.88658142704962e-07 -2.33780712998401e-07 -1.58480112998739e-08 8.40068391242398e-08 -3.06010307729504e-07 -2.21039644567961e-07 6.34850952752371e-08 1.40987304665881e-08 5.30859038993222e-06 -3.39022811723286e-05 3.29815759612538e-06 -3.79873039535801e-07 -2.29521314654186e-07 4.53258778118057e-08 -1.58552966910753e-06 -3.77039176239952e-07 -3.25524426291746e-07 -2.26109144485476e-07 4.54023281797127e-08 1.98440776216106e-08 -9.38074610003453e-08 5.18263845650207e-08 -1.27988166050732e-05 6.11566373049086e-05 -9.22481227654166e-06 5.42382319053918e-07 -2.86885727860123e-07 5.65679793211077e-07 -9.89492223793611e-07 6.38257626604046e-07 9.65478472326909e-07 8.94149181415135e-09 -4.41799614371365e-08 1.58852417490484e-07 1.71469139991014e-07 5.02969439178745e-09 5.12272277813950e-06 -3.44445112902670e-05 3.03221658846743e-06 -8.84242774641714e-08 4.05380244621975e-07 1.59053320862463e-07 -6.35075647188390e-07 1.52453071802029e-06 1.32993942903266e-07 -1.15206941535191e-07 1.00712665557182e-07 6.08159246104463e-08 -1.22092459716632e-07 1.81604729975911e-07 -1.46306879482845e-05 8.21623812275542e-05 -2.94914514622164e-05 -6.14161510209670e-08 -2.01913641512955e-06 -1.42601759075688e-06 -3.40235794215945e-07 -2.87306595402979e-06 -2.18200370166912e-06 -5.42803302781563e-08 5.13497819704256e-07 -2.22961222749407e-07 5.76660937833098e-08 -4.75489908852063e-07 -4.74812625895424e-06 3.92239764116429e-06 -7.09992621989662e-06 1.04997901824900e-07 6.99868087851004e-07 -5.07058697481290e-07 -1.00603646333844e-06 1.29878919990034e-06 -1.03026951122290e-06 6.27881360375956e-08 -1.23695283650818e-07 4.60757518020942e-08 1.11059324400544e-09 -1.88416124490557e-07 -2.12945444565753e-06 3.08308033928490e-06 -1.77143036927193e-06 -6.83886467041837e-08 6.13533034668757e-07 -2.65102622882198e-07 1.51247383931897e-07 1.36349531059645e-06 -3.23741412550213e-07 -1.55799592028406e-07 -1.17639733211622e-07 -2.37112698890201e-08 1.19465045125023e-07 -1.74244717669992e-07
 -1.38362086058018e-02 3.64639552896044e-03 -1.06425488166972e-01 2.85070027314399e-02 -2.46794198741605e-05 -1.35417062988157e-02 -4.16246092598292e-03 1.67734679952741e-03 1.72577488459105e-01 2.21702600166677e-02 -5.12126864774390e-04 -3.11890710936005e-02 -4.22629385130767e-03 8.33560710790256e-05 -3.42482962631406e-03 2.25357381116357e-03 -6.08161781771125e-05 7.00458235223095e-03 2.29299210192413e-04 9.93783944455404e-04 2.74604583607374e-03 -7.17990145643507e-05 1.08630039508042e-02 -1.77794145300512e-03 -6.36402830765884e-05 -2.78904602987446e-04 -7.36458559434939e-04 -4.67252855657721e-05 -1.30198694138889e-03 8.26449372813705e-06 -2.91433067811157e-04 3.06648221839151e-04 6.17848902339797e-03 6.43126564449872e-03 -2.81148174209194e-05 3.51235911849523e-03 -1.97640449535868e-04 -5.92334226831180e-04 -8.96361480798862e-03 1.74695848154933e-02 -7.59656774154576e-05 9.87167904114747e-04 -3.41228766887846e-03 1.11007703310440e-05 -1.30158156567400e-03 -2.92619628792958e-04 -1.83053216755511e-05 4.87176931476401e-04 6.55057525402800e-05 -2.92135614980402e-03 -1.22482229244415e-03 -9.63899797289859e-05 1.16340219172160e-04 2.26484404841710e-05 4.83561434609291e-06 7.17114842032030e-04 7.94402514736495e-06 1.66509351311127e-05 2.28015086267453e-06 5.30859038993222e-06 4.50615137427297e-02 -2.41242061634491e-01 3.58306177169434e-02 8.48738627959376e-06 -2.59891158104268e-03 -9.61490894161582e-04 1.26093625946538e-04 2.22350692219311e-03 -7.81778239046541e-04 2.38557004724355e-05 -1.06854678306458e-04 -1.33436089787901e-04 4.13740634279845e-06 4.75706345800107e-05 -6.76115013532850e-03 3.43307820377813e-02 9.72496908629859e-04 8.11082686739397e-05 1.20829446256239e-03 1.52061726573671e-04 1.86584584471151e-03 4.27120715401933e-03 1.28198691968488e-03 3.57685738247070e-04 1.07868027226916e-04 1.04217158350589e-04 2.71374028437400e-04 5.39922551339594e-04 -7.44046210794348e-03 3.74585682617806e-02 8.94327720060510e-04 -7.57057739483531e-05 1.20399513191856e-03 1.37552973589875e-04 -1.79711755121371e-03 4.17211997395409e-03 1.38028351455481e-03 -3.57196633593605e-04 1.16006317654030e-04 1.13463958662543e-04 -2.66514792546824e-04 5.20250277069522e-04 -4.99524049656756e-03 -1.52541270540468e-02 -7.43827258438805e-03 -3.74794740374263e-06 3.15441405611812e-05 -5.00526446146017e-05 -9.33639093235166e-06 2.63288014029068e-03 -3.07290459614914e-04 5.69070518925657e-06 -3.49115660079867e-04 1.19103027155140e-04 3.77072013354681e-07 2.53418665521553e-04 -1.43836389460909e-03 1.89156838115700e-02 -2.97458733620343e-03 4.74012394827698e-04 2.41768940042506e-04 2.09649818598888e-04 7.39620378547176e-04 8.88345981431697e-04 1.11785748666591e-03 9.59512327125851e-05 -2.09297309622464e-04 -1.95302434520356e-04 -7.60524546469999e-05 3.00882372335700e-04 -1.08085960651038e-03 1.77042890348925e-02 -2.37573884093500e-03 -4.63685400699976e-04 2.28602390975066e-04 2.12861167090409e-04 -8.60732940017916e-04 9.45766171580756e-04 1.04744857375119e-03 -9.83718073470137e-05 -2.14198809030692e-04 -1.96984749693018e-04 7.41017998714831e-05 3.07656847772793e-04
 -4.64240342631692e-03 -1.94335817175261e-02 5.54792601188700e-01 -1.50877737907527e-01 -3.71955691548501e-04 7.21971668671027e-02 4.64838965500345e-02 7.21752022631791e-05 -9.24497734038368e-01 -2.34575104031820e-01 1.52660239611688e-03 1.66350144305617e-01 5.38941670279200e-02 -3.50524030618634e-05 1.87238100623709e-02 -1.89372881929785e-02 8.52299347375512e-05 -3.76044836606642e-02 -4.91665326089198e-04 -5.23458041990689e-03 -1.90921748307256e-02 3.42423986687998e-04 -5.84563142728306e-02 9.02129528175952e-03 2.31670228372900e-04 1.60519113566098e-03 9.77110615438460e-04 1.73152044159763e-04 6.99774422473697e-03 -2.02033611839056e-05 -2.76457831455059e-03 -1.60519666015872e-03 -1.08800432200303e-01 -4.41051412669381e-02 2.58530105361157e-04 -2.09638735480666e-02 -5.74329734432325e-03 2.12658558388333e-05 7.56225735944105e-02 1.09057112243278e-01 3.31504701612574e-04 -9.12354166725571e-03 1.53055695936044e-02 -1.38301724189914e-05 7.34475627651468e-03 9.12400413597520e-04 8.94607825833974e-06 -2.94472294933604e-03 -1.19482697042726e-04 1.57935372433689e-02 5.02822961838193e-03 1.71503322788197e-04 -8.27861547349134e-04 -1.77062989974003e-04 1.49032019229813e-05 -3.84055537563797e-03 -1.06877961950824e-04 -3.46486211998591e-05 2.76398179047855e-05 -3.39022811723286e-05 -2.41242061634491e-01 1.32992115674080e+00 -1.92597432731015e-01 2.77094959381467e-05 1.40180429891439e-02 4.13450123823636e-03 -3.91576587015491e-04 -8.68854831294317e-03 2.23499041314433e-03 -7.67013322113508e-05 4.47649128967136e-06 3.61493760015299e-04 -8.37054410776494e-06 -3.67356684861140e-04 3.85347879572658e-02 -1.57392910286259e-01 -4.31976576764296e-03 -3.38175617735855e-04 -6.48966116015542e-03 -1.82483649103365e-03 -7.02886044120494e-03 -2.45138097430312e-02 -8.67784693669862e-03 -2.03705699002691e-03 -2.66358391722386e-04 -9.40812113937175e-04 -1.95445235204282e-03 -2.82830652435860e-03 3.85842753052480e-02 -1.57123181861789e-01 -6.45190822857441e-03 2.54591541283194e-04 -6.56142251125448e-03 -1.67498694710207e-03 7.03778965418794e-03 -2.40802240041773e-02 -9.08856760480472e-03 2.01081035009584e-03 -3.38803878518103e-04 -9.30550823256519e-04 1.90767463545738e-03 -2.74846742135182e-03 1.52579428312003e-02 1.50565710532743e-01 2.62490108501637e-02 -3.89774865772628e-05 -1.69722376056425e-03 2.23794625214205e-03 6.84027592428576e-05 -1.68931484176078e-02 6.02672626981312e-03 2.03149640702519e-05 1.34119441784742e-03 -1.13226423183608e-03 2.48588311253639e-06 -1.88625035390961e-03 9.08677392192754e-04 -6.88954445816579e-02 1.31083567246510e-02 -2.00428505414865e-03 -6.75343741019991e-04 1.33654623582908e-03 -3.06984914228977e-03 -3.56554309510241e-03 -1.09186774502673e-03 -1.98550434340991e-04 1.45405219314944e-03 6.36969388442500e-04 1.06264040632358e-03 -1.57700856766873e-03 5.61990176632984e-04 -6.89308047201736e-02 1.07668250564044e-02 1.97673197359996e-03 -6.70215960915490e-04 1.33033072570895e-03 3.70017289981487e-03 -3.88622296053630e-03 -8.83281596814237e-04 2.48647737997398e-04 1.50038193735706e-03 6.37829601385418e-04 -1.09226941738895e-03 -1.58288729419642e-03
 -5.93015873058339e-03 4.47548014674195e-03 -1.28368253805425e-01 3.42565571824440e-02 1.15119811474618e-04 -9.01910542709885e-03 -5.44919247900301e-03 -1.67623302153273e-04 1.15762916600463e-01 2.84876130818749e-02 -1.72885930254640e-04 -2.09543892446630e-02 -5.54605028917337e-03 5.89214138162610e-06 -2.28293252777279e-03 2.80912835805037e-03 -1.59413370766926e-05 4.70131820191927e-03 9.18261456324595e-05 6.44085268803839e-04 3.40916977397061e-03 -6.30654452505870e-05 7.33725659202919e-03 -2.14873728806094e-03 -4.18051650857304e-05 -1.84351973780205e-04 -8.42899924166262e-04 -3.50539850639746e-05 -8.74332933158879e-04 -1.36774744293750e-06 1.42471175289661e-04 3.79960034932968e-04 6.76237632839010e-03 8.17798222754668e-03 -8.03316584778139e-05 2.22299334754327e-03 -1.02308135834019e-04 -2.52205352046663e-04 -4.48256793064337e-03 1.76444538989915e-02 -1.68373965066113e-04 4.30580400023563e-04 -4.09924584848508e-03 2.30905702050933e-06 -8.53498006557184e-04 -3.34062383075353e-04 -4.64598665276953e-07 3.09761224229739e-04 5.88171112429306e-05 -1.95397296146289e-03 -1.48093662309366e-03 -6.73368692438592e-05 7.02969420748483e-05 2.82670435606383e-05 4.80025537208501e-06 4.81107969006480e-04 1.79711986374756e-05 7.04051639089654e-06 6.14059578050988e-06 3.29815759612538e-06 3.58306177169434e-02 -1.92597432731015e-01 3.08373387014062e-02 -5.81423203959313e-06 -2.40105969130993e-03 -7.54173184451405e-04 6.31383912353708e-05 1.66136056695293e-03 -1.48134453115808e-04 1.07861639205402e-05 -1.87160718088548e-05 -6.88558816038303e-05 2.90627023018296e-06 5.82468824969381e-05 7.18765157223061e-04 -6.65780217509038e-03 7.26644737925453e-03 -5.05304112743155e-04 1.12895179749204e-03 1.65658988707870e-06 1.36389939507488e-03 2.79849509039097e-03 1.23208267196197e-03 2.65311246829735e-04 4.75433512444341e-05 9.21412652381278e-05 2.25714496906007e-04 3.45929523311288e-04 6.84670075131814e-04 -6.94807637964500e-03 7.59420114620279e-03 5.20451379435248e-04 1.14274167210509e-03 -1.81635522982934e-05 -1.33676432894781e-03 2.73482162505244e-03 1.28742048231331e-03 -2.63195612058006e-04 5.32537622095494e-05 9.73918788433790e-05 -2.23310847888371e-04 3.37451325623856e-04 -4.54558549918870e-03 -6.43271067134926e-03 -7.23825559715103e-03 -2.95368691657300e-06 -1.47998695437688e-04 -1.14413266668250e-05 4.11763016157871e-06 1.80937789897405e-03 4.31361222671263e-05 1.63828330001966e-07 -2.22460025715528e-04 3.61472768173148e-05 1.88737691253617e-06 1.22869431441184e-04 -1.98848062107686e-03 1.40941422996761e-02 -3.70192768305967e-03 4.12028384323380e-04 2.33287464438122e-04 1.87556513706026e-04 3.22137863906772e-04 5.22404364536385e-04 1.05076403907544e-03 8.63564282134133e-05 -1.38102486165346e-04 -1.65049243178500e-04 -4.61296056412410e-05 2.10428666860253e-04 -1.58732866298256e-03 1.36889288842235e-02 -3.18253388689624e-03 -4.15351957200897e-04 2.29310555706484e-04 1.90218190616410e-04 -4.81024460112333e-04 6.24003256544611e-04 9.89414124002624e-04 -9.83447850844561e-05 -1.45486730832848e-04 -1.71731240352874e-04 5.08418323173350e-05 2.16088281850232e-04
 -3.17829634378885e-06 -5.82856258740997e-07 2.37166265590022e-05 -3.08548942011812e-05 -5.10870038760113e-04 1.30441683982594e-05 3.22777810503582e-06 6.29032965327229e-03 -7.15052936109579e-07 -3.52445673464030e-05 -1.14410170887333e-03 -1.07058960604574e-05 -5.56538578440119e-06 2.52275244421863e-04 -1.05174072346356e-06 -3.66911235999416e-06 -1.16983466161067e-04 1.63201489629757e-06 3.84684680711258e-04 -3.44192222417131e-06 -3.48024354080603e-06 3.58456453178076e-05 3.55975245635205e-06 -1.66415234980628e-07 -4.60083060091988e-05 -1.60631326723368e-06 -8.21345937671817e-07 -6.32392448020676e-06 -1.49894944367270e-07 -1.54185376935069e-07 -1.04550139494419e-06 4.52112266785996e-07 -3.01151584830061e-05 4.37258682414236e-06 9.46093598689303e-05 1.79105368324163e-06 6.39840427873994e-08 1.13664253540072e-04 2.19630114384569e-06 3.82261440872354e-05 -1.76159637061972e-05 8.23738772548484e-06 -1.69131135059860e-05 1.27046696568213e-05 -1.02177931284615e-07 -5.77174736444701e-07 -4.17157923278339e-05 2.36433132355182e-07 -2.20569190286920e-06 1.87866409299698e-06 2.68365671062821e-06 -1.03379846861285e-04 -2.33182083754299e-06 1.30624363491775e-07 1.40231162893173e-07 9.88379303727571e-08 -2.22338229594207e-07 2.60465853939891e-05 -4.29204480273412e-07 -3.79873039535801e-07 8.48738627959376e-06 2.77094959381467e-05 -5.81423203959313e-06 4.57244012191182e-05 5.87481028624816e-07 -2.59341663108826e-07 1.91686950927578e-04 5.26124836955273e-06 1.92965147371666e-06 2.71801569710785e-05 3.12380151220049e-07 -7.65207705442519e-08 1.06359634451757e-05 -1.01900133475114e-06 1.07009822985178e-03 -5.77667329832214e-03 7.41022419989431e-04 -2.60900807875243e-05 4.17937872263943e-05 -2.40055531568594e-05 9.41719684392758e-05 5.52141409893223e-05 -4.83283847597559e-05 7.24368096477596e-06 8.34205461032591e-06 -4.97912616248922e-06 -2.76080545418991e-06 1.14869128545877e-05 -1.09114794278230e-03 5.83881336418970e-03 -7.37137457912917e-04 -2.77703838076287e-05 -4.17989674492947e-05 2.33447944072145e-05 9.67519549572379e-05 -5.57587626000907e-05 4.78201201185623e-05 7.12472644637886e-06 -7.88680666931840e-06 4.68651764105672e-06 -2.34195981893870e-06 -1.09914695332762e-05 -1.05680039394692e-05 9.00091572552332e-06 1.53615725824294e-05 3.12538061146751e-06 5.80326143133766e-07 4.01751855073692e-07 3.03818104182027e-05 9.34732637395302e-08 1.79147704223301e-06 7.10510572634005e-06 -1.19455534039518e-07 2.36038995882224e-07 -7.70619435562514e-06 -1.17355654564871e-07 1.33350383923755e-04 3.48554935160599e-04 2.20307983038266e-04 4.47886053887404e-06 1.21432003230898e-06 9.96539657239033e-06 7.00799442271936e-05 2.15046499402932e-05 3.44448683674740e-05 8.86099176308462e-06 -1.37921971620301e-06 -6.03152504355429e-06 -9.41129498482336e-06 1.33655571686680e-06 -1.25581283592208e-04 -3.39993360518375e-04 -2.07012356789603e-04 4.43516541906981e-06 -3.33179877448512e-07 -9.31958897737002e-06 6.63223912146212e-05 -2.23529297801135e-05 -3.23806141978598e-05 8.53641052236687e-06 1.49646765850708e-06 5.43003304296106e-06 -9.71988529465895e-06 -1.33906039668885e-06
 3.35438947155413e-04 -4.32403469429269e-04 1.23358978690812e-02 -3.28356283540688e-03 -1.01061584395326e-05 5.48067941519371e-04 5.64529240569728e-04 1.86702370488902e-05 -6.93511376105218e-03 -2.92474238014917e-03 1.35686977864368e-05 1.28181128765053e-03 5.82651702410294e-04 -1.28329834404048e-07 1.19796917435801e-04 -2.80926800149991e-04 7.65918059617487e-07 -2.77875944337570e-04 -6.72789731849990e-06 -3.68202610184007e-05 -3.36646268490935e-04 4.52468564855448e-06 -4.38715797872637e-04 2.06854758032734e-04 3.01455035040631e-06 6.08396530326482e-06 7.62346556036097e-05 2.52907821589606e-06 5.23620574054861e-05 8.17763779639086e-07 -4.78619474518580e-05 -3.78280529198224e-05 -6.00550497015413e-04 -8.32147941442772e-04 7.27751933653529e-06 -2.93900000781633e-05 -4.70493029464776e-06 8.34156936557144e-06 -9.79312886395788e-04 -1.32086926447334e-03 1.76050474497715e-05 1.56364565064408e-04 3.89952842081319e-04 -2.50776311408614e-08 3.48660970430388e-05 3.02704011739126e-05 -1.30016574466626e-07 -3.99092433296487e-06 -4.13116565396827e-06 1.12224301241522e-04 1.40807478300421e-04 5.50126618495844e-06 4.27095483678335e-06 -3.15204522559850e-06 -2.68079133189972e-07 -2.79641428281281e-05 -2.51266624157455e-06 -4.57660360088229e-07 -1.98927035608685e-06 -2.29521314654186e-07 -2.59891158104268e-03 1.40180429891439e-02 -2.40105969130993e-03 5.87481028624816e-07 1.98799932488288e-04 5.45307820845283e-05 -4.90281451776599e-06 -1.09890088415679e-04 -1.83846037649999e-05 -5.96218493008932e-07 -3.75097487026916e-06 2.61196674812453e-06 -3.35617104583205e-07 -6.06535246385575e-06 -4.94661147505001e-04 2.98039554434803e-03 -9.91075853974882e-04 7.59891038720278e-05 -9.42667980149548e-05 6.88962857758493e-06 -9.11338869814040e-05 -1.62948042681340e-04 -1.08738542162455e-04 -1.78900647722217e-05 -1.42071850135824e-06 -7.90013613678256e-06 -1.81910500674111e-05 -1.95737445371746e-05 -4.92727319617968e-04 3.01227774570890e-03 -1.01829488593691e-03 -7.70421342372461e-05 -9.51230982043667e-05 8.19137290011339e-06 8.81148417953710e-05 -1.57645865930591e-04 -1.12360261972374e-04 1.72846393653918e-05 -1.57804052759626e-06 -8.18402317997937e-06 1.81218365127898e-05 -1.90411202820312e-05 4.86237332379675e-04 -9.11897240658247e-04 8.98630454599614e-04 2.19600610220831e-07 4.20540245486096e-05 1.34669963877848e-05 -1.60693976783332e-06 -7.24149762106801e-05 -3.28986101698268e-06 2.94365731661427e-07 5.46113712427698e-06 4.38111633793283e-06 -6.08702795640846e-08 2.95909259650775e-06 1.14597293505376e-04 -3.50738469935461e-04 1.85274298388481e-04 -1.62168767231115e-05 -2.21016924344056e-05 -1.94265422804068e-05 2.73056293128234e-05 -3.58245961745201e-05 -9.09864219931770e-05 -5.92802835221521e-06 7.64506723424148e-06 1.04676688741292e-05 -1.54681764710323e-07 -7.17136113046648e-06 8.24717207489250e-05 -3.38207040196142e-04 1.49277351948880e-04 1.68471914942261e-05 -2.20972317620698e-05 -1.94629173394319e-05 -1.45847374911364e-05 -4.52803306221564e-05 -8.56551212214466e-05 7.07303707100539e-06 8.31801242482540e-06 1.10873200332310e-05 -3.03295990631298e-07 -7.50609138913210e-06
 9.06466254501051e-05 -9.75973396422043e-05 2.82025702546017e-03 -6.92222330435860e-04 -7.17822276452691e-06 3.11408856738015e-04 -5.73240081087515e-04 -1.48015469329481e-05 -3.72817231897011e-03 2.85516813650098e-03 -2.88766830843420e-06 7.08209310161370e-04 -8.03828291515366e-04 -1.97614905066485e-06 5.37259862305567e-05 1.56320079835091e-04 1.35211039908908e-06 -1.46446917378572e-04 -8.86257693107770e-06 -2.42039579688119e-05 7.96634308577733e-05 4.66720816389446e-06 -2.23706864911049e-04 5.12371919519719e-05 2.55248768677780e-06 -9.67480783678965e-09 1.00698333209181e-04 2.45396407642193e-06 2.73822538628397e-05 -7.90996046235025e-07 -2.43744868951484e-05 -1.53494151944543e-05 2.88182088832486e-03 -6.01660693700175e-05 1.15683012556652e-05 4.11774444412077e-05 1.82141787105984e-04 -9.22729945629713e-06 -1.26585082003713e-03 -6.00618747412147e-03 1.96526764628766e-05 1.85771485503505e-04 1.58101437947666e-04 4.07942148446973e-07 8.65084773737586e-06 2.22773269705810e-05 -4.01311319266884e-07 6.95466532359290e-06 -7.30446729968041e-06 5.66704859290315e-05 7.28973499459379e-05 6.75312263739559e-06 7.77255209587316e-06 -1.07808279544648e-06 -1.30877685740030e-06 -1.50408431471583e-05 -1.79706829255553e-06 -7.28903996055576e-07 -2.00347982358388e-06 4.53258778118057e-08 -9.61490894161582e-04 4.13450123823636e-03 -7.54173184451405e-04 -2.59341663108826e-07 5.45307820845283e-05 5.11202090076879e-05 -2.26019599394437e-06 -1.29136479761625e-04 7.80393468176143e-05 -7.68801386736007e-07 1.89459791609344e-05 1.31159727914101e-05 -1.34092561878055e-07 1.14935892369262e-06 1.36093586548327e-04 -1.70650757461015e-03 -1.53639849691894e-05 -5.55951041754645e-06 -2.39713820203535e-05 2.47875901165141e-05 -1.12843578665556e-04 -4.71755038131832e-05 2.23674704832110e-05 -4.44671740114218e-06 -1.15530474245404e-05 8.20366080332430e-06 8.27242092659118e-06 -1.25721976407897e-05 1.57322520049197e-04 -1.73154200907869e-03 -6.71877218550560e-06 4.72248433588116e-06 -2.47692109090781e-05 2.48846116189252e-05 1.09050113981916e-04 -4.72550842445169e-05 2.02215688444214e-05 5.67919902533172e-06 -1.14740316532543e-05 6.64511628521945e-06 -8.01795384950371e-06 -1.24739083866126e-05 4.34228056978606e-04 -1.89742148018677e-03 5.92044846037926e-04 7.06794878930829e-07 4.43678946520909e-05 -5.08193593404645e-05 -2.03953730094512e-06 3.29783380106481e-05 -1.13884175607772e-04 -6.54085714657435e-07 2.02615558694418e-05 1.20234562854533e-05 -3.67345820351319e-07 1.15785069952467e-05 9.60212923105084e-05 -5.23343429677359e-04 -1.02902637674269e-04 -5.27117034829324e-06 -1.75907409805308e-05 -8.25012024698471e-05 -3.87722667876765e-06 -4.81899732297567e-05 -1.72872664109987e-04 -7.61309204176153e-06 -6.58706935859071e-06 1.26734407724949e-05 -2.11231319595244e-05 -2.72997513218987e-06 5.65387782421455e-05 -5.34939878170687e-04 -1.04427436076969e-04 7.41640205739901e-06 -1.85122219967000e-05 -8.14244188540907e-05 1.82780788985558e-05 -5.72862399314799e-05 -1.66636550781302e-04 8.71327695541511e-06 -6.20231234873868e-06 1.40670386513492e-05 2.04272382634198e-05 -3.97743418615703e-06
 2.09603103700642e-05 1.51146529033418e-05 -3.94751197730619e-04 1.62466470325162e-06 -2.13003643270885e-03 4.11390425146144e-05 -2.11875539311062e-05 2.64062585892547e-02 1.95230861552695e-04 3.18130452310198e-05 -4.77364636654534e-03 -7.95711259714586e-05 -6.39002231855834e-05 1.06399097798050e-03 -9.63255068341096e-06 -3.42650105143239e-07 -5.11531891947355e-04 1.54327597444447e-05 1.62077354905888e-03 -1.37673985937110e-05 2.21864703271973e-06 1.49537878825988e-04 2.81703911997976e-05 -8.99671862795976e-06 -1.93195183620264e-04 -7.46142612071702e-06 -4.82859257589620e-06 -3.30104323601946e-05 -2.20459401861779e-06 -8.19640281085691e-07 -5.45127137097530e-06 3.59792189412255e-06 -6.86771168350098e-05 5.71651031568663e-05 5.17621861548617e-04 1.84593017203456e-05 4.04164145953771e-06 -9.85571835522251e-04 -8.57154462725460e-05 1.05825824745623e-04 1.39765648972842e-04 4.86633760368773e-05 -8.54374971583879e-05 7.04379786712656e-05 -2.99678537898106e-06 -3.25222272224475e-06 -1.94094800834742e-04 2.51089662082432e-06 1.02335908041576e-06 4.21201811350730e-06 5.66266915572298e-06 -4.40613159964289e-04 -8.84918909886838e-06 6.06747778431819e-07 -1.01575258512865e-06 1.27774919997328e-06 -7.76805191200754e-07 1.10355020964704e-04 -1.84003871214198e-06 -1.58552966910753e-06 1.26093625946538e-04 -3.91576587015491e-04 6.31383912353708e-05 1.91686950927578e-04 -4.90281451776599e-06 -2.26019599394437e-06 8.05828264426159e-04 2.46170375079576e-05 1.13317935624679e-05 1.14351359392017e-04 1.90707941565117e-06 -1.22402588579994e-07 4.31778874108170e-05 -4.06034660066633e-06 4.52648728173546e-03 -2.45067304376409e-02 3.16047655260740e-03 -1.12320827285334e-04 1.78330683853115e-04 -9.92433547593568e-05 3.98044591552018e-04 2.37307531449240e-04 -1.92022376981960e-04 3.08478590367323e-05 3.41140007183346e-05 -1.97739304709241e-05 -1.09913278835079e-05 4.90846491366176e-05 -4.55829210108441e-03 2.44031745610613e-02 -3.05022172596384e-03 -1.11819908114829e-04 -1.71171300070987e-04 9.63798141625511e-05 4.06343633453220e-04 -2.28632558957407e-04 1.99692308234695e-04 2.89514272476800e-05 -3.27470637344234e-05 1.95524129919509e-05 -1.09051913563216e-05 -4.59959822541874e-05 -4.13290995280607e-05 -7.27636160339721e-05 7.23798671220553e-05 -1.97796543295635e-06 3.93879580192583e-06 1.69026846521037e-06 8.95259881227970e-05 8.09109272611675e-06 7.70182190966186e-06 3.69292931297381e-05 -1.19045431868574e-06 1.32327119744889e-06 -3.08451666163043e-05 2.20341096320017e-07 4.00280458660820e-04 2.72016170223929e-03 5.60803516462489e-04 3.79041690795528e-05 2.39034722184161e-05 2.63761168238608e-05 3.28031096919035e-04 1.29700914010146e-04 1.27599427150609e-04 4.60551595786217e-05 -1.05033764229880e-05 -2.96552527279018e-05 -4.59249531257624e-05 7.42092157072460e-06 -3.82966649723868e-04 -2.58564222103802e-03 -5.48131594480826e-04 3.41285377752180e-05 -2.00820262083575e-05 -2.60825851408893e-05 3.08210871832715e-04 -1.35054416940214e-04 -1.18408202293035e-04 4.43124681617326e-05 1.00588499006497e-05 2.63149060622100e-05 -4.61395801816377e-05 -5.63723305181098e-06
 -8.03876459737948e-03 1.61059383788295e-04 -5.88219258277124e-03 1.38821234600721e-03 -2.96997888795302e-05 -6.66227631037312e-04 1.89611079952868e-03 6.61850815982200e-04 8.64984488200946e-03 -8.95418883093173e-03 -9.48313343562674e-05 -1.54723504432175e-03 2.49346440841125e-03 3.15992350824485e-05 -1.91218817242472e-04 -4.89026133568109e-04 -2.04848525272813e-05 3.57188943723296e-04 6.07811967972892e-05 5.70997475879789e-05 -2.56136699216975e-04 -7.72987616389153e-06 5.38019532682981e-04 -1.19576687594014e-04 -1.12073966167340e-05 -1.99575731451232e-05 -2.85941772399442e-04 -8.64880568018066e-06 -6.36935047735305e-05 3.05217728746315e-06 -8.58200548562721e-05 1.74166454930629e-05 -6.19278708923868e-03 -5.57380188824834e-04 6.95613213984675e-06 2.97353537240438e-04 -5.91209649833089e-04 -3.32995873914965e-04 -1.77915393710357e-03 1.80774379464904e-02 -6.38593842873958e-06 2.57817707547591e-04 -3.97655840663273e-04 4.35560724861573e-06 -8.16269858914475e-05 -6.87853836813319e-05 -7.45173277138071e-06 3.90947260786822e-05 2.44557205604302e-05 -1.48575389391994e-04 -1.82723865559717e-04 -3.14450651262479e-05 1.41511642821657e-05 -3.79113030381771e-06 3.96296829806193e-06 3.87824538866675e-05 -5.31463696457747e-06 4.76086929416203e-06 -6.35150939930452e-07 -3.77039176239952e-07 2.22350692219311e-03 -8.68854831294317e-03 1.66136056695293e-03 5.26124836955273e-06 -1.09890088415679e-04 -1.29136479761625e-04 2.46170375079576e-05 3.91837438998942e-04 -1.91917372242082e-04 4.79926719857615e-06 -5.41249115479055e-05 -3.57017507686535e-05 1.00893795596042e-06 -9.11435855781219e-06 -2.58527379717912e-04 4.68774067353871e-03 2.78471566993302e-06 1.87748951603920e-05 5.38574627071523e-05 -7.85724860315029e-05 3.42592044153364e-04 7.62209097176339e-05 -1.02864502181647e-04 7.57609639539363e-06 2.93749609761455e-05 -2.86447072373918e-05 -3.13761674888456e-05 3.24876573027905e-05 -5.27809918427608e-04 5.93747117599261e-03 -1.70909234372872e-04 -2.16207081100235e-05 4.82686747447310e-05 -7.46918533366714e-05 -3.13200128460053e-04 6.66376891602377e-05 -9.06938552802226e-05 -1.03449255314313e-05 2.78314899562066e-05 -2.32375246062292e-05 2.98579471641687e-05 3.01544602499139e-05 -7.73543145433786e-04 1.55697303091154e-03 -5.10805414492272e-04 -5.57563535247708e-06 -5.58379580235075e-05 2.06464959055548e-04 -1.76276354215766e-06 3.27993416475186e-05 4.03907366869076e-04 4.97464793970779e-06 -8.35296689941411e-05 -2.40531567805085e-05 8.82109690778333e-07 -8.42598409606565e-06 -8.65744281122177e-04 5.44967508635336e-03 -8.76142873903157e-04 1.15120118114926e-04 5.34360424168161e-05 1.98652985370377e-04 2.14621808851939e-04 1.09783546180490e-04 4.43316770159327e-04 3.33803528242598e-05 1.54267942849225e-05 -4.97526838121129e-05 4.18578148520274e-05 3.69314804254099e-05 -6.97461399859074e-04 4.80172398101468e-03 -7.41431467349749e-04 -1.11853635254084e-04 4.62533699736926e-05 2.01029425102347e-04 -2.25841507651912e-04 1.12165860896187e-04 4.27790619486818e-04 -3.05647575575474e-05 1.69449600563050e-05 -5.06131901200591e-05 -4.51667265017117e-05 3.99145339629978e-05
 -2.09175964458350e-03 2.01490000011211e-04 -5.92598300835464e-03 1.64888532309563e-03 -3.88851082379376e-05 6.81807510719039e-04 -1.52484475618319e-03 3.62423050992178e-04 -7.53999931954941e-03 7.66841565814107e-03 -8.81121287676751e-05 1.49268589635325e-03 -1.94792086371944e-03 1.28718194034855e-05 6.55541442688969e-05 5.26288464084318e-04 -6.28314668830799e-06 -2.83716936578294e-04 9.92477674425173e-06 -5.41009729968300e-05 4.36865090385737e-04 9.57597886316773e-06 -4.28284156193517e-04 -9.48263433706243e-05 2.08840898418994e-08 -1.32969959732416e-05 1.13110049455770e-04 2.82173686165276e-06 5.48515678910191e-05 -2.31801304590917e-06 -2.80230173621264e-04 1.95538973754654e-05 4.06447250479598e-03 9.44694971299977e-04 2.65483826635404e-05 3.26259805214015e-04 3.67687221671688e-04 -8.51538807443279e-05 -5.50813713220722e-03 -1.01182500762711e-02 2.49161108182713e-05 8.05016550449946e-04 -4.45105935689102e-05 2.19753407563667e-06 -2.09407823379056e-05 1.92127433264313e-05 -3.92707286088859e-06 4.87736990214102e-05 -8.36578029472845e-06 1.03216567928500e-04 9.12017947230216e-06 3.53366896637801e-07 3.69615967926997e-05 5.73096950790171e-06 -1.95931671741909e-06 -2.77910695709619e-05 5.10638105292121e-06 7.31662872389368e-07 -6.67338782773116e-06 -3.25524426291746e-07 -7.81778239046541e-04 2.23499041314433e-03 -1.48134453115808e-04 1.92965147371666e-06 -1.83846037649999e-05 7.80393468176143e-05 1.13317935624679e-05 -1.91917372242082e-04 2.41930182544362e-04 3.79489430404819e-07 4.65391148155020e-05 2.93153702521179e-05 7.81764599454400e-07 4.64743370487669e-06 1.44818545052083e-03 -9.67532533282292e-03 1.36960611673932e-03 -1.27628299419773e-04 1.99088473969795e-05 1.83839173134279e-05 -1.71011254052796e-04 -1.15420482299548e-04 9.87258882640199e-05 -4.08733959113959e-06 -2.85419167725175e-05 1.66884550730727e-05 2.11430772076761e-05 -2.67228049535810e-05 1.34985937879233e-03 -8.99295735860446e-03 1.30979457300878e-03 1.22738773097452e-04 1.33076067799443e-05 2.12801199194556e-05 1.80748142361774e-04 -1.25668769669444e-04 1.01914733413639e-04 7.77073894466832e-06 -2.99863715018658e-05 1.48080400889203e-05 -2.15564304743291e-05 -2.77788247644003e-05 1.17586177028297e-03 -6.74885619232355e-03 1.89846478913248e-03 4.30539280602729e-07 1.37209532622605e-04 -4.17774124623363e-05 -2.54888854608627e-06 2.17524178883216e-04 -1.03636573540294e-04 -1.87104075784964e-07 1.86721157138171e-05 2.65460827159669e-05 -7.41352765005838e-07 3.74928539703924e-05 -5.83618445023228e-05 3.29677237688313e-04 -7.22436563488537e-04 3.52351842004804e-05 -3.88184452766325e-05 -1.55321490074093e-04 4.01850356269841e-05 -1.50219903641395e-04 -2.76455340681799e-04 -1.00199749169456e-05 -1.23613758912749e-05 1.33664986495779e-05 -4.68281477701091e-05 1.19449609691192e-05 -9.86981258980968e-05 1.37588028553074e-04 -6.91671452506225e-04 -3.00008590731322e-05 -4.27407150673228e-05 -1.53070195162281e-04 -1.15900988586271e-05 -1.63560312925385e-04 -2.73022042360787e-04 1.30367362276544e-05 -1.16807270658067e-05 1.67051090509276e-05 4.38851745502884e-05 9.41063824680351e-06
 2.33557045017245e-05 1.09656490377053e-06 -2.39743738535770e-05 -8.83617750629121e-06 -3.01310088426304e-04 2.09530569256783e-06 6.30450946908976e-06 3.74543186529412e-03 7.63928707435823e-05 -4.31494582935018e-05 -6.75392945499137e-04 -1.98242127753824e-05 3.04220694185626e-06 1.51190114708467e-04 -2.55209367927722e-06 -3.33310214943044e-06 -7.36440508965265e-05 4.22481471444905e-06 2.30253664520702e-04 -1.63236705875903e-06 -2.39753012412288e-06 2.11204271298251e-05 7.00932052819253e-06 -7.59360219064420e-07 -2.74228599876748e-05 -1.20200430348430e-06 -1.42071457359428e-06 -5.04104548102933e-06 -6.76350712261451e-07 -1.01933832297100e-07 -4.95509108600878e-07 5.07261697271894e-07 -4.68674322259442e-05 4.86641992380904e-06 7.96674970937617e-05 4.96495013531677e-06 -1.50466949929834e-06 -2.16819550931821e-04 -3.04970285452633e-05 7.64111367768183e-05 3.09898116255409e-05 9.58832792208252e-06 -1.19086964548447e-05 1.08877551696182e-05 -9.91569862366953e-07 -5.54276779364057e-07 -2.85248907890677e-05 6.71720485530701e-07 7.61316035084144e-07 -2.79750573571064e-07 6.61382487940313e-07 -6.28900465631955e-05 -1.10552925583911e-06 7.82486755487170e-08 -2.12723068061090e-07 4.00370141545081e-07 -9.70299153873205e-08 1.57124881500659e-05 -2.75515788058275e-07 -2.26109144485476e-07 2.38557004724355e-05 -7.67013322113508e-05 1.07861639205402e-05 2.71801569710785e-05 -5.96218493008932e-07 -7.68801386736007e-07 1.14351359392017e-04 4.79926719857615e-06 3.79489430404819e-07 1.62410631008944e-05 -1.16092606147940e-08 -1.81083004743544e-07 6.04479905314424e-06 -6.23933590469570e-07 6.33731940433114e-04 -3.42153774608369e-03 4.40454639995255e-04 -1.51520612352179e-05 2.51835796941656e-05 -1.41611746419793e-05 5.76121647270832e-05 3.44996151500115e-05 -2.76555779610685e-05 4.40739675753821e-06 4.94781777360181e-06 -2.88887895833085e-06 -1.72645479931077e-06 7.15616490487850e-06 -6.55603151135381e-04 3.52357599307035e-03 -4.40923228204888e-04 -1.65273087883675e-05 -2.43021446811456e-05 1.34193397585170e-05 5.66417007898405e-05 -3.15565847432184e-05 2.72918130976623e-05 4.02276825846886e-06 -4.46653032705320e-06 2.64158923252623e-06 -1.40656215538886e-06 -6.36642966067349e-06 -5.78175574433448e-06 -2.37450184246354e-05 1.44956276008658e-05 -1.08298715546990e-06 8.73786350212271e-07 1.14236673551111e-06 1.06919132537231e-05 2.00047232999988e-06 2.51540567436514e-06 5.62558208531682e-06 -6.12662858284114e-07 2.05425119331338e-07 -4.28975866376981e-06 1.57615824180218e-07 4.71336477859796e-05 4.68031716265067e-04 6.07288277868998e-05 6.61989166338576e-06 4.39322421255241e-06 3.71406843192571e-06 4.92982512536288e-05 2.08466973715940e-05 1.86471464127425e-05 7.06757393972435e-06 -1.66668632493629e-06 -4.56743098973379e-06 -6.66618309118782e-06 1.29518706618536e-06 -4.76520896164530e-05 -4.11737063912010e-04 -6.05630489259875e-05 5.40173887869799e-06 -3.81315264073423e-06 -2.23551667663783e-06 4.41833754080246e-05 -2.09069958807041e-05 -1.44668150162502e-05 6.65727686736265e-06 1.69652335858417e-06 3.77253326144781e-06 -7.00525733595085e-06 -6.38606158433939e-07
 -4.10624224596288e-04 1.91391817171725e-05 -5.80240136347205e-04 1.78407525032104e-04 -7.91731624619793e-06 8.10453302190717e-05 -4.23363572089550e-04 6.57310268939805e-05 -9.74059719527299e-04 2.10041815707151e-03 -1.73693891743570e-05 1.80770986221833e-04 -5.51639943457735e-04 2.11255790582084e-06 1.74179438383853e-05 1.34918625597539e-04 -1.15783209581002e-06 -3.90252484521629e-05 1.24362738751227e-06 -7.73559084793687e-06 9.95436584596841e-05 2.11219238341010e-06 -5.68712698269103e-05 -7.75681750380795e-06 3.77664213688356e-07 1.00105349376645e-06 4.35846593696043e-05 7.42620236415659e-07 6.94567067529781e-06 -6.40436286955956e-07 -1.05680039897834e-04 2.81942569671257e-06 1.14580913439231e-03 2.30875875476416e-04 8.45358451641149e-06 -1.11464584689216e-05 1.16356952398203e-04 -2.98730646909318e-05 -8.23588679175141e-05 -3.32580189164564e-03 1.19635768612666e-05 1.09688682931250e-05 2.67299739927849e-05 6.75663371665700e-07 5.40859900173803e-06 9.42072746884916e-06 -1.07159464801236e-06 -9.84983900756370e-07 -3.36360685877021e-06 1.54757879287733e-05 1.75324797174332e-05 1.61311388536819e-06 4.85782493402083e-07 1.76710760066414e-06 -7.86412934824903e-07 -4.27902342921989e-06 1.66052687899574e-06 2.49885997813210e-08 -2.50078477764842e-07 4.54023281797127e-08 -1.06854678306458e-04 4.47649128967136e-06 -1.87160718088548e-05 3.12380151220049e-07 -3.75097487026916e-06 1.89459791609344e-05 1.90707941565117e-06 -5.41249115479055e-05 4.65391148155020e-05 -1.16092606147940e-08 1.16641869435856e-05 6.74756540413810e-06 9.00617065357363e-08 1.71815415167441e-06 1.87936965478183e-04 -1.60846754733095e-03 1.80205813190490e-04 -1.70495519656604e-05 3.13287599752072e-06 1.24181555885428e-05 -4.61080649264876e-05 -6.49031375675676e-07 3.30389312719513e-05 3.27591188976002e-07 -6.07180732022563e-06 5.95486380250577e-06 8.18972411730114e-06 -3.72196925546724e-06 1.71780004464198e-04 -1.48240689600570e-03 1.70989658531569e-04 1.61282028052872e-05 1.80644391128394e-06 1.27883793458533e-05 4.71244872856635e-05 -2.81358283543442e-06 3.32944559785218e-05 6.49546942580913e-07 -6.16670512108570e-06 5.21677351700537e-06 -8.07699343358507e-06 -4.06460983687630e-06 1.72048751923571e-04 -7.44743168834504e-04 1.57815922291580e-04 1.45589822418690e-07 1.70787795303569e-05 -3.45169047997259e-05 -1.13104698474504e-06 2.26932715764986e-05 -6.88111744819363e-05 -2.43602457025073e-07 1.26203065151433e-05 5.63977267611341e-06 -2.65658282895588e-07 4.69640375545162e-06 1.26210647183885e-04 -7.12075848776747e-04 7.02959915571082e-05 -1.29848214576921e-05 -8.58639639172872e-06 -3.91707778607710e-05 -2.72274018406513e-05 -2.07882826822289e-05 -7.81248251922027e-05 -4.78028203254417e-06 -4.40528803379920e-06 7.07251688760659e-06 -1.02304497961640e-05 -3.60560349095135e-06 1.10784918354200e-04 -7.69875325856717e-04 8.14418163070209e-05 1.48052384212249e-05 -9.76022200361943e-06 -3.83306133324545e-05 3.60305199425563e-05 -2.64285769039371e-05 -7.57604834817053e-05 5.75664049719132e-06 -4.15121810193602e-06 8.04302920478903e-06 9.53967383088022e-06 -4.34887143584305e-06
 2.16014036119835e-04 6.05929281145589e-06 -1.28699633853816e-04 5.39402393916778e-05 -2.35719218049917e-06 7.24685327571888e-05 -2.38750768969320e-04 1.49123156883610e-06 -8.28498306595443e-04 1.18935014719519e-03 -3.75029601608859e-06 1.61120311178794e-04 -3.14486464245299e-04 -3.65499493963840e-07 9.60852563015381e-06 7.49867874048872e-05 4.10878151074540e-07 -3.18923781538737e-05 -2.04521796448098e-06 -6.01392739301099e-06 5.44234584597713e-05 1.28061478849228e-06 -4.76922227712780e-05 -6.67894891151969e-07 5.45888471968189e-07 -7.27799371276452e-07 2.66869042398455e-05 6.74463270986743e-07 5.98874828363190e-06 -3.38330306055644e-07 -1.11302733789195e-04 -2.03873474819675e-06 9.80946716581488e-04 5.61621309422617e-05 2.34777973356358e-06 2.19209524767921e-05 6.09199564998930e-05 8.13275451432728e-06 -4.41652445369571e-04 -1.86468101048360e-03 3.09177128815789e-06 6.39496282140465e-05 1.83436163329924e-05 1.12303678077825e-08 -2.20956026855120e-07 4.77752358596624e-06 -1.38002461876627e-08 3.47992333913078e-06 -2.11166578636276e-06 1.18790224410680e-05 1.17475544949839e-05 1.66449364961521e-06 2.89471867118442e-06 -5.94454728404591e-08 -3.85849914258661e-07 -3.27356208795679e-06 -2.97930794771870e-07 -1.80084755241684e-07 -6.18269477664558e-07 1.98440776216106e-08 -1.33436089787901e-04 3.61493760015299e-04 -6.88558816038303e-05 -7.65207705442519e-08 2.61196674812453e-06 1.31159727914101e-05 -1.22402588579994e-07 -3.57017507686535e-05 2.93153702521179e-05 -1.81083004743544e-07 6.74756540413810e-06 4.34912799188509e-06 1.31545182377508e-08 9.06046089687523e-07 1.06382508822801e-04 -9.25459577702689e-04 9.34185579962996e-05 -9.71319803138708e-06 -4.20812114809752e-07 7.01135864763350e-06 -3.16282569729729e-05 -6.00079771629670e-06 1.52878355958102e-05 -1.97189987796544e-07 -3.89299540129908e-06 3.26673072711987e-06 3.95113636792541e-06 -3.11413456165598e-06 1.10753496663795e-04 -9.22945299224529e-04 9.66812649888518e-05 9.42109122070853e-06 -7.43562316302416e-07 7.04511192968939e-06 3.08810451443192e-05 -6.59197683857136e-06 1.50747682969693e-05 6.81527893086926e-07 -3.91154550631932e-06 2.80057433767775e-06 -3.88671917568045e-06 -3.12745795039500e-06 1.19902592746777e-04 -6.42087518735117e-04 1.56641705222767e-04 3.33749717523688e-07 1.31073222417379e-05 -1.62451931218384e-05 -1.94963337101534e-07 1.89745462694013e-05 -3.43641025413542e-05 -2.76390399053219e-07 5.90854680109461e-06 3.74694792718056e-06 -1.30555969532246e-07 3.91592458387571e-06 1.60458102443991e-05 -1.14853372395349e-04 -6.16095231503746e-05 6.35799897077017e-07 -4.58922277773850e-06 -2.60297463267517e-05 -1.69580783114523e-06 -1.55470289569883e-05 -5.00483392645859e-05 -2.00874344285361e-06 -2.62241815991096e-06 3.25853050419389e-06 -7.14628928575668e-06 3.88661242345992e-08 3.21025718586021e-06 -1.01295015232454e-04 -6.51455455731552e-05 -2.60378969289844e-07 -4.60335917713028e-06 -2.59199518220176e-05 5.05928631437974e-06 -1.70933480715690e-05 -4.88256702297521e-05 2.15594801009998e-06 -2.61591440952541e-06 3.62067382325255e-06 7.01558420149532e-06 -3.37981041201252e-07
 1.01733417313585e-07 1.70206695733917e-06 -4.55019936252711e-05 7.52578560777464e-06 -1.27530727658747e-04 3.75603188156439e-06 -1.79272296048525e-06 1.43921782959799e-03 -1.13303021947351e-05 8.98390407743830e-07 -2.84161185513572e-04 1.74849645678699e-07 -2.52826772491053e-06 5.40498925517132e-05 -7.77900304433506e-08 7.49366265416687e-08 -1.16061282876350e-05 -1.86127093265417e-07 8.37472059346872e-05 -6.98932856837046e-07 -1.87035534566822e-07 8.83104470604929e-06 2.70262062196304e-07 -7.95333027930658e-07 -1.05648195373040e-05 -3.67929736025638e-07 -6.91884333772836e-07 3.30643284639908e-06 8.62489043866249e-08 5.77836969237170e-08 -2.82060161583772e-07 1.93189864524595e-07 -1.12930860266556e-05 6.11885731853693e-06 -6.79323563241100e-05 6.72744252953750e-07 8.15740845016652e-08 1.11189554686655e-03 -5.13495221266035e-06 1.77977731658772e-05 -1.63226589414687e-04 2.14095682073759e-06 -5.37357718257628e-06 -9.79140845034251e-06 -5.14552286281487e-08 -2.82318516372723e-07 4.54730675943009e-06 1.31471996939215e-07 -8.05113983577288e-06 5.71632454376488e-07 4.98655996020802e-07 -1.88682040778809e-05 -6.36332610857827e-07 1.37373475557170e-07 1.22385714244269e-06 -1.71060168118235e-09 -2.13777779783752e-08 5.21842276938839e-06 -1.31606359438035e-07 -9.38074610003453e-08 4.13740634279845e-06 -8.37054410776494e-06 2.90627023018296e-06 1.06359634451757e-05 -3.35617104583205e-07 -1.34092561878055e-07 4.31778874108170e-05 1.00893795596042e-06 7.81764599454400e-07 6.04479905314424e-06 9.00617065357363e-08 1.31545182377508e-08 3.53941783388676e-06 -1.88865490625552e-07 2.45947926916461e-04 -1.29807618723120e-03 1.73468606902022e-04 -7.27648424099587e-06 1.03502462184760e-05 -6.79925013064144e-06 2.06945776066664e-05 1.22562033492076e-05 -1.54246132620452e-05 1.83061423831247e-06 2.35975247299996e-06 -1.64396715670322e-06 -4.43324690893765e-07 2.31250222495738e-06 -2.39576685149191e-04 1.24888257554310e-03 -1.59725047316857e-04 -6.49358744225659e-06 -9.82005192474790e-06 6.34333448632170e-06 2.09322721393089e-05 -1.32667677631471e-05 1.55330450338938e-05 1.87809942053047e-06 -2.29939403102982e-06 1.49083362820364e-06 -3.76040777246888e-07 -2.30814824197033e-06 -1.99228293850153e-06 -1.28354692897288e-06 3.80517474649440e-06 1.19279863133900e-05 7.64424898658473e-08 2.18549005917524e-07 3.52008891013059e-05 4.55739330329431e-07 7.60396335309830e-07 -3.65619322923650e-06 8.97085823369499e-08 6.36809438468718e-08 -2.87778480791176e-06 2.36207900630640e-08 1.41463739107719e-04 -8.13472960779343e-04 3.01898210019051e-04 -1.16676538153290e-05 -1.35590395094397e-05 1.29100328158961e-05 -8.03122865608910e-06 -2.52443179051774e-05 2.08840983033007e-05 -4.42356993906541e-06 2.85801551273729e-06 1.54041928262445e-06 2.12380768605516e-06 -4.22560388807458e-07 -1.42578420379489e-04 8.22000828042723e-04 -3.03245891159634e-04 -1.19979433612462e-05 1.39093325489951e-05 -1.26513678491877e-05 -8.28669245805088e-06 2.48769471898651e-05 -2.01849407764307e-05 -4.49611499286964e-06 -2.81008288303960e-06 -1.67084007546548e-06 2.22829309218801e-06 3.14592210498377e-07
 6.17296478278077e-04 1.66915336211749e-05 -3.79772172778760e-04 1.09089724716523e-04 1.05253397126339e-05 -9.22301653651969e-06 -8.81565209786380e-05 -1.36006081702128e-04 5.85899784692875e-05 4.19823078784618e-04 2.29151151112737e-05 -1.90232626333355e-05 -1.06105097784917e-04 -5.65559485778148e-06 4.83034448134674e-06 2.80277431489863e-05 3.05627693982784e-06 8.28538007373971e-07 -8.55249000356890e-06 1.06328803728979e-07 2.33139212098499e-05 -6.41788584088014e-07 2.45231687574029e-06 -5.35319112388403e-06 1.06118401811956e-06 1.70803713434068e-06 5.57828176297101e-06 3.55508064046244e-07 -4.46419374365954e-07 -1.76533168095091e-07 1.23505771412824e-06 3.60188690817692e-07 3.07193414218318e-04 4.08274144206748e-05 -4.00038708784069e-06 -3.44154848377643e-05 1.69273611386427e-05 2.99238713086016e-05 4.22713074919404e-04 -4.78138667202353e-04 -3.32897396080334e-06 -6.22705871514025e-05 -6.75959956159888e-06 -6.16022867881114e-07 5.08552081420841e-06 4.66543256940007e-07 1.26893096058628e-06 -4.79990303879171e-06 -8.10254633798080e-07 5.41915578056444e-07 -1.25799758532073e-06 2.74489548495807e-06 -2.86270380003173e-06 -3.88029376654856e-08 -1.11076114633991e-07 -1.28450821767831e-07 -1.00277738745947e-08 -6.26645629745905e-07 4.76636716103610e-07 5.18263845650207e-08 4.75706345800107e-05 -3.67356684861140e-04 5.82468824969381e-05 -1.01900133475114e-06 -6.06535246385575e-06 1.14935892369262e-06 -4.06034660066633e-06 -9.11435855781219e-06 4.64743370487669e-06 -6.23933590469570e-07 1.71815415167441e-06 9.06046089687523e-07 -1.88865490625552e-07 8.27803820840421e-07 9.25951756700351e-06 -1.83957717276605e-04 3.13785687095907e-05 -3.35467656292053e-06 1.88011227487024e-06 2.80276960619077e-06 -9.29668134069374e-06 4.77963344330621e-06 9.44728299403205e-06 5.18256239649776e-07 -7.02848100408590e-07 1.48587385937698e-06 1.95078463521619e-06 -3.61493965473311e-07 5.68582587931962e-05 -4.37899220212116e-04 6.48175526071360e-05 4.46193337148851e-06 3.58785649426909e-06 1.80847159568985e-06 4.96761125573748e-06 6.81960479914235e-06 7.62715860211981e-06 -6.28459685496939e-07 -3.72994409616255e-07 1.15228525742436e-06 -1.79296958896300e-06 9.57424009867025e-08 -4.72536635870242e-05 3.41169086929158e-04 -1.28345787196339e-04 3.28743640301191e-07 -7.61189587416228e-06 -1.09174691745816e-05 2.48170397658260e-07 -1.11573219835077e-05 -1.67673391790435e-05 -4.43613329737613e-07 4.22820405830699e-06 -6.16061551467273e-07 7.06917557160865e-08 -2.16808094915544e-06 3.08234609413900e-05 -2.90245834009382e-04 4.84743874935654e-05 -6.25499142549486e-06 6.13328964200550e-07 -3.67967238133062e-06 -1.73870460452790e-05 1.25579908823780e-06 -7.71186208748557e-06 -1.01924164673355e-06 -5.78444709063386e-07 1.57916648291430e-06 -1.88492972489803e-07 -2.39546424975785e-06 2.68846290470529e-05 -2.21652334175036e-04 4.30237341191655e-05 5.45073305920836e-06 1.45011529976043e-06 -3.83546663898397e-06 1.38182350769008e-05 3.50465643802730e-06 -6.70396996511631e-06 3.07100652967738e-07 -8.25810280961685e-07 1.24018685739855e-06 8.43156643562639e-07 -2.39311303885581e-06
 -1.38818644307762e-02 3.64888694177377e-03 -1.04701947843819e-01 2.69159520160030e-02 -1.18925163959158e-02 7.38302927675123e-03 -3.82014555902042e-03 1.47937244295822e-01 -8.71901205702513e-02 2.05321549722913e-02 -2.67636480006726e-02 1.54696094775694e-02 -4.06962040490242e-03 5.96490184093520e-03 1.69219241985572e-03 2.13610327160715e-03 -2.87323813314352e-03 -3.47529974428246e-03 9.07459913551806e-03 -6.45662663009193e-04 2.80009629713708e-03 8.55497344086655e-04 -5.24948363492421e-03 -1.81632229406573e-03 -1.08082662827232e-03 9.44783093461233e-05 -7.61168122576315e-04 -1.85595874726623e-04 6.51341266495367e-04 -2.60601621659019e-05 -3.07766797767333e-04 3.09361608248188e-04 3.86028099421197e-03 6.13431003918461e-03 2.93626125366518e-03 -1.79142551966326e-03 -2.07919819519461e-04 -6.42297770291231e-03 5.17535249516389e-03 1.86093104177580e-02 7.03991549241596e-04 -4.00807601112137e-04 -3.83458612282423e-03 4.02931092974348e-04 6.62083923220946e-04 -2.92379221255190e-04 -1.09577052181257e-03 -2.45453467122105e-04 3.39584984272886e-05 1.52565531746672e-03 -1.20201393269017e-03 -2.51558689122018e-03 -1.11034408489557e-04 1.68249460061144e-05 -2.96417262120113e-06 -3.56192220569057e-04 5.70126073111049e-06 6.18261825554344e-04 -2.36550260445843e-06 -1.27988166050732e-05 -6.76115013532850e-03 3.85347879572658e-02 7.18765157223061e-04 1.07009822985178e-03 -4.94661147505001e-04 1.36093586548327e-04 4.52648728173546e-03 -2.58527379717912e-04 1.44818545052083e-03 6.33731940433114e-04 1.87936965478183e-04 1.06382508822801e-04 2.45947926916461e-04 9.25951756700351e-06 4.41703332864891e-02 -2.38424015498873e-01 3.59108094917008e-02 -2.22083265757766e-03 1.28062941273954e-03 -9.73420232992294e-04 1.87883649911756e-03 -1.13136331322586e-03 -8.11255868436268e-04 5.19934055373830e-05 8.21865149215954e-05 -1.27847673369778e-04 -1.05181966342712e-04 -3.09303194326054e-05 -6.76599986652480e-03 3.57353319306042e-02 1.13884740086718e-03 9.59050232763499e-04 -6.85191886885812e-04 1.32255974342076e-04 2.68139719341864e-03 -3.75752219260921e-03 1.35685456595159e-03 2.94628993909241e-04 -3.05616265729264e-04 9.31583566130278e-05 -2.66173939243903e-05 -5.56816591950616e-04 -1.33742343340281e-03 1.86840921550428e-02 -2.04322569336605e-03 -2.69270554621204e-05 -5.01091904938652e-04 2.27763064533811e-04 5.14921022423021e-04 -1.22674404447646e-03 1.13236517485188e-03 2.08607809217917e-04 1.60415825115167e-04 -1.92070296577732e-04 -1.71550107643898e-04 -2.65595888865705e-04 -8.59054821153346e-04 1.63812472628880e-02 -1.62202797377089e-03 3.80135588291602e-04 2.69961940454868e-04 2.40683621024426e-04 1.29478592333343e-03 1.77970367876615e-04 1.15427850055181e-03 3.10907984196672e-04 5.84456398399674e-05 -2.02972398108348e-04 -2.04429495536383e-04 -5.67169125749118e-05 -4.75546712699151e-03 -1.48702923612855e-02 -7.33056006630769e-03 3.28919398523348e-05 3.84869991838888e-07 -3.52473797757754e-05 2.26985937725181e-03 -1.27238156196311e-03 -2.40738523875270e-04 1.98646270844811e-04 1.76714996164075e-04 1.11118304794713e-04 -3.20515551513282e-04 -1.32205506081304e-04
 -3.54034841676788e-03 -1.98986068687305e-02 5.58447419794762e-01 -1.45770635181404e-01 6.42417728272874e-02 -3.91850605080018e-02 4.63496087775782e-02 -8.00449407000451e-01 4.62882736351200e-01 -2.34925619466180e-01 1.44557817654798e-01 -8.20008817498297e-02 5.53086755146122e-02 -3.23376584902692e-02 -9.13372812949222e-03 -1.89993987267049e-02 1.59410514456067e-02 1.84914057606940e-02 -4.90634590258839e-02 3.53931168850684e-03 -2.00727798391697e-02 -4.69986719850800e-03 2.77404509925282e-02 9.44698152536861e-03 5.80166519983739e-03 -5.43194742929584e-04 1.04887688232268e-03 1.08437141054937e-03 -3.43615416727073e-03 1.74873509641282e-04 -2.63825076162703e-03 -1.60181171695599e-03 -1.07793172233697e-01 -4.24096366491575e-02 -1.87032854526219e-02 1.04995688137705e-02 -5.87370486983408e-03 6.50051848229154e-02 -3.78493139393669e-02 1.09419604195054e-01 -8.81618648836086e-03 3.77558118416128e-03 1.79796251034565e-02 -2.54677472454472e-03 -3.63833424400976e-03 9.37323775065286e-04 6.33799691529116e-03 1.41322649873877e-03 -1.60307985237030e-04 -8.11164502513728e-03 5.00442603987810e-03 1.35531131357501e-02 6.54568593893491e-04 -1.29800270811162e-04 9.82066048472869e-05 1.92141789557992e-03 -7.31054247139012e-05 -3.34971966817206e-03 1.04703511052221e-05 6.11566373049086e-05 3.43307820377813e-02 -1.57392910286259e-01 -6.65780217509038e-03 -5.77667329832214e-03 2.98039554434803e-03 -1.70650757461015e-03 -2.45067304376409e-02 4.68774067353871e-03 -9.67532533282292e-03 -3.42153774608369e-03 -1.60846754733095e-03 -9.25459577702689e-04 -1.29807618723120e-03 -1.83957717276605e-04 -2.38424015498873e-01 1.32929968312015e+00 -1.95072755076542e-01 1.21382885873147e-02 -7.06712656100681e-03 4.17608897479592e-03 -7.34864758039715e-03 4.15059994458052e-03 2.22649248740904e-03 -4.25635371001998e-04 -1.47474452409726e-04 2.63248406006631e-04 1.71552115106916e-05 1.81975761313874e-04 3.70001055853815e-02 -1.57252311967802e-01 -7.20700718776224e-03 -5.33467284496876e-03 3.56394953257337e-03 -1.72940024558947e-03 -1.72835777793961e-02 1.84273663999624e-02 -9.24642133078450e-03 -1.48650956859736e-03 1.91444773028466e-03 -8.54068102757046e-04 6.90543625227510e-04 3.05317453839833e-03 9.22800719451939e-04 -6.87616469822255e-02 8.99608993752460e-03 4.27846702421263e-04 1.96044898242901e-03 1.30089893100676e-03 -1.94755250074097e-03 5.18495514807094e-03 -9.80824783859084e-04 -1.24548884154574e-03 -1.63224907081586e-03 6.53604963412589e-04 9.12451407885772e-04 1.14060717348673e-03 -7.38204695806106e-04 -6.84218713688606e-02 9.43714884482546e-03 -1.50967631375181e-03 -1.42145461034813e-03 1.38653795320228e-03 -5.97202969181873e-03 -1.17460786055634e-03 -1.07513093716613e-03 -1.56408547147034e-03 1.22906930222545e-04 7.33388448971296e-04 1.84173086416430e-03 4.96966873136444e-04 1.54168977481609e-02 1.50550928914155e-01 2.61393143867617e-02 -1.50872934088510e-03 8.32602403521643e-04 2.26409762761241e-03 -1.50198244639150e-02 8.60215662876144e-03 5.59212005866412e-03 -1.58095252812824e-03 -6.97319293643495e-04 -1.17153083103615e-03 1.25529908101617e-03 9.82727241699378e-04
 -6.08147183872538e-03 4.51520714998867e-03 -1.28306063994433e-01 3.34664952167232e-02 -8.23604171951778e-03 5.13699732357507e-03 -5.20824105043412e-03 1.02718205918476e-01 -5.96127492424550e-02 2.74086042761879e-02 -1.86557623148808e-02 1.05723160666674e-02 -5.43462787698048e-03 4.14203559566178e-03 1.14838769377049e-03 2.74301695546216e-03 -1.98827004172182e-03 -2.36692434212175e-03 6.31567862252010e-03 -4.65451948853305e-04 3.47293977982961e-03 5.86827455595654e-04 -3.52993593425622e-03 -2.19428539954925e-03 -7.59159436503186e-04 5.98125189876738e-05 -8.73574440338777e-04 -1.32009509026093e-04 4.44186360727233e-04 -2.45095513973005e-05 1.16171093890530e-04 3.77402692451449e-04 5.99315641203239e-03 7.84046935861258e-03 1.96101648465235e-03 -1.22432405470780e-03 -1.42864869333002e-04 -3.86026219149776e-03 3.46901388280106e-03 1.92425664281702e-02 3.04886997417578e-04 -2.69380351569807e-04 -4.44467993223985e-03 2.72199095179548e-04 4.51252460326999e-04 -3.41797119283602e-04 -7.51914496825425e-04 -1.65932301308665e-04 3.55431389653407e-05 1.04354324294076e-03 -1.48056437091228e-03 -1.76877135254953e-03 -7.37843982749058e-05 2.17753675474768e-05 2.12447332082598e-07 -2.42178277570049e-04 1.28070412894024e-05 4.30218275013822e-04 9.62536632205302e-07 -9.22481227654166e-06 9.72496908629859e-04 -4.31976576764296e-03 7.26644737925453e-03 7.41022419989431e-04 -9.91075853974882e-04 -1.53639849691894e-05 3.16047655260740e-03 2.78471566993302e-06 1.36960611673932e-03 4.40454639995255e-04 1.80205813190490e-04 9.34185579962996e-05 1.73468606902022e-04 3.13785687095907e-05 3.59108094917008e-02 -1.95072755076542e-01 3.14702574001415e-02 -2.08834373712315e-03 1.21182454558900e-03 -7.79093767705435e-04 1.44306493464199e-03 -8.15910400774368e-04 -2.16089102488558e-04 6.43569850322134e-05 3.49616044006206e-05 -6.86961944789036e-05 -3.16062532294947e-05 -3.21359798510988e-05 5.27084770348136e-04 -4.76101672992437e-03 7.40532427990376e-03 1.21217806217581e-03 -1.53862006651903e-04 -1.09309691089278e-05 1.74187610423869e-03 -2.65925971023283e-03 1.30253058330910e-03 1.80923199424237e-04 -2.37652902300106e-04 8.62761252596824e-05 -6.16767710050006e-05 -3.96962717678865e-04 -2.03044361095832e-03 1.55397953194787e-02 -3.36443971457588e-03 -1.40107071765591e-05 -4.94547630000564e-04 1.97360308554551e-04 3.84782584713004e-04 -7.53487660267450e-04 1.05156416778599e-03 1.40781088351329e-04 1.12167641313793e-04 -1.72229870606305e-04 -1.19436570351164e-04 -2.21749812969315e-04 -1.72133396606564e-03 1.37397304086692e-02 -3.01215204926969e-03 3.84574078450340e-04 2.54149323581659e-04 2.11689161618641e-04 7.96425108161478e-04 4.18722504470714e-05 1.10457708499354e-03 2.40282573292205e-04 4.15348645757441e-05 -1.79467413031517e-04 -1.42265270103882e-04 -1.99183626394904e-05 -4.40759549538568e-03 -6.98186873379858e-03 -7.14705851746121e-03 -1.16455009296255e-04 8.25421552663155e-05 8.25006778454513e-06 1.60970669517792e-03 -8.87142465371630e-04 9.79571283730834e-05 1.01561568170363e-04 1.17690927899136e-04 3.30785821254119e-05 -2.16751618014437e-04 -7.11024851631165e-05
 3.19861270351276e-04 -3.75992376326680e-04 1.06551009312384e-02 -2.80290600866414e-03 2.98064859207137e-04 -4.89740625451540e-04 4.94231808155055e-04 -3.63160631654518e-03 5.75211606589495e-03 -2.57485827520782e-03 6.82301573572856e-04 -1.04961279643792e-03 5.19842308651014e-04 -1.43602479860508e-04 -1.00402565511708e-04 -2.46429610821142e-04 5.81940908043521e-05 2.27519947313089e-04 -2.19371775716880e-04 4.10025966847613e-05 -3.00296906501166e-04 -2.20635317239270e-05 3.41708997057624e-04 1.81144706323512e-04 2.70478408820079e-05 -3.98901178705439e-06 6.51312488773641e-05 8.14210626778395e-07 -4.29409309990661e-05 1.86061960014407e-06 -4.11102569657385e-05 -3.21625000737974e-05 -5.52125704924215e-04 -7.01286600203346e-04 2.92511668951290e-06 5.10973587065492e-05 -7.35503668388463e-06 -7.16293816798525e-04 5.03086749260332e-04 -1.05023517851590e-03 1.25225171510057e-04 -8.64754294745071e-05 3.47906779488109e-04 4.46476034152603e-07 -3.26887976508400e-05 2.59242947946196e-05 1.53417070924095e-05 6.40172885841815e-06 3.48568727208363e-06 -9.54166900169061e-05 1.20981156466881e-04 6.10165604353816e-05 -8.70004142457235e-07 -2.32121945637199e-06 -1.08561840478193e-06 2.29163533272539e-05 -1.94771270045043e-06 -1.46333063992621e-05 5.48376071657185e-07 5.42382319053918e-07 8.11082686739397e-05 -3.38175617735855e-04 -5.05304112743155e-04 -2.60900807875243e-05 7.59891038720278e-05 -5.55951041754645e-06 -1.12320827285334e-04 1.87748951603920e-05 -1.27628299419773e-04 -1.51520612352179e-05 -1.70495519656604e-05 -9.71319803138708e-06 -7.27648424099587e-06 -3.35467656292053e-06 -2.22083265757766e-03 1.21382885873147e-02 -2.08834373712315e-03 1.59993008349221e-04 -6.62432960748767e-05 4.71940373659707e-05 -3.17635868815093e-05 1.26585311860485e-04 -1.41493516390729e-05 1.12027930405061e-06 5.05028015273427e-06 2.05528312237420e-06 4.08845320352298e-07 1.45913294618188e-05 -9.76776259031242e-04 5.49428214530090e-03 -1.24690673785580e-03 -1.27518203736735e-04 -1.67310903265476e-05 1.77999452387522e-05 -8.18064035151527e-05 1.93343524262683e-04 -7.45156082286684e-05 -1.08254711857153e-05 1.61038121392846e-05 -4.14884668257073e-06 3.05606140955601e-06 2.67672118250357e-05 1.33884483705836e-05 -4.24751356242579e-04 1.22763580452347e-05 -8.08038454577531e-06 2.28662844920103e-05 -2.12235340509633e-05 -3.73070926846630e-05 3.60042911798952e-05 -9.03162831153187e-05 -7.05548284077288e-07 -7.90133750322216e-06 1.15546543289136e-05 5.05593116416523e-06 1.33228369633093e-05 1.50961555265471e-04 -1.15024917427267e-04 2.38509241324780e-04 -2.11523087464329e-05 -8.23684912503830e-07 -1.06671673091253e-05 4.70912829656306e-08 6.04566764012865e-05 -5.95553609082504e-05 -5.64786172294027e-06 -7.55668287090529e-06 6.63983379197079e-06 3.32401402858664e-06 9.77314420752148e-07 4.07621239926036e-04 -7.88426223196874e-04 7.74875992054380e-04 3.23547910794457e-05 -1.65027878795919e-05 1.30387511168400e-05 -4.54304649368317e-05 4.14376462735825e-05 -1.57076403015642e-06 4.10620106321243e-06 -5.09295737596782e-06 3.82331256558193e-06 2.62667230393939e-06 1.87168646079760e-06
 -1.78389576564269e-04 2.15926672185437e-04 -6.15170826730389e-03 1.61633440874426e-03 -4.68870078235500e-04 -2.12598383634531e-04 -2.92839068765305e-04 5.77304531844523e-03 2.94327450444723e-03 1.49712244401992e-03 -1.06680572001960e-03 -5.41747817581718e-04 -3.13874011045816e-04 2.30612526920576e-04 -5.99270659932288e-05 1.41346101938664e-04 -1.02425660513855e-04 1.21576324370306e-04 3.54815856020683e-04 1.19783586576456e-05 1.68137592996264e-04 3.12535400025067e-05 1.93184685508371e-04 -1.03613280227312e-04 -4.37283426522030e-05 -6.52079257433439e-06 -3.74067076798174e-05 -5.22231250568667e-06 -2.24472032481582e-05 -5.04512093205610e-07 2.36695295058152e-05 1.93212216073463e-05 3.12007608808784e-04 4.25530811399630e-04 5.12834554408974e-05 6.09444889354286e-05 6.28279934426338e-06 4.90702583996236e-04 -1.50995310813201e-04 5.82988205241147e-04 -8.24702910159042e-05 2.34492284952817e-05 -2.09065538877683e-04 7.11566997283237e-06 -2.23515816509000e-05 -1.53472612499810e-05 -3.31855790587212e-05 8.62532514504443e-06 -2.63413405814026e-06 -4.81540828477929e-05 -6.70488961242444e-05 -9.60196533170984e-05 1.11195091705756e-08 1.74238749117985e-06 7.15712934387381e-07 1.24032775100305e-05 1.08484647950716e-06 2.38905889569855e-05 -1.56081205206833e-07 -2.86885727860123e-07 1.20829446256239e-03 -6.48966116015542e-03 1.12895179749204e-03 4.17937872263943e-05 -9.42667980149548e-05 -2.39713820203535e-05 1.78330683853115e-04 5.38574627071523e-05 1.99088473969795e-05 2.51835796941656e-05 3.13287599752072e-06 -4.20812114809752e-07 1.03502462184760e-05 1.88011227487024e-06 1.28062941273954e-03 -7.06712656100681e-03 1.21182454558900e-03 -6.62432960748767e-05 8.41503431010522e-05 -2.69571634035517e-05 1.25779526033857e-04 1.20233376644276e-04 5.62955005812505e-06 1.49068539445001e-05 7.47017802118746e-06 -1.02337414253267e-06 5.96493956123620e-06 1.85400502351729e-05 -7.02736117861380e-04 3.55444456734135e-03 -1.31331522443846e-04 1.66481428199345e-05 7.31140717931108e-06 1.68133359493056e-05 5.04951771361872e-05 1.55835989541544e-05 9.89781255872679e-05 -1.23478419482079e-06 -7.76843720415593e-06 8.32760823608622e-06 -1.05500730783458e-05 -2.13819037813164e-06 -1.59881672689619e-04 -1.31532569571234e-04 -2.40795708155876e-04 6.80254569094742e-06 -8.16978903236217e-06 4.29279516787601e-07 3.87594967125726e-05 5.50861528164497e-05 1.24284074365654e-05 4.53699381848875e-06 -5.14531566103686e-06 -2.66580129384076e-07 -7.42655469666857e-06 1.82965622136067e-06 6.61604452850170e-05 4.34290295988967e-04 1.09475015915798e-04 1.51586570525325e-05 4.71799045131771e-06 1.73868248827057e-05 5.72095273570959e-05 1.66692751688516e-05 7.32552434875836e-05 8.94286697761947e-06 -3.93761036518507e-06 -1.02029783787985e-05 -9.04443469348989e-06 7.15045499154444e-06 -2.36593497211262e-04 4.39445640024162e-04 -4.47562993421242e-04 -1.65188144597229e-05 1.32416750202125e-05 -7.88884940987473e-06 4.50004680017847e-05 2.81535027700894e-06 -9.51530031260836e-08 1.84642529239613e-06 -3.90158311992279e-06 -2.02862288987384e-06 -5.22597785848573e-06 5.30452499921318e-06
 8.98194906303649e-05 -9.88498316330261e-05 2.81940201456401e-03 -6.72184776620503e-04 2.69254484874429e-04 -1.71125192253897e-04 -5.82170034874087e-04 -3.25914863839460e-03 1.94006618329808e-03 2.89918617695127e-03 6.06998185062036e-04 -3.57071364887623e-04 -8.10773966910498e-04 -1.28190838841106e-04 -2.68571643049266e-05 1.59062324470745e-04 4.60819179572238e-05 7.44731518255009e-05 -1.99219377822526e-04 1.18319453399924e-05 7.90364474754384e-05 -1.68882721598849e-05 1.17605379204631e-04 5.24404262329876e-05 2.53367379629052e-05 1.18919982057411e-06 1.02144327463562e-04 -9.33117787958317e-08 -1.50392210126098e-05 -4.45765949825176e-07 -2.38691922805830e-05 -1.52585241193943e-05 2.92231835974208e-03 -5.03588666537693e-05 5.12028774583355e-05 -2.57579955407941e-05 1.83638342958522e-04 -1.15079693174586e-03 6.35672181397876e-04 -6.07039897987929e-03 1.90199454137338e-04 -1.04636800369964e-04 1.68315134625464e-04 6.61781920128687e-06 -5.27940713103199e-06 2.26674823003516e-05 6.89144146675890e-06 -3.05597729191202e-06 1.37789121456323e-06 -3.17354848094478e-05 7.22739434967163e-05 5.52004772328467e-05 -2.51117084649705e-06 -9.48505869604176e-07 -2.71723228760224e-06 6.69361772858820e-06 -1.63056444004645e-06 -1.32551005703964e-05 6.07677616212864e-07 5.65679793211077e-07 1.52061726573671e-04 -1.82483649103365e-03 1.65658988707870e-06 -2.40055531568594e-05 6.88962857758493e-06 2.47875901165141e-05 -9.92433547593568e-05 -7.85724860315029e-05 1.83839173134279e-05 -1.41611746419793e-05 1.24181555885428e-05 7.01135864763350e-06 -6.79925013064144e-06 2.80276960619077e-06 -9.73420232992294e-04 4.17608897479592e-03 -7.79093767705435e-04 4.71940373659707e-05 -2.69571634035517e-05 5.24093994951333e-05 -1.12482978326689e-04 6.83583516111122e-05 7.99025117339267e-05 1.53186642916672e-06 -1.00915020700749e-05 1.45625103040797e-05 1.74798698948551e-05 8.54159701791641e-08 1.49740413696812e-04 -1.72994896152055e-03 -8.71548592069073e-06 -1.81509070743561e-05 1.69109608038181e-05 2.49814540695314e-05 1.15545340227392e-05 1.24539186018091e-04 2.08802021013019e-05 -8.30641363284755e-06 -8.89642487457933e-08 7.11419825211136e-06 -1.44986602353379e-05 1.07145584526032e-05 9.32899300977976e-05 -5.47471092578235e-04 -1.16796915330791e-04 -1.19295713203245e-05 1.40382929967029e-05 -8.19919730014181e-05 -4.61497873384719e-05 3.35178225557953e-05 -1.75650715923451e-04 7.76854659769286e-07 2.15123243426461e-05 1.19312812793091e-05 4.62301222685847e-06 8.99907410908978e-06 8.95346583561946e-05 -4.95343920714647e-04 -1.24962295085263e-04 -1.70341379758792e-05 4.24550247111540e-06 -8.35746433512994e-05 -4.98390665690079e-05 2.44864281145013e-05 -1.74731169077535e-04 -6.28086686720597e-06 -1.46573009145877e-05 1.29725252530879e-05 -1.70042599964424e-05 -5.64423956780987e-06 4.04969269608283e-04 -1.93846637129683e-03 6.04425919273269e-04 4.04182980641261e-05 -2.34383578837860e-05 -5.15955759443337e-05 3.89546709236289e-05 -2.25393003927361e-05 -1.08479130184136e-04 1.12036156359883e-05 -9.55728231906319e-06 1.41502606293011e-05 1.77670603981666e-05 -6.66328725360099e-06
 -6.92627229685645e-03 1.28810139306625e-04 -4.76557064175080e-03 1.06028785552199e-03 -1.01810692507127e-03 -5.59191615646275e-04 1.64821448650142e-03 1.29225575877473e-02 7.30927431616969e-03 -7.84669180695405e-03 -2.30577832524843e-03 -1.36790501057603e-03 2.14816743030789e-03 5.26061504038242e-04 -1.38020423514731e-04 -4.35449583902497e-04 -2.61661724318218e-04 2.98690768651561e-04 8.12478129689793e-04 4.18557527774262e-05 -2.36150373191704e-04 6.29120719241589e-05 4.52833859414207e-04 -9.91687498707297e-05 -9.97885582229262e-05 -1.23020435070373e-05 -2.45848945655792e-04 -2.43989661491073e-05 -5.39374388160870e-05 2.01140519920220e-06 -7.49053284161283e-05 1.76528601765652e-05 -5.68484461379136e-03 -4.29099988613530e-04 2.77176968958209e-04 1.04143900176465e-04 -5.02860475826887e-04 -1.09261301724449e-03 3.25792735998651e-04 1.55275618908402e-02 1.12503687218246e-04 -3.03471076478781e-05 -3.65522164892343e-04 4.07615620267727e-05 -4.52746271175910e-05 -5.85613591242154e-05 -1.01794076665767e-04 1.20126976647350e-05 2.31517880063111e-05 -1.14737678281951e-04 -1.49372500934715e-04 -2.34188686754425e-04 -5.19987812635965e-06 -2.26760777496023e-06 2.38549870041219e-06 3.16127034118183e-05 -3.93628308556894e-06 5.59195161255814e-05 7.06835100929687e-07 -9.89492223793611e-07 1.86584584471151e-03 -7.02886044120494e-03 1.36389939507488e-03 9.41719684392758e-05 -9.11338869814040e-05 -1.12843578665556e-04 3.98044591552018e-04 3.42592044153364e-04 -1.71011254052796e-04 5.76121647270832e-05 -4.61080649264876e-05 -3.16282569729729e-05 2.06945776066664e-05 -9.29668134069374e-06 1.87883649911756e-03 -7.34864758039715e-03 1.44306493464199e-03 -3.17635868815093e-05 1.25779526033857e-04 -1.12482978326689e-04 4.79403160911230e-04 1.69140086027015e-04 -1.75951974553469e-04 1.98480249887123e-05 4.24652439120705e-05 -3.36145441110663e-05 -3.19338576949168e-05 5.03898963895591e-05 -2.60782375817351e-03 1.66435406987989e-02 -1.61606987144765e-03 -7.50307739241635e-05 -4.22581453117871e-05 -1.83114412616218e-05 -7.71224965065538e-05 -5.67136909588835e-05 1.43982165776385e-05 5.69178078326942e-06 1.01962884782777e-05 -1.09407273394978e-05 2.03651732322313e-05 3.67687579885146e-06 -8.70267637681213e-04 2.98973805096503e-03 -8.47436247412907e-04 -9.30705271411404e-06 -7.79858178187785e-05 1.58516071837204e-04 3.17667232150743e-05 -3.94023417997266e-05 3.26441784460257e-04 2.30498000098335e-05 -6.19323370595021e-05 -2.55013041295573e-05 -1.34117509892881e-05 -1.84563606402570e-05 -4.42188769723954e-04 5.18994274881348e-03 -2.54360510440905e-04 9.21985682229433e-05 6.45820426301047e-05 1.91392871149692e-04 2.89837026661335e-04 1.81128414664759e-04 4.48342309599714e-04 5.02759201621171e-05 9.15800244400211e-06 -5.38071151495691e-05 1.91167334861627e-05 2.48100479577735e-05 -5.95386029678580e-04 1.58117527510513e-03 -4.99494558997021e-04 -4.74316141243704e-05 2.90737811687267e-05 1.75571075097654e-04 1.42548470854286e-05 3.90457673243877e-05 3.28609432628836e-04 -1.36064618106853e-06 2.21393012637735e-05 -2.65251295003222e-05 -6.77300456677359e-05 2.08174856309374e-05
 4.01600952896584e-03 -6.73947196002236e-05 2.41015636107237e-03 -5.22612863315987e-04 -6.21285390116305e-04 -1.74898244046527e-03 -1.02289241641525e-03 7.63765843465801e-03 2.22368807330763e-02 4.79332811477184e-03 -1.41304395647060e-03 -4.02107627013247e-03 -1.34940722096478e-03 3.06440981138391e-04 -4.42358192326620e-04 2.64495262428896e-04 -1.46243437958470e-04 9.02001569974764e-04 4.71657052773722e-04 1.25904724861414e-04 1.31401233422048e-04 3.91438667405072e-05 1.39579678033335e-03 5.57609305145489e-05 -5.80679973803093e-05 -3.73373069747097e-05 1.43781526546492e-04 -1.00327368492721e-05 -1.68614452373403e-04 1.30901308910377e-06 3.59799887075247e-05 -7.36620857121688e-06 3.52295891226904e-03 3.31239806568712e-04 1.43044866801841e-04 4.63289640183790e-04 3.02752080645608e-04 -9.38391920812786e-05 -1.31339707055112e-03 -9.20147965765898e-03 4.47953450678875e-05 1.54603973501281e-04 1.68416527690123e-04 1.89172689513810e-05 -1.70360378476162e-04 3.14167423508056e-05 -5.45855778556238e-05 6.52067268407805e-05 -8.10310162908918e-06 -3.76598529201441e-04 9.49598183861296e-05 -1.19373421526425e-04 1.31866840361458e-05 2.54161813592798e-06 -2.04489982252474e-06 9.12626890861280e-05 1.57343485779759e-06 3.18894380160131e-05 -1.59154832850962e-06 6.38257626604046e-07 4.27120715401933e-03 -2.45138097430312e-02 2.79849509039097e-03 5.52141409893223e-05 -1.62948042681340e-04 -4.71755038131832e-05 2.37307531449240e-04 7.62209097176339e-05 -1.15420482299548e-04 3.44996151500115e-05 -6.49031375675676e-07 -6.00079771629670e-06 1.22562033492076e-05 4.77963344330621e-06 -1.13136331322586e-03 4.15059994458052e-03 -8.15910400774368e-04 1.26585311860485e-04 1.20233376644276e-04 6.83583516111122e-05 1.69140086027015e-04 7.17940750261962e-04 9.80936549340790e-05 5.41902584471896e-05 1.66641359372247e-05 2.09920479060114e-05 4.45687056227328e-05 8.41577725712438e-05 -3.74325771040521e-03 1.82718932116781e-02 -2.57239377965315e-03 -1.90230558517776e-04 2.01650633732667e-05 1.21709873371005e-04 5.50785543472756e-05 5.76555853875176e-04 2.20479670036005e-04 -3.62720938519831e-05 -1.43039385028175e-07 3.07542041675933e-05 -4.88750256010107e-05 5.45761927112191e-05 5.03008392518139e-05 -4.90437480403814e-03 -6.91136426258621e-05 3.45823596820649e-06 9.70930117176687e-05 -1.24833461136643e-04 2.48095622375712e-05 4.07597395349222e-04 -3.36923761044401e-04 8.86917404553546e-06 -1.40773419038061e-05 4.69655741578360e-05 -9.62006675443464e-06 6.12972935740171e-05 6.65891508168142e-04 2.60741633866355e-04 6.65260293001966e-04 -4.89871077617788e-06 -1.01167817655043e-05 -8.62268188999233e-05 1.40242220503028e-04 1.23133494579033e-04 -1.24307317228952e-04 1.89660537757730e-06 -4.48864358942830e-05 -1.02201698598303e-06 -5.03263954055541e-05 2.79971480411555e-05 3.36643579829694e-04 -9.51411035975845e-04 2.81277079918740e-04 2.46702094247377e-05 -1.85658963922045e-05 -1.04350899052856e-04 4.10697272520315e-05 4.63160372146807e-05 -1.94601990250449e-04 2.28014147530606e-05 -4.03797926219564e-05 1.57602657573906e-05 2.54710681325732e-05 2.35490222331220e-05
 -2.12457125851986e-03 1.80605676042491e-04 -5.40179465603662e-03 1.53660002947469e-03 5.64611473544420e-04 -3.07645411383736e-04 -1.51431521710219e-03 -6.46226413825568e-03 3.39508423733954e-03 7.60053918403791e-03 1.24258586793333e-03 -6.64598133282054e-04 -1.93023162419689e-03 -2.45566111114019e-04 -2.18271025148288e-05 5.17287718649007e-04 5.83780313789690e-05 1.25278061855315e-04 -3.80869642884101e-04 1.65260977490555e-05 4.20174016550238e-04 -3.72247925984739e-05 2.06909301960323e-04 -8.41458965394288e-05 4.85780462770676e-05 9.60524964018163e-06 1.19294901740865e-04 -1.18130413771174e-05 -2.65069672331796e-05 -2.40832967934666e-06 -2.82323567241645e-04 2.02306458686708e-05 3.87712906795018e-03 9.74410003518492e-04 2.86641824408580e-04 -2.02288315549126e-04 3.73786582347642e-04 -4.61230956324154e-03 2.99178893048617e-03 -1.03298691059203e-02 6.98867002871462e-04 -4.56976641843715e-04 -6.59390968296564e-06 4.01860171655836e-05 1.54222636911522e-05 2.23236442541192e-05 -1.64021060744606e-05 -2.73953452479441e-05 2.28401980105243e-05 -4.86284870523113e-05 1.23776380590471e-05 9.38750870246540e-05 -1.60887734671044e-05 6.43402921496919e-06 -7.63636401615232e-06 1.04560288732858e-05 6.29401263412240e-06 -2.42880250868446e-05 3.85969338154799e-06 9.65478472326909e-07 1.28198691968488e-03 -8.67784693669862e-03 1.23208267196197e-03 -4.83283847597559e-05 -1.08738542162455e-04 2.23674704832110e-05 -1.92022376981960e-04 -1.02864502181647e-04 9.87258882640199e-05 -2.76555779610685e-05 3.30389312719513e-05 1.52878355958102e-05 -1.54246132620452e-05 9.44728299403205e-06 -8.11255868436268e-04 2.22649248740904e-03 -2.16089102488558e-04 -1.41493516390729e-05 5.62955005812505e-06 7.99025117339267e-05 -1.75951974553469e-04 9.80936549340790e-05 2.33505126276730e-04 5.20700485173671e-06 -2.38387168656242e-05 3.15565153645749e-05 4.07948980438070e-05 -2.66639739324808e-06 1.38609241008501e-03 -9.24235305408627e-03 1.31093253322417e-03 7.50243320291720e-05 9.48292719768299e-05 2.05548233694554e-05 -1.43913321815481e-05 2.06948598514812e-04 9.81958007309357e-05 -1.88824410565173e-05 -2.54852814791184e-06 1.52566334884865e-05 -3.59840331443236e-05 1.73000575833788e-05 -2.73916172720615e-05 3.38736784453296e-04 -7.18565769378313e-04 -4.81807519748849e-05 -9.79599644007706e-06 -1.55529332120843e-04 -1.49465647204164e-04 3.73002193465401e-05 -2.88857296237599e-04 1.26802548075806e-05 4.76155452331742e-05 1.18099872613603e-05 1.16892806834626e-05 2.83340369393992e-06 5.51733445897823e-06 -1.64971331700723e-04 -6.12898869765841e-04 -2.62121753612501e-05 4.48299905073062e-05 -1.53146892818046e-04 -1.38821812763500e-04 1.00233212436648e-04 -2.79232451628845e-04 1.82351217928774e-06 -3.10976778261571e-05 1.63719924428431e-05 -3.30163740077042e-05 -1.78442307797767e-05 1.14612879833356e-03 -6.87725710679377e-03 1.94106090986392e-03 1.26614208364697e-04 -6.96380090188026e-05 -4.45740905537634e-05 2.09572797108559e-04 -1.12945480202615e-04 -9.79720203415601e-05 3.47096084457381e-05 -7.99666222202124e-06 3.06174032895224e-05 1.61857051866801e-05 -2.25968319914527e-05
 5.25185015695422e-04 1.68395092327350e-05 -4.06359438586917e-04 1.16203025199228e-04 -8.25561299607241e-05 -1.19587170151122e-04 -9.47461701187005e-05 9.98689487058278e-04 1.56402345145461e-03 4.51221374940899e-04 -1.87298088711012e-04 -2.80680560071855e-04 -1.16905229096696e-04 3.95412101801213e-05 -3.32160933380331e-05 3.00328169684923e-05 -1.66144886019713e-05 6.41267208529851e-05 6.08896020768138e-05 8.39134223263641e-06 2.40063014259489e-05 5.41737459266725e-06 9.96603248396272e-05 -5.60716452050128e-06 -7.57416688863407e-06 -3.38044558353193e-06 5.89597838482444e-06 -5.16034459175187e-07 -1.18830146454756e-05 4.61427143551674e-08 6.10723667051935e-07 4.43982044677924e-07 3.44848412538976e-04 4.37046494603265e-05 3.18980258578408e-06 4.41758976162253e-05 1.82510549995247e-05 1.64727721615994e-04 -2.31059029685174e-04 -5.12951481928171e-04 -2.32690885446055e-05 3.15144778440904e-05 -9.57312756918252e-06 3.47210265637119e-07 -1.38159732611436e-05 2.85245343225476e-07 -4.76054644656182e-06 6.24992342424054e-06 -1.61180173531270e-06 -2.68796393396761e-05 -3.49841192173123e-07 -1.55875326451304e-05 1.71046902033665e-06 1.99320978694548e-08 8.71316468557867e-08 6.55044632351070e-06 -1.23537381693396e-07 4.05797524506748e-06 -2.76096818576584e-07 8.94149181415135e-09 3.57685738247070e-04 -2.03705699002691e-03 2.65311246829735e-04 7.24368096477596e-06 -1.78900647722217e-05 -4.44671740114218e-06 3.08478590367323e-05 7.57609639539363e-06 -4.08733959113959e-06 4.40739675753821e-06 3.27591188976002e-07 -1.97189987796544e-07 1.83061423831247e-06 5.18256239649776e-07 5.19934055373830e-05 -4.25635371001998e-04 6.43569850322134e-05 1.12027930405061e-06 1.49068539445001e-05 1.53186642916672e-06 1.98480249887123e-05 5.41902584471896e-05 5.20700485173671e-06 4.70756642382571e-06 1.61335663000500e-06 1.15764571930373e-06 3.13806054615244e-06 6.55601786394543e-06 -2.88988339533629e-04 1.40317828098753e-03 -1.66045531598003e-04 -9.75755380047565e-06 1.58481242827918e-06 9.09979748158132e-06 9.80473089581416e-06 3.58648118685377e-05 2.23385247681373e-05 -2.29780878017439e-06 -9.41196795555482e-07 2.71492221160000e-06 -3.79850952847226e-06 2.91552879760266e-06 -3.07218499986105e-06 -4.00494001882906e-04 -2.05866338080707e-06 2.13419418164942e-06 6.62218513659704e-06 -6.51941579815345e-06 8.32745551254418e-06 3.31467444296536e-05 -1.79254186263771e-05 3.58533885055279e-07 -1.79644323193160e-06 3.10718875916111e-06 -1.39927683687231e-06 4.44976025202437e-06 4.15141664109337e-05 5.17840394752996e-05 4.56357756208591e-05 2.31388216875310e-06 -1.66672081037377e-06 -3.84821129200467e-06 1.56830888629634e-05 4.42505231739267e-06 -1.19677321005402e-06 4.65240798615410e-07 -2.84784750779092e-06 -9.35690570091223e-07 -3.94857300195386e-06 3.02579160051851e-06 -3.24678686526823e-05 1.84971421427027e-04 -8.76252864838436e-05 -4.19426607236536e-06 1.80420499084633e-06 -9.71521071791327e-06 -6.08232552067588e-07 5.41147746478281e-06 -1.52054204010949e-05 5.47603605260702e-07 -3.29300788341904e-06 1.76831385601840e-07 2.10526927923852e-06 2.73658701870950e-06
 2.18280546558463e-04 -7.93196965290879e-06 2.46904849493118e-04 -8.20409888635201e-05 -9.42002150614212e-05 -6.80564520660298e-05 2.08025553973353e-04 1.12629384317043e-03 7.52468252289653e-04 -1.03605781162190e-03 -2.11029918571000e-04 -1.55947535574126e-04 2.70082202611686e-04 4.39345003686776e-05 -3.61716450918193e-06 -6.64504569623133e-05 -1.48036687275242e-05 2.78454897625470e-05 6.89707154799059e-05 5.02487568155877e-06 -4.88509419015173e-05 5.61390282855223e-06 4.23142311280585e-05 3.09807158170287e-06 -8.68384888730147e-06 1.94819398582528e-06 -2.20659457289638e-05 3.23997531661096e-07 -5.40367247233635e-06 2.55737458353347e-07 5.23453581922595e-05 -1.49071088950930e-06 -5.40176642392039e-04 -1.15664514732162e-04 -2.31534276031200e-05 -5.05106116902787e-05 -5.82972353472493e-05 4.78091765992301e-04 7.75718199524261e-04 1.67041756178135e-03 -7.35084976166635e-05 -1.11431533835351e-04 -1.82748416391874e-05 -3.15009214274044e-06 5.03309696186678e-06 -4.99110874701026e-06 -1.45419713075810e-06 -7.48334188588199e-06 -2.04845643312351e-06 -8.97838940261823e-06 -8.58962490897783e-06 -1.78095458438020e-05 -5.78262615232344e-06 -8.78774724582478e-07 8.44021319104505e-07 2.69980690135564e-06 -9.59861987198603e-07 4.47820387159617e-06 8.67075113147803e-07 -4.41799614371365e-08 1.07868027226916e-04 -2.66358391722386e-04 4.75433512444341e-05 8.34205461032591e-06 -1.42071850135824e-06 -1.15530474245404e-05 3.41140007183346e-05 2.93749609761455e-05 -2.85419167725175e-05 4.94781777360181e-06 -6.07180732022563e-06 -3.89299540129908e-06 2.35975247299996e-06 -7.02848100408590e-07 8.21865149215954e-05 -1.47474452409726e-04 3.49616044006206e-05 5.05028015273427e-06 7.47017802118746e-06 -1.00915020700749e-05 4.24652439120705e-05 1.66641359372247e-05 -2.38387168656242e-05 1.61335663000500e-06 5.48618606108993e-06 -3.72220110892284e-06 -3.77525083570387e-06 4.70445570986551e-06 -3.05198709071930e-04 1.88531631673234e-03 -2.31079258956937e-04 -1.50461463753901e-05 -7.68896363393589e-06 -6.46695028430856e-07 -8.64999513711064e-06 -2.82003364528149e-06 -2.64703682595206e-06 7.59997352657349e-07 2.19886492202225e-06 -1.22968600438505e-06 2.97292137146467e-06 8.92310013008539e-07 -1.85358725925192e-04 1.06710376739738e-03 -2.90116368548375e-04 5.06982444467883e-06 -2.27925897803334e-05 8.41896897373644e-06 1.78324780848314e-05 -3.60385270691810e-05 2.30806681763023e-05 -8.03663190897290e-07 -2.49480693263496e-06 -4.86089630291133e-06 -1.78528196739492e-06 -6.64749266870828e-06 5.04675071419848e-05 -2.70139486762458e-04 2.05569759241709e-04 -6.77317210448907e-06 1.44135790645978e-06 2.98251443278039e-05 -2.33755527936837e-06 1.14455447613996e-05 5.62157702674891e-05 1.05346791826659e-06 3.36231715390811e-06 -2.51113606369098e-06 7.05551095542904e-06 -1.71148168325511e-06 -8.19431585271543e-05 3.62315035184297e-04 -8.59086418647119e-05 -2.92690913921747e-06 1.31169041583290e-05 1.72207368539519e-05 3.83890145679331e-06 3.03839331030174e-05 3.23481746540433e-05 -3.57247052596297e-06 1.19736699714287e-06 -3.27902594173037e-06 -6.64666761079574e-06 -1.27707199795749e-06
 2.24860818246487e-04 4.26363173474818e-06 -8.30862569018854e-05 4.75407073405353e-05 5.68049177793900e-05 -3.62288755455026e-05 -2.66547627153747e-04 -6.61101699400567e-04 4.03782540022774e-04 1.32813535341433e-03 1.26488660265885e-04 -7.76295586536667e-05 -3.51386294638401e-04 -2.52268228920530e-05 -3.17769907139354e-06 8.32674282660858e-05 5.60097714701057e-06 1.49612627866545e-05 -3.98049987303696e-05 1.73075980145508e-06 5.93341843756955e-05 -3.24923730924930e-06 2.51191816550742e-05 4.91258047134954e-07 5.27902941123801e-06 9.48264271635391e-07 3.06456896763356e-05 -1.05917908699643e-06 -3.22966886648817e-06 -3.62893364085236e-07 -1.11572167731226e-04 -2.37728331452051e-06 1.10550692290021e-03 6.11305387587600e-05 3.44147268408214e-05 -2.05623202040781e-05 6.85420938951863e-05 -5.10296650502834e-04 3.08187711288716e-04 -2.11081893813248e-03 8.06723042554476e-05 -4.80956933528052e-05 2.45056248175627e-05 4.63778962626885e-06 1.13864348227569e-06 5.61065181492190e-06 -2.26419243407616e-06 -2.64133426986159e-06 1.25186569178297e-06 -6.04077579253779e-06 1.36300910778182e-05 1.05776391196129e-05 -1.66696926939903e-06 -6.02153205963145e-08 -1.06899429515345e-06 1.16855625470744e-06 -3.05682607033756e-07 -2.56845217348063e-06 3.16558105678108e-07 1.58852417490484e-07 1.04217158350589e-04 -9.40812113937175e-04 9.21412652381278e-05 -4.97912616248922e-06 -7.90013613678256e-06 8.20366080332430e-06 -1.97739304709241e-05 -2.86447072373918e-05 1.66884550730727e-05 -2.88887895833085e-06 5.95486380250577e-06 3.26673072711987e-06 -1.64396715670322e-06 1.48587385937698e-06 -1.27847673369778e-04 2.63248406006631e-04 -6.86961944789036e-05 2.05528312237420e-06 -1.02337414253267e-06 1.45625103040797e-05 -3.36145441110663e-05 2.09920479060114e-05 3.15565153645749e-05 1.15764571930373e-06 -3.72220110892284e-06 5.27031933157864e-06 6.64406804717057e-06 -2.56344728756756e-07 9.93035896292745e-05 -9.05961150217436e-04 8.89996739475592e-05 4.13685281618876e-06 8.02200400434398e-06 8.34707355677583e-06 1.34487974953359e-05 3.18486777288801e-05 1.73086005070625e-05 -2.34680190046270e-06 -1.43797324409212e-06 3.28451429925079e-06 -6.07375265160302e-06 1.71060961697517e-06 1.24389014870085e-05 -6.51106432835145e-05 -8.49199617231242e-05 -5.16108765603861e-06 8.83207787634614e-07 -2.95648957782330e-05 -1.66010854524445e-05 7.71080623394311e-06 -5.80432412207677e-05 1.33100511987151e-06 8.88112423391524e-06 3.09391155459313e-06 1.14336035421050e-06 1.56185208640953e-06 1.52883240249375e-05 -8.03140105883746e-05 -7.93862407263065e-05 -3.68420908326097e-06 4.21371134557868e-06 -2.97818974182151e-05 -1.56892975338371e-05 1.07031283350999e-05 -5.68575694309912e-05 -5.40740833548382e-07 -5.35253783330177e-06 3.52887064399080e-06 -7.16529533294486e-06 -2.32258964615552e-06 1.32056472103391e-04 -8.29978125926809e-04 1.99291884741920e-04 1.52418973076462e-05 -8.57781361874668e-06 -1.77834497465827e-05 2.69082463843031e-05 -1.48419845060049e-05 -3.63452187801278e-05 4.90099755821580e-06 -2.70902290202588e-06 5.41897859903362e-06 5.03725712294276e-06 -3.04952900743446e-06
 -3.80822557795697e-04 1.29401475059182e-05 -4.13367397696794e-04 1.36057639601433e-04 2.59303893485511e-05 -8.93322911102617e-05 -3.78373200652236e-04 -3.65418645833133e-04 1.04488681331504e-03 1.87042434134724e-03 5.63220853051840e-05 -1.98928804051309e-04 -4.92779223888170e-04 -1.57927006278718e-05 -1.19940422549732e-05 1.19087545525422e-04 9.76572698407851e-06 3.99257983682097e-05 -2.44618636029255e-05 5.02161796680589e-06 8.52815385562517e-05 -1.20813886128271e-06 6.49159722477990e-05 -4.74405202992085e-06 3.11998564591662e-06 1.06819030856536e-06 4.01144613745857e-05 1.70900872336630e-06 -8.12605282279844e-06 -4.05292680844315e-07 -9.21674727090947e-05 2.47382006288511e-06 1.00755574861720e-03 2.09911808290766e-04 -1.72132949084944e-05 -3.09356019822094e-05 1.05533199287342e-04 1.85805326901337e-04 5.51448256280930e-04 -3.02169412039346e-03 -1.92178769744946e-05 -8.51748088484516e-05 2.93391559717662e-05 -2.79251975601921e-06 -1.32050922267043e-07 8.86446319816291e-06 4.65161531489463e-06 -4.01206102173358e-06 -4.42606493979111e-06 -1.59322130777196e-05 1.73460611440042e-05 9.42003357105899e-06 -3.24135984467576e-06 1.74504094795858e-06 -5.27844167115549e-07 3.54951019201982e-06 1.60320729562582e-06 -1.82960597702277e-06 5.72653294252912e-07 1.71469139991014e-07 2.71374028437400e-04 -1.95445235204282e-03 2.25714496906007e-04 -2.76080545418991e-06 -1.81910500674111e-05 8.27242092659118e-06 -1.09913278835079e-05 -3.13761674888456e-05 2.11430772076761e-05 -1.72645479931077e-06 8.18972411730114e-06 3.95113636792541e-06 -4.43324690893765e-07 1.95078463521619e-06 -1.05181966342712e-04 1.71552115106916e-05 -3.16062532294947e-05 4.08845320352298e-07 5.96493956123620e-06 1.74798698948551e-05 -3.19338576949168e-05 4.45687056227328e-05 4.07948980438070e-05 3.13806054615244e-06 -3.77525083570387e-06 6.64406804717057e-06 1.01905248291073e-05 2.05804997307832e-06 2.67140986979299e-05 -6.76054445642882e-04 6.21843986169670e-05 2.32518469339838e-06 1.03765383412015e-05 1.48152745943720e-05 1.92630505278625e-05 4.97611053700509e-05 3.68986300644950e-05 -3.21710603757127e-06 -2.74337195183413e-06 5.52071851310210e-06 -9.52002228992687e-06 3.18945750375484e-06 4.49896649721600e-05 -2.45242186442886e-04 -8.39543360523552e-05 2.25276062336798e-06 6.08564119478259e-06 -4.13197347059483e-05 2.53666555841298e-06 2.16792548707256e-05 -8.27932218282346e-05 -1.82269076349199e-06 1.16783256982762e-05 5.26292898593700e-06 2.40456289553151e-08 3.63223682286436e-06 1.89845073849590e-04 -1.08503048699897e-03 2.21899645610814e-04 -2.23999939038907e-05 -8.04631283619660e-06 -2.88497807333658e-05 -4.51709880194186e-05 -8.21144530812987e-06 -6.08504281210662e-05 -6.49455970901661e-06 -5.12746779216294e-06 7.49800261776243e-06 -6.51008852707327e-06 -4.46276061740099e-06 1.46563594895696e-04 -7.26185151721093e-04 1.59112346516658e-04 1.82974560051829e-05 -3.29066635056328e-06 -3.11303230561357e-05 3.35328481058849e-05 1.59497082396918e-06 -5.94519852100748e-05 3.56895604840614e-06 -6.41008392949816e-06 6.37831413633130e-06 9.05199102915617e-06 -4.61234764857924e-06
 -3.11056828027724e-04 -1.00949896260831e-05 2.23948458695864e-04 -6.36949088361514e-05 -1.24648532168101e-04 -2.20779060947035e-04 3.39488799234965e-05 1.58477537017711e-03 2.80155618850364e-03 -1.69971279675357e-04 -2.82900305861359e-04 -5.11314417613251e-04 3.71599091571937e-05 6.48051443735338e-05 -5.41306345620094e-05 -1.24552212436362e-05 -3.42412694885328e-05 1.13489735300543e-04 9.97383290744891e-05 1.60901416215234e-05 -1.28151710860489e-05 7.70733876912090e-06 1.74646736784815e-04 3.71025315477273e-06 -1.21387137964877e-05 -4.34143294651131e-06 -1.42229437840200e-06 -3.51627933175678e-06 -2.11259773669999e-05 3.00294955386528e-07 -8.30414407337713e-07 -7.80762907440760e-09 -1.20859424333159e-04 -1.21590741100269e-05 4.93893454925921e-05 4.89564869315739e-05 -5.38023002711180e-06 -2.91619918808637e-04 -3.89166697738843e-05 1.55011834739925e-04 4.30491912871825e-05 3.17315912021511e-06 1.93023371086590e-06 6.96693014033713e-06 -1.97350862811015e-05 -1.09322243169764e-07 -1.46895563758667e-05 6.67065397922544e-06 2.19799961241190e-06 -4.65453773030271e-05 2.57980821955904e-06 -2.77405109503692e-05 5.39000387635222e-07 1.65538499799858e-07 -2.71523425874689e-07 1.15506715956431e-05 -2.91605247931816e-08 6.89517419009773e-06 -3.02647938234056e-08 5.02969439178745e-09 5.39922551339594e-04 -2.82830652435860e-03 3.45929523311288e-04 1.14869128545877e-05 -1.95737445371746e-05 -1.25721976407897e-05 4.90846491366176e-05 3.24876573027905e-05 -2.67228049535810e-05 7.15616490487850e-06 -3.72196925546724e-06 -3.11413456165598e-06 2.31250222495738e-06 -3.61493965473311e-07 -3.09303194326054e-05 1.81975761313874e-04 -3.21359798510988e-05 1.45913294618188e-05 1.85400502351729e-05 8.54159701791641e-08 5.03898963895591e-05 8.41577725712438e-05 -2.66639739324808e-06 6.55601786394543e-06 4.70445570986551e-06 -2.56344728756756e-07 2.05804997307832e-06 1.21725764116889e-05 -5.79276350056117e-04 3.14000289074883e-03 -4.03733141159919e-04 -2.74369456267697e-05 -1.91201315195205e-06 1.09456621960139e-05 -2.03686920942277e-06 5.58380085442962e-05 1.98894631936958e-05 -3.28254018775775e-06 1.18567884212885e-06 2.00987837207091e-06 -3.27559086752772e-06 6.13617675690081e-06 -5.55875657628072e-05 -2.48562078721627e-04 -6.96853574683926e-05 -2.45113940696390e-06 4.26943477455409e-06 -1.96899061919865e-06 -1.06837923759981e-06 3.60280276921278e-05 -1.28920308903536e-05 3.40558207736105e-06 -5.66717313763102e-06 2.98539037865154e-06 -1.58963525139382e-06 4.79801971435263e-06 2.81198582679574e-05 4.94355682118195e-04 2.66674987082122e-05 6.36192087343061e-06 5.70490682479927e-06 3.41424760935253e-06 3.64614689063851e-05 3.16748069761811e-05 1.59010080006665e-05 4.55156468441733e-06 -4.37753151980659e-06 -4.04860012159543e-06 -4.03902676592307e-06 4.24041414017968e-06 2.95346756155294e-05 -2.07492078491613e-04 7.16071260205353e-05 3.48360290944628e-06 -2.83268930279969e-06 4.72144873759598e-06 1.02368645369760e-05 3.07899005572941e-06 6.33250952566908e-06 3.56233743011783e-06 -1.85654892100006e-06 4.88734956079082e-07 -3.22982375496730e-06 3.30244639272205e-06
 -1.34814385730175e-02 3.59290138772790e-03 -1.03411846606129e-01 2.77713886362277e-02 1.21112481790657e-02 6.78792164894772e-03 -3.92378715757806e-03 -1.49789728880979e-01 -8.73749957255893e-02 2.19314852688317e-02 2.70252921964687e-02 1.60458732039927e-02 -3.76429439841861e-03 -6.03556124768993e-03 1.73263241321445e-03 2.27567488984325e-03 2.91074805755889e-03 -3.56029702089446e-03 -9.20432303528526e-03 -4.80529972168640e-04 2.90796634639501e-03 -8.29833662017654e-04 -5.42747883491234e-03 -1.76586433772526e-03 1.09676132742206e-03 1.66802318310023e-04 -7.03414741932800e-04 1.91644750863241e-04 6.60619430060739e-04 -1.68605031824204e-05 -2.21054113777467e-04 2.70838450441673e-04 6.28364792130165e-03 5.61011604621192e-03 -2.99806116488231e-03 -1.79518596384512e-03 -2.15274681123077e-04 5.88096523249857e-03 4.04672933911516e-03 1.63624929626938e-02 -1.04893567342330e-03 -6.51220336429342e-04 -2.95889826641638e-03 -4.05116305785280e-04 6.54454927965778e-04 -2.61797257507517e-04 1.10812547171798e-03 -2.44506560940993e-04 1.41702864005873e-05 1.43609762307565e-03 -1.29135632511966e-03 2.45703572333028e-03 3.85212067869879e-06 8.72236705760150e-06 9.72831725914106e-06 -3.60853503937227e-04 1.22542964658056e-05 -6.26771439585181e-04 1.61328246487975e-05 5.12272277813950e-06 -7.44046210794348e-03 3.85842753052480e-02 6.84670075131814e-04 -1.09114794278230e-03 -4.92727319617968e-04 1.57322520049197e-04 -4.55829210108441e-03 -5.27809918427608e-04 1.34985937879233e-03 -6.55603151135381e-04 1.71780004464198e-04 1.10753496663795e-04 -2.39576685149191e-04 5.68582587931962e-05 -6.76599986652480e-03 3.70001055853815e-02 5.27084770348136e-04 -9.76776259031242e-04 -7.02736117861380e-04 1.49740413696812e-04 -2.60782375817351e-03 -3.74325771040521e-03 1.38609241008501e-03 -2.88988339533629e-04 -3.05198709071930e-04 9.93035896292745e-05 2.67140986979299e-05 -5.79276350056117e-04 4.47416671997427e-02 -2.40415322174562e-01 3.57969050677613e-02 2.24059300809749e-03 1.27093303190238e-03 -9.48105771128611e-04 -1.90379827285571e-03 -1.11841317678735e-03 -8.50986618583366e-04 -3.77519372670734e-05 5.98801418795497e-05 -1.22307681882335e-04 8.87704934584989e-05 -3.27193642263460e-05 -7.51565043145503e-04 1.75558680498141e-02 -2.57038362400707e-03 7.90606847668144e-06 -5.15585351978608e-04 2.10317284632142e-04 -4.63855185003411e-04 -1.20770813228997e-03 1.03697145784988e-03 -2.13639312402838e-04 1.65551656353207e-04 -1.98963074868199e-04 1.74991059743732e-04 -2.53370589746795e-04 -5.44939823967785e-03 -1.39797029436547e-02 -8.13521637754034e-03 -2.27841159176692e-05 -1.35630132235430e-05 -7.43113409211293e-05 -2.37079019984440e-03 -1.32968791316382e-03 -3.00995155391016e-04 -2.12624683597217e-04 1.73313703736176e-04 1.29925045843558e-04 3.05517208561112e-04 -1.26951600874796e-04 -7.61396441198506e-04 1.65584477409018e-02 -1.88611298947026e-03 -4.04339463346341e-04 2.43128558081565e-04 2.18230507599734e-04 -1.29140758923731e-03 2.72724457241574e-04 1.04881401051752e-03 -3.11077910037402e-04 5.26510194755150e-05 -1.93262328767925e-04 2.17009768695718e-04 -5.38962614066824e-05
 -4.39450392806010e-03 -1.97346226598233e-02 5.55553263577968e-01 -1.51314193995107e-01 -6.42789364710911e-02 -3.57623489613064e-02 4.55203718233117e-02 8.01150380881242e-01 4.62173742743420e-01 -2.35010002642340e-01 -1.43507907902948e-01 -8.46888783238575e-02 5.16206435453598e-02 3.24300524221419e-02 -9.40140723313778e-03 -1.93017893117701e-02 -1.60594027803908e-02 1.89075767205664e-02 4.95013080457027e-02 2.62510792059547e-03 -2.03227675242135e-02 4.33854409870888e-03 2.86226234006741e-02 9.24716465709157e-03 -5.90675407140793e-03 -9.54783230757762e-04 9.62598660965293e-04 -1.21919898878212e-03 -3.47726257138250e-03 1.18434592675540e-04 -3.00042524695497e-03 -1.45568931114313e-03 -1.09382491032328e-01 -4.05520669986467e-02 1.84884579871203e-02 1.09645903772788e-02 -5.51375542090164e-03 -6.47922158509934e-02 -3.75648432159801e-02 1.09086998439281e-01 9.96862372142336e-03 5.98776258860461e-03 1.35046965565490e-02 2.54469233166739e-03 -3.66059537034764e-03 8.02912623329365e-04 -6.34375562245602e-03 1.47115642664908e-03 3.74363525810906e-04 -7.62367280956104e-03 5.59042316050132e-03 -1.34659043353277e-02 8.40336263932121e-05 -1.06719006244972e-04 -4.21809867742976e-05 1.94131456068927e-03 -1.29833829272606e-04 3.38988673145628e-03 -9.49386618218905e-05 -3.44445112902670e-05 3.74585682617806e-02 -1.57123181861789e-01 -6.94807637964500e-03 5.83881336418970e-03 3.01227774570890e-03 -1.73154200907869e-03 2.44031745610613e-02 5.93747117599261e-03 -8.99295735860446e-03 3.52357599307035e-03 -1.48240689600570e-03 -9.22945299224529e-04 1.24888257554310e-03 -4.37899220212116e-04 3.57353319306042e-02 -1.57252311967802e-01 -4.76101672992437e-03 5.49428214530090e-03 3.55444456734135e-03 -1.72994896152055e-03 1.66435406987989e-02 1.82718932116781e-02 -9.24235305408627e-03 1.40317828098753e-03 1.88531631673234e-03 -9.05961150217436e-04 -6.76054445642882e-04 3.14000289074883e-03 -2.40415322174562e-01 1.32983200361183e+00 -1.93944182900730e-01 -1.21937609839613e-02 -6.94710544972692e-03 4.08254838295360e-03 7.63794034479223e-03 4.30410023446783e-03 2.45677364305942e-03 2.85258654825460e-04 -4.70936411411567e-05 3.00437730919452e-04 3.36742303016266e-05 2.11242072586309e-04 -1.58621548678285e-03 -6.80893196332720e-02 1.28970788120395e-02 -4.14504897516864e-04 2.13622224594274e-03 1.28985540522483e-03 1.65935008935862e-03 5.26793092189969e-03 -7.21466479587652e-04 1.33393336695929e-03 -1.64396829759236e-03 7.21678165733956e-04 -8.87320553392952e-04 1.11223578073556e-03 1.69527110556538e-02 1.50112189076958e-01 2.82227551488964e-02 1.49829770085474e-03 9.05487574588801e-04 2.24889202599190e-03 1.53119822688245e-02 8.62708556218944e-03 5.61721696999154e-03 1.62901934575290e-03 -7.08074205613942e-04 -1.21997095885741e-03 -1.21584524464698e-03 9.43648980503863e-04 1.92932730126161e-05 -6.83360826486427e-02 1.03262970040837e-02 1.51252997760056e-03 -1.30271076617957e-03 1.30922543269044e-03 5.38104925792368e-03 -1.55547440661068e-03 -9.60539437877949e-04 1.54133041158865e-03 1.28155240280863e-04 6.47693966080501e-04 -1.83490424367051e-03 5.48949068540821e-04
 -5.84418534269798e-03 4.53645298922834e-03 -1.29116585251269e-01 3.44991098412866e-02 8.19094649514433e-03 4.64753577014240e-03 -5.41106758206476e-03 -1.00870867540226e-01 -5.86514925134096e-02 2.89926497977839e-02 1.81472416058584e-02 1.07716699019915e-02 -5.36917426486551e-03 -4.05981806285955e-03 1.15292728413400e-03 2.88886244124867e-03 1.94976963880894e-03 -2.38029340538981e-03 -6.17806402681933e-03 -3.47179331204233e-04 3.59781460334067e-03 -5.66909812142545e-04 -3.58159012243041e-03 -2.18763017626870e-03 7.29517874088819e-04 1.07044773519108e-04 -8.38161700555415e-04 1.20364488446531e-04 4.42182687068692e-04 -1.84292271996657e-05 1.92667046683474e-04 3.61739860004720e-04 7.28189660816781e-03 7.74322372940158e-03 -1.99728054797040e-03 -1.19718813735538e-03 -1.19965937709692e-04 3.33700951088855e-03 2.54277380213518e-03 1.72912255075683e-02 -7.16929513492008e-04 -4.19797112813193e-04 -3.88797515388260e-03 -2.66126511180510e-04 4.36592430107314e-04 -3.21463372594956e-04 7.39337104750453e-04 -1.61078891411593e-04 3.07948696063921e-05 9.63355211975068e-04 -1.55765622959837e-03 1.62576657494414e-03 6.54213053562575e-06 1.85489334940435e-05 7.49149499099326e-06 -2.40809553534951e-04 2.01167572356942e-05 -4.20230889234415e-04 1.36076052353640e-05 3.03221658846743e-06 8.94327720060510e-04 -6.45190822857441e-03 7.59420114620279e-03 -7.37137457912917e-04 -1.01829488593691e-03 -6.71877218550560e-06 -3.05022172596384e-03 -1.70909234372872e-04 1.30979457300878e-03 -4.40923228204888e-04 1.70989658531569e-04 9.66812649888518e-05 -1.59725047316857e-04 6.48175526071360e-05 1.13884740086718e-03 -7.20700718776224e-03 7.40532427990376e-03 -1.24690673785580e-03 -1.31331522443846e-04 -8.71548592069073e-06 -1.61606987144765e-03 -2.57239377965315e-03 1.31093253322417e-03 -1.66045531598003e-04 -2.31079258956937e-04 8.89996739475592e-05 6.21843986169670e-05 -4.03733141159919e-04 3.57969050677613e-02 -1.93944182900730e-01 3.12345106226028e-02 2.09946890971127e-03 1.19807133081239e-03 -7.50132161527738e-04 -1.39961886855653e-03 -8.25714943104821e-04 -1.92172493218162e-04 -4.94650768939176e-05 1.22343882863383e-05 -5.97545681038472e-05 1.32689713681845e-05 -3.58963982143595e-05 -1.58035077668941e-03 1.42271509498410e-02 -3.65508398686597e-03 -2.69394140815636e-06 -4.93662549600076e-04 1.83575807983171e-04 -3.16217797913852e-04 -7.03806060365236e-04 9.80924969113030e-04 -1.42084356468774e-04 1.13657924813371e-04 -1.74465285837752e-04 1.18803016675812e-04 -2.09249876061732e-04 -4.93250621658748e-03 -6.20621299160164e-03 -7.69309128373168e-03 1.20071665836808e-04 7.26542558248232e-05 -1.75217825785797e-05 -1.69089837866140e-03 -9.59772019048289e-04 9.72056709751253e-05 -1.11657415053327e-04 1.14840108807153e-04 4.50140339953133e-05 2.00164470655283e-04 -6.56998843366301e-05 -1.49509745263733e-03 1.33161042344249e-02 -3.07779127750995e-03 -3.97642445881239e-04 2.29694751259370e-04 1.91479103743229e-04 -7.92795291943021e-04 1.32316269368566e-04 9.95746227448241e-04 -2.38691395761145e-04 3.45584533740593e-05 -1.71652183931624e-04 1.47391211914717e-04 -1.68784817095466e-05
 -2.99801868448878e-04 3.76089396329435e-04 -1.06661752881897e-02 2.83215943037359e-03 3.14104575781670e-04 4.66841421822442e-04 -4.77847188692439e-04 -3.75078406271190e-03 -5.66096559227077e-03 2.52076438719021e-03 6.86752014945170e-04 1.04404305578459e-03 -4.88485238323463e-04 -1.48157019150323e-04 1.00577403427679e-04 2.44731160107182e-04 6.13985946853180e-05 -2.25808814078580e-04 -2.26927522760454e-04 -3.65343775103402e-05 3.00759359469734e-04 -2.08511281514081e-05 -3.40736094017902e-04 -1.80880997525535e-04 2.69370162436439e-05 5.94719460995687e-06 -6.61201003476250e-05 1.00659419669590e-06 4.24158217470838e-05 -1.76744797685552e-06 4.31634464515715e-05 3.16271934682141e-05 5.36594212491035e-04 6.84612413996914e-04 -9.80418655253010e-06 -5.57592909766396e-05 1.69696071680057e-06 -6.82986323961787e-04 -4.55532707972576e-04 1.16211253288255e-03 8.05806404036212e-05 7.01685933283700e-05 -3.29812318520230e-04 -5.62152464691180e-07 3.28896510277428e-05 -2.56850056103308e-05 1.71988358091310e-05 -7.11883113829937e-06 8.08225067957283e-06 9.19478583413634e-05 -1.25647237468451e-04 5.45696639941380e-05 3.43831868478255e-06 1.98790787192524e-06 -4.33216381871836e-07 -2.27014857985258e-05 2.12407512123634e-06 -1.50562421631789e-05 5.53946147708745e-08 -8.84242774641714e-08 -7.57057739483531e-05 2.54591541283194e-04 5.20451379435248e-04 -2.77703838076287e-05 -7.70421342372461e-05 4.72248433588116e-06 -1.11819908114829e-04 -2.16207081100235e-05 1.22738773097452e-04 -1.65273087883675e-05 1.61282028052872e-05 9.42109122070853e-06 -6.49358744225659e-06 4.46193337148851e-06 9.59050232763499e-04 -5.33467284496876e-03 1.21217806217581e-03 -1.27518203736735e-04 1.66481428199345e-05 -1.81509070743561e-05 -7.50307739241635e-05 -1.90230558517776e-04 7.50243320291720e-05 -9.75755380047565e-06 -1.50461463753901e-05 4.13685281618876e-06 2.32518469339838e-06 -2.74369456267697e-05 2.24059300809749e-03 -1.21937609839613e-02 2.09946890971127e-03 1.59965995575876e-04 6.64837103343252e-05 -4.70214189850575e-05 -3.29979137552626e-05 -1.26575526792097e-04 1.21420798122235e-05 2.07462998009639e-06 -5.95250258314186e-06 -2.03964749895609e-06 -2.14370449933884e-07 -1.38405411045380e-05 -1.60163605239230e-05 4.90580663685099e-04 -5.15745927095696e-05 -8.68147074984528e-06 -2.51559132544001e-05 2.18406965530306e-05 -3.12302784082872e-05 -3.86498196618364e-05 9.07580710766311e-05 -1.45854601356599e-06 7.46803745433337e-06 -1.22500940734487e-05 5.29637697612648e-06 -1.37084333686587e-05 -4.41233193444863e-04 7.66578784124659e-04 -7.89764137092375e-04 3.09442491742344e-05 1.61569819494609e-05 -1.12306183154750e-05 -5.40351759028597e-05 -4.90117788190697e-05 8.47626740735953e-06 3.01660424956448e-06 5.67587786942401e-06 -3.30999957116058e-06 3.32240694989588e-06 -1.67351591585069e-06 -1.30888792657377e-04 1.57817522710541e-04 -2.33077539966725e-04 -2.26937974050019e-05 1.23815769150816e-06 1.23284020792112e-05 -5.60729244566604e-06 -4.84401876149765e-05 5.88332598841670e-05 -6.88003645888513e-06 7.20638123902397e-06 -7.18132512913390e-06 3.01862089138291e-06 -9.66729359242926e-07
 -1.71714213114638e-04 2.15117072422836e-04 -6.14387654779804e-03 1.65644600312901e-03 4.71317843793087e-04 -2.43220337555707e-04 -2.70376552527278e-04 -5.71189752449774e-03 3.03281948607230e-03 1.42232678807021e-03 1.03765133015287e-03 -5.38275280820791e-04 -2.67691387649362e-04 -2.27456372023496e-04 -5.99929306449985e-05 1.38994983958776e-04 1.00830263453769e-04 1.22320318727388e-04 -3.44449514820845e-04 1.87899260497580e-05 1.67949477157455e-04 -3.47473044198934e-05 1.91978469180118e-04 -1.02658500893646e-04 4.02348644564861e-05 -3.80025138100740e-06 -3.85299848678501e-05 3.02937749039933e-06 -2.28423944581506e-05 -2.40314525461160e-07 2.59872777088038e-05 1.85456805899014e-05 2.68083671167985e-04 4.06119138999308e-04 -6.09588982169313e-05 6.08998180404195e-05 -8.32119265899570e-07 -4.54370407799422e-04 -1.74952155938006e-04 7.17761554588946e-04 5.72872332955372e-05 1.17397111498978e-05 -1.79250086330614e-04 -7.46864168185016e-06 -2.29956034610578e-05 -1.47549288502292e-05 3.34244548344919e-05 8.58504775442144e-06 6.77275076529138e-06 -5.30931158438066e-05 -7.31864755809077e-05 8.92859023443375e-05 4.52037387397481e-06 1.40940257556065e-06 -2.99218561151142e-07 1.26112070621167e-05 1.47328253919185e-06 -2.31415350542639e-05 6.36595808723110e-07 4.05380244621975e-07 1.20399513191856e-03 -6.56142251125448e-03 1.14274167210509e-03 -4.17989674492947e-05 -9.51230982043667e-05 -2.47692109090781e-05 -1.71171300070987e-04 4.82686747447310e-05 1.33076067799443e-05 -2.43021446811456e-05 1.80644391128394e-06 -7.43562316302416e-07 -9.82005192474790e-06 3.58785649426909e-06 -6.85191886885812e-04 3.56394953257337e-03 -1.53862006651903e-04 -1.67310903265476e-05 7.31140717931108e-06 1.69109608038181e-05 -4.22581453117871e-05 2.01650633732667e-05 9.48292719768299e-05 1.58481242827918e-06 -7.68896363393589e-06 8.02200400434398e-06 1.03765383412015e-05 -1.91201315195205e-06 1.27093303190238e-03 -6.94710544972692e-03 1.19807133081239e-03 6.64837103343252e-05 8.38399110546882e-05 -2.73386030897443e-05 -1.28579108157432e-04 1.18282600478502e-04 6.58936486396492e-06 -1.44902187019804e-05 7.34340942948231e-06 -8.45826402450419e-07 -5.89337024404898e-06 1.81018610625073e-05 -1.46138848630137e-04 -1.38976911839439e-04 -2.67725153869021e-04 -6.54715639706532e-06 -9.37140515784508e-06 2.24809460043435e-06 -3.58691329308435e-05 5.49829068803488e-05 1.38094164779178e-05 -4.81356069283713e-06 -6.04879170293723e-06 -9.20342952725588e-07 7.41783245317601e-06 1.98571547557687e-06 -2.59812202199360e-04 4.54829657586953e-04 -4.67913298975335e-04 1.65476547323883e-05 1.22321855313626e-05 -5.54741115873961e-06 -5.21277140739135e-05 -1.14321863560354e-06 6.60476127031265e-06 -2.56676495211143e-06 -3.31954819696341e-06 -1.65755745569481e-06 5.82165293037367e-06 5.58063907295154e-06 6.42010412193465e-05 4.99256645954424e-04 9.98980368886587e-05 -1.67903852421752e-05 4.70515273186124e-06 1.87236387259891e-05 -6.28561445029666e-05 2.44727275751749e-05 7.26026851828413e-05 -9.67576505075218e-06 -4.24370673010925e-06 -1.04912959672104e-05 8.92648088809606e-06 7.74692324546360e-06
 9.49020972790744e-05 -9.82117674379627e-05 2.81234869496304e-03 -6.93600210126241e-04 -2.77196904154306e-04 -1.48213138261724e-04 -5.79325533992644e-04 3.20650547906038e-03 1.81420833841361e-03 2.85821138339572e-03 -6.13599468328569e-04 -3.44436457109344e-04 -8.14019835319475e-04 1.23769297066826e-04 -2.54567744767867e-05 1.55181787181083e-04 -4.38353045647212e-05 7.08307236706492e-05 1.87588325272362e-04 7.89110305545355e-06 7.46308726292244e-05 2.12604329839962e-05 1.13653686830854e-04 5.19134651350107e-05 -2.20004859064721e-05 -2.62267769922659e-07 1.00570749304329e-04 2.93416487275964e-06 -1.41738309813649e-05 -4.21766789224776e-07 -2.64143775809745e-05 -1.49326395084689e-05 2.88578671305363e-03 -4.32430188001641e-05 -3.06360204923948e-05 -2.61500873620725e-05 1.83212556861245e-04 1.13753398229129e-03 6.40220871780751e-04 -6.00658481487274e-03 -1.46187035678282e-04 -9.74316329060413e-05 1.49872244444334e-04 -5.71715611618551e-06 -4.55776901915111e-06 2.18757365512993e-05 -7.80687269859413e-06 -3.04549727989284e-06 -1.60086230567313e-05 -2.77441242172837e-05 7.54966671828352e-05 -4.14621613988006e-05 -5.24401806204404e-06 -6.56381203944689e-07 -1.90077934541254e-07 6.31446065156280e-06 -1.85913654914589e-06 1.20301091277240e-05 1.07233083225559e-07 1.59053320862463e-07 1.37552973589875e-04 -1.67498694710207e-03 -1.81635522982934e-05 2.33447944072145e-05 8.19137290011339e-06 2.48846116189252e-05 9.63798141625511e-05 -7.46918533366714e-05 2.12801199194556e-05 1.34193397585170e-05 1.27883793458533e-05 7.04511192968939e-06 6.34333448632170e-06 1.80847159568985e-06 1.32255974342076e-04 -1.72940024558947e-03 -1.09309691089278e-05 1.77999452387522e-05 1.68133359493056e-05 2.49814540695314e-05 -1.83114412616218e-05 1.21709873371005e-04 2.05548233694554e-05 9.09979748158132e-06 -6.46695028430856e-07 8.34707355677583e-06 1.48152745943720e-05 1.09456621960139e-05 -9.48105771128611e-04 4.08254838295360e-03 -7.50132161527738e-04 -4.70214189850575e-05 -2.73386030897443e-05 5.08570855380135e-05 1.09506215726783e-04 6.36054057105214e-05 7.82284972308784e-05 -2.63854511636356e-07 -9.22439176936139e-06 1.26785237157698e-05 -1.63870730184906e-05 -4.77180129184154e-07 8.34458710858998e-05 -5.19360941270623e-04 -1.00579949672636e-04 1.37026408187702e-05 1.41157406064668e-05 -8.12695337369559e-05 4.15783776574571e-05 3.22493148413420e-05 -1.72758300210769e-04 -2.48206879055625e-06 2.18442394953006e-05 1.20481815870925e-05 -5.52813623368912e-06 8.71878489298565e-06 4.47997371921717e-04 -1.92951376144513e-03 6.04886984983844e-04 -3.79962480747331e-05 -2.21768492566957e-05 -5.20340811477782e-05 -2.62703424448075e-05 -1.39870591790154e-05 -1.13661913951644e-04 -1.00816589552411e-05 -9.58504239828922e-06 1.26902179376372e-05 -1.80297444670842e-05 -5.92010928250686e-06 4.76299581498137e-05 -4.94811884805376e-04 -1.19854222546057e-04 1.91395111592119e-05 4.18685622784630e-06 -8.21695810944872e-05 6.06435578127246e-05 1.41501169386817e-05 -1.67614102755794e-04 7.09655219560888e-06 -1.41731181330765e-05 1.39846090229468e-05 1.65797934809327e-05 -6.99270657486121e-06
 6.84250119163136e-03 -1.09638692473788e-04 4.24216089368465e-03 -1.03603334226971e-03 -1.09123382102061e-03 6.24650302289341e-04 -1.61442813488412e-03 1.34077462933947e-02 -7.43455946569946e-03 7.58646041851689e-03 -2.42401746622052e-03 1.34340558082974e-03 -2.13385816682839e-03 5.39768280181316e-04 1.36020940731479e-04 4.16956158060840e-04 -2.68235882807008e-04 -2.96390301160676e-04 8.09591388743232e-04 -5.75674584404506e-05 2.26076636046530e-04 8.51356559499280e-05 -4.45616209515631e-04 8.74727915878135e-05 -9.28942858792181e-05 5.75660831058694e-06 2.33241123315713e-04 -1.48195595134846e-05 5.41485035504817e-05 -2.93227937710057e-06 6.84349528663344e-05 -9.80778471007118e-06 4.99463193787961e-03 5.55793464512563e-04 3.54975826125349e-04 -1.00015414501544e-04 4.98587804746563e-04 -1.30700254715124e-03 -2.97724498868407e-04 -1.50140035288332e-02 2.33070432233222e-04 6.42651053186106e-05 2.73653856199613e-04 4.59988255794614e-05 4.60622336496116e-05 5.50626232572520e-05 -1.10095564858480e-04 -1.16326593881626e-05 -1.16866410255343e-05 1.24776479804948e-04 1.49823422780856e-04 -2.11867072914360e-04 -4.26215331370579e-06 3.90550740049099e-06 -4.86163629515413e-06 -3.16932651790810e-05 4.68835575350616e-06 5.51397761807293e-05 -2.34145727641540e-06 -6.35075647188390e-07 -1.79711755121371e-03 7.03778965418794e-03 -1.33676432894781e-03 9.67519549572379e-05 8.81148417953710e-05 1.09050113981916e-04 4.06343633453220e-04 -3.13200128460053e-04 1.80748142361774e-04 5.66417007898405e-05 4.71244872856635e-05 3.08810451443192e-05 2.09322721393089e-05 4.96761125573748e-06 2.68139719341864e-03 -1.72835777793961e-02 1.74187610423869e-03 -8.18064035151527e-05 5.04951771361872e-05 1.15545340227392e-05 -7.71224965065538e-05 5.50785543472756e-05 -1.43913321815481e-05 9.80473089581416e-06 -8.64999513711064e-06 1.34487974953359e-05 1.92630505278625e-05 -2.03686920942277e-06 -1.90379827285571e-03 7.63794034479223e-03 -1.39961886855653e-03 -3.29979137552626e-05 -1.28579108157432e-04 1.09506215726783e-04 4.80090530408921e-04 -1.83227887948156e-04 1.74069166148891e-04 2.36367544792232e-05 -4.18797892084011e-05 2.89139381113293e-05 -3.00402136698946e-05 -5.07637352130505e-05 8.46865476267879e-04 -3.02137164130145e-03 9.56922582505235e-04 -7.38079849153669e-06 8.28597922312782e-05 -1.50410249536107e-04 2.07902200300270e-05 4.19722131259278e-05 -3.04869357270529e-04 2.07357637028552e-05 5.94733383955674e-05 2.58475801705582e-05 -1.58399180962011e-05 1.76725511122386e-05 7.23175430062063e-04 -1.46809659402488e-03 5.50105676188782e-04 -4.22758730468314e-05 -2.42201209057547e-05 -1.71251276693249e-04 6.14851432070290e-05 -1.54013034087650e-05 -3.24676976414223e-04 3.68698883547504e-06 -2.21688829965897e-05 2.04070753722287e-05 -6.80609591020249e-05 -1.75672525224484e-05 3.92222454430592e-04 -5.48970196674879e-03 3.51295192665827e-04 1.02699789193064e-04 -6.88401235918186e-05 -1.80210860458981e-04 3.29942547388210e-04 -2.15147637340023e-04 -4.17091508588372e-04 5.42879054571749e-05 -6.42538370527861e-06 5.64556579868701e-05 1.35422866420318e-05 -2.82898171186507e-05
 3.93381774699571e-03 -8.06535513287695e-05 2.75638253295736e-03 -5.62272689618659e-04 6.16737643396505e-04 -1.76860845248992e-03 -9.61043177990235e-04 -7.64067024108357e-03 2.20713700669584e-02 4.51060559006324e-03 1.36062929557765e-03 -3.96540861327951e-03 -1.24514333764068e-03 -3.07291874857899e-04 -4.36138234122258e-04 2.46519834883501e-04 1.42239706902470e-04 8.91099601784068e-04 -4.63744038184384e-04 1.33659426196940e-04 1.14837844320068e-04 -4.78855591817501e-05 1.37580880942531e-03 6.26535295790133e-05 5.36547527344952e-05 -3.30440049488316e-05 1.42115490571346e-04 6.65968139100509e-06 -1.66932351077272e-04 1.81211055361370e-06 3.91434478102734e-05 -7.07073619568874e-06 3.10404513652439e-03 3.34341133507338e-04 -1.13138979111460e-04 4.53953158921086e-04 2.94135853310781e-04 -5.55734239918689e-05 -1.28783956073606e-03 -8.98394136495853e-03 4.11911240979561e-05 1.30764762360652e-04 2.19774125954651e-04 -1.56456555410142e-05 -1.68521907002231e-04 3.35783276769702e-05 5.08350973841543e-05 6.38708871904809e-05 -4.56676522847542e-06 -3.78230977754141e-04 9.05853931353732e-05 1.32946770917797e-04 1.85643756873874e-05 2.92120892326753e-06 -1.97118921943300e-06 9.03597995323030e-05 3.07056156536197e-06 -3.15546398498029e-05 -5.17375832431823e-07 1.52453071802029e-06 4.17211997395409e-03 -2.40802240041773e-02 2.73482162505244e-03 -5.57587626000907e-05 -1.57645865930591e-04 -4.72550842445169e-05 -2.28632558957407e-04 6.66376891602377e-05 -1.25668769669444e-04 -3.15565847432184e-05 -2.81358283543442e-06 -6.59197683857136e-06 -1.32667677631471e-05 6.81960479914235e-06 -3.75752219260921e-03 1.84273663999624e-02 -2.65925971023283e-03 1.93343524262683e-04 1.55835989541544e-05 1.24539186018091e-04 -5.67136909588835e-05 5.76555853875176e-04 2.06948598514812e-04 3.58648118685377e-05 -2.82003364528149e-06 3.18486777288801e-05 4.97611053700509e-05 5.58380085442962e-05 -1.11841317678735e-03 4.30410023446783e-03 -8.25714943104821e-04 -1.26575526792097e-04 1.18282600478502e-04 6.36054057105214e-05 -1.83227887948156e-04 7.05059207148663e-04 9.82957783980083e-05 -5.28583421906213e-05 1.95027993474093e-05 1.85042075239434e-05 -4.15969802100724e-05 8.10377823272672e-05 9.93455963023503e-05 -4.95455910529111e-03 -5.53385294563066e-05 -9.39085037988007e-07 9.81705321557751e-05 -1.20383703939303e-04 -4.08195689967714e-05 4.04922149039681e-04 -3.31942030311826e-04 -9.84076932357671e-06 -1.51682913508981e-05 4.61672002891813e-05 8.81424825052003e-06 6.15618790467392e-05 3.98662771029701e-04 -9.38414170125830e-04 2.60066416098117e-04 -2.28306108930646e-05 -1.87243991061903e-05 -1.01690689360604e-04 -3.89302279519622e-05 6.11628550277121e-05 -1.96116782481083e-04 -2.18682196933506e-05 -3.94949944466947e-05 1.45811709673568e-05 -2.44312482176167e-05 2.39652219316421e-05 6.34787843676005e-04 4.07558174864082e-05 7.65989664429280e-04 1.34087692537176e-05 -1.53325415506738e-05 -7.91527057380583e-05 -1.25214045698687e-04 1.08404598545759e-04 -1.11736784215270e-04 5.75758323116495e-07 -4.38058613267769e-05 1.78016368416660e-06 4.86095760580208e-05 2.64655015008226e-05
 -2.01132725533950e-03 1.88476702297048e-04 -5.58753195582702e-03 1.54597755758068e-03 -5.79909855305037e-04 -3.04244431145275e-04 -1.52453219779396e-03 6.57060040656960e-03 3.70145448878931e-03 7.57832103864853e-03 -1.30894869671361e-03 -7.33887504715556e-04 -1.94906467566702e-03 2.47484130424262e-04 -3.29160423398681e-05 5.14167026791690e-04 -6.15946067083775e-05 1.40831308239463e-04 3.81733180443798e-04 1.25273248239419e-05 4.13578873828768e-04 4.20420610803327e-05 2.35327443429085e-04 -8.74124128276432e-05 -4.71147072508232e-05 4.94074400715173e-06 1.15051072890884e-04 1.34394242542581e-05 -2.88586609154585e-05 -1.89408176277530e-06 -2.72051371895621e-04 2.10313034165974e-05 3.82598242572049e-03 1.00710669174506e-03 -2.40836404376061e-04 -1.74332858916816e-04 3.74476779267032e-04 4.39355925471274e-03 2.76080001485847e-03 -1.02132100110926e-02 -6.23082791011897e-04 -4.10939580147332e-04 -4.82823136991807e-05 -3.60456121177631e-05 9.76800473223455e-06 2.02539208297700e-05 1.09828251140833e-05 -2.31722178228364e-05 -4.26428051034888e-05 -5.09965831101261e-05 1.91664132678115e-05 -8.16342298438491e-05 -2.03217543076853e-05 7.41014419559530e-06 2.28707492880011e-06 1.22322076654219e-05 5.88417891762581e-06 2.37029559438041e-05 2.49270376355225e-06 1.32993942903266e-07 1.38028351455481e-03 -9.08856760480472e-03 1.28742048231331e-03 4.78201201185623e-05 -1.12360261972374e-04 2.02215688444214e-05 1.99692308234695e-04 -9.06938552802226e-05 1.01914733413639e-04 2.72918130976623e-05 3.32944559785218e-05 1.50747682969693e-05 1.55330450338938e-05 7.62715860211981e-06 1.35685456595159e-03 -9.24642133078450e-03 1.30253058330910e-03 -7.45156082286684e-05 9.89781255872679e-05 2.08802021013019e-05 1.43982165776385e-05 2.20479670036005e-04 9.81958007309357e-05 2.23385247681373e-05 -2.64703682595206e-06 1.73086005070625e-05 3.68986300644950e-05 1.98894631936958e-05 -8.50986618583366e-04 2.45677364305942e-03 -1.92172493218162e-04 1.21420798122235e-05 6.58936486396492e-06 7.82284972308784e-05 1.74069166148891e-04 9.82957783980083e-05 2.34615790184056e-04 -2.88178700495754e-06 -2.25778238050548e-05 2.84968983904800e-05 -3.98276850541732e-05 -2.52258149957226e-06 -3.21942205916053e-05 1.24610495945811e-04 -6.47404296703617e-04 4.88805433647000e-05 -4.98405137559162e-06 -1.52744024998852e-04 1.41507040396400e-04 5.25856114422541e-05 -2.83693267737203e-04 -1.52359739952281e-05 4.66987284195174e-05 1.34927125118827e-05 -1.32723768139990e-05 4.89448060273301e-06 1.16997656444787e-03 -6.54317101989730e-03 1.85408437981131e-03 -1.16799768252770e-04 -6.47320491990226e-05 -4.79653435095601e-05 -1.80701801677413e-04 -9.78862557759568e-05 -1.04529413481868e-04 -3.17690474882564e-05 -9.00038409748666e-06 2.70676075198092e-05 -1.87511678278471e-05 -1.94914533838101e-05 -4.19605558077087e-05 -2.00415843487210e-04 -5.74832216505361e-04 2.80823739071449e-05 4.23009886662077e-05 -1.50161018113750e-04 1.50115389726448e-04 8.38575984262046e-05 -2.69911695648686e-04 1.57630308283228e-07 -3.10377655513614e-05 1.79525329685993e-05 3.27888856238943e-05 -1.88789127079011e-05
 -5.09824621883356e-04 -1.47548846011382e-05 3.53494233362882e-04 -1.06477227736193e-04 -8.13311832635750e-05 1.26918682766155e-04 6.05485316973521e-05 9.71568848913579e-04 -1.61436555800364e-03 -2.84592225139127e-04 -1.79144999286092e-04 2.85167316684519e-04 6.90869575519051e-05 3.81671939946414e-05 3.49160952197144e-05 -1.95159131541572e-05 -1.48062690600788e-05 -6.59545398206440e-05 5.79452685880891e-05 -9.84130014082269e-06 -1.61583369221419e-05 6.16395636255669e-06 -1.01682559136431e-04 4.75803605264060e-06 -6.77665249616813e-06 3.26670004356767e-06 -2.74679665799214e-06 2.28231289866766e-07 1.22070131734909e-05 -1.25045896930280e-07 -3.58695394894093e-07 -7.68766435912089e-07 -1.77322804563695e-04 -3.90453434395406e-05 -3.71170281023656e-06 -5.08297899731552e-05 -1.05123969043782e-05 2.41653650509429e-04 3.07150301708272e-04 2.79509604405796e-04 -3.59524929112156e-05 -4.02672003355488e-05 5.16312024413213e-06 -6.85467872322476e-07 1.50813307842878e-05 -4.43307018236159e-08 -3.51608756363648e-06 -7.14146094986157e-06 -1.98554433310674e-06 2.85633333870421e-05 2.47159105505656e-06 -1.49238690459140e-05 -3.02834141729607e-06 -5.67870421301184e-08 2.99738686677301e-07 -6.80509537290270e-06 -1.22290585654841e-07 3.82014954198265e-06 2.01806984212502e-07 -1.15206941535191e-07 -3.57196633593605e-04 2.01081035009584e-03 -2.63195612058006e-04 7.12472644637886e-06 1.72846393653918e-05 5.67919902533172e-06 2.89514272476800e-05 -1.03449255314313e-05 7.77073894466832e-06 4.02276825846886e-06 6.49546942580913e-07 6.81527893086926e-07 1.87809942053047e-06 -6.28459685496939e-07 2.94628993909241e-04 -1.48650956859736e-03 1.80923199424237e-04 -1.08254711857153e-05 -1.23478419482079e-06 -8.30641363284755e-06 5.69178078326942e-06 -3.62720938519831e-05 -1.88824410565173e-05 -2.29780878017439e-06 7.59997352657349e-07 -2.34680190046270e-06 -3.21710603757127e-06 -3.28254018775775e-06 -3.77519372670734e-05 2.85258654825460e-04 -4.94650768939176e-05 2.07462998009639e-06 -1.44902187019804e-05 -2.63854511636356e-07 2.36367544792232e-05 -5.28583421906213e-05 -2.88178700495754e-06 4.60873543391609e-06 -2.08385490146112e-06 -6.33722497376433e-07 2.41756508137441e-06 -6.51780970869436e-06 -6.21445771650313e-06 4.59026471291657e-04 -1.86781369593613e-05 2.70773189827239e-06 -7.84499271030700e-06 2.63169097612294e-06 1.08171726635919e-05 -3.53295232372762e-05 1.15376799923593e-05 1.28032594177818e-08 3.33936152726104e-06 -2.96400191846581e-06 -1.42154977605133e-06 -4.81090085539362e-06 4.46081301996952e-05 -3.06716325523407e-04 1.12560618943042e-04 -6.36011864022076e-06 -2.54618013246267e-06 7.66792713531396e-06 -5.23126929870931e-06 -7.98295844129258e-06 1.05950974668978e-05 -1.38919512197560e-07 3.11396582019001e-06 5.83756893215099e-07 1.79020955773003e-06 -3.42851803092246e-06 -4.09185743704236e-05 -4.32428158866113e-05 -6.12675179886971e-05 2.33903507595900e-06 2.97748057741105e-06 3.07659544478361e-07 1.71669904870413e-05 -2.47830049606053e-06 -4.91195694828308e-06 2.03011092920202e-07 2.30932447127077e-06 1.11913422461168e-06 -2.98009769677822e-06 -3.56681382031509e-06
 1.71140919465397e-04 -1.06768177959155e-05 3.14031213735701e-04 -9.17794387829913e-05 9.42879810239316e-05 -7.98278151480940e-05 2.05180359153758e-04 -1.08640580210297e-03 8.40638019321096e-04 -1.01116983374786e-03 2.09863771953190e-04 -1.69007725978388e-04 2.67229984375065e-04 -4.17758704890159e-05 -4.61513900464363e-06 -6.48771146295837e-05 1.38020271072902e-05 3.08331944725401e-05 -6.28112253440225e-05 6.63035749151477e-06 -4.78163260959667e-05 -7.52335970648583e-06 4.63172275523642e-05 4.34657246938290e-06 7.53467141761863e-06 2.48955593340153e-06 -2.04916108058828e-05 -1.38460198501286e-06 -6.04587273043982e-06 2.36851703144736e-07 5.22481787881211e-05 -1.79316743186957e-06 -5.11798612579492e-04 -1.20978150443527e-04 1.77653108450196e-05 -5.16359560024126e-05 -5.67274078185341e-05 -4.60449857878006e-04 7.97951810849308e-04 1.59708283769086e-03 6.46376657660870e-05 -1.17384664102940e-04 -9.27327350603805e-06 2.89292946734830e-06 4.78974214492056e-06 -4.42717754628923e-06 1.55262654238994e-06 -7.67059738244208e-06 4.91362907902526e-06 -1.10086213777959e-05 -8.65421579744378e-06 1.46519352506643e-05 -4.98096261669712e-06 -9.87111214169763e-07 -2.04832045660403e-07 2.98789191561588e-06 -8.92055593169060e-07 -4.07274534111963e-06 1.06568688153334e-06 1.00712665557182e-07 1.16006317654030e-04 -3.38803878518103e-04 5.32537622095494e-05 -7.88680666931840e-06 -1.57804052759626e-06 -1.14740316532543e-05 -3.27470637344234e-05 2.78314899562066e-05 -2.99863715018658e-05 -4.46653032705320e-06 -6.16670512108570e-06 -3.91154550631932e-06 -2.29939403102982e-06 -3.72994409616255e-07 -3.05616265729264e-04 1.91444773028466e-03 -2.37652902300106e-04 1.61038121392846e-05 -7.76843720415593e-06 -8.89642487457933e-08 1.01962884782777e-05 -1.43039385028175e-07 -2.54852814791184e-06 -9.41196795555482e-07 2.19886492202225e-06 -1.43797324409212e-06 -2.74337195183413e-06 1.18567884212885e-06 5.98801418795497e-05 -4.70936411411567e-05 1.22343882863383e-05 -5.95250258314186e-06 7.34340942948231e-06 -9.22439176936139e-06 -4.18797892084011e-05 1.95027993474093e-05 -2.25778238050548e-05 -2.08385490146112e-06 5.41662228125638e-06 -3.12054260208407e-06 3.45952290815342e-06 4.83819345307136e-06 -1.82931851619427e-04 1.06525021077615e-03 -3.00391706143352e-04 -5.29804320011008e-06 -2.28689511694077e-05 7.27833301118497e-06 -1.62561569966136e-05 -3.57373372003578e-05 2.01276708130134e-05 1.06036420334061e-06 -2.41433927037854e-06 -4.80687368460949e-06 1.84357549201124e-06 -6.51919618995493e-06 -8.33412410206362e-05 3.28176532327815e-04 -7.33924743367641e-05 1.65857479401536e-06 1.23899095386861e-05 1.71168609421596e-05 -7.62626935008782e-06 2.93551600260909e-05 3.23849951454871e-05 3.17882326314147e-06 1.05950064949631e-06 -2.69228871303021e-06 6.70965837135830e-06 -1.63321403615852e-06 6.09346756892705e-05 -2.80818106061900e-04 2.05310244004337e-04 6.79677068996305e-06 1.58428911154014e-06 2.88010615561126e-05 5.49618319095592e-07 1.38553999832646e-05 5.34025593663638e-05 -1.13471755275094e-06 3.11815620674796e-06 -2.65505509839477e-06 -6.79397637012179e-06 -1.38088498954729e-06
 2.07042512041094e-04 6.38598366925891e-06 -1.44679938706219e-04 5.67675994779456e-05 -5.80319334583235e-05 -3.45426530930603e-05 -2.35657736672685e-04 6.47197385451077e-04 4.21489197395074e-04 1.16658954853535e-03 -1.29673991467120e-04 -8.17390234317881e-05 -3.10179202857387e-04 2.42476090130241e-05 -4.48486150433494e-06 7.33567872758457e-05 -6.16564006620733e-06 1.61225488738912e-05 3.68758707505143e-05 1.35949116995700e-06 5.23694521205766e-05 4.58962047644702e-06 2.71104804129339e-05 -7.89428836316037e-07 -4.39914553439076e-06 3.62948429478428e-07 2.59523696241174e-05 1.50284158247671e-06 -3.34280326883496e-06 -2.68770996519099e-07 -1.09280099483047e-04 -1.74161009235803e-06 9.45512886985052e-04 6.30870917609326e-05 -2.08656471844484e-05 -1.52877120543727e-05 6.01049498083253e-05 4.16434801590867e-04 2.54654502753499e-04 -1.82495412807390e-03 -5.61742805376319e-05 -3.88023726618360e-05 1.58334219706939e-05 -3.29888080813270e-06 2.82898802396558e-07 4.60764339546210e-06 8.02385051454322e-07 -1.90558638777005e-06 -5.14346684455101e-06 -6.14266254334598e-06 1.19068443466832e-05 -7.21215441458916e-06 -1.88915810984487e-06 1.00179068682947e-07 1.78734807903245e-08 1.34844216349707e-06 -2.36493276521929e-07 2.25905061291077e-06 1.60942694274043e-07 6.08159246104463e-08 1.13463958662543e-04 -9.30550823256519e-04 9.73918788433790e-05 4.68651764105672e-06 -8.18402317997937e-06 6.64511628521945e-06 1.95524129919509e-05 -2.32375246062292e-05 1.48080400889203e-05 2.64158923252623e-06 5.21677351700537e-06 2.80057433767775e-06 1.49083362820364e-06 1.15228525742436e-06 9.31583566130278e-05 -8.54068102757046e-04 8.62761252596824e-05 -4.14884668257073e-06 8.32760823608622e-06 7.11419825211136e-06 -1.09407273394978e-05 3.07542041675933e-05 1.52566334884865e-05 2.71492221160000e-06 -1.22968600438505e-06 3.28451429925079e-06 5.52071851310210e-06 2.00987837207091e-06 -1.22307681882335e-04 3.00437730919452e-04 -5.97545681038472e-05 -2.03964749895609e-06 -8.45826402450419e-07 1.26785237157698e-05 2.89139381113293e-05 1.85042075239434e-05 2.84968983904800e-05 -6.33722497376433e-07 -3.12054260208407e-06 4.14980011034428e-06 -5.74422525018144e-06 -2.49727309835389e-07 9.20285568305657e-06 -7.70676379713672e-05 -7.00132448082887e-05 4.77581806980389e-06 1.18313886087488e-06 -2.55553588685071e-05 1.32610848099782e-05 8.71397235092476e-06 -5.01290780515372e-05 -1.53810906295021e-06 7.61453581273741e-06 2.86044965157921e-06 -1.36205164462573e-06 1.57355858780752e-06 1.25657067013472e-04 -6.88151836149295e-04 1.68446024452046e-04 -1.20461070624911e-05 -6.80230691809122e-06 -1.57488956884636e-05 -1.83410118164609e-05 -9.56932844253726e-06 -3.24461236953886e-05 -3.72440181349790e-06 -2.57791371157845e-06 4.10069803088747e-06 -4.81844879441834e-06 -2.18105396133544e-06 3.45560809629675e-06 -8.99552356237122e-05 -6.36509027931684e-05 3.98893039594484e-06 3.24719871898884e-06 -2.53856976072152e-05 1.78490500008941e-05 6.15658058967045e-06 -4.75121084639508e-05 9.35193378409196e-07 -4.60736497679689e-06 3.46747800329916e-06 5.99219705799950e-06 -2.28976028253447e-06
 3.33397382779783e-04 -1.49654303611893e-05 4.63330889132019e-04 -1.45483025270549e-04 2.79604253920661e-05 8.28596189558100e-05 3.69969812895379e-04 -3.44824592595204e-04 -9.92007599866679e-04 -1.82659720318051e-03 6.49622497645120e-05 1.89621835577387e-04 4.82067494950178e-04 -1.39906140739467e-05 1.18940460281249e-05 -1.16543265804769e-04 8.74192400978334e-06 -3.82352633820785e-05 -2.04994035275384e-05 -4.26259607494354e-06 -8.42051063685990e-05 -2.59740265886060e-06 -6.22432039413401e-05 5.70818900512302e-06 2.08716050971668e-06 -7.17950095177275e-07 -3.84973558969075e-05 6.80511452251515e-07 7.75611088077192e-06 4.49556877301781e-07 9.04651885107729e-05 -2.75920553415099e-06 -9.67926049279966e-04 -2.10422634869526e-04 -2.45498822817249e-05 2.70416167273240e-05 -1.02633996651369e-04 1.80212312969151e-04 -4.97453685810570e-04 2.92394491821208e-03 -3.39247360263040e-05 7.59901391913706e-05 -2.45205274740557e-05 -3.06418191480778e-06 4.74048813925774e-07 -8.42476298055479e-06 4.96299876805157e-06 3.48117621542565e-06 1.90849480374674e-06 1.50281612262336e-05 -1.61924352345321e-05 4.03954394645586e-06 3.09295307914257e-06 -1.71673045947768e-06 9.00986188903484e-07 -3.39058460101555e-06 -1.58332733708202e-06 -1.37801910198138e-06 -4.78487652732802e-07 -1.22092459716632e-07 -2.66514792546824e-04 1.90767463545738e-03 -2.23310847888371e-04 -2.34195981893870e-06 1.81218365127898e-05 -8.01795384950371e-06 -1.09051913563216e-05 2.98579471641687e-05 -2.15564304743291e-05 -1.40656215538886e-06 -8.07699343358507e-06 -3.88671917568045e-06 -3.76040777246888e-07 -1.79296958896300e-06 -2.66173939243903e-05 6.90543625227510e-04 -6.16767710050006e-05 3.05606140955601e-06 -1.05500730783458e-05 -1.44986602353379e-05 2.03651732322313e-05 -4.88750256010107e-05 -3.59840331443236e-05 -3.79850952847226e-06 2.97292137146467e-06 -6.07375265160302e-06 -9.52002228992687e-06 -3.27559086752772e-06 8.87704934584989e-05 3.36742303016266e-05 1.32689713681845e-05 -2.14370449933884e-07 -5.89337024404898e-06 -1.63870730184906e-05 -3.00402136698946e-05 -4.15969802100724e-05 -3.98276850541732e-05 2.41756508137441e-06 3.45952290815342e-06 -5.74422525018144e-06 9.56372154731688e-06 -1.69891628101161e-06 -4.72836812134881e-05 2.73335089228457e-04 6.90184090371691e-05 1.32223706938969e-06 -6.67829270067952e-06 3.94977967184885e-05 3.85978543981640e-06 -2.24200576056718e-05 7.91102621203333e-05 -8.39523554775994e-07 -1.10817119047407e-05 -5.19285543928019e-06 4.47155052530739e-07 -3.67782818106669e-06 -1.57740950847610e-04 6.90781287570827e-04 -1.46726166506937e-04 1.63413762224520e-05 3.02663838536991e-06 3.06754724451795e-05 2.70911890270188e-05 -4.01072067103148e-06 5.95339105530491e-05 3.06614035423303e-06 6.20389747037011e-06 -5.51854084275602e-06 8.92404787553105e-06 3.74501412248362e-06 -1.64464133719014e-04 1.03530679785663e-03 -2.12818780284358e-04 -2.21758164295317e-05 8.14743069257971e-06 2.77644578373708e-05 -4.72298383691359e-05 1.19389749269749e-05 5.67920465591848e-05 -6.58726553464806e-06 4.95939254771371e-06 -7.70929970456332e-06 -6.26317238279247e-06 4.65187316979097e-06
 -2.89610806120462e-04 -9.95576001597492e-06 2.19870405600982e-04 -5.05955071885357e-05 1.21596627149864e-04 -2.21333819478269e-04 4.19636337799095e-05 -1.52190270644070e-03 2.73250816353270e-03 -2.03302124450438e-04 2.69547206137657e-04 -4.92246201794220e-04 5.35039929109752e-05 -6.18757144760001e-05 -5.28998433943323e-05 -1.39174971793572e-05 3.21945818905690e-05 1.09970098886708e-04 -9.26904611610866e-05 1.75056118785644e-05 -1.38044879837982e-05 -9.63808208309915e-06 1.68752654730073e-04 3.92957671683574e-06 1.05583912381146e-05 -3.63780593791779e-06 -2.19973981640100e-06 2.32047002943920e-06 -2.05039703825779e-05 4.43932689521057e-07 8.13550147973573e-08 -2.58519739214675e-07 -1.45058190458668e-04 -1.68876597308316e-05 -4.86314669856907e-05 5.06861572206388e-05 -7.98440300094678e-06 2.72883199488133e-04 -8.46416088154867e-05 2.16048451952046e-04 -3.94280743836182e-05 5.45907095999773e-06 9.56262159132302e-06 -6.57129848577268e-06 -1.98043055131175e-05 -4.94948017141070e-08 1.39755368301484e-05 6.94045781995791e-06 -9.41583159098387e-07 -4.64880139139974e-05 1.02545047379697e-06 2.59942329432215e-05 1.89807510961819e-06 1.33484694046596e-07 3.60639715063488e-07 1.12686723178199e-05 8.37117232696011e-08 -6.38824792859462e-06 1.15633598022551e-07 1.81604729975911e-07 5.20250277069522e-04 -2.74846742135182e-03 3.37451325623856e-04 -1.09914695332762e-05 -1.90411202820312e-05 -1.24739083866126e-05 -4.59959822541874e-05 3.01544602499139e-05 -2.77788247644003e-05 -6.36642966067349e-06 -4.06460983687630e-06 -3.12745795039500e-06 -2.30814824197033e-06 9.57424009867025e-08 -5.56816591950616e-04 3.05317453839833e-03 -3.96962717678865e-04 2.67672118250357e-05 -2.13819037813164e-06 1.07145584526032e-05 3.67687579885146e-06 5.45761927112191e-05 1.73000575833788e-05 2.91552879760266e-06 8.92310013008539e-07 1.71060961697517e-06 3.18945750375484e-06 6.13617675690081e-06 -3.27193642263460e-05 2.11242072586309e-04 -3.58963982143595e-05 -1.38405411045380e-05 1.81018610625073e-05 -4.77180129184154e-07 -5.07637352130505e-05 8.10377823272672e-05 -2.52258149957226e-06 -6.51780970869436e-06 4.83819345307136e-06 -2.49727309835389e-07 -1.69891628101161e-06 1.15111374327377e-05 -4.59314895536256e-05 -2.76424901388838e-04 -6.41384268927958e-05 2.40222660456041e-06 4.45382888260028e-06 -6.37566256413077e-07 8.16935695379746e-08 3.63311129064420e-05 -1.09201142040323e-05 -3.10618634266475e-06 -5.95256251607203e-06 2.81778355419145e-06 1.58695516594034e-06 4.94214524746866e-06 2.04382442562161e-05 -1.58200151047594e-04 5.47962541008040e-05 -2.41136757024177e-06 -2.84991524685164e-06 5.19508063612015e-06 -1.03920941347137e-05 3.32532015869414e-06 7.53488294744112e-06 -3.40478380293191e-06 -1.69990897436298e-06 4.35949874273771e-07 3.20493257228782e-06 3.35287210351344e-06 2.17047277209809e-05 5.04770236506021e-04 2.06739496063618e-05 -6.86255820877747e-06 5.28321596995767e-06 3.93102191268593e-06 -3.75362925169675e-05 3.08502140071007e-05 1.61886105544462e-05 -4.45383980032671e-06 -4.21392087270801e-06 -4.03434067099239e-06 3.96495859000314e-06 4.52014317151587e-06
 -4.48344144970463e-03 -7.22470680126004e-04 2.08380894912365e-02 -6.34679080636250e-03 6.46627713888100e-05 2.85803969988735e-03 -4.99745423997064e-03 -1.31826000070233e-03 -1.71378931911134e-02 1.44124062354765e-02 8.17409350689894e-05 5.97000135302289e-03 -4.74439195076050e-03 -5.29451997225226e-05 -1.53717294014000e-03 2.67820363576637e-04 2.33841783815223e-05 -2.27196821697929e-04 -1.63360794729775e-04 -1.53629622679136e-04 -8.91185824212793e-04 6.19375676363147e-06 -4.79836471351118e-04 4.43461644600292e-04 9.35473791843026e-06 -5.30666244983948e-04 7.74681802445536e-04 2.12233539477444e-05 1.05844363769689e-04 1.66482703238258e-05 -1.53252246691993e-03 1.11505113151148e-03 -1.20952454989219e-01 2.87145442986240e-02 -1.15420149063086e-05 1.06434656975651e-02 4.32565964280422e-03 1.11582325425335e-04 -1.32793208359010e-01 -8.25939663251863e-02 9.96322881038408e-05 1.93506651324291e-02 2.58560160678369e-03 -6.94430414897331e-06 -1.61142530303361e-03 6.75688449285353e-04 1.14227564870073e-05 1.51968456368495e-03 1.33264609167202e-05 -2.61454910387537e-04 7.37009701619287e-04 6.23188831385337e-05 9.49878971488629e-04 4.13762872318306e-04 -6.65970965715849e-06 2.61135009886937e-05 5.30140142645750e-04 6.48517159979505e-07 -1.46315060351284e-04 -1.46306879482845e-05 -4.99524049656756e-03 1.52579428312003e-02 -4.54558549918870e-03 -1.05680039394692e-05 4.86237332379675e-04 4.34228056978606e-04 -4.13290995280607e-05 -7.73543145433786e-04 1.17586177028297e-03 -5.78175574433448e-06 1.72048751923571e-04 1.19902592746777e-04 -1.99228293850153e-06 -4.72536635870242e-05 -1.33742343340281e-03 9.22800719451939e-04 -2.03044361095832e-03 1.33884483705836e-05 -1.59881672689619e-04 9.32899300977976e-05 -8.70267637681213e-04 5.03008392518139e-05 -2.73916172720615e-05 -3.07218499986105e-06 -1.85358725925192e-04 1.24389014870085e-05 4.49896649721600e-05 -5.55875657628072e-05 -7.51565043145503e-04 -1.58621548678285e-03 -1.58035077668941e-03 -1.60163605239230e-05 -1.46138848630137e-04 8.34458710858998e-05 8.46865476267879e-04 9.93455963023503e-05 -3.21942205916053e-05 -6.21445771650313e-06 -1.82931851619427e-04 9.20285568305657e-06 -4.72836812134881e-05 -4.59314895536256e-05 3.33727107631642e-02 -1.99664633265320e-01 6.20591501482603e-02 1.03822523749579e-05 4.73397531147997e-03 1.40527925647788e-03 -7.96883504076228e-05 7.50536894628065e-03 9.85815934328667e-04 1.23835965051891e-05 -7.31205429408842e-04 7.71775537673371e-04 1.25135124205056e-05 1.30374795347807e-03 8.94576122183961e-03 -1.19119735161131e-02 7.38823856431575e-03 -2.11805899147477e-04 -1.50099832709718e-03 -8.71724815793911e-04 1.26368232100975e-03 -2.79150060292763e-03 -1.85478876457848e-03 -3.43353112806325e-04 -5.16413274333464e-05 1.78491002944163e-04 -3.57553301127835e-04 4.29744265245610e-04 8.76596008867108e-03 -1.15870722112534e-02 7.55906140281310e-03 2.19044737558502e-04 -1.51502605307962e-03 -8.63920116996851e-04 -1.25750681958867e-03 -2.79806983890217e-03 -1.84876226000536e-03 3.49128561960730e-04 -6.16473637791626e-05 1.94473132168093e-04 3.64137960889431e-04 4.15229822618027e-04
 1.64453658742461e-03 1.93587470885203e-03 -5.75190349642794e-02 1.72584751680495e-02 3.09559274827640e-04 -5.99089781917043e-03 2.75034039016962e-02 3.78570811006042e-05 -7.77466252511782e-02 -9.11676131256870e-02 1.15623234961942e-03 -8.45718442567678e-03 2.76882920445776e-02 -1.13215685348024e-05 1.63508962646246e-02 -3.15951802535805e-03 4.21511645424368e-05 -6.87043252392912e-03 4.95094320253739e-04 -1.19045802990065e-04 2.27265771195849e-03 -7.49374410332915e-05 -9.63658526246050e-03 -1.48238946464784e-03 6.22728397966371e-05 4.54934202082080e-03 -3.62819718401705e-03 -8.06867931469452e-05 7.43907849892757e-04 -1.42785393307192e-04 -7.46881384812576e-03 -4.95944458334187e-03 5.05566118969977e-01 -1.27779657058004e-01 1.42246648950836e-05 -8.84413594396892e-02 -1.98423431627249e-02 1.57112021055707e-04 1.05816458213990e+00 3.88249828989506e-01 -2.63320549589401e-04 -1.53733870977525e-01 -1.07242999427526e-02 1.54308983509280e-05 1.43361495178407e-02 -2.91622882274842e-03 -2.35879851314552e-05 -1.25919813592481e-02 -2.31632736991124e-04 5.56519474139399e-03 -3.10648276387855e-03 -9.89103739054997e-05 -7.53208131802348e-03 -1.79605697140976e-03 -3.26186870945715e-06 -1.09671608324566e-03 -2.29428819344355e-03 -4.03635724817878e-05 1.16857024996725e-03 8.21623812275542e-05 -1.52541270540468e-02 1.50565710532743e-01 -6.43271067134926e-03 9.00091572552332e-06 -9.11897240658247e-04 -1.89742148018677e-03 -7.27636160339721e-05 1.55697303091154e-03 -6.74885619232355e-03 -2.37450184246354e-05 -7.44743168834504e-04 -6.42087518735117e-04 -1.28354692897288e-06 3.41169086929158e-04 1.86840921550428e-02 -6.87616469822255e-02 1.55397953194787e-02 -4.24751356242579e-04 -1.31532569571234e-04 -5.47471092578235e-04 2.98973805096503e-03 -4.90437480403814e-03 3.38736784453296e-04 -4.00494001882906e-04 1.06710376739738e-03 -6.51106432835145e-05 -2.45242186442886e-04 -2.48562078721627e-04 1.75558680498141e-02 -6.80893196332720e-02 1.42271509498410e-02 4.90580663685099e-04 -1.38976911839439e-04 -5.19360941270623e-04 -3.02137164130145e-03 -4.95455910529111e-03 1.24610495945811e-04 4.59026471291657e-04 1.06525021077615e-03 -7.70676379713672e-05 2.73335089228457e-04 -2.76424901388838e-04 -1.99664633265320e-01 1.34192610022744e+00 -3.93615267933164e-01 -5.47942768854371e-05 -3.00124769506775e-02 -1.08985754637012e-02 4.84254545699000e-04 -5.31204684010001e-02 -9.18165722834528e-03 -1.13008296896296e-04 6.02806328797355e-03 -5.06492128359507e-03 -7.39251761315935e-05 -8.98403660442811e-03 -1.13907533290805e-02 -1.81493836691203e-01 3.19057191956540e-02 -5.31016348202446e-03 7.85666528157088e-03 6.73654108201923e-03 -1.90820454123094e-02 1.62324954336719e-02 1.14453184436766e-02 1.19397199089187e-03 7.89157723892896e-04 1.06787051659728e-05 3.08786084208020e-03 -4.55145293281705e-03 -1.09223467620439e-02 -1.80940803125407e-01 3.03472920383452e-02 5.25970541090412e-03 7.96454331430879e-03 6.69390480909318e-03 1.91112307941686e-02 1.61401000619998e-02 1.15618689142296e-02 -1.22507155428055e-03 8.39652526252449e-04 -8.62797014658687e-05 -3.08031159446356e-03 -4.48610185154033e-03
 -1.03696291379626e-03 -1.08914413857445e-03 3.20218374940687e-02 -1.00142353779624e-02 -2.27062960481436e-04 5.49925475341507e-03 -3.10667147046463e-03 2.16605170600974e-03 -2.62352357883136e-02 -1.22287817359274e-03 -6.09667013465765e-04 1.11375582641270e-02 -1.08538541348759e-03 9.91423572111761e-05 -3.70632437819533e-03 -1.07406746171329e-03 -6.33216894099336e-05 -2.11446462940581e-06 2.77441725466044e-07 -2.39435011248988e-04 -2.45893466989885e-03 2.61329772368613e-05 -3.25433885372167e-04 6.68163410126255e-04 -3.23836923768503e-05 -1.21998891743074e-03 6.37826238192838e-04 1.83683749982201e-05 1.55047486577211e-04 4.37834302717353e-05 1.44589388748567e-03 1.80054191848533e-03 -2.09336484616974e-01 4.39627459762810e-02 3.79627268550357e-05 2.42530034008449e-02 5.50700123901915e-03 -6.58893058416708e-04 -2.99291814151055e-01 -9.02204299571395e-02 1.09802333191725e-04 4.36225142323026e-02 3.55947830049703e-03 4.09800454855064e-06 -3.71854328781259e-03 9.45724991884587e-04 -1.41978345523826e-05 3.45155089145291e-03 1.04476414244527e-04 -7.69478637263869e-04 8.69287532619903e-04 -2.71334314423703e-05 2.12304823156254e-03 6.45127718167551e-04 5.10398880401043e-06 1.16593886825867e-04 8.34903526871347e-04 2.44381814033933e-05 -3.29584150404677e-04 -2.94914514622164e-05 -7.43827258438805e-03 2.62490108501637e-02 -7.23825559715103e-03 1.53615725824294e-05 8.98630454599614e-04 5.92044846037926e-04 7.23798671220553e-05 -5.10805414492272e-04 1.89846478913248e-03 1.44956276008658e-05 1.57815922291580e-04 1.56641705222767e-04 3.80517474649440e-06 -1.28345787196339e-04 -2.04322569336605e-03 8.99608993752460e-03 -3.36443971457588e-03 1.22763580452347e-05 -2.40795708155876e-04 -1.16796915330791e-04 -8.47436247412907e-04 -6.91136426258621e-05 -7.18565769378313e-04 -2.05866338080707e-06 -2.90116368548375e-04 -8.49199617231242e-05 -8.39543360523552e-05 -6.96853574683926e-05 -2.57038362400707e-03 1.28970788120395e-02 -3.65508398686597e-03 -5.15745927095696e-05 -2.67725153869021e-04 -1.00579949672636e-04 9.56922582505235e-04 -5.53385294563066e-05 -6.47404296703617e-04 -1.86781369593613e-05 -3.00391706143352e-04 -7.00132448082887e-05 6.90184090371691e-05 -6.41384268927958e-05 6.20591501482603e-02 -3.93615267933164e-01 1.21492255443508e-01 4.40056982627222e-06 9.04666095338400e-03 3.69738150767870e-03 -1.42630151294977e-04 1.49704404512924e-02 3.72914563251970e-03 4.45332770626111e-05 -1.80749378246068e-03 1.42780017831911e-03 2.36036268489283e-05 2.56523251712900e-03 7.30877668943126e-03 3.20989879874045e-02 -1.22186176469824e-03 9.57151510456723e-04 -2.54599664340299e-03 -1.39793169195294e-03 4.78441516421913e-03 -5.14930921388619e-03 -2.55560239983984e-03 -4.24209401216636e-04 -7.62677539356150e-05 5.71538638942840e-05 -7.01400135545324e-04 1.17852960092391e-03 7.39388499560214e-03 3.06021906759322e-02 -7.12111267221555e-04 -9.34420603692177e-04 -2.59333941106814e-03 -1.38420627619131e-03 -4.74828135843625e-03 -5.15303712125036e-03 -2.61935035667856e-03 4.47472126819884e-04 -8.74657839576535e-05 8.86498813608308e-05 6.91292986066481e-04 1.16064008863416e-03
 -3.62548010461827e-06 -1.27051732421465e-06 4.53914470675829e-05 1.20789867545125e-06 -1.26891636355760e-04 -4.21748914843189e-06 -2.63166174974386e-05 1.75470126995698e-04 2.51447286947501e-05 8.89591933574170e-05 -2.67764001641844e-04 6.62309629828099e-07 -2.14904710464357e-05 -3.17113613750228e-05 -3.46890115462925e-07 4.69028905697465e-06 1.56559236041887e-04 -3.45088106171116e-07 -3.45143864000562e-05 1.84439667380451e-06 -3.78252626364365e-06 7.75928615317083e-06 2.63170196661237e-06 1.97733589865435e-06 -1.57057479286355e-06 -1.73071542340370e-08 1.39010257207497e-06 5.00135538590631e-05 1.85596781415531e-07 1.02142228488735e-06 2.61332110974917e-06 -1.18091829038373e-06 5.63862638095656e-05 1.69874037000515e-05 -9.40950335864596e-04 1.51479816388832e-06 7.00180425215266e-06 1.14489158848745e-02 -1.66157070221758e-05 -1.75633568200301e-04 -1.67686063384423e-03 -3.66692343659237e-06 4.62426623544752e-06 -1.33467842794513e-04 -7.31792346306727e-07 3.29522725052584e-07 1.47338489752442e-04 6.38723358264397e-07 -8.00160911635380e-05 -7.05769598461806e-07 7.11360053266481e-06 4.79985647630449e-05 -1.42869369055951e-06 9.50425480548175e-07 1.24980699771242e-05 2.62679125572205e-07 7.37753450091614e-08 -7.11290704436138e-06 -3.50910448146170e-07 -6.14161510209670e-08 -3.74794740374263e-06 -3.89774865772628e-05 -2.95368691657300e-06 3.12538061146751e-06 2.19600610220831e-07 7.06794878930829e-07 -1.97796543295635e-06 -5.57563535247708e-06 4.30539280602729e-07 -1.08298715546990e-06 1.45589822418690e-07 3.33749717523688e-07 1.19279863133900e-05 3.28743640301191e-07 -2.69270554621204e-05 4.27846702421263e-04 -1.40107071765591e-05 -8.08038454577531e-06 6.80254569094742e-06 -1.19295713203245e-05 -9.30705271411404e-06 3.45823596820649e-06 -4.81807519748849e-05 2.13419418164942e-06 5.06982444467883e-06 -5.16108765603861e-06 2.25276062336798e-06 -2.45113940696390e-06 7.90606847668144e-06 -4.14504897516864e-04 -2.69394140815636e-06 -8.68147074984528e-06 -6.54715639706532e-06 1.37026408187702e-05 -7.38079849153669e-06 -9.39085037988007e-07 4.88805433647000e-05 2.70773189827239e-06 -5.29804320011008e-06 4.77581806980389e-06 1.32223706938969e-06 2.40222660456041e-06 1.03822523749579e-05 -5.47942768854371e-05 4.40056982627222e-06 1.18326754358005e-04 6.07476674779175e-07 -2.42441342232723e-06 2.98434964015298e-04 4.91802703755946e-06 -5.76640910279378e-06 -5.54987690428006e-05 2.01943090056770e-06 8.69915339444928e-07 -1.19862461602765e-05 1.12972096217277e-06 1.19264894228368e-03 -9.46888851749037e-03 2.68282234677883e-03 -1.35680325146261e-04 -1.46518840756407e-04 1.09569390933041e-04 -2.52222814110142e-04 -3.15717007855181e-04 1.30463806694483e-04 -6.82347015445065e-05 3.28697818985337e-05 3.13758328899351e-05 4.41950300855434e-05 -7.98531995591529e-06 -1.18697032785122e-03 9.41127792083813e-03 -2.67798889996429e-03 -1.34893616428282e-04 1.46681139775856e-04 -1.13861643544714e-04 -2.44143389972643e-04 3.16396804061924e-04 -1.42711133122101e-04 -6.71786552406818e-05 -3.36998450605558e-05 -2.97299337495639e-05 4.72645011763985e-05 6.12343374058502e-06
 1.03403409357603e-04 -9.52407266156848e-05 2.82053347920216e-03 -8.43389468544772e-04 -1.25381796907089e-05 1.49663168629689e-04 -5.88518453670386e-04 9.75325166318955e-05 1.14959362549423e-03 1.53743841853361e-03 -4.00036827823078e-05 2.47805030995085e-04 -5.30728059616093e-04 4.54659045836928e-06 -3.21681963614589e-04 1.12374504298659e-05 -3.78904413436642e-06 1.21261634182995e-04 -3.95763817512943e-06 -3.52666442520384e-07 -1.37243686769382e-04 1.27327442795919e-06 1.65668304350052e-04 6.08747845557631e-05 -1.82901449661109e-06 -9.09257974399142e-05 9.37069690688342e-05 1.52955107822300e-06 -1.20676427742364e-05 3.13740665075205e-06 4.26724989707887e-04 1.46723751031333e-04 -1.59219581557404e-02 3.70799479966578e-03 7.67937285897154e-06 1.77629823729867e-03 5.43014783434984e-04 -7.33105747519243e-05 -2.13504079877951e-02 -1.02057688005462e-02 2.25416563589090e-05 3.10468679355009e-03 3.32568728072948e-04 6.48043487467555e-07 -2.86027407571115e-04 8.61938138116265e-05 -1.28386651494357e-06 2.52974475730119e-04 4.81821413799892e-06 -1.06331942799457e-04 9.34430123635464e-05 1.89473723397358e-06 1.52893476657749e-04 5.34697418490889e-05 -5.01584546946019e-07 2.03818074973186e-05 6.87116986580621e-05 1.51617385778201e-06 -2.34541978125015e-05 -2.01913641512955e-06 3.15441405611812e-05 -1.69722376056425e-03 -1.47998695437688e-04 5.80326143133766e-07 4.20540245486096e-05 4.43678946520909e-05 3.93879580192583e-06 -5.58379580235075e-05 1.37209532622605e-04 8.73786350212271e-07 1.70787795303569e-05 1.31073222417379e-05 7.64424898658473e-08 -7.61189587416228e-06 -5.01091904938652e-04 1.96044898242901e-03 -4.94547630000564e-04 2.28662844920103e-05 -8.16978903236217e-06 1.40382929967029e-05 -7.79858178187785e-05 9.70930117176687e-05 -9.79599644007706e-06 6.62218513659704e-06 -2.27925897803334e-05 8.83207787634614e-07 6.08564119478259e-06 4.26943477455409e-06 -5.15585351978608e-04 2.13622224594274e-03 -4.93662549600076e-04 -2.51559132544001e-05 -9.37140515784508e-06 1.41157406064668e-05 8.28597922312782e-05 9.81705321557751e-05 -4.98405137559162e-06 -7.84499271030700e-06 -2.28689511694077e-05 1.18313886087488e-06 -6.67829270067952e-06 4.45382888260028e-06 4.73397531147997e-03 -3.00124769506775e-02 9.04666095338400e-03 6.07476674779175e-07 6.95609318591287e-04 2.29322144775968e-04 -1.28733269467835e-05 1.17009854826914e-03 1.75384095975937e-04 2.92233746577366e-06 -1.25950651021292e-04 1.15870001191938e-04 1.67409726862030e-06 2.00237842627612e-04 9.22054610662153e-04 7.39332594666277e-04 4.31177347012335e-04 2.94140401955121e-05 -2.03001655528417e-04 -1.27765886650375e-04 2.96818560695413e-04 -3.78736032781544e-04 -2.45725174387929e-04 -4.02395134492315e-05 -1.28301939762463e-05 1.36953381429146e-05 -5.80640138579480e-05 8.17896390323949e-05 9.14091562044950e-04 5.98345741601372e-04 4.87195593537897e-04 -2.61421410623557e-05 -2.07376946018549e-04 -1.25815441630977e-04 -2.90243415569451e-04 -3.84125321565544e-04 -2.47124339020405e-04 4.25556114356023e-05 -1.36408565786872e-05 1.66911375780122e-05 5.73876032238365e-05 7.99091538670656e-05
 2.08909736676902e-04 9.35907449794857e-05 -2.66643466003625e-03 5.60312706526240e-04 1.13309002237506e-05 2.46952973024245e-04 1.49011471726175e-03 -2.94839488227438e-06 -1.28056403290611e-03 -7.63881487256886e-03 1.53771868701245e-05 4.87878543855408e-04 2.06741596385550e-03 3.10178408531157e-06 -1.51865475251691e-04 -4.65294071786859e-04 -3.05939385074944e-06 -6.12427685367753e-06 6.07113552341952e-06 -5.27590649097792e-06 -3.13372639224747e-04 -5.29468533955713e-06 -3.16255797352115e-05 -5.28334825037625e-05 -4.32219568569867e-06 -5.13004633192389e-05 -2.09098426855905e-04 -3.25962055085104e-06 9.50825095146598e-06 3.30484529715608e-06 1.07904627003122e-04 4.61848603420738e-05 -9.46535002644495e-03 3.93256028137755e-04 -2.07739389390082e-05 1.01728295527756e-03 -3.68401002644032e-04 -5.55619392984203e-05 -1.24642018749638e-02 1.27764287451481e-02 -3.93606661231352e-05 1.82710534584953e-03 -2.16104267307409e-04 -5.34765190603113e-07 -1.53019789445424e-04 -3.30237566307323e-05 9.82038260295992e-07 1.42704020804655e-04 2.11252572024146e-05 -2.58396892283984e-05 -1.21684970197740e-04 -1.52023515042816e-05 8.69656405819914e-05 8.59661343026772e-06 3.93167177550858e-06 5.71332588152888e-06 1.31052281941508e-05 1.59225567901387e-06 -1.30744669504784e-05 -1.42601759075688e-06 -5.00526446146017e-05 2.23794625214205e-03 -1.14413266668250e-05 4.01751855073692e-07 1.34669963877848e-05 -5.08193593404645e-05 1.69026846521037e-06 2.06464959055548e-04 -4.17774124623363e-05 1.14236673551111e-06 -3.45169047997259e-05 -1.62451931218384e-05 2.18549005917524e-07 -1.09174691745816e-05 2.27763064533811e-04 1.30089893100676e-03 1.97360308554551e-04 -2.12235340509633e-05 4.29279516787601e-07 -8.19919730014181e-05 1.58516071837204e-04 -1.24833461136643e-04 -1.55529332120843e-04 -6.51941579815345e-06 8.41896897373644e-06 -2.95648957782330e-05 -4.13197347059483e-05 -1.96899061919865e-06 2.10317284632142e-04 1.28985540522483e-03 1.83575807983171e-04 2.18406965530306e-05 2.24809460043435e-06 -8.12695337369559e-05 -1.50410249536107e-04 -1.20383703939303e-04 -1.52744024998852e-04 2.63169097612294e-06 7.27833301118497e-06 -2.55553588685071e-05 3.94977967184885e-05 -6.37566256413077e-07 1.40527925647788e-03 -1.08985754637012e-02 3.69738150767870e-03 -2.42441342232723e-06 2.29322144775968e-04 3.11420131274137e-04 -1.48565447190906e-06 4.19663314468348e-04 5.16327878118567e-04 3.66255843510095e-06 -1.20344502371067e-04 1.81283481046467e-05 1.93698072417477e-06 6.44299644294023e-05 -9.02569086890867e-04 6.81408614996274e-03 -1.43313635233991e-03 1.65934048179731e-04 -3.26293092881052e-05 1.01234472656784e-04 3.69479400463059e-04 -1.21928680779495e-04 2.50001262747972e-04 1.78187670890316e-05 1.83505578161475e-05 -4.03980135177935e-05 1.08071242616108e-05 6.94684758035108e-05 -7.86244683253559e-04 6.71345328769657e-03 -1.39114263947712e-03 -1.69586103648256e-04 -3.35457000018233e-05 1.00810091063110e-04 -3.97709137177472e-04 -1.02007376597312e-04 2.36870200025307e-04 -1.93746106468568e-05 1.78611368546258e-05 -4.25258520095286e-05 -1.05026178868722e-05 7.18100701366352e-05
 -7.18722195011242e-06 1.06487949241660e-05 -2.77538478530958e-04 9.01205100882722e-05 -5.69376411726875e-04 7.51030374398208e-06 5.66940404487170e-06 3.53878840486820e-03 -1.24558751814345e-04 -1.14582755626288e-04 -1.23443458091079e-03 2.31109807160675e-05 3.66860702883017e-05 4.47778479277729e-05 6.62518633534232e-06 -5.61907346484852e-06 3.35310415601577e-04 -8.65219667099601e-06 1.03505632739522e-04 2.07362525251177e-06 -1.52128002125564e-05 3.68569380122652e-05 -4.83513731843449e-06 -2.64711721249326e-06 -2.67539778650197e-05 7.26212896944275e-07 -9.73117445940660e-06 1.22231340190784e-04 1.91497420605290e-06 2.47307922067980e-06 5.35766823948273e-07 -3.89812295617476e-06 1.38735074880530e-04 -1.99743853047853e-05 -2.31647858849015e-03 -2.44471825703188e-05 -1.23744506700299e-05 2.87949866453457e-02 2.81301074547277e-04 4.19771167494555e-04 -4.22046945001836e-03 -5.11575938252078e-05 -2.16587955299450e-05 -3.28810167477324e-04 3.62712073350537e-06 -3.62921729338014e-06 3.49354712721076e-04 -2.49910243621277e-06 -2.01222167988826e-04 3.70455106206128e-06 8.96661116752998e-06 6.87798627757483e-05 -7.10633529745090e-06 1.48798519765553e-06 3.16061728226211e-05 -2.18396008445302e-07 -1.08768612547780e-06 -4.98990043421693e-06 -6.99186011922338e-07 -3.40235794215945e-07 -9.33639093235166e-06 6.84027592428576e-05 4.11763016157871e-06 3.03818104182027e-05 -1.60693976783332e-06 -2.03953730094512e-06 8.95259881227970e-05 -1.76276354215766e-06 -2.54888854608627e-06 1.06919132537231e-05 -1.13104698474504e-06 -1.94963337101534e-07 3.52008891013059e-05 2.48170397658260e-07 5.14921022423021e-04 -1.94755250074097e-03 3.84782584713004e-04 -3.73070926846630e-05 3.87594967125726e-05 -4.61497873384719e-05 3.17667232150743e-05 2.48095622375712e-05 -1.49465647204164e-04 8.32745551254418e-06 1.78324780848314e-05 -1.66010854524445e-05 2.53666555841298e-06 -1.06837923759981e-06 -4.63855185003411e-04 1.65935008935862e-03 -3.16217797913852e-04 -3.12302784082872e-05 -3.58691329308435e-05 4.15783776574571e-05 2.07902200300270e-05 -4.08195689967714e-05 1.41507040396400e-04 1.08171726635919e-05 -1.62561569966136e-05 1.32610848099782e-05 3.85978543981640e-06 8.16935695379746e-08 -7.96883504076228e-05 4.84254545699000e-04 -1.42630151294977e-04 2.98434964015298e-04 -1.28733269467835e-05 -1.48565447190906e-06 7.64527324000006e-04 -1.24248371172276e-05 1.74692977453309e-06 -1.35768905316540e-04 4.98168481338831e-06 -1.14705212740973e-06 -3.38635437773295e-05 -1.88312576423492e-06 3.01003402090731e-03 -2.34632691416390e-02 6.80290248908128e-03 -3.35499867003086e-04 -3.62227510201759e-04 2.89455789882908e-04 -5.99525737292639e-04 -7.75141438875915e-04 3.64587000279046e-04 -1.65202946729883e-04 8.32910958693191e-05 7.40625181308359e-05 1.09178778286390e-04 -2.01657020604761e-05 -3.08554845514800e-03 2.35902528868450e-02 -6.86437064180974e-03 -3.39560603391431e-04 3.73099469304605e-04 -2.80989748038873e-04 -5.80621494763634e-04 7.91028753019794e-04 -3.54641361633938e-04 -1.66272629663299e-04 -8.23977971807726e-05 -7.38604644181846e-05 1.11014943449808e-04 1.40785773286538e-05
 7.90283282948777e-04 5.12114297660505e-05 -1.27404918245476e-03 2.98327753977526e-04 -1.73582439368377e-05 -4.23593198185715e-04 -1.25103678202054e-03 7.27435402860133e-05 1.14595249630890e-02 4.52543221090241e-03 -7.33836500783696e-05 -1.18203335890925e-03 -1.27953324587271e-03 3.05991443868149e-06 -8.11932633679148e-04 2.13559047915669e-04 -4.32271669293975e-07 6.11535917250928e-04 -1.08943825251372e-05 5.37423930977005e-05 1.63175325112151e-05 2.38932715384875e-07 9.07546252396052e-04 9.25055709960308e-07 -5.17281621481971e-06 -1.93177609654819e-04 1.20687431134853e-04 2.40511403215451e-06 -9.25897385091091e-05 6.14762860428943e-06 1.73387781134786e-03 1.96844849696157e-04 -1.80941282338133e-02 4.95861445028693e-03 -2.35296236170707e-05 3.66351263129850e-03 7.46563233386557e-04 2.43915621246232e-04 -4.22207701911848e-02 -1.44812638207582e-02 -3.14179888198976e-05 6.11802453033341e-03 2.94423192157411e-04 -3.30110198310091e-06 -6.29476887913706e-04 1.00204682295459e-04 3.70400465663856e-06 5.20952103445917e-04 9.46117480664161e-06 -3.61597857590882e-04 7.99871135010055e-05 1.34301104783597e-06 3.02690399808342e-04 6.68060988663099e-05 6.39837194175453e-07 7.81046961201166e-05 8.49534701495894e-05 2.05605482695697e-06 -4.61971947794613e-05 -2.87306595402979e-06 2.63288014029068e-03 -1.68931484176078e-02 1.80937789897405e-03 9.34732637395302e-08 -7.24149762106801e-05 3.29783380106481e-05 8.09109272611675e-06 3.27993416475186e-05 2.17524178883216e-04 2.00047232999988e-06 2.26932715764986e-05 1.89745462694013e-05 4.55739330329431e-07 -1.11573219835077e-05 -1.22674404447646e-03 5.18495514807094e-03 -7.53487660267450e-04 3.60042911798952e-05 5.50861528164497e-05 3.35178225557953e-05 -3.94023417997266e-05 4.07597395349222e-04 3.73002193465401e-05 3.31467444296536e-05 -3.60385270691810e-05 7.71080623394311e-06 2.16792548707256e-05 3.60280276921278e-05 -1.20770813228997e-03 5.26793092189969e-03 -7.03806060365236e-04 -3.86498196618364e-05 5.49829068803488e-05 3.22493148413420e-05 4.19722131259278e-05 4.04922149039681e-04 5.25856114422541e-05 -3.53295232372762e-05 -3.57373372003578e-05 8.71397235092476e-06 -2.24200576056718e-05 3.63311129064420e-05 7.50536894628065e-03 -5.31204684010001e-02 1.49704404512924e-02 4.91802703755946e-06 1.17009854826914e-03 4.19663314468348e-04 -1.24248371172276e-05 2.20013417226890e-03 3.32922660593217e-04 3.30790728881676e-06 -2.53032830269080e-04 2.04540157749341e-04 2.56112538790901e-06 3.64522294783273e-04 2.74663243323869e-04 8.46711309223498e-03 -1.54899352700782e-03 2.43997932423040e-04 -2.93746787455678e-04 -2.61515818281446e-04 8.06254010605803e-04 -5.91771399117714e-04 -4.09663064374051e-04 -4.17580042704485e-05 -4.16154938131855e-05 -1.03626252024405e-05 -1.26295741209365e-04 1.95462453358078e-04 2.10729121202084e-04 8.84866038620994e-03 -1.59161033988140e-03 -2.47936612925744e-04 -2.91456628399286e-04 -2.65035210556995e-04 -8.23813370613646e-04 -5.71274440798012e-04 -4.23132383014196e-04 3.96336464156348e-05 -4.53129595886104e-05 -8.07192237423706e-06 1.28027632105432e-04 1.93567370992437e-04
 1.28185673567072e-03 3.18594736430404e-04 -8.93222686262751e-03 2.09600914298229e-03 1.46366946922307e-05 5.86926920499015e-04 2.99125899869304e-03 1.40080153887747e-04 -5.11813187757350e-03 -1.49503451886386e-02 1.24052156822931e-05 1.22527322204146e-03 4.12564128316894e-03 1.20067280318918e-05 -1.13649515639279e-04 -8.65680339726328e-04 -8.86451937069410e-06 -1.50514414844985e-04 2.53415813108294e-05 -2.44069595961370e-05 -5.07317329754537e-04 -9.98594454231436e-06 -2.64193631737255e-04 -1.69695686562160e-04 -9.08796244575717e-06 -5.70039348303442e-05 -4.59603861978006e-04 -7.40723021568496e-06 3.96102459852578e-05 4.57281768174737e-06 7.95626958199435e-04 6.13985680520807e-05 -1.42460535823249e-02 -5.91100435032019e-05 -3.55667536058302e-05 1.16108042698555e-03 -8.85230408676021e-04 -1.51039733979946e-04 -1.48383905818884e-02 2.85872916552580e-02 -7.84014819154764e-05 2.19092941852581e-03 -6.17489274036209e-04 -1.35720470079427e-07 -1.56915426281298e-04 -9.64218651090706e-05 2.18687979986582e-07 1.61421627350562e-04 4.01217677007815e-05 3.15864109788104e-05 -3.02679729161080e-04 -3.43489875260180e-05 1.01812403187080e-04 2.58040922761732e-06 7.64033250967537e-06 -6.48266343116539e-06 7.58845976880127e-06 3.42002402711616e-06 -1.49491683959227e-05 -2.18200370166912e-06 -3.07290459614914e-04 6.02672626981312e-03 4.31361222671263e-05 1.79147704223301e-06 -3.28986101698268e-06 -1.13884175607772e-04 7.70182190966186e-06 4.03907366869076e-04 -1.03636573540294e-04 2.51540567436514e-06 -6.88111744819363e-05 -3.43641025413542e-05 7.60396335309830e-07 -1.67673391790435e-05 1.13236517485188e-03 -9.80824783859084e-04 1.05156416778599e-03 -9.03162831153187e-05 1.24284074365654e-05 -1.75650715923451e-04 3.26441784460257e-04 -3.36923761044401e-04 -2.88857296237599e-04 -1.79254186263771e-05 2.30806681763023e-05 -5.80432412207677e-05 -8.27932218282346e-05 -1.28920308903536e-05 1.03697145784988e-03 -7.21466479587652e-04 9.80924969113030e-04 9.07580710766311e-05 1.38094164779178e-05 -1.72758300210769e-04 -3.04869357270529e-04 -3.31942030311826e-04 -2.83693267737203e-04 1.15376799923593e-05 2.01276708130134e-05 -5.01290780515372e-05 7.91102621203333e-05 -1.09201142040323e-05 9.85815934328667e-04 -9.18165722834528e-03 3.72914563251970e-03 -5.76640910279378e-06 1.75384095975937e-04 5.16327878118567e-04 1.74692977453309e-06 3.32922660593217e-04 9.52747274302056e-04 6.45442483529994e-06 -1.78118888537687e-04 -1.31384532827294e-05 3.01957203669451e-06 4.15694951200381e-05 -1.89668118626985e-03 1.15442158389645e-02 -2.57181519752613e-03 2.76683651425961e-04 6.76858834385621e-06 2.59369776863549e-04 5.31918624613290e-04 -1.11441068708397e-04 6.02187464126089e-04 4.57588319545261e-05 4.54431088903413e-05 -7.90899953169580e-05 4.94728895554239e-05 9.26071681446526e-05 -1.65377738503512e-03 1.12587669897417e-02 -2.48787298930350e-03 -2.83227747707339e-04 4.66930325162751e-06 2.58641777846550e-04 -5.82925314053042e-04 -7.46039177084026e-05 5.75939873573439e-04 -4.83073218067776e-05 4.51547157720570e-05 -8.36587952175462e-05 -4.96339880205039e-05 9.75581763338980e-05
 3.40808306391870e-06 -1.15713569809348e-07 2.03064220806459e-07 -1.19522758007598e-05 -3.57133686023647e-05 4.25087701417878e-06 2.23459172091984e-05 1.09758754500724e-03 8.73037227531786e-06 -9.92731757718456e-05 -8.78131507934455e-05 -3.37098088967724e-06 2.20965662193921e-05 6.24027443386403e-05 -2.27140974454692e-06 -6.38458459683373e-06 -9.61750026318216e-05 1.77408560921745e-06 8.85831965938377e-05 -1.38529594062168e-06 -1.84132957724018e-06 3.01569179879543e-06 1.21918196050251e-06 -6.93848585243899e-07 -7.92250938485754e-06 -8.73353997549453e-07 -1.73670644792709e-06 -2.49059051565699e-05 -2.80803585465624e-07 -4.78732961004535e-07 -6.67467692999419e-06 1.10370708675035e-06 -1.22223902282720e-04 4.57279119746616e-07 4.63551738710289e-04 1.08124542071349e-05 -4.51482180415294e-06 -5.40463080153977e-03 -1.22659016199867e-04 1.46041084896728e-04 7.91182329735059e-04 2.23706086065171e-05 -5.14428023368348e-06 6.56313418432996e-05 -1.51766283280345e-06 -2.34920964849507e-07 -7.76475849128743e-05 1.31904276157104e-06 3.76436937230346e-05 -1.70888460616757e-07 -3.10158280437674e-06 -4.22295708167738e-05 1.16720099624825e-06 -2.75573745861102e-07 -5.87277909392746e-06 8.60891533447324e-08 1.29383455589304e-07 8.27230708193182e-06 -5.49016541082222e-08 -5.42803302781563e-08 5.69070518925657e-06 2.03149640702519e-05 1.63828330001966e-07 7.10510572634005e-06 2.94365731661427e-07 -6.54085714657435e-07 3.69292931297381e-05 4.97464793970779e-06 -1.87104075784964e-07 5.62558208531682e-06 -2.43602457025073e-07 -2.76390399053219e-07 -3.65619322923650e-06 -4.43613329737613e-07 2.08607809217917e-04 -1.24548884154574e-03 1.40781088351329e-04 -7.05548284077288e-07 4.53699381848875e-06 7.76854659769286e-07 2.30498000098335e-05 8.86917404553546e-06 1.26802548075806e-05 3.58533885055279e-07 -8.03663190897290e-07 1.33100511987151e-06 -1.82269076349199e-06 3.40558207736105e-06 -2.13639312402838e-04 1.33393336695929e-03 -1.42084356468774e-04 -1.45854601356599e-06 -4.81356069283713e-06 -2.48206879055625e-06 2.07357637028552e-05 -9.84076932357671e-06 -1.52359739952281e-05 1.28032594177818e-08 1.06036420334061e-06 -1.53810906295021e-06 -8.39523554775994e-07 -3.10618634266475e-06 1.23835965051891e-05 -1.13008296896296e-04 4.45332770626111e-05 -5.54987690428006e-05 2.92233746577366e-06 3.66255843510095e-06 -1.35768905316540e-04 3.30790728881676e-06 6.45442483529994e-06 2.76639680516828e-05 -2.07870900030540e-06 5.51839237618087e-08 4.24959634828204e-06 3.67528455799064e-07 -5.43908756642433e-04 4.60210280827779e-03 -1.23844496611930e-03 6.63371564607382e-05 6.90112817272299e-05 -4.97532208881495e-05 1.36031146818378e-04 1.52238118093920e-04 -5.44630133510080e-05 3.40310978988339e-05 -1.57900052686113e-05 -1.62375406610055e-05 -2.28030198019780e-05 4.71374369917877e-06 5.35801266699497e-04 -4.47505334405091e-03 1.22212828003653e-03 6.35432461002754e-05 -7.02369548531591e-05 5.25092974599443e-05 1.24631934025198e-04 -1.55446696398139e-04 6.23724971685404e-05 3.34007236265493e-05 1.62919121660665e-05 1.48644243804450e-05 -2.41281337237525e-05 -2.46275558875097e-06
 -1.91450597269694e-04 -1.87894566611913e-05 5.27322994688252e-04 -1.00298929850739e-04 -4.32639885026702e-06 4.84248956932104e-05 -4.59909064633967e-04 -1.10282077840987e-06 -1.51243404095771e-03 2.39744265989824e-03 -4.52341122399240e-06 1.44885348463206e-04 -6.41855852619181e-04 -1.62184602734898e-06 1.17224381830170e-04 1.50286211811776e-04 3.12346617395853e-06 -8.35955240439448e-05 -2.44263671633193e-06 -9.38266042073463e-06 1.09023576870901e-04 2.14323985234586e-06 -1.19434371543193e-04 1.03379309224724e-05 1.85551222863826e-06 2.86237519684353e-05 6.18035048096440e-05 1.79359001918373e-06 1.17141420961103e-05 -1.57011115982610e-06 -7.49287551990527e-04 -1.89651822296694e-05 3.27156221712266e-03 -1.85365494209695e-04 -3.84035990359165e-06 -5.44807736553255e-04 1.05008857493002e-04 1.51218216258295e-04 6.26920532865353e-03 -3.73791520904069e-03 -7.15623341052113e-06 -9.12868699325078e-04 5.20119043303649e-05 -1.37577794444956e-06 9.19352575689408e-05 7.97447086643112e-06 1.35951252823502e-06 -7.66736865584656e-05 -8.50236626464868e-06 4.94329260122575e-05 3.29948548984833e-05 5.63576486143633e-06 -4.43889556202509e-05 -3.64264284652497e-06 -1.22097116693006e-06 -1.13994754585943e-05 -5.41685154905684e-06 -7.28662718837917e-07 6.66719973124409e-06 5.13497819704256e-07 -3.49115660079867e-04 1.34119441784742e-03 -2.22460025715528e-04 -1.19455534039518e-07 5.46113712427698e-06 2.02615558694418e-05 -1.19045431868574e-06 -8.35296689941411e-05 1.86721157138171e-05 -6.12662858284114e-07 1.26203065151433e-05 5.90854680109461e-06 8.97085823369499e-08 4.22820405830699e-06 1.60415825115167e-04 -1.63224907081586e-03 1.12167641313793e-04 -7.90133750322216e-06 -5.14531566103686e-06 2.15123243426461e-05 -6.19323370595021e-05 -1.40773419038061e-05 4.76155452331742e-05 -1.79644323193160e-06 -2.49480693263496e-06 8.88112423391524e-06 1.16783256982762e-05 -5.66717313763102e-06 1.65551656353207e-04 -1.64396829759236e-03 1.13657924813371e-04 7.46803745433337e-06 -6.04879170293723e-06 2.18442394953006e-05 5.94733383955674e-05 -1.51682913508981e-05 4.66987284195174e-05 3.33936152726104e-06 -2.41433927037854e-06 7.61453581273741e-06 -1.10817119047407e-05 -5.95256251607203e-06 -7.31205429408842e-04 6.02806328797355e-03 -1.80749378246068e-03 2.01943090056770e-06 -1.25950651021292e-04 -1.20344502371067e-04 4.98168481338831e-06 -2.53032830269080e-04 -1.78118888537687e-04 -2.07870900030540e-06 5.45009801916009e-05 -1.63919803876779e-05 -8.89143498279948e-07 -4.00371942974443e-05 3.72169691824539e-04 -3.24416499085787e-03 6.97704568610492e-04 -7.90691667286958e-05 1.76730192503314e-05 -1.79819316413619e-05 -1.84148971804499e-04 5.04495416162296e-05 -6.25896174537469e-05 -6.58957953116711e-06 -1.60088558758415e-06 1.63914407573790e-05 4.27472042277064e-06 -3.56930131949864e-05 3.07381134429395e-04 -2.99110275070794e-03 6.17385470298090e-04 7.70150391678063e-05 2.15164644147049e-05 -2.04745994951978e-05 1.88497736059480e-04 5.09611955932169e-05 -6.11398451830658e-05 5.53865801336004e-06 -2.12505003625605e-06 1.62550244449780e-05 -3.29977770384825e-06 -3.62870762741000e-05
 9.06009776436219e-05 -3.33240343786528e-05 9.74409940363275e-04 -2.54046882635326e-04 -6.02711461969993e-06 -3.57371965212771e-05 -2.45525678516950e-04 4.00085880896642e-05 9.41350489121316e-04 1.01343160121206e-03 -1.43841095103873e-05 -9.53483409571780e-05 -2.96947961000917e-04 1.25694539283308e-06 -6.69399714338653e-05 4.61637259663490e-05 -2.12400442610400e-07 5.00825452217027e-05 -3.19381465632890e-07 4.03752723807245e-06 3.97927164984877e-06 9.04900851666545e-07 7.46792605307220e-05 1.97805202773596e-05 -1.96207232601326e-07 -1.58792401530322e-05 3.89235441532021e-05 7.35989673619859e-07 -7.77240743868814e-06 4.32189579325491e-07 2.31304131269261e-04 1.86942739115669e-05 -1.57350038401703e-03 5.44102636080082e-04 -1.74420972703564e-07 3.02494062387941e-04 1.26969341441836e-04 3.88219972158973e-05 -3.49956703043123e-03 -3.04528742819881e-03 9.06346520531129e-07 5.06219090221982e-04 8.46782726961530e-05 -3.25556696769195e-07 -5.21627649230844e-05 1.79929874563096e-05 1.64367551747848e-07 4.32134612706642e-05 -1.26974628607907e-06 -3.01684568120086e-05 3.09512913564340e-05 1.56512485705609e-06 2.52169127098941e-05 7.65651655732569e-06 -3.46573773097590e-07 6.25587058051107e-06 9.66174575950775e-06 1.91148304797810e-07 -3.92816832880767e-06 -2.22961222749407e-07 1.19103027155140e-04 -1.13226423183608e-03 3.61472768173148e-05 2.36038995882224e-07 4.38111633793283e-06 1.20234562854533e-05 1.32327119744889e-06 -2.40531567805085e-05 2.65460827159669e-05 2.05425119331338e-07 5.63977267611341e-06 3.74694792718056e-06 6.36809438468718e-08 -6.16061551467273e-07 -1.92070296577732e-04 6.53604963412589e-04 -1.72229870606305e-04 1.15546543289136e-05 -2.66580129384076e-07 1.19312812793091e-05 -2.55013041295573e-05 4.69655741578360e-05 1.18099872613603e-05 3.10718875916111e-06 -4.86089630291133e-06 3.09391155459313e-06 5.26292898593700e-06 2.98539037865154e-06 -1.98963074868199e-04 7.21678165733956e-04 -1.74465285837752e-04 -1.22500940734487e-05 -9.20342952725588e-07 1.20481815870925e-05 2.58475801705582e-05 4.61672002891813e-05 1.34927125118827e-05 -2.96400191846581e-06 -4.80687368460949e-06 2.86044965157921e-06 -5.19285543928019e-06 2.81778355419145e-06 7.71775537673371e-04 -5.06492128359507e-03 1.42780017831911e-03 8.69915339444928e-07 1.15870001191938e-04 1.81283481046467e-05 -1.14705212740973e-06 2.04540157749341e-04 -1.31384532827294e-05 5.51839237618087e-08 -1.63919803876779e-05 2.19924537501834e-05 6.87113330341193e-08 3.54694370383316e-05 1.77724405061777e-04 2.69353268607369e-05 6.45573221194700e-05 3.88423479434544e-06 -3.39659853504720e-05 -3.84115717884408e-05 4.80986576346824e-05 -5.95044376509644e-05 -7.44551419788591e-05 -7.90081405937548e-06 -5.55279404160926e-06 4.37961472192575e-06 -1.44661656210871e-05 1.36205883513945e-05 1.54690109308168e-04 8.51869041123590e-05 4.88055262944687e-05 -3.99800197012574e-06 -3.35113568723581e-05 -3.89687283424560e-05 -4.60641965891914e-05 -5.97862026564158e-05 -7.48221762591216e-05 7.94155469863704e-06 -5.91175758326871e-06 4.92763861723357e-06 1.45823536538826e-05 1.31347196074488e-05
 2.82781378414746e-06 5.19704129594566e-07 -1.65297271905650e-05 5.85418046324671e-06 9.51255794427955e-05 -1.45182743713976e-06 1.02496276605630e-05 -1.03586129234169e-03 3.50462288997439e-06 -4.84447320197614e-05 2.11336552692811e-04 1.93595079227739e-06 1.49977677049150e-05 -3.77676215900871e-05 -8.19296768228119e-07 -2.83911487659797e-06 3.75479423700029e-06 2.37292353362178e-07 -5.89151815838562e-05 4.26380501714872e-07 -1.42670121442847e-06 -6.60202524981279e-06 -2.42891790772375e-07 -3.26744613104668e-07 7.57666075924681e-06 -1.90387866407923e-08 -1.10044922695338e-06 -3.84314919779181e-06 -3.90171157226541e-08 -5.26986389566877e-08 1.01382168123719e-06 6.50840031637836e-07 -9.60549378861463e-05 8.28670622574288e-06 7.57466655055636e-05 5.02902304514666e-06 -1.81587594988631e-06 -1.12830100708475e-03 -6.33304198665590e-05 6.88616130975620e-05 1.65187441647668e-04 8.48745573098520e-06 1.71723923232739e-06 1.08738367780825e-05 -7.87719958396266e-07 5.20163447896438e-08 -7.51864650371982e-06 6.65034886129472e-07 8.23317116699544e-06 -5.85222966364395e-07 -1.66386802219691e-06 1.20151592920256e-05 9.78395006688944e-07 6.11281810743822e-08 -1.21502620831305e-06 4.01276729155641e-08 2.65329952879702e-07 -3.51785342793504e-06 3.81470595186392e-08 5.76660937833098e-08 3.77072013354681e-07 2.48588311253639e-06 1.88737691253617e-06 -7.70619435562514e-06 -6.08702795640846e-08 -3.67345820351319e-07 -3.08451666163043e-05 8.82109690778333e-07 -7.41352765005838e-07 -4.28975866376981e-06 -2.65658282895588e-07 -1.30555969532246e-07 -2.87778480791176e-06 7.06917557160865e-08 -1.71550107643898e-04 9.12451407885772e-04 -1.19436570351164e-04 5.05593116416523e-06 -7.42655469666857e-06 4.62301222685847e-06 -1.34117509892881e-05 -9.62006675443464e-06 1.16892806834626e-05 -1.39927683687231e-06 -1.78528196739492e-06 1.14336035421050e-06 2.40456289553151e-08 -1.58963525139382e-06 1.74991059743732e-04 -8.87320553392952e-04 1.18803016675812e-04 5.29637697612648e-06 7.41783245317601e-06 -5.52813623368912e-06 -1.58399180962011e-05 8.81424825052003e-06 -1.32723768139990e-05 -1.42154977605133e-06 1.84357549201124e-06 -1.36205164462573e-06 4.47155052530739e-07 1.58695516594034e-06 1.25135124205056e-05 -7.39251761315935e-05 2.36036268489283e-05 -1.19862461602765e-05 1.67409726862030e-06 1.93698072417477e-06 -3.38635437773295e-05 2.56112538790901e-06 3.01957203669451e-06 4.24959634828204e-06 -8.89143498279948e-07 6.87113330341193e-08 2.42231951498674e-06 3.92079181725251e-07 -1.36927953933396e-04 8.76738946086874e-04 -2.95136143642750e-04 1.27459475250679e-05 1.35291585691518e-05 -1.15212953887758e-05 1.44260443322157e-05 2.62000023884201e-05 -1.67452331311397e-05 5.16250707277450e-06 -2.84627512206564e-06 -2.19750733423982e-06 -2.64573204270521e-06 8.70134096702216e-07 1.36242759924425e-04 -8.42086065799349e-04 2.93863686351733e-04 1.20147769443054e-05 -1.46425565564498e-05 1.32530123742987e-05 1.14258247723106e-05 -2.78588980400902e-05 2.04767847969460e-05 5.13760237381630e-06 3.13439892590498e-06 1.85847919995229e-06 -3.11410489993458e-06 -5.26551573796997e-08
 -9.52177211698501e-05 -3.02734653637026e-05 8.61933653770045e-04 -2.33001104955552e-04 -2.39800428503840e-06 -3.86858260326762e-05 -2.15434929600317e-04 -9.48765247830541e-06 1.49001513474418e-03 7.79743813944452e-04 -8.20238293932450e-06 -1.20579715589629e-04 -2.37355538989348e-04 -5.86205979603627e-07 -1.26960463204863e-04 2.86569633502627e-05 7.76947596730419e-07 8.47523629130424e-05 -4.12814537648616e-06 6.66097524657291e-06 -1.49765074309794e-05 4.30430540396507e-07 1.24371778527190e-04 1.83967785263247e-05 -3.47327541143465e-07 -3.14665215075393e-05 3.32974644703471e-05 8.20877330413298e-07 -1.23005104979175e-05 1.04152875575876e-06 8.36193418050095e-04 3.18965721345243e-05 -2.95001669357885e-03 7.90738953669583e-04 -4.76801973310211e-06 6.02395863352172e-04 1.40398901797938e-04 6.30177812094764e-05 -7.02197880611002e-03 -3.02934361350346e-03 -5.45200393439175e-06 1.01798779552476e-03 9.03121790063897e-05 -8.31382409267652e-07 -1.01852164701895e-04 2.11352502343663e-05 1.00511218738248e-06 8.57292099344137e-05 5.43703082035547e-07 -5.32642691729689e-05 2.92066751764216e-05 1.62754938999194e-06 5.02143336937293e-05 1.12116598897981e-05 -1.80029476384089e-08 1.12123357247593e-05 1.43395587229560e-05 1.69173747640887e-07 -7.77190848439319e-06 -4.75489908852063e-07 2.53418665521553e-04 -1.88625035390961e-03 1.22869431441184e-04 -1.17355654564871e-07 2.95909259650775e-06 1.15785069952467e-05 2.20341096320017e-07 -8.42598409606565e-06 3.74928539703924e-05 1.57615824180218e-07 4.69640375545162e-06 3.91592458387571e-06 2.36207900630640e-08 -2.16808094915544e-06 -2.65595888865705e-04 1.14060717348673e-03 -2.21749812969315e-04 1.33228369633093e-05 1.82965622136067e-06 8.99907410908978e-06 -1.84563606402570e-05 6.12972935740171e-05 2.83340369393992e-06 4.44976025202437e-06 -6.64749266870828e-06 1.56185208640953e-06 3.63223682286436e-06 4.79801971435263e-06 -2.53370589746795e-04 1.11223578073556e-03 -2.09249876061732e-04 -1.37084333686587e-05 1.98571547557687e-06 8.71878489298565e-06 1.76725511122386e-05 6.15618790467392e-05 4.89448060273301e-06 -4.81090085539362e-06 -6.51919618995493e-06 1.57355858780752e-06 -3.67782818106669e-06 4.94214524746866e-06 1.30374795347807e-03 -8.98403660442811e-03 2.56523251712900e-03 1.12972096217277e-06 2.00237842627612e-04 6.44299644294023e-05 -1.88312576423492e-06 3.64522294783273e-04 4.15694951200381e-05 3.67528455799064e-07 -4.00371942974443e-05 3.54694370383316e-05 3.92079181725251e-07 6.19417260537510e-05 9.21781126618629e-05 1.18922226885447e-03 -1.96353337765087e-04 3.49780749322132e-05 -5.23986819738895e-05 -4.97553756186911e-05 1.29103557109241e-04 -1.02887003130059e-04 -8.58863969588539e-05 -8.74757489293636e-06 -7.01367928935809e-06 5.02395431934657e-07 -2.19481369778697e-05 3.10211324900674e-05 7.19486616916386e-05 1.29307539568721e-03 -2.15074296786487e-04 -3.59706783399908e-05 -5.14890841520488e-05 -5.06514119425876e-05 -1.31589768269925e-04 -9.95200973506456e-05 -8.75880682773581e-05 8.23903480046893e-06 -7.71151855371769e-06 8.77354069262401e-07 2.24328823808169e-05 3.06202778386875e-05
 -4.47982224478978e-03 -7.76217304246011e-04 2.26745071273642e-02 -7.06791117342808e-03 -2.37219026864506e-03 -1.52717164729344e-03 -5.15688422229400e-03 1.58318040834358e-02 8.23209729886548e-03 1.45027793093035e-02 -5.27158627379680e-03 -2.84637340838767e-03 -4.84902689464402e-03 2.47505809200649e-04 7.94907237028764e-04 2.44564858226828e-04 1.29755746303560e-03 7.08523017217805e-05 5.32552478381536e-04 4.79443080010364e-05 -9.88451698493279e-04 1.34661053464594e-04 1.95648232648924e-04 4.74701715638659e-04 -1.09882234469796e-04 2.77311789858062e-04 7.95252236405515e-04 4.90598938422248e-04 -5.93643245591144e-05 3.11968223773674e-06 -1.40077407155377e-03 1.10225715682833e-03 -1.21113922043262e-01 2.90209171595958e-02 -9.09495246488124e-03 -5.47125507747112e-03 4.37975836292357e-03 1.14207248581650e-01 6.71646126072672e-02 -8.37998885579676e-02 -1.64695553675754e-02 -9.80207888885338e-03 2.56569256623246e-03 -1.29878604585663e-03 8.23914927499602e-04 6.88525801338413e-04 1.36335114601714e-03 -7.68215035168056e-04 -8.58059042103778e-04 9.67293290081998e-05 8.13095240226328e-04 3.17259064581534e-04 -4.60227290976231e-04 4.28708287475408e-04 1.01772153934947e-04 -1.85530047253677e-05 5.34929112624152e-04 -9.35720195817162e-06 7.41689196826899e-05 -4.74812625895424e-06 -1.43836389460909e-03 9.08677392192754e-04 -1.98848062107686e-03 1.33350383923755e-04 1.14597293505376e-04 9.60212923105084e-05 4.00280458660820e-04 -8.65744281122177e-04 -5.83618445023228e-05 4.71336477859796e-05 1.26210647183885e-04 1.60458102443991e-05 1.41463739107719e-04 3.08234609413900e-05 -8.59054821153346e-04 -7.38204695806106e-04 -1.72133396606564e-03 1.50961555265471e-04 6.61604452850170e-05 8.95346583561946e-05 -4.42188769723954e-04 6.65891508168142e-04 5.51733445897823e-06 4.15141664109337e-05 5.04675071419848e-05 1.52883240249375e-05 1.89845073849590e-04 2.81198582679574e-05 -5.44939823967785e-03 1.69527110556538e-02 -4.93250621658748e-03 -4.41233193444863e-04 -2.59812202199360e-04 4.47997371921717e-04 7.23175430062063e-04 3.98662771029701e-04 1.16997656444787e-03 4.46081301996952e-05 -8.33412410206362e-05 1.25657067013472e-04 -1.57740950847610e-04 2.04382442562161e-05 8.94576122183961e-03 -1.13907533290805e-02 7.30877668943126e-03 1.19264894228368e-03 9.22054610662153e-04 -9.02569086890867e-04 3.01003402090731e-03 2.74663243323869e-04 -1.89668118626985e-03 -5.43908756642433e-04 3.72169691824539e-04 1.77724405061777e-04 -1.36927953933396e-04 9.21781126618629e-05 3.35514927456642e-02 -1.99673435381123e-01 6.21970548855046e-02 -4.10701691356719e-03 -2.35087832305464e-03 1.38646494373575e-03 -6.49994117578432e-03 -3.67380892889153e-03 9.58896978287393e-04 -1.11956171988143e-03 3.76559052865757e-04 7.71721243352436e-04 6.23351157511436e-04 -6.59264838626937e-04 8.85648705735613e-03 -1.32780564987483e-02 7.80642411815766e-03 1.45417504281025e-03 5.57229745171716e-04 -8.78910469519034e-04 1.96154583600670e-03 2.41089085286937e-03 -1.87645467634596e-03 -1.71939615165639e-04 -2.84924581587601e-04 2.03685646176329e-04 2.53755608670983e-04 -5.39731003177338e-04
 1.70873581567985e-03 1.77038044306490e-03 -5.69674469228619e-02 1.88471972640853e-02 3.29276878686795e-03 3.75518734926122e-03 2.82130017166441e-02 6.80115474738743e-02 3.91160275541182e-02 -9.07914350341491e-02 6.60589321793392e-03 3.33679806092655e-03 2.73741627185039e-02 5.84970719634702e-03 -8.25170815614918e-03 -3.11961810672381e-03 -1.40904369059880e-02 3.64277297222136e-03 7.66647692732914e-03 8.14697162515264e-05 2.52400731403659e-03 -5.79719445503422e-05 4.87021946539367e-03 -1.42225851368135e-03 -5.42521536333439e-04 -2.34598011997426e-03 -3.58604706588300e-03 -4.12465159111133e-03 -3.46839669872489e-04 -6.46170830259325e-06 -7.52137684193520e-03 -4.84357487016357e-03 5.06686059526911e-01 -1.29439082550544e-01 7.62686336291394e-02 4.46604525844936e-02 -1.98935053738236e-02 -9.15633031973228e-01 -5.29105327228541e-01 3.87338491002344e-01 1.32838284491570e-01 7.73939504636775e-02 -1.04385503523307e-02 1.08476756042904e-02 -7.18275710634866e-03 -2.97312526918250e-03 -1.22926150610874e-02 6.27895236009069e-03 6.73830925473102e-03 -2.54693904912112e-03 -3.33912257706729e-03 -5.54737574838877e-03 3.68142605334713e-03 -1.89076793466449e-03 -8.76389345402833e-04 5.64484240776391e-04 -2.32905402276800e-03 9.04519507700325e-04 -5.83201671223145e-04 3.92239764116429e-06 1.89156838115700e-02 -6.88954445816579e-02 1.40941422996761e-02 3.48554935160599e-04 -3.50738469935461e-04 -5.23343429677359e-04 2.72016170223929e-03 5.44967508635336e-03 3.29677237688313e-04 4.68031716265067e-04 -7.12075848776747e-04 -1.14853372395349e-04 -8.13472960779343e-04 -2.90245834009382e-04 1.63812472628880e-02 -6.84218713688606e-02 1.37397304086692e-02 -1.15024917427267e-04 4.34290295988967e-04 -4.95343920714647e-04 5.18994274881348e-03 2.60741633866355e-04 -1.64971331700723e-04 5.17840394752996e-05 -2.70139486762458e-04 -8.03140105883746e-05 -1.08503048699897e-03 4.94355682118195e-04 -1.39797029436547e-02 1.50112189076958e-01 -6.20621299160164e-03 7.66578784124659e-04 4.54829657586953e-04 -1.92951376144513e-03 -1.46809659402488e-03 -9.38414170125830e-04 -6.54317101989730e-03 -3.06716325523407e-04 3.28176532327815e-04 -6.88151836149295e-04 6.90781287570827e-04 -1.58200151047594e-04 -1.19119735161131e-02 -1.81493836691203e-01 3.20989879874045e-02 -9.46888851749037e-03 7.39332594666277e-04 6.81408614996274e-03 -2.34632691416390e-02 8.46711309223498e-03 1.15442158389645e-02 4.60210280827779e-03 -3.24416499085787e-03 2.69353268607369e-05 8.76738946086874e-04 1.18922226885447e-03 -1.99673435381123e-01 1.34081120767977e+00 -3.93280036109814e-01 2.59491595597068e-02 1.49351324917047e-02 -1.08594640186836e-02 4.61073943192455e-02 2.62142812527492e-02 -9.28002365375014e-03 7.73580166404259e-03 -3.09250595469806e-03 -5.05947798180242e-03 -5.18246685932466e-03 4.52213916234474e-03 -1.02771552585630e-02 -1.80712282348191e-01 3.12050583988846e-02 -4.25738987838075e-03 -8.55246387522733e-03 6.78066981821817e-03 -5.11751260399805e-03 -2.44241494568704e-02 1.15315472354768e-02 3.25407907195240e-03 2.29544103158880e-03 -7.69363364984626e-05 -2.43933571735324e-03 3.42912440542908e-03
 -1.01471783345312e-03 -1.10774404941290e-03 3.33402684626438e-02 -1.08789272444487e-02 -4.40591979377750e-03 -2.88073624244988e-03 -3.29565580697903e-03 2.43450709306991e-02 1.19373554975334e-02 -1.71595209549912e-03 -9.71171088271610e-03 -5.22681820735736e-03 -1.04165623279748e-03 1.07707431444070e-04 1.89787315758995e-03 -1.13980894642706e-03 3.14735296767355e-03 -9.63740496731421e-05 5.44512535173374e-04 1.09801938565665e-04 -2.63831802296714e-03 2.29284368622763e-04 1.37512726774717e-05 6.86931096917205e-04 -1.77962209898452e-04 6.25906176725043e-04 6.33874480032960e-04 1.10509319128852e-03 -7.36456680373351e-05 1.19896953988720e-05 1.46094342456175e-03 1.77392096983648e-03 -2.10124734658298e-01 4.46016715154077e-02 -2.08664471679619e-02 -1.22819123315077e-02 5.54035527671052e-03 2.58421362192514e-01 1.50232422611181e-01 -9.02007248665667e-02 -3.75309648214197e-02 -2.19042595526749e-02 3.43262238988049e-03 -2.96718624149759e-03 1.88607419794848e-03 9.61181585726175e-04 3.17148804018162e-03 -1.73409552037668e-03 -1.86791509949183e-03 3.47036024567099e-04 9.82014220491726e-04 8.25885915018754e-04 -1.04692735403327e-03 6.76666892656760e-04 2.52259558417137e-04 -6.10599052557430e-05 8.44788250637546e-04 -6.83002004848194e-05 1.66585006448570e-04 -7.09992621989662e-06 -2.97458733620343e-03 1.31083567246510e-02 -3.70192768305967e-03 2.20307983038266e-04 1.85274298388481e-04 -1.02902637674269e-04 5.60803516462489e-04 -8.76142873903157e-04 -7.22436563488537e-04 6.07288277868998e-05 7.02959915571082e-05 -6.16095231503746e-05 3.01898210019051e-04 4.84743874935654e-05 -1.62202797377089e-03 9.43714884482546e-03 -3.01215204926969e-03 2.38509241324780e-04 1.09475015915798e-04 -1.24962295085263e-04 -2.54360510440905e-04 6.65260293001966e-04 -6.12898869765841e-04 4.56357756208591e-05 2.05569759241709e-04 -7.93862407263065e-05 2.21899645610814e-04 2.66674987082122e-05 -8.13521637754034e-03 2.82227551488964e-02 -7.69309128373168e-03 -7.89764137092375e-04 -4.67913298975335e-04 6.04886984983844e-04 5.50105676188782e-04 2.60066416098117e-04 1.85408437981131e-03 1.12560618943042e-04 -7.33924743367641e-05 1.68446024452046e-04 -1.46726166506937e-04 5.47962541008040e-05 7.38823856431575e-03 3.19057191956540e-02 -1.22186176469824e-03 2.68282234677883e-03 4.31177347012335e-04 -1.43313635233991e-03 6.80290248908128e-03 -1.54899352700782e-03 -2.57181519752613e-03 -1.23844496611930e-03 6.97704568610492e-04 6.45573221194700e-05 -2.95136143642750e-04 -1.96353337765087e-04 6.21970548855046e-02 -3.93280036109814e-01 1.21591859835544e-01 -7.83349233395442e-03 -4.49540127018973e-03 3.69499052198452e-03 -1.29605144025199e-02 -7.37440531243932e-03 3.72838490552425e-03 -2.20590482294670e-03 9.24849568299706e-04 1.41632997777043e-03 1.55236014200602e-03 -1.29497870526876e-03 7.27164572730044e-03 3.00679842935006e-02 -8.08469140826222e-04 1.78338335965656e-03 2.10424173866418e-03 -1.40743271315382e-03 2.30275395164458e-03 6.59327772141445e-03 -2.61844438345286e-03 -7.66833003444785e-04 -5.74834933354657e-04 8.92731580326961e-05 4.66883103348675e-04 -1.00116361531115e-03
 -9.78727799973532e-05 7.60057320881891e-05 -2.33579560393267e-03 7.45361724124962e-04 4.85356479583574e-05 1.45438041845819e-04 5.11898364356433e-04 9.11787641718260e-04 4.55303700416144e-04 -1.27449365401632e-03 1.03364889368821e-04 2.05512825945854e-04 4.41772793433970e-04 8.12008311646909e-05 -2.09766634719782e-04 -6.38549421572806e-06 -2.00479740830697e-04 7.21652678948299e-05 1.03302789841415e-04 -1.74884149115568e-07 1.22526243851036e-04 7.33031936728334e-07 9.61638470152755e-05 -4.94319608438232e-05 -7.84907901459547e-06 -6.18389546065548e-05 -7.87103205134634e-05 -5.89925939583801e-05 -4.61717316147739e-06 5.08337455399974e-07 -3.49404900650583e-04 -1.26139396365457e-04 1.39206811785851e-02 -3.25754233876048e-03 1.08759270693225e-03 1.18801175820412e-03 -4.68485045983727e-04 -1.30976151663698e-02 -1.42091353204955e-02 8.71179005697678e-03 1.88693204546235e-03 2.07067697341113e-03 -2.76666394098693e-04 1.54982474773885e-04 -1.89205774830815e-04 -7.55668979723630e-05 -1.74838498778743e-04 1.67742959283659e-04 9.94572644382909e-05 -5.92646246608629e-05 -8.15698446961808e-05 -8.17220407197336e-05 9.77093051730116e-05 -4.80563126202871e-05 -1.13346215565590e-05 1.27089264829952e-05 -6.04542314429130e-05 1.25228046287210e-05 -1.59561651655554e-05 1.04997901824900e-07 4.74012394827698e-04 -2.00428505414865e-03 4.12028384323380e-04 4.47886053887404e-06 -1.62168767231115e-05 -5.27117034829324e-06 3.79041690795528e-05 1.15120118114926e-04 3.52351842004804e-05 6.61989166338576e-06 -1.29848214576921e-05 6.35799897077017e-07 -1.16676538153290e-05 -6.25499142549486e-06 3.80135588291602e-04 -1.50967631375181e-03 3.84574078450340e-04 -2.11523087464329e-05 1.51586570525325e-05 -1.70341379758792e-05 9.21985682229433e-05 -4.89871077617788e-06 -2.62121753612501e-05 2.31388216875310e-06 -6.77317210448907e-06 -3.68420908326097e-06 -2.23999939038907e-05 6.36192087343061e-06 -2.27841159176692e-05 1.49829770085474e-03 1.20071665836808e-04 3.09442491742344e-05 1.65476547323883e-05 -3.79962480747331e-05 -4.22758730468314e-05 -2.28306108930646e-05 -1.16799768252770e-04 -6.36011864022076e-06 1.65857479401536e-06 -1.20461070624911e-05 1.63413762224520e-05 -2.41136757024177e-06 -2.11805899147477e-04 -5.31016348202446e-03 9.57151510456723e-04 -1.35680325146261e-04 2.94140401955121e-05 1.65934048179731e-04 -3.35499867003086e-04 2.43997932423040e-04 2.76683651425961e-04 6.63371564607382e-05 -7.90691667286958e-05 3.88423479434544e-06 1.27459475250679e-05 3.49780749322132e-05 -4.10701691356719e-03 2.59491595597068e-02 -7.83349233395442e-03 5.50547033510111e-04 2.48251685901629e-04 -1.99256815301235e-04 9.52091414776721e-04 3.69165133506750e-04 -1.55723470977796e-04 1.34848589900969e-04 -5.12581222582478e-05 -9.97019318059713e-05 -9.71290430128595e-05 1.10818310549288e-04 -1.37567514762728e-03 4.19144641128662e-03 -1.74850428317428e-03 -2.41211250143443e-04 -8.76118752247398e-05 5.33551979738905e-05 -3.71705451318971e-04 -3.48698305976459e-04 1.40873562606200e-04 2.12765052636487e-05 2.59853764661207e-05 -2.90255627962787e-05 -1.23634709075970e-05 9.57956531680088e-05
 -4.96705681386036e-05 4.56490757872403e-05 -1.38374076197871e-03 4.12318132216585e-04 1.00678356378473e-04 -6.46727247513411e-05 3.01969896129270e-04 4.78481355436913e-04 4.45314451673923e-04 -7.57103253359578e-04 2.10975929332627e-04 -1.60095110554122e-04 2.57194536846937e-04 6.70593609859055e-05 3.67707504033141e-05 -4.81262387572529e-06 -2.06441049501144e-04 8.83326159361720e-06 8.75978915017065e-05 2.24215467702363e-06 7.50727811049896e-05 -5.32603293381936e-06 1.37149046962312e-05 -3.05940002636727e-05 -3.24548721580323e-06 1.25257641585014e-05 -4.50278930418523e-05 -6.33643335925014e-05 -2.98230798436167e-06 -1.78912267359372e-06 -2.03514668326760e-04 -7.17944550827782e-05 7.96923631296594e-03 -1.86835312853336e-03 1.17276363266304e-03 -2.59967117790423e-04 -2.71668728197318e-04 -1.41485447622566e-02 3.27803446433655e-03 5.06729428572073e-03 2.06219070707481e-03 -4.70472568881663e-04 -1.65461770434560e-04 1.66595363779139e-04 3.97471885217656e-05 -4.29636876966401e-05 -1.86672608341065e-04 -3.78080694131533e-05 9.91676663537132e-05 7.66981689192668e-06 -5.17529280925834e-05 -7.37564792219748e-05 -2.28295441992071e-05 -2.78932116343969e-05 -1.46836407865476e-05 -6.41409278570862e-07 -3.45107487290961e-05 1.13166982686312e-05 3.83650944658318e-06 6.99868087851004e-07 2.41768940042506e-04 -6.75343741019991e-04 2.33287464438122e-04 1.21432003230898e-06 -2.21016924344056e-05 -1.75907409805308e-05 2.39034722184161e-05 5.34360424168161e-05 -3.88184452766325e-05 4.39322421255241e-06 -8.58639639172872e-06 -4.58922277773850e-06 -1.35590395094397e-05 6.13328964200550e-07 2.69961940454868e-04 -1.42145461034813e-03 2.54149323581659e-04 -8.23684912503830e-07 4.71799045131771e-06 4.24550247111540e-06 6.45820426301047e-05 -1.01167817655043e-05 4.48299905073062e-05 -1.66672081037377e-06 1.44135790645978e-06 4.21371134557868e-06 -8.04631283619660e-06 5.70490682479927e-06 -1.35630132235430e-05 9.05487574588801e-04 7.26542558248232e-05 1.61569819494609e-05 1.22321855313626e-05 -2.21768492566957e-05 -2.42201209057547e-05 -1.87243991061903e-05 -6.47320491990226e-05 -2.54618013246267e-06 1.23899095386861e-05 -6.80230691809122e-06 3.02663838536991e-06 -2.84991524685164e-06 -1.50099832709718e-03 7.85666528157088e-03 -2.54599664340299e-03 -1.46518840756407e-04 -2.03001655528417e-04 -3.26293092881052e-05 -3.62227510201759e-04 -2.93746787455678e-04 6.76858834385621e-06 6.90112817272299e-05 1.76730192503314e-05 -3.39659853504720e-05 1.35291585691518e-05 -5.23986819738895e-05 -2.35087832305464e-03 1.49351324917047e-02 -4.49540127018973e-03 2.48251685901629e-04 2.61221758508906e-04 -1.14246759354164e-04 3.78773202944775e-04 5.12966231191259e-04 -8.78360262301942e-05 1.10012596625704e-04 -4.11352442079665e-05 -5.78640947853915e-05 -4.90734196983464e-05 8.89120191973644e-06 5.79999157850864e-04 -8.49253582250832e-03 2.08473965495587e-03 8.65552746395505e-05 -1.00798216022553e-04 1.59756528015921e-04 2.47028278832293e-04 -2.70566848318225e-04 2.42349295784140e-04 5.85862309631205e-05 4.20041628352143e-05 1.79685493918521e-05 -6.65144088546809e-05 -7.96689306766059e-06
 2.05333087111843e-04 9.56246944707416e-05 -2.69429026130719e-03 5.43437727297172e-04 -1.74048934661950e-04 -1.27886828089415e-04 1.50782156835291e-03 1.06028016533117e-03 6.47203344420227e-04 -7.79190481297145e-03 -3.89800205763796e-04 -2.53787142066578e-04 2.10520949810823e-03 8.99569007629856e-06 7.39473121673423e-05 -4.75898553372938e-04 1.28528703093079e-04 3.90842573649919e-06 3.74940424209756e-05 1.12902856903287e-05 -3.26000608567279e-04 3.72209179564518e-06 3.79608115481579e-06 -5.35446567876466e-05 -1.15526098259705e-05 2.47414299473033e-05 -2.13314521647168e-04 4.19006005820630e-05 -2.54940139268267e-06 2.05752171138892e-06 1.13772885622050e-04 4.61024052146359e-05 -9.67489051900820e-03 4.31217195457673e-04 -8.93022138636002e-04 -4.92145494283618e-04 -3.73631287613049e-04 1.07757475665376e-02 6.17825558544722e-03 1.30143211298832e-02 -1.61380875283309e-03 -8.90623402299396e-04 -2.26711792261647e-04 -1.24467873058380e-04 7.70622975801535e-05 -3.30688361648116e-05 1.33254595222109e-04 -7.15995312019626e-05 -6.09559961227461e-05 1.47589982366863e-05 -1.19474239575710e-04 1.79101229046235e-05 -4.44533870394979e-05 1.01144484990749e-05 1.43331849223040e-05 -2.07662280501987e-07 1.37807751976487e-05 -1.67868076383354e-06 7.52334524476265e-06 -5.07058697481290e-07 2.09649818598888e-04 1.33654623582908e-03 1.87556513706026e-04 9.96539657239033e-06 -1.94265422804068e-05 -8.25012024698471e-05 2.63761168238608e-05 1.98652985370377e-04 -1.55321490074093e-04 3.71406843192571e-06 -3.91707778607710e-05 -2.60297463267517e-05 1.29100328158961e-05 -3.67967238133062e-06 2.40683621024426e-04 1.38653795320228e-03 2.11689161618641e-04 -1.06671673091253e-05 1.73868248827057e-05 -8.35746433512994e-05 1.91392871149692e-04 -8.62268188999233e-05 -1.53146892818046e-04 -3.84821129200467e-06 2.98251443278039e-05 -2.97818974182151e-05 -2.88497807333658e-05 3.41424760935253e-06 -7.43113409211293e-05 2.24889202599190e-03 -1.75217825785797e-05 -1.12306183154750e-05 -5.54741115873961e-06 -5.20340811477782e-05 -1.71251276693249e-04 -1.01690689360604e-04 -4.79653435095601e-05 7.66792713531396e-06 1.71168609421596e-05 -1.57488956884636e-05 3.06754724451795e-05 5.19508063612015e-06 -8.71724815793911e-04 6.73654108201923e-03 -1.39793169195294e-03 1.09569390933041e-04 -1.27765886650375e-04 1.01234472656784e-04 2.89455789882908e-04 -2.61515818281446e-04 2.59369776863549e-04 -4.97532208881495e-05 -1.79819316413619e-05 -3.84115717884408e-05 -1.15212953887758e-05 -4.97553756186911e-05 1.38646494373575e-03 -1.08594640186836e-02 3.69499052198452e-03 -1.99256815301235e-04 -1.14246759354164e-04 3.16959362103724e-04 -3.65153036235330e-04 -2.13808109271731e-04 5.19778628611137e-04 -5.61443343025315e-05 6.01326104297805e-05 1.54747401495209e-05 1.05132492340649e-04 -3.26026767223987e-05 -8.00230243166619e-04 6.78225283865654e-03 -1.40889155823248e-03 -5.81131664378999e-05 1.62648317169558e-04 1.02240382229966e-04 -1.07847368660796e-04 3.89560127184636e-04 2.42286087170594e-04 -7.03083102341359e-05 -2.53350977360765e-06 -4.32415036505714e-05 -2.03891004198210e-05 -1.72337491095696e-05
 -7.08316211089527e-04 -7.06217334716368e-05 1.63914846495784e-03 -3.21284373925548e-04 -5.93587890140472e-04 1.41538452227489e-04 1.10077578570301e-03 1.01699983145714e-02 3.12698488318406e-03 -3.92482860947315e-03 -1.34069751182500e-03 4.29358293680775e-05 1.07705095736970e-03 4.92769675691897e-04 -4.92701028374050e-04 -1.91246381277617e-04 -5.37245348334448e-04 2.41977611539974e-04 7.10915604451975e-04 9.06675783327383e-06 -2.83444614337450e-05 4.77508338271377e-05 3.36079269613708e-04 1.27901591573150e-05 -7.67977813478673e-05 -1.37075814361075e-04 -9.91767704788016e-05 -1.19806699161405e-04 -2.66904384465693e-05 2.45883800010457e-06 -1.44734572660445e-03 -1.68418939788330e-04 1.58809813635172e-02 -4.38021810028146e-03 2.18708864135708e-03 2.59076702264379e-03 -6.42851001103731e-04 -2.46508189802952e-02 -3.05860519508846e-02 1.23195449862034e-02 3.56472815674911e-03 4.46741422091270e-03 -2.42111851338199e-04 3.10399205428770e-04 -4.21415524404993e-04 -8.91383197629290e-05 -3.87298448956776e-04 3.65826967237503e-04 1.86031684427577e-04 -1.63891789415433e-04 -6.10965061972274e-05 -2.90018638613050e-04 2.10031929949091e-04 -6.07098473279416e-05 -2.18446440404637e-05 3.61646565175746e-05 -7.57996852990710e-05 5.92326647941594e-05 -3.46982435242543e-05 -1.00603646333844e-06 7.39620378547176e-04 -3.06984914228977e-03 3.22137863906772e-04 7.00799442271936e-05 2.73056293128234e-05 -3.87722667876765e-06 3.28031096919035e-04 2.14621808851939e-04 4.01850356269841e-05 4.92982512536288e-05 -2.72274018406513e-05 -1.69580783114523e-06 -8.03122865608910e-06 -1.73870460452790e-05 1.29478592333343e-03 -5.97202969181873e-03 7.96425108161478e-04 4.70912829656306e-08 5.72095273570959e-05 -4.98390665690079e-05 2.89837026661335e-04 1.40242220503028e-04 -1.38821812763500e-04 1.56830888629634e-05 -2.33755527936837e-06 -1.56892975338371e-05 -4.51709880194186e-05 3.64614689063851e-05 -2.37079019984440e-03 1.53119822688245e-02 -1.69089837866140e-03 -5.40351759028597e-05 -5.21277140739135e-05 -2.62703424448075e-05 6.14851432070290e-05 -3.89302279519622e-05 -1.80701801677413e-04 -5.23126929870931e-06 -7.62626935008782e-06 -1.83410118164609e-05 2.70911890270188e-05 -1.03920941347137e-05 1.26368232100975e-03 -1.90820454123094e-02 4.78441516421913e-03 -2.52222814110142e-04 2.96818560695413e-04 3.69479400463059e-04 -5.99525737292639e-04 8.06254010605803e-04 5.31918624613290e-04 1.36031146818378e-04 -1.84148971804499e-04 4.80986576346824e-05 1.44260443322157e-05 1.29103557109241e-04 -6.49994117578432e-03 4.61073943192455e-02 -1.29605144025199e-02 9.52091414776721e-04 3.78773202944775e-04 -3.65153036235330e-04 1.85620798527061e-03 6.19503547475600e-04 -2.99759775180234e-04 2.39580748315272e-04 -9.88601591654958e-05 -1.77589469550422e-04 -1.99042279116168e-04 2.16129945506672e-04 -1.69378741779327e-03 3.97928403898973e-03 -2.01282775123585e-03 -3.53526127095742e-04 -2.60055004397065e-04 8.73227183096995e-05 -5.71816371264763e-04 -8.03761630673531e-04 1.72774553347956e-04 8.04408110840133e-05 5.08120397621753e-05 -2.74413707371236e-05 -3.33881264366062e-05 1.83496202253888e-04
 -4.17547448541436e-04 -5.23907813035167e-05 1.29014597852486e-03 -3.25562457665780e-04 1.16853876872787e-05 -5.32217945437660e-04 6.08996902610240e-04 3.61308739791066e-03 5.19050117603028e-03 -2.10449888643723e-03 -1.14222224920140e-05 -1.20580876421111e-03 5.67233108672433e-04 2.48781433168005e-04 5.85668854654124e-05 -1.02923291789573e-04 -4.95638568823625e-04 1.74082057834393e-04 3.50198277006740e-04 2.98945611244039e-05 -4.62938491082027e-06 2.16216714877014e-07 2.68973192705486e-04 1.06110016530026e-05 -2.58572036838888e-05 3.91473744092312e-05 -4.60113362118450e-05 -1.40105403120519e-04 -3.82069813791071e-05 -3.46302016443110e-06 -8.49555252051757e-04 -9.70870237753862e-05 9.30880810639778e-03 -2.52320142917201e-03 2.58298976853780e-03 -8.43929470727395e-04 -3.59603770828152e-04 -3.06158827551898e-02 1.13025692022837e-02 6.67087625088507e-03 4.48112966400240e-03 -1.63169019814504e-03 -1.28304402570387e-04 3.66333740475322e-04 1.12438159882022e-04 -4.75054904990673e-05 -4.22265393054925e-04 -1.22054357544367e-04 2.11270769760660e-04 -3.86280334767051e-05 -3.87416475800427e-05 -1.97731631958820e-04 -7.70287091690098e-05 -3.56136507834205e-05 -3.30110464435543e-05 1.26479242499689e-05 -4.31066429919427e-05 3.55221765205449e-05 1.30911722439522e-05 1.29878919990034e-06 8.88345981431697e-04 -3.56554309510241e-03 5.22404364536385e-04 2.15046499402932e-05 -3.58245961745201e-05 -4.81899732297567e-05 1.29700914010146e-04 1.09783546180490e-04 -1.50219903641395e-04 2.08466973715940e-05 -2.07882826822289e-05 -1.55470289569883e-05 -2.52443179051774e-05 1.25579908823780e-06 1.77970367876615e-04 -1.17460786055634e-03 4.18722504470714e-05 6.04566764012865e-05 1.66692751688516e-05 2.44864281145013e-05 1.81128414664759e-04 1.23133494579033e-04 1.00233212436648e-04 4.42505231739267e-06 1.14455447613996e-05 1.07031283350999e-05 -8.21144530812987e-06 3.16748069761811e-05 -1.32968791316382e-03 8.62708556218944e-03 -9.59772019048289e-04 -4.90117788190697e-05 -1.14321863560354e-06 -1.39870591790154e-05 -1.54013034087650e-05 6.11628550277121e-05 -9.78862557759568e-05 -7.98295844129258e-06 2.93551600260909e-05 -9.56932844253726e-06 -4.01072067103148e-06 3.32532015869414e-06 -2.79150060292763e-03 1.62324954336719e-02 -5.14930921388619e-03 -3.15717007855181e-04 -3.78736032781544e-04 -1.21928680779495e-04 -7.75141438875915e-04 -5.91771399117714e-04 -1.11441068708397e-04 1.52238118093920e-04 5.04495416162296e-05 -5.95044376509644e-05 2.62000023884201e-05 -1.02887003130059e-04 -3.67380892889153e-03 2.62142812527492e-02 -7.37440531243932e-03 3.69165133506750e-04 5.12966231191259e-04 -2.13808109271731e-04 6.19503547475600e-04 1.11675618453496e-03 -1.82063507846795e-04 2.14538368893856e-04 -8.93885386962505e-05 -1.00882403188967e-04 -9.55667320131037e-05 -1.16041704414380e-05 2.54389642996464e-03 -2.48374462544487e-02 6.70465123716799e-03 3.61306052463550e-04 -2.72481878695031e-04 3.72023270262740e-04 7.96914632478179e-04 -6.06917112890965e-04 5.08308468354741e-04 1.59054732803177e-04 9.16612426763149e-05 6.88896936833520e-05 -1.61994363965848e-04 -4.98338869163482e-05
 1.27875657033845e-03 3.34490315276741e-04 -9.37444038608126e-03 2.19042291354900e-03 -4.43743690741171e-04 -2.80846853697807e-04 2.92284262676262e-03 4.33372091778303e-03 2.51804765269545e-03 -1.46956308177622e-02 -1.00970846914604e-03 -6.34863188660510e-04 4.05252423829824e-03 1.36212493451831e-04 5.41839975231695e-05 -8.48683987147241e-04 9.45265576973335e-05 7.71860240930834e-05 2.43887833726875e-04 2.54286587856471e-05 -5.00079092660608e-04 1.56532865532636e-05 1.11847600780475e-04 -1.76229535895331e-04 -4.00878234991898e-05 2.58876732380768e-05 -4.59295944805030e-04 4.30842902789572e-05 -1.50785617624691e-05 3.46018421224319e-06 7.81101232254244e-04 6.15829157669562e-05 -1.40983999582256e-02 2.18743434041704e-05 -1.04019826637507e-03 -5.56382483340281e-04 -8.74764878195408e-04 1.29138422723905e-02 7.44016323883825e-03 2.83944049391279e-02 -1.97608714346725e-03 -1.06304642823262e-03 -6.44101856649059e-04 -1.43041740368485e-04 8.13549566949010e-05 -9.67449501896400e-05 1.39691596500808e-04 -8.27617341037282e-05 -5.92978501207074e-05 -8.36040936880465e-06 -2.98740085287932e-04 -4.25957120418462e-05 -5.47490650266233e-05 4.49915907254538e-06 2.01110979851826e-05 8.29679041318228e-06 7.93964064051194e-06 1.17209740112500e-05 9.67066627816378e-06 -1.03026951122290e-06 1.11785748666591e-03 -1.09186774502673e-03 1.05076403907544e-03 3.44448683674740e-05 -9.09864219931770e-05 -1.72872664109987e-04 1.27599427150609e-04 4.43316770159327e-04 -2.76455340681799e-04 1.86471464127425e-05 -7.81248251922027e-05 -5.00483392645859e-05 2.08840983033007e-05 -7.71186208748557e-06 1.15427850055181e-03 -1.07513093716613e-03 1.10457708499354e-03 -5.95553609082504e-05 7.32552434875836e-05 -1.74731169077535e-04 4.48342309599714e-04 -1.24307317228952e-04 -2.79232451628845e-04 -1.19677321005402e-06 5.62157702674891e-05 -5.68575694309912e-05 -6.08504281210662e-05 1.59010080006665e-05 -3.00995155391016e-04 5.61721696999154e-03 9.72056709751253e-05 8.47626740735953e-06 6.60476127031265e-06 -1.13661913951644e-04 -3.24676976414223e-04 -1.96116782481083e-04 -1.04529413481868e-04 1.05950974668978e-05 3.23849951454871e-05 -3.24461236953886e-05 5.95339105530491e-05 7.53488294744112e-06 -1.85478876457848e-03 1.14453184436766e-02 -2.55560239983984e-03 1.30463806694483e-04 -2.45725174387929e-04 2.50001262747972e-04 3.64587000279046e-04 -4.09663064374051e-04 6.02187464126089e-04 -5.44630133510080e-05 -6.25896174537469e-05 -7.44551419788591e-05 -1.67452331311397e-05 -8.58863969588539e-05 9.58896978287393e-04 -9.28002365375014e-03 3.72838490552425e-03 -1.55723470977796e-04 -8.78360262301942e-05 5.19778628611137e-04 -2.99759775180234e-04 -1.82063507846795e-04 9.45569174420274e-04 -3.85225819990474e-05 8.74352429337515e-05 -1.70508949582072e-05 1.54464523391602e-04 -2.23528914199985e-05 -1.68790383597241e-03 1.14310102485750e-02 -2.56029217331956e-03 -1.51233589236922e-04 2.43122730567828e-04 2.52650105289415e-04 -2.24476150294366e-04 5.35342044469972e-04 5.70489555682167e-04 -1.06104372811606e-04 1.36450690944261e-05 -8.42748385843421e-05 -6.18855600912376e-05 -2.89674760644523e-06
 7.87344284123340e-05 2.06090767349803e-05 -6.11640937622924e-04 1.68280765776967e-04 -4.51872104359250e-05 5.64781819198151e-06 1.91287205770426e-04 1.36312654630035e-03 1.07016052191663e-04 -6.81514871978159e-04 -1.08735504664401e-04 -1.18757275927728e-05 2.00428012869552e-04 7.73116671783020e-05 -1.21843350647284e-05 -2.65370655143256e-05 -1.18243116511010e-04 8.22962299814691e-06 1.10263469720127e-04 -4.96233382478815e-07 1.17731424056312e-05 3.88393842810271e-06 1.02528157979509e-05 -1.35658222839925e-05 -1.01397916820753e-05 -3.61679676684972e-06 -2.69780006490692e-05 -3.09026443385168e-05 -8.89101009712783e-07 -4.84407275490519e-07 -7.04877995482492e-04 -2.68309004966162e-05 2.54108288434991e-03 -6.92241188309671e-04 5.66243141752442e-04 5.98802472144942e-05 -1.19866634227986e-04 -6.62058721859394e-03 -6.77094502689426e-04 2.55494425197802e-03 9.62559894557814e-04 1.03768752959026e-04 -7.49846741083758e-05 8.04139121499536e-05 -9.53466389591831e-06 -1.80314391358817e-05 -9.50458811695533e-05 8.04493971297320e-06 4.75844980049356e-05 -3.11524589655772e-06 -2.50492362189331e-05 -5.39850189943602e-05 4.48182966522677e-06 -1.01916051365076e-05 -6.63355504838901e-06 1.02347158342997e-06 -1.25113865999970e-05 1.01535764427180e-05 -6.98390261740707e-07 6.27881360375956e-08 9.59512327125851e-05 -1.98550434340991e-04 8.63564282134133e-05 8.86099176308462e-06 -5.92802835221521e-06 -7.61309204176153e-06 4.60551595786217e-05 3.33803528242598e-05 -1.00199749169456e-05 7.06757393972435e-06 -4.78028203254417e-06 -2.00874344285361e-06 -4.42356993906541e-06 -1.01924164673355e-06 3.10907984196672e-04 -1.56408547147034e-03 2.40282573292205e-04 -5.64786172294027e-06 8.94286697761947e-06 -6.28086686720597e-06 5.02759201621171e-05 1.89660537757730e-06 1.82351217928774e-06 4.65240798615410e-07 1.05346791826659e-06 -5.40740833548382e-07 -6.49455970901661e-06 4.55156468441733e-06 -2.12624683597217e-04 1.62901934575290e-03 -1.11657415053327e-04 3.01660424956448e-06 -2.56676495211143e-06 -1.00816589552411e-05 3.68698883547504e-06 -2.18682196933506e-05 -3.17690474882564e-05 -1.38919512197560e-07 3.17882326314147e-06 -3.72440181349790e-06 3.06614035423303e-06 -3.40478380293191e-06 -3.43353112806325e-04 1.19397199089187e-03 -4.24209401216636e-04 -6.82347015445065e-05 -4.02395134492315e-05 1.78187670890316e-05 -1.65202946729883e-04 -4.17580042704485e-05 4.57588319545261e-05 3.40310978988339e-05 -6.58957953116711e-06 -7.90081405937548e-06 5.16250707277450e-06 -8.74757489293636e-06 -1.11956171988143e-03 7.73580166404259e-03 -2.20590482294670e-03 1.34848589900969e-04 1.10012596625704e-04 -5.61443343025315e-05 2.39580748315272e-04 2.14538368893856e-04 -3.85225819990474e-05 5.28358839644212e-05 -1.96317639522130e-05 -3.05753015246237e-05 -2.87575483558846e-05 1.48514219001757e-05 2.14247008054812e-04 -3.38644557366501e-03 8.08033500812540e-04 2.37090938701870e-05 -6.03151732645280e-05 6.89569606306915e-05 7.72320504275491e-05 -1.59821436561021e-04 1.03448830407176e-04 2.93719883340410e-05 1.98088541060474e-05 7.09509844667043e-06 -2.89436912261039e-05 6.49842349643901e-06
 9.29319230295384e-05 1.12764824711424e-05 -2.96273127268403e-04 5.32748940724744e-05 -7.39098357817564e-06 7.30712985021138e-05 2.15525489708476e-04 -2.72141202851235e-04 -1.04892085875137e-03 -1.14137931965581e-03 -1.27518633368143e-05 1.75479952389661e-04 3.07495258373154e-04 -2.14633153223011e-05 3.05834271700790e-05 -7.14287157893961e-05 4.99322369415536e-05 -4.53248992841459e-05 -2.78635686880895e-05 -4.76382510477463e-06 -5.21035638550166e-05 -4.89252339201709e-07 -7.00164710694033e-05 -5.94395326956198e-06 1.61313551508142e-06 4.66401375463671e-06 -3.00235851759883e-05 1.40297071097518e-05 8.27612114180487e-06 3.69405642207529e-07 3.74570349454051e-04 9.65129982127319e-06 -1.66695018140427e-03 1.14326835859670e-04 -2.73069963798794e-04 -7.80433964205268e-05 -4.79058436251470e-05 3.22173385004751e-03 7.51395397037826e-04 1.76536106481193e-03 -4.77024009667310e-04 -1.07480895652241e-04 -2.58376312834757e-05 -3.84211316334628e-05 1.71046235234731e-05 -3.38227535889347e-06 4.37912477966530e-05 -1.11767820745779e-05 -2.04269798097345e-05 2.04939361109268e-05 -1.53677507363602e-05 1.71418539842621e-05 -5.78432606892407e-06 2.29573048210768e-06 3.87595701154858e-06 -4.59013158928577e-06 3.07124928603771e-06 -3.17065359926996e-06 8.71371969074765e-07 -1.23695283650818e-07 -2.09297309622464e-04 1.45405219314944e-03 -1.38102486165346e-04 -1.37921971620301e-06 7.64506723424148e-06 -6.58706935859071e-06 -1.05033764229880e-05 1.54267942849225e-05 -1.23613758912749e-05 -1.66668632493629e-06 -4.40528803379920e-06 -2.62241815991096e-06 2.85801551273729e-06 -5.78444709063386e-07 5.84456398399674e-05 1.22906930222545e-04 4.15348645757441e-05 -7.55668287090529e-06 -3.93761036518507e-06 -1.46573009145877e-05 9.15800244400211e-06 -4.48864358942830e-05 -3.10976778261571e-05 -2.84784750779092e-06 3.36231715390811e-06 -5.35253783330177e-06 -5.12746779216294e-06 -4.37753151980659e-06 1.73313703736176e-04 -7.08074205613942e-04 1.14840108807153e-04 5.67587786942401e-06 -3.31954819696341e-06 -9.58504239828922e-06 -2.21688829965897e-05 -3.94949944466947e-05 -9.00038409748666e-06 3.11396582019001e-06 1.05950064949631e-06 -2.57791371157845e-06 6.20389747037011e-06 -1.69990897436298e-06 -5.16413274333464e-05 7.89157723892896e-04 -7.62677539356150e-05 3.28697818985337e-05 -1.28301939762463e-05 1.83505578161475e-05 8.32910958693191e-05 -4.16154938131855e-05 4.54431088903413e-05 -1.57900052686113e-05 -1.60088558758415e-06 -5.55279404160926e-06 -2.84627512206564e-06 -7.01367928935809e-06 3.76559052865757e-04 -3.09250595469806e-03 9.24849568299706e-04 -5.12581222582478e-05 -4.11352442079665e-05 6.01326104297805e-05 -9.88601591654958e-05 -8.93885386962505e-05 8.74352429337515e-05 -1.96317639522130e-05 1.51189776632527e-05 8.26840234210975e-06 2.26875712446846e-05 -7.15763861622289e-06 -2.68584037334355e-04 2.26440633809713e-03 -5.66603706899529e-04 -2.61203907124342e-05 4.17878703287393e-05 -2.13901260165123e-06 -5.11817418752563e-05 9.32033516500827e-05 1.22953259089009e-05 -1.96236007728508e-05 -3.85578683751953e-06 -9.92547521548776e-06 4.26142577312161e-06 -2.74254371310405e-06
 9.40886158579174e-05 -3.28030136728393e-05 9.79418475786086e-04 -2.58427392299890e-04 4.12337448717889e-05 1.18079564179222e-05 -2.65596928387485e-04 -8.90917083666873e-04 -4.54329853494375e-04 1.10751962644965e-03 9.69225881404878e-05 5.10832636444262e-05 -3.19271256547310e-04 -4.64389603649895e-05 3.32792509980242e-05 5.22966224291828e-05 5.94171522857202e-05 -2.54285174184923e-05 -6.77994530160705e-05 -2.38213794142476e-06 8.39653732274624e-06 -2.71213013189406e-06 -3.60834992543084e-05 1.96590337506164e-05 7.20569000818966e-06 8.32813362727251e-06 4.11079556448808e-05 1.49264781393188e-05 3.43035230119238e-06 -1.32626111590244e-07 2.11889867912792e-04 1.76966712213528e-05 -1.46719309060889e-03 5.44104470582907e-04 -2.60356137289811e-04 -1.51431072394465e-04 1.31349306463875e-04 3.02879880592505e-03 1.71561831588192e-03 -3.18990440288159e-03 -4.33367245326153e-04 -2.52485975025762e-04 8.72429121167145e-05 -3.72736459906070e-05 2.54826154229795e-05 1.85962614272972e-05 4.50890704799850e-05 -2.10384425105998e-05 -2.41932311373374e-05 1.31962225767600e-05 3.23905594141013e-05 3.12847384658225e-05 -1.16633091477798e-05 7.81718373347985e-06 2.46367526645404e-06 -3.37948247181870e-06 9.65361525138465e-06 -5.89164269719821e-06 1.82515968794956e-06 4.60757518020942e-08 -1.95302434520356e-04 6.36969388442500e-04 -1.65049243178500e-04 -6.03152504355429e-06 1.04676688741292e-05 1.26734407724949e-05 -2.96552527279018e-05 -4.97526838121129e-05 1.33664986495779e-05 -4.56743098973379e-06 7.07251688760659e-06 3.25853050419389e-06 1.54041928262445e-06 1.57916648291430e-06 -2.02972398108348e-04 7.33388448971296e-04 -1.79467413031517e-04 6.63983379197079e-06 -1.02029783787985e-05 1.29725252530879e-05 -5.38071151495691e-05 -1.02201698598303e-06 1.63719924428431e-05 -9.35690570091223e-07 -2.51113606369098e-06 3.52887064399080e-06 7.49800261776243e-06 -4.04860012159543e-06 1.29925045843558e-04 -1.21997095885741e-03 4.50140339953133e-05 -3.30999957116058e-06 -1.65755745569481e-06 1.26902179376372e-05 2.04070753722287e-05 1.45811709673568e-05 2.70676075198092e-05 5.83756893215099e-07 -2.69228871303021e-06 4.10069803088747e-06 -5.51854084275602e-06 4.35949874273771e-07 1.78491002944163e-04 1.06787051659728e-05 5.71538638942840e-05 3.13758328899351e-05 1.36953381429146e-05 -4.03980135177935e-05 7.40625181308359e-05 -1.03626252024405e-05 -7.90899953169580e-05 -1.62375406610055e-05 1.63914407573790e-05 4.37961472192575e-06 -2.19750733423982e-06 5.02395431934657e-07 7.71721243352436e-04 -5.05947798180242e-03 1.41632997777043e-03 -9.97019318059713e-05 -5.78640947853915e-05 1.54747401495209e-05 -1.77589469550422e-04 -1.00882403188967e-04 -1.70508949582072e-05 -3.05753015246237e-05 8.26840234210975e-06 2.24488857428159e-05 1.35260099334585e-05 -1.76447650900387e-05 1.57471189176456e-04 6.68848270621057e-05 5.05207640912298e-05 2.73224244406289e-05 2.01026963341542e-05 -4.08531686898384e-05 3.08014905662125e-05 6.92691038394912e-05 -7.75224072414905e-05 -7.43522834720364e-06 -9.88285110686196e-06 5.09723405653062e-06 1.37044092400902e-05 -1.40957665771701e-05
 1.61240590339059e-04 1.80361566256965e-05 -4.80435186601477e-04 8.42992959817810e-05 7.66407718124377e-05 -1.92771874550406e-05 4.01718582267900e-04 -1.41362664816131e-03 -2.90785930914499e-04 -2.11105870461633e-03 1.74366604887481e-04 -1.17618856785578e-05 5.69079307128212e-04 -7.08692378433713e-05 5.02068723142643e-05 -1.32055607037252e-04 8.73204053228644e-05 -2.37350971930239e-05 -9.94636025483316e-05 1.74188555340096e-06 -9.60193307224646e-05 -7.83221672328033e-06 -3.58681297000985e-05 -9.80423752273258e-06 9.50519671490155e-06 1.40976906273025e-05 -5.46277403875905e-05 1.96509935792007e-05 3.06255228549243e-06 5.12490838057380e-07 6.51501386032145e-04 1.62503314607235e-05 -2.91567165029157e-03 1.75717621561644e-04 -3.89496374284800e-04 -2.64339563904896e-04 -9.18537539101078e-05 4.37594826896158e-03 3.16020095813502e-03 3.28964002417586e-03 -6.48568354865072e-04 -4.59570638287566e-04 -4.49212909076523e-05 -5.45297462941832e-05 4.35140695676888e-05 -6.50469583380415e-06 6.65952260961670e-05 -3.79147373094325e-05 -2.70341997035862e-05 1.69972922569767e-05 -2.87233636027529e-05 3.99125558011697e-05 -2.20734407373916e-05 3.71741372701547e-06 5.29849213238127e-06 -3.10185722474631e-06 5.10894478111619e-06 -8.54948619235170e-06 3.75565093379286e-06 1.11059324400544e-09 -7.60524546469999e-05 1.06264040632358e-03 -4.61296056412410e-05 -9.41129498482336e-06 -1.54681764710323e-07 -2.11231319595244e-05 -4.59249531257624e-05 4.18578148520274e-05 -4.68281477701091e-05 -6.66618309118782e-06 -1.02304497961640e-05 -7.14628928575668e-06 2.12380768605516e-06 -1.88492972489803e-07 -2.04429495536383e-04 1.84173086416430e-03 -1.42265270103882e-04 3.32401402858664e-06 -9.04443469348989e-06 -1.70042599964424e-05 1.91167334861627e-05 -5.03263954055541e-05 -3.30163740077042e-05 -3.94857300195386e-06 7.05551095542904e-06 -7.16529533294486e-06 -6.51008852707327e-06 -4.03902676592307e-06 3.05517208561112e-04 -1.21584524464698e-03 2.00164470655283e-04 3.32240694989588e-06 5.82165293037367e-06 -1.80297444670842e-05 -6.80609591020249e-05 -2.44312482176167e-05 -1.87511678278471e-05 1.79020955773003e-06 6.70965837135830e-06 -4.81844879441834e-06 8.92404787553105e-06 3.20493257228782e-06 -3.57553301127835e-04 3.08786084208020e-03 -7.01400135545324e-04 4.41950300855434e-05 -5.80640138579480e-05 1.08071242616108e-05 1.09178778286390e-04 -1.26295741209365e-04 4.94728895554239e-05 -2.28030198019780e-05 4.27472042277064e-06 -1.44661656210871e-05 -2.64573204270521e-06 -2.19481369778697e-05 6.23351157511436e-04 -5.18246685932466e-03 1.55236014200602e-03 -9.71290430128595e-05 -4.90734196983464e-05 1.05132492340649e-04 -1.99042279116168e-04 -9.55667320131037e-05 1.54464523391602e-04 -2.87575483558846e-05 2.26875712446846e-05 1.35260099334585e-05 4.14913702342125e-05 -1.93267540809428e-05 -2.10213491033410e-04 2.23949614290894e-03 -4.12706855824671e-04 -1.00996688687955e-05 6.45147986149073e-05 2.31919750041278e-05 -2.98990299725455e-05 1.61056669660451e-04 6.25645613869645e-05 -2.77450566362575e-05 -3.69684800853987e-06 -1.34384254645617e-05 -1.35330955109972e-06 -1.26579504921768e-05
 4.27513123368334e-05 1.28067708426689e-05 -3.93380048272986e-04 1.24482726504408e-04 -1.00971232422902e-05 -1.88748156945237e-05 1.08494044378217e-04 2.01562273905180e-04 1.11146220817556e-03 -3.91961119213216e-04 -2.33091553096167e-05 -8.10715016670182e-05 1.18696468023051e-04 1.09565132838028e-05 -1.02837431243038e-04 -1.50155477663607e-05 -1.49465761901385e-05 6.58157132319725e-05 1.41370416010295e-05 5.75527750827321e-06 4.36294874718784e-06 9.83844541050331e-07 9.57566206078299e-05 -7.55415174273686e-06 -2.25543546685662e-06 -2.61641477016853e-05 -1.65479139575493e-05 -3.82758497231881e-06 -8.89749617477105e-06 8.36539059963912e-07 -4.00022293726162e-04 -1.53929074276443e-05 1.44684678880414e-03 -3.93035051439047e-04 6.42281369527482e-05 4.97740326305624e-04 -6.90138389924566e-05 -7.72844501063256e-04 -5.79351700588249e-03 1.48719519686398e-03 1.05479261670063e-04 8.41033977771903e-04 -4.05200212900908e-05 9.37427785703990e-06 -8.33777401790812e-05 -1.07955745548299e-05 -1.10165615964294e-05 7.04777443410843e-05 8.52911086638153e-06 -4.06963224237500e-05 -1.32061961414286e-05 -8.98512658492108e-06 4.04440709688079e-05 -5.65320843388837e-06 -4.45807866182662e-08 8.99625083316866e-06 -7.21478917235929e-06 1.49708441423142e-06 -6.44739786695005e-06 -1.88416124490557e-07 3.00882372335700e-04 -1.57700856766873e-03 2.10428666860253e-04 1.33655571686680e-06 -7.17136113046648e-06 -2.72997513218987e-06 7.42092157072460e-06 3.69314804254099e-05 1.19449609691192e-05 1.29518706618536e-06 -3.60560349095135e-06 3.88661242345992e-08 -4.22560388807458e-07 -2.39546424975785e-06 -5.67169125749118e-05 4.96966873136444e-04 -1.99183626394904e-05 9.77314420752148e-07 7.15045499154444e-06 -5.64423956780987e-06 2.48100479577735e-05 2.79971480411555e-05 -1.78442307797767e-05 3.02579160051851e-06 -1.71148168325511e-06 -2.32258964615552e-06 -4.46276061740099e-06 4.24041414017968e-06 -1.26951600874796e-04 9.43648980503863e-04 -6.56998843366301e-05 -1.67351591585069e-06 5.58063907295154e-06 -5.92010928250686e-06 -1.75672525224484e-05 2.39652219316421e-05 -1.94914533838101e-05 -3.42851803092246e-06 -1.63321403615852e-06 -2.18105396133544e-06 3.74501412248362e-06 3.35287210351344e-06 4.29744265245610e-04 -4.55145293281705e-03 1.17852960092391e-03 -7.98531995591529e-06 8.17896390323949e-05 6.94684758035108e-05 -2.01657020604761e-05 1.95462453358078e-04 9.26071681446526e-05 4.71374369917877e-06 -3.56930131949864e-05 1.36205883513945e-05 8.70134096702216e-07 3.10211324900674e-05 -6.59264838626937e-04 4.52213916234474e-03 -1.29497870526876e-03 1.10818310549288e-04 8.89120191973644e-06 -3.26026767223987e-05 2.16129945506672e-04 -1.16041704414380e-05 -2.23528914199985e-05 1.48514219001757e-05 -7.15763861622289e-06 -1.76447650900387e-05 -1.93267540809428e-05 3.57762960999438e-05 -4.92959480796671e-04 3.21627224280817e-03 -9.37144195799441e-04 -9.27156723106091e-05 -1.11683440545186e-05 -1.80864216261698e-05 -1.82226458714533e-04 -5.18409835510984e-05 -7.96908472360263e-06 -5.56366883832575e-06 -2.60995119913176e-06 -1.33036010366487e-05 1.22469694309864e-05 3.50629067440702e-05
 -4.36894587464357e-03 -6.57987837259539e-04 1.90866395454967e-02 -6.31556066107395e-03 2.36540032421683e-03 -1.51674923646571e-03 -4.22810370882450e-03 -1.47135760231912e-02 8.20236639899799e-03 1.08252516424193e-02 5.00295481282825e-03 -2.87043039767007e-03 -3.80719627911167e-03 -2.01881591769301e-04 7.75933679539955e-04 5.95587930816289e-05 -1.33021686701824e-03 9.56137058262268e-05 -4.27055025875621e-04 2.94060538471719e-05 -9.42654371010128e-04 -1.76904043281326e-04 1.62749091175675e-04 3.89339090520799e-04 1.17655991348432e-04 2.77356390535210e-04 6.91741990213649e-04 -4.83466045977834e-04 -6.57240586390418e-05 -1.60337741725351e-05 -1.45849095490679e-03 1.13478773750625e-03 -1.24057333467180e-01 2.86866001615993e-02 9.30074946704217e-03 -5.37583234038212e-03 4.09694898336665e-03 -1.15160956905379e-01 6.59960715330516e-02 -7.57922436280557e-02 1.71119450989226e-02 -9.54465262180589e-03 2.41009157835566e-03 1.31448972393291e-03 8.16542834567846e-04 6.65607348679831e-04 -1.40238463257365e-03 -7.63668365160568e-04 7.57333226102508e-04 8.97150940155903e-05 5.98430905470277e-04 -2.03348645144691e-04 -4.11126631651993e-04 4.09253384654969e-04 -1.47482316844702e-04 -2.06368847741881e-05 5.34969123378872e-04 2.13554748534118e-05 8.17206821828288e-05 -2.12945444565753e-06 -1.08085960651038e-03 5.61990176632984e-04 -1.58732866298256e-03 -1.25581283592208e-04 8.24717207489250e-05 5.65387782421455e-05 -3.82966649723868e-04 -6.97461399859074e-04 -9.86981258980968e-05 -4.76520896164530e-05 1.10784918354200e-04 3.21025718586021e-06 -1.42578420379489e-04 2.68846290470529e-05 -4.75546712699151e-03 1.54168977481609e-02 -4.40759549538568e-03 4.07621239926036e-04 -2.36593497211262e-04 4.04969269608283e-04 -5.95386029678580e-04 3.36643579829694e-04 1.14612879833356e-03 -3.24678686526823e-05 -8.19431585271543e-05 1.32056472103391e-04 1.46563594895696e-04 2.95346756155294e-05 -7.61396441198506e-04 1.92932730126161e-05 -1.49509745263733e-03 -1.30888792657377e-04 6.42010412193465e-05 4.76299581498137e-05 3.92222454430592e-04 6.34787843676005e-04 -4.19605558077087e-05 -4.09185743704236e-05 6.09346756892705e-05 3.45560809629675e-06 -1.64464133719014e-04 2.17047277209809e-05 8.76596008867108e-03 -1.09223467620439e-02 7.39388499560214e-03 -1.18697032785122e-03 9.14091562044950e-04 -7.86244683253559e-04 -3.08554845514800e-03 2.10729121202084e-04 -1.65377738503512e-03 5.35801266699497e-04 3.07381134429395e-04 1.54690109308168e-04 1.36242759924425e-04 7.19486616916386e-05 8.85648705735613e-03 -1.02771552585630e-02 7.27164572730044e-03 -1.37567514762728e-03 5.79999157850864e-04 -8.00230243166619e-04 -1.69378741779327e-03 2.54389642996464e-03 -1.68790383597241e-03 2.14247008054812e-04 -2.68584037334355e-04 1.57471189176456e-04 -2.10213491033410e-04 -4.92959480796671e-04 3.28822640510256e-02 -1.98365201554444e-01 6.18938974340693e-02 4.09200244888229e-03 -2.36634358040541e-03 1.48342774540910e-03 6.48138211774732e-03 -3.81180657635442e-03 1.22025677960332e-03 1.12571131763111e-03 3.88140177708143e-04 7.60778825836193e-04 -6.58538361233519e-04 -6.43100632572783e-04
 1.67343672415075e-03 1.82712104578444e-03 -5.72974778022690e-02 2.14455417157527e-02 -3.71837924271470e-03 3.04391423858056e-03 2.69816727661881e-02 -6.76276130483317e-02 3.89892561173897e-02 -9.05905909722536e-02 -6.47913663541869e-03 4.40615008790684e-03 2.81943800484053e-02 -5.79575405523646e-03 -8.16524516783508e-03 -3.13707397710114e-03 1.40458543731125e-02 3.36982998084667e-03 -7.85831265597413e-03 4.52653081078782e-04 1.51094993476274e-03 2.40731612489798e-04 4.91312836645551e-03 -1.24178019454687e-03 3.97174064813892e-04 -2.29127331046328e-03 -3.78476095582459e-03 4.04927789429388e-03 -2.78568570195466e-04 1.63678893949549e-04 -7.23161043681672e-03 -5.03465943394502e-03 5.07209540449489e-01 -1.28004776607613e-01 -7.70580262338284e-02 4.45889905769557e-02 -1.97475066241615e-02 9.16489785878097e-01 -5.29182473870162e-01 3.87522012727045e-01 -1.35563741659431e-01 7.62373451095814e-02 -9.85833651113288e-03 -1.08776145505292e-02 -7.23265632901475e-03 -3.01300617470446e-03 1.24117116449138e-02 6.33351003363472e-03 -5.99855325802490e-03 -2.62419552462640e-03 -2.55299037479854e-03 4.80965688549960e-03 3.49218321358033e-03 -1.75356981884503e-03 1.12970645308150e-03 5.88092796334423e-04 -2.32273753263171e-03 -9.11631524405479e-04 -6.23934725900827e-04 3.08308033928490e-06 1.77042890348925e-02 -6.89308047201736e-02 1.36889288842235e-02 -3.39993360518375e-04 -3.38207040196142e-04 -5.34939878170687e-04 -2.58564222103802e-03 4.80172398101468e-03 1.37588028553074e-04 -4.11737063912010e-04 -7.69875325856717e-04 -1.01295015232454e-04 8.22000828042723e-04 -2.21652334175036e-04 -1.48702923612855e-02 1.50550928914155e-01 -6.98186873379858e-03 -7.88426223196874e-04 4.39445640024162e-04 -1.93846637129683e-03 1.58117527510513e-03 -9.51411035975845e-04 -6.87725710679377e-03 1.84971421427027e-04 3.62315035184297e-04 -8.29978125926809e-04 -7.26185151721093e-04 -2.07492078491613e-04 1.65584477409018e-02 -6.83360826486427e-02 1.33161042344249e-02 1.57817522710541e-04 4.99256645954424e-04 -4.94811884805376e-04 -5.48970196674879e-03 4.07558174864082e-05 -2.00415843487210e-04 -4.32428158866113e-05 -2.80818106061900e-04 -8.99552356237122e-05 1.03530679785663e-03 5.04770236506021e-04 -1.15870722112534e-02 -1.80940803125407e-01 3.06021906759322e-02 9.41127792083813e-03 5.98345741601372e-04 6.71345328769657e-03 2.35902528868450e-02 8.84866038620994e-03 1.12587669897417e-02 -4.47505334405091e-03 -2.99110275070794e-03 8.51869041123590e-05 -8.42086065799349e-04 1.29307539568721e-03 -1.32780564987483e-02 -1.80712282348191e-01 3.00679842935006e-02 4.19144641128662e-03 -8.49253582250832e-03 6.78225283865654e-03 3.97928403898973e-03 -2.48374462544487e-02 1.14310102485750e-02 -3.38644557366501e-03 2.26440633809713e-03 6.68848270621057e-05 2.23949614290894e-03 3.21627224280817e-03 -1.98365201554444e-01 1.34187518045568e+00 -3.93579623382774e-01 -2.61100238180362e-02 1.50585149788314e-02 -1.08915770081171e-02 -4.61527633743470e-02 2.70211502457565e-02 -9.82641462355592e-03 -7.78549222317776e-03 -3.09312530440205e-03 -5.04937269458736e-03 5.29804532385525e-03 4.45966489265620e-03
 -9.44906172501098e-04 -1.06214867777518e-03 3.15853785031397e-02 -1.07898140952547e-02 4.51113872737077e-03 -2.92907323977388e-03 -3.01383231771405e-03 -2.29105930631135e-02 1.30836674937770e-02 -1.19974057621973e-03 9.51606663756093e-03 -5.55675065594405e-03 -1.19904461894598e-03 -3.92104281206372e-05 1.84918066451861e-03 -1.06816074885418e-03 -3.18914969690994e-03 7.37831734566033e-06 -3.07954336528573e-04 5.79188360417283e-05 -2.27875622427811e-03 -3.42604661149722e-04 2.84711344066391e-05 6.12797307298089e-04 1.81778557558683e-04 6.25480975631356e-04 6.85593880659257e-04 -1.11188881892082e-03 -9.92636866470042e-05 -3.36641850217189e-05 1.40861876441068e-03 1.82932617283577e-03 -2.10297722107804e-01 4.42913583820050e-02 2.10362603469141e-02 -1.21657823955089e-02 5.49179853711712e-03 -2.59208394975694e-01 1.48983301551272e-01 -9.02740770487930e-02 3.83095976178209e-02 -2.15116314688994e-02 3.44892886927220e-03 2.97987802529286e-03 1.87778617764591e-03 9.76392321125716e-04 -3.22052440122504e-03 -1.73568426838613e-03 1.75142147074153e-03 3.20013454809222e-04 7.04201878426714e-04 -6.88298338342718e-04 -9.52839461421006e-04 6.37494639112056e-04 -3.14510940987383e-04 -6.35220489258131e-05 8.47524993975090e-04 8.95597933761296e-05 1.82655583464697e-04 -1.77143036927193e-06 -2.37573884093500e-03 1.07668250564044e-02 -3.18253388689624e-03 -2.07012356789603e-04 1.49277351948880e-04 -1.04427436076969e-04 -5.48131594480826e-04 -7.41431467349749e-04 -6.91671452506225e-04 -6.05630489259875e-05 8.14418163070209e-05 -6.51455455731552e-05 -3.03245891159634e-04 4.30237341191655e-05 -7.33056006630769e-03 2.61393143867617e-02 -7.14705851746121e-03 7.74875992054380e-04 -4.47562993421242e-04 6.04425919273269e-04 -4.99494558997021e-04 2.81277079918740e-04 1.94106090986392e-03 -8.76252864838436e-05 -8.59086418647119e-05 1.99291884741920e-04 1.59112346516658e-04 7.16071260205353e-05 -1.88611298947026e-03 1.03262970040837e-02 -3.07779127750995e-03 -2.33077539966725e-04 9.98980368886587e-05 -1.19854222546057e-04 3.51295192665827e-04 7.65989664429280e-04 -5.74832216505361e-04 -6.12675179886971e-05 2.05310244004337e-04 -6.36509027931684e-05 -2.12818780284358e-04 2.06739496063618e-05 7.55906140281310e-03 3.03472920383452e-02 -7.12111267221555e-04 -2.67798889996429e-03 4.87195593537897e-04 -1.39114263947712e-03 -6.86437064180974e-03 -1.59161033988140e-03 -2.48787298930350e-03 1.22212828003653e-03 6.17385470298090e-04 4.88055262944687e-05 2.93863686351733e-04 -2.15074296786487e-04 7.80642411815766e-03 3.12050583988846e-02 -8.08469140826222e-04 -1.74850428317428e-03 2.08473965495587e-03 -1.40889155823248e-03 -2.01282775123585e-03 6.70465123716799e-03 -2.56029217331956e-03 8.08033500812540e-04 -5.66603706899529e-04 5.05207640912298e-05 -4.12706855824671e-04 -9.37144195799441e-04 6.18938974340693e-02 -3.93579623382774e-01 1.21510827747827e-01 7.86148560971016e-03 -4.54479170757819e-03 3.69813316531851e-03 1.29249138563833e-02 -7.60161631454567e-03 3.84971527493854e-03 2.22532128983886e-03 9.21356307023471e-04 1.41231909869975e-03 -1.57824451286526e-03 -1.26499286503285e-03
 9.06564495846671e-05 -8.17364593101945e-05 2.48029729764854e-03 -8.15692178718042e-04 6.20808480092611e-05 -1.37739003318815e-04 -5.34620694516155e-04 9.02337929731283e-04 -4.33417731624559e-04 1.46990383015146e-03 1.07215699294128e-04 -2.24982331416967e-04 -5.08457983240484e-04 8.04089962142494e-05 2.08850979532069e-04 1.78035034015264e-05 -2.00271186300630e-04 -6.76858566636318e-05 1.10938303595257e-04 -5.06923339304658e-06 -1.02013925808089e-04 -5.57575439405996e-06 -9.56526282137283e-05 4.95071792123068e-05 -4.56002795290408e-06 6.12747501355165e-05 8.79616351133014e-05 -5.79102187142764e-05 3.45767081761061e-06 -2.98728021273390e-06 3.51613853430828e-04 1.28428290431119e-04 -1.37802888492364e-02 3.24589826454519e-03 1.10842097310002e-03 -1.19076236754917e-03 4.79395177260734e-04 -1.31606155782834e-02 1.42564209846586e-02 -9.11961653178978e-03 1.96116579832741e-03 -2.06133960247291e-03 2.78163074765860e-04 1.56123375214150e-04 1.90367049554536e-04 7.76752931010686e-05 -1.78370647943289e-04 -1.69008860568445e-04 8.26380860863505e-05 6.01181916605792e-05 7.46398812400017e-05 -6.41534443823420e-05 -9.52544380007972e-05 4.61772875809088e-05 -1.75141985138924e-05 -1.30470878188896e-05 6.04367208676449e-05 1.29336476004180e-05 1.65768202557408e-05 -6.83886467041837e-08 -4.63685400699976e-04 1.97673197359996e-03 -4.15351957200897e-04 4.43516541906981e-06 1.68471914942261e-05 7.41640205739901e-06 3.41285377752180e-05 -1.11853635254084e-04 -3.00008590731322e-05 5.40173887869799e-06 1.48052384212249e-05 -2.60378969289844e-07 -1.19979433612462e-05 5.45073305920836e-06 3.28919398523348e-05 -1.50872934088510e-03 -1.16455009296255e-04 3.23547910794457e-05 -1.65188144597229e-05 4.04182980641261e-05 -4.74316141243704e-05 2.46702094247377e-05 1.26614208364697e-04 -4.19426607236536e-06 -2.92690913921747e-06 1.52418973076462e-05 1.82974560051829e-05 3.48360290944628e-06 -4.04339463346341e-04 1.51252997760056e-03 -3.97642445881239e-04 -2.26937974050019e-05 -1.67903852421752e-05 1.91395111592119e-05 1.02699789193064e-04 1.34087692537176e-05 2.80823739071449e-05 2.33903507595900e-06 6.79677068996305e-06 3.98893039594484e-06 -2.21758164295317e-05 -6.86255820877747e-06 2.19044737558502e-04 5.25970541090412e-03 -9.34420603692177e-04 -1.34893616428282e-04 -2.61421410623557e-05 -1.69586103648256e-04 -3.39560603391431e-04 -2.47936612925744e-04 -2.83227747707339e-04 6.35432461002754e-05 7.70150391678063e-05 -3.99800197012574e-06 1.20147769443054e-05 -3.59706783399908e-05 1.45417504281025e-03 -4.25738987838075e-03 1.78338335965656e-03 -2.41211250143443e-04 8.65552746395505e-05 -5.81131664378999e-05 -3.53526127095742e-04 3.61306052463550e-04 -1.51233589236922e-04 2.37090938701870e-05 -2.61203907124342e-05 2.73224244406289e-05 -1.00996688687955e-05 -9.27156723106091e-05 4.09200244888229e-03 -2.61100238180362e-02 7.86148560971016e-03 5.56802127070051e-04 -2.51690035496827e-04 1.95800023496356e-04 9.62939643037820e-04 -3.89382078077083e-04 1.56793208256778e-04 1.37469986193132e-04 5.05819810890170e-05 1.01218271813300e-04 -9.72844935693782e-05 -1.11195316968655e-04
 -5.05447431308680e-05 4.73785026497687e-05 -1.41230956728348e-03 4.53299778824072e-04 -1.09751800040444e-04 -7.45619559087619e-05 2.96238324589171e-04 -3.68999867549480e-04 4.54016990550872e-04 -8.19766458413260e-04 -2.19784962489987e-04 -1.48827740025011e-04 2.85142872027243e-04 -6.30812829943336e-05 3.84354116076043e-05 -9.05310845243791e-06 2.06255573000798e-04 5.18663043835277e-06 -7.61570042700412e-05 7.43053292643611e-06 5.70949420887308e-05 6.39862549211876e-06 1.54686002480588e-05 -2.84159591983349e-05 2.11538263691790e-06 1.32573245017233e-05 -5.00755844475156e-05 6.20147845310133e-05 -2.01659271680795e-06 8.22600897133977e-07 -2.00849347541680e-04 -7.50020930337924e-05 7.97695630566772e-03 -1.85886815513437e-03 -1.18470659311530e-03 -2.64856871879107e-04 -2.74249594449344e-04 1.42673783578623e-02 3.33046444225802e-03 5.20830535567212e-03 -2.10120515282546e-03 -4.94430921051986e-04 -1.62694998697596e-04 -1.67562574589345e-04 3.95779059336103e-05 -4.42897727140592e-05 1.87868953710461e-04 -3.75206843753982e-05 -9.85539981718034e-05 6.89967377172859e-06 -4.02376705410820e-05 6.60208916769378e-05 -2.66090287177788e-05 -2.59149981967765e-05 1.64589146191768e-05 -2.39143777356142e-07 -3.46685638625065e-05 -1.16282560379869e-05 3.18403122357958e-06 6.13533034668757e-07 2.28602390975066e-04 -6.70215960915490e-04 2.29310555706484e-04 -3.33179877448512e-07 -2.20972317620698e-05 -1.85122219967000e-05 -2.00820262083575e-05 4.62533699736926e-05 -4.27407150673228e-05 -3.81315264073423e-06 -9.76022200361943e-06 -4.60335917713028e-06 1.39093325489951e-05 1.45011529976043e-06 3.84869991838888e-07 8.32602403521643e-04 8.25421552663155e-05 -1.65027878795919e-05 1.32416750202125e-05 -2.34383578837860e-05 2.90737811687267e-05 -1.85658963922045e-05 -6.96380090188026e-05 1.80420499084633e-06 1.31169041583290e-05 -8.57781361874668e-06 -3.29066635056328e-06 -2.83268930279969e-06 2.43128558081565e-04 -1.30271076617957e-03 2.29694751259370e-04 1.23815769150816e-06 4.70515273186124e-06 4.18685622784630e-06 -6.88401235918186e-05 -1.53325415506738e-05 4.23009886662077e-05 2.97748057741105e-06 1.58428911154014e-06 3.24719871898884e-06 8.14743069257971e-06 5.28321596995767e-06 -1.51502605307962e-03 7.96454331430879e-03 -2.59333941106814e-03 1.46681139775856e-04 -2.07376946018549e-04 -3.35457000018233e-05 3.73099469304605e-04 -2.91456628399286e-04 4.66930325162751e-06 -7.02369548531591e-05 2.15164644147049e-05 -3.35113568723581e-05 -1.46425565564498e-05 -5.14890841520488e-05 5.57229745171716e-04 -8.55246387522733e-03 2.10424173866418e-03 -8.76118752247398e-05 -1.00798216022553e-04 1.62648317169558e-04 -2.60055004397065e-04 -2.72481878695031e-04 2.43122730567828e-04 -6.03151732645280e-05 4.17878703287393e-05 2.01026963341542e-05 6.45147986149073e-05 -1.11683440545186e-05 -2.36634358040541e-03 1.50585149788314e-02 -4.54479170757819e-03 -2.51690035496827e-04 2.65869542551039e-04 -1.14486520821230e-04 -3.75967330607575e-04 5.23819485732803e-04 -9.20635835676232e-05 -1.11086926173069e-04 -4.10263291550711e-05 -5.83125455583372e-05 5.10196444914541e-05 7.67292000376408e-06
 2.04827371560767e-04 9.36357862888891e-05 -2.65726718693228e-03 5.20274576146772e-04 2.13788310163888e-04 -1.26115233448114e-04 1.50723399324227e-03 -1.11206453063055e-03 6.36068896054100e-04 -7.70685591398296e-03 4.48238024754760e-04 -2.57119996460921e-04 2.08055894845697e-03 -5.32459738229128e-06 7.35835228300534e-05 -4.69682648349510e-04 -1.31657584440778e-04 5.65657488315004e-06 -1.06369823420908e-05 8.87335538389741e-06 -3.09808590508941e-04 -2.11571717819793e-05 4.90561995998617e-07 -5.46819507448770e-05 4.99030179745363e-06 2.50121453629371e-05 -2.08378031529740e-04 -5.02049475469891e-05 -3.17645729676159e-06 1.39758264303866e-07 1.02621819587290e-04 4.76643795167262e-05 -9.58806455380464e-03 4.09189234765833e-04 8.50044941830393e-04 -4.91267096594174e-04 -3.71611622731116e-04 -1.07942817749883e-02 6.16095838100112e-03 1.28624971979957e-02 1.54712539628852e-03 -8.79613474417778e-04 -2.20482269426337e-04 1.22908478518685e-04 7.75687001751450e-05 -3.18466994471579e-05 -1.31724372908706e-04 -7.22044642335568e-05 8.96914723599943e-05 1.46786529627759e-05 -1.28874162978571e-04 -4.16446919381882e-05 -4.07239945475610e-05 8.37707689902271e-06 -9.32258926736536e-06 -6.00041583340368e-07 1.37600712864197e-05 4.03639954224733e-06 8.22951158234976e-06 -2.65102622882198e-07 2.12861167090409e-04 1.33033072570895e-03 1.90218190616410e-04 -9.31958897737002e-06 -1.94629173394319e-05 -8.14244188540907e-05 -2.60825851408893e-05 2.01029425102347e-04 -1.53070195162281e-04 -2.23551667663783e-06 -3.83306133324545e-05 -2.59199518220176e-05 -1.26513678491877e-05 -3.83546663898397e-06 -3.52473797757754e-05 2.26409762761241e-03 8.25006778454513e-06 1.30387511168400e-05 -7.88884940987473e-06 -5.15955759443337e-05 1.75571075097654e-04 -1.04350899052856e-04 -4.45740905537634e-05 -9.71521071791327e-06 1.72207368539519e-05 -1.77834497465827e-05 -3.11303230561357e-05 4.72144873759598e-06 2.18230507599734e-04 1.30922543269044e-03 1.91479103743229e-04 1.23284020792112e-05 1.87236387259891e-05 -8.21695810944872e-05 -1.80210860458981e-04 -7.91527057380583e-05 -1.50161018113750e-04 3.07659544478361e-07 2.88010615561126e-05 -2.53856976072152e-05 2.77644578373708e-05 3.93102191268593e-06 -8.63920116996851e-04 6.69390480909318e-03 -1.38420627619131e-03 -1.13861643544714e-04 -1.25815441630977e-04 1.00810091063110e-04 -2.80989748038873e-04 -2.65035210556995e-04 2.58641777846550e-04 5.25092974599443e-05 -2.04745994951978e-05 -3.89687283424560e-05 1.32530123742987e-05 -5.06514119425876e-05 -8.78910469519034e-04 6.78066981821817e-03 -1.40743271315382e-03 5.33551979738905e-05 1.59756528015921e-04 1.02240382229966e-04 8.73227183096995e-05 3.72023270262740e-04 2.52650105289415e-04 6.89569606306915e-05 -2.13901260165123e-06 -4.08531686898384e-05 2.31919750041278e-05 -1.80864216261698e-05 1.48342774540910e-03 -1.08915770081171e-02 3.69813316531851e-03 1.95800023496356e-04 -1.14486520821230e-04 3.13528157436208e-04 3.34337774488808e-04 -2.01459975005469e-04 5.08993064966457e-04 5.42927025240900e-05 5.95901477854162e-05 1.21200847097445e-05 -1.04924202273055e-04 -2.85607151745280e-05
 6.67801877408142e-04 3.16573790086537e-05 -5.43524434706223e-04 -7.73180752792724e-05 -5.40664494096401e-04 -5.67008718029886e-05 -1.29311461086349e-03 9.69698973365219e-03 -3.59172740644964e-03 4.99322343577290e-03 -1.26584684178909e-03 -2.11042346100864e-05 -1.43970484268407e-03 4.69387170881174e-04 5.02233811326414e-04 2.47033343438787e-04 -5.16624971268628e-04 -2.50913999163273e-04 6.95098190292735e-04 -3.12610358045325e-05 8.06587423790794e-05 3.81847361268700e-05 -3.57869043096326e-04 7.85148010201629e-07 -6.62875465111596e-05 1.33851670546034e-04 1.41994569417213e-04 -1.14293666287450e-04 2.78122895512582e-05 -7.73857562827211e-06 1.45558289802120e-03 1.68952271100960e-04 -1.48088621216782e-02 4.33649538651767e-03 2.16080660065788e-03 -2.62521199060155e-03 7.11726723403857e-04 -2.40389544706094e-02 3.09821736183087e-02 -1.46126761269003e-02 3.57372273540347e-03 -4.47282433683229e-03 2.42868662277205e-04 3.03404292185165e-04 4.30606841943826e-04 9.73558690866673e-05 -3.81103800237860e-04 -3.72140363233483e-04 1.45689816749410e-04 1.79815739068313e-04 7.51171894569104e-05 -2.51152246880187e-04 -2.13831805500289e-04 5.70174843935317e-05 -3.20139147045560e-05 -3.90253539359469e-05 7.43481330568927e-05 5.63241169839579e-05 3.49256603301060e-05 1.51247383931897e-07 -8.60732940017916e-04 3.70017289981487e-03 -4.81024460112333e-04 6.63223912146212e-05 -1.45847374911364e-05 1.82780788985558e-05 3.08210871832715e-04 -2.25841507651912e-04 -1.15900988586271e-05 4.41833754080246e-05 3.60305199425563e-05 5.05928631437974e-06 -8.28669245805088e-06 1.38182350769008e-05 2.26985937725181e-03 -1.50198244639150e-02 1.60970669517792e-03 -4.54304649368317e-05 4.50004680017847e-05 3.89546709236289e-05 1.42548470854286e-05 4.10697272520315e-05 2.09572797108559e-04 -6.08232552067588e-07 3.83890145679331e-06 2.69082463843031e-05 3.35328481058849e-05 1.02368645369760e-05 -1.29140758923731e-03 5.38104925792368e-03 -7.92795291943021e-04 -5.60729244566604e-06 -6.28561445029666e-05 6.06435578127246e-05 3.29942547388210e-04 -1.25214045698687e-04 1.50115389726448e-04 1.71669904870413e-05 5.49618319095592e-07 1.78490500008941e-05 -4.72298383691359e-05 -3.75362925169675e-05 -1.25750681958867e-03 1.91112307941686e-02 -4.74828135843625e-03 -2.44143389972643e-04 -2.90243415569451e-04 -3.97709137177472e-04 -5.80621494763634e-04 -8.23813370613646e-04 -5.82925314053042e-04 1.24631934025198e-04 1.88497736059480e-04 -4.60641965891914e-05 1.14258247723106e-05 -1.31589768269925e-04 1.96154583600670e-03 -5.11751260399805e-03 2.30275395164458e-03 -3.71705451318971e-04 2.47028278832293e-04 -1.07847368660796e-04 -5.71816371264763e-04 7.96914632478179e-04 -2.24476150294366e-04 7.72320504275491e-05 -5.11817418752563e-05 3.08014905662125e-05 -2.98990299725455e-05 -1.82226458714533e-04 6.48138211774732e-03 -4.61527633743470e-02 1.29249138563833e-02 9.62939643037820e-04 -3.75967330607575e-04 3.34337774488808e-04 1.86844367754106e-03 -6.37123572836801e-04 2.57587519826055e-04 2.40587628305777e-04 9.39816700485121e-05 1.80753766200001e-04 -1.92553755067989e-04 -2.19427489603159e-04
 -3.99012706932485e-04 -1.35133794127098e-05 2.23042262044407e-04 4.02431550427969e-05 1.00617515680469e-05 -5.58513238621870e-04 7.01590872500052e-04 -3.79691720468275e-03 5.22775744153597e-03 -2.73735679110243e-03 7.02234875193563e-05 -1.16326220029425e-03 7.89492599608488e-04 -2.56373027167033e-04 5.41079767053282e-05 -1.33881439168192e-04 5.01726738873083e-04 1.67819305456226e-04 -3.44350339480911e-04 4.43573221205611e-05 -4.64867728313353e-05 -6.79610658969701e-06 2.73449400483151e-04 -1.99212588549906e-06 2.60369034509912e-05 3.94894172760064e-05 -8.04185087368526e-05 1.36675279983075e-04 -3.60713132780102e-05 2.48477555670807e-06 -8.50532846680469e-04 -1.00572540034064e-04 8.80385369114853e-03 -2.48278464303578e-03 -2.60980845719186e-03 -8.05285599605323e-04 -4.05860667234758e-04 3.08334586994778e-02 1.08113554865398e-02 8.30138800160745e-03 -4.52677582657157e-03 -1.60228834467995e-03 -1.53977273732996e-04 -3.68824148223692e-04 1.04237852453866e-04 -5.58426490796478e-05 4.26121227468369e-04 -1.14580494843694e-04 -2.13130697315285e-04 -4.44290911084789e-05 -3.64569795534742e-05 1.94970345510775e-04 -7.89326118517655e-05 -3.13566656425618e-05 3.46853216075617e-05 1.41191155595671e-05 -4.30311108419599e-05 -3.71193210695913e-05 1.14942359262050e-05 1.36349531059645e-06 9.45766171580756e-04 -3.88622296053630e-03 6.24003256544611e-04 -2.23529297801135e-05 -4.52803306221564e-05 -5.72862399314799e-05 -1.35054416940214e-04 1.12165860896187e-04 -1.63560312925385e-04 -2.09069958807041e-05 -2.64285769039371e-05 -1.70933480715690e-05 2.48769471898651e-05 3.50465643802730e-06 -1.27238156196311e-03 8.60215662876144e-03 -8.87142465371630e-04 4.14376462735825e-05 2.81535027700894e-06 -2.25393003927361e-05 3.90457673243877e-05 4.63160372146807e-05 -1.12945480202615e-04 5.41147746478281e-06 3.03839331030174e-05 -1.48419845060049e-05 1.59497082396918e-06 3.07899005572941e-06 2.72724457241574e-04 -1.55547440661068e-03 1.32316269368566e-04 -4.84401876149765e-05 2.44727275751749e-05 1.41501169386817e-05 -2.15147637340023e-04 1.08404598545759e-04 8.38575984262046e-05 -2.47830049606053e-06 1.38553999832646e-05 6.15658058967045e-06 1.19389749269749e-05 3.08502140071007e-05 -2.79806983890217e-03 1.61401000619998e-02 -5.15303712125036e-03 3.16396804061924e-04 -3.84125321565544e-04 -1.02007376597312e-04 7.91028753019794e-04 -5.71274440798012e-04 -7.46039177084026e-05 -1.55446696398139e-04 5.09611955932169e-05 -5.97862026564158e-05 -2.78588980400902e-05 -9.95200973506456e-05 2.41089085286937e-03 -2.44241494568704e-02 6.59327772141445e-03 -3.48698305976459e-04 -2.70566848318225e-04 3.89560127184636e-04 -8.03761630673531e-04 -6.06917112890965e-04 5.35342044469972e-04 -1.59821436561021e-04 9.32033516500827e-05 6.92691038394912e-05 1.61056669660451e-04 -5.18409835510984e-05 -3.81180657635442e-03 2.70211502457565e-02 -7.60161631454567e-03 -3.89382078077083e-04 5.23819485732803e-04 -2.01459975005469e-04 -6.37123572836801e-04 1.13279333404007e-03 -1.57811116859160e-04 -2.18729410246349e-04 -8.78408947811312e-05 -1.05507943295532e-04 9.90378766954226e-05 -1.01242515338062e-05
 1.26343459741574e-03 3.11707458642646e-04 -8.75927254569473e-03 2.04269833369056e-03 5.10361246641173e-04 -2.89293428986055e-04 2.85884720548031e-03 -4.27677949483609e-03 2.43797116372368e-03 -1.42518900506594e-02 1.09182872932080e-03 -6.21441415347817e-04 3.93720865203964e-03 -1.21217064141343e-04 5.97465808724115e-05 -8.22708559178280e-04 -1.08864276980447e-04 7.39983329089848e-05 -1.80898596660306e-04 2.53415650685832e-05 -4.72639204320296e-04 -4.80890359626540e-05 9.91460647265925e-05 -1.67025472265819e-04 2.39823241538452e-05 2.89713115728354e-05 -4.38451237187725e-04 -6.20851203464024e-05 -1.52188886445727e-05 1.20053352995497e-06 7.68663933738767e-04 5.93196532146260e-05 -1.34866317934864e-02 -5.78603445851146e-05 9.80191966865674e-04 -5.79733987023185e-04 -8.52300578476237e-04 -1.32905646551027e-02 7.67428054237746e-03 2.74295504730901e-02 1.86792599274179e-03 -1.09545186072153e-03 -5.94264385387297e-04 1.44220743355425e-04 8.58325597701548e-05 -9.17964068162291e-05 -1.41294841103834e-04 -8.68485924684104e-05 1.23946005811033e-04 -8.19240088922630e-06 -3.00865191178013e-04 -1.53764262670687e-05 -4.98671972202151e-05 1.73207904859440e-06 -8.83781650919404e-06 7.16308129925491e-06 7.36848731165082e-06 -6.22719425004971e-06 1.11463887969837e-05 -3.23741412550213e-07 1.04744857375119e-03 -8.83281596814237e-04 9.89414124002624e-04 -3.23806141978598e-05 -8.56551212214466e-05 -1.66636550781302e-04 -1.18408202293035e-04 4.27790619486818e-04 -2.73022042360787e-04 -1.44668150162502e-05 -7.57604834817053e-05 -4.88256702297521e-05 -2.01849407764307e-05 -6.70396996511631e-06 -2.40738523875270e-04 5.59212005866412e-03 9.79571283730834e-05 -1.57076403015642e-06 -9.51530031260836e-08 -1.08479130184136e-04 3.28609432628836e-04 -1.94601990250449e-04 -9.79720203415601e-05 -1.52054204010949e-05 3.23481746540433e-05 -3.63452187801278e-05 -5.94519852100748e-05 6.33250952566908e-06 1.04881401051752e-03 -9.60539437877949e-04 9.95746227448241e-04 5.88332598841670e-05 7.26026851828413e-05 -1.67614102755794e-04 -4.17091508588372e-04 -1.11736784215270e-04 -2.69911695648686e-04 -4.91195694828308e-06 5.34025593663638e-05 -4.75121084639508e-05 5.67920465591848e-05 1.61886105544462e-05 -1.84876226000536e-03 1.15618689142296e-02 -2.61935035667856e-03 -1.42711133122101e-04 -2.47124339020405e-04 2.36870200025307e-04 -3.54641361633938e-04 -4.23132383014196e-04 5.75939873573439e-04 6.23724971685404e-05 -6.11398451830658e-05 -7.48221762591216e-05 2.04767847969460e-05 -8.75880682773581e-05 -1.87645467634596e-03 1.15315472354768e-02 -2.61844438345286e-03 1.40873562606200e-04 2.42349295784140e-04 2.42286087170594e-04 1.72774553347956e-04 5.08308468354741e-04 5.70489555682167e-04 1.03448830407176e-04 1.22953259089009e-05 -7.75224072414905e-05 6.25645613869645e-05 -7.96908472360263e-06 1.22025677960332e-03 -9.82641462355592e-03 3.84971527493854e-03 1.56793208256778e-04 -9.20635835676232e-05 5.08993064966457e-04 2.57587519826055e-04 -1.57811116859160e-04 9.05721745823833e-04 3.76266272712352e-05 8.63273803618710e-05 -2.03591740939768e-05 -1.53265186154669e-04 -1.73726501794004e-05
 -7.81373791513733e-05 -2.48044727893102e-05 7.24935611009693e-04 -2.22163284393008e-04 -4.32629135059991e-05 4.08075448824356e-06 -1.98983410296852e-04 1.32605118331822e-03 -1.26719824339625e-04 7.51021685130495e-04 -1.08019593744277e-04 4.25221483473771e-06 -2.31320872108810e-04 7.52988173155625e-05 1.22395772575867e-05 2.95966386827773e-05 -1.16640914798002e-04 -6.80751730123756e-06 1.06226750500882e-04 -3.28222488717710e-06 -4.30714594578245e-06 3.78746817303215e-06 -1.10218955105756e-05 1.41396716235809e-05 -9.09048576544178e-06 2.99293144067365e-06 3.14292199616046e-05 -2.97647931637061e-05 4.94811852371629e-07 -8.05274289145585e-07 7.20890935805883e-04 2.85610834024024e-05 -2.54436849377031e-03 6.96720074163267e-04 5.66633056304411e-04 -6.25908480307756e-05 1.26086570817513e-04 -6.57417425634422e-03 7.17748650658785e-04 -2.75485443288329e-03 9.70889452341946e-04 -9.90047394088496e-05 7.23904206261717e-05 7.98806380818179e-05 1.05170428281241e-05 1.91865246070547e-05 -9.46479207830968e-05 -8.87674335542306e-06 4.35228084102755e-05 4.64193003471307e-06 2.26651158919389e-05 -4.86609625311224e-05 -4.01668059530718e-06 9.44010865972159e-06 -7.86084587335318e-06 -1.30167358352571e-06 1.26545749526383e-05 1.00231252221353e-05 9.08280782302250e-07 -1.55799592028406e-07 -9.83718073470137e-05 2.48647737997398e-04 -9.83447850844561e-05 8.53641052236687e-06 7.07303707100539e-06 8.71327695541511e-06 4.43124681617326e-05 -3.05647575575474e-05 1.30367362276544e-05 6.65727686736265e-06 5.75664049719132e-06 2.15594801009998e-06 -4.49611499286964e-06 3.07100652967738e-07 1.98646270844811e-04 -1.58095252812824e-03 1.01561568170363e-04 4.10620106321243e-06 1.84642529239613e-06 1.12036156359883e-05 -1.36064618106853e-06 2.28014147530606e-05 3.47096084457381e-05 5.47603605260702e-07 -3.57247052596297e-06 4.90099755821580e-06 3.56895604840614e-06 3.56233743011783e-06 -3.11077910037402e-04 1.54133041158865e-03 -2.38691395761145e-04 -6.88003645888513e-06 -9.67576505075218e-06 7.09655219560888e-06 5.42879054571749e-05 5.75758323116495e-07 1.57630308283228e-07 2.03011092920202e-07 -1.13471755275094e-06 9.35193378409196e-07 -6.58726553464806e-06 -4.45383980032671e-06 3.49128561960730e-04 -1.22507155428055e-03 4.47472126819884e-04 -6.71786552406818e-05 4.25556114356023e-05 -1.93746106468568e-05 -1.66272629663299e-04 3.96336464156348e-05 -4.83073218067776e-05 3.34007236265493e-05 5.53865801336004e-06 7.94155469863704e-06 5.13760237381630e-06 8.23903480046893e-06 -1.71939615165639e-04 3.25407907195240e-03 -7.66833003444785e-04 2.12765052636487e-05 5.85862309631205e-05 -7.03083102341359e-05 8.04408110840133e-05 1.59054732803177e-04 -1.06104372811606e-04 2.93719883340410e-05 -1.96236007728508e-05 -7.43522834720364e-06 -2.77450566362575e-05 -5.56366883832575e-06 1.12571131763111e-03 -7.78549222317776e-03 2.22532128983886e-03 1.37469986193132e-04 -1.11086926173069e-04 5.42927025240900e-05 2.40587628305777e-04 -2.18729410246349e-04 3.76266272712352e-05 5.31690282196581e-05 1.92921335652715e-05 3.09548698691054e-05 -2.91945513396814e-05 -1.48433387307864e-05
 9.36970151893795e-05 9.12715625175084e-06 -2.40034127676923e-04 3.02673723769687e-05 1.22699883621925e-05 7.71660954971534e-05 2.19095459261189e-04 2.67737648467489e-04 -1.07051402046873e-03 -1.13305778697439e-03 2.22922212510522e-05 1.75137779275806e-04 3.01499604412745e-04 2.20661753312583e-05 3.10171184760014e-05 -7.09950877300712e-05 -5.04541355485381e-05 -4.53227952140201e-05 3.06018587469577e-05 -6.21939417229025e-06 -4.84425931716865e-05 -1.14762999942500e-06 -7.16154867494955e-05 -5.67339502444550e-06 -2.12507521552254e-06 4.58360262831236e-06 -2.85617581520609e-05 -1.48498677461748e-05 8.20248542580830e-06 -2.38662616373695e-07 3.64547815731475e-04 9.44255602029257e-06 -1.57971495253712e-03 9.07333584586395e-05 2.68851172632560e-04 -8.00168912888657e-05 -4.90306565861204e-05 -3.24038836455044e-03 7.74556861057366e-04 1.74907314879012e-03 4.69805926219993e-04 -1.06655066192452e-04 -2.66745821856607e-05 3.83481796150783e-05 1.77229616394056e-05 -3.30670107645483e-06 -4.37690684586358e-05 -1.16807930231254e-05 2.44103074749717e-05 2.12511946615686e-05 -1.73639891529267e-05 -2.03529395433106e-05 -5.32157693447767e-06 1.57403693027322e-06 -3.20615758241442e-06 -4.78562324778807e-06 2.73806888813665e-06 3.48062386256003e-06 1.02800794045826e-06 -1.17639733211622e-07 -2.14198809030692e-04 1.50038193735706e-03 -1.45486730832848e-04 1.49646765850708e-06 8.31801242482540e-06 -6.20231234873868e-06 1.00588499006497e-05 1.69449600563050e-05 -1.16807270658067e-05 1.69652335858417e-06 -4.15121810193602e-06 -2.61591440952541e-06 -2.81008288303960e-06 -8.25810280961685e-07 1.76714996164075e-04 -6.97319293643495e-04 1.17690927899136e-04 -5.09295737596782e-06 -3.90158311992279e-06 -9.55728231906319e-06 2.21393012637735e-05 -4.03797926219564e-05 -7.99666222202124e-06 -3.29300788341904e-06 1.19736699714287e-06 -2.70902290202588e-06 -6.41008392949816e-06 -1.85654892100006e-06 5.26510194755150e-05 1.28155240280863e-04 3.45584533740593e-05 7.20638123902397e-06 -4.24370673010925e-06 -1.41731181330765e-05 -6.42538370527861e-06 -4.38058613267769e-05 -3.10377655513614e-05 2.30932447127077e-06 3.11815620674796e-06 -4.60736497679689e-06 4.95939254771371e-06 -4.21392087270801e-06 -6.16473637791626e-05 8.39652526252449e-04 -8.74657839576535e-05 -3.36998450605558e-05 -1.36408565786872e-05 1.78611368546258e-05 -8.23977971807726e-05 -4.53129595886104e-05 4.51547157720570e-05 1.62919121660665e-05 -2.12505003625605e-06 -5.91175758326871e-06 3.13439892590498e-06 -7.71151855371769e-06 -2.84924581587601e-04 2.29544103158880e-03 -5.74834933354657e-04 2.59853764661207e-05 4.20041628352143e-05 -2.53350977360765e-06 5.08120397621753e-05 9.16612426763149e-05 1.36450690944261e-05 1.98088541060474e-05 -3.85578683751953e-06 -9.88285110686196e-06 -3.69684800853987e-06 -2.60995119913176e-06 3.88140177708143e-04 -3.09312530440205e-03 9.21356307023471e-04 5.05819810890170e-05 -4.10263291550711e-05 5.95901477854162e-05 9.39816700485121e-05 -8.78408947811312e-05 8.63273803618710e-05 1.92921335652715e-05 1.51134058395065e-05 7.66572540769868e-06 -2.30275498510406e-05 -6.46654183281716e-06
 9.53190842039509e-05 -3.54362035701324e-05 1.05315586620633e-03 -2.89277366400684e-04 -3.90537291927613e-05 1.80613518464235e-05 -2.88696332231901e-04 8.20817554473470e-04 -4.67362168641132e-04 1.23253438403248e-03 -9.12773592174402e-05 4.84944665297101e-05 -3.59832813237339e-04 4.24671985878542e-05 3.27380067818839e-05 5.91122571777104e-05 -5.61893984769504e-05 -2.46873308292145e-05 6.03120452175319e-05 -4.47132426136437e-06 1.50521719664351e-05 3.65458921886412e-06 -3.61082971021543e-05 2.03980851654603e-05 -5.07639222701786e-06 7.75946774643596e-06 4.56314630533805e-05 -1.30194613650269e-05 3.24740938081749e-06 -7.46271954198416e-07 2.24200750881112e-04 1.86287229261035e-05 -1.42414159011854e-03 5.57350667637106e-04 2.60791959446476e-04 -1.49350517494963e-04 1.40357262812259e-04 -2.94285003431002e-03 1.69369836577903e-03 -3.45727393115250e-03 4.42061869339985e-04 -2.43919128399348e-04 8.78083718593339e-05 3.63849180900013e-05 2.54092132107505e-05 1.97188281433762e-05 -4.41702897305362e-05 -2.09212840707482e-05 1.67520237930586e-05 1.39152626183846e-05 3.30071461417091e-05 -2.31804735237033e-05 -1.13426266210242e-05 7.59347029243966e-06 -4.13274635622160e-06 -3.50274976175139e-06 9.81660283405068e-06 5.28245068525858e-06 1.83323534437246e-06 -2.37112698890201e-08 -1.96984749693018e-04 6.37829601385418e-04 -1.71731240352874e-04 5.43003304296106e-06 1.10873200332310e-05 1.40670386513492e-05 2.63149060622100e-05 -5.06131901200591e-05 1.67051090509276e-05 3.77253326144781e-06 8.04302920478903e-06 3.62067382325255e-06 -1.67084007546548e-06 1.24018685739855e-06 1.11118304794713e-04 -1.17153083103615e-03 3.30785821254119e-05 3.82331256558193e-06 -2.02862288987384e-06 1.41502606293011e-05 -2.65251295003222e-05 1.57602657573906e-05 3.06174032895224e-05 1.76831385601840e-07 -3.27902594173037e-06 5.41897859903362e-06 6.37831413633130e-06 4.88734956079082e-07 -1.93262328767925e-04 6.47693966080501e-04 -1.71652183931624e-04 -7.18132512913390e-06 -1.04912959672104e-05 1.39846090229468e-05 5.64556579868701e-05 1.78016368416660e-06 1.79525329685993e-05 1.11913422461168e-06 -2.65505509839477e-06 3.46747800329916e-06 -7.70929970456332e-06 -4.03434067099239e-06 1.94473132168093e-04 -8.62797014658687e-05 8.86498813608308e-05 -2.97299337495639e-05 1.66911375780122e-05 -4.25258520095286e-05 -7.38604644181846e-05 -8.07192237423706e-06 -8.36587952175462e-05 1.48644243804450e-05 1.62550244449780e-05 4.92763861723357e-06 1.85847919995229e-06 8.77354069262401e-07 2.03685646176329e-04 -7.69363364984626e-05 8.92731580326961e-05 -2.90255627962787e-05 1.79685493918521e-05 -4.32415036505714e-05 -2.74413707371236e-05 6.88896936833520e-05 -8.42748385843421e-05 7.09509844667043e-06 -9.92547521548776e-06 5.09723405653062e-06 -1.34384254645617e-05 -1.33036010366487e-05 7.60778825836193e-04 -5.04937269458736e-03 1.41231909869975e-03 1.01218271813300e-04 -5.83125455583372e-05 1.21200847097445e-05 1.80753766200001e-04 -1.05507943295532e-04 -2.03591740939768e-05 3.09548698691054e-05 7.66572540769868e-06 2.31561380519995e-05 -1.28029932469414e-05 -1.79903052341769e-05
 -1.60673369649342e-04 -1.69885276383929e-05 4.54659053263678e-04 -5.85948007675708e-05 6.52366306338137e-05 7.98303003774799e-06 -3.98288503334887e-04 -1.41938636387791e-03 3.25387444806649e-04 2.06453954740758e-03 1.55975528773771e-04 1.34674437352160e-05 -5.47399918994526e-04 -7.31432051421093e-05 -4.95474955196717e-05 1.29330521193744e-04 9.09031189202968e-05 2.31101032032193e-05 -1.09097727364135e-04 1.51253644985717e-06 8.91461748350503e-05 -3.14717553858095e-06 3.67566167058694e-05 1.04465117735409e-05 1.09244512787971e-05 -1.31596134366525e-05 5.24551892107281e-05 2.25612722683253e-05 -2.92807450383504e-06 3.89457259229616e-07 -6.37314250798420e-04 -1.63835946822471e-05 2.79069915784300e-03 -1.53222072195976e-04 -3.94890275386158e-04 2.60783126076299e-04 9.12793195616938e-05 4.56583101184441e-03 -3.12268049156239e-03 -3.22768921976413e-03 -6.61260663318442e-04 4.45499360009135e-04 5.27556678887868e-05 -5.63525977142340e-05 -4.34458479679407e-05 6.53250175731188e-06 6.88861350569762e-05 3.77154450112078e-05 -3.45226554404137e-05 -1.84595797414283e-05 3.08887600554429e-05 4.64056369980338e-05 2.17047238734817e-05 -2.82013474056477e-06 4.50188723070454e-06 3.31021657774030e-06 -4.63952399871690e-06 -9.31627422864232e-06 -3.75310899561546e-06 1.19465045125023e-07 7.41017998714831e-05 -1.09226941738895e-03 5.08418323173350e-05 -9.71988529465895e-06 -3.03295990631298e-07 2.04272382634198e-05 -4.61395801816377e-05 -4.51667265017117e-05 4.38851745502884e-05 -7.00525733595085e-06 9.53967383088022e-06 7.01558420149532e-06 2.22829309218801e-06 8.43156643562639e-07 -3.20515551513282e-04 1.25529908101617e-03 -2.16751618014437e-04 2.62667230393939e-06 -5.22597785848573e-06 1.77670603981666e-05 -6.77300456677359e-05 2.54710681325732e-05 1.61857051866801e-05 2.10526927923852e-06 -6.64666761079574e-06 5.03725712294276e-06 9.05199102915617e-06 -3.22982375496730e-06 2.17009768695718e-04 -1.83490424367051e-03 1.47391211914717e-04 3.01862089138291e-06 8.92648088809606e-06 1.65797934809327e-05 1.35422866420318e-05 4.86095760580208e-05 3.27888856238943e-05 -2.98009769677822e-06 -6.79397637012179e-06 5.99219705799950e-06 -6.26317238279247e-06 3.96495859000314e-06 3.64137960889431e-04 -3.08031159446356e-03 6.91292986066481e-04 4.72645011763985e-05 5.73876032238365e-05 -1.05026178868722e-05 1.11014943449808e-04 1.28027632105432e-04 -4.96339880205039e-05 -2.41281337237525e-05 -3.29977770384825e-06 1.45823536538826e-05 -3.11410489993458e-06 2.24328823808169e-05 2.53755608670983e-04 -2.43933571735324e-03 4.66883103348675e-04 -1.23634709075970e-05 -6.65144088546809e-05 -2.03891004198210e-05 -3.33881264366062e-05 -1.61994363965848e-04 -6.18855600912376e-05 -2.89436912261039e-05 4.26142577312161e-06 1.37044092400902e-05 -1.35330955109972e-06 1.22469694309864e-05 -6.58538361233519e-04 5.29804532385525e-03 -1.57824451286526e-03 -9.72844935693782e-05 5.10196444914541e-05 -1.04924202273055e-04 -1.92553755067989e-04 9.90378766954226e-05 -1.53265186154669e-04 -2.91945513396814e-05 -2.30275498510406e-05 -1.28029932469414e-05 4.21363150890267e-05 1.79686099508742e-05
 4.53330530095162e-05 1.40126217328770e-05 -4.28257598123143e-04 1.35344778442088e-04 8.95937587089105e-06 -2.25371084322454e-05 1.33247169644586e-04 -1.98577366728013e-04 1.14329132775382e-03 -5.13465975617812e-04 2.12499981298910e-05 -8.56157148141397e-05 1.53271629893519e-04 -9.74600282276214e-06 -1.03401385097347e-04 -2.20379642049136e-05 1.18494924729444e-05 6.68510493548055e-05 -1.56153687467062e-05 6.48727735450383e-06 -4.62767750864026e-07 -5.88972785768121e-07 9.74893276397268e-05 -8.16360375470475e-06 5.71654264242528e-07 -2.61166408773953e-05 -2.00723451066848e-05 2.59330678095985e-06 -9.05446087466506e-06 1.00357978155951e-06 -4.15639696568698e-04 -1.59399169762503e-05 1.41370718824584e-03 -4.11309562382618e-04 -5.66435953447177e-05 4.98616420653661e-04 -7.75312308877001e-05 6.08407629309372e-04 -5.79787269121148e-03 1.72878749395644e-03 -9.74962941822654e-05 8.40488762106383e-04 -4.37384989540187e-05 -7.68148314683866e-06 -8.36743057641248e-05 -1.17585692566190e-05 9.67204702898231e-06 7.06168771733597e-05 -7.52291185973546e-07 -4.13507278599228e-05 -1.47878236301296e-05 3.51710934639615e-06 4.04309843272620e-05 -5.77101823312533e-06 1.52292166357789e-06 9.16778948392838e-06 -7.45081839667179e-06 -1.09306147554721e-06 -6.45174153254844e-06 -1.74244717669992e-07 3.07656847772793e-04 -1.58288729419642e-03 2.16088281850232e-04 -1.33906039668885e-06 -7.50609138913210e-06 -3.97743418615703e-06 -5.63723305181098e-06 3.99145339629978e-05 9.41063824680351e-06 -6.38606158433939e-07 -4.34887143584305e-06 -3.37981041201252e-07 3.14592210498377e-07 -2.39311303885581e-06 -1.32205506081304e-04 9.82727241699378e-04 -7.11024851631165e-05 1.87168646079760e-06 5.30452499921318e-06 -6.66328725360099e-06 2.08174856309374e-05 2.35490222331220e-05 -2.25968319914527e-05 2.73658701870950e-06 -1.27707199795749e-06 -3.04952900743446e-06 -4.61234764857924e-06 3.30244639272205e-06 -5.38962614066824e-05 5.48949068540821e-04 -1.68784817095466e-05 -9.66729359242926e-07 7.74692324546360e-06 -6.99270657486121e-06 -2.82898171186507e-05 2.64655015008226e-05 -1.88789127079011e-05 -3.56681382031509e-06 -1.38088498954729e-06 -2.28976028253447e-06 4.65187316979097e-06 4.52014317151587e-06 4.15229822618027e-04 -4.48610185154033e-03 1.16064008863416e-03 6.12343374058502e-06 7.99091538670656e-05 7.18100701366352e-05 1.40785773286538e-05 1.93567370992437e-04 9.75581763338980e-05 -2.46275558875097e-06 -3.62870762741000e-05 1.31347196074488e-05 -5.26551573796997e-08 3.06202778386875e-05 -5.39731003177338e-04 3.42912440542908e-03 -1.00116361531115e-03 9.57956531680088e-05 -7.96689306766059e-06 -1.72337491095696e-05 1.83496202253888e-04 -4.98338869163482e-05 -2.89674760644523e-06 6.49842349643901e-06 -2.74254371310405e-06 -1.40957665771701e-05 -1.26579504921768e-05 3.50629067440702e-05 -6.43100632572783e-04 4.45966489265620e-03 -1.26499286503285e-03 -1.11195316968655e-04 7.67292000376408e-06 -2.85607151745280e-05 -2.19427489603159e-04 -1.01242515338062e-05 -1.73726501794004e-05 -1.48433387307864e-05 -6.46654183281716e-06 -1.79903052341769e-05 1.79686099508742e-05 3.62914701393615e-05
