Paoks:
 1.99856139312930e+00 7.02957586318213e-03 -8.35398992429263e-03 9.65941198975889e-03 2.85484933564120e-03 9.30442346838989e-04 4.59056979958714e-05 -9.14245250905604e-03 -2.27999672168615e-03 -2.65498175048698e-04 2.05228165169223e-03 1.32658770858161e-03 3.59802833258770e-05 2.08620853804177e-04 4.26024790359401e-05 -5.84543781687674e-04 -3.45131218577708e-07 -7.50081913345834e-05 -3.75301410419319e-04 -6.60472355908545e-05 -1.36006090957129e-03 -3.21787588671022e-05 2.94650002821273e-04 -3.08008602073974e-04 2.96159092260757e-05 -1.58980212624020e-04 -1.30638752096016e-05 1.99661180087061e-04 5.40054337270880e-06 1.14177544932279e-03 9.69798955536900e-04 6.67225095096685e-04 -1.59802094950084e-02 -1.29299558507942e-03 2.03552390103781e-03 -2.02326623376575e-04 -1.95326287261807e-06 1.48699341812534e-02 1.38161078198239e-03 -3.52887482161153e-04 -7.99303025911008e-05 1.17056288820851e-04 4.53338494469733e-06 2.90891906529263e-05 -3.68456217606067e-06 1.89333121740084e-04 4.82556881891329e-06 -2.86223491731555e-04 3.81100096353275e-04 5.33834651776575e-06 8.64774915367550e-04 1.82628152600500e-05 -1.99021105912358e-03 -1.10334282072591e-04 -1.48066231767727e-07 1.99371288969651e-06 1.44379160695419e-06 2.68760807047280e-04 -1.55692403311636e-07 1.82013485679210e-04 -4.21711516791631e-03 -6.85662392336987e-03 -9.77425233587918e-04 -2.92487984225655e-04 2.99018903405869e-04 1.69772038629213e-07 -1.29396974407259e-03 2.89860758461886e-03 1.38540246026945e-05 7.24067455980146e-04 -6.58115124074805e-06 2.21168461471921e-04 2.80840723795220e-06 2.68188733231506e-04 -1.20894525764237e-04 4.97811515092105e-04 -5.55045297375118e-03 3.08240089544264e-04 -1.82764392833924e-03 -1.20276493720267e-03 -2.52558860171853e-05 3.51580298194838e-03 8.45846765254282e-04 3.73941307848426e-05 -1.92298705614022e-03 -1.35588275023432e-03 -4.25238100361378e-05 -1.44484410396494e-04 -1.62143319146643e-06 1.16159880157386e-04 -6.72205377415967e-06 1.50336771422319e-05 -1.77871887533048e-03 -4.78214883267566e-05 1.10295663601100e-03 -3.91030071706109e-05 5.83221749520953e-04 -5.43944987919681e-04 -7.24097078449882e-06 4.93386510794891e-04 6.43605225170109e-06 1.47813144537861e-04 1.10385013884901e-05 6.57327536410492e-04 4.10650746133038e-04 -1.30616607646949e-03 3.64198746125879e-04 -1.21854172637584e-04 -1.42072747665161e-04 2.92829455924887e-08 -2.18206008827540e-04 2.43660205617876e-06 4.87599754593073e-07 -1.16862292243588e-04 1.40326943324616e-06 -8.92443870191380e-05 5.06485175872263e-07 1.43872619419664e-04 -2.92426471765115e-04 -4.36345554990747e-03 5.44547268155468e-04 -1.04482845156941e-04 -3.18715353066107e-05 8.28455109278317e-05 -3.12914463811875e-04 -2.92974576522076e-04 3.84506772794509e-04 -7.18646863101113e-06 7.38674382722711e-05 1.75699970359446e-05 3.54515799155076e-05 -1.66151071216280e-05 -2.86442449383504e-04 -4.42297927197543e-03 4.99337204662293e-04 -1.03129030906217e-04 -3.27600371452124e-05 -8.05791342771806e-05 -3.21883076150658e-04 -3.16514276759207e-04 -3.67517059149346e-04 -1.27540224717158e-05 -7.71102772003527e-05 2.32819525902193e-05 -3.44303000172687e-05 -1.90988914432063e-05
 7.02957586318213e-03 3.92732312758593e-04 -1.48510177128795e-02 9.77590337635809e-04 -1.42201655208649e-03 1.44243648642948e-04 -5.78663020299684e-06 1.05591496887976e-02 -4.08357359997885e-04 1.71753388453851e-04 -3.30787944547548e-03 4.67198737709827e-04 -1.60147434869683e-05 6.71948797565458e-05 2.65390228617393e-07 2.52500290517969e-04 6.88901050554868e-06 1.73989786686747e-04 9.81222721502939e-05 -6.40729834954616e-06 3.70352336902592e-04 1.25476652628345e-05 -1.70283319604757e-04 1.16730279295967e-04 1.18320764322524e-06 -2.39274648813182e-05 -1.81952675063552e-06 -2.00107241697665e-05 2.26281882120482e-06 -1.85095864362263e-04 -1.06804259957782e-04 -5.24388172419475e-05 -1.04536125713187e-02 8.68967713561048e-04 4.79100906830547e-05 -7.43799272363297e-05 -5.65326302353038e-06 -7.05029875275705e-03 4.20537645625972e-03 2.36289881875518e-04 -7.44040735809858e-04 1.89695031620102e-04 -4.98351098999217e-06 -2.84431730639376e-05 1.49150811212745e-07 -3.19704424371788e-05 -2.75878147774200e-06 4.45362276773258e-05 -1.19774841266379e-04 5.35982476477755e-07 -6.25932410101001e-05 -6.50473082318684e-06 2.00247172543945e-04 2.63331171906215e-05 -1.02806704117329e-07 4.91702292589169e-06 -1.06090736653218e-07 7.11810886301661e-06 1.45151907880677e-06 -4.95894965934318e-05 1.77891202312009e-03 -1.18587690255757e-02 3.09086642183449e-03 -2.30935365529179e-05 2.69168072230641e-04 2.02643812637965e-06 1.33654667057512e-04 3.21881916323622e-04 8.45278222397310e-06 -4.67031220815804e-06 -3.08978347431701e-06 1.44056430265623e-06 1.18807387096680e-06 8.18998853152894e-05 1.09774484177579e-03 1.25570298823137e-04 -3.04397468511859e-03 2.25138103898943e-03 5.56909554572046e-04 5.53208736920584e-04 -4.47258142814231e-06 -6.10370852870642e-03 -6.19320846801459e-03 -1.75011790358836e-05 1.54434535692936e-03 1.11064174587528e-03 3.37185405756225e-08 -1.72147965580643e-04 1.30498738459397e-06 1.71784679248638e-04 4.23898416432121e-06 1.45428965513241e-04 -2.95092021122862e-04 1.49943081299516e-06 1.84533229617466e-04 -3.08551315248194e-06 2.31103554589940e-04 2.24353975503075e-05 8.31073243169312e-07 4.54595591101808e-05 -1.44337863492151e-06 3.88202358220578e-05 5.51060417966801e-07 9.17399825989115e-05 -2.79284076287331e-04 4.36672529306319e-04 -8.31714476091059e-04 -9.33287088111070e-05 -1.26610763363113e-05 -5.25164629396808e-07 -1.22077679053676e-04 -1.42534876905258e-04 3.19862410835672e-06 -2.46623450017637e-05 1.15103994191722e-06 -5.28935680504262e-06 4.95122935935863e-07 2.26793069521654e-05 -4.17680153865410e-04 2.81155671558249e-03 -5.30144954720806e-04 -2.67451331423972e-05 -7.31000536555694e-05 -5.91077223546350e-05 -1.25482330253917e-04 -2.17504207903048e-04 -6.34059401063717e-05 -3.21751976171604e-05 4.16184567912539e-05 2.26413286920174e-05 1.06558245446648e-05 2.74362336013367e-06 -4.23313337565859e-04 2.87560046840116e-03 -5.41646805499285e-04 -2.72633865015611e-05 -7.39658212531556e-05 5.99201602406495e-05 -1.32245426313041e-04 -2.19036970203538e-04 5.98893970347719e-05 -3.27170620803791e-05 -4.20988166649646e-05 2.32280556011525e-05 -1.35713602027194e-05 1.01989446432594e-06
 -8.35398992429263e-03 -1.48510177128795e-02 1.37508181176027e+00 -3.10037570308368e-01 -3.65924451349200e-02 -2.36830207379331e-03 -1.37001701817343e-04 -3.98803276108146e-02 -1.72935588847649e-03 -6.29259869152696e-04 -6.76262370091102e-02 3.19441704717242e-02 -2.22517617925622e-05 8.51545337368404e-04 -2.97252611429415e-05 -2.13254521599135e-02 -3.64192003368017e-05 3.99688995444077e-03 2.22546202764579e-03 3.46623032671836e-04 -9.24243172690328e-03 -1.05753602714241e-04 -1.00748798572502e-04 -4.79793030277889e-03 -4.04407855930011e-05 1.82662974477745e-04 4.80560700379025e-05 1.84552249747795e-03 3.27813431634543e-05 1.67586428325242e-02 -1.07373526673437e-02 -4.55408705831837e-03 7.49250137017186e-02 -1.09557795326296e-01 2.87856366579832e-02 -2.63494611614837e-03 6.39823725357022e-05 -5.96654970846827e-01 5.40653283116800e-02 -1.16906859530671e-03 6.80796138618462e-02 -7.76041202619899e-03 2.36254974880061e-05 -1.71866490551944e-03 2.82228795688411e-05 -5.39311611345629e-03 1.78462780063204e-05 1.00870895808134e-02 -1.81567366190184e-03 -8.28594735865489e-05 -1.30652246273335e-02 -1.48513551470628e-06 2.12031568476621e-02 9.27180136338457e-04 2.89611648168213e-05 -9.93892022846048e-05 1.94095475450744e-05 2.15268929123207e-03 -2.85228827564710e-05 -3.44534071907356e-03 -1.27128195742381e-01 5.92369013043112e-01 -2.32248934523874e-01 4.61748881442659e-03 -1.37624387277711e-02 -4.42367140875123e-05 8.30579242648098e-04 -5.68777201973910e-03 -1.96668878679101e-04 -9.62266438255816e-04 1.34188862439972e-04 6.14487429890362e-04 -4.03560545118863e-05 -5.98671613792107e-04 -7.09822379251890e-03 -5.74569716402662e-03 1.79349795213194e-01 -7.85344702390480e-02 -2.74090954191401e-02 -4.52461194360223e-02 7.28572271311036e-04 3.21949333591761e-01 3.72430386189606e-01 8.55485258896005e-05 -4.46397036863026e-02 -1.10676751349511e-01 4.16179028728821e-04 1.10240093496314e-02 -1.09799025609062e-05 -8.07510991714829e-03 -1.21567510109284e-04 -5.32692664705067e-03 1.17064050241957e-02 5.51100151678684e-05 -7.86147604254345e-03 1.47886891226154e-04 -5.44053126088418e-03 -1.67435797617973e-04 8.59235952642963e-07 -8.37946622693252e-04 3.40430452931370e-05 -2.54683373171685e-03 -1.39167485191469e-05 -2.27250085307869e-03 -5.69401109856542e-03 -8.38939315946761e-02 -2.63768150232394e-03 4.60499048921721e-03 1.09695199399955e-03 2.57614843074370e-05 1.18908566602691e-02 -1.89084601943724e-03 -2.17512148614159e-04 2.00485439303841e-03 -6.97283741889030e-05 7.22778150445410e-04 -1.63084273692802e-05 -1.10368327338524e-03 2.03483067042492e-02 -1.31236146139167e-01 3.55687217047147e-02 1.37539602526243e-03 3.70718797229692e-03 3.27403460743992e-03 4.07549170935224e-03 1.27347024230100e-02 1.68616884686888e-03 1.97368698484699e-03 -1.94165729952825e-03 -8.55245464280991e-04 -2.52688186879795e-04 2.69269717610455e-04 2.14046014207466e-02 -1.31927580101636e-01 3.64598291919884e-02 1.39868419719416e-03 3.72067067076096e-03 -3.28814989842388e-03 4.66289901952744e-03 1.27440564624361e-02 -1.24737022474804e-03 1.98294245235658e-03 1.95860919854343e-03 -8.64879841988206e-04 4.37059289666029e-04 3.61523869695084e-04
 9.65941198975889e-03 9.77590337635809e-04 -3.10037570308368e-01 1.12819085410183e-01 3.37841632758075e-02 -9.82759821629134e-03 5.19106919324028e-05 -1.34655675360870e-01 9.52315390356197e-02 -1.21014416927799e-05 6.29563533313083e-02 -4.58649954501273e-02 7.43616677633822e-05 -5.06422717405373e-03 3.78758348856916e-06 5.08401170428578e-03 -1.41785111968365e-05 -5.32027092439843e-03 -5.23714533955141e-03 -7.65849289270829e-05 -5.49798945609463e-04 -3.43286440184594e-06 2.97035190233677e-04 -5.06471888946981e-06 1.76746120485948e-05 2.62319644650317e-04 -1.97806155757800e-05 -1.95919070799940e-04 -2.28818445784103e-05 -4.53353932943290e-03 -2.52850028958944e-04 2.12953320800755e-03 2.82374816165150e-02 3.24549290825165e-02 -1.06370548138557e-02 3.68503715567392e-03 7.33056747695704e-06 2.95809937833653e-01 -1.22484232231768e-01 -6.22324010485044e-05 -1.91890965459778e-02 -6.03062287263821e-03 -2.74905348999882e-05 8.36232985995791e-04 -6.68976850231001e-06 2.47000942156888e-03 3.21487915190607e-06 -4.49214188816784e-03 1.36289945184241e-03 2.60830315365355e-05 5.85147749780376e-03 -1.74490238106378e-06 -1.03910613904821e-02 -4.31482987377000e-04 -4.81205216213386e-06 -2.25465263160348e-04 -6.91758211347686e-06 -9.89037659032339e-04 6.53728285569713e-06 2.00753974340379e-03 1.37266227690120e-02 3.75366803723777e-02 2.67904243184476e-02 -5.15190256317784e-04 -1.58446836557040e-05 1.53464081875863e-05 -9.67312051562813e-04 -3.69632375803693e-03 1.12545233473083e-05 2.44218125221025e-05 -2.47790041652859e-05 -4.07056585131757e-04 4.78405196133944e-06 -1.10113217521747e-03 -2.59884445662635e-03 2.62930080956749e-03 -1.05795509425916e-01 -6.89633800960525e-03 3.78248675776074e-03 8.72278985171535e-03 -3.34624286044106e-04 -8.15063312404051e-02 -7.95559866591759e-02 4.87326183507723e-04 -9.60393853343731e-04 2.28962144393458e-02 -2.67481280849416e-04 -2.65912719847049e-03 5.19557045291003e-06 1.36021971468760e-03 2.38577644569562e-05 8.56910545915393e-06 -2.54646864290211e-03 -2.64232193200334e-05 1.29370627705350e-03 2.16532723872745e-05 -1.38538933569632e-03 -8.64704559065891e-04 2.00482678553959e-06 -5.27450755485276e-05 -1.94499325646001e-06 1.02647739718453e-03 -1.86389280757038e-05 3.19843628132058e-04 1.16822699593818e-02 -3.72878722733509e-03 2.75137026747207e-02 -5.60409607946760e-04 -1.54525977486172e-03 -9.98247210184824e-07 -3.25094336377291e-03 1.45405650097541e-03 6.62594547284490e-05 -4.34728844175184e-04 2.28409316059465e-05 -1.17487945433788e-04 1.94870829747164e-06 5.73073180253112e-04 1.10162152132419e-03 4.12992344649843e-03 4.77105829715359e-04 -6.86591081988825e-04 -6.50897269869331e-04 -2.13825709306050e-04 -1.41419515506482e-03 -2.64266076797379e-03 -1.15882791960503e-04 -4.51754167183355e-04 2.84840668780229e-04 2.56200845626112e-05 1.59698431147687e-04 -3.62949778318725e-04 6.45062551228412e-04 3.40778925845575e-03 5.15248765052053e-04 -7.14707520864794e-04 -6.51918727387098e-04 1.91903705638272e-04 -1.61267758924334e-03 -2.64221104079530e-03 -6.19449704596652e-05 -4.54849002589379e-04 -2.91345386415325e-04 1.46104583638541e-05 -2.20006452738915e-04 -3.86303925160707e-04
 2.85484933564120e-03 -1.42201655208649e-03 -3.65924451349200e-02 3.37841632758075e-02 3.15855836194884e-02 -2.87879277903024e-03 7.98071851808051e-06 -1.76416406357252e-01 1.18770736191877e-02 -3.03267151474180e-04 6.30288414316558e-02 -6.78355533849331e-03 7.03311014621352e-05 1.04066469512475e-03 1.23028380563243e-06 1.31726609386095e-03 -1.78515313489221e-05 -5.13448277942190e-03 6.64968786622320e-04 9.90274466674739e-06 -3.81263764925215e-04 -1.66451010828086e-05 1.03733586522889e-04 -1.71036143564309e-04 -5.91864233451903e-06 2.47900586367031e-04 2.38933930330830e-06 5.00097612810813e-04 -4.90823849162433e-06 -1.43710047258515e-03 5.98776720504860e-03 9.69101343968470e-04 -4.61008347674990e-02 1.70970260878931e-02 -4.94619355184709e-03 2.69255268093803e-04 1.20328765798605e-05 1.80800122450715e-01 -1.44187083128977e-02 -3.54393879784885e-04 -1.13449721415590e-02 1.14487834607537e-03 -8.83514088019332e-06 4.00179827417438e-04 -6.72389331662448e-06 1.58875049177607e-03 7.22647148392425e-06 -2.86159188488174e-03 7.63167331122094e-04 7.79317959526531e-06 3.33671622589537e-03 4.49877592259464e-06 -6.20323341212475e-03 -3.04378148668756e-04 -2.48966240937499e-06 1.16942140010041e-05 -2.29602858266415e-07 -6.43866392225934e-04 4.10229067450774e-06 1.52886761400996e-03 -3.46218198215297e-03 6.42236794056642e-02 -1.25932769758134e-02 -2.54109656752366e-04 -2.06483200329762e-03 -2.12226045744922e-06 -8.01620531166202e-04 -4.52779058776622e-03 -2.51896318265914e-05 1.69696716671033e-06 1.09606223991806e-05 -2.61770534232645e-04 -4.16053248554229e-06 -1.27434403618153e-03 1.42169115471694e-03 -1.73722671949578e-03 3.94461800812082e-02 -1.19069338257845e-02 -1.10457561808154e-03 1.08627187512650e-03 6.21760721020297e-05 3.40816503026637e-02 3.34822087719471e-02 -8.69997164692631e-05 -9.02046850104790e-03 4.02785153946794e-04 4.40698118404600e-08 8.95991292140887e-04 -2.60895123679974e-06 -1.11081883638977e-03 -1.20898235606889e-05 -1.46986374647582e-03 3.22097811539533e-03 -2.70861129957500e-06 -2.07953232109597e-03 -6.58626426315259e-06 -2.27335595548352e-03 -2.28525607606568e-04 -2.05908691463441e-06 -6.66615618735965e-04 5.54827347687885e-06 -2.72611115945126e-04 5.27434408648368e-06 -1.36618591697731e-03 2.76227184879151e-03 1.07799260723291e-02 4.84764301539699e-03 3.88140861928237e-04 1.60298650671782e-04 -1.04488351790490e-07 -2.77649330394518e-04 2.08086214801780e-03 -6.99146482435681e-06 -2.53183728251911e-05 -1.93532219578860e-06 -4.06754464746929e-05 -3.89073835166053e-07 -1.77978407050222e-04 8.78060071461642e-04 -9.06546580824460e-03 -2.02593081785573e-03 4.05273839317294e-04 4.81491307804772e-04 6.98542134902263e-05 1.47102140386449e-03 1.38941722003898e-03 4.33526119333447e-04 1.71678693609185e-04 -3.19617922417253e-04 -1.47550344351430e-04 -2.33584116962228e-04 -2.91937504948296e-05 9.12755909331284e-04 -8.94478531094458e-03 -2.03108110127814e-03 4.14474862622371e-04 4.83676161110638e-04 -6.84204937057271e-05 1.51658216173003e-03 1.39242617230676e-03 -3.82923523252861e-04 1.72468215795170e-04 3.22063978891537e-04 -1.47002437573581e-04 2.54514508760278e-04 -2.31308873039904e-05
 9.30442346838989e-04 1.44243648642948e-04 -2.36830207379331e-03 -9.82759821629134e-03 -2.87879277903024e-03 6.87762521501874e-03 1.57814041233625e-06 1.42305754842931e-02 -7.80525276180873e-02 -3.78237231894952e-04 -1.87589853229165e-03 2.09105396252991e-02 2.04107834928970e-05 2.08333651853898e-03 5.40150253072467e-07 -1.87300924594090e-04 -9.53517606098988e-06 1.15476957084590e-03 1.90854595659238e-03 1.20260469859781e-05 2.83838437755638e-05 -2.19898488332303e-05 6.32113300201188e-04 -2.23915360459277e-04 -1.35741379277671e-05 5.72929443859829e-05 8.47817296089477e-06 -2.84564625790387e-05 2.06942974857222e-06 3.40717688829164e-04 -7.29913619683905e-04 -4.11999735063721e-05 1.86923447208268e-02 -1.15722533549480e-03 2.15312981495959e-04 -4.77277776121076e-04 5.76777836856574e-06 -1.32252968777107e-02 1.20520401513815e-03 -4.88836954534812e-04 1.23100534238100e-03 3.94449546240968e-03 2.09176489675187e-05 3.90760848354380e-04 -1.57210725789988e-06 -1.33597498357335e-04 4.64283673294362e-06 3.21722238523481e-04 1.41306978892774e-03 -1.19827510236009e-07 -3.38020664371819e-04 1.79670033653956e-05 7.32944827107693e-04 -3.89411317258205e-04 -2.78116043859744e-06 1.19301008789435e-04 8.44621421354151e-07 8.33098936091496e-05 -3.53887037268230e-06 -2.19439892335859e-04 1.01932175436942e-02 -8.08597693198778e-02 1.70526819846896e-02 -9.33467855856894e-04 1.30647077124628e-03 -7.44903574924050e-06 -6.44559068852716e-04 9.37485968981688e-04 -7.64030778160399e-06 3.77522036715301e-04 4.31830170524307e-06 1.41147068944001e-04 6.99746045538044e-07 1.48582277450651e-04 4.52723984304500e-03 -1.22432762928814e-03 4.64018100736032e-02 1.33397115894063e-03 -9.53589241396507e-05 -1.77720048834929e-03 8.44543418798009e-05 1.95664345044802e-02 2.84236698189873e-02 -1.15895293691099e-04 -9.36023226536306e-04 -1.64116230767714e-03 2.97142842741950e-05 9.32191924772124e-04 -5.28597148278106e-06 -2.03733456538093e-04 -1.28494945100731e-05 4.28472973607679e-04 1.26795035444800e-03 8.34762222868358e-06 -5.29527753793967e-04 -8.99596567122304e-06 5.04770783515257e-04 5.32343105832068e-04 -1.84128784581016e-06 -1.21549372243743e-04 2.70193011218907e-06 -4.31519245999206e-04 9.25474440317336e-06 -3.69846145191621e-04 -2.10686696578869e-03 -1.40357316640911e-03 -5.84112163704796e-03 2.70168635874078e-04 5.76873277741475e-04 -1.85091929223971e-07 9.04909557268832e-04 1.98472487487429e-04 -1.19435378956100e-05 1.33414137717907e-04 -6.88494362516831e-06 4.05037978855807e-06 -1.61555081369882e-06 -2.68907511660605e-04 -2.20323750758539e-03 9.25768265956420e-03 -4.25479859751116e-03 2.90442542518892e-04 2.65543445993696e-04 -1.78689566788591e-04 7.96767058750927e-04 7.36475440427386e-04 -3.78711254990221e-05 1.35127780124652e-04 -9.63770674946133e-05 1.95910766718463e-05 -1.04977928677838e-04 1.81219515078971e-04 -2.09152863178799e-03 9.36900872451387e-03 -4.34790894975727e-03 3.03230771364975e-04 2.66174236499512e-04 1.86253546083741e-04 8.37553337598856e-04 7.43852510171527e-04 8.25838766113824e-05 1.37827549065708e-04 9.84902853342514e-05 2.31927587604504e-05 1.22662279463859e-04 1.89150987949963e-04
 4.59056979958714e-05 -5.78663020299684e-06 -1.37001701817343e-04 5.19106919324028e-05 7.98071851808051e-06 1.57814041233625e-06 1.45104815002198e-03 8.72958573569793e-05 2.59616252912919e-04 -2.97082007991847e-02 -2.06825045416302e-05 -3.41419121207648e-05 2.29010246535248e-03 -1.15359302478971e-05 5.28784267343209e-05 1.31373550117693e-06 -1.02908077812941e-03 -6.83607911911154e-07 -2.41567023230880e-05 2.47937058301443e-04 -4.15058961937368e-06 -2.01610152161407e-03 -1.35866320044713e-05 8.45612564348053e-07 2.86878127690330e-05 -6.59723407725671e-06 2.29244394285821e-04 -2.41058618470779e-06 -4.15660070956424e-04 7.80241591297214e-07 4.33892767164645e-06 -4.09487260819890e-07 -8.50957340481404e-06 -1.46554234737045e-05 6.16225905209125e-06 5.00904989336259e-06 6.58616862642429e-04 4.71476883238708e-06 -3.71228910697678e-05 -3.99578223375179e-02 4.00227776829912e-06 -1.88720558996058e-05 1.15936084328297e-03 3.78971475363479e-07 -3.72419468359746e-05 -5.01274130379749e-07 4.99490976267026e-04 -7.64079670658382e-07 -6.19892945224774e-06 -8.07086375811577e-05 2.96374005155280e-06 1.21881205960389e-03 -5.45650387276654e-06 7.70122913111662e-07 3.09497538097726e-05 2.24191989313785e-06 5.94278920636934e-05 8.78151886860976e-08 -2.41924887507444e-04 1.87878740019122e-07 -6.05111043141023e-05 1.54034511181385e-04 -3.39239587847822e-05 2.56991867669164e-06 -1.65908683702463e-07 -2.96003961738593e-04 -1.27539356695228e-05 1.47383394907733e-05 -8.01643378296290e-04 3.43402659113022e-06 1.72450825863134e-04 1.93303925938389e-06 -9.28772371295615e-05 4.47712408247916e-07 -8.69560726452631e-06 -1.40729595850597e-06 1.19313311149821e-05 -3.22645655254950e-05 1.29733591111538e-05 2.45089440812694e-05 -6.41062552865079e-04 -1.93522235001475e-04 -2.53845643121158e-04 1.56793706229090e-03 3.87055234199189e-05 4.33263353213966e-05 2.89980871812029e-04 -6.19242561452934e-06 -2.19377883555324e-04 3.01056553248819e-06 -3.96611542251426e-04 1.60635936672243e-06 -6.09720856810477e-06 -4.89537220833739e-04 8.30529853029728e-06 -2.19261132114347e-04 -1.47986213640113e-05 -1.91334216429629e-06 -1.77080699863514e-04 -1.03887443620668e-06 1.28483937741318e-04 -3.44254358400381e-06 1.18227054453394e-05 7.04864759018950e-07 -2.33091501457385e-05 1.44829431701857e-04 -5.37717427887782e-06 -4.41626888018184e-06 -9.30226254032529e-07 1.29399515484989e-05 -1.95160463475126e-06 5.52484731267188e-06 -1.04178437201476e-04 -2.89049800309306e-07 -4.10358289216558e-05 -5.96837865195130e-07 -3.83960807903237e-05 2.74497928843429e-07 1.57804394350839e-04 4.02813837980379e-03 1.64914925490247e-04 -2.81622626184448e-05 -5.50784723460588e-05 -7.29595256178259e-06 3.63321375707200e-05 -7.31882408748774e-05 -1.69120612770794e-04 -3.26026616556057e-05 7.12664169769956e-06 1.29523206275892e-05 6.62972064345277e-07 -2.91176474427257e-05 -1.82299512359868e-04 -3.80620997119524e-03 -2.03048747317963e-04 2.73396665972966e-05 4.96794313209682e-05 -4.51664983197943e-06 -5.41755668524603e-05 6.18765739317043e-05 -1.51398279641827e-04 3.23340456392969e-05 6.62994203467514e-06 -1.07891126153209e-05 -1.28004413742772e-07 2.83533488704548e-05
 -9.14245250905604e-03 1.05591496887976e-02 -3.98803276108146e-02 -1.34655675360870e-01 -1.76416406357252e-01 1.42305754842931e-02 8.72958573569793e-05 1.04491104889139e+00 -7.93213815232668e-03 9.60117213709938e-05 -3.55464470286295e-01 2.03451383915421e-02 -2.62319945657072e-04 -8.00916326999646e-03 9.07079101940072e-06 -4.26126620789588e-03 5.77757092846450e-05 2.86121800899693e-02 -6.69047952871442e-03 -1.16533899004382e-04 2.43919771265720e-03 5.17843324529754e-06 -6.10141764887801e-04 2.48726582903988e-03 5.73098418514337e-05 -1.72341690039536e-03 -1.11510964717136e-05 -3.60786247718511e-03 -4.57519958947132e-06 5.68898046459282e-03 -6.25601627534593e-03 -4.40214954279228e-03 3.15276310647590e-01 -8.25268400761874e-02 2.34207996380744e-02 -1.05043413659571e-03 -3.83414345441156e-05 -9.21637010331539e-01 8.05627120711647e-02 7.86127876027235e-05 5.69158448266133e-02 -8.68903617791890e-03 1.18341171979809e-04 -2.40285373334156e-03 3.31195458022800e-05 -8.26124825645217e-03 -1.91313532753779e-05 1.47646445516443e-02 -5.09590896852550e-03 -3.40632533944896e-05 -1.69544873206413e-02 4.32436478688623e-05 3.11538281738985e-02 1.91522752761187e-03 1.15556542610857e-05 -1.15339303275944e-04 -1.65966084641870e-06 3.39928880129946e-03 -3.24185715946700e-05 -8.11760409323467e-03 3.42605882963794e-02 -4.24471696387582e-01 1.07044827253734e-01 1.49265185829180e-03 1.41205724021189e-02 6.54759446410931e-06 4.67286478682923e-03 2.81531909590839e-02 1.41464619676616e-04 -4.62058302317853e-05 -8.46170580176745e-05 1.40536622557340e-03 2.67201665337543e-05 7.75079087472413e-03 1.53422520971218e-03 1.01086555023910e-02 -2.13295077426361e-01 6.92188161939041e-02 9.99111132623993e-03 1.00887109031624e-02 -5.16726603698392e-04 -2.56406784360431e-01 -3.51020235114920e-01 2.77416750824010e-05 5.89585738700548e-02 3.08655577163239e-02 7.48974681022670e-05 -9.59031085375518e-03 2.13266503879015e-06 7.76289691750531e-03 8.77999006166040e-05 8.85650831310524e-03 -2.30736080900229e-02 -5.77926218517842e-05 1.44571645957626e-02 -2.69113659626970e-05 1.39649180473307e-02 1.07994830131775e-03 -2.13116049361892e-07 4.22157314091825e-03 -3.47865335133668e-05 1.84510350660841e-03 -2.05746780092760e-05 8.43834030474064e-03 -3.03027729317246e-02 5.88570707376635e-02 -5.15445092894139e-02 -4.53918871085342e-03 2.11048569697354e-04 -9.37202902339356e-06 -2.78672232918059e-03 -1.06347485975517e-02 5.75127844489498e-05 -6.90588751057771e-04 2.22767883087390e-05 -1.23991155084929e-04 9.47674050670916e-06 1.33154795952066e-03 -1.39506582299803e-02 9.21421411073579e-02 -9.10710650969228e-04 -2.33888092490156e-03 -4.36987410251650e-03 -1.40250977932552e-03 -9.78392691589788e-03 -1.25746128365698e-02 -2.70454888091449e-03 -1.59594564168714e-03 2.53459168921638e-03 1.03732158790791e-03 1.42620459137308e-03 -7.99979039430932e-05 -1.45215461212445e-02 9.21411090002453e-02 -1.27047789489938e-03 -2.38552567795114e-03 -4.37877849789830e-03 1.41403909690006e-03 -1.01634817784241e-02 -1.26037198984733e-02 2.28911066409432e-03 -1.60395759228548e-03 -2.55245507609741e-03 1.03748957013072e-03 -1.58849253761630e-03 -1.40503419519562e-04
 -2.27999672168615e-03 -4.08357359997885e-04 -1.72935588847649e-03 9.52315390356197e-02 1.18770736191877e-02 -7.80525276180873e-02 2.59616252912919e-04 -7.93213815232668e-03 1.00667611634614e+00 -2.22049120646183e-04 -1.35621344086172e-02 -2.51083564316190e-01 1.02134729405664e-04 -2.18244758658324e-02 2.23604915765575e-05 8.98196260547621e-04 -2.26366492353116e-05 -7.30291665277068e-03 -2.24029886176272e-02 -1.50029409949144e-04 -2.83671458616540e-03 4.10874680410403e-06 -3.25303675682573e-03 4.33838612345526e-03 1.90673537349191e-04 -1.76650873207444e-03 -6.43647092556157e-05 -1.06479931634468e-03 -9.14502122523449e-05 -2.65865798104953e-03 1.32507488381892e-04 6.69192207665972e-04 -3.64378432737515e-02 -5.02555333874189e-03 -2.77121331890064e-04 1.99530933600998e-03 2.10049934246703e-05 8.93144528432098e-02 1.80961584091397e-01 -3.86182805381160e-05 -9.15928079747996e-04 -4.58049337940380e-02 -5.12992909686646e-05 -6.62742241454980e-03 1.27871069775777e-05 5.15431265200157e-04 2.32217031530151e-06 -2.13576546294790e-03 -2.30070888773790e-02 -1.00241590810626e-05 2.21762565125518e-03 -1.87169178662665e-06 -6.81814930595282e-03 6.27441664380044e-03 3.41190107929387e-05 -1.36181429273157e-03 -9.15575194885651e-06 -4.69927260737699e-04 5.85046788134755e-06 1.87403490049761e-03 -1.31297535098144e-01 9.11913859955924e-01 -1.99588969485818e-01 1.25307371821014e-02 -1.37951466239541e-02 4.24740338367131e-05 7.28494058258080e-03 -3.47539116463631e-03 7.78746090078801e-06 -4.55557946213820e-03 -4.08603693131693e-05 -1.68822026590585e-03 -2.41363233631532e-05 -2.61406907086549e-04 1.96960249003667e-05 1.01391023220883e-02 -3.35030770864887e-01 -2.41387329928407e-02 1.45050959752592e-02 3.45925405593291e-02 -9.84531860332778e-04 -3.76833156561572e-01 -4.52290893309614e-01 1.49329930797117e-04 3.82978224953628e-02 4.72358236044740e-02 9.23775070686113e-05 -1.51698970549988e-02 1.55502280751414e-05 5.82462572529692e-03 1.41636252131606e-04 -3.39118180531888e-03 -1.88171452328377e-02 -2.25377808406986e-04 1.16895826280003e-02 -6.84813836468927e-05 -3.50588716744897e-03 -6.58603842354220e-03 5.16889791691387e-06 1.94979553507461e-03 -1.50571833472462e-05 4.19262957712037e-03 -5.97028695314753e-05 4.39174662118309e-03 3.21001893973673e-03 1.32304496131497e-01 2.72338248163855e-02 -6.57973413742472e-03 -5.12023135611233e-03 -1.78446724465943e-05 -1.60335623261894e-02 -3.03222940503460e-03 1.39090186475384e-04 -2.36936726504399e-03 8.72874137609315e-05 -3.14484713457370e-04 2.59710661402696e-05 3.74079976835114e-03 -9.99202104971313e-03 6.90073709884649e-02 -6.10509512605181e-03 -2.02778825922595e-03 -4.58934536958225e-03 -1.97217660265684e-03 -1.09351186226745e-02 -1.16752214964142e-02 -1.81957631946313e-03 -1.89441267478164e-03 1.76443452106275e-03 6.55890380588817e-04 8.64882566794687e-04 -2.22539021434910e-03 -1.14982308772650e-02 6.91511076903567e-02 -5.67015982546725e-03 -2.12407426327855e-03 -4.59466281152792e-03 1.93778543691903e-03 -1.14342329776170e-02 -1.17803799724849e-02 1.23866076022150e-03 -1.92689364527803e-03 -1.81094646503453e-03 6.10665499666807e-04 -1.09269107395423e-03 -2.32546749696802e-03
 -2.65498175048698e-04 1.71753388453851e-04 -6.29259869152696e-04 -1.21014416927799e-05 -3.03267151474180e-04 -3.78237231894952e-04 -2.97082007991847e-02 9.60117213709938e-05 -2.22049120646183e-04 6.35700760159494e-01 -2.80906750021327e-04 -5.15387852495062e-04 -5.56307874662105e-02 5.53366684226604e-05 -2.56339565099602e-03 1.46728590320893e-05 1.96016643944316e-02 1.16692529525386e-05 3.11461654355887e-04 -7.06305781104582e-03 9.24065628033585e-05 3.87600632846870e-02 1.46825314026670e-04 2.65975729036379e-06 2.75707398705395e-04 1.13675517507991e-04 -5.22886780580661e-03 2.33047393083721e-05 8.45762741015604e-03 -5.60954928342088e-05 -3.12353236835535e-05 1.69776060468344e-05 -4.92392697895791e-05 5.24133729491936e-04 -1.49886054974820e-04 -4.49229580799677e-05 -1.35571750206399e-02 -4.14622047835668e-05 1.22730947954089e-04 8.03291349976808e-01 -1.77652869676969e-04 6.63102877994237e-05 -2.54973929626777e-02 -3.05087620384913e-05 7.68950585386533e-04 1.05968653384640e-05 -1.03036321337366e-02 6.83098056240704e-06 3.36639638876789e-05 1.37064121109631e-03 -4.21073212264212e-05 -2.49081856290227e-02 7.52124917890716e-05 9.90260125885621e-06 -4.99349227187211e-04 -5.28974681902390e-05 -1.25146501459162e-03 -6.76180140493264e-06 4.90133000790395e-03 3.65194323711586e-07 8.90946731911026e-04 -2.63803947075173e-04 3.66990142512179e-04 -2.85126446533325e-06 -1.54174410815384e-06 6.27027831591597e-03 2.59464747089529e-04 -2.51035025480849e-04 1.75797683903781e-02 -8.14096041986569e-05 -3.76633370124582e-03 -4.84485470428450e-05 1.92237484594160e-03 1.66096454693228e-06 -3.84927114032694e-05 3.78305527684759e-05 -7.39630052414286e-05 7.84631997954345e-06 -4.64933985721751e-05 -2.10269239428567e-04 -1.80443031907895e-03 1.87415749500826e-04 1.65779981435672e-04 1.29888099683342e-01 -1.81485789239924e-04 -3.28583785654068e-04 -3.01340694581928e-02 -3.59230481961016e-05 4.99556225356361e-03 8.33584099589461e-06 4.22646665946944e-03 -1.76091915162031e-05 -8.59163992565054e-05 1.20012856343374e-02 -4.90723517071775e-05 2.01837076107379e-03 2.35652865373141e-04 9.78040604346364e-06 3.94672764251810e-03 4.87628886811463e-05 -2.78307395320290e-03 7.78850936209649e-05 -3.09983039317511e-04 1.48670536311080e-05 -6.20963247229547e-05 -6.55894671782870e-05 -3.85732223532185e-04 1.85600563899818e-05 1.01570857521694e-05 1.36998175667961e-03 -5.95651101324548e-05 -1.53698111423348e-04 5.84246464558232e-03 -1.31305066931184e-05 1.38985875513367e-03 1.23771798850503e-05 4.37405304613582e-04 1.77724060732495e-05 -2.21943390740487e-02 6.04594639267465e-02 -3.74591560983703e-02 2.78228896763642e-03 9.17082516221536e-04 -1.26069007289222e-03 2.17572583878459e-03 1.71425030109702e-03 3.25373596212106e-03 6.39652087947403e-04 -9.00628511882837e-05 -3.09715539848955e-04 -6.79751746070694e-04 8.08984963827373e-04 2.19783550421365e-02 -6.03771199198317e-02 3.72747620211967e-02 -2.76036346780257e-03 -9.35091392582611e-04 -1.23369684935685e-03 -2.05653340707666e-03 -1.70288807052674e-03 3.07834772371427e-03 -6.66666699633627e-04 -1.28851303582861e-04 2.93955749725638e-04 -6.87054257834438e-04 -7.99921084334399e-04
 2.05228165169223e-03 -3.30787944547548e-03 -6.76262370091102e-02 6.29563533313083e-02 6.30288414316558e-02 -1.87589853229165e-03 -2.06825045416302e-05 -3.55464470286295e-01 -1.35621344086172e-02 -2.80906750021327e-04 1.35032353798642e-01 -1.21295813238203e-04 1.36249856828434e-04 5.43557604314303e-03 5.41310956682973e-06 2.18470612096174e-03 -1.79579491876465e-05 -8.61609959641333e-03 4.05764239891181e-03 3.13407285283236e-05 -1.80782871441300e-03 1.37351339154562e-05 2.86564092884028e-03 -2.32971060251611e-04 -2.81099898926038e-05 4.76822758165419e-04 9.00346279797611e-06 8.45163242690243e-04 -1.64466537342225e-06 -2.26156195105390e-03 6.16465827363377e-04 2.18727713365246e-03 -1.50758635732776e-02 3.00954086380374e-02 -1.07087838164094e-02 -1.19074618649296e-03 1.43394086875934e-05 3.88627169330646e-01 3.77720326677475e-02 -1.27492477923486e-04 -1.91841138329345e-02 7.07861345773278e-03 -3.25589769255189e-05 5.77156745078261e-04 -1.65303304976538e-05 3.20823560217475e-03 6.18179120203094e-07 -5.76466585871312e-03 8.21819721602289e-04 2.07381684246935e-05 6.79439309629210e-03 1.35892002213283e-06 -1.28846098938071e-02 -4.61644166682253e-04 -1.09995775299152e-05 1.42435403578186e-04 -4.38137009613622e-06 -1.23792530224987e-03 1.35287652227863e-05 3.10133920753742e-03 -4.68912632135103e-03 7.54161411205132e-02 -2.06249768398916e-02 -8.29630129726801e-04 -3.64953351282587e-03 -5.28905174333936e-06 -2.59083332525088e-03 -8.09388995741236e-03 -4.36831332143906e-05 1.97443664529613e-04 2.64701457333784e-05 -5.05150363757728e-04 -9.86816461797373e-06 -2.49526192147344e-03 7.41910723120873e-04 -3.84672691922481e-03 9.21097269004321e-02 -8.76522718898835e-03 -7.97885302634950e-04 -3.82159825050898e-04 2.45855638808802e-04 7.38785361865385e-02 1.20651856387822e-01 -7.10325228540481e-04 -1.68190032117506e-02 -7.00401602423386e-04 7.17392109424403e-05 3.07377099201852e-03 -4.48242472600040e-06 -2.15405999454692e-03 -1.43461549716037e-05 -2.73982236718258e-03 8.57127507344187e-03 1.96535418486579e-05 -4.38511859499527e-03 -8.34929708237344e-06 -4.45263271145217e-03 -3.27850242816939e-04 -1.52964373601941e-06 -1.53353904224676e-03 1.18684969406631e-05 -5.73983000934265e-04 1.56635536362590e-05 -3.07744474497447e-03 1.28527218242827e-02 -2.20336863162212e-02 1.69601538747153e-02 1.39070935590698e-03 4.94241817657365e-05 -5.69663873348274e-06 3.53384922699429e-07 4.25909783185912e-03 -1.82610314235235e-05 1.09039805680322e-04 -6.41847804775486e-06 -1.66747800262682e-05 -1.64510224646835e-06 -5.25574894237465e-04 1.08853434735479e-03 -1.50798738523385e-02 -7.56601889591067e-03 9.60324030726813e-04 1.52003038361416e-03 -1.79445847967355e-05 3.88464316379854e-03 4.29619156883036e-03 1.02428382601225e-03 5.13443758661476e-04 -8.61013428556586e-04 -2.47964538465919e-04 -6.22462332973844e-04 1.08674764976905e-04 1.16923080114752e-03 -1.38696262875251e-02 -7.79888221365442e-03 1.00143344926912e-03 1.52128721984554e-03 3.00829250810525e-05 4.02824979881095e-03 4.31359795395651e-03 -8.71397164993139e-04 5.17422625828701e-04 8.67104002357850e-04 -2.45804568614743e-04 6.84221812286567e-04 1.29735046177116e-04
 1.32658770858161e-03 4.67198737709827e-04 3.19441704717242e-02 -4.58649954501273e-02 -6.78355533849331e-03 2.09105396252991e-02 -3.41419121207648e-05 2.03451383915421e-02 -2.51083564316190e-01 -5.15387852495062e-04 -1.21295813238203e-04 7.94623525914522e-02 -7.13063752053629e-05 1.03466708943945e-02 -1.47145153832420e-05 -6.44770915696227e-04 -2.79953614766062e-05 2.40333284857137e-03 9.84329188146982e-03 3.57040909498526e-05 1.73236235071914e-03 -6.29767736957392e-05 1.35115391815058e-03 5.81876787799719e-04 -4.04644909481481e-05 1.59310644784697e-04 2.66355173736290e-05 2.59273314162478e-04 1.72691703673182e-05 1.32196032149160e-03 7.55430562250087e-04 -5.35178693834477e-04 -1.36825241144753e-02 -1.90201813178093e-03 1.18334494459812e-03 -4.43295448173231e-03 4.34822467743943e-06 -4.89430180371589e-02 1.12428129707944e-01 -1.11531988998668e-03 1.39428376699706e-03 1.75306532871192e-02 3.48132832522260e-05 6.07811536156844e-04 -7.95934381840358e-06 -3.96536598788008e-04 5.64158916476708e-06 8.81901482302814e-04 2.70779987339877e-03 -7.01759373370196e-06 -1.40248814043209e-03 3.94614462147438e-05 2.62463041160955e-03 -8.25770820036693e-04 -8.39744423303966e-06 5.28064778040574e-04 3.19145952567007e-06 2.64036707616223e-04 -4.55160314728341e-06 -5.10441974208256e-04 2.74119705487988e-02 -2.59392673001614e-01 3.85571517108486e-02 -2.36172075506424e-03 3.46823775977529e-03 -2.21939808105217e-05 -1.16686277726480e-03 2.61686922526651e-03 -1.63528682403178e-06 8.28195765266389e-04 1.80309032300203e-05 4.16636448262387e-04 3.63681167448172e-07 4.81638075745337e-04 3.29878081550672e-03 -3.66441175409161e-03 1.24983428484116e-01 3.14292748665951e-02 -4.66354135899628e-03 -4.07500076492114e-03 2.56468810457703e-04 1.43933098700881e-01 1.07279427466519e-01 1.06656136352867e-03 -7.42076766371545e-03 -7.25580138645648e-03 -5.95845641771860e-05 3.82997389808121e-03 -5.92804519526871e-06 -2.30546898545792e-03 -8.52762372940504e-05 -6.86675164278914e-05 6.23133756516169e-03 6.70241462511794e-05 -3.71535690036567e-03 -6.59069643918436e-05 1.14183289855193e-03 1.77396057350167e-03 -9.95338726284394e-06 -6.00263599854314e-04 1.17262025630086e-06 -1.15802841789093e-03 2.99144932267672e-05 -1.47555164722165e-03 -8.35941504926622e-03 1.28052797576042e-02 -2.97959974134820e-02 1.27783288003609e-03 2.50152220477953e-03 1.66744737718812e-05 3.53557224936545e-03 1.48796027243277e-03 -2.54203618471321e-05 3.85594829189982e-04 -2.30843205985464e-05 -3.71506395767055e-05 -8.38266437175065e-06 -1.28422119669881e-03 3.15531245336243e-03 -3.24594813531427e-02 1.22223346370892e-03 8.80170533529750e-04 1.10630915414175e-03 6.87819190131473e-04 4.08500291899956e-03 3.24435291694732e-03 1.28788065331178e-03 4.89238982945053e-04 -4.70276434589960e-04 -2.37143874518697e-04 -3.93077774824598e-04 6.75041289342533e-04 4.07341369115471e-03 -3.45591479538005e-02 1.60388119955268e-03 8.82722049331591e-04 1.11625085399706e-03 -6.85964461074065e-04 4.23860757941982e-03 3.26439702130613e-03 -1.05787201494913e-03 4.99956582725171e-04 4.90956424364935e-04 -2.11755426151665e-04 4.65056690965396e-04 6.98437502877228e-04
 3.59802833258770e-05 -1.60147434869683e-05 -2.22517617925622e-05 7.43616677633822e-05 7.03311014621352e-05 2.04107834928970e-05 2.29010246535248e-03 -2.62319945657072e-04 1.02134729405664e-04 -5.56307874662105e-02 1.36249856828434e-04 -7.13063752053629e-05 6.40097535471377e-03 -1.25333552111946e-05 5.55520536065018e-04 1.77526840739167e-06 -1.15601139737256e-03 -7.90743280873829e-06 -3.25422053292655e-05 1.02405531807956e-03 -1.18921168492497e-05 -2.37882350292014e-03 1.15621876453190e-05 -3.49310913060596e-06 -2.29515600189149e-04 -6.18255626477889e-06 5.32228250488664e-04 7.73149345140090e-07 -6.39287918916022e-04 -2.14324038542216e-07 4.18548977928066e-06 5.02452766858544e-07 6.03434286718346e-05 -4.50253036415744e-05 5.24503553640901e-06 1.08523174151391e-05 1.06244682218145e-03 2.73771271650247e-04 -3.14685317426861e-04 -5.83327596998812e-02 3.95864212178662e-06 -1.49623933606595e-05 2.39063183103623e-03 3.96703099471482e-06 -6.07967409933012e-05 1.64177765129890e-06 8.12769183021415e-04 -4.31697713100229e-06 2.40751699929551e-06 -3.74928236291966e-05 8.06135343837882e-06 1.90865642253596e-03 -1.38774491293438e-05 -1.95752177714813e-06 6.06779066791856e-06 3.20806377470075e-06 1.04832000111091e-04 1.55373781560410e-07 -3.65231127252007e-04 1.46816673175880e-06 -5.95768339346259e-05 2.29343956790600e-04 -2.02058533526760e-06 -1.07887429066218e-06 -5.21256498850140e-06 -5.33888609759257e-04 -1.24879663700741e-05 8.13535210488602e-06 -1.63681661352889e-03 5.45756807420751e-06 3.47031742827033e-04 3.69518358436556e-06 -1.53172590974186e-04 -2.33765959020202e-06 3.37123563753602e-06 3.36511412971454e-06 -2.08881744069734e-04 -3.86162598539829e-05 7.15075857840564e-06 1.81636358760927e-05 3.74527849973786e-03 -1.97789035889368e-04 1.69277417907282e-04 -4.91626627989572e-02 -3.16237593860754e-05 2.90994098857078e-05 8.17052728145365e-03 8.38501221368198e-06 -5.06837158669953e-04 2.97433979694941e-06 6.15673146104928e-04 3.68116413838751e-06 1.08693760077215e-05 -1.40363765280037e-03 5.18995328655842e-06 4.41414776362724e-04 2.69436485118184e-07 -1.85584844081847e-06 -3.81755576776459e-04 -5.87062887377285e-06 2.51335693326074e-04 -4.03959463366800e-06 4.02737243357161e-05 -2.00451436735533e-07 1.02727342177150e-04 -3.28698138808525e-04 1.70242803323155e-04 -5.66915880874120e-07 -5.35386088733658e-06 -5.00786822949650e-04 -4.25076609130863e-06 1.48505579200514e-05 -1.34648728940195e-03 9.62496676444224e-07 -2.39799175191465e-04 -1.92990035796641e-06 5.06283853164122e-05 6.89806374541528e-07 6.19438363112448e-03 -3.86145373023712e-02 1.09904009964341e-02 -7.49175828074089e-04 -3.09408464708689e-05 4.25085170348450e-04 -8.98751015785055e-04 -2.14976615336765e-04 -2.12908126518449e-04 -4.66437330416067e-05 -1.66998119435552e-06 3.77832687454037e-05 2.14825619821076e-04 -1.17469172002991e-04 -6.20681897436542e-03 3.86727459004414e-02 -1.10115988225493e-02 7.42834589908561e-04 4.10303036519704e-05 4.28483463724966e-04 8.96891474546744e-04 2.05706250208327e-04 -2.20867705742998e-04 4.83566097623578e-05 3.22998965219451e-06 -3.72694719080076e-05 2.17673594783247e-04 1.10794018111837e-04
 2.08620853804177e-04 6.71948797565458e-05 8.51545337368404e-04 -5.06422717405373e-03 1.04066469512475e-03 2.08333651853898e-03 -1.15359302478971e-05 -8.00916326999646e-03 -2.18244758658324e-02 5.53366684226604e-05 5.43557604314303e-03 1.03466708943945e-02 -1.25333552111946e-05 2.47472729275674e-03 -5.61485944970411e-07 3.70185827936771e-05 2.09930792612366e-06 2.61380459753557e-04 2.19436142172714e-03 3.95601820444004e-06 3.08733097056103e-04 8.92818321788546e-06 6.89814886905133e-04 3.72769213856461e-04 -5.73308097687666e-06 -3.32524388892004e-05 3.59999527515724e-06 4.02416808337540e-05 3.74659036330103e-06 8.81038499963572e-05 -3.84344953780269e-05 -7.61803578842582e-06 -3.53100563413271e-03 4.65768507774040e-04 -2.37611591777481e-04 -1.40533823728225e-03 -4.22384623592576e-06 8.44004863374587e-03 5.31147352402167e-02 7.14462510356783e-05 -5.42085682342168e-04 3.48299740619087e-03 -2.44047299058531e-06 -2.00291692242684e-04 -2.48752504545017e-06 5.49932141985718e-05 -3.49424130301972e-06 -1.20747203354065e-04 -6.27432314218503e-04 2.13996066830339e-07 4.46107150620569e-05 1.40831545998241e-06 -1.58025575099294e-04 1.22903531947958e-04 -2.13098493550016e-06 9.49923598307363e-05 -4.67625079827368e-07 -6.54543335034985e-06 2.22159133932562e-06 8.07555923002368e-05 1.46930398938040e-03 -3.21053122734873e-02 7.84632402467551e-04 -9.96396491074053e-05 1.94595238083602e-04 -2.36541259300564e-06 -1.48189764601777e-04 3.65792209860575e-04 3.93883265178301e-06 2.72095188884627e-05 3.26465889813782e-06 -5.58162225192538e-06 -1.16095537814868e-06 1.97260064969049e-05 -1.40827444919211e-04 -6.02066478890326e-04 1.93744928579703e-02 1.01615982651337e-02 3.93263333940712e-04 -6.41315545655100e-05 6.48999732775151e-05 1.56763242921480e-02 2.24278969800440e-02 -2.79910921219507e-05 7.72652532849829e-04 -2.22089707680750e-04 2.78215419633049e-05 6.29795483750998e-04 -4.39403924180781e-08 -2.24015231328442e-04 -6.09209451637340e-06 -1.42518441655806e-04 1.38432980719419e-03 1.25206917317030e-05 -5.07114319215710e-04 -1.70410665277260e-05 5.24360242234401e-05 1.39669494808724e-04 -8.00548547353597e-07 -1.50283187725625e-04 -2.62715548920997e-07 -9.75380290718872e-05 6.50200468811901e-06 -3.27934576382638e-04 8.11570717659548e-04 -6.21008156526955e-03 -2.80157767434638e-03 1.88897998859070e-04 2.12452890079512e-04 5.95747220703260e-08 2.32131058906186e-04 2.50077776626941e-04 -1.92108015013615e-06 3.00278196916051e-05 -1.94037987931760e-06 9.99048761672622e-07 -5.93390799023071e-07 -1.68458304626207e-04 -1.53977458928542e-04 -1.58939150475314e-03 -1.64106535721108e-03 1.78604887529105e-04 2.38150776967735e-04 -2.18519840369186e-05 7.57281830201475e-04 7.46680136734397e-04 2.03540328564659e-04 8.49200346732875e-05 -1.09706524122417e-04 -5.53579926918843e-06 -1.14021097434876e-04 1.04062035307495e-04 -2.87103807082148e-05 -1.54789655334354e-03 -1.64388953052250e-03 1.84911303068494e-04 2.38491922589208e-04 2.55977729563859e-05 7.91158386490863e-04 7.49424082565391e-04 -1.57613752951806e-04 8.63134006303286e-05 1.12233099513121e-04 -1.43546183508098e-06 1.27364502547130e-04 1.07811782518980e-04
 4.26024790359401e-05 2.65390228617393e-07 -2.97252611429415e-05 3.78758348856916e-06 1.23028380563243e-06 5.40150253072467e-07 5.28784267343209e-05 9.07079101940072e-06 2.23604915765575e-05 -2.56339565099602e-03 5.41310956682973e-06 -1.47145153832420e-05 5.55520536065018e-04 -5.61485944970411e-07 8.19170208481608e-05 5.52966029662455e-07 4.18506708147023e-05 -5.11796041172415e-07 -1.45635359694038e-06 1.16201062452044e-04 -4.09227708174748e-07 6.26558199008370e-05 4.10800415611557e-06 4.91093985478192e-07 -4.54904144926275e-05 6.12576427074750e-08 3.72190052551760e-05 2.58774178792283e-07 -1.23064122965133e-05 -5.75697150092101e-07 1.20693791375152e-07 4.05327703323731e-08 6.56063847351014e-06 -4.72789269294755e-06 2.83395136277423e-07 -2.09489708042473e-08 2.78735871502300e-05 8.72542818199516e-06 1.00063940972877e-06 -6.53503778438647e-04 -4.16576737930736e-08 -4.98755070582103e-07 1.37261388350715e-04 -1.33107595337193e-07 -1.69703878982697e-06 6.88456893133167e-08 2.23298977041510e-05 -1.11321363040656e-07 -3.37927053608281e-07 1.22889022482429e-05 5.24947750339365e-08 4.18575617221490e-05 -4.00844708985975e-07 8.97637532248793e-08 -6.11894416907398e-06 -1.18968102861600e-08 4.03363254459524e-06 1.48978341856271e-07 -5.99955609926077e-06 -2.13196762114439e-08 1.40413750244184e-06 6.11928615354505e-06 9.92947794670502e-06 1.58267733877377e-07 -7.05381289549331e-08 -2.20797681717204e-05 1.86963540003336e-06 5.94866192693457e-07 -9.21319146534370e-05 -1.69235058548935e-07 1.89481751677033e-05 1.70844763947513e-07 -4.49574669854957e-06 2.05155108096824e-07 2.75608639350970e-06 3.60844468783397e-07 -1.05561400652772e-06 -6.52789482842998e-07 2.03685351763782e-07 7.87646086435300e-06 7.82612080048432e-04 -2.37677986448599e-05 -2.70524762187409e-05 -8.69227396284242e-03 -6.33807417371279e-06 1.19577025772690e-05 1.31749273836268e-03 -2.86718330215596e-07 -3.52021011019174e-05 6.18634335049589e-07 1.95949805682485e-04 3.63213899995721e-07 -3.80259300089362e-07 -1.24782284100109e-04 9.17804087734444e-07 1.25379313499365e-04 4.49815747912535e-06 -7.01575038379183e-08 -2.37801026509105e-05 -3.13231493017966e-07 1.28987848599453e-05 9.03911079815359e-08 4.10415822219019e-06 3.61498994656059e-07 6.47964643772606e-06 1.31986252624053e-05 1.92381339865744e-06 -9.97757015629403e-07 5.09277334085984e-07 -8.78444111715493e-05 -3.08922691763717e-06 1.38311151250130e-06 -2.04072322995630e-04 -3.54344818796007e-07 -3.11446465263456e-05 -4.25993532414632e-07 1.74545176391435e-05 2.86910462565656e-07 1.00510325416059e-03 -7.43860307026172e-03 1.81388985219093e-03 -1.20254420392830e-04 6.25362318148164e-06 7.29097080229341e-05 -1.61810464208659e-04 -2.26111777535737e-05 2.66691284789802e-06 -7.50779727154384e-07 -1.41038394976760e-06 3.58056780359474e-06 3.62983265496164e-05 -1.33515612585713e-05 -1.01760956029868e-03 7.46670672924308e-03 -1.82912101423979e-03 1.19721065365893e-04 -5.75112771207333e-06 7.44593168567000e-05 1.63294789682397e-04 1.74437767472458e-05 -2.16809384288317e-06 3.39415883946649e-07 -1.50684232289820e-06 -3.64638475542292e-06 3.68347888342968e-05 1.20299207971417e-05
 -5.84543781687674e-04 2.52500290517969e-04 -2.13254521599135e-02 5.08401170428578e-03 1.31726609386095e-03 -1.87300924594090e-04 1.31373550117693e-06 -4.26126620789588e-03 8.98196260547621e-04 1.46728590320893e-05 2.18470612096174e-03 -6.44770915696227e-04 1.77526840739167e-06 3.70185827936771e-05 5.52966029662455e-07 4.08774675087125e-04 8.72652118619963e-07 -2.62575827955891e-04 5.45668466806351e-05 -4.68588396643642e-06 3.10116138687940e-04 2.49333194769353e-06 -1.41713162904636e-04 8.24177721418082e-05 5.53345872472175e-07 6.37502104959894e-06 -7.60770586446916e-07 1.38762319782582e-05 -3.07677410690551e-07 -3.44119406359889e-04 -2.63580438008681e-04 4.77154645957231e-05 -1.17371435560426e-02 2.48304721565714e-03 -4.82812808280394e-04 3.22340936878669e-05 -1.51710779834932e-06 1.04687431570907e-02 -3.14090752867385e-04 3.22632528049219e-05 -1.74668635375528e-03 1.69448999724291e-04 -7.27074420463214e-07 2.81700322265443e-05 -5.53817905792526e-07 1.17248798421134e-04 5.27559124832325e-08 -2.21671663608551e-04 7.24460509838438e-06 1.18622281050832e-06 2.59135637876997e-04 -8.68934957211319e-07 -3.86466112126408e-04 -1.43206598941398e-05 -2.70735215519655e-07 1.78673681298119e-06 1.74007297445472e-08 -5.34619191180085e-05 7.11901765095889e-07 8.57866199839851e-05 1.83800281570458e-03 -6.80204541113238e-03 2.71819317543544e-03 -6.30209341399305e-05 1.22441768429911e-04 7.23903424823028e-07 4.80818723043714e-05 -9.24146760331201e-05 2.61894505685984e-06 -1.50108454180552e-06 -1.70636948858709e-06 -2.15157689624670e-05 5.33591294255722e-07 -3.12582062837950e-05 3.09468297393235e-04 8.66843910185468e-05 -3.80433683652320e-03 1.40394466727835e-03 4.42237814918973e-04 6.00236236226887e-04 -6.78884469487222e-06 -4.09318603426070e-03 -3.72978211645241e-03 -2.41946707646275e-05 6.81091295360634e-04 1.25639667707811e-03 -2.46558822408211e-06 -1.09503278412574e-04 2.41276703503617e-07 9.52587247902501e-05 2.27503572941796e-06 4.09856329773065e-05 -7.39495496420669e-05 -8.06016564592252e-07 2.81980481580025e-05 -2.04504782764284e-06 3.47862553661554e-05 -2.65988307118440e-06 -1.28855232909574e-07 -5.74079691177012e-06 -4.46971938646347e-07 4.37794147364999e-05 1.82287313550599e-07 4.33253513527244e-06 3.71178879818757e-04 -4.20378140840325e-04 4.52046950934194e-04 -4.06117689522592e-05 -4.66726173666715e-05 -5.89515368417088e-07 -1.42014148902521e-04 2.49646688139483e-05 2.64949249624565e-06 -2.38522163019525e-05 9.87291678240960e-07 -6.38353217988082e-06 2.46895910166570e-07 1.47123220025900e-05 -6.26701318174941e-05 9.53770791454300e-04 -2.37794083777426e-04 -2.23480623404002e-05 -3.41340865955433e-05 -2.76380552995054e-05 -3.38645140480222e-05 -1.28798546860459e-04 -2.11323299338017e-05 -2.38631580907068e-05 1.75966700572230e-05 7.02494569809664e-06 1.48881070643641e-07 -3.50240123136231e-06 -8.05034278072472e-05 1.00489961712958e-03 -2.57347444155009e-04 -2.20218531848729e-05 -3.43545433902725e-05 2.80735606318010e-05 -4.00905542638696e-05 -1.28829417954225e-04 1.66117808752750e-05 -2.39711020277684e-05 -1.77787966341675e-05 7.23093397665353e-06 -2.19739721575157e-06 -4.62698992659551e-06
 -3.45131218577708e-07 6.88901050554868e-06 -3.64192003368017e-05 -1.41785111968365e-05 -1.78515313489221e-05 -9.53517606098988e-06 -1.02908077812941e-03 5.77757092846450e-05 -2.26366492353116e-05 1.96016643944316e-02 -1.79579491876465e-05 -2.79953614766062e-05 -1.15601139737256e-03 2.09930792612366e-06 4.18506708147023e-05 8.72652118619963e-07 8.08596118452656e-04 5.35692328850432e-07 1.05723634221925e-05 -6.96150418170281e-05 3.47468891040893e-06 1.56494883155147e-03 1.18138975401733e-05 1.00599113397951e-06 -6.64613499887346e-05 4.44251927197827e-06 -1.33975278020734e-04 1.37877935671800e-06 2.97610711561065e-04 -2.39145243140215e-06 -6.57590967891028e-07 2.09761447136707e-07 -3.58933172226659e-06 7.38893654764696e-06 -3.36745670117033e-06 -2.22380545094220e-06 -4.63287031103494e-04 -5.04611215553694e-05 8.47179328410227e-06 2.91363370467173e-02 -3.95613561834347e-06 3.86156770152463e-06 -7.28017753279656e-04 -1.20336809728878e-06 2.60824950292820e-05 1.56377076814535e-08 -3.50167829375144e-04 1.02296931528087e-06 1.62683535855315e-06 7.23487075463199e-05 -2.77108424843203e-06 -8.66980203589335e-04 4.54441107564104e-06 3.02199868951680e-07 -2.91326076560767e-05 -1.92984042734442e-06 -4.02972620218254e-05 2.02321784117444e-07 1.74376812416946e-04 -5.20128883974964e-07 4.07736378088853e-05 -4.53934014055748e-05 3.70486557325219e-05 -1.72624674700446e-07 6.58012619533475e-07 1.98751166491245e-04 1.32027943639443e-05 -7.61970915179039e-06 5.06188603308351e-04 -3.27597949142048e-06 -1.09779220313545e-04 -1.37006706362475e-06 6.47766387558422e-05 7.30174108378710e-07 5.78200161509478e-07 2.15075865638494e-06 -9.46325892442652e-06 6.65809754608708e-06 -4.61980685364854e-06 3.83732556975424e-06 1.25392577015375e-03 1.19496590639612e-05 -2.95599741704148e-05 -9.79114407027609e-03 -2.08774266715290e-05 3.87989579242751e-06 1.09079342979107e-03 -1.18422215019692e-06 1.28604986721223e-04 5.71142007415177e-07 4.90046354989152e-04 -9.44315578482776e-08 -3.42322464107124e-06 2.41052493968894e-04 -1.15965929950432e-06 2.87751351592045e-04 1.69357444321439e-05 6.84487552160195e-07 1.08408407600846e-04 1.34126144722475e-06 -8.29861135698434e-05 2.98569952539557e-06 -4.73880911830769e-06 1.26987471469254e-06 5.02737369978241e-06 2.84150870307123e-05 -1.93486242455592e-05 -6.59951821306547e-07 1.82091077805754e-06 -9.67892094226762e-05 -6.24295418583893e-06 -3.48536677676264e-06 -1.24746374422022e-04 -9.81254187413509e-07 -2.87841121052915e-07 -2.54361534361954e-07 4.59447716984880e-05 8.67095325853775e-07 8.66970866043040e-04 -1.03164352064653e-02 1.66195216510908e-03 -9.84424312608452e-05 4.51851935171387e-05 7.63697816771572e-05 -1.90863194154687e-04 2.66027656844809e-05 1.27500642929122e-04 2.28620855898744e-05 -5.80117270157477e-06 -5.75556939309177e-06 3.57716042813499e-05 8.01753893927742e-06 -8.86295376405112e-04 1.03089209634828e-02 -1.67753285288006e-03 9.82109817865344e-05 -4.48127970327616e-05 7.86286857525254e-05 1.98936338556145e-04 -3.43795916184795e-05 1.11747777731593e-04 -2.44711370406990e-05 -7.36003698279235e-06 4.76938516613321e-06 3.63069242764673e-05 -9.67819533411082e-06
 -7.50081913345834e-05 1.73989786686747e-04 3.99688995444077e-03 -5.32027092439843e-03 -5.13448277942190e-03 1.15476957084590e-03 -6.83607911911154e-07 2.86121800899693e-02 -7.30291665277068e-03 1.16692529525386e-05 -8.61609959641333e-03 2.40333284857137e-03 -7.90743280873829e-06 2.61380459753557e-04 -5.11796041172415e-07 -2.62575827955891e-04 5.35692328850432e-07 1.23773564786185e-03 1.99936634702571e-04 -1.87121231628773e-06 -1.87908713897272e-04 1.64940299254779e-06 5.46538151971929e-04 -5.43197657732006e-05 -6.72666694755727e-07 -4.57057513644684e-05 1.75785969509441e-07 -1.23785961139307e-04 8.74013984373989e-08 2.89792970080911e-04 6.35766471885079e-04 -7.53075751235098e-05 2.30807243016029e-02 -3.44837688824110e-03 6.39414168234829e-04 -1.86647973772141e-04 -1.31220356569635e-06 -2.39956739221219e-02 9.26058763906579e-03 -9.24900338521259e-06 2.43216934528618e-03 3.88646798283535e-04 1.46342087456998e-06 -8.19820593477118e-05 5.25658400294690e-07 -2.46837596162976e-04 -1.62580526005294e-06 4.49239461467468e-04 -2.22833119905185e-04 -5.20050183211150e-07 -4.72138586916220e-04 3.03643586660546e-06 8.88455880455530e-04 6.81691988329265e-05 -3.71314769141515e-07 8.81129632797330e-06 -4.84656122914046e-07 1.04894979580763e-04 -8.75594180710019e-07 -2.43338611559047e-04 1.15730973304394e-03 -1.94247302632041e-02 3.49940965154049e-03 -5.15181469686607e-05 4.27302389498461e-04 -5.78462423384878e-07 -1.03916153627243e-04 9.03589713155544e-04 2.94384200168618e-06 5.76595499434430e-05 -8.77978935948190e-07 3.75781986170430e-05 8.73485488332654e-08 1.99623389047191e-04 6.55188387885558e-05 1.73223773359036e-04 -1.66363054342208e-03 2.89295416460999e-03 1.12159318744952e-03 -9.46453110447051e-04 -1.12573062559578e-05 -1.38171194160746e-02 6.01348954457401e-03 6.06434936003255e-05 2.58781597367705e-03 -5.23623531829307e-04 -1.08853329038350e-05 7.58786192099956e-05 -2.06639243461676e-07 3.83928307347120e-04 1.52143265357973e-07 4.14038377060030e-04 -2.24481862449853e-04 3.95174436019160e-06 4.77202152742993e-04 -8.11631527819842e-07 4.25724400352386e-04 4.22264336323993e-05 1.38487531622636e-06 7.84498642803163e-05 2.06987118905432e-07 2.38877893732240e-05 3.31897790412050e-07 1.63049802522937e-04 1.62127720903460e-03 -1.51276129392707e-02 2.29479120218215e-03 3.57699652919140e-05 -1.95095403177339e-04 1.24840981967564e-07 9.89963587092102e-05 -4.48883989140860e-04 6.04008212431201e-06 4.57827096287329e-05 1.00971144031939e-06 3.10616224711929e-05 -5.76509156139689e-07 4.37110628234445e-05 -1.39305109449564e-03 9.25454175184958e-03 -2.13534773769038e-03 -2.11023604660091e-05 2.97940980839325e-05 -1.89440378635511e-04 -1.86888617671382e-04 6.47245228762500e-05 -2.03616951214879e-04 6.87890041741441e-06 1.33232647900661e-05 6.90199560652970e-05 3.28878671400318e-06 3.13640990186623e-05 -1.38034460291628e-03 9.14264723415257e-03 -2.12285519834749e-03 -2.17791239733611e-05 2.87488771155114e-05 1.88285483299817e-04 -1.95935069322065e-04 6.59992980333982e-05 1.97843947575074e-04 7.29438694112154e-06 -1.48934651047791e-05 6.78686919612569e-05 -6.39530101592231e-06 3.19959950823897e-05
 -3.75301410419319e-04 9.81222721502939e-05 2.22546202764579e-03 -5.23714533955141e-03 6.64968786622320e-04 1.90854595659238e-03 -2.41567023230880e-05 -6.69047952871442e-03 -2.24029886176272e-02 3.11461654355887e-04 4.05764239891181e-03 9.84329188146982e-03 -3.25422053292655e-05 2.19436142172714e-03 -1.45635359694038e-06 5.45668466806351e-05 1.05723634221925e-05 1.99936634702571e-04 2.02278382606735e-03 2.21598175128299e-06 4.21515926932795e-04 2.43784345196320e-05 4.73398013435895e-04 3.07724554741188e-04 -5.80684262494972e-06 -1.20627746106929e-05 1.26712478218374e-06 6.69319674859319e-05 7.21854012871595e-06 6.04831553007868e-05 -2.61200765276859e-04 -5.32352703416964e-05 -1.02555131461051e-02 6.13036763914727e-04 -1.12771534180618e-04 -1.21242879690364e-03 -9.71162296804742e-06 3.42033232844876e-03 4.47118186189620e-02 4.04409110969479e-04 -7.18721816737578e-04 3.16051544439309e-03 -1.20205606100051e-05 -1.47470521824134e-04 -1.78428617263464e-06 3.33183798276906e-05 -6.97969787801751e-06 -7.60313055525272e-05 -4.56158896805802e-04 5.32782142850944e-07 -9.60084446988259e-06 -9.73893698496769e-06 4.24675034472590e-06 8.22614638472132e-05 -1.96856756279716e-06 8.59541327670668e-05 -5.85793889894208e-07 -3.81806466916941e-06 3.95249355040541e-06 4.97637038596403e-05 1.76011391228521e-03 -3.03096869626348e-02 9.62340942737542e-04 -1.21829704488991e-04 1.89194082207354e-04 3.71370979996209e-07 -8.16473955514974e-05 2.57911575269670e-04 1.01878848244325e-05 2.50537802511191e-05 1.62621554432850e-06 -1.75039512115155e-07 -1.13964989748348e-07 1.28240048482626e-05 -3.39590023347861e-03 -4.45675779426448e-04 1.28657873683330e-02 9.66201312204844e-03 1.70111118295505e-04 -4.04982334291038e-04 6.19256516910201e-05 1.61991394521298e-02 2.25530868096039e-02 -5.88817728392746e-06 4.90490735517882e-04 -9.54922799209367e-04 1.54442595900770e-05 6.54596424289642e-04 2.14217318128030e-06 -2.41625129629015e-04 -3.05624230458607e-06 -1.21859147649568e-04 1.28063616522063e-03 1.66742738916090e-05 -5.39188590716395e-04 -1.11917331678535e-05 6.11703050829007e-05 1.44523574203069e-04 5.79209663812652e-07 -1.33539816931529e-04 -1.35754901895621e-06 -6.97949243478696e-05 4.90982121245950e-06 -2.73202565354401e-04 1.12038773878151e-03 -8.75548439140665e-03 -1.84230592059769e-03 2.34692105657571e-04 1.51784128754596e-04 4.06033315922868e-07 3.42095701827897e-04 1.76946147873398e-04 -1.03033422196730e-06 4.63576649195101e-05 -1.66273455499129e-06 8.76799905242298e-06 -4.68817417234583e-07 -1.61149160818383e-04 5.32315604377529e-04 -4.49029239894263e-03 -3.80658170457913e-04 1.28755400018982e-04 2.39504736783200e-04 5.50025818233008e-05 6.89294207279045e-04 7.22780192814198e-04 2.03622459349513e-04 8.16062344459391e-05 -1.06692762266700e-04 -1.77519018946216e-05 -9.29449896133423e-05 9.95781653000049e-05 6.54201091953338e-04 -4.44569534855764e-03 -3.66482115933797e-04 1.32943070068054e-04 2.39136815473588e-04 -5.26073807919354e-05 7.20537104754350e-04 7.24769474120751e-04 -1.59344119227234e-04 8.25417810336411e-05 1.09275799691654e-04 -1.38069540660600e-05 1.05116779831681e-04 1.02776355340329e-04
 -6.60472355908545e-05 -6.40729834954616e-06 3.46623032671836e-04 -7.65849289270829e-05 9.90274466674739e-06 1.20260469859781e-05 2.47937058301443e-04 -1.16533899004382e-04 -1.50029409949144e-04 -7.06305781104582e-03 3.13407285283236e-05 3.57040909498526e-05 1.02405531807956e-03 3.95601820444004e-06 1.16201062452044e-04 -4.68588396643642e-06 -6.96150418170281e-05 -1.87121231628773e-06 2.21598175128299e-06 1.86147285112736e-04 -2.90385943369777e-06 -1.62297487232192e-04 4.67425627992862e-06 -1.44902949121683e-06 -5.75209990614918e-05 1.41686478951254e-07 7.79000018747743e-05 1.39041975669068e-06 -6.72261166824319e-05 4.02646528696315e-06 -3.52585167652886e-06 -1.01565658346809e-06 6.42520211600677e-06 -2.85485647965066e-05 5.87346387672808e-06 -1.00862591317613e-06 1.17804973729730e-04 -5.74234787872547e-05 -2.09685802554755e-05 -5.75592024451325e-03 1.36081256051842e-05 6.81077891443771e-06 3.25510063469007e-04 1.00379149235720e-06 -6.82172467051129e-06 -5.85101800816909e-07 9.09278540539049e-05 1.25473390965354e-06 3.65190505891068e-06 6.59247895185531e-06 -1.80756436562132e-06 2.04927999480251e-04 2.69361071632818e-06 -1.04308971025382e-06 -4.42081026771527e-06 5.52809169284482e-07 1.26695791448537e-05 5.07582946481144e-07 -3.75889221073555e-05 -3.87101630318508e-07 -1.77164464339950e-05 5.52115796617348e-05 -3.15038741530710e-05 -7.83188970030712e-07 -3.04596160387850e-06 -6.57588546894303e-05 -5.39620288328666e-07 -2.57001258847364e-06 -2.21436479886734e-04 6.24415076132759e-07 4.65119957537433e-05 8.33125492544827e-07 -1.73781302897487e-05 -7.61831803785811e-07 8.31474707304438e-06 -9.98458258801002e-07 2.05299344207752e-06 7.26351754101046e-07 -1.56035019242104e-05 -1.12142709364266e-05 9.70798813963074e-04 2.05316360878067e-04 2.08995320439847e-04 -1.14554581592797e-02 -3.90046302337648e-05 -2.96654719795028e-05 1.80077509883720e-03 7.52134439637151e-06 -7.39601695576416e-05 -4.45930044352780e-06 2.14045160417688e-04 -1.91804632120345e-06 9.80458646276337e-06 -2.26889954079963e-04 -5.66157489686637e-06 1.41345842188210e-04 1.24835763485987e-06 7.96300953032473e-07 -5.34984678619293e-05 -1.73146815648314e-06 3.29883187637143e-05 -1.13969824381351e-06 6.92818709411517e-06 -1.41672993827385e-06 1.98365646970486e-05 -8.29139953462643e-05 2.01964655551923e-05 2.71384481878881e-06 9.27412273917121e-07 -1.16109677071485e-04 4.35672838640831e-06 3.81016861489588e-06 -2.86270591244153e-04 8.70698115636360e-07 -4.67866985469474e-05 -2.53297027115479e-07 1.86831217795810e-05 -1.04963946333563e-06 1.39461360764166e-03 -9.63551356055546e-03 2.49201097160716e-03 -1.64423412440877e-04 4.65890173705000e-06 1.00416182948593e-04 -2.07277391264199e-04 -3.08444003745018e-05 -1.43122333808347e-05 -3.84649942072450e-06 -2.41935044520875e-06 5.48092302764777e-06 4.85318679925354e-05 -2.08702975036647e-05 -1.35661155419705e-03 9.37932041173028e-03 -2.43406357557951e-03 1.63928408542731e-04 1.37973959106729e-06 9.55893361927890e-05 2.17605378406433e-04 3.93734092582744e-05 -2.38826684131859e-05 5.56083849424240e-06 2.20415019904412e-07 -7.09397268324987e-06 4.96514308581932e-05 2.02147832513980e-05
 -1.36006090957129e-03 3.70352336902592e-04 -9.24243172690328e-03 -5.49798945609463e-04 -3.81263764925215e-04 2.83838437755638e-05 -4.15058961937368e-06 2.43919771265720e-03 -2.83671458616540e-03 9.24065628033585e-05 -1.80782871441300e-03 1.73236235071914e-03 -1.18921168492497e-05 3.08733097056103e-04 -4.09227708174748e-07 3.10116138687940e-04 3.47468891040893e-06 -1.87908713897272e-04 4.21515926932795e-04 -2.90385943369777e-06 7.04500279558530e-04 5.56390813537233e-06 -4.82712798240285e-04 1.57422315338265e-04 6.57600766134139e-07 -3.30138991951785e-06 -6.13290771564272e-07 6.99075233162521e-05 1.86875352597783e-06 -2.54805358147512e-04 2.24540600632214e-04 -1.27331478719232e-04 -3.08027094799581e-02 1.92190522489804e-03 1.21669514880649e-04 -1.86793883324046e-04 -4.29840050111274e-06 -8.51205324673712e-03 7.21799550104235e-03 1.18221842943394e-04 -1.75378742832636e-03 5.29630134934016e-04 -1.85052239523234e-06 -2.26531402267385e-05 -1.53923757634521e-07 -1.54072089483079e-06 -4.88527908750497e-07 -1.50458464075421e-05 -1.05369880569262e-04 -5.43592667280541e-07 -5.13285744379921e-05 -4.15670122719379e-06 2.38620065302454e-04 1.38246417495697e-05 3.77561331556342e-07 1.48622211304964e-05 7.94834596903123e-07 -1.57217003251304e-05 1.02715541373435e-06 -1.38040753845773e-05 1.54001266221006e-03 -9.36890669088807e-03 1.24195653648166e-03 -1.54735991735813e-05 1.18614870238398e-04 7.95136452952191e-07 2.66588907673547e-04 1.09696148517066e-05 5.14387377657924e-06 -3.56005810022153e-05 -1.30091805664945e-06 -8.18540390065029e-06 6.98421483676698e-07 2.28059136574436e-05 5.66986996178451e-04 5.32397134697588e-05 -2.93942043466745e-03 3.03277602687394e-03 1.68613420460061e-04 3.51477547420693e-04 4.66464819462618e-06 1.81201293315336e-03 -1.70118557018852e-03 1.62974004751693e-05 9.40430946988903e-04 -1.76089217273144e-05 2.27872318413663e-06 2.67881406096076e-06 9.30770703722565e-07 -8.84957195748067e-06 4.92384863592921e-07 6.36671365858064e-06 1.34428946478703e-05 1.86160471590035e-06 -1.19647373383504e-04 -4.64075268389665e-06 1.33010991534242e-04 4.87924694992230e-05 -2.97469095164674e-07 1.93515236423358e-06 -1.11598870827784e-06 2.19697479041858e-05 7.69635049202024e-07 1.09922988326377e-05 -4.12084220703001e-04 5.26472028814222e-04 -1.46455956400576e-03 -1.75464977608065e-05 3.32513215158353e-05 1.69659455338689e-07 4.64788365000220e-05 -8.60329891763578e-05 5.51269359721345e-07 -8.05741537820772e-06 1.65379458786371e-07 -1.51584881664005e-06 1.53477078462769e-07 -1.85947706793741e-05 4.92462376312565e-04 -2.25465748147431e-03 7.74254908505559e-04 -1.58212794645031e-05 -2.01407027816528e-05 5.23811722682360e-05 2.71786782139802e-05 -4.93005398750404e-05 1.74460182747734e-05 -1.19562020072184e-05 1.13615197347938e-05 -7.48872694596983e-06 1.71655034241924e-06 1.35566083635271e-05 5.15630226621383e-04 -2.26878048669430e-03 7.83496049682339e-04 -1.65418700420415e-05 -2.01346764278418e-05 -5.19927909052412e-05 2.87908434210608e-05 -5.01997540044571e-05 -1.21026423781159e-05 -1.20378215578804e-05 -1.07653854092478e-05 -6.05199067754556e-06 -1.52417522578494e-06 1.28296144147178e-05
 -3.21787588671022e-05 1.25476652628345e-05 -1.05753602714241e-04 -3.43286440184594e-06 -1.66451010828086e-05 -2.19898488332303e-05 -2.01610152161407e-03 5.17843324529754e-06 4.10874680410403e-06 3.87600632846870e-02 1.37351339154562e-05 -6.29767736957392e-05 -2.37882350292014e-03 8.92818321788546e-06 6.26558199008370e-05 2.49333194769353e-06 1.56494883155147e-03 1.64940299254779e-06 2.43784345196320e-05 -1.62297487232192e-04 5.56390813537233e-06 3.03306281801602e-03 2.71975860567180e-05 1.66940676943325e-06 -1.18963687310474e-04 8.54758485648592e-06 -2.69452942133894e-04 2.62096376284746e-06 5.82360650394194e-04 -5.52708039817094e-06 -3.29317438784476e-06 1.40358120747034e-06 4.40603146826960e-05 2.09142979924293e-05 -1.07986426368248e-05 -6.56377546931032e-06 -9.08579297593645e-04 4.41740562200195e-05 1.49219368454830e-04 5.68877364679278e-02 -1.20482988561908e-05 1.20084274762970e-05 -1.44927574994491e-03 -3.24783999522793e-06 5.11717770873617e-05 1.06365617583566e-06 -6.87030574406961e-04 -2.19859929604327e-08 -9.15350859133583e-07 1.38069967700190e-04 -2.73206433708543e-06 -1.69788913580798e-03 4.29590390927266e-06 1.49199882918590e-06 -5.53289891967654e-05 -3.72815753498649e-06 -7.94041995249362e-05 -9.39489035620302e-08 3.40953150326475e-04 8.20134974641884e-08 7.04385961920134e-05 -6.95230590905468e-05 5.29233851712237e-05 -7.16293259019222e-08 -5.59258026725490e-07 3.92105571951782e-04 2.37435570646574e-05 -1.64288535610146e-05 1.00688554966091e-03 -6.36398693172121e-06 -2.18120330182260e-04 -3.16770828449240e-06 1.27163254354186e-04 4.86543989499886e-07 1.47210667572067e-06 3.66382712252070e-06 -1.05468479768174e-05 3.00779522002521e-05 3.49776700142134e-06 -5.14530554423420e-07 2.26177375264429e-03 -8.20104130462400e-05 7.70973656896305e-05 -1.70671160459194e-02 -2.40826849788124e-05 -2.13876013872058e-07 1.82104370000270e-03 -5.37006132479634e-08 2.58528330626548e-04 3.25173251427130e-06 9.09208597525442e-04 4.74327872431403e-07 -2.43296152984954e-06 4.98133671094991e-04 -1.41318394166131e-06 5.31479608745517e-04 3.10830240273330e-05 5.95269816877885e-07 2.16586455530930e-04 2.10125607275443e-06 -1.64555170669364e-04 6.09896016549225e-06 -1.01635130393637e-05 1.42495342965808e-06 3.92365453454615e-05 -1.18108968971199e-04 8.52747633041078e-06 3.41212789499904e-08 5.11323282433108e-07 -1.68279441498203e-04 -1.20297538562255e-05 -8.14664523565238e-06 -1.95922097887972e-04 -1.50514566436099e-06 6.61863373462020e-06 -9.17410689672623e-08 8.54497561230574e-05 2.05449769819496e-06 1.44617033799572e-03 -1.83038253486553e-02 2.79457696715061e-03 -1.63684976756670e-04 8.78444334243143e-05 1.30090493779461e-04 -3.33975388615672e-04 6.06219206010815e-05 2.46314423132910e-04 4.50353061515875e-05 -1.15122907359133e-05 -1.15696135385170e-05 6.08671132377921e-05 1.87985378410750e-05 -1.50271973409894e-03 1.84318054123078e-02 -2.87050617271048e-03 1.64081374573132e-04 -8.46579995755983e-05 1.37836155288775e-04 3.50299766208749e-04 -6.73282376169727e-05 2.19485420825463e-04 -4.73842261123652e-05 -1.34609915757372e-05 1.05733013555633e-05 6.26708765670566e-05 -2.14843482804095e-05
 2.94650002821273e-04 -1.70283319604757e-04 -1.00748798572502e-04 2.97035190233677e-04 1.03733586522889e-04 6.32113300201188e-04 -1.35866320044713e-05 -6.10141764887801e-04 -3.25303675682573e-03 1.46825314026670e-04 2.86564092884028e-03 1.35115391815058e-03 1.15621876453190e-05 6.89814886905133e-04 4.10800415611557e-06 -1.41713162904636e-04 1.18138975401733e-05 5.46538151971929e-04 4.73398013435895e-04 4.67425627992862e-06 -4.82712798240285e-04 2.71975860567180e-05 9.12265473670479e-04 -2.08458929994710e-05 -5.32822862221271e-06 -1.75525738632177e-05 6.44383583854510e-07 -7.79640729791170e-05 3.01930153494027e-06 1.61787709090703e-04 2.17578943995136e-03 1.40999627514599e-04 2.94341629012878e-02 -1.45458501966813e-03 -2.90557007017879e-04 -3.65320600747545e-04 -4.77302975359341e-06 1.09169112558532e-02 1.65698670172694e-02 3.51522320691968e-04 1.28039181030698e-03 8.66386784798657e-04 -5.89912056946818e-06 -9.00082013490050e-05 -6.16825761132045e-07 1.96610342316901e-05 -5.90159610132375e-06 -3.42100094262705e-05 -3.19725038315469e-04 2.81682190165955e-06 9.97963548680116e-05 -6.60310651815486e-06 -2.68745477689775e-04 7.61839250507738e-05 -2.03960710494061e-06 1.76049347039954e-05 -1.58607055590293e-06 7.27216410891170e-06 2.48207481052284e-06 2.85139476918124e-05 -1.83239434381877e-04 -8.66664655174793e-03 5.25185899783312e-04 -3.69786798796207e-05 5.61878971090501e-05 8.46258027233060e-07 -3.25931229055267e-04 2.72926006209147e-04 2.22756759780968e-06 4.88095399395168e-05 6.62286575815118e-07 -8.72828986406114e-06 -3.13413967355721e-07 3.43215662182744e-06 3.55671777927555e-04 -5.06546269266014e-05 2.77482920039711e-03 2.96387626926709e-03 9.01876520531731e-04 -7.36461379552327e-04 5.65593819308967e-05 -6.82269289436012e-03 1.39073446868973e-02 -5.04157730878371e-04 1.01273095735583e-03 -1.23730375519517e-04 6.69560978661615e-05 2.63633279654066e-04 -1.23267377665302e-07 1.80074039477121e-04 1.44517795673731e-05 1.25347426696566e-04 4.38151905166376e-04 3.14904632304818e-06 1.47473126832610e-04 8.12614398135615e-06 1.45931143479742e-05 -2.38040181067338e-05 1.51342879634499e-06 -4.08730287313130e-05 3.88613738781117e-07 1.36134427218453e-05 1.14199123141933e-06 -6.54055181535382e-05 2.76145950681404e-03 -1.55586004763248e-02 3.71372235207568e-03 1.34196072471725e-04 -1.96284763130158e-04 -5.44875981904348e-06 1.70978376834679e-05 -5.33141595108806e-05 -5.72542980492748e-06 3.96492285856576e-05 -5.96488660379180e-07 2.44762160008330e-05 7.51789077939686e-07 5.30486608738553e-06 -9.27397794570726e-04 5.43525144054617e-03 -2.13953113601978e-03 3.25455616567223e-05 1.40191101262429e-04 -1.49738700575738e-04 1.17974084838634e-04 3.76051978376022e-04 -5.77436257804669e-05 3.99758498090548e-05 -5.31582394581339e-05 4.10638791947330e-05 -4.09061172278185e-05 2.97991013409400e-05 -1.02416551310443e-03 6.34509772912563e-03 -2.34584478422515e-03 4.77615822788820e-05 1.37714797782957e-04 1.57736880255798e-04 1.38820642142398e-04 3.79598037816995e-04 6.61612084296291e-05 4.00714751220441e-05 5.20439119920100e-05 3.99500273439000e-05 4.65674192547804e-05 3.25425182123960e-05
 -3.08008602073974e-04 1.16730279295967e-04 -4.79793030277889e-03 -5.06471888946981e-06 -1.71036143564309e-04 -2.23915360459277e-04 8.45612564348053e-07 2.48726582903988e-03 4.33838612345526e-03 2.65975729036379e-06 -2.32971060251611e-04 5.81876787799719e-04 -3.49310913060596e-06 3.72769213856461e-04 4.91093985478192e-07 8.24177721418082e-05 1.00599113397951e-06 -5.43197657732006e-05 3.07724554741188e-04 -1.44902949121683e-06 1.57422315338265e-04 1.66940676943325e-06 -2.08458929994710e-05 2.54426459558319e-04 9.45244286181060e-07 -3.52012018516566e-05 4.91850073989221e-07 -1.56152940569712e-05 1.38324425426274e-07 -2.90795543520920e-05 2.92359388321904e-05 -1.25058055971796e-05 -2.80676997027965e-03 3.09861949895536e-04 -5.99566444580217e-05 -3.93648878500164e-04 -8.53788804468142e-07 1.19690701307925e-03 1.63974422070169e-02 1.65988700236019e-05 -2.53678955486074e-04 4.68547100258950e-04 5.16969084963511e-07 -1.23252703480583e-04 -4.76541394788429e-07 5.06971672326790e-06 -7.50453009421120e-07 -2.94372907992750e-05 -3.68923385053007e-04 -1.37625927829231e-07 -1.50867006728032e-05 3.09139077320110e-07 -5.94161931017805e-05 9.15087687354233e-05 -2.14531477364727e-07 1.54555335881049e-05 -2.09027281495669e-07 3.62146606337089e-06 6.00569128885873e-07 2.41385312090349e-05 -3.62010675408915e-04 -2.52406737392517e-03 -6.49713201064308e-04 1.18254437040063e-04 3.55616227736009e-05 -7.67529236071666e-08 1.20341051179630e-04 1.99841816872468e-04 2.55689526708200e-06 -5.47749813529636e-05 -5.41414916300874e-07 -5.96425600638268e-06 -1.06912359203930e-07 5.55964689078474e-05 5.72781826195318e-04 1.07087059477439e-05 -2.05990878136144e-04 3.38883406160721e-03 -2.40792809784938e-04 1.09891457823225e-03 8.34808370721695e-06 5.43485667433913e-03 -7.19060410525230e-03 -3.73034554535913e-05 1.57739908127975e-04 1.57545614194804e-03 1.58751282049329e-05 -1.64152924220612e-04 2.43554417919665e-07 -9.61761077395198e-05 5.91746881040299e-07 -1.34591660624159e-04 -2.85876585478043e-05 -8.56969968059079e-07 -4.34369555255643e-05 -6.22871234459759e-06 2.90666582677837e-05 -8.58217640574539e-06 -1.12759501511343e-06 6.68302433899130e-06 -1.08543263482865e-06 3.35391718163208e-05 9.91075803460031e-07 8.67520213687871e-06 -1.20179398678204e-03 9.29416058219705e-03 -3.08426636332286e-03 -1.02366071515369e-04 1.54851114865902e-04 -3.49319978185986e-07 -1.86072069308052e-04 1.34214020598971e-04 -1.51089977468321e-06 -5.33661550674534e-05 -3.54764997352978e-08 -2.54789025370493e-05 5.04394595180979e-07 -2.87282400363250e-05 4.54306150547598e-04 -3.99280911012201e-03 6.97360891522150e-04 3.36764751355064e-06 -6.57296322277599e-05 6.59764144891288e-05 8.82444918931853e-05 -1.52107690798309e-04 1.41017888901072e-04 -2.61906638277219e-05 2.29471746893257e-05 -1.72902104705618e-05 -3.53833581734309e-06 -2.13055496857961e-06 4.64538592180036e-04 -3.92372469628523e-03 6.84867073954878e-04 4.03976473956985e-06 -6.51373928789965e-05 -6.42159483302952e-05 9.20994607045437e-05 -1.53046401316724e-04 -1.36089108425160e-04 -2.63205728949843e-05 -2.17807126548295e-05 -1.55462636708223e-05 4.57410270495249e-06 -3.38334489725348e-06
 2.96159092260757e-05 1.18320764322524e-06 -4.04407855930011e-05 1.76746120485948e-05 -5.91864233451903e-06 -1.35741379277671e-05 2.86878127690330e-05 5.73098418514337e-05 1.90673537349191e-04 2.75707398705395e-04 -2.81099898926038e-05 -4.04644909481481e-05 -2.29515600189149e-04 -5.73308097687666e-06 -4.54904144926275e-05 5.53345872472175e-07 -6.64613499887346e-05 -6.72666694755727e-07 -5.80684262494972e-06 -5.75209990614918e-05 6.57600766134139e-07 -1.18963687310474e-04 -5.32822862221271e-06 9.45244286181060e-07 2.76924954779482e-05 -8.35887003043298e-07 -1.22905512046553e-05 -6.50635976513666e-07 -9.86578404023409e-06 -6.50220456299170e-07 -3.75584853716872e-07 -1.88449422245554e-07 -5.15861520234710e-05 3.27502237151226e-06 1.11711242831419e-06 1.20007795000863e-06 1.07328848812220e-05 -3.81594129950403e-05 8.96866438501717e-06 -1.25491200242952e-03 -1.67854857791416e-06 -1.09161960328594e-05 -3.24172993811998e-05 -1.09038287222234e-06 -5.31790061511207e-07 -2.68719827536626e-07 7.45099636293909e-06 1.48347742339541e-07 -4.08511748126071e-06 -1.04567721617151e-05 -1.24309935541377e-07 2.55211599869951e-05 -2.21077013468783e-09 1.10484898922433e-06 4.83565191811407e-06 -1.80713089030567e-07 8.48453319548388e-08 -6.42272695774132e-08 -6.41014326302864e-06 2.00670443662397e-08 -2.18124678673916e-05 1.43235216121418e-04 -3.04212336927937e-05 2.32389527638836e-06 -1.26978214427080e-06 7.44994149963208e-07 4.52910755744393e-07 1.37794160717446e-06 2.08229353740318e-05 -5.82091742195163e-07 -3.98900997105868e-06 -2.57640396677393e-07 -1.18412584441284e-06 3.48174391135542e-07 -2.74383143760877e-06 5.79308634843305e-07 -1.01595757615374e-05 -1.72480315148604e-05 4.65992823277898e-06 9.10511929637774e-06 -4.81807730528731e-04 -9.19554450175123e-05 -1.59750162970028e-04 5.12164604441015e-03 1.76953006124155e-05 1.36592156493554e-05 -7.54637689958199e-04 -4.99102424970232e-06 1.15052214445843e-05 1.52261077284462e-06 -1.30206740750185e-04 -2.24028496151273e-07 -6.38989804683369e-06 5.25008516153992e-05 3.27006954370258e-06 -8.19771020241590e-05 -2.78017123312151e-06 -1.08921720989008e-06 6.59067431306532e-06 8.36646912694051e-07 -2.25407496550561e-06 2.59719699850358e-07 -1.90415265106655e-06 9.60958365085825e-07 -1.89653814318966e-05 1.01892360800565e-04 -1.94278746546589e-05 -2.21935140182483e-06 -1.69328950705438e-07 5.16357156470481e-05 -2.76282387277814e-06 -1.21889926151404e-06 1.14501133404078e-04 -5.89879753907390e-07 1.64605616130399e-05 2.01203321431349e-09 -1.17175194983790e-05 6.70901331325228e-07 -5.88179327745612e-04 4.54405593557690e-03 -1.05995258510622e-03 6.86786168102782e-05 -7.65218036755990e-06 -4.38653721665804e-05 9.26677458077841e-05 5.65463840844784e-06 -9.43316110621264e-06 -1.48962573899178e-06 1.84016872958594e-06 -1.27503117736793e-06 -2.08860249049204e-05 6.08367183746144e-06 5.74491605743249e-04 -4.44887128938757e-03 1.04466227142146e-03 -6.86983140752172e-05 3.61712055000664e-06 -4.23575513177892e-05 -1.00323803547978e-04 -1.21622214421229e-05 -4.11170260715312e-06 5.22657720376985e-07 4.07127918972745e-07 1.95364779536369e-06 -2.17034387088962e-05 -6.36300059584718e-06
 -1.58980212624020e-04 -2.39274648813182e-05 1.82662974477745e-04 2.62319644650317e-04 2.47900586367031e-04 5.72929443859829e-05 -6.59723407725671e-06 -1.72341690039536e-03 -1.76650873207444e-03 1.13675517507991e-04 4.76822758165419e-04 1.59310644784697e-04 -6.18255626477889e-06 -3.32524388892004e-05 6.12576427074750e-08 6.37502104959894e-06 4.44251927197827e-06 -4.57057513644684e-05 -1.20627746106929e-05 1.41686478951254e-07 -3.30138991951785e-06 8.54758485648592e-06 -1.75525738632177e-05 -3.52012018516566e-05 -8.35887003043298e-07 1.27095314551131e-05 -7.60438647503443e-07 1.10584760054671e-05 1.78587900614073e-06 -8.40143120872837e-06 5.75399833876244e-05 5.28500566780935e-06 -5.27195963184265e-04 1.51885175623160e-04 -3.59723609992986e-05 5.80877758089036e-05 -2.48715413373741e-06 1.10785301041229e-03 -2.98544866834229e-03 1.64863927470869e-04 -8.81811069782597e-05 -4.17072136355703e-06 -4.37008984124016e-06 3.16521294374832e-05 1.56577092450642e-07 1.21574395329093e-05 -1.84429199675073e-06 -1.72248543693885e-05 9.94651957641972e-05 4.93339193504330e-07 2.42443772832544e-05 -5.19274624379705e-06 -2.88620996225493e-05 -2.60436986404154e-05 -1.86367559357051e-07 -4.25231398570566e-07 -1.79347757764616e-07 -5.23078480988120e-06 9.63903737170879e-07 6.52552109866615e-06 2.32554525973371e-04 -2.10120898540859e-04 2.50644291338375e-04 -3.23479303324592e-05 -3.06458047863129e-06 1.13038352032318e-06 -1.97521135426641e-05 -7.39895738772006e-05 2.39952516161481e-06 9.59103483951520e-06 -4.52461550448050e-07 1.74243931575871e-06 4.17171345833165e-07 -1.71276146342363e-05 -5.27244033434650e-04 1.97119710608816e-05 -1.20045235627760e-03 -2.11700064490744e-04 -1.02949068708922e-04 -1.88591084024280e-04 6.67918155816491e-06 1.07464983650722e-03 1.64098062098295e-03 -4.52394465966586e-05 -2.86797503470619e-04 -3.04644157002749e-04 2.16261467397873e-06 5.18972302787488e-05 8.03831458149923e-07 -2.55638524025164e-05 2.34455682517204e-06 -2.81165903600238e-06 4.78208113263897e-05 1.97954710573270e-06 -4.80885324229135e-05 3.28070925462185e-06 -2.28949666927493e-05 7.60737352956584e-06 6.19216199049329e-07 -6.92271123647147e-06 -3.64254571759870e-07 5.33761171041249e-07 -4.05040901555575e-07 -6.54734052527475e-06 2.36885305635317e-04 -1.43233311393229e-03 5.05356451592258e-04 3.69060028301770e-05 -1.69525140223627e-05 -3.78372810459508e-07 6.04936281208245e-05 7.89318589440839e-06 -8.58663310517855e-07 1.06616306301111e-05 -1.64242822185542e-07 3.37340641000788e-06 1.23384120166906e-07 -5.65521013321817e-06 2.46099772552294e-04 -1.17130034540547e-03 3.74027725402558e-04 -9.00774188065141e-06 1.88654930765721e-05 2.75861397299896e-05 1.56987891186931e-05 3.99991974878933e-05 1.10285489278295e-05 5.43783418160277e-06 -7.72630208724917e-06 -6.30085046842734e-06 2.25981918701720e-06 2.24946002369169e-06 2.36548821701502e-04 -1.07320824461915e-03 3.58673533790137e-04 -8.12865140741366e-06 1.84138869243423e-05 -2.71749134218712e-05 1.80802035442865e-05 4.01090134436015e-05 -9.58088762058480e-06 5.27584383560015e-06 7.79106061204096e-06 -6.33805410523891e-06 -1.57698424134460e-06 2.41930572685558e-06
 -1.30638752096016e-05 -1.81952675063552e-06 4.80560700379025e-05 -1.97806155757800e-05 2.38933930330830e-06 8.47817296089477e-06 2.29244394285821e-04 -1.11510964717136e-05 -6.43647092556157e-05 -5.22886780580661e-03 9.00346279797611e-06 2.66355173736290e-05 5.32228250488664e-04 3.59999527515724e-06 3.72190052551760e-05 -7.60770586446916e-07 -1.33975278020734e-04 1.75785969509441e-07 1.26712478218374e-06 7.79000018747743e-05 -6.13290771564272e-07 -2.69452942133894e-04 6.44383583854510e-07 4.91850073989221e-07 -1.22905512046553e-05 -7.60438647503443e-07 4.66575416948914e-05 4.45866662478398e-08 -6.46433310314216e-05 1.20059151110042e-06 -1.89539065099561e-06 -3.05746560104645e-07 8.79018484778419e-06 -7.90035006989048e-06 1.65416031124745e-06 -1.87441493587434e-06 1.05471139514239e-04 -5.01226750316038e-06 6.51996776208788e-05 -6.02445749079881e-03 3.35324417559683e-06 5.77519583685801e-06 2.17494081309046e-04 1.49958225714029e-07 -6.01142483042952e-06 -1.77185066215520e-07 8.04151096288638e-05 1.72860144981342e-07 -9.25078943254932e-08 -7.26012596988756e-06 -2.00194293516070e-07 1.91674795566062e-04 1.75055689940143e-08 -1.49541261995595e-07 2.27041876921669e-06 5.76511619193943e-07 1.00655782760315e-05 1.80257409333695e-07 -3.72106612507199e-05 -6.40140122724632e-08 -3.41894898417780e-06 -5.37588914896562e-05 3.89701145746564e-07 -3.44409842297029e-07 3.78450693246141e-07 -5.08598922649549e-05 -1.82767657181758e-06 2.33744763884067e-06 -1.49392668619669e-04 6.83884524263252e-07 3.18382459515346e-05 5.07265804503920e-07 -1.50799432003963e-05 9.63985062142279e-08 2.29050533401981e-06 -1.28017886044862e-06 3.24709902579882e-05 1.49893630147653e-05 -3.11479767836737e-06 1.59732360605247e-06 1.89794969424364e-04 6.83288223372067e-05 4.01914696709508e-05 -2.90996755050064e-03 -5.82779633738885e-06 7.29179055377224e-07 5.17543203544508e-04 1.85366237153428e-06 -4.44854541478242e-05 -1.32838463535659e-06 1.32329578618084e-05 -4.51241083927881e-07 3.48503597137414e-06 -1.15909481974755e-04 -1.31716784325028e-06 1.34894767883060e-05 -8.57652593630457e-07 3.96707321231238e-07 -3.42411395303280e-05 -7.27587244065348e-07 2.32692681739955e-05 -8.53571467657237e-07 3.20084296939740e-06 -6.56302405538501e-07 -4.26485194104050e-08 8.86830284256435e-06 -6.80936245493041e-06 3.03034090874545e-07 9.45262581086270e-07 -2.98245719591803e-05 1.14833490794517e-06 2.29984137030288e-06 -8.87769352953153e-05 1.61906044365056e-07 -1.72008685266702e-05 -1.98394208922062e-07 7.32671366086895e-07 -5.97751963025710e-07 3.93700683158658e-04 -2.15279830104527e-03 6.88777398832995e-04 -4.72049266619728e-05 -4.76846028620741e-06 2.63355520088768e-05 -5.05716710849273e-05 -1.60401058392401e-05 -2.22710308484869e-05 -4.63574568675431e-06 8.51190409846305e-08 2.88353366971897e-06 1.30127757049914e-05 -8.70675061456573e-06 -3.85223344368301e-04 2.09161776645705e-03 -6.79285524801849e-04 4.74589383175974e-05 6.08008740918388e-06 2.51434088768300e-05 5.37788144963639e-05 1.80004022570716e-05 -2.38411279460009e-05 5.17130774665484e-06 8.69283523247144e-07 -3.15232076270821e-06 1.35113993526400e-05 8.79713921827603e-06
 1.99661180087061e-04 -2.00107241697665e-05 1.84552249747795e-03 -1.95919070799940e-04 5.00097612810813e-04 -2.84564625790387e-05 -2.41058618470779e-06 -3.60786247718511e-03 -1.06479931634468e-03 2.33047393083721e-05 8.45163242690243e-04 2.59273314162478e-04 7.73149345140090e-07 4.02416808337540e-05 2.58774178792283e-07 1.38762319782582e-05 1.37877935671800e-06 -1.23785961139307e-04 6.69319674859319e-05 1.39041975669068e-06 6.99075233162521e-05 2.62096376284746e-06 -7.79640729791170e-05 -1.56152940569712e-05 -6.50635976513666e-07 1.10584760054671e-05 4.45866662478398e-08 2.97693683495143e-05 6.76011837746823e-07 -2.19819992549964e-05 -1.68769220476110e-04 -1.32009682298984e-05 -5.44370223939582e-03 3.50503763390674e-04 -5.16768066650450e-06 7.05943660052505e-06 -7.11849305875993e-07 6.78712617544425e-04 -7.96779414272383e-04 4.61232048870073e-05 -3.13369943198738e-04 6.11378205991121e-05 -8.61084484220849e-07 1.59987720249831e-05 -1.73137761555841e-08 1.80345303267140e-05 -2.04376172832066e-07 -3.16688280430864e-05 4.48142292019194e-05 3.79977089903884e-08 2.63236664199802e-05 -1.70556699432100e-06 -2.47411982195369e-05 -1.42742908124709e-05 1.88763866566758e-08 1.38655089077083e-06 1.59219220487901e-07 -1.00964108658332e-05 3.41138041688268e-07 1.71278493455408e-05 -5.85574379390292e-05 1.29296140257303e-03 -5.32446878365821e-04 -1.16203839681398e-05 -5.78791200847015e-05 1.45366944236498e-07 1.65413825660956e-05 -1.30698599910672e-04 -2.06313923763180e-07 -2.23310101630208e-06 3.79278126898847e-07 -3.39076113907951e-06 1.70158815083467e-08 -2.95479167425862e-05 -4.29151128988518e-04 -2.46940366497797e-05 1.27355965085494e-06 -1.23061178428470e-04 -9.95209215830395e-05 -1.74351251615544e-04 8.76680855724951e-06 1.94599404571602e-03 2.33438190307949e-03 -4.97818802154207e-05 -2.52933162497652e-04 -4.86032413477116e-04 7.11530330967172e-06 7.45049407030106e-05 1.09619867198272e-07 -4.85310370780771e-05 1.01548075036600e-06 -3.47328128626148e-05 1.10323383732233e-04 4.12361891312957e-07 -9.34286399447156e-05 1.56941818131510e-06 -4.42378317690291e-05 5.65588963036949e-06 -7.19429528366039e-09 -1.63687594847033e-05 4.94541216978882e-08 -7.43997970383120e-06 -3.83586471473565e-08 -2.97645410115136e-05 1.45873674455466e-04 -1.06597876986376e-03 2.28425034417408e-04 3.72473476780221e-05 -5.35813357806892e-06 -3.94922899573578e-07 6.68577656258472e-05 1.48921608752795e-05 -1.77740885832719e-06 1.03232437377970e-05 -4.05698392806599e-07 3.57395069942683e-06 4.43582493786129e-08 -9.87604222031213e-06 2.52638636483021e-04 -1.29029117532844e-03 3.41065825465225e-04 2.52361326074365e-06 2.62218399099615e-05 2.87940631038227e-05 4.28562697155374e-05 7.40813659847360e-05 1.42821398834162e-05 9.59138026075500e-06 -1.32654313055319e-05 -8.04840092270359e-06 -3.06856015609984e-06 3.22809626653651e-06 2.46701044378269e-04 -1.20007036381653e-03 3.24037751075080e-04 3.96582832903133e-06 2.61144435099806e-05 -2.80868335519003e-05 4.74893889623839e-05 7.43806889049351e-05 -1.12806082033041e-05 9.61160500396887e-06 1.34326340825003e-05 -7.97841221154037e-06 4.47352214076434e-06 3.73017407272282e-06
 5.40054337270880e-06 2.26281882120482e-06 3.27813431634543e-05 -2.28818445784103e-05 -4.90823849162433e-06 2.06942974857222e-06 -4.15660070956424e-04 -4.57519958947132e-06 -9.14502122523449e-05 8.45762741015604e-03 -1.64466537342225e-06 1.72691703673182e-05 -6.39287918916022e-04 3.74659036330103e-06 -1.23064122965133e-05 -3.07677410690551e-07 2.97610711561065e-04 8.74013984373989e-08 7.21854012871595e-06 -6.72261166824319e-05 1.86875352597783e-06 5.82360650394194e-04 3.01930153494027e-06 1.38324425426274e-07 -9.86578404023409e-06 1.78587900614073e-06 -6.46433310314216e-05 6.76011837746823e-07 1.19174984863415e-04 -2.39972177650548e-07 -5.14026450033600e-07 -9.84962275215484e-08 -2.88295164504837e-05 4.89491275282762e-06 -9.29551995540853e-07 -1.78812651123100e-06 -1.88532610988628e-04 -2.85190473269959e-05 1.76796563973336e-05 1.14748154060472e-02 -1.99202667665243e-06 6.18101051425220e-06 -3.28728898636758e-04 -9.17270983910022e-08 1.06567558962353e-05 -1.78255645112594e-08 -1.42936434339302e-04 5.01136046020378e-07 2.03407878414880e-06 2.36577968771903e-05 -1.30945730080696e-06 -3.49232057497874e-04 2.30002417312082e-06 -2.87477166892536e-07 -9.12231466809883e-06 -5.98172801602651e-07 -1.69560639805334e-05 4.86218998254456e-08 6.94012348389480e-05 -2.03838656187284e-07 2.03535512122485e-05 -6.87582345393981e-05 1.57293879908473e-05 -8.26705900282572e-07 6.74980354220472e-07 8.43919700184309e-05 4.07119952713161e-06 -3.34379072316048e-06 2.27414947998171e-04 -9.50324162439198e-07 -4.89542912221264e-05 -4.78377006474673e-07 2.65685458245931e-05 1.22059849582076e-07 -2.60427853172801e-07 -1.20946168476299e-06 6.00476171941706e-05 2.06512842265846e-06 -4.11176773369495e-06 -2.86228196964931e-06 2.12300305733120e-04 6.70219762018670e-05 3.44079574735788e-05 -7.59834232139190e-04 -1.07719829710490e-05 -7.04548376146755e-06 -3.66053318860634e-05 9.66022150290974e-07 6.18748752000750e-05 -1.04111793467309e-06 1.21079324888881e-04 -5.12442774502460e-07 1.13043278329717e-06 1.36425120872436e-04 -2.34865293344652e-06 6.75082072625433e-05 4.85100962586915e-06 8.18990442953929e-07 5.01100375146980e-05 3.42211511803662e-07 -3.65160932738584e-05 5.32404123115906e-07 -3.24373635207919e-06 -3.89625317673842e-07 -5.41827472909503e-06 2.45439493112500e-05 -2.00678330821620e-05 4.52585731562266e-07 1.54735217366601e-06 -6.84232246577342e-06 -1.56218410971807e-07 -1.04144402458026e-06 2.27214408788326e-05 -1.30108863209513e-07 1.06994872289206e-05 2.71120102807340e-08 1.16710281673387e-05 -1.88622256944876e-07 -1.44543457067202e-05 -1.40524122901394e-03 1.03387999096168e-05 4.21899773911772e-06 1.56543565122377e-05 4.30855729136686e-06 -1.60345603360714e-05 1.93515657148995e-05 4.86380257495974e-05 9.29435516825858e-06 -1.94494588439499e-06 -3.56349956686728e-06 1.03869768316629e-06 7.92028156356958e-06 1.17031704950648e-05 1.37841222909335e-03 -1.31344436111494e-05 -3.22931609841592e-06 -1.49158730406668e-05 4.33423248539607e-06 2.15708693064906e-05 -1.81034281394211e-05 4.36371913732716e-05 -9.35497848680920e-06 -2.11660255480752e-06 3.01797150661952e-06 1.40853116809909e-06 -7.71974398912873e-06
 1.14177544932279e-03 -1.85095864362263e-04 1.67586428325242e-02 -4.53353932943290e-03 -1.43710047258515e-03 3.40717688829164e-04 7.80241591297214e-07 5.68898046459282e-03 -2.65865798104953e-03 -5.60954928342088e-05 -2.26156195105390e-03 1.32196032149160e-03 -2.14324038542216e-07 8.81038499963572e-05 -5.75697150092101e-07 -3.44119406359889e-04 -2.39145243140215e-06 2.89792970080911e-04 6.04831553007868e-05 4.02646528696315e-06 -2.54805358147512e-04 -5.52708039817094e-06 1.61787709090703e-04 -2.90795543520920e-05 -6.50220456299170e-07 -8.40143120872837e-06 1.20059151110042e-06 -2.19819992549964e-05 -2.39972177650548e-07 3.10416545538868e-04 -3.23044137295586e-04 -4.31427553784201e-05 1.20658801179865e-02 -2.22295473560794e-03 4.01283653487347e-04 -1.13015274329989e-04 2.20641513963835e-06 -9.33323674015156e-03 3.13259166017194e-03 -9.34703637254905e-05 1.59830952763266e-03 6.69151664712712e-05 2.55054287736685e-06 -3.32707035448209e-05 3.04319579303831e-07 -1.09168277328138e-04 4.94023875046601e-07 2.05459881800505e-04 -2.09998248175424e-05 -1.13139552987966e-06 -2.45155075260437e-04 2.99697125765690e-06 3.56674073166737e-04 1.57574527222971e-05 1.10406633187444e-07 5.01397861496946e-06 -2.54462129014114e-08 5.29779019472426e-05 -9.51242510849123e-07 -8.30018892824199e-05 -1.20849118613105e-03 1.99525565262723e-03 -1.64413225916652e-03 4.32865951735725e-05 -3.29547590867995e-05 -1.18979298208911e-06 -4.65289304740447e-05 1.75518063452744e-04 -2.73606010950109e-06 4.52598481642617e-06 1.57706586692902e-06 2.43846928776606e-05 -5.36307676253396e-07 5.02902608480246e-05 -8.17839283052615e-04 -5.34125457413808e-05 2.58696890403095e-03 -1.26506506818026e-04 -4.83714539908554e-04 -3.95283331620639e-04 4.91536391889631e-06 5.42082442122146e-03 2.71431722693775e-03 4.39811917593584e-05 -6.42428929624405e-04 -8.10011111459646e-04 1.67868360004047e-07 9.31985642816062e-05 -4.20806994493640e-07 -1.07932552793347e-04 -3.35780412274549e-06 -4.06112076152708e-05 7.72794770915538e-05 7.71708074249348e-07 -4.20104285573018e-05 4.97522584093358e-07 1.64468686361775e-06 1.69424756570701e-05 -4.07855881465767e-07 7.88555617505543e-06 3.38389286503924e-07 -2.98238760066408e-05 -4.73352407185305e-08 5.52857520952336e-06 -4.49359880171265e-04 1.32151219965305e-03 -8.93418731562353e-04 3.62917705331767e-05 7.30344011320199e-05 7.76213417286343e-07 1.27100926372495e-04 4.28001838993964e-06 -2.26961284979257e-06 1.61463163285909e-05 -1.00816682641610e-06 1.44868619168016e-06 -3.24400091495374e-07 -2.70905403117872e-05 2.71005085409946e-04 -2.25139010204851e-03 5.34095651737123e-04 1.39049038375083e-05 2.57325208500899e-05 5.23998604239979e-05 6.53065803757111e-05 9.64543292292711e-05 5.82735330618101e-05 1.73548131634181e-05 -1.25280917426272e-05 -1.17280717343952e-05 4.21926997051211e-07 8.45622856941806e-06 2.95376011614588e-04 -2.34440283803013e-03 5.56990517171987e-04 1.32309383539755e-05 2.62991903035881e-05 -5.29685544624383e-05 7.05438699223269e-05 9.68952769362380e-05 -5.35774756736747e-05 1.76590346583912e-05 1.31337710176785e-05 -1.14920361271921e-05 1.61553351000427e-06 9.37572575851177e-06
 9.69798955536900e-04 -1.06804259957782e-04 -1.07373526673437e-02 -2.52850028958944e-04 5.98776720504860e-03 -7.29913619683905e-04 4.33892767164645e-06 -6.25601627534593e-03 1.32507488381892e-04 -3.12353236835535e-05 6.16465827363377e-04 7.55430562250087e-04 4.18548977928066e-06 -3.84344953780269e-05 1.20693791375152e-07 -2.63580438008681e-04 -6.57590967891028e-07 6.35766471885079e-04 -2.61200765276859e-04 -3.52585167652886e-06 2.24540600632214e-04 -3.29317438784476e-06 2.17578943995136e-03 2.92359388321904e-05 -3.75584853716872e-07 5.75399833876244e-05 -1.89539065099561e-06 -1.68769220476110e-04 -5.14026450033600e-07 -3.23044137295586e-04 1.98928643480332e+00 7.52956098746751e-03 -2.94686150930749e-02 6.62628769447305e-03 8.69144077531901e-03 -6.28385049672242e-04 -4.57873308743454e-06 -3.77830680427304e-04 5.43372339319002e-04 -3.27036767345404e-05 1.71605786157732e-03 -1.30197565020215e-04 -8.60473235622551e-07 -1.16751005754497e-04 -5.30834052946122e-06 -1.19975421656327e-04 8.58196083005807e-06 5.84081239385149e-04 3.17468108688036e-04 3.42715256977803e-06 1.05274909559896e-03 -1.79988661741015e-06 -2.30887619840666e-03 -1.28242484060376e-04 7.80164120068849e-07 3.32749796537096e-05 3.28236528338365e-06 -6.12630931056448e-04 -4.38053899082157e-06 7.75817944793550e-04 2.25833203149460e-03 -3.05182127946935e-03 5.68746274296044e-04 -8.78663721724690e-05 -1.09654467487470e-04 -1.83557981374061e-07 7.75533550578729e-04 -5.29988096590382e-04 -2.71539633481598e-07 -2.90358175661747e-05 8.84149434386125e-08 4.19797559081821e-05 1.30732307387136e-07 -1.20424145285342e-04 1.55375633857441e-04 -2.09207576776258e-04 -5.23924973006958e-04 9.36515067738014e-04 1.17391237586702e-03 1.24320313704379e-03 -5.73005563588818e-06 -3.84158083625225e-03 4.91426680939319e-04 1.12940368431056e-05 1.86297745247918e-03 4.90269664758488e-05 -4.86291221053417e-06 7.39396814691183e-05 -5.94208252724124e-08 -2.05846374172914e-05 1.40450404987072e-07 -1.94160885054131e-05 8.04300574762694e-04 -2.30370480904584e-06 3.78414781678143e-04 -3.57776606200579e-06 1.84837871979749e-04 6.22831826215349e-05 -1.77908926728796e-07 -1.80495081636089e-05 4.57913083233850e-07 2.36037697152408e-05 6.78928232930710e-07 -5.50130257609737e-05 1.29560128758454e-03 -3.07720387641831e-03 4.59149645797926e-04 -1.12465611787553e-05 -6.50665226627497e-05 -7.08157237505108e-08 -9.86443241585143e-05 3.39384616789725e-04 2.22213286300892e-06 3.30456470702035e-05 8.10546322781127e-07 -3.70119638327768e-05 4.88987125969808e-08 -1.63063817512660e-06 -1.31419798585129e-04 1.75089287512686e-03 -1.62738008424287e-04 1.18904112169610e-05 -9.33769118934769e-06 -2.41300566567659e-05 -2.23638736145988e-04 9.60695349624807e-05 -2.69358014310194e-04 -2.94790173940036e-05 -1.00807325092443e-05 7.17323626266002e-05 -8.01822793381177e-06 -1.69456997405746e-05 -1.32565390857757e-04 1.72963618938084e-03 -1.64116565539425e-04 1.19599514571064e-05 -9.51306019261802e-06 2.39053101738155e-05 -2.27168607768389e-04 9.51251716396174e-05 2.68484253088390e-04 -2.96627783631456e-05 9.57737757554223e-06 7.16917852713530e-05 6.99588743567246e-06 -1.72380609370536e-05
 6.67225095096685e-04 -5.24388172419475e-05 -4.55408705831837e-03 2.12953320800755e-03 9.69101343968470e-04 -4.11999735063721e-05 -4.09487260819890e-07 -4.40214954279228e-03 6.69192207665972e-04 1.69776060468344e-05 2.18727713365246e-03 -5.35178693834477e-04 5.02452766858544e-07 -7.61803578842582e-06 4.05327703323731e-08 4.77154645957231e-05 2.09761447136707e-07 -7.53075751235098e-05 -5.32352703416964e-05 -1.01565658346809e-06 -1.27331478719232e-04 1.40358120747034e-06 1.40999627514599e-04 -1.25058055971796e-05 -1.88449422245554e-07 5.28500566780935e-06 -3.05746560104645e-07 -1.32009682298984e-05 -9.84962275215484e-08 -4.31427553784201e-05 7.52956098746751e-03 9.85992817652038e-05 5.79773488389032e-03 4.17585929808534e-04 -2.33290660481351e-04 3.08305443430931e-05 2.55202910101663e-08 8.67743288841896e-03 -1.13078521858201e-03 2.21137772295491e-05 -1.27366571473827e-04 -2.33899957800671e-06 -1.62183732938803e-06 1.57302533226353e-05 -2.51691386621358e-07 5.87102375693181e-05 -5.11551133368073e-07 -1.02343852270205e-04 3.30425529163965e-05 7.58118788355127e-07 1.45929421339941e-04 -4.94885738077675e-07 -2.93814339006353e-04 -1.05982807666037e-05 -3.35034352741748e-07 -1.07038437421048e-06 -3.57563316174519e-07 -2.19669411100515e-05 3.15108784819122e-07 5.57844075184810e-05 1.27739896950462e-04 5.27449616289368e-04 4.12776270840310e-04 -2.20182879908453e-05 -1.28519943823659e-05 3.22357301265019e-07 -8.28271193511461e-05 -7.28667178806320e-05 2.95129622290037e-07 1.19851012457916e-05 -2.08316838760536e-07 -6.69078021851088e-06 9.06321616003951e-09 -3.07670045168823e-05 2.07927693637158e-04 -2.27478565827745e-05 6.11463134870249e-04 -3.34835072816602e-04 6.44356740026582e-05 1.20723514380620e-04 -2.48663819163970e-06 -8.11483557195494e-04 1.14255473970300e-04 5.98580714052582e-06 -2.01119229023114e-04 4.59676607649949e-04 -4.66253303050909e-06 -1.27919556169895e-05 1.22537219254761e-07 8.91695903429534e-06 2.39726039003240e-07 -1.34743872000738e-05 4.67553625373907e-05 3.74331640938420e-07 8.57046466092449e-06 2.51704301058062e-07 -5.64663289055008e-05 -1.45398712557304e-05 2.62747280118327e-07 -1.40212272781401e-05 4.94576388365634e-08 2.14923031598218e-06 8.52355416967245e-09 -2.61629329171663e-05 2.71916527493520e-04 -3.60993220108130e-05 5.25031595626478e-04 7.42702904496812e-07 -1.27662677622142e-05 -2.34222336363819e-08 -6.01126576606325e-05 7.48594362940233e-05 1.15209811896932e-06 -5.54791717815210e-06 3.09309769885918e-07 -3.01023942049996e-06 1.79563621061743e-08 2.71210278234014e-06 -1.44933648315426e-04 6.78945637545701e-04 -3.44784993592863e-04 6.92641018235699e-06 5.65476874349744e-06 -2.12206550144208e-05 1.99769571935882e-05 5.23428654522212e-06 4.00060470362470e-06 -4.05680216897420e-07 -3.99731592145619e-06 1.81867697176393e-06 -5.87063041232754e-06 -3.15163594806284e-06 -1.48690990658587e-04 6.73405402643566e-04 -3.44432325323927e-04 6.82178386002843e-06 5.54078392128579e-06 2.09918662312809e-05 1.81350380069262e-05 5.35024052956659e-06 -4.95754028670426e-06 -4.54413504047144e-07 3.87841156142129e-06 1.63070965152482e-06 5.57701430052765e-06 -3.28416018361874e-06
 -1.59802094950084e-02 -1.04536125713187e-02 7.49250137017186e-02 2.82374816165150e-02 -4.61008347674990e-02 1.86923447208268e-02 -8.50957340481404e-06 3.15276310647590e-01 -3.64378432737515e-02 -4.92392697895791e-05 -1.50758635732776e-02 -1.36825241144753e-02 6.03434286718346e-05 -3.53100563413271e-03 6.56063847351014e-06 -1.17371435560426e-02 -3.58933172226659e-06 2.30807243016029e-02 -1.02555131461051e-02 6.42520211600677e-06 -3.08027094799581e-02 4.40603146826960e-05 2.94341629012878e-02 -2.80676997027965e-03 -5.15861520234710e-05 -5.27195963184265e-04 8.79018484778419e-06 -5.44370223939582e-03 -2.88295164504837e-05 1.20658801179865e-02 -2.94686150930749e-02 5.79773488389032e-03 1.74809555873093e+00 -1.04630167234180e-01 -6.54262151031428e-03 3.87799040800500e-04 7.92269394524799e-05 2.62972561793405e-01 -1.59861512019512e-02 -1.45122875838761e-04 9.65584424811833e-02 -4.11925500339629e-03 -3.84953943831206e-05 -4.29988920682708e-04 2.84380466968094e-06 -1.77685403103663e-03 -7.95718858650541e-05 3.91851429070262e-03 9.84803468830835e-04 4.81309715774057e-05 -1.27272276421053e-03 8.03532763541562e-05 -5.11088433320486e-03 3.62259841800995e-04 -4.31400021083323e-05 -1.06964066617004e-04 -6.04870819309230e-05 1.78441159062686e-03 -1.34172332555182e-05 -1.54787863949112e-03 -1.23597472261346e-02 -1.18065582930794e-01 6.24757582528416e-02 -7.08633331374076e-04 6.07378190335807e-03 -2.21478366056862e-06 -1.28523674270149e-02 1.57497056490279e-02 -1.54370729304962e-05 2.16256071854759e-03 -8.35170203957058e-06 1.00787236479664e-03 -7.19202671218628e-06 2.76121129473919e-03 -1.47741170396300e-03 4.12796967440309e-03 -4.63439155273192e-02 9.71848492522687e-04 -4.03626416392512e-03 -4.33952415180742e-03 -3.07223827605983e-04 -8.92008157125074e-02 -6.23741048588619e-03 5.60895488059161e-05 -1.93415729136799e-02 4.04466458359071e-02 -3.43199608917513e-04 -2.20202190243142e-03 -3.31153695432947e-06 2.62675977043208e-03 2.57896288105301e-05 3.19535012033402e-03 -4.51257721296952e-03 5.43820066883225e-05 9.42238717073382e-03 1.75255383512109e-04 8.36789922592738e-04 -9.22800422489878e-04 2.31872178971563e-05 1.08816594561384e-03 6.16941057175741e-06 9.16669251122256e-04 -3.82162661534746e-05 2.58469499000868e-03 2.47167913971869e-02 -5.66845460837612e-02 4.90018162914557e-02 4.21848218404061e-04 -1.04091654155163e-03 -4.42166639181489e-06 -3.19230022536566e-03 2.35978209874841e-03 6.57302226890320e-05 -2.55819219498678e-05 1.00636356349374e-05 -1.27937463843979e-04 -5.58486495040491e-06 3.16526930277578e-04 -1.22151605857409e-02 4.32300367970122e-02 -1.88746728006155e-02 -6.74872606712760e-04 1.02535837914156e-06 -1.33116235708143e-03 -1.14012628763733e-03 -1.38990818649808e-03 1.29414474913165e-03 -1.56686869760837e-04 2.43913776865256e-04 4.39659399728601e-04 2.44055262097439e-04 -7.73361592441271e-05 -1.29334571945773e-02 4.31440375115124e-02 -1.92387528287086e-02 -6.75874260676421e-04 -5.98372354733683e-06 1.30594485515735e-03 -1.36599802278841e-03 -1.33283943450047e-03 -1.55860733236771e-03 -1.50924529262130e-04 -2.51143367600436e-04 4.04945131838947e-04 -2.90999319571442e-04 -7.78319296804850e-05
 -1.29299558507942e-03 8.68967713561048e-04 -1.09557795326296e-01 3.24549290825165e-02 1.70970260878931e-02 -1.15722533549480e-03 -1.46554234737045e-05 -8.25268400761874e-02 -5.02555333874189e-03 5.24133729491936e-04 3.00954086380374e-02 -1.90201813178093e-03 -4.50253036415744e-05 4.65768507774040e-04 -4.72789269294755e-06 2.48304721565714e-03 7.38893654764696e-06 -3.44837688824110e-03 6.13036763914727e-04 -2.85485647965066e-05 1.92190522489804e-03 2.09142979924293e-05 -1.45458501966813e-03 3.09861949895536e-04 3.27502237151226e-06 1.51885175623160e-04 -7.90035006989048e-06 3.50503763390674e-04 4.89491275282762e-06 -2.22295473560794e-03 6.62628769447305e-03 4.17585929808534e-04 -1.04630167234180e-01 1.91853494835013e-02 -3.58960102918384e-03 4.15691839745761e-04 -1.38965643780123e-05 9.86481247575205e-02 -1.91510903282659e-02 5.52348524233725e-04 -1.35461025516915e-02 1.35901717876090e-03 -2.83236789098998e-05 4.26219705699747e-04 -3.91116443856861e-06 1.07291043332202e-03 -2.75711623873473e-06 -1.96848480436263e-03 8.50725058164487e-04 6.74594954635948e-06 2.23197559069811e-03 -2.28682481544938e-05 -3.57347408260840e-03 -3.19657626510049e-04 -1.13777578847818e-06 2.46346189050518e-05 5.02354650276719e-07 -4.78816110351726e-04 7.71194465180440e-06 8.87339216742060e-04 9.34046937242644e-03 -1.59378015915558e-02 1.00898799877990e-02 -5.28971695212545e-04 -3.16913334570505e-05 7.72012186309677e-06 1.74253352739344e-04 -2.22977167567568e-03 2.08040501008227e-05 1.09268916919100e-05 -7.75531904635536e-06 -1.63139122262943e-04 3.57850942907882e-06 -5.98574493424912e-04 5.10267222275048e-04 -4.69837566676400e-04 3.84345422316909e-03 1.76488162944720e-04 7.88512607071374e-04 3.33900677465800e-03 -4.87549497479740e-05 5.39144448932662e-03 -9.60100920446069e-03 5.44556284338638e-04 -1.16999652940418e-03 5.13253708506279e-03 -1.13658203632822e-04 -1.53656408949532e-04 5.53285442045984e-06 -2.07746565540397e-04 -7.55614721300188e-06 -4.04099150498233e-04 8.04125174352860e-04 1.01272045961367e-05 -9.60244629394800e-04 -2.10738051026547e-05 -5.88240111161294e-04 4.29517152611491e-05 1.60505245589443e-06 -2.69300877329832e-04 -3.21545763308988e-06 -2.84556898992624e-06 3.45173975113810e-06 -5.18040588712772e-04 -1.43569335251160e-04 1.46048866383603e-02 -8.06794715168397e-04 -8.53351529259935e-05 1.35231279719922e-04 4.87267853493166e-06 -5.22150378770699e-04 9.42976740398878e-04 2.08870500624672e-05 -1.19662022641942e-04 4.72513001351783e-06 -6.15789595031555e-05 2.35211447234014e-07 -6.62365345165081e-05 6.10795158537621e-04 -2.81467958922972e-03 -5.31571313664879e-04 8.41703889532376e-05 -3.15813244761555e-05 1.89959148111003e-05 4.80804874180247e-04 -2.01689997971044e-04 1.10964317458077e-04 -4.69908910478891e-05 -1.80566728454530e-05 -5.99578202231171e-05 -7.49740783357866e-05 -1.02352537976022e-05 7.37558857816904e-04 -3.65576906781145e-03 -3.20818942185226e-04 6.87556037516775e-05 -3.13631842124096e-05 -2.67382188345724e-05 4.52943075778169e-04 -2.06954042058566e-04 -1.00552484499933e-04 -4.81874754007956e-05 1.95509107891631e-05 -5.59820762874737e-05 7.02512126758889e-05 -1.58782683421681e-05
 2.03552390103781e-03 4.79100906830547e-05 2.87856366579832e-02 -1.06370548138557e-02 -4.94619355184709e-03 2.15312981495959e-04 6.16225905209125e-06 2.34207996380744e-02 -2.77121331890064e-04 -1.49886054974820e-04 -1.07087838164094e-02 1.18334494459812e-03 5.24503553640901e-06 -2.37611591777481e-04 2.83395136277423e-07 -4.82812808280394e-04 -3.36745670117033e-06 6.39414168234829e-04 -1.12771534180618e-04 5.87346387672808e-06 1.21669514880649e-04 -1.07986426368248e-05 -2.90557007017879e-04 -5.99566444580217e-05 1.11711242831419e-06 -3.59723609992986e-05 1.65416031124745e-06 -5.16768066650450e-06 -9.29551995540853e-07 4.01283653487347e-04 8.69144077531901e-03 -2.33290660481351e-04 -6.54262151031428e-03 -3.58960102918384e-03 1.37140954773834e-03 -1.31297477169316e-05 2.57500118928583e-06 -4.02382367600101e-02 4.51962498459474e-04 -1.93166941931293e-04 2.10745031450795e-03 -4.82236873440055e-04 9.58621704124651e-06 -7.76319110960676e-05 1.38188526438666e-06 -3.21067313551465e-04 3.01766284693517e-06 5.80874720885144e-04 -1.26190204767374e-04 -3.39575632475082e-06 -7.11502559462198e-04 5.60802013855347e-06 1.32925355276194e-03 5.28749058367058e-05 1.51734739085004e-06 -7.55476702096027e-06 1.28431488885347e-06 1.16420915955855e-04 -2.52420195124019e-06 -2.75511396591195e-04 -1.72634868461766e-03 3.50995521295224e-03 -2.69880824590378e-03 1.27028394604251e-04 9.61170618256240e-06 -2.07147994205423e-06 2.43132113877190e-04 4.52199416181559e-04 -4.49166985558712e-06 -3.02104190372091e-05 1.56237432288635e-06 4.14838652006195e-05 -4.65752815639657e-07 1.56834592174436e-04 1.68921151704060e-04 3.01867654237797e-05 1.60042750585103e-03 -1.09819131630475e-03 -1.35797151558683e-04 -7.71192785624243e-04 6.13429091576925e-06 -1.15603301947047e-03 -7.85405166327094e-04 -4.04158488068247e-05 9.14408506971113e-04 -2.10285351121429e-03 2.25142076255976e-05 4.93813300543840e-06 -1.44857114528064e-06 4.62692917094094e-05 -1.01567808759288e-06 1.23696619831766e-04 -3.31793620451883e-04 -4.08521342855279e-06 1.63893994998201e-04 4.09995303016595e-07 2.47397498302143e-04 3.52407518723338e-05 -7.30783761959514e-07 8.29726434893649e-05 6.13735358685927e-07 -3.98587061083849e-05 -6.52091213860987e-08 1.36479175208379e-04 -1.22508420643946e-03 2.52522336712013e-05 -1.75680044400404e-03 -3.70617149883763e-05 3.29921955655502e-05 -1.39409784288098e-07 2.07898338881009e-04 -3.65636409037089e-04 -5.07885943543169e-06 2.92907747041385e-05 -1.29253434027348e-06 1.55510368108075e-05 -9.15509180321798e-08 1.84266569507605e-05 -2.71029784091706e-04 1.81037743834497e-03 2.16410047763881e-04 -8.08498460700759e-06 -3.55213506740341e-05 -7.02946808438775e-06 -1.89682206425369e-04 -3.80126632561194e-05 -1.04355995756178e-04 5.86160366278102e-06 2.28080764834943e-05 1.59504839593341e-05 2.63182240546375e-05 3.25866695099607e-06 -2.70662685766133e-04 1.84806562747395e-03 2.07430951137948e-04 -7.06854932320950e-06 -3.52741597637111e-05 8.17792075487830e-06 -1.84005778644631e-04 -3.86922516455762e-05 1.03409644223988e-04 5.96134812965917e-06 -2.32889661963120e-05 1.56002895724612e-05 -2.60551333400148e-05 4.18264076084532e-06
 -2.02326623376575e-04 -7.43799272363297e-05 -2.63494611614837e-03 3.68503715567392e-03 2.69255268093803e-04 -4.77277776121076e-04 5.00904989336259e-06 -1.05043413659571e-03 1.99530933600998e-03 -4.49229580799677e-05 -1.19074618649296e-03 -4.43295448173231e-03 1.08523174151391e-05 -1.40533823728225e-03 -2.09489708042473e-08 3.22340936878669e-05 -2.22380545094220e-06 -1.86647973772141e-04 -1.21242879690364e-03 -1.00862591317613e-06 -1.86793883324046e-04 -6.56377546931032e-06 -3.65320600747545e-04 -3.93648878500164e-04 1.20007795000863e-06 5.80877758089036e-05 -1.87441493587434e-06 7.05943660052505e-06 -1.78812651123100e-06 -1.13015274329989e-04 -6.28385049672242e-04 3.08305443430931e-05 3.87799040800500e-04 4.15691839745761e-04 -1.31297477169316e-05 1.02732819166284e-03 2.80347055986504e-06 -9.50027945350694e-04 -4.14339365191849e-02 -6.60166423338945e-05 -1.20562615627820e-04 -1.81825945004784e-03 1.55092102213861e-06 2.52050700135819e-04 1.33368043515784e-06 1.43789670503820e-05 2.73984226892880e-06 5.47050892458408e-06 7.64451465478739e-04 3.93060185774487e-07 8.16456948127768e-05 -5.02444684859152e-07 -7.02110140022910e-06 -1.80981897790441e-04 9.80051733543798e-07 -5.16060548387245e-05 4.99898537551420e-07 -1.80707363270140e-05 -1.53848255815893e-06 -3.06876994507769e-05 7.57567710904578e-04 1.19238097449561e-02 1.88505273854391e-03 -1.36723909036657e-04 -3.49185219767592e-05 1.02357192113305e-06 -5.77486950152602e-05 -3.96597695261718e-04 -4.03295400703632e-06 5.65581871505232e-05 -1.25487241687884e-06 9.47643284887976e-06 8.86641008696598e-07 -7.43542274075906e-05 4.63109320894874e-04 2.12519962145767e-04 -7.08638437416842e-03 -7.69557996361657e-03 -2.97789623742426e-06 -8.06347183299233e-04 -3.44542129326404e-05 -1.05328844384363e-02 -4.26840998219492e-03 3.40832780663658e-05 -6.90733754203606e-04 -9.91999401692448e-04 -2.66197323630344e-05 -1.33530529979947e-04 -3.97735481013284e-07 1.62862462192288e-04 2.00903349995362e-06 1.88323457365420e-04 -5.60612386029860e-04 -5.09357181474822e-06 2.05319828189747e-04 1.27937969475975e-05 -4.63694659530779e-05 -2.57836542567903e-05 1.12023254777454e-06 4.99979592448058e-05 1.07265906364554e-06 -1.91514927128410e-06 -3.43320175526253e-06 1.13272843412761e-04 4.39668063708667e-04 -3.78976237936350e-03 3.54261713391059e-03 4.37239114876623e-06 -1.89953629743595e-04 1.88747147648311e-07 7.16588625369571e-05 -1.73704906960714e-04 1.69396863070745e-06 3.11735453125682e-05 6.69388014359577e-07 1.72776318583784e-05 -1.63840666392042e-07 8.67397955954091e-05 -3.18713105253372e-04 4.04101180673631e-03 1.05991219650087e-04 -7.54217401471556e-05 -5.20847990047173e-05 -4.31899259685705e-05 -3.80173008400559e-04 -2.22167691819656e-04 -2.05847472405855e-04 -1.62781357331121e-05 3.02478761382278e-05 1.30980786866935e-05 5.20051241035785e-05 -3.98480236298902e-05 -3.85180145922418e-04 3.97936727646454e-03 1.08631076442026e-04 -7.82983379995904e-05 -5.26730518591557e-05 4.04172961540158e-05 -3.98323748361318e-04 -2.22300958214702e-04 1.81604366330252e-04 -1.67272313192772e-05 -3.22105208694539e-05 1.00217723852786e-05 -5.84750447876461e-05 -4.04239119958990e-05
 -1.95326287261807e-06 -5.65326302353038e-06 6.39823725357022e-05 7.33056747695704e-06 1.20328765798605e-05 5.76777836856574e-06 6.58616862642429e-04 -3.83414345441156e-05 2.10049934246703e-05 -1.35571750206399e-02 1.43394086875934e-05 4.34822467743943e-06 1.06244682218145e-03 -4.22384623592576e-06 2.78735871502300e-05 -1.51710779834932e-06 -4.63287031103494e-04 -1.31220356569635e-06 -9.71162296804742e-06 1.17804973729730e-04 -4.29840050111274e-06 -9.08579297593645e-04 -4.77302975359341e-06 -8.53788804468142e-07 1.07328848812220e-05 -2.48715413373741e-06 1.05471139514239e-04 -7.11849305875993e-07 -1.88532610988628e-04 2.20641513963835e-06 -4.57873308743454e-06 2.55202910101663e-08 7.92269394524799e-05 -1.38965643780123e-05 2.57500118928583e-06 2.80347055986504e-06 2.99167867750176e-04 4.11505640549159e-05 -8.07496585507642e-05 -1.80991486830041e-02 8.34850731302146e-06 -5.79945804798535e-06 5.30866103707713e-04 1.13355815013233e-06 -1.69218513964997e-05 -8.23541741273739e-08 2.26933375514779e-04 -3.57153126282396e-07 8.36798564933371e-07 -3.58978127188298e-05 1.39308400419684e-06 5.53122983931544e-04 -2.99052620859234e-06 -5.66829513332236e-07 1.36939303914889e-05 1.10165780173390e-06 2.70660109347587e-05 8.10950731199962e-08 -1.09681467685726e-04 2.12418222315965e-07 -2.82358834274808e-05 7.96378380475010e-05 -2.10911169251644e-05 1.89825914953171e-07 -8.98007115088315e-07 -1.34918895790927e-04 -7.17783684078088e-06 4.13010692573944e-06 -3.66975010781548e-04 1.93055355499109e-06 7.89161708982712e-05 1.08610107836427e-06 -4.22160814044279e-05 -3.76392308129773e-07 4.91473940116562e-07 -5.95044320701763e-07 -1.44023659414904e-05 -1.76984243088716e-05 -3.86756790526616e-06 2.12555365827813e-06 -2.51783695826210e-04 3.37354279855099e-05 -1.69362707316401e-05 2.87635738237277e-04 -4.10527760864087e-06 3.55833044943130e-06 1.94930147673487e-04 4.31908550221007e-07 -1.00899427308894e-04 -1.31125942249152e-06 -1.69862697466898e-04 -4.94792441142409e-07 1.36776082641296e-06 -2.27360544694195e-04 4.35726145442131e-07 -9.29849298229164e-05 -8.15381621689804e-06 -4.26347032675402e-07 -8.12258570356341e-05 -9.73061351533858e-07 5.87257863634701e-05 -1.78590508893033e-06 5.53125662781146e-06 -3.88460575426620e-07 -4.31840636415595e-06 3.21579603861242e-05 8.16973928149166e-06 -6.24271599874208e-08 -1.30905944390806e-07 1.59933951715757e-06 2.42209895117879e-06 3.95168613173055e-06 -5.70423455636455e-05 3.77560648524195e-07 -2.00829994883170e-05 -1.85820823102742e-07 -1.65215532790207e-05 -5.15477546433411e-07 1.34886875702347e-04 1.37622162245194e-03 1.84695978717708e-04 -1.86876163899596e-05 -2.34497872588562e-05 2.12002932177986e-06 1.07219460898264e-05 -3.12481776909575e-05 -7.47519174744467e-05 -1.43700288097585e-05 2.61384017155861e-06 5.54834027729874e-06 2.06508998067165e-06 -1.36288879956552e-05 -1.16817000879593e-04 -1.44378795843363e-03 -1.58226587043714e-04 1.80473996151614e-05 2.33421872538351e-05 -3.27849357758150e-07 -1.43360422461171e-05 3.17907292466048e-05 -7.00657318452113e-05 1.50512931601041e-05 3.47979447468760e-06 -5.53480559939334e-06 1.76914902182470e-06 1.36085764910739e-05
 1.48699341812534e-02 -7.05029875275705e-03 -5.96654970846827e-01 2.95809937833653e-01 1.80800122450715e-01 -1.32252968777107e-02 4.71476883238708e-06 -9.21637010331539e-01 8.93144528432098e-02 -4.14622047835668e-05 3.88627169330646e-01 -4.89430180371589e-02 2.73771271650247e-04 8.44004863374587e-03 8.72542818199516e-06 1.04687431570907e-02 -5.04611215553694e-05 -2.39956739221219e-02 3.42033232844876e-03 -5.74234787872547e-05 -8.51205324673712e-03 4.41740562200195e-05 1.09169112558532e-02 1.19690701307925e-03 -3.81594129950403e-05 1.10785301041229e-03 -5.01226750316038e-06 6.78712617544425e-04 -2.85190473269959e-05 -9.33323674015156e-03 -3.77830680427304e-04 8.67743288841896e-03 2.62972561793405e-01 9.86481247575205e-02 -4.02382367600101e-02 -9.50027945350694e-04 4.11505640549159e-05 1.33651518875945e+00 3.74894907543789e-02 1.02097505557392e-04 -5.59921019176649e-02 1.24387991638560e-02 -1.37557745279289e-04 1.67609313703848e-03 -4.96410222706886e-05 1.03931331964478e-02 -1.93183980800673e-05 -1.87434961072657e-02 2.12484689879264e-03 8.69576926641748e-05 2.29062441215152e-02 -5.50214313219196e-07 -4.46290885999203e-02 -1.15122485720290e-03 -4.03504479383631e-05 1.89647691521486e-04 -3.14314473529192e-05 -3.80461278432468e-03 4.44821154424979e-05 9.69552247350521e-03 7.22447585646487e-03 1.56546784436823e-01 1.19090700632778e-03 -2.11199356435470e-03 -6.49368667028990e-03 1.20091303520304e-05 -8.39938306692383e-03 -1.90976235296471e-02 -4.38713430858284e-05 5.17605913990711e-04 1.68834218414300e-05 -1.47520877564665e-03 -1.45670689196141e-05 -6.19136770054249e-03 7.23254223611088e-04 -5.45883329809229e-03 9.30751025046299e-02 -5.70038803129364e-03 -2.42517841921040e-03 2.11173770807853e-02 6.35417560333131e-05 1.30681114209384e-01 9.07217977155538e-02 8.83768288471275e-05 -4.67441913014059e-02 5.10335541281194e-02 -3.08877577436686e-04 1.60662950652533e-03 4.53039981211886e-06 -4.29034172959146e-03 -2.85614097285028e-05 -7.19092140380537e-03 1.53540000265772e-02 3.34999202997563e-05 -7.87144999379752e-03 -3.91041152085294e-05 -1.16646663443507e-02 -1.80105678584659e-03 -4.33949866679307e-06 -3.38140929826346e-03 1.17941263940079e-05 1.65135130259490e-04 1.69660797103615e-05 -6.33255096884924e-03 3.02969565136597e-02 6.29544574837930e-02 4.28269865175471e-02 1.43523315938322e-03 2.60964035205786e-04 -2.48946868901763e-06 -6.24128987849720e-03 1.40474480177544e-02 6.08094706837622e-05 -8.59823323297722e-04 1.64466893666234e-05 -5.29892188094589e-04 4.87198288182217e-07 -8.74000388533361e-04 6.48975560180931e-03 -6.59481863674448e-02 -1.21831523678947e-02 1.39190746395469e-03 1.89609543091895e-03 2.71852736224060e-04 8.12025573706879e-03 4.40585188506229e-03 3.97276561968604e-03 3.19661055708449e-04 -1.31097466301118e-03 -7.18035179610567e-04 -1.21244050258928e-03 -2.26348215872789e-04 6.43677379555931e-03 -6.58887633667432e-02 -1.22570822167964e-02 1.41644439927571e-03 1.90506277342509e-03 -2.80519795376330e-04 8.15422435706595e-03 4.43800380582654e-03 -3.83272913758425e-03 3.23582690917733e-04 1.33002425536673e-03 -7.11576090084754e-04 1.27330913510164e-03 -2.24714877911784e-04
 1.38161078198239e-03 4.20537645625972e-03 5.40653283116800e-02 -1.22484232231768e-01 -1.44187083128977e-02 1.20520401513815e-03 -3.71228910697678e-05 8.05627120711647e-02 1.80961584091397e-01 1.22730947954089e-04 3.77720326677475e-02 1.12428129707944e-01 -3.14685317426861e-04 5.31147352402167e-02 1.00063940972877e-06 -3.14090752867385e-04 8.47179328410227e-06 9.26058763906579e-03 4.47118186189620e-02 -2.09685802554755e-05 7.21799550104235e-03 1.49219368454830e-04 1.65698670172694e-02 1.63974422070169e-02 8.96866438501717e-06 -2.98544866834229e-03 6.51996776208788e-05 -7.96779414272383e-04 1.76796563973336e-05 3.13259166017194e-03 5.43372339319002e-04 -1.13078521858201e-03 -1.59861512019512e-02 -1.91510903282659e-02 4.51962498459474e-04 -4.14339365191849e-02 -8.07496585507642e-05 3.74894907543789e-02 1.77224165749084e+00 9.08429346970122e-05 3.97833771769556e-03 6.35106386801999e-02 -2.17904004620629e-05 -1.23018039551402e-02 -5.45340596635687e-05 -6.20576467136736e-04 -8.42903628870971e-05 -5.43666961794570e-04 -3.89529617955944e-02 -2.14103728286965e-05 -2.67198052638626e-03 1.09275172273827e-04 -5.79465952037402e-04 9.40892698032414e-03 -2.95989820050596e-05 1.72377718121861e-03 -1.99187784626798e-05 6.02913041062488e-04 4.88902103865236e-05 1.44794240574433e-03 -5.91452715104695e-02 -3.09364746391301e-01 -1.16693664559411e-01 8.38217899657440e-03 -1.40940329282685e-03 -4.80606459974114e-05 3.57062319759795e-03 1.68469201377193e-02 1.32165539166752e-04 -3.21410031546359e-03 4.65643187202850e-05 -9.84660280285435e-04 -5.00395338078012e-05 3.01861696246133e-03 5.44330960639654e-03 -6.08832402942221e-03 2.19175729391260e-01 3.10905964339865e-01 1.75064220858740e-02 3.52151036340172e-02 9.31675012541489e-04 1.81815010084037e-01 1.30020120522310e-01 -7.57835483165062e-05 5.97462297971949e-02 4.74810149991830e-02 9.08269197122755e-04 2.45093092132941e-03 6.03207157594004e-06 -1.73845175228583e-03 -8.16395194385851e-05 -6.01871679310567e-03 1.82234626671054e-02 1.45822248779567e-04 -2.58909883355510e-03 -5.88343515066041e-04 2.36899870187767e-03 -8.24045039078668e-04 -3.81814971576297e-05 -1.50811617897794e-03 -3.25789452654476e-05 1.19673077294939e-03 1.33459501300953e-04 -3.42073295971185e-03 2.93813213696086e-03 4.49413013894803e-02 -1.03560055111909e-01 -1.54711155100588e-03 3.96845960228793e-03 -5.66224458866382e-06 -7.23130768309062e-03 3.45161436733756e-03 4.47140164444584e-05 -1.54616514210379e-03 1.14120758793185e-05 -4.86405265682432e-04 5.64856517808477e-06 -1.95909099053216e-03 -5.95227548550885e-03 -3.80293775002516e-02 -3.45055211816621e-02 2.76665005421628e-03 1.49532255960752e-03 -1.08829333956926e-03 1.14125825254589e-02 7.54003167228132e-03 5.54688873333709e-03 3.30628940678474e-04 -9.02515594963573e-04 2.69703453643470e-04 -2.09992969944104e-03 1.17107579470675e-03 -3.45186339679146e-03 -3.80146873905588e-02 -3.40930527486742e-02 2.84111324388796e-03 1.51376320873497e-03 1.16865770154454e-03 1.19114185213855e-02 7.52695330106875e-03 -4.77090874228955e-03 3.45648590034639e-04 9.50394575533882e-04 3.66808593436211e-04 2.27121797776453e-03 1.17642877931354e-03
 -3.52887482161153e-04 2.36289881875518e-04 -1.16906859530671e-03 -6.22324010485044e-05 -3.54393879784885e-04 -4.88836954534812e-04 -3.99578223375179e-02 7.86127876027235e-05 -3.86182805381160e-05 8.03291349976808e-01 -1.27492477923486e-04 -1.11531988998668e-03 -5.83327596998812e-02 7.14462510356783e-05 -6.53503778438647e-04 3.22632528049219e-05 2.91363370467173e-02 -9.24900338521259e-06 4.04409110969479e-04 -5.75592024451325e-03 1.18221842943394e-04 5.68877364679278e-02 3.51522320691968e-04 1.65988700236019e-05 -1.25491200242952e-03 1.64863927470869e-04 -6.02445749079881e-03 4.61232048870073e-05 1.14748154060472e-02 -9.34703637254905e-05 -3.27036767345404e-05 2.21137772295491e-05 -1.45122875838761e-04 5.52348524233725e-04 -1.93166941931293e-04 -6.60166423338945e-05 -1.80991486830041e-02 1.02097505557392e-04 9.08429346970122e-05 1.10846831562042e+00 -2.45817011604318e-04 9.93796953742916e-05 -3.09749857270942e-02 -4.41804367879232e-05 1.02237693567097e-03 1.68102555377462e-05 -1.37142069000991e-02 7.52360941365217e-06 4.87455443282083e-05 2.37552037793801e-03 -6.14609977675055e-05 -3.35910165107348e-02 1.00635191419217e-04 1.35653757141900e-05 -9.24770198359396e-04 -7.42755519587072e-05 -1.61794983681276e-03 -4.19515781772277e-06 6.69069460804950e-03 -6.84912380880400e-07 1.30314692873930e-03 -1.42624498569520e-04 8.05352398032553e-04 -2.37493728192943e-06 -1.09844698000609e-05 8.03902715408349e-03 4.32222719883167e-04 -3.49289504324110e-04 2.14467650399993e-02 -1.20258923898304e-04 -4.62326381795644e-03 -6.15467654220168e-05 2.54677245983348e-03 6.39663387536316e-06 -5.71085117598598e-05 6.25793697826032e-05 -1.54057762430208e-04 -8.74017482496020e-07 -9.54053379372483e-05 -6.72649369880414e-05 2.57289797254205e-02 2.68013189050342e-06 -1.08438280617345e-04 -1.30946829206554e-01 -5.61744770512343e-04 -1.50727161225638e-04 5.12501237517756e-03 -4.05395157112278e-05 5.76859960756797e-03 2.10279186623601e-05 1.30346245361737e-02 -1.74325671323086e-05 -1.07830468677935e-04 1.24060059241207e-02 -5.65081445288521e-05 7.37395547869404e-03 4.87663403657635e-04 1.46216739822716e-05 4.70306262407386e-03 5.42009371871011e-05 -3.45619759346240e-03 1.10966506066833e-04 -2.88638224856657e-04 2.87366448142615e-05 1.79034013673692e-04 1.01156243771132e-04 -4.31442412588377e-04 9.35061148050955e-07 3.34419117876955e-05 -1.24252741447477e-03 -1.74674519350186e-04 -1.63729608851220e-04 8.61659416427489e-04 -2.80380624577400e-05 8.33559293397592e-04 3.01524229338826e-06 1.24692178253025e-03 3.18639925673962e-05 5.09913014418980e-03 -1.83877347927543e-01 1.28329301701806e-02 -4.22692087151661e-04 1.52528616410774e-03 8.65609025766928e-04 -2.76686490332793e-03 1.61833329621058e-03 4.68734664659820e-03 8.76920877843278e-04 -1.81122858632816e-04 -3.09268719673092e-04 3.52801169370184e-04 6.59200441916453e-04 -5.71509921038387e-03 1.84263361725041e-01 -1.34436248120756e-02 4.34943276414514e-04 -1.51860355797560e-03 9.42550983236381e-04 3.01339205152819e-03 -1.75035851668767e-03 4.25510098628668e-03 -9.24646578953413e-04 -2.32700057652801e-04 2.80438271870063e-04 3.63092696197061e-04 -6.91219054721540e-04
 -7.99303025911008e-05 -7.44040735809858e-04 6.80796138618462e-02 -1.91890965459778e-02 -1.13449721415590e-02 1.23100534238100e-03 4.00227776829912e-06 5.69158448266133e-02 -9.15928079747996e-04 -1.77652869676969e-04 -1.91841138329345e-02 1.39428376699706e-03 3.95864212178662e-06 -5.42085682342168e-04 -4.16576737930736e-08 -1.74668635375528e-03 -3.95613561834347e-06 2.43216934528618e-03 -7.18721816737578e-04 1.36081256051842e-05 -1.75378742832636e-03 -1.20482988561908e-05 1.28039181030698e-03 -2.53678955486074e-04 -1.67854857791416e-06 -8.81811069782597e-05 3.35324417559683e-06 -3.13369943198738e-04 -1.99202667665243e-06 1.59830952763266e-03 1.71605786157732e-03 -1.27366571473827e-04 9.65584424811833e-02 -1.35461025516915e-02 2.10745031450795e-03 -1.20562615627820e-04 8.34850731302146e-06 -5.59921019176649e-02 3.97833771769556e-03 -2.45817011604318e-04 1.01144265563184e-02 -1.04961745878279e-03 1.04279418683798e-05 -2.02714450780850e-04 2.78174886807547e-06 -6.92425195800696e-04 -1.07975529902101e-06 1.29374011676981e-03 -2.48792920153816e-04 -3.57422315961200e-06 -1.40640201195971e-03 1.10616673622561e-05 2.10327826826181e-03 1.41299480912142e-04 1.11547100760615e-07 -1.74348562168591e-05 -1.58592737347054e-06 3.28610152583317e-04 -4.54694108655799e-06 -5.79622119906070e-04 -5.36745246664947e-03 6.69416323825942e-03 -3.97785569288080e-03 2.66210273964945e-04 1.98849171092257e-04 -3.31611507104531e-06 -3.33075983424935e-04 1.62489423043173e-03 -8.34929394877781e-06 4.53506353655249e-05 3.25273800730810e-06 1.35560606344162e-04 -1.54752462448899e-06 4.26405896999977e-04 -5.48672224711387e-05 3.67059476326332e-04 -3.43149239303853e-03 -1.03389903048862e-03 -1.15579732815640e-03 -1.88091209509324e-03 -1.76337777788854e-06 7.62977186075654e-04 1.42627387632725e-03 -2.83119724455332e-05 -6.32720671480237e-04 -2.10137677766812e-03 1.51460151309261e-05 -8.67123416546271e-06 -1.72645505090219e-06 5.11801605315049e-05 -1.59502642161993e-06 2.52967320763560e-04 -6.71970622273567e-04 -7.28877058341911e-07 6.71734870789503e-04 1.40495970515526e-05 3.60732181056513e-04 -1.08990566139837e-05 9.81047745130603e-08 1.94070339879017e-04 1.03270425741683e-06 3.41095500623047e-06 -3.46006053805515e-06 3.78900534404079e-04 -5.66568034709310e-04 -3.07611807206141e-03 -1.95840478966133e-04 3.69461587241603e-05 1.94275222225771e-05 2.74113447128076e-07 2.93641083174562e-04 -4.28668349180395e-04 -6.71182931824234e-06 6.18294156930642e-05 -2.26647025576839e-06 2.16772141639412e-05 -6.76235084876487e-07 2.10833592975953e-05 -6.81064673065020e-05 -1.02241077191498e-03 1.03542132144666e-03 -7.22667188270643e-05 -1.99155608470485e-05 5.11116505462174e-05 -2.92250337732553e-04 -2.10256671873810e-05 3.29087623511063e-05 1.53683740932418e-05 3.02253520753225e-05 1.99745797958325e-05 6.45939684369879e-05 1.12295171121281e-06 -8.97778461315564e-05 -1.02047962877031e-03 1.02685861008228e-03 -7.19905240474137e-05 -1.94894863168053e-05 -5.18548222679254e-05 -2.90019561256421e-04 -1.85751068714004e-05 -4.42476478086834e-05 1.59699171248023e-05 -3.04226632412420e-05 1.77645924689987e-05 -6.47374839161975e-05 3.14613178707400e-06
 1.17056288820851e-04 1.89695031620102e-04 -7.76041202619899e-03 -6.03062287263821e-03 1.14487834607537e-03 3.94449546240968e-03 -1.88720558996058e-05 -8.68903617791890e-03 -4.58049337940380e-02 6.63102877994237e-05 7.07861345773278e-03 1.75306532871192e-02 -1.49623933606595e-05 3.48299740619087e-03 -4.98755070582103e-07 1.69448999724291e-04 3.86156770152463e-06 3.88646798283535e-04 3.16051544439309e-03 6.81077891443771e-06 5.29630134934016e-04 1.20084274762970e-05 8.66386784798657e-04 4.68547100258950e-04 -1.09161960328594e-05 -4.17072136355703e-06 5.77519583685801e-06 6.11378205991121e-05 6.18101051425220e-06 6.69151664712712e-05 -1.30197565020215e-04 -2.33899957800671e-06 -4.11925500339629e-03 1.35901717876090e-03 -4.82236873440055e-04 -1.81825945004784e-03 -5.79945804798535e-06 1.24387991638560e-02 6.35106386801999e-02 9.93796953742916e-05 -1.04961745878279e-03 5.29505919572409e-03 -1.30584095206658e-06 -1.21528081045348e-04 -3.53971086523561e-06 8.92954272177277e-05 -4.47103521054226e-06 -1.67726344454249e-04 -3.37267831309069e-04 9.87186626291606e-07 7.45684966449332e-05 1.65766392432202e-06 -1.88370470085444e-04 3.11149861467152e-05 -3.55163925457136e-06 1.46962307708007e-04 -5.47508091321169e-07 -8.24864764081341e-06 2.88368461640950e-06 8.53356421633092e-05 5.11028266517531e-03 -6.09342824296036e-02 6.10925168559287e-03 -3.65540735542323e-04 6.01284899635407e-04 -3.55479117536158e-06 -2.85286195553434e-04 5.63238386735380e-04 5.66691276426617e-06 1.08739305164706e-04 4.02195483175445e-06 2.61231710434391e-05 -6.99454942812850e-07 4.80952804767271e-05 5.73649352132285e-04 -7.52121963985316e-04 2.34733561201010e-02 1.50360352089950e-02 -6.05435807909254e-05 -2.93254831690526e-04 9.91842722153933e-05 2.94618904677383e-02 3.23071067891475e-02 -9.16926342951568e-05 -3.62246087698692e-05 -3.12683347589506e-04 3.76272887242477e-05 9.84588512722450e-04 -1.29925628506575e-07 -4.37326539311903e-04 -8.35900081413860e-06 -1.49995177549932e-04 1.98130184695954e-03 1.90737050874060e-05 -8.81923168031789e-04 -1.82041628360750e-05 1.49994303135716e-04 2.99679592866902e-04 -1.88304520101339e-06 -2.11494083394628e-04 -6.41490937151281e-07 -1.43430538984950e-04 8.33455362391424e-06 -4.40768031633750e-04 8.63843964032020e-04 -7.89353386742084e-03 -4.36781831533831e-03 3.50267869982091e-04 3.81048855157741e-04 -1.28195137537994e-07 5.48472804650037e-04 4.27797268728805e-04 -6.16326540604255e-06 6.35514001008400e-05 -4.10227573040773e-06 -2.69077502054516e-06 -1.03554004854185e-06 -2.91515806501826e-04 8.53391390207126e-04 -8.11564764938624e-03 -5.07913856147018e-04 2.09745138076343e-04 3.48712219556113e-04 1.10043928918426e-04 1.15044581468756e-03 1.02341596897810e-03 3.87202743854572e-04 1.19258055091146e-04 -1.53443266368426e-04 -3.94719123597725e-05 -1.41659722416581e-04 1.67223844161368e-04 1.01619829307204e-03 -7.97057007122094e-03 -5.47589171432790e-04 2.20164291299917e-04 3.49568336300296e-04 -1.04106917177752e-04 1.20085219974430e-03 1.02950407226546e-03 -3.22124601090101e-04 1.21668686525312e-04 1.58255953721783e-04 -3.29640514304900e-05 1.62186435591020e-04 1.72999636293016e-04
 4.53338494469733e-06 -4.98351098999217e-06 2.36254974880061e-05 -2.74905348999882e-05 -8.83514088019332e-06 2.09176489675187e-05 1.15936084328297e-03 1.18341171979809e-04 -5.12992909686646e-05 -2.54973929626777e-02 -3.25589769255189e-05 3.48132832522260e-05 2.39063183103623e-03 -2.44047299058531e-06 1.37261388350715e-04 -7.27074420463214e-07 -7.28017753279656e-04 1.46342087456998e-06 -1.20205606100051e-05 3.25510063469007e-04 -1.85052239523234e-06 -1.44927574994491e-03 -5.89912056946818e-06 5.16969084963511e-07 -3.24172993811998e-05 -4.37008984124016e-06 2.17494081309046e-04 -8.61084484220849e-07 -3.28728898636758e-04 2.55054287736685e-06 -8.60473235622551e-07 -1.62183732938803e-06 -3.84953943831206e-05 -2.83236789098998e-05 9.58621704124651e-06 1.55092102213861e-06 5.30866103707713e-04 -1.37557745279289e-04 -2.17904004620629e-05 -3.09749857270942e-02 1.04279418683798e-05 -1.30584095206658e-06 1.03927995509708e-03 1.37776098159755e-06 -3.01620178599337e-05 -1.44345936375688e-06 4.04023960284001e-04 1.67289581120742e-06 9.61862268521328e-08 -4.64100144809030e-05 -9.21043867893842e-07 9.70851820068646e-04 1.82294932231254e-06 -6.78430605886868e-07 1.61169737045869e-05 2.10204342932139e-06 4.97115838508762e-05 7.59841060191298e-07 -1.89968798387724e-04 -1.13871907452195e-06 -2.11486602029829e-05 -8.06244437086065e-05 1.22465823653518e-05 -3.05173969574858e-07 2.38002998984604e-06 -2.49955238353364e-04 -8.00848227469624e-06 1.27344050682011e-05 -7.15315384044061e-04 3.15313364048948e-06 1.52866767342856e-04 2.25177408729855e-06 -7.55313243596607e-05 9.78519913679349e-07 2.11695313995946e-06 -1.23722269666055e-06 1.21667242521011e-05 4.68769057193760e-06 -1.76971625816751e-06 1.36427614943973e-05 4.45538793608979e-04 2.28313415151248e-05 -6.59365055418398e-05 -9.14073747746398e-03 3.46407494002766e-06 1.95147882089446e-05 1.78425308283881e-03 6.07759680476003e-07 -2.07614462640060e-04 -5.52351227282586e-07 -6.70243627850290e-05 1.34671747639248e-06 1.23903572237332e-06 -5.18124352105043e-04 2.21454981921678e-06 -1.67085809756584e-05 -5.13927355447727e-06 3.37253805995852e-07 -1.62090516623157e-04 -1.63115646350232e-06 1.12426891888524e-04 -3.16952275996213e-06 1.38097666325358e-05 2.28697036292067e-07 -9.15655304159020e-06 6.97229083059489e-05 -1.03922424185689e-05 -1.66405962727855e-06 1.31015608291564e-06 -9.45625023489679e-05 1.58556622642144e-06 6.13299814013965e-06 -3.21231718650594e-04 2.64888785657969e-07 -6.80456459057519e-05 -7.80059002433201e-07 -8.29410846738642e-06 -8.24282986874732e-07 1.33347348978737e-03 -5.90716796676385e-03 2.31018535695748e-03 -1.64159842233211e-04 -3.25363554778678e-05 8.37743661023061e-05 -1.61070102657836e-04 -7.77886676398157e-05 -1.22584562854923e-04 -2.49069267345959e-05 3.03855086433769e-06 1.34429287335762e-05 4.35827696485826e-05 -3.72023836456199e-05 -1.32584981364983e-03 5.87804471061348e-03 -2.29550880174848e-03 1.62878797540857e-04 3.23845698073121e-05 8.23612548722796e-05 1.56939495450850e-04 7.19108321171833e-05 -1.18850061458597e-04 2.54779669248836e-05 3.92015221674412e-06 -1.30661378537348e-05 4.37846414493016e-05 3.64178702590931e-05
 2.90891906529263e-05 -2.84431730639376e-05 -1.71866490551944e-03 8.36232985995791e-04 4.00179827417438e-04 3.90760848354380e-04 3.78971475363479e-07 -2.40285373334156e-03 -6.62742241454980e-03 -3.05087620384913e-05 5.77156745078261e-04 6.07811536156844e-04 3.96703099471482e-06 -2.00291692242684e-04 -1.33107595337193e-07 2.81700322265443e-05 -1.20336809728878e-06 -8.19820593477118e-05 -1.47470521824134e-04 1.00379149235720e-06 -2.26531402267385e-05 -3.24783999522793e-06 -9.00082013490050e-05 -1.23252703480583e-04 -1.09038287222234e-06 3.16521294374832e-05 1.49958225714029e-07 1.59987720249831e-05 -9.17270983910022e-08 -3.32707035448209e-05 -1.16751005754497e-04 1.57302533226353e-05 -4.29988920682708e-04 4.26219705699747e-04 -7.76319110960676e-05 2.52050700135819e-04 1.13355815013233e-06 1.67609313703848e-03 -1.23018039551402e-02 -4.41804367879232e-05 -2.02714450780850e-04 -1.21528081045348e-04 1.37776098159755e-06 1.19870511900665e-04 1.38345976801682e-07 2.26338701055641e-05 1.08486536478118e-06 -2.39305917848854e-05 3.83409879158944e-04 2.31620581033496e-07 5.00092148428384e-05 5.76047972874782e-07 -4.11113328352206e-05 -9.82901907349136e-05 -1.23540053696566e-08 -2.88972870334377e-06 2.21868428887122e-07 -9.80090460501595e-06 -5.14359465148955e-07 -6.29878057930073e-08 1.15960016452030e-03 -2.85342683037209e-03 1.86301324987005e-03 -1.27887154328099e-04 7.25773633420742e-05 -2.11886053670095e-07 -6.98031982798165e-05 -1.34604300572619e-04 -1.74841472470634e-06 4.54376980553537e-05 1.23400615910636e-07 1.24039614678167e-05 3.42314191667710e-07 -3.10137690573227e-05 2.93642721774242e-05 -2.64788975470385e-05 5.19052560516662e-04 -1.82577396429225e-03 -2.04561766470617e-04 -3.66333576178075e-04 -1.65400665604135e-06 1.35343157022275e-03 1.77211517460360e-03 9.45568938176945e-06 -6.83483451861051e-04 -4.81185331831819e-04 -7.64061185738283e-06 7.19369361169107e-05 -3.20036458941103e-07 -3.32164628278774e-05 -9.56612937736422e-07 4.07147628477458e-05 1.84572707727313e-05 -8.23889792128007e-08 -7.17224758833291e-05 3.63069918081767e-06 -1.77750889371712e-05 3.97054684987581e-05 -3.25529042716184e-09 -8.12941979640045e-06 4.26805267384955e-07 -3.02746863236391e-05 -4.75616309518866e-07 -1.52958968507048e-05 -3.41050528286012e-06 -7.93044796183786e-04 5.42622438186809e-04 4.90563187863268e-05 5.48603414031119e-06 2.30929237421138e-07 1.26201576392309e-04 2.14356359603516e-05 -9.39062963792241e-07 2.11723415196657e-05 -5.56965393622273e-07 3.70721032891776e-06 -2.34448292948473e-07 -1.07037992237249e-05 1.36974222918845e-04 -4.17978729432001e-04 2.82537434139429e-04 -4.39993955157964e-06 1.87885005211935e-05 2.21853023292321e-05 4.74533806987019e-06 2.31684208415458e-05 -1.61528596638947e-05 8.65569726837358e-06 -6.34021127194396e-06 -7.66308819458323e-06 6.56702899114732e-06 4.49171394164956e-06 1.31053995038989e-04 -4.41025739113002e-04 2.80338655443217e-04 -4.46484701249416e-06 1.88623411827535e-05 -2.26601164193547e-05 4.10722555233385e-06 2.39898853393217e-05 1.44588353438877e-05 8.81844787289405e-06 6.37571569852665e-06 -7.99875945391152e-06 -6.31980285973643e-06 5.04154662984815e-06
 -3.68456217606067e-06 1.49150811212745e-07 2.82228795688411e-05 -6.68976850231001e-06 -6.72389331662448e-06 -1.57210725789988e-06 -3.72419468359746e-05 3.31195458022800e-05 1.27871069775777e-05 7.68950585386533e-04 -1.65303304976538e-05 -7.95934381840358e-06 -6.07967409933012e-05 -2.48752504545017e-06 -1.69703878982697e-06 -5.53817905792526e-07 2.60824950292820e-05 5.25658400294690e-07 -1.78428617263464e-06 -6.82172467051129e-06 -1.53923757634521e-07 5.11717770873617e-05 -6.16825761132045e-07 -4.76541394788429e-07 -5.31790061511207e-07 1.56577092450642e-07 -6.01142483042952e-06 -1.73137761555841e-08 1.06567558962353e-05 3.04319579303831e-07 -5.30834052946122e-06 -2.51691386621358e-07 2.84380466968094e-06 -3.91116443856861e-06 1.38188526438666e-06 1.33368043515784e-06 -1.69218513964997e-05 -4.96410222706886e-05 -5.45340596635687e-05 1.02237693567097e-03 2.78174886807547e-06 -3.53971086523561e-06 -3.01620178599337e-05 1.38345976801682e-07 9.61785878090515e-07 -3.79151927814169e-07 -1.28374019473014e-05 7.51191461100035e-07 7.42436072917821e-07 2.00429074559216e-06 -8.60444157026631e-07 -3.12817564558052e-05 1.67453298249245e-06 -1.08333781396285e-07 -7.60410643154070e-07 -1.60379577957982e-07 -1.53239267829123e-06 1.33057500051105e-07 6.19537392176801e-06 -3.89807074420354e-07 -1.02739560843962e-06 2.76823388590812e-05 -1.03712295650405e-06 1.17903069458700e-07 -5.77822222283136e-08 7.64934790135359e-06 6.57904353173189e-07 -1.46174477198627e-07 2.08449724452562e-05 -1.19454609905704e-07 -4.48453778397150e-06 5.67810952418542e-09 2.39067107344686e-06 1.55186903246722e-07 -1.87976008558402e-07 5.64419575912009e-07 -1.32694509354422e-05 -1.15480697067825e-05 -6.88781190984187e-07 -1.15238098170632e-06 1.29737517975021e-05 -1.45013734782038e-05 -1.97409135215367e-05 -3.07283668564455e-06 -5.63712199074676e-07 -2.40467362133455e-06 -1.30084179037675e-05 -5.56758730334573e-07 5.74730982210275e-06 2.58451709103099e-07 9.29515028323946e-06 2.96767450689372e-07 -1.69238071188166e-06 1.30079012288626e-05 5.58969661724776e-07 5.07906218802637e-06 6.20579745032733e-07 -3.56153239894177e-08 4.62121361155789e-06 2.75601132276935e-07 -3.33337365039351e-06 1.11182480846647e-07 -3.25014373228748e-07 4.51774907763115e-07 -2.11964623936722e-06 5.74147037737989e-06 2.67595201866349e-07 -1.74812332820851e-07 -1.01401094967110e-07 4.29248487960264e-08 -3.68473754668236e-08 -7.59700483537047e-07 3.52413933468989e-06 -4.51943762460789e-09 1.18056443241075e-06 2.46184031459236e-08 9.06463629643405e-07 1.85216191548806e-07 -9.16623419320670e-06 -6.39744234165324e-05 -1.11670663064060e-05 1.06866259360133e-06 1.06813118888130e-06 -1.88907430587335e-07 -1.22722905365186e-06 1.07824607424391e-06 3.93897892313021e-06 7.48660893884023e-07 -2.51432401075967e-08 -3.08382505615121e-07 -3.32381859926729e-08 6.99321327132066e-07 7.98829275603457e-06 7.26077571661749e-05 1.37035661052366e-05 -1.37350725766260e-06 -1.55494637625361e-06 -1.38167685683553e-07 -3.30266548611415e-07 -2.54341579831599e-06 4.19074418415041e-06 -9.14858446047583e-07 -3.17013605111937e-07 3.23792358733990e-07 -3.05375597694933e-07 -8.78661919176490e-07
 1.89333121740084e-04 -3.19704424371788e-05 -5.39311611345629e-03 2.47000942156888e-03 1.58875049177607e-03 -1.33597498357335e-04 -5.01274130379749e-07 -8.26124825645217e-03 5.15431265200157e-04 1.05968653384640e-05 3.20823560217475e-03 -3.96536598788008e-04 1.64177765129890e-06 5.49932141985718e-05 6.88456893133167e-08 1.17248798421134e-04 1.56377076814535e-08 -2.46837596162976e-04 3.33183798276906e-05 -5.85101800816909e-07 -1.54072089483079e-06 1.06365617583566e-06 1.96610342316901e-05 5.06971672326790e-06 -2.68719827536626e-07 1.21574395329093e-05 -1.77185066215520e-07 1.80345303267140e-05 -1.78255645112594e-08 -1.09168277328138e-04 -1.19975421656327e-04 5.87102375693181e-05 -1.77685403103663e-03 1.07291043332202e-03 -3.21067313551465e-04 1.43789670503820e-05 -8.23541741273739e-08 1.03931331964478e-02 -6.20576467136736e-04 1.68102555377462e-05 -6.92425195800696e-04 8.92954272177277e-05 -1.44345936375688e-06 2.26338701055641e-05 -3.79151927814169e-07 9.02025574749468e-05 -1.30709191124778e-07 -1.63318641185834e-04 3.82829789931242e-05 6.77263695930262e-07 1.94293978387293e-04 -6.86917728359882e-07 -3.54637783942787e-04 -1.61362636048924e-05 -2.46161141278350e-07 1.05668113660561e-06 -1.34224202275122e-07 -3.58724288318546e-05 4.65737686573302e-07 8.19152098419217e-05 1.75910625961048e-04 1.34764370394709e-03 2.64745479247993e-05 -2.45093450040621e-05 -6.05164140339966e-05 2.35215785988688e-07 -4.49210976154658e-05 -1.98231838606418e-04 -8.63697347799452e-08 2.69994462162759e-06 5.83504667553599e-08 -1.39560179398794e-05 -3.55644823478402e-08 -5.87521079341577e-05 5.34783508679400e-06 -5.02380301288861e-05 7.40526040164137e-04 -1.86003545896345e-04 6.13960890249374e-06 1.45429488711608e-04 1.18255905388184e-06 9.18229879757140e-04 9.14686930669147e-04 -3.26748902930373e-06 -3.34381022193678e-04 2.89942683866388e-04 -2.10585948862216e-06 2.13386573400416e-05 1.08322791050115e-07 -3.37499034147433e-05 5.53696155732430e-09 -5.65709741515376e-05 1.29668535132677e-04 2.93938113024007e-07 -8.09615188094368e-05 -2.57402804218590e-07 -9.51369100380446e-05 -1.13872640112063e-05 1.98330361413337e-08 -2.96629245319439e-05 7.11586061203097e-08 -1.25167600599980e-06 1.65291263847815e-07 -5.61149148710595e-05 2.43859327220713e-04 2.51625602839243e-04 3.81201074666460e-04 1.40702840390604e-05 -2.87077701214671e-06 -5.67851408685195e-08 -3.76644963400209e-05 1.02968456005385e-04 4.08992443339611e-07 -5.05392329756325e-06 1.31643797594944e-07 -3.11085574378491e-06 2.35773662350984e-08 -6.20630112097690e-06 6.05743755174651e-05 -4.44951864551551e-04 -8.42704964341874e-05 1.14790893751000e-05 1.67837079708190e-05 2.08119119281082e-06 6.21196583648190e-05 3.97470617497982e-05 2.25370417043594e-05 3.29751281317983e-06 -1.13347115193389e-05 -5.93743971102886e-06 -9.77644286732726e-06 -1.64339669061177e-06 5.96878352987189e-05 -4.35588073645008e-04 -8.58327126499495e-05 1.17452995238608e-05 1.67924112892242e-05 -2.08892082231152e-06 6.26818629792647e-05 3.98958430162802e-05 -2.11305119146023e-05 3.29381127044111e-06 1.14430860753603e-05 -5.87766905343354e-06 1.02889148258218e-05 -1.61820341226722e-06
 4.82556881891329e-06 -2.75878147774200e-06 1.78462780063204e-05 3.21487915190607e-06 7.22647148392425e-06 4.64283673294362e-06 4.99490976267026e-04 -1.91313532753779e-05 2.32217031530151e-06 -1.03036321337366e-02 6.18179120203094e-07 5.64158916476708e-06 8.12769183021415e-04 -3.49424130301972e-06 2.23298977041510e-05 5.27559124832325e-08 -3.50167829375144e-04 -1.62580526005294e-06 -6.97969787801751e-06 9.09278540539049e-05 -4.88527908750497e-07 -6.87030574406961e-04 -5.90159610132375e-06 -7.50453009421120e-07 7.45099636293909e-06 -1.84429199675073e-06 8.04151096288638e-05 -2.04376172832066e-07 -1.42936434339302e-04 4.94023875046601e-07 8.58196083005807e-06 -5.11551133368073e-07 -7.95718858650541e-05 -2.75711623873473e-06 3.01766284693517e-06 2.73984226892880e-06 2.26933375514779e-04 -1.93183980800673e-05 -8.42903628870971e-05 -1.37142069000991e-02 -1.07975529902101e-06 -4.47103521054226e-06 4.04023960284001e-04 1.08486536478118e-06 -1.28374019473014e-05 -1.30709191124778e-07 1.72171980634308e-04 -1.80275545224907e-07 1.08392114730377e-06 -2.70009027836645e-05 8.17776269847822e-07 4.19438669225385e-04 -8.65526142681334e-07 -5.89901722350565e-07 1.02810418284108e-05 8.26007661862276e-07 2.05597182402742e-05 -1.74977298487654e-08 -8.31396775258691e-05 -9.24287447993659e-09 -1.43156651369492e-05 3.49734877379116e-05 -9.09136474675937e-06 -1.83320473125015e-07 -3.13370303134184e-07 -1.02488045953729e-04 -4.44591124905394e-06 2.71333454054101e-06 -2.79239712265113e-04 1.44858222036680e-06 6.00337414302777e-05 7.88231112355121e-07 -3.20300516841442e-05 -3.20794360353970e-07 5.39588091210359e-07 -5.65462977191424e-07 -8.87862115546800e-06 -1.55170031897101e-05 -1.73078723816140e-07 7.10751938397343e-07 -1.78960149497395e-04 -1.37739158390313e-06 -1.08113216716439e-05 8.78834504774716e-05 2.81373953486518e-06 -8.93247329786390e-07 1.67293898531670e-04 4.32795462671963e-07 -7.69265993857357e-05 -3.73533293992045e-07 -1.25685954157662e-04 2.50083269000991e-07 6.07426962827444e-07 -1.74024227348119e-04 4.01861956181060e-07 -6.85438771131901e-05 -5.46185467336389e-06 -1.33015674644856e-07 -6.18575947113829e-05 -6.96853634142775e-07 4.46595705103863e-05 -1.43908390516473e-06 4.25283747201030e-06 -2.39414406495544e-07 -3.08350921327224e-06 6.37216975913732e-06 7.17877473459716e-06 -1.24171861391263e-07 -3.92480692080452e-07 -1.02659944002162e-07 2.15555515532214e-06 2.03558471371071e-06 -4.62366316533722e-05 3.53689401571344e-07 -1.56705745520205e-05 -8.70073732880542e-08 -1.22489995314914e-05 -2.79041352059928e-07 1.14864470945093e-04 9.50187462172017e-04 1.63718680666949e-04 -1.59414372702905e-05 -1.77014913104872e-05 2.36405388477968e-06 5.21402460398315e-06 -2.40974772602175e-05 -5.72610704500358e-05 -1.08972431155713e-05 2.00297639328782e-06 4.35438494880071e-06 2.11529870426268e-06 -1.04855756879846e-05 -1.05947325544472e-04 -9.62320848520828e-04 -1.50393089849692e-04 1.54607841557063e-05 1.75472044941910e-05 1.19691682353800e-06 -8.90992364167925e-06 2.42297225612807e-05 -5.23905985592332e-05 1.13959950935555e-05 2.56352882526277e-06 -4.14622252114342e-06 1.87470598265369e-06 1.05175256920269e-05
 -2.86223491731555e-04 4.45362276773258e-05 1.00870895808134e-02 -4.49214188816784e-03 -2.86159188488174e-03 3.21722238523481e-04 -7.64079670658382e-07 1.47646445516443e-02 -2.13576546294790e-03 6.83098056240704e-06 -5.76466585871312e-03 8.81901482302814e-04 -4.31697713100229e-06 -1.20747203354065e-04 -1.11321363040656e-07 -2.21671663608551e-04 1.02296931528087e-06 4.49239461467468e-04 -7.60313055525272e-05 1.25473390965354e-06 -1.50458464075421e-05 -2.19859929604327e-08 -3.42100094262705e-05 -2.94372907992750e-05 1.48347742339541e-07 -1.72248543693885e-05 1.72860144981342e-07 -3.16688280430864e-05 5.01136046020378e-07 2.05459881800505e-04 5.84081239385149e-04 -1.02343852270205e-04 3.91851429070262e-03 -1.96848480436263e-03 5.80874720885144e-04 5.47050892458408e-06 -3.57153126282396e-07 -1.87434961072657e-02 -5.43666961794570e-04 7.52360941365217e-06 1.29374011676981e-03 -1.67726344454249e-04 1.67289581120742e-06 -2.39305917848854e-05 7.51191461100035e-07 -1.63318641185834e-04 -1.80275545224907e-07 2.98836146029336e-04 -1.15251720142677e-05 -1.09572204705164e-06 -3.51310935324838e-04 2.71554351573706e-08 6.44546342685421e-04 1.47249200691915e-05 3.83179255669799e-07 -1.94403805522814e-06 1.96121067619733e-07 6.52789210121735e-05 -6.64236943205241e-07 -1.50751993129047e-04 -1.76332243540646e-04 -2.92620559691821e-03 1.96979677038419e-04 2.51863119117880e-05 1.20746452140835e-04 -1.79070292979092e-07 6.54159736920076e-05 3.46111079855099e-04 6.23022953333837e-07 2.86401140517097e-06 -1.98058664404439e-07 2.81407711576099e-05 1.97833979880181e-07 1.03328710057561e-04 2.43577921477268e-05 8.74840581433086e-05 -1.25756378927158e-03 1.01075819348776e-04 -6.01188707365430e-05 -3.43536900986024e-04 -2.06741762861419e-07 -1.22710792117316e-03 -1.12865092552915e-03 -5.87188169288867e-06 4.71429091872640e-04 -6.32576616730721e-04 4.10900200296623e-06 -2.04391929908437e-05 -4.07285629436685e-08 5.18290598136759e-05 4.88666848845701e-07 1.07518166026681e-04 -2.23660430083970e-04 -2.56191175487520e-08 1.33356866830722e-04 1.56440951603401e-06 1.69084461833437e-04 2.73775485614887e-05 1.33159567348123e-07 5.22502108200134e-05 -1.84554341554774e-07 -2.67458603438879e-06 -3.96735961630915e-07 9.91645414321441e-05 -4.25396319381493e-04 -6.98877372277732e-04 -5.93615586791746e-04 -1.39744731330783e-05 6.70191506352854e-06 2.01714521664892e-08 9.44039120846918e-05 -1.82496781645047e-04 -1.11945774289279e-06 1.36005617355178e-05 -3.57536391449526e-07 6.49971319426961e-06 -2.73504817396318e-08 8.21838825881256e-06 -6.70543681032638e-05 5.91145331098543e-04 2.28311641616614e-04 -2.15558280629222e-05 -2.47572180646925e-05 2.56671799610382e-06 -1.07530233206765e-04 -6.07332729785957e-05 -3.95094736017576e-05 -3.59084700899852e-06 1.84144848467000e-05 9.02009129583493e-06 1.86288729942683e-05 4.33017935927653e-06 -6.80276599518131e-05 5.98959072268218e-04 2.26573705348088e-04 -2.17676493025693e-05 -2.48873556208851e-05 -2.43039663310562e-06 -1.07832235572620e-04 -6.09173011462766e-05 3.73125777640428e-05 -3.61487920928977e-06 -1.85959789452255e-05 8.88316011143371e-06 -1.93075684596553e-05 4.39052126414099e-06
 3.81100096353275e-04 -1.19774841266379e-04 -1.81567366190184e-03 1.36289945184241e-03 7.63167331122094e-04 1.41306978892774e-03 -6.19892945224774e-06 -5.09590896852550e-03 -2.30070888773790e-02 3.36639638876789e-05 8.21819721602289e-04 2.70779987339877e-03 2.40751699929551e-06 -6.27432314218503e-04 -3.37927053608281e-07 7.24460509838438e-06 1.62683535855315e-06 -2.22833119905185e-04 -4.56158896805802e-04 3.65190505891068e-06 -1.05369880569262e-04 -9.15350859133583e-07 -3.19725038315469e-04 -3.68923385053007e-04 -4.08511748126071e-06 9.94651957641972e-05 -9.25078943254932e-08 4.48142292019194e-05 2.03407878414880e-06 -2.09998248175424e-05 3.17468108688036e-04 3.30425529163965e-05 9.84803468830835e-04 8.50725058164487e-04 -1.26190204767374e-04 7.64451465478739e-04 8.36798564933371e-07 2.12484689879264e-03 -3.89529617955944e-02 4.87455443282083e-05 -2.48792920153816e-04 -3.37267831309069e-04 9.61862268521328e-08 3.83409879158944e-04 7.42436072917821e-07 3.82829789931242e-05 1.08392114730377e-06 -1.15251720142677e-05 1.27028691961507e-03 8.66768522236736e-07 7.36381137872056e-05 -3.95436644937433e-06 -1.40093905911561e-05 -3.21794931267644e-04 -2.15390525356720e-07 -5.18136501266779e-06 4.36442590670014e-07 -1.35265516008600e-05 -6.36385684001762e-07 -2.76528621993039e-05 3.63127846696237e-03 -9.89652333251070e-03 5.93680369572852e-03 -4.01453008536990e-04 2.65691745647348e-04 4.99015046089612e-07 -2.09562558223288e-04 -3.54473629989186e-04 -2.08517819613169e-06 1.44339741009624e-04 -2.41012735535845e-07 5.30337445928756e-05 1.61181472388419e-06 -7.05752815567453e-05 -4.25319569217118e-04 -9.93721043400425e-05 2.32485663904172e-03 -5.69386884623242e-03 -1.04949452940138e-03 -1.03390355928885e-03 6.00188008411762e-06 8.85025508315780e-03 3.71151343639993e-03 -2.38952623586881e-05 -2.69238299198696e-03 -1.43980410281159e-03 -1.59660711668699e-05 2.10224901778027e-04 -9.10568029147563e-08 -1.96565086803386e-04 -7.79499138253279e-07 8.42618964796711e-05 3.60963999504000e-05 1.45650492486761e-06 -2.83212472675291e-04 1.34238655366344e-05 -4.83638295274839e-05 1.46648608568059e-04 3.18382622305512e-07 -1.81928353705111e-05 5.26969386667640e-07 -1.07275567619293e-04 -1.56806280043581e-06 -3.89991550151866e-05 -7.63453646861743e-04 1.83036216947553e-03 3.64159857479081e-04 1.43067888756784e-04 1.09666064142594e-04 4.06607329041722e-07 4.29950354638303e-04 1.24566344111534e-04 -5.53302113807551e-06 6.05565045021645e-05 -2.34077488826377e-06 3.34663548834970e-06 -4.07261775098536e-07 -5.66628832991986e-05 8.01915258304687e-04 -4.04020982039143e-03 1.59769989639876e-03 -1.51232701714420e-05 4.24762220811590e-05 1.30183378729175e-04 5.22386419358507e-05 3.13581957346644e-05 1.30456946318390e-05 2.47517035752614e-05 -1.42251371329431e-05 -3.95605040488633e-05 2.68476757570694e-05 1.59123441258883e-05 7.80570028955980e-04 -3.99712350542478e-03 1.57423537387274e-03 -1.44754760469493e-05 4.24885784952294e-05 -1.30549540190226e-04 5.50192895168409e-05 3.34124785622347e-05 -1.47808903833306e-05 2.49690153968745e-05 1.48982851883391e-05 -3.99728933791081e-05 -2.47184152988174e-05 1.74309601509426e-05
 5.33834651776575e-06 5.35982476477755e-07 -8.28594735865489e-05 2.60830315365355e-05 7.79317959526531e-06 -1.19827510236009e-07 -8.07086375811577e-05 -3.40632533944896e-05 -1.00241590810626e-05 1.37064121109631e-03 2.07381684246935e-05 -7.01759373370196e-06 -3.74928236291966e-05 2.13996066830339e-07 1.22889022482429e-05 1.18622281050832e-06 7.23487075463199e-05 -5.20050183211150e-07 5.32782142850944e-07 6.59247895185531e-06 -5.43592667280541e-07 1.38069967700190e-04 2.81682190165955e-06 -1.37625927829231e-07 -1.04567721617151e-05 4.93339193504330e-07 -7.26012596988756e-06 3.79977089903884e-08 2.36577968771903e-05 -1.13139552987966e-06 3.42715256977803e-06 7.58118788355127e-07 4.81309715774057e-05 6.74594954635948e-06 -3.39575632475082e-06 3.93060185774487e-07 -3.58978127188298e-05 8.69576926641748e-05 -2.14103728286965e-05 2.37552037793801e-03 -3.57422315961200e-06 9.87186626291606e-07 -4.64100144809030e-05 2.31620581033496e-07 2.00429074559216e-06 6.77263695930262e-07 -2.70009027836645e-05 -1.09572204705164e-06 8.66768522236736e-07 7.39801671089850e-06 1.40175951518618e-06 -6.82823970497456e-05 -2.56528811848869e-06 -2.01292611104562e-07 -3.10477167329296e-06 -1.65227314054927e-07 -2.95325845649485e-06 -2.10293345811799e-07 1.39954971413615e-05 4.70109033564994e-07 1.05614462425839e-05 -2.80502896225842e-05 1.72594148878275e-05 -5.91163103175919e-07 4.42086862953836e-07 1.43183409181126e-05 3.49922588240332e-07 -1.24769443561718e-06 3.26169458597043e-05 -6.74413808915210e-08 -7.18725567556826e-06 -1.66131303563735e-07 4.95596687354125e-06 -2.38125110022885e-07 -8.24455721189417e-07 4.49211311183109e-07 -1.22415059036131e-05 1.22833436282203e-06 1.45517955000868e-06 9.75970263531037e-07 1.89042393546979e-04 -2.21507815032140e-05 9.41727970641850e-06 -1.75292120797230e-03 -2.72023413447762e-06 5.22752166705933e-06 2.32621093920067e-04 6.29498500063244e-08 7.02345280247826e-06 5.47139888296739e-07 6.21257363068833e-05 3.20302466004380e-07 2.26623626428349e-07 6.87148370923109e-06 1.65233990774147e-07 3.75931238509134e-05 1.60287429985510e-06 -1.28610993179838e-08 6.55398257952523e-06 -6.28045048237196e-08 -5.58178485087927e-06 3.87969308966761e-07 4.01149709655828e-08 -2.69682566031573e-08 8.08591354526955e-06 -2.45802496454323e-05 1.09547166157459e-05 1.05433203995183e-07 -3.48532237875553e-07 -1.75351871165333e-05 -1.13187665066597e-06 2.37080086154205e-07 -3.23141341629730e-05 -8.91504995851905e-08 -3.35656958994098e-06 -4.62596240064146e-08 5.72510242688955e-06 1.57482182596734e-07 1.79419182828656e-04 -1.65386335289511e-03 3.30627777512551e-04 -2.11947403741491e-05 4.64940982753208e-06 1.39807643377752e-05 -3.32377929388746e-05 6.63424796163178e-08 1.08697045205617e-05 1.84664531075720e-06 -7.02919407208081e-07 -5.16055276075881e-08 6.84477663361939e-06 -7.46093488201514e-07 -1.84499001412767e-04 1.67396618130331e-03 -3.39964271600747e-04 2.10193636476719e-05 -4.19206805050682e-06 1.48114802673118e-05 3.42755652376148e-05 -7.54104588502713e-07 9.24283142471966e-06 -2.00841349058475e-06 -7.16209432680714e-07 5.40516454506892e-08 7.03350716065745e-06 4.87938493362836e-07
 8.64774915367550e-04 -6.25932410101001e-05 -1.30652246273335e-02 5.85147749780376e-03 3.33671622589537e-03 -3.38020664371819e-04 2.96374005155280e-06 -1.69544873206413e-02 2.21762565125518e-03 -4.21073212264212e-05 6.79439309629210e-03 -1.40248814043209e-03 8.06135343837882e-06 4.46107150620569e-05 5.24947750339365e-08 2.59135637876997e-04 -2.77108424843203e-06 -4.72138586916220e-04 -9.60084446988259e-06 -1.80756436562132e-06 -5.13285744379921e-05 -2.73206433708543e-06 9.97963548680116e-05 -1.50867006728032e-05 -1.24309935541377e-07 2.42443772832544e-05 -2.00194293516070e-07 2.63236664199802e-05 -1.30945730080696e-06 -2.45155075260437e-04 1.05274909559896e-03 1.45929421339941e-04 -1.27272276421053e-03 2.23197559069811e-03 -7.11502559462198e-04 8.16456948127768e-05 1.39308400419684e-06 2.29062441215152e-02 -2.67198052638626e-03 -6.14609977675055e-05 -1.40640201195971e-03 7.45684966449332e-05 -9.21043867893842e-07 5.00092148428384e-05 -8.60444157026631e-07 1.94293978387293e-04 8.17776269847822e-07 -3.51310935324838e-04 7.36381137872056e-05 1.40175951518618e-06 4.33544916060445e-04 1.59643203451285e-06 -7.83811853570589e-04 -3.16673817243918e-05 -4.47167853572048e-07 -1.97631390572925e-06 -2.48918176126297e-07 -7.80625202576831e-05 3.66277827772879e-07 1.74252271139401e-04 4.00413450630803e-04 3.17667834277627e-03 2.99115283816514e-04 -5.57272694823781e-05 -1.21686756032458e-04 -2.52105148564090e-08 -1.20179688551439e-04 -4.04627784980899e-04 -1.80263569933131e-06 1.12305480915866e-05 2.54577435538490e-07 -3.23793627718393e-05 -2.85861805749160e-07 -1.25990473484898e-04 5.73325347407117e-05 -8.28913119235807e-05 1.05324384594823e-03 -7.16877062435375e-04 2.16553341544265e-04 2.44628729587856e-04 -6.26134694078807e-06 -1.16740518258099e-03 2.06841462599258e-03 3.12424176979719e-05 -4.35628869203714e-04 6.77016591701927e-04 -1.11995489642347e-05 2.75402571686237e-05 -2.25730129172455e-07 -6.81480798680828e-06 -1.14096322199928e-06 -7.64891832715964e-05 2.25972650595603e-04 -3.67616960149496e-07 -9.88690174575521e-05 -1.13192866104293e-06 -1.89266797053970e-04 -3.62478241019107e-05 -1.78220628143079e-08 -5.73557044015605e-05 5.57696127069176e-07 4.18592152144766e-06 2.30604671420077e-07 -1.06048664227522e-04 8.50079070174770e-04 -1.39641529901643e-03 1.52695912184137e-03 2.60252778231748e-05 -5.41294102258311e-05 1.30267623450072e-07 -1.08530893923005e-04 1.79889481785522e-04 2.57559285484719e-06 -8.73837496683341e-06 6.64048221407956e-07 -3.03195686013773e-06 -1.22875032486380e-07 3.49395135934114e-06 -1.44407175591469e-04 9.09094005663523e-04 -6.18163446865216e-04 2.09990842404437e-05 3.43990625220341e-05 -3.46789306186747e-05 8.57261476469852e-05 7.46990618475069e-05 5.77310532697306e-06 5.20882449146201e-06 -2.15517277227534e-05 -1.93546548785341e-06 -2.02858937251073e-05 -6.36840273465246e-06 -1.46589067183051e-04 8.51607749570238e-04 -6.09898393453800e-04 2.07064034230609e-05 3.44997158929822e-05 3.38522048167400e-05 8.27126461537177e-05 7.52138009511177e-05 -6.34852062352822e-06 5.31454738799980e-06 2.13903378392932e-05 -2.28038468551997e-06 2.01149704771661e-05 -6.34937201953031e-06
 1.82628152600500e-05 -6.50473082318684e-06 -1.48513551470628e-06 -1.74490238106378e-06 4.49877592259464e-06 1.79670033653956e-05 1.21881205960389e-03 4.32436478688623e-05 -1.87169178662665e-06 -2.49081856290227e-02 1.35892002213283e-06 3.94614462147438e-05 1.90865642253596e-03 1.40831545998241e-06 4.18575617221490e-05 -8.68934957211319e-07 -8.66980203589335e-04 3.03643586660546e-06 -9.73893698496769e-06 2.04927999480251e-04 -4.15670122719379e-06 -1.69788913580798e-03 -6.60310651815486e-06 3.09139077320110e-07 2.55211599869951e-05 -5.19274624379705e-06 1.91674795566062e-04 -1.70556699432100e-06 -3.49232057497874e-04 2.99697125765690e-06 -1.79988661741015e-06 -4.94885738077675e-07 8.03532763541562e-05 -2.28682481544938e-05 5.60802013855347e-06 -5.02444684859152e-07 5.53122983931544e-04 -5.50214313219196e-07 1.09275172273827e-04 -3.35910165107348e-02 1.10616673622561e-05 1.65766392432202e-06 9.70851820068646e-04 5.76047972874782e-07 -3.12817564558052e-05 -6.86917728359882e-07 4.19438669225385e-04 2.71554351573706e-08 -3.95436644937433e-06 -6.82823970497456e-05 1.59643203451285e-06 1.02392159613758e-03 -2.89499445486275e-06 1.96497075784240e-07 2.62170132765086e-05 2.35209410070755e-06 4.98595304208822e-05 2.92443170519381e-07 -2.03308491798198e-04 -1.31961687330998e-07 -3.65970301155613e-05 -6.46826951833311e-05 -1.42429718894695e-05 1.85635978879940e-07 1.32358150690059e-06 -2.48308114480453e-04 -1.30850930420574e-05 1.32881027619817e-05 -6.71408872903742e-04 3.64875140617386e-06 1.44490494545553e-04 1.88031342145786e-06 -7.79896879106883e-05 2.87101319364579e-07 1.73624565559645e-06 -2.09949617750287e-06 2.49018251968734e-05 2.10750820933912e-05 7.88241395399329e-06 4.59015497778614e-06 -5.63879446177896e-04 -4.20379275360982e-05 2.03179957103000e-05 1.59622821128798e-03 2.47834113472635e-05 1.21534543998876e-05 2.01890735434850e-04 1.41337169789536e-06 -1.83414440348525e-04 5.88643389814258e-07 -3.39921182900503e-04 1.35103173459464e-06 3.96907551140904e-06 -4.07708446103318e-04 3.03874117193147e-06 -1.88407963455105e-04 -1.25862971159522e-05 -4.47587104373378e-07 -1.48201171849510e-04 -1.72350044595845e-06 1.07674287427301e-04 -3.24671855417909e-06 9.82155102696157e-06 -8.03015868387868e-07 2.15770593593993e-06 -3.62544284266573e-05 1.66076716716179e-05 -3.28361921690731e-07 -1.21738121710555e-06 1.36927822739697e-05 3.85974474225121e-06 4.80787013742766e-06 -8.11499611886407e-05 7.42609593611639e-07 -3.35465955982336e-05 -1.70919058617752e-07 -3.28673752990037e-05 -8.56812267912711e-07 1.12177875218620e-04 3.56366231946557e-03 9.21565659754603e-05 -1.95796880759613e-05 -4.40882958713726e-05 -7.20040498756443e-06 3.99433640045461e-05 -5.42636566728100e-05 -1.40909882731786e-04 -2.65968580282161e-05 5.03534586189987e-06 1.05205893909665e-05 -9.87824804491295e-07 -2.33458784365054e-05 -1.08826734390986e-04 -3.50215854018977e-03 -1.01146270718835e-04 1.94844998214724e-05 4.44183681884538e-05 -7.44070623611100e-06 -4.63649412726983e-05 5.81218243224169e-05 -1.28496619661562e-04 2.80071008039619e-05 6.64710493857055e-06 -9.20948601814375e-06 -8.10054658783963e-07 2.42290459389453e-05
 -1.99021105912358e-03 2.00247172543945e-04 2.12031568476621e-02 -1.03910613904821e-02 -6.20323341212475e-03 7.32944827107693e-04 -5.45650387276654e-06 3.11538281738985e-02 -6.81814930595282e-03 7.52124917890716e-05 -1.28846098938071e-02 2.62463041160955e-03 -1.38774491293438e-05 -1.58025575099294e-04 -4.00844708985975e-07 -3.86466112126408e-04 4.54441107564104e-06 8.88455880455530e-04 4.24675034472590e-06 2.69361071632818e-06 2.38620065302454e-04 4.29590390927266e-06 -2.68745477689775e-04 -5.94161931017805e-05 -2.21077013468783e-09 -2.88620996225493e-05 1.75055689940143e-08 -2.47411982195369e-05 2.30002417312082e-06 3.56674073166737e-04 -2.30887619840666e-03 -2.93814339006353e-04 -5.11088433320486e-03 -3.57347408260840e-03 1.32925355276194e-03 -7.02110140022910e-06 -2.99052620859234e-06 -4.46290885999203e-02 -5.79465952037402e-04 1.00635191419217e-04 2.10327826826181e-03 -1.88370470085444e-04 1.82294932231254e-06 -4.11113328352206e-05 1.67453298249245e-06 -3.54637783942787e-04 -8.65526142681334e-07 6.44546342685421e-04 -1.40093905911561e-05 -2.56528811848869e-06 -7.83811853570589e-04 -2.89499445486275e-06 1.52359029888467e-03 2.32541030268751e-05 1.00915525989450e-06 -3.73451453961207e-07 8.10414843712947e-07 1.33678394410217e-04 -8.65317070631351e-07 -3.35330927424438e-04 1.15689545650819e-04 -8.75217173859759e-03 5.34537788894431e-04 2.91295955778464e-05 2.62622281013781e-04 7.82227797778868e-08 2.28238663356639e-04 6.68582221940556e-04 3.02861998319488e-06 -2.79558703897906e-07 -5.85063831399875e-07 5.61266341794640e-05 6.83446425116450e-07 2.10214249988789e-04 -2.77387667251336e-05 2.00446929864201e-04 -3.91438191234436e-03 8.86852510357457e-04 -1.35498963750363e-06 -9.85990846243233e-04 5.10931103545279e-06 -2.63743049206763e-03 3.83777698279332e-04 -2.76593563799494e-05 1.36226330173300e-03 -2.04511227345761e-03 1.09928503455180e-05 4.37203248440172e-05 3.62785934674421e-07 1.17798221854411e-04 1.90256744368891e-06 2.52916902193176e-04 -4.00797731870678e-04 1.51089574167834e-06 2.15373387493998e-04 3.64194087113097e-06 3.95877873434877e-04 7.95176415919013e-05 5.36352002049186e-07 1.04028011912793e-04 -6.00978385619649e-07 -5.21813356331808e-06 -7.52202283129674e-07 2.03017306351609e-04 -6.01352957569273e-04 -4.87821617636088e-03 -9.02120326852458e-04 9.65013072400237e-06 -2.33565803307656e-05 -7.56584899811810e-08 2.99747817905578e-04 -4.70108240894864e-04 -2.59333545870868e-06 4.54674102648639e-05 -8.45463386916785e-07 2.30861571400814e-05 -8.97370686416553e-08 1.36777176368784e-05 3.41799812435251e-05 9.04351075243025e-04 7.25335449971979e-04 -5.14463431570215e-05 -2.71292063582905e-05 1.87184825271310e-05 -2.18660978782695e-04 -5.84638612948173e-05 -1.07136298589648e-04 1.79933641903352e-07 3.01264587710149e-05 1.89283041145096e-05 3.84097087436886e-05 1.81656048991316e-05 3.67963472172710e-05 9.55547298830752e-04 7.18715856394024e-04 -5.14438395206013e-05 -2.76854071235784e-05 -1.82515436870448e-05 -2.16708359863851e-04 -5.88319528094478e-05 1.05477568715888e-04 1.36650682096996e-07 -3.05196111752464e-05 1.88134177564768e-05 -3.92258626854344e-05 1.86185360123011e-05
 -1.10334282072591e-04 2.63331171906215e-05 9.27180136338457e-04 -4.31482987377000e-04 -3.04378148668756e-04 -3.89411317258205e-04 7.70122913111662e-07 1.91522752761187e-03 6.27441664380044e-03 9.90260125885621e-06 -4.61644166682253e-04 -8.25770820036693e-04 -1.95752177714813e-06 1.22903531947958e-04 8.97637532248793e-08 -1.43206598941398e-05 3.02199868951680e-07 6.81691988329265e-05 8.22614638472132e-05 -1.04308971025382e-06 1.38246417495697e-05 1.49199882918590e-06 7.61839250507738e-05 9.15087687354233e-05 1.10484898922433e-06 -2.60436986404154e-05 -1.49541261995595e-07 -1.42742908124709e-05 -2.87477166892536e-07 1.57574527222971e-05 -1.28242484060376e-04 -1.05982807666037e-05 3.62259841800995e-04 -3.19657626510049e-04 5.28749058367058e-05 -1.80981897790441e-04 -5.66829513332236e-07 -1.15122485720290e-03 9.40892698032414e-03 1.35653757141900e-05 1.41299480912142e-04 3.11149861467152e-05 -6.78430605886868e-07 -9.82901907349136e-05 -1.08333781396285e-07 -1.61362636048924e-05 -5.89901722350565e-07 1.47249200691915e-05 -3.21794931267644e-04 -2.01292611104562e-07 -3.16673817243918e-05 1.96497075784240e-07 2.32541030268751e-05 8.26789632444323e-05 6.60977995805337e-08 -6.53975544804418e-09 -1.56002121011354e-07 6.24144357609132e-06 2.75468035276195e-07 1.52181301203989e-06 -9.97526560205583e-04 3.05482230076182e-03 -1.57622101905327e-03 1.08459628708346e-04 -6.88897885714112e-05 8.98979677924530e-08 5.70259857174764e-05 9.98342328531802e-05 1.00345202670560e-06 -3.81924085143545e-05 -9.29412809510255e-08 -1.24085879720755e-05 -3.38102744142814e-07 2.20974108599673e-05 -1.99967001416128e-05 3.76973835970388e-05 -9.49828040864668e-04 1.34714723159476e-03 2.40818552921336e-04 2.73370772602307e-04 -1.63379510341097e-06 -2.31368103404125e-03 -1.46403841704196e-03 1.67156862321141e-06 6.63994885749602e-04 3.81475066793272e-04 4.31577106160462e-06 -6.70060327348087e-05 1.66454936265938e-07 5.04547508019740e-05 6.34903324781170e-07 -2.09647037179786e-05 -3.72864876735284e-05 -2.86675174839135e-07 8.27657865929342e-05 -2.96290877042012e-06 1.46957011371420e-05 -3.95807346837703e-05 1.98470427068435e-08 8.74957352544327e-06 -2.36447825020183e-07 2.95319834943370e-05 2.78220322061456e-07 1.84105665768237e-05 1.42867690473911e-04 -1.46651580246016e-04 -1.29634834500345e-04 -4.12622246405300e-05 -2.69670390857973e-05 -1.43162427761727e-07 -1.13962659438364e-04 -3.55563949814733e-05 1.33213861741944e-06 -1.66073252459515e-05 6.18653331204379e-07 -1.32180712565186e-06 1.53032886886286e-07 1.63806507608492e-05 -1.83029465719351e-04 9.04737873657391e-04 -3.41036809421172e-04 3.17590899892727e-07 -1.62929517851415e-05 -2.97446807598728e-05 -2.53736151269629e-05 -2.36737754288863e-05 -2.66492025056069e-06 -8.10231893628883e-06 6.13379577189203e-06 9.66060495242305e-06 -4.47227510524163e-06 -5.73455590715835e-06 -1.79854899784329e-04 9.04877829130932e-04 -3.36167712509115e-04 9.85128311794605e-08 -1.63590107272624e-05 2.98658512263319e-05 -2.63101811441364e-05 -2.43295968895975e-05 2.65346403341833e-06 -8.22375915040442e-06 -6.32200942636347e-06 9.74258246298174e-06 3.77333570014194e-06 -6.22547822513988e-06
 -1.48066231767727e-07 -1.02806704117329e-07 2.89611648168213e-05 -4.81205216213386e-06 -2.48966240937499e-06 -2.78116043859744e-06 3.09497538097726e-05 1.15556542610857e-05 3.41190107929387e-05 -4.99349227187211e-04 -1.09995775299152e-05 -8.39744423303966e-06 6.06779066791856e-06 -2.13098493550016e-06 -6.11894416907398e-06 -2.70735215519655e-07 -2.91326076560767e-05 -3.71314769141515e-07 -1.96856756279716e-06 -4.42081026771527e-06 3.77561331556342e-07 -5.53289891967654e-05 -2.03960710494061e-06 -2.14531477364727e-07 4.83565191811407e-06 -1.86367559357051e-07 2.27041876921669e-06 1.88763866566758e-08 -9.12231466809883e-06 1.10406633187444e-07 7.80164120068849e-07 -3.35034352741748e-07 -4.31400021083323e-05 -1.13777578847818e-06 1.51734739085004e-06 9.80051733543798e-07 1.36939303914889e-05 -4.03504479383631e-05 -2.95989820050596e-05 -9.24770198359396e-04 1.11547100760615e-07 -3.55163925457136e-06 1.61169737045869e-05 -1.23540053696566e-08 -7.60410643154070e-07 -2.46161141278350e-07 1.02810418284108e-05 3.83179255669799e-07 -2.15390525356720e-07 -3.10477167329296e-06 -4.47167853572048e-07 2.62170132765086e-05 1.00915525989450e-06 6.60977995805337e-08 1.32043238935673e-06 -2.64377932214216e-08 1.10027306296140e-06 3.52577188476872e-08 -5.41567526368951e-06 -1.74631947201192e-07 -6.72757720005339e-06 4.86384990242399e-05 -1.09195465532353e-05 4.43320703871396e-07 -6.23109542220410e-07 -5.28715652237804e-06 1.59866301454211e-07 -1.29332216298093e-07 -1.13972542710688e-05 -6.16656577834429e-08 2.52922949456987e-06 1.54054657938530e-08 -1.87965729872918e-06 -5.93563663096402e-09 4.35287043884447e-08 2.36462074705656e-07 -9.51586427243951e-06 -9.51478527139961e-06 1.12877493668790e-07 -3.20871617500773e-07 -8.67202974228071e-05 -1.42629065331363e-05 -2.11928240404648e-05 8.26080758027184e-04 2.27791162691155e-06 -2.43387577133374e-06 -1.12207741255662e-04 -5.90533155286639e-07 -2.21295056667893e-06 1.44805066527897e-07 -2.75138683031732e-05 -8.93535252163629e-09 -1.22181437133315e-06 -7.62883348326387e-07 4.25348423662132e-07 -1.67514800023642e-05 -7.91609569895698e-07 -1.87451477968670e-07 -2.20576812357203e-06 1.36644977958841e-07 1.99545560226731e-06 -6.23349531209147e-08 -8.43837831620692e-08 2.30114926457736e-07 -3.20072535866761e-06 9.76414441005180e-06 -7.11650925068217e-07 -2.42274890556971e-07 -2.03345852253628e-07 8.27685492531419e-06 1.35090247710530e-07 -4.74532278194787e-07 1.59196754284171e-05 5.48593700715135e-09 1.81206055484594e-06 3.67669930998706e-08 -2.52591895783336e-06 1.37065475208765e-07 -8.72818012217967e-05 7.75759348003033e-04 -1.59043042634375e-04 1.01079932163378e-05 -2.12618280223679e-06 -6.78352794808209e-06 1.48772227481791e-05 -2.48982846556184e-07 -4.66181160614535e-06 -7.85891283484782e-07 3.85921226795332e-07 5.45668630786259e-09 -3.18796862814880e-06 4.00785209954850e-07 8.75242908765173e-05 -7.67491168033348e-04 1.61959600464866e-04 -1.02704970747892e-05 1.54068568670893e-06 -6.85967943514140e-06 -1.68175418153278e-05 -5.57732776562720e-07 -3.30102773236718e-06 7.12718397100871e-07 2.14598520195953e-07 7.28933771727803e-08 -3.43284232970724e-06 -4.85956167507190e-07
 1.99371288969651e-06 4.91702292589169e-06 -9.93892022846048e-05 -2.25465263160348e-04 1.16942140010041e-05 1.19301008789435e-04 2.24191989313785e-06 -1.15339303275944e-04 -1.36181429273157e-03 -5.28974681902390e-05 1.42435403578186e-04 5.28064778040574e-04 3.20806377470075e-06 9.49923598307363e-05 -1.18968102861600e-08 1.78673681298119e-06 -1.92984042734442e-06 8.81129632797330e-06 8.59541327670668e-05 5.52809169284482e-07 1.48622211304964e-05 -3.72815753498649e-06 1.76049347039954e-05 1.54555335881049e-05 -1.80713089030567e-07 -4.25231398570566e-07 5.76511619193943e-07 1.38655089077083e-06 -5.98172801602651e-07 5.01397861496946e-06 3.32749796537096e-05 -1.07038437421048e-06 -1.06964066617004e-04 2.46346189050518e-05 -7.55476702096027e-06 -5.16060548387245e-05 1.10165780173390e-06 1.89647691521486e-04 1.72377718121861e-03 -7.42755519587072e-05 -1.74348562168591e-05 1.46962307708007e-04 2.10204342932139e-06 -2.88972870334377e-06 -1.60379577957982e-07 1.05668113660561e-06 8.26007661862276e-07 -1.94403805522814e-06 -5.18136501266779e-06 -1.65227314054927e-07 -1.97631390572925e-06 2.35209410070755e-06 -3.73451453961207e-07 -6.53975544804418e-09 -2.64377932214216e-08 4.30465261949315e-06 9.85843638000303e-08 5.49587663757115e-07 -3.91096582896448e-07 1.25697647696281e-06 1.43833891556260e-04 -1.72539095391116e-03 1.80671918661546e-04 -9.75099177259336e-06 1.92780745438866e-05 -6.50274201334524e-07 -5.95402772993049e-06 1.95955540558145e-05 -1.26152290549019e-06 2.88140788357323e-06 4.12819028182818e-07 1.51770556225288e-06 -1.81258393175535e-07 3.02322613117629e-06 5.15669315639928e-05 -2.53842146762288e-05 8.35455425723244e-04 3.90604499447390e-04 -2.70105423688346e-05 1.55211598064522e-05 7.95756717640407e-07 1.10721293589591e-03 6.22212141590716e-04 1.10204258739007e-05 -3.38681028935604e-05 1.87078571396616e-05 2.80613281156406e-07 2.24441075236379e-05 -3.89368667424768e-07 -1.81635258095385e-05 -1.28440453823066e-06 -7.77594999816560e-06 5.05979284708823e-05 -3.25044397802054e-07 -2.77563494377284e-05 -1.16530560696709e-06 4.57720285690948e-06 9.80351794602378e-06 -3.95355625033053e-07 -5.34371649179445e-06 1.91990652022512e-07 -5.62915532753140e-06 2.74001955450150e-07 -1.22624181443222e-05 -5.68664605243382e-05 2.59524653896837e-04 -2.59404519274941e-04 6.24030615828514e-06 1.93787039079730e-05 1.40072466940067e-07 1.38044868392957e-05 1.74149309185923e-05 -2.61483621771330e-07 5.61752596045271e-07 -1.92365714543224e-07 -1.01785745129791e-06 -1.11450583009128e-07 -9.51789227569903e-06 3.26139710751458e-05 -3.24807069744214e-04 9.86950343119739e-06 6.73633720612166e-06 6.89072352246837e-06 5.57019007440811e-06 3.41815944810844e-05 2.18035439125942e-05 1.40856295703763e-05 2.69866501611901e-06 -3.30994594330078e-06 -1.97010033512591e-06 -3.68009393044211e-06 4.47758649078126e-06 3.93972305191453e-05 -3.54014406346977e-04 1.25296968713553e-05 6.82696233948985e-06 7.15586761399062e-06 -5.56397310774329e-06 3.51556838683331e-05 2.21398982768893e-05 -1.27743999254654e-05 2.88122553123551e-06 3.51082069146641e-06 -1.77860304790405e-06 4.20980925490202e-06 4.69176876601442e-06
 1.44379160695419e-06 -1.06090736653218e-07 1.94095475450744e-05 -6.91758211347686e-06 -2.29602858266415e-07 8.44621421354151e-07 5.94278920636934e-05 -1.65966084641870e-06 -9.15575194885651e-06 -1.25146501459162e-03 -4.38137009613622e-06 3.19145952567007e-06 1.04832000111091e-04 -4.67625079827368e-07 4.03363254459524e-06 1.74007297445472e-08 -4.02972620218254e-05 -4.84656122914046e-07 -5.85793889894208e-07 1.26695791448537e-05 7.94834596903123e-07 -7.94041995249362e-05 -1.58607055590293e-06 -2.09027281495669e-07 8.48453319548388e-08 -1.79347757764616e-07 1.00655782760315e-05 1.59219220487901e-07 -1.69560639805334e-05 -2.54462129014114e-08 3.28236528338365e-06 -3.57563316174519e-07 -6.04870819309230e-05 5.02354650276719e-07 1.28431488885347e-06 4.99898537551420e-07 2.70660109347587e-05 -3.14314473529192e-05 -1.99187784626798e-05 -1.61794983681276e-03 -1.58592737347054e-06 -5.47508091321169e-07 4.97115838508762e-05 2.21868428887122e-07 -1.53239267829123e-06 -1.34224202275122e-07 2.05597182402742e-05 1.96121067619733e-07 4.36442590670014e-07 -2.95325845649485e-06 -2.48918176126297e-07 4.98595304208822e-05 8.10414843712947e-07 -1.56002121011354e-07 1.10027306296140e-06 9.85843638000303e-08 2.48087267705028e-06 1.23919880625826e-08 -9.84444126192605e-06 -1.24531017099777e-07 -1.16203980113643e-06 4.94207858100887e-06 -2.60383330390486e-06 -9.21851760028040e-08 -1.52147013309667e-07 -1.23895065851514e-05 -1.21840066429464e-07 -2.28973942963290e-08 -3.43103250130332e-05 1.52227482526765e-07 7.36267558427994e-06 1.05793632608922e-07 -3.82981874564881e-06 -6.95474289934138e-08 -1.73729501710072e-08 -2.34606508123995e-07 2.98861019312149e-06 -4.03564366178771e-06 -1.47099493568869e-07 -1.01561373357389e-06 -7.39541828865075e-06 3.67964135076440e-06 6.45776142078142e-06 -1.40220241626085e-04 5.02038256420604e-07 -3.60386345859028e-06 4.24226035212552e-05 3.56713582374139e-07 -9.62183462402991e-06 -1.30597247275509e-07 -1.13333869116107e-05 7.17966577940999e-08 2.38266652185234e-07 -2.25474998073353e-05 -2.49889174017010e-07 -5.85818759184099e-06 -4.81126345916271e-07 8.56138793171382e-08 -7.65858553563418e-06 -1.00849714202833e-07 5.45578715113192e-06 -2.63543985395316e-07 5.69948887001629e-07 -7.24103563509099e-08 -9.37387327296360e-07 -3.43449428886266e-06 6.46147797782616e-08 6.94455414768498e-08 -2.62808318345844e-08 -1.53260878030121e-06 6.68618550775657e-07 -1.81392051956951e-08 -8.95557819977535e-06 1.03794843903954e-07 -2.37688930140081e-06 1.10999281614304e-08 -1.13308752193722e-06 -5.07379354368630e-08 3.12183720202590e-05 -1.80091527888731e-05 5.14072961213917e-05 -3.92565184612120e-06 -1.89920476976681e-06 1.59358270740569e-06 -2.18744397752019e-06 -2.98590375145364e-06 -6.78008393199802e-06 -1.24859036402195e-06 1.81740984823159e-07 5.61923337151785e-07 8.79603364443261e-07 -1.43629066074602e-06 -2.96440526689075e-05 1.60292857772988e-05 -4.84588527816804e-05 3.90915938647434e-06 2.02228538241942e-06 1.37580302006037e-06 1.80039605821676e-06 3.36853458965162e-06 -6.04604534780779e-06 1.38208490979202e-06 3.02671832966967e-07 -5.58698836845052e-07 8.57543336535193e-07 1.46575845073783e-06
 2.68760807047280e-04 7.11810886301661e-06 2.15268929123207e-03 -9.89037659032339e-04 -6.43866392225934e-04 8.33098936091496e-05 8.78151886860976e-08 3.39928880129946e-03 -4.69927260737699e-04 -6.76180140493264e-06 -1.23792530224987e-03 2.64036707616223e-04 1.55373781560410e-07 -6.54543335034985e-06 1.48978341856271e-07 -5.34619191180085e-05 2.02321784117444e-07 1.04894979580763e-04 -3.81806466916941e-06 5.07582946481144e-07 -1.57217003251304e-05 -9.39489035620302e-08 7.27216410891170e-06 3.62146606337089e-06 -6.42272695774132e-08 -5.23078480988120e-06 1.80257409333695e-07 -1.00964108658332e-05 4.86218998254456e-08 5.29779019472426e-05 -6.12630931056448e-04 -2.19669411100515e-05 1.78441159062686e-03 -4.78816110351726e-04 1.16420915955855e-04 -1.80707363270140e-05 8.10950731199962e-08 -3.80461278432468e-03 6.02913041062488e-04 -4.19515781772277e-06 3.28610152583317e-04 -8.24864764081341e-06 7.59841060191298e-07 -9.80090460501595e-06 1.33057500051105e-07 -3.58724288318546e-05 -1.74977298487654e-08 6.52789210121735e-05 -1.35265516008600e-05 -2.10293345811799e-07 -7.80625202576831e-05 2.92443170519381e-07 1.33678394410217e-04 6.24144357609132e-06 3.52577188476872e-08 5.49587663757115e-07 1.23919880625826e-08 1.57091749647793e-05 -1.64497536303649e-07 -3.24167320187409e-05 -5.70980393479576e-05 -8.76043998468212e-04 5.23126320724322e-05 8.98406833734006e-06 3.17170499292618e-05 -1.32007024374886e-07 1.04609883662743e-05 9.20096721178787e-05 -4.09186146463597e-08 1.14361095765165e-08 5.35283728314591e-09 6.87373205499147e-06 1.56610394129371e-08 2.62974243616834e-05 -4.10262470466120e-05 1.81532633848427e-05 -2.03917579577434e-04 1.72455153144715e-04 -4.59651939096587e-05 -2.72422234771380e-05 1.77802525832260e-06 1.99432084712656e-04 -5.39022711024546e-04 -1.76490507831772e-05 6.19174893129513e-05 -4.78771875483548e-05 3.79185472076972e-06 -1.06010360339675e-05 -8.88074070876001e-08 2.76803336826100e-06 3.70405817011208e-07 1.59375688682312e-05 -4.74240043846614e-05 -2.62963929598181e-07 2.63097941074427e-05 3.48301086803876e-07 3.65922596585049e-05 6.19198727010170e-06 -9.18051935460049e-08 1.16454025831192e-05 -4.87211184619919e-08 2.74758497771879e-07 -4.15095701625706e-08 2.18199342076383e-05 -1.57161144393238e-04 3.88986237859282e-04 -2.88637987520899e-04 -6.46956531714892e-06 1.21073374907720e-05 -1.51481016847024e-07 1.32511987444643e-05 -2.74053706836842e-05 -7.39184455725768e-07 5.33795163632042e-07 -1.69265798376806e-07 -1.28413355926718e-07 3.69316909477392e-08 -8.86394399559084e-07 1.85843212984031e-05 -1.70150156436697e-04 1.00796149561967e-04 -4.48148506621247e-06 -7.75065413292486e-06 5.69737780471256e-06 -1.55074079769548e-05 -1.91378292404506e-05 1.92030787653230e-06 -1.68328850967556e-06 4.77062044842811e-06 5.59129155432977e-07 3.92123719400305e-06 1.10226802929836e-06 1.54597557274405e-05 -1.40908812320596e-04 9.34022643108640e-05 -4.06472728886510e-06 -7.74644647980886e-06 -5.33620349397612e-06 -1.47535107290989e-05 -1.90922962669269e-05 -2.13565300590153e-06 -1.67576464850203e-06 -4.72982858018141e-06 6.02819140530093e-07 -3.82933749118267e-06 1.12710720458511e-06
 -1.55692403311636e-07 1.45151907880677e-06 -2.85228827564710e-05 6.53728285569713e-06 4.10229067450774e-06 -3.53887037268230e-06 -2.41924887507444e-04 -3.24185715946700e-05 5.85046788134755e-06 4.90133000790395e-03 1.35287652227863e-05 -4.55160314728341e-06 -3.65231127252007e-04 2.22159133932562e-06 -5.99955609926077e-06 7.11901765095889e-07 1.74376812416946e-04 -8.75594180710019e-07 3.95249355040541e-06 -3.75889221073555e-05 1.02715541373435e-06 3.40953150326475e-04 2.48207481052284e-06 6.00569128885873e-07 -6.41014326302864e-06 9.63903737170879e-07 -3.72106612507199e-05 3.41138041688268e-07 6.94012348389480e-05 -9.51242510849123e-07 -4.38053899082157e-06 3.15108784819122e-07 -1.34172332555182e-05 7.71194465180440e-06 -2.52420195124019e-06 -1.53848255815893e-06 -1.09681467685726e-04 4.44821154424979e-05 4.88902103865236e-05 6.69069460804950e-03 -4.54694108655799e-06 2.88368461640950e-06 -1.89968798387724e-04 -5.14359465148955e-07 6.19537392176801e-06 4.65737686573302e-07 -8.31396775258691e-05 -6.64236943205241e-07 -6.36385684001762e-07 1.39954971413615e-05 3.66277827772879e-07 -2.03308491798198e-04 -8.65317070631351e-07 2.75468035276195e-07 -5.41567526368951e-06 -3.91096582896448e-07 -9.84444126192605e-06 -1.64497536303649e-07 4.04396978367677e-05 3.82068170901539e-07 7.10837977700053e-06 -5.26617608336994e-06 1.50118351926174e-06 1.14017133323327e-07 -3.48807737389601e-07 4.89596237052787e-05 2.50842421875749e-06 -2.50106400350263e-06 1.31458205097181e-04 -8.07705007900616e-07 -2.83130183135334e-05 -4.61447100308526e-07 1.54460685233770e-05 -1.28183345677589e-07 -1.20352959715656e-07 7.13709579128329e-08 4.78194352701038e-06 9.06399752620276e-06 -2.09953006661255e-07 9.80183761904479e-07 1.35218180935460e-04 1.17562900918680e-05 7.95848274674191e-06 -5.69326729810276e-04 -3.07397955733285e-06 1.20950478240186e-06 -2.33904952202605e-06 -4.99706257365450e-08 3.56212790035753e-05 -1.20586571251209e-07 7.35400012177654e-05 -5.45897314409279e-07 4.44343707541844e-07 7.78486954130933e-05 -8.38961449734548e-07 4.12213421884860e-05 2.49155526486541e-06 2.38211953811539e-08 2.89155218885734e-05 1.66461700738275e-07 -2.11359153725928e-05 7.18281956864372e-07 -1.83736403690329e-06 -1.54912657792064e-07 2.18906651829877e-06 1.75823262261949e-06 -3.84638385791724e-06 7.48265382728050e-08 2.78463319551682e-07 -5.26714761607196e-06 -1.28894749992668e-06 -4.93546203216036e-07 1.03351629061848e-05 -2.21538800560143e-07 5.80478617785077e-06 3.21249123075081e-09 7.06794947083890e-06 9.37449010165595e-08 5.99863555400297e-06 -9.25411125024437e-04 3.10799395396141e-05 5.89154638675079e-07 9.14618898780888e-06 3.41411330122375e-06 -1.19761751020463e-05 1.07033187116849e-05 2.84531016050879e-05 5.32036574665995e-06 -1.13054896494556e-06 -1.98194809507730e-06 1.11476751662594e-06 4.33409458489818e-06 -8.05572111367186e-06 9.15468531524275e-04 -3.52895940486580e-05 -2.93544655863666e-07 -8.87782602072177e-06 3.75982150438088e-06 1.46484846394539e-05 -1.05888372307200e-05 2.54056615691951e-05 -5.55391576235874e-06 -1.28530693127446e-06 1.75417384250843e-06 1.35932977758806e-06 -4.43646043065328e-06
 1.82013485679210e-04 -4.95894965934318e-05 -3.44534071907356e-03 2.00753974340379e-03 1.52886761400996e-03 -2.19439892335859e-04 1.87878740019122e-07 -8.11760409323467e-03 1.87403490049761e-03 3.65194323711586e-07 3.10133920753742e-03 -5.10441974208256e-04 1.46816673175880e-06 8.07555923002368e-05 -2.13196762114439e-08 8.57866199839851e-05 -5.20128883974964e-07 -2.43338611559047e-04 4.97637038596403e-05 -3.87101630318508e-07 -1.38040753845773e-05 8.20134974641884e-08 2.85139476918124e-05 2.41385312090349e-05 2.00670443662397e-08 6.52552109866615e-06 -6.40140122724632e-08 1.71278493455408e-05 -2.03838656187284e-07 -8.30018892824199e-05 7.75817944793550e-04 5.57844075184810e-05 -1.54787863949112e-03 8.87339216742060e-04 -2.75511396591195e-04 -3.06876994507769e-05 2.12418222315965e-07 9.69552247350521e-03 1.44794240574433e-03 -6.84912380880400e-07 -5.79622119906070e-04 8.53356421633092e-05 -1.13871907452195e-06 -6.29878057930073e-08 -3.89807074420354e-07 8.19152098419217e-05 -9.24287447993659e-09 -1.50751993129047e-04 -2.76528621993039e-05 4.70109033564994e-07 1.74252271139401e-04 -1.31961687330998e-07 -3.35330927424438e-04 1.52181301203989e-06 -1.74631947201192e-07 1.25697647696281e-06 -1.24531017099777e-07 -3.24167320187409e-05 3.82068170901539e-07 8.08437366897479e-05 -2.16246200822230e-04 2.92512215932793e-03 -6.27415292168052e-04 6.32653205669112e-06 -9.39050269159009e-05 8.52799307414729e-08 -3.01197170445167e-05 -1.87085909394174e-04 -3.71162679302217e-07 -7.45083918970053e-06 2.57559888818026e-07 -1.52988115423246e-05 -1.86141411449452e-07 -5.47600499833406e-05 -1.07582309700383e-04 -6.14303907449206e-05 1.16556095941432e-03 -6.58437023007441e-05 -2.23278797125306e-05 2.05167364913513e-04 8.96457775283212e-07 1.38115467633960e-03 5.54250068085853e-04 8.67864576023568e-06 -3.24790733622462e-04 3.07406888720665e-04 -1.69510475899108e-06 1.08967475155156e-05 6.63861396437352e-08 -4.57856442560908e-05 -5.30087156977121e-07 -7.86409256937306e-05 1.34009801375248e-04 9.44210595321552e-08 -8.15644107129738e-05 -1.17683900064937e-06 -1.04102132847036e-04 -1.90263449852262e-05 -8.54949955976909e-08 -2.92419908630084e-05 7.18906264011422e-08 -1.02931916372512e-06 2.65092544808596e-07 -5.78897653592963e-05 1.27473322454231e-04 1.06917438125719e-03 1.08173291864595e-04 4.12850384147040e-06 8.99148972478284e-06 7.88481328992154e-08 -5.49381966485540e-05 1.09844652544790e-04 4.03293452856228e-07 -9.07131430086566e-06 1.42127752480233e-07 -4.56739450384125e-06 2.53982029758007e-08 -6.69598055346581e-06 6.17638661818327e-05 -6.20497153852162e-04 -8.02582848667818e-05 1.57758692551236e-05 1.32959413586384e-05 4.01524488971089e-06 6.83867879465699e-05 3.97614196482337e-05 3.16390955400286e-05 3.01305185358872e-06 -1.11740260337904e-05 -6.73966546300335e-06 -1.11698696715798e-05 -3.14544954767537e-06 6.60226888305072e-05 -6.33978349023548e-04 -7.51366493309725e-05 1.57306769496423e-05 1.34196644701085e-05 -4.12352136614857e-06 6.93130614379405e-05 3.97021458218925e-05 -2.95597192796869e-05 3.00502250761783e-06 1.13448296908951e-05 -6.58924940564057e-06 1.17738600226450e-05 -3.17036895801223e-06
 -4.21711516791631e-03 1.77891202312009e-03 -1.27128195742381e-01 1.37266227690120e-02 -3.46218198215297e-03 1.01932175436942e-02 -6.05111043141023e-05 3.42605882963794e-02 -1.31297535098144e-01 8.90946731911026e-04 -4.68912632135103e-03 2.74119705487988e-02 -5.95768339346259e-05 1.46930398938040e-03 1.40413750244184e-06 1.83800281570458e-03 4.07736378088853e-05 1.15730973304394e-03 1.76011391228521e-03 -1.77164464339950e-05 1.54001266221006e-03 7.04385961920134e-05 -1.83239434381877e-04 -3.62010675408915e-04 -2.18124678673916e-05 2.32554525973371e-04 -3.41894898417780e-06 -5.85574379390292e-05 2.03535512122485e-05 -1.20849118613105e-03 2.25833203149460e-03 1.27739896950462e-04 -1.23597472261346e-02 9.34046937242644e-03 -1.72634868461766e-03 7.57567710904578e-04 -2.82358834274808e-05 7.22447585646487e-03 -5.91452715104695e-02 1.30314692873930e-03 -5.36745246664947e-03 5.11028266517531e-03 -2.11486602029829e-05 1.15960016452030e-03 -1.02739560843962e-06 1.75910625961048e-04 -1.43156651369492e-05 -1.76332243540646e-04 3.63127846696237e-03 1.05614462425839e-05 4.00413450630803e-04 -3.65970301155613e-05 1.15689545650819e-04 -9.97526560205583e-04 -6.72757720005339e-06 1.43833891556260e-04 -1.16203980113643e-06 -5.70980393479576e-05 7.10837977700053e-06 -2.16246200822230e-04 3.07647997105922e-02 -1.76995955757914e-01 5.13638178311963e-02 -2.12626064699141e-03 3.40340654562608e-03 7.81800346195054e-06 -7.67689164890817e-04 1.31784494701459e-03 3.89499802870857e-05 6.97910582523029e-04 -1.46204166866677e-05 2.06829096495394e-04 1.10902525366996e-05 2.39064056755115e-04 -3.39556904871274e-03 -1.26474374024934e-04 5.81039326922823e-03 8.20745294371361e-03 8.21811711456937e-04 -1.28013232449943e-03 7.37642126879959e-05 5.80319753047387e-03 1.62125038282174e-02 -4.12274218420187e-04 4.47790138541985e-04 2.65684067667789e-03 -2.47276603517549e-05 7.44914521210819e-04 4.63154734837392e-06 2.99574260078012e-04 1.75545015820741e-05 1.33869120124247e-03 3.63894374084940e-04 3.04077365470713e-05 -3.61656287612166e-04 2.01402403692023e-05 1.35247136826209e-03 8.99241925346424e-04 4.23465659782639e-06 -1.69268251466885e-05 -4.88275164359806e-06 -2.08066653823351e-04 4.19654631099892e-06 6.64834260483503e-06 6.33439475432093e-04 -1.86870166144239e-02 -4.18796098178244e-04 4.21729753740373e-04 3.03536919880184e-04 -4.10478842897314e-06 1.18586668948009e-03 -1.66416377977428e-05 -1.14540623496085e-06 1.63021679502896e-04 -4.08493792865524e-06 3.48638701853819e-06 -1.36491048947202e-07 -2.85352308106111e-04 -1.17916525772832e-06 3.46455045179981e-03 -4.83393415379361e-04 -5.45192214638685e-05 1.43033197344446e-04 4.98785857822804e-06 4.61571032888954e-04 -6.60453804215904e-05 -1.33450334065335e-04 1.59316514683465e-05 2.77911082706344e-05 1.59861701321013e-05 7.85140274645410e-06 2.40970526983400e-04 -4.42321481205823e-05 4.32590402005902e-03 -7.67680548974661e-04 -3.96703940050183e-05 1.38171051707780e-04 4.47749283574592e-06 4.66006293625354e-04 -5.54808231665430e-05 1.48950828802030e-04 1.71357674427348e-05 -2.53432906253462e-05 2.08366465328949e-05 -1.32274459181533e-06 2.43219642271547e-04
 -6.85662392336987e-03 -1.18587690255757e-02 5.92369013043112e-01 3.75366803723777e-02 6.42236794056642e-02 -8.08597693198778e-02 1.54034511181385e-04 -4.24471696387582e-01 9.11913859955924e-01 -2.63803947075173e-04 7.54161411205132e-02 -2.59392673001614e-01 2.29343956790600e-04 -3.21053122734873e-02 6.11928615354505e-06 -6.80204541113238e-03 -4.53934014055748e-05 -1.94247302632041e-02 -3.03096869626348e-02 5.52115796617348e-05 -9.36890669088807e-03 -6.95230590905468e-05 -8.66664655174793e-03 -2.52406737392517e-03 1.43235216121418e-04 -2.10120898540859e-04 -5.37588914896562e-05 1.29296140257303e-03 -6.87582345393981e-05 1.99525565262723e-03 -3.05182127946935e-03 5.27449616289368e-04 -1.18065582930794e-01 -1.59378015915558e-02 3.50995521295224e-03 1.19238097449561e-02 7.96378380475010e-05 1.56546784436823e-01 -3.09364746391301e-01 -1.42624498569520e-04 6.69416323825942e-03 -6.09342824296036e-02 -8.06244437086065e-05 -2.85342683037209e-03 2.76823388590812e-05 1.34764370394709e-03 3.49734877379116e-05 -2.92620559691821e-03 -9.89652333251070e-03 -2.80502896225842e-05 3.17667834277627e-03 -6.46826951833311e-05 -8.75217173859759e-03 3.05482230076182e-03 4.86384990242399e-05 -1.72539095391116e-03 4.94207858100887e-06 -8.76043998468212e-04 -5.26617608336994e-06 2.92512215932793e-03 -1.76995955757914e-01 1.36852547936442e+00 -2.98159528192393e-01 1.13685915240303e-02 -2.36422854454898e-02 3.54383668734673e-05 5.09606284624725e-03 -2.03613919057779e-02 -1.51272779179145e-04 -4.00483338165439e-03 3.28360240329187e-05 -1.49939908363016e-03 -3.35821522888735e-05 -3.95266757012592e-03 -2.86673413097018e-03 4.68982487126760e-03 -2.07277022883272e-01 -1.66577594835141e-01 -1.18291459402658e-02 6.15058419838945e-03 -6.29421290178132e-04 -1.12756355131855e-01 -2.36749520023508e-01 -2.29269577462273e-05 -2.79167931345585e-02 -1.93983142831402e-02 6.48520363100819e-05 -7.97114050819781e-03 1.04973198490644e-05 -1.65428520893571e-03 7.47292920305147e-05 -8.18169082779789e-03 -1.01188446604472e-02 -2.17478894001927e-04 2.30540310900314e-03 1.57680916988611e-04 -1.16538214572712e-02 -6.36353798670579e-03 1.01896918515147e-05 4.22638829426499e-04 1.48004661139399e-05 1.77348824880158e-03 -8.93421213473250e-05 1.04211901926086e-03 -3.50751195459053e-03 1.51611647203226e-01 4.62563569377358e-02 -2.86456475734136e-03 -3.93337253255755e-03 -8.27907156989132e-07 -7.74616322158741e-03 6.52470979420781e-04 -2.18374642943077e-05 -1.01984679318745e-03 3.59770340989872e-05 -1.60955277842049e-05 1.63846940115439e-05 2.84964080967772e-03 1.03293608522930e-02 -5.05334356928525e-02 2.77138993890890e-02 -1.18442321554127e-03 -2.12533994710159e-03 1.10206571218386e-03 -7.67921294367204e-03 -4.45836621011795e-03 -5.12172512528200e-04 -6.09549548044129e-04 3.41733952648022e-04 -4.29778072157045e-04 8.32050766072008e-04 -2.35001151980136e-03 8.90773106048809e-03 -5.02566548819069e-02 2.84702256170793e-02 -1.26941970705803e-03 -2.12214384772165e-03 -1.15674572219833e-03 -7.86704544810108e-03 -4.54919845004870e-03 1.13769984655803e-04 -6.40062820266858e-04 -3.76254828432449e-04 -4.92966849808309e-04 -9.47151742099120e-04 -2.39247507269596e-03
 -9.77425233587918e-04 3.09086642183449e-03 -2.32248934523874e-01 2.67904243184476e-02 -1.25932769758134e-02 1.70526819846896e-02 -3.39239587847822e-05 1.07044827253734e-01 -1.99588969485818e-01 3.66990142512179e-04 -2.06249768398916e-02 3.85571517108486e-02 -2.02058533526760e-06 7.84632402467551e-04 9.92947794670502e-06 2.71819317543544e-03 3.70486557325219e-05 3.49940965154049e-03 9.62340942737542e-04 -3.15038741530710e-05 1.24195653648166e-03 5.29233851712237e-05 5.25185899783312e-04 -6.49713201064308e-04 -3.04212336927937e-05 2.50644291338375e-04 3.89701145746564e-07 -5.32446878365821e-04 1.57293879908473e-05 -1.64413225916652e-03 5.68746274296044e-04 4.12776270840310e-04 6.24757582528416e-02 1.00898799877990e-02 -2.69880824590378e-03 1.88505273854391e-03 -2.10911169251644e-05 1.19090700632778e-03 -1.16693664559411e-01 8.05352398032553e-04 -3.97785569288080e-03 6.10925168559287e-03 1.22465823653518e-05 1.86301324987005e-03 -1.03712295650405e-06 2.64745479247993e-05 -9.09136474675937e-06 1.96979677038419e-04 5.93680369572852e-03 1.72594148878275e-05 2.99115283816514e-04 -1.42429718894695e-05 5.34537788894431e-04 -1.57622101905327e-03 -1.09195465532353e-05 1.80671918661546e-04 -2.60383330390486e-06 5.23126320724322e-05 1.50118351926174e-06 -6.27415292168052e-04 5.13638178311963e-02 -2.98159528192393e-01 9.28770229560043e-02 -3.41084890115091e-03 6.38133058911262e-03 4.63254857148434e-06 -1.57417671971639e-03 3.81326265958217e-03 4.16388678699778e-05 1.23038795608644e-03 -2.55803928621136e-05 4.06749264496753e-04 1.68845571714798e-05 7.76820782189442e-04 -4.02215023234115e-04 1.06774749821621e-05 1.54641431291819e-02 7.32081683832280e-03 2.50155007183329e-03 3.00956493633269e-04 6.85002404029217e-05 -2.28333712939560e-02 -1.48934610962609e-02 -1.02413623557489e-03 3.33294771240242e-03 1.12450246224871e-02 1.73582115473210e-05 -5.26116035883539e-05 -2.04299594552334e-06 1.22915828427090e-03 3.41867057654385e-05 2.76957964897122e-03 -1.44685332332240e-03 1.59806140940356e-05 8.84611948234927e-04 2.87996792735576e-05 2.79588883980684e-03 1.39287958251978e-03 2.39906645520338e-06 2.43878496573115e-04 -4.64801873504556e-06 -3.18109818385200e-04 7.27466765834605e-06 4.69742761140275e-04 -2.60785243983112e-03 -7.14048157823054e-03 -4.43344087208346e-03 5.26741618830383e-05 6.37740478653327e-04 -1.17934334808999e-05 9.37827804503966e-04 -2.22940808452714e-04 -4.78637794240115e-06 1.12384575565398e-04 -5.53262305722812e-06 -5.41735922352664e-05 1.11160762325700e-06 -2.82074010432868e-04 -4.44248448365225e-03 2.85607772468632e-02 -6.38494088017808e-03 -1.27415024849465e-04 -2.30471260142232e-04 -4.78486197584641e-04 -1.06756929827393e-04 -1.43589865054372e-03 -5.72483073957993e-04 -1.25730849048856e-04 2.72570656549688e-04 1.52115692455598e-04 8.79510633542759e-05 3.14207972699294e-04 -4.72351295966354e-03 3.04313750731361e-02 -7.07082280512540e-03 -9.43117774905855e-05 -2.37326431353653e-04 5.01894858612535e-04 -1.35056452100387e-04 -1.41786329727100e-03 5.37359762733162e-04 -1.23756318785395e-04 -2.72483594935757e-04 1.56263437650651e-04 -9.15676635718718e-05 3.13979327756135e-04
 -2.92487984225655e-04 -2.30935365529179e-05 4.61748881442659e-03 -5.15190256317784e-04 -2.54109656752366e-04 -9.33467855856894e-04 2.56991867669164e-06 1.49265185829180e-03 1.25307371821014e-02 -2.85126446533325e-06 -8.29630129726801e-04 -2.36172075506424e-03 -1.07887429066218e-06 -9.96396491074053e-05 1.58267733877377e-07 -6.30209341399305e-05 -1.72624674700446e-07 -5.15181469686607e-05 -1.21829704488991e-04 -7.83188970030712e-07 -1.54735991735813e-05 -7.16293259019222e-08 -3.69786798796207e-05 1.18254437040063e-04 2.32389527638836e-06 -3.23479303324592e-05 -3.44409842297029e-07 -1.16203839681398e-05 -8.26705900282572e-07 4.32865951735725e-05 -8.78663721724690e-05 -2.20182879908453e-05 -7.08633331374076e-04 -5.28971695212545e-04 1.27028394604251e-04 -1.36723909036657e-04 1.89825914953171e-07 -2.11199356435470e-03 8.38217899657440e-03 -2.37493728192943e-06 2.66210273964945e-04 -3.65540735542323e-04 -3.05173969574858e-07 -1.27887154328099e-04 1.17903069458700e-07 -2.45093450040621e-05 -1.83320473125015e-07 2.51863119117880e-05 -4.01453008536990e-04 -5.91163103175919e-07 -5.57272694823781e-05 1.85635978879940e-07 2.91295955778464e-05 1.08459628708346e-04 4.43320703871396e-07 -9.75099177259336e-06 -9.21851760028040e-08 8.98406833734006e-06 1.14017133323327e-07 6.32653205669112e-06 -2.12626064699141e-03 1.13685915240303e-02 -3.41084890115091e-03 2.02017675411574e-04 -1.90519343086326e-04 2.35502448053214e-07 1.29212948130556e-04 3.13610889650865e-05 2.65233083499492e-07 -7.39796256735779e-05 -8.19731520602620e-08 -1.68668705923533e-05 -4.81964373114092e-07 2.05159402914261e-05 4.38627142417866e-05 1.01338575587676e-04 -3.28975682514896e-03 7.23213815543358e-04 -3.57360352529281e-05 5.50955090917726e-04 -6.11804562228978e-06 -9.74716571930215e-04 -5.83054706730048e-03 2.68699897799560e-06 3.35169601529203e-04 5.68470285070617e-04 6.48957022590518e-06 -1.75836545906106e-04 2.51407834749488e-07 4.77233500189997e-07 9.29355521886691e-07 -1.00883603584521e-04 -1.74704611120874e-04 -2.31739848002676e-06 8.81266343275585e-05 -2.46897135260140e-06 -4.10027670775617e-05 -7.54764252441227e-05 -3.16773070836476e-07 2.29617419126274e-05 -4.22835776956084e-07 4.93234676744827e-05 -4.08461117857071e-07 4.80301992149734e-05 -3.84574078869378e-04 4.06516649320727e-03 -7.71566998274300e-04 -8.71788390122588e-05 -9.10423440050415e-07 -7.15692592007873e-08 -1.85847026550577e-04 -6.18296740472023e-06 3.98080910521218e-07 -3.52547658147852e-05 6.94108101055955e-07 -8.63632621404995e-06 3.51939245236812e-07 2.68061820100064e-05 1.46520750560228e-04 -1.22101175374475e-03 3.54042482569910e-04 -1.74041475421190e-05 -5.75843319987069e-05 1.63540273903048e-05 -7.59611697382796e-05 -1.27059511814006e-04 3.57822565719296e-05 -2.17444083952552e-05 1.96982645657665e-05 -1.89717143016429e-06 7.94875804575026e-06 -2.34580088674751e-05 1.41329989100021e-04 -1.22251056406616e-03 3.63902363794210e-04 -1.85057325907137e-05 -5.73526360465730e-05 -1.64225275752123e-05 -7.81479598014570e-05 -1.28517115562391e-04 -3.86846295147080e-05 -2.20892000161654e-05 -1.97205241194674e-05 -1.81904651509647e-06 -9.45479777363826e-06 -2.46282862422787e-05
 2.99018903405869e-04 2.69168072230641e-04 -1.37624387277711e-02 -1.58446836557040e-05 -2.06483200329762e-03 1.30647077124628e-03 -1.65908683702463e-07 1.41205724021189e-02 -1.37951466239541e-02 -1.54174410815384e-06 -3.64953351282587e-03 3.46823775977529e-03 -5.21256498850140e-06 1.94595238083602e-04 -7.05381289549331e-08 1.22441768429911e-04 6.58012619533475e-07 4.27302389498461e-04 1.89194082207354e-04 -3.04596160387850e-06 1.18614870238398e-04 -5.59258026725490e-07 5.61878971090501e-05 3.55616227736009e-05 -1.26978214427080e-06 -3.06458047863129e-06 3.78450693246141e-07 -5.78791200847015e-05 6.74980354220472e-07 -3.29547590867995e-05 -1.09654467487470e-04 -1.28519943823659e-05 6.07378190335807e-03 -3.16913334570505e-05 9.61170618256240e-06 -3.49185219767592e-05 -8.98007115088315e-07 -6.49368667028990e-03 -1.40940329282685e-03 -1.09844698000609e-05 1.98849171092257e-04 6.01284899635407e-04 2.38002998984604e-06 7.25773633420742e-05 -5.77822222283136e-08 -6.05164140339966e-05 -3.13370303134184e-07 1.20746452140835e-04 2.65691745647348e-04 4.42086862953836e-07 -1.21686756032458e-04 1.32358150690059e-06 2.62622281013781e-04 -6.88897885714112e-05 -6.23109542220410e-07 1.92780745438866e-05 -1.52147013309667e-07 3.17170499292618e-05 -3.48807737389601e-07 -9.39050269159009e-05 3.40340654562608e-03 -2.36422854454898e-02 6.38133058911262e-03 -1.90519343086326e-04 5.12464463617025e-04 -1.94934803271324e-07 -5.74267381517247e-05 4.91926718140910e-04 3.53411751248431e-06 7.10126062641517e-05 -1.83543293004757e-06 3.76845717259676e-05 1.03691014535161e-06 1.15875885603103e-04 4.99047306517197e-05 1.96870413309521e-05 1.22982203428965e-03 1.90326656775548e-03 9.65167420523822e-05 2.52762510959636e-04 -2.02867331047755e-06 -1.24435100315293e-04 -3.33202886938677e-03 2.30492566735605e-05 5.06912962314758e-04 1.09319709708484e-03 -6.78803301358323e-06 -5.39422770286954e-05 -1.28880767219411e-07 7.43423872369866e-05 -6.02414539736929e-07 1.90938734177633e-04 -1.67642741399078e-04 1.61216480647759e-06 9.78990564702042e-05 -1.94462465460297e-06 2.74124876273404e-04 1.07207540686930e-04 -2.29520642822150e-07 3.68279037055593e-05 -6.33748685689205e-07 -1.52143946024198e-05 8.52400001490361e-07 6.71322193404897e-05 -7.19043825372046e-04 2.14841519347087e-03 -1.62125684481520e-03 -3.33595539667019e-05 1.03407705818667e-04 1.63153017928469e-07 3.96288752500090e-05 -3.57349525317821e-05 1.05676571728476e-06 -4.34355187498645e-06 -2.67070003674135e-07 -9.83504428579530e-06 -7.22369334202657e-08 -2.92320224368365e-05 -2.51688545133305e-04 1.21272740229871e-03 -2.70378494752583e-04 -8.90717649803644e-06 -4.23431706553120e-05 -1.79012283724594e-05 -9.70795703328011e-07 -1.56844312534998e-04 -6.67861500352163e-06 -1.68457659157433e-05 3.15079836622759e-05 9.64182329965225e-06 8.42506452522032e-06 2.55595055962728e-05 -2.41269178162170e-04 1.17094427428465e-03 -2.79460703475142e-04 -9.10295956488108e-06 -4.23176147467519e-05 1.84492022106069e-05 -5.27725585570167e-06 -1.56114991472710e-04 5.33941992215856e-06 -1.66064067827583e-05 -3.10942092764213e-05 1.05682694133978e-05 -9.20920705406492e-06 2.50526381589504e-05
 1.69772038629213e-07 2.02643812637965e-06 -4.42367140875123e-05 1.53464081875863e-05 -2.12226045744922e-06 -7.44903574924050e-06 -2.96003961738593e-04 6.54759446410931e-06 4.24740338367131e-05 6.27027831591597e-03 -5.28905174333936e-06 -2.21939808105217e-05 -5.33888609759257e-04 -2.36541259300564e-06 -2.20797681717204e-05 7.23903424823028e-07 1.98751166491245e-04 -5.78462423384878e-07 3.71370979996209e-07 -6.57588546894303e-05 7.95136452952191e-07 3.92105571951782e-04 8.46258027233060e-07 -7.67529236071666e-08 7.44994149963208e-07 1.13038352032318e-06 -5.08598922649549e-05 1.45366944236498e-07 8.43919700184309e-05 -1.18979298208911e-06 -1.83557981374061e-07 3.22357301265019e-07 -2.21478366056862e-06 7.72012186309677e-06 -2.07147994205423e-06 1.02357192113305e-06 -1.34918895790927e-04 1.20091303520304e-05 -4.80606459974114e-05 8.03902715408349e-03 -3.31611507104531e-06 -3.55479117536158e-06 -2.49955238353364e-04 -2.11886053670095e-07 7.64934790135359e-06 2.35215785988688e-07 -1.02488045953729e-04 -1.79070292979092e-07 4.99015046089612e-07 1.43183409181126e-05 -2.52105148564090e-08 -2.48308114480453e-04 7.82227797778868e-08 8.98979677924530e-08 -5.28715652237804e-06 -6.50274201334524e-07 -1.23895065851514e-05 -1.32007024374886e-07 4.89596237052787e-05 8.52799307414729e-08 7.81800346195054e-06 3.54383668734673e-05 4.63254857148434e-06 2.35502448053214e-07 -1.94934803271324e-07 6.19955448958255e-05 2.97777195030218e-06 -2.85249229590739e-06 1.72451455440964e-04 -9.28701719533859e-07 -3.69889906702546e-05 -5.29383628694894e-07 1.91089713465340e-05 -2.23877485759529e-09 -3.96327509011841e-07 1.19097556236101e-06 -2.60573961138490e-05 -9.44798160499235e-06 1.01329426483384e-07 5.60921293521835e-07 1.67934508677515e-05 -2.93432112470453e-05 -4.32429271752319e-05 9.15707157522326e-04 -1.11483553821959e-06 1.72019011825955e-06 -2.43750869010801e-04 -1.65429657725045e-06 4.86011853907492e-05 6.19092443476065e-07 5.12300291968492e-05 -1.36407708267275e-08 -2.92089257528190e-06 1.14938889196961e-04 4.55109624411763e-07 2.58911873440673e-05 2.53690385470637e-06 -1.76360265002237e-07 3.85779568636926e-05 6.74434281275737e-07 -2.73772220983369e-05 9.99579462370493e-07 -2.93619411507153e-06 5.91702147097101e-07 -1.77360697167383e-06 1.65656693718292e-05 -1.84203295191482e-06 -3.58692973735453e-07 -1.27675219151414e-07 9.82863223072678e-06 -1.68751264650639e-06 -1.64757736091533e-06 4.95607548042980e-05 -2.98224944205051e-07 1.25717007056450e-05 6.76577568307979e-08 5.17608983007800e-06 4.56135205358789e-07 -1.78868456890766e-04 2.81928412874310e-04 -2.95055997131087e-04 2.23491197764735e-05 9.04074534407271e-06 -9.53224344130604e-06 1.35713192137931e-05 1.48557160430132e-05 3.25209890975674e-05 6.21500240563560e-06 -7.68069768504976e-07 -2.91036367388898e-06 -5.07625297572611e-06 7.36800901603617e-06 1.74126933674191e-04 -2.64859178075777e-04 2.92565689241765e-04 -2.25929341055529e-05 -1.01004527309013e-05 -8.93099744550815e-06 -1.44482629542723e-05 -1.76802121531803e-05 3.10351946493889e-05 -6.85947689000572e-06 -1.56510169221975e-06 2.82525426119660e-06 -5.40183770477039e-06 -7.66471068217659e-06
 -1.29396974407259e-03 1.33654667057512e-04 8.30579242648098e-04 -9.67312051562813e-04 -8.01620531166202e-04 -6.44559068852716e-04 -1.27539356695228e-05 4.67286478682923e-03 7.28494058258080e-03 2.59464747089529e-04 -2.59083332525088e-03 -1.16686277726480e-03 -1.24879663700741e-05 -1.48189764601777e-04 1.86963540003336e-06 4.80818723043714e-05 1.32027943639443e-05 -1.03916153627243e-04 -8.16473955514974e-05 -5.39620288328666e-07 2.66588907673547e-04 2.37435570646574e-05 -3.25931229055267e-04 1.20341051179630e-04 4.52910755744393e-07 -1.97521135426641e-05 -1.82767657181758e-06 1.65413825660956e-05 4.07119952713161e-06 -4.65289304740447e-05 7.75533550578729e-04 -8.28271193511461e-05 -1.28523674270149e-02 1.74253352739344e-04 2.43132113877190e-04 -5.77486950152602e-05 -7.17783684078088e-06 -8.39938306692383e-03 3.57062319759795e-03 4.32222719883167e-04 -3.33075983424935e-04 -2.85286195553434e-04 -8.00848227469624e-06 -6.98031982798165e-05 6.57904353173189e-07 -4.49210976154658e-05 -4.44591124905394e-06 6.54159736920076e-05 -2.09562558223288e-04 3.49922588240332e-07 -1.20179688551439e-04 -1.30850930420574e-05 2.28238663356639e-04 5.70259857174764e-05 1.59866301454211e-07 -5.95402772993049e-06 -1.21840066429464e-07 1.04609883662743e-05 2.50842421875749e-06 -3.01197170445167e-05 -7.67689164890817e-04 5.09606284624725e-03 -1.57417671971639e-03 1.29212948130556e-04 -5.74267381517247e-05 2.97777195030218e-06 2.24105422641468e-04 4.20473957285030e-05 7.55068876611588e-06 -6.39915409261101e-05 -2.07588811184619e-06 -5.45412770931872e-06 9.97551429470420e-07 3.97118649208766e-05 1.93772016682051e-04 1.32290107880526e-04 -4.62456630572494e-03 9.09296532895058e-04 -1.83132610135566e-04 5.62819945220583e-04 2.50255514795503e-05 1.03018236686121e-03 -7.49630524971288e-03 -2.70909151876972e-04 3.22363979989696e-04 3.88300956158662e-04 4.15592784901251e-05 -1.76135906696698e-04 1.74974137399306e-06 -2.70121940702827e-05 1.10443016736902e-05 -6.40857893283614e-05 -2.49118483421006e-04 -5.76115334151246e-07 2.37737614964816e-05 4.07613815862580e-06 4.23688758857721e-05 -2.46006137913660e-05 6.27765807528209e-07 3.45691773262660e-05 -1.80481078892794e-06 4.18300686335042e-05 -4.85539275190048e-07 7.22462982172332e-05 -9.26491641363653e-04 5.62327447352431e-03 -1.64348517716937e-03 -8.78152035323258e-05 4.49282919115807e-05 -2.69093561923353e-06 -9.69214362382844e-05 -4.42296590286965e-05 -5.58006263492235e-06 -3.11700917503971e-05 -1.82970774248437e-07 -1.02844508763422e-05 1.29956274720142e-06 1.21975474570385e-05 5.16824475278610e-04 -3.12035622444729e-03 1.10215044225288e-03 -3.74601928636617e-05 -7.63231419196507e-05 6.62664837535750e-05 -9.41826519583117e-05 -1.94285803337409e-04 4.23052031871601e-05 -2.78812772074999e-05 3.12364447487897e-05 -1.11207711075956e-05 2.06835408126468e-05 -1.69065053066744e-05 4.57736756186236e-04 -2.59526302904733e-03 1.00534436951838e-03 -3.23358826942000e-05 -7.74757110073958e-05 -6.16563581499134e-05 -8.56514611553642e-05 -1.96081633442631e-04 -4.15667979920370e-05 -2.88881348225710e-05 -3.11318401619005e-05 -1.04823037736826e-05 -2.00440682744011e-05 -1.81511450724293e-05
 2.89860758461886e-03 3.21881916323622e-04 -5.68777201973910e-03 -3.69632375803693e-03 -4.52779058776622e-03 9.37485968981688e-04 1.47383394907733e-05 2.81531909590839e-02 -3.47539116463631e-03 -2.51035025480849e-04 -8.09388995741236e-03 2.61686922526651e-03 8.13535210488602e-06 3.65792209860575e-04 5.94866192693457e-07 -9.24146760331201e-05 -7.61970915179039e-06 9.03589713155544e-04 2.57911575269670e-04 -2.57001258847364e-06 1.09696148517066e-05 -1.64288535610146e-05 2.72926006209147e-04 1.99841816872468e-04 1.37794160717446e-06 -7.39895738772006e-05 2.33744763884067e-06 -1.30698599910672e-04 -3.34379072316048e-06 1.75518063452744e-04 -5.29988096590382e-04 -7.28667178806320e-05 1.57497056490279e-02 -2.22977167567568e-03 4.52199416181559e-04 -3.96597695261718e-04 4.13010692573944e-06 -1.90976235296471e-02 1.68469201377193e-02 -3.49289504324110e-04 1.62489423043173e-03 5.63238386735380e-04 1.27344050682011e-05 -1.34604300572619e-04 -1.46174477198627e-07 -1.98231838606418e-04 2.71333454054101e-06 3.46111079855099e-04 -3.54473629989186e-04 -1.24769443561718e-06 -4.04627784980899e-04 1.32881027619817e-05 6.68582221940556e-04 9.98342328531802e-05 -1.29332216298093e-07 1.95955540558145e-05 -2.28973942963290e-08 9.20096721178787e-05 -2.50106400350263e-06 -1.87085909394174e-04 1.31784494701459e-03 -2.03613919057779e-02 3.81326265958217e-03 3.13610889650865e-05 4.91926718140910e-04 -2.85249229590739e-06 4.20473957285030e-05 9.94427492789379e-04 -1.08110174332811e-06 1.10290439647706e-05 -7.44552494423394e-07 3.71642199057824e-05 -2.97853140301406e-07 2.39493023830283e-04 1.77042497915591e-03 5.50735412754569e-05 2.83905541695175e-03 3.93416232221730e-03 5.05937634374358e-04 7.94067261964518e-04 -1.08548615581766e-05 -5.27061874103260e-03 -8.96169325000584e-03 4.42610977556992e-05 1.99702923838011e-03 1.94882086625205e-03 7.36733347716834e-06 -2.54717025701169e-04 -2.00347993837548e-06 2.04360376440685e-04 -3.10025313241600e-06 2.17265135499485e-04 -4.18594631216304e-04 -3.87348533855003e-06 3.82705056764015e-04 -1.04058991852620e-05 4.15217767573582e-04 5.26307913998939e-05 -1.61063176206806e-06 8.93659012805482e-05 -8.08666076759819e-08 1.37915439227497e-05 1.90170213107264e-06 1.52374380755195e-04 -1.30731495295535e-03 5.17747792700147e-03 -3.23027524665127e-03 -1.68637976975182e-04 1.23288840655381e-04 8.32289922832576e-08 -1.85604760080780e-04 -1.66777731208615e-04 1.98678145646901e-06 -4.06797444085250e-05 2.99704219472729e-07 -1.66301181383026e-05 -2.76281822247986e-08 4.12850511395659e-06 -1.06770084092833e-03 5.00672998820600e-03 -1.42007771554793e-03 3.88297543319914e-06 -1.11976809453218e-04 -1.12270486722913e-04 -1.08916844193833e-04 -2.91397755085334e-04 -3.91921317434897e-05 -3.79103617991045e-05 6.29860724815665e-05 3.89185232112849e-05 6.71066025413768e-06 1.58396048273756e-05 -1.04994992077062e-03 4.88699452171676e-03 -1.42222172599553e-03 3.56414312309808e-06 -1.11219437632587e-04 1.13433348465823e-04 -1.16270297849403e-04 -2.91389844528875e-04 3.40427480236861e-05 -3.74747201780486e-05 -6.30230956970775e-05 3.98644754898748e-05 -9.23847871200737e-06 1.47149658527019e-05
 1.38540246026945e-05 8.45278222397310e-06 -1.96668878679101e-04 1.12545233473083e-05 -2.51896318265914e-05 -7.64030778160399e-06 -8.01643378296290e-04 1.41464619676616e-04 7.78746090078801e-06 1.75797683903781e-02 -4.36831332143906e-05 -1.63528682403178e-06 -1.63681661352889e-03 3.93883265178301e-06 -9.21319146534370e-05 2.61894505685984e-06 5.06188603308351e-04 2.94384200168618e-06 1.01878848244325e-05 -2.21436479886734e-04 5.14387377657924e-06 1.00688554966091e-03 2.22756759780968e-06 2.55689526708200e-06 2.08229353740318e-05 2.39952516161481e-06 -1.49392668619669e-04 -2.06313923763180e-07 2.27414947998171e-04 -2.73606010950109e-06 -2.71539633481598e-07 2.95129622290037e-07 -1.54370729304962e-05 2.08040501008227e-05 -4.49166985558712e-06 -4.03295400703632e-06 -3.66975010781548e-04 -4.38713430858284e-05 1.32165539166752e-04 2.14467650399993e-02 -8.34929394877781e-06 5.66691276426617e-06 -7.15315384044061e-04 -1.74841472470634e-06 2.08449724452562e-05 -8.63697347799452e-08 -2.79239712265113e-04 6.23022953333837e-07 -2.08517819613169e-06 3.26169458597043e-05 -1.80263569933131e-06 -6.71408872903742e-04 3.02861998319488e-06 1.00345202670560e-06 -1.13972542710688e-05 -1.26152290549019e-06 -3.43103250130332e-05 -4.09186146463597e-08 1.31458205097181e-04 -3.71162679302217e-07 3.89499802870857e-05 -1.51272779179145e-04 4.16388678699778e-05 2.65233083499492e-07 3.53411751248431e-06 1.72451455440964e-04 7.55068876611588e-06 -1.08110174332811e-06 4.92520393999044e-04 -2.28578129119171e-06 -1.05300295675526e-04 -1.27839034817738e-06 5.22020544022929e-05 1.37050299280829e-06 -1.22175397520729e-06 6.21860998042373e-07 3.44260401101857e-05 2.86155498752485e-05 3.38748007983248e-06 8.10159164950937e-06 -2.80142789166857e-04 -3.00798414332813e-05 -1.33211695022682e-04 6.01696033063841e-03 1.31380835479212e-05 1.74148829557736e-05 -1.18830160342786e-03 -4.75851682429539e-06 1.42618079029998e-04 1.47387831428200e-06 5.36628432053449e-05 2.77609513596906e-07 -6.32483857935163e-06 3.54536859363814e-04 1.00223443673621e-06 1.60693418330667e-05 7.55428383042986e-06 5.02690297615457e-07 1.11472732647405e-04 1.96516124589901e-06 -7.74752372141352e-05 2.19908468404802e-06 -9.39797874377963e-06 1.13096919472430e-06 -2.27714671518997e-05 1.13438729302155e-04 -5.16308396410822e-05 -1.62178945715150e-06 1.88197137810297e-06 6.23201215669837e-05 -4.29030590411493e-06 -4.31580588274664e-06 2.15183418610570e-04 -1.04015271014798e-06 4.60279522201656e-05 1.13239844194916e-07 6.39837928097636e-06 4.59627385530778e-07 -8.95143760451644e-04 3.84855051096454e-03 -1.54294781432542e-03 1.09468182712128e-04 2.08388131013243e-05 -5.60069922550441e-05 1.04758375837635e-04 4.79089889194692e-05 8.51575494408404e-05 1.65876235064756e-05 -1.23698401848515e-06 -9.00266310718537e-06 -2.87462183919926e-05 2.53387765264889e-05 8.74088883322429e-04 -3.77333102516358e-03 1.51569472283445e-03 -1.08421622874457e-04 -2.45999878395086e-05 -5.37161869649559e-05 -1.03805568892766e-04 -5.44128816387285e-05 8.21885857465631e-05 -1.83022014313860e-05 -3.68879259322413e-06 9.12969935288722e-06 -2.91570071257384e-05 -2.47899358613762e-05
 7.24067455980146e-04 -4.67031220815804e-06 -9.62266438255816e-04 2.44218125221025e-05 1.69696716671033e-06 3.77522036715301e-04 3.43402659113022e-06 -4.62058302317853e-05 -4.55557946213820e-03 -8.14096041986569e-05 1.97443664529613e-04 8.28195765266389e-04 5.45756807420751e-06 2.72095188884627e-05 -1.69235058548935e-07 -1.50108454180552e-06 -3.27597949142048e-06 5.76595499434430e-05 2.50537802511191e-05 6.24415076132759e-07 -3.56005810022153e-05 -6.36398693172121e-06 4.88095399395168e-05 -5.47749813529636e-05 -5.82091742195163e-07 9.59103483951520e-06 6.83884524263252e-07 -2.23310101630208e-06 -9.50324162439198e-07 4.52598481642617e-06 -2.90358175661747e-05 1.19851012457916e-05 2.16256071854759e-03 1.09268916919100e-05 -3.02104190372091e-05 5.65581871505232e-05 1.93055355499109e-06 5.17605913990711e-04 -3.21410031546359e-03 -1.20258923898304e-04 4.53506353655249e-05 1.08739305164706e-04 3.15313364048948e-06 4.54376980553537e-05 -1.19454609905704e-07 2.69994462162759e-06 1.44858222036680e-06 2.86401140517097e-06 1.44339741009624e-04 -6.74413808915210e-08 1.12305480915866e-05 3.64875140617386e-06 -2.79558703897906e-07 -3.81924085143545e-05 -6.16656577834429e-08 2.88140788357323e-06 1.52227482526765e-07 1.14361095765165e-08 -8.07705007900616e-07 -7.45083918970053e-06 6.97910582523029e-04 -4.00483338165439e-03 1.23038795608644e-03 -7.39796256735779e-05 7.10126062641517e-05 -9.28701719533859e-07 -6.39915409261101e-05 1.10290439647706e-05 -2.28578129119171e-06 3.10458274168011e-05 5.11276921914613e-07 7.18761051097150e-06 -1.14599014452016e-07 -4.39947710260108e-06 -9.69284075297159e-05 -5.73051525305224e-05 2.14351877078102e-03 -5.26480686937878e-04 6.21494851853265e-05 -2.30615470284497e-04 -2.68641604455255e-06 -3.76433780416813e-04 2.27322815390431e-03 3.53332444354922e-05 -6.59309157803644e-05 -2.09415355684123e-04 -6.16282912194066e-06 6.18291674706082e-05 -6.98059815162168e-07 1.53638840131788e-05 -2.24397370022835e-06 4.93376792481203e-05 5.59642610101658e-05 -2.61944184072681e-07 -8.43300224248427e-06 -3.44303537607667e-07 1.95401267672014e-05 2.62360212390141e-05 -2.24619710178008e-07 -6.93251287917398e-06 5.73128055734931e-07 -2.43361593603178e-05 2.85370927514048e-07 -1.85003095409858e-05 1.37423358998648e-04 -1.60648303271788e-03 3.18868181256056e-04 2.70480836984872e-05 -1.27611700827023e-06 3.63201258236640e-07 6.04426410301314e-05 -4.46629797122228e-06 4.28749724703970e-07 1.34876010178873e-05 -2.35260534638999e-07 3.63171188314798e-06 -3.05512724343483e-07 -6.66602867128568e-06 -2.19193021258326e-04 1.35877533431018e-03 -3.91748173051132e-04 1.26663055780455e-05 2.10023154558850e-05 -2.50509571233790e-05 2.08893501392460e-05 4.91968198024936e-05 -2.84227327527596e-05 9.09588196951767e-06 -6.98538499182028e-06 4.89753394488170e-06 -4.58919897295207e-06 8.52149868030994e-06 -2.11105061773506e-04 1.28125157768744e-03 -3.83332474486574e-04 1.24371911101971e-05 2.12068369151832e-05 2.45533625189676e-05 2.00500534287224e-05 4.99242475603871e-05 2.83225221539807e-05 9.39335797563270e-06 6.90210918468397e-06 4.71387731097118e-06 4.79498925744749e-06 9.08185829538739e-06
 -6.58115124074805e-06 -3.08978347431701e-06 1.34188862439972e-04 -2.47790041652859e-05 1.09606223991806e-05 4.31830170524307e-06 1.72450825863134e-04 -8.46170580176745e-05 -4.08603693131693e-05 -3.76633370124582e-03 2.64701457333784e-05 1.80309032300203e-05 3.47031742827033e-04 3.26465889813782e-06 1.89481751677033e-05 -1.70636948858709e-06 -1.09779220313545e-04 -8.77978935948190e-07 1.62621554432850e-06 4.65119957537433e-05 -1.30091805664945e-06 -2.18120330182260e-04 6.62286575815118e-07 -5.41414916300874e-07 -3.98900997105868e-06 -4.52461550448050e-07 3.18382459515346e-05 3.79278126898847e-07 -4.89542912221264e-05 1.57706586692902e-06 8.84149434386125e-08 -2.08316838760536e-07 -8.35170203957058e-06 -7.75531904635536e-06 1.56237432288635e-06 -1.25487241687884e-06 7.89161708982712e-05 1.68834218414300e-05 4.65643187202850e-05 -4.62326381795644e-03 3.25273800730810e-06 4.02195483175445e-06 1.52866767342856e-04 1.23400615910636e-07 -4.48453778397150e-06 5.83504667553599e-08 6.00337414302777e-05 -1.98058664404439e-07 -2.41012735535845e-07 -7.18725567556826e-06 2.54577435538490e-07 1.44490494545553e-04 -5.85063831399875e-07 -9.29412809510255e-08 2.52922949456987e-06 4.12819028182818e-07 7.36267558427994e-06 5.35283728314591e-09 -2.83130183135334e-05 2.57559888818026e-07 -1.46204166866677e-05 3.28360240329187e-05 -2.55803928621136e-05 -8.19731520602620e-08 -1.83543293004757e-06 -3.69889906702546e-05 -2.07588811184619e-06 -7.44552494423394e-07 -1.05300295675526e-04 5.11276921914613e-07 2.25362293239348e-05 2.54558038364905e-07 -1.12252759714870e-05 -6.28641310516030e-07 -1.23530780243720e-07 -1.48924917586006e-06 2.93429313606892e-05 3.19602468356657e-06 -2.06937717771862e-06 -6.57423956313131e-06 5.16535981390725e-05 5.80213240853797e-05 1.12425327699722e-04 -1.19931438193278e-03 -6.54462147326895e-06 -1.43644665714135e-05 2.41487784841085e-04 3.35947032234257e-06 -3.03902153927873e-05 -1.40071848708281e-06 -1.38590729151437e-05 -8.22824418683786e-07 5.27949870091456e-06 -7.50890957834962e-05 -2.07917256907566e-06 -4.91717244687555e-06 -2.45433553111037e-06 6.40369637209943e-08 -2.37966814537561e-05 -8.71565697974657e-07 1.65840523692587e-05 -7.90373564138601e-07 1.98946871014153e-06 -1.16608557832224e-06 9.67052070194550e-06 -5.98472288403249e-05 1.35734685084439e-05 1.34034838956137e-06 -3.07241003454308e-07 -1.24444430674593e-05 2.49297016693184e-06 1.36650370663999e-06 -4.41342938502709e-05 5.03408328029707e-07 -9.58861434726777e-06 7.16661142883932e-08 -1.58530725691520e-06 -4.68614972287162e-07 1.84227733533173e-04 -7.62396833108712e-04 3.13386411808169e-04 -2.18857450493423e-05 -3.68415117444993e-06 1.15531870271150e-05 -1.90030490981452e-05 -7.38816618674667e-06 -1.79272167425095e-05 -3.23028349405316e-06 -1.44206255691215e-07 1.79917696052255e-06 5.55913698898168e-06 -5.12175590767869e-06 -1.74274482118456e-04 7.12012412871598e-04 -3.05104410860334e-04 2.24160994970858e-05 6.26641150183539e-06 1.04466264158384e-05 2.23949104444328e-05 1.42541056499131e-05 -1.81020903728071e-05 4.29438482623009e-06 1.24672663367257e-06 -2.02863407655998e-06 6.14085919405179e-06 5.42589040811599e-06
 2.21168461471921e-04 1.44056430265623e-06 6.14487429890362e-04 -4.07056585131757e-04 -2.61770534232645e-04 1.41147068944001e-04 1.93303925938389e-06 1.40536622557340e-03 -1.68822026590585e-03 -4.84485470428450e-05 -5.05150363757728e-04 4.16636448262387e-04 3.69518358436556e-06 -5.58162225192538e-06 1.70844763947513e-07 -2.15157689624670e-05 -1.37006706362475e-06 3.75781986170430e-05 -1.75039512115155e-07 8.33125492544827e-07 -8.18540390065029e-06 -3.16770828449240e-06 -8.72828986406114e-06 -5.96425600638268e-06 -2.57640396677393e-07 1.74243931575871e-06 5.07265804503920e-07 -3.39076113907951e-06 -4.78377006474673e-07 2.43846928776606e-05 4.19797559081821e-05 -6.69078021851088e-06 1.00787236479664e-03 -1.63139122262943e-04 4.14838652006195e-05 9.47643284887976e-06 1.08610107836427e-06 -1.47520877564665e-03 -9.84660280285435e-04 -6.15467654220168e-05 1.35560606344162e-04 2.61231710434391e-05 2.25177408729855e-06 1.24039614678167e-05 5.67810952418542e-09 -1.39560179398794e-05 7.88231112355121e-07 2.81407711576099e-05 5.30337445928756e-05 -1.66131303563735e-07 -3.23793627718393e-05 1.88031342145786e-06 5.61266341794640e-05 -1.24085879720755e-05 1.54054657938530e-08 1.51770556225288e-06 1.05793632608922e-07 6.87373205499147e-06 -4.61447100308526e-07 -1.52988115423246e-05 2.06829096495394e-04 -1.49939908363016e-03 4.06749264496753e-04 -1.68668705923533e-05 3.76845717259676e-05 -5.29383628694894e-07 -5.45412770931872e-06 3.71642199057824e-05 -1.27839034817738e-06 7.18761051097150e-06 2.54558038364905e-07 6.60926506017475e-06 -4.93191665902489e-08 1.15722001103144e-05 6.81862281668666e-05 -1.72189150528586e-06 2.14467337526655e-04 -3.18068516595153e-05 -1.02139137302458e-04 -1.85051435792746e-05 1.21813115610910e-06 1.08902164428381e-03 -2.65725921985681e-04 -1.08463731288120e-05 -1.37134854819730e-04 -2.02070636448292e-05 2.42260440503609e-06 3.59293432203960e-06 -3.93973959873129e-07 -1.83354135747391e-05 -4.97105563853391e-07 5.11515595558493e-06 -1.22859113040761e-05 -7.81195022406706e-07 -1.08029087910726e-05 2.53590197160472e-07 1.65069013373644e-05 1.32182428160744e-05 -3.74355937434620e-07 3.72825611572270e-06 1.56689657734763e-07 -5.89023904074379e-06 3.97263150671162e-10 6.05265497002869e-06 -1.87762798970680e-04 8.01385575856699e-04 -3.07650660695550e-04 1.76432269570771e-06 2.36712257605216e-05 -5.54531953526985e-08 2.52057813968931e-05 5.34165522760435e-06 -9.98343198984690e-07 1.41580691468545e-06 -3.19781692554518e-07 -1.34808260347996e-06 -4.51091015491945e-08 -7.03270683119769e-06 8.14470905689605e-05 -5.59657927222778e-04 1.73331350625455e-04 -1.58157989381383e-06 -3.05511124326701e-06 1.43723116609246e-05 6.54753779037885e-06 -1.07813744204194e-05 1.11904434465161e-05 -1.10935479243270e-07 1.91227400333332e-06 -3.24455810278930e-06 2.61377339691778e-06 2.17635611331894e-06 7.91647318644201e-05 -5.49403753884118e-04 1.66403457024914e-04 -1.13538888226369e-06 -2.85166147272093e-06 -1.40979639648264e-05 7.41453098974200e-06 -1.04300883576077e-05 -1.13402386698333e-05 1.36826654964336e-08 -1.74503108132708e-06 -3.16454342991831e-06 -2.26859500568031e-06 2.33903842976707e-06
 2.80840723795220e-06 1.18807387096680e-06 -4.03560545118863e-05 4.78405196133944e-06 -4.16053248554229e-06 6.99746045538044e-07 -9.28772371295615e-05 2.67201665337543e-05 -2.41363233631532e-05 1.92237484594160e-03 -9.86816461797373e-06 3.63681167448172e-07 -1.53172590974186e-04 -1.16095537814868e-06 -4.49574669854957e-06 5.33591294255722e-07 6.47766387558422e-05 8.73485488332654e-08 -1.13964989748348e-07 -1.73781302897487e-05 6.98421483676698e-07 1.27163254354186e-04 -3.13413967355721e-07 -1.06912359203930e-07 -1.18412584441284e-06 4.17171345833165e-07 -1.50799432003963e-05 1.70158815083467e-08 2.65685458245931e-05 -5.36307676253396e-07 1.30732307387136e-07 9.06321616003951e-09 -7.19202671218628e-06 3.57850942907882e-06 -4.65752815639657e-07 8.86641008696598e-07 -4.22160814044279e-05 -1.45670689196141e-05 -5.00395338078012e-05 2.54677245983348e-03 -1.54752462448899e-06 -6.99454942812850e-07 -7.55313243596607e-05 3.42314191667710e-07 2.39067107344686e-06 -3.55644823478402e-08 -3.20300516841442e-05 1.97833979880181e-07 1.61181472388419e-06 4.95596687354125e-06 -2.85861805749160e-07 -7.79896879106883e-05 6.83446425116450e-07 -3.38102744142814e-07 -1.87965729872918e-06 -1.81258393175535e-07 -3.82981874564881e-06 1.56610394129371e-08 1.54460685233770e-05 -1.86141411449452e-07 1.10902525366996e-05 -3.35821522888735e-05 1.68845571714798e-05 -4.81964373114092e-07 1.03691014535161e-06 1.91089713465340e-05 9.97551429470420e-07 -2.97853140301406e-07 5.22020544022929e-05 -1.14599014452016e-07 -1.12252759714870e-05 -4.93191665902489e-08 5.96554377197375e-06 1.95444418126197e-07 -8.66660338222163e-07 2.44341367684044e-07 -5.03525462042000e-07 -5.37545190051173e-06 -1.16873961816500e-06 1.15179711897789e-06 2.97779087985325e-05 2.21145948401129e-06 -3.09540195580940e-05 2.12878512023409e-05 -2.10161678043709e-06 2.69105333587571e-06 -3.67523833019264e-05 -7.49563721612025e-07 1.44217025242674e-05 6.27966707323547e-08 2.24702297952001e-05 2.86786588689572e-07 -1.53329789233932e-06 3.28111344884515e-05 6.40836462888332e-08 1.21811373286723e-05 1.42759477545043e-06 2.63027393232124e-07 1.15763153130443e-05 2.89336137698525e-07 -8.34183819765889e-06 1.79179377975182e-07 -8.08535711825512e-07 3.16001614158283e-07 -5.13607308638871e-06 2.78608981866742e-05 -7.88460396484248e-06 -2.75504588376871e-07 4.95004231902162e-07 3.99193433899374e-07 -3.75641330506988e-07 -3.49888398821453e-07 9.45459701358773e-06 -1.24660157527346e-07 3.04024007363210e-06 -3.82037764292670e-08 2.19766244658680e-06 4.44105037313277e-08 -2.54008791409762e-05 -1.45465700681727e-04 -3.61262055463275e-05 3.37214711317777e-06 2.90473437148514e-06 -6.39229552086252e-07 -7.20349460547537e-07 3.45421686367124e-06 1.05241619799453e-05 1.91515363372777e-06 -1.94437117817810e-07 -8.52855426113783e-07 -4.36025184833889e-07 1.97448468082302e-06 2.42344240065408e-05 1.44854665742101e-04 3.78514281086963e-05 -3.49463924589214e-06 -3.58148730194988e-06 -6.57476890980257e-07 4.69214308331787e-07 -5.68623454746204e-06 9.78384027313024e-06 -2.22602246975437e-06 -6.39645856852557e-07 7.56072118249162e-07 -6.28849681448741e-07 -2.03575051811388e-06
 2.68188733231506e-04 8.18998853152894e-05 -5.98671613792107e-04 -1.10113217521747e-03 -1.27434403618153e-03 1.48582277450651e-04 4.47712408247916e-07 7.75079087472413e-03 -2.61406907086549e-04 1.66096454693228e-06 -2.49526192147344e-03 4.81638075745337e-04 -2.33765959020202e-06 1.97260064969049e-05 2.05155108096824e-07 -3.12582062837950e-05 7.30174108378710e-07 1.99623389047191e-04 1.28240048482626e-05 -7.61831803785811e-07 2.28059136574436e-05 4.86543989499886e-07 3.43215662182744e-06 5.55964689078474e-05 3.48174391135542e-07 -1.71276146342363e-05 9.63985062142279e-08 -2.95479167425862e-05 1.22059849582076e-07 5.02902608480246e-05 -1.20424145285342e-04 -3.07670045168823e-05 2.76121129473919e-03 -5.98574493424912e-04 1.56834592174436e-04 -7.43542274075906e-05 -3.76392308129773e-07 -6.19136770054249e-03 3.01861696246133e-03 6.39663387536316e-06 4.26405896999977e-04 4.80952804767271e-05 9.78519913679349e-07 -3.10137690573227e-05 1.55186903246722e-07 -5.87521079341577e-05 -3.20794360353970e-07 1.03328710057561e-04 -7.05752815567453e-05 -2.38125110022885e-07 -1.25990473484898e-04 2.87101319364579e-07 2.10214249988789e-04 2.20974108599673e-05 -5.93563663096402e-09 3.02322613117629e-06 -6.95474289934138e-08 2.62974243616834e-05 -1.28183345677589e-07 -5.47600499833406e-05 2.39064056755115e-04 -3.95266757012592e-03 7.76820782189442e-04 2.05159402914261e-05 1.15875885603103e-04 -2.23877485759529e-09 3.97118649208766e-05 2.39493023830283e-04 1.37050299280829e-06 -4.39947710260108e-06 -6.28641310516030e-07 1.15722001103144e-05 1.95444418126197e-07 6.51790130728789e-05 2.39000920174463e-04 4.98877302285019e-05 -6.58648306622260e-04 9.29050204868569e-04 -2.01099112019014e-05 2.52255138912056e-04 -1.69360048162970e-07 -1.92446151019076e-04 -3.58182852084231e-03 -1.45082283853705e-05 3.32775336633390e-04 4.85550565475290e-04 4.64098162288674e-06 -8.81195969810064e-05 1.27678236838794e-08 2.46665750152379e-05 7.30028754034056e-07 3.62328841713207e-05 -1.53112081813853e-04 -5.03941330743208e-07 8.23335145352006e-05 -1.11617934094236e-06 1.01448209692610e-04 1.25199112871412e-05 -2.06760825191604e-07 2.90771702984745e-05 -4.20591576948497e-07 1.05012124521271e-05 1.32250113357341e-07 5.43124883704067e-05 -5.31878538111464e-04 2.59495117288055e-03 -1.08220473266709e-03 -4.85991312350983e-05 4.53439045640780e-05 -1.75346706645978e-07 -4.17926226326795e-05 -3.69825797572585e-05 -3.39005164404495e-07 -1.34239822413404e-05 -4.25282371061805e-09 -6.31641128425733e-06 1.67125181252046e-07 -4.61087919373030e-07 -3.31121708417596e-05 -1.01877832581383e-04 9.48141160451115e-05 -1.08048921330890e-05 -4.05552617184356e-05 3.03087090777185e-06 -4.03382709253036e-05 -1.09558459488042e-04 1.06388422031495e-05 -1.40240342694019e-05 2.08027830566206e-05 3.02021108122267e-06 8.42472624858764e-06 5.67675508802589e-07 -3.53334942587919e-05 -7.55575805782875e-05 8.66267038837067e-05 -1.07166522599581e-05 -4.05147170119609e-05 -2.42133630384405e-06 -4.13553856581539e-05 -1.09881050148680e-04 -1.19777725971951e-05 -1.40996871901485e-05 -2.06694795803118e-05 3.38561852114692e-06 -9.02540544900225e-06 2.34085847651129e-08
 -1.20894525764237e-04 1.09774484177579e-03 -7.09822379251890e-03 -2.59884445662635e-03 1.42169115471694e-03 4.52723984304500e-03 -8.69560726452631e-06 1.53422520971218e-03 1.96960249003667e-05 -3.84927114032694e-05 7.41910723120873e-04 3.29878081550672e-03 3.37123563753602e-06 -1.40827444919211e-04 2.75608639350970e-06 3.09468297393235e-04 5.78200161509478e-07 6.55188387885558e-05 -3.39590023347861e-03 8.31474707304438e-06 5.66986996178451e-04 1.47210667572067e-06 3.55671777927555e-04 5.72781826195318e-04 -2.74383143760877e-06 -5.27244033434650e-04 2.29050533401981e-06 -4.29151128988518e-04 -2.60427853172801e-07 -8.17839283052615e-04 1.55375633857441e-04 2.07927693637158e-04 -1.47741170396300e-03 5.10267222275048e-04 1.68921151704060e-04 4.63109320894874e-04 4.91473940116562e-07 7.23254223611088e-04 5.44330960639654e-03 -5.71085117598598e-05 -5.48672224711387e-05 5.73649352132285e-04 2.11695313995946e-06 2.93642721774242e-05 -1.87976008558402e-07 5.34783508679400e-06 5.39588091210359e-07 2.43577921477268e-05 -4.25319569217118e-04 -8.24455721189417e-07 5.73325347407117e-05 1.73624565559645e-06 -2.77387667251336e-05 -1.99967001416128e-05 4.35287043884447e-08 5.15669315639928e-05 -1.73729501710072e-08 -4.10262470466120e-05 -1.20352959715656e-07 -1.07582309700383e-04 -3.39556904871274e-03 -2.86673413097018e-03 -4.02215023234115e-04 4.38627142417866e-05 4.99047306517197e-05 -3.96327509011841e-07 1.93772016682051e-04 1.77042497915591e-03 -1.22175397520729e-06 -9.69284075297159e-05 -1.23530780243720e-07 6.81862281668666e-05 -8.66660338222163e-07 2.39000920174463e-04 2.00312868863967e+00 7.15527784093466e-03 4.46410360052010e-03 1.58320259871107e-02 4.23385597930417e-04 -2.74339801050704e-03 -1.56807711098843e-04 2.35939347687528e-03 2.41071471745656e-03 9.84805335031511e-05 2.61960573679094e-04 -5.91096084095474e-04 -6.54557101583791e-05 5.80445038790875e-05 -1.98664905401485e-05 -2.28329704987830e-04 -4.15254466471814e-06 -1.47265849838114e-04 -1.33113773849560e-04 1.29247498622901e-05 -2.55431101161685e-04 6.03154953265231e-05 -4.68861043825111e-04 3.51199290643046e-04 3.01323213353082e-05 -6.29804400930499e-04 -9.56890934526254e-06 -1.12658557269967e-04 -1.20301433180140e-05 -8.95113109029796e-04 -1.01897944765521e-02 -3.28194578281765e-03 -2.63443452893623e-03 1.29816088958107e-04 -4.86415506790953e-05 2.86443435753891e-06 3.30265580686572e-03 -4.67589380196175e-03 1.64901436140072e-05 8.55658042632878e-04 1.28099887252201e-05 4.14813640166084e-04 -1.13927127567867e-05 3.42696604359189e-04 -7.05148575314587e-03 -4.96512509912800e-03 -1.80764704315893e-03 7.65281820516300e-05 7.68833407623260e-05 -4.71881197139094e-06 -2.46836728232928e-03 5.54918684671459e-04 3.44518828478913e-03 1.58220152280542e-04 -1.58564646767587e-04 -3.22317420491742e-04 5.33510043096071e-04 -1.99689985744193e-04 -7.21193968864965e-03 -5.05370233879389e-03 -1.80204306541992e-03 6.53456306792744e-05 6.78564995804772e-05 -8.99599918976145e-06 -2.51422346768046e-03 5.49172218096371e-04 -3.49986854213676e-03 1.44664502843934e-04 1.28366493752105e-04 -3.26219452210210e-04 -5.36483269726588e-04 -2.07354312338332e-04
 4.97811515092105e-04 1.25570298823137e-04 -5.74569716402662e-03 2.62930080956749e-03 -1.73722671949578e-03 -1.22432762928814e-03 -1.40729595850597e-06 1.01086555023910e-02 1.01391023220883e-02 3.78305527684759e-05 -3.84672691922481e-03 -3.66441175409161e-03 3.36511412971454e-06 -6.02066478890326e-04 3.60844468783397e-07 8.66843910185468e-05 2.15075865638494e-06 1.73223773359036e-04 -4.45675779426448e-04 -9.98458258801002e-07 5.32397134697588e-05 3.66382712252070e-06 -5.06546269266014e-05 1.07087059477439e-05 5.79308634843305e-07 1.97119710608816e-05 -1.28017886044862e-06 -2.46940366497797e-05 -1.20946168476299e-06 -5.34125457413808e-05 -2.09207576776258e-04 -2.27478565827745e-05 4.12796967440309e-03 -4.69837566676400e-04 3.01867654237797e-05 2.12519962145767e-04 -5.95044320701763e-07 -5.45883329809229e-03 -6.08832402942221e-03 6.25793697826032e-05 3.67059476326332e-04 -7.52121963985316e-04 -1.23722269666055e-06 -2.64788975470385e-05 5.64419575912009e-07 -5.02380301288861e-05 -5.65462977191424e-07 8.74840581433086e-05 -9.93721043400425e-05 4.49211311183109e-07 -8.28913119235807e-05 -2.09949617750287e-06 2.00446929864201e-04 3.76973835970388e-05 2.36462074705656e-07 -2.53842146762288e-05 -2.34606508123995e-07 1.81532633848427e-05 7.13709579128329e-08 -6.14303907449206e-05 -1.26474374024934e-04 4.68982487126760e-03 1.06774749821621e-05 1.01338575587676e-04 1.96870413309521e-05 1.19097556236101e-06 1.32290107880526e-04 5.50735412754569e-05 6.21860998042373e-07 -5.73051525305224e-05 -1.48924917586006e-06 -1.72189150528586e-06 2.44341367684044e-07 4.98877302285019e-05 7.15527784093466e-03 9.94914100683399e-04 -3.50605915667745e-02 4.45296578585110e-03 -3.56370589896300e-04 -5.10395647234777e-04 -2.87706398354945e-05 -3.04638008324327e-03 -1.94411447026110e-03 -3.18203156858664e-05 3.95738218545141e-05 -4.57807830361235e-04 -1.56045917728868e-05 -6.54398670465540e-05 1.43530778547120e-06 7.02427945237067e-05 5.41054209633699e-06 5.52466119378314e-05 -4.34401381757932e-04 3.75599047400886e-07 1.47497686513828e-04 1.51259202203960e-05 5.79830895410664e-05 -8.64204667075415e-05 -4.61221733812637e-07 7.71082490077142e-05 -8.60930131039252e-07 2.55495334796009e-04 -6.33369261844056e-06 2.85905586300715e-04 2.80730596864455e-03 -1.42172928459484e-02 5.24822618562556e-03 1.43282833663193e-04 -3.65546580731734e-04 -4.82247054020890e-07 1.14974978582710e-04 -2.84260251755027e-04 2.18707649784415e-06 2.66024098160891e-05 1.30219848490160e-06 2.62326277659163e-05 -3.56794324068754e-07 5.79318201432064e-05 2.75900664455276e-03 -1.24967112073974e-02 4.76054457258750e-03 -2.45425308777567e-04 -1.10345580222791e-05 2.80612466449064e-04 -2.83124363561292e-04 -1.49673850819692e-04 1.39303328146675e-04 -4.20873120904806e-05 2.11668809280021e-05 -3.48371074231948e-05 8.02183640344796e-05 -2.80913693504530e-05 2.68512469665410e-03 -1.24346595973754e-02 4.73988935560440e-03 -2.47672393717432e-04 -1.08380233660732e-05 -2.84033786265384e-04 -2.98236450917230e-04 -1.46750084670991e-04 -1.60844556547031e-04 -4.17919965835785e-05 -2.06738966558328e-05 -3.62455701586874e-05 -8.56916050635992e-05 -2.94597968211724e-05
 -5.55045297375118e-03 -3.04397468511859e-03 1.79349795213194e-01 -1.05795509425916e-01 3.94461800812082e-02 4.64018100736032e-02 1.19313311149821e-05 -2.13295077426361e-01 -3.35030770864887e-01 -7.39630052414286e-05 9.21097269004321e-02 1.24983428484116e-01 -2.08881744069734e-04 1.93744928579703e-02 -1.05561400652772e-06 -3.80433683652320e-03 -9.46325892442652e-06 -1.66363054342208e-03 1.28657873683330e-02 2.05299344207752e-06 -2.93942043466745e-03 -1.05468479768174e-05 2.77482920039711e-03 -2.05990878136144e-04 -1.01595757615374e-05 -1.20045235627760e-03 3.24709902579882e-05 1.27355965085494e-06 6.00476171941706e-05 2.58696890403095e-03 -5.23924973006958e-04 6.11463134870249e-04 -4.63439155273192e-02 3.84345422316909e-03 1.60042750585103e-03 -7.08638437416842e-03 -1.44023659414904e-05 9.30751025046299e-02 2.19175729391260e-01 -1.54057762430208e-04 -3.43149239303853e-03 2.34733561201010e-02 1.21667242521011e-05 5.19052560516662e-04 -1.32694509354422e-05 7.40526040164137e-04 -8.87862115546800e-06 -1.25756378927158e-03 2.32485663904172e-03 -1.22415059036131e-05 1.05324384594823e-03 2.49018251968734e-05 -3.91438191234436e-03 -9.49828040864668e-04 -9.51586427243951e-06 8.35455425723244e-04 2.98861019312149e-06 -2.03917579577434e-04 4.78194352701038e-06 1.16556095941432e-03 5.81039326922823e-03 -2.07277022883272e-01 1.54641431291819e-02 -3.28975682514896e-03 1.22982203428965e-03 -2.60573961138490e-05 -4.62456630572494e-03 2.83905541695175e-03 3.44260401101857e-05 2.14351877078102e-03 2.93429313606892e-05 2.14467337526655e-04 -5.03525462042000e-07 -6.58648306622260e-04 4.46410360052010e-03 -3.50605915667745e-02 1.30188072683061e+00 -1.68018831144574e-01 1.84357506268252e-02 2.23607124849166e-02 1.03476062642956e-03 1.63806401895255e-02 -1.08904572131615e-02 -2.07390816385211e-05 1.21069193709304e-02 2.78120292745518e-02 7.28317625313904e-04 -2.29734281201288e-04 -4.99148534906530e-05 -3.38486929592968e-04 -1.29495115227111e-04 -2.37845621323861e-04 1.11198888121283e-02 -2.69306611767103e-05 -1.71192124417293e-03 -5.43463942995764e-04 -6.45655816623167e-05 3.10737067554156e-03 3.36322045003017e-05 -2.18974114202912e-03 2.15055604848237e-05 -9.33547844243349e-03 2.34451990462000e-04 -9.39040645670635e-03 -1.11487906234200e-01 5.49506065689805e-01 -2.01615740404332e-01 -6.71948936421837e-03 1.34060981744072e-02 2.17376894458363e-06 -5.75545816624040e-03 8.18137040742480e-03 -7.20676455308964e-05 -1.14192071099477e-03 -3.77116523860449e-05 -9.70884250162911e-04 1.98144812636012e-05 -1.57210901435610e-03 -1.14366567125315e-01 5.25329498803996e-01 -1.90807431929270e-01 8.95527006437675e-03 -5.91550463174278e-04 -1.17110268631096e-02 7.76905313681484e-03 2.82682047812885e-03 -5.95759893729886e-03 1.25013155731494e-03 -2.71463910346325e-04 1.64010944225584e-03 -2.72229826172755e-03 8.82844528528298e-04 -1.12086825657877e-01 5.25437339319676e-01 -1.90563826259233e-01 9.05635097948935e-03 -6.12983523770470e-04 1.18597710316337e-02 8.26448069558641e-03 2.70088252622777e-03 6.65788457499021e-03 1.22931535308496e-03 2.35850482718602e-04 1.68590233450955e-03 2.89056029971040e-03 9.17804446879827e-04
 3.08240089544264e-04 2.25138103898943e-03 -7.85344702390480e-02 -6.89633800960525e-03 -1.19069338257845e-02 1.33397115894063e-03 -3.22645655254950e-05 6.92188161939041e-02 -2.41387329928407e-02 7.84631997954345e-06 -8.76522718898835e-03 3.14292748665951e-02 -3.86162598539829e-05 1.01615982651337e-02 -6.52789482842998e-07 1.40394466727835e-03 6.65809754608708e-06 2.89295416460999e-03 9.66201312204844e-03 7.26351754101046e-07 3.03277602687394e-03 3.00779522002521e-05 2.96387626926709e-03 3.38883406160721e-03 -1.72480315148604e-05 -2.11700064490744e-04 1.49893630147653e-05 -1.23061178428470e-04 2.06512842265846e-06 -1.26506506818026e-04 9.36515067738014e-04 -3.34835072816602e-04 9.71848492522687e-04 1.76488162944720e-04 -1.09819131630475e-03 -7.69557996361657e-03 -1.76984243088716e-05 -5.70038803129364e-03 3.10905964339865e-01 -8.74017482496020e-07 -1.03389903048862e-03 1.50360352089950e-02 4.68769057193760e-06 -1.82577396429225e-03 -1.15480697067825e-05 -1.86003545896345e-04 -1.55170031897101e-05 1.01075819348776e-04 -5.69386884623242e-03 1.22833436282203e-06 -7.16877062435375e-04 2.10750820933912e-05 8.86852510357457e-04 1.34714723159476e-03 -9.51478527139961e-06 3.90604499447390e-04 -4.03564366178771e-06 1.72455153144715e-04 9.06399752620276e-06 -6.58437023007441e-05 8.20745294371361e-03 -1.66577594835141e-01 7.32081683832280e-03 7.23213815543358e-04 1.90326656775548e-03 -9.44798160499235e-06 9.09296532895058e-04 3.93416232221730e-03 2.86155498752485e-05 -5.26480686937878e-04 3.19602468356657e-06 -3.18068516595153e-05 -5.37545190051173e-06 9.29050204868569e-04 1.58320259871107e-02 4.45296578585110e-03 -1.68018831144574e-01 1.05464110168811e-01 -1.80824561716506e-03 2.09942393318249e-03 9.92115168200582e-05 8.39241001298279e-02 5.48876226911687e-02 -7.11758917529698e-05 6.05396329448399e-03 5.03006925883191e-03 4.30219831326854e-05 1.70823376355822e-03 8.85096448839635e-06 -9.97269681351103e-04 -6.47766299010375e-06 -7.86454553376986e-04 3.28658885789626e-03 5.74704858004328e-05 -1.51884445603633e-03 -2.11939381490492e-05 1.23141397361288e-03 1.17547743036003e-04 -1.74678445510031e-05 -7.00482260852032e-05 -1.19702795681133e-05 1.61379676981952e-03 -8.44645501572607e-06 6.76742206976365e-04 1.81246479593995e-02 -8.64720860991067e-02 6.88040680102373e-03 1.42468477172119e-03 -7.49107284694557e-04 -2.77665343518911e-07 1.01044419890468e-03 -1.82412818607289e-04 7.77638974638895e-06 4.11415844534958e-05 6.69351432243132e-08 4.84826065747053e-05 -4.58569184232614e-06 -5.98248014843902e-04 2.22930770915646e-02 -1.21616612898699e-01 3.11146773199928e-02 -9.49042393516042e-04 6.98256234015425e-04 2.33578584599464e-03 2.17066635444828e-03 1.59672344619370e-03 2.73735989789418e-03 -5.85447592079115e-05 -2.22920149605289e-04 -3.61787155358411e-04 1.30396924330498e-05 3.33127717167819e-04 2.25346236115240e-02 -1.21569655174306e-01 3.10484253761796e-02 -9.41899250429287e-04 7.07936197242964e-04 -2.34019679663730e-03 2.22474699916175e-03 1.62932147558627e-03 -2.65056281103281e-03 -4.80031491679076e-05 2.47117829669795e-04 -3.41376122885519e-04 1.33709850195828e-05 3.34388036170592e-04
 -1.82764392833924e-03 5.56909554572046e-04 -2.74090954191401e-02 3.78248675776074e-03 -1.10457561808154e-03 -9.53589241396507e-05 1.29733591111538e-05 9.99111132623993e-03 1.45050959752592e-02 -4.64933985721751e-05 -7.97885302634950e-04 -4.66354135899628e-03 7.15075857840564e-06 3.93263333940712e-04 2.03685351763782e-07 4.42237814918973e-04 -4.61980685364854e-06 1.12159318744952e-03 1.70111118295505e-04 -1.56035019242104e-05 1.68613420460061e-04 3.49776700142134e-06 9.01876520531731e-04 -2.40792809784938e-04 4.65992823277898e-06 -1.02949068708922e-04 -3.11479767836737e-06 -9.95209215830395e-05 -4.11176773369495e-06 -4.83714539908554e-04 1.17391237586702e-03 6.44356740026582e-05 -4.03626416392512e-03 7.88512607071374e-04 -1.35797151558683e-04 -2.97789623742426e-06 -3.86756790526616e-06 -2.42517841921040e-03 1.75064220858740e-02 -9.54053379372483e-05 -1.15579732815640e-03 -6.05435807909254e-05 -1.76971625816751e-06 -2.04561766470617e-04 -6.88781190984187e-07 6.13960890249374e-06 -1.73078723816140e-07 -6.01188707365430e-05 -1.04949452940138e-03 1.45517955000868e-06 2.16553341544265e-04 7.88241395399329e-06 -1.35498963750363e-06 2.40818552921336e-04 1.12877493668790e-07 -2.70105423688346e-05 -1.47099493568869e-07 -4.59651939096587e-05 -2.09953006661255e-07 -2.23278797125306e-05 8.21811711456937e-04 -1.18291459402658e-02 2.50155007183329e-03 -3.57360352529281e-05 9.65167420523822e-05 1.01329426483384e-07 -1.83132610135566e-04 5.05937634374358e-04 3.38748007983248e-06 6.21494851853265e-05 -2.06937717771862e-06 -1.02139137302458e-04 -1.16873961816500e-06 -2.01099112019014e-05 4.23385597930417e-04 -3.56370589896300e-04 1.84357506268252e-02 -1.80824561716506e-03 6.23043517228352e-03 -1.52724880872969e-03 -4.89671432573483e-05 -6.96158548907871e-02 1.95864143183190e-02 1.36595179225991e-04 9.84178257090647e-03 -4.65972181233921e-04 -2.74547249598809e-05 5.25460363168792e-05 -2.07575069860046e-06 1.51904062746586e-03 4.15629407989439e-06 9.85651903812492e-04 -1.31721075851892e-04 3.26631261279831e-07 1.31692722288184e-03 -1.92372713471323e-05 5.00299660658566e-04 -1.46625095854209e-04 6.36174787369589e-06 1.43790644081377e-05 3.49235005097415e-06 -3.49166933149474e-05 5.82625920941453e-06 -2.89944394295285e-05 6.72566481044152e-03 -4.80006591451816e-02 1.16327567769604e-02 -9.91337911687255e-05 -9.16771877055761e-04 -1.53589203339029e-06 -5.04428326469285e-04 -1.05900990908961e-03 2.85791698713045e-05 6.63079599818942e-05 7.69723941891215e-06 9.77127365742895e-05 -6.18442031975327e-07 3.01185860041641e-04 -8.48745109640931e-03 5.34797362548347e-02 -1.45514740993631e-02 1.68173879971418e-04 1.20340112506231e-04 -1.16803323713151e-03 -6.25262604021797e-04 3.77593561016423e-04 -1.12244058178340e-03 3.82961736980059e-05 -1.48670654962917e-05 2.97758365872208e-04 -1.05488463761205e-04 1.88233283267149e-05 -8.48841702200335e-03 5.32410965795485e-02 -1.45140374751402e-02 1.68612196174495e-04 1.15133373876816e-04 1.16603556594147e-03 -6.60749453905561e-04 3.75525341356101e-04 1.10207659156864e-03 3.79034486894702e-05 4.82467560957513e-06 2.91074011931270e-04 9.19338411054988e-05 1.98428657962840e-05
 -1.20276493720267e-03 5.53208736920584e-04 -4.52461194360223e-02 8.72278985171535e-03 1.08627187512650e-03 -1.77720048834929e-03 2.45089440812694e-05 1.00887109031624e-02 3.45925405593291e-02 -2.10269239428567e-04 -3.82159825050898e-04 -4.07500076492114e-03 1.81636358760927e-05 -6.41315545655100e-05 7.87646086435300e-06 6.00236236226887e-04 3.83732556975424e-06 -9.46453110447051e-04 -4.04982334291038e-04 -1.12142709364266e-05 3.51477547420693e-04 -5.14530554423420e-07 -7.36461379552327e-04 1.09891457823225e-03 9.10511929637774e-06 -1.88591084024280e-04 1.59732360605247e-06 -1.74351251615544e-04 -2.86228196964931e-06 -3.95283331620639e-04 1.24320313704379e-03 1.20723514380620e-04 -4.33952415180742e-03 3.33900677465800e-03 -7.71192785624243e-04 -8.06347183299233e-04 2.12555365827813e-06 2.11173770807853e-02 3.52151036340172e-02 -6.72649369880414e-05 -1.88091209509324e-03 -2.93254831690526e-04 1.36427614943973e-05 -3.66333576178075e-04 -1.15238098170632e-06 1.45429488711608e-04 7.10751938397343e-07 -3.43536900986024e-04 -1.03390355928885e-03 9.75970263531037e-07 2.44628729587856e-04 4.59015497778614e-06 -9.85990846243233e-04 2.73370772602307e-04 -3.20871617500773e-07 1.55211598064522e-05 -1.01561373357389e-06 -2.72422234771380e-05 9.80183761904479e-07 2.05167364913513e-04 -1.28013232449943e-03 6.15058419838945e-03 3.00956493633269e-04 5.50955090917726e-04 2.52762510959636e-04 5.60921293521835e-07 5.62819945220583e-04 7.94067261964518e-04 8.10159164950937e-06 -2.30615470284497e-04 -6.57423956313131e-06 -1.85051435792746e-05 1.15179711897789e-06 2.52255138912056e-04 -2.74339801050704e-03 -5.10395647234777e-04 2.23607124849166e-02 2.09942393318249e-03 -1.52724880872969e-03 8.29711953350252e-03 4.07119071297250e-05 1.75676025249509e-02 -7.61361929089207e-02 -5.99596775982891e-04 -5.41430688373500e-04 1.28035358198566e-02 1.40403508770077e-04 -1.87505204662293e-03 -2.04180898179249e-06 -3.79730921800101e-04 1.52020087386629e-05 -6.71848910712859e-04 -1.45746545899472e-03 -2.78539830439188e-05 2.28788285141701e-04 -3.07333093345562e-05 6.27051410842902e-05 -7.82901923107329e-05 -6.46230542201187e-06 1.26040053233133e-04 -5.09030193851846e-06 -1.21504603698945e-05 6.87473774723615e-06 8.11081957193419e-05 -1.26797278995762e-02 8.99654418802883e-02 -2.32241276606863e-02 -1.12129502181359e-03 1.26635168530145e-03 -6.29077792861674e-06 -1.74928743144728e-03 1.08789973713781e-03 -1.83836376681423e-05 -4.34204732900935e-04 -7.16346723803842e-07 -2.15547733888281e-04 5.44897265653214e-06 -5.63733984682278e-05 -8.93992949611431e-04 -5.62990985453976e-03 -3.44062934750621e-04 1.15952038296856e-04 -7.44442297204490e-04 4.05727646764445e-05 -1.82531631213804e-05 -1.88452830966941e-03 4.69763310607945e-04 -2.37524538837901e-04 2.77538880584182e-04 -5.44382929214343e-05 1.90007472811035e-05 -1.07508476238338e-04 -1.00913024620297e-03 -4.56067783629790e-03 -5.95365952181395e-04 1.27335992507583e-04 -7.42161137268491e-04 -2.18956199964817e-05 -7.78658725833427e-06 -1.89526593190700e-03 -4.73710936526757e-04 -2.40549463825162e-04 -2.74122580870426e-04 -4.69457558900478e-05 -1.98929559061984e-05 -1.18038681861705e-04
 -2.52558860171853e-05 -4.47258142814231e-06 7.28572271311036e-04 -3.34624286044106e-04 6.21760721020297e-05 8.44543418798009e-05 -6.41062552865079e-04 -5.16726603698392e-04 -9.84531860332778e-04 -1.80443031907895e-03 2.45855638808802e-04 2.56468810457703e-04 3.74527849973786e-03 6.48999732775151e-05 7.82612080048432e-04 -6.78884469487222e-06 1.25392577015375e-03 -1.12573062559578e-05 6.19256516910201e-05 9.70798813963074e-04 4.66464819462618e-06 2.26177375264429e-03 5.65593819308967e-05 8.34808370721695e-06 -4.81807730528731e-04 6.67918155816491e-06 1.89794969424364e-04 8.76680855724951e-06 2.12300305733120e-04 4.91536391889631e-06 -5.73005563588818e-06 -2.48663819163970e-06 -3.07223827605983e-04 -4.87549497479740e-05 6.13429091576925e-06 -3.44542129326404e-05 -2.51783695826210e-04 6.35417560333131e-05 9.31675012541489e-04 2.57289797254205e-02 -1.76337777788854e-06 9.91842722153933e-05 4.45538793608979e-04 -1.65400665604135e-06 1.29737517975021e-05 1.18255905388184e-06 -1.78960149497395e-04 -2.06741762861419e-07 6.00188008411762e-06 1.89042393546979e-04 -6.26134694078807e-06 -5.63879446177896e-04 5.10931103545279e-06 -1.63379510341097e-06 -8.67202974228071e-05 7.95756717640407e-07 -7.39541828865075e-06 1.77802525832260e-06 1.35218180935460e-04 8.96457775283212e-07 7.37642126879959e-05 -6.29421290178132e-04 6.85002404029217e-05 -6.11804562228978e-06 -2.02867331047755e-06 1.67934508677515e-05 2.50255514795503e-05 -1.08548615581766e-05 -2.80142789166857e-04 -2.68641604455255e-06 5.16535981390725e-05 1.21813115610910e-06 2.97779087985325e-05 -1.69360048162970e-07 -1.56807711098843e-04 -2.87706398354945e-05 1.03476062642956e-03 9.92115168200582e-05 -4.89671432573483e-05 4.07119071297250e-05 8.40702309273233e-03 9.67263718113644e-04 6.35134398363686e-04 -8.88552131524366e-02 -1.75218894548006e-04 1.11979873811846e-05 1.30421489590752e-02 2.63355889151988e-05 -1.77322078151383e-04 -1.70829125726232e-05 2.29485501077814e-03 -9.30256863058363e-06 4.95130721874909e-05 -8.61135936327806e-04 -2.75993607029502e-05 1.44031681428460e-03 5.14781376255314e-05 8.05464306556524e-06 -9.64598123171759e-05 -8.14001707598008e-06 2.60821888734467e-05 -5.17300574574302e-06 3.20021110746726e-05 -1.13738905500819e-05 1.02319561110336e-05 3.21336440458910e-04 -1.90869936552614e-04 1.34423748403658e-07 2.33516604893744e-05 -8.95578004494417e-04 -1.20851864331159e-05 2.55176372570457e-05 -1.97246041039532e-03 -1.69576186662696e-06 -2.80808411547660e-04 -4.26318334816232e-06 2.06910157655334e-04 -5.08587913443585e-06 1.00168628796413e-02 -7.84375396211197e-02 1.81408273322602e-02 -1.18092870817252e-03 1.15209140772191e-04 7.44754170466553e-04 -1.63098301465700e-03 -1.43097106182147e-04 1.72561414998985e-04 2.26148604516274e-05 -2.40760366430058e-05 2.35881053447928e-05 3.61825301069021e-04 -1.07808438002338e-04 -1.00849982800662e-02 7.80899653069456e-02 -1.82694296360246e-02 1.19246379070963e-03 -9.04291112182773e-05 7.49883903423083e-04 1.71967833131127e-03 1.51339234460781e-04 9.34552791950664e-05 -1.88738425389089e-05 -1.63211358825126e-05 -2.98841196107416e-05 3.75256011974891e-04 1.01639621078465e-04
 3.51580298194838e-03 -6.10370852870642e-03 3.21949333591761e-01 -8.15063312404051e-02 3.40816503026637e-02 1.95664345044802e-02 -1.93522235001475e-04 -2.56406784360431e-01 -3.76833156561572e-01 1.87415749500826e-04 7.38785361865385e-02 1.43933098700881e-01 -1.97789035889368e-04 1.56763242921480e-02 -2.37677986448599e-05 -4.09318603426070e-03 1.19496590639612e-05 -1.38171194160746e-02 1.61991394521298e-02 2.05316360878067e-04 1.81201293315336e-03 -8.20104130462400e-05 -6.82269289436012e-03 5.43485667433913e-03 -9.19554450175123e-05 1.07464983650722e-03 6.83288223372067e-05 1.94599404571602e-03 6.70219762018670e-05 5.42082442122146e-03 -3.84158083625225e-03 -8.11483557195494e-04 -8.92008157125074e-02 5.39144448932662e-03 -1.15603301947047e-03 -1.05328844384363e-02 3.37354279855099e-05 1.30681114209384e-01 1.81815010084037e-01 2.68013189050342e-06 7.62977186075654e-04 2.94618904677383e-02 2.28313415151248e-05 1.35343157022275e-03 -1.45013734782038e-05 9.18229879757140e-04 -1.37739158390313e-06 -1.22710792117316e-03 8.85025508315780e-03 -2.21507815032140e-05 -1.16740518258099e-03 -4.20379275360982e-05 -2.63743049206763e-03 -2.31368103404125e-03 -1.42629065331363e-05 1.10721293589591e-03 3.67964135076440e-06 1.99432084712656e-04 1.17562900918680e-05 1.38115467633960e-03 5.80319753047387e-03 -1.12756355131855e-01 -2.28333712939560e-02 -9.74716571930215e-04 -1.24435100315293e-04 -2.93432112470453e-05 1.03018236686121e-03 -5.27061874103260e-03 -3.00798414332813e-05 -3.76433780416813e-04 5.80213240853797e-05 1.08902164428381e-03 2.21145948401129e-06 -1.92446151019076e-04 2.35939347687528e-03 -3.04638008324327e-03 1.63806401895255e-02 8.39241001298279e-02 -6.96158548907871e-02 1.75676025249509e-02 9.67263718113644e-04 9.56947446646781e-01 -3.70908453828696e-02 1.56924435768868e-04 -1.11827065146440e-01 1.02436383839517e-03 2.93975613300898e-04 4.95796359080632e-03 1.88224901859634e-05 -2.00861533511111e-02 -1.69657948028980e-04 -1.30500640388770e-02 1.41385363396944e-02 9.85723995606336e-05 -2.07579536108773e-02 2.94535113463650e-05 -6.08931389723419e-03 3.11384162441788e-03 -8.24159201653778e-05 -1.71456260948844e-03 -3.71660523551030e-05 -1.05303378498002e-03 -4.02313934946548e-06 -3.24327228123093e-03 -7.85561822190412e-02 5.42121731556879e-01 -1.67924544801165e-01 2.56709876493140e-03 1.31836182341976e-02 3.93914926781359e-05 8.03807247309143e-03 1.51674809087365e-02 -3.21331525541353e-04 -5.16181855407000e-04 -1.05094480565284e-04 -1.16817969314270e-03 -2.51036941995041e-06 -5.03003376651214e-03 9.34810154221088e-02 -6.16147550894262e-01 1.48895891168493e-01 3.66347016738352e-05 6.28606934706555e-04 1.30580587814823e-02 1.41419936176906e-02 2.14644224442349e-03 1.44173363165995e-02 3.68501756948820e-04 -8.21586760675048e-04 -3.53146509601593e-03 1.45205268531337e-04 6.61438575248224e-04 9.50548977741927e-02 -6.16649307438547e-01 1.49245563257185e-01 3.79848597970448e-05 6.99060306816361e-04 -1.30304828794827e-02 1.47967271383737e-02 2.18330479730002e-03 -1.37730892244489e-02 3.85875425957848e-04 9.59440565401438e-04 -3.41721313224836e-03 1.19860910407849e-04 6.81192350927711e-04
 8.45846765254282e-04 -6.19320846801459e-03 3.72430386189606e-01 -7.95559866591759e-02 3.34822087719471e-02 2.84236698189873e-02 -2.53845643121158e-04 -3.51020235114920e-01 -4.52290893309614e-01 1.65779981435672e-04 1.20651856387822e-01 1.07279427466519e-01 1.69277417907282e-04 2.24278969800440e-02 -2.70524762187409e-05 -3.72978211645241e-03 -2.95599741704148e-05 6.01348954457401e-03 2.25530868096039e-02 2.08995320439847e-04 -1.70118557018852e-03 7.70973656896305e-05 1.39073446868973e-02 -7.19060410525230e-03 -1.59750162970028e-04 1.64098062098295e-03 4.01914696709508e-05 2.33438190307949e-03 3.44079574735788e-05 2.71431722693775e-03 4.91426680939319e-04 1.14255473970300e-04 -6.23741048588619e-03 -9.60100920446069e-03 -7.85405166327094e-04 -4.26840998219492e-03 -1.69362707316401e-05 9.07217977155538e-02 1.30020120522310e-01 -1.08438280617345e-04 1.42627387632725e-03 3.23071067891475e-02 -6.59365055418398e-05 1.77211517460360e-03 -1.97409135215367e-05 9.14686930669147e-04 -1.08113216716439e-05 -1.12865092552915e-03 3.71151343639993e-03 9.41727970641850e-06 2.06841462599258e-03 2.03179957103000e-05 3.83777698279332e-04 -1.46403841704196e-03 -2.11928240404648e-05 6.22212141590716e-04 6.45776142078142e-06 -5.39022711024546e-04 7.95848274674191e-06 5.54250068085853e-04 1.62125038282174e-02 -2.36749520023508e-01 -1.48934610962609e-02 -5.83054706730048e-03 -3.33202886938677e-03 -4.32429271752319e-05 -7.49630524971288e-03 -8.96169325000584e-03 -1.33211695022682e-04 2.27322815390431e-03 1.12425327699722e-04 -2.65725921985681e-04 -3.09540195580940e-05 -3.58182852084231e-03 2.41071471745656e-03 -1.94411447026110e-03 -1.08904572131615e-02 5.48876226911687e-02 1.95864143183190e-02 -7.61361929089207e-02 6.35134398363686e-04 -3.70908453828696e-02 9.33349575580736e-01 2.06577169737720e-04 6.97600369610767e-03 -1.18237132577844e-01 -3.07508595711916e-04 2.33463645852161e-02 -7.74175428624938e-06 1.31287479858426e-03 -8.89017372044022e-05 3.75303394083699e-03 2.83142375009557e-02 2.78449050213003e-04 -7.63166605715310e-03 1.97815482399245e-04 -2.58255303615336e-03 1.32528862588602e-03 3.75614135501699e-05 -3.11188886376181e-03 6.17204479954285e-05 -8.03409759457216e-04 -1.14122796497275e-06 -4.86574106006963e-03 1.33048080232207e-01 -9.01941955129847e-01 2.06495573737873e-01 1.22888473253233e-02 -1.05032085913908e-02 5.81394372209929e-06 1.70772847553377e-02 -6.13747178953287e-03 4.53636118970313e-05 4.21300467468145e-03 -2.40363331109518e-05 2.00139806992887e-03 -4.59994956031252e-05 -8.48619327573741e-04 5.03645270133134e-03 4.79627548592354e-02 -1.80873717681807e-02 7.73820042845533e-04 9.43461331820434e-03 -9.93127357127915e-04 7.57528337269585e-03 2.52624912857240e-02 -2.66121005824327e-03 3.07228407126927e-03 -3.83105274536162e-03 4.55490902558563e-04 -1.40711354556103e-03 1.78316849268193e-03 5.94951898910883e-03 4.70820160980788e-02 -1.79077612804316e-02 8.71126061779518e-04 9.41066026626242e-03 9.36315100733577e-04 7.97028446686614e-03 2.54127992925390e-02 3.10812770245950e-03 3.11405364353553e-03 3.81661721412883e-03 4.11566808132014e-04 1.58096498046815e-03 1.93281945167299e-03
 3.73941307848426e-05 -1.75011790358836e-05 8.55485258896005e-05 4.87326183507723e-04 -8.69997164692631e-05 -1.15895293691099e-04 1.56793706229090e-03 2.77416750824010e-05 1.49329930797117e-04 1.29888099683342e-01 -7.10325228540481e-04 1.06656136352867e-03 -4.91626627989572e-02 -2.79910921219507e-05 -8.69227396284242e-03 -2.41946707646275e-05 -9.79114407027609e-03 6.06434936003255e-05 -5.88817728392746e-06 -1.14554581592797e-02 1.62974004751693e-05 -1.70671160459194e-02 -5.04157730878371e-04 -3.73034554535913e-05 5.12164604441015e-03 -4.52394465966586e-05 -2.90996755050064e-03 -4.97818802154207e-05 -7.59834232139190e-04 4.39811917593584e-05 1.12940368431056e-05 5.98580714052582e-06 5.60895488059161e-05 5.44556284338638e-04 -4.04158488068247e-05 3.40832780663658e-05 2.87635738237277e-04 8.83768288471275e-05 -7.57835483165062e-05 -1.30946829206554e-01 -2.83119724455332e-05 -9.16926342951568e-05 -9.14073747746398e-03 9.45568938176945e-06 -3.07283668564455e-06 -3.26748902930373e-06 8.78834504774716e-05 -5.87188169288867e-06 -2.38952623586881e-05 -1.75292120797230e-03 3.12424176979719e-05 1.59622821128798e-03 -2.76593563799494e-05 1.67156862321141e-06 8.26080758027184e-04 1.10204258739007e-05 -1.40220241626085e-04 -1.76490507831772e-05 -5.69326729810276e-04 8.67864576023568e-06 -4.12274218420187e-04 -2.29269577462273e-05 -1.02413623557489e-03 2.68699897799560e-06 2.30492566735605e-05 9.15707157522326e-04 -2.70909151876972e-04 4.42610977556992e-05 6.01696033063841e-03 3.53332444354922e-05 -1.19931438193278e-03 -1.08463731288120e-05 2.12878512023409e-05 -1.45082283853705e-05 9.84805335031511e-05 -3.18203156858664e-05 -2.07390816385211e-05 -7.11758917529698e-05 1.36595179225991e-04 -5.99596775982891e-04 -8.88552131524366e-02 1.56924435768868e-04 2.06577169737720e-04 9.58733151655679e-01 1.06396220944163e-03 -7.75184475359799e-04 -1.42643199554689e-01 -4.82223328376050e-05 2.73913240338104e-03 -2.05325478194966e-05 -2.34424913444466e-02 -1.84678230231439e-05 -5.04430590092158e-05 1.11684952412540e-02 -1.05875958592225e-05 -1.48258602538974e-02 -5.53322265083318e-04 -1.10455512855777e-05 1.70408314660075e-03 3.57557959176488e-05 -7.60060411304358e-04 -2.03155483581453e-05 -3.88966906617287e-04 -2.39912915023684e-05 -8.59655039150948e-04 -1.84056374295610e-04 -2.65980795925230e-04 6.28608682988860e-05 -6.57315277582450e-05 9.67418264719187e-03 2.76385471605730e-04 -1.27053461451539e-04 2.17950082788304e-02 2.94286123664538e-05 3.19908388727570e-03 4.12952862827182e-05 -2.10367361741462e-03 -2.13558872103157e-05 -1.09292063568397e-01 8.34882052544396e-01 -1.97795252683531e-01 1.30092211148571e-02 -9.78701276853135e-04 -8.03128209915838e-03 1.78557200769219e-02 2.05723099874446e-03 -1.15958475998343e-03 -8.94256829349697e-05 1.97772092634033e-04 -3.21247756963179e-04 -3.96598376141394e-03 1.30946947556427e-03 1.10232153727050e-01 -8.35198186818462e-01 1.98823780994976e-01 -1.29590554250886e-02 8.65061229876009e-04 -8.14822581147208e-03 -1.81658421304434e-02 -1.64014069342271e-03 -5.20425842790598e-04 1.20206782286290e-04 1.90843777826534e-04 3.48930286760420e-04 -4.03156188432482e-03 -1.17601361100633e-03
 -1.92298705614022e-03 1.54434535692936e-03 -4.46397036863026e-02 -9.60393853343731e-04 -9.02046850104790e-03 -9.36023226536306e-04 3.87055234199189e-05 5.89585738700548e-02 3.82978224953628e-02 -1.81485789239924e-04 -1.68190032117506e-02 -7.42076766371545e-03 -3.16237593860754e-05 7.72652532849829e-04 -6.33807417371279e-06 6.81091295360634e-04 -2.08774266715290e-05 2.58781597367705e-03 4.90490735517882e-04 -3.90046302337648e-05 9.40430946988903e-04 -2.40826849788124e-05 1.01273095735583e-03 1.57739908127975e-04 1.76953006124155e-05 -2.86797503470619e-04 -5.82779633738885e-06 -2.52933162497652e-04 -1.07719829710490e-05 -6.42428929624405e-04 1.86297745247918e-03 -2.01119229023114e-04 -1.93415729136799e-02 -1.16999652940418e-03 9.14408506971113e-04 -6.90733754203606e-04 -4.10527760864087e-06 -4.67441913014059e-02 5.97462297971949e-02 -5.61744770512343e-04 -6.32720671480237e-04 -3.62246087698692e-05 3.46407494002766e-06 -6.83483451861051e-04 -5.63712199074676e-07 -3.34381022193678e-04 2.81373953486518e-06 4.71429091872640e-04 -2.69238299198696e-03 -2.72023413447762e-06 -4.35628869203714e-04 2.47834113472635e-05 1.36226330173300e-03 6.63994885749602e-04 2.27791162691155e-06 -3.38681028935604e-05 5.02038256420604e-07 6.19174893129513e-05 -3.07397955733285e-06 -3.24790733622462e-04 4.47790138541985e-04 -2.79167931345585e-02 3.33294771240242e-03 3.35169601529203e-04 5.06912962314758e-04 -1.11483553821959e-06 3.22363979989696e-04 1.99702923838011e-03 1.31380835479212e-05 -6.59309157803644e-05 -6.54462147326895e-06 -1.37134854819730e-04 -2.10161678043709e-06 3.32775336633390e-04 2.61960573679094e-04 3.95738218545141e-05 1.21069193709304e-02 6.05396329448399e-03 9.84178257090647e-03 -5.41430688373500e-04 -1.75218894548006e-04 -1.11827065146440e-01 6.97600369610767e-03 1.06396220944163e-03 1.85148552192841e-02 1.72424568224377e-03 -1.42026309818002e-04 -5.19779338813054e-04 -1.61653117075435e-06 2.53561293730634e-03 -1.34138907459884e-05 1.61917005207583e-03 -1.18412789084693e-03 2.32874849540640e-06 2.51877701568454e-03 -5.57244901787791e-05 1.33885869879610e-03 -2.55213545113135e-04 8.07867813237572e-06 2.06451234519495e-04 2.72997588581391e-06 1.29242450035874e-04 8.43689424393701e-06 3.39598013749246e-04 8.17343382892053e-03 -6.32198902677414e-02 1.25807913136230e-02 -4.61186807620468e-04 -1.31639646165094e-03 5.81366481527181e-06 -1.14084230011212e-03 -2.02459587376043e-03 6.40571305583620e-05 3.40212379563697e-06 1.59297182274448e-05 1.23348696802506e-04 -2.11236290214422e-06 5.07684917247426e-04 -1.25249067494917e-02 7.92069664813675e-02 -2.07346270594237e-02 1.43124648165080e-04 -7.51410642974584e-05 -1.72450866783513e-03 -1.28906618779279e-03 -8.85404885042605e-05 -1.65697273842199e-03 -4.49521167074080e-05 1.05617585484488e-04 4.72983487125262e-04 -1.06453193731027e-04 1.13675840927202e-05 -1.23355061991877e-02 7.73183429702815e-02 -2.03308873844452e-02 1.18455236543215e-04 -8.00647865233087e-05 1.70852857679777e-03 -1.38733749261337e-03 -9.72318003855460e-05 1.61119926367663e-03 -4.54110469326145e-05 -1.19859043430514e-04 4.65365688599561e-04 7.22711494373092e-05 6.71302713769618e-06
 -1.35588275023432e-03 1.11064174587528e-03 -1.10676751349511e-01 2.28962144393458e-02 4.02785153946794e-04 -1.64116230767714e-03 4.33263353213966e-05 3.08655577163239e-02 4.72358236044740e-02 -3.28583785654068e-04 -7.00401602423386e-04 -7.25580138645648e-03 2.90994098857078e-05 -2.22089707680750e-04 1.19577025772690e-05 1.25639667707811e-03 3.87989579242751e-06 -5.23623531829307e-04 -9.54922799209367e-04 -2.96654719795028e-05 -1.76089217273144e-05 -2.13876013872058e-07 -1.23730375519517e-04 1.57545614194804e-03 1.36592156493554e-05 -3.04644157002749e-04 7.29179055377224e-07 -4.86032413477116e-04 -7.04548376146755e-06 -8.10011111459646e-04 4.90269664758488e-05 4.59676607649949e-04 4.04466458359071e-02 5.13253708506279e-03 -2.10285351121429e-03 -9.91999401692448e-04 3.55833044943130e-06 5.10335541281194e-02 4.74810149991830e-02 -1.50727161225638e-04 -2.10137677766812e-03 -3.12683347589506e-04 1.95147882089446e-05 -4.81185331831819e-04 -2.40467362133455e-06 2.89942683866388e-04 -8.93247329786390e-07 -6.32576616730721e-04 -1.43980410281159e-03 5.22752166705933e-06 6.77016591701927e-04 1.21534543998876e-05 -2.04511227345761e-03 3.81475066793272e-04 -2.43387577133374e-06 1.87078571396616e-05 -3.60386345859028e-06 -4.78771875483548e-05 1.20950478240186e-06 3.07406888720665e-04 2.65684067667789e-03 -1.93983142831402e-02 1.12450246224871e-02 5.68470285070617e-04 1.09319709708484e-03 1.72019011825955e-06 3.88300956158662e-04 1.94882086625205e-03 1.74148829557736e-05 -2.09415355684123e-04 -1.43644665714135e-05 -2.02070636448292e-05 2.69105333587571e-06 4.85550565475290e-04 -5.91096084095474e-04 -4.57807830361235e-04 2.78120292745518e-02 5.03006925883191e-03 -4.65972181233921e-04 1.28035358198566e-02 1.11979873811846e-05 1.02436383839517e-03 -1.18237132577844e-01 -7.75184475359799e-04 1.72424568224377e-03 2.27545968702643e-02 1.63877089476623e-04 -3.08564290571833e-03 -3.26853631184043e-06 4.83124152996493e-05 2.49689874384163e-05 -4.82984386312704e-04 -2.68682569005066e-03 -3.99870010774650e-05 1.08196843107111e-03 -4.69510316732420e-05 4.37924524215530e-04 -1.27046770738045e-04 -7.69398663452087e-06 2.55107447996310e-04 -7.53784960540636e-06 7.43396672001362e-05 1.00038838443144e-05 2.85267116485573e-04 -1.64056782104232e-02 1.21997936299854e-01 -3.01133963951868e-02 -1.75280167730316e-03 1.61374434650664e-03 -9.53098700499994e-06 -2.99038119406165e-03 1.45670247437461e-03 -1.21240064248675e-05 -6.66339474119791e-04 2.63558811821100e-06 -3.17266141815411e-04 7.80437040381534e-06 9.68669880636934e-06 -3.67067506236102e-03 6.23952009129290e-03 -4.41728940114810e-03 1.22756736699924e-04 -1.17243946183659e-03 -2.68948112432706e-04 -3.22150140115238e-04 -3.11315969894556e-03 4.61538936086778e-04 -4.02243725597192e-04 4.70870384162967e-04 1.08545317841038e-05 3.34367045537345e-05 -1.57150321454092e-04 -3.87821072877600e-03 7.63372665392753e-03 -4.78879697611443e-03 1.36761931003879e-04 -1.17042165436701e-03 2.94092641214121e-04 -3.41166147721528e-04 -3.12741482192646e-03 -4.93796024159305e-04 -4.06642071345533e-04 -4.68357885584016e-04 1.98215662526364e-05 -4.48505160069382e-05 -1.75032386875867e-04
 -4.25238100361378e-05 3.37185405756225e-08 4.16179028728821e-04 -2.67481280849416e-04 4.40698118404600e-08 2.97142842741950e-05 2.89980871812029e-04 7.48974681022670e-05 9.23775070686113e-05 -3.01340694581928e-02 7.17392109424403e-05 -5.95845641771860e-05 8.17052728145365e-03 2.78215419633049e-05 1.31749273836268e-03 -2.46558822408211e-06 1.09079342979107e-03 -1.08853329038350e-05 1.54442595900770e-05 1.80077509883720e-03 2.27872318413663e-06 1.82104370000270e-03 6.69560978661615e-05 1.58751282049329e-05 -7.54637689958199e-04 2.16261467397873e-06 5.17543203544508e-04 7.11530330967172e-06 -3.66053318860634e-05 1.67868360004047e-07 -4.86291221053417e-06 -4.66253303050909e-06 -3.43199608917513e-04 -1.13658203632822e-04 2.25142076255976e-05 -2.66197323630344e-05 1.94930147673487e-04 -3.08877577436686e-04 9.08269197122755e-04 5.12501237517756e-03 1.51460151309261e-05 3.76272887242477e-05 1.78425308283881e-03 -7.64061185738283e-06 -1.30084179037675e-05 -2.10585948862216e-06 1.67293898531670e-04 4.10900200296623e-06 -1.59660711668699e-05 2.32621093920067e-04 -1.11995489642347e-05 2.01890735434850e-04 1.09928503455180e-05 4.31577106160462e-06 -1.12207741255662e-04 2.80613281156406e-07 4.24226035212552e-05 3.79185472076972e-06 -2.33904952202605e-06 -1.69510475899108e-06 -2.47276603517549e-05 6.48520363100819e-05 1.73582115473210e-05 6.48957022590518e-06 -6.78803301358323e-06 -2.43750869010801e-04 4.15592784901251e-05 7.36733347716834e-06 -1.18830160342786e-03 -6.16282912194066e-06 2.41487784841085e-04 2.42260440503609e-06 -3.67523833019264e-05 4.64098162288674e-06 -6.54557101583791e-05 -1.56045917728868e-05 7.28317625313904e-04 4.30219831326854e-05 -2.74547249598809e-05 1.40403508770077e-04 1.30421489590752e-02 2.93975613300898e-04 -3.07508595711916e-04 -1.42643199554689e-01 -1.42026309818002e-04 1.63877089476623e-04 2.14130078111513e-02 2.05295194855593e-06 -4.88419208669546e-04 -3.56205728385488e-06 3.35828511049725e-03 -4.78016901040291e-06 1.38540289275888e-05 -1.84514397964508e-03 -1.78604076032864e-06 2.13483456359818e-03 7.75216980502979e-05 2.35605333421783e-06 -3.18551621715451e-04 -6.66725135597741e-06 1.59920487560223e-04 -2.52551221244918e-06 6.25350586366748e-05 -1.14549561803216e-06 1.78833282717578e-06 7.45080998412015e-04 -2.16479306083641e-04 -1.73445589722988e-05 2.39096998450105e-05 -1.44038164046600e-03 -4.77748365308567e-05 2.90674847278701e-05 -3.29340609613514e-03 -6.65242312094072e-06 -4.92730285695568e-04 -7.69538382191543e-06 3.00386460058843e-04 7.22794757229873e-07 1.63542755363649e-02 -1.23221560566603e-01 2.95571236467462e-02 -1.94816587675575e-03 1.24374331020209e-04 1.19553266968854e-03 -2.64473284397656e-03 -3.34158112026575e-04 1.15665317214412e-04 1.81309108457599e-06 -2.67666811277704e-05 5.23971702060702e-05 5.91036566147253e-04 -2.05586000328208e-04 -1.65571848681763e-02 1.23414460754573e-01 -2.98196359695838e-02 1.95091020743348e-03 -1.13165664959513e-04 1.21712122469992e-03 2.70388230145194e-03 2.66808287708247e-04 2.02808755721644e-05 -6.05392811572523e-06 -2.62688283562101e-05 -5.61816835097128e-05 6.03976560641631e-04 1.86436237160531e-04
 -1.44484410396494e-04 -1.72147965580643e-04 1.10240093496314e-02 -2.65912719847049e-03 8.95991292140887e-04 9.32191924772124e-04 -6.19242561452934e-06 -9.59031085375518e-03 -1.51698970549988e-02 -3.59230481961016e-05 3.07377099201852e-03 3.82997389808121e-03 8.38501221368198e-06 6.29795483750998e-04 -2.86718330215596e-07 -1.09503278412574e-04 -1.18422215019692e-06 7.58786192099956e-05 6.54596424289642e-04 7.52134439637151e-06 2.67881406096076e-06 -5.37006132479634e-08 2.63633279654066e-04 -1.64152924220612e-04 -4.99102424970232e-06 5.18972302787488e-05 1.85366237153428e-06 7.45049407030106e-05 9.66022150290974e-07 9.31985642816062e-05 7.39396814691183e-05 -1.27919556169895e-05 -2.20202190243142e-03 -1.53656408949532e-04 4.93813300543840e-06 -1.33530529979947e-04 4.31908550221007e-07 1.60662950652533e-03 2.45093092132941e-03 -4.05395157112278e-05 -8.67123416546271e-06 9.84588512722450e-04 6.07759680476003e-07 7.19369361169107e-05 -5.56758730334573e-07 2.13386573400416e-05 4.32795462671963e-07 -2.04391929908437e-05 2.10224901778027e-04 6.29498500063244e-08 2.75402571686237e-05 1.41337169789536e-06 4.37203248440172e-05 -6.70060327348087e-05 -5.90533155286639e-07 2.24441075236379e-05 3.56713582374139e-07 -1.06010360339675e-05 -4.99706257365450e-08 1.08967475155156e-05 7.44914521210819e-04 -7.97114050819781e-03 -5.26116035883539e-05 -1.75836545906106e-04 -5.39422770286954e-05 -1.65429657725045e-06 -1.76135906696698e-04 -2.54717025701169e-04 -4.75851682429539e-06 6.18291674706082e-05 3.35947032234257e-06 3.59293432203960e-06 -7.49563721612025e-07 -8.81195969810064e-05 5.80445038790875e-05 -6.54398670465540e-05 -2.29734281201288e-04 1.70823376355822e-03 5.25460363168792e-05 -1.87505204662293e-03 2.63355889151988e-05 4.95796359080632e-03 2.33463645852161e-02 -4.82223328376050e-05 -5.19779338813054e-04 -3.08564290571833e-03 2.05295194855593e-06 6.26816108703783e-04 -5.09508116569396e-07 -8.78471988951010e-05 -2.37049677363258e-06 3.33871420007279e-05 7.83124283684156e-04 6.43293405249170e-06 -3.24179881593290e-04 6.25763205827787e-06 -8.38964806506344e-05 6.41292202880824e-05 1.48771408051323e-07 -8.60889428980547e-05 1.52329880835659e-06 -3.16064155896107e-05 -6.50057159217524e-08 -1.37159527152533e-04 2.81488684587371e-03 -1.95659024737212e-02 4.15253419737663e-03 3.29953929100128e-04 -1.81410382543156e-04 -1.43913831843018e-07 5.07524433969895e-04 -7.73834238359733e-05 -2.41067587239197e-06 1.06924019340628e-04 -1.58260294474169e-06 4.42711759475791e-05 -1.11890597286724e-06 -5.35668816197023e-05 7.21314288611504e-04 -2.58103465898986e-03 5.28099594345307e-04 1.62996899679643e-05 2.40922396490415e-04 5.84886220196004e-05 2.68033377676049e-04 6.43393128346769e-04 1.25678279401084e-05 7.99315960187929e-05 -1.00161749238250e-04 -1.03284866830614e-05 -3.18587466849315e-05 5.05871871166596e-05 7.40076331290752e-04 -2.51774061767382e-03 5.10047110574288e-04 2.03354731095342e-05 2.40744122545545e-04 -5.88222029716771e-05 2.83858201701363e-04 6.47842580083706e-04 2.06429374005974e-06 8.11659382479199e-05 1.00628996767955e-04 -1.08100876354313e-05 3.82868234982440e-05 5.47398743796462e-05
 -1.62143319146643e-06 1.30498738459397e-06 -1.09799025609062e-05 5.19557045291003e-06 -2.60895123679974e-06 -5.28597148278106e-06 -2.19377883555324e-04 2.13266503879015e-06 1.55502280751414e-05 4.99556225356361e-03 -4.48242472600040e-06 -5.92804519526871e-06 -5.06837158669953e-04 -4.39403924180781e-08 -3.52021011019174e-05 2.41276703503617e-07 1.28604986721223e-04 -2.06639243461676e-07 2.14217318128030e-06 -7.39601695576416e-05 9.30770703722565e-07 2.58528330626548e-04 -1.23267377665302e-07 2.43554417919665e-07 1.15052214445843e-05 8.03831458149923e-07 -4.44854541478242e-05 1.09619867198272e-07 6.18748752000750e-05 -4.20806994493640e-07 -5.94208252724124e-08 1.22537219254761e-07 -3.31153695432947e-06 5.53285442045984e-06 -1.44857114528064e-06 -3.97735481013284e-07 -1.00899427308894e-04 4.53039981211886e-06 6.03207157594004e-06 5.76859960756797e-03 -1.72645505090219e-06 -1.29925628506575e-07 -2.07614462640060e-04 -3.20036458941103e-07 5.74730982210275e-06 1.08322791050115e-07 -7.69265993857357e-05 -4.07285629436685e-08 -9.10568029147563e-08 7.02345280247826e-06 -2.25730129172455e-07 -1.83414440348525e-04 3.62785934674421e-07 1.66454936265938e-07 -2.21295056667893e-06 -3.89368667424768e-07 -9.62183462402991e-06 -8.88074070876001e-08 3.56212790035753e-05 6.63861396437352e-08 4.63154734837392e-06 1.04973198490644e-05 -2.04299594552334e-06 2.51407834749488e-07 -1.28880767219411e-07 4.86011853907492e-05 1.74974137399306e-06 -2.00347993837548e-06 1.42618079029998e-04 -6.98059815162168e-07 -3.03902153927873e-05 -3.93973959873129e-07 1.44217025242674e-05 1.27678236838794e-08 -1.98664905401485e-05 1.43530778547120e-06 -4.99148534906530e-05 8.85096448839635e-06 -2.07575069860046e-06 -2.04180898179249e-06 -1.77322078151383e-04 1.88224901859634e-05 -7.74175428624938e-06 2.73913240338104e-03 -1.61653117075435e-06 -3.26853631184043e-06 -4.88419208669546e-04 -5.09508116569396e-07 4.24273065525723e-05 -3.47970386130454e-07 -1.15905100271464e-05 -5.25945745626152e-07 -1.04710613771007e-06 1.10378172544698e-04 -6.49888031374526e-07 -1.22147606274204e-05 5.91284890011585e-07 -7.19467902077644e-08 3.26658787622578e-05 4.97581450512060e-07 -2.22253678232666e-05 9.18299135393154e-07 -3.04451852673850e-06 3.81731363892343e-07 -1.32941511984261e-07 -2.78420203495835e-06 -8.24623290619832e-07 4.15204531535778e-07 -2.27690806538805e-07 2.80838011086971e-05 1.03203947356892e-07 -1.25333778487484e-06 8.38863080685404e-05 -7.96023434003885e-08 1.62959335929128e-05 1.56726929216892e-07 -6.05533049325974e-07 6.93721999814844e-08 -3.61436388778848e-04 1.95935393640760e-03 -6.34928331597589e-04 4.44629072972171e-05 5.00450490939975e-06 -2.35537438805482e-05 4.91659898009199e-05 1.63383067894491e-05 2.27253776152571e-05 4.54631345618768e-06 -2.83206953848301e-07 -3.03721167318782e-06 -1.22974458916727e-05 8.42516192465668e-06 3.73668967674857e-04 -2.02337108739428e-03 6.55344587375167e-04 -4.48804860631713e-05 -5.45152437707510e-06 -2.49383982057469e-05 -4.89101378805514e-05 -1.60398600401610e-05 2.15369262790175e-05 -4.83991945934104e-06 -6.33821133539555e-07 2.71586649761111e-06 -1.26742237886445e-05 -8.19662241871149e-06
 1.16159880157386e-04 1.71784679248638e-04 -8.07510991714829e-03 1.36021971468760e-03 -1.11081883638977e-03 -2.03733456538093e-04 3.01056553248819e-06 7.76289691750531e-03 5.82462572529692e-03 8.33584099589461e-06 -2.15405999454692e-03 -2.30546898545792e-03 2.97433979694941e-06 -2.24015231328442e-04 6.18634335049589e-07 9.52587247902501e-05 5.71142007415177e-07 3.83928307347120e-04 -2.41625129629015e-04 -4.45930044352780e-06 -8.84957195748067e-06 3.25173251427130e-06 1.80074039477121e-04 -9.61761077395198e-05 1.52261077284462e-06 -2.55638524025164e-05 -1.32838463535659e-06 -4.85310370780771e-05 -1.04111793467309e-06 -1.07932552793347e-04 -2.05846374172914e-05 8.91695903429534e-06 2.62675977043208e-03 -2.07746565540397e-04 4.62692917094094e-05 1.62862462192288e-04 -1.31125942249152e-06 -4.29034172959146e-03 -1.73845175228583e-03 2.10279186623601e-05 5.11801605315049e-05 -4.37326539311903e-04 -5.52351227282586e-07 -3.32164628278774e-05 2.58451709103099e-07 -3.37499034147433e-05 -3.73533293992045e-07 5.18290598136759e-05 -1.96565086803386e-04 5.47139888296739e-07 -6.81480798680828e-06 5.88643389814258e-07 1.17798221854411e-04 5.04547508019740e-05 1.44805066527897e-07 -1.81635258095385e-05 -1.30597247275509e-07 2.76803336826100e-06 -1.20586571251209e-07 -4.57856442560908e-05 2.99574260078012e-04 -1.65428520893571e-03 1.22915828427090e-03 4.77233500189997e-07 7.43423872369866e-05 6.19092443476065e-07 -2.70121940702827e-05 2.04360376440685e-04 1.47387831428200e-06 1.53638840131788e-05 -1.40071848708281e-06 -1.83354135747391e-05 6.27966707323547e-08 2.46665750152379e-05 -2.28329704987830e-04 7.02427945237067e-05 -3.38486929592968e-04 -9.97269681351103e-04 1.51904062746586e-03 -3.79730921800101e-04 -1.70829125726232e-05 -2.00861533511111e-02 1.31287479858426e-03 -2.05325478194966e-05 2.53561293730634e-03 4.83124152996493e-05 -3.56205728385488e-06 -8.78471988951010e-05 -3.47970386130454e-07 4.35921089570205e-04 4.04062527226614e-06 3.02562173112470e-04 -2.83875284758684e-04 -1.39737749242169e-06 4.46364168782190e-04 -8.70588795567109e-07 1.74698569220447e-04 -5.01704352790531e-05 1.73542038672724e-06 3.91422492758438e-05 6.50629078074009e-07 2.35250375590465e-05 3.01003943941649e-07 7.54117126527585e-05 1.70287702296441e-03 -1.21274329143035e-02 3.41269941897677e-03 -4.80132696609110e-05 -2.72386247831481e-04 -1.01524076104609e-06 -1.52232726631596e-04 -3.36016471657729e-04 6.62142696867144e-06 1.30055143018331e-05 2.12655395856337e-06 2.50423579199247e-05 6.35987770846057e-08 9.95417413716036e-05 -1.97790810115941e-03 1.30306167302406e-02 -3.17414261517760e-03 -1.47152233871568e-06 -9.25166284244278e-06 -2.76898223001337e-04 -2.83563058456884e-04 -3.74279792784767e-05 -3.01093319309289e-04 -7.38770516269319e-06 1.78543808871191e-05 7.65969238273041e-05 -4.37920202431294e-06 -7.23727431213812e-06 -2.01056782639714e-03 1.30727316299970e-02 -3.19017214800501e-03 -8.74119022134669e-07 -1.08217837179073e-05 2.76744989340836e-04 -2.96357691681743e-04 -3.79461050051376e-05 2.88638802960556e-04 -7.69275820544991e-06 -2.06679791733632e-05 7.43826852107476e-05 -8.59604145859452e-07 -7.56569675543557e-06
 -6.72205377415967e-06 4.23898416432121e-06 -1.21567510109284e-04 2.38577644569562e-05 -1.20898235606889e-05 -1.28494945100731e-05 -3.96611542251426e-04 8.77999006166040e-05 1.41636252131606e-04 4.22646665946944e-03 -1.43461549716037e-05 -8.52762372940504e-05 6.15673146104928e-04 -6.09209451637340e-06 1.95949805682485e-04 2.27503572941796e-06 4.90046354989152e-04 1.52143265357973e-07 -3.05624230458607e-06 2.14045160417688e-04 4.92384863592921e-07 9.09208597525442e-04 1.44517795673731e-05 5.91746881040299e-07 -1.30206740750185e-04 2.34455682517204e-06 1.32329578618084e-05 1.01548075036600e-06 1.21079324888881e-04 -3.35780412274549e-06 1.40450404987072e-07 2.39726039003240e-07 2.57896288105301e-05 -7.55614721300188e-06 -1.01567808759288e-06 2.00903349995362e-06 -1.69862697466898e-04 -2.85614097285028e-05 -8.16395194385851e-05 1.30346245361737e-02 -1.59502642161993e-06 -8.35900081413860e-06 -6.70243627850290e-05 -9.56612937736422e-07 9.29515028323946e-06 5.53696155732430e-09 -1.25685954157662e-04 4.88666848845701e-07 -7.79499138253279e-07 6.21257363068833e-05 -1.14096322199928e-06 -3.39921182900503e-04 1.90256744368891e-06 6.34903324781170e-07 -2.75138683031732e-05 -1.28440453823066e-06 -1.13333869116107e-05 3.70405817011208e-07 7.35400012177654e-05 -5.30087156977121e-07 1.75545015820741e-05 7.47292920305147e-05 3.41867057654385e-05 9.29355521886691e-07 -6.02414539736929e-07 5.12300291968492e-05 1.10443016736902e-05 -3.10025313241600e-06 5.36628432053449e-05 -2.24397370022835e-06 -1.38590729151437e-05 -4.97105563853391e-07 2.24702297952001e-05 7.30028754034056e-07 -4.15254466471814e-06 5.41054209633699e-06 -1.29495115227111e-04 -6.47766299010375e-06 4.15629407989439e-06 1.52020087386629e-05 2.29485501077814e-03 -1.69657948028980e-04 -8.89017372044022e-05 -2.34424913444466e-02 -1.34138907459884e-05 2.49689874384163e-05 3.35828511049725e-03 -2.37049677363258e-06 -1.15905100271464e-05 4.04062527226614e-06 6.61907906285090e-04 2.15762651495057e-06 -6.13297393099594e-06 -1.47523092759854e-04 4.23565069629183e-06 4.10776220627234e-04 1.83515227828410e-05 -6.28276636404728e-07 2.84224814238954e-06 4.52284469655523e-07 -1.35135204739933e-05 2.62364789728029e-06 6.40599804157008e-06 2.73009507784485e-06 3.35014855208976e-05 -5.48243715692380e-05 3.29445121753736e-05 -2.41314512162710e-06 -8.09907613985943e-07 -2.35845205971391e-04 -1.05045526857836e-05 -1.26043475584698e-06 -4.98253770526377e-04 -1.13586168625154e-06 -6.67430296913350e-05 -8.26107480979620e-07 6.00926570560936e-05 1.91978111433710e-06 2.57804666695238e-03 -2.09917089916065e-02 4.70288384714730e-03 -3.06843087760742e-04 3.55172773126294e-05 1.93247077416820e-04 -4.43572100894121e-04 -3.62853029163079e-05 6.74801243752181e-05 9.50370156769734e-06 -5.69287959725481e-06 5.07504950098270e-06 9.56554489477953e-05 -2.48606752931687e-05 -2.61743093995704e-03 2.11069636005020e-02 -4.74363906545028e-03 3.03853676070091e-04 -3.47468768146578e-05 1.98729347725879e-04 4.44760262185547e-04 1.91868376192518e-05 5.19243167388586e-05 -1.16123007694181e-05 -7.08161335619706e-06 -5.19120978034439e-06 9.64217822253172e-05 2.06556346139494e-05
 1.50336771422319e-05 1.45428965513241e-04 -5.32692664705067e-03 8.56910545915393e-06 -1.46986374647582e-03 4.28472973607679e-04 1.60635936672243e-06 8.85650831310524e-03 -3.39118180531888e-03 -1.76091915162031e-05 -2.73982236718258e-03 -6.86675164278914e-05 3.68116413838751e-06 -1.42518441655806e-04 3.63213899995721e-07 4.09856329773065e-05 -9.44315578482776e-08 4.14038377060030e-04 -1.21859147649568e-04 -1.91804632120345e-06 6.36671365858064e-06 4.74327872431403e-07 1.25347426696566e-04 -1.34591660624159e-04 -2.24028496151273e-07 -2.81165903600238e-06 -4.51241083927881e-07 -3.47328128626148e-05 -5.12442774502460e-07 -4.06112076152708e-05 -1.94160885054131e-05 -1.34743872000738e-05 3.19535012033402e-03 -4.04099150498233e-04 1.23696619831766e-04 1.88323457365420e-04 -4.94792441142409e-07 -7.19092140380537e-03 -6.01871679310567e-03 -1.74325671323086e-05 2.52967320763560e-04 -1.49995177549932e-04 1.34671747639248e-06 4.07147628477458e-05 2.96767450689372e-07 -5.65709741515376e-05 2.50083269000991e-07 1.07518166026681e-04 8.42618964796711e-05 3.20302466004380e-07 -7.64891832715964e-05 1.35103173459464e-06 2.52916902193176e-04 -2.09647037179786e-05 -8.93535252163629e-09 -7.77594999816560e-06 7.17966577940999e-08 1.59375688682312e-05 -5.45897314409279e-07 -7.86409256937306e-05 1.33869120124247e-03 -8.18169082779789e-03 2.76957964897122e-03 -1.00883603584521e-04 1.90938734177633e-04 -1.36407708267275e-08 -6.40857893283614e-05 2.17265135499485e-04 2.77609513596906e-07 4.93376792481203e-05 -8.22824418683786e-07 5.11515595558493e-06 2.86786588689572e-07 3.62328841713207e-05 -1.47265849838114e-04 5.52466119378314e-05 -2.37845621323861e-04 -7.86454553376986e-04 9.85651903812492e-04 -6.71848910712859e-04 -9.30256863058363e-06 -1.30500640388770e-02 3.75303394083699e-03 -1.84678230231439e-05 1.61917005207583e-03 -4.82984386312704e-04 -4.78016901040291e-06 3.33871420007279e-05 -5.25945745626152e-07 3.02562173112470e-04 2.15762651495057e-06 2.86859554538178e-04 -1.66788791425279e-04 -6.48595909304159e-08 2.85363309547438e-04 1.63515220566690e-06 1.88558823576527e-04 1.37360285004841e-05 1.14837555597142e-06 3.06163485248895e-05 6.90900241050204e-07 -1.76167631488389e-06 7.37745444675495e-08 6.23561421982484e-05 1.33378894965554e-03 -1.10420784630629e-02 2.71059948622393e-03 1.97157574265371e-05 -1.91268071069031e-04 -6.47965155805106e-07 3.56460454786581e-05 -2.79875729097402e-04 3.74942586329547e-06 3.30350627514809e-05 9.11388954828722e-07 2.41377961424641e-05 -2.09126013614044e-07 5.45293605740407e-05 -1.27285616289797e-03 8.82892610278271e-03 -2.00529815060709e-03 -7.70049272739583e-06 1.89923016136793e-05 -1.77421271772054e-04 -1.83544224717892e-04 2.41582954930686e-05 -2.22348930029995e-04 4.51639633222547e-06 6.64936597911346e-06 5.22908310626038e-05 1.06278574440698e-06 8.68898402509206e-06 -1.29512556118306e-03 8.85821735372749e-03 -2.02380892152728e-03 -6.73094454433806e-06 1.79058563700311e-05 1.77285793130119e-04 -1.91357728061418e-04 2.48480207407622e-05 2.14106748737952e-04 4.58260255143889e-06 -8.48297750495689e-06 5.06926927356590e-05 -4.03264042246768e-06 9.14997048028374e-06
 -1.77871887533048e-03 -2.95092021122862e-04 1.17064050241957e-02 -2.54646864290211e-03 3.22097811539533e-03 1.26795035444800e-03 -6.09720856810477e-06 -2.30736080900229e-02 -1.88171452328377e-02 -8.59163992565054e-05 8.57127507344187e-03 6.23133756516169e-03 1.08693760077215e-05 1.38432980719419e-03 -3.80259300089362e-07 -7.39495496420669e-05 -3.42322464107124e-06 -2.24481862449853e-04 1.28063616522063e-03 9.80458646276337e-06 1.34428946478703e-05 -2.43296152984954e-06 4.38151905166376e-04 -2.85876585478043e-05 -6.38989804683369e-06 4.78208113263897e-05 3.48503597137414e-06 1.10323383732233e-04 1.13043278329717e-06 7.72794770915538e-05 8.04300574762694e-04 4.67553625373907e-05 -4.51257721296952e-03 8.04125174352860e-04 -3.31793620451883e-04 -5.60612386029860e-04 1.36776082641296e-06 1.53540000265772e-02 1.82234626671054e-02 -1.07830468677935e-04 -6.71970622273567e-04 1.98130184695954e-03 1.23903572237332e-06 1.84572707727313e-05 -1.69238071188166e-06 1.29668535132677e-04 6.07426962827444e-07 -2.23660430083970e-04 3.60963999504000e-05 2.26623626428349e-07 2.25972650595603e-04 3.96907551140904e-06 -4.00797731870678e-04 -3.72864876735284e-05 -1.22181437133315e-06 5.05979284708823e-05 2.38266652185234e-07 -4.74240043846614e-05 4.44343707541844e-07 1.34009801375248e-04 3.63894374084940e-04 -1.01188446604472e-02 -1.44685332332240e-03 -1.74704611120874e-04 -1.67642741399078e-04 -2.92089257528190e-06 -2.49118483421006e-04 -4.18594631216304e-04 -6.32483857935163e-06 5.59642610101658e-05 5.27949870091456e-06 -1.22859113040761e-05 -1.53329789233932e-06 -1.53112081813853e-04 -1.33113773849560e-04 -4.34401381757932e-04 1.11198888121283e-02 3.28658885789626e-03 -1.31721075851892e-04 -1.45746545899472e-03 4.95130721874909e-05 1.41385363396944e-02 2.83142375009557e-02 -5.04430590092158e-05 -1.18412789084693e-03 -2.68682569005066e-03 1.38540289275888e-05 7.83124283684156e-04 -1.04710613771007e-06 -2.83875284758684e-04 -6.13297393099594e-06 -1.66788791425279e-04 1.34029115372143e-03 8.16775483475018e-06 -6.18641339999075e-04 -1.38005999182313e-06 -2.40793485242311e-04 8.61716662962221e-05 -6.97282328139609e-07 -1.68908466207540e-04 1.76965827936443e-06 -9.72982932564945e-05 2.60599659823714e-06 -3.30102998359233e-04 2.27344235448757e-03 -1.44783567591555e-02 2.03109451310280e-03 3.49812033933756e-04 -1.08442979892109e-05 7.18410334852016e-08 4.85236909409501e-04 2.07227614391449e-04 -4.62599591302501e-06 9.30841292050539e-05 -2.53241218933128e-06 2.96549730256734e-05 -1.16430316948360e-06 -1.22433468788694e-04 6.59225357736341e-04 -4.06009518081126e-03 -1.04712515256133e-04 1.13751751928224e-04 3.04966946778442e-04 6.35576571405172e-05 5.99040190610843e-04 8.72131172959559e-04 1.31598689032678e-04 1.08586953472930e-04 -1.41761251848978e-04 -2.77020117630137e-05 -8.06894977748260e-05 7.23272250885017e-05 7.23398223460765e-04 -4.00365477805867e-03 -1.17433973902794e-04 1.19825194749026e-04 3.05432804574567e-04 -6.23298529482825e-05 6.28695859255302e-04 8.76840069417890e-04 -9.95142304575410e-05 1.10181436785998e-04 1.43399513099537e-04 -2.65587531525281e-05 9.26313064613795e-05 7.76032613650695e-05
 -4.78214883267566e-05 1.49943081299516e-06 5.51100151678684e-05 -2.64232193200334e-05 -2.70861129957500e-06 8.34762222868358e-06 -4.89537220833739e-04 -5.77926218517842e-05 -2.25377808406986e-04 1.20012856343374e-02 1.96535418486579e-05 6.70241462511794e-05 -1.40363765280037e-03 1.25206917317030e-05 -1.24782284100109e-04 -8.06016564592252e-07 2.41052493968894e-04 3.95174436019160e-06 1.66742738916090e-05 -2.26889954079963e-04 1.86160471590035e-06 4.98133671094991e-04 3.14904632304818e-06 -8.56969968059079e-07 5.25008516153992e-05 1.97954710573270e-06 -1.15909481974755e-04 4.12361891312957e-07 1.36425120872436e-04 7.71708074249348e-07 -2.30370480904584e-06 3.74331640938420e-07 5.43820066883225e-05 1.01272045961367e-05 -4.08521342855279e-06 -5.09357181474822e-06 -2.27360544694195e-04 3.34999202997563e-05 1.45822248779567e-04 1.24060059241207e-02 -7.28877058341911e-07 1.90737050874060e-05 -5.18124352105043e-04 -8.23889792128007e-08 1.30079012288626e-05 2.93938113024007e-07 -1.74024227348119e-04 -2.56191175487520e-08 1.45650492486761e-06 6.87148370923109e-06 -3.67616960149496e-07 -4.07708446103318e-04 1.51089574167834e-06 -2.86675174839135e-07 -7.62883348326387e-07 -3.25044397802054e-07 -2.25474998073353e-05 -2.62963929598181e-07 7.78486954130933e-05 9.44210595321552e-08 3.04077365470713e-05 -2.17478894001927e-04 1.59806140940356e-05 -2.31739848002676e-06 1.61216480647759e-06 1.14938889196961e-04 -5.76115334151246e-07 -3.87348533855003e-06 3.54536859363814e-04 -2.61944184072681e-07 -7.50890957834962e-05 -7.81195022406706e-07 3.28111344884515e-05 -5.03941330743208e-07 1.29247498622901e-05 3.75599047400886e-07 -2.69306611767103e-05 5.74704858004328e-05 3.26631261279831e-07 -2.78539830439188e-05 -8.61135936327806e-04 9.85723995606336e-05 2.78449050213003e-04 1.11684952412540e-02 2.32874849540640e-06 -3.99870010774650e-05 -1.84514397964508e-03 6.43293405249170e-06 1.10378172544698e-04 -1.39737749242169e-06 -1.47523092759854e-04 -6.48595909304159e-08 8.16775483475018e-06 3.08183171215653e-04 -4.92934521158811e-06 -1.04334448489181e-04 -1.24774685014815e-06 1.13786625015964e-06 8.29020241389456e-05 1.60410535143693e-07 -5.43211368137241e-05 1.09747273845279e-06 -8.89414364569958e-06 -1.40666236902515e-06 2.48124890768055e-05 -2.29020662976545e-04 3.14494908174581e-05 4.91444160976057e-06 -2.04416024417877e-06 1.13707581674166e-04 7.43844820709223e-06 -4.16642596260555e-06 3.02917943149777e-04 1.20867682417513e-06 5.34786990728468e-05 1.03935000946000e-06 -1.22628868279267e-05 -8.76297618089302e-07 -1.38556212330199e-03 8.77151552471356e-03 -2.47321591122733e-03 1.68917668500440e-04 9.27833247539164e-06 -9.52677893241998e-05 2.08091390763790e-04 5.58557981074162e-05 4.55722216159788e-05 1.08886447094004e-05 -8.34641553352959e-07 -8.46979480851101e-06 -4.90321128640262e-05 2.67417654600712e-05 1.41710287021306e-03 -8.89495301037421e-03 2.50340046114644e-03 -1.67909499056055e-04 -4.90871213568134e-06 -9.83518353554968e-05 -2.00357960286040e-04 -3.66394413911428e-05 4.63757486159933e-05 -9.29974528065006e-06 7.69119926084680e-07 8.04575901448835e-06 -4.88587898774709e-05 -2.37539838237127e-05
 1.10295663601100e-03 1.84533229617466e-04 -7.86147604254345e-03 1.29370627705350e-03 -2.07953232109597e-03 -5.29527753793967e-04 8.30529853029728e-06 1.44571645957626e-02 1.16895826280003e-02 -4.90723517071775e-05 -4.38511859499527e-03 -3.71535690036567e-03 5.18995328655842e-06 -5.07114319215710e-04 9.17804087734444e-07 2.81980481580025e-05 -1.15965929950432e-06 4.77202152742993e-04 -5.39188590716395e-04 -5.66157489686637e-06 -1.19647373383504e-04 -1.41318394166131e-06 1.47473126832610e-04 -4.34369555255643e-05 3.27006954370258e-06 -4.80885324229135e-05 -1.31716784325028e-06 -9.34286399447156e-05 -2.34865293344652e-06 -4.20104285573018e-05 3.78414781678143e-04 8.57046466092449e-06 9.42238717073382e-03 -9.60244629394800e-04 1.63893994998201e-04 2.05319828189747e-04 4.35726145442131e-07 -7.87144999379752e-03 -2.58909883355510e-03 -5.65081445288521e-05 6.71734870789503e-04 -8.81923168031789e-04 2.21454981921678e-06 -7.17224758833291e-05 5.58969661724776e-07 -8.09615188094368e-05 4.01861956181060e-07 1.33356866830722e-04 -2.83212472675291e-04 1.65233990774147e-07 -9.88690174575521e-05 3.03874117193147e-06 2.15373387493998e-04 8.27657865929342e-05 4.25348423662132e-07 -2.77563494377284e-05 -2.49889174017010e-07 2.63097941074427e-05 -8.38961449734548e-07 -8.15644107129738e-05 -3.61656287612166e-04 2.30540310900314e-03 8.84611948234927e-04 8.81266343275585e-05 9.78990564702042e-05 4.55109624411763e-07 2.37737614964816e-05 3.82705056764015e-04 1.00223443673621e-06 -8.43300224248427e-06 -2.07917256907566e-06 -1.08029087910726e-05 6.40836462888332e-08 8.23335145352006e-05 -2.55431101161685e-04 1.47497686513828e-04 -1.71192124417293e-03 -1.51884445603633e-03 1.31692722288184e-03 2.28788285141701e-04 -2.75993607029502e-05 -2.07579536108773e-02 -7.63166605715310e-03 -1.05875958592225e-05 2.51877701568454e-03 1.08196843107111e-03 -1.78604076032864e-06 -3.24179881593290e-04 -6.49888031374526e-07 4.46364168782190e-04 4.23565069629183e-06 2.85363309547438e-04 -6.18641339999075e-04 -4.92934521158811e-06 5.86980451388683e-04 -2.07932978869283e-06 2.15245000497107e-04 -7.69004455484162e-05 1.18098074277086e-06 8.35460443955028e-05 3.38978949142842e-07 4.38309991296901e-05 -1.08903856059530e-07 1.55216314492920e-04 6.02742910376446e-04 -4.59754659207400e-03 1.81883528739142e-03 -1.63025034285542e-04 -1.99012177830384e-04 -9.73080479281719e-07 -3.16692061043309e-04 -3.17525812393092e-04 6.36598448537187e-06 -2.42069710119105e-05 2.39575363793977e-06 8.68581427380950e-06 3.79549270460587e-07 1.17266167897383e-04 -2.02753311491863e-03 1.26568784278829e-02 -2.93743938021809e-03 -2.09023778082306e-05 -1.01744876893787e-04 -2.68211476561263e-04 -3.94758016894704e-04 -2.86041137714697e-04 -2.79705538878277e-04 -3.79561351147884e-05 5.71669938243339e-05 7.55318813352199e-05 1.46453647278096e-05 -2.74220089718708e-05 -2.07244796982851e-03 1.26763381448956e-02 -2.95165813508321e-03 -2.15634260916534e-05 -1.02921724896171e-04 2.68161474637041e-04 -4.12999253245137e-04 -2.87667565585283e-04 2.60363453785886e-04 -3.85400082304951e-05 -5.99508502271639e-05 7.33927108041741e-05 -2.21211830097351e-05 -2.90974664564204e-05
 -3.91030071706109e-05 -3.08551315248194e-06 1.47886891226154e-04 2.16532723872745e-05 -6.58626426315259e-06 -8.99596567122304e-06 -2.19261132114347e-04 -2.69113659626970e-05 -6.84813836468927e-05 2.01837076107379e-03 -8.34929708237344e-06 -6.59069643918436e-05 4.41414776362724e-04 -1.70410665277260e-05 1.25379313499365e-04 -2.04504782764284e-06 2.87751351592045e-04 -8.11631527819842e-07 -1.11917331678535e-05 1.41345842188210e-04 -4.64075268389665e-06 5.31479608745517e-04 8.12614398135615e-06 -6.22871234459759e-06 -8.19771020241590e-05 3.28070925462185e-06 1.34894767883060e-05 1.56941818131510e-06 6.75082072625433e-05 4.97522584093358e-07 -3.57776606200579e-06 2.51704301058062e-07 1.75255383512109e-04 -2.10738051026547e-05 4.09995303016595e-07 1.27937969475975e-05 -9.29849298229164e-05 -3.91041152085294e-05 -5.88343515066041e-04 7.37395547869404e-03 1.40495970515526e-05 -1.82041628360750e-05 -1.67085809756584e-05 3.63069918081767e-06 5.07906218802637e-06 -2.57402804218590e-07 -6.85438771131901e-05 1.56440951603401e-06 1.34238655366344e-05 3.75931238509134e-05 -1.13192866104293e-06 -1.88407963455105e-04 3.64194087113097e-06 -2.96290877042012e-06 -1.67514800023642e-05 -1.16530560696709e-06 -5.85818759184099e-06 3.48301086803876e-07 4.12213421884860e-05 -1.17683900064937e-06 2.01402403692023e-05 1.57680916988611e-04 2.87996792735576e-05 -2.46897135260140e-06 -1.94462465460297e-06 2.58911873440673e-05 4.07613815862580e-06 -1.04058991852620e-05 1.60693418330667e-05 -3.44303537607667e-07 -4.91717244687555e-06 2.53590197160472e-07 1.21811373286723e-05 -1.11617934094236e-06 6.03154953265231e-05 1.51259202203960e-05 -5.43463942995764e-04 -2.11939381490492e-05 -1.92372713471323e-05 -3.07333093345562e-05 1.44031681428460e-03 2.94535113463650e-05 1.97815482399245e-04 -1.48258602538974e-02 -5.57244901787791e-05 -4.69510316732420e-05 2.13483456359818e-03 6.25763205827787e-06 -1.22147606274204e-05 -8.70588795567109e-07 4.10776220627234e-04 1.63515220566690e-06 -1.38005999182313e-06 -1.04334448489181e-04 -2.07932978869283e-06 2.55970180612821e-04 8.23942740904203e-06 -2.00677590310310e-07 -2.13897983756556e-06 1.60723791510495e-07 -5.69137921465048e-06 3.53260683421625e-06 4.20351751569633e-06 3.66165667341725e-06 7.87385021698682e-05 -3.82877376295991e-04 1.45583361983300e-04 5.48758111977030e-06 -6.32588950886387e-06 -1.49208605386732e-04 4.81607769901775e-06 -3.17073003920117e-06 -3.18231020986691e-04 1.43572695243348e-06 -4.32481576713619e-05 3.31426375239151e-07 3.72161317991701e-05 9.92597234507915e-07 1.69609892105376e-03 -1.34876782170618e-02 3.08127108485979e-03 -1.98493439507117e-04 2.42132447442109e-05 1.28842296838199e-04 -2.81093974341714e-04 -1.90371454079676e-05 4.16564506656133e-05 5.94043514308998e-06 -4.52052861720351e-06 2.28638078664977e-06 6.17874515080762e-05 -1.63760305650224e-05 -1.60590374618140e-03 1.30251390652380e-02 -2.91537585810717e-03 1.89855577927332e-04 -1.79901751149697e-05 1.19294236131508e-04 2.80001540645462e-04 1.92337301189792e-05 2.67227865619045e-05 -5.98240460634580e-06 -3.25165202861030e-06 -4.78783910144254e-06 5.99985502469582e-05 1.37995333320884e-05
 5.83221749520953e-04 2.31103554589940e-04 -5.44053126088418e-03 -1.38538933569632e-03 -2.27335595548352e-03 5.04770783515257e-04 -1.47986213640113e-05 1.39649180473307e-02 -3.50588716744897e-03 2.35652865373141e-04 -4.45263271145217e-03 1.14183289855193e-03 2.69436485118184e-07 5.24360242234401e-05 4.49815747912535e-06 3.47862553661554e-05 1.69357444321439e-05 4.25724400352386e-04 6.11703050829007e-05 1.24835763485987e-06 1.33010991534242e-04 3.10830240273330e-05 1.45931143479742e-05 2.90666582677837e-05 -2.78017123312151e-06 -2.28949666927493e-05 -8.57652593630457e-07 -4.42378317690291e-05 4.85100962586915e-06 1.64468686361775e-06 1.84837871979749e-04 -5.64663289055008e-05 8.36789922592738e-04 -5.88240111161294e-04 2.47397498302143e-04 -4.63694659530779e-05 -8.15381621689804e-06 -1.16646663443507e-02 2.36899870187767e-03 4.87663403657635e-04 3.60732181056513e-04 1.49994303135716e-04 -5.13927355447727e-06 -1.77750889371712e-05 6.20579745032733e-07 -9.51369100380446e-05 -5.46185467336389e-06 1.69084461833437e-04 -4.83638295274839e-05 1.60287429985510e-06 -1.89266797053970e-04 -1.25862971159522e-05 3.95877873434877e-04 1.46957011371420e-05 -7.91609569895698e-07 4.57720285690948e-06 -4.81126345916271e-07 3.65922596585049e-05 2.49155526486541e-06 -1.04102132847036e-04 1.35247136826209e-03 -1.16538214572712e-02 2.79588883980684e-03 -4.10027670775617e-05 2.74124876273404e-04 2.53690385470637e-06 4.23688758857721e-05 4.15217767573582e-04 7.55428383042986e-06 1.95401267672014e-05 -2.45433553111037e-06 1.65069013373644e-05 1.42759477545043e-06 1.01448209692610e-04 -4.68861043825111e-04 5.79830895410664e-05 -6.45655816623167e-05 1.23141397361288e-03 5.00299660658566e-04 6.27051410842902e-05 5.14781376255314e-05 -6.08931389723419e-03 -2.58255303615336e-03 -5.53322265083318e-04 1.33885869879610e-03 4.37924524215530e-04 7.75216980502979e-05 -8.38964806506344e-05 5.91284890011585e-07 1.74698569220447e-04 1.83515227828410e-05 1.88558823576527e-04 -2.40793485242311e-04 -1.24774685014815e-06 2.15245000497107e-04 8.23942740904203e-06 2.41658548395408e-04 3.67158531702696e-05 1.12360091795952e-06 4.73632733019433e-05 -1.21569405280682e-06 6.39004564038802e-06 6.90467277462571e-07 8.74401041516106e-05 -1.34270629326132e-04 -1.73372762897771e-03 -4.18026876394941e-04 -5.48439258023507e-05 -1.68505256739608e-05 -5.81326325752501e-06 -2.98454764345522e-05 -1.77558539446694e-04 -9.14845082571408e-06 -2.55444388591777e-06 -9.01489760591076e-07 2.36353656483093e-06 1.64294785682830e-06 1.84302311931015e-05 -6.23926519755163e-04 3.76393221929590e-03 -8.22876653882606e-04 -1.70456316188745e-05 -4.01362364683380e-05 -8.04115375756279e-05 -1.25346714478942e-04 -1.22512524598238e-04 -9.26790766552393e-05 -1.48144702990948e-05 2.92042839792246e-05 2.94670090190909e-05 9.42413014357458e-06 9.44207405166025e-06 -7.44942363856119e-04 4.78089110047620e-03 -1.04983069798031e-03 -3.04717685027198e-06 -4.26607387343875e-05 9.01061740502791e-05 -1.09361092304764e-04 -1.22075427226013e-04 9.29693224963154e-05 -1.56311598362954e-05 -3.01580603114031e-05 2.93376927617454e-05 -7.01868566920679e-06 9.71333236168281e-06
 -5.43944987919681e-04 2.24353975503075e-05 -1.67435797617973e-04 -8.64704559065891e-04 -2.28525607606568e-04 5.32343105832068e-04 -1.91334216429629e-06 1.07994830131775e-03 -6.58603842354220e-03 9.78040604346364e-06 -3.27850242816939e-04 1.77396057350167e-03 -1.85584844081847e-06 1.39669494808724e-04 -7.01575038379183e-08 -2.65988307118440e-06 6.84487552160195e-07 4.22264336323993e-05 1.44523574203069e-04 7.96300953032473e-07 4.87924694992230e-05 5.95269816877885e-07 -2.38040181067338e-05 -8.58217640574539e-06 -1.08921720989008e-06 7.60737352956584e-06 3.96707321231238e-07 5.65588963036949e-06 8.18990442953929e-07 1.69424756570701e-05 6.22831826215349e-05 -1.45398712557304e-05 -9.22800422489878e-04 4.29517152611491e-05 3.52407518723338e-05 -2.57836542567903e-05 -4.26347032675402e-07 -1.80105678584659e-03 -8.24045039078668e-04 1.46216739822716e-05 -1.08990566139837e-05 2.99679592866902e-04 3.37253805995852e-07 3.97054684987581e-05 -3.56153239894177e-08 -1.13872640112063e-05 -1.33015674644856e-07 2.73775485614887e-05 1.46648608568059e-04 -1.28610993179838e-08 -3.62478241019107e-05 -4.47587104373378e-07 7.95176415919013e-05 -3.95807346837703e-05 -1.87451477968670e-07 9.80351794602378e-06 8.56138793171382e-08 6.19198727010170e-06 2.38211953811539e-08 -1.90263449852262e-05 8.99241925346424e-04 -6.36353798670579e-03 1.39287958251978e-03 -7.54764252441227e-05 1.07207540686930e-04 -1.76360265002237e-07 -2.46006137913660e-05 5.26307913998939e-05 5.02690297615457e-07 2.62360212390141e-05 6.40369637209943e-08 1.32182428160744e-05 2.63027393232124e-07 1.25199112871412e-05 3.51199290643046e-04 -8.64204667075415e-05 3.10737067554156e-03 1.17547743036003e-04 -1.46625095854209e-04 -7.82901923107329e-05 8.05464306556524e-06 3.11384162441788e-03 1.32528862588602e-03 -1.10455512855777e-05 -2.55213545113135e-04 -1.27046770738045e-04 2.35605333421783e-06 6.41292202880824e-05 -7.19467902077644e-08 -5.01704352790531e-05 -6.28276636404728e-07 1.37360285004841e-05 8.61716662962221e-05 1.13786625015964e-06 -7.69004455484162e-05 -2.00677590310310e-07 3.67158531702696e-05 4.88776053926469e-05 -9.73745921521557e-08 -8.32243263068907e-06 -7.84574880205548e-08 -3.36750253248080e-05 5.93413451602684e-07 -2.58245079618949e-05 -4.07680208356233e-04 1.32018433592287e-03 -8.58129516234179e-04 1.82227153509504e-05 7.05881322948753e-05 3.79857032352632e-08 8.46657323352674e-05 3.23518826350804e-05 -1.45956525014337e-06 8.04222585160545e-06 -6.58423313355004e-07 -2.27258831887595e-06 -5.00158825988886e-08 -2.77410614910756e-05 3.54536519347031e-05 -5.31572070044568e-04 4.32025876072366e-05 1.76476809579324e-05 1.29971525513028e-05 1.48439003440871e-05 6.98122423444535e-05 3.51463949073886e-05 1.90831390834720e-05 8.12593889652083e-06 -4.88235485294859e-06 -5.67045913011235e-06 -4.52170085638809e-06 1.35849393641645e-05 4.53331123801684e-05 -5.12755261963950e-04 3.67436804583945e-05 1.84238503763199e-05 1.30473344578150e-05 -1.42009403799147e-05 7.36756357868905e-05 3.54866771513480e-05 -1.48554978649470e-05 8.24560621116289e-06 5.26671083502372e-06 -5.15132711039659e-06 6.08750446031119e-06 1.40291280164235e-05
 -7.24097078449882e-06 8.31073243169312e-07 8.59235952642963e-07 2.00482678553959e-06 -2.05908691463441e-06 -1.84128784581016e-06 -1.77080699863514e-04 -2.13116049361892e-07 5.16889791691387e-06 3.94672764251810e-03 -1.52964373601941e-06 -9.95338726284394e-06 -3.81755576776459e-04 -8.00548547353597e-07 -2.37801026509105e-05 -1.28855232909574e-07 1.08408407600846e-04 1.38487531622636e-06 5.79209663812652e-07 -5.34984678619293e-05 -2.97469095164674e-07 2.16586455530930e-04 1.51342879634499e-06 -1.12759501511343e-06 6.59067431306532e-06 6.19216199049329e-07 -3.42411395303280e-05 -7.19429528366039e-09 5.01100375146980e-05 -4.07855881465767e-07 -1.77908926728796e-07 2.62747280118327e-07 2.31872178971563e-05 1.60505245589443e-06 -7.30783761959514e-07 1.12023254777454e-06 -8.12258570356341e-05 -4.33949866679307e-06 -3.81814971576297e-05 4.70306262407386e-03 9.81047745130603e-08 -1.88304520101339e-06 -1.62090516623157e-04 -3.25529042716184e-09 4.62121361155789e-06 1.98330361413337e-08 -6.18575947113829e-05 1.33159567348123e-07 3.18382622305512e-07 6.55398257952523e-06 -1.78220628143079e-08 -1.48201171849510e-04 5.36352002049186e-07 1.98470427068435e-08 -2.20576812357203e-06 -3.95355625033053e-07 -7.65858553563418e-06 -9.18051935460049e-08 2.89155218885734e-05 -8.54949955976909e-08 4.23465659782639e-06 1.01896918515147e-05 2.39906645520338e-06 -3.16773070836476e-07 -2.29520642822150e-07 3.85779568636926e-05 6.27765807528209e-07 -1.61063176206806e-06 1.11472732647405e-04 -2.24619710178008e-07 -2.37966814537561e-05 -3.74355937434620e-07 1.15763153130443e-05 -2.06760825191604e-07 3.01323213353082e-05 -4.61221733812637e-07 3.36322045003017e-05 -1.74678445510031e-05 6.36174787369589e-06 -6.46230542201187e-06 -9.64598123171759e-05 -8.24159201653778e-05 3.75614135501699e-05 1.70408314660075e-03 8.07867813237572e-06 -7.69398663452087e-06 -3.18551621715451e-04 1.48771408051323e-07 3.26658787622578e-05 1.73542038672724e-06 2.84224814238954e-06 1.14837555597142e-06 -6.97282328139609e-07 8.29020241389456e-05 1.18098074277086e-06 -2.13897983756556e-06 1.12360091795952e-06 -9.73745921521557e-08 2.53785420905041e-05 3.07961228402373e-07 -1.74560910872681e-05 1.95507225904214e-07 -2.23429707224975e-06 -7.73643095877540e-08 6.91051226096905e-06 -6.36839588532234e-05 1.57059602850584e-05 2.59512864794430e-07 -1.18705216326246e-06 1.75491874895956e-05 -1.24040950272867e-07 -2.39683642646802e-06 5.61362182491832e-05 1.63419019560372e-07 1.14426770608179e-05 2.75480728809379e-07 6.02553754470811e-07 4.81724634480628e-07 -2.49762071104761e-04 1.23691805545667e-03 -4.33890176968164e-04 2.95034999214686e-05 4.84006557855113e-06 -1.67701162722613e-05 2.93391398056847e-05 1.30568309766373e-05 1.69239906807136e-05 3.88684493007292e-06 -4.29824318596728e-07 -1.82276572537079e-06 -8.00260121800609e-06 6.12372161601938e-06 2.27102242882654e-04 -1.09775056710138e-03 3.97307799244027e-04 -2.88194595979849e-05 -4.52713379982599e-06 -1.38081457600817e-05 -3.08260006351557e-05 -1.10476459806920e-05 1.94919904844641e-05 -3.76562257892814e-06 -5.26708939779002e-07 2.43919959199251e-06 -7.92931584467664e-06 -5.93687734937098e-06
 4.93386510794891e-04 4.54595591101808e-05 -8.37946622693252e-04 -5.27450755485276e-05 -6.66615618735965e-04 -1.21549372243743e-04 -1.03887443620668e-06 4.22157314091825e-03 1.94979553507461e-03 4.87628886811463e-05 -1.53353904224676e-03 -6.00263599854314e-04 -5.87062887377285e-06 -1.50283187725625e-04 -3.13231493017966e-07 -5.74079691177012e-06 1.34126144722475e-06 7.84498642803163e-05 -1.33539816931529e-04 -1.73146815648314e-06 1.93515236423358e-06 2.10125607275443e-06 -4.08730287313130e-05 6.68302433899130e-06 8.36646912694051e-07 -6.92271123647147e-06 -7.27587244065348e-07 -1.63687594847033e-05 3.42211511803662e-07 7.88555617505543e-06 -1.80495081636089e-05 -1.40212272781401e-05 1.08816594561384e-03 -2.69300877329832e-04 8.29726434893649e-05 4.99979592448058e-05 -9.73061351533858e-07 -3.38140929826346e-03 -1.50811617897794e-03 5.42009371871011e-05 1.94070339879017e-04 -2.11494083394628e-04 -1.63115646350232e-06 -8.12941979640045e-06 2.75601132276935e-07 -2.96629245319439e-05 -6.96853634142775e-07 5.22502108200134e-05 -1.81928353705111e-05 -6.28045048237196e-08 -5.73557044015605e-05 -1.72350044595845e-06 1.04028011912793e-04 8.74957352544327e-06 1.36644977958841e-07 -5.34371649179445e-06 -1.00849714202833e-07 1.16454025831192e-05 1.66461700738275e-07 -2.92419908630084e-05 -1.69268251466885e-05 4.22638829426499e-04 2.43878496573115e-04 2.29617419126274e-05 3.68279037055593e-05 6.74434281275737e-07 3.45691773262660e-05 8.93659012805482e-05 1.96516124589901e-06 -6.93251287917398e-06 -8.71565697974657e-07 3.72825611572270e-06 2.89336137698525e-07 2.90771702984745e-05 -6.29804400930499e-04 7.71082490077142e-05 -2.18974114202912e-03 -7.00482260852032e-05 1.43790644081377e-05 1.26040053233133e-04 -8.14001707598008e-06 -1.71456260948844e-03 -3.11188886376181e-03 3.57557959176488e-05 2.06451234519495e-04 2.55107447996310e-04 -6.66725135597741e-06 -8.60889428980547e-05 4.97581450512060e-07 3.91422492758438e-05 4.52284469655523e-07 3.06163485248895e-05 -1.68908466207540e-04 1.60410535143693e-07 8.35460443955028e-05 1.60723791510495e-07 4.73632733019433e-05 -8.32243263068907e-06 3.07961228402373e-07 2.47974134037036e-05 -4.10763318102897e-07 1.78238715659267e-05 -4.44818016313756e-07 5.17202790120224e-05 -1.86819974232337e-04 1.03010805275528e-03 -1.51815927714628e-04 -3.49966362127605e-05 -7.25347259919022e-06 2.96516226509597e-07 -4.41906237064737e-05 -4.37197280521283e-05 1.40173322864109e-06 -8.82549563615480e-06 4.38310716394595e-07 -2.22236649559527e-06 8.51176162414923e-08 1.43545707194847e-05 -1.28199890211135e-05 2.13887021017112e-04 1.26256492195396e-04 -1.95095924911292e-05 -3.44470857735478e-05 -7.99716818822894e-07 -7.53522313101195e-05 -1.00767248693313e-04 -1.38036576991548e-05 -1.31226573036178e-05 1.73198413719091e-05 3.42544894188910e-06 1.12673908492942e-05 -7.04120652575568e-06 -1.27570677867197e-05 1.60581144679761e-04 1.40973247113887e-04 -2.11630060536458e-05 -3.45524797764058e-05 7.54002956608628e-08 -8.00227085344928e-05 -1.01464831554187e-04 1.01585921553890e-05 -1.33356133995132e-05 -1.74718032846414e-05 3.34503127249194e-06 -1.29890853512611e-05 -7.78531704306305e-06
 6.43605225170109e-06 -1.44337863492151e-06 3.40430452931370e-05 -1.94499325646001e-06 5.54827347687885e-06 2.70193011218907e-06 1.28483937741318e-04 -3.47865335133668e-05 -1.50571833472462e-05 -2.78307395320290e-03 1.18684969406631e-05 1.17262025630086e-06 2.51335693326074e-04 -2.62715548920997e-07 1.28987848599453e-05 -4.46971938646347e-07 -8.29861135698434e-05 2.06987118905432e-07 -1.35754901895621e-06 3.29883187637143e-05 -1.11598870827784e-06 -1.64555170669364e-04 3.88613738781117e-07 -1.08543263482865e-06 -2.25407496550561e-06 -3.64254571759870e-07 2.32692681739955e-05 4.94541216978882e-08 -3.65160932738584e-05 3.38389286503924e-07 4.57913083233850e-07 4.94576388365634e-08 6.16941057175741e-06 -3.21545763308988e-06 6.13735358685927e-07 1.07265906364554e-06 5.87257863634701e-05 1.17941263940079e-05 -3.25789452654476e-05 -3.45619759346240e-03 1.03270425741683e-06 -6.41490937151281e-07 1.12426891888524e-04 4.26805267384955e-07 -3.33337365039351e-06 7.11586061203097e-08 4.46595705103863e-05 -1.84554341554774e-07 5.26969386667640e-07 -5.58178485087927e-06 5.57696127069176e-07 1.07674287427301e-04 -6.00978385619649e-07 -2.36447825020183e-07 1.99545560226731e-06 1.91990652022512e-07 5.45578715113192e-06 -4.87211184619919e-08 -2.11359153725928e-05 7.18906264011422e-08 -4.88275164359806e-06 1.48004661139399e-05 -4.64801873504556e-06 -4.22835776956084e-07 -6.33748685689205e-07 -2.73772220983369e-05 -1.80481078892794e-06 -8.08666076759819e-08 -7.74752372141352e-05 5.73128055734931e-07 1.65840523692587e-05 1.56689657734763e-07 -8.34183819765889e-06 -4.20591576948497e-07 -9.56890934526254e-06 -8.60930131039252e-07 2.15055604848237e-05 -1.19702795681133e-05 3.49235005097415e-06 -5.09030193851846e-06 2.60821888734467e-05 -3.71660523551030e-05 6.17204479954285e-05 -7.60060411304358e-04 2.72997588581391e-06 -7.53784960540636e-06 1.59920487560223e-04 1.52329880835659e-06 -2.22253678232666e-05 6.50629078074009e-07 -1.35135204739933e-05 6.90900241050204e-07 1.76965827936443e-06 -5.43211368137241e-05 3.38978949142842e-07 -5.69137921465048e-06 -1.21569405280682e-06 -7.84574880205548e-08 -1.74560910872681e-05 -4.10763318102897e-07 1.22306824554398e-05 -5.67715968091100e-07 1.42514204594801e-06 -4.56054437910906e-07 9.99006553299302e-06 -6.69454729162721e-05 2.03454361886637e-05 5.55290138258475e-07 -1.03229590708164e-06 -7.92746278364834e-06 1.03560596812901e-06 -1.49180419991780e-09 -2.97984739639873e-05 3.53346964547907e-07 -6.68244270480578e-06 1.01787769827040e-07 -1.46719447161655e-06 6.77975680253708e-08 1.13913485870965e-04 -3.99707699530102e-04 1.93948590076712e-04 -1.45454490008403e-05 -3.18097832625618e-06 6.42016348842950e-06 -1.31255989142209e-05 -6.22858418302080e-06 -1.47533789362799e-05 -2.52944089801584e-06 1.09169275672177e-07 1.57285916345847e-06 3.64308661368099e-06 -3.71294557611561e-06 -1.22703489456995e-04 4.67150216446334e-04 -2.11530343980001e-04 1.48265913071759e-05 4.46681568537452e-06 7.71380299011065e-06 1.26299055123360e-05 9.35311878151847e-06 -1.23505767453107e-05 3.09296427468419e-06 7.52809897129062e-07 -1.19102951453210e-06 3.92900079227008e-06 3.78402161761245e-06
 1.47813144537861e-04 3.88202358220578e-05 -2.54683373171685e-03 1.02647739718453e-03 -2.72611115945126e-04 -4.31519245999206e-04 -3.44254358400381e-06 1.84510350660841e-03 4.19262957712037e-03 7.78850936209649e-05 -5.73983000934265e-04 -1.15802841789093e-03 -4.03959463366800e-06 -9.75380290718872e-05 9.03911079815359e-08 4.37794147364999e-05 2.98569952539557e-06 2.38877893732240e-05 -6.97949243478696e-05 -1.13969824381351e-06 2.19697479041858e-05 6.09896016549225e-06 1.36134427218453e-05 3.35391718163208e-05 2.59719699850358e-07 5.33761171041249e-07 -8.53571467657237e-07 -7.43997970383120e-06 5.32404123115906e-07 -2.98238760066408e-05 2.36037697152408e-05 2.14923031598218e-06 9.16669251122256e-04 -2.84556898992624e-06 -3.98587061083849e-05 -1.91514927128410e-06 -1.78590508893033e-06 1.65135130259490e-04 1.19673077294939e-03 1.10966506066833e-04 3.41095500623047e-06 -1.43430538984950e-04 -3.16952275996213e-06 -3.02746863236391e-05 1.11182480846647e-07 -1.25167600599980e-06 -1.43908390516473e-06 -2.67458603438879e-06 -1.07275567619293e-04 3.87969308966761e-07 4.18592152144766e-06 -3.24671855417909e-06 -5.21813356331808e-06 2.95319834943370e-05 -6.23349531209147e-08 -5.62915532753140e-06 -2.63543985395316e-07 2.74758497771879e-07 7.18281956864372e-07 -1.02931916372512e-06 -2.08066653823351e-04 1.77348824880158e-03 -3.18109818385200e-04 4.93234676744827e-05 -1.52143946024198e-05 9.99579462370493e-07 4.18300686335042e-05 1.37915439227497e-05 2.19908468404802e-06 -2.43361593603178e-05 -7.90373564138601e-07 -5.89023904074379e-06 1.79179377975182e-07 1.05012124521271e-05 -1.12658557269967e-04 2.55495334796009e-04 -9.33547844243349e-03 1.61379676981952e-03 -3.49166933149474e-05 -1.21504603698945e-05 -5.17300574574302e-06 -1.05303378498002e-03 -8.03409759457216e-04 -2.03155483581453e-05 1.29242450035874e-04 7.43396672001362e-05 -2.52551221244918e-06 -3.16064155896107e-05 9.18299135393154e-07 2.35250375590465e-05 2.62364789728029e-06 -1.76167631488389e-06 -9.72982932564945e-05 1.09747273845279e-06 4.38309991296901e-05 3.53260683421625e-06 6.39004564038802e-06 -3.36750253248080e-05 1.95507225904214e-07 1.78238715659267e-05 -5.67715968091100e-07 7.53922624330763e-05 -1.53463304961613e-06 7.08356283903852e-05 8.09894681834736e-04 -3.58754427375951e-03 1.34302531237480e-03 2.85543090301032e-05 -9.92178102694262e-05 -2.87419764605669e-07 -1.08327329775835e-05 -5.74131806595098e-05 1.00636820794167e-06 9.07907061132178e-08 5.65004935761503e-07 5.01598393023035e-06 6.54918858331786e-08 1.63621078549271e-05 7.11160286318666e-04 -3.25757749693269e-03 1.16973238722159e-03 -6.24453609383150e-05 -4.66368580474317e-06 6.85224123639164e-05 -6.28127543256062e-05 -4.05015273056362e-05 4.11202389583372e-05 -1.30786815840887e-05 5.59063963872968e-06 -7.84639722307864e-06 1.74080313266232e-05 -8.22078422695220e-06 6.92189941871305e-04 -3.20802639503022e-03 1.16243435122706e-03 -6.29117455253069e-05 -4.84449905179873e-06 -6.91769818383260e-05 -6.62674302553418e-05 -4.01139905216220e-05 -4.55489885644896e-05 -1.31526316233266e-05 -5.44961992555033e-06 -8.07514764163952e-06 -1.88103897962358e-05 -8.81516884159078e-06
 1.10385013884901e-05 5.51060417966801e-07 -1.39167485191469e-05 -1.86389280757038e-05 5.27434408648368e-06 9.25474440317336e-06 1.18227054453394e-05 -2.05746780092760e-05 -5.97028695314753e-05 -3.09983039317511e-04 1.56635536362590e-05 2.99144932267672e-05 4.02737243357161e-05 6.50200468811901e-06 4.10415822219019e-06 1.82287313550599e-07 -4.73880911830769e-06 3.31897790412050e-07 4.90982121245950e-06 6.92818709411517e-06 7.69635049202024e-07 -1.01635130393637e-05 1.14199123141933e-06 9.91075803460031e-07 -1.90415265106655e-06 -4.05040901555575e-07 3.20084296939740e-06 -3.83586471473565e-08 -3.24373635207919e-06 -4.73352407185305e-08 6.78928232930710e-07 8.52355416967245e-09 -3.82162661534746e-05 3.45173975113810e-06 -6.52091213860987e-08 -3.43320175526253e-06 5.53125662781146e-06 1.69660797103615e-05 1.33459501300953e-04 -2.88638224856657e-04 -3.46006053805515e-06 8.33455362391424e-06 1.38097666325358e-05 -4.75616309518866e-07 -3.25014373228748e-07 1.65291263847815e-07 4.25283747201030e-06 -3.96735961630915e-07 -1.56806280043581e-06 4.01149709655828e-08 2.30604671420077e-07 9.82155102696157e-06 -7.52202283129674e-07 2.78220322061456e-07 -8.43837831620692e-08 2.74001955450150e-07 5.69948887001629e-07 -4.15095701625706e-08 -1.83736403690329e-06 2.65092544808596e-07 4.19654631099892e-06 -8.93421213473250e-05 7.27466765834605e-06 -4.08461117857071e-07 8.52400001490361e-07 -2.93619411507153e-06 -4.85539275190048e-07 1.90170213107264e-06 -9.39797874377963e-06 2.85370927514048e-07 1.98946871014153e-06 3.97263150671162e-10 -8.08535711825512e-07 1.32250113357341e-07 -1.20301433180140e-05 -6.33369261844056e-06 2.34451990462000e-04 -8.44645501572607e-06 5.82625920941453e-06 6.87473774723615e-06 3.20021110746726e-05 -4.02313934946548e-06 -1.14122796497275e-06 -3.88966906617287e-04 8.43689424393701e-06 1.00038838443144e-05 6.25350586366748e-05 -6.50057159217524e-08 -3.04451852673850e-06 3.01003943941649e-07 6.40599804157008e-06 7.37745444675495e-08 2.60599659823714e-06 -8.89414364569958e-06 -1.08903856059530e-07 4.20351751569633e-06 6.90467277462571e-07 5.93413451602684e-07 -2.23429707224975e-06 -4.44818016313756e-07 1.42514204594801e-06 -1.53463304961613e-06 3.14946988703868e-07 -1.70911863889494e-06 -1.81885239651377e-05 9.14289985277047e-05 -3.99273437598700e-05 -1.38783729757669e-06 2.44877727000624e-06 -3.95042732816756e-06 -1.64719790710072e-06 1.47738313923190e-06 -1.00470115126972e-05 -3.14237605133287e-07 -1.69986153115551e-06 -2.16776137178535e-07 5.56789194596274e-07 -3.40885849183325e-07 2.58868251066856e-05 -2.17637302054315e-04 4.73820538960018e-05 -4.03009475066925e-06 -1.45153470235141e-07 1.03004232808626e-06 -5.34905638406326e-06 -8.45368560656545e-07 -1.94005453054774e-06 -4.92938941074734e-08 -6.50849263319207e-08 6.05708369945071e-07 1.07987568063452e-06 -5.49969712642714e-07 -6.86634102883462e-05 4.16061269576610e-04 -1.22237261267551e-04 7.36997824892599e-06 -2.19391485162773e-08 5.69125766927209e-06 9.09092106079811e-06 1.84589785559236e-06 4.47043435018136e-08 4.18511303704114e-07 1.57132167402109e-08 1.34054838428432e-07 2.31525878683394e-06 9.92337150631227e-07
 6.57327536410492e-04 9.17399825989115e-05 -2.27250085307869e-03 3.19843628132058e-04 -1.36618591697731e-03 -3.69846145191621e-04 7.04864759018950e-07 8.43834030474064e-03 4.39174662118309e-03 1.48670536311080e-05 -3.07744474497447e-03 -1.47555164722165e-03 -2.00451436735533e-07 -3.27934576382638e-04 3.61498994656059e-07 4.33253513527244e-06 1.26987471469254e-06 1.63049802522937e-04 -2.73202565354401e-04 -1.41672993827385e-06 1.09922988326377e-05 1.42495342965808e-06 -6.54055181535382e-05 8.67520213687871e-06 9.60958365085825e-07 -6.54734052527475e-06 -6.56302405538501e-07 -2.97645410115136e-05 -3.89625317673842e-07 5.52857520952336e-06 -5.50130257609737e-05 -2.61629329171663e-05 2.58469499000868e-03 -5.18040588712772e-04 1.36479175208379e-04 1.13272843412761e-04 -3.88460575426620e-07 -6.33255096884924e-03 -3.42073295971185e-03 2.87366448142615e-05 3.78900534404079e-04 -4.40768031633750e-04 2.28697036292067e-07 -1.52958968507048e-05 4.51774907763115e-07 -5.61149148710595e-05 -2.39414406495544e-07 9.91645414321441e-05 -3.89991550151866e-05 -2.69682566031573e-08 -1.06048664227522e-04 -8.03015868387868e-07 2.03017306351609e-04 1.84105665768237e-05 2.30114926457736e-07 -1.22624181443222e-05 -7.24103563509099e-08 2.18199342076383e-05 -1.54912657792064e-07 -5.78897653592963e-05 6.64834260483503e-06 1.04211901926086e-03 4.69742761140275e-04 4.80301992149734e-05 6.71322193404897e-05 5.91702147097101e-07 7.22462982172332e-05 1.52374380755195e-04 1.13096919472430e-06 -1.85003095409858e-05 -1.16608557832224e-06 6.05265497002869e-06 3.16001614158283e-07 5.43124883704067e-05 -8.95113109029796e-04 2.85905586300715e-04 -9.39040645670635e-03 6.76742206976365e-04 -2.89944394295285e-05 8.11081957193419e-05 -1.13738905500819e-05 -3.24327228123093e-03 -4.86574106006963e-03 -2.39912915023684e-05 3.39598013749246e-04 2.85267116485573e-04 -1.14549561803216e-06 -1.37159527152533e-04 3.81731363892343e-07 7.54117126527585e-05 2.73009507784485e-06 6.23561421982484e-05 -3.30102998359233e-04 -1.40666236902515e-06 1.55216314492920e-04 3.66165667341725e-06 8.74401041516106e-05 -2.58245079618949e-05 -7.73643095877540e-08 5.17202790120224e-05 -4.56054437910906e-07 7.08356283903852e-05 -1.70911863889494e-06 1.29481215355866e-04 2.36603645388699e-04 -1.16142940998759e-03 7.25185325577166e-04 -2.58173814459846e-05 -7.67090833817282e-05 -3.76150757082119e-07 -4.34692947219383e-05 -1.17953466556584e-04 6.17347876315663e-07 -7.96044861373964e-06 5.46830985786576e-07 1.50015690097084e-06 1.54919069660866e-07 3.15156403009043e-05 4.59353851600855e-04 -1.79915697905477e-03 1.01269918817203e-03 -7.33877627271686e-05 -5.26262759858928e-05 4.62905324672219e-05 -1.63806202126593e-04 -1.75826375520177e-04 -1.72105649160973e-06 -2.68118793182406e-05 2.97207746101855e-05 6.73898785665713e-08 3.09592708384123e-05 -1.47883397686261e-05 4.28884218191021e-04 -1.75234276378303e-03 9.99204188789169e-04 -7.40993682697271e-05 -5.27115449330528e-05 -4.67263534479547e-05 -1.70831346070935e-04 -1.75779564270825e-04 -7.98077805446628e-06 -2.69580737086793e-05 -2.98666961644283e-05 -4.08750392923709e-07 -3.38820206958486e-05 -1.58123130669997e-05
 4.10650746133038e-04 -2.79284076287331e-04 -5.69401109856542e-03 1.16822699593818e-02 2.76227184879151e-03 -2.10686696578869e-03 -2.33091501457385e-05 -3.03027729317246e-02 3.21001893973673e-03 -6.20963247229547e-05 1.28527218242827e-02 -8.35941504926622e-03 1.02727342177150e-04 8.11570717659548e-04 6.47964643772606e-06 3.71178879818757e-04 5.02737369978241e-06 1.62127720903460e-03 1.12038773878151e-03 1.98365646970486e-05 -4.12084220703001e-04 3.92365453454615e-05 2.76145950681404e-03 -1.20179398678204e-03 -1.89653814318966e-05 2.36885305635317e-04 -4.26485194104050e-08 1.45873674455466e-04 -5.41827472909503e-06 -4.49359880171265e-04 1.29560128758454e-03 2.71916527493520e-04 2.47167913971869e-02 -1.43569335251160e-04 -1.22508420643946e-03 4.39668063708667e-04 -4.31840636415595e-06 3.02969565136597e-02 2.93813213696086e-03 1.79034013673692e-04 -5.66568034709310e-04 8.63843964032020e-04 -9.15655304159020e-06 -3.41050528286012e-06 -2.11964623936722e-06 2.43859327220713e-04 -3.08350921327224e-06 -4.25396319381493e-04 -7.63453646861743e-04 8.08591354526955e-06 8.50079070174770e-04 2.15770593593993e-06 -6.01352957569273e-04 1.42867690473911e-04 -3.20072535866761e-06 -5.68664605243382e-05 -9.37387327296360e-07 -1.57161144393238e-04 2.18906651829877e-06 1.27473322454231e-04 6.33439475432093e-04 -3.50751195459053e-03 -2.60785243983112e-03 -3.84574078869378e-04 -7.19043825372046e-04 -1.77360697167383e-06 -9.26491641363653e-04 -1.30731495295535e-03 -2.27714671518997e-05 1.37423358998648e-04 9.67052070194550e-06 -1.87762798970680e-04 -5.13607308638871e-06 -5.31878538111464e-04 -1.01897944765521e-02 2.80730596864455e-03 -1.11487906234200e-01 1.81246479593995e-02 6.72566481044152e-03 -1.26797278995762e-02 1.02319561110336e-05 -7.85561822190412e-02 1.33048080232207e-01 -8.59655039150948e-04 8.17343382892053e-03 -1.64056782104232e-02 1.78833282717578e-06 2.81488684587371e-03 -1.32941511984261e-07 1.70287702296441e-03 3.35014855208976e-05 1.33378894965554e-03 2.27344235448757e-03 2.48124890768055e-05 6.02742910376446e-04 7.87385021698682e-05 -1.34270629326132e-04 -4.07680208356233e-04 6.91051226096905e-06 -1.86819974232337e-04 9.99006553299302e-06 8.09894681834736e-04 -1.81885239651377e-05 2.36603645388699e-04 3.48868311595159e-02 -2.10705643985811e-01 5.91077378443430e-02 2.05136874099289e-03 -3.59674845054618e-03 -1.15880621593624e-05 1.87630135405621e-03 -2.31777108370585e-03 2.07082724790037e-05 6.63893328493826e-04 6.18622230397903e-06 4.25935499605444e-04 -5.61693157505514e-06 3.85240459270773e-04 3.28600809675499e-03 7.68609394634130e-03 1.60573184817945e-03 -6.27254254897356e-04 1.33469627768920e-03 -1.68975601922539e-04 -4.75687452299584e-04 3.16130080577671e-03 -8.49329154550091e-04 2.85220143398990e-04 -4.67670286653977e-04 1.90481669284789e-04 -1.56350291236656e-05 1.14246322331507e-04 2.90556971219140e-03 9.13717212671535e-03 1.22011733652731e-03 -5.97998214135046e-04 1.32627528567221e-03 1.61519038684764e-04 -4.80017659590041e-04 3.19360888789564e-03 8.09399779481367e-04 2.91297954185100e-04 4.58450485753665e-04 1.71829423452131e-04 1.35036904910510e-05 1.32050924034179e-04
 -1.30616607646949e-03 4.36672529306319e-04 -8.38939315946761e-02 -3.72878722733509e-03 1.07799260723291e-02 -1.40357316640911e-03 1.44829431701857e-04 5.88570707376635e-02 1.32304496131497e-01 -6.55894671782870e-05 -2.20336863162212e-02 1.28052797576042e-02 -3.28698138808525e-04 -6.21008156526955e-03 1.31986252624053e-05 -4.20378140840325e-04 2.84150870307123e-05 -1.51276129392707e-02 -8.75548439140665e-03 -8.29139953462643e-05 5.26472028814222e-04 -1.18108968971199e-04 -1.55586004763248e-02 9.29416058219705e-03 1.01892360800565e-04 -1.43233311393229e-03 8.86830284256435e-06 -1.06597876986376e-03 2.45439493112500e-05 1.32151219965305e-03 -3.07720387641831e-03 -3.60993220108130e-05 -5.66845460837612e-02 1.46048866383603e-02 2.52522336712013e-05 -3.78976237936350e-03 3.21579603861242e-05 6.29544574837930e-02 4.49413013894803e-02 1.01156243771132e-04 -3.07611807206141e-03 -7.89353386742084e-03 6.97229083059489e-05 -7.93044796183786e-04 5.74147037737989e-06 2.51625602839243e-04 6.37216975913732e-06 -6.98877372277732e-04 1.83036216947553e-03 -2.45802496454323e-05 -1.39641529901643e-03 -3.62544284266573e-05 -4.87821617636088e-03 -1.46651580246016e-04 9.76414441005180e-06 2.59524653896837e-04 -3.43449428886266e-06 3.88986237859282e-04 1.75823262261949e-06 1.06917438125719e-03 -1.86870166144239e-02 1.51611647203226e-01 -7.14048157823054e-03 4.06516649320727e-03 2.14841519347087e-03 1.65656693718292e-05 5.62327447352431e-03 5.17747792700147e-03 1.13438729302155e-04 -1.60648303271788e-03 -5.98472288403249e-05 8.01385575856699e-04 2.78608981866742e-05 2.59495117288055e-03 -3.28194578281765e-03 -1.42172928459484e-02 5.49506065689805e-01 -8.64720860991067e-02 -4.80006591451816e-02 8.99654418802883e-02 3.21336440458910e-04 5.42121731556879e-01 -9.01941955129847e-01 -1.84056374295610e-04 -6.32198902677414e-02 1.21997936299854e-01 7.45080998412015e-04 -1.95659024737212e-02 -2.78420203495835e-06 -1.21274329143035e-02 -5.48243715692380e-05 -1.10420784630629e-02 -1.44783567591555e-02 -2.29020662976545e-04 -4.59754659207400e-03 -3.82877376295991e-04 -1.73372762897771e-03 1.32018433592287e-03 -6.36839588532234e-05 1.03010805275528e-03 -6.69454729162721e-05 -3.58754427375951e-03 9.14289985277047e-05 -1.16142940998759e-03 -2.10705643985811e-01 1.36100995699847e+00 -3.60156446420027e-01 -1.29639068971978e-02 2.20549497559537e-02 1.55000974266515e-05 -1.45604881013067e-02 1.74582081747363e-02 -2.42603887483888e-04 -4.73054753048828e-03 -4.66463142238947e-05 -2.89070840951929e-03 5.07039287431069e-05 -2.37915860135856e-03 -2.14635011695412e-03 -1.55440169779288e-01 1.73856162653209e-02 2.97604035592237e-03 -8.75131160884442e-03 3.01280247898558e-03 3.39057120331659e-03 -2.13226260976342e-02 7.64509069966059e-03 -2.16707632386370e-03 3.00403564752185e-03 -1.64315978656389e-03 2.76059707857511e-04 -1.07484124941925e-03 -1.31848018038013e-03 -1.54700996755641e-01 1.75144586904515e-02 2.92583653869281e-03 -8.70076780913328e-03 -2.88602296395512e-03 3.56599653544787e-03 -2.14989443419218e-02 -7.45005665498713e-03 -2.20700561880129e-03 -2.93426736116947e-03 -1.52670219016160e-03 -2.32727162657752e-04 -1.19105646720858e-03
 3.64198746125879e-04 -8.31714476091059e-04 -2.63768150232394e-03 2.75137026747207e-02 4.84764301539699e-03 -5.84112163704796e-03 -5.37717427887782e-06 -5.15445092894139e-02 2.72338248163855e-02 -3.85732223532185e-04 1.69601538747153e-02 -2.97959974134820e-02 1.70242803323155e-04 -2.80157767434638e-03 1.92381339865744e-06 4.52046950934194e-04 -1.93486242455592e-05 2.29479120218215e-03 -1.84230592059769e-03 2.01964655551923e-05 -1.46455956400576e-03 8.52747633041078e-06 3.71372235207568e-03 -3.08426636332286e-03 -1.94278746546589e-05 5.05356451592258e-04 -6.80936245493041e-06 2.28425034417408e-04 -2.00678330821620e-05 -8.93418731562353e-04 4.59149645797926e-04 5.25031595626478e-04 4.90018162914557e-02 -8.06794715168397e-04 -1.75680044400404e-03 3.54261713391059e-03 8.16973928149166e-06 4.28269865175471e-02 -1.03560055111909e-01 -4.31442412588377e-04 -1.95840478966133e-04 -4.36781831533831e-03 -1.03922424185689e-05 5.42622438186809e-04 2.67595201866349e-07 3.81201074666460e-04 7.17877473459716e-06 -5.93615586791746e-04 3.64159857479081e-04 1.09547166157459e-05 1.52695912184137e-03 1.66076716716179e-05 -9.02120326852458e-04 -1.29634834500345e-04 -7.11650925068217e-07 -2.59404519274941e-04 6.46147797782616e-08 -2.88637987520899e-04 -3.84638385791724e-06 1.08173291864595e-04 -4.18796098178244e-04 4.62563569377358e-02 -4.43344087208346e-03 -7.71566998274300e-04 -1.62125684481520e-03 -1.84203295191482e-06 -1.64348517716937e-03 -3.23027524665127e-03 -5.16308396410822e-05 3.18868181256056e-04 1.35734685084439e-05 -3.07650660695550e-04 -7.88460396484248e-06 -1.08220473266709e-03 -2.63443452893623e-03 5.24822618562556e-03 -2.01615740404332e-01 6.88040680102373e-03 1.16327567769604e-02 -2.32241276606863e-02 -1.90869936552614e-04 -1.67924544801165e-01 2.06495573737873e-01 -2.65980795925230e-04 1.25807913136230e-02 -3.01133963951868e-02 -2.16479306083641e-04 4.15253419737663e-03 -8.24623290619832e-07 3.41269941897677e-03 3.29445121753736e-05 2.71059948622393e-03 2.03109451310280e-03 3.14494908174581e-05 1.81883528739142e-03 1.45583361983300e-04 -4.18026876394941e-04 -8.58129516234179e-04 1.57059602850584e-05 -1.51815927714628e-04 2.03454361886637e-05 1.34302531237480e-03 -3.99273437598700e-05 7.25185325577166e-04 5.91077378443430e-02 -3.60156446420027e-01 1.08398862420263e-01 3.31720742650139e-03 -6.58101525590720e-03 -8.24937891763950e-06 3.11643290522410e-03 -4.47336245795742e-03 6.37924737863300e-05 1.17461423313552e-03 1.64354540697001e-05 7.62264878596688e-04 -1.22041495987307e-05 9.49959807213481e-04 3.27992076279715e-03 3.10355325257318e-02 1.04460383651770e-03 -1.20777979255542e-03 2.03508268238377e-03 -5.49393231100035e-04 -2.00237781315833e-03 4.60238996334443e-03 -2.07679077508949e-03 4.24724754826190e-04 -6.83516943126005e-04 3.83548633499056e-04 1.11526423245855e-04 4.97407454498858e-05 2.69093543713461e-03 3.13684499200432e-02 8.56670971696625e-04 -1.19575350618343e-03 2.02196666558643e-03 5.11337980918996e-04 -2.10351191453060e-03 4.65070971540645e-03 1.93345998828267e-03 4.33778816503143e-04 6.61612756560868e-04 3.43278508904967e-04 -1.44027914432739e-04 7.49978834016232e-05
 -1.21854172637584e-04 -9.33287088111070e-05 4.60499048921721e-03 -5.60409607946760e-04 3.88140861928237e-04 2.70168635874078e-04 -4.41626888018184e-06 -4.53918871085342e-03 -6.57973413742472e-03 1.85600563899818e-05 1.39070935590698e-03 1.27783288003609e-03 -5.66915880874120e-07 1.88897998859070e-04 -9.97757015629403e-07 -4.06117689522592e-05 -6.59951821306547e-07 3.57699652919140e-05 2.34692105657571e-04 2.71384481878881e-06 -1.75464977608065e-05 3.41212789499904e-08 1.34196072471725e-04 -1.02366071515369e-04 -2.21935140182483e-06 3.69060028301770e-05 3.03034090874545e-07 3.72473476780221e-05 4.52585731562266e-07 3.62917705331767e-05 -1.12465611787553e-05 7.42702904496812e-07 4.21848218404061e-04 -8.53351529259935e-05 -3.70617149883763e-05 4.37239114876623e-06 -6.24271599874208e-08 1.43523315938322e-03 -1.54711155100588e-03 9.35061148050955e-07 3.69461587241603e-05 3.50267869982091e-04 -1.66405962727855e-06 4.90563187863268e-05 -1.74812332820851e-07 1.40702840390604e-05 -1.24171861391263e-07 -1.39744731330783e-05 1.43067888756784e-04 1.05433203995183e-07 2.60252778231748e-05 -3.28361921690731e-07 9.65013072400237e-06 -4.12622246405300e-05 -2.42274890556971e-07 6.24030615828514e-06 6.94455414768498e-08 -6.46956531714892e-06 7.48265382728050e-08 4.12850384147040e-06 4.21729753740373e-04 -2.86456475734136e-03 5.26741618830383e-05 -8.71788390122588e-05 -3.33595539667019e-05 -3.58692973735453e-07 -8.78152035323258e-05 -1.68637976975182e-04 -1.62178945715150e-06 2.70480836984872e-05 1.34034838956137e-06 1.76432269570771e-06 -2.75504588376871e-07 -4.85991312350983e-05 1.29816088958107e-04 1.43282833663193e-04 -6.71948936421837e-03 1.42468477172119e-03 -9.91337911687255e-05 -1.12129502181359e-03 1.34423748403658e-07 2.56709876493140e-03 1.22888473253233e-02 6.28608682988860e-05 -4.61186807620468e-04 -1.75280167730316e-03 -1.73445589722988e-05 3.29953929100128e-04 4.15204531535778e-07 -4.80132696609110e-05 -2.41314512162710e-06 1.97157574265371e-05 3.49812033933756e-04 4.91444160976057e-06 -1.63025034285542e-04 5.48758111977030e-06 -5.48439258023507e-05 1.82227153509504e-05 2.59512864794430e-07 -3.49966362127605e-05 5.55290138258475e-07 2.85543090301032e-05 -1.38783729757669e-06 -2.58173814459846e-05 2.05136874099289e-03 -1.29639068971978e-02 3.31720742650139e-03 2.10533491214758e-04 -1.63679422382591e-04 8.12968347461741e-07 2.99110231967956e-04 -7.10663901153336e-05 1.17688982180246e-06 6.29978649216091e-05 -3.30920200267945e-07 2.80036857757455e-05 -8.61854910612577e-07 -1.98724150409153e-05 9.53595749112902e-04 -3.97210333032858e-03 1.24342745939706e-03 -3.65921278613372e-05 1.29853425313805e-04 9.07650030007659e-05 1.00415980468168e-04 3.20590387730546e-04 3.69026918173833e-05 3.58980353136371e-05 -5.14610989584349e-05 -1.47446178425389e-05 -2.20686208359954e-06 2.12117880095642e-05 9.70242181501097e-04 -4.08832973925837e-03 1.26932588532287e-03 -3.74878152149349e-05 1.29943664518582e-04 -9.32710873173917e-05 1.02537067394311e-04 3.23179952850970e-04 -3.32685225485698e-05 3.66101820022768e-05 5.18918801562921e-05 -1.52378822112817e-05 3.91111670185680e-06 2.29496019843335e-05
 -1.42072747665161e-04 -1.26610763363113e-05 1.09695199399955e-03 -1.54525977486172e-03 1.60298650671782e-04 5.76873277741475e-04 -9.30226254032529e-07 2.11048569697354e-04 -5.12023135611233e-03 1.01570857521694e-05 4.94241817657365e-05 2.50152220477953e-03 -5.35386088733658e-06 2.12452890079512e-04 5.09277334085984e-07 -4.66726173666715e-05 1.82091077805754e-06 -1.95095403177339e-04 1.51784128754596e-04 9.27412273917121e-07 3.32513215158353e-05 5.11323282433108e-07 -1.96284763130158e-04 1.54851114865902e-04 -1.69328950705438e-07 -1.69525140223627e-05 9.45262581086270e-07 -5.35813357806892e-06 1.54735217366601e-06 7.30344011320199e-05 -6.50665226627497e-05 -1.27662677622142e-05 -1.04091654155163e-03 1.35231279719922e-04 3.29921955655502e-05 -1.89953629743595e-04 -1.30905944390806e-07 2.60964035205786e-04 3.96845960228793e-03 3.34419117876955e-05 1.94275222225771e-05 3.81048855157741e-04 1.31015608291564e-06 5.48603414031119e-06 -1.01401094967110e-07 -2.87077701214671e-06 -3.92480692080452e-07 6.70191506352854e-06 1.09666064142594e-04 -3.48532237875553e-07 -5.41294102258311e-05 -1.21738121710555e-06 -2.33565803307656e-05 -2.69670390857973e-05 -2.03345852253628e-07 1.93787039079730e-05 -2.62808318345844e-08 1.21073374907720e-05 2.78463319551682e-07 8.99148972478284e-06 3.03536919880184e-04 -3.93337253255755e-03 6.37740478653327e-04 -9.10423440050415e-07 1.03407705818667e-04 -1.27675219151414e-07 4.49282919115807e-05 1.23288840655381e-04 1.88197137810297e-06 -1.27611700827023e-06 -3.07241003454308e-07 2.36712257605216e-05 4.95004231902162e-07 4.53439045640780e-05 -4.86415506790953e-05 -3.65546580731734e-04 1.34060981744072e-02 -7.49107284694557e-04 -9.16771877055761e-04 1.26635168530145e-03 2.33516604893744e-05 1.31836182341976e-02 -1.05032085913908e-02 -6.57315277582450e-05 -1.31639646165094e-03 1.61374434650664e-03 2.39096998450105e-05 -1.81410382543156e-04 -2.27690806538805e-07 -2.72386247831481e-04 -8.09907613985943e-07 -1.91268071069031e-04 -1.08442979892109e-05 -2.04416024417877e-06 -1.99012177830384e-04 -6.32588950886387e-06 -1.68505256739608e-05 7.05881322948753e-05 -1.18705216326246e-06 -7.25347259919022e-06 -1.03229590708164e-06 -9.92178102694262e-05 2.44877727000624e-06 -7.67090833817282e-05 -3.59674845054618e-03 2.20549497559537e-02 -6.58101525590720e-03 -1.63679422382591e-04 4.27497492083021e-04 -1.84840048296948e-07 -1.21672457053924e-04 3.34211714715682e-04 -6.77264019601964e-06 -6.20631120118032e-05 -1.74525932128455e-06 -4.65639493400129e-05 8.00831741890543e-07 -7.70008520336260e-05 2.46363964553641e-05 -3.33832551215484e-03 2.36627633070710e-04 7.99492327501856e-05 -9.89928060720658e-05 6.45997899638246e-05 1.86005830275017e-04 -2.18211806522502e-04 1.58511094254190e-04 -1.60456627516528e-05 2.93990965042496e-05 -3.34358326260711e-05 -9.82560847624221e-06 2.65781849798555e-06 4.59834253270516e-05 -3.21785872542366e-03 2.13655796442862e-04 8.17496768119306e-05 -9.82181172499789e-05 -6.09395493766094e-05 1.97851133960106e-04 -2.20283292514349e-04 -1.47154783615797e-04 -1.64740002383426e-05 -2.77589451375804e-05 -3.09095062658899e-05 1.37359379298534e-05 1.81593917209765e-06
 2.92829455924887e-08 -5.25164629396808e-07 2.57614843074370e-05 -9.98247210184824e-07 -1.04488351790490e-07 -1.85091929223971e-07 1.29399515484989e-05 -9.37202902339356e-06 -1.78446724465943e-05 1.36998175667961e-03 -5.69663873348274e-06 1.66744737718812e-05 -5.00786822949650e-04 5.95747220703260e-08 -8.78444111715493e-05 -5.89515368417088e-07 -9.67892094226762e-05 1.24840981967564e-07 4.06033315922868e-07 -1.16109677071485e-04 1.69659455338689e-07 -1.68279441498203e-04 -5.44875981904348e-06 -3.49319978185986e-07 5.16357156470481e-05 -3.78372810459508e-07 -2.98245719591803e-05 -3.94922899573578e-07 -6.84232246577342e-06 7.76213417286343e-07 -7.08157237505108e-08 -2.34222336363819e-08 -4.42166639181489e-06 4.87267853493166e-06 -1.39409784288098e-07 1.88747147648311e-07 1.59933951715757e-06 -2.48946868901763e-06 -5.66224458866382e-06 -1.24252741447477e-03 2.74113447128076e-07 -1.28195137537994e-07 -9.45625023489679e-05 2.30929237421138e-07 4.29248487960264e-08 -5.67851408685195e-08 -1.02659944002162e-07 2.01714521664892e-08 4.06607329041722e-07 -1.75351871165333e-05 1.30267623450072e-07 1.36927822739697e-05 -7.56584899811810e-08 -1.43162427761727e-07 8.27685492531419e-06 1.40072466940067e-07 -1.53260878030121e-06 -1.51481016847024e-07 -5.26714761607196e-06 7.88481328992154e-08 -4.10478842897314e-06 -8.27907156989132e-07 -1.17934334808999e-05 -7.15692592007873e-08 1.63153017928469e-07 9.82863223072678e-06 -2.69093561923353e-06 8.32289922832576e-08 6.23201215669837e-05 3.63201258236640e-07 -1.24444430674593e-05 -5.54531953526985e-08 3.99193433899374e-07 -1.75346706645978e-07 2.86443435753891e-06 -4.82247054020890e-07 2.17376894458363e-06 -2.77665343518911e-07 -1.53589203339029e-06 -6.29077792861674e-06 -8.95578004494417e-04 3.93914926781359e-05 5.81394372209929e-06 9.67418264719187e-03 5.81366481527181e-06 -9.53098700499994e-06 -1.44038164046600e-03 -1.43913831843018e-07 2.80838011086971e-05 -1.01524076104609e-06 -2.35845205971391e-04 -6.47965155805106e-07 7.18410334852016e-08 1.13707581674166e-04 -9.73080479281719e-07 -1.49208605386732e-04 -5.81326325752501e-06 3.79857032352632e-08 1.75491874895956e-05 2.96516226509597e-07 -7.92746278364834e-06 -2.87419764605669e-07 -3.95042732816756e-06 -3.76150757082119e-07 -1.15880621593624e-05 1.55000974266515e-05 -8.24937891763950e-06 8.12968347461741e-07 -1.84840048296948e-07 9.76256214250534e-05 3.31829152965945e-06 -8.03923044490450e-07 2.20187144997759e-04 3.19717322150994e-07 3.23675223652089e-05 3.88884939434599e-07 -2.11583648123502e-05 -4.07761106351776e-07 -1.09990670313555e-03 8.39607302236816e-03 -1.99095741848487e-03 1.31374565565222e-04 -9.70412463968667e-06 -8.05421153415007e-05 1.80666559327381e-04 2.11074463950523e-05 -1.08727335831951e-05 -8.00137009383607e-07 1.93363910647713e-06 -3.40614919055935e-06 -4.00197957343402e-05 1.33035564198167e-05 1.11666459562246e-03 -8.44591579394502e-03 2.01319291388502e-03 -1.30854587221237e-04 8.70127597376946e-06 -8.27470729304047e-05 -1.82721307788673e-04 -1.64792273698919e-05 -5.42458451026169e-06 1.18780407789045e-06 1.96660482371872e-06 3.40917325788692e-06 -4.06960551195969e-05 -1.18964863961930e-05
 -2.18206008827540e-04 -1.22077679053676e-04 1.18908566602691e-02 -3.25094336377291e-03 -2.77649330394518e-04 9.04909557268832e-04 -1.95160463475126e-06 -2.78672232918059e-03 -1.60335623261894e-02 -5.95651101324548e-05 3.53384922699429e-07 3.53557224936545e-03 -4.25076609130863e-06 2.32131058906186e-04 -3.08922691763717e-06 -1.42014148902521e-04 -6.24295418583893e-06 9.89963587092102e-05 3.42095701827897e-04 4.35672838640831e-06 4.64788365000220e-05 -1.20297538562255e-05 1.70978376834679e-05 -1.86072069308052e-04 -2.76282387277814e-06 6.04936281208245e-05 1.14833490794517e-06 6.68577656258472e-05 -1.56218410971807e-07 1.27100926372495e-04 -9.86443241585143e-05 -6.01126576606325e-05 -3.19230022536566e-03 -5.22150378770699e-04 2.07898338881009e-04 7.16588625369571e-05 2.42209895117879e-06 -6.24128987849720e-03 -7.23130768309062e-03 -1.74674519350186e-04 2.93641083174562e-04 5.48472804650037e-04 1.58556622642144e-06 1.26201576392309e-04 -3.68473754668236e-08 -3.76644963400209e-05 2.15555515532214e-06 9.44039120846918e-05 4.29950354638303e-04 -1.13187665066597e-06 -1.08530893923005e-04 3.85974474225121e-06 2.99747817905578e-04 -1.13962659438364e-04 1.35090247710530e-07 1.38044868392957e-05 6.68618550775657e-07 1.32511987444643e-05 -1.28894749992668e-06 -5.49381966485540e-05 1.18586668948009e-03 -7.74616322158741e-03 9.37827804503966e-04 -1.85847026550577e-04 3.96288752500090e-05 -1.68751264650639e-06 -9.69214362382844e-05 -1.85604760080780e-04 -4.29030590411493e-06 6.04426410301314e-05 2.49297016693184e-06 2.52057813968931e-05 -3.75641330506988e-07 -4.17926226326795e-05 3.30265580686572e-03 1.14974978582710e-04 -5.75545816624040e-03 1.01044419890468e-03 -5.04428326469285e-04 -1.74928743144728e-03 -1.20851864331159e-05 8.03807247309143e-03 1.70772847553377e-02 2.76385471605730e-04 -1.14084230011212e-03 -2.99038119406165e-03 -4.77748365308567e-05 5.07524433969895e-04 1.03203947356892e-07 -1.52232726631596e-04 -1.05045526857836e-05 3.56460454786581e-05 4.85236909409501e-04 7.43844820709223e-06 -3.16692061043309e-04 4.81607769901775e-06 -2.98454764345522e-05 8.46657323352674e-05 -1.24040950272867e-07 -4.41906237064737e-05 1.03560596812901e-06 -1.08327329775835e-05 -1.64719790710072e-06 -4.34692947219383e-05 1.87630135405621e-03 -1.45604881013067e-02 3.11643290522410e-03 2.99110231967956e-04 -1.21672457053924e-04 3.31829152965945e-06 5.54941136207641e-04 -1.01834386727630e-04 2.65666146676666e-06 1.00067951825120e-04 -1.00877766054978e-06 3.68102376806904e-05 -1.80308487660682e-06 -5.54158484023840e-05 1.43494285036380e-03 -6.52710315477090e-03 2.08664362040597e-03 -3.36665737915608e-05 1.76787174941138e-04 1.63068625373410e-04 1.73840559373085e-04 4.44413099304613e-04 6.95122196764419e-05 5.75766889617997e-05 -7.00396862609486e-05 -3.21221349297172e-05 1.83427678051785e-06 3.91746615417254e-05 1.50988414857493e-03 -7.03990425880268e-03 2.19751205233023e-03 -3.95075746183004e-05 1.77831104771175e-04 -1.69215461496798e-04 1.73881895548692e-04 4.47694863312418e-04 -6.24425699860717e-05 5.88642615789981e-05 7.11524921378429e-05 -3.22711509228116e-05 5.21857436514344e-07 4.17623709202430e-05
 2.43660205617876e-06 -1.42534876905258e-04 -1.89084601943724e-03 1.45405650097541e-03 2.08086214801780e-03 1.98472487487429e-04 5.52484731267188e-06 -1.06347485975517e-02 -3.03222940503460e-03 -1.53698111423348e-04 4.25909783185912e-03 1.48796027243277e-03 1.48505579200514e-05 2.50077776626941e-04 1.38311151250130e-06 2.49646688139483e-05 -3.48536677676264e-06 -4.48883989140860e-04 1.76946147873398e-04 3.81016861489588e-06 -8.60329891763578e-05 -8.14664523565238e-06 -5.33141595108806e-05 1.34214020598971e-04 -1.21889926151404e-06 7.89318589440839e-06 2.29984137030288e-06 1.48921608752795e-05 -1.04144402458026e-06 4.28001838993964e-06 3.39384616789725e-04 7.48594362940233e-05 2.35978209874841e-03 9.42976740398878e-04 -3.65636409037089e-04 -1.73704906960714e-04 3.95168613173055e-06 1.40474480177544e-02 3.45161436733756e-03 -1.63729608851220e-04 -4.28668349180395e-04 4.27797268728805e-04 6.13299814013965e-06 2.14356359603516e-05 -7.59700483537047e-07 1.02968456005385e-04 2.03558471371071e-06 -1.82496781645047e-04 1.24566344111534e-04 2.37080086154205e-07 1.79889481785522e-04 4.80787013742766e-06 -4.70108240894864e-04 -3.55563949814733e-05 -4.74532278194787e-07 1.74149309185923e-05 -1.81392051956951e-08 -2.74053706836842e-05 -4.93546203216036e-07 1.09844652544790e-04 -1.66416377977428e-05 6.52470979420781e-04 -2.22940808452714e-04 -6.18296740472023e-06 -3.57349525317821e-05 -1.64757736091533e-06 -4.42296590286965e-05 -1.66777731208615e-04 -4.31580588274664e-06 -4.46629797122228e-06 1.36650370663999e-06 5.34165522760435e-06 -3.49888398821453e-07 -3.69825797572585e-05 -4.67589380196175e-03 -2.84260251755027e-04 8.18137040742480e-03 -1.82412818607289e-04 -1.05900990908961e-03 1.08789973713781e-03 2.55176372570457e-05 1.51674809087365e-02 -6.13747178953287e-03 -1.27053461451539e-04 -2.02459587376043e-03 1.45670247437461e-03 2.90674847278701e-05 -7.73834238359733e-05 -1.25333778487484e-06 -3.36016471657729e-04 -1.26043475584698e-06 -2.79875729097402e-04 2.07227614391449e-04 -4.16642596260555e-06 -3.17525812393092e-04 -3.17073003920117e-06 -1.77558539446694e-04 3.23518826350804e-05 -2.39683642646802e-06 -4.37197280521283e-05 -1.49180419991780e-09 -5.74131806595098e-05 1.47738313923190e-06 -1.17953466556584e-04 -2.31777108370585e-03 1.74582081747363e-02 -4.47336245795742e-03 -7.10663901153336e-05 3.34211714715682e-04 -8.03923044490450e-07 -1.01834386727630e-04 4.44057740616879e-04 -8.31570346958954e-06 -5.24237553227376e-05 -2.05345868363502e-06 -4.15051911691881e-05 5.37239926958263e-07 -8.27661059553572e-05 7.66518685406497e-04 -6.96864183793267e-03 1.12855142991653e-03 5.41616307731473e-05 -4.15094327947972e-05 1.32830178746301e-04 2.69058210746143e-04 -8.74812396512263e-05 2.21223431337257e-04 -6.47200329808824e-06 1.25994658133221e-06 -5.01308532280205e-05 -1.47616914510752e-05 -3.39651421623096e-07 7.62045927000099e-04 -6.76828862914307e-03 1.07533330603116e-03 5.82313932822141e-05 -4.01337379733679e-05 -1.29078608886851e-04 2.83439419385967e-04 -8.71966911820310e-05 -2.11230517432863e-04 -6.28650923367529e-06 8.61759645106700e-07 -4.81182271994222e-05 1.99544276954342e-05 -2.38847918741641e-07
 4.87599754593073e-07 3.19862410835672e-06 -2.17512148614159e-04 6.62594547284490e-05 -6.99146482435681e-06 -1.19435378956100e-05 -1.04178437201476e-04 5.75127844489498e-05 1.39090186475384e-04 5.84246464558232e-03 -1.82610314235235e-05 -2.54203618471321e-05 -1.34648728940195e-03 -1.92108015013615e-06 -2.04072322995630e-04 2.64949249624565e-06 -1.24746374422022e-04 6.04008212431201e-06 -1.03033422196730e-06 -2.86270591244153e-04 5.51269359721345e-07 -1.95922097887972e-04 -5.72542980492748e-06 -1.51089977468321e-06 1.14501133404078e-04 -8.58663310517855e-07 -8.87769352953153e-05 -1.77740885832719e-06 2.27214408788326e-05 -2.26961284979257e-06 2.22213286300892e-06 1.15209811896932e-06 6.57302226890320e-05 2.08870500624672e-05 -5.07885943543169e-06 1.69396863070745e-06 -5.70423455636455e-05 6.08094706837622e-05 4.47140164444584e-05 8.61659416427489e-04 -6.71182931824234e-06 -6.16326540604255e-06 -3.21231718650594e-04 -9.39062963792241e-07 3.52413933468989e-06 4.08992443339611e-07 -4.62366316533722e-05 -1.11945774289279e-06 -5.53302113807551e-06 -3.23141341629730e-05 2.57559285484719e-06 -8.11499611886407e-05 -2.59333545870868e-06 1.33213861741944e-06 1.59196754284171e-05 -2.61483621771330e-07 -8.95557819977535e-06 -7.39184455725768e-07 1.03351629061848e-05 4.03293452856228e-07 -1.14540623496085e-06 -2.18374642943077e-05 -4.78637794240115e-06 3.98080910521218e-07 1.05676571728476e-06 4.95607548042980e-05 -5.58006263492235e-06 1.98678145646901e-06 2.15183418610570e-04 4.28749724703970e-07 -4.41342938502709e-05 -9.98343198984690e-07 9.45459701358773e-06 -3.39005164404495e-07 1.64901436140072e-05 2.18707649784415e-06 -7.20676455308964e-05 7.77638974638895e-06 2.85791698713045e-05 -1.83836376681423e-05 -1.97246041039532e-03 -3.21331525541353e-04 4.53636118970313e-05 2.17950082788304e-02 6.40571305583620e-05 -1.21240064248675e-05 -3.29340609613514e-03 -2.41067587239197e-06 8.38863080685404e-05 6.62142696867144e-06 -4.98253770526377e-04 3.74942586329547e-06 -4.62599591302501e-06 3.02917943149777e-04 6.36598448537187e-06 -3.18231020986691e-04 -9.14845082571408e-06 -1.45956525014337e-06 5.61362182491832e-05 1.40173322864109e-06 -2.97984739639873e-05 1.00636820794167e-06 -1.00470115126972e-05 6.17347876315663e-07 2.07082724790037e-05 -2.42603887483888e-04 6.37924737863300e-05 1.17688982180246e-06 -6.77264019601964e-06 2.20187144997759e-04 2.65666146676666e-06 -8.31570346958954e-06 5.09113475899065e-04 7.37654660377298e-07 7.72391012227314e-05 1.39417660446674e-06 -4.44467856154479e-05 1.24183878683779e-06 -2.54541016991167e-03 1.89155982061507e-02 -4.59165067678401e-03 3.00177402743829e-04 -1.71857861936023e-05 -1.87423540188711e-04 4.00772249835617e-04 5.34873978589714e-05 -1.45278443607211e-05 8.55269650491539e-07 4.09401898023601e-06 -7.39541688293562e-06 -9.09487597907863e-05 3.25798674449670e-05 2.51201423433464e-03 -1.85576016999399e-02 4.52277487503786e-03 -2.99626364637088e-04 1.48791496823522e-05 -1.81816222372848e-04 -4.15320739552604e-04 -4.41972644741994e-05 6.79264052619462e-06 -6.21348043262693e-07 3.42895604968106e-06 1.02021025003531e-05 -9.22745141592884e-05 -2.98785353276872e-05
 -1.16862292243588e-04 -2.46623450017637e-05 2.00485439303841e-03 -4.34728844175184e-04 -2.53183728251911e-05 1.33414137717907e-04 -2.89049800309306e-07 -6.90588751057771e-04 -2.36936726504399e-03 -1.31305066931184e-05 1.09039805680322e-04 3.85594829189982e-04 9.62496676444224e-07 3.00278196916051e-05 -3.54344818796007e-07 -2.38522163019525e-05 -9.81254187413509e-07 4.57827096287329e-05 4.63576649195101e-05 8.70698115636360e-07 -8.05741537820772e-06 -1.50514566436099e-06 3.96492285856576e-05 -5.33661550674534e-05 -5.89879753907390e-07 1.06616306301111e-05 1.61906044365056e-07 1.03232437377970e-05 -1.30108863209513e-07 1.61463163285909e-05 3.30456470702035e-05 -5.54791717815210e-06 -2.55819219498678e-05 -1.19662022641942e-04 2.92907747041385e-05 3.11735453125682e-05 3.77560648524195e-07 -8.59823323297722e-04 -1.54616514210379e-03 -2.80380624577400e-05 6.18294156930642e-05 6.35514001008400e-05 2.64888785657969e-07 2.11723415196657e-05 -4.51943762460789e-09 -5.05392329756325e-06 3.53689401571344e-07 1.36005617355178e-05 6.05565045021645e-05 -8.91504995851905e-08 -8.73837496683341e-06 7.42609593611639e-07 4.54674102648639e-05 -1.66073252459515e-05 5.48593700715135e-09 5.61752596045271e-07 1.03794843903954e-07 5.33795163632042e-07 -2.21538800560143e-07 -9.07131430086566e-06 1.63021679502896e-04 -1.01984679318745e-03 1.12384575565398e-04 -3.52547658147852e-05 -4.34355187498645e-06 -2.98224944205051e-07 -3.11700917503971e-05 -4.06797444085250e-05 -1.04015271014798e-06 1.34876010178873e-05 5.03408328029707e-07 1.41580691468545e-06 -1.24660157527346e-07 -1.34239822413404e-05 8.55658042632878e-04 2.66024098160891e-05 -1.14192071099477e-03 4.11415844534958e-05 6.63079599818942e-05 -4.34204732900935e-04 -1.69576186662696e-06 -5.16181855407000e-04 4.21300467468145e-03 2.94286123664538e-05 3.40212379563697e-06 -6.66339474119791e-04 -6.65242312094072e-06 1.06924019340628e-04 -7.96023434003885e-08 1.30055143018331e-05 -1.13586168625154e-06 3.30350627514809e-05 9.30841292050539e-05 1.20867682417513e-06 -2.42069710119105e-05 1.43572695243348e-06 -2.55444388591777e-06 8.04222585160545e-06 1.63419019560372e-07 -8.82549563615480e-06 3.53346964547907e-07 9.07907061132178e-08 -3.14237605133287e-07 -7.96044861373964e-06 6.63893328493826e-04 -4.73054753048828e-03 1.17461423313552e-03 6.29978649216091e-05 -6.20631120118032e-05 3.19717322150994e-07 1.00067951825120e-04 -5.24237553227376e-05 7.37654660377298e-07 2.36285120528288e-05 -4.86357650736418e-08 1.12354108967777e-05 -3.26762982733340e-07 -2.44534298734977e-07 8.33890184851047e-05 5.86452069986126e-05 6.52330365628530e-05 -5.67136943625183e-06 4.17090490620381e-05 2.62897019086369e-06 1.10708350860093e-05 1.05506271200309e-04 -1.75782396013527e-05 1.31725092914282e-05 -1.57545074222500e-05 1.51998728195614e-06 -1.49315480493606e-06 7.03631473617268e-06 8.96359209625406e-05 1.80707575297973e-06 7.64930859202074e-05 -6.08305073943913e-06 4.16885953766409e-05 -3.54137066595864e-06 1.09192105666957e-05 1.06270539873996e-04 1.80088497550595e-05 1.34055618794168e-05 1.56453797471095e-05 1.17643344360865e-06 1.73879590738593e-06 7.67880431841934e-06
 1.40326943324616e-06 1.15103994191722e-06 -6.97283741889030e-05 2.28409316059465e-05 -1.93532219578860e-06 -6.88494362516831e-06 -4.10358289216558e-05 2.22767883087390e-05 8.72874137609315e-05 1.38985875513367e-03 -6.41847804775486e-06 -2.30843205985464e-05 -2.39799175191465e-04 -1.94037987931760e-06 -3.11446465263456e-05 9.87291678240960e-07 -2.87841121052915e-07 1.00971144031939e-06 -1.66273455499129e-06 -4.67866985469474e-05 1.65379458786371e-07 6.61863373462020e-06 -5.96488660379180e-07 -3.54764997352978e-08 1.64605616130399e-05 -1.64242822185542e-07 -1.72008685266702e-05 -4.05698392806599e-07 1.06994872289206e-05 -1.00816682641610e-06 8.10546322781127e-07 3.09309769885918e-07 1.00636356349374e-05 4.72513001351783e-06 -1.29253434027348e-06 6.69388014359577e-07 -2.00829994883170e-05 1.64466893666234e-05 1.14120758793185e-05 8.33559293397592e-04 -2.26647025576839e-06 -4.10227573040773e-06 -6.80456459057519e-05 -5.56965393622273e-07 1.18056443241075e-06 1.31643797594944e-07 -1.56705745520205e-05 -3.57536391449526e-07 -2.34077488826377e-06 -3.35656958994098e-06 6.64048221407956e-07 -3.35465955982336e-05 -8.45463386916785e-07 6.18653331204379e-07 1.81206055484594e-06 -1.92365714543224e-07 -2.37688930140081e-06 -1.69265798376806e-07 5.80478617785077e-06 1.42127752480233e-07 -4.08493792865524e-06 3.59770340989872e-05 -5.53262305722812e-06 6.94108101055955e-07 -2.67070003674135e-07 1.25717007056450e-05 -1.82970774248437e-07 2.99704219472729e-07 4.60279522201656e-05 -2.35260534638999e-07 -9.58861434726777e-06 -3.19781692554518e-07 3.04024007363210e-06 -4.25282371061805e-09 1.28099887252201e-05 1.30219848490160e-06 -3.77116523860449e-05 6.69351432243132e-08 7.69723941891215e-06 -7.16346723803842e-07 -2.80808411547660e-04 -1.05094480565284e-04 -2.40363331109518e-05 3.19908388727570e-03 1.59297182274448e-05 2.63558811821100e-06 -4.92730285695568e-04 -1.58260294474169e-06 1.62959335929128e-05 2.12655395856337e-06 -6.67430296913350e-05 9.11388954828722e-07 -2.53241218933128e-06 5.34786990728468e-05 2.39575363793977e-06 -4.32481576713619e-05 -9.01489760591076e-07 -6.58423313355004e-07 1.14426770608179e-05 4.38310716394595e-07 -6.68244270480578e-06 5.65004935761503e-07 -1.69986153115551e-06 5.46830985786576e-07 6.18622230397903e-06 -4.66463142238947e-05 1.64354540697001e-05 -3.30920200267945e-07 -1.74525932128455e-06 3.23675223652089e-05 -1.00877766054978e-06 -2.05345868363502e-06 7.72391012227314e-05 -4.86357650736418e-08 1.21705550519273e-05 2.23198340652208e-07 -5.90011695314235e-06 5.93405538154786e-07 -3.83611143217336e-04 2.75565375021944e-03 -6.88342819429866e-04 4.47653410413684e-05 -1.96372748575012e-06 -2.82141622080883e-05 5.74339115560125e-05 8.11448190899204e-06 2.42818251517113e-07 5.27868027476568e-07 6.65821000086024e-07 -1.15186171115409e-06 -1.34107807105727e-05 5.17874313836066e-06 3.70989798693784e-04 -2.65385494239195e-03 6.67555581610923e-04 -4.50237181490416e-05 9.29775506397983e-07 -2.62463825844979e-05 -6.18563372679856e-05 -8.74180063254804e-06 4.20754078033179e-06 -8.40782634303884e-07 1.97224744554936e-07 1.86680748808867e-06 -1.37520182623533e-05 -5.09258940452211e-06
 -8.92443870191380e-05 -5.28935680504262e-06 7.22778150445410e-04 -1.17487945433788e-04 -4.06754464746929e-05 4.05037978855807e-06 -5.96837865195130e-07 -1.23991155084929e-04 -3.14484713457370e-04 1.23771798850503e-05 -1.66747800262682e-05 -3.71506395767055e-05 -1.92990035796641e-06 9.99048761672622e-07 -4.25993532414632e-07 -6.38353217988082e-06 -2.54361534361954e-07 3.10616224711929e-05 8.76799905242298e-06 -2.53297027115479e-07 -1.51584881664005e-06 -9.17410689672623e-08 2.44762160008330e-05 -2.54789025370493e-05 2.01203321431349e-09 3.37340641000788e-06 -1.98394208922062e-07 3.57395069942683e-06 2.71120102807340e-08 1.44868619168016e-06 -3.70119638327768e-05 -3.01023942049996e-06 -1.27937463843979e-04 -6.15789595031555e-05 1.55510368108075e-05 1.72776318583784e-05 -1.85820823102742e-07 -5.29892188094589e-04 -4.86405265682432e-04 3.01524229338826e-06 2.16772141639412e-05 -2.69077502054516e-06 -7.80059002433201e-07 3.70721032891776e-06 2.46184031459236e-08 -3.11085574378491e-06 -8.70073732880542e-08 6.49971319426961e-06 3.34663548834970e-06 -4.62596240064146e-08 -3.03195686013773e-06 -1.70919058617752e-07 2.30861571400814e-05 -1.32180712565186e-06 3.67669930998706e-08 -1.01785745129791e-06 1.10999281614304e-08 -1.28413355926718e-07 3.21249123075081e-09 -4.56739450384125e-06 3.48638701853819e-06 -1.60955277842049e-05 -5.41735922352664e-05 -8.63632621404995e-06 -9.83504428579530e-06 6.76577568307979e-08 -1.02844508763422e-05 -1.66301181383026e-05 1.13239844194916e-07 3.63171188314798e-06 7.16661142883932e-08 -1.34808260347996e-06 -3.82037764292670e-08 -6.31641128425733e-06 4.14813640166084e-04 2.62326277659163e-05 -9.70884250162911e-04 4.84826065747053e-05 9.77127365742895e-05 -2.15547733888281e-04 -4.26318334816232e-06 -1.16817969314270e-03 2.00139806992887e-03 4.12952862827182e-05 1.23348696802506e-04 -3.17266141815411e-04 -7.69538382191543e-06 4.42711759475791e-05 1.56726929216892e-07 2.50423579199247e-05 -8.26107480979620e-07 2.41377961424641e-05 2.96549730256734e-05 1.03935000946000e-06 8.68581427380950e-06 3.31426375239151e-07 2.36353656483093e-06 -2.27258831887595e-06 2.75480728809379e-07 -2.22236649559527e-06 1.01787769827040e-07 5.01598393023035e-06 -2.16776137178535e-07 1.50015690097084e-06 4.25935499605444e-04 -2.89070840951929e-03 7.62264878596688e-04 2.80036857757455e-05 -4.65639493400129e-05 3.88884939434599e-07 3.68102376806904e-05 -4.15051911691881e-05 1.39417660446674e-06 1.12354108967777e-05 2.23198340652208e-07 6.63390109558292e-06 -1.94171734187832e-07 5.54522376491081e-06 -1.71414000201444e-05 4.59870784767493e-04 -6.21392955686820e-05 -4.65554482828802e-06 1.91050075057444e-05 -8.05860671231438e-06 -9.25129139153713e-06 4.80309402522505e-05 -1.90695679452269e-05 5.37898292386048e-06 -6.72801762178807e-06 3.60173566349488e-06 -5.40038160779197e-07 2.15620532487109e-06 -9.36324522419616e-06 3.88103008964323e-04 -4.49556101516728e-05 -5.68085223974028e-06 1.90418193931844e-05 7.09196953796927e-06 -1.10330015239816e-05 4.81842678048431e-05 1.86749375272482e-05 5.44793102082979e-06 6.56222638797437e-06 3.36033143817530e-06 1.25817333740509e-07 2.31446786290594e-06
 5.06485175872263e-07 4.95122935935863e-07 -1.63084273692802e-05 1.94870829747164e-06 -3.89073835166053e-07 -1.61555081369882e-06 -3.83960807903237e-05 9.47674050670916e-06 2.59710661402696e-05 4.37405304613582e-04 -1.64510224646835e-06 -8.38266437175065e-06 5.06283853164122e-05 -5.93390799023071e-07 1.74545176391435e-05 2.46895910166570e-07 4.59447716984880e-05 -5.76509156139689e-07 -4.68817417234583e-07 1.86831217795810e-05 1.53477078462769e-07 8.54497561230574e-05 7.51789077939686e-07 5.04394595180979e-07 -1.17175194983790e-05 1.23384120166906e-07 7.32671366086895e-07 4.43582493786129e-08 1.16710281673387e-05 -3.24400091495374e-07 4.88987125969808e-08 1.79563621061743e-08 -5.58486495040491e-06 2.35211447234014e-07 -9.15509180321798e-08 -1.63840666392042e-07 -1.65215532790207e-05 4.87198288182217e-07 5.64856517808477e-06 1.24692178253025e-03 -6.76235084876487e-07 -1.03554004854185e-06 -8.29410846738642e-06 -2.34448292948473e-07 9.06463629643405e-07 2.35773662350984e-08 -1.22489995314914e-05 -2.73504817396318e-08 -4.07261775098536e-07 5.72510242688955e-06 -1.22875032486380e-07 -3.28673752990037e-05 -8.97370686416553e-08 1.53032886886286e-07 -2.52591895783336e-06 -1.11450583009128e-07 -1.13308752193722e-06 3.69316909477392e-08 7.06794947083890e-06 2.53982029758007e-08 -1.36491048947202e-07 1.63846940115439e-05 1.11160762325700e-06 3.51939245236812e-07 -7.22369334202657e-08 5.17608983007800e-06 1.29956274720142e-06 -2.76281822247986e-08 6.39837928097636e-06 -3.05512724343483e-07 -1.58530725691520e-06 -4.51091015491945e-08 2.19766244658680e-06 1.67125181252046e-07 -1.13927127567867e-05 -3.56794324068754e-07 1.98144812636012e-05 -4.58569184232614e-06 -6.18442031975327e-07 5.44897265653214e-06 2.06910157655334e-04 -2.51036941995041e-06 -4.59994956031252e-05 -2.10367361741462e-03 -2.11236290214422e-06 7.80437040381534e-06 3.00386460058843e-04 -1.11890597286724e-06 -6.05533049325974e-07 6.35987770846057e-08 6.00926570560936e-05 -2.09126013614044e-07 -1.16430316948360e-06 -1.22628868279267e-05 3.79549270460587e-07 3.72161317991701e-05 1.64294785682830e-06 -5.00158825988886e-08 6.02553754470811e-07 8.51176162414923e-08 -1.46719447161655e-06 6.54918858331786e-08 5.56789194596274e-07 1.54919069660866e-07 -5.61693157505514e-06 5.07039287431069e-05 -1.22041495987307e-05 -8.61854910612577e-07 8.00831741890543e-07 -2.11583648123502e-05 -1.80308487660682e-06 5.37239926958263e-07 -4.44467856154479e-05 -3.26762982733340e-07 -5.90011695314235e-06 -1.94171734187832e-07 5.46298746036237e-06 1.18359091169508e-07 2.28853125824673e-04 -1.88545752496511e-03 4.18775505776675e-04 -2.72445794053965e-05 2.90485461759837e-06 1.72283421408936e-05 -3.97338862662468e-05 -4.00121316055038e-06 6.51203642612816e-06 8.23470352709637e-07 -3.90943966959422e-07 4.13048152915684e-07 8.54810232507031e-06 -2.21944603977320e-06 -2.35971952032479e-04 1.90231423148647e-03 -4.26944136479349e-04 2.73659052575469e-05 -3.59676572168425e-06 1.79245098994486e-05 4.00494822784457e-05 6.93149021171976e-07 4.82974174710986e-06 -1.19894452376547e-06 -7.79429896296696e-07 -4.55511974623092e-07 8.66224955385730e-06 1.74027999543221e-06
 1.43872619419664e-04 2.26793069521654e-05 -1.10368327338524e-03 5.73073180253112e-04 -1.77978407050222e-04 -2.68907511660605e-04 2.74497928843429e-07 1.33154795952066e-03 3.74079976835114e-03 1.77724060732495e-05 -5.25574894237465e-04 -1.28422119669881e-03 6.89806374541528e-07 -1.68458304626207e-04 2.86910462565656e-07 1.47123220025900e-05 8.67095325853775e-07 4.37110628234445e-05 -1.61149160818383e-04 -1.04963946333563e-06 -1.85947706793741e-05 2.05449769819496e-06 5.30486608738553e-06 -2.87282400363250e-05 6.70901331325228e-07 -5.65521013321817e-06 -5.97751963025710e-07 -9.87604222031213e-06 -1.88622256944876e-07 -2.70905403117872e-05 -1.63063817512660e-06 2.71210278234014e-06 3.16526930277578e-04 -6.62365345165081e-05 1.84266569507605e-05 8.67397955954091e-05 -5.15477546433411e-07 -8.74000388533361e-04 -1.95909099053216e-03 3.18639925673962e-05 2.10833592975953e-05 -2.91515806501826e-04 -8.24282986874732e-07 -1.07037992237249e-05 1.85216191548806e-07 -6.20630112097690e-06 -2.79041352059928e-07 8.21838825881256e-06 -5.66628832991986e-05 1.57482182596734e-07 3.49395135934114e-06 -8.56812267912711e-07 1.36777176368784e-05 1.63806507608492e-05 1.37065475208765e-07 -9.51789227569903e-06 -5.07379354368630e-08 -8.86394399559084e-07 9.37449010165595e-08 -6.69598055346581e-06 -2.85352308106111e-04 2.84964080967772e-03 -2.82074010432868e-04 2.68061820100064e-05 -2.92320224368365e-05 4.56135205358789e-07 1.21975474570385e-05 4.12850511395659e-06 4.59627385530778e-07 -6.66602867128568e-06 -4.68614972287162e-07 -7.03270683119769e-06 4.44105037313277e-08 -4.61087919373030e-07 3.42696604359189e-04 5.79318201432064e-05 -1.57210901435610e-03 -5.98248014843902e-04 3.01185860041641e-04 -5.63733984682278e-05 -5.08587913443585e-06 -5.03003376651214e-03 -8.48619327573741e-04 -2.13558872103157e-05 5.07684917247426e-04 9.68669880636934e-06 7.22794757229873e-07 -5.35668816197023e-05 6.93721999814844e-08 9.95417413716036e-05 1.91978111433710e-06 5.45293605740407e-05 -1.22433468788694e-04 -8.76297618089302e-07 1.17266167897383e-04 9.92597234507915e-07 1.84302311931015e-05 -2.77410614910756e-05 4.81724634480628e-07 1.43545707194847e-05 6.77975680253708e-08 1.63621078549271e-05 -3.40885849183325e-07 3.15156403009043e-05 3.85240459270773e-04 -2.37915860135856e-03 9.49959807213481e-04 -1.98724150409153e-05 -7.70008520336260e-05 -4.07761106351776e-07 -5.54158484023840e-05 -8.27661059553572e-05 1.24183878683779e-06 -2.44534298734977e-07 5.93405538154786e-07 5.54522376491081e-06 1.18359091169508e-07 3.19481294607319e-05 -3.59356326730152e-04 2.53803804946194e-03 -5.18552222373832e-04 -1.13385713966734e-05 -1.30144688955875e-05 -5.29546122004709e-05 -9.89789008592531e-05 -3.99762583742102e-05 -6.72119753906991e-05 -6.10158688087362e-06 8.03480610850601e-06 1.54801500739577e-05 4.66552250382635e-06 -8.88256082940505e-06 -3.76585414024298e-04 2.58076764891194e-03 -5.27373864004533e-04 -1.11625960826951e-05 -1.34499561866216e-05 5.29675070831581e-05 -1.02583050224332e-04 -4.03171243872641e-05 6.25545443932816e-05 -6.30167106518419e-06 -8.77248948384846e-06 1.47915285731353e-05 -6.32070973714276e-06 -9.17518711796087e-06
 -2.92426471765115e-04 -4.17680153865410e-04 2.03483067042492e-02 1.10162152132419e-03 8.78060071461642e-04 -2.20323750758539e-03 1.57804394350839e-04 -1.39506582299803e-02 -9.99202104971313e-03 -2.21943390740487e-02 1.08853434735479e-03 3.15531245336243e-03 6.19438363112448e-03 -1.53977458928542e-04 1.00510325416059e-03 -6.26701318174941e-05 8.66970866043040e-04 -1.39305109449564e-03 5.32315604377529e-04 1.39461360764166e-03 4.92462376312565e-04 1.44617033799572e-03 -9.27397794570726e-04 4.54306150547598e-04 -5.88179327745612e-04 2.46099772552294e-04 3.93700683158658e-04 2.52638636483021e-04 -1.44543457067202e-05 2.71005085409946e-04 -1.31419798585129e-04 -1.44933648315426e-04 -1.22151605857409e-02 6.10795158537621e-04 -2.71029784091706e-04 -3.18713105253372e-04 1.34886875702347e-04 6.48975560180931e-03 -5.95227548550885e-03 5.09913014418980e-03 -6.81064673065020e-05 8.53391390207126e-04 1.33347348978737e-03 1.36974222918845e-04 -9.16623419320670e-06 6.05743755174651e-05 1.14864470945093e-04 -6.70543681032638e-05 8.01915258304687e-04 1.79419182828656e-04 -1.44407175591469e-04 1.12177875218620e-04 3.41799812435251e-05 -1.83029465719351e-04 -8.72818012217967e-05 3.26139710751458e-05 3.12183720202590e-05 1.85843212984031e-05 5.99863555400297e-06 6.17638661818327e-05 -1.17916525772832e-06 1.03293608522930e-02 -4.44248448365225e-03 1.46520750560228e-04 -2.51688545133305e-04 -1.78868456890766e-04 5.16824475278610e-04 -1.06770084092833e-03 -8.95143760451644e-04 -2.19193021258326e-04 1.84227733533173e-04 8.14470905689605e-05 -2.54008791409762e-05 -3.31121708417596e-05 -7.05148575314587e-03 2.75900664455276e-03 -1.14366567125315e-01 2.22930770915646e-02 -8.48745109640931e-03 -8.93992949611431e-04 1.00168628796413e-02 9.34810154221088e-02 5.03645270133134e-03 -1.09292063568397e-01 -1.25249067494917e-02 -3.67067506236102e-03 1.63542755363649e-02 7.21314288611504e-04 -3.61436388778848e-04 -1.97790810115941e-03 2.57804666695238e-03 -1.27285616289797e-03 6.59225357736341e-04 -1.38556212330199e-03 -2.02753311491863e-03 1.69609892105376e-03 -6.23926519755163e-04 3.54536519347031e-05 -2.49762071104761e-04 -1.28199890211135e-05 1.13913485870965e-04 7.11160286318666e-04 2.58868251066856e-05 4.59353851600855e-04 3.28600809675499e-03 -2.14635011695412e-03 3.27992076279715e-03 9.53595749112902e-04 2.46363964553641e-05 -1.09990670313555e-03 1.43494285036380e-03 7.66518685406497e-04 -2.54541016991167e-03 8.33890184851047e-05 -3.83611143217336e-04 -1.71414000201444e-05 2.28853125824673e-04 -3.59356326730152e-04 3.21682932981558e-02 -2.02345419894259e-01 5.44903842202706e-02 -2.28259020556254e-03 2.93939484493651e-04 3.25976597007662e-03 -1.26707771890146e-03 -7.58786469927242e-05 2.00268588496617e-03 -4.46377590558031e-05 -1.13606692628179e-04 -4.57274815373623e-04 6.99834599291987e-04 -1.61423870168302e-04 6.92255445103355e-03 -1.32595400567029e-02 9.03507414684495e-03 6.94219825862083e-04 1.17659038033532e-04 -1.42257417266029e-03 2.85672944779517e-03 3.96471008365651e-04 -1.88501877682154e-03 -4.86711092288911e-05 8.92599169492227e-05 -5.33174210051425e-04 2.28118754834515e-04 1.37397983174056e-04
 -4.36345554990747e-03 2.81155671558249e-03 -1.31236146139167e-01 4.12992344649843e-03 -9.06546580824460e-03 9.25768265956420e-03 4.02813837980379e-03 9.21421411073579e-02 6.90073709884649e-02 6.04594639267465e-02 -1.50798738523385e-02 -3.24594813531427e-02 -3.86145373023712e-02 -1.58939150475314e-03 -7.43860307026172e-03 9.53770791454300e-04 -1.03164352064653e-02 9.25454175184958e-03 -4.49029239894263e-03 -9.63551356055546e-03 -2.25465748147431e-03 -1.83038253486553e-02 5.43525144054617e-03 -3.99280911012201e-03 4.54405593557690e-03 -1.17130034540547e-03 -2.15279830104527e-03 -1.29029117532844e-03 -1.40524122901394e-03 -2.25139010204851e-03 1.75089287512686e-03 6.78945637545701e-04 4.32300367970122e-02 -2.81467958922972e-03 1.81037743834497e-03 4.04101180673631e-03 1.37622162245194e-03 -6.59481863674448e-02 -3.80293775002516e-02 -1.83877347927543e-01 -1.02241077191498e-03 -8.11564764938624e-03 -5.90716796676385e-03 -4.17978729432001e-04 -6.39744234165324e-05 -4.44951864551551e-04 9.50187462172017e-04 5.91145331098543e-04 -4.04020982039143e-03 -1.65386335289511e-03 9.09094005663523e-04 3.56366231946557e-03 9.04351075243025e-04 9.04737873657391e-04 7.75759348003033e-04 -3.24807069744214e-04 -1.80091527888731e-05 -1.70150156436697e-04 -9.25411125024437e-04 -6.20497153852162e-04 3.46455045179981e-03 -5.05334356928525e-02 2.85607772468632e-02 -1.22101175374475e-03 1.21272740229871e-03 2.81928412874310e-04 -3.12035622444729e-03 5.00672998820600e-03 3.84855051096454e-03 1.35877533431018e-03 -7.62396833108712e-04 -5.59657927222778e-04 -1.45465700681727e-04 -1.01877832581383e-04 -4.96512509912800e-03 -1.24967112073974e-02 5.25329498803996e-01 -1.21616612898699e-01 5.34797362548347e-02 -5.62990985453976e-03 -7.84375396211197e-02 -6.16147550894262e-01 4.79627548592354e-02 8.34882052544396e-01 7.92069664813675e-02 6.23952009129290e-03 -1.23221560566603e-01 -2.58103465898986e-03 1.95935393640760e-03 1.30306167302406e-02 -2.09917089916065e-02 8.82892610278271e-03 -4.06009518081126e-03 8.77151552471356e-03 1.26568784278829e-02 -1.34876782170618e-02 3.76393221929590e-03 -5.31572070044568e-04 1.23691805545667e-03 2.13887021017112e-04 -3.99707699530102e-04 -3.25757749693269e-03 -2.17637302054315e-04 -1.79915697905477e-03 7.68609394634130e-03 -1.55440169779288e-01 3.10355325257318e-02 -3.97210333032858e-03 -3.33832551215484e-03 8.39607302236816e-03 -6.52710315477090e-03 -6.96864183793267e-03 1.89155982061507e-02 5.86452069986126e-05 2.75565375021944e-03 4.59870784767493e-04 -1.88545752496511e-03 2.53803804946194e-03 -2.02345419894259e-01 1.35113002830217e+00 -3.46997003907857e-01 1.48973194611666e-02 -1.32926392035732e-03 -2.03107480286070e-02 9.74434445907322e-03 2.07792146848808e-03 -1.32826728106436e-02 2.30562818405652e-04 5.21110586372434e-04 2.73882706813928e-03 -4.67306958021158e-03 1.11584496863084e-03 -1.24363380129101e-02 -1.12008001559765e-01 -3.50008764347092e-03 -7.50293364364152e-03 3.99568810325097e-04 6.28747672524338e-03 -2.18953039095130e-02 -9.63944858151263e-04 1.11424139323229e-02 5.08421403679618e-04 -2.63928679745959e-04 3.22269227911343e-03 -2.36631210340461e-03 -9.34150268740934e-04
 5.44547268155468e-04 -5.30144954720806e-04 3.55687217047147e-02 4.77105829715359e-04 -2.02593081785573e-03 -4.25479859751116e-03 1.64914925490247e-04 -9.10710650969228e-04 -6.10509512605181e-03 -3.74591560983703e-02 -7.56601889591067e-03 1.22223346370892e-03 1.09904009964341e-02 -1.64106535721108e-03 1.81388985219093e-03 -2.37794083777426e-04 1.66195216510908e-03 -2.13534773769038e-03 -3.80658170457913e-04 2.49201097160716e-03 7.74254908505559e-04 2.79457696715061e-03 -2.13953113601978e-03 6.97360891522150e-04 -1.05995258510622e-03 3.74027725402558e-04 6.88777398832995e-04 3.41065825465225e-04 1.03387999096168e-05 5.34095651737123e-04 -1.62738008424287e-04 -3.44784993592863e-04 -1.88746728006155e-02 -5.31571313664879e-04 2.16410047763881e-04 1.05991219650087e-04 1.84695978717708e-04 -1.21831523678947e-02 -3.45055211816621e-02 1.28329301701806e-02 1.03542132144666e-03 -5.07913856147018e-04 2.31018535695748e-03 2.82537434139429e-04 -1.11670663064060e-05 -8.42704964341874e-05 1.63718680666949e-04 2.28311641616614e-04 1.59769989639876e-03 3.30627777512551e-04 -6.18163446865216e-04 9.21565659754603e-05 7.25335449971979e-04 -3.41036809421172e-04 -1.59043042634375e-04 9.86950343119739e-06 5.14072961213917e-05 1.00796149561967e-04 3.10799395396141e-05 -8.02582848667818e-05 -4.83393415379361e-04 2.77138993890890e-02 -6.38494088017808e-03 3.54042482569910e-04 -2.70378494752583e-04 -2.95055997131087e-04 1.10215044225288e-03 -1.42007771554793e-03 -1.54294781432542e-03 -3.91748173051132e-04 3.13386411808169e-04 1.73331350625455e-04 -3.61262055463275e-05 9.48141160451115e-05 -1.80764704315893e-03 4.76054457258750e-03 -1.90807431929270e-01 3.11146773199928e-02 -1.45514740993631e-02 -3.44062934750621e-04 1.81408273322602e-02 1.48895891168493e-01 -1.80873717681807e-02 -1.97795252683531e-01 -2.07346270594237e-02 -4.41728940114810e-03 2.95571236467462e-02 5.28099594345307e-04 -6.34928331597589e-04 -3.17414261517760e-03 4.70288384714730e-03 -2.00529815060709e-03 -1.04712515256133e-04 -2.47321591122733e-03 -2.93743938021809e-03 3.08127108485979e-03 -8.22876653882606e-04 4.32025876072366e-05 -4.33890176968164e-04 1.26256492195396e-04 1.93948590076712e-04 1.16973238722159e-03 4.73820538960018e-05 1.01269918817203e-03 1.60573184817945e-03 1.73856162653209e-02 1.04460383651770e-03 1.24342745939706e-03 2.36627633070710e-04 -1.99095741848487e-03 2.08664362040597e-03 1.12855142991653e-03 -4.59165067678401e-03 6.52330365628530e-05 -6.88342819429866e-04 -6.21392955686820e-05 4.18775505776675e-04 -5.18552222373832e-04 5.44903842202706e-02 -3.46997003907857e-01 9.39460646334931e-02 -4.06212999899407e-03 2.19635384470335e-04 5.51381966248142e-03 -2.90953109457032e-03 -9.44498919107536e-04 3.25836522495992e-03 -1.53984036856232e-04 -6.48641551330776e-05 -7.44935776231029e-04 1.30498588698463e-03 -3.49992489117073e-04 8.81777924784604e-03 -4.31095817721741e-03 1.17681045154559e-02 1.31369853893617e-03 -1.09991865878957e-04 -2.18805805406618e-03 4.53485949481156e-03 -1.09517080437552e-04 -3.04133781038896e-03 -1.69236830845324e-04 1.58752136864792e-05 -8.81658676576409e-04 3.63284247677964e-04 1.81293389192611e-04
 -1.04482845156941e-04 -2.67451331423972e-05 1.37539602526243e-03 -6.86591081988825e-04 4.05273839317294e-04 2.90442542518892e-04 -2.81622626184448e-05 -2.33888092490156e-03 -2.02778825922595e-03 2.78228896763642e-03 9.60324030726813e-04 8.80170533529750e-04 -7.49175828074089e-04 1.78604887529105e-04 -1.20254420392830e-04 -2.23480623404002e-05 -9.84424312608452e-05 -2.11023604660091e-05 1.28755400018982e-04 -1.64423412440877e-04 -1.58212794645031e-05 -1.63684976756670e-04 3.25455616567223e-05 3.36764751355064e-06 6.86786168102782e-05 -9.00774188065141e-06 -4.72049266619728e-05 2.52361326074365e-06 4.21899773911772e-06 1.39049038375083e-05 1.18904112169610e-05 6.92641018235699e-06 -6.74872606712760e-04 8.41703889532376e-05 -8.08498460700759e-06 -7.54217401471556e-05 -1.86876163899596e-05 1.39190746395469e-03 2.76665005421628e-03 -4.22692087151661e-04 -7.22667188270643e-05 2.09745138076343e-04 -1.64159842233211e-04 -4.39993955157964e-06 1.06866259360133e-06 1.14790893751000e-05 -1.59414372702905e-05 -2.15558280629222e-05 -1.51232701714420e-05 -2.11947403741491e-05 2.09990842404437e-05 -1.95796880759613e-05 -5.14463431570215e-05 3.17590899892727e-07 1.01079932163378e-05 6.73633720612166e-06 -3.92565184612120e-06 -4.48148506621247e-06 5.89154638675079e-07 1.57758692551236e-05 -5.45192214638685e-05 -1.18442321554127e-03 -1.27415024849465e-04 -1.74041475421190e-05 -8.90717649803644e-06 2.23491197764735e-05 -3.74601928636617e-05 3.88297543319914e-06 1.09468182712128e-04 1.26663055780455e-05 -2.18857450493423e-05 -1.58157989381383e-06 3.37214711317777e-06 -1.08048921330890e-05 7.65281820516300e-05 -2.45425308777567e-04 8.95527006437675e-03 -9.49042393516042e-04 1.68173879971418e-04 1.15952038296856e-04 -1.18092870817252e-03 3.66347016738352e-05 7.73820042845533e-04 1.30092211148571e-02 1.43124648165080e-04 1.22756736699924e-04 -1.94816587675575e-03 1.62996899679643e-05 4.44629072972171e-05 -1.47152233871568e-06 -3.06843087760742e-04 -7.70049272739583e-06 1.13751751928224e-04 1.68917668500440e-04 -2.09023778082306e-05 -1.98493439507117e-04 -1.70456316188745e-05 1.76476809579324e-05 2.95034999214686e-05 -1.95095924911292e-05 -1.45454490008403e-05 -6.24453609383150e-05 -4.03009475066925e-06 -7.33877627271686e-05 -6.27254254897356e-04 2.97604035592237e-03 -1.20777979255542e-03 -3.65921278613372e-05 7.99492327501856e-05 1.31374565565222e-04 -3.36665737915608e-05 5.41616307731473e-05 3.00177402743829e-04 -5.67136943625183e-06 4.47653410413684e-05 -4.65554482828802e-06 -2.72445794053965e-05 -1.13385713966734e-05 -2.28259020556254e-03 1.48973194611666e-02 -4.06212999899407e-03 2.42047232919101e-04 -6.52911710032185e-06 -1.92498976215424e-04 3.07546780753667e-04 7.65974737922891e-05 -5.04661645209346e-05 1.10371828756850e-05 -3.64179520785387e-06 7.08641181222424e-06 -7.56386717855327e-05 2.60145464040733e-05 7.37311711357987e-04 -7.59006959235275e-03 1.35670263214392e-03 -1.12861419006651e-04 1.48588906580506e-05 -2.65486260692116e-05 -1.76263720570303e-04 2.08359556752818e-05 4.40267658983220e-05 1.15685425199993e-05 8.21421743970381e-06 1.73334896283696e-05 -3.19999759654356e-05 -9.46524420920420e-06
 -3.18715353066107e-05 -7.31000536555694e-05 3.70718797229692e-03 -6.50897269869331e-04 4.81491307804772e-04 2.65543445993696e-04 -5.50784723460588e-05 -4.36987410251650e-03 -4.58934536958225e-03 9.17082516221536e-04 1.52003038361416e-03 1.10630915414175e-03 -3.09408464708689e-05 2.38150776967735e-04 6.25362318148164e-06 -3.41340865955433e-05 4.51851935171387e-05 2.97940980839325e-05 2.39504736783200e-04 4.65890173705000e-06 -2.01407027816528e-05 8.78444334243143e-05 1.40191101262429e-04 -6.57296322277599e-05 -7.65218036755990e-06 1.88654930765721e-05 -4.76846028620741e-06 2.62218399099615e-05 1.56543565122377e-05 2.57325208500899e-05 -9.33769118934769e-06 5.65476874349744e-06 1.02535837914156e-06 -3.15813244761555e-05 -3.55213506740341e-05 -5.20847990047173e-05 -2.34497872588562e-05 1.89609543091895e-03 1.49532255960752e-03 1.52528616410774e-03 -1.99155608470485e-05 3.48712219556113e-04 -3.25363554778678e-05 1.87885005211935e-05 1.06813118888130e-06 1.67837079708190e-05 -1.77014913104872e-05 -2.47572180646925e-05 4.24762220811590e-05 4.64940982753208e-06 3.43990625220341e-05 -4.40882958713726e-05 -2.71292063582905e-05 -1.62929517851415e-05 -2.12618280223679e-06 6.89072352246837e-06 -1.89920476976681e-06 -7.75065413292486e-06 9.14618898780888e-06 1.32959413586384e-05 1.43033197344446e-04 -2.12533994710159e-03 -2.30471260142232e-04 -5.75843319987069e-05 -4.23431706553120e-05 9.04074534407271e-06 -7.63231419196507e-05 -1.11976809453218e-04 2.08388131013243e-05 2.10023154558850e-05 -3.68415117444993e-06 -3.05511124326701e-06 2.90473437148514e-06 -4.05552617184356e-05 7.68833407623260e-05 -1.10345580222791e-05 -5.91550463174278e-04 6.98256234015425e-04 1.20340112506231e-04 -7.44442297204490e-04 1.15209140772191e-04 6.28606934706555e-04 9.43461331820434e-03 -9.78701276853135e-04 -7.51410642974584e-05 -1.17243946183659e-03 1.24374331020209e-04 2.40922396490415e-04 5.00450490939975e-06 -9.25166284244278e-06 3.55172773126294e-05 1.89923016136793e-05 3.04966946778442e-04 9.27833247539164e-06 -1.01744876893787e-04 2.42132447442109e-05 -4.01362364683380e-05 1.29971525513028e-05 4.84006557855113e-06 -3.44470857735478e-05 -3.18097832625618e-06 -4.66368580474317e-06 -1.45153470235141e-07 -5.26262759858928e-05 1.33469627768920e-03 -8.75131160884442e-03 2.03508268238377e-03 1.29853425313805e-04 -9.89928060720658e-05 -9.70412463968667e-06 1.76787174941138e-04 -4.15094327947972e-05 -1.71857861936023e-05 4.17090490620381e-05 -1.96372748575012e-06 1.91050075057444e-05 2.90485461759837e-06 -1.30144688955875e-05 2.93939484493651e-04 -1.32926392035732e-03 2.19635384470335e-04 -6.52911710032185e-06 1.00015018295313e-04 1.57255319466928e-05 7.32144553091824e-05 2.59319053681121e-04 -5.13132087066433e-07 3.22329743498960e-05 -4.06791816033484e-05 -1.58956470249224e-07 -9.92384269061382e-06 1.75995320700719e-05 1.03518499212582e-04 5.49025042914563e-04 -1.48429404350698e-04 1.75596995770708e-05 9.44066528488407e-05 -3.01156803199016e-07 1.15622242537804e-04 2.59770615353333e-04 1.82907958934280e-05 3.02014914373106e-05 3.98335028078396e-05 -3.25900834644430e-07 1.96053230896477e-05 1.94976128123640e-05
 8.28455109278317e-05 -5.91077223546350e-05 3.27403460743992e-03 -2.13825709306050e-04 6.98542134902263e-05 -1.78689566788591e-04 -7.29595256178259e-06 -1.40250977932552e-03 -1.97217660265684e-03 -1.26069007289222e-03 -1.79445847967355e-05 6.87819190131473e-04 4.25085170348450e-04 -2.18519840369186e-05 7.29097080229341e-05 -2.76380552995054e-05 7.63697816771572e-05 -1.89440378635511e-04 5.50025818233008e-05 1.00416182948593e-04 5.23811722682360e-05 1.30090493779461e-04 -1.49738700575738e-04 6.59764144891288e-05 -4.38653721665804e-05 2.75861397299896e-05 2.63355520088768e-05 2.87940631038227e-05 4.30855729136686e-06 5.23998604239979e-05 -2.41300566567659e-05 -2.12206550144208e-05 -1.33116235708143e-03 1.89959148111003e-05 -7.02946808438775e-06 -4.31899259685705e-05 2.12002932177986e-06 2.71852736224060e-04 -1.08829333956926e-03 8.65609025766928e-04 5.11116505462174e-05 1.10043928918426e-04 8.37743661023061e-05 2.21853023292321e-05 -1.88907430587335e-07 2.08119119281082e-06 2.36405388477968e-06 2.56671799610382e-06 1.30183378729175e-04 1.39807643377752e-05 -3.46789306186747e-05 -7.20040498756443e-06 1.87184825271310e-05 -2.97446807598728e-05 -6.78352794808209e-06 5.57019007440811e-06 1.59358270740569e-06 5.69737780471256e-06 3.41411330122375e-06 4.01524488971089e-06 4.98785857822804e-06 1.10206571218386e-03 -4.78486197584641e-04 1.63540273903048e-05 -1.79012283724594e-05 -9.53224344130604e-06 6.62664837535750e-05 -1.12270486722913e-04 -5.60069922550441e-05 -2.50509571233790e-05 1.15531870271150e-05 1.43723116609246e-05 -6.39229552086252e-07 3.03087090777185e-06 -4.71881197139094e-06 2.80612466449064e-04 -1.17110268631096e-02 2.33578584599464e-03 -1.16803323713151e-03 4.05727646764445e-05 7.44754170466553e-04 1.30580587814823e-02 -9.93127357127915e-04 -8.03128209915838e-03 -1.72450866783513e-03 -2.68948112432706e-04 1.19553266968854e-03 5.84886220196004e-05 -2.35537438805482e-05 -2.76898223001337e-04 1.93247077416820e-04 -1.77421271772054e-04 6.35576571405172e-05 -9.52677893241998e-05 -2.68211476561263e-04 1.28842296838199e-04 -8.04115375756279e-05 1.48439003440871e-05 -1.67701162722613e-05 -7.99716818822894e-07 6.42016348842950e-06 6.85224123639164e-05 1.03004232808626e-06 4.62905324672219e-05 -1.68975601922539e-04 3.01280247898558e-03 -5.49393231100035e-04 9.07650030007659e-05 6.45997899638246e-05 -8.05421153415007e-05 1.63068625373410e-04 1.32830178746301e-04 -1.87423540188711e-04 2.62897019086369e-06 -2.82141622080883e-05 -8.05860671231438e-06 1.72283421408936e-05 -5.29546122004709e-05 3.25976597007662e-03 -2.03107480286070e-02 5.51381966248142e-03 -1.92498976215424e-04 1.57255319466928e-05 3.57269947510381e-04 -3.96015394708799e-05 -3.15128077862947e-05 2.58277859622613e-04 -7.13752491766882e-06 -7.91131432065184e-06 -6.17723704692322e-05 6.28122511658913e-05 -1.21628760705712e-05 1.41508576450323e-03 -6.35402937090592e-03 2.18716804527937e-03 2.46466016767832e-05 2.04406211095366e-06 -2.22613502826415e-04 2.66214668731854e-04 1.83638799949410e-06 -2.44262378681823e-04 -8.12758259575297e-06 6.92885875720528e-06 -6.64273927016797e-05 6.22943950825845e-06 8.91661333999729e-06
 -3.12914463811875e-04 -1.25482330253917e-04 4.07549170935224e-03 -1.41419515506482e-03 1.47102140386449e-03 7.96767058750927e-04 3.63321375707200e-05 -9.78392691589788e-03 -1.09351186226745e-02 2.17572583878459e-03 3.88464316379854e-03 4.08500291899956e-03 -8.98751015785055e-04 7.57281830201475e-04 -1.61810464208659e-04 -3.38645140480222e-05 -1.90863194154687e-04 -1.86888617671382e-04 6.89294207279045e-04 -2.07277391264199e-04 2.71786782139802e-05 -3.33975388615672e-04 1.17974084838634e-04 8.82444918931853e-05 9.26677458077841e-05 1.56987891186931e-05 -5.05716710849273e-05 4.28562697155374e-05 -1.60345603360714e-05 6.53065803757111e-05 -2.23638736145988e-04 1.99769571935882e-05 -1.14012628763733e-03 4.80804874180247e-04 -1.89682206425369e-04 -3.80173008400559e-04 1.07219460898264e-05 8.12025573706879e-03 1.14125825254589e-02 -2.76686490332793e-03 -2.92250337732553e-04 1.15044581468756e-03 -1.61070102657836e-04 4.74533806987019e-06 -1.22722905365186e-06 6.21196583648190e-05 5.21402460398315e-06 -1.07530233206765e-04 5.22386419358507e-05 -3.32377929388746e-05 8.57261476469852e-05 3.99433640045461e-05 -2.18660978782695e-04 -2.53736151269629e-05 1.48772227481791e-05 3.41815944810844e-05 -2.18744397752019e-06 -1.55074079769548e-05 -1.19761751020463e-05 6.83867879465699e-05 4.61571032888954e-04 -7.67921294367204e-03 -1.06756929827393e-04 -7.59611697382796e-05 -9.70795703328011e-07 1.35713192137931e-05 -9.41826519583117e-05 -1.08916844193833e-04 1.04758375837635e-04 2.08893501392460e-05 -1.90030490981452e-05 6.54753779037885e-06 -7.20349460547537e-07 -4.03382709253036e-05 -2.46836728232928e-03 -2.83124363561292e-04 7.76905313681484e-03 2.17066635444828e-03 -6.25262604021797e-04 -1.82531631213804e-05 -1.63098301465700e-03 1.41419936176906e-02 7.57528337269585e-03 1.78557200769219e-02 -1.28906618779279e-03 -3.22150140115238e-04 -2.64473284397656e-03 2.68033377676049e-04 4.91659898009199e-05 -2.83563058456884e-04 -4.43572100894121e-04 -1.83544224717892e-04 5.99040190610843e-04 2.08091390763790e-04 -3.94758016894704e-04 -2.81093974341714e-04 -1.25346714478942e-04 6.98122423444535e-05 2.93391398056847e-05 -7.53522313101195e-05 -1.31255989142209e-05 -6.28127543256062e-05 -5.34905638406326e-06 -1.63806202126593e-04 -4.75687452299584e-04 3.39057120331659e-03 -2.00237781315833e-03 1.00415980468168e-04 1.86005830275017e-04 1.80666559327381e-04 1.73840559373085e-04 2.69058210746143e-04 4.00772249835617e-04 1.10708350860093e-05 5.74339115560125e-05 -9.25129139153713e-06 -3.97338862662468e-05 -9.89789008592531e-05 -1.26707771890146e-03 9.74434445907322e-03 -2.90953109457032e-03 3.07546780753667e-04 7.32144553091824e-05 -3.96015394708799e-05 7.08373209120035e-04 3.17105368131747e-04 1.55983966883308e-04 3.47223760379656e-05 -4.56192076302087e-05 -4.34078120907425e-05 -1.09681428753229e-04 5.87745560124852e-05 2.86535981575725e-03 -2.14085338714001e-02 4.47405179551571e-03 -1.73431332083005e-04 1.09171795343229e-04 -2.60507266528721e-04 5.37776511601151e-05 2.50706504482004e-04 -1.70380163558705e-04 3.97534526948359e-05 5.49165922638102e-05 -2.91729614947785e-05 -3.23925285384414e-05 1.46415424523662e-05
 -2.92974576522076e-04 -2.17504207903048e-04 1.27347024230100e-02 -2.64266076797379e-03 1.38941722003898e-03 7.36475440427386e-04 -7.31882408748774e-05 -1.25746128365698e-02 -1.16752214964142e-02 1.71425030109702e-03 4.29619156883036e-03 3.24435291694732e-03 -2.14976615336765e-04 7.46680136734397e-04 -2.26111777535737e-05 -1.28798546860459e-04 2.66027656844809e-05 6.47245228762500e-05 7.22780192814198e-04 -3.08444003745018e-05 -4.93005398750404e-05 6.06219206010815e-05 3.76051978376022e-04 -1.52107690798309e-04 5.65463840844784e-06 3.99991974878933e-05 -1.60401058392401e-05 7.40813659847360e-05 1.93515657148995e-05 9.64543292292711e-05 9.60695349624807e-05 5.23428654522212e-06 -1.38990818649808e-03 -2.01689997971044e-04 -3.80126632561194e-05 -2.22167691819656e-04 -3.12481776909575e-05 4.40585188506229e-03 7.54003167228132e-03 1.61833329621058e-03 -2.10256671873810e-05 1.02341596897810e-03 -7.77886676398157e-05 2.31684208415458e-05 1.07824607424391e-06 3.97470617497982e-05 -2.40974772602175e-05 -6.07332729785957e-05 3.13581957346644e-05 6.63424796163178e-08 7.46990618475069e-05 -5.42636566728100e-05 -5.84638612948173e-05 -2.36737754288863e-05 -2.48982846556184e-07 2.18035439125942e-05 -2.98590375145364e-06 -1.91378292404506e-05 1.07033187116849e-05 3.97614196482337e-05 -6.60453804215904e-05 -4.45836621011795e-03 -1.43589865054372e-03 -1.27059511814006e-04 -1.56844312534998e-04 1.48557160430132e-05 -1.94285803337409e-04 -2.91397755085334e-04 4.79089889194692e-05 4.91968198024936e-05 -7.38816618674667e-06 -1.07813744204194e-05 3.45421686367124e-06 -1.09558459488042e-04 5.54918684671459e-04 -1.49673850819692e-04 2.82682047812885e-03 1.59672344619370e-03 3.77593561016423e-04 -1.88452830966941e-03 -1.43097106182147e-04 2.14644224442349e-03 2.52624912857240e-02 2.05723099874446e-03 -8.85404885042605e-05 -3.11315969894556e-03 -3.34158112026575e-04 6.43393128346769e-04 1.63383067894491e-05 -3.74279792784767e-05 -3.62853029163079e-05 2.41582954930686e-05 8.72131172959559e-04 5.58557981074162e-05 -2.86041137714697e-04 -1.90371454079676e-05 -1.22512524598238e-04 3.51463949073886e-05 1.30568309766373e-05 -1.00767248693313e-04 -6.22858418302080e-06 -4.05015273056362e-05 -8.45368560656545e-07 -1.75826375520177e-04 3.16130080577671e-03 -2.13226260976342e-02 4.60238996334443e-03 3.20590387730546e-04 -2.18211806522502e-04 2.11074463950523e-05 4.44413099304613e-04 -8.74812396512263e-05 5.34873978589714e-05 1.05506271200309e-04 8.11448190899204e-06 4.80309402522505e-05 -4.00121316055038e-06 -3.99762583742102e-05 -7.58786469927242e-05 2.07792146848808e-03 -9.44498919107536e-04 7.65974737922891e-05 2.59319053681121e-04 -3.15128077862947e-05 3.17105368131747e-04 7.23376376164096e-04 -2.48165684927674e-05 8.92924389829487e-05 -1.10327970009939e-04 3.08236668267178e-06 -5.65135154877555e-05 5.38058334858627e-05 4.64290127401524e-04 -1.27583436845445e-03 -3.78942306987141e-05 1.92207190029515e-05 2.57953023709937e-04 -4.90294179808677e-06 2.56201300603212e-04 7.12410456511707e-04 5.30936619626231e-05 8.77551196317579e-05 1.10491765861770e-04 5.01189094194628e-06 4.48506973852970e-05 4.97018660425198e-05
 3.84506772794509e-04 -6.34059401063717e-05 1.68616884686888e-03 -1.15882791960503e-04 4.33526119333447e-04 -3.78711254990221e-05 -1.69120612770794e-04 -2.70454888091449e-03 -1.81957631946313e-03 3.25373596212106e-03 1.02428382601225e-03 1.28788065331178e-03 -2.12908126518449e-04 2.03540328564659e-04 2.66691284789802e-06 -2.11323299338017e-05 1.27500642929122e-04 -2.03616951214879e-04 2.03622459349513e-04 -1.43122333808347e-05 1.74460182747734e-05 2.46314423132910e-04 -5.77436257804669e-05 1.41017888901072e-04 -9.43316110621264e-06 1.10285489278295e-05 -2.22710308484869e-05 1.42821398834162e-05 4.86380257495974e-05 5.82735330618101e-05 -2.69358014310194e-04 4.00060470362470e-06 1.29414474913165e-03 1.10964317458077e-04 -1.04355995756178e-04 -2.05847472405855e-04 -7.47519174744467e-05 3.97276561968604e-03 5.54688873333709e-03 4.68734664659820e-03 3.29087623511063e-05 3.87202743854572e-04 -1.22584562854923e-04 -1.61528596638947e-05 3.93897892313021e-06 2.25370417043594e-05 -5.72610704500358e-05 -3.95094736017576e-05 1.30456946318390e-05 1.08697045205617e-05 5.77310532697306e-06 -1.40909882731786e-04 -1.07136298589648e-04 -2.66492025056069e-06 -4.66181160614535e-06 1.40856295703763e-05 -6.78008393199802e-06 1.92030787653230e-06 2.84531016050879e-05 3.16390955400286e-05 -1.33450334065335e-04 -5.12172512528200e-04 -5.72483073957993e-04 3.57822565719296e-05 -6.67861500352163e-06 3.25209890975674e-05 4.23052031871601e-05 -3.91921317434897e-05 8.51575494408404e-05 -2.84227327527596e-05 -1.79272167425095e-05 1.11904434465161e-05 1.05241619799453e-05 1.06388422031495e-05 3.44518828478913e-03 1.39303328146675e-04 -5.95759893729886e-03 2.73735989789418e-03 -1.12244058178340e-03 4.69763310607945e-04 1.72561414998985e-04 1.44173363165995e-02 -2.66121005824327e-03 -1.15958475998343e-03 -1.65697273842199e-03 4.61538936086778e-04 1.15665317214412e-04 1.25678279401084e-05 2.27253776152571e-05 -3.01093319309289e-04 6.74801243752181e-05 -2.22348930029995e-04 1.31598689032678e-04 4.55722216159788e-05 -2.79705538878277e-04 4.16564506656133e-05 -9.26790766552393e-05 1.90831390834720e-05 1.69239906807136e-05 -1.38036576991548e-05 -1.47533789362799e-05 4.11202389583372e-05 -1.94005453054774e-06 -1.72105649160973e-06 -8.49329154550091e-04 7.64509069966059e-03 -2.07679077508949e-03 3.69026918173833e-05 1.58511094254190e-04 -1.08727335831951e-05 6.95122196764419e-05 2.21223431337257e-04 -1.45278443607211e-05 -1.75782396013527e-05 2.42818251517113e-07 -1.90695679452269e-05 6.51203642612816e-06 -6.72119753906991e-05 2.00268588496617e-03 -1.32826728106436e-02 3.25836522495992e-03 -5.04661645209346e-05 -5.13132087066433e-07 2.58277859622613e-04 1.55983966883308e-04 -2.48165684927674e-05 2.95696742573658e-04 -4.90650336406584e-06 -4.94840011019566e-06 -6.27086125305168e-05 1.82977437941502e-05 3.77489840658984e-06 1.82937404162388e-03 -1.06833019270065e-02 2.89733321489675e-03 -3.07504789106754e-05 -1.31009399519988e-05 -2.40435952235405e-04 2.09856611289514e-04 -3.55718836032785e-05 -2.51380308180700e-04 -1.22518988191639e-05 5.29248155203897e-06 -5.89504987764202e-05 -7.25609291614272e-06 -5.55679456676744e-07
 -7.18646863101113e-06 -3.21751976171604e-05 1.97368698484699e-03 -4.51754167183355e-04 1.71678693609185e-04 1.35127780124652e-04 -3.26026616556057e-05 -1.59594564168714e-03 -1.89441267478164e-03 6.39652087947403e-04 5.13443758661476e-04 4.89238982945053e-04 -4.66437330416067e-05 8.49200346732875e-05 -7.50779727154384e-07 -2.38631580907068e-05 2.28620855898744e-05 6.87890041741441e-06 8.16062344459391e-05 -3.84649942072450e-06 -1.19562020072184e-05 4.50353061515875e-05 3.99758498090548e-05 -2.61906638277219e-05 -1.48962573899178e-06 5.43783418160277e-06 -4.63574568675431e-06 9.59138026075500e-06 9.29435516825858e-06 1.73548131634181e-05 -2.94790173940036e-05 -4.05680216897420e-07 -1.56686869760837e-04 -4.69908910478891e-05 5.86160366278102e-06 -1.62781357331121e-05 -1.43700288097585e-05 3.19661055708449e-04 3.30628940678474e-04 8.76920877843278e-04 1.53683740932418e-05 1.19258055091146e-04 -2.49069267345959e-05 8.65569726837358e-06 7.48660893884023e-07 3.29751281317983e-06 -1.08972431155713e-05 -3.59084700899852e-06 2.47517035752614e-05 1.84664531075720e-06 5.20882449146201e-06 -2.65968580282161e-05 1.79933641903352e-07 -8.10231893628883e-06 -7.85891283484782e-07 2.69866501611901e-06 -1.24859036402195e-06 -1.68328850967556e-06 5.32036574665995e-06 3.01305185358872e-06 1.59316514683465e-05 -6.09549548044129e-04 -1.25730849048856e-04 -2.17444083952552e-05 -1.68457659157433e-05 6.21500240563560e-06 -2.78812772074999e-05 -3.79103617991045e-05 1.65876235064756e-05 9.09588196951767e-06 -3.23028349405316e-06 -1.10935479243270e-07 1.91515363372777e-06 -1.40240342694019e-05 1.58220152280542e-04 -4.20873120904806e-05 1.25013155731494e-03 -5.85447592079115e-05 3.82961736980059e-05 -2.37524538837901e-04 2.26148604516274e-05 3.68501756948820e-04 3.07228407126927e-03 -8.94256829349697e-05 -4.49521167074080e-05 -4.02243725597192e-04 1.81309108457599e-06 7.99315960187929e-05 4.54631345618768e-06 -7.38770516269319e-06 9.50370156769734e-06 4.51639633222547e-06 1.08586953472930e-04 1.08886447094004e-05 -3.79561351147884e-05 5.94043514308998e-06 -1.48144702990948e-05 8.12593889652083e-06 3.88684493007292e-06 -1.31226573036178e-05 -2.52944089801584e-06 -1.30786815840887e-05 -4.92938941074734e-08 -2.68118793182406e-05 2.85220143398990e-04 -2.16707632386370e-03 4.24724754826190e-04 3.58980353136371e-05 -1.60456627516528e-05 -8.00137009383607e-07 5.75766889617997e-05 -6.47200329808824e-06 8.55269650491539e-07 1.31725092914282e-05 5.27868027476568e-07 5.37898292386048e-06 8.23470352709637e-07 -6.10158688087362e-06 -4.46377590558031e-05 2.30562818405652e-04 -1.53984036856232e-04 1.10371828756850e-05 3.22329743498960e-05 -7.13752491766882e-06 3.47223760379656e-05 8.92924389829487e-05 -4.90650336406584e-06 1.25789526912801e-05 -1.36705926018432e-05 8.75474305517828e-07 -6.54734525303103e-06 7.04749292952292e-06 -4.45176146956058e-05 4.95651054844556e-04 -1.67896419439183e-04 1.17450325155549e-05 2.97759056176480e-05 8.28736525366190e-06 4.09139601192902e-05 8.69402048971995e-05 1.43441364496923e-05 1.12701476498667e-05 1.33155980152942e-05 1.27607805819222e-06 7.85960498244764e-06 6.49176554924008e-06
 7.38674382722711e-05 4.16184567912539e-05 -1.94165729952825e-03 2.84840668780229e-04 -3.19617922417253e-04 -9.63770674946133e-05 7.12664169769956e-06 2.53459168921638e-03 1.76443452106275e-03 -9.00628511882837e-05 -8.61013428556586e-04 -4.70276434589960e-04 -1.66998119435552e-06 -1.09706524122417e-04 -1.41038394976760e-06 1.75966700572230e-05 -5.80117270157477e-06 1.33232647900661e-05 -1.06692762266700e-04 -2.41935044520875e-06 1.13615197347938e-05 -1.15122907359133e-05 -5.31582394581339e-05 2.29471746893257e-05 1.84016872958594e-06 -7.72630208724917e-06 8.51190409846305e-08 -1.32654313055319e-05 -1.94494588439499e-06 -1.25280917426272e-05 -1.00807325092443e-05 -3.99731592145619e-06 2.43913776865256e-04 -1.80566728454530e-05 2.28080764834943e-05 3.02478761382278e-05 2.61384017155861e-06 -1.31097466301118e-03 -9.02515594963573e-04 -1.81122858632816e-04 3.02253520753225e-05 -1.53443266368426e-04 3.03855086433769e-06 -6.34021127194396e-06 -2.51432401075967e-08 -1.13347115193389e-05 2.00297639328782e-06 1.84144848467000e-05 -1.42251371329431e-05 -7.02919407208081e-07 -2.15517277227534e-05 5.03534586189987e-06 3.01264587710149e-05 6.13379577189203e-06 3.85921226795332e-07 -3.30994594330078e-06 1.81740984823159e-07 4.77062044842811e-06 -1.13054896494556e-06 -1.11740260337904e-05 2.77911082706344e-05 3.41733952648022e-04 2.72570656549688e-04 1.96982645657665e-05 3.15079836622759e-05 -7.68069768504976e-07 3.12364447487897e-05 6.29860724815665e-05 -1.23698401848515e-06 -6.98538499182028e-06 -1.44206255691215e-07 1.91227400333332e-06 -1.94437117817810e-07 2.08027830566206e-05 -1.58564646767587e-04 2.11668809280021e-05 -2.71463910346325e-04 -2.22920149605289e-04 -1.48670654962917e-05 2.77538880584182e-04 -2.40760366430058e-05 -8.21586760675048e-04 -3.83105274536162e-03 1.97772092634033e-04 1.05617585484488e-04 4.70870384162967e-04 -2.67666811277704e-05 -1.00161749238250e-04 -2.83206953848301e-07 1.78543808871191e-05 -5.69287959725481e-06 6.64936597911346e-06 -1.41761251848978e-04 -8.34641553352959e-07 5.71669938243339e-05 -4.52052861720351e-06 2.92042839792246e-05 -4.88235485294859e-06 -4.29824318596728e-07 1.73198413719091e-05 1.09169275672177e-07 5.59063963872968e-06 -6.50849263319207e-08 2.97207746101855e-05 -4.67670286653977e-04 3.00403564752185e-03 -6.83516943126005e-04 -5.14610989584349e-05 2.93990965042496e-05 1.93363910647713e-06 -7.00396862609486e-05 1.25994658133221e-06 4.09401898023601e-06 -1.57545074222500e-05 6.65821000086024e-07 -6.72801762178807e-06 -3.90943966959422e-07 8.03480610850601e-06 -1.13606692628179e-04 5.21110586372434e-04 -6.48641551330776e-05 -3.64179520785387e-06 -4.06791816033484e-05 -7.91131432065184e-06 -4.56192076302087e-05 -1.10327970009939e-04 -4.94840011019566e-06 -1.36705926018432e-05 1.77643045915352e-05 1.73486260091020e-06 6.17534905691364e-06 -6.96171214347866e-06 -7.63775991525798e-05 1.58932324251819e-04 1.17823128567507e-05 -9.05900473770276e-06 -3.98730943645222e-05 4.80941219964907e-06 -5.56480975513330e-05 -1.11142009519800e-04 6.84792620183930e-07 -1.35495883032033e-05 -1.76936165329788e-05 1.85370469926284e-06 -8.81231453629936e-06 -7.87395082692484e-06
 1.75699970359446e-05 2.26413286920174e-05 -8.55245464280991e-04 2.56200845626112e-05 -1.47550344351430e-04 1.95910766718463e-05 1.29523206275892e-05 1.03732158790791e-03 6.55890380588817e-04 -3.09715539848955e-04 -2.47964538465919e-04 -2.37143874518697e-04 3.77832687454037e-05 -5.53579926918843e-06 3.58056780359474e-06 7.02494569809664e-06 -5.75556939309177e-06 6.90199560652970e-05 -1.77519018946216e-05 5.48092302764777e-06 -7.48872694596983e-06 -1.15696135385170e-05 4.10638791947330e-05 -1.72902104705618e-05 -1.27503117736793e-06 -6.30085046842734e-06 2.88353366971897e-06 -8.04840092270359e-06 -3.56349956686728e-06 -1.17280717343952e-05 7.17323626266002e-05 1.81867697176393e-06 4.39659399728601e-04 -5.99578202231171e-05 1.59504839593341e-05 1.30980786866935e-05 5.54834027729874e-06 -7.18035179610567e-04 2.69703453643470e-04 -3.09268719673092e-04 1.99745797958325e-05 -3.94719123597725e-05 1.34429287335762e-05 -7.66308819458323e-06 -3.08382505615121e-07 -5.93743971102886e-06 4.35438494880071e-06 9.02009129583493e-06 -3.95605040488633e-05 -5.16055276075881e-08 -1.93546548785341e-06 1.05205893909665e-05 1.89283041145096e-05 9.66060495242305e-06 5.45668630786259e-09 -1.97010033512591e-06 5.61923337151785e-07 5.59129155432977e-07 -1.98194809507730e-06 -6.73966546300335e-06 1.59861701321013e-05 -4.29778072157045e-04 1.52115692455598e-04 -1.89717143016429e-06 9.64182329965225e-06 -2.91036367388898e-06 -1.11207711075956e-05 3.89185232112849e-05 -9.00266310718537e-06 4.89753394488170e-06 1.79917696052255e-06 -3.24455810278930e-06 -8.52855426113783e-07 3.02021108122267e-06 -3.22317420491742e-04 -3.48371074231948e-05 1.64010944225584e-03 -3.61787155358411e-04 2.97758365872208e-04 -5.44382929214343e-05 2.35881053447928e-05 -3.53146509601593e-03 4.55490902558563e-04 -3.21247756963179e-04 4.72983487125262e-04 1.08545317841038e-05 5.23971702060702e-05 -1.03284866830614e-05 -3.03721167318782e-06 7.65969238273041e-05 5.07504950098270e-06 5.22908310626038e-05 -2.77020117630137e-05 -8.46979480851101e-06 7.55318813352199e-05 2.28638078664977e-06 2.94670090190909e-05 -5.67045913011235e-06 -1.82276572537079e-06 3.42544894188910e-06 1.57285916345847e-06 -7.84639722307864e-06 6.05708369945071e-07 6.73898785665713e-08 1.90481669284789e-04 -1.64315978656389e-03 3.83548633499056e-04 -1.47446178425389e-05 -3.34358326260711e-05 -3.40614919055935e-06 -3.21221349297172e-05 -5.01308532280205e-05 -7.39541688293562e-06 1.51998728195614e-06 -1.15186171115409e-06 3.60173566349488e-06 4.13048152915684e-07 1.54801500739577e-05 -4.57274815373623e-04 2.73882706813928e-03 -7.44935776231029e-04 7.08641181222424e-06 -1.58956470249224e-07 -6.17723704692322e-05 -4.34078120907425e-05 3.08236668267178e-06 -6.27086125305168e-05 8.75474305517828e-07 1.73486260091020e-06 1.61077004107045e-05 -3.52473961423662e-06 -5.11490837451080e-07 -5.38576082783111e-04 3.25375253497827e-03 -8.87666747101324e-04 1.68295043025130e-05 -1.65782394734628e-07 6.74213535518366e-05 -3.31904110840415e-05 5.33780722810842e-06 5.93219172532637e-05 1.31425612395604e-06 -2.28870145607884e-06 1.53236051946707e-05 5.64776039336353e-06 8.89724860593747e-07
 3.54515799155076e-05 1.06558245446648e-05 -2.52688186879795e-04 1.59698431147687e-04 -2.33584116962228e-04 -1.04977928677838e-04 6.62972064345277e-07 1.42620459137308e-03 8.64882566794687e-04 -6.79751746070694e-04 -6.22462332973844e-04 -3.93077774824598e-04 2.14825619821076e-04 -1.14021097434876e-04 3.62983265496164e-05 1.48881070643641e-07 3.57716042813499e-05 3.28878671400318e-06 -9.29449896133423e-05 4.85318679925354e-05 1.71655034241924e-06 6.08671132377921e-05 -4.09061172278185e-05 -3.53833581734309e-06 -2.08860249049204e-05 2.25981918701720e-06 1.30127757049914e-05 -3.06856015609984e-06 1.03869768316629e-06 4.21926997051211e-07 -8.01822793381177e-06 -5.87063041232754e-06 2.44055262097439e-04 -7.49740783357866e-05 2.63182240546375e-05 5.20051241035785e-05 2.06508998067165e-06 -1.21244050258928e-03 -2.09992969944104e-03 3.52801169370184e-04 6.45939684369879e-05 -1.41659722416581e-04 4.35827696485826e-05 6.56702899114732e-06 -3.32381859926729e-08 -9.77644286732726e-06 2.11529870426268e-06 1.86288729942683e-05 2.68476757570694e-05 6.84477663361939e-06 -2.02858937251073e-05 -9.87824804491295e-07 3.84097087436886e-05 -4.47227510524163e-06 -3.18796862814880e-06 -3.68009393044211e-06 8.79603364443261e-07 3.92123719400305e-06 1.11476751662594e-06 -1.11698696715798e-05 7.85140274645410e-06 8.32050766072008e-04 8.79510633542759e-05 7.94875804575026e-06 8.42506452522032e-06 -5.07625297572611e-06 2.06835408126468e-05 6.71066025413768e-06 -2.87462183919926e-05 -4.58919897295207e-06 5.55913698898168e-06 2.61377339691778e-06 -4.36025184833889e-07 8.42472624858764e-06 5.33510043096071e-04 8.02183640344796e-05 -2.72229826172755e-03 1.30396924330498e-05 -1.05488463761205e-04 1.90007472811035e-05 3.61825301069021e-04 1.45205268531337e-04 -1.40711354556103e-03 -3.96598376141394e-03 -1.06453193731027e-04 3.34367045537345e-05 5.91036566147253e-04 -3.18587466849315e-05 -1.22974458916727e-05 -4.37920202431294e-06 9.56554489477953e-05 1.06278574440698e-06 -8.06894977748260e-05 -4.90321128640262e-05 1.46453647278096e-05 6.17874515080762e-05 9.42413014357458e-06 -4.52170085638809e-06 -8.00260121800609e-06 1.12673908492942e-05 3.64308661368099e-06 1.74080313266232e-05 1.07987568063452e-06 3.09592708384123e-05 -1.56350291236656e-05 2.76059707857511e-04 1.11526423245855e-04 -2.20686208359954e-06 -9.82560847624221e-06 -4.00197957343402e-05 1.83427678051785e-06 -1.47616914510752e-05 -9.09487597907863e-05 -1.49315480493606e-06 -1.34107807105727e-05 -5.40038160779197e-07 8.54810232507031e-06 4.66552250382635e-06 6.99834599291987e-04 -4.67306958021158e-03 1.30498588698463e-03 -7.56386717855327e-05 -9.92384269061382e-06 6.28122511658913e-05 -1.09681428753229e-04 -5.65135154877555e-05 1.82977437941502e-05 -6.54734525303103e-06 6.17534905691364e-06 -3.52473961423662e-06 2.64728196987000e-05 -1.02965722389638e-05 -2.18803329511516e-04 2.21168256772017e-03 -3.41391444205130e-04 3.18389484783008e-05 -1.69913934513246e-05 3.91424961865864e-06 3.74694067876625e-05 -4.04955741495444e-05 -1.53648384868433e-05 -7.13468980769305e-06 -7.64262508400892e-06 -6.49626746481457e-06 6.03127667594988e-06 1.46818209033629e-08
 -1.66151071216280e-05 2.74362336013367e-06 2.69269717610455e-04 -3.62949778318725e-04 -2.91937504948296e-05 1.81219515078971e-04 -2.91176474427257e-05 -7.99979039430932e-05 -2.22539021434910e-03 8.08984963827373e-04 1.08674764976905e-04 6.75041289342533e-04 -1.17469172002991e-04 1.04062035307495e-04 -1.33515612585713e-05 -3.50240123136231e-06 8.01753893927742e-06 3.13640990186623e-05 9.95781653000049e-05 -2.08702975036647e-05 1.35566083635271e-05 1.87985378410750e-05 2.97991013409400e-05 -2.13055496857961e-06 6.08367183746144e-06 2.24946002369169e-06 -8.70675061456573e-06 3.22809626653651e-06 7.92028156356958e-06 8.45622856941806e-06 -1.69456997405746e-05 -3.15163594806284e-06 -7.73361592441271e-05 -1.02352537976022e-05 3.25866695099607e-06 -3.98480236298902e-05 -1.36288879956552e-05 -2.26348215872789e-04 1.17107579470675e-03 6.59200441916453e-04 1.12295171121281e-06 1.67223844161368e-04 -3.72023836456199e-05 4.49171394164956e-06 6.99321327132066e-07 -1.64339669061177e-06 -1.04855756879846e-05 4.33017935927653e-06 1.59123441258883e-05 -7.46093488201514e-07 -6.36840273465246e-06 -2.33458784365054e-05 1.81656048991316e-05 -5.73455590715835e-06 4.00785209954850e-07 4.47758649078126e-06 -1.43629066074602e-06 1.10226802929836e-06 4.33409458489818e-06 -3.14544954767537e-06 2.40970526983400e-04 -2.35001151980136e-03 3.14207972699294e-04 -2.34580088674751e-05 2.55595055962728e-05 7.36800901603617e-06 -1.69065053066744e-05 1.58396048273756e-05 2.53387765264889e-05 8.52149868030994e-06 -5.12175590767869e-06 2.17635611331894e-06 1.97448468082302e-06 5.67675508802589e-07 -1.99689985744193e-04 -2.80913693504530e-05 8.82844528528298e-04 3.33127717167819e-04 1.88233283267149e-05 -1.07508476238338e-04 -1.07808438002338e-04 6.61438575248224e-04 1.78316849268193e-03 1.30946947556427e-03 1.13675840927202e-05 -1.57150321454092e-04 -2.05586000328208e-04 5.05871871166596e-05 8.42516192465668e-06 -7.23727431213812e-06 -2.48606752931687e-05 8.68898402509206e-06 7.23272250885017e-05 2.67417654600712e-05 -2.74220089718708e-05 -1.63760305650224e-05 9.44207405166025e-06 1.35849393641645e-05 6.12372161601938e-06 -7.04120652575568e-06 -3.71294557611561e-06 -8.22078422695220e-06 -5.49969712642714e-07 -1.47883397686261e-05 1.14246322331507e-04 -1.07484124941925e-03 4.97407454498858e-05 2.12117880095642e-05 2.65781849798555e-06 1.33035564198167e-05 3.91746615417254e-05 -3.39651421623096e-07 3.25798674449670e-05 7.03631473617268e-06 5.17874313836066e-06 2.15620532487109e-06 -2.21944603977320e-06 -8.88256082940505e-06 -1.61423870168302e-04 1.11584496863084e-03 -3.49992489117073e-04 2.60145464040733e-05 1.75995320700719e-05 -1.21628760705712e-05 5.87745560124852e-05 5.38058334858627e-05 3.77489840658984e-06 7.04749292952292e-06 -6.96171214347866e-06 -5.11490837451080e-07 -1.02965722389638e-05 9.36666548231320e-06 1.58867729824527e-04 -1.05891395840611e-03 2.12775906838353e-04 -1.11869817570272e-05 1.79632769215372e-05 -1.01543080296695e-05 1.18488116651165e-05 4.60883471382304e-05 2.69827546070456e-06 6.08093067103077e-06 7.30850613176796e-06 1.04428185573556e-06 -2.30054852049789e-07 4.99829500845332e-06
 -2.86442449383504e-04 -4.23313337565859e-04 2.14046014207466e-02 6.45062551228412e-04 9.12755909331284e-04 -2.09152863178799e-03 -1.82299512359868e-04 -1.45215461212445e-02 -1.14982308772650e-02 2.19783550421365e-02 1.16923080114752e-03 4.07341369115471e-03 -6.20681897436542e-03 -2.87103807082148e-05 -1.01760956029868e-03 -8.05034278072472e-05 -8.86295376405112e-04 -1.38034460291628e-03 6.54201091953338e-04 -1.35661155419705e-03 5.15630226621383e-04 -1.50271973409894e-03 -1.02416551310443e-03 4.64538592180036e-04 5.74491605743249e-04 2.36548821701502e-04 -3.85223344368301e-04 2.46701044378269e-04 1.17031704950648e-05 2.95376011614588e-04 -1.32565390857757e-04 -1.48690990658587e-04 -1.29334571945773e-02 7.37558857816904e-04 -2.70662685766133e-04 -3.85180145922418e-04 -1.16817000879593e-04 6.43677379555931e-03 -3.45186339679146e-03 -5.71509921038387e-03 -8.97778461315564e-05 1.01619829307204e-03 -1.32584981364983e-03 1.31053995038989e-04 7.98829275603457e-06 5.96878352987189e-05 -1.05947325544472e-04 -6.80276599518131e-05 7.80570028955980e-04 -1.84499001412767e-04 -1.46589067183051e-04 -1.08826734390986e-04 3.67963472172710e-05 -1.79854899784329e-04 8.75242908765173e-05 3.93972305191453e-05 -2.96440526689075e-05 1.54597557274405e-05 -8.05572111367186e-06 6.60226888305072e-05 -4.42321481205823e-05 8.90773106048809e-03 -4.72351295966354e-03 1.41329989100021e-04 -2.41269178162170e-04 1.74126933674191e-04 4.57736756186236e-04 -1.04994992077062e-03 8.74088883322429e-04 -2.11105061773506e-04 -1.74274482118456e-04 7.91647318644201e-05 2.42344240065408e-05 -3.53334942587919e-05 -7.21193968864965e-03 2.68512469665410e-03 -1.12086825657877e-01 2.25346236115240e-02 -8.48841702200335e-03 -1.00913024620297e-03 -1.00849982800662e-02 9.50548977741927e-02 5.94951898910883e-03 1.10232153727050e-01 -1.23355061991877e-02 -3.87821072877600e-03 -1.65571848681763e-02 7.40076331290752e-04 3.73668967674857e-04 -2.01056782639714e-03 -2.61743093995704e-03 -1.29512556118306e-03 7.23398223460765e-04 1.41710287021306e-03 -2.07244796982851e-03 -1.60590374618140e-03 -7.44942363856119e-04 4.53331123801684e-05 2.27102242882654e-04 -1.27570677867197e-05 -1.22703489456995e-04 6.92189941871305e-04 -6.86634102883462e-05 4.28884218191021e-04 2.90556971219140e-03 -1.31848018038013e-03 2.69093543713461e-03 9.70242181501097e-04 4.59834253270516e-05 1.11666459562246e-03 1.50988414857493e-03 7.62045927000099e-04 2.51201423433464e-03 8.96359209625406e-05 3.70989798693784e-04 -9.36324522419616e-06 -2.35971952032479e-04 -3.76585414024298e-04 6.92255445103355e-03 -1.24363380129101e-02 8.81777924784604e-03 7.37311711357987e-04 1.03518499212582e-04 1.41508576450323e-03 2.86535981575725e-03 4.64290127401524e-04 1.82937404162388e-03 -4.45176146956058e-05 -7.63775991525798e-05 -5.38576082783111e-04 -2.18803329511516e-04 1.58867729824527e-04 3.22884453236354e-02 -2.03293590164885e-01 5.46691174547914e-02 -2.27884923727767e-03 3.00397130496933e-04 -3.28929624983358e-03 -1.24106808167287e-03 2.19247246764223e-05 -1.93996840315686e-03 -3.16646384643883e-05 1.34856287861202e-04 -4.48730945172434e-04 -6.90109862246794e-04 -1.40899611887952e-04
 -4.42297927197543e-03 2.87560046840116e-03 -1.31927580101636e-01 3.40778925845575e-03 -8.94478531094458e-03 9.36900872451387e-03 -3.80620997119524e-03 9.21411090002453e-02 6.91511076903567e-02 -6.03771199198317e-02 -1.38696262875251e-02 -3.45591479538005e-02 3.86727459004414e-02 -1.54789655334354e-03 7.46670672924308e-03 1.00489961712958e-03 1.03089209634828e-02 9.14264723415257e-03 -4.44569534855764e-03 9.37932041173028e-03 -2.26878048669430e-03 1.84318054123078e-02 6.34509772912563e-03 -3.92372469628523e-03 -4.44887128938757e-03 -1.07320824461915e-03 2.09161776645705e-03 -1.20007036381653e-03 1.37841222909335e-03 -2.34440283803013e-03 1.72963618938084e-03 6.73405402643566e-04 4.31440375115124e-02 -3.65576906781145e-03 1.84806562747395e-03 3.97936727646454e-03 -1.44378795843363e-03 -6.58887633667432e-02 -3.80146873905588e-02 1.84263361725041e-01 -1.02047962877031e-03 -7.97057007122094e-03 5.87804471061348e-03 -4.41025739113002e-04 7.26077571661749e-05 -4.35588073645008e-04 -9.62320848520828e-04 5.98959072268218e-04 -3.99712350542478e-03 1.67396618130331e-03 8.51607749570238e-04 -3.50215854018977e-03 9.55547298830752e-04 9.04877829130932e-04 -7.67491168033348e-04 -3.54014406346977e-04 1.60292857772988e-05 -1.40908812320596e-04 9.15468531524275e-04 -6.33978349023548e-04 4.32590402005902e-03 -5.02566548819069e-02 3.04313750731361e-02 -1.22251056406616e-03 1.17094427428465e-03 -2.64859178075777e-04 -2.59526302904733e-03 4.88699452171676e-03 -3.77333102516358e-03 1.28125157768744e-03 7.12012412871598e-04 -5.49403753884118e-04 1.44854665742101e-04 -7.55575805782875e-05 -5.05370233879389e-03 -1.24346595973754e-02 5.25437339319676e-01 -1.21569655174306e-01 5.32410965795485e-02 -4.56067783629790e-03 7.80899653069456e-02 -6.16649307438547e-01 4.70820160980788e-02 -8.35198186818462e-01 7.73183429702815e-02 7.63372665392753e-03 1.23414460754573e-01 -2.51774061767382e-03 -2.02337108739428e-03 1.30727316299970e-02 2.11069636005020e-02 8.85821735372749e-03 -4.00365477805867e-03 -8.89495301037421e-03 1.26763381448956e-02 1.30251390652380e-02 4.78089110047620e-03 -5.12755261963950e-04 -1.09775056710138e-03 1.60581144679761e-04 4.67150216446334e-04 -3.20802639503022e-03 4.16061269576610e-04 -1.75234276378303e-03 9.13717212671535e-03 -1.54700996755641e-01 3.13684499200432e-02 -4.08832973925837e-03 -3.21785872542366e-03 -8.44591579394502e-03 -7.03990425880268e-03 -6.76828862914307e-03 -1.85576016999399e-02 1.80707575297973e-06 -2.65385494239195e-03 3.88103008964323e-04 1.90231423148647e-03 2.58076764891194e-03 -1.32595400567029e-02 -1.12008001559765e-01 -4.31095817721741e-03 -7.59006959235275e-03 5.49025042914563e-04 -6.35402937090592e-03 -2.14085338714001e-02 -1.27583436845445e-03 -1.06833019270065e-02 4.95651054844556e-04 1.58932324251819e-04 3.25375253497827e-03 2.21168256772017e-03 -1.05891395840611e-03 -2.03293590164885e-01 1.35205807245387e+00 -3.48129050834733e-01 1.49001662051350e-02 -1.29243285867475e-03 2.04633530655222e-02 9.81022262685292e-03 1.62549069077649e-03 1.25879656700943e-02 1.80652706438421e-04 -6.25060171933752e-04 2.65765860705457e-03 4.63189125977866e-03 1.00363622128942e-03
 4.99337204662293e-04 -5.41646805499285e-04 3.64598291919884e-02 5.15248765052053e-04 -2.03108110127814e-03 -4.34790894975727e-03 -2.03048747317963e-04 -1.27047789489938e-03 -5.67015982546725e-03 3.72747620211967e-02 -7.79888221365442e-03 1.60388119955268e-03 -1.10115988225493e-02 -1.64388953052250e-03 -1.82912101423979e-03 -2.57347444155009e-04 -1.67753285288006e-03 -2.12285519834749e-03 -3.66482115933797e-04 -2.43406357557951e-03 7.83496049682339e-04 -2.87050617271048e-03 -2.34584478422515e-03 6.84867073954878e-04 1.04466227142146e-03 3.58673533790137e-04 -6.79285524801849e-04 3.24037751075080e-04 -1.31344436111494e-05 5.56990517171987e-04 -1.64116565539425e-04 -3.44432325323927e-04 -1.92387528287086e-02 -3.20818942185226e-04 2.07430951137948e-04 1.08631076442026e-04 -1.58226587043714e-04 -1.22570822167964e-02 -3.40930527486742e-02 -1.34436248120756e-02 1.02685861008228e-03 -5.47589171432790e-04 -2.29550880174848e-03 2.80338655443217e-04 1.37035661052366e-05 -8.58327126499495e-05 -1.50393089849692e-04 2.26573705348088e-04 1.57423537387274e-03 -3.39964271600747e-04 -6.09898393453800e-04 -1.01146270718835e-04 7.18715856394024e-04 -3.36167712509115e-04 1.61959600464866e-04 1.25296968713553e-05 -4.84588527816804e-05 9.34022643108640e-05 -3.52895940486580e-05 -7.51366493309725e-05 -7.67680548974661e-04 2.84702256170793e-02 -7.07082280512540e-03 3.63902363794210e-04 -2.79460703475142e-04 2.92565689241765e-04 1.00534436951838e-03 -1.42222172599553e-03 1.51569472283445e-03 -3.83332474486574e-04 -3.05104410860334e-04 1.66403457024914e-04 3.78514281086963e-05 8.66267038837067e-05 -1.80204306541992e-03 4.73988935560440e-03 -1.90563826259233e-01 3.10484253761796e-02 -1.45140374751402e-02 -5.95365952181395e-04 -1.82694296360246e-02 1.49245563257185e-01 -1.79077612804316e-02 1.98823780994976e-01 -2.03308873844452e-02 -4.78879697611443e-03 -2.98196359695838e-02 5.10047110574288e-04 6.55344587375167e-04 -3.19017214800501e-03 -4.74363906545028e-03 -2.02380892152728e-03 -1.17433973902794e-04 2.50340046114644e-03 -2.95165813508321e-03 -2.91537585810717e-03 -1.04983069798031e-03 3.67436804583945e-05 3.97307799244027e-04 1.40973247113887e-04 -2.11530343980001e-04 1.16243435122706e-03 -1.22237261267551e-04 9.99204188789169e-04 1.22011733652731e-03 1.75144586904515e-02 8.56670971696625e-04 1.26932588532287e-03 2.13655796442862e-04 2.01319291388502e-03 2.19751205233023e-03 1.07533330603116e-03 4.52277487503786e-03 7.64930859202074e-05 6.67555581610923e-04 -4.49556101516728e-05 -4.26944136479349e-04 -5.27373864004533e-04 9.03507414684495e-03 -3.50008764347092e-03 1.17681045154559e-02 1.35670263214392e-03 -1.48429404350698e-04 2.18716804527937e-03 4.47405179551571e-03 -3.78942306987141e-05 2.89733321489675e-03 -1.67896419439183e-04 1.17823128567507e-05 -8.87666747101324e-04 -3.41391444205130e-04 2.12775906838353e-04 5.46691174547914e-02 -3.48129050834733e-01 9.43822603077196e-02 -4.07907926729579e-03 2.13293954620040e-04 -5.56497164975826e-03 -2.96082580504709e-03 -8.31626549784632e-04 -3.15196997691235e-03 -1.41781985520876e-04 9.07881836395226e-05 -7.29695384961462e-04 -1.30833025254623e-03 -3.27353576594030e-04
 -1.03129030906217e-04 -2.72633865015611e-05 1.39868419719416e-03 -7.14707520864794e-04 4.14474862622371e-04 3.03230771364975e-04 2.73396665972966e-05 -2.38552567795114e-03 -2.12407426327855e-03 -2.76036346780257e-03 1.00143344926912e-03 8.82722049331591e-04 7.42834589908561e-04 1.84911303068494e-04 1.19721065365893e-04 -2.20218531848729e-05 9.82109817865344e-05 -2.17791239733611e-05 1.32943070068054e-04 1.63928408542731e-04 -1.65418700420415e-05 1.64081374573132e-04 4.77615822788820e-05 4.03976473956985e-06 -6.86983140752172e-05 -8.12865140741366e-06 4.74589383175974e-05 3.96582832903133e-06 -3.22931609841592e-06 1.32309383539755e-05 1.19599514571064e-05 6.82178386002843e-06 -6.75874260676421e-04 6.87556037516775e-05 -7.06854932320950e-06 -7.82983379995904e-05 1.80473996151614e-05 1.41644439927571e-03 2.84111324388796e-03 4.34943276414514e-04 -7.19905240474137e-05 2.20164291299917e-04 1.62878797540857e-04 -4.46484701249416e-06 -1.37350725766260e-06 1.17452995238608e-05 1.54607841557063e-05 -2.17676493025693e-05 -1.44754760469493e-05 2.10193636476719e-05 2.07064034230609e-05 1.94844998214724e-05 -5.14438395206013e-05 9.85128311794605e-08 -1.02704970747892e-05 6.82696233948985e-06 3.90915938647434e-06 -4.06472728886510e-06 -2.93544655863666e-07 1.57306769496423e-05 -3.96703940050183e-05 -1.26941970705803e-03 -9.43117774905855e-05 -1.85057325907137e-05 -9.10295956488108e-06 -2.25929341055529e-05 -3.23358826942000e-05 3.56414312309808e-06 -1.08421622874457e-04 1.24371911101971e-05 2.24160994970858e-05 -1.13538888226369e-06 -3.49463924589214e-06 -1.07166522599581e-05 6.53456306792744e-05 -2.47672393717432e-04 9.05635097948935e-03 -9.41899250429287e-04 1.68612196174495e-04 1.27335992507583e-04 1.19246379070963e-03 3.79848597970448e-05 8.71126061779518e-04 -1.29590554250886e-02 1.18455236543215e-04 1.36761931003879e-04 1.95091020743348e-03 2.03354731095342e-05 -4.48804860631713e-05 -8.74119022134669e-07 3.03853676070091e-04 -6.73094454433806e-06 1.19825194749026e-04 -1.67909499056055e-04 -2.15634260916534e-05 1.89855577927332e-04 -3.04717685027198e-06 1.84238503763199e-05 -2.88194595979849e-05 -2.11630060536458e-05 1.48265913071759e-05 -6.29117455253069e-05 7.36997824892599e-06 -7.40993682697271e-05 -5.97998214135046e-04 2.92583653869281e-03 -1.19575350618343e-03 -3.74878152149349e-05 8.17496768119306e-05 -1.30854587221237e-04 -3.95075746183004e-05 5.82313932822141e-05 -2.99626364637088e-04 -6.08305073943913e-06 -4.50237181490416e-05 -5.68085223974028e-06 2.73659052575469e-05 -1.11625960826951e-05 6.94219825862083e-04 -7.50293364364152e-03 1.31369853893617e-03 -1.12861419006651e-04 1.75596995770708e-05 2.46466016767832e-05 -1.73431332083005e-04 1.92207190029515e-05 -3.07504789106754e-05 1.17450325155549e-05 -9.05900473770276e-06 1.68295043025130e-05 3.18389484783008e-05 -1.11869817570272e-05 -2.27884923727767e-03 1.49001662051350e-02 -4.07907926729579e-03 2.42260158234160e-04 -4.11127420206072e-06 1.95543155094846e-04 3.16407735411342e-04 7.31674472930481e-05 4.84531896285165e-05 1.09740879164732e-05 3.99336559987295e-06 7.24709906588893e-06 7.81089203670485e-05 2.48408019029181e-05
 -3.27600371452124e-05 -7.39658212531556e-05 3.72067067076096e-03 -6.51918727387098e-04 4.83676161110638e-04 2.66174236499512e-04 4.96794313209682e-05 -4.37877849789830e-03 -4.59466281152792e-03 -9.35091392582611e-04 1.52128721984554e-03 1.11625085399706e-03 4.10303036519704e-05 2.38491922589208e-04 -5.75112771207333e-06 -3.43545433902725e-05 -4.48127970327616e-05 2.87488771155114e-05 2.39136815473588e-04 1.37973959106729e-06 -2.01346764278418e-05 -8.46579995755983e-05 1.37714797782957e-04 -6.51373928789965e-05 3.61712055000664e-06 1.84138869243423e-05 6.08008740918388e-06 2.61144435099806e-05 -1.49158730406668e-05 2.62991903035881e-05 -9.51306019261802e-06 5.54078392128579e-06 -5.98372354733683e-06 -3.13631842124096e-05 -3.52741597637111e-05 -5.26730518591557e-05 2.33421872538351e-05 1.90506277342509e-03 1.51376320873497e-03 -1.51860355797560e-03 -1.94894863168053e-05 3.49568336300296e-04 3.23845698073121e-05 1.88623411827535e-05 -1.55494637625361e-06 1.67924112892242e-05 1.75472044941910e-05 -2.48873556208851e-05 4.24885784952294e-05 -4.19206805050682e-06 3.44997158929822e-05 4.44183681884538e-05 -2.76854071235784e-05 -1.63590107272624e-05 1.54068568670893e-06 7.15586761399062e-06 2.02228538241942e-06 -7.74644647980886e-06 -8.87782602072177e-06 1.34196644701085e-05 1.38171051707780e-04 -2.12214384772165e-03 -2.37326431353653e-04 -5.73526360465730e-05 -4.23176147467519e-05 -1.01004527309013e-05 -7.74757110073958e-05 -1.11219437632587e-04 -2.45999878395086e-05 2.12068369151832e-05 6.26641150183539e-06 -2.85166147272093e-06 -3.58148730194988e-06 -4.05147170119609e-05 6.78564995804772e-05 -1.08380233660732e-05 -6.12983523770470e-04 7.07936197242964e-04 1.15133373876816e-04 -7.42161137268491e-04 -9.04291112182773e-05 6.99060306816361e-04 9.41066026626242e-03 8.65061229876009e-04 -8.00647865233087e-05 -1.17042165436701e-03 -1.13165664959513e-04 2.40744122545545e-04 -5.45152437707510e-06 -1.08217837179073e-05 -3.47468768146578e-05 1.79058563700311e-05 3.05432804574567e-04 -4.90871213568134e-06 -1.02921724896171e-04 -1.79901751149697e-05 -4.26607387343875e-05 1.30473344578150e-05 -4.52713379982599e-06 -3.45524797764058e-05 4.46681568537452e-06 -4.84449905179873e-06 -2.19391485162773e-08 -5.27115449330528e-05 1.32627528567221e-03 -8.70076780913328e-03 2.02196666558643e-03 1.29943664518582e-04 -9.82181172499789e-05 8.70127597376946e-06 1.77831104771175e-04 -4.01337379733679e-05 1.48791496823522e-05 4.16885953766409e-05 9.29775506397983e-07 1.90418193931844e-05 -3.59676572168425e-06 -1.34499561866216e-05 1.17659038033532e-04 3.99568810325097e-04 -1.09991865878957e-04 1.48588906580506e-05 9.44066528488407e-05 2.04406211095366e-06 1.09171795343229e-04 2.57953023709937e-04 -1.31009399519988e-05 2.97759056176480e-05 -3.98730943645222e-05 -1.65782394734628e-07 -1.69913934513246e-05 1.79632769215372e-05 3.00397130496933e-04 -1.29243285867475e-03 2.13293954620040e-04 -4.11127420206072e-06 9.94984242400629e-05 -1.67052989940837e-05 8.01348349059333e-05 2.61212477115746e-04 5.36874049353596e-06 3.26873045600101e-05 4.07096648196189e-05 -7.78965189332734e-07 1.22690840498674e-05 1.94049510917649e-05
 -8.05791342771806e-05 5.99201602406495e-05 -3.28814989842388e-03 1.91903705638272e-04 -6.84204937057271e-05 1.86253546083741e-04 -4.51664983197943e-06 1.41403909690006e-03 1.93778543691903e-03 -1.23369684935685e-03 3.00829250810525e-05 -6.85964461074065e-04 4.28483463724966e-04 2.55977729563859e-05 7.44593168567000e-05 2.80735606318010e-05 7.86286857525254e-05 1.88285483299817e-04 -5.26073807919354e-05 9.55893361927890e-05 -5.19927909052412e-05 1.37836155288775e-04 1.57736880255798e-04 -6.42159483302952e-05 -4.23575513177892e-05 -2.71749134218712e-05 2.51434088768300e-05 -2.80868335519003e-05 4.33423248539607e-06 -5.29685544624383e-05 2.39053101738155e-05 2.09918662312809e-05 1.30594485515735e-03 -2.67382188345724e-05 8.17792075487830e-06 4.04172961540158e-05 -3.27849357758150e-07 -2.80519795376330e-04 1.16865770154454e-03 9.42550983236381e-04 -5.18548222679254e-05 -1.04106917177752e-04 8.23612548722796e-05 -2.26601164193547e-05 -1.38167685683553e-07 -2.08892082231152e-06 1.19691682353800e-06 -2.43039663310562e-06 -1.30549540190226e-04 1.48114802673118e-05 3.38522048167400e-05 -7.44070623611100e-06 -1.82515436870448e-05 2.98658512263319e-05 -6.85967943514140e-06 -5.56397310774329e-06 1.37580302006037e-06 -5.33620349397612e-06 3.75982150438088e-06 -4.12352136614857e-06 4.47749283574592e-06 -1.15674572219833e-03 5.01894858612535e-04 -1.64225275752123e-05 1.84492022106069e-05 -8.93099744550815e-06 -6.16563581499134e-05 1.13433348465823e-04 -5.37161869649559e-05 2.45533625189676e-05 1.04466264158384e-05 -1.40979639648264e-05 -6.57476890980257e-07 -2.42133630384405e-06 -8.99599918976145e-06 -2.84033786265384e-04 1.18597710316337e-02 -2.34019679663730e-03 1.16603556594147e-03 -2.18956199964817e-05 7.49883903423083e-04 -1.30304828794827e-02 9.36315100733577e-04 -8.14822581147208e-03 1.70852857679777e-03 2.94092641214121e-04 1.21712122469992e-03 -5.88222029716771e-05 -2.49383982057469e-05 2.76744989340836e-04 1.98729347725879e-04 1.77285793130119e-04 -6.23298529482825e-05 -9.83518353554968e-05 2.68161474637041e-04 1.19294236131508e-04 9.01061740502791e-05 -1.42009403799147e-05 -1.38081457600817e-05 7.54002956608628e-08 7.71380299011065e-06 -6.91769818383260e-05 5.69125766927209e-06 -4.67263534479547e-05 1.61519038684764e-04 -2.88602296395512e-03 5.11337980918996e-04 -9.32710873173917e-05 -6.09395493766094e-05 -8.27470729304047e-05 -1.69215461496798e-04 -1.29078608886851e-04 -1.81816222372848e-04 -3.54137066595864e-06 -2.62463825844979e-05 7.09196953796927e-06 1.79245098994486e-05 5.29675070831581e-05 -1.42257417266029e-03 6.28747672524338e-03 -2.18805805406618e-03 -2.65486260692116e-05 -3.01156803199016e-07 -2.22613502826415e-04 -2.60507266528721e-04 -4.90294179808677e-06 -2.40435952235405e-04 8.28736525366190e-06 4.80941219964907e-06 6.74213535518366e-05 3.91424961865864e-06 -1.01543080296695e-05 -3.28929624983358e-03 2.04633530655222e-02 -5.56497164975826e-03 1.95543155094846e-04 -1.67052989940837e-05 3.61172913692503e-04 4.13160249734486e-05 2.55501547426754e-05 2.51654653844774e-04 6.38938875373563e-06 -1.02500233912970e-05 6.05303741104469e-05 6.21678448686881e-05 1.13288886575698e-05
 -3.21883076150658e-04 -1.32245426313041e-04 4.66289901952744e-03 -1.61267758924334e-03 1.51658216173003e-03 8.37553337598856e-04 -5.41755668524603e-05 -1.01634817784241e-02 -1.14342329776170e-02 -2.05653340707666e-03 4.02824979881095e-03 4.23860757941982e-03 8.96891474546744e-04 7.91158386490863e-04 1.63294789682397e-04 -4.00905542638696e-05 1.98936338556145e-04 -1.95935069322065e-04 7.20537104754350e-04 2.17605378406433e-04 2.87908434210608e-05 3.50299766208749e-04 1.38820642142398e-04 9.20994607045437e-05 -1.00323803547978e-04 1.80802035442865e-05 5.37788144963639e-05 4.74893889623839e-05 2.15708693064906e-05 7.05438699223269e-05 -2.27168607768389e-04 1.81350380069262e-05 -1.36599802278841e-03 4.52943075778169e-04 -1.84005778644631e-04 -3.98323748361318e-04 -1.43360422461171e-05 8.15422435706595e-03 1.19114185213855e-02 3.01339205152819e-03 -2.90019561256421e-04 1.20085219974430e-03 1.56939495450850e-04 4.10722555233385e-06 -3.30266548611415e-07 6.26818629792647e-05 -8.90992364167925e-06 -1.07832235572620e-04 5.50192895168409e-05 3.42755652376148e-05 8.27126461537177e-05 -4.63649412726983e-05 -2.16708359863851e-04 -2.63101811441364e-05 -1.68175418153278e-05 3.51556838683331e-05 1.80039605821676e-06 -1.47535107290989e-05 1.46484846394539e-05 6.93130614379405e-05 4.66006293625354e-04 -7.86704544810108e-03 -1.35056452100387e-04 -7.81479598014570e-05 -5.27725585570167e-06 -1.44482629542723e-05 -8.56514611553642e-05 -1.16270297849403e-04 -1.03805568892766e-04 2.00500534287224e-05 2.23949104444328e-05 7.41453098974200e-06 4.69214308331787e-07 -4.13553856581539e-05 -2.51422346768046e-03 -2.98236450917230e-04 8.26448069558641e-03 2.22474699916175e-03 -6.60749453905561e-04 -7.78658725833427e-06 1.71967833131127e-03 1.47967271383737e-02 7.97028446686614e-03 -1.81658421304434e-02 -1.38733749261337e-03 -3.41166147721528e-04 2.70388230145194e-03 2.83858201701363e-04 -4.89101378805514e-05 -2.96357691681743e-04 4.44760262185547e-04 -1.91357728061418e-04 6.28695859255302e-04 -2.00357960286040e-04 -4.12999253245137e-04 2.80001540645462e-04 -1.09361092304764e-04 7.36756357868905e-05 -3.08260006351557e-05 -8.00227085344928e-05 1.26299055123360e-05 -6.62674302553418e-05 9.09092106079811e-06 -1.70831346070935e-04 -4.80017659590041e-04 3.56599653544787e-03 -2.10351191453060e-03 1.02537067394311e-04 1.97851133960106e-04 -1.82721307788673e-04 1.73881895548692e-04 2.83439419385967e-04 -4.15320739552604e-04 1.09192105666957e-05 -6.18563372679856e-05 -1.10330015239816e-05 4.00494822784457e-05 -1.02583050224332e-04 2.85672944779517e-03 -2.18953039095130e-02 4.53485949481156e-03 -1.76263720570303e-04 1.15622242537804e-04 2.66214668731854e-04 5.37776511601151e-05 2.56201300603212e-04 2.09856611289514e-04 4.09139601192902e-05 -5.56480975513330e-05 -3.31904110840415e-05 3.74694067876625e-05 1.18488116651165e-05 -1.24106808167287e-03 9.81022262685292e-03 -2.96082580504709e-03 3.16407735411342e-04 8.01348349059333e-05 4.13160249734486e-05 7.54163981583336e-04 3.25698225178780e-04 -1.53259047006451e-04 3.66930442645370e-05 5.01381895845674e-05 -4.35133274381878e-05 1.20985296221829e-04 5.98625741148252e-05
 -3.16514276759207e-04 -2.19036970203538e-04 1.27440564624361e-02 -2.64221104079530e-03 1.39242617230676e-03 7.43852510171527e-04 6.18765739317043e-05 -1.26037198984733e-02 -1.17803799724849e-02 -1.70288807052674e-03 4.31359795395651e-03 3.26439702130613e-03 2.05706250208327e-04 7.49424082565391e-04 1.74437767472458e-05 -1.28829417954225e-04 -3.43795916184795e-05 6.59992980333982e-05 7.24769474120751e-04 3.93734092582744e-05 -5.01997540044571e-05 -6.73282376169727e-05 3.79598037816995e-04 -1.53046401316724e-04 -1.21622214421229e-05 4.01090134436015e-05 1.80004022570716e-05 7.43806889049351e-05 -1.81034281394211e-05 9.68952769362380e-05 9.51251716396174e-05 5.35024052956659e-06 -1.33283943450047e-03 -2.06954042058566e-04 -3.86922516455762e-05 -2.22300958214702e-04 3.17907292466048e-05 4.43800380582654e-03 7.52695330106875e-03 -1.75035851668767e-03 -1.85751068714004e-05 1.02950407226546e-03 7.19108321171833e-05 2.39898853393217e-05 -2.54341579831599e-06 3.98958430162802e-05 2.42297225612807e-05 -6.09173011462766e-05 3.34124785622347e-05 -7.54104588502713e-07 7.52138009511177e-05 5.81218243224169e-05 -5.88319528094478e-05 -2.43295968895975e-05 -5.57732776562720e-07 2.21398982768893e-05 3.36853458965162e-06 -1.90922962669269e-05 -1.05888372307200e-05 3.97021458218925e-05 -5.54808231665430e-05 -4.54919845004870e-03 -1.41786329727100e-03 -1.28517115562391e-04 -1.56114991472710e-04 -1.76802121531803e-05 -1.96081633442631e-04 -2.91389844528875e-04 -5.44128816387285e-05 4.99242475603871e-05 1.42541056499131e-05 -1.04300883576077e-05 -5.68623454746204e-06 -1.09881050148680e-04 5.49172218096371e-04 -1.46750084670991e-04 2.70088252622777e-03 1.62932147558627e-03 3.75525341356101e-04 -1.89526593190700e-03 1.51339234460781e-04 2.18330479730002e-03 2.54127992925390e-02 -1.64014069342271e-03 -9.72318003855460e-05 -3.12741482192646e-03 2.66808287708247e-04 6.47842580083706e-04 -1.60398600401610e-05 -3.79461050051376e-05 1.91868376192518e-05 2.48480207407622e-05 8.76840069417890e-04 -3.66394413911428e-05 -2.87667565585283e-04 1.92337301189792e-05 -1.22075427226013e-04 3.54866771513480e-05 -1.10476459806920e-05 -1.01464831554187e-04 9.35311878151847e-06 -4.01139905216220e-05 1.84589785559236e-06 -1.75779564270825e-04 3.19360888789564e-03 -2.14989443419218e-02 4.65070971540645e-03 3.23179952850970e-04 -2.20283292514349e-04 -1.64792273698919e-05 4.47694863312418e-04 -8.71966911820310e-05 -4.41972644741994e-05 1.06270539873996e-04 -8.74180063254804e-06 4.81842678048431e-05 6.93149021171976e-07 -4.03171243872641e-05 3.96471008365651e-04 -9.63944858151263e-04 -1.09517080437552e-04 2.08359556752818e-05 2.59770615353333e-04 1.83638799949410e-06 2.50706504482004e-04 7.12410456511707e-04 -3.55718836032785e-05 8.69402048971995e-05 -1.11142009519800e-04 5.33780722810842e-06 -4.04955741495444e-05 4.60883471382304e-05 2.19247246764223e-05 1.62549069077649e-03 -8.31626549784632e-04 7.31674472930481e-05 2.61212477115746e-04 2.55501547426754e-05 3.25698225178780e-04 7.29507690726145e-04 3.94055587750800e-05 9.09027118628943e-05 1.11097297178521e-04 2.25761088849713e-06 6.10361352291745e-05 5.75941507836070e-05
 -3.67517059149346e-04 5.98893970347719e-05 -1.24737022474804e-03 -6.19449704596652e-05 -3.82923523252861e-04 8.25838766113824e-05 -1.51398279641827e-04 2.28911066409432e-03 1.23866076022150e-03 3.07834772371427e-03 -8.71397164993139e-04 -1.05787201494913e-03 -2.20867705742998e-04 -1.57613752951806e-04 -2.16809384288317e-06 1.66117808752750e-05 1.11747777731593e-04 1.97843947575074e-04 -1.59344119227234e-04 -2.38826684131859e-05 -1.21026423781159e-05 2.19485420825463e-04 6.61612084296291e-05 -1.36089108425160e-04 -4.11170260715312e-06 -9.58088762058480e-06 -2.38411279460009e-05 -1.12806082033041e-05 4.36371913732716e-05 -5.35774756736747e-05 2.68484253088390e-04 -4.95754028670426e-06 -1.55860733236771e-03 -1.00552484499933e-04 1.03409644223988e-04 1.81604366330252e-04 -7.00657318452113e-05 -3.83272913758425e-03 -4.77090874228955e-03 4.25510098628668e-03 -4.42476478086834e-05 -3.22124601090101e-04 -1.18850061458597e-04 1.44588353438877e-05 4.19074418415041e-06 -2.11305119146023e-05 -5.23905985592332e-05 3.73125777640428e-05 -1.47808903833306e-05 9.24283142471966e-06 -6.34852062352822e-06 -1.28496619661562e-04 1.05477568715888e-04 2.65346403341833e-06 -3.30102773236718e-06 -1.27743999254654e-05 -6.04604534780779e-06 -2.13565300590153e-06 2.54056615691951e-05 -2.95597192796869e-05 1.48950828802030e-04 1.13769984655803e-04 5.37359762733162e-04 -3.86846295147080e-05 5.33941992215856e-06 3.10351946493889e-05 -4.15667979920370e-05 3.40427480236861e-05 8.21885857465631e-05 2.83225221539807e-05 -1.81020903728071e-05 -1.13402386698333e-05 9.78384027313024e-06 -1.19777725971951e-05 -3.49986854213676e-03 -1.60844556547031e-04 6.65788457499021e-03 -2.65056281103281e-03 1.10207659156864e-03 -4.73710936526757e-04 9.34552791950664e-05 -1.37730892244489e-02 3.10812770245950e-03 -5.20425842790598e-04 1.61119926367663e-03 -4.93796024159305e-04 2.02808755721644e-05 2.06429374005974e-06 2.15369262790175e-05 2.88638802960556e-04 5.19243167388586e-05 2.14106748737952e-04 -9.95142304575410e-05 4.63757486159933e-05 2.60363453785886e-04 2.67227865619045e-05 9.29693224963154e-05 -1.48554978649470e-05 1.94919904844641e-05 1.01585921553890e-05 -1.23505767453107e-05 -4.55489885644896e-05 4.47043435018136e-08 -7.98077805446628e-06 8.09399779481367e-04 -7.45005665498713e-03 1.93345998828267e-03 -3.32685225485698e-05 -1.47154783615797e-04 -5.42458451026169e-06 -6.24425699860717e-05 -2.11230517432863e-04 6.79264052619462e-06 1.80088497550595e-05 4.20754078033179e-06 1.86749375272482e-05 4.82974174710986e-06 6.25545443932816e-05 -1.88501877682154e-03 1.11424139323229e-02 -3.04133781038896e-03 4.40267658983220e-05 1.82907958934280e-05 -2.44262378681823e-04 -1.70380163558705e-04 5.30936619626231e-05 -2.51380308180700e-04 1.43441364496923e-05 6.84792620183930e-07 5.93219172532637e-05 -1.53648384868433e-05 2.69827546070456e-06 -1.93996840315686e-03 1.25879656700943e-02 -3.15196997691235e-03 4.84531896285165e-05 5.36874049353596e-06 2.51654653844774e-04 -1.53259047006451e-04 3.94055587750800e-05 2.80815176391824e-04 7.18252545095275e-06 -4.51480944307855e-06 5.99367023114446e-05 1.57119198890542e-05 -2.01506391509468e-06
 -1.27540224717158e-05 -3.27170620803791e-05 1.98294245235658e-03 -4.54849002589379e-04 1.72468215795170e-04 1.37827549065708e-04 3.23340456392969e-05 -1.60395759228548e-03 -1.92689364527803e-03 -6.66666699633627e-04 5.17422625828701e-04 4.99956582725171e-04 4.83566097623578e-05 8.63134006303286e-05 3.39415883946649e-07 -2.39711020277684e-05 -2.44711370406990e-05 7.29438694112154e-06 8.25417810336411e-05 5.56083849424240e-06 -1.20378215578804e-05 -4.73842261123652e-05 4.00714751220441e-05 -2.63205728949843e-05 5.22657720376985e-07 5.27584383560015e-06 5.17130774665484e-06 9.61160500396887e-06 -9.35497848680920e-06 1.76590346583912e-05 -2.96627783631456e-05 -4.54413504047144e-07 -1.50924529262130e-04 -4.81874754007956e-05 5.96134812965917e-06 -1.67272313192772e-05 1.50512931601041e-05 3.23582690917733e-04 3.45648590034639e-04 -9.24646578953413e-04 1.59699171248023e-05 1.21668686525312e-04 2.54779669248836e-05 8.81844787289405e-06 -9.14858446047583e-07 3.29381127044111e-06 1.13959950935555e-05 -3.61487920928977e-06 2.49690153968745e-05 -2.00841349058475e-06 5.31454738799980e-06 2.80071008039619e-05 1.36650682096996e-07 -8.22375915040442e-06 7.12718397100871e-07 2.88122553123551e-06 1.38208490979202e-06 -1.67576464850203e-06 -5.55391576235874e-06 3.00502250761783e-06 1.71357674427348e-05 -6.40062820266858e-04 -1.23756318785395e-04 -2.20892000161654e-05 -1.66064067827583e-05 -6.85947689000572e-06 -2.88881348225710e-05 -3.74747201780486e-05 -1.83022014313860e-05 9.39335797563270e-06 4.29438482623009e-06 1.36826654964336e-08 -2.22602246975437e-06 -1.40996871901485e-05 1.44664502843934e-04 -4.17919965835785e-05 1.22931535308496e-03 -4.80031491679076e-05 3.79034486894702e-05 -2.40549463825162e-04 -1.88738425389089e-05 3.85875425957848e-04 3.11405364353553e-03 1.20206782286290e-04 -4.54110469326145e-05 -4.06642071345533e-04 -6.05392811572523e-06 8.11659382479199e-05 -4.83991945934104e-06 -7.69275820544991e-06 -1.16123007694181e-05 4.58260255143889e-06 1.10181436785998e-04 -9.29974528065006e-06 -3.85400082304951e-05 -5.98240460634580e-06 -1.56311598362954e-05 8.24560621116289e-06 -3.76562257892814e-06 -1.33356133995132e-05 3.09296427468419e-06 -1.31526316233266e-05 4.18511303704114e-07 -2.69580737086793e-05 2.91297954185100e-04 -2.20700561880129e-03 4.33778816503143e-04 3.66101820022768e-05 -1.64740002383426e-05 1.18780407789045e-06 5.88642615789981e-05 -6.28650923367529e-06 -6.21348043262693e-07 1.34055618794168e-05 -8.40782634303884e-07 5.44793102082979e-06 -1.19894452376547e-06 -6.30167106518419e-06 -4.86711092288911e-05 5.08421403679618e-04 -1.69236830845324e-04 1.15685425199993e-05 3.02014914373106e-05 -8.12758259575297e-06 3.97534526948359e-05 8.77551196317579e-05 -1.22518988191639e-05 1.12701476498667e-05 -1.35495883032033e-05 1.31425612395604e-06 -7.13468980769305e-06 6.08093067103077e-06 -3.16646384643883e-05 1.80652706438421e-04 -1.41781985520876e-04 1.09740879164732e-05 3.26873045600101e-05 6.38938875373563e-06 3.66930442645370e-05 9.09027118628943e-05 7.18252545095275e-06 1.28924682048087e-05 1.38694867030337e-05 7.54545722899715e-07 7.32116868536998e-06 7.73548007544498e-06
 -7.71102772003527e-05 -4.20988166649646e-05 1.95860919854343e-03 -2.91345386415325e-04 3.22063978891537e-04 9.84902853342514e-05 6.62994203467514e-06 -2.55245507609741e-03 -1.81094646503453e-03 -1.28851303582861e-04 8.67104002357850e-04 4.90956424364935e-04 3.22998965219451e-06 1.12233099513121e-04 -1.50684232289820e-06 -1.77787966341675e-05 -7.36003698279235e-06 -1.48934651047791e-05 1.09275799691654e-04 2.20415019904412e-07 -1.07653854092478e-05 -1.34609915757372e-05 5.20439119920100e-05 -2.17807126548295e-05 4.07127918972745e-07 7.79106061204096e-06 8.69283523247144e-07 1.34326340825003e-05 -2.11660255480752e-06 1.31337710176785e-05 9.57737757554223e-06 3.87841156142129e-06 -2.51143367600436e-04 1.95509107891631e-05 -2.32889661963120e-05 -3.22105208694539e-05 3.47979447468760e-06 1.33002425536673e-03 9.50394575533882e-04 -2.32700057652801e-04 -3.04226632412420e-05 1.58255953721783e-04 3.92015221674412e-06 6.37571569852665e-06 -3.17013605111937e-07 1.14430860753603e-05 2.56352882526277e-06 -1.85959789452255e-05 1.48982851883391e-05 -7.16209432680714e-07 2.13903378392932e-05 6.64710493857055e-06 -3.05196111752464e-05 -6.32200942636347e-06 2.14598520195953e-07 3.51082069146641e-06 3.02671832966967e-07 -4.72982858018141e-06 -1.28530693127446e-06 1.13448296908951e-05 -2.53432906253462e-05 -3.76254828432449e-04 -2.72483594935757e-04 -1.97205241194674e-05 -3.10942092764213e-05 -1.56510169221975e-06 -3.11318401619005e-05 -6.30230956970775e-05 -3.68879259322413e-06 6.90210918468397e-06 1.24672663367257e-06 -1.74503108132708e-06 -6.39645856852557e-07 -2.06694795803118e-05 1.28366493752105e-04 -2.06738966558328e-05 2.35850482718602e-04 2.47117829669795e-04 4.82467560957513e-06 -2.74122580870426e-04 -1.63211358825126e-05 9.59440565401438e-04 3.81661721412883e-03 1.90843777826534e-04 -1.19859043430514e-04 -4.68357885584016e-04 -2.62688283562101e-05 1.00628996767955e-04 -6.33821133539555e-07 -2.06679791733632e-05 -7.08161335619706e-06 -8.48297750495689e-06 1.43399513099537e-04 7.69119926084680e-07 -5.99508502271639e-05 -3.25165202861030e-06 -3.01580603114031e-05 5.26671083502372e-06 -5.26708939779002e-07 -1.74718032846414e-05 7.52809897129062e-07 -5.44961992555033e-06 1.57132167402109e-08 -2.98666961644283e-05 4.58450485753665e-04 -2.93426736116947e-03 6.61612756560868e-04 5.18918801562921e-05 -2.77589451375804e-05 1.96660482371872e-06 7.11524921378429e-05 8.61759645106700e-07 3.42895604968106e-06 1.56453797471095e-05 1.97224744554936e-07 6.56222638797437e-06 -7.79429896296696e-07 -8.77248948384846e-06 8.92599169492227e-05 -2.63928679745959e-04 1.58752136864792e-05 8.21421743970381e-06 3.98335028078396e-05 6.92885875720528e-06 5.49165922638102e-05 1.10491765861770e-04 5.29248155203897e-06 1.33155980152942e-05 -1.76936165329788e-05 -2.28870145607884e-06 -7.64262508400892e-06 7.30850613176796e-06 1.34856287861202e-04 -6.25060171933752e-04 9.07881836395226e-05 3.99336559987295e-06 4.07096648196189e-05 -1.02500233912970e-05 5.01381895845674e-05 1.11097297178521e-04 -4.51480944307855e-06 1.38694867030337e-05 1.79223002609264e-05 -2.34351155312156e-06 7.19522781441625e-06 7.77213713125060e-06
 2.32819525902193e-05 2.32280556011525e-05 -8.64879841988206e-04 1.46104583638541e-05 -1.47002437573581e-04 2.31927587604504e-05 -1.07891126153209e-05 1.03748957013072e-03 6.10665499666807e-04 2.93955749725638e-04 -2.45804568614743e-04 -2.11755426151665e-04 -3.72694719080076e-05 -1.43546183508098e-06 -3.64638475542292e-06 7.23093397665353e-06 4.76938516613321e-06 6.78686919612569e-05 -1.38069540660600e-05 -7.09397268324987e-06 -6.05199067754556e-06 1.05733013555633e-05 3.99500273439000e-05 -1.55462636708223e-05 1.95364779536369e-06 -6.33805410523891e-06 -3.15232076270821e-06 -7.97841221154037e-06 3.01797150661952e-06 -1.14920361271921e-05 7.16917852713530e-05 1.63070965152482e-06 4.04945131838947e-04 -5.59820762874737e-05 1.56002895724612e-05 1.00217723852786e-05 -5.53480559939334e-06 -7.11576090084754e-04 3.66808593436211e-04 2.80438271870063e-04 1.77645924689987e-05 -3.29640514304900e-05 -1.30661378537348e-05 -7.99875945391152e-06 3.23792358733990e-07 -5.87766905343354e-06 -4.14622252114342e-06 8.88316011143371e-06 -3.99728933791081e-05 5.40516454506892e-08 -2.28038468551997e-06 -9.20948601814375e-06 1.88134177564768e-05 9.74258246298174e-06 7.28933771727803e-08 -1.77860304790405e-06 -5.58698836845052e-07 6.02819140530093e-07 1.75417384250843e-06 -6.58924940564057e-06 2.08366465328949e-05 -4.92966849808309e-04 1.56263437650651e-04 -1.81904651509647e-06 1.05682694133978e-05 2.82525426119660e-06 -1.04823037736826e-05 3.98644754898748e-05 9.12969935288722e-06 4.71387731097118e-06 -2.02863407655998e-06 -3.16454342991831e-06 7.56072118249162e-07 3.38561852114692e-06 -3.26219452210210e-04 -3.62455701586874e-05 1.68590233450955e-03 -3.41376122885519e-04 2.91074011931270e-04 -4.69457558900478e-05 -2.98841196107416e-05 -3.41721313224836e-03 4.11566808132014e-04 3.48930286760420e-04 4.65365688599561e-04 1.98215662526364e-05 -5.61816835097128e-05 -1.08100876354313e-05 2.71586649761111e-06 7.43826852107476e-05 -5.19120978034439e-06 5.06926927356590e-05 -2.65587531525281e-05 8.04575901448835e-06 7.33927108041741e-05 -4.78783910144254e-06 2.93376927617454e-05 -5.15132711039659e-06 2.43919959199251e-06 3.34503127249194e-06 -1.19102951453210e-06 -8.07514764163952e-06 1.34054838428432e-07 -4.08750392923709e-07 1.71829423452131e-04 -1.52670219016160e-03 3.43278508904967e-04 -1.52378822112817e-05 -3.09095062658899e-05 3.40917325788692e-06 -3.22711509228116e-05 -4.81182271994222e-05 1.02021025003531e-05 1.17643344360865e-06 1.86680748808867e-06 3.36033143817530e-06 -4.55511974623092e-07 1.47915285731353e-05 -5.33174210051425e-04 3.22269227911343e-03 -8.81658676576409e-04 1.73334896283696e-05 -3.25900834644430e-07 -6.64273927016797e-05 -2.91729614947785e-05 5.01189094194628e-06 -5.89504987764202e-05 1.27607805819222e-06 1.85370469926284e-06 1.53236051946707e-05 -6.49626746481457e-06 1.04428185573556e-06 -4.48730945172434e-04 2.65765860705457e-03 -7.29695384961462e-04 7.24709906588893e-06 -7.78965189332734e-07 6.05303741104469e-05 -4.35133274381878e-05 2.25761088849713e-06 5.99367023114446e-05 7.54545722899715e-07 -2.34351155312156e-06 1.54555567394829e-05 2.82620689663760e-06 -3.51670777003922e-07
 -3.44303000172687e-05 -1.35713602027194e-05 4.37059289666029e-04 -2.20006452738915e-04 2.54514508760278e-04 1.22662279463859e-04 -1.28004413742772e-07 -1.58849253761630e-03 -1.09269107395423e-03 -6.87054257834438e-04 6.84221812286567e-04 4.65056690965396e-04 2.17673594783247e-04 1.27364502547130e-04 3.68347888342968e-05 -2.19739721575157e-06 3.63069242764673e-05 -6.39530101592231e-06 1.05116779831681e-04 4.96514308581932e-05 -1.52417522578494e-06 6.26708765670566e-05 4.65674192547804e-05 4.57410270495249e-06 -2.17034387088962e-05 -1.57698424134460e-06 1.35113993526400e-05 4.47352214076434e-06 1.40853116809909e-06 1.61553351000427e-06 6.99588743567246e-06 5.57701430052765e-06 -2.90999319571442e-04 7.02512126758889e-05 -2.60551333400148e-05 -5.84750447876461e-05 1.76914902182470e-06 1.27330913510164e-03 2.27121797776453e-03 3.63092696197061e-04 -6.47374839161975e-05 1.62186435591020e-04 4.37846414493016e-05 -6.31980285973643e-06 -3.05375597694933e-07 1.02889148258218e-05 1.87470598265369e-06 -1.93075684596553e-05 -2.47184152988174e-05 7.03350716065745e-06 2.01149704771661e-05 -8.10054658783963e-07 -3.92258626854344e-05 3.77333570014194e-06 -3.43284232970724e-06 4.20980925490202e-06 8.57543336535193e-07 -3.82933749118267e-06 1.35932977758806e-06 1.17738600226450e-05 -1.32274459181533e-06 -9.47151742099120e-04 -9.15676635718718e-05 -9.45479777363826e-06 -9.20920705406492e-06 -5.40183770477039e-06 -2.00440682744011e-05 -9.23847871200737e-06 -2.91570071257384e-05 4.79498925744749e-06 6.14085919405179e-06 -2.26859500568031e-06 -6.28849681448741e-07 -9.02540544900225e-06 -5.36483269726588e-04 -8.56916050635992e-05 2.89056029971040e-03 1.33709850195828e-05 9.19338411054988e-05 -1.98929559061984e-05 3.75256011974891e-04 1.19860910407849e-04 1.58096498046815e-03 -4.03156188432482e-03 7.22711494373092e-05 -4.48505160069382e-05 6.03976560641631e-04 3.82868234982440e-05 -1.26742237886445e-05 -8.59604145859452e-07 9.64217822253172e-05 -4.03264042246768e-06 9.26313064613795e-05 -4.88587898774709e-05 -2.21211830097351e-05 5.99985502469582e-05 -7.01868566920679e-06 6.08750446031119e-06 -7.92931584467664e-06 -1.29890853512611e-05 3.92900079227008e-06 -1.88103897962358e-05 2.31525878683394e-06 -3.38820206958486e-05 1.35036904910510e-05 -2.32727162657752e-04 -1.44027914432739e-04 3.91111670185680e-06 1.37359379298534e-05 -4.06960551195969e-05 5.21857436514344e-07 1.99544276954342e-05 -9.22745141592884e-05 1.73879590738593e-06 -1.37520182623533e-05 1.25817333740509e-07 8.66224955385730e-06 -6.32070973714276e-06 2.28118754834515e-04 -2.36631210340461e-03 3.63284247677964e-04 -3.19999759654356e-05 1.96053230896477e-05 6.22943950825845e-06 -3.23925285384414e-05 4.48506973852970e-05 -7.25609291614272e-06 7.85960498244764e-06 -8.81231453629936e-06 5.64776039336353e-06 6.03127667594988e-06 -2.30054852049789e-07 -6.90109862246794e-04 4.63189125977866e-03 -1.30833025254623e-03 7.81089203670485e-05 1.22690840498674e-05 6.21678448686881e-05 1.20985296221829e-04 6.10361352291745e-05 1.57119198890542e-05 7.32116868536998e-06 7.19522781441625e-06 2.82620689663760e-06 2.84432957546400e-05 1.08146186091693e-05
 -1.90988914432063e-05 1.01989446432594e-06 3.61523869695084e-04 -3.86303925160707e-04 -2.31308873039904e-05 1.89150987949963e-04 2.83533488704548e-05 -1.40503419519562e-04 -2.32546749696802e-03 -7.99921084334399e-04 1.29735046177116e-04 6.98437502877228e-04 1.10794018111837e-04 1.07811782518980e-04 1.20299207971417e-05 -4.62698992659551e-06 -9.67819533411082e-06 3.19959950823897e-05 1.02776355340329e-04 2.02147832513980e-05 1.28296144147178e-05 -2.14843482804095e-05 3.25425182123960e-05 -3.38334489725348e-06 -6.36300059584718e-06 2.41930572685558e-06 8.79713921827603e-06 3.73017407272282e-06 -7.71974398912873e-06 9.37572575851177e-06 -1.72380609370536e-05 -3.28416018361874e-06 -7.78319296804850e-05 -1.58782683421681e-05 4.18264076084532e-06 -4.04239119958990e-05 1.36085764910739e-05 -2.24714877911784e-04 1.17642877931354e-03 -6.91219054721540e-04 3.14613178707400e-06 1.72999636293016e-04 3.64178702590931e-05 5.04154662984815e-06 -8.78661919176490e-07 -1.61820341226722e-06 1.05175256920269e-05 4.39052126414099e-06 1.74309601509426e-05 4.87938493362836e-07 -6.34937201953031e-06 2.42290459389453e-05 1.86185360123011e-05 -6.22547822513988e-06 -4.85956167507190e-07 4.69176876601442e-06 1.46575845073783e-06 1.12710720458511e-06 -4.43646043065328e-06 -3.17036895801223e-06 2.43219642271547e-04 -2.39247507269596e-03 3.13979327756135e-04 -2.46282862422787e-05 2.50526381589504e-05 -7.66471068217659e-06 -1.81511450724293e-05 1.47149658527019e-05 -2.47899358613762e-05 9.08185829538739e-06 5.42589040811599e-06 2.33903842976707e-06 -2.03575051811388e-06 2.34085847651129e-08 -2.07354312338332e-04 -2.94597968211724e-05 9.17804446879827e-04 3.34388036170592e-04 1.98428657962840e-05 -1.18038681861705e-04 1.01639621078465e-04 6.81192350927711e-04 1.93281945167299e-03 -1.17601361100633e-03 6.71302713769618e-06 -1.75032386875867e-04 1.86436237160531e-04 5.47398743796462e-05 -8.19662241871149e-06 -7.56569675543557e-06 2.06556346139494e-05 9.14997048028374e-06 7.76032613650695e-05 -2.37539838237127e-05 -2.90974664564204e-05 1.37995333320884e-05 9.71333236168281e-06 1.40291280164235e-05 -5.93687734937098e-06 -7.78531704306305e-06 3.78402161761245e-06 -8.81516884159078e-06 9.92337150631227e-07 -1.58123130669997e-05 1.32050924034179e-04 -1.19105646720858e-03 7.49978834016232e-05 2.29496019843335e-05 1.81593917209765e-06 -1.18964863961930e-05 4.17623709202430e-05 -2.38847918741641e-07 -2.98785353276872e-05 7.67880431841934e-06 -5.09258940452211e-06 2.31446786290594e-06 1.74027999543221e-06 -9.17518711796087e-06 1.37397983174056e-04 -9.34150268740934e-04 1.81293389192611e-04 -9.46524420920420e-06 1.94976128123640e-05 8.91661333999729e-06 1.46415424523662e-05 4.97018660425198e-05 -5.55679456676744e-07 6.49176554924008e-06 -7.87395082692484e-06 8.89724860593747e-07 1.46818209033629e-08 4.99829500845332e-06 -1.40899611887952e-04 1.00363622128942e-03 -3.27353576594030e-04 2.48408019029181e-05 1.94049510917649e-05 1.13288886575698e-05 5.98625741148252e-05 5.75941507836070e-05 -2.01506391509468e-06 7.73548007544498e-06 7.77213713125060e-06 -3.51670777003922e-07 1.08146186091693e-05 9.71864168626428e-06
