Paoks:
 3.18918652876981e-02 -1.85134504629989e-01 5.72658309859209e-02 -5.21080704916916e-03 1.56842605196501e-04 -7.23676656909755e-07 -1.03757848146267e-02 3.25316832144640e-04 -1.05075872836623e-05 -8.39421701012078e-06 3.24392855735339e-07 1.30173430494574e-03 -1.12402864391607e-05 -1.62147363081170e-03 2.94101614570483e-03 3.68091622403170e-05 -1.27968085027601e-01 2.82910115344180e-02 -6.10996261157418e-03 2.07054225662380e-03 9.14652757197103e-06 1.42634370202454e-01 -5.77856594544515e-02 -4.54565047389423e-06 -2.33185669106875e-02 1.12666297255375e-02 -1.55568638962375e-05 3.13664036953550e-04 -6.30115993543335e-07 9.74808947361981e-04 5.81622836070112e-06 -2.55960332488715e-03 -1.30177612233994e-03 -1.90098406110716e-05 9.55169928773956e-04 -2.00055517932412e-06 -2.63860718607737e-03 3.16762814131559e-05 -4.91811594043263e-06 3.50078499952623e-04 1.43725745520626e-06 -6.25805463069724e-04 -2.10496488115282e-06 -2.85537843114244e-04 3.42856929614160e-04 2.06782586526974e-04 1.88276950489518e-02 1.98261416622689e-03 1.41595470145104e-04 5.08522229050935e-04 -1.91825873046311e-05 2.95128871347694e-02 5.07183542676616e-02 1.01149372782668e-03 -1.55605699572508e-03 6.97258565092263e-04 2.94886422173569e-05 2.65414812428508e-04 1.37142942732862e-06 7.11450322681174e-05 -4.61785823322460e-08 1.33840944041659e-04 1.95090656121435e-03 1.25510240120497e-05 -7.14226491604223e-04 -2.91443385686150e-06 -1.60775551377760e-03 -6.32823996022636e-04 3.05928653677447e-06 -5.06859929594484e-04 -4.62326938804974e-06 -8.27422730405974e-05 -3.46393430761976e-06 -2.08693414125580e-04
 -1.85134504629989e-01 1.31338030951768e+00 -4.31076413626261e-01 3.30216067846508e-02 -4.65759835084274e-03 -4.82709583588537e-06 6.22319355222664e-02 -2.56920231348683e-03 1.00556663522576e-04 -1.84908207216911e-03 -4.75509505603149e-06 -7.76956365379583e-03 6.26577218805135e-05 9.34607493347441e-03 -2.44225868663790e-03 -4.47501565076097e-03 3.96642720570224e-01 -2.42359509708613e-01 5.33824067976852e-02 -6.21486663260955e-03 -1.60514362805780e-05 -1.23276377879168e+00 1.28890639111402e-01 3.21837447115952e-06 1.50442486132742e-01 -6.12488939820791e-02 -4.45957273036607e-05 -2.03805545648962e-03 -2.56329239528515e-05 -8.59873125856816e-03 -2.23606720035327e-05 1.70213591568037e-02 9.07579279837889e-03 2.50075756267260e-05 -1.07238649133234e-02 1.73083685308773e-05 1.78355896376154e-02 9.55144630853970e-04 1.38564841588998e-05 -6.42701268565927e-04 -3.10304521556463e-05 4.87773230596450e-03 -1.67898377194448e-05 9.01290971326227e-04 2.41580388842935e-03 -1.26865096282655e-03 -3.98159044016588e-02 -1.92570291239912e-02 -7.17197263822326e-03 -1.17346094940856e-03 3.15954497598147e-05 1.88566399329089e-01 -1.29203646117094e-01 -9.49143306181797e-05 2.33603262078220e-02 -6.51271950823687e-03 -1.66853547857307e-05 -1.29371171512016e-03 -2.37569802062342e-06 -2.27145722717690e-04 -2.58325199393287e-07 -8.47295582937785e-04 -1.33480965436514e-02 -4.07684757480664e-07 1.85736546398092e-03 9.24845600464084e-06 5.71819057587085e-03 2.01250100230580e-03 -1.87726914813497e-05 1.66794023810984e-03 1.13973986782472e-05 2.21559591905787e-04 -7.12009746692982e-06 5.67219725408460e-04
 5.72658309859209e-02 -4.31076413626261e-01 1.47978737302200e-01 -1.08540335082944e-02 2.41567467742234e-03 1.56495445658346e-06 -1.94219539566709e-02 2.08916432902204e-03 -2.22969561142292e-05 1.25079788735607e-03 -1.14940897093009e-06 2.47761225328185e-03 -1.56641555588330e-05 -3.00897579683441e-03 -4.14335159642033e-04 2.07006708983047e-03 -1.22651838255191e-01 8.76747731224052e-02 -1.83952845810286e-02 1.83902057093773e-03 2.27276182105705e-07 4.20469423707092e-01 2.25486171246712e-02 1.39419386922508e-04 -4.78901209920052e-02 1.32930769927626e-02 7.03140037108890e-06 3.97920381470885e-04 7.00420797706819e-06 3.19641476474707e-03 4.80093661723301e-06 -5.13892717291755e-03 -3.44087387397260e-03 -1.53777892348097e-05 4.28022806827842e-03 -3.16280803270821e-06 -4.57506097977127e-03 -8.37013287739144e-04 -1.54608173217932e-06 -3.64771179957857e-04 1.03475305881950e-05 -1.64675749157966e-03 3.55187854544387e-06 -2.40694363213750e-04 -2.27456142211936e-03 1.34262713886821e-03 4.85086839045137e-02 1.28613607770191e-02 2.55756471885793e-03 7.25351704716401e-04 -1.97580371793635e-05 -8.37235454867514e-02 -3.66913330635009e-02 4.41022066889762e-04 -8.04004612135965e-03 4.48100664809222e-03 1.94615932677068e-05 4.18779026630116e-04 2.53355007084855e-06 2.98494891301231e-04 -1.03473996786431e-07 6.88643641215047e-04 4.58250889940648e-03 7.98751904055298e-06 4.53308245780372e-04 -3.84030185370490e-06 -3.64168311529021e-05 -2.13188300827620e-04 7.15162477515657e-06 -1.97603214981746e-04 -4.06395978416219e-06 -4.60501456144374e-05 9.72000161932907e-07 -1.65348496936313e-04
 -5.21080704916916e-03 3.30216067846508e-02 -1.08540335082944e-02 9.38943983869314e-04 -1.20463999987921e-04 -1.63150357400054e-08 1.84398095455694e-03 -1.32302197361204e-04 1.02836122888378e-06 -6.26300417351267e-05 2.20801446328342e-08 -2.26721760002932e-04 1.17691686588095e-06 3.01595380992253e-04 1.20732409667841e-03 -7.41167200605182e-05 2.32089479619292e-02 -6.09365006073832e-03 1.22858808109682e-03 -3.79006210884961e-04 -7.32942645017914e-08 -2.66457269811836e-02 2.99042810329037e-03 -1.33423951740456e-05 3.99619854204615e-03 -1.24572943377277e-03 -7.96275256920968e-07 -4.94971344769172e-05 -5.12842892727290e-07 -2.30749765097034e-04 -6.09174815369834e-07 3.83053740777031e-04 2.38416856576240e-04 1.00847609384367e-06 -2.81703834348807e-04 -1.73442328625524e-07 2.35683329432042e-04 4.75999122375912e-05 6.16491313872530e-07 -5.35808361198765e-07 -9.08157456537874e-07 1.11917986070801e-04 -1.47714857144551e-07 2.54529948384435e-05 2.26087172002339e-04 -9.82815828971662e-05 -1.11497325698822e-03 -1.08919675733735e-03 -1.24503740043686e-04 -9.41143070576591e-05 7.85053924348596e-07 1.48435618769661e-03 -6.51784355817569e-04 -1.51324074789182e-05 4.31585210252227e-04 -5.29765245916641e-04 -5.65916621179111e-07 -3.60872785566065e-05 -7.84667422090264e-08 -4.42664283277549e-05 2.92062345479857e-08 -8.06384655219964e-05 -3.06735089965024e-04 -3.93978206256745e-07 7.23388403289612e-06 1.01248372400340e-07 6.37195267467483e-05 6.38878109575157e-05 -4.89728478568582e-07 5.28407713004077e-05 3.22299621488416e-07 6.11632371437102e-06 1.65075895693551e-07 1.59427029318469e-05
 1.56842605196501e-04 -4.65759835084274e-03 2.41567467742234e-03 -1.20463999987921e-04 1.46080691364793e-04 -1.04482732119699e-06 -7.28757016598712e-05 2.35570170484290e-04 -1.93364096010090e-06 9.94399519968662e-05 -3.72113556034358e-07 1.99570798121175e-05 -1.49046068223135e-07 -2.42269659749410e-05 -5.84905364356256e-04 1.14323070946558e-04 2.57965234496608e-04 2.11956655253511e-03 -3.23750541245780e-04 -8.95307283556646e-06 1.34836194662878e-06 7.00859999344542e-03 9.41599494715366e-03 -7.14786679753296e-05 -3.47037457704394e-04 -8.19023453839376e-04 -2.89927287044299e-06 -4.37117461683598e-05 2.82648802080493e-07 9.22752196832681e-05 1.41609209868052e-07 1.63789084259990e-05 -1.51124939846063e-04 4.68931762641653e-07 1.75080056526500e-04 1.70628186367381e-06 1.66117898657033e-04 -7.46576568135871e-05 5.04147937451602e-07 -8.23759777203798e-05 7.40990057469692e-07 -2.57709548336763e-05 1.86665027819913e-07 -8.75967700020920e-06 -1.46290820996189e-04 1.13305825340662e-04 1.95604977547024e-03 9.81700328005958e-04 1.98947890550967e-05 2.58428776439990e-05 -3.14341980036503e-07 -1.61104808622331e-03 -1.10864704812331e-02 1.78712271241203e-06 -7.50542003674863e-05 4.28477408155677e-04 1.74599411849484e-06 9.16425766554291e-06 4.63314365567237e-08 3.52744772212777e-05 -2.58129645331466e-08 6.57882973249826e-05 1.14610717263868e-04 -9.27741735343066e-07 1.61233078793907e-04 1.47981797765081e-07 2.51115763733520e-04 6.01095978744684e-05 1.98515252899346e-07 4.82128287511855e-05 2.05583334177672e-07 2.41875095463265e-07 1.26571173068426e-07 -8.87751155839350e-06
 -7.23676656909755e-07 -4.82709583588537e-06 1.56495445658346e-06 -1.63150357400054e-08 -1.04482732119699e-06 2.55228662198657e-04 1.45824173524107e-06 1.99771200373745e-07 7.89347519505684e-04 4.07268683995310e-07 1.09185810789007e-05 -1.23629736283364e-07 1.74087201868788e-04 8.61036426207302e-07 -3.84718427047325e-06 -5.88601648787134e-08 2.07716644235176e-05 -4.82388567806441e-06 7.01225766279162e-07 -3.34471082469450e-07 -6.21073068387626e-04 5.98266223676603e-06 -2.14762601713645e-05 2.22640504776787e-02 -3.11123408390480e-07 4.40617737543140e-06 8.84619996242851e-04 5.31150572700686e-08 -4.09385902862773e-05 -8.26587196185473e-08 -1.07138625369955e-04 -2.68958413026869e-07 1.70236896744616e-06 -1.02310791494647e-04 5.91317597360821e-07 -3.08654678071135e-04 -1.38196238688893e-07 -1.07314766890514e-08 -1.78716298647738e-05 1.48780962280215e-07 -1.16100840176375e-04 1.79028646525949e-07 -4.61086288612370e-05 1.56888812096269e-07 -2.69017663854440e-07 -2.52548112318018e-07 2.72442832406020e-06 -3.22144431134169e-07 -3.31950605509366e-07 -2.79099272616073e-07 6.02782288759396e-05 -3.35408564784757e-05 2.70678354287377e-05 -3.79691415875320e-03 -8.01596725928086e-08 6.98307634349105e-07 -4.63426503276740e-04 -1.55263558460942e-08 2.38553766018254e-05 -1.69578961767419e-07 1.31402466951817e-06 -2.73866532666023e-07 -1.56710809446093e-07 2.68234039056574e-04 -9.58027996976212e-07 -1.74197030863872e-05 -1.28262691741893e-06 3.43557062410847e-07 1.86293664832728e-07 -9.51819702297979e-08 -1.77606758023126e-05 -2.55430108297421e-07 -2.60026778445159e-05 2.27331080533136e-07
 -1.03757848146267e-02 6.22319355222664e-02 -1.94219539566709e-02 1.84398095455694e-03 -7.28757016598712e-05 1.45824173524107e-06 4.09712663583348e-03 2.42749675354807e-04 1.02570290453814e-05 -7.93766045379320e-06 -7.74618965561562e-07 -4.53600366693162e-04 3.42231462637036e-06 6.71999665069709e-04 1.05245473736496e-03 -6.24505335262220e-06 5.78036566132915e-02 -1.04089569949204e-02 2.19830746466196e-03 -9.85421361144344e-04 -3.68025985615070e-06 -4.26247358016707e-02 1.64952744438018e-02 1.61948328952727e-04 7.77670678056318e-03 -3.35542956087704e-03 -5.43196142977684e-06 -2.41183285880362e-04 -3.30228961841480e-06 -4.05696810091054e-04 -1.93481234339158e-06 7.32482395570393e-04 8.10222778144205e-05 -6.88216666910379e-06 -4.18980829698026e-04 -2.99813656640743e-06 3.90274257102858e-04 2.44518317306578e-05 2.12012265783484e-06 -8.83277319689776e-05 -4.37432495389443e-06 1.79878962451218e-04 -2.58618426814160e-06 -4.63746665602674e-05 -1.81402444331228e-04 -4.55152921786883e-05 1.05326259956172e-02 -1.55710447424143e-03 -5.15308390520110e-04 -1.52133493608766e-04 -7.54249650810009e-06 1.78214266716182e-02 -1.30983030314092e-02 4.80904553797488e-04 1.20799649158254e-03 -1.06832459780868e-03 1.15031828066210e-05 -2.17144311663872e-05 1.19567288604869e-06 -8.48297735163415e-05 7.07837741296674e-08 -1.46225212758044e-04 -2.17587215445814e-04 8.41255253546859e-06 1.92090189007242e-04 -1.15992140697074e-06 3.14930265596541e-04 2.05437130767565e-04 -3.51470941573717e-07 1.73740095677380e-04 -7.02965622274953e-07 -1.03111707387146e-05 -1.38395955689520e-06 -5.46309754396607e-05
 3.25316832144640e-04 -2.56920231348683e-03 2.08916432902204e-03 -1.32302197361204e-04 2.35570170484290e-04 1.99771200373745e-07 2.42749675354807e-04 9.17416263248265e-04 7.57553924577041e-06 1.77465890249201e-04 -8.55305016319423e-07 3.84536236217926e-05 1.62859649607396e-06 8.75122663325082e-06 -6.86968414447559e-04 2.05300271488575e-04 -2.93376854110334e-05 2.52465472580462e-03 -1.56236474451887e-04 1.07263447523422e-05 -5.06193832659566e-06 7.38145503041996e-03 1.79648932652174e-02 1.09244194117389e-04 -3.60619686968513e-04 -1.99712069599749e-03 3.16317466635404e-06 -2.29263402801189e-04 -6.81433814321885e-07 1.27065842319821e-04 -4.56205110992553e-07 1.25016591221156e-04 -7.07280185830831e-04 -8.11277487887530e-07 3.41491259862363e-04 4.46778140590383e-07 4.87759844884785e-04 -1.11167795226359e-04 9.42971387783439e-07 -1.54120277268369e-04 -7.83035634813141e-07 -4.19499695054888e-05 -8.72450916990555e-07 -1.66676479499380e-04 2.65500031243634e-04 1.68182690224711e-04 -9.79614362940476e-04 1.60109385339971e-03 -5.15325204592675e-04 -3.00118700056286e-06 3.67964926144493e-08 2.93500739920722e-02 -2.10449874851551e-02 3.51118088151702e-05 8.56571747202250e-04 9.02939993230210e-04 -2.65329028290743e-07 8.25487711862817e-05 4.07176045585930e-07 7.41444385729694e-05 -5.71272061508472e-09 1.28593115330050e-04 5.69444154612474e-04 2.01942432410655e-06 3.70757396344497e-04 4.01745138710755e-07 4.36670422337540e-04 1.08229067578661e-04 7.10252300126493e-07 9.94291312380481e-05 2.50051045218219e-07 -3.65408837418446e-05 -5.89774346824740e-07 -1.40140434900314e-04
 -1.05075872836623e-05 1.00556663522576e-04 -2.22969561142292e-05 1.02836122888378e-06 -1.93364096010090e-06 7.89347519505684e-04 1.02570290453814e-05 7.57553924577041e-06 2.45702288818784e-03 2.65388299905562e-06 2.88633259877005e-05 -5.69336777696904e-07 5.36103228403850e-04 2.77958927922390e-06 -2.54123250165628e-06 5.36026750626246e-07 -5.70224269638953e-05 -2.44158072249295e-05 7.74609246098163e-06 1.20453037551260e-06 -1.89679376893591e-03 -1.07160783744426e-04 8.77496377034258e-05 6.91336499258702e-02 1.19060228047676e-05 -1.08116834918974e-05 2.62713088361442e-03 -1.66649314829347e-06 -1.46230039008753e-04 -3.57459335420818e-08 -3.31314323366433e-04 2.56894215053442e-06 1.54093782198972e-06 -4.04126448900906e-04 4.01488683479945e-06 -9.61475681724458e-04 8.07848976672650e-06 -1.14407953160628e-06 -5.13309665358927e-05 -1.08842235503170e-06 -3.76187539362579e-04 7.79502218119022e-07 -1.62153804798934e-04 -5.78786278708610e-07 -5.93504344656610e-07 9.09052289207947e-07 -3.31361745932607e-05 1.77422498378484e-05 -5.34758480633623e-06 -1.39749677660064e-07 8.83548813646273e-05 1.30263347983438e-04 -1.19338973411607e-04 -6.19802218851442e-03 8.97491096878315e-06 1.41866927243323e-05 -1.27512896435045e-03 3.61493058660304e-07 8.66173362659110e-05 4.54247899679026e-07 3.66838145428626e-06 9.49531679630077e-07 1.43080893795673e-06 9.02682006215156e-04 2.85573528949600e-07 -6.85367498035223e-05 8.16106824680335e-07 1.93855942963567e-06 -6.85075763329128e-07 4.34801017766395e-07 -7.03711704503010e-05 -1.00296531346825e-06 -9.87025915381018e-05 -1.27238373854251e-07
 -8.39421701012078e-06 -1.84908207216911e-03 1.25079788735607e-03 -6.26300417351267e-05 9.94399519968662e-05 4.07268683995310e-07 -7.93766045379320e-06 1.77465890249201e-04 2.65388299905562e-06 7.15971921939891e-05 -2.72658006974433e-07 9.26965891128089e-06 7.81369067014475e-07 -1.34218088193485e-05 -7.69395658962420e-04 6.86388799898931e-05 -1.04406606116691e-03 1.20872439884187e-03 -1.50873553251035e-04 1.14355973520391e-05 -1.79266404981074e-06 3.06226083845428e-03 6.78804133865485e-03 5.49231456039819e-05 -1.06609641512130e-04 -6.81887542905463e-04 1.14734160947396e-06 -3.54071537971843e-05 -1.71059552753281e-07 5.54069629326781e-05 -3.94323654045376e-07 3.24751662982503e-05 -9.98031780756952e-05 -7.56843113497128e-07 1.07917021176483e-04 -1.71502920734549e-07 1.50910734901694e-04 -5.58751242163510e-05 2.67943723195877e-07 -6.11406151121220e-05 -1.39334332165528e-07 -1.17144450488062e-05 -2.69455120679766e-07 -7.09521208676717e-06 9.69849505250684e-05 9.52545664066231e-05 2.37590527612423e-03 7.56276953021137e-04 -8.04107437069957e-06 3.12429864360805e-05 -5.88821178500278e-07 -1.31949646112148e-04 -8.37480871446226e-03 2.37005638189412e-05 2.66908588609058e-06 3.21785831088221e-04 2.25524644124166e-07 6.43650092052853e-06 2.12527460535698e-07 2.88516454089247e-05 -1.86831176612919e-08 5.18725999241157e-05 6.74617406610111e-05 1.13563917125043e-06 1.20187368096609e-04 -4.58342745846779e-08 1.92203961647217e-04 4.29588133640326e-05 1.43378856909011e-07 3.44501503132846e-05 -3.11857798219337e-08 -1.50677925043569e-07 -1.96157394940293e-07 -7.48936852306485e-06
 3.24392855735339e-07 -4.75509505603149e-06 -1.14940897093009e-06 2.20801446328342e-08 -3.72113556034358e-07 1.09185810789007e-05 -7.74618965561562e-07 -8.55305016319423e-07 2.88633259877005e-05 -2.72658006974433e-07 1.99344594378646e-06 1.45539129984182e-08 8.16768365343790e-06 4.15654662717230e-08 -5.80323715324528e-06 -2.38678531721297e-07 7.80601287293550e-06 -1.24165762348098e-06 -2.94633860083749e-08 -1.25060002370861e-07 -3.40544963828710e-05 1.43148574307792e-06 -2.87273748658820e-05 8.66218260735678e-04 -1.46323799104623e-06 3.42700947167961e-06 7.17188879425312e-05 2.17443383076101e-07 4.35773018945207e-06 -1.17906979890937e-07 -4.59479238662265e-06 -3.41550865740185e-07 4.33368384626949e-07 2.29425642390211e-05 -4.79528501022163e-07 -1.10533078991754e-05 -9.22780782010215e-07 2.35047052020458e-07 -1.99145888504366e-06 2.95007169941115e-07 3.64537097693993e-07 4.53628799951098e-08 4.11571796405225e-06 9.14186684095132e-08 2.87106884463471e-07 -3.38860863615293e-07 -3.12330295677782e-06 -3.33388715738574e-06 1.66536574641690e-07 -1.90039765128780e-07 3.31279056913749e-05 -1.15206061374662e-05 3.57628603791341e-05 -1.88950170724273e-03 -4.22855798212336e-07 -1.67942670783573e-06 -6.90781962174680e-05 -2.73969013282444e-08 -2.97836845270491e-06 -1.23656935027433e-07 1.79310975248384e-07 -2.83883975832782e-07 -2.25118426217991e-07 -1.12954959557576e-05 -5.00593652208427e-07 3.82336625607794e-06 -8.07121527983211e-07 -1.59674078467076e-07 4.01095616685728e-07 -1.29701358874805e-07 4.05092325792298e-06 2.85381647796688e-10 4.58074888044329e-06 6.45996989128397e-08
 1.30173430494574e-03 -7.76956365379583e-03 2.47761225328185e-03 -2.26721760002932e-04 1.99570798121175e-05 -1.23629736283364e-07 -4.53600366693162e-04 3.84536236217926e-05 -5.69336777696904e-07 9.26965891128089e-06 1.45539129984182e-08 5.65691808479443e-05 -3.72720169593326e-07 -7.42272273705423e-05 -9.90411716051192e-05 1.27363859354421e-05 -6.08001730975193e-03 1.36356890521738e-03 -2.72163519130574e-04 1.02532383375732e-04 2.05307309078843e-07 5.97870341975231e-03 -1.23327753956296e-03 -7.38606747033403e-06 -9.75377023712872e-04 3.33558867758709e-04 1.82888930424202e-07 9.75781452174562e-06 1.80830596157721e-07 5.24100702694150e-05 2.22968163605850e-07 -9.02081796509390e-05 -6.87775385155574e-05 8.72374836750305e-08 6.52444054705731e-05 2.12005347866000e-07 -4.96775632034525e-05 -6.15588553972393e-06 -1.74085331008712e-07 4.68800102002594e-06 2.85466951972583e-07 -2.61310396768819e-05 9.67816383621029e-08 -1.14186433316652e-05 2.11329871803738e-04 1.32735943132913e-05 -6.56434372327894e-04 2.15213945956915e-04 9.99720709529813e-06 1.63699873401017e-05 1.58868082961816e-07 9.20704409005188e-04 7.72202120661975e-04 -1.18983236822084e-05 -6.53294673387041e-05 1.31911283172376e-04 -2.17817973380168e-07 1.08663786476063e-05 -3.31353892486589e-08 1.05300870181142e-05 -6.01715205515548e-09 1.84846085325992e-05 8.24996968223226e-05 -2.62976246208560e-07 -6.76864486875689e-06 4.71056724381047e-08 -2.92068136008392e-05 -1.96742649624603e-05 1.14203792393681e-07 -1.56413456858079e-05 -2.22310417558336e-08 -2.85500486622349e-06 2.82139675275502e-09 -7.87178450334940e-06
 -1.12402864391607e-05 6.26577218805135e-05 -1.56641555588330e-05 1.17691686588095e-06 -1.49046068223135e-07 1.74087201868788e-04 3.42231462637036e-06 1.62859649607396e-06 5.36103228403850e-04 7.81369067014475e-07 8.16768365343790e-06 -3.72720169593326e-07 1.19095389940184e-04 7.94422963315468e-07 -8.97251942809187e-06 2.52838225884961e-07 -1.03652081958126e-05 -6.36212575840072e-06 2.65995870719795e-06 2.85898204293701e-07 -4.27186907441122e-04 -5.94240000610050e-05 5.52877830963257e-05 1.51453432907149e-02 7.19152269260449e-06 -7.85455392943924e-06 6.19451026975061e-04 -3.50153959336672e-07 -2.50288020975800e-05 3.15250622602282e-08 -7.30872757571860e-05 1.42233014630671e-06 7.49716257122586e-07 -5.68305081030773e-05 8.67356093870283e-07 -2.09501518125574e-04 3.46285884708002e-06 -4.48304338323269e-07 -1.27682209741053e-05 -4.94376269372524e-07 -7.66631595054466e-05 3.77113229457710e-07 -2.85659515356875e-05 1.29711220873752e-07 -2.84991415449425e-07 5.06924639316941e-07 -1.66780412584729e-05 6.60423908570782e-06 -7.87408015189583e-07 -7.71899975148295e-08 5.56026163887432e-05 -1.00967253450836e-05 -6.84782932645079e-05 -3.40878648302185e-03 1.73948710568993e-06 4.62775355167351e-06 -3.39453467910174e-04 -4.04218724405648e-08 1.43767633625812e-05 2.73001765074722e-07 9.54278889454205e-07 4.16410646371937e-07 -5.14737003511697e-07 1.72164787978843e-04 7.07586354630410e-07 -9.71356579465643e-06 1.49338127306410e-06 7.00651630896337e-07 3.12951973993622e-07 3.23633557030143e-07 -9.83157112172092e-06 -1.51867283614974e-07 -1.50389796128516e-05 1.51974568901541e-07
 -1.62147363081170e-03 9.34607493347441e-03 -3.00897579683441e-03 3.01595380992253e-04 -2.42269659749410e-05 8.61036426207302e-07 6.71999665069709e-04 8.75122663325082e-06 2.77958927922390e-06 -1.34218088193485e-05 4.15654662717230e-08 -7.42272273705423e-05 7.94422963315468e-07 1.16742655383504e-04 -1.53897891707272e-04 -3.79642375720720e-06 1.16255467416537e-02 -1.69935022893150e-03 3.19238448307577e-04 -2.00054186938981e-04 -2.22337580173095e-06 -5.62122178532815e-03 1.43403821422616e-03 7.00005456086440e-05 1.19231525428454e-03 -3.35905648699834e-04 2.85328192636911e-06 -3.39037071584679e-05 -3.06441723957888e-07 -7.11409929813032e-05 -5.11663306141113e-07 9.08000409316394e-05 1.76110306598188e-05 -1.31702303089604e-08 -8.06665886045626e-05 -1.30076935169324e-06 -1.71205723310134e-05 1.62273692309515e-05 2.40345933577261e-07 -1.19558006878311e-06 -7.62697040770974e-07 2.51832080706303e-05 -1.73816525089808e-07 -9.24269798438115e-06 1.62144803663594e-04 -3.07641993467376e-05 1.66897472525640e-03 -4.67326041988984e-04 -7.51525124789205e-05 -3.94167095370714e-05 3.54750005436860e-07 2.68125766472211e-03 -2.39062626767802e-04 -1.37637224758018e-05 1.62848243471649e-04 -2.92455823297781e-04 -1.56486085289231e-06 -2.98572661764391e-06 3.85629808225300e-08 -2.54011318126584e-05 3.05635842992784e-08 -4.25315139669389e-05 -2.34556274585638e-05 8.25817174390466e-07 3.97763322021678e-06 -5.05934469534649e-08 3.76998738287901e-07 2.72381206714918e-05 -3.40401692446620e-08 2.34390668643094e-05 5.63924631063019e-08 -2.35954703025125e-06 5.73590037652737e-08 -9.91791247045003e-06
 2.94101614570483e-03 -2.44225868663790e-03 -4.14335159642033e-04 1.20732409667841e-03 -5.84905364356256e-04 -3.84718427047325e-06 1.05245473736496e-03 -6.86968414447559e-04 -2.54123250165628e-06 -7.69395658962420e-04 -5.80323715324528e-06 -9.90411716051192e-05 -8.97251942809187e-06 -1.53897891707272e-04 1.99401606090477e+00 5.41094604540345e-03 -1.48232266815298e-02 -3.22110346209191e-03 7.70626902207275e-03 6.32250537048736e-03 3.21043314194260e-06 -3.38480722638198e-03 -1.06113979646900e-02 2.04500713360419e-06 2.78581521744377e-03 3.00663954567185e-03 1.92375670144558e-06 -1.13119220550974e-04 -1.16169017434861e-05 -5.78021338992132e-04 -6.00319878402804e-06 8.27090558386337e-05 -1.62737068447824e-04 6.58861373154997e-06 1.80102703013397e-03 -2.60906517858563e-06 -9.73360034515107e-04 1.06313613883215e-04 -2.15215052385007e-05 -2.73752116071618e-04 -2.46257875978798e-06 -8.08151170424159e-04 1.42354901008751e-06 8.44182025004789e-04 7.76763911588040e-04 -3.64825486240911e-04 -8.72205284695102e-03 1.82046323829144e-03 -3.66535055519540e-05 1.24809300548074e-03 -1.21999527123477e-06 -8.11465897819372e-04 2.94655767822568e-03 8.72903624202075e-05 -1.74519887449884e-04 1.60969079278379e-03 3.03315943278789e-06 2.38314392052231e-05 1.64251363555764e-07 1.31705575876452e-04 2.45201475892688e-07 2.27543551711368e-04 -4.73289000684404e-05 1.96939573539158e-06 -6.17950436987400e-04 -9.13693416458025e-07 -1.08451307037064e-03 -2.39768930888330e-04 -4.12287830213699e-07 -2.10428355705356e-04 -7.10993979384453e-07 3.10117232576015e-06 -9.24057367300213e-07 3.55972402148551e-05
 3.68091622403170e-05 -4.47501565076097e-03 2.07006708983047e-03 -7.41167200605182e-05 1.14323070946558e-04 -5.88601648787134e-08 -6.24505335262220e-06 2.05300271488575e-04 5.36026750626246e-07 6.86388799898931e-05 -2.38678531721297e-07 1.27363859354421e-05 2.52838225884961e-07 -3.79642375720720e-06 5.41094604540345e-03 1.38038445918296e-04 5.27300175854961e-03 1.93206188571588e-03 -3.21971055597714e-04 -6.13199868085753e-05 -8.23593883173965e-07 8.17173460812885e-03 7.78062489934305e-03 7.45660115426703e-06 -3.16202368817942e-04 -5.49327401975608e-04 6.99079110006135e-07 -4.31024329865191e-05 9.67889007808442e-08 8.28153477109531e-05 -2.49879392812057e-07 5.23480310341726e-06 -1.78529044780732e-04 1.98977375924015e-07 1.83860070376772e-04 2.78449141092489e-07 1.10650340227772e-04 -4.33637489247543e-05 5.04747725819622e-07 -6.04464345632571e-05 9.04873638360758e-08 -3.11213878020477e-05 8.14124167381879e-08 -1.74781404054086e-05 -7.94765484896938e-04 2.22710486610311e-05 -3.86078011049468e-03 5.18009173612308e-04 9.80466890093099e-06 -3.82546928110613e-05 5.10563620451650e-09 -5.44513597040922e-04 -7.65966995561275e-03 -1.27187276453526e-05 -7.30928572320295e-05 3.19302231940978e-04 -1.71203653184344e-07 1.16569854784823e-05 1.89163205221155e-07 1.77786329526666e-05 -2.57389305350653e-09 3.71180249129201e-05 1.45266547924645e-04 -8.00691238098135e-08 1.26398424912661e-04 3.76684419725411e-08 1.69367186942598e-04 5.26257676461799e-05 8.36855294075877e-08 4.40057532334735e-05 1.22649473638303e-07 -2.28489907788655e-06 7.03603636295774e-08 -1.55997328407375e-05
 -1.27968085027601e-01 3.96642720570224e-01 -1.22651838255191e-01 2.32089479619292e-02 2.57965234496608e-04 2.07716644235176e-05 5.78036566132915e-02 -2.93376854110334e-05 -5.70224269638953e-05 -1.04406606116691e-03 7.80601287293550e-06 -6.08001730975193e-03 -1.03652081958126e-05 1.16255467416537e-02 -1.48232266815298e-02 5.27300175854961e-03 1.84580228640722e+00 -5.18151347129072e-02 1.20613408700235e-04 -3.10380911234905e-02 -2.33332292607268e-05 2.41408949047176e-01 1.85011591703888e-01 4.24826121164560e-05 7.12456397386134e-02 -1.32161280954946e-03 5.19291822746208e-05 -2.77198058204273e-03 -4.66681736151856e-06 -3.18572337205317e-03 -2.01687849868531e-05 1.16106301538559e-03 -3.55879052862288e-03 1.85153771877909e-05 -1.22236238098321e-03 -7.77091954416150e-05 -1.57692013455050e-02 2.47574791040237e-03 5.28412211669384e-05 4.08652468398672e-04 -4.45956681578781e-05 -1.79513680518585e-04 1.34719096594148e-05 -1.27660935385534e-03 1.90732533303929e-03 -8.28530384043343e-03 -1.44015935344949e-01 -7.08935758142127e-02 -6.15943432221245e-04 -9.62733410200541e-03 -1.73650189161432e-05 -3.84444594958483e-02 1.02253461174653e-01 3.04529563293589e-04 -3.28174016143434e-03 -3.90422056027959e-02 6.65345566996314e-06 5.33216952430858e-06 6.93638418060508e-06 -4.30859144274435e-03 4.39830566349167e-06 -6.65531377731502e-03 5.56390919627008e-03 -9.31465730929952e-07 -7.04781574871535e-04 -1.46006740949406e-05 -4.30392282510740e-03 3.40634148522622e-03 -3.52603876443570e-06 2.93904330001007e-03 5.50245585812966e-06 -2.59030906402171e-04 2.86303811096949e-05 -1.11519618900744e-03
 2.82910115344180e-02 -2.42359509708613e-01 8.76747731224052e-02 -6.09365006073832e-03 2.11956655253511e-03 -4.82388567806441e-06 -1.04089569949204e-02 2.52465472580462e-03 -2.44158072249295e-05 1.20872439884187e-03 -1.24165762348098e-06 1.36356890521738e-03 -6.36212575840072e-06 -1.69935022893150e-03 -3.22110346209191e-03 1.93206188571588e-03 -5.18151347129072e-02 5.85645562713532e-02 -1.15107004243529e-02 9.01984031102620e-04 -2.10472595823334e-06 2.55216544276839e-01 7.77192844468005e-02 -3.83193621491983e-04 -2.58747169835846e-02 8.75678605544726e-04 2.59586636996991e-05 -4.80692572519159e-05 1.17259936778883e-05 2.31755796560282e-03 2.06663087679402e-06 -2.20723132319599e-03 -2.83686593068735e-03 2.40431744478944e-05 3.63945434933463e-03 1.12877040384455e-05 -3.92591139036551e-04 -8.22129789849686e-04 2.53008206123976e-06 -7.13755665847116e-04 1.44689789675029e-05 -9.77813616799419e-04 9.27883145273150e-06 -1.63786041541478e-04 -4.72601737069219e-03 9.03108173711749e-04 -2.68673472485444e-02 1.21639049019485e-02 1.59598680526167e-03 6.88049110324891e-05 2.15182277912430e-05 -6.17053080555043e-02 -8.79596246681457e-02 -1.63266448721551e-03 -4.72002189598255e-03 6.18002060561012e-03 -3.50612014613681e-05 2.44699264325024e-04 -1.51471443488475e-06 4.09900126115764e-04 -1.38795250581066e-07 8.26137601422631e-04 2.95885760550610e-03 -2.58898727993210e-05 1.38290773933656e-03 3.80160032541430e-06 1.73101552306059e-03 3.16324657769045e-04 3.73285515348335e-06 2.48571304067976e-04 4.32615213359007e-06 -9.80448335339068e-06 6.63997901371553e-06 -1.05862356393937e-04
 -6.10996261157418e-03 5.33824067976852e-02 -1.83952845810286e-02 1.22858808109682e-03 -3.23750541245780e-04 7.01225766279162e-07 2.19830746466196e-03 -1.56236474451887e-04 7.74609246098163e-06 -1.50873553251035e-04 -2.94633860083749e-08 -2.72163519130574e-04 2.65995870719795e-06 3.19238448307577e-04 7.70626902207275e-03 -3.21971055597714e-04 1.20613408700235e-04 -1.15107004243529e-02 2.55450923214081e-03 2.20138708227452e-05 -2.53340782864008e-06 -5.74278506474120e-02 -5.73637250066259e-03 9.25516587874963e-05 5.64217521001973e-03 -1.66974772268137e-03 6.18352820614345e-07 -7.14517600735883e-05 -1.64317403972457e-06 -4.26887448248047e-04 -7.34214786440323e-07 6.24275018783969e-04 3.96837248078215e-04 -2.75046472984455e-07 -6.07457004408270e-04 -6.65267481500164e-07 5.81828576441926e-04 8.44215672004122e-05 -5.45240252861426e-07 4.61601030785515e-05 -1.95823963676662e-06 2.09921295136261e-04 -1.28450365666068e-06 4.72440678989511e-06 4.16159697870555e-04 -3.29089133919604e-05 5.72958627265838e-03 -1.09618714377143e-03 -4.95875139511935e-04 5.94168974179675e-05 1.16609162649447e-06 2.08284096680822e-02 3.98998006278952e-03 3.72800727380899e-05 1.34413027531760e-03 -4.91702189860636e-04 -1.41250109379190e-06 -3.35181062812719e-05 -2.40010227188570e-07 -1.10929745786394e-05 4.89148725300998e-10 -4.96793801154010e-05 -5.34145888585357e-04 1.87436269239579e-06 -6.72883297284220e-05 3.44541864358050e-07 -1.05689439981130e-05 -9.71776667102304e-06 -5.46406470225472e-07 -4.44091260722937e-06 1.41346424525752e-07 -3.41212046408141e-06 -7.97304990512364e-07 -6.59379125116146e-06
 2.07054225662380e-03 -6.21486663260955e-03 1.83902057093773e-03 -3.79006210884961e-04 -8.95307283556646e-06 -3.34471082469450e-07 -9.85421361144344e-04 1.07263447523422e-05 1.20453037551260e-06 1.14355973520391e-05 -1.25060002370861e-07 1.02532383375732e-04 2.85898204293701e-07 -2.00054186938981e-04 6.32250537048736e-03 -6.13199868085753e-05 -3.10380911234905e-02 9.01984031102620e-04 2.20138708227452e-05 5.54540107209928e-04 7.77193700665385e-08 -4.46505378689936e-03 -2.64058445365228e-03 2.32756395765381e-06 -1.16008593664033e-03 -3.80519492255137e-05 4.84362164156336e-08 4.49475456625898e-05 1.42984228577372e-07 6.07039867252264e-05 2.53129320980090e-07 5.83043225144517e-06 3.73491581141546e-05 2.35758124155251e-07 5.54125561405039e-05 1.40384938938956e-06 3.41128355579511e-04 -3.59540844947293e-05 -8.76474341762170e-07 -8.86779746409545e-06 7.64714955195601e-07 2.29875556144797e-06 -1.32797976172219e-07 2.11760916275159e-05 -1.02481584069073e-03 1.00231920858164e-04 -2.61607957927658e-03 1.17139478225315e-03 8.20788617457693e-06 1.33720255324046e-04 9.85446829789825e-07 8.64192742902761e-04 -1.73625694109585e-03 -3.98911501384571e-05 7.06757856046697e-05 7.70990715839860e-04 -1.29072711421027e-06 -1.59386169790437e-07 -1.10151025609458e-07 7.74081604555211e-05 -7.40107141855149e-08 1.19936511161355e-04 -9.20122082954605e-05 -4.30278730711957e-07 2.30937154538915e-05 3.46725052315849e-07 8.30187650124342e-05 -5.58127095532561e-05 -4.56023608778130e-08 -4.73287001964171e-05 2.65991551434707e-09 4.36106091976177e-06 -4.46682929766721e-07 1.84101940334598e-05
 9.14652757197103e-06 -1.60514362805780e-05 2.27276182105705e-07 -7.32942645017914e-08 1.34836194662878e-06 -6.21073068387626e-04 -3.68025985615070e-06 -5.06193832659566e-06 -1.89679376893591e-03 -1.79266404981074e-06 -3.40544963828710e-05 2.05307309078843e-07 -4.27186907441122e-04 -2.22337580173095e-06 3.21043314194260e-06 -8.23593883173965e-07 -2.33332292607268e-05 -2.10472595823334e-06 -2.53340782864008e-06 7.77193700665385e-08 1.54812988606406e-03 -2.92156241087099e-06 -5.13295137688712e-05 -5.37548556895741e-02 1.87340460236541e-06 3.65159343762191e-06 -2.31902262714247e-03 9.69961530759202e-07 6.96237734298578e-05 -4.63471988783405e-07 2.60775676104868e-04 -6.75027849672646e-07 -4.12374320878749e-07 1.14797518857932e-04 -2.41610868186140e-06 7.40502442353128e-04 -3.62137747935678e-06 5.38525125064092e-07 4.95044521269813e-05 3.61997093527149e-07 2.56340545780458e-04 -5.63226824886675e-07 8.23094225601052e-05 2.59738946221276e-07 1.39464535706075e-06 -4.79415370707379e-07 6.57501505837813e-06 -7.53945284646824e-06 3.95602666764848e-06 9.21104077319484e-07 -2.96716169990980e-04 -7.33130396176727e-05 6.06021717019294e-05 1.77212178904378e-02 -5.50435652694059e-06 -6.57489191648075e-06 1.36959592456087e-03 -3.60014999377148e-07 -3.84147809385854e-05 -1.88788079256003e-07 -3.80151700516219e-06 1.30036730938303e-08 -2.00495307775182e-06 -5.40908231957635e-04 -1.47544671936082e-07 1.99467395534224e-05 -7.47504007975088e-08 -1.46311625542155e-06 -2.38897075720538e-06 -4.24079958717723e-07 1.95885994119687e-05 7.72946225444869e-07 3.53217858764377e-05 1.11529149458793e-07
 1.42634370202454e-01 -1.23276377879168e+00 4.20469423707092e-01 -2.66457269811836e-02 7.00859999344542e-03 5.98266223676603e-06 -4.26247358016707e-02 7.38145503041996e-03 -1.07160783744426e-04 3.06226083845428e-03 1.43148574307792e-06 5.97870341975231e-03 -5.94240000610050e-05 -5.62122178532815e-03 -3.38480722638198e-03 8.17173460812885e-03 2.41408949047176e-01 2.55216544276839e-01 -5.74278506474120e-02 -4.46505378689936e-03 -2.92156241087099e-06 1.41061850182496e+00 9.10728147940961e-02 -7.42764027528752e-05 -1.30247710172732e-01 4.59840760799240e-02 5.97453781471865e-05 6.67570767555531e-05 2.55088243753113e-05 8.91317988338796e-03 1.30952335848821e-05 -1.59786347039905e-02 -1.36570098595720e-02 -1.42214879593106e-05 1.32673504213530e-02 -2.91605047235506e-05 -1.97619728125913e-02 -1.23339462998482e-03 1.22989442766372e-05 -5.64422241953844e-04 2.04506282814295e-05 -5.31897376635952e-03 2.12119061863974e-05 -1.78666495230122e-03 -2.40439166140223e-03 1.60697097814871e-05 -9.58648444696185e-03 1.02545115019222e-02 6.13920973702277e-03 -1.96550448098809e-03 -3.61991960150368e-05 -1.61446841991670e-01 -1.72104186649674e-02 1.42570915357745e-05 -2.35373573317999e-02 7.59630944416485e-04 2.22466450347408e-05 1.56896350357328e-03 6.73296723631952e-06 -6.41023419320696e-04 1.45287607407792e-06 -3.24897444710151e-04 1.77743074596682e-02 -2.83058199846413e-06 7.23843583336040e-04 -1.14864772008985e-05 -3.09516242563723e-03 1.43279299920233e-04 2.09396093743282e-05 1.61565008583027e-04 -6.35461020673420e-06 -3.79506474283448e-04 1.68788059629942e-05 -1.34033612465025e-03
 -5.77856594544515e-02 1.28890639111402e-01 2.25486171246712e-02 2.99042810329037e-03 9.41599494715366e-03 -2.14762601713645e-05 1.64952744438018e-02 1.79648932652174e-02 8.77496377034258e-05 6.78804133865485e-03 -2.87273748658820e-05 -1.23327753956296e-03 5.52877830963257e-05 1.43403821422616e-03 -1.06113979646900e-02 7.78062489934305e-03 1.85011591703888e-01 7.77192844468005e-02 -5.73637250066259e-03 -2.64058445365228e-03 -5.13295137688712e-05 9.10728147940961e-02 7.88869964235186e-01 -6.45239431521108e-05 2.82313336568348e-02 -8.70767048815408e-02 -3.70399589473448e-05 -4.25281344531712e-03 -1.16483737492933e-06 4.34634284135590e-03 -2.46527143380969e-05 8.27727630831953e-03 -9.64023440552183e-03 8.00818511712024e-06 1.08862907719978e-02 6.57567418097081e-05 2.19875113677252e-02 -5.10537328363813e-03 4.44393256983533e-05 -6.56977517243623e-03 1.19009026586501e-05 -2.18675844381208e-04 -6.53887889181421e-06 -5.76824272613630e-04 -2.67059635177844e-03 6.64664824913544e-03 -7.21517804619897e-02 6.64610253002894e-02 -1.43596209227686e-03 1.26487610455316e-05 -9.29499729286390e-06 -2.72035024260871e-02 -8.93538618223139e-01 1.52153435214555e-05 3.65994723644810e-03 3.45531569034138e-02 3.47608713283654e-05 2.93468060169559e-04 1.36608396320463e-05 2.75226402034711e-03 -1.96563461338707e-06 4.95285611260812e-03 4.51815704496682e-03 1.89728722551004e-06 1.35480788288185e-02 9.03932865341439e-06 2.16781516775437e-02 5.44419973565189e-03 4.30906604395599e-06 4.43350972085927e-03 1.36041688103766e-05 6.50016121638574e-05 -4.36096053366908e-06 -6.03884908316050e-04
 -4.54565047389423e-06 3.21837447115952e-06 1.39419386922508e-04 -1.33423951740456e-05 -7.14786679753296e-05 2.22640504776787e-02 1.61948328952727e-04 1.09244194117389e-04 6.91336499258702e-02 5.49231456039819e-05 8.66218260735678e-04 -7.38606747033403e-06 1.51453432907149e-02 7.00005456086440e-05 2.04500713360419e-06 7.45660115426703e-06 4.24826121164560e-05 -3.83193621491983e-04 9.25516587874963e-05 2.32756395765381e-06 -5.37548556895741e-02 -7.42764027528752e-05 -6.45239431521108e-05 1.94700832534734e+00 2.88310303716749e-05 1.30840874001579e-04 7.52541590595191e-02 -1.79359368699998e-05 -3.91618950965542e-03 9.28730438376722e-07 -9.34524036730629e-03 5.06361409061060e-06 9.45789644465818e-05 -1.04675640518941e-02 8.83027876297317e-05 -2.70459034756309e-02 7.65646304532596e-05 -1.60600603687532e-05 -1.48969798813355e-03 -6.47089359883918e-06 -1.04288018346588e-02 1.38728774101870e-05 -4.36601948886200e-03 -1.46586200641116e-06 -2.13577696053428e-05 1.04541580159912e-06 -3.92563454488952e-05 2.24610317184388e-04 -7.93169464197414e-05 -1.19924761543875e-05 3.53308321937728e-03 1.80527050252868e-05 -7.27905068791753e-05 -2.33679555246959e-01 9.30521986947468e-05 2.14110520121645e-04 -3.76442078086182e-02 5.08237354505018e-06 2.30678005209050e-03 -2.96721536712513e-06 1.07671416771607e-04 -5.89570038243802e-07 2.27864103261825e-05 2.46845181200408e-02 -4.57673902713459e-05 -1.77750643532332e-03 -5.88749232030780e-05 3.92664589751906e-05 -5.92378184200529e-06 -8.23476621838578e-07 -1.82095663141153e-03 -2.53907886984861e-05 -2.58982505479458e-03 8.29077164658300e-06
 -2.33185669106875e-02 1.50442486132742e-01 -4.78901209920052e-02 3.99619854204615e-03 -3.47037457704394e-04 -3.11123408390480e-07 7.77670678056318e-03 -3.60619686968513e-04 1.19060228047676e-05 -1.06609641512130e-04 -1.46323799104623e-06 -9.75377023712872e-04 7.19152269260449e-06 1.19231525428454e-03 2.78581521744377e-03 -3.16202368817942e-04 7.12456397386134e-02 -2.58747169835846e-02 5.64217521001973e-03 -1.16008593664033e-03 1.87340460236541e-06 -1.30247710172732e-01 2.82313336568348e-02 2.88310303716749e-05 1.80951957317535e-02 -7.86776909928309e-03 -2.18445821085880e-05 -2.27218182510746e-04 -5.48270513979456e-06 -9.25259267933980e-04 -3.35103285712062e-06 1.96617119199976e-03 1.15512578161888e-03 -1.00507873650962e-05 -1.10359669313660e-03 5.02979609020143e-07 1.92514021376585e-03 3.24811348531675e-05 3.23017142139123e-06 -1.68863436909029e-04 -5.77774965046311e-06 5.37008308353686e-04 -4.31929114538372e-06 1.86695438386963e-04 3.41613381659738e-04 -6.43906427879311e-05 2.64215705045505e-03 -1.83438125197617e-03 -4.53141464943153e-04 -1.69753356001315e-04 -1.22407329126349e-05 -2.43241572523806e-03 -2.69733356088962e-02 8.11100929604913e-04 1.93817088644520e-03 -9.08186928805173e-04 2.28360534950107e-05 -1.86794821127689e-04 1.87010136944305e-06 -4.88149208824669e-05 -7.92044434382964e-08 -1.15970364638655e-04 -1.61639188269902e-03 1.07251759739693e-05 3.44736575094180e-04 -1.52412157833263e-06 9.31186459975679e-04 3.54391574176400e-04 -2.37949656962209e-06 2.83860765380400e-04 -8.82806163773808e-07 4.85415229067380e-05 -2.87805832338397e-06 1.27282845188205e-04
 1.12666297255375e-02 -6.12488939820791e-02 1.32930769927626e-02 -1.24572943377277e-03 -8.19023453839376e-04 4.40617737543140e-06 -3.35542956087704e-03 -1.99712069599749e-03 -1.08116834918974e-05 -6.81887542905463e-04 3.42700947167961e-06 3.33558867758709e-04 -7.85455392943924e-06 -3.35905648699834e-04 3.00663954567185e-03 -5.49327401975608e-04 -1.32161280954946e-03 8.75678605544726e-04 -1.66974772268137e-03 -3.80519492255137e-05 3.65159343762191e-06 4.59840760799240e-02 -8.70767048815408e-02 1.30840874001579e-04 -7.86776909928309e-03 1.20033128956326e-02 8.06814248631224e-06 5.40022760926490e-04 4.40456315835026e-07 -1.63244201595696e-04 2.46250245276281e-06 -1.57576662307770e-03 7.39806632776128e-04 -4.79220738274919e-06 -7.52621097891077e-04 -1.12157079484233e-05 -3.40333222291204e-03 5.56555202440470e-04 -4.36149862379213e-06 7.45633784203182e-04 -1.78568454344083e-06 -1.78108526907989e-04 9.73774205945312e-07 5.17196105546327e-05 2.21597638197678e-03 -8.32412836796534e-04 4.60828006341550e-03 -7.68805936893617e-03 6.17816096465515e-04 -1.46198456781769e-04 -3.50548189056114e-06 -1.60732799875318e-02 1.04156174453436e-01 1.49937596242143e-04 -1.72390094992480e-03 -4.16696103095127e-03 -6.31809365563310e-07 -1.44607192280126e-06 -6.63892981778238e-07 -3.69419361517770e-04 2.81328332172923e-07 -6.24005464629215e-04 3.42357716626144e-05 3.29799490541363e-06 -1.57226152680889e-03 -2.29965488555132e-06 -2.64298443608013e-03 -6.04563143307137e-04 -6.54725634000690e-09 -4.94142417201172e-04 -2.45865079672145e-06 -8.51241504451014e-06 6.82847864573501e-07 6.27094862267506e-05
 -1.55568638962375e-05 -4.45957273036607e-05 7.03140037108890e-06 -7.96275256920968e-07 -2.89927287044299e-06 8.84619996242851e-04 -5.43196142977684e-06 3.16317466635404e-06 2.62713088361442e-03 1.14734160947396e-06 7.17188879425312e-05 1.82888930424202e-07 6.19451026975061e-04 2.85328192636911e-06 1.92375670144558e-06 6.99079110006135e-07 5.19291822746208e-05 2.59586636996991e-05 6.18352820614345e-07 4.84362164156336e-08 -2.31902262714247e-03 5.97453781471865e-05 -3.70399589473448e-05 7.52541590595191e-02 -2.18445821085880e-05 8.06814248631224e-06 3.81858946718060e-03 -1.03585860366073e-07 -6.20886066245462e-06 9.95589328730174e-07 -3.71619632914915e-04 -1.04828690358388e-06 8.78013314577825e-07 2.52210780432149e-04 5.99996871574298e-07 -1.02197938806420e-03 1.07184823355084e-06 4.44968777922708e-07 -8.91697988268836e-05 1.05454046251267e-06 -2.83987219852724e-04 1.13013947023826e-06 -2.45980990711039e-05 3.41644230831014e-07 3.97865606559957e-08 -5.28030378400687e-07 -3.69260247431281e-05 -5.50630706175207e-06 -5.01172345151737e-06 -2.91428273226216e-06 8.87500286487940e-04 3.90140151232120e-05 5.34569807554350e-05 -5.15223800828065e-02 5.68637193877275e-06 6.80424137589530e-07 -2.70027131131897e-03 4.77532842780704e-07 -6.13074396211480e-06 1.58091103579251e-08 7.28691111523427e-06 -1.52764879451130e-06 2.47918815257864e-06 4.23950948208939e-04 -9.45078347498002e-07 4.11150992953879e-05 -2.19921776148081e-06 1.36680945447301e-06 9.38991862888965e-06 2.85118014719482e-07 4.53095306024925e-05 -1.00543769191122e-06 3.63174593618629e-05 1.05898005658852e-07
 3.13664036953550e-04 -2.03805545648962e-03 3.97920381470885e-04 -4.94971344769172e-05 -4.37117461683598e-05 5.31150572700686e-08 -2.41183285880362e-04 -2.29263402801189e-04 -1.66649314829347e-06 -3.54071537971843e-05 2.17443383076101e-07 9.75781452174562e-06 -3.50153959336672e-07 -3.39037071584679e-05 -1.13119220550974e-04 -4.31024329865191e-05 -2.77198058204273e-03 -4.80692572519159e-05 -7.14517600735883e-05 4.49475456625898e-05 9.69961530759202e-07 6.67570767555531e-05 -4.25281344531712e-03 -1.79359368699998e-05 -2.27218182510746e-04 5.40022760926490e-04 -1.03585860366073e-07 6.69043912799809e-05 2.74208003850231e-07 -6.73919719515637e-06 8.05971744052251e-08 -5.25913769140898e-05 1.72726152296779e-04 3.23854881758959e-07 -5.29203270371655e-05 -1.16364974008773e-07 -1.04967972871269e-04 1.93830031197291e-05 -2.90635409185913e-07 3.40506638893474e-05 3.22444902206773e-07 2.90025077050280e-06 2.72715047632405e-07 4.70126206314638e-05 -2.15835890801715e-05 -3.05283340276194e-05 -4.64399117588940e-04 -2.26481648594893e-04 1.63108512090217e-04 8.97090552307013e-06 2.24833894331322e-07 -8.93507785890130e-03 4.69135034775361e-03 -2.64969098140697e-05 -2.83746086878265e-04 -1.21258649037252e-04 -5.50886218236487e-07 -2.11259099998494e-05 -9.99549566001721e-08 -1.01257580839691e-05 -6.25110385649907e-09 -1.74698985977564e-05 -1.39095775216816e-04 -5.94872457657275e-07 -8.48008524165936e-05 -7.40350300501594e-08 -9.24537022913517e-05 -2.97941569459914e-05 -1.74651398567790e-07 -2.76821227142230e-05 -5.17827966641396e-08 1.07042169072917e-05 1.57939084298763e-07 4.01709484195439e-05
 -6.30115993543335e-07 -2.56329239528515e-05 7.00420797706819e-06 -5.12842892727290e-07 2.82648802080493e-07 -4.09385902862773e-05 -3.30228961841480e-06 -6.81433814321885e-07 -1.46230039008753e-04 -1.71059552753281e-07 4.35773018945207e-06 1.80830596157721e-07 -2.50288020975800e-05 -3.06441723957888e-07 -1.16169017434861e-05 9.67889007808442e-08 -4.66681736151856e-06 1.17259936778883e-05 -1.64317403972457e-06 1.42984228577372e-07 6.96237734298578e-05 2.55088243753113e-05 -1.16483737492933e-06 -3.91618950965542e-03 -5.48270513979456e-06 4.40456315835026e-07 -6.20886066245462e-06 2.74208003850231e-07 3.10340298099797e-05 3.26517871044814e-07 1.71351386482309e-05 -3.86587243343567e-07 -3.43879223330015e-07 1.25829329541091e-04 -4.66924170538099e-07 5.81292034922024e-05 -5.05916485302588e-07 1.04262772794480e-07 -2.04336533273239e-06 1.68759899230959e-07 3.99769975566259e-05 2.33513777997866e-08 3.17784933387080e-05 2.06429019038448e-07 3.27955275599336e-07 8.42116803591729e-08 1.06749781890396e-06 -1.30336575846678e-06 4.47423436325757e-07 -2.45675012852795e-07 1.12687017899270e-04 -2.75510215916921e-05 2.07835206476490e-06 -6.30830720703056e-03 -9.85650852358865e-07 -1.18405033929739e-06 -1.22936278708495e-04 -1.68091717931041e-08 -1.98409752114195e-05 6.93397433795038e-08 2.81918413998099e-07 -1.56106398459802e-07 -2.60179957466919e-08 -1.34220334087132e-04 2.61854022926830e-07 2.10936554679838e-05 3.33478130184651e-07 -8.85776199120099e-08 1.54627850688522e-06 4.99994473725835e-08 2.21182212259935e-05 8.41056676816250e-08 2.69714241413271e-05 6.80759916248688e-08
 9.74808947361981e-04 -8.59873125856816e-03 3.19641476474707e-03 -2.30749765097034e-04 9.22752196832681e-05 -8.26587196185473e-08 -4.05696810091054e-04 1.27065842319821e-04 -3.57459335420818e-08 5.54069629326781e-05 -1.17906979890937e-07 5.24100702694150e-05 3.15250622602282e-08 -7.11409929813032e-05 -5.78021338992132e-04 8.28153477109531e-05 -3.18572337205317e-03 2.31755796560282e-03 -4.26887448248047e-04 6.07039867252264e-05 -4.63471988783405e-07 8.91317988338796e-03 4.34634284135590e-03 9.28730438376722e-07 -9.25259267933980e-04 -1.63244201595696e-04 9.95589328730174e-07 -6.73919719515637e-06 3.26517871044814e-07 9.88566775337189e-05 -4.42616692818079e-08 -5.25136255653277e-05 -1.23941006034473e-04 4.80353000322304e-07 1.65823355506980e-04 4.43236014986646e-07 8.01079377834450e-05 -3.88173456774429e-05 1.84574887824855e-07 -3.87129251675445e-05 4.24756535979347e-07 -3.41923959439849e-05 2.01147353963623e-07 -6.23139004504735e-06 -2.18272647229883e-05 3.54643210040395e-05 -3.41523975173402e-03 6.16867655283279e-04 5.80498764803671e-05 -5.94721572946140e-06 4.86848445744491e-07 -2.34954240357569e-03 -4.93699498282625e-03 -4.13006570691998e-05 -1.58096336405610e-04 3.76102666732425e-04 -9.71819633929620e-07 8.76680642331905e-06 6.63654335525982e-08 2.60056578139917e-05 -1.68291775221246e-08 4.86047080499534e-05 1.07296699475647e-04 -5.23836461541955e-07 8.18059753416037e-05 1.09241128653414e-07 1.14222167101469e-04 1.97643427924410e-05 8.40231599121358e-08 1.59638666401185e-05 1.10345579471421e-07 2.63299687482955e-07 8.99123967423821e-08 -3.25787684360311e-06
 5.81622836070112e-06 -2.23606720035327e-05 4.80093661723301e-06 -6.09174815369834e-07 1.41609209868052e-07 -1.07138625369955e-04 -1.93481234339158e-06 -4.56205110992553e-07 -3.31314323366433e-04 -3.94323654045376e-07 -4.59479238662265e-06 2.22968163605850e-07 -7.30872757571860e-05 -5.11663306141113e-07 -6.00319878402804e-06 -2.49879392812057e-07 -2.01687849868531e-05 2.06663087679402e-06 -7.34214786440323e-07 2.53129320980090e-07 2.60775676104868e-04 1.30952335848821e-05 -2.46527143380969e-05 -9.34524036730629e-03 -3.35103285712062e-06 2.46250245276281e-06 -3.71619632914915e-04 8.05971744052251e-08 1.71351386482309e-05 -4.42616692818079e-08 4.49762499624794e-05 -5.13062123568355e-07 -7.15668152413235e-07 4.27229029107599e-05 -5.71151152912447e-07 1.29545740506038e-04 -1.24101276156327e-06 1.90949949709818e-07 7.51017617207817e-06 2.07126647773934e-07 4.86924621871707e-05 -1.49203040937132e-07 1.93056650222814e-05 -1.54944333757996e-07 2.17580639624082e-07 -6.30212033092984e-08 1.41007967828721e-05 -2.30899439505266e-06 -3.78282630004542e-08 1.86938824890896e-07 -2.55541011780535e-05 3.23517174251375e-05 2.54454993654217e-05 1.60805256726244e-03 8.86459707816293e-08 -1.84807366471263e-06 1.94939684159599e-04 6.04790069940449e-08 -9.98188392797866e-06 -4.71452016679631e-08 -5.52482725204485e-07 -9.15193037565254e-08 3.58269525939701e-07 -1.12411513846030e-04 -1.46793538204360e-07 7.27460404425743e-06 -4.64917955055317e-07 -3.93171719638584e-07 -8.07244017380895e-08 -1.57458164403029e-07 7.41544220753714e-06 7.63122571273504e-08 1.08689116549856e-05 -1.63126175172852e-07
 -2.55960332488715e-03 1.70213591568037e-02 -5.13892717291755e-03 3.83053740777031e-04 1.63789084259990e-05 -2.68958413026869e-07 7.32482395570393e-04 1.25016591221156e-04 2.56894215053442e-06 3.24751662982503e-05 -3.41550865740185e-07 -9.02081796509390e-05 1.42233014630671e-06 9.08000409316394e-05 8.27090558386337e-05 5.23480310341726e-06 1.16106301538559e-03 -2.20723132319599e-03 6.24275018783969e-04 5.83043225144517e-06 -6.75027849672646e-07 -1.59786347039905e-02 8.27727630831953e-03 5.06361409061060e-06 1.96617119199976e-03 -1.57576662307770e-03 -1.04828690358388e-06 -5.25913769140898e-05 -3.86587243343567e-07 -5.25136255653277e-05 -5.13062123568355e-07 3.09485001821221e-04 2.67148341549081e-05 8.81397764373633e-08 -7.85480828803091e-06 1.05185457695219e-06 5.44791629088313e-04 -3.22694774762295e-05 5.14152585864411e-07 -6.56838963858211e-05 -2.86594075258188e-07 6.24713385168575e-05 -3.84541077121043e-07 9.62258568717808e-06 1.21498686268570e-04 2.44273605451734e-05 -6.31808802825712e-03 5.02931711531154e-04 -9.48624150052931e-05 -2.47327044922628e-05 2.13773217882073e-07 2.02754410439518e-03 -9.46969084850544e-03 1.09835798306837e-05 3.39856108205270e-04 4.47597551210103e-04 2.31400844901778e-07 -1.51081739932488e-05 1.94616371466103e-07 3.80772757268347e-05 -4.08365122055629e-08 5.88850544936629e-05 -1.51895324301051e-04 1.91147676721467e-07 1.53216526634498e-04 2.09064155694073e-07 2.83725155557986e-04 6.39946433597239e-05 -3.24617402495085e-07 5.28028365262435e-05 2.02333017210888e-07 4.66621387655455e-06 -3.37182739069074e-07 6.77833819229627e-06
 -1.30177612233994e-03 9.07579279837889e-03 -3.44087387397260e-03 2.38416856576240e-04 -1.51124939846063e-04 1.70236896744616e-06 8.10222778144205e-05 -7.07280185830831e-04 1.54093782198972e-06 -9.98031780756952e-05 4.33368384626949e-07 -6.87775385155574e-05 7.49716257122586e-07 1.76110306598188e-05 -1.62737068447824e-04 -1.78529044780732e-04 -3.55879052862288e-03 -2.83686593068735e-03 3.96837248078215e-04 3.73491581141546e-05 -4.12374320878749e-07 -1.36570098595720e-02 -9.64023440552183e-03 9.45789644465818e-05 1.15512578161888e-03 7.39806632776128e-04 8.78013314577825e-07 1.72726152296779e-04 -3.43879223330015e-07 -1.23941006034473e-04 -7.15668152413235e-07 2.67148341549081e-05 6.59106481490662e-04 -2.24773439027659e-06 -3.07285759411084e-04 -2.32266187104342e-06 -1.70614248303937e-04 4.15393759151472e-05 -7.59987717047416e-07 7.49605215168382e-05 -5.06688145995700e-07 6.41286467302801e-05 -2.77780955444846e-07 1.63103967555418e-04 2.38982921424037e-04 -1.63518546539604e-05 7.10057185349692e-03 -6.25267172028770e-04 4.27754756075116e-04 7.91079492883121e-05 -1.98990907300386e-06 -2.65497971864491e-02 9.66356895860149e-03 7.65526047731267e-05 -6.30327262585186e-04 -5.20739012906199e-04 7.42995946837243e-07 -8.12470145789365e-05 1.42713874008639e-07 -3.13753578455357e-05 -2.64480613374800e-08 -5.79834559101589e-05 -5.87981829931522e-04 2.39271019135804e-06 -2.14991349364764e-04 -7.20099440418139e-07 -1.60137523323909e-04 -5.26342945022852e-05 -6.00099563864011e-07 -5.50539273488881e-05 -6.12796597713783e-07 3.69683776196161e-05 -2.58418828869400e-07 1.32831340222859e-04
 -1.90098406110716e-05 2.50075756267260e-05 -1.53777892348097e-05 1.00847609384367e-06 4.68931762641653e-07 -1.02310791494647e-04 -6.88216666910379e-06 -8.11277487887530e-07 -4.04126448900906e-04 -7.56843113497128e-07 2.29425642390211e-05 8.72374836750305e-08 -5.68305081030773e-05 -1.31702303089604e-08 6.58861373154997e-06 1.98977375924015e-07 1.85153771877909e-05 2.40431744478944e-05 -2.75046472984455e-07 2.35758124155251e-07 1.14797518857932e-04 -1.42214879593106e-05 8.00818511712024e-06 -1.04675640518941e-02 -1.00507873650962e-05 -4.79220738274919e-06 2.52210780432149e-04 3.23854881758959e-07 1.25829329541091e-04 4.80353000322304e-07 4.27229029107599e-05 8.81397764373633e-08 -2.24773439027659e-06 5.30361214443224e-04 -2.69626929499837e-06 1.62283258988048e-04 -3.22967008628487e-08 5.93134872437539e-07 -1.47934250363280e-05 6.59956458863666e-07 1.42034935662565e-04 5.75940208117841e-07 1.27523746976656e-04 3.72528626728653e-07 -4.79839273463502e-07 2.03473283991350e-07 1.19207977037153e-06 -7.70893620265990e-06 -1.33325763781661e-06 -1.32856042928723e-06 5.23048015876106e-04 3.34454368313298e-05 -5.69281123910086e-06 -2.94139024392185e-02 2.24044633479483e-06 -5.15168488789478e-06 -6.96475786913587e-04 1.21260421898474e-07 -8.11840430134071e-05 2.95100196962575e-07 1.67684165254371e-06 -7.93164113054421e-07 4.05377831122681e-07 -5.15368394045977e-04 1.44735520940625e-06 8.88254922404868e-05 1.60078560825252e-06 -8.60694207936963e-08 6.97483172805892e-06 4.15471627167361e-07 9.32988111010594e-05 1.41425565695866e-07 1.12390684777647e-04 -1.60088245514865e-07
 9.55169928773956e-04 -1.07238649133234e-02 4.28022806827842e-03 -2.81703834348807e-04 1.75080056526500e-04 5.91317597360821e-07 -4.18980829698026e-04 3.41491259862363e-04 4.01488683479945e-06 1.07917021176483e-04 -4.79528501022163e-07 6.52444054705731e-05 8.67356093870283e-07 -8.06665886045626e-05 1.80102703013397e-03 1.83860070376772e-04 -1.22236238098321e-03 3.63945434933463e-03 -6.07457004408270e-04 5.54125561405039e-05 -2.41610868186140e-06 1.32673504213530e-02 1.08862907719978e-02 8.83027876297317e-05 -1.10359669313660e-03 -7.52621097891077e-04 5.99996871574298e-07 -5.29203270371655e-05 -4.66924170538099e-07 1.65823355506980e-04 -5.71151152912447e-07 -7.85480828803091e-06 -3.07285759411084e-04 -2.69626929499837e-06 3.27595162009895e-04 -2.85541884538789e-07 2.82816158244641e-04 -6.99347564508720e-05 7.20513272752193e-07 -8.89694551034496e-05 -5.37089628762388e-07 -5.20249465955703e-05 -6.53929262740407e-07 -3.35600658358938e-05 2.63435701439741e-05 3.52589304493507e-05 -1.05039992996648e-02 1.08241374807311e-03 1.16200111692890e-05 -5.70659321847882e-05 -2.50297179234410e-06 3.85333010322241e-04 -1.14189222455923e-02 1.28354286796166e-04 -9.36374685718007e-05 7.73768533646025e-04 2.72763566045314e-06 2.25656106108319e-05 7.81528616343882e-07 5.02570453213966e-05 -3.79823008076678e-08 9.30415822501392e-05 2.36299147081016e-04 2.76591134185002e-06 2.02725767198813e-04 -3.38974200935508e-07 2.70672493681169e-04 6.09570160001537e-05 4.68328386206011e-08 5.19639615592122e-05 -3.55862749628503e-07 -4.24122146399816e-06 -6.96609829408223e-07 -2.48325664226531e-05
 -2.00055517932412e-06 1.73083685308773e-05 -3.16280803270821e-06 -1.73442328625524e-07 1.70628186367381e-06 -3.08654678071135e-04 -2.99813656640743e-06 4.46778140590383e-07 -9.61475681724458e-04 -1.71502920734549e-07 -1.10533078991754e-05 2.12005347866000e-07 -2.09501518125574e-04 -1.30076935169324e-06 -2.60906517858563e-06 2.78449141092489e-07 -7.77091954416150e-05 1.12877040384455e-05 -6.65267481500164e-07 1.40384938938956e-06 7.40502442353128e-04 -2.91605047235506e-05 6.57567418097081e-05 -2.70459034756309e-02 5.02979609020143e-07 -1.12157079484233e-05 -1.02197938806420e-03 -1.16364974008773e-07 5.81292034922024e-05 4.43236014986646e-07 1.29545740506038e-04 1.05185457695219e-06 -2.32266187104342e-06 1.62283258988048e-04 -2.85541884538789e-07 3.76306981541141e-04 2.53468263233887e-06 -2.84117364419646e-07 1.98835474845731e-05 -5.06898050565005e-07 1.47929210566155e-04 -9.18305838795774e-08 6.43506597878448e-05 -6.17171099206294e-08 7.37676938963383e-08 8.06906574262517e-07 -2.62070656795537e-05 5.80883169522544e-06 4.17470659193430e-07 4.17064744692397e-07 -2.97790290999687e-05 2.85756903415582e-05 -8.62926570739122e-05 2.15414356229978e-03 4.76622942054888e-07 2.57000568582973e-06 4.90917128560049e-04 -1.08447628209933e-08 -3.44910745211775e-05 5.53054849162654e-07 -1.41577766156551e-06 8.06135971163675e-07 -1.26753484847066e-07 -3.56515750375789e-04 2.06180824692850e-06 2.75155825753374e-05 3.14958818752881e-06 -2.03560754559220e-07 3.29490409404428e-07 3.06126728794647e-07 2.82691915342812e-05 3.48336567498939e-07 3.94781648949000e-05 -1.98336870367322e-07
 -2.63860718607737e-03 1.78355896376154e-02 -4.57506097977127e-03 2.35683329432042e-04 1.66117898657033e-04 -1.38196238688893e-07 3.90274257102858e-04 4.87759844884785e-04 8.07848976672650e-06 1.50910734901694e-04 -9.22780782010215e-07 -4.96775632034525e-05 3.46285884708002e-06 -1.71205723310134e-05 -9.73360034515107e-04 1.10650340227772e-04 -1.57692013455050e-02 -3.92591139036551e-04 5.81828576441926e-04 3.41128355579511e-04 -3.62137747935678e-06 -1.97619728125913e-02 2.19875113677252e-02 7.65646304532596e-05 1.92514021376585e-03 -3.40333222291204e-03 1.07184823355084e-06 -1.04967972871269e-04 -5.05916485302588e-07 8.01079377834450e-05 -1.24101276156327e-06 5.44791629088313e-04 -1.70614248303937e-04 -3.22967008628487e-08 2.82816158244641e-04 2.53468263233887e-06 1.39151008800972e-03 -1.31629869878264e-04 1.01114796826097e-06 -1.90798433107433e-04 -1.44333130574007e-07 7.19933968526984e-05 -8.47968885249616e-07 3.42315619109583e-06 -4.43542025022602e-04 1.15776939260982e-04 -2.24485454573633e-02 2.38148157385852e-03 -1.33410221889081e-04 -2.97448524726969e-05 1.00970652188736e-06 3.25550844449752e-03 -2.67032668363654e-02 -1.96307209251152e-05 5.30033466275178e-04 1.85384338421523e-03 -1.57876827556339e-06 -1.09754866480917e-05 6.63351930993417e-07 1.50059010706154e-04 -1.37434400607920e-07 2.44731529068204e-04 -1.39414117708208e-04 7.38861590581559e-07 4.47506090498084e-04 5.89512506257371e-07 7.68806651427014e-04 1.32333337189998e-04 -5.78802862554279e-07 1.09716516716919e-04 3.97473323458177e-07 8.47191951889230e-06 -1.01091680376376e-06 6.18261930869056e-06
 3.16762814131559e-05 9.55144630853970e-04 -8.37013287739144e-04 4.75999122375912e-05 -7.46576568135871e-05 -1.07314766890514e-08 2.44518317306578e-05 -1.11167795226359e-04 -1.14407953160628e-06 -5.58751242163510e-05 2.35047052020458e-07 -6.15588553972393e-06 -4.48304338323269e-07 1.62273692309515e-05 1.06313613883215e-04 -4.33637489247543e-05 2.47574791040237e-03 -8.22129789849686e-04 8.44215672004122e-05 -3.59540844947293e-05 5.38525125064092e-07 -1.23339462998482e-03 -5.10537328363813e-03 -1.60600603687532e-05 3.24811348531675e-05 5.56555202440470e-04 4.44968777922708e-07 1.93830031197291e-05 1.04262772794480e-07 -3.88173456774429e-05 1.90949949709818e-07 -3.22694774762295e-05 4.15393759151472e-05 5.93134872437539e-07 -6.99347564508720e-05 -2.84117364419646e-07 -1.31629869878264e-04 4.75783271100570e-05 -1.60641507043900e-07 4.86663877283830e-05 -7.24148404335320e-08 4.89176003868072e-06 1.83271753287749e-07 -4.46188989875570e-06 3.24252438090413e-04 -8.91249783909105e-05 -2.99347131577069e-03 -6.62959625731499e-04 -1.34508464663589e-05 -4.31098107737757e-05 6.71638106567023e-07 1.42318614921382e-03 6.74481878684203e-03 -2.93642006826501e-05 2.04686535708103e-05 -2.65555244309827e-04 -9.53026766581976e-07 -6.78410276693155e-07 -1.33808076971419e-07 -2.59965255132584e-05 2.15643328259593e-08 -4.56313943408841e-05 -1.63239445399089e-05 -6.62179091022842e-07 -9.07228017436330e-05 3.39343289259738e-08 -1.59159451316230e-04 -3.12749622696620e-05 -9.54919295359232e-08 -2.41770013312797e-05 2.94557661180382e-08 -2.13771159412984e-06 1.57472672830445e-07 -1.87046702669506e-06
 -4.91811594043263e-06 1.38564841588998e-05 -1.54608173217932e-06 6.16491313872530e-07 5.04147937451602e-07 -1.78716298647738e-05 2.12012265783484e-06 9.42971387783439e-07 -5.13309665358927e-05 2.67943723195877e-07 -1.99145888504366e-06 -1.74085331008712e-07 -1.27682209741053e-05 2.40345933577261e-07 -2.15215052385007e-05 5.04747725819622e-07 5.28412211669384e-05 2.53008206123976e-06 -5.45240252861426e-07 -8.76474341762170e-07 4.95044521269813e-05 1.22989442766372e-05 4.44393256983533e-05 -1.48969798813355e-03 3.23017142139123e-06 -4.36149862379213e-06 -8.91697988268836e-05 -2.90635409185913e-07 -2.04336533273239e-06 1.84574887824855e-07 7.51017617207817e-06 5.14152585864411e-07 -7.59987717047416e-07 -1.47934250363280e-05 7.20513272752193e-07 1.98835474845731e-05 1.01114796826097e-06 -1.60641507043900e-07 2.24082247246255e-06 -3.27822172326250e-07 3.84345402243142e-06 -5.46713254102684e-08 -1.66438431895778e-06 -1.27222633918069e-07 1.28610959285662e-07 -1.11210459217829e-07 -3.70233304919157e-05 1.41072676935428e-06 -8.71287452536911e-09 -3.82630893135198e-07 -2.87754499665244e-05 1.74518637886683e-06 -3.93064590685456e-05 1.65401811434275e-03 5.53474529422362e-08 1.36690825525341e-06 7.20380019775452e-05 1.69146670641733e-08 1.54470397620921e-06 3.94734289832052e-08 -1.90893519410346e-07 1.52620613119051e-07 4.22790435442410e-07 -4.81302689965308e-07 6.90700618026969e-07 -2.45256481767247e-06 9.73311377835928e-07 3.16570119445041e-07 -3.29821501387883e-07 2.79396757105700e-07 -2.62265087821178e-06 9.09536775446416e-09 -2.75458988291538e-06 -8.18028647617335e-08
 3.50078499952623e-04 -6.42701268565927e-04 -3.64771179957857e-04 -5.35808361198765e-07 -8.23759777203798e-05 1.48780962280215e-07 -8.83277319689776e-05 -1.54120277268369e-04 -1.08842235503170e-06 -6.11406151121220e-05 2.95007169941115e-07 4.68800102002594e-06 -4.94376269372524e-07 -1.19558006878311e-06 -2.73752116071618e-04 -6.04464345632571e-05 4.08652468398672e-04 -7.13755665847116e-04 4.61601030785515e-05 -8.86779746409545e-06 3.61997093527149e-07 -5.64422241953844e-04 -6.56977517243623e-03 -6.47089359883918e-06 -1.68863436909029e-04 7.45633784203182e-04 1.05454046251267e-06 3.40506638893474e-05 1.68759899230959e-07 -3.87129251675445e-05 2.07126647773934e-07 -6.56838963858211e-05 7.49605215168382e-05 6.59956458863666e-07 -8.89694551034496e-05 -5.06898050565005e-07 -1.90798433107433e-04 4.86663877283830e-05 -3.27822172326250e-07 5.77529037373963e-05 -5.19622809063242e-09 2.04350203146669e-06 2.31080066380976e-07 2.91624629099856e-06 3.67237146496411e-04 -7.52725965008546e-05 -7.73522725488218e-04 -6.62309835953196e-04 1.23745815544708e-05 -2.02495264255782e-05 8.35457319182745e-07 2.07983035749199e-04 7.92257569962468e-03 -4.24876897129439e-05 -3.37648957921815e-05 -3.17227646997191e-04 -1.46245265334881e-06 -2.57599655613101e-06 -1.97292036959802e-07 -2.76881557753407e-05 2.25798311420840e-08 -4.87838854492063e-05 -3.27002723134308e-05 -6.65355742047190e-07 -1.15969587998899e-04 2.79086364186267e-08 -1.90776091342772e-04 -4.31945739905960e-05 -5.76288905107973e-08 -3.48000763302693e-05 1.28860873711784e-08 -8.44141544462505e-07 2.02659446424250e-07 3.99049628721064e-06
 1.43725745520626e-06 -3.10304521556463e-05 1.03475305881950e-05 -9.08157456537874e-07 7.40990057469692e-07 -1.16100840176375e-04 -4.37432495389443e-06 -7.83035634813141e-07 -3.76187539362579e-04 -1.39334332165528e-07 3.64537097693993e-07 2.85466951972583e-07 -7.66631595054466e-05 -7.62697040770974e-07 -2.46257875978798e-06 9.04873638360758e-08 -4.45956681578781e-05 1.44689789675029e-05 -1.95823963676662e-06 7.64714955195601e-07 2.56340545780458e-04 2.04506282814295e-05 1.19009026586501e-05 -1.04288018346588e-02 -5.77774965046311e-06 -1.78568454344083e-06 -2.83987219852724e-04 3.22444902206773e-07 3.99769975566259e-05 4.24756535979347e-07 4.86924621871707e-05 -2.86594075258188e-07 -5.06688145995700e-07 1.42034935662565e-04 -5.37089628762388e-07 1.47929210566155e-04 -1.44333130574007e-07 -7.24148404335320e-08 3.84345402243142e-06 -5.19622809063242e-09 7.14518768162203e-05 -4.14299212499389e-08 4.22543834254675e-05 2.71154998954092e-07 -4.21063997270428e-07 5.85007061488829e-07 2.41089623526013e-05 1.63728574641364e-06 8.79125003018780e-07 2.39633707744165e-07 7.93654594712429e-05 -3.69470989943126e-05 -2.21609940806020e-05 -4.30995667215181e-03 -1.45378795685330e-06 -4.32477928283446e-07 3.86408486787052e-05 -5.42484902654365e-08 -2.48284855019191e-05 2.20195148242792e-07 -1.67860816367254e-07 1.27881205132301e-07 -3.02133624426166e-07 -2.01607604883536e-04 6.50626645379863e-07 2.38950235488549e-05 1.08649108445731e-06 -1.76453214883913e-07 1.29111865434897e-06 6.51219423604149e-08 2.48964772631461e-05 1.87237132464042e-07 3.17274426198957e-05 9.34211088253587e-08
 -6.25805463069724e-04 4.87773230596450e-03 -1.64675749157966e-03 1.11917986070801e-04 -2.57709548336763e-05 1.79028646525949e-07 1.79878962451218e-04 -4.19499695054888e-05 7.79502218119022e-07 -1.17144450488062e-05 4.53628799951098e-08 -2.61310396768819e-05 3.77113229457710e-07 2.51832080706303e-05 -8.08151170424159e-04 -3.11213878020477e-05 -1.79513680518585e-04 -9.77813616799419e-04 2.09921295136261e-04 2.29875556144797e-06 -5.63226824886675e-07 -5.31897376635952e-03 -2.18675844381208e-04 1.38728774101870e-05 5.37008308353686e-04 -1.78108526907989e-04 1.13013947023826e-06 2.90025077050280e-06 2.33513777997866e-08 -3.41923959439849e-05 -1.49203040937132e-07 6.24713385168575e-05 6.41286467302801e-05 5.75940208117841e-07 -5.20249465955703e-05 -9.18305838795774e-08 7.19933968526984e-05 4.89176003868072e-06 -5.46713254102684e-08 2.04350203146669e-06 -4.14299212499389e-08 2.11742983972814e-05 3.61970095487536e-08 1.06917646518209e-05 -2.73920598081286e-05 -3.25440174854040e-06 -1.21159299708029e-04 -5.94424205329936e-05 -7.61866912046431e-06 3.37840020518487e-06 8.16528840765620e-07 -3.68314372345125e-04 6.00073872056268e-05 -4.06908634325460e-05 6.20495653153830e-05 -1.49231321742727e-05 -1.47875935385367e-06 -8.22451202507744e-06 -8.75381661580735e-08 8.97755544227121e-07 -1.85372703857235e-09 -9.78277805026763e-07 -7.86860069259672e-05 -3.05782101997294e-07 -3.54643453985184e-06 1.14445676518469e-07 1.40200723959989e-05 1.48164431862980e-06 -9.13027961358116e-08 7.53846900008980e-07 1.14519214801795e-07 2.54330734483237e-06 5.84154686143319e-08 8.60020655325571e-06
 -2.10496488115282e-06 -1.67898377194448e-05 3.55187854544387e-06 -1.47714857144551e-07 1.86665027819913e-07 -4.61086288612370e-05 -2.58618426814160e-06 -8.72450916990555e-07 -1.62153804798934e-04 -2.69455120679766e-07 4.11571796405225e-06 9.67816383621029e-08 -2.85659515356875e-05 -1.73816525089808e-07 1.42354901008751e-06 8.14124167381879e-08 1.34719096594148e-05 9.27883145273150e-06 -1.28450365666068e-06 -1.32797976172219e-07 8.23094225601052e-05 2.12119061863974e-05 -6.53887889181421e-06 -4.36601948886200e-03 -4.31929114538372e-06 9.73774205945312e-07 -2.45980990711039e-05 2.72715047632405e-07 3.17784933387080e-05 2.01147353963623e-07 1.93056650222814e-05 -3.84541077121043e-07 -2.77780955444846e-07 1.27523746976656e-04 -6.53929262740407e-07 6.43506597878448e-05 -8.47968885249616e-07 1.83271753287749e-07 -1.66438431895778e-06 2.31080066380976e-07 4.22543834254675e-05 3.61970095487536e-08 3.26283554239437e-05 2.01625205894762e-07 -3.33589831999924e-07 -5.17265030162021e-08 2.85673448253359e-06 -2.75415899566452e-06 4.10832646203131e-07 -3.13585894421010e-07 1.11042732997510e-04 -2.50880846470660e-05 1.09662364539469e-05 -6.20745981159418e-03 -9.21652207585562e-07 -2.02048379311827e-06 -1.12866147550700e-04 -2.29374647614231e-08 -2.02689719459623e-05 -1.39632057993219e-09 2.53665737905516e-07 -2.73832193271294e-07 -6.23900286524181e-08 -1.39338758971579e-04 1.36420078539649e-07 2.13830489811194e-05 1.07031816440160e-07 -1.09716715540116e-07 1.53695972542356e-06 4.18000531949982e-08 2.24113370329834e-05 8.57142018239214e-08 2.74196462650175e-05 5.70162802406156e-08
 -2.85537843114244e-04 9.01290971326227e-04 -2.40694363213750e-04 2.54529948384435e-05 -8.75967700020920e-06 1.56888812096269e-07 -4.63746665602674e-05 -1.66676479499380e-04 -5.78786278708610e-07 -7.09521208676717e-06 9.14186684095132e-08 -1.14186433316652e-05 1.29711220873752e-07 -9.24269798438115e-06 8.44182025004789e-04 -1.74781404054086e-05 -1.27660935385534e-03 -1.63786041541478e-04 4.72440678989511e-06 2.11760916275159e-05 2.59738946221276e-07 -1.78666495230122e-03 -5.76824272613630e-04 -1.46586200641116e-06 1.86695438386963e-04 5.17196105546327e-05 3.41644230831014e-07 4.70126206314638e-05 2.06429019038448e-07 -6.23139004504735e-06 -1.54944333757996e-07 9.62258568717808e-06 1.63103967555418e-04 3.72528626728653e-07 -3.35600658358938e-05 -6.17171099206294e-08 3.42315619109583e-06 -4.46188989875570e-06 -1.27222633918069e-07 2.91624629099856e-06 2.71154998954092e-07 1.06917646518209e-05 2.01625205894762e-07 5.07687504550999e-05 7.93323832404311e-05 1.03147494802536e-05 8.28258262104062e-04 5.69283982008649e-05 1.54204869251594e-04 1.97827717173421e-05 2.98780201328079e-07 -9.42027159903007e-03 3.57234815692512e-04 -3.27241385690095e-05 -2.45474648565235e-04 -1.00516504443903e-05 -8.20522851312144e-07 -2.37203312313778e-05 -5.56843774501540e-08 7.60350250922580e-07 -1.38741845589932e-08 1.60423161145421e-06 -1.53859257790629e-04 -4.04494410326662e-07 -2.50577353675542e-05 -3.42174603128983e-08 1.41368255921895e-05 -1.90152320741845e-06 -1.64262141209196e-07 -5.48483386501287e-06 2.09715389811122e-08 1.22491743444845e-05 1.40367410033661e-07 4.13989361558185e-05
 3.42856929614160e-04 2.41580388842935e-03 -2.27456142211936e-03 2.26087172002339e-04 -1.46290820996189e-04 -2.69017663854440e-07 -1.81402444331228e-04 2.65500031243634e-04 -5.93504344656610e-07 9.69849505250684e-05 2.87106884463471e-07 2.11329871803738e-04 -2.84991415449425e-07 1.62144803663594e-04 7.76763911588040e-04 -7.94765484896938e-04 1.90732533303929e-03 -4.72601737069219e-03 4.16159697870555e-04 -1.02481584069073e-03 1.39464535706075e-06 -2.40439166140223e-03 -2.67059635177844e-03 -2.13577696053428e-05 3.41613381659738e-04 2.21597638197678e-03 3.97865606559957e-08 -2.15835890801715e-05 3.27955275599336e-07 -2.18272647229883e-05 2.17580639624082e-07 1.21498686268570e-04 2.38982921424037e-04 -4.79839273463502e-07 2.63435701439741e-05 7.37676938963383e-08 -4.43542025022602e-04 3.24252438090413e-04 1.28610959285662e-07 3.67237146496411e-04 -4.21063997270428e-07 -2.73920598081286e-05 -3.33589831999924e-07 7.93323832404311e-05 1.99346111587291e+00 4.04292922923059e-03 -2.11418657027576e-02 6.90936541653150e-03 2.77542503949532e-04 -5.01448879544796e-03 -2.25143064702549e-07 2.50915282123263e-03 1.06397089852978e-02 -1.27898760802754e-05 -1.25639770969020e-04 1.39085356687865e-03 1.17238945179374e-07 1.00391721924876e-04 9.74888459439043e-07 -5.69621129800529e-05 -4.38434018244268e-06 -3.29878073594767e-05 -8.60443941771700e-05 -1.33079404329236e-06 -1.07285987011499e-04 1.80634123239875e-06 -1.88324673071793e-04 4.48343476829306e-04 4.02593457141226e-06 2.65888429708742e-04 -5.67218567725830e-07 -6.28322394481829e-05 1.57990727595498e-06 -1.53204657176136e-04
 2.06782586526974e-04 -1.26865096282655e-03 1.34262713886821e-03 -9.82815828971662e-05 1.13305825340662e-04 -2.52548112318018e-07 -4.55152921786883e-05 1.68182690224711e-04 9.09052289207947e-07 9.52545664066231e-05 -3.38860863615293e-07 1.32735943132913e-05 5.06924639316941e-07 -3.07641993467376e-05 -3.64825486240911e-04 2.22710486610311e-05 -8.28530384043343e-03 9.03108173711749e-04 -3.29089133919604e-05 1.00231920858164e-04 -4.79415370707379e-07 1.60697097814871e-05 6.64664824913544e-03 1.04541580159912e-06 -6.43906427879311e-05 -8.32412836796534e-04 -5.28030378400687e-07 -3.05283340276194e-05 8.42116803591729e-08 3.54643210040395e-05 -6.30212033092984e-08 2.44273605451734e-05 -1.63518546539604e-05 2.03473283991350e-07 3.52589304493507e-05 8.06906574262517e-07 1.15776939260982e-04 -8.91249783909105e-05 -1.11210459217829e-07 -7.52725965008546e-05 5.85007061488829e-07 -3.25440174854040e-06 -5.17265030162021e-08 1.03147494802536e-05 4.04292922923059e-03 2.42559568340898e-04 1.53386195331218e-02 1.24868422331243e-03 -1.05624559367532e-05 1.49930521906224e-04 4.18819685372495e-08 -7.11717812596229e-04 -1.09676570344134e-02 -1.71179786737942e-05 2.64677557080586e-05 2.84307044757129e-04 2.16576981762297e-07 2.77893181705907e-06 -1.59785908163222e-07 4.24452549976016e-05 -3.85915550949723e-08 7.24878058779973e-05 4.91580302839991e-06 3.99015124669589e-08 1.22270143497878e-04 1.79991432849016e-07 2.37807490227620e-04 3.86557070319699e-05 4.03623535047091e-07 2.75769672876397e-05 1.55512321587654e-07 2.46641648012074e-06 4.18478211541382e-08 1.38262456080343e-06
 1.88276950489518e-02 -3.98159044016588e-02 4.85086839045137e-02 -1.11497325698822e-03 1.95604977547024e-03 2.72442832406020e-06 1.05326259956172e-02 -9.79614362940476e-04 -3.31361745932607e-05 2.37590527612423e-03 -3.12330295677782e-06 -6.56434372327894e-04 -1.66780412584729e-05 1.66897472525640e-03 -8.72205284695102e-03 -3.86078011049468e-03 -1.44015935344949e-01 -2.68673472485444e-02 5.72958627265838e-03 -2.61607957927658e-03 6.57501505837813e-06 -9.58648444696185e-03 -7.21517804619897e-02 -3.92563454488952e-05 2.64215705045505e-03 4.60828006341550e-03 -3.69260247431281e-05 -4.64399117588940e-04 1.06749781890396e-06 -3.41523975173402e-03 1.41007967828721e-05 -6.31808802825712e-03 7.10057185349692e-03 1.19207977037153e-06 -1.05039992996648e-02 -2.62070656795537e-05 -2.24485454573633e-02 -2.99347131577069e-03 -3.70233304919157e-05 -7.73522725488218e-04 2.41089623526013e-05 -1.21159299708029e-04 2.85673448253359e-06 8.28258262104062e-04 -2.11418657027576e-02 1.53386195331218e-02 1.90185190732535e+00 2.39048340572956e-02 -1.64432911988959e-03 1.39583955663582e-02 -2.25706875943314e-05 1.93563462259949e-02 -1.58264652980339e-01 -5.76369276565243e-05 -3.88662325480731e-05 -3.29015591979031e-02 4.43442096147235e-05 1.06780101190172e-04 -2.99532867487504e-05 -8.36520026791795e-04 1.50123398122544e-06 -1.37815001798260e-03 -1.05498631445452e-03 2.17797599097907e-05 -2.39621011429648e-03 -1.52321980548196e-06 -8.74311013910775e-04 -2.28388818572508e-04 4.15962476241065e-05 -5.07664331110786e-04 1.45525600176056e-06 -1.90049589051415e-05 2.10489738589565e-05 -2.92519546509127e-05
 1.98261416622689e-03 -1.92570291239912e-02 1.28613607770191e-02 -1.08919675733735e-03 9.81700328005958e-04 -3.22144431134169e-07 -1.55710447424143e-03 1.60109385339971e-03 1.77422498378484e-05 7.56276953021137e-04 -3.33388715738574e-06 2.15213945956915e-04 6.60423908570782e-06 -4.67326041988984e-04 1.82046323829144e-03 5.18009173612308e-04 -7.08935758142127e-02 1.21639049019485e-02 -1.09618714377143e-03 1.17139478225315e-03 -7.53945284646824e-06 1.02545115019222e-02 6.64610253002894e-02 2.24610317184388e-04 -1.83438125197617e-03 -7.68805936893617e-03 -5.50630706175207e-06 -2.26481648594893e-04 -1.30336575846678e-06 6.16867655283279e-04 -2.30899439505266e-06 5.02931711531154e-04 -6.25267172028770e-04 -7.70893620265990e-06 1.08241374807311e-03 5.80883169522544e-06 2.38148157385852e-03 -6.62959625731499e-04 1.41072676935428e-06 -6.62309835953196e-04 1.63728574641364e-06 -5.94424205329936e-05 -2.75415899566452e-06 5.69283982008649e-05 6.90936541653150e-03 1.24868422331243e-03 2.39048340572956e-02 1.02702923361347e-02 1.20530617876303e-04 6.14744986401099e-04 -7.53417150600592e-06 -1.33983745878824e-02 -9.24746267092517e-02 3.48423707692821e-04 -3.65290673140764e-05 4.78710856352865e-03 1.08512808470109e-05 1.86314965956607e-05 1.87028867147488e-06 4.53858983851942e-04 -4.15925616748033e-07 7.75422786114379e-04 1.66543178795534e-04 8.32393066707913e-06 1.28496581497584e-03 6.48499232693624e-08 2.26154221132639e-03 3.59236574400772e-04 1.03920324341641e-06 2.76203151338018e-04 -3.71280069301668e-07 2.84903698062732e-05 -2.86597473044215e-06 2.85613541876208e-05
 1.41595470145104e-04 -7.17197263822326e-03 2.55756471885793e-03 -1.24503740043686e-04 1.98947890550967e-05 -3.31950605509366e-07 -5.15308390520110e-04 -5.15325204592675e-04 -5.34758480633623e-06 -8.04107437069957e-06 1.66536574641690e-07 9.99720709529813e-06 -7.87408015189583e-07 -7.51525124789205e-05 -3.66535055519540e-05 9.80466890093099e-06 -6.15943432221245e-04 1.59598680526167e-03 -4.95875139511935e-04 8.20788617457693e-06 3.95602666764848e-06 6.13920973702277e-03 -1.43596209227686e-03 -7.93169464197414e-05 -4.53141464943153e-04 6.17816096465515e-04 -5.01172345151737e-06 1.63108512090217e-04 4.47423436325757e-07 5.80498764803671e-05 -3.78282630004542e-08 -9.48624150052931e-05 4.27754756075116e-04 -1.33325763781661e-06 1.16200111692890e-05 4.17470659193430e-07 -1.33410221889081e-04 -1.34508464663589e-05 -8.71287452536911e-09 1.23745815544708e-05 8.79125003018780e-07 -7.61866912046431e-06 4.10832646203131e-07 1.54204869251594e-04 2.77542503949532e-04 -1.05624559367532e-05 -1.64432911988959e-03 1.20530617876303e-04 5.83105959261475e-04 9.45182493310991e-06 -2.66655047039036e-06 -3.35782721437796e-02 2.15917084473250e-03 8.36219520566022e-05 -1.04410881673159e-03 -1.10011086021443e-05 4.14590493925588e-06 -6.79819628679819e-05 2.61084255431512e-07 -6.58321892495872e-06 -5.14909726624091e-08 -3.34625884326005e-06 -3.69120641698288e-04 -7.39316067667206e-08 -8.33468930519957e-05 -6.41916468473404e-07 6.11834710338540e-06 -5.67211169190061e-06 -5.23254310194850e-07 -1.67782112360506e-05 -4.28249512392941e-07 3.83313311789892e-05 1.03466961395295e-07 1.29345677492258e-04
 5.08522229050935e-04 -1.17346094940856e-03 7.25351704716401e-04 -9.41143070576591e-05 2.58428776439990e-05 -2.79099272616073e-07 -1.52133493608766e-04 -3.00118700056286e-06 -1.39749677660064e-07 3.12429864360805e-05 -1.90039765128780e-07 1.63699873401017e-05 -7.71899975148295e-08 -3.94167095370714e-05 1.24809300548074e-03 -3.82546928110613e-05 -9.62733410200541e-03 6.88049110324891e-05 5.94168974179675e-05 1.33720255324046e-04 9.21104077319484e-07 -1.96550448098809e-03 1.26487610455316e-05 -1.19924761543875e-05 -1.69753356001315e-04 -1.46198456781769e-04 -2.91428273226216e-06 8.97090552307013e-06 -2.45675012852795e-07 -5.94721572946140e-06 1.86938824890896e-07 -2.47327044922628e-05 7.91079492883121e-05 -1.32856042928723e-06 -5.70659321847882e-05 4.17064744692397e-07 -2.97448524726969e-05 -4.31098107737757e-05 -3.82630893135198e-07 -2.02495264255782e-05 2.39633707744165e-07 3.37840020518487e-06 -3.13585894421010e-07 1.97827717173421e-05 -5.01448879544796e-03 1.49930521906224e-04 1.39583955663582e-02 6.14744986401099e-04 9.45182493310991e-06 1.59326185309062e-04 -1.64646473204046e-06 -1.15572802748614e-03 -3.25755781375403e-03 8.47933849855897e-05 -5.34458161250418e-06 1.59196019056365e-05 3.07075749178714e-06 -3.43459963819203e-06 -3.97814175924259e-08 2.02945211289228e-05 -1.32394653586286e-08 3.17348568817645e-05 -5.72276755649255e-05 1.08586968814474e-06 8.26271065713085e-06 -1.52930357916580e-07 5.92695140454138e-05 -8.69543201471280e-06 2.48106367569037e-07 -1.05041057660906e-05 -2.17681414281986e-07 3.47517664964111e-06 -2.61258995296995e-07 1.14269114703834e-05
 -1.91825873046311e-05 3.15954497598147e-05 -1.97580371793635e-05 7.85053924348596e-07 -3.14341980036503e-07 6.02782288759396e-05 -7.54249650810009e-06 3.67964926144493e-08 8.83548813646273e-05 -5.88821178500278e-07 3.31279056913749e-05 1.58868082961816e-07 5.56026163887432e-05 3.54750005436860e-07 -1.21999527123477e-06 5.10563620451650e-09 -1.73650189161432e-05 2.15182277912430e-05 1.16609162649447e-06 9.85446829789825e-07 -2.96716169990980e-04 -3.61991960150368e-05 -9.29499729286390e-06 3.53308321937728e-03 -1.22407329126349e-05 -3.50548189056114e-06 8.87500286487940e-04 2.24833894331322e-07 1.12687017899270e-04 4.86848445744491e-07 -2.55541011780535e-05 2.13773217882073e-07 -1.98990907300386e-06 5.23048015876106e-04 -2.50297179234410e-06 -2.97790290999687e-05 1.00970652188736e-06 6.71638106567023e-07 -2.87754499665244e-05 8.35457319182745e-07 7.93654594712429e-05 8.16528840765620e-07 1.11042732997510e-04 2.98780201328079e-07 -2.25143064702549e-07 4.18819685372495e-08 -2.25706875943314e-05 -7.53417150600592e-06 -2.66655047039036e-06 -1.64646473204046e-06 6.26154852716404e-04 7.17662410869266e-05 9.87501615944459e-06 -3.54906650741510e-02 4.39203148978597e-06 -3.61216607765823e-06 -1.09601818496947e-03 2.27186129914745e-07 -7.44560463626594e-05 3.64341992465470e-07 2.77439326662442e-06 -8.56463748085316e-07 7.15171014844446e-07 -3.92718040840525e-04 1.13904489876190e-06 8.74071817916833e-05 1.02707698319471e-06 4.31810109781414e-08 7.92717957146554e-06 3.42164476966361e-07 9.21750200818131e-05 -7.04827175527311e-08 1.07881245380239e-04 -1.96893178680070e-07
 2.95128871347694e-02 1.88566399329089e-01 -8.37235454867514e-02 1.48435618769661e-03 -1.61104808622331e-03 -3.35408564784757e-05 1.78214266716182e-02 2.93500739920722e-02 1.30263347983438e-04 -1.31949646112148e-04 -1.15206061374662e-05 9.20704409005188e-04 -1.00967253450836e-05 2.68125766472211e-03 -8.11465897819372e-04 -5.44513597040922e-04 -3.84444594958483e-02 -6.17053080555043e-02 2.08284096680822e-02 8.64192742902761e-04 -7.33130396176727e-05 -1.61446841991670e-01 -2.72035024260871e-02 1.80527050252868e-05 -2.43241572523806e-03 -1.60732799875318e-02 3.90140151232120e-05 -8.93507785890130e-03 -2.75510215916921e-05 -2.34954240357569e-03 3.23517174251375e-05 2.02754410439518e-03 -2.65497971864491e-02 3.34454368313298e-05 3.85333010322241e-04 2.85756903415582e-05 3.25550844449752e-03 1.42318614921382e-03 1.74518637886683e-06 2.07983035749199e-04 -3.69470989943126e-05 -3.68314372345125e-04 -2.50880846470660e-05 -9.42027159903007e-03 2.50915282123263e-03 -7.11717812596229e-04 1.93563462259949e-02 -1.33983745878824e-02 -3.35782721437796e-02 -1.15572802748614e-03 7.17662410869266e-05 1.99003906711324e+00 9.42335254620909e-03 -1.03890129554380e-04 5.82682447692168e-02 -9.31013436054801e-04 -3.37017666085756e-05 4.28013242113463e-03 -1.13332894407629e-05 1.21505582980620e-04 2.70767326401486e-06 -2.15451194850392e-04 2.41056791587775e-02 -3.09791031635211e-06 3.16578505174623e-03 2.90693778495220e-05 -3.97771751685111e-03 -6.38558035855000e-04 3.12707766032612e-05 2.22744358167119e-04 1.47181104730023e-05 -2.35509640530455e-03 -1.29143297658920e-05 -7.81836039640217e-03
 5.07183542676616e-02 -1.29203646117094e-01 -3.66913330635009e-02 -6.51784355817569e-04 -1.10864704812331e-02 2.70678354287377e-05 -1.30983030314092e-02 -2.10449874851551e-02 -1.19338973411607e-04 -8.37480871446226e-03 3.57628603791341e-05 7.72202120661975e-04 -6.84782932645079e-05 -2.39062626767802e-04 2.94655767822568e-03 -7.65966995561275e-03 1.02253461174653e-01 -8.79596246681457e-02 3.98998006278952e-03 -1.73625694109585e-03 6.06021717019294e-05 -1.72104186649674e-02 -8.93538618223139e-01 -7.27905068791753e-05 -2.69733356088962e-02 1.04156174453436e-01 5.34569807554350e-05 4.69135034775361e-03 2.07835206476490e-06 -4.93699498282625e-03 2.54454993654217e-05 -9.46969084850544e-03 9.66356895860149e-03 -5.69281123910086e-06 -1.14189222455923e-02 -8.62926570739122e-05 -2.67032668363654e-02 6.74481878684203e-03 -3.93064590685456e-05 7.92257569962468e-03 -2.21609940806020e-05 6.00073872056268e-05 1.09662364539469e-05 3.57234815692512e-04 1.06397089852978e-02 -1.09676570344134e-02 -1.58264652980339e-01 -9.24746267092517e-02 2.15917084473250e-03 -3.25755781375403e-03 9.87501615944459e-06 9.42335254620909e-03 1.09310134429040e+00 5.35446088750281e-06 -5.95063752672191e-03 -4.33757068511945e-02 -4.28018239114490e-05 -3.22017849387109e-04 -1.16217502795998e-05 -3.88010814740455e-03 2.88455663380846e-06 -6.78949254991714e-03 -3.81308092474125e-03 -7.66415018130491e-06 -1.58783861753352e-02 -1.31283242505738e-05 -2.63705693638956e-02 -5.86972190615193e-03 -9.85725958903466e-06 -4.71812648399375e-03 -1.54100768621916e-05 -1.19779345726510e-04 8.36294985190740e-06 5.26132862975654e-04
 1.01149372782668e-03 -9.49143306181797e-05 4.41022066889762e-04 -1.51324074789182e-05 1.78712271241203e-06 -3.79691415875320e-03 4.80904553797488e-04 3.51118088151702e-05 -6.19802218851442e-03 2.37005638189412e-05 -1.88950170724273e-03 -1.18983236822084e-05 -3.40878648302185e-03 -1.37637224758018e-05 8.72903624202075e-05 -1.27187276453526e-05 3.04529563293589e-04 -1.63266448721551e-03 3.72800727380899e-05 -3.98911501384571e-05 1.77212178904378e-02 1.42570915357745e-05 1.52153435214555e-05 -2.33679555246959e-01 8.11100929604913e-04 1.49937596242143e-04 -5.15223800828065e-02 -2.64969098140697e-05 -6.30830720703056e-03 -4.13006570691998e-05 1.60805256726244e-03 1.09835798306837e-05 7.65526047731267e-05 -2.94139024392185e-02 1.28354286796166e-04 2.15414356229978e-03 -1.96307209251152e-05 -2.93642006826501e-05 1.65401811434275e-03 -4.24876897129439e-05 -4.30995667215181e-03 -4.06908634325460e-05 -6.20745981159418e-03 -3.27241385690095e-05 -1.27898760802754e-05 -1.71179786737942e-05 -5.76369276565243e-05 3.48423707692821e-04 8.36219520566022e-05 8.47933849855897e-05 -3.54906650741510e-02 -1.03890129554380e-04 5.35446088750281e-06 2.01221362734131e+00 -1.13519021383677e-04 2.13864680815414e-04 6.26685148603300e-02 -6.90750428941590e-06 4.17290915296510e-03 -1.94509654324367e-05 -1.58847823326980e-04 4.83816454106397e-05 -1.84351268375250e-05 2.17929478800262e-02 -6.29911310321664e-05 -4.91484647650220e-03 -6.98134261436984e-05 -7.55537473359973e-06 -4.48437676951855e-04 -2.13866129099788e-05 -5.18391176563430e-03 4.52179496945941e-07 -6.05936913693180e-03 -1.69989135404220e-06
 -1.55605699572508e-03 2.33603262078220e-02 -8.04004612135965e-03 4.31585210252227e-04 -7.50542003674863e-05 -8.01596725928086e-08 1.20799649158254e-03 8.56571747202250e-04 8.97491096878315e-06 2.66908588609058e-06 -4.22855798212336e-07 -6.53294673387041e-05 1.73948710568993e-06 1.62848243471649e-04 -1.74519887449884e-04 -7.30928572320295e-05 -3.28174016143434e-03 -4.72002189598255e-03 1.34413027531760e-03 7.06757856046697e-05 -5.50435652694059e-06 -2.35373573317999e-02 3.65994723644810e-03 9.30521986947468e-05 1.93817088644520e-03 -1.72390094992480e-03 5.68637193877275e-06 -2.83746086878265e-04 -9.85650852358865e-07 -1.58096336405610e-04 8.86459707816293e-08 3.39856108205270e-04 -6.30327262585186e-04 2.24044633479483e-06 -9.36374685718007e-05 4.76622942054888e-07 5.30033466275178e-04 2.04686535708103e-05 5.53474529422362e-08 -3.37648957921815e-05 -1.45378795685330e-06 6.20495653153830e-05 -9.21652207585562e-07 -2.45474648565235e-04 -1.25639770969020e-04 2.64677557080586e-05 -3.88662325480731e-05 -3.65290673140764e-05 -1.04410881673159e-03 -5.34458161250418e-06 4.39203148978597e-06 5.82682447692168e-02 -5.95063752672191e-03 -1.13519021383677e-04 2.00016534318136e-03 2.20604976825896e-04 -5.70810779498394e-06 1.01199585164684e-04 -4.26446485796449e-07 3.27955841977400e-05 5.42963350986137e-08 3.50925398491355e-05 4.66101246289895e-04 -1.11239716785385e-07 1.77744546048934e-04 1.22085851579920e-06 8.80737569181399e-05 1.89763717102109e-05 6.40939990037120e-07 3.58423936126285e-05 7.86577605786891e-07 -6.07506342652642e-05 -4.39661892859583e-07 -2.06467204863065e-04
 6.97258565092263e-04 -6.51271950823687e-03 4.48100664809222e-03 -5.29765245916641e-04 4.28477408155677e-04 6.98307634349105e-07 -1.06832459780868e-03 9.02939993230210e-04 1.41866927243323e-05 3.21785831088221e-04 -1.67942670783573e-06 1.31911283172376e-04 4.62775355167351e-06 -2.92455823297781e-04 1.60969079278379e-03 3.19302231940978e-04 -3.90422056027959e-02 6.18002060561012e-03 -4.91702189860636e-04 7.70990715839860e-04 -6.57489191648075e-06 7.59630944416485e-04 3.45531569034138e-02 2.14110520121645e-04 -9.08186928805173e-04 -4.16696103095127e-03 6.80424137589530e-07 -1.21258649037252e-04 -1.18405033929739e-06 3.76102666732425e-04 -1.84807366471263e-06 4.47597551210103e-04 -5.20739012906199e-04 -5.15168488789478e-06 7.73768533646025e-04 2.57000568582973e-06 1.85384338421523e-03 -2.65555244309827e-04 1.36690825525341e-06 -3.17227646997191e-04 -4.32477928283446e-07 -1.49231321742727e-05 -2.02048379311827e-06 -1.00516504443903e-05 1.39085356687865e-03 2.84307044757129e-04 -3.29015591979031e-02 4.78710856352865e-03 -1.10011086021443e-05 1.59196019056365e-05 -3.61216607765823e-06 -9.31013436054801e-04 -4.33757068511945e-02 2.13864680815414e-04 2.20604976825896e-04 3.33391133082632e-03 3.78496180424553e-06 1.54320771076762e-05 1.82102289162416e-06 2.65876171462000e-04 -2.48745506039433e-07 4.47601754707028e-04 1.19412264331005e-04 5.56984864391490e-06 7.18880960304104e-04 8.97894736394593e-09 1.17751905856483e-03 1.74059212510669e-04 -4.35251971382333e-07 1.42833026881252e-04 -4.07386686739247e-07 9.84727320672507e-06 -2.41868657764977e-06 -6.65346888512904e-07
 2.94886422173569e-05 -1.66853547857307e-05 1.94615932677068e-05 -5.65916621179111e-07 1.74599411849484e-06 -4.63426503276740e-04 1.15031828066210e-05 -2.65329028290743e-07 -1.27512896435045e-03 2.25524644124166e-07 -6.90781962174680e-05 -2.17817973380168e-07 -3.39453467910174e-04 -1.56486085289231e-06 3.03315943278789e-06 -1.71203653184344e-07 6.65345566996314e-06 -3.50612014613681e-05 -1.41250109379190e-06 -1.29072711421027e-06 1.36959592456087e-03 2.22466450347408e-05 3.47608713283654e-05 -3.76442078086182e-02 2.28360534950107e-05 -6.31809365563310e-07 -2.70027131131897e-03 -5.50886218236487e-07 -1.22936278708495e-04 -9.71819633929620e-07 1.94939684159599e-04 2.31400844901778e-07 7.42995946837243e-07 -6.96475786913587e-04 2.72763566045314e-06 4.90917128560049e-04 -1.57876827556339e-06 -9.53026766581976e-07 7.20380019775452e-05 -1.46245265334881e-06 3.86408486787052e-05 -1.47875935385367e-06 -1.12866147550700e-04 -8.20522851312144e-07 1.17238945179374e-07 2.16576981762297e-07 4.43442096147235e-05 1.08512808470109e-05 4.14590493925588e-06 3.07075749178714e-06 -1.09601818496947e-03 -3.37017666085756e-05 -4.28018239114490e-05 6.26685148603300e-02 -5.70810779498394e-06 3.78496180424553e-06 2.43206028019904e-03 -3.09899961894540e-07 8.58102926280556e-05 -4.10525839786283e-07 -6.35851652916631e-06 1.64301281266023e-06 -8.97250456870850e-07 2.48258367406123e-04 -6.21070128298725e-07 -1.15925976086194e-04 -1.42210605537233e-07 -6.15628008985025e-07 -1.30477148196632e-05 -4.48013413053563e-07 -1.23123853826810e-04 4.47444489379748e-07 -1.36619707780969e-04 -1.07500221204086e-07
 2.65414812428508e-04 -1.29371171512016e-03 4.18779026630116e-04 -3.60872785566065e-05 9.16425766554291e-06 -1.55263558460942e-08 -2.17144311663872e-05 8.25487711862817e-05 3.61493058660304e-07 6.43650092052853e-06 -2.73969013282444e-08 1.08663786476063e-05 -4.04218724405648e-08 -2.98572661764391e-06 2.38314392052231e-05 1.16569854784823e-05 5.33216952430858e-06 2.44699264325024e-04 -3.35181062812719e-05 -1.59386169790437e-07 -3.60014999377148e-07 1.56896350357328e-03 2.93468060169559e-04 5.08237354505018e-06 -1.86794821127689e-04 -1.44607192280126e-06 4.77532842780704e-07 -2.11259099998494e-05 -1.68091717931041e-08 8.76680642331905e-06 6.04790069940449e-08 -1.51081739932488e-05 -8.12470145789365e-05 1.21260421898474e-07 2.25656106108319e-05 -1.08447628209933e-08 -1.09754866480917e-05 -6.78410276693155e-07 1.69146670641733e-08 -2.57599655613101e-06 -5.42484902654365e-08 -8.22451202507744e-06 -2.29374647614231e-08 -2.37203312313778e-05 1.00391721924876e-04 2.77893181705907e-06 1.06780101190172e-04 1.86314965956607e-05 -6.79819628679819e-05 -3.43459963819203e-06 2.27186129914745e-07 4.28013242113463e-03 -3.22017849387109e-04 -6.90750428941590e-06 1.01199585164684e-04 1.54320771076762e-05 -3.09899961894540e-07 1.19563871524246e-05 -2.15072929392621e-08 9.62853787524990e-07 7.34672018119464e-09 1.72408547163032e-06 7.96146368556435e-05 -1.88415021783824e-08 1.26702327750364e-05 6.61847470947044e-08 -5.42764380633580e-06 2.71796207741865e-08 1.04885452949507e-07 1.72028654045158e-06 3.97924027475961e-08 -5.79450268043307e-06 1.37629855930850e-09 -1.95742702013917e-05
 1.37142942732862e-06 -2.37569802062342e-06 2.53355007084855e-06 -7.84667422090264e-08 4.63314365567237e-08 2.38553766018254e-05 1.19567288604869e-06 4.07176045585930e-07 8.66173362659110e-05 2.12527460535698e-07 -2.97836845270491e-06 -3.31353892486589e-08 1.43767633625812e-05 3.85629808225300e-08 1.64251363555764e-07 1.89163205221155e-07 6.93638418060508e-06 -1.51471443488475e-06 -2.40010227188570e-07 -1.10151025609458e-07 -3.84147809385854e-05 6.73296723631952e-06 1.36608396320463e-05 2.30678005209050e-03 1.87010136944305e-06 -6.63892981778238e-07 -6.13074396211480e-06 -9.99549566001721e-08 -1.98409752114195e-05 6.63654335525982e-08 -9.98188392797866e-06 1.94616371466103e-07 1.42713874008639e-07 -8.11840430134071e-05 7.81528616343882e-07 -3.44910745211775e-05 6.63351930993417e-07 -1.33808076971419e-07 1.54470397620921e-06 -1.97292036959802e-07 -2.48284855019191e-05 -8.75381661580735e-08 -2.02689719459623e-05 -5.56843774501540e-08 9.74888459439043e-07 -1.59785908163222e-07 -2.99532867487504e-05 1.87028867147488e-06 2.61084255431512e-07 -3.97814175924259e-08 -7.44560463626594e-05 -1.13332894407629e-05 -1.16217502795998e-05 4.17290915296510e-03 -4.26446485796449e-07 1.82102289162416e-06 8.58102926280556e-05 -2.15072929392621e-08 1.27129849440574e-05 3.99318124160599e-09 -1.99752847654751e-07 2.04108448437646e-07 1.38631231759354e-08 8.47632571027467e-05 2.39504839499105e-08 -1.36066275660550e-05 1.15595684461667e-07 1.31958690786100e-07 -1.01494116900566e-06 2.68524987573572e-08 -1.42731023884306e-05 -2.41365266107394e-08 -1.73546834275832e-05 3.38610327935709e-08
 7.11450322681174e-05 -2.27145722717690e-04 2.98494891301231e-04 -4.42664283277549e-05 3.52744772212777e-05 -1.69578961767419e-07 -8.48297735163415e-05 7.41444385729694e-05 4.54247899679026e-07 2.88516454089247e-05 -1.23656935027433e-07 1.05300870181142e-05 2.73001765074722e-07 -2.54011318126584e-05 1.31705575876452e-04 1.77786329526666e-05 -4.30859144274435e-03 4.09900126115764e-04 -1.10929745786394e-05 7.74081604555211e-05 -1.88788079256003e-07 -6.41023419320696e-04 2.75226402034711e-03 -2.96721536712513e-06 -4.88149208824669e-05 -3.69419361517770e-04 1.58091103579251e-08 -1.01257580839691e-05 6.93397433795038e-08 2.60056578139917e-05 -4.71452016679631e-08 3.80772757268347e-05 -3.13753578455357e-05 2.95100196962575e-07 5.02570453213966e-05 5.53054849162654e-07 1.50059010706154e-04 -2.59965255132584e-05 3.94734289832052e-08 -2.76881557753407e-05 2.20195148242792e-07 8.97755544227121e-07 -1.39632057993219e-09 7.60350250922580e-07 -5.69621129800529e-05 4.24452549976016e-05 -8.36520026791795e-04 4.53858983851942e-04 -6.58321892495872e-06 2.02945211289228e-05 3.64341992465470e-07 1.21505582980620e-04 -3.88010814740455e-03 -1.94509654324367e-05 3.27955841977400e-05 2.65876171462000e-04 -4.10525839786283e-07 9.62853787524990e-07 3.99318124160599e-09 2.37838450522739e-05 -1.97859753374305e-08 3.94860745740265e-05 6.13803541752196e-07 -2.70184746838707e-07 5.88816613921149e-05 1.33875547562252e-07 1.02096918588477e-04 1.30756701764679e-05 7.46239494829926e-09 1.03799228128724e-05 9.66822233398222e-08 9.70225638496836e-07 -4.75085433916818e-08 5.49429667694744e-07
 -4.61785823322460e-08 -2.58325199393287e-07 -1.03473996786431e-07 2.92062345479857e-08 -2.58129645331466e-08 1.31402466951817e-06 7.07837741296674e-08 -5.71272061508472e-09 3.66838145428626e-06 -1.86831176612919e-08 1.79310975248384e-07 -6.01715205515548e-09 9.54278889454205e-07 3.05635842992784e-08 2.45201475892688e-07 -2.57389305350653e-09 4.39830566349167e-06 -1.38795250581066e-07 4.89148725300998e-10 -7.40107141855149e-08 -3.80151700516219e-06 1.45287607407792e-06 -1.96563461338707e-06 1.07671416771607e-04 -7.92044434382964e-08 2.81328332172923e-07 7.28691111523427e-06 -6.25110385649907e-09 2.81918413998099e-07 -1.68291775221246e-08 -5.52482725204485e-07 -4.08365122055629e-08 -2.64480613374800e-08 1.67684165254371e-06 -3.79823008076678e-08 -1.41577766156551e-06 -1.37434400607920e-07 2.15643328259593e-08 -1.90893519410346e-07 2.25798311420840e-08 -1.67860816367254e-07 -1.85372703857235e-09 2.53665737905516e-07 -1.38741845589932e-08 -4.38434018244268e-06 -3.85915550949723e-08 1.50123398122544e-06 -4.15925616748033e-07 -5.14909726624091e-08 -1.32394653586286e-08 2.77439326662442e-06 2.70767326401486e-06 2.88455663380846e-06 -1.58847823326980e-04 5.42963350986137e-08 -2.48745506039433e-07 -6.35851652916631e-06 7.34672018119464e-09 -1.99752847654751e-07 -1.97859753374305e-08 1.67204710879412e-08 -3.84646008752010e-08 5.39738655349406e-08 -4.55571591185126e-07 -3.80554679169515e-08 2.78813503296078e-07 -8.55060480359108e-08 -7.37473866373959e-09 3.27729300586597e-08 -4.91180401216915e-09 2.96614314788793e-07 -5.72777197736088e-09 3.25379185884721e-07 -1.27831295071489e-08
 1.33840944041659e-04 -8.47295582937785e-04 6.88643641215047e-04 -8.06384655219964e-05 6.57882973249826e-05 -2.73866532666023e-07 -1.46225212758044e-04 1.28593115330050e-04 9.49531679630077e-07 5.18725999241157e-05 -2.83883975832782e-07 1.84846085325992e-05 4.16410646371937e-07 -4.25315139669389e-05 2.27543551711368e-04 3.71180249129201e-05 -6.65531377731502e-03 8.26137601422631e-04 -4.96793801154010e-05 1.19936511161355e-04 1.30036730938303e-08 -3.24897444710151e-04 4.95285611260812e-03 -5.89570038243802e-07 -1.15970364638655e-04 -6.24005464629215e-04 -1.52764879451130e-06 -1.74698985977564e-05 -1.56106398459802e-07 4.86047080499534e-05 -9.15193037565254e-08 5.88850544936629e-05 -5.79834559101589e-05 -7.93164113054421e-07 9.30415822501392e-05 8.06135971163675e-07 2.44731529068204e-04 -4.56313943408841e-05 1.52620613119051e-07 -4.87838854492063e-05 1.27881205132301e-07 -9.78277805026763e-07 -2.73832193271294e-07 1.60423161145421e-06 -3.29878073594767e-05 7.24878058779973e-05 -1.37815001798260e-03 7.75422786114379e-04 -3.34625884326005e-06 3.17348568817645e-05 -8.56463748085316e-07 -2.15451194850392e-04 -6.78949254991714e-03 4.83816454106397e-05 3.50925398491355e-05 4.47601754707028e-04 1.64301281266023e-06 1.72408547163032e-06 2.04108448437646e-07 3.94860745740265e-05 -3.84646008752010e-08 6.61984739132829e-05 7.74230142810870e-06 6.19871953099971e-07 1.02648711591838e-04 -3.43826605081556e-10 1.76471726393264e-04 2.45985166883118e-05 1.08811388427441e-09 1.94961878210188e-05 -6.34609102863965e-08 1.80598916528639e-06 -3.31395919753049e-07 1.16280094072150e-06
 1.95090656121435e-03 -1.33480965436514e-02 4.58250889940648e-03 -3.06735089965024e-04 1.14610717263868e-04 -1.56710809446093e-07 -2.17587215445814e-04 5.69444154612474e-04 1.43080893795673e-06 6.74617406610111e-05 -2.25118426217991e-07 8.24996968223226e-05 -5.14737003511697e-07 -2.34556274585638e-05 -4.73289000684404e-05 1.45266547924645e-04 5.56390919627008e-03 2.95885760550610e-03 -5.34145888585357e-04 -9.20122082954605e-05 -2.00495307775182e-06 1.77743074596682e-02 4.51815704496682e-03 2.27864103261825e-05 -1.61639188269902e-03 3.42357716626144e-05 2.47918815257864e-06 -1.39095775216816e-04 -2.60179957466919e-08 1.07296699475647e-04 3.58269525939701e-07 -1.51895324301051e-04 -5.87981829931522e-04 4.05377831122681e-07 2.36299147081016e-04 -1.26753484847066e-07 -1.39414117708208e-04 -1.63239445399089e-05 4.22790435442410e-07 -3.27002723134308e-05 -3.02133624426166e-07 -7.86860069259672e-05 -6.23900286524181e-08 -1.53859257790629e-04 -8.60443941771700e-05 4.91580302839991e-06 -1.05498631445452e-03 1.66543178795534e-04 -3.69120641698288e-04 -5.72276755649255e-05 7.15171014844446e-07 2.41056791587775e-02 -3.81308092474125e-03 -1.84351268375250e-05 4.66101246289895e-04 1.19412264331005e-04 -8.97250456870850e-07 7.96146368556435e-05 1.38631231759354e-08 6.13803541752196e-07 5.39738655349406e-08 7.74230142810870e-06 5.89324197648133e-04 3.60524281788105e-08 1.10833641469309e-04 2.70775414485493e-07 -5.51652420286111e-06 2.06436797472235e-05 7.04478510502054e-07 2.76037356626687e-05 1.91149073560154e-07 -3.64974033050900e-05 7.75437796186209e-08 -1.26090600369847e-04
 1.25510240120497e-05 -4.07684757480664e-07 7.98751904055298e-06 -3.93978206256745e-07 -9.27741735343066e-07 2.68234039056574e-04 8.41255253546859e-06 2.01942432410655e-06 9.02682006215156e-04 1.13563917125043e-06 -1.12954959557576e-05 -2.62976246208560e-07 1.72164787978843e-04 8.25817174390466e-07 1.96939573539158e-06 -8.00691238098135e-08 -9.31465730929952e-07 -2.58898727993210e-05 1.87436269239579e-06 -4.30278730711957e-07 -5.40908231957635e-04 -2.83058199846413e-06 1.89728722551004e-06 2.46845181200408e-02 1.07251759739693e-05 3.29799490541363e-06 4.23950948208939e-04 -5.94872457657275e-07 -1.34220334087132e-04 -5.23836461541955e-07 -1.12411513846030e-04 1.91147676721467e-07 2.39271019135804e-06 -5.15368394045977e-04 2.76591134185002e-06 -3.56515750375789e-04 7.38861590581559e-07 -6.62179091022842e-07 -4.81302689965308e-07 -6.65355742047190e-07 -2.01607604883536e-04 -3.05782101997294e-07 -1.39338758971579e-04 -4.04494410326662e-07 -1.33079404329236e-06 3.99015124669589e-08 2.17797599097907e-05 8.32393066707913e-06 -7.39316067667206e-08 1.08586968814474e-06 -3.92718040840525e-04 -3.09791031635211e-06 -7.66415018130491e-06 2.17929478800262e-02 -1.11239716785385e-07 5.56984864391490e-06 2.48258367406123e-04 -1.88415021783824e-08 8.47632571027467e-05 -2.70184746838707e-07 -4.55571591185126e-07 6.19871953099971e-07 3.60524281788105e-08 6.21819423959532e-04 -1.39834495038012e-06 -8.65175691167522e-05 -1.58719110583361e-06 4.79855835916106e-07 -5.67846562771065e-06 -2.69503022474054e-07 -9.04904860952441e-05 -3.50133331825984e-07 -1.12312266666716e-04 1.07038773969771e-07
 -7.14226491604223e-04 1.85736546398092e-03 4.53308245780372e-04 7.23388403289612e-06 1.61233078793907e-04 -9.58027996976212e-07 1.92090189007242e-04 3.70757396344497e-04 2.85573528949600e-07 1.20187368096609e-04 -5.00593652208427e-07 -6.76864486875689e-06 7.07586354630410e-07 3.97763322021678e-06 -6.17950436987400e-04 1.26398424912661e-04 -7.04781574871535e-04 1.38290773933656e-03 -6.72883297284220e-05 2.30937154538915e-05 -1.47544671936082e-07 7.23843583336040e-04 1.35480788288185e-02 -4.57673902713459e-05 3.44736575094180e-04 -1.57226152680889e-03 -9.45078347498002e-07 -8.48008524165936e-05 2.61854022926830e-07 8.18059753416037e-05 -1.46793538204360e-07 1.53216526634498e-04 -2.14991349364764e-04 1.44735520940625e-06 2.02725767198813e-04 2.06180824692850e-06 4.47506090498084e-04 -9.07228017436330e-05 6.90700618026969e-07 -1.15969587998899e-04 6.50626645379863e-07 -3.54643453985184e-06 1.36420078539649e-07 -2.50577353675542e-05 -1.07285987011499e-04 1.22270143497878e-04 -2.39621011429648e-03 1.28496581497584e-03 -8.33468930519957e-05 8.26271065713085e-06 1.13904489876190e-06 3.16578505174623e-03 -1.58783861753352e-02 -6.29911310321664e-05 1.77744546048934e-04 7.18880960304104e-04 -6.21070128298725e-07 1.26702327750364e-05 2.39504839499105e-08 5.88816613921149e-05 -3.80554679169515e-08 1.02648711591838e-04 1.10833641469309e-04 -1.39834495038012e-06 2.48670305475379e-04 4.61530351826793e-07 3.86548066321602e-04 8.79065140152969e-05 1.21948241786442e-07 7.28158333085640e-05 4.80654806079403e-07 -2.47327995164312e-06 9.74595621229768e-08 -2.21784049956946e-05
 -2.91443385686150e-06 9.24845600464084e-06 -3.84030185370490e-06 1.01248372400340e-07 1.47981797765081e-07 -1.74197030863872e-05 -1.15992140697074e-06 4.01745138710755e-07 -6.85367498035223e-05 -4.58342745846779e-08 3.82336625607794e-06 4.71056724381047e-08 -9.71356579465643e-06 -5.05934469534649e-08 -9.13693416458025e-07 3.76684419725411e-08 -1.46006740949406e-05 3.80160032541430e-06 3.44541864358050e-07 3.46725052315849e-07 1.99467395534224e-05 -1.14864772008985e-05 9.03932865341439e-06 -1.77750643532332e-03 -1.52412157833263e-06 -2.29965488555132e-06 4.11150992953879e-05 -7.40350300501594e-08 2.10936554679838e-05 1.09241128653414e-07 7.27460404425743e-06 2.09064155694073e-07 -7.20099440418139e-07 8.88254922404868e-05 -3.38974200935508e-07 2.75155825753374e-05 5.89512506257371e-07 3.39343289259738e-08 -2.45256481767247e-06 2.79086364186267e-08 2.38950235488549e-05 1.14445676518469e-07 2.13830489811194e-05 -3.42174603128983e-08 1.80634123239875e-06 1.79991432849016e-07 -1.52321980548196e-06 6.48499232693624e-08 -6.41916468473404e-07 -1.52930357916580e-07 8.74071817916833e-05 2.90693778495220e-05 -1.31283242505738e-05 -4.91484647650220e-03 1.22085851579920e-06 8.97894736394593e-09 -1.15925976086194e-04 6.61847470947044e-08 -1.36066275660550e-05 1.33875547562252e-07 2.78813503296078e-07 -3.43826605081556e-10 2.70775414485493e-07 -8.65175691167522e-05 4.61530351826793e-07 1.48775282960619e-05 5.61858311468575e-07 1.36294785575852e-08 1.16661147332192e-06 9.97197252623797e-08 1.56257548623789e-05 2.10681137391267e-09 1.88278595222650e-05 -1.07224546200413e-07
 -1.60775551377760e-03 5.71819057587085e-03 -3.64168311529021e-05 6.37195267467483e-05 2.51115763733520e-04 -1.28262691741893e-06 3.14930265596541e-04 4.36670422337540e-04 8.16106824680335e-07 1.92203961647217e-04 -8.07121527983211e-07 -2.92068136008392e-05 1.49338127306410e-06 3.76998738287901e-07 -1.08451307037064e-03 1.69367186942598e-04 -4.30392282510740e-03 1.73101552306059e-03 -1.05689439981130e-05 8.30187650124342e-05 -7.47504007975088e-08 -3.09516242563723e-03 2.16781516775437e-02 -5.88749232030780e-05 9.31186459975679e-04 -2.64298443608013e-03 -2.19921776148081e-06 -9.24537022913517e-05 3.33478130184651e-07 1.14222167101469e-04 -4.64917955055317e-07 2.83725155557986e-04 -1.60137523323909e-04 1.60078560825252e-06 2.70672493681169e-04 3.14958818752881e-06 7.68806651427014e-04 -1.59159451316230e-04 9.73311377835928e-07 -1.90776091342772e-04 1.08649108445731e-06 1.40200723959989e-05 1.07031816440160e-07 1.41368255921895e-05 -1.88324673071793e-04 2.37807490227620e-04 -8.74311013910775e-04 2.26154221132639e-03 6.11834710338540e-06 5.92695140454138e-05 1.02707698319471e-06 -3.97771751685111e-03 -2.63705693638956e-02 -6.98134261436984e-05 8.80737569181399e-05 1.17751905856483e-03 -1.42210605537233e-07 -5.42764380633580e-06 1.15595684461667e-07 1.02096918588477e-04 -8.55060480359108e-08 1.76471726393264e-04 -5.51652420286111e-06 -1.58719110583361e-06 3.86548066321602e-04 5.61858311468575e-07 6.67278358148577e-04 1.42073340346019e-04 3.59451428905738e-08 1.13203512016734e-04 6.20683235954437e-07 9.10279943873467e-06 2.83241719798895e-08 7.98104739345885e-06
 -6.32823996022636e-04 2.01250100230580e-03 -2.13188300827620e-04 6.38878109575157e-05 6.01095978744684e-05 3.43557062410847e-07 2.05437130767565e-04 1.08229067578661e-04 1.93855942963567e-06 4.29588133640326e-05 -1.59674078467076e-07 -1.96742649624603e-05 7.00651630896337e-07 2.72381206714918e-05 -2.39768930888330e-04 5.26257676461799e-05 3.40634148522622e-03 3.16324657769045e-04 -9.71776667102304e-06 -5.58127095532561e-05 -1.46311625542155e-06 1.43279299920233e-04 5.44419973565189e-03 3.92664589751906e-05 3.54391574176400e-04 -6.04563143307137e-04 1.36680945447301e-06 -2.97941569459914e-05 -8.85776199120099e-08 1.97643427924410e-05 -3.93171719638584e-07 6.39946433597239e-05 -5.26342945022852e-05 -8.60694207936963e-08 6.09570160001537e-05 -2.03560754559220e-07 1.32333337189998e-04 -3.12749622696620e-05 3.16570119445041e-07 -4.31945739905960e-05 -1.76453214883913e-07 1.48164431862980e-06 -1.09716715540116e-07 -1.90152320741845e-06 4.48343476829306e-04 3.86557070319699e-05 -2.28388818572508e-04 3.59236574400772e-04 -5.67211169190061e-06 -8.69543201471280e-06 4.31810109781414e-08 -6.38558035855000e-04 -5.86972190615193e-03 -7.55537473359973e-06 1.89763717102109e-05 1.74059212510669e-04 -6.15628008985025e-07 2.71796207741865e-08 1.31958690786100e-07 1.30756701764679e-05 -7.37473866373959e-09 2.45985166883118e-05 2.06436797472235e-05 4.79855835916106e-07 8.79065140152969e-05 1.36294785575852e-08 1.42073340346019e-04 4.08381826560177e-05 1.56032282392280e-08 3.31535073566072e-05 6.99081462012171e-08 9.03803734150283e-07 -3.62590395408789e-08 -2.73325256922840e-06
 3.05928653677447e-06 -1.87726914813497e-05 7.15162477515657e-06 -4.89728478568582e-07 1.98515252899346e-07 1.86293664832728e-07 -3.51470941573717e-07 7.10252300126493e-07 -6.85075763329128e-07 1.43378856909011e-07 4.01095616685728e-07 1.14203792393681e-07 3.12951973993622e-07 -3.40401692446620e-08 -4.12287830213699e-07 8.36855294075877e-08 -3.52603876443570e-06 3.73285515348335e-06 -5.46406470225472e-07 -4.56023608778130e-08 -2.38897075720538e-06 2.09396093743282e-05 4.30906604395599e-06 -5.92378184200529e-06 -2.37949656962209e-06 -6.54725634000690e-09 9.38991862888965e-06 -1.74651398567790e-07 1.54627850688522e-06 8.40231599121358e-08 -8.07244017380895e-08 -3.24617402495085e-07 -6.00099563864011e-07 6.97483172805892e-06 4.68328386206011e-08 3.29490409404428e-07 -5.78802862554279e-07 -9.54919295359232e-08 -3.29821501387883e-07 -5.76288905107973e-08 1.29111865434897e-06 -9.13027961358116e-08 1.53695972542356e-06 -1.64262141209196e-07 4.02593457141226e-06 4.03623535047091e-07 4.15962476241065e-05 1.03920324341641e-06 -5.23254310194850e-07 2.48106367569037e-07 7.92717957146554e-06 3.12707766032612e-05 -9.85725958903466e-06 -4.48437676951855e-04 6.40939990037120e-07 -4.35251971382333e-07 -1.30477148196632e-05 1.04885452949507e-07 -1.01494116900566e-06 7.46239494829926e-09 3.27729300586597e-08 1.08811388427441e-09 7.04478510502054e-07 -5.67846562771065e-06 1.21948241786442e-07 1.16661147332192e-06 3.59451428905738e-08 1.56032282392280e-08 1.03529635777943e-07 2.27611058535250e-08 1.22871128689104e-06 -4.49965782793259e-08 1.45028719589252e-06 -1.56776300238661e-07
 -5.06859929594484e-04 1.66794023810984e-03 -1.97603214981746e-04 5.28407713004077e-05 4.82128287511855e-05 -9.51819702297979e-08 1.73740095677380e-04 9.94291312380481e-05 4.34801017766395e-07 3.44501503132846e-05 -1.29701358874805e-07 -1.56413456858079e-05 3.23633557030143e-07 2.34390668643094e-05 -2.10428355705356e-04 4.40057532334735e-05 2.93904330001007e-03 2.48571304067976e-04 -4.44091260722937e-06 -4.73287001964171e-05 -4.24079958717723e-07 1.61565008583027e-04 4.43350972085927e-03 -8.23476621838578e-07 2.83860765380400e-04 -4.94142417201172e-04 2.85118014719482e-07 -2.76821227142230e-05 4.99994473725835e-08 1.59638666401185e-05 -1.57458164403029e-07 5.28028365262435e-05 -5.50539273488881e-05 4.15471627167361e-07 5.19639615592122e-05 3.06126728794647e-07 1.09716516716919e-04 -2.41770013312797e-05 2.79396757105700e-07 -3.48000763302693e-05 6.51219423604149e-08 7.53846900008980e-07 4.18000531949982e-08 -5.48483386501287e-06 2.65888429708742e-04 2.75769672876397e-05 -5.07664331110786e-04 2.76203151338018e-04 -1.67782112360506e-05 -1.05041057660906e-05 3.42164476966361e-07 2.22744358167119e-04 -4.71812648399375e-03 -2.13866129099788e-05 3.58423936126285e-05 1.42833026881252e-04 -4.48013413053563e-07 1.72028654045158e-06 2.68524987573572e-08 1.03799228128724e-05 -4.91180401216915e-09 1.94961878210188e-05 2.76037356626687e-05 -2.69503022474054e-07 7.28158333085640e-05 9.97197252623797e-08 1.13203512016734e-04 3.31535073566072e-05 2.27611058535250e-08 2.72737476412551e-05 1.44860444102203e-07 -2.00712894203508e-07 7.05520273907054e-08 -5.34797514060230e-06
 -4.62326938804974e-06 1.13973986782472e-05 -4.06395978416219e-06 3.22299621488416e-07 2.05583334177672e-07 -1.77606758023126e-05 -7.02965622274953e-07 2.50051045218219e-07 -7.03711704503010e-05 -3.11857798219337e-08 4.05092325792298e-06 -2.22310417558336e-08 -9.83157112172092e-06 5.63924631063019e-08 -7.10993979384453e-07 1.22649473638303e-07 5.50245585812966e-06 4.32615213359007e-06 1.41346424525752e-07 2.65991551434707e-09 1.95885994119687e-05 -6.35461020673420e-06 1.36041688103766e-05 -1.82095663141153e-03 -8.82806163773808e-07 -2.45865079672145e-06 4.53095306024925e-05 -5.17827966641396e-08 2.21182212259935e-05 1.10345579471421e-07 7.41544220753714e-06 2.02333017210888e-07 -6.12796597713783e-07 9.32988111010594e-05 -3.55862749628503e-07 2.82691915342812e-05 3.97473323458177e-07 2.94557661180382e-08 -2.62265087821178e-06 1.28860873711784e-08 2.48964772631461e-05 1.14519214801795e-07 2.24113370329834e-05 2.09715389811122e-08 -5.67218567725830e-07 1.55512321587654e-07 1.45525600176056e-06 -3.71280069301668e-07 -4.28249512392941e-07 -2.17681414281986e-07 9.21750200818131e-05 1.47181104730023e-05 -1.54100768621916e-05 -5.18391176563430e-03 7.86577605786891e-07 -4.07386686739247e-07 -1.23123853826810e-04 3.97924027475961e-08 -1.42731023884306e-05 9.66822233398222e-08 2.96614314788793e-07 -6.34609102863965e-08 1.91149073560154e-07 -9.04904860952441e-05 4.80654806079403e-07 1.56257548623789e-05 6.20683235954437e-07 6.99081462012171e-08 1.22871128689104e-06 1.44860444102203e-07 1.64132072110362e-05 1.65230655915643e-08 1.97666911334554e-05 -6.78875883966549e-08
 -8.27422730405974e-05 2.21559591905787e-04 -4.60501456144374e-05 6.11632371437102e-06 2.41875095463265e-07 -2.55430108297421e-07 -1.03111707387146e-05 -3.65408837418446e-05 -1.00296531346825e-06 -1.50677925043569e-07 2.85381647796688e-10 -2.85500486622349e-06 -1.51867283614974e-07 -2.35954703025125e-06 3.10117232576015e-06 -2.28489907788655e-06 -2.59030906402171e-04 -9.80448335339068e-06 -3.41212046408141e-06 4.36106091976177e-06 7.72946225444869e-07 -3.79506474283448e-04 6.50016121638574e-05 -2.53907886984861e-05 4.85415229067380e-05 -8.51241504451014e-06 -1.00543769191122e-06 1.07042169072917e-05 8.41056676816250e-08 2.63299687482955e-07 7.63122571273504e-08 4.66621387655455e-06 3.69683776196161e-05 1.41425565695866e-07 -4.24122146399816e-06 3.48336567498939e-07 8.47191951889230e-06 -2.13771159412984e-06 9.09536775446416e-09 -8.44141544462505e-07 1.87237132464042e-07 2.54330734483237e-06 8.57142018239214e-08 1.22491743444845e-05 -6.28322394481829e-05 2.46641648012074e-06 -1.90049589051415e-05 2.84903698062732e-05 3.83313311789892e-05 3.47517664964111e-06 -7.04827175527311e-08 -2.35509640530455e-03 -1.19779345726510e-04 4.52179496945941e-07 -6.07506342652642e-05 9.84727320672507e-06 4.47444489379748e-07 -5.79450268043307e-06 -2.41365266107394e-08 9.70225638496836e-07 -5.72777197736088e-09 1.80598916528639e-06 -3.64974033050900e-05 -3.50133331825984e-07 -2.47327995164312e-06 2.10681137391267e-09 9.10279943873467e-06 9.03803734150283e-07 -4.49965782793259e-08 -2.00712894203508e-07 1.65230655915643e-08 3.05629196369756e-06 4.71588823871792e-08 1.01127629010662e-05
 -3.46393430761976e-06 -7.12009746692982e-06 9.72000161932907e-07 1.65075895693551e-07 1.26571173068426e-07 -2.60026778445159e-05 -1.38395955689520e-06 -5.89774346824740e-07 -9.87025915381018e-05 -1.96157394940293e-07 4.58074888044329e-06 2.82139675275502e-09 -1.50389796128516e-05 5.73590037652737e-08 -9.24057367300213e-07 7.03603636295774e-08 2.86303811096949e-05 6.63997901371553e-06 -7.97304990512364e-07 -4.46682929766721e-07 3.53217858764377e-05 1.68788059629942e-05 -4.36096053366908e-06 -2.58982505479458e-03 -2.87805832338397e-06 6.82847864573501e-07 3.63174593618629e-05 1.57939084298763e-07 2.69714241413271e-05 8.99123967423821e-08 1.08689116549856e-05 -3.37182739069074e-07 -2.58418828869400e-07 1.12390684777647e-04 -6.96609829408223e-07 3.94781648949000e-05 -1.01091680376376e-06 1.57472672830445e-07 -2.75458988291538e-06 2.02659446424250e-07 3.17274426198957e-05 5.84154686143319e-08 2.74196462650175e-05 1.40367410033661e-07 1.57990727595498e-06 4.18478211541382e-08 2.10489738589565e-05 -2.86597473044215e-06 1.03466961395295e-07 -2.61258995296995e-07 1.07881245380239e-04 -1.29143297658920e-05 8.36294985190740e-06 -6.05936913693180e-03 -4.39661892859583e-07 -2.41868657764977e-06 -1.36619707780969e-04 1.37629855930850e-09 -1.73546834275832e-05 -4.75085433916818e-08 3.25379185884721e-07 -3.31395919753049e-07 7.75437796186209e-08 -1.12312266666716e-04 9.74595621229768e-08 1.88278595222650e-05 2.83241719798895e-08 -3.62590395408789e-08 1.45028719589252e-06 7.05520273907054e-08 1.97666911334554e-05 4.71588823871792e-08 2.38975098516478e-05 1.14004667819514e-08
 -2.08693414125580e-04 5.67219725408460e-04 -1.65348496936313e-04 1.59427029318469e-05 -8.87751155839350e-06 2.27331080533136e-07 -5.46309754396607e-05 -1.40140434900314e-04 -1.27238373854251e-07 -7.48936852306485e-06 6.45996989128397e-08 -7.87178450334940e-06 1.51974568901541e-07 -9.91791247045003e-06 3.55972402148551e-05 -1.55997328407375e-05 -1.11519618900744e-03 -1.05862356393937e-04 -6.59379125116146e-06 1.84101940334598e-05 1.11529149458793e-07 -1.34033612465025e-03 -6.03884908316050e-04 8.29077164658300e-06 1.27282845188205e-04 6.27094862267506e-05 1.05898005658852e-07 4.01709484195439e-05 6.80759916248688e-08 -3.25787684360311e-06 -1.63126175172852e-07 6.77833819229627e-06 1.32831340222859e-04 -1.60088245514865e-07 -2.48325664226531e-05 -1.98336870367322e-07 6.18261930869056e-06 -1.87046702669506e-06 -8.18028647617335e-08 3.99049628721064e-06 9.34211088253587e-08 8.60020655325571e-06 5.70162802406156e-08 4.13989361558185e-05 -1.53204657176136e-04 1.38262456080343e-06 -2.92519546509127e-05 2.85613541876208e-05 1.29345677492258e-04 1.14269114703834e-05 -1.96893178680070e-07 -7.81836039640217e-03 5.26132862975654e-04 -1.69989135404220e-06 -2.06467204863065e-04 -6.65346888512904e-07 -1.07500221204086e-07 -1.95742702013917e-05 3.38610327935709e-08 5.49429667694744e-07 -1.27831295071489e-08 1.16280094072150e-06 -1.26090600369847e-04 1.07038773969771e-07 -2.21784049956946e-05 -1.07224546200413e-07 7.98104739345885e-06 -2.73325256922840e-06 -1.56776300238661e-07 -5.34797514060230e-06 -6.78875883966549e-08 1.01127629010662e-05 1.14004667819514e-08 3.43226840276063e-05
