Paoks:
 1.99065130775264e+00 6.82155484213941e-03 -2.28733891233636e-02 3.28639304774040e-03 -1.02173618324464e-05 -1.42431571297955e-05 1.07767699566671e-02 1.25489000618730e-04 -1.02069606965751e-04 -5.41853850837938e-03 7.44092495625563e-06 -2.85193665073191e-05 2.94799904541199e-03 5.80300726957086e-06 -1.41054179735268e-05 5.10608423881675e-04 1.71312545891767e-05 -4.95277338759912e-04 -2.96774358999169e-06 2.29478205739577e-05 -2.08948965923495e-03 -1.97495649346780e-05 9.13325178578508e-04 -1.59802402659165e-05 -3.65822986483373e-06 -3.38125185536585e-05 5.85889163329300e-04 5.11231934751125e-07 -5.12647007070604e-04 -1.82203739995875e-06 1.40871222514875e-03 -1.10108746419286e-03 -5.03189658288964e-03 -7.87469941304210e-05 1.07131602942786e-06 -2.93702560898613e-03 3.13082224846686e-03 4.57539643062695e-05 2.21954110474691e-03 -4.49964760644807e-03 -4.53427491316861e-06 -1.20685729383875e-03 9.13236306181745e-04 -2.97482716762654e-08 -3.48310736089685e-04 4.76118548418050e-04 1.10235156567932e-06 -7.43713293734446e-06 2.70495828958803e-06 -7.17482438313132e-04 1.07141708283689e-03 -2.01214403245870e-06 -1.28382474584592e-03 -4.28277085283562e-05 3.36945526844604e-06 -6.43259118687257e-04 2.64806329336499e-04 -3.56493450040085e-06 -3.37751261929324e-04 9.05607935391734e-07 1.49267086165020e-03 -1.08524055166173e-03 -5.38197568376359e-03 -9.00905453689973e-05 2.69349758410856e-06 2.91338569930819e-03 3.08573955297469e-03 7.41469985093995e-05 -2.03248921765361e-03 -4.30162472177694e-03 -2.10976554316715e-05 1.17469053876371e-03 8.86084562579762e-04 -5.99819318022887e-07 3.37474998316898e-04 4.79135818923680e-04 -1.55643685431211e-07 -1.09652767143483e-05 -5.77012771668365e-06 7.03385988751619e-04 1.09713401027331e-03 -5.66473130597814e-06 -1.31569650599464e-03 4.55377916998005e-05 3.22674199759038e-06 6.41267222060615e-04 2.77066734049968e-04 -1.15754310160754e-06 -3.32811181820770e-04 -1.89772399159899e-06 2.33815074566675e-03 -2.03239363134629e-03 8.23170704893576e-04 2.18917246350888e-05 5.86619703260820e-05 -1.70969250118388e-05 -3.48101499086317e-04 -7.15591027344135e-04 2.28078216100389e-04 6.65726285020938e-05 -7.72101157640880e-07 -3.75669712321734e-05 -1.19187050213675e-05 -2.12652795576270e-05 2.35956387733299e-03 -2.07192404796558e-03 8.49506346408428e-04 -2.38333963843482e-05 5.87135808630433e-05 -1.60229115386606e-05 3.54893325800464e-04 -7.15189224906755e-04 2.28900344468622e-04 -6.61685945206617e-05 -1.79692059788510e-06 -3.71445627304392e-05 1.46019804499557e-05 -2.22941445180736e-05 2.41203953989377e-03 -2.28564483489141e-03 9.19486562342104e-04 2.21255014617277e-05 -6.09991601287377e-05 -1.58012365435829e-05 -3.34287209921329e-04 7.31622993151223e-04 2.47454132271441e-04 -6.54101421003089e-05 5.08367930488532e-06 -3.66959639828048e-05 -1.68663621930858e-05 -2.75630147009944e-05 2.44078999825339e-03 -2.36780625238781e-03 9.44177592904224e-04 -2.35327750063676e-05 -6.28931154132080e-05 -1.66098550388475e-05 3.48124186781090e-04 7.31594337956366e-04 2.41933844208114e-04 6.63089897298053e-05 3.98242246989911e-06 -3.79724192805573e-05 1.59040076735270e-05 -2.47229944130338e-05
 6.82155484213941e-03 2.03901031888944e-04 5.18658907571166e-03 9.72306611799220e-04 -1.40649195277098e-06 -4.02298071693404e-06 -2.66976846244465e-04 2.90269198757517e-05 7.42634669378787e-06 1.43120056083287e-02 3.40462636993339e-06 -2.51796719741930e-05 3.09840153775157e-04 1.38352102561666e-06 -1.10273811545641e-06 -1.51103230096768e-04 -1.09312618482478e-06 3.79072935668018e-05 -2.27674326175716e-06 6.46611939136697e-06 -5.51039135675418e-04 2.92495377927067e-06 1.06040394791173e-04 -4.28102738118536e-07 -1.54826063971976e-07 4.20766632948956e-07 9.10607091552309e-05 -7.23639724231287e-07 -6.64471600227020e-05 -3.14538578694608e-07 -3.33624274564371e-04 -4.60409288101916e-05 -3.64957312473098e-03 2.58256869107069e-03 1.58540865400391e-05 -5.04713546351665e-04 7.02166614688563e-04 -4.97807193183926e-05 2.27823363926101e-03 -6.84259570815848e-03 1.90631357361836e-05 -1.65932805252528e-03 1.75407338697382e-03 2.87459448003750e-07 2.78718615997186e-04 -2.81916037058715e-05 1.07645362205087e-07 1.54459301071245e-04 4.82215456057933e-06 2.27241116922218e-04 9.98826741441784e-05 1.81644185663644e-06 1.53760462083006e-04 -5.26662089801583e-05 -1.67307216914888e-06 8.57672133849133e-06 5.48488876420453e-05 1.84756338750375e-06 8.78903038743333e-05 9.08708016655987e-07 -3.99972202862776e-04 -4.76769420516797e-05 -3.53107797706123e-03 2.28915776023878e-03 1.99544334664992e-06 5.91361996970743e-04 7.18166750577441e-04 -5.71914474147634e-05 -2.35476468830194e-03 -6.86906188028349e-03 -2.74623463823511e-06 1.62428381667323e-03 1.71922443908576e-03 -4.10767128276671e-07 -2.83422981290397e-04 -3.20825798563596e-05 1.13448702012327e-06 1.47209204468003e-04 8.87300883306830e-06 -2.55079981392839e-04 9.17896763245545e-05 -4.56035123296385e-07 1.33054252466012e-04 4.71205739728289e-05 2.29717649440567e-06 -1.37386508009151e-05 5.18559734143947e-05 5.47213444192750e-07 9.42411025765150e-05 1.72932211962853e-06 -3.72076227362519e-04 5.51839513481434e-04 -1.64006084265752e-05 -9.31234146910698e-06 -2.17330344792951e-05 -5.45385734950033e-05 -6.78289722566882e-05 5.20316634682421e-05 -1.84989704367966e-04 3.56109008331786e-06 2.22858276087040e-05 -6.81857385702442e-07 2.14032089404748e-05 1.79304775555479e-05 -3.60392640567616e-04 6.24790668842167e-04 -2.75235480214751e-05 9.86234305554053e-06 -2.31091325446863e-05 -5.45915655945717e-05 7.79747462893983e-05 4.70843287391327e-05 -1.83225978784729e-04 -4.97308844371336e-06 2.16945317554779e-05 -1.06716658260216e-06 -2.19253197144710e-05 1.84122573532329e-05 -2.68093813947770e-04 6.06891665516580e-04 6.30865287362372e-06 -1.45266050814198e-05 1.77286778017639e-05 -5.60472994436447e-05 -1.15522812954088e-04 -2.53003230957733e-05 -1.77075902083822e-04 -6.98790605553963e-06 -2.58206262324812e-05 -1.07488053469182e-05 1.88910175818858e-05 2.25990356927293e-05 -3.05863165921963e-04 7.23598366666277e-04 -3.78197131247550e-05 1.56056373269574e-05 2.09232849267817e-05 -5.43833294052107e-05 1.12274353726267e-04 -2.53408209127935e-05 -1.86242708030586e-04 9.19754089743758e-06 -2.45203643783344e-05 -1.20927325672316e-05 -1.96361773820549e-05 2.19767110609503e-05
 -2.28733891233636e-02 5.18658907571166e-03 1.79309590934257e+00 -4.96313104446558e-02 2.37629525877428e-04 -4.06919122707341e-04 -2.30385613483054e-02 2.51527439662724e-04 -7.21030577794102e-04 3.02210415280292e-01 -4.16953001638673e-05 1.50867631776767e-04 8.58014232056371e-02 1.34415829654527e-04 9.13972385688899e-05 7.48959614648098e-04 5.08884903349938e-05 -1.99021184519280e-03 -2.14672185312895e-04 -1.35380186463020e-05 -6.36063829280847e-03 -8.55261624952315e-05 8.39023176124064e-04 -9.70658853715714e-05 -6.95214335601858e-05 2.33312046170539e-05 5.75350988488153e-04 -1.87172275708646e-06 1.75560747114009e-03 -1.00660979462518e-05 -5.31785393198870e-03 -7.50865691541320e-03 -4.41226624425621e-02 3.62190284964634e-02 -6.26400316809045e-04 1.47737053271296e-02 -1.29243868142948e-02 2.54610560428956e-04 -3.33487401504017e-02 1.28149577037037e-01 -2.79687753601263e-04 -1.84368508017123e-02 -2.46698685389790e-02 -4.92744401224196e-06 -8.52483655397127e-03 1.19290223222074e-02 -5.33720104239667e-05 7.40982527960836e-04 -4.76804122245460e-04 -2.41796566718248e-02 2.40308452435883e-02 1.78716534352693e-04 -6.73027180374920e-04 3.47828261329354e-03 -1.07451638107071e-04 -6.92181957172168e-03 3.34027542489517e-03 4.31239487808230e-05 -4.00216852927971e-03 -2.24064641069161e-05 -5.31658564405827e-03 -7.44933766797035e-03 -4.59870733225029e-02 3.33547018430113e-02 -1.50321988469583e-03 -1.34573190765524e-02 -1.24296727678381e-02 4.81331068560430e-04 3.39571789699582e-02 1.28675409266133e-01 -8.16652291757146e-04 1.90845465437805e-02 -2.45849165191614e-02 6.04924778015020e-05 8.41381768312778e-03 1.17134313040318e-02 6.96814261689563e-05 5.96319532603268e-04 6.22506106608122e-04 2.35608928102661e-02 2.39378708782376e-02 4.48236406007350e-05 -9.91028337120827e-04 -3.87488907576915e-03 -4.91903727921931e-05 6.50351074204100e-03 3.19625269202713e-03 7.56395079641271e-05 -3.79071536923305e-03 8.82892569780617e-05 -8.99041230718126e-03 -7.20353778016135e-02 3.17698543217281e-02 3.58723533530666e-03 9.56945649677264e-04 2.98717629739425e-04 6.71546589757554e-03 7.27616181566721e-03 -3.47699726458965e-03 -1.38733886302992e-03 2.85547924253018e-04 9.91119457831524e-04 3.94564326764998e-04 -7.38110440213773e-04 -1.02917408503626e-02 -7.19497936483182e-02 3.15430449021102e-02 -3.58809013415366e-03 9.89082637692528e-04 2.88708752442866e-04 -7.17729071056648e-03 7.44331105716235e-03 -3.75521696337170e-03 1.41922892530578e-03 3.20805898029656e-04 9.16972289191153e-04 -5.10605154749287e-04 -7.58764983276196e-04 -6.83165127302310e-03 -7.29411847673972e-02 3.36729528695521e-02 3.58785348311728e-03 -9.88902695517010e-04 3.77137285026721e-04 5.40939867896079e-03 -6.56721628253203e-03 -3.61711180656823e-03 1.31475939625121e-03 -3.16152032864059e-04 6.07150460668911e-04 3.41774744015724e-04 -6.37049761948784e-04 -9.20030479811695e-03 -7.32202129850428e-02 3.28771864120966e-02 -3.70943163798865e-03 -1.02970347617459e-03 3.76393672198544e-04 -6.40170069734848e-03 -7.12415676051219e-03 -4.17007621854728e-03 -1.41332350278488e-03 -3.90692353139355e-04 6.55629030262251e-04 -4.21082991282486e-04 -7.69324349038647e-04
 3.28639304774040e-03 9.72306611799220e-04 -4.96313104446558e-02 1.34966481223775e-02 3.06289801798903e-05 -2.46072368538204e-05 -1.57092561342877e-03 -1.78050910345813e-03 3.18169064090915e-03 7.61918437342103e-02 -1.69209132509208e-04 -2.17923005781273e-04 -7.58969333831653e-03 2.34073279375616e-06 -4.25410320635465e-05 -1.51714936654955e-03 -1.09444418890545e-06 3.35515797488966e-04 2.94378305590933e-06 -6.53791802963980e-05 -3.79313753857545e-03 6.41580264984378e-05 8.54147185892905e-05 -9.36815762175625e-06 -1.18733737600816e-06 3.37442182668087e-05 7.91382370842121e-04 -1.58701384097796e-05 -2.67748002740482e-04 8.75277029571433e-07 8.99291294454373e-04 1.25878999149624e-03 -7.37680104155465e-02 2.52536339848976e-02 5.51758063786263e-05 -6.25349256142397e-03 2.91478179963580e-03 3.29873334668622e-04 4.93082051316105e-02 -2.20204316412222e-02 -4.61879714820769e-05 -1.50512968646009e-02 9.40777581407927e-03 4.15553553300630e-05 1.90857203942862e-03 4.04909384603987e-04 -3.77946936357408e-05 1.85938329417515e-03 3.29346100631637e-05 1.92266459178574e-03 5.17331078091799e-04 -4.37189737153704e-05 2.20616392931070e-03 -1.27215001879252e-03 2.20885009181021e-06 2.23898601520632e-04 4.66824429905511e-05 -6.17055605666528e-06 8.99479464540901e-04 1.63480792937776e-06 2.42304953027584e-04 1.22303262895665e-03 -6.92220136721632e-02 2.26248987017404e-02 5.32972512040428e-05 7.24208101932667e-03 3.30393927148297e-03 8.55898398569267e-05 -5.26368645485861e-02 -2.61299815669837e-02 6.59825462798029e-06 1.49625408345146e-02 9.43867290423861e-03 -3.02257536009197e-05 -1.89621436707203e-03 2.22482419122345e-04 -4.01342965648571e-05 1.83829587989597e-03 -1.55183287542053e-05 -1.92651044146300e-03 3.12407801291788e-04 -3.85176338533462e-05 2.05268084081208e-03 1.23236694116818e-03 4.20143185451628e-06 -2.72518089497458e-04 1.51001216444015e-05 -9.60793127300765e-06 8.96003415115531e-04 1.46810878777176e-05 1.52560676496034e-03 -4.02537043565084e-03 3.35235561938317e-03 -6.11254621838303e-05 2.93417226378392e-04 -9.21351127767726e-05 -8.40988578768224e-04 6.29595173898530e-04 -3.16235533288964e-04 1.72589848264447e-05 8.92758074175925e-05 6.63540053599277e-07 -6.06788495605380e-06 2.54506923269567e-04 1.71415363815014e-03 -5.11994847863035e-03 3.50506354477633e-03 5.51260184949027e-05 2.99311565503688e-04 -8.71203563609781e-05 8.88795870464852e-04 5.97322823378988e-04 -2.90027992140429e-04 -2.33928153237170e-05 8.49319578520495e-05 -1.45552773373740e-06 1.06185144263882e-05 2.59899348789653e-04 1.29038964228908e-03 6.48395094325791e-04 1.98735688364837e-03 -2.40806089797110e-04 -3.01679194184285e-04 -1.42796204112630e-04 -1.12312324732493e-03 -4.04464781666110e-04 -2.57745636395569e-04 -4.77207133293444e-05 -7.38538472176056e-05 -5.63722574988879e-05 -1.59493228609800e-05 3.23042063639371e-04 1.38284122196619e-03 9.81820182354922e-05 2.05407808425693e-03 2.29973732066466e-04 -2.94939517886115e-04 -1.33547538606383e-04 1.17266565257280e-03 -3.63323134145081e-04 -2.37835561483375e-04 7.30122510973266e-05 -6.51547096191076e-05 -5.62572910052901e-05 1.77821866100025e-05 3.20049666402620e-04
 -1.02173618324464e-05 -1.40649195277098e-06 2.37629525877428e-04 3.06289801798903e-05 9.69405105390851e-04 1.14758898879000e-05 -1.03372797463668e-05 -4.01820769911056e-02 -1.68224113530497e-04 -2.72262714237342e-05 -3.01799474228246e-03 -2.16636609295707e-06 -6.19336373457755e-06 -4.65953963002713e-07 6.41128688073670e-07 8.58299983718758e-07 2.14621211829245e-04 5.88231490961882e-07 1.87336876995735e-05 5.72786265742575e-06 2.79888045948956e-06 9.39311529989045e-04 -1.82538966587136e-06 5.02684994391449e-07 -6.99909734971802e-07 -4.10479323005919e-06 8.14430895989892e-08 -1.76489571663600e-04 1.58780931694394e-06 1.08418055070040e-04 1.16101122854490e-05 -5.09618095076984e-07 7.58174110384539e-06 1.40272324503741e-04 -1.48509471769759e-03 2.55800973514332e-05 -1.86752067492840e-05 5.89070635828046e-03 4.47899607254601e-05 1.34504924253738e-06 -1.94093270243943e-03 -6.76864486091649e-05 2.01352344222471e-06 5.37246957732226e-04 -5.73633501968601e-06 -7.44919979799716e-07 -6.39469793165758e-04 4.27556492008433e-06 -3.21655463433504e-05 -2.35354963493039e-06 -1.88953299764186e-05 -9.21915963906515e-04 -4.89678025711158e-06 5.12783078953174e-07 2.52825980651375e-04 2.43407184388082e-06 -6.55574872530628e-07 -1.97978174064926e-04 -2.12524629407372e-06 2.05328675509084e-05 -3.61070811434741e-06 6.08244951521044e-06 3.46813719283405e-05 -2.28435655085530e-04 -1.28251445381868e-03 2.22090680239522e-05 2.32417289826073e-06 5.69251236999382e-03 -3.58363447867513e-05 1.38411051528785e-04 -1.83308266756200e-03 -6.97963388521754e-05 -3.01586203544058e-05 -5.39272517620542e-04 2.85519266613759e-06 2.92399421648906e-06 -6.56629769244579e-04 -2.32717342693000e-06 -5.78583249702140e-05 -1.02316555961391e-05 3.02811315638270e-05 -9.33387531533509e-04 -1.37810531283444e-05 7.62138564706860e-06 -2.41624157709042e-04 -8.82802510825394e-07 -2.16426100602154e-06 -2.06303788744320e-04 1.94363840752576e-06 3.66950866186069e-05 5.24067251053008e-04 9.64632206493807e-03 -6.40296156486193e-04 -6.55066901423428e-05 -4.36816809262491e-05 -4.28386224125790e-05 -4.40276385698773e-04 -3.00137192071261e-04 -1.01591802198183e-04 2.42372459413090e-05 1.65603208861634e-05 -4.54576814527809e-05 -8.89720654148038e-07 1.34505923862861e-06 -6.18266599730904e-04 -9.56376913174532e-03 6.50590733453306e-04 -6.23348243168247e-05 4.75002134957073e-05 4.49751494036632e-05 -4.78982168441245e-04 3.04743978319049e-04 8.52324959738193e-05 2.99383635870858e-05 -1.50817524873279e-05 4.82343021476056e-05 -3.03873500304081e-06 -5.35289038516235e-06 4.27554601904140e-04 9.48737330913999e-03 -6.55881798208530e-04 -6.43369572776719e-05 4.75454233784486e-05 -3.68759834472895e-05 -4.15123316708648e-04 2.49500369317821e-04 -1.07841117719497e-04 -1.68375460833785e-05 -2.06233000281923e-05 -3.28118490651526e-05 -1.24793608996871e-06 -2.67317160223128e-06 -3.20037452610086e-04 -9.45415565896192e-03 6.47717528791729e-04 -5.77424487423991e-05 -4.39356069959138e-05 4.30173605428110e-05 -3.83917783422405e-04 -2.21543981860104e-04 1.17438654881277e-04 -1.05077529679329e-05 2.00221393546460e-05 2.80722977226686e-05 -1.41067981462915e-06 7.16965316144254e-07
 -1.42431571297955e-05 -4.02298071693404e-06 -4.06919122707341e-04 -2.46072368538204e-05 1.14758898879000e-05 2.61070358205805e-04 1.62015607154497e-05 -4.09281391421194e-04 -1.72134695532984e-02 -3.50375456352337e-04 -2.92883950608004e-05 8.79251145478384e-04 -3.26601144584064e-05 3.98626483234568e-07 2.57287801280997e-04 1.21346191209645e-06 1.71518143154026e-06 -1.39196775080412e-06 -2.83383461657689e-07 6.49440092087346e-04 9.55091565052165e-06 1.12082495672765e-05 -2.08160111663655e-07 6.24831627520784e-05 -1.10349197271169e-06 -1.22187512549432e-04 -1.32875928676315e-06 -1.78847927894342e-06 1.18756115233066e-06 6.31921799773562e-07 7.01457274833224e-04 1.02324891868092e-04 -6.15268094839145e-03 2.65874697627493e-03 1.99101858984874e-05 2.49845362845676e-04 2.48445816176533e-04 -1.37302975530604e-05 3.63138003106619e-04 -7.50615634097357e-03 1.15716736041518e-05 -1.73376279969910e-04 7.45171538494647e-04 6.63617422632722e-06 2.14617018366898e-05 -3.01995702442308e-04 -6.46586676681446e-06 -6.24525136711099e-05 1.27093777571261e-05 7.72465597727933e-05 -7.08522871130732e-04 -2.97231332621050e-06 7.17777043830209e-05 1.95313317426248e-05 4.67088811379048e-06 7.00317560887715e-05 -1.20453812169614e-04 -2.24929657866607e-06 -3.15738796818098e-05 -6.81057062944375e-07 -6.23938011425017e-04 -1.11540212498629e-04 6.05236053669871e-03 -2.68846855525581e-03 1.39772453621466e-05 2.15449817932061e-04 -2.88375721249752e-04 -2.12256534584850e-06 3.13044743101218e-04 7.86375515430380e-03 7.11608686496261e-06 -1.96298489026746e-04 -8.14178417736374e-04 -5.99248418917564e-06 3.48925351116617e-05 3.01068502280681e-04 -5.43938747827744e-06 6.76398193626467e-05 -1.14436338401269e-05 9.43490647642110e-05 7.02130776963281e-04 -1.91563181940743e-05 -6.11754440282016e-05 1.72785742202496e-05 -1.04070587916969e-06 7.21309354871676e-05 1.23182873345519e-04 -3.45082392455604e-06 2.68600084395383e-05 1.68021174352852e-06 -3.12926333368958e-04 -3.70825669592087e-06 1.88034772220262e-04 1.32188470606687e-05 3.25386176216582e-05 -9.60617152203330e-05 1.20964649956574e-04 1.17853255396937e-04 -2.11248381950187e-04 -1.53891404973824e-05 1.29798676112487e-05 -1.10785650738170e-05 3.93941093534922e-05 1.42060276731200e-06 -2.84894371956179e-04 -1.02274110943646e-04 2.00138346979877e-04 -1.36501487875799e-05 3.10889761635540e-05 -9.48246353347100e-05 -1.07687937230823e-04 1.13182363955872e-04 -1.92680860542933e-04 1.38502588078059e-05 8.91590975741779e-06 -9.91269822606361e-06 -3.48466260046674e-05 3.37774365771360e-06 2.89711348967810e-04 -1.86262590726755e-05 -1.60985548572090e-04 4.47568355273019e-06 3.06256512501448e-05 9.88558458755673e-05 -1.06140591802135e-04 8.60434134715851e-05 2.02727994058271e-04 -7.07880368739875e-06 1.40598453124119e-05 1.79837979176724e-05 -3.68808721036201e-05 -7.13642783129863e-06 3.26713034799305e-04 -1.32618114819423e-04 -1.65931246456397e-04 -1.16793424895307e-06 3.24531210228144e-05 9.95790707540126e-05 1.10808771713749e-04 9.09373961958207e-05 2.07489499068516e-04 9.19676876442792e-06 1.12325629085120e-05 1.73841770635631e-05 3.70508096569029e-05 -6.17330079820095e-06
 1.07767699566671e-02 -2.66976846244465e-04 -2.30385613483054e-02 -1.57092561342877e-03 -1.03372797463668e-05 1.62015607154497e-05 7.85108916697354e-04 3.03363123342752e-04 -6.71118919820647e-04 -2.24951395486958e-02 3.81001019837685e-05 5.19315434985610e-05 -4.94470503142661e-04 -2.93004849281268e-06 9.69721892972656e-06 2.64748129577602e-04 5.39712876880956e-07 -4.49069690220709e-05 4.69161639982035e-06 1.75753950555498e-05 8.50651565512431e-04 -8.20611173870013e-06 -9.62963573587784e-05 3.58262850337977e-06 9.67347962451214e-07 -6.38990811804534e-06 -1.49935351787092e-04 2.19991191881657e-06 4.23077904032947e-05 2.89615097162681e-08 -1.03087985656699e-03 -5.55845496958915e-05 1.31088211603806e-02 -5.33924143337547e-03 1.19233302476047e-05 7.27722662533190e-04 -5.41281779077934e-04 -1.49066151605691e-04 -5.51482483732633e-03 4.90121134303524e-03 3.05945884840274e-05 2.86588034851413e-03 -1.77257642029396e-03 -6.54239959726240e-06 -2.93788808625539e-04 -2.22700278939491e-04 7.83050755814263e-06 -2.96742616255993e-04 5.02243273641698e-06 -3.81624383078912e-05 -4.82373049803765e-04 4.11592821199859e-06 -3.31632856950723e-04 1.40019311828589e-04 1.81606094166606e-06 5.38378831081883e-05 -8.10823445352981e-05 -7.55412588923207e-07 -1.10472166786843e-04 1.21322789400159e-06 -9.81710712180554e-04 -6.41223613975282e-05 1.31082104095051e-02 -5.09938824091901e-03 3.53117761993836e-05 -8.81907459531483e-04 -6.03653832501658e-04 -1.69579625107119e-04 5.79502598831038e-03 5.59525940331000e-03 5.18314314201416e-05 -2.87694002616757e-03 -1.79829108455609e-03 6.39695633558116e-06 3.00056653242729e-04 -1.89274069809618e-04 6.49909999019221e-06 -2.81151807165550e-04 -1.33828182364101e-05 6.53739047257697e-05 -4.28504290724768e-04 7.30225786646575e-06 -2.89853852931901e-04 -1.27142472443264e-04 -1.15720078090385e-06 -3.68890622223652e-05 -6.78688426876481e-05 1.17051335613751e-07 -1.15867663069477e-04 -2.86916310398250e-06 -5.75299829023955e-05 2.36309302823444e-03 -1.18174564472399e-03 -6.47287747019307e-05 -3.61752934063955e-05 4.64870764876877e-05 2.30664844883803e-05 -1.92217871400856e-04 2.08840816057509e-04 1.38018514855961e-05 -2.76688317626596e-05 -1.50594671257109e-05 -1.93842037328997e-05 -2.52291286652773e-05 -8.13620562311260e-05 2.68425409439783e-03 -1.24426815241814e-03 6.84241341004913e-05 -4.05238324442995e-05 4.70561478739211e-05 -2.26111619871650e-05 -1.95044201990623e-04 2.09119176899045e-04 -1.44101509834362e-05 -2.76603239133051e-05 -1.44128266786343e-05 2.16131457964067e-05 -2.62295804384902e-05 -1.27508314910609e-04 1.97950363560530e-03 -1.13721561963770e-03 -4.38756069655107e-05 4.15138119487780e-05 5.49831201392390e-05 8.74745802804916e-05 1.45179030329858e-04 2.07301353120585e-04 -8.53206150304314e-06 2.84785633908399e-05 3.49315550353106e-06 -1.72149361528299e-05 -3.46031123915104e-05 -1.14847497714596e-04 2.31095208339573e-03 -1.18444947961561e-03 5.04827939429420e-05 4.47421164826106e-05 5.47187957577813e-05 -7.40744991986601e-05 1.54620162730374e-04 2.18560994534849e-04 7.05471510639687e-06 2.82093737690767e-05 2.90690597118818e-06 1.94722427080815e-05 -3.28102150156915e-05
 1.25489000618730e-04 2.90269198757517e-05 2.51527439662724e-04 -1.78050910345813e-03 -4.01820769911056e-02 -4.09281391421194e-04 3.03363123342752e-04 1.78851190632879e+00 4.05448339414892e-04 -1.10049212785845e-04 1.15058158832185e-01 3.52578797906516e-04 5.54937515641708e-04 5.05610678510494e-05 7.17554381960260e-05 -1.87095606030447e-05 -1.10608353619880e-02 -5.47105819103629e-05 -8.29516356726719e-04 4.22847404931065e-05 -7.52126786608548e-05 -4.75392331814998e-02 4.41349036269202e-05 1.11955571386930e-07 4.91352094395558e-05 1.06508732671189e-04 -1.11643439490176e-05 8.95798697691465e-03 -5.08576600570190e-05 -5.12790423326260e-03 -2.32268289914646e-04 -3.43224032226773e-05 -8.07183363032277e-04 -5.22759146196750e-03 3.82089147047794e-02 -1.27999439407526e-03 7.30083177486940e-04 6.57215044826249e-03 3.10124227269740e-04 -2.37352691421680e-04 2.91132208062009e-02 2.15476349367610e-03 -2.37496349331118e-04 -2.21095797157247e-02 8.91838609181018e-05 4.91381558025313e-06 2.65183059761462e-02 -1.99552474093779e-04 -2.58187263756917e-03 -6.43656181939338e-06 6.11585805054349e-04 3.98031612495701e-02 2.76265031869855e-04 3.51055582767312e-05 -1.19289418241276e-02 -1.26455819796915e-04 -1.18174455613598e-05 8.78647592157969e-03 4.40426269594378e-05 -3.82132536101289e-03 5.11789131666392e-04 -2.78230392706426e-04 1.74008270092868e-03 7.28371338320195e-03 3.12375996358930e-02 -1.08745354635083e-03 -4.76450065109884e-04 7.36158286941055e-03 6.42292614894168e-05 3.52440620150357e-05 2.76552840849132e-02 2.56817908205622e-03 5.07825107256887e-04 2.23798675670899e-02 3.25889753844667e-05 6.16613836070578e-05 2.72976060683170e-02 1.22402433234081e-04 5.50714483713155e-03 6.41847281747931e-04 -8.63785276697936e-04 3.96523578878148e-02 7.40569062707442e-04 -3.34793322354946e-04 1.13632100431885e-02 1.38901334279812e-04 1.27922427944477e-04 9.10598149070829e-03 -1.06095327904916e-04 -4.37124167259987e-03 -4.91834926842201e-02 -2.14568819608627e-01 -2.63498318910407e-02 5.59315895675618e-05 -1.86543989375666e-03 3.35838209212079e-03 1.76946801220939e-02 8.35824469794865e-03 4.83997597248013e-03 3.86821668592958e-04 -1.27255093643703e-03 1.22622532752025e-03 -5.69283075543968e-04 -6.23666887760549e-04 5.24668509732734e-02 2.13580616914230e-01 2.60193904440099e-02 -6.55932984056009e-05 1.75954554398291e-03 -3.43288627147312e-03 1.94716709954146e-02 -8.33338017447432e-03 -4.36310041293106e-03 1.63877401574187e-04 1.22913674387979e-03 -1.36997126082465e-03 -4.87484851268176e-04 8.12721626971294e-04 -4.47774437086526e-02 -2.16953847264738e-01 -2.60326043328500e-02 2.41330742829045e-04 1.58565269125917e-03 3.17502750990447e-03 1.73053167139548e-02 -6.93087559057883e-03 5.04632527642866e-03 -5.41427775216666e-04 1.42307509756424e-03 8.26852760481364e-04 -4.76768759454108e-04 -5.10488316383322e-04 4.02530063093256e-02 2.16487162912644e-01 2.63024720693194e-02 -8.86331894355840e-05 -1.78139109421876e-03 -3.27030417906777e-03 1.61293774491806e-02 5.70120959937174e-03 -5.37033820014760e-03 -7.84785973865830e-04 -1.39038816980563e-03 -5.85221118682189e-04 -4.47891608757931e-04 5.36855491515575e-04
 -1.02069606965751e-04 7.42634669378787e-06 -7.21030577794102e-04 3.18169064090915e-03 -1.68224113530497e-04 -1.72134695532984e-02 -6.71118919820647e-04 4.05448339414892e-04 1.20267149778773e+00 1.15353662329443e-03 3.01487779041012e-04 -5.90465992065672e-02 -4.35899184714823e-04 -2.96758960861305e-05 -1.71559157540907e-02 2.76050227035439e-05 6.03053684427356e-05 7.27636483535046e-05 2.62691147511150e-05 -4.34674523697167e-02 8.73346897527737e-05 -5.89620683816108e-05 -2.42491758965108e-04 -4.46667507676587e-03 7.33683458898100e-05 8.98178942294221e-03 2.76781379839096e-06 -1.03434346012978e-05 3.30741496265218e-05 4.23712919725871e-05 -5.27478383410547e-04 -3.03076325586733e-03 2.30494155533090e-01 -1.36107868408523e-01 -2.05256578982309e-03 -1.44931696031149e-03 -2.39098074712335e-02 4.23633166389620e-04 -1.11062870539848e-01 5.73152708864634e-01 -1.30927473478906e-03 2.62788124666915e-02 -5.35108196096958e-02 -1.13402903869065e-04 -4.75006795165002e-04 2.35399218316816e-02 3.56147977019117e-05 2.35683657446975e-03 -9.60578414280425e-04 -4.81908747566236e-03 5.11375335703370e-02 -4.14133654224446e-04 -5.79959256062582e-03 -2.28389545254386e-03 -1.48169574974910e-04 -4.97632884052240e-03 7.79001373215073e-03 2.27262100314400e-05 2.06463414355742e-03 1.51325998664268e-04 -1.11594668414430e-03 4.24597339793504e-03 -2.35522599224468e-01 1.34270962693313e-01 -1.24274205368946e-03 5.40487618508913e-04 2.43309402928365e-02 1.47636372620649e-04 -1.10460645252074e-01 -5.73204177807773e-01 -7.86684721558842e-04 2.35228122031181e-02 5.24473760809901e-02 5.81966196147659e-05 -8.07868628878591e-04 -2.32380856037388e-02 -2.23383993986902e-05 -2.85253495298764e-03 5.16221347434886e-04 -5.95162542484392e-03 -5.13346107039404e-02 5.88571003242572e-04 5.07869264761326e-03 -1.92679512761063e-03 -1.20886554937223e-04 -5.22762628332402e-03 -8.32169543110543e-03 7.31601052471723e-05 -1.81376246963998e-03 -9.61832274102464e-05 4.52045536291115e-02 -1.35619368462931e-01 3.07410764122188e-02 2.31252552076616e-03 -1.08373823300244e-03 6.42468431373248e-03 -4.33804204647775e-03 -7.63505143324017e-03 1.52692578788968e-02 6.36122619744192e-04 -9.73002686207043e-04 1.00509234901261e-03 -2.70829140148483e-03 -7.95287459332356e-04 4.12319233428489e-02 -1.34675527834307e-01 2.88824159652420e-02 -2.29775218476813e-03 -1.06139060141642e-03 6.46387607726467e-03 2.75907099522994e-03 -7.05937696039561e-03 1.40422731234991e-02 -5.47804275850545e-04 -7.38666985843538e-04 9.39171334314208e-04 2.39261466140221e-03 -9.90104364430588e-04 -3.81987749657042e-02 1.34421378743319e-01 -2.93740317640567e-02 -3.27746912765018e-03 -1.34612402871757e-03 -6.56193709435641e-03 2.89177229965889e-03 -4.99251557100746e-03 -1.40765889502041e-02 8.93731154770773e-05 -1.07169774195492e-03 -1.52512311990957e-03 2.47191116356809e-03 1.23728969507169e-03 -4.16983673068278e-02 1.35490843834652e-01 -2.97363488488927e-02 3.09319844601390e-03 -1.39313173073189e-03 -6.49762111900115e-03 -3.58980818984116e-03 -5.48199508108479e-03 -1.42144606639171e-02 -2.22745256127593e-04 -8.31959277866094e-04 -1.45758296015732e-03 -2.44247646689335e-03 1.17864460734526e-03
 -5.41853850837938e-03 1.43120056083287e-02 3.02210415280292e-01 7.61918437342103e-02 -2.72262714237342e-05 -3.50375456352337e-04 -2.24951395486958e-02 -1.10049212785845e-04 1.15353662329443e-03 1.15427243402696e+00 -1.65853603439813e-04 -2.23450239179421e-03 2.54889652067688e-02 1.00681188177887e-04 -1.30153930238368e-04 -1.19010282873684e-02 -1.08099191617152e-04 3.43298382011298e-03 -1.88399162633788e-04 4.66199076530019e-04 -4.31814319112204e-02 2.20792760737136e-04 9.12893604016182e-03 -2.37671381185739e-05 1.82866251553948e-06 2.71649434476218e-05 6.90245642698750e-03 -4.77387617255343e-05 -5.71167296892285e-03 -1.89107307628414e-05 6.99626323927294e-03 -4.17703936174778e-03 -2.31273763651002e-01 1.95711884718816e-01 8.26021430703807e-04 -3.79314519243747e-02 5.99478970344243e-02 -2.74439505838860e-04 1.39334757633736e-01 -6.01980047255606e-01 6.87155581303975e-04 -1.26205079299284e-01 1.48308187145511e-01 5.14110750329776e-05 2.39319407546362e-02 -4.63400798923611e-03 -4.34765631777802e-05 1.12852913910490e-02 3.55252716528893e-04 2.14262202797573e-02 5.03670207714203e-03 6.84146777043442e-05 1.14530243265738e-02 -3.59234982737858e-03 -1.18950316403980e-04 1.61548961821544e-03 4.36661100636600e-03 1.46510919698591e-04 7.41338007707582e-03 3.50920125338503e-05 6.10960748157085e-03 -4.12740772844892e-03 -2.34185584029052e-01 1.76269743955834e-01 -3.28959406063513e-04 4.37993805251018e-02 6.08295884053193e-02 1.89828384198128e-04 -1.40022419893061e-01 -6.02243307786192e-01 -1.32732053364155e-03 1.23117354563370e-01 1.45625219702319e-01 -1.16252637387594e-04 -2.44026133551705e-02 -4.82262560304076e-03 2.54310756045810e-05 1.05926518638569e-02 7.65118613547405e-04 -2.38835794958348e-02 4.24149884982478e-03 -1.39157240107409e-04 9.80069492164050e-03 3.20025337334382e-03 1.89701163391577e-04 -1.99629049291915e-03 4.07732023111442e-03 2.61799572238235e-05 7.94585773373705e-03 8.88000154127585e-05 -3.42752242838623e-02 6.34346457013912e-02 -9.59675862885527e-03 -1.16883749337768e-03 -2.53930677157050e-03 -4.82787848188246e-03 -5.74776930244325e-03 2.95507890059925e-03 -1.58940901871489e-02 4.87259732892401e-04 1.84781305726880e-03 -1.84182356663779e-04 1.88478468420560e-03 1.35355348577262e-03 -3.27638363087484e-02 6.29217982926116e-02 -9.01284162870710e-03 1.12563723103813e-03 -2.54617852444944e-03 -4.86904635449339e-03 6.47722517749274e-03 2.76715300130207e-03 -1.57271522511714e-02 -5.57643796831024e-04 1.80841606108945e-03 -1.70904821162988e-04 -1.94431824892324e-03 1.40997322422251e-03 -2.48220840986844e-02 6.00093200473187e-02 -5.14215915232635e-03 -1.34295364162130e-03 2.16627335680496e-03 -4.95650114828534e-03 -9.28592755693941e-03 -1.03311796055511e-03 -1.53593597234959e-02 -7.24927403443932e-04 -2.18732742354862e-03 -9.64669252984749e-04 1.70199788658553e-03 1.64549911178654e-03 -2.71395376954769e-02 6.11905788689364e-02 -6.86990084547130e-03 1.35409583247229e-03 2.30403187898121e-03 -4.86338803556029e-03 8.92312692746164e-03 -1.21925824846503e-03 -1.61170474725471e-02 8.57174457411241e-04 -2.08360009435707e-03 -1.06302353122775e-03 -1.78110169163274e-03 1.62983821938854e-03
 7.44092495625563e-06 3.40462636993339e-06 -4.16953001638673e-05 -1.69209132509208e-04 -3.01799474228246e-03 -2.92883950608004e-05 3.81001019837685e-05 1.15058158832185e-01 3.01487779041012e-04 -1.65853603439813e-04 1.02180902883140e-02 2.58835568145452e-05 7.50316076196639e-05 1.32813166225929e-07 2.05850182877566e-06 3.69690110922868e-06 -4.91120229775315e-04 -4.02026317582544e-06 -4.70617345396250e-05 -1.08353408239173e-05 3.27160916825068e-06 -2.22112299667664e-03 3.15426771167203e-06 -6.98452874343138e-07 -1.68272743355949e-06 1.29521400890791e-05 -2.57747161377117e-06 4.15215584922328e-04 -2.50744013994150e-06 -2.85762098103292e-04 -4.60171091511815e-05 -2.49875259557665e-07 1.15269115517801e-04 -4.77725765504184e-04 6.50575787808180e-03 -1.71854417854809e-05 3.61879163236345e-05 -3.85221680341679e-02 -3.32345680391179e-04 6.82401108321150e-05 1.02055471369890e-02 2.92396214650199e-04 -4.17566291445440e-05 -1.67453475692109e-03 9.89435001187599e-06 -1.72043779050573e-07 1.98778735261445e-03 -1.74612021572097e-05 4.31072389122533e-04 -1.40406370485657e-05 5.85259894090251e-05 2.73879953165454e-03 7.26225488467509e-06 2.06943406755940e-06 -6.69744398554211e-04 -1.11128717962399e-05 2.02617173998673e-06 5.68578191179205e-04 3.04049964513791e-07 1.80027533081349e-04 1.48120965798486e-05 -3.83735758920203e-05 5.49085900780167e-04 5.81882596786860e-04 5.81435169688119e-03 -5.93354342018387e-05 -1.84710988849480e-05 -3.79569696581698e-02 1.49264230355365e-04 -2.19732000451824e-04 9.69720193971710e-03 2.12340405955713e-04 3.43512174651948e-05 1.68854429605476e-03 3.30481410135041e-06 -5.71390657930269e-06 2.04057860209223e-03 7.99691284915247e-06 -6.35758644518731e-05 5.19496452759008e-05 -8.16313202101078e-05 2.82903769560997e-03 2.43637090348930e-05 -3.05291105413135e-05 6.40977298788851e-04 5.73895322333716e-06 1.19523965391655e-05 5.97392763765384e-04 -1.11686504081827e-05 1.17819096752833e-04 5.22720568611934e-04 -4.48064055538735e-02 6.23470908639130e-03 4.19220821559153e-04 4.35605438219746e-04 4.99275318642260e-06 1.42922240212951e-03 1.27868723133933e-03 2.60767051093224e-04 -1.90706726123016e-04 -4.17536443311156e-06 1.95423687035857e-04 5.30572915649271e-05 4.13925011441351e-05 -2.69608066718015e-04 4.44923747370154e-02 -6.29117789138091e-03 4.06121378970666e-04 -4.47245869617665e-04 -1.45916626635686e-05 1.50830652651114e-03 -1.28514548974357e-03 -2.02458156322727e-04 -2.04453992895187e-04 -1.88590081389787e-06 -2.00961965381164e-04 5.80813696227703e-05 -3.29802005384283e-05 8.78251593604121e-04 -4.40132870442013e-02 6.38973307403494e-03 3.99144064769445e-04 -4.40368301515113e-04 -1.39119903711781e-05 1.28237582597167e-03 -1.06132283867939e-03 3.01514526287980e-04 1.55704201301527e-04 1.81748321692506e-05 1.47434233257407e-04 4.53529074381598e-05 5.88432379583413e-05 -1.30576438654625e-03 4.43557818779685e-02 -6.52883253962970e-03 3.89416097867149e-04 4.36740587233234e-04 -2.11914171038328e-06 1.17981855713260e-03 9.72902763861479e-04 -3.11928112084493e-04 1.32161097726458e-04 -1.52270128749772e-05 -1.33530416787390e-04 4.83778874993267e-05 -4.88814355905454e-05
 -2.85193665073191e-05 -2.51796719741930e-05 1.50867631776767e-04 -2.17923005781273e-04 -2.16636609295707e-06 8.79251145478384e-04 5.19315434985610e-05 3.52578797906516e-04 -5.90465992065672e-02 -2.23450239179421e-03 2.58835568145452e-05 2.98601757619025e-03 -3.05071117190728e-05 1.09071731189593e-06 8.70330253059835e-04 2.26956875875094e-05 -3.79082172896905e-06 -8.25863366095972e-06 -3.43393680273744e-06 2.19828799010086e-03 9.05751143645243e-05 -3.83510106629332e-06 -1.77209318775310e-06 2.15736011660890e-04 -3.21531758214403e-06 -4.25528250300438e-04 -1.55824139670144e-05 1.85774817287264e-06 1.35991507434080e-05 -2.67684894203206e-06 3.71874940838790e-04 3.02434233561113e-04 -1.87283814196963e-02 8.25574118531871e-03 1.31737350626350e-04 7.43514348329112e-04 8.37868343881403e-04 -3.17318705141746e-04 1.58092913721568e-03 -2.54605296146987e-02 1.20238399023264e-04 -5.16084971786724e-04 2.30110181472214e-03 -3.32699519593838e-06 2.20140146931982e-05 -1.04206208686726e-03 5.97770743083662e-06 -2.18109653080343e-04 4.10894170960807e-05 2.08236995572772e-04 -2.43088824708188e-03 3.05809203784010e-05 2.25762296156087e-04 8.52386022693635e-05 5.40289062057552e-06 2.37283573816233e-04 -4.11280106470978e-04 9.11388415691284e-07 -1.19386463808048e-04 -4.95674090077461e-06 -2.48173479376280e-04 -3.08218008868689e-04 1.73358731775173e-02 -8.42304033772945e-03 8.60997919628112e-05 3.67526525668355e-04 -1.17503838239469e-03 -1.10362713408559e-04 3.36793968186829e-03 2.83607130242986e-02 8.07974355359757e-05 -1.07468975356680e-03 -2.99488113675718e-03 -8.28047812304435e-10 1.31942478114641e-04 1.09460286079101e-03 8.40833320805681e-06 1.69845141837359e-04 -3.65009643678190e-05 3.68636818989036e-04 2.46079625468695e-03 -2.35416694039365e-05 -2.57732883805688e-04 6.33197963333352e-05 7.39998370541771e-06 2.53598976986662e-04 4.11493694378184e-04 -2.45301223575988e-06 7.71996331067390e-05 4.49617733958888e-06 -1.23209184313414e-03 7.05927245017273e-04 2.88695306187072e-04 2.10084125699974e-05 1.03183764349605e-04 -3.21180657230818e-04 3.93284767659960e-04 3.95937715008149e-04 -7.11825440444986e-04 -4.81490982020819e-05 4.21689721714312e-05 -3.82914659247865e-05 1.32933540876216e-04 9.79734262893204e-06 -1.09677340526258e-03 1.25366801962394e-03 2.64428911288383e-04 -1.64237913026852e-05 9.47744568671922e-05 -3.20666392676035e-04 -3.09202074400071e-04 3.55489527457178e-04 -6.55842762643213e-04 4.10162579927172e-05 2.97565296862856e-05 -3.79654107980052e-05 -1.17049448312785e-04 1.74891875913440e-05 1.40352045409676e-03 -3.22013543990638e-03 3.17545643406251e-04 8.21925610810011e-05 8.61099875750628e-05 3.39442908949792e-04 -2.43935886644412e-04 2.76934432583921e-04 7.12577594477763e-04 -1.55873746321899e-05 5.37939652532722e-05 6.96032374479719e-05 -1.26128873868935e-04 -4.31226992555216e-05 1.59450172947290e-03 -3.04396306981840e-03 3.10944442307896e-04 -6.95649078466772e-05 9.20032433441994e-05 3.36240257888124e-04 2.92007705869483e-04 3.10353906480615e-04 7.18977642522957e-04 2.29123964647099e-05 4.15939524444927e-05 6.53490951751050e-05 1.25905825526003e-04 -4.00588230648491e-05
 2.94799904541199e-03 3.09840153775157e-04 8.58014232056371e-02 -7.58969333831653e-03 -6.19336373457755e-06 -3.26601144584064e-05 -4.94470503142661e-04 5.54937515641708e-04 -4.35899184714823e-04 2.54889652067688e-02 7.50316076196639e-05 -3.05071117190728e-05 1.19194131207909e-02 7.64354292870481e-06 1.91137912987076e-06 7.05287137451735e-04 -1.59458731316078e-06 1.91111045861899e-05 -1.91133704538454e-05 3.34682936656203e-05 5.24392000142855e-04 -1.20641582278072e-05 1.04025490505437e-03 -4.19514458498862e-06 1.37566070230880e-06 -8.84546517385698e-06 -3.35818382597199e-04 8.00422046464436e-06 -2.40295071122306e-04 2.48410933063000e-06 -1.26674593371051e-03 -1.52593547006150e-03 4.38875341049074e-02 -7.21247009977243e-03 -7.89753587466686e-05 5.50639852483666e-03 2.12400246343885e-03 -1.43995633111211e-04 -6.65607359813794e-02 -3.33969868057019e-02 6.32839917280085e-05 8.91685781716241e-03 2.81957732174411e-03 -2.03881776114712e-05 3.33119212625430e-04 -6.42153877375160e-04 1.74677916885790e-05 -1.62767617361915e-03 -2.43831126124275e-05 3.99403924440072e-05 1.41624238013947e-04 2.84520440116301e-05 -2.00090375104924e-03 1.12022932690799e-03 -3.42411349953684e-06 2.01151516288709e-05 3.09837841675986e-04 1.78927779775091e-05 -3.03337739935905e-04 5.37584844650688e-06 -1.03985353623003e-03 -1.54579919911793e-03 4.27037927606796e-02 -5.47142053373419e-03 -1.35939318860822e-04 -5.61094789281369e-03 2.02858445453654e-03 -1.00137442380583e-04 6.72224019993524e-02 -3.26907329132500e-02 -1.98061905149159e-04 -7.94198352500639e-03 2.91158316797322e-03 8.44564273344843e-06 -3.55260724488271e-04 -6.45176570727262e-04 2.47021447263979e-05 -1.63310434777683e-03 9.79842151590519e-05 -2.59549627660399e-04 -7.21502258137593e-05 1.58433060781142e-06 -2.00925228464213e-03 -1.14719427038354e-03 6.34302590621041e-06 -2.88587090190559e-05 2.83792043784097e-04 8.78277508422414e-06 -2.51601253229588e-04 -8.56081344545394e-06 -1.32656175769632e-03 -8.87355208820608e-03 7.21558352461146e-04 3.98212855956182e-04 -5.63492248427014e-04 -4.88053317341577e-04 8.02440775753546e-04 -8.07109414947127e-04 -1.29859089611331e-03 4.80094984888502e-05 6.80353485888546e-05 -3.31687945593133e-06 2.20704615032814e-04 -2.65718135122658e-04 -1.49011576989092e-03 -8.49252026075245e-03 7.18318928232481e-04 -4.07814285198796e-04 -5.66577918264863e-04 -4.94852547345977e-04 -8.41251133932127e-04 -7.56359010677557e-04 -1.31635056030326e-03 -4.35483584373298e-05 6.71928996535708e-05 1.92173345581199e-06 -2.34731484219627e-04 -2.72370219888017e-04 -1.14197608246824e-03 -1.01016280089005e-02 1.48157414852662e-03 4.69969030914447e-04 5.70403798332716e-04 -4.54308888482167e-04 7.34291544994044e-04 6.94481092481966e-04 -1.42446003791726e-03 -4.03753277842833e-05 -1.28580652201704e-04 -2.74885825658327e-05 2.24999948669321e-04 -3.17651587692911e-04 -1.58577009396014e-03 -9.65198387735508e-03 1.15829106200412e-03 -4.58077503397237e-04 5.72710194883330e-04 -4.50969007519518e-04 -8.54434544612058e-04 6.09832583319104e-04 -1.52375523037895e-03 2.44707502452855e-05 -1.25811154105155e-04 -3.92363540407773e-05 -2.36812967551258e-04 -3.11573969829571e-04
 5.80300726957086e-06 1.38352102561666e-06 1.34415829654527e-04 2.34073279375616e-06 -4.65953963002713e-07 3.98626483234568e-07 -2.93004849281268e-06 5.05610678510494e-05 -2.96758960861305e-05 1.00681188177887e-04 1.32813166225929e-07 1.09071731189593e-06 7.64354292870481e-06 6.17975555882551e-06 5.26925361442497e-07 -8.01032691731136e-07 -5.03947733348401e-07 1.59034786842832e-07 3.80229834891738e-05 1.33341533835870e-06 -3.35776046951337e-06 -1.53330558616976e-06 6.80260319750514e-07 9.01209778823301e-08 -1.13258943789931e-05 -2.92303451185805e-07 5.91528264630590e-07 2.72374472735457e-07 -4.37127293926283e-07 -2.49598626548864e-07 -3.41424532094565e-07 -5.72700293715441e-07 -3.23418019862961e-05 1.18176912588330e-05 -1.55580453102251e-04 -9.88271243192713e-07 4.57897802865979e-06 1.80126444473738e-03 1.96595073095570e-06 -4.82919851946651e-05 -2.04943542668588e-04 -5.65336310559694e-06 1.09127245174656e-05 6.04550572203597e-05 1.15805731084049e-06 1.02762033854715e-07 -1.18329289312329e-05 7.39591644757811e-07 5.62316160266452e-05 -2.88297482213883e-07 1.22495302974746e-06 -1.01159479245534e-05 2.66250375328494e-07 -1.91143244546330e-07 -6.24523669912421e-06 -2.55595530676943e-07 2.13393939031788e-07 -1.58001834616666e-06 1.04832698958287e-07 5.40841514103913e-06 -5.78664787814738e-07 -1.71631441069890e-06 2.13533806657507e-07 1.69077633890467e-05 1.48920044077401e-04 1.85377025437552e-06 2.37958647794092e-06 -1.75277050154511e-03 -4.57131237296580e-06 -2.35723913624797e-05 1.90453515370234e-04 1.33699083832898e-05 5.74385683273333e-06 6.25039624017604e-05 -1.19317549775091e-06 6.84161033729441e-07 1.35439498045395e-05 1.03415104455395e-06 5.88364692842770e-05 -3.92227157224797e-07 1.97498680678170e-06 1.20216767615588e-05 1.29588652893537e-06 -5.18482307074732e-07 -4.99861623180360e-06 2.11180594522191e-07 1.05095843725129e-06 2.67091202825076e-06 1.97334759383984e-07 -6.12702433025990e-06 -2.52825422786159e-04 1.69659890563195e-03 -4.17088388017396e-04 -1.89541632967649e-05 -1.85993143744870e-05 1.03544347185760e-05 -3.85704244525469e-06 -1.40192589332445e-05 1.84099858047832e-06 6.22044458601734e-06 -3.14556956542914e-06 -1.78148653307714e-06 -2.39498482264701e-06 1.37915429989993e-06 2.49242039166786e-04 -1.70569370304507e-03 4.23773596254489e-04 -1.92745560530635e-05 1.85420201928487e-05 -1.11976397335360e-05 -4.29993353087658e-06 1.44237784922594e-05 -5.31232440093349e-06 6.29818511892555e-06 3.49268015557942e-06 1.84029196711594e-06 -2.87754875286537e-06 -1.26403465394300e-06 2.40808693882067e-04 -1.66651062634285e-03 4.22391976274469e-04 1.83831358513714e-05 -1.73145212917177e-05 -1.16442801293793e-05 1.20327741453231e-06 -1.15540264321812e-05 -1.04920800341757e-07 4.54733721380347e-06 -3.06013499126325e-06 1.47916708436061e-06 2.19093395261231e-06 8.96758361800586e-08 -2.49304345666242e-04 1.67096454007662e-03 -4.21762272816127e-04 1.81417597835200e-05 1.76241263669199e-05 1.08959587027104e-05 1.18259958870052e-06 9.04956499593225e-06 -1.48702187745534e-06 4.13442870699992e-06 2.61585949553198e-06 -1.39032483031744e-06 1.97195821562558e-06 5.96760878965017e-07
 -1.41054179735268e-05 -1.10273811545641e-06 9.13972385688899e-05 -4.25410320635465e-05 6.41128688073670e-07 2.57287801280997e-04 9.69721892972656e-06 7.17554381960260e-05 -1.71559157540907e-02 -1.30153930238368e-04 2.05850182877566e-06 8.70330253059835e-04 1.91137912987076e-06 5.26925361442497e-07 2.54530912197559e-04 5.54988462547431e-07 -1.22269551581213e-06 -1.70873209947033e-06 -9.05133348338935e-08 6.43062735343924e-04 2.48791359461545e-06 -1.36871352978075e-06 1.44612894252537e-06 6.24457601683143e-05 -1.23027053352208e-06 -1.22661394128994e-04 -4.93004245964444e-07 5.71882110209920e-07 4.17569729794930e-07 -7.53084009876901e-07 1.11425775103355e-04 8.64681419461637e-05 -5.57698373956826e-03 2.53281313045846e-03 2.90414955181974e-05 2.10532069510056e-04 2.70383984492952e-04 3.28214476931455e-06 5.75981673409563e-04 -7.65091147537900e-03 1.85636282615116e-05 -2.21681103486974e-04 7.60241944656284e-04 1.36180666955096e-06 1.90357122141254e-05 -3.06179165092248e-04 5.75085517077134e-07 -5.61304846658635e-05 1.30293640695453e-05 7.27815592833824e-05 -7.04732578763675e-04 7.61494623615099e-06 7.44535906716609e-05 2.27612787402790e-05 1.39526102344868e-06 6.81515161656374e-05 -1.17111742543131e-04 1.05712545375750e-07 -3.16335988403204e-05 -1.65623719311408e-06 -7.19780012105700e-05 -1.06899590453584e-04 5.70738120778523e-03 -2.55660925841467e-03 2.40067172205255e-05 1.80388370876884e-04 -2.92378235717614e-04 -2.95004942694542e-05 4.99601843367350e-04 7.83679831999586e-03 1.76865083559519e-05 -2.01763114359266e-04 -7.88946032062530e-04 8.65948824781448e-07 3.08905938421564e-05 3.04788950826325e-04 2.07967970097771e-06 6.43784524213492e-05 -8.61456668789375e-06 9.53491965464180e-05 7.07921722141914e-04 -8.01535073333480e-06 -6.23036307972845e-05 1.65663693776101e-05 1.95756216349422e-06 7.36117118724566e-05 1.23808302211637e-04 -9.02675746985836e-07 2.62088341609874e-05 6.53849133373183e-07 -3.97315074679231e-04 3.32814560233193e-04 6.19813127518125e-05 4.83820834039044e-06 2.83264671742809e-05 -9.45244135303321e-05 1.14208128532426e-04 1.19515007173581e-04 -2.13149020313816e-04 -1.42850193828776e-05 1.30376508167093e-05 -1.12720028823309e-05 3.92638175883895e-05 3.10148077397863e-06 -3.36675076120026e-04 3.18267253893956e-04 9.54365639295958e-05 -5.53103013690272e-06 2.81373951090172e-05 -9.53448154359220e-05 -9.09093797226501e-05 1.10534915649515e-04 -1.97037455753635e-04 1.29925053335789e-05 9.73985116553363e-06 -1.07440609089991e-05 -3.50403496888503e-05 5.46384483883664e-06 3.02963794000579e-04 -3.43473513262645e-04 -8.18662629482534e-05 1.11017139792887e-05 2.94174890584675e-05 9.78953240785868e-05 -9.08697092563869e-05 7.94060965558647e-05 2.00115218387282e-04 -5.78223473574046e-06 1.40537366924802e-05 1.88009840247889e-05 -3.61927993515957e-05 -8.90692991712791e-06 3.53118758712884e-04 -2.87523342067472e-04 -8.72123803052365e-05 -7.27122363348138e-06 3.09599095732036e-05 9.72398383221887e-05 1.03874140057982e-04 8.78649876024275e-05 2.01786657144024e-04 7.71515203693449e-06 1.05921763244036e-05 1.77479749134311e-05 3.61133625710715e-05 -7.79718441299260e-06
 5.10608423881675e-04 -1.51103230096768e-04 7.48959614648098e-04 -1.51714936654955e-03 8.58299983718758e-07 1.21346191209645e-06 2.64748129577602e-04 -1.87095606030447e-05 2.76050227035439e-05 -1.19010282873684e-02 3.69690110922868e-06 2.26956875875094e-05 7.05287137451735e-04 -8.01032691731136e-07 5.54988462547431e-07 2.14898868073539e-04 1.35219791965627e-06 -3.11386962781549e-05 5.23179472356788e-07 -4.68889445019957e-06 5.97974600001526e-04 -1.77918661247098e-06 3.08299255349329e-06 -2.31828746869912e-07 3.96265483041905e-07 -5.81117359075163e-07 -1.21196122327381e-04 1.10750847419785e-06 4.09627330913612e-05 7.42497926254895e-07 -9.15166604807587e-05 -6.76290576771905e-05 6.33741473845322e-03 -2.99877844693646e-03 -1.96171156144219e-05 1.04994858883723e-03 -4.92100411658510e-04 -1.24000493398864e-05 -9.18874300622185e-03 3.56396034221717e-03 -3.27934111249950e-06 2.59960530731154e-03 -1.47144700230777e-03 -2.16909626620993e-06 -2.24375692425530e-04 -2.37237667636322e-05 1.34900943605236e-06 -3.23176924986824e-04 -7.26588169263153e-06 -1.89126960912213e-04 -9.21728669670848e-05 2.65088166101662e-07 -3.57462568808260e-04 1.45497907521891e-04 1.91550143185982e-06 4.34495165779879e-06 -3.23674703350606e-05 -2.53682565465351e-07 -1.08694598511739e-04 1.70789023643039e-07 -5.86988331021237e-05 -7.12637285887930e-05 6.35896789527585e-03 -2.54043913510169e-03 -1.06708640800821e-05 -1.12188420336331e-03 -5.06662636756375e-04 1.49391055737967e-05 9.18480873871746e-03 3.53240928056479e-03 -8.64544256733049e-06 -2.42394268680070e-03 -1.41684990185735e-03 5.28351281666554e-07 2.29029096570884e-04 -2.63815501602912e-05 5.47165711680861e-07 -3.14370131155382e-04 -1.25666652045039e-06 1.99202614392179e-04 -1.14189123805159e-04 7.26837621096005e-08 -3.40201309930426e-04 -1.43428260679503e-04 -1.80391088707190e-06 -3.78379281256110e-07 -3.22128121870444e-05 1.04370512579663e-07 -1.10491649006841e-04 -2.08618168390490e-06 4.68926295204265e-04 -2.35875862065084e-03 3.62443054218046e-04 6.48243602312563e-05 -2.63199320713782e-05 2.80553088980370e-06 1.49979149177405e-04 -1.47759631989613e-04 6.33985784565900e-05 2.99970704030054e-06 -1.63189080765503e-05 2.69751795809036e-07 -1.10213184619077e-07 -4.52760167938999e-05 4.29048777922161e-04 -2.32777351099398e-03 3.54457506619027e-04 -6.55392911969722e-05 -2.66199532028973e-05 2.96799292572350e-06 -1.64006880328643e-04 -1.39444972710374e-04 6.02797280701685e-05 -1.65685798641519e-06 -1.61672927447293e-05 8.82620935940584e-07 -3.87398760374025e-07 -4.67505686968061e-05 3.34268340392641e-04 -2.28966070045698e-03 3.42458866015688e-04 7.02999544143096e-05 3.30074384087900e-05 7.65937126429565e-06 1.88681646125196e-04 1.10678265378841e-04 4.15019685632947e-05 6.74458986110898e-07 1.42737223313846e-05 7.69232856893038e-06 2.83471809436889e-06 -5.47369717406418e-05 3.25863996449670e-04 -2.32672221198970e-03 3.42906819961877e-04 -6.96819906214607e-05 3.08756008473338e-05 6.75361529748970e-06 -1.95370933541368e-04 1.04436171811141e-04 4.19458650685451e-05 -3.74107713234059e-06 1.34973150789887e-05 7.57930366492937e-06 -3.05788958456867e-06 -5.34394003470431e-05
 1.71312545891767e-05 -1.09312618482478e-06 5.08884903349938e-05 -1.09444418890545e-06 2.14621211829245e-04 1.71518143154026e-06 5.39712876880956e-07 -1.10608353619880e-02 6.03053684427356e-05 -1.08099191617152e-04 -4.91120229775315e-04 -3.79082172896905e-06 -1.59458731316078e-06 -5.03947733348401e-07 -1.22269551581213e-06 1.35219791965627e-06 8.56756322514391e-05 -1.93648032857777e-07 5.98947375370479e-06 -2.88742458940111e-06 4.27998283674393e-06 3.59505697315730e-04 -1.52252983801591e-06 -2.10907583120369e-07 -7.91282862588520e-07 1.23426177775394e-07 -5.02857219043332e-07 -6.80072752853167e-05 1.07966743323625e-06 3.51669336085515e-05 2.00457891482144e-06 4.62670087779661e-07 4.18429653177748e-05 1.11720173679938e-06 7.89791592097270e-05 1.43506425446263e-05 -1.29986335556116e-05 -3.07256675257066e-03 -1.27699585871643e-05 1.03015197577251e-04 4.70202452321477e-04 4.94588196361530e-06 -1.82097121328509e-05 1.17557007282189e-04 -3.22217488876744e-06 2.00093426032367e-06 -1.42057392791691e-04 8.41847537815619e-07 6.31665120794011e-05 -4.82454070407877e-06 4.15141968331258e-07 -2.32332684053432e-04 -2.86677311921341e-06 -1.31143866114659e-07 8.13621500251734e-05 -2.97858551005796e-07 3.16296944082269e-07 -5.41130289762163e-05 -1.24413672300325e-06 5.70199319348962e-05 -6.36742846000027e-06 5.19474684890475e-07 2.75614001414314e-05 -4.55607934767402e-05 1.05996558148009e-04 5.41058902102185e-06 -2.21072766475059e-06 -3.07031587711756e-03 -1.15747130570160e-05 3.86737832422120e-05 4.50726433796168e-04 -1.73147248526545e-05 -1.68300087645982e-05 -1.18335874365677e-04 2.85702316903792e-06 -6.14492248129634e-07 -1.46433819759417e-04 -9.37642008678670e-07 -6.62713502796782e-05 5.14141039646842e-07 2.68822403278220e-06 -2.23312737409527e-04 -6.18561737058779e-06 1.15832705290701e-06 -7.74000311210939e-05 -5.99281238520291e-07 -1.00495527151635e-06 -5.53838395407498e-05 -6.47787011414817e-07 5.82129011563379e-05 5.92884556495670e-04 -1.08447030779214e-03 7.80239179151606e-04 3.20307806330455e-05 5.52849955096895e-05 -3.62650909666205e-05 -8.64131423045764e-05 6.55574110959417e-06 -3.15744276861541e-05 -1.93469402336184e-05 1.37175425528585e-05 1.62861812994609e-06 1.01810251314091e-05 1.02000134270596e-05 -6.05329807761582e-04 1.07038623547251e-03 -7.80298573788128e-04 3.23449760533067e-05 -5.41540759171243e-05 3.82108737722428e-05 -1.00861661307339e-04 -6.57009765544306e-06 3.52962180761349e-05 -1.76419240107971e-05 -1.40971107842491e-05 -2.46200294654648e-07 1.03213411887633e-05 -1.17725288273497e-05 5.72815147758304e-04 -1.02008228285470e-03 7.94938151735798e-04 2.86055472552300e-05 -5.29365388821603e-05 -3.63502372156843e-05 -9.29212792557668e-05 -6.32464525512221e-06 -3.17258169063879e-05 1.84867219934546e-05 -1.43863557693202e-05 2.35772725633766e-06 8.77498090816813e-06 1.03518150202072e-05 -5.56726081754985e-04 1.06515840275086e-03 -8.11268263269492e-04 3.17350363983844e-05 5.38188318915477e-05 3.70972323509921e-05 -8.94817477812124e-05 1.13704507278155e-05 3.71907779815568e-05 1.89927439871806e-05 1.46140090595359e-05 -3.79913807822234e-06 8.98562748095414e-06 -9.84211037436136e-06
 -4.95277338759912e-04 3.79072935668018e-05 -1.99021184519280e-03 3.35515797488966e-04 5.88231490961882e-07 -1.39196775080412e-06 -4.49069690220709e-05 -5.47105819103629e-05 7.27636483535046e-05 3.43298382011298e-03 -4.02026317582544e-06 -8.25863366095972e-06 1.91111045861899e-05 1.59034786842832e-07 -1.70873209947033e-06 -3.11386962781549e-05 -1.93648032857777e-07 1.94233282224380e-05 -8.84373625022546e-08 -1.00426349415863e-06 -1.07623391358659e-04 2.49640436453663e-06 4.73134957550014e-05 -1.40775507902253e-07 1.08870261043814e-07 3.88026783685465e-07 1.45051896963599e-05 -3.16260779471114e-07 -2.28279383870596e-05 1.86688191839635e-07 1.00112008198834e-04 9.38683245728700e-06 -1.34857789347900e-03 6.69844704754679e-04 -9.44369445358390e-07 -2.66044103888888e-05 2.18490437699183e-04 1.30537270777877e-05 -1.01829366601216e-03 -2.48881873091175e-03 8.85389719986780e-07 -1.36460051313168e-04 5.11677679752199e-04 1.12359097403725e-06 1.07329999573451e-04 -3.00995238758920e-05 -7.96411840850218e-07 -3.12852797040501e-06 1.10248589014341e-06 1.26358097302104e-04 -2.09058444754002e-05 -9.52956601615045e-07 -4.90228924560410e-07 -1.17839823576555e-05 2.29655317370105e-07 2.60322973597035e-05 5.92697729096098e-06 4.15367839334904e-07 3.12836427675702e-05 3.45871064183393e-07 9.31589505855940e-05 1.12975424169065e-05 -1.40472086501922e-03 7.16663947633452e-04 -1.99179634256989e-07 4.22928249630420e-05 2.21853905084308e-04 -9.34139354671448e-06 1.01097580389367e-03 -2.55023371052912e-03 -5.67692824818182e-06 1.70626966597804e-04 5.18206920009066e-04 -8.07458200362081e-07 -1.08787507647531e-04 -3.31779061126040e-05 -8.33463960806405e-07 -5.86193950513888e-06 2.41395576852605e-06 -1.33631582380917e-04 -3.29201329908134e-05 -1.47822397625007e-06 -8.98384349202983e-06 1.09583874951363e-05 5.11670470026128e-07 -2.69472188994937e-05 3.82268821029978e-06 -1.29647740322552e-07 3.28332447162013e-05 8.30438973858872e-08 8.12180179816288e-05 -6.65303961912395e-04 1.78245454822341e-04 1.29302519667437e-05 -1.26449818689126e-05 -2.60815207423497e-05 -8.39404645950647e-06 -2.76757252108620e-05 -6.05668048369078e-05 5.82178148019939e-06 5.54276624518969e-06 -1.86382420192810e-06 8.46536368845411e-06 -5.87136735957213e-07 8.52277897926020e-05 -7.07358968114870e-04 1.88385967727921e-04 -1.37915286172065e-05 -1.24596463071977e-05 -2.61902367311883e-05 9.21308212759932e-06 -2.69643191735150e-05 -5.97520290577506e-05 -5.86329170617281e-06 5.25323872734369e-06 -1.59661241470930e-06 -8.64879213461815e-06 -6.78758621695240e-07 9.64398401913698e-05 -6.87895114714312e-04 2.01901774297499e-04 1.18932991304391e-05 1.18521048962128e-05 -2.66223336837042e-05 -1.41025384789482e-05 2.96053212481232e-05 -6.24099723505633e-05 -6.01678017070102e-06 -7.14629735579972e-06 -3.96907047490252e-06 8.26060693554082e-06 -1.51279796067072e-06 8.43222616129581e-05 -6.78697565324879e-04 1.89110605829370e-04 -1.15318280813371e-05 1.23232510946452e-05 -2.60440915171632e-05 1.31100278169330e-05 2.89190664792166e-05 -6.46484939948043e-05 6.63601527406052e-06 -6.53194163750137e-06 -4.60901541761484e-06 -8.55498595046073e-06 -1.07341338585825e-06
 -2.96774358999169e-06 -2.27674326175716e-06 -2.14672185312895e-04 2.94378305590933e-06 1.87336876995735e-05 -2.83383461657689e-07 4.69161639982035e-06 -8.29516356726719e-04 2.62691147511150e-05 -1.88399162633788e-04 -4.70617345396250e-05 -3.43393680273744e-06 -1.91133704538454e-05 3.80229834891738e-05 -9.05133348338935e-08 5.23179472356788e-07 5.98947375370479e-06 -8.84373625022546e-08 2.35941022204896e-04 -5.32468263131611e-07 5.58007985181782e-06 2.83706582771354e-05 -2.76235711332859e-06 -1.12874180422711e-07 -7.00700111927548e-05 -4.82044157269443e-07 -2.57265690535525e-08 -5.47939826085616e-06 1.05799777153948e-07 2.14541088277307e-06 -4.45241418439111e-06 1.80741520134405e-06 2.60094430352851e-05 -8.77894581642160e-05 -9.50186240586601e-04 -4.40479350293893e-06 -4.88096786508858e-06 1.07819140011323e-02 5.59694184100465e-05 1.11437546307091e-04 -1.21095940637425e-03 3.03125343917554e-05 -1.83936776587067e-05 3.85640879469361e-04 -3.78753188708912e-06 1.88025308358615e-06 -8.75136261841822e-05 1.50798618154053e-06 3.54702920587775e-04 -4.81703376534374e-06 1.96032727986794e-06 -8.65715002755191e-05 -2.68836872822600e-06 -2.12756966962355e-06 -3.00241625688107e-05 -3.22757509639509e-07 -1.34426579246416e-06 -1.54722250190668e-05 -1.06622867639717e-06 3.97308549527609e-05 1.86609094218386e-06 -8.44137661587798e-07 -1.64952858858454e-05 3.87612863889422e-05 9.36112807707183e-04 -5.67136072720430e-06 -1.43257593603705e-05 -1.11916461438056e-02 -3.74362077314467e-05 9.41457943269660e-05 1.23296505651361e-03 1.43103823184266e-05 -2.96506692465765e-05 3.74517585083884e-04 2.51256183074935e-06 -4.60271147639381e-07 6.88146777684512e-05 1.05451069000203e-06 3.55866904996649e-04 -2.84405174049706e-07 -7.97620822690455e-06 5.17633180150522e-05 5.58704580324248e-06 -1.70350472309986e-06 -3.90880847936857e-05 -1.23472768646688e-06 8.35292573891141e-07 1.07729300892413e-05 -1.63316764573935e-06 -3.15560195344149e-05 -1.47661299214127e-03 1.03963217340819e-02 -2.51472318980883e-03 -1.16004395463989e-04 -1.07709901361351e-04 6.44776781661560e-05 -3.59053637312426e-05 -9.05654295704623e-05 2.24893234857042e-05 3.68067687744554e-05 -1.93250607408349e-05 -1.09960154648153e-05 -1.56551001230549e-05 9.75558202230645e-06 1.49614476326336e-03 -1.03565675352834e-02 2.50698970951191e-03 -1.12851781981294e-04 1.09542551148113e-04 -6.06431684975403e-05 -3.37054000092185e-05 8.25404750319033e-05 -1.48319958543690e-05 3.63912635157615e-05 1.87432763460829e-05 1.09962905579059e-05 -1.45966723798408e-05 -9.04816465120682e-06 1.57091376518995e-03 -1.04563739251537e-02 2.69940249282066e-03 1.16204019375802e-04 -1.15134998791149e-04 -7.40218885787930e-05 2.10001377295533e-06 -7.14469817498519e-05 5.63710830375233e-06 3.02855491249770e-05 -1.91032481048026e-05 9.63862259273847e-06 1.35929752249035e-05 1.40508874456399e-06 -1.58126077456392e-03 1.04519190159469e-02 -2.69987447675509e-03 1.16589829086193e-04 1.12889587624903e-04 7.32852669345730e-05 -5.26132215404522e-06 5.93160649580470e-05 5.01789384180897e-06 2.75947447249375e-05 1.91397989006659e-05 -8.86490154496545e-06 1.42163435012344e-05 2.32190606933144e-06
 2.29478205739577e-05 6.46611939136697e-06 -1.35380186463020e-05 -6.53791802963980e-05 5.72786265742575e-06 6.49440092087346e-04 1.75753950555498e-05 4.22847404931065e-05 -4.34674523697167e-02 4.66199076530019e-04 -1.08353408239173e-05 2.19828799010086e-03 3.34682936656203e-05 1.33341533835870e-06 6.43062735343924e-04 -4.68889445019957e-06 -2.88742458940111e-06 -1.00426349415863e-06 -5.32468263131611e-07 1.62595421478415e-03 -2.02923247753396e-05 -1.60589912038560e-06 1.38733501054387e-05 1.58407653846446e-04 -2.98394710427197e-06 -3.11652731327367e-04 2.20718102920207e-06 1.12843458622402e-06 -4.89932797310081e-06 -1.62267166908937e-06 -1.89562639459483e-04 2.03861620507596e-04 -1.36705265976871e-02 6.40056042073366e-03 6.22089139902916e-05 4.87072136066128e-04 7.55560515038899e-04 9.25419212562794e-05 1.50995114203372e-03 -2.00884211820067e-02 2.62614847681600e-05 -6.38069229684104e-04 2.05534992728384e-03 5.35235467249148e-06 6.76615318948196e-05 -7.92045208595138e-04 -1.18361970172762e-06 -1.36337480291417e-04 3.19466157125057e-05 2.09544166550207e-04 -1.79582737459507e-03 1.58263497721343e-05 1.91329797366792e-04 5.95509162114558e-05 4.25318482342987e-06 1.77014542159082e-04 -2.92780725057461e-04 -2.83488893454276e-07 -7.40768032568968e-05 -5.03551999521497e-06 1.85574753095795e-04 -2.68860446165659e-04 1.41356475405151e-02 -6.28999530398188e-03 4.73503276878760e-05 4.42212427557118e-04 -6.93945042718889e-04 3.21588985930869e-05 1.57107616991398e-03 1.93027252641131e-02 1.99479107744286e-05 -4.83382253277393e-04 -1.86640786443090e-03 -6.84492398090779e-07 5.30114080474034e-05 7.64800340413630e-04 2.33182808164531e-06 1.60473751457870e-04 -2.06343667866842e-05 2.11920435943730e-04 1.78898164143099e-03 -2.40775252848757e-05 -1.59917493682337e-04 4.26487380972705e-05 4.52701953868991e-06 1.82325576724507e-04 3.15667620585410e-04 -2.99261956038059e-06 7.25319639025293e-05 1.14248776269010e-06 -1.08311737289359e-03 1.27417382469108e-03 2.94601552718445e-05 3.29999008562685e-06 6.38250521475695e-05 -2.44025754123065e-04 2.73048661048320e-04 2.94354389024583e-04 -5.55587408561960e-04 -3.35696531237354e-05 3.45212752111925e-05 -3.01355962109514e-05 1.01119820614245e-04 9.58019562912138e-06 -9.20823125968546e-04 1.07245411819978e-03 1.44752273896983e-04 -6.88190348923925e-06 6.56037691193163e-05 -2.46548436854572e-04 -2.17564723491104e-04 2.76467414655852e-04 -5.13986770324012e-04 3.12168306514814e-05 2.62955547594820e-05 -2.79250039492972e-05 -9.07537291128982e-05 1.59877108028184e-05 7.74025772942460e-04 -9.69690699552776e-04 -1.66119176738014e-04 3.17880355541958e-05 7.84277691181937e-05 2.42351473680361e-04 -2.29278857963462e-04 2.06034956179447e-04 4.92007148957208e-04 -1.54278759505692e-05 3.39400688895094e-05 4.68164489044957e-05 -8.97368461783527e-05 -2.40021751347449e-05 9.13886684375171e-04 -1.03360780174207e-03 -1.39545891127043e-04 -2.42790907300972e-05 7.97066374112646e-05 2.40030219532808e-04 2.58234712282440e-04 2.22986159676197e-04 4.96240083996238e-04 1.95297410698237e-05 2.51092182686096e-05 4.46158544692931e-05 8.90825555440773e-05 -2.08258419959025e-05
 -2.08948965923495e-03 -5.51039135675418e-04 -6.36063829280847e-03 -3.79313753857545e-03 2.79888045948956e-06 9.55091565052165e-06 8.50651565512431e-04 -7.52126786608548e-05 8.73346897527737e-05 -4.31814319112204e-02 3.27160916825068e-06 9.05751143645243e-05 5.24392000142855e-04 -3.35776046951337e-06 2.48791359461545e-06 5.97974600001526e-04 4.27998283674393e-06 -1.07623391358659e-04 5.58007985181782e-06 -2.02923247753396e-05 1.91045293395893e-03 -6.09856906629128e-06 -1.58936666807296e-04 6.63033126795608e-08 4.78351080604809e-07 -1.23180072267556e-06 -3.49568144528728e-04 2.77942733713040e-06 1.90820105116206e-04 1.79877367592032e-06 -2.23161349245514e-04 5.95717946199674e-05 1.11795350971076e-02 -8.27825289370307e-03 -5.99188056472271e-05 2.70020799947544e-03 -2.11778863120443e-03 5.16923347098114e-05 -2.03813807112265e-02 1.84381382865757e-02 -2.88167929898811e-05 7.27447418563760e-03 -5.60649571443039e-03 -2.64095411818413e-06 -8.28075291085106e-04 1.04540956593262e-04 2.08624389415587e-06 -8.24111194306318e-04 -2.20086433448247e-05 -7.19186544577819e-04 -2.34134425332110e-04 -1.39198631456203e-06 -8.70418878009825e-04 2.91866949987526e-04 6.00886076988677e-06 -2.37089714358598e-06 -1.60919135747269e-04 -3.27294738317932e-06 -3.20704045199549e-04 -5.85559416534230e-07 -2.36545025221046e-04 5.70628291586679e-05 1.12837377364248e-02 -6.91100675158229e-03 -1.18689015607568e-05 -2.93182287630960e-03 -2.15631257072019e-03 1.90047808592631e-05 2.03545209491156e-02 1.83223040938177e-02 8.93386915596701e-06 -6.81563708232479e-03 -5.43090318850258e-03 3.47855522634050e-06 8.46324507460576e-04 1.00684675120829e-04 -9.66814792980052e-07 -7.96397084963359e-04 -1.72461104823772e-05 7.94366599759712e-04 -2.63186229622175e-04 2.90742251918440e-06 -8.21274817746858e-04 -2.80122221366866e-04 -6.71309096816712e-06 1.67960009040738e-05 -1.56053730057667e-04 -1.74224952034724e-07 -3.35177015118030e-04 -5.55730234185125e-06 2.07904622851876e-03 -8.12589860792056e-03 1.64330852699368e-03 1.92358958919933e-04 2.18847831376053e-05 8.94018490728277e-05 4.11798662638292e-04 -3.44968018467824e-04 4.25300149323249e-04 -1.98958115224300e-06 -6.68227698010412e-05 6.49337009854835e-06 -3.66858040336668e-05 -1.12811946378954e-04 1.98876022344175e-03 -8.19396672880842e-03 1.65355597527787e-03 -1.94924877833881e-04 2.32590441312944e-05 9.00744046226983e-05 -4.53172392332028e-04 -3.24882302693300e-04 4.15893921953186e-04 6.47821627225201e-06 -6.58012819200713e-05 7.17108592066239e-06 3.67904843083230e-05 -1.16924848685847e-04 1.62590443008557e-03 -7.92499631820966e-03 1.52519059202195e-03 2.00376558305715e-04 -1.65856187763265e-06 1.00810581570030e-04 5.58005775932323e-04 2.41888149407567e-04 3.74816262025720e-04 1.36912074818531e-05 7.11813476837125e-05 3.47130419430214e-05 -2.81206260257235e-05 -1.37785582730789e-04 1.65887937648758e-03 -8.01350057284616e-03 1.55966614542739e-03 -2.00189551539673e-04 -9.13738305734164e-06 9.73729950259559e-05 -5.60022308010653e-04 2.35311800759401e-04 3.91111841189771e-04 -2.11397117153738e-05 6.77484933370287e-05 3.62272913030302e-05 2.90300697496370e-05 -1.34637220332304e-04
 -1.97495649346780e-05 2.92495377927067e-06 -8.55261624952315e-05 6.41580264984378e-05 9.39311529989045e-04 1.12082495672765e-05 -8.20611173870013e-06 -4.75392331814998e-02 -5.89620683816108e-05 2.20792760737136e-04 -2.22112299667664e-03 -3.83510106629332e-06 -1.20641582278072e-05 -1.53330558616976e-06 -1.36871352978075e-06 -1.77918661247098e-06 3.59505697315730e-04 2.49640436453663e-06 2.83706582771354e-05 -1.60589912038560e-06 -6.09856906629128e-06 1.51269856471845e-03 7.82925937696261e-07 3.45263882869077e-07 -4.07904463515769e-06 -2.29409799343178e-06 1.65280977785225e-06 -2.86032355350607e-04 4.80063689539777e-07 1.49399543395601e-04 4.32547740754081e-06 2.11370050199502e-06 -2.81397002384149e-05 1.50356917121587e-04 1.70536741480730e-04 3.24521603856801e-05 -5.21323737028695e-06 -1.15476644643003e-02 2.07982362143634e-06 -1.69324560732658e-04 1.68098220569121e-03 -5.32158837198026e-05 3.49339249250146e-05 5.19866595609674e-04 4.59020682366957e-06 -3.80655132901523e-06 -6.22532922487663e-04 7.97669811852307e-06 2.53075513424048e-04 2.45259883489195e-06 -1.59434226289677e-05 -1.00623285489901e-03 -5.63114072744486e-06 -2.82720331606464e-06 3.45437097232862e-04 4.12029792709550e-06 9.16744209196902e-07 -2.32749580730426e-04 3.61932369936522e-07 2.28851818806973e-04 -7.51565088408708e-06 6.08130871213855e-06 -2.16964417915593e-04 -6.81382314475483e-05 3.18921475990289e-04 3.40263061892310e-05 2.17370453907879e-05 -1.18326980509044e-02 6.31566585572937e-05 -9.63845601722607e-05 1.64237473756002e-03 -3.20740875984094e-05 1.36135061368780e-05 -5.13633227597929e-04 -7.90871860072704e-06 2.63075008375400e-08 -6.39505996750742e-04 -1.30677958167049e-06 -2.63680758506491e-04 -2.01023574615298e-05 2.34251263091539e-05 -9.69937986422327e-04 -2.45292353248531e-05 9.52435770159226e-06 -3.29367082937179e-04 -5.06312210250170e-06 -1.37708188543547e-06 -2.38293108305417e-04 4.15682431625435e-06 2.34248076956265e-04 2.36366345517143e-03 -3.26240891500420e-03 2.99641806195295e-03 1.18326260243362e-04 2.12392834808371e-04 -1.52345035891604e-04 -3.87837259738154e-04 -2.64639519213501e-06 -1.47871942004396e-04 -7.33151162512336e-05 5.70352845806640e-05 1.59291148360219e-06 4.20482177797208e-05 4.18901608209348e-05 -2.45942819709804e-03 3.32537557081160e-03 -3.02453282191597e-03 1.23125221465990e-04 -2.11577712452963e-04 1.49779138339896e-04 -4.38150726960908e-04 1.03474029971356e-06 1.34482118188001e-04 -6.79570006968185e-05 -5.59140503943477e-05 2.81829933715878e-06 3.87527527777765e-05 -4.61627761533147e-05 2.36311212168064e-03 -3.51594267699387e-03 3.18878187874281e-03 1.12692128103658e-04 -2.06310192699389e-04 -1.51223106682973e-04 -4.08802848414294e-04 -1.22380027764611e-07 -1.41788931176410e-04 7.16478466986513e-05 -6.01452985984836e-05 6.40462516882012e-06 3.55471509765641e-05 4.06434620707019e-05 -2.23135018978852e-03 3.34456319516309e-03 -3.14569050927732e-03 1.19136999534576e-04 2.12621690828614e-04 1.49599534878703e-04 -3.87020089879098e-04 2.99622397935024e-05 1.51750541114401e-04 7.57112277128501e-05 5.92102413101669e-05 -1.29803943050534e-05 3.50641206046806e-05 -3.92277651312468e-05
 9.13325178578508e-04 1.06040394791173e-04 8.39023176124064e-04 8.54147185892905e-05 -1.82538966587136e-06 -2.08160111663655e-07 -9.62963573587784e-05 4.41349036269202e-05 -2.42491758965108e-04 9.12893604016182e-03 3.15426771167203e-06 -1.77209318775310e-06 1.04025490505437e-03 6.80260319750514e-07 1.44612894252537e-06 3.08299255349329e-06 -1.52252983801591e-06 4.73134957550014e-05 -2.76235711332859e-06 1.38733501054387e-05 -1.58936666807296e-04 7.82925937696261e-07 2.03091836549563e-04 7.91795294459797e-07 7.86220278853889e-07 -2.79314296279407e-06 -4.09112879970642e-06 8.03491289405610e-07 -7.39280358648740e-05 3.12469923704725e-07 2.48063970134974e-05 -1.05260257943519e-04 9.37612466377501e-04 7.60795884833294e-04 -5.46035237582134e-06 4.79167151011679e-04 6.86855489840039e-04 -1.95557330927125e-06 -8.85686034728887e-03 -8.83433186983690e-03 9.22298249149959e-06 6.64246019685920e-04 1.38548025952346e-03 -2.34076893502423e-06 2.75885831875172e-04 -1.46745995948655e-04 1.79773531353649e-06 -1.75756435292066e-04 -1.61718799854830e-06 3.15596923855684e-04 -8.37940062051331e-05 3.20504359021056e-06 -2.01398880995695e-04 7.64829379526249e-05 -1.97698099284375e-07 7.26349043601227e-05 3.22093492982987e-05 3.14679178938710e-06 4.32139641833021e-05 4.92806932869971e-07 3.87556535361796e-05 -1.04694002818856e-04 8.43785442856145e-04 9.82807070775769e-04 -1.62247522671443e-05 -4.58371631961950e-04 6.69365926004887e-04 5.20581771050520e-05 8.96982530738028e-03 -8.55764221360387e-03 -4.01365683605470e-05 -4.99865895159999e-04 1.38031760702491e-03 -1.61169506770028e-06 -2.80422216293786e-04 -1.39399783044688e-04 1.46778987684793e-06 -1.80352708231535e-04 1.23368010164010e-05 -3.46758977502534e-04 -9.99651892692930e-05 -1.28188521858818e-06 -2.24483250503477e-04 -7.88032052224724e-05 2.76858829700054e-06 -7.15698273076735e-05 3.01890628596278e-05 9.40472900922927e-07 5.22073049033368e-05 -1.23255014570062e-06 1.28082563007416e-04 -2.52610625803420e-03 4.97213362174577e-04 6.74226470682077e-05 -8.09993754903204e-05 -1.06495727942962e-04 5.70403144133961e-05 -1.53287498253484e-04 -2.51943204166934e-04 1.96336319026191e-05 1.76806893806478e-05 -5.98494196839220e-06 3.95912806445134e-05 -2.72019237832372e-05 1.21847121958097e-04 -2.51335885574338e-03 5.14165826130207e-04 -6.99625596893919e-05 -8.07702707453787e-05 -1.07541802650996e-04 -5.61106892485665e-05 -1.47721587483649e-04 -2.51692725820774e-04 -1.92632167176031e-05 1.69357507414698e-05 -4.86625019188117e-06 -4.11272257252273e-05 -2.77219508235623e-05 1.80138082867295e-04 -2.67450306683258e-03 6.12344258561306e-04 7.23316632820323e-05 8.20389769856745e-05 -9.98004228143669e-05 3.99828905876927e-05 1.49259207626671e-04 -2.59390242873639e-04 -1.95802558692904e-05 -2.59734376055767e-05 -1.13992267464143e-05 3.79878520838234e-05 -3.54499651500813e-05 1.42513227055907e-04 -2.73075143160902e-03 5.96400529474873e-04 -7.19083882257357e-05 8.10803370771177e-05 -9.96975306028027e-05 -4.98189449494374e-05 1.39908964348933e-04 -2.73408390494385e-04 1.89465567111596e-05 -2.48253085439017e-05 -1.38908875550334e-05 -3.99734941884542e-05 -3.34044785574051e-05
 -1.59802402659165e-05 -4.28102738118536e-07 -9.70658853715714e-05 -9.36815762175625e-06 5.02684994391449e-07 6.24831627520784e-05 3.58262850337977e-06 1.11955571386930e-07 -4.46667507676587e-03 -2.37671381185739e-05 -6.98452874343138e-07 2.15736011660890e-04 -4.19514458498862e-06 9.01209778823301e-08 6.24457601683143e-05 -2.31828746869912e-07 -2.10907583120369e-07 -1.40775507902253e-07 -1.12874180422711e-07 1.58407653846446e-04 6.63033126795608e-08 3.45263882869077e-07 7.91795294459797e-07 1.67665657080038e-05 -2.50493845117547e-07 -3.40884465362153e-05 -2.28362286862489e-08 1.28250050403104e-08 -1.34720290902194e-07 -1.63947491181163e-07 6.72869141133934e-05 6.68731651915091e-06 -5.70394567648473e-04 4.27655998133206e-04 8.61301605300508e-06 -2.01570032878353e-05 9.66064852403770e-05 -9.14821043358028e-06 5.53218020132766e-04 -2.18370292530655e-03 6.48856894192591e-06 -1.16211063455064e-04 1.96582175807231e-04 2.86531826876821e-07 8.34270419504388e-08 -9.14421605913062e-05 -5.53895648674373e-08 -5.79911869195260e-06 3.77577719574000e-06 1.78876370131035e-05 -1.94197903633742e-04 1.59716936733293e-06 2.27329072150462e-05 9.47584564206367e-06 5.86691255829230e-07 1.91531738052854e-05 -2.84311800325598e-05 -8.94330099567957e-08 -7.27141737387275e-06 -5.74600774190602e-07 -7.37713021408723e-05 -9.08511662655494e-06 5.54761492428323e-04 -4.16339664979473e-04 4.80796894046500e-06 -2.58057987792595e-05 -9.83949720755165e-05 -4.30626350957016e-06 5.40929889702313e-04 2.18607139066412e-03 3.82662480874705e-06 -1.06221674658296e-04 -1.91717456304844e-04 -2.30011132623756e-07 5.92399872493337e-07 8.97729109533890e-05 8.11121774654473e-08 7.58984714263498e-06 -1.82654102926833e-06 2.02770028465905e-05 1.93150401717141e-04 -1.91759564473455e-06 -1.99004794588197e-05 9.05665026508016e-06 4.74627479607835e-07 1.93391409324207e-05 2.99406808362739e-05 -2.30481430607135e-07 6.77799053751558e-06 4.85171677267150e-07 -1.97813311094645e-04 7.03303192143334e-04 -1.77730722959946e-04 -1.35080752835770e-05 2.60241683724065e-06 -2.33560448370836e-05 9.41503167055611e-06 2.70255280323962e-05 -5.66559763936839e-05 -1.70818431738173e-06 3.67404808350561e-06 -4.11638403810175e-06 9.91095686352888e-06 4.05791715365820e-06 -1.84008108904442e-04 7.12722240243843e-04 -1.73964282439683e-04 1.36539955555451e-05 2.33724402029454e-06 -2.34415508577827e-05 -3.29464035178332e-06 2.46024415137122e-05 -5.19459844792163e-05 1.31336174760821e-06 2.78682464935226e-06 -3.87498048990363e-06 -8.67103076445702e-06 4.81472078607372e-06 1.76421762450880e-04 -7.14087283113383e-04 1.76353541883050e-04 1.67980876688493e-05 3.42501284907565e-06 2.39399400404668e-05 -4.45189326616760e-06 1.75728500402166e-05 5.31146795869290e-05 2.22151106520221e-07 4.22671922711277e-06 6.06071928787320e-06 -9.15120029161952e-06 -5.65380219945787e-06 1.88659855653608e-04 -7.12810465894477e-04 1.76394762751577e-04 -1.61195293810931e-05 3.66403430911773e-06 2.37039949635974e-05 6.99398550331695e-06 1.95466660842016e-05 5.36570253882952e-05 3.33685270620278e-07 3.35027228166200e-06 5.77898527462825e-06 9.02618294904050e-06 -5.48917105362340e-06
 -3.65822986483373e-06 -1.54826063971976e-07 -6.95214335601858e-05 -1.18733737600816e-06 -6.99909734971802e-07 -1.10349197271169e-06 9.67347962451214e-07 4.91352094395558e-05 7.33683458898100e-05 1.82866251553948e-06 -1.68272743355949e-06 -3.21531758214403e-06 1.37566070230880e-06 -1.13258943789931e-05 -1.23027053352208e-06 3.96265483041905e-07 -7.91282862588520e-07 1.08870261043814e-07 -7.00700111927548e-05 -2.98394710427197e-06 4.78351080604809e-07 -4.07904463515769e-06 7.86220278853889e-07 -2.50493845117547e-07 2.08523507199935e-05 6.82796580067059e-07 -3.77491926781960e-07 8.13986719310844e-07 -6.22024586831137e-08 -1.13478634391344e-07 -3.00269063479106e-06 -8.13287068773643e-07 5.15739248463363e-05 8.60233420458433e-07 2.73938276625835e-04 1.54824217774833e-06 1.08456986761020e-07 -3.16605753020759e-03 -3.95476250418978e-05 -2.09647222983010e-07 3.48009302843809e-04 -1.44431773028861e-07 -1.03219804774868e-07 -1.12003385498469e-04 1.01066493433480e-06 -2.47867695723980e-07 2.28101900608802e-05 -1.05671409744735e-06 -1.05885725439486e-04 2.42246027995716e-06 4.65477926457310e-07 2.11210202054953e-05 -5.27775077867194e-07 7.39643554242508e-07 1.01483104563886e-05 3.41246016554296e-07 6.45222129502611e-07 3.62516876166318e-06 4.68195715066376e-07 -1.18405270582825e-05 3.06890505396729e-06 1.29659626815003e-06 -7.99103306870267e-06 -7.88416403423877e-06 -2.85952241101071e-04 -2.02788948801153e-06 5.09907970634797e-06 3.36882733123468e-03 3.73197699314750e-05 -6.49285849940899e-05 -3.78240558848969e-04 -1.25421879896333e-05 1.07631282820470e-05 -1.14127082589102e-04 -9.92486648217770e-07 -2.22015090403778e-06 -2.37932527821861e-05 -1.68261945938168e-06 -1.06002226171918e-04 -1.75890431725802e-06 -2.94981017450682e-06 -2.00225244542533e-05 -2.37919126410092e-06 3.66859454499008e-07 1.04587785548718e-05 -4.90570876862744e-07 -1.19415406630041e-06 -4.22031100418972e-06 3.51370671123333e-07 9.42872580397798e-06 4.43308038390159e-04 -3.03090958803139e-03 7.38390183137946e-04 3.37760509279878e-05 3.12910174773815e-05 -1.88889029107563e-05 7.57666336049767e-06 2.36310564575236e-05 -5.77432337984718e-06 -1.05545816528637e-05 5.68186069403364e-06 2.97566229074245e-06 4.41020402357190e-06 -2.97511198142957e-06 -4.44528303662527e-04 3.02855534656352e-03 -7.44167992084973e-04 3.34137398633995e-05 -3.25369417506556e-05 1.86328045726277e-05 8.33575830418793e-06 -2.43723596689140e-05 6.14280598399255e-06 -1.08101915016259e-05 -5.73341931547938e-06 -3.02842485687055e-06 4.50093037544001e-06 2.62451918503214e-06 -4.65559050300696e-04 3.16101489269960e-03 -8.08069632009637e-04 -3.49909557801682e-05 3.46569269569936e-05 2.13963002630805e-05 -1.96036091477698e-06 2.30773269519102e-05 -2.80983974839004e-06 -9.20392080836832e-06 5.59929096177631e-06 -3.16202740906169e-06 -3.90631521584829e-06 -5.61637711250885e-07 4.70615172855715e-04 -3.16998485638803e-03 8.09409695676849e-04 -3.51006595247116e-05 -3.39657449866303e-05 -2.21586317849802e-05 -1.13177448356086e-06 -1.85263949988677e-05 -1.50557030727011e-06 -8.27210492311900e-06 -5.60153068477251e-06 2.69982875246571e-06 -4.42143585181185e-06 -7.55921286306319e-07
 -3.38125185536585e-05 4.20766632948956e-07 2.33312046170539e-05 3.37442182668087e-05 -4.10479323005919e-06 -1.22187512549432e-04 -6.38990811804534e-06 1.06508732671189e-04 8.98178942294221e-03 2.71649434476218e-05 1.29521400890791e-05 -4.25528250300438e-04 -8.84546517385698e-06 -2.92303451185805e-07 -1.22661394128994e-04 -5.81117359075163e-07 1.23426177775394e-07 3.88026783685465e-07 -4.82044157269443e-07 -3.11652731327367e-04 -1.23180072267556e-06 -2.29409799343178e-06 -2.79314296279407e-06 -3.40884465362153e-05 6.82796580067059e-07 7.02165693270770e-05 5.19341449358577e-07 2.68999580054449e-07 3.39945463134756e-07 1.10212244272672e-07 -2.12507955483283e-04 8.31653044305264e-07 4.19903393014635e-04 -6.71410448734001e-04 -6.08483562870847e-06 8.88302673548534e-05 -2.12853050142948e-04 -7.44532002698202e-05 -1.33927718273355e-03 4.53683573184061e-03 5.11559548281712e-06 2.65846148392885e-04 -3.89037220468710e-04 -3.31812875289334e-06 5.03058642927199e-06 1.92144918232383e-04 2.35752838511041e-06 7.06877149277435e-06 -8.10414617917659e-06 -3.18515564569102e-05 3.96338985888903e-04 -3.65707680015523e-07 -4.54709040929745e-05 -2.35284863953124e-05 -1.67981072798004e-06 -3.88347688486444e-05 5.50647520300080e-05 7.52442663490126e-07 1.49371523995895e-05 1.64959253441067e-06 2.32580364261540e-04 6.40880267393694e-06 -4.57830726398233e-04 6.57824602781847e-04 -3.42290268103181e-06 1.16406310910666e-04 2.15984222318393e-04 -2.07674853955686e-05 -1.48221203061652e-03 -4.50733977892896e-03 3.72475769039698e-06 2.66165582200315e-04 3.80011567880868e-04 1.09859538942685e-06 3.03152219625801e-06 -1.89142128936068e-04 1.78269033501232e-06 -6.15011796423239e-06 1.61132686712228e-06 -4.03062590879346e-05 -3.97447606638482e-04 6.01611231912664e-06 4.54663365208081e-05 -2.01050655361372e-05 -3.68524729076221e-07 -3.97732519774942e-05 -5.89279839919050e-05 8.87959417426566e-07 -1.26097279303033e-05 -6.58105396618077e-07 4.79693484079736e-04 -1.96302192383087e-03 5.21444438223788e-04 3.86716270906217e-05 2.37253685548337e-08 4.59221387876624e-05 -3.81626302291501e-06 -4.90270893426218e-05 1.16050471707071e-04 1.56099129912209e-06 -7.50633011184370e-06 9.36016841181044e-06 -1.97326477021085e-05 -1.01315266666545e-05 4.36828070974009e-04 -1.79866974700885e-03 4.77092818387191e-04 -3.70648139706034e-05 -1.68307245286277e-06 4.67730584122398e-05 -5.39098150785283e-06 -4.80816165282871e-05 1.06114157410888e-04 -1.66857034263841e-06 -5.96989424464129e-06 8.20962814375121e-06 1.75044725418859e-05 -1.18939690962030e-05 -4.29266546994789e-04 1.90469647404332e-03 -5.06919177594492e-04 -4.50076040497647e-05 -4.55694481747642e-06 -4.66542618948634e-05 -6.11004850962942e-06 -3.43000989317064e-05 -1.06056937578851e-04 -1.67160300684929e-06 -8.83287826994601e-06 -1.29653974349453e-05 1.80430006898745e-05 1.44924590481063e-05 -4.50679690775428e-04 1.96581294165842e-03 -5.14468546960341e-04 4.44264072817631e-05 -4.00013113696678e-06 -4.62298944379390e-05 4.08669646643403e-06 -3.56984543143966e-05 -1.07521804771123e-04 9.13885080150690e-07 -7.10237133521776e-06 -1.27176842892176e-05 -1.75766495895170e-05 1.40182264844807e-05
 5.85889163329300e-04 9.10607091552309e-05 5.75350988488153e-04 7.91382370842121e-04 8.14430895989892e-08 -1.32875928676315e-06 -1.49935351787092e-04 -1.11643439490176e-05 2.76781379839096e-06 6.90245642698750e-03 -2.57747161377117e-06 -1.55824139670144e-05 -3.35818382597199e-04 5.91528264630590e-07 -4.93004245964444e-07 -1.21196122327381e-04 -5.02857219043332e-07 1.45051896963599e-05 -2.57265690535525e-08 2.20718102920207e-06 -3.49568144528728e-04 1.65280977785225e-06 -4.09112879970642e-06 -2.28362286862489e-08 -3.77491926781960e-07 5.19341449358577e-07 7.04024420212196e-05 -7.93186813604636e-07 -2.41119039073621e-05 -3.62665789609314e-07 3.29342969119131e-05 1.91350774099165e-05 -2.88943741097082e-03 1.59554734546068e-03 1.04441014452183e-05 -6.19257013936053e-04 2.91031095562952e-04 1.40701162016952e-05 5.54942882227162e-03 -2.04336723246987e-03 1.30730890425589e-06 -1.54577678040320e-03 8.55290469698467e-04 2.02180557701342e-06 1.19415998380409e-04 9.63218996170268e-06 -1.17250904292989e-06 1.92835465445306e-04 5.25380943492462e-06 9.30652496827323e-05 5.95554335493925e-05 -7.96270568169598e-07 2.08627421503612e-04 -7.66825799841024e-05 -1.07074748219442e-06 -9.33423897314428e-06 2.33653344384499e-05 -1.88320114582066e-08 5.82657658930472e-05 1.28966365893784e-07 1.68127973160746e-05 2.02491381234295e-05 -2.89998716830708e-03 1.30089166674243e-03 7.47275603968367e-06 6.60773982939864e-04 3.00513939448107e-04 -3.68287837408697e-05 -5.55367891390003e-03 -2.04483585458681e-03 8.20325039912802e-06 1.43117445373000e-03 8.21577671424807e-04 1.67589280911714e-07 -1.22212254799074e-04 1.02434671813561e-05 -2.82898094236318e-07 1.87969231965656e-04 1.60533598598210e-06 -1.00947771551061e-04 7.06238089988901e-05 -4.98704212424811e-07 2.01299439479454e-04 7.50989551572708e-05 7.09948071525073e-07 6.62331779734946e-06 2.30562348117329e-05 -1.75625607143505e-07 5.94426184316412e-05 1.30662680588215e-06 -3.75350979155142e-04 1.82510872597403e-03 -3.41331428029680e-04 -4.57358077006542e-05 1.23227001590792e-05 6.05804150144684e-07 -9.03916241550888e-05 9.24449082382974e-05 -3.76167310270969e-05 -2.63783420696118e-06 9.79212749421330e-06 -1.81538002919657e-07 1.16401382678917e-08 2.69955768054424e-05 -3.50629989350589e-04 1.78598890574561e-03 -3.34917257216099e-04 4.61270548248870e-05 1.24823224794925e-05 4.68489068510378e-07 9.80076274588031e-05 8.78749601794710e-05 -3.57700601505379e-05 1.84652874909583e-06 9.75249857482342e-06 -4.82206412037457e-07 2.28150845077966e-07 2.78210501373677e-05 -2.88592675468042e-04 1.75527463596703e-03 -3.23482300637895e-04 -4.79115885100473e-05 -1.68504254619023e-05 -2.82011717261682e-06 -1.14860770862778e-04 -7.13372924476116e-05 -2.55414363954639e-05 5.14019564431499e-07 -8.98255182744482e-06 -4.61847260512333e-06 -1.49244548675799e-06 3.30474069867217e-05 -2.94199100658550e-04 1.82244931636023e-03 -3.38485988481074e-04 4.82189117443319e-05 -1.47794110463841e-05 -1.82148025274068e-06 1.17373931637238e-04 -6.78584712391712e-05 -2.59502900423642e-05 1.30907688801729e-06 -8.40960776455922e-06 -4.53283112120511e-06 1.73027563689953e-06 3.21123456299846e-05
 5.11231934751125e-07 -7.23639724231287e-07 -1.87172275708646e-06 -1.58701384097796e-05 -1.76489571663600e-04 -1.78847927894342e-06 2.19991191881657e-06 8.95798697691465e-03 -1.03434346012978e-05 -4.77387617255343e-05 4.15215584922328e-04 1.85774817287264e-06 8.00422046464436e-06 2.72374472735457e-07 5.71882110209920e-07 1.10750847419785e-06 -6.80072752853167e-05 -3.16260779471114e-07 -5.47939826085616e-06 1.12843458622402e-06 2.77942733713040e-06 -2.86032355350607e-04 8.03491289405610e-07 1.28250050403104e-08 8.13986719310844e-07 2.68999580054449e-07 -7.93186813604636e-07 5.40966319341145e-05 -2.70846520033696e-07 -2.81998176446689e-05 3.42517051342013e-06 -6.48116544798898e-07 1.41587590623364e-05 -3.09151723022543e-05 -3.65179027671250e-05 3.87699459804917e-07 2.44189472381306e-06 2.21653893665418e-03 -7.75089636466106e-05 -3.72397675105443e-06 -3.25947989157031e-04 2.31949105030004e-05 -4.97358098892991e-06 -9.78645879596713e-05 -2.55838428323848e-07 -3.70938361067666e-07 1.17021827211717e-04 -3.67506526723363e-06 -4.85935779612666e-05 7.10687415781488e-07 1.23070495173589e-06 1.89451591927602e-04 -1.10772434238161e-06 1.31350437085440e-06 -6.51785522425184e-05 -2.18181750273133e-07 -3.79432449413814e-07 4.38721677508600e-05 -2.31120351973213e-07 -4.36442572592854e-05 6.38061054334147e-06 -1.63946821952414e-06 6.48494150864570e-05 6.47055331532048e-06 -6.51375918472423e-05 -1.25095269015129e-05 -3.39206946199286e-06 2.28098969929960e-03 6.60736009491212e-05 1.73985693790503e-06 -3.19647444383307e-04 -6.11876378920026e-06 -2.58669578277382e-06 9.62901081390331e-05 9.50837715907019e-07 -3.69403241195283e-07 1.20132248033024e-04 -1.75491192715433e-06 5.00276876040758e-05 2.75742902135894e-06 -4.65437812678782e-06 1.82386533651642e-04 2.23851972388508e-06 -2.52535707049173e-06 6.21956184030510e-05 5.93509017551580e-07 3.31968982148973e-07 4.48835010731727e-05 -8.44879866201163e-07 -4.46077550515314e-05 -4.45397393568852e-04 6.19214609156793e-04 -5.67019116594843e-04 -2.20541752046999e-05 -4.10067399257922e-05 2.83123280862308e-05 7.37566734185689e-05 -1.57071389448623e-06 2.68120638118376e-05 1.41502654011769e-05 -1.08035121562764e-05 -4.74060015400047e-07 -7.79965450151327e-06 -8.29625624309217e-06 4.70470762378568e-04 -6.84732588922971e-04 5.83888092842838e-04 -2.43217713458451e-05 4.00923848061281e-05 -2.90505375284380e-05 8.12447517170186e-05 -5.41499599083448e-07 -2.65136293487003e-05 1.29474139388571e-05 1.06397924403391e-05 -4.36516832398061e-07 -7.62464418751723e-06 8.49575071415088e-06 -4.46742499467580e-04 6.76981760910659e-04 -6.06341168240033e-04 -2.10737437706624e-05 4.00720798100502e-05 2.84596601516884e-05 7.76483501881778e-05 2.10455375063225e-06 2.60099189786308e-05 -1.38524119333469e-05 1.13938067498092e-05 -1.32444708526480e-06 -6.65937253773289e-06 -8.15562148237596e-06 4.29523104759532e-04 -6.98282897554689e-04 6.09182591371306e-04 -2.36400489439511e-05 -4.02874735978257e-05 -2.88057466495393e-05 7.19013947008319e-05 -5.12314329657960e-06 -2.94172781512066e-05 -1.43940857454698e-05 -1.12907761303976e-05 2.54867180733919e-06 -6.85036110089414e-06 7.11899452319015e-06
 -5.12647007070604e-04 -6.64471600227020e-05 1.75560747114009e-03 -2.67748002740482e-04 1.58780931694394e-06 1.18756115233066e-06 4.23077904032947e-05 -5.08576600570190e-05 3.30741496265218e-05 -5.71167296892285e-03 -2.50744013994150e-06 1.35991507434080e-05 -2.40295071122306e-04 -4.37127293926283e-07 4.17569729794930e-07 4.09627330913612e-05 1.07966743323625e-06 -2.28279383870596e-05 1.05799777153948e-07 -4.89932797310081e-06 1.90820105116206e-04 4.80063689539777e-07 -7.39280358648740e-05 -1.34720290902194e-07 -6.22024586831137e-08 3.39945463134756e-07 -2.41119039073621e-05 -2.70846520033696e-07 4.50187108643993e-05 1.21496873204042e-07 -2.33064703202185e-04 6.04043039418518e-05 -1.18070482464612e-03 -5.18171184110174e-04 7.60121022633415e-08 1.01736818564060e-04 -4.40613709662186e-04 -5.10233114555121e-05 8.99490178854966e-04 4.72385810567506e-03 1.99139054991220e-06 3.69510557271554e-04 -9.77289449687871e-04 -5.66247060413520e-07 -1.59217215207332e-04 9.78127895132600e-05 -6.00447294634859e-07 -1.35089698076858e-05 -4.17346300023520e-06 -1.92890544935966e-04 6.03427237222287e-05 -9.01893883715611e-07 -5.52997107552002e-06 -1.00599165330569e-05 8.04236393069516e-07 -2.92407502811027e-05 -2.42632321954957e-05 -1.23947167759364e-06 -4.06205984801502e-05 -2.48855582212215e-07 -2.60650102385197e-04 6.29226608689914e-05 -1.18270424859991e-03 -4.28693404531248e-04 -7.51821432218632e-07 -1.26199298732648e-04 -4.40101488683946e-04 1.84030795328773e-05 -9.04728909235282e-04 4.68490470103040e-03 1.03527955403712e-05 -3.64917021382386e-04 -9.58403702114209e-04 -1.04310134732880e-06 1.61854584120003e-04 9.74633733109788e-05 -1.44572674183041e-06 -1.09853422570178e-05 -6.60126926853328e-06 2.11985791560425e-04 6.87796144984563e-05 2.26039113024959e-07 -4.64064982972665e-07 1.18317224790843e-05 -1.43009253919645e-06 2.99433773809276e-05 -2.30016630481473e-05 -2.87320768527486e-07 -4.45271254595574e-05 5.65756790545926e-07 3.17236394388999e-04 -9.19951253054897e-04 3.19573374269922e-04 1.83194981592270e-05 3.85451396639597e-05 3.90321872661652e-05 3.54656746214634e-05 2.94735114951085e-05 1.11849687675331e-04 -8.63819870204870e-06 -1.10674641433245e-05 5.10377313699549e-06 -1.51647564884080e-05 -2.78983111869954e-06 2.92723202526485e-04 -8.34804875501923e-04 2.90514090084444e-04 -1.67193624672708e-05 3.74037121727252e-05 4.02530538497980e-05 -4.01862508984253e-05 2.83578575642606e-05 1.10782514441284e-04 8.52132823530570e-06 -1.10174422855927e-05 4.37066069072459e-06 1.57304616839025e-05 -3.11091511111424e-06 2.54745525321625e-04 -8.08033214701206e-04 2.68514154688371e-04 1.56812643616240e-05 -3.60270732396972e-05 3.93309603517621e-05 5.40559744996713e-05 -3.32650501535889e-05 1.11867062135041e-04 9.31753779522578e-06 1.50207782080932e-05 8.49508067153121e-06 -1.46121089253229e-05 -2.98767394699426e-06 2.77860603732421e-04 -8.73580896209284e-04 2.92954921425404e-04 -1.70213319661794e-05 -3.72132880729701e-05 3.85736003673066e-05 -5.17741269209973e-05 -3.13359352594669e-05 1.17290829622693e-04 -9.69802423094190e-06 1.41263626007800e-05 9.45589795901220e-06 1.50781989343133e-05 -3.59504955894965e-06
 -1.82203739995875e-06 -3.14538578694608e-07 -1.00660979462518e-05 8.75277029571433e-07 1.08418055070040e-04 6.31921799773562e-07 2.89615097162681e-08 -5.12790423326260e-03 4.23712919725871e-05 -1.89107307628414e-05 -2.85762098103292e-04 -2.67684894203206e-06 2.48410933063000e-06 -2.49598626548864e-07 -7.53084009876901e-07 7.42497926254895e-07 3.51669336085515e-05 1.86688191839635e-07 2.14541088277307e-06 -1.62267166908937e-06 1.79877367592032e-06 1.49399543395601e-04 3.12469923704725e-07 -1.63947491181163e-07 -1.13478634391344e-07 1.10212244272672e-07 -3.62665789609314e-07 -2.81998176446689e-05 1.21496873204042e-07 1.53986072469833e-05 -1.38507979658361e-06 -5.77134064097759e-09 1.54297697132126e-05 5.34849823653313e-06 -4.49937712441169e-05 9.77898914394617e-06 -3.39530020364487e-06 -6.43900876999610e-04 -6.24402647563002e-05 1.47494223695813e-05 4.86705218603341e-05 7.16809600418519e-06 -2.74553965796760e-06 5.89032797100236e-05 -1.01429902658973e-07 5.21645388895793e-07 -7.15040945200270e-05 -8.95668935077463e-07 1.61978342472302e-05 -1.04164058180348e-08 -1.97383345559647e-07 -1.11242162724617e-04 -2.66174923819744e-06 2.91561615094605e-07 3.57817765285627e-05 3.69938888623947e-07 2.36631419567645e-07 -2.51170579128380e-05 -2.87865681661623e-07 1.75825072578655e-05 -1.71763652815735e-06 8.61860111751337e-08 2.29688894734653e-05 -2.27110546319110e-05 -3.13834178847462e-05 1.39575763796046e-07 2.64453634201428e-06 -6.07207751426723e-04 3.93004351699152e-05 -3.29804292222156e-05 4.28569727960031e-05 -1.34328871802962e-05 -9.76296183563785e-07 -6.08084417177724e-05 -2.17576177227003e-08 -1.63449994578516e-06 -7.39203733883280e-05 -1.64229945456478e-06 -2.28124614478623e-05 -2.14703974005392e-06 -4.20257880216583e-07 -1.09422598066636e-04 -3.75721218616368e-06 1.76021935981616e-07 -3.39465691432740e-05 -8.42490753790591e-07 -6.24701225705974e-07 -2.59447868100477e-05 1.30319132196325e-08 1.88142856220593e-05 2.06062814036243e-04 8.71358417467743e-05 2.09897366887579e-04 7.16641438861871e-06 1.40056516038867e-05 -1.30634489086840e-05 -4.54482289337601e-05 -1.32586156785427e-05 -1.45036053649936e-05 -4.48397374278723e-06 4.84351657553576e-06 -1.64185859979795e-06 3.05505316870519e-06 2.78911348495059e-06 -2.04711851034296e-04 -1.44352961757384e-04 -1.96292352301757e-04 6.10806031718372e-06 -1.41737514281578e-05 1.31240640900553e-05 -5.25739887591162e-05 1.10845175445106e-05 1.39057151441550e-05 -3.93439262733630e-06 -4.86319561975303e-06 2.18083611573019e-06 2.80768134439866e-06 -3.93037574130076e-06 1.84426749753207e-04 1.64827806348102e-04 1.96318759435384e-04 5.23086521914794e-06 -1.26094432820439e-05 -1.28132832143153e-05 -4.65269647204463e-05 1.09264111383418e-05 -1.57186484156707e-05 4.42242382111210e-06 -5.25456557748215e-06 -9.79240125868788e-07 2.70214312490559e-06 2.74880148194873e-06 -1.75073415302726e-04 -1.60294448007870e-04 -2.01315534441362e-04 6.20238225777571e-06 1.38492938196395e-05 1.21441034193061e-05 -4.45223467785093e-05 -6.39687196573090e-06 1.50147850795717e-05 5.13095724989654e-06 5.08043770815772e-06 1.14692961259803e-07 2.30843252716431e-06 -2.98959122724963e-06
 1.40871222514875e-03 -3.33624274564371e-04 -5.31785393198870e-03 8.99291294454373e-04 1.16101122854490e-05 7.01457274833224e-04 -1.03087985656699e-03 -2.32268289914646e-04 -5.27478383410547e-04 6.99626323927294e-03 -4.60171091511815e-05 3.71874940838790e-04 -1.26674593371051e-03 -3.41424532094565e-07 1.11425775103355e-04 -9.15166604807587e-05 2.00457891482144e-06 1.00112008198834e-04 -4.45241418439111e-06 -1.89562639459483e-04 -2.23161349245514e-04 4.32547740754081e-06 2.48063970134974e-05 6.72869141133934e-05 -3.00269063479106e-06 -2.12507955483283e-04 3.29342969119131e-05 3.42517051342013e-06 -2.33064703202185e-04 -1.38507979658361e-06 2.00231274195891e+00 7.10717121214262e-03 3.39899986182450e-03 1.06903982155566e-02 2.32905491093248e-04 5.34162947530772e-03 -6.47542108068984e-03 1.50683877244359e-05 -3.61739641230312e-03 3.52316630890001e-03 5.59381282346376e-05 1.33922670508318e-03 -1.90306700574072e-03 3.44902238939206e-05 2.36171158436821e-04 -1.28180560408916e-03 -8.74621931057259e-05 -4.04125085405970e-04 3.57129198017248e-05 -2.79501107053653e-04 -2.59568091469315e-03 3.03697111928737e-05 1.97763294546426e-03 4.20394413128545e-04 -1.97246611310212e-05 1.68740646285310e-04 3.37829619028582e-04 -1.27798874718808e-05 -1.79695801855488e-05 2.48684716704605e-05 -2.52442864519351e-04 1.55655154833573e-03 -8.66754254962585e-03 -2.57950109228818e-03 2.97399667821278e-05 -3.84075011852634e-03 -8.33146173634780e-05 4.26903084580522e-05 -6.66730914934974e-04 -2.16133227815149e-03 3.50970697104196e-05 -2.31472222742106e-03 8.48593256653060e-04 1.48038314439710e-06 -4.39774105145748e-05 1.91400885024912e-04 -4.02754992224580e-06 2.39063916770812e-04 -3.00920927300721e-05 -6.20723677049476e-04 9.18149515858700e-04 -2.57279135611404e-05 3.52168910150789e-03 1.36178027973065e-03 -3.36770734465573e-06 7.13551346312039e-04 -5.87845646918646e-05 -1.97923122023263e-06 8.73711169074976e-05 -6.65990008862027e-07 -9.83521605462712e-03 -4.19823549266197e-03 -1.90495207817679e-03 2.51166418918011e-04 1.38884036479269e-04 -7.48459936268006e-05 4.77529906445265e-03 2.83150762731732e-03 -1.00046825981366e-03 -7.17760602068192e-04 1.77814487007850e-04 4.05975104486407e-04 3.66774564426528e-04 -4.72629746454848e-04 -9.55166758464532e-03 -4.41555711010352e-03 -1.82075009195323e-03 -2.38411492397778e-04 1.21289206904557e-04 -7.66201612624640e-05 -4.66738165720453e-03 2.74015605485929e-03 -9.44324566636385e-04 6.97393253178579e-04 1.66239065946762e-04 3.93565623386805e-04 -3.78401139886187e-04 -4.82287943110376e-04 -1.15696269213969e-03 -7.61511054013588e-04 3.05785435823213e-04 -8.74936768165338e-05 3.00714313515676e-05 4.85183794379311e-05 -4.95446728982164e-05 -9.96358486003854e-04 -3.96595477854406e-04 3.36735875554000e-05 -3.82869405347724e-05 4.31701316844487e-05 3.92250670175299e-05 1.56525071917056e-04 -1.04458224089064e-03 -8.91385833945699e-04 3.70219412100538e-04 8.58795761215184e-05 2.83544429387261e-05 5.02027993774689e-05 8.00200084425663e-05 -9.79757201651974e-04 -3.97623417720775e-04 -3.12172268644867e-05 -4.13950784380073e-05 4.35615311142398e-05 -3.91365809372474e-05 1.57836092293076e-04
 -1.10108746419286e-03 -4.60409288101916e-05 -7.50865691541320e-03 1.25878999149624e-03 -5.09618095076984e-07 1.02324891868092e-04 -5.55845496958915e-05 -3.43224032226773e-05 -3.03076325586733e-03 -4.17703936174778e-03 -2.49875259557665e-07 3.02434233561113e-04 -1.52593547006150e-03 -5.72700293715441e-07 8.64681419461637e-05 -6.76290576771905e-05 4.62670087779661e-07 9.38683245728700e-06 1.80741520134405e-06 2.03861620507596e-04 5.95717946199674e-05 2.11370050199502e-06 -1.05260257943519e-04 6.68731651915091e-06 -8.13287068773643e-07 8.31653044305264e-07 1.91350774099165e-05 -6.48116544798898e-07 6.04043039418518e-05 -5.77134064097759e-09 7.10717121214262e-03 5.66734709793984e-04 -2.42047259287644e-02 5.11431050710910e-03 1.10657631145536e-05 6.14450064387079e-04 -8.25750435631468e-04 -7.02463193495585e-05 -4.72147217875504e-04 6.92804380241544e-03 1.23045814545320e-05 3.53724131307173e-04 -8.37651901592788e-04 2.61043900450268e-06 8.66060593139449e-06 2.96773108765066e-04 -1.32511540138478e-06 -2.62132480087977e-05 -7.56261745985742e-06 -3.53881454649545e-05 7.28814678036834e-05 1.52991523187497e-06 1.35700187369124e-04 -2.08764742737568e-04 4.15619625310147e-07 1.57150673808572e-05 -1.15882939899770e-04 -1.18672631992970e-06 1.90805441527614e-05 1.92364009688387e-06 1.63945624093535e-03 1.59551522111317e-04 -2.79159475024701e-03 -7.40152257592358e-04 3.68079276406366e-05 1.04955055473133e-03 -3.78724126876648e-04 -7.67067822475044e-05 -8.09915543718783e-03 6.01487462660540e-03 5.14157312757219e-05 8.43485440966876e-04 -1.22354845766885e-03 4.95820724971547e-08 1.36763510896415e-04 1.75066005050638e-04 -1.42631857612286e-06 1.87811170457135e-04 -2.43440886546398e-05 1.71473382506234e-04 1.52957519335129e-04 -4.55401542182930e-06 1.64239694157262e-04 1.37393745128426e-04 -7.74987423421975e-07 -2.62999902045177e-06 -2.51172848088790e-05 -1.32235085825417e-06 3.27318085504296e-05 1.22775611206598e-07 2.36974206314061e-03 -1.19243243850504e-02 3.89326852314897e-03 2.48233177689466e-04 1.70382261268361e-04 1.17854829177507e-05 2.74051459313144e-04 1.23244438672794e-04 1.45705053638637e-04 -3.36105942615344e-05 -1.44667476480476e-05 2.11893761274061e-05 -1.42272670318967e-05 -2.56753832625930e-05 2.35151432754267e-03 -1.18277587552697e-02 3.87682621266547e-03 -2.48002626670740e-04 1.68102250317844e-04 1.43362473991840e-05 -2.72343679717452e-04 1.12532412477228e-04 1.44481461608765e-04 3.21289286774185e-05 -1.60066099404107e-05 1.77467414549449e-05 1.58079624678001e-05 -2.77737158937055e-05 3.51301171802853e-04 1.55144790570606e-03 -4.20747462181178e-04 -7.65384742019858e-05 -5.81441302625557e-05 7.71613448477623e-05 -1.67188686110420e-04 7.51724288071191e-06 2.10947828682798e-04 -1.20033312989546e-05 2.16500641629537e-05 3.71810022007818e-06 -3.65419741987339e-05 4.35931009769698e-05 4.22229817400311e-04 1.64237614611387e-03 -4.10518471252450e-04 7.82192660388359e-05 -5.64749324261976e-05 7.75891272988109e-05 1.95230281744083e-04 2.49185031322936e-05 2.23617933125276e-04 1.52406907695171e-05 2.02614149062455e-05 4.20959481067952e-06 3.88064757259246e-05 4.43424026220483e-05
 -5.03189658288964e-03 -3.64957312473098e-03 -4.41226624425621e-02 -7.37680104155465e-02 7.58174110384539e-06 -6.15268094839145e-03 1.31088211603806e-02 -8.07183363032277e-04 2.30494155533090e-01 -2.31273763651002e-01 1.15269115517801e-04 -1.87283814196963e-02 4.38875341049074e-02 -3.23418019862961e-05 -5.57698373956826e-03 6.33741473845322e-03 4.18429653177748e-05 -1.34857789347900e-03 2.60094430352851e-05 -1.36705265976871e-02 1.11795350971076e-02 -2.81397002384149e-05 9.37612466377501e-04 -5.70394567648473e-04 5.15739248463363e-05 4.19903393014635e-04 -2.88943741097082e-03 1.41587590623364e-05 -1.18070482464612e-03 1.54297697132126e-05 3.39899986182450e-03 -2.42047259287644e-02 1.31286016538858e+00 -3.36230481573538e-01 -4.08926414255086e-04 -2.92230257016345e-02 1.96809234751472e-02 4.58545364817264e-04 7.41934985617357e-02 -1.00976875049852e-01 -2.44781254408896e-04 1.40047925727357e-02 -9.84288546345925e-03 -1.22230552748256e-04 -7.83080469239397e-03 -1.35242329637136e-02 4.98113878385324e-05 3.42231203235930e-05 3.84783966074935e-04 -2.68562566773194e-03 -6.13517250490503e-03 -2.05893677316974e-04 -7.74791854161911e-03 1.00497599936740e-02 4.48816406320375e-05 -7.81537791473296e-04 4.32849076098036e-03 -2.64148012011866e-05 -2.37717576668916e-03 -6.39786548216432e-05 -8.87242426051488e-03 -2.60819160997178e-03 1.29463182998376e-01 -1.46076695429413e-03 -1.19004189090231e-03 -6.25323366637604e-02 -1.07698947513985e-03 3.10596475884703e-04 3.75999093693946e-01 -1.16554586503556e-01 -1.19627343514405e-03 -7.63409139323166e-02 1.81466813503471e-02 2.67854611004396e-05 1.25739226456915e-04 -9.18841101384304e-03 1.55424164575969e-05 -1.14862195651278e-02 8.02387477206682e-04 -4.11465616246551e-03 -1.49679590252054e-02 3.06885956783312e-04 -7.95847576115285e-03 -5.93467339342408e-03 -5.14253584964051e-05 -1.63169289799470e-04 -1.37565335069938e-03 3.74466667413013e-05 -3.59637418051130e-03 9.18195640304794e-06 -1.09825292046772e-01 6.21356590472864e-01 -2.05970097662463e-01 -1.35891543875636e-02 -7.46775864149366e-03 1.98372659808404e-03 -1.40593910250713e-02 -7.07509513840379e-03 5.12559252450882e-04 1.61869211876978e-03 6.63602002262957e-06 -1.03248527556126e-03 -3.19789055416493e-04 1.29084564271102e-03 -1.09896174702134e-01 6.21008598133494e-01 -2.06826015901600e-01 1.36837947314458e-02 -7.45128542584706e-03 1.91980796855046e-03 1.37819201056257e-02 -6.64807919494227e-03 5.44410299192878e-04 -1.56539362945330e-03 9.24710652721236e-05 -8.78526689531861e-04 2.88394081845479e-04 1.36559593542048e-03 -7.67927097973001e-03 -8.94989242676206e-02 2.17370608899537e-02 3.54772037081071e-03 1.40979486986225e-03 -2.26596123999014e-03 1.09806145918143e-02 -9.49651650042870e-04 -4.50157096432870e-03 8.66178914910307e-04 -2.66652285208139e-04 6.06495299240834e-05 1.18023092200864e-03 -2.29239968958146e-03 -1.07538635320326e-02 -8.97535228167151e-02 2.06743072101266e-02 -3.58331103878351e-03 1.38119102349764e-03 -2.27310844859135e-03 -1.20846394257410e-02 -1.53456975322568e-03 -4.70034632355398e-03 -1.01253795051727e-03 -1.91741101372034e-04 6.48147413041652e-05 -1.23207198693062e-03 -2.34313807582699e-03
 -7.87469941304210e-05 2.58256869107069e-03 3.62190284964634e-02 2.52536339848976e-02 1.40272324503741e-04 2.65874697627493e-03 -5.33924143337547e-03 -5.22759146196750e-03 -1.36107868408523e-01 1.95711884718816e-01 -4.77725765504184e-04 8.25574118531871e-03 -7.21247009977243e-03 1.18176912588330e-05 2.53281313045846e-03 -2.99877844693646e-03 1.11720173679938e-06 6.69844704754679e-04 -8.77894581642160e-05 6.40056042073366e-03 -8.27825289370307e-03 1.50356917121587e-04 7.60795884833294e-04 4.27655998133206e-04 8.60233420458433e-07 -6.71410448734001e-04 1.59554734546068e-03 -3.09151723022543e-05 -5.18171184110174e-04 5.34849823653313e-06 1.06903982155566e-02 5.11431050710910e-03 -3.36230481573538e-01 1.11310456234247e-01 3.79911355037829e-04 1.89848327775475e-03 4.90164690383538e-03 -1.89705563666974e-03 1.85385506909357e-02 -9.23403816247839e-02 2.07406398365795e-04 -2.27613578140846e-02 2.62791048184925e-02 2.15783770686788e-05 4.88342150063182e-03 6.13461869902062e-04 -8.82775016025216e-05 1.53482887935906e-03 -5.31390164707665e-05 3.82314434407721e-03 -1.76235946069709e-03 -3.11836836321769e-05 3.95923131203237e-03 -2.58212921246741e-03 2.46007027414277e-05 6.35826676083745e-04 -9.33667845896204e-04 -3.40216074834499e-06 1.32080979506987e-03 3.90493499107046e-06 -2.89065417018384e-03 -1.13853775259916e-03 4.71809367880210e-03 1.59985318095631e-03 -7.87544813176879e-05 2.30027513147072e-02 7.49999538150018e-03 3.75878794661660e-03 -1.23450644633551e-01 -1.63894439165837e-02 -4.22510231122750e-04 3.47464863606238e-02 1.16990369319124e-02 -1.95698903471078e-04 -2.83341176114640e-03 2.39801771801125e-03 -1.01987900018427e-04 4.83764076272917e-03 -2.36544135104771e-04 -1.77563533828276e-03 6.93018492442484e-03 -2.92993036876793e-04 3.30609817993710e-03 1.72871384987491e-03 1.70174691760137e-05 2.16675768607558e-04 1.54600146446471e-03 -4.78060944829412e-05 1.95910920523397e-03 2.09118312146092e-05 1.57955034371884e-02 -1.16533392640972e-01 4.18411330939887e-02 2.63628965070181e-03 1.47798850585647e-03 -1.45963104585502e-03 2.74253595193529e-03 2.81061316895502e-03 -3.10958331156332e-03 -4.07033187320014e-04 3.14144178141017e-04 1.36275315675857e-04 4.89564218288287e-04 -5.26147813119903e-05 1.54394397093346e-02 -1.14275369341834e-01 4.11720668920520e-02 -2.62430864409915e-03 1.43190914130474e-03 -1.41070923694397e-03 -2.57679592120226e-03 2.69115147982216e-03 -2.97378604425265e-03 3.67724926451898e-04 2.60394276938157e-04 1.17121957526302e-04 -4.61774799086583e-04 -4.32863235506916e-05 -5.12409489374555e-03 5.84226870446718e-02 -1.51962672389590e-02 -1.55831900598243e-03 2.65223518746923e-04 4.81300613363176e-04 -4.88374405277438e-03 3.55830150787760e-04 1.23299093174700e-04 -3.48206318035090e-04 -1.68948434989245e-04 -8.99541310419517e-05 -2.56514020259332e-04 8.35572450707379e-04 -3.71091989936286e-03 5.03849632740472e-02 -1.35202012163774e-02 1.51197700689317e-03 2.27406847758791e-04 4.65697521445430e-04 5.03348882831231e-03 4.00271794192409e-04 1.22581330590666e-04 3.85070758909162e-04 -1.92746541213263e-04 -9.09252655264215e-05 2.53939479345359e-04 8.50207244101061e-04
 1.07131602942786e-06 1.58540865400391e-05 -6.26400316809045e-04 5.51758063786263e-05 -1.48509471769759e-03 1.99101858984874e-05 1.19233302476047e-05 3.82089147047794e-02 -2.05256578982309e-03 8.26021430703807e-04 6.50575787808180e-03 1.31737350626350e-04 -7.89753587466686e-05 -1.55580453102251e-04 2.90414955181974e-05 -1.96171156144219e-05 7.89791592097270e-05 -9.44369445358390e-07 -9.50186240586601e-04 6.22089139902916e-05 -5.99188056472271e-05 1.70536741480730e-04 -5.46035237582134e-06 8.61301605300508e-06 2.73938276625835e-04 -6.08483562870847e-06 1.04441014452183e-05 -3.65179027671250e-05 7.60121022633415e-08 -4.49937712441169e-05 2.32905491093248e-04 1.10657631145536e-05 -4.08926414255086e-04 3.79911355037829e-04 1.04080960228260e-02 -1.27691978665828e-04 8.64326570128371e-05 -9.93244388052750e-02 1.57314370767263e-03 -1.30528547790785e-03 1.74674826176476e-02 -2.78975704839449e-04 1.93142037580624e-04 -2.33757249650172e-03 2.62580024653406e-05 -5.61110714949700e-05 1.27466883478232e-03 3.50142145821099e-05 -6.01214355623985e-04 1.70948349380272e-05 -7.56128792297384e-05 1.38089325849070e-03 7.19681835214960e-05 -8.44776580851360e-06 2.88200476539890e-05 2.82185793413440e-06 -5.97091045236129e-06 2.37764465864108e-04 8.57463376073179e-06 3.82188664454895e-04 5.23350989929982e-05 -6.29595917612362e-06 -1.17593068261417e-04 2.13468155547962e-04 2.37612147226697e-03 1.36962716880823e-04 8.55836676909699e-06 -1.07099082716460e-02 -9.53712444606110e-04 7.98864498609896e-04 7.07071626391308e-03 2.73277952551428e-04 8.90921292815323e-05 -7.01009604696050e-04 -1.69907048239829e-05 4.84163214473053e-05 6.68693839182780e-04 4.75026662964773e-05 -1.92187000339395e-03 3.06345433563451e-05 8.94610336860211e-05 9.68336438399025e-04 3.76449521849865e-06 1.89540139789621e-05 2.48009514579958e-04 1.57286375355129e-05 1.84266971551678e-05 1.51132820530623e-04 1.15435324388246e-05 6.18776654919320e-04 1.00583656538824e-02 -8.93542441088246e-02 2.07032466211903e-02 1.03548749107302e-03 1.20583920456472e-03 -5.00546363842222e-04 8.78707285184542e-04 1.63456466381814e-03 -8.25268140442090e-05 -4.52570921090227e-04 1.67028652252364e-04 2.33534702102478e-04 1.82706733641049e-04 7.83439784435852e-05 -1.04370159974586e-02 9.13144586042393e-02 -2.13463202149404e-02 1.07468591574140e-03 -1.20673147879707e-03 4.70931630994075e-04 9.20593818492675e-04 -1.54153577722958e-03 7.67162367715555e-05 -4.52654376129718e-04 -1.66307312518563e-04 -2.36783506658632e-04 1.77722454196181e-04 -5.90022180352526e-05 -1.62988104249697e-03 -6.03906835605271e-03 4.35929144984332e-04 9.41431542937896e-05 -3.03389831235661e-04 6.18510700110722e-05 5.53590162245399e-04 -7.53379624619187e-04 9.11458720331298e-05 1.45802201870684e-04 1.35414847462240e-06 1.17482458239673e-04 3.78447841446539e-05 1.21866783172735e-04 1.57176082874452e-03 6.32416632486995e-03 -5.11022802252707e-04 1.04773513469488e-04 3.01761620878661e-04 -3.60878279950992e-05 5.64926274124980e-04 7.40188863680005e-04 -2.58226953123380e-05 1.37504744075570e-04 6.63461267062117e-06 -1.11075447594019e-04 5.46908381724695e-05 -1.14872015984687e-04
 -2.93702560898613e-03 -5.04713546351665e-04 1.47737053271296e-02 -6.25349256142397e-03 2.55800973514332e-05 2.49845362845676e-04 7.27722662533190e-04 -1.27999439407526e-03 -1.44931696031149e-03 -3.79314519243747e-02 -1.71854417854809e-05 7.43514348329112e-04 5.50639852483666e-03 -9.88271243192713e-07 2.10532069510056e-04 1.04994858883723e-03 1.43506425446263e-05 -2.66044103888888e-05 -4.40479350293893e-06 4.87072136066128e-04 2.70020799947544e-03 3.24521603856801e-05 4.79167151011679e-04 -2.01570032878353e-05 1.54824217774833e-06 8.88302673548534e-05 -6.19257013936053e-04 3.87699459804917e-07 1.01736818564060e-04 9.77898914394617e-06 5.34162947530772e-03 6.14450064387079e-04 -2.92230257016345e-02 1.89848327775475e-03 -1.27691978665828e-04 1.05105848706956e-02 -2.73869788669081e-03 -4.78458715091966e-04 -9.03252080572522e-02 1.08696817825811e-02 5.66003151535278e-05 1.80695318023912e-02 -5.00539729082790e-03 1.85434093158052e-06 -2.17797821589442e-04 4.32507773935058e-04 -6.19958069102329e-06 -2.55495008646849e-03 -6.96492426658604e-05 -2.48723185862614e-04 8.84988275955457e-05 -1.21303381955305e-05 -2.42624142955809e-03 5.88653522023711e-04 1.55887858386961e-05 1.53105003713356e-04 -2.61012536007785e-04 1.96368424078656e-06 -4.64362758665844e-04 1.88618239452340e-05 4.87640953173267e-03 -1.11609845691494e-03 6.09620612510818e-02 -1.87883728617890e-02 -2.09428303166491e-05 -3.45419398379141e-03 -4.62337256691109e-04 -2.92183530486510e-04 5.03306769606096e-02 -4.43329924162279e-03 -2.78489083363281e-05 -1.09867171557643e-02 -5.48689193676083e-03 -1.25975233088812e-05 8.46494643193933e-04 -6.19511617118493e-04 -5.56912574132631e-06 -1.62914510305119e-03 -2.76840439616612e-05 5.57180266585393e-04 -9.24012502446619e-04 -5.30381468265413e-05 -2.10805236012242e-03 -9.85250673363108e-04 -1.41912189664173e-05 -1.98598835502553e-04 -3.72623428138319e-05 -7.41940079586616e-06 -4.02363059907056e-04 -1.44853324212075e-05 9.74531254811310e-03 -5.99057093901163e-02 1.62542506263590e-02 1.45555571490511e-03 3.97057037246633e-05 -3.24539853851369e-04 2.06774568356696e-03 -8.92778644600071e-04 -1.81158906439533e-04 -5.24356439215602e-05 -5.98804958135995e-05 6.51042468336521e-05 1.07617744385346e-04 -4.73829261207889e-04 9.29112521218519e-03 -5.93947702579280e-02 1.60750420792069e-02 -1.46427816077895e-03 2.24338949960917e-05 -3.13219913677328e-04 -2.17845039062718e-03 -8.44753792636985e-04 -2.10003934359235e-04 5.40557001194671e-05 -6.68523649952026e-05 6.19932215839743e-05 -1.15475289259258e-04 -4.95036136428128e-04 -4.51225961406521e-04 2.20277666454018e-03 -3.09965553383018e-03 4.76768753705020e-05 4.59026484401772e-04 -1.25478551381237e-04 2.75614870931633e-04 1.08445527108075e-03 -3.85353606467195e-04 -1.17539753468697e-04 -1.28212570532272e-08 -2.67619625881440e-05 8.09232372234843e-05 -2.22659010870467e-04 -6.46349741188037e-04 2.37788067064601e-03 -3.36047836569350e-03 -2.59132752799456e-05 4.65686527515183e-04 -1.17094901465029e-04 -3.13473290427218e-04 1.04966642420610e-03 -4.04465318301971e-04 1.06510050915907e-04 8.94302753756305e-07 -3.40261191792490e-05 -7.96072432858967e-05 -2.08872907672900e-04
 3.13082224846686e-03 7.02166614688563e-04 -1.29243868142948e-02 2.91478179963580e-03 -1.86752067492840e-05 2.48445816176533e-04 -5.41281779077934e-04 7.30083177486940e-04 -2.39098074712335e-02 5.99478970344243e-02 3.61879163236345e-05 8.37868343881403e-04 2.12400246343885e-03 4.57897802865979e-06 2.70383984492952e-04 -4.92100411658510e-04 -1.29986335556116e-05 2.18490437699183e-04 -4.88096786508858e-06 7.55560515038899e-04 -2.11778863120443e-03 -5.21323737028695e-06 6.86855489840039e-04 9.66064852403770e-05 1.08456986761020e-07 -2.12853050142948e-04 2.91031095562952e-04 2.44189472381306e-06 -4.40613709662186e-04 -3.39530020364487e-06 -6.47542108068984e-03 -8.25750435631468e-04 1.96809234751472e-02 4.90164690383538e-03 8.64326570128371e-05 -2.73869788669081e-03 5.27138547483752e-03 2.16566684681762e-04 6.06426769254707e-03 -5.98588718263895e-02 5.92096780683404e-05 -6.45888659208477e-03 1.08687288050509e-02 -1.24929647539240e-06 1.48237732754357e-03 -1.53869514588646e-03 1.00035271040542e-05 4.17773772256978e-04 6.68120892517467e-05 1.88513083316574e-03 -1.62712961698823e-03 2.27944712997876e-05 4.07957281112243e-04 1.44806005655468e-04 -5.70836447158704e-06 3.59415420706624e-04 1.39784910032403e-04 1.20580884465153e-05 3.90958959623196e-04 -3.87114726623498e-06 -1.46716770661380e-04 -4.11253676694231e-04 -4.94375888612389e-04 6.26357469806075e-03 2.10417037536358e-05 6.20857844063613e-04 3.51942670051676e-03 -1.44850290927818e-04 1.15392235061029e-02 -3.15082238141629e-02 -7.50368302591198e-05 3.48728314785052e-03 8.80799686595008e-03 7.16554526508024e-06 -1.68502512464219e-03 -2.63905701656317e-04 1.53975996065629e-05 1.98568321702821e-04 6.10027535954771e-05 -1.95045773071816e-03 6.19780451823300e-04 1.26670390571481e-06 2.67047866778158e-05 4.66110165307375e-05 1.91288624930075e-05 -1.46917524522109e-04 3.74789263956867e-04 4.07176455833976e-06 4.88175224027341e-04 2.27211312360733e-06 -5.91474583922891e-03 2.36711507017595e-02 -7.25574207336291e-03 -5.10889836051005e-04 -4.07047842401328e-04 -4.60952949714000e-04 -6.71147802516921e-04 -8.60266421906780e-05 -1.39157272367122e-03 9.67013487368242e-05 1.35470160785650e-04 -8.63630823995403e-05 1.87452391102761e-04 1.22072456239678e-04 -5.61262932193251e-03 2.33591522315012e-02 -7.05562244245315e-03 5.03795055856148e-04 -4.01491196834638e-04 -4.72213180940700e-04 7.65535311812364e-04 -9.96896059107321e-05 -1.35080497932023e-03 -9.96521408345501e-05 1.30550468537785e-04 -7.80274579844870e-05 -1.84196429518623e-04 1.32452696410257e-04 -5.36223251372706e-04 -2.77442083617247e-03 7.29560470062357e-04 8.80635725853039e-05 2.80857604990422e-04 -2.57613642251355e-04 -3.56740746859739e-04 2.67802199530845e-04 -7.71699932373665e-04 -5.68681237703741e-05 -1.18410469162089e-04 -3.39325474580502e-05 8.99018445144587e-05 -1.79661376011591e-05 -6.76785953909248e-04 -2.22351326339617e-03 5.37663077546962e-04 -7.69519194745723e-05 2.91517922768544e-04 -2.54121287568739e-04 3.45155519654514e-04 2.61988969202538e-04 -8.22578860770925e-04 6.48030912856671e-05 -1.14918406595629e-04 -4.45570548199828e-05 -9.65799631535792e-05 -1.44007664331083e-05
 4.57539643062695e-05 -4.97807193183926e-05 2.54610560428956e-04 3.29873334668622e-04 5.89070635828046e-03 -1.37302975530604e-05 -1.49066151605691e-04 6.57215044826249e-03 4.23633166389620e-04 -2.74439505838860e-04 -3.85221680341679e-02 -3.17318705141746e-04 -1.43995633111211e-04 1.80126444473738e-03 3.28214476931455e-06 -1.24000493398864e-05 -3.07256675257066e-03 1.30537270777877e-05 1.07819140011323e-02 9.25419212562794e-05 5.16923347098114e-05 -1.15476644643003e-02 -1.95557330927125e-06 -9.14821043358028e-06 -3.16605753020759e-03 -7.44532002698202e-05 1.40701162016952e-05 2.21653893665418e-03 -5.10233114555121e-05 -6.43900876999610e-04 1.50683877244359e-05 -7.02463193495585e-05 4.58545364817264e-04 -1.89705563666974e-03 -9.93244388052750e-02 -4.78458715091966e-04 2.16566684681762e-04 1.04060155922746e+00 -1.38454981609359e-04 6.80531278059324e-04 -1.71283965885959e-01 1.96689072279946e-05 1.95380981054953e-04 2.07625291150073e-02 -1.00374804237417e-04 1.03415945241346e-04 -7.30111193611257e-03 -1.51123084386300e-05 7.98553844603474e-03 4.28194428314915e-05 2.38802282877199e-05 -5.48062096084015e-03 -1.54302801043672e-04 -1.11698626529928e-05 -3.04732704578822e-03 1.33657550335567e-05 -4.21296350888122e-05 -5.38167940667702e-04 -1.62587815775148e-05 -4.19363865763625e-03 3.62823108813941e-05 5.73018762679151e-07 1.89209939078130e-04 -3.04266885009598e-04 -9.02868842509433e-03 -5.49113900210008e-04 -2.71874461520999e-04 1.89695758723748e-02 3.71641144367760e-04 3.09111068720336e-05 -5.27389941487577e-02 -2.60220506510273e-05 -4.85479453460799e-04 1.43854314052740e-02 8.35841370257977e-06 -7.72838173352112e-05 -9.97143206186951e-05 -4.33191040901948e-05 2.24012843374782e-02 -2.59433396403936e-04 -1.98733583967799e-04 -4.93326761501125e-04 4.67604810438372e-04 -9.01853077367839e-05 -2.64659921652059e-04 -3.27045828844394e-05 2.02816463368387e-05 5.64719472148315e-04 -2.01598158201943e-05 -7.12823409301450e-03 -1.20642156547609e-01 9.03760952705820e-01 -2.26558485729488e-01 -1.10598280049298e-02 -1.28140350374038e-02 5.95015000725869e-03 -5.15303641468226e-03 -1.43704630605709e-02 1.72657367542265e-03 4.71387332682256e-03 -1.99689344937077e-03 -2.09568191274056e-03 -1.96439105170943e-03 -7.35416036011189e-04 1.21288030403309e-01 -9.04109543979678e-01 2.28076809911371e-01 -1.10168664217985e-02 1.28577829570514e-02 -5.81206140763658e-03 -4.75162849030148e-03 1.39716232247983e-02 -2.02768632789891e-03 4.67953543638311e-03 2.03425790357496e-03 2.05076282529275e-03 -1.95739245079409e-03 7.54868260663019e-04 1.82897974699291e-02 -6.70324711394996e-02 1.07777107815667e-02 -2.29823967858852e-06 2.36097802685097e-03 -3.69575507031332e-04 -1.85980916068379e-03 5.16709212143289e-03 4.77372020418728e-04 -1.28345750503388e-03 1.50721782923888e-04 -8.62473144575957e-04 -4.10595107789582e-04 -1.23380369755648e-03 -1.85133462713277e-02 6.63845227588304e-02 -1.03048610446239e-02 -9.53159574895697e-05 -2.43451678078502e-03 3.29077519312004e-04 -1.79892821771426e-03 -5.51075318501566e-03 -6.14544546551937e-04 -1.27918585749532e-03 -2.09460212752759e-04 8.95842169668104e-04 -4.64464641739844e-04 1.27543315674990e-03
 2.21954110474691e-03 2.27823363926101e-03 -3.33487401504017e-02 4.93082051316105e-02 4.47899607254601e-05 3.63138003106619e-04 -5.51482483732633e-03 3.10124227269740e-04 -1.11062870539848e-01 1.39334757633736e-01 -3.32345680391179e-04 1.58092913721568e-03 -6.65607359813794e-02 1.96595073095570e-06 5.75981673409563e-04 -9.18874300622185e-03 -1.27699585871643e-05 -1.01829366601216e-03 5.59694184100465e-05 1.50995114203372e-03 -2.03813807112265e-02 2.07982362143634e-06 -8.85686034728887e-03 5.53218020132766e-04 -3.95476250418978e-05 -1.33927718273355e-03 5.54942882227162e-03 -7.75089636466106e-05 8.99490178854966e-04 -6.24402647563002e-05 -3.61739641230312e-03 -4.72147217875504e-04 7.41934985617357e-02 1.85385506909357e-02 1.57314370767263e-03 -9.03252080572522e-02 6.06426769254707e-03 -1.38454981609359e-04 9.43522778864161e-01 8.09387751706082e-02 -3.72750013026488e-05 -1.68658319712282e-01 1.72301117679629e-02 1.13523728989751e-04 -4.03101368808958e-03 -6.02964936288993e-04 -1.11177606019784e-04 2.48845894571945e-02 6.64436123812891e-04 -5.62324758458964e-03 -1.49043554128837e-03 -1.06297530515380e-04 2.61150976335191e-02 -7.02020646592414e-03 -5.61794330852162e-05 -3.08883704202686e-03 6.02890653858211e-04 -1.31648098582060e-04 2.49108659796244e-03 -1.13538732439990e-04 -5.88511292458325e-05 8.37531253603169e-03 -3.77398502514994e-01 8.89849450413176e-02 7.50784167917707e-04 5.15919093541415e-02 -1.09184227753410e-02 -2.06120767857351e-04 -7.00542520393079e-01 2.78556360494613e-01 1.56728702967633e-03 1.15079832036954e-01 7.78321223965374e-03 -5.48623315752526e-06 7.04656889157638e-04 9.97526534478703e-03 -9.33583736664631e-05 2.02779109733750e-02 -2.85125141099602e-04 5.61952044839428e-03 1.57007294925075e-02 1.29862183827590e-04 2.37914357197210e-02 9.67775444013670e-03 -5.57118403811797e-06 4.29196707339173e-03 1.09820836559550e-03 -2.93509501473943e-05 2.33538056505812e-03 1.96331922381743e-04 -7.89532017407766e-02 4.96875999922879e-01 -1.24681270163023e-01 -1.20472045838300e-02 2.48669487264395e-03 4.36009400312998e-03 -1.54405006672722e-02 1.33505026944363e-02 5.61199678203798e-03 -5.00493641453712e-04 2.26937662748664e-04 -2.91817099951780e-04 -1.46151809490665e-03 4.32327306645005e-03 -7.61924293659485e-02 4.96935296606063e-01 -1.25451192348807e-01 1.22547361318225e-02 2.49099072921909e-03 4.37386394283899e-03 1.63263847580138e-02 1.27086837392133e-02 5.98427493661954e-03 4.19487484011145e-04 2.45387639932459e-04 -3.09694636626765e-04 1.60129026148832e-03 4.49771235048139e-03 -1.26308862021813e-02 1.27816846158577e-01 -1.41688461411168e-02 -3.80673999708797e-03 -5.14768629627742e-03 4.33454631728531e-03 -6.50208415322725e-03 -1.23545537528998e-02 1.03855784232031e-02 1.29595143455271e-03 5.77601119735381e-04 5.10719026826485e-04 -1.85262043095078e-03 3.14982265710244e-03 -1.02951360681911e-02 1.27251791483577e-01 -1.24123740798843e-02 3.68898865734767e-03 -5.08042159844763e-03 4.31557835330406e-03 6.99922137804547e-03 -1.17867490121764e-02 1.09232210410792e-02 -1.15317610098910e-03 5.35678679199097e-04 6.25519118864235e-04 1.91032221512941e-03 2.97617448410396e-03
 -4.49964760644807e-03 -6.84259570815848e-03 1.28149577037037e-01 -2.20204316412222e-02 1.34504924253738e-06 -7.50615634097357e-03 4.90121134303524e-03 -2.37352691421680e-04 5.73152708864634e-01 -6.01980047255606e-01 6.82401108321150e-05 -2.54605296146987e-02 -3.33969868057019e-02 -4.82919851946651e-05 -7.65091147537900e-03 3.56396034221717e-03 1.03015197577251e-04 -2.48881873091175e-03 1.11437546307091e-04 -2.00884211820067e-02 1.84381382865757e-02 -1.69324560732658e-04 -8.83433186983690e-03 -2.18370292530655e-03 -2.09647222983010e-07 4.53683573184061e-03 -2.04336723246987e-03 -3.72397675105443e-06 4.72385810567506e-03 1.47494223695813e-05 3.52316630890001e-03 6.92804380241544e-03 -1.00976875049852e-01 -9.23403816247839e-02 -1.30528547790785e-03 1.08696817825811e-02 -5.98588718263895e-02 6.80531278059324e-04 8.09387751706082e-02 7.97864041633599e-01 -1.27017334902638e-03 4.36533075825763e-02 -1.24843274538953e-01 -1.23166391541871e-05 -1.64412257852338e-02 2.23362145556504e-02 -2.39016377243623e-05 9.31260411373814e-04 -7.88297642725864e-04 -2.20518628149132e-02 3.11217075477806e-02 -2.36382851847405e-04 -1.28042185002648e-03 -3.25806166390262e-03 -4.87762156693604e-05 -5.77039100352933e-03 9.48391985137027e-04 -1.10488755763695e-04 -3.08321470432976e-03 4.59870665990102e-05 -2.64481280230359e-03 6.67682503167435e-03 -1.18048741331305e-01 -1.31480259090050e-02 -2.06897386619902e-04 2.80395156322760e-03 -3.14188092527305e-02 3.51538246780927e-05 -2.77953163712873e-01 2.12755741781451e-01 1.03821339697073e-03 -9.12036443683034e-03 -7.48137263698564e-02 1.02442369199762e-04 1.74903524698706e-02 -2.30637235381942e-03 -6.07994713638057e-05 7.54750637173649e-04 -4.27358970816165e-04 1.95988210912721e-02 -1.84832378140829e-02 3.47419444082917e-04 5.34879535156379e-03 5.41024327776326e-04 -1.95168717232487e-04 8.39096242938944e-04 -6.03704131832415e-03 1.19854703471334e-05 -5.24162607151781e-03 -4.73459484473604e-05 5.72827047026621e-02 -1.79424817058843e-01 5.66836641542067e-02 3.46359523997747e-03 4.20532513013902e-03 7.48968230552145e-03 2.60183138287140e-03 1.01810209942340e-03 1.98996353904053e-02 -8.63817332337871e-04 -1.65667573472807e-03 1.09964909077819e-03 -3.00920909920131e-03 -6.68655743036330e-04 5.46442301384912e-02 -1.79299177733619e-01 5.53880343045021e-02 -3.40531029457675e-03 4.23220937367198e-03 7.55955223788802e-03 -3.74612832074400e-03 1.20776020836786e-03 1.91472069340606e-02 9.29996955719572e-04 -1.51319577122791e-03 9.91998983497268e-04 2.89757238997144e-03 -7.92996966138891e-04 -8.81437721176602e-03 9.35060846979468e-02 -2.00057973363987e-02 -2.60759523768567e-03 -4.18650449218951e-03 1.59532791101545e-03 3.41049485687663e-03 -6.49221014035840e-03 5.89600960264536e-03 8.59179821624433e-04 1.02602440890826e-03 6.19072855881912e-06 -5.58497725762052e-04 1.10098194042322e-03 -8.10838596381373e-03 9.27932697534086e-02 -1.83702408287986e-02 2.45232681792916e-03 -4.28528842043987e-03 1.56919568884289e-03 -3.28706761569271e-03 -6.42220145136643e-03 6.43706833040990e-03 -9.57546173487510e-04 1.04489669245364e-03 1.51411263210787e-04 6.45835641345198e-04 1.02210968593288e-03
 -4.53427491316861e-06 1.90631357361836e-05 -2.79687753601263e-04 -4.61879714820769e-05 -1.94093270243943e-03 1.15716736041518e-05 3.05945884840274e-05 2.91132208062009e-02 -1.30927473478906e-03 6.87155581303975e-04 1.02055471369890e-02 1.20238399023264e-04 6.32839917280085e-05 -2.04943542668588e-04 1.85636282615116e-05 -3.27934111249950e-06 4.70202452321477e-04 8.85389719986780e-07 -1.21095940637425e-03 2.62614847681600e-05 -2.88167929898811e-05 1.68098220569121e-03 9.22298249149959e-06 6.48856894192591e-06 3.48009302843809e-04 5.11559548281712e-06 1.30730890425589e-06 -3.25947989157031e-04 1.99139054991220e-06 4.86705218603341e-05 5.59381282346376e-05 1.23045814545320e-05 -2.44781254408896e-04 2.07406398365795e-04 1.74674826176476e-02 5.66003151535278e-05 5.92096780683404e-05 -1.71283965885959e-01 -3.72750013026488e-05 -1.27017334902638e-03 3.14151345974214e-02 9.45729369954892e-05 1.13410171098774e-04 -3.04717675632013e-03 3.79678167442001e-05 -5.02944537065094e-05 1.65711794999014e-03 1.10746142000656e-06 -9.10865057094614e-05 2.42795055282999e-06 -3.74596418397898e-05 1.52960315269759e-03 2.66455200045563e-05 -3.62255007118023e-07 2.79865229486721e-04 3.17671516727166e-06 2.04176100763190e-07 2.11601262102010e-04 4.21715266115870e-06 1.00645012110776e-03 7.35460166745873e-05 -2.10161764995651e-05 -1.86806578598889e-04 4.99056423112897e-04 6.90641387360888e-03 4.76609468352974e-05 3.24748885544908e-05 -5.62786660832790e-02 4.94977083161314e-04 1.49273475799839e-04 1.75440085715798e-02 1.39569303116885e-04 1.03826894588433e-04 -8.84218874026024e-04 -2.36380224105949e-05 3.49190539989987e-05 8.68400200733316e-04 1.25733058292232e-05 -3.00373736416360e-03 3.90834134277788e-05 5.09341730804668e-05 1.10929891081310e-03 -7.47646486415008e-05 4.03567447866831e-06 9.24683793338174e-05 5.21303263227295e-06 1.64122945602203e-05 1.05176909535785e-04 4.64676999893921e-06 1.28825115917581e-03 1.77870367006148e-02 -1.48080384085222e-01 3.60051267729327e-02 1.81644851006577e-03 2.18571516738769e-03 -9.19770828878068e-04 1.27446237220637e-03 2.80216670476293e-03 -2.16083338418624e-04 -8.24425904491931e-04 3.14518435963247e-04 4.17425066308518e-04 3.41687308875090e-04 1.90735448620338e-04 -1.79231589086910e-02 1.48488803636506e-01 -3.64162513606426e-02 1.81913495587865e-03 -2.20138053171468e-03 8.71755291264094e-04 1.22853022361464e-03 -2.75194773756809e-03 2.34201614025944e-04 -8.25315805208474e-04 -3.19027643563033e-04 -4.13505014839720e-04 3.32774504803679e-04 -1.87159735327024e-04 2.65346949522419e-03 -3.92929879045679e-02 9.96687281796877e-03 5.61197991984417e-04 -1.00459272333964e-03 -2.09804762452335e-04 7.38609939199200e-04 -1.55683206705763e-03 8.15039603836907e-06 4.03811807303449e-04 -9.62008872938964e-05 2.45628899211810e-04 1.43177938843894e-04 2.56171202294974e-04 -2.61833034970728e-03 3.84466101970859e-02 -9.80337431624752e-03 5.52220440668033e-04 1.02035637587108e-03 2.06692786386727e-04 6.69164920190119e-04 1.57437123829430e-03 3.62605311127958e-05 3.88152630500102e-04 1.05336116877770e-04 -2.43329864498427e-04 1.55497460632138e-04 -2.54264911433152e-04
 -1.20685729383875e-03 -1.65932805252528e-03 -1.84368508017123e-02 -1.50512968646009e-02 -6.76864486091649e-05 -1.73376279969910e-04 2.86588034851413e-03 2.15476349367610e-03 2.62788124666915e-02 -1.26205079299284e-01 2.92396214650199e-04 -5.16084971786724e-04 8.91685781716241e-03 -5.65336310559694e-06 -2.21681103486974e-04 2.59960530731154e-03 4.94588196361530e-06 -1.36460051313168e-04 3.03125343917554e-05 -6.38069229684104e-04 7.27447418563760e-03 -5.32158837198026e-05 6.64246019685920e-04 -1.16211063455064e-04 -1.44431773028861e-07 2.65846148392885e-04 -1.54577678040320e-03 2.31949105030004e-05 3.69510557271554e-04 7.16809600418519e-06 1.33922670508318e-03 3.53724131307173e-04 1.40047925727357e-02 -2.27613578140846e-02 -2.78975704839449e-04 1.80695318023912e-02 -6.45888659208477e-03 1.96689072279946e-05 -1.68658319712282e-01 4.36533075825763e-02 9.45729369954892e-05 3.93416417454929e-02 -1.66992402256767e-02 -2.13852194822783e-05 -1.52755824474366e-03 6.45116055736966e-04 5.55989421442539e-05 -5.10518178314290e-03 -9.88203313228661e-05 -1.08108425393395e-03 1.31474476502430e-04 5.66393306826100e-05 -5.40363539032990e-03 1.49710386526067e-03 3.99308260755348e-06 3.35194921397401e-04 -4.27658517589529e-04 1.86411579464949e-05 -1.06810385169287e-03 2.66899658034424e-05 2.90901552260827e-03 -8.41876202432483e-04 7.45216159361729e-02 -2.76793646458650e-02 1.30031761023352e-04 -1.31217236943242e-02 -3.72236103589627e-03 -2.19314230726581e-03 1.32159831818357e-01 5.47664064884643e-03 2.34440464596583e-04 -3.04939183557738e-02 -1.40850370239063e-02 8.49035910129034e-05 2.03429958385612e-03 -1.26333359926867e-03 6.17169780390588e-05 -4.42911879712691e-03 1.82236107872692e-05 1.19920826020978e-03 -3.21346222548032e-03 6.28036052204863e-05 -4.85161136140660e-03 -1.88228319970917e-03 -8.45606748088113e-06 -5.60154493265039e-04 -6.17684385160005e-04 1.70286734080750e-05 -1.12202894394473e-03 -3.67408037066571e-05 1.59990562108319e-02 -8.67133980669954e-02 2.08971327949584e-02 2.06219708911238e-03 -2.13358609526859e-04 -2.40287088367533e-04 2.99237216185470e-03 -2.53462443507205e-03 5.84457976537690e-04 5.20410998857858e-05 -2.10024390998454e-04 7.16361063954300e-05 5.60625111142124e-05 -8.28625599140725e-04 1.55980775987827e-02 -8.64304440415239e-02 2.10759474461328e-02 -2.09150882243326e-03 -2.18513141043492e-04 -2.48130353209377e-04 -3.15922660177863e-03 -2.45359458826024e-03 4.89202989282991e-04 -3.56194816538040e-05 -2.05362880245008e-04 6.56518559716693e-05 -7.49617612827467e-05 -8.68089305916778e-04 5.12121615084303e-03 -3.34737904865693e-02 4.82104147006899e-03 8.79523214113702e-04 5.92267273445098e-04 -3.42139847330534e-04 2.13783502271387e-03 2.05325748497635e-03 -4.38982344545367e-04 -1.26532744126767e-04 9.52595870263585e-05 7.65634708363859e-06 1.78384718132909e-04 -6.91926324742277e-04 4.48063196702323e-03 -2.91119325414714e-02 3.74115733383493e-03 -8.18499559093930e-04 6.16828554959403e-04 -3.28821089055672e-04 -2.14586854686342e-03 2.03486172136238e-03 -4.74261715172134e-04 1.05087924448008e-04 9.87845331302641e-05 -1.14224781788782e-05 -1.75736237601829e-04 -6.66449241946943e-04
 9.13236306181745e-04 1.75407338697382e-03 -2.46698685389790e-02 9.40777581407927e-03 2.01352344222471e-06 7.45171538494647e-04 -1.77257642029396e-03 -2.37496349331118e-04 -5.35108196096958e-02 1.48308187145511e-01 -4.17566291445440e-05 2.30110181472214e-03 2.81957732174411e-03 1.09127245174656e-05 7.60241944656284e-04 -1.47144700230777e-03 -1.82097121328509e-05 5.11677679752199e-04 -1.83936776587067e-05 2.05534992728384e-03 -5.60649571443039e-03 3.49339249250146e-05 1.38548025952346e-03 1.96582175807231e-04 -1.03219804774868e-07 -3.89037220468710e-04 8.55290469698467e-04 -4.97358098892991e-06 -9.77289449687871e-04 -2.74553965796760e-06 -1.90306700574072e-03 -8.37651901592788e-04 -9.84288546345925e-03 2.62791048184925e-02 1.93142037580624e-04 -5.00539729082790e-03 1.08687288050509e-02 1.95380981054953e-04 1.72301117679629e-02 -1.24843274538953e-01 1.13410171098774e-04 -1.66992402256767e-02 2.56061700207077e-02 1.65140691686495e-05 3.72308792352573e-03 -2.72388015350164e-03 -7.56417883190263e-06 1.20613844625755e-03 1.27935727661146e-04 4.34048972910395e-03 -2.92604162130445e-03 1.16509443286571e-05 1.52115369671781e-03 -1.63216160476905e-04 -5.21385813636950e-06 7.05107874406203e-04 2.41047361752834e-04 1.80066807766171e-05 1.00185114865576e-03 1.03713535570013e-06 8.93727065559019e-04 -1.33710985214539e-03 1.83562188847690e-02 9.01353968010921e-03 4.51617877759685e-05 6.37963343212000e-03 8.99526034400533e-03 -9.68476433868548e-07 -1.08779646066932e-02 -7.51240464031870e-02 -1.81341568430884e-04 1.42723475626459e-02 2.03382121777235e-02 -1.92814801417022e-05 -3.68010481312687e-03 -7.52638540862468e-04 6.18808565962543e-06 1.43447824078364e-03 8.21867421735496e-05 -4.24637747493154e-03 1.40022174161710e-03 -6.31279856983430e-05 9.28074782815810e-04 2.69098714199537e-04 3.08565325769027e-05 -2.93478869071126e-04 9.42033183365704e-04 -5.45822164564485e-06 1.25738060888548e-03 6.57177281811475e-06 -9.36784623720165e-03 2.92842776745415e-02 -7.90210241797983e-03 -6.06917984854061e-04 -5.70251553754052e-04 -1.03253102771347e-03 -8.98959350280221e-04 3.31306413476816e-04 -3.00712917548608e-03 1.06847309348505e-04 3.08712983295216e-04 -1.33769718629765e-04 4.09116061830125e-04 2.24953330279938e-04 -8.88322836243999e-03 2.86737885244788e-02 -7.64437075269871e-03 5.95028311333562e-04 -5.69012131975558e-04 -1.04392381416082e-03 1.07977876407299e-03 2.96184214211132e-04 -2.91640373847144e-03 -1.19553078901582e-04 2.92516326012513e-04 -1.20081728169796e-04 -4.01981328665610e-04 2.43080903184924e-04 -5.05647901638409e-03 2.15707928286005e-02 -6.19933523313014e-03 -4.62654235254526e-04 6.57415578371234e-04 -4.64683765391659e-04 -1.87623632685963e-03 4.57904352974977e-04 -1.65679309754218e-03 -1.83739846673008e-04 -2.89628798218563e-04 -1.23907866505085e-04 1.57620102315087e-04 2.01203678913458e-04 -5.25565811905064e-03 2.17633673470930e-02 -6.48459140735433e-03 4.86284329904432e-04 6.85650107624363e-04 -4.50813367437425e-04 1.85791164718341e-03 4.50089221401528e-04 -1.74997212932136e-03 2.05456895218847e-04 -2.80336799395086e-04 -1.43065265640453e-04 -1.66785692086120e-04 2.08805035144365e-04
 -2.97482716762654e-08 2.87459448003750e-07 -4.92744401224196e-06 4.15553553300630e-05 5.37246957732226e-04 6.63617422632722e-06 -6.54239959726240e-06 -2.21095797157247e-02 -1.13402903869065e-04 5.14110750329776e-05 -1.67453475692109e-03 -3.32699519593838e-06 -2.03881776114712e-05 6.04550572203597e-05 1.36180666955096e-06 -2.16909626620993e-06 1.17557007282189e-04 1.12359097403725e-06 3.85640879469361e-04 5.35235467249148e-06 -2.64095411818413e-06 5.19866595609674e-04 -2.34076893502423e-06 2.86531826876821e-07 -1.12003385498469e-04 -3.31812875289334e-06 2.02180557701342e-06 -9.78645879596713e-05 -5.66247060413520e-07 5.89032797100236e-05 3.44902238939206e-05 2.61043900450268e-06 -1.22230552748256e-04 2.15783770686788e-05 -2.33757249650172e-03 1.85434093158052e-06 -1.24929647539240e-06 2.07625291150073e-02 1.13523728989751e-04 -1.23166391541871e-05 -3.04717675632013e-03 -2.13852194822783e-05 1.65140691686495e-05 8.96118572609648e-04 -1.95348789176082e-06 1.79518704156386e-06 -4.74156641846122e-04 6.79343461598911e-06 5.40758814912005e-04 -3.44610442876570e-06 -5.77736882214529e-06 -6.17283505081409e-04 -3.75543634751702e-06 -4.09856850268265e-06 8.15714080077687e-05 1.14820943667550e-06 -1.65168360222356e-06 -1.27077264214954e-04 -9.71245566960154e-07 6.81983244877366e-05 -9.74259859862526e-06 -6.17694470843419e-07 -3.86546090990576e-05 -2.12563588404340e-05 7.77103620885217e-04 1.72665014634423e-05 -4.76221626899759e-06 -1.43745346090010e-02 -1.17554188336272e-04 7.49320314933199e-05 9.09419065677314e-04 2.31456493946642e-05 -2.56652734642104e-05 3.14626683364870e-04 -9.13652205632261e-07 1.13744648669273e-06 -2.33830863886522e-04 3.82814266142834e-06 5.43210994049841e-04 -1.09633416377472e-05 8.50248049453440e-06 -4.04223603683307e-04 4.31711880097887e-06 1.92301117703732e-06 -1.86029134441472e-04 -2.41117034438579e-06 2.06690250487569e-06 -8.97051314289033e-05 7.03788431111362e-07 -3.67063714285046e-05 -2.13560468088596e-03 2.19421200838493e-02 -4.43097416763560e-03 -2.23234399481869e-04 -2.02085522291550e-04 8.14920867796001e-05 -2.88176631045501e-04 -3.07966528684628e-04 -2.18679029369336e-05 7.40312569310814e-05 -2.26947298693490e-05 -4.25682238781170e-05 -2.58384209076809e-05 1.52203660833177e-05 2.11207042064628e-03 -2.19149418496475e-02 4.45764741048794e-03 -2.18941844645092e-04 2.06529144634710e-04 -7.82005588800848e-05 -3.05520543378531e-04 3.01029582250180e-04 1.36078218099297e-05 7.64923524651162e-05 2.37445444242443e-05 4.40609390391008e-05 -2.68621176692179e-05 -1.59479702193010e-05 2.66637336403093e-03 -1.13280985433381e-02 3.85017431566634e-03 1.46315628427937e-04 -1.50698117727325e-04 -1.35234365702225e-04 -2.17075079813273e-04 2.36031886957895e-05 -5.07547688889148e-05 3.67147592707081e-05 -4.07634566715423e-05 -3.11429040925757e-06 2.03985009116445e-05 8.89497789103081e-08 -2.64204040720873e-03 1.13829955349177e-02 -3.86215521200323e-03 1.51083918370544e-04 1.50684573321657e-04 1.35163856296275e-04 -2.05643057767083e-04 -2.82517138220411e-05 6.37699404668413e-05 3.63847481567982e-05 3.92372976537207e-05 1.43104339667224e-06 2.04532527246048e-05 5.67879756433208e-06
 -3.48310736089685e-04 2.78718615997186e-04 -8.52483655397127e-03 1.90857203942862e-03 -5.73633501968601e-06 2.14617018366898e-05 -2.93788808625539e-04 8.91838609181018e-05 -4.75006795165002e-04 2.39319407546362e-02 9.89435001187599e-06 2.20140146931982e-05 3.33119212625430e-04 1.15805731084049e-06 1.90357122141254e-05 -2.24375692425530e-04 -3.22217488876744e-06 1.07329999573451e-04 -3.78753188708912e-06 6.76615318948196e-05 -8.28075291085106e-04 4.59020682366957e-06 2.75885831875172e-04 8.34270419504388e-08 1.01066493433480e-06 5.03058642927199e-06 1.19415998380409e-04 -2.55838428323848e-07 -1.59217215207332e-04 -1.01429902658973e-07 2.36171158436821e-04 8.66060593139449e-06 -7.83080469239397e-03 4.88342150063182e-03 2.62580024653406e-05 -2.17797821589442e-04 1.48237732754357e-03 -1.00374804237417e-04 -4.03101368808958e-03 -1.64412257852338e-02 3.79678167442001e-05 -1.52755824474366e-03 3.72308792352573e-03 -1.95348789176082e-06 6.93098506785661e-04 -2.16547881674075e-04 2.31305200858195e-06 5.98310401151270e-05 7.81494740080214e-06 7.83520476375334e-04 -1.20440208204128e-04 3.94248187794999e-06 8.82308278080806e-05 -7.09970036988319e-05 -1.84882413945285e-06 1.27034723762521e-04 5.71334520087930e-05 4.65332533649940e-06 1.91782288507013e-04 2.52394616488705e-06 1.58038040501483e-05 -1.39743845366994e-04 -1.21244046638835e-04 2.57974075883439e-03 8.72356344131667e-06 9.53083656463009e-04 1.67709621439233e-03 -2.97461074043057e-05 7.00504542660293e-04 -1.73743436078872e-02 -2.33061807430726e-05 2.02921414785276e-03 3.57836459503889e-03 -2.78021261953364e-06 -6.50750543229227e-04 -2.93055015761414e-04 2.74712466266496e-06 1.23258167849817e-04 1.13510751010029e-05 -8.13083888357915e-04 -1.93857059746960e-04 -4.25367200451469e-06 7.22158870726169e-05 3.26771602105179e-05 5.58519208673483e-06 -1.33237913295957e-04 7.49670312547288e-05 3.14806081031803e-07 2.10263095315586e-04 1.33262511619010e-08 1.33793486153336e-09 -2.74614855846813e-03 8.01207466439481e-04 5.81844425956288e-05 -7.52165186706253e-05 -1.61048593641892e-04 -3.55934414444388e-05 -7.38721931348610e-05 -4.05886490055472e-04 2.23726652258442e-05 4.07855812562326e-05 -9.55378403563837e-06 5.63167111323750e-05 1.36602632364246e-06 1.43390343219039e-05 -2.58121309237423e-03 7.88231741484905e-04 -5.90428911232808e-05 -7.80497419510370e-05 -1.61313659054437e-04 5.48148284974652e-05 -7.95215586787865e-05 -4.01731332941337e-04 -2.47882071748955e-05 3.88223520521742e-05 -9.15865368258850e-06 -5.72627225858593e-05 1.35526108937758e-06 -6.14342581637748e-04 2.37303204196795e-03 -7.24565754973542e-04 -6.36051943704398e-05 1.09253316577454e-04 -1.43709025303323e-04 -2.69545869541235e-04 1.37058767697893e-04 -3.98979614050219e-04 -4.26465562122327e-05 -5.39756153524325e-05 -3.32176296993039e-05 4.81029691853369e-05 2.83247935295253e-05 -6.58676553585122e-04 2.47342756756293e-03 -7.80528861977119e-04 6.72154030157040e-05 1.13797567110455e-04 -1.41270907836511e-04 2.70322663184181e-04 1.36541481478722e-04 -4.16402837097158e-04 4.60924023479561e-05 -5.07890313250661e-05 -3.72318349043328e-05 -4.93733055554797e-05 3.04776367195102e-05
 4.76118548418050e-04 -2.81916037058715e-05 1.19290223222074e-02 4.04909384603987e-04 -7.44919979799716e-07 -3.01995702442308e-04 -2.22700278939491e-04 4.91381558025313e-06 2.35399218316816e-02 -4.63400798923611e-03 -1.72043779050573e-07 -1.04206208686726e-03 -6.42153877375160e-04 1.02762033854715e-07 -3.06179165092248e-04 -2.37237667636322e-05 2.00093426032367e-06 -3.00995238758920e-05 1.88025308358615e-06 -7.92045208595138e-04 1.04540956593262e-04 -3.80655132901523e-06 -1.46745995948655e-04 -9.14421605913062e-05 -2.47867695723980e-07 1.92144918232383e-04 9.63218996170268e-06 -3.70938361067666e-07 9.78127895132600e-05 5.21645388895793e-07 -1.28180560408916e-03 2.96773108765066e-04 -1.35242329637136e-02 6.13461869902062e-04 -5.61110714949700e-05 4.32507773935058e-04 -1.53869514588646e-03 1.03415945241346e-04 -6.02964936288993e-04 2.23362145556504e-02 -5.02944537065094e-05 6.45116055736966e-04 -2.72388015350164e-03 1.79518704156386e-06 -2.16547881674075e-04 9.06567726892660e-04 -1.51131321691897e-06 7.30709886670730e-05 -3.15722650041521e-05 -5.09659393131283e-04 1.42058781154488e-03 -6.90500592152774e-06 -1.17402347057334e-06 -1.88690649887004e-04 -4.13295612986564e-06 -1.86765424564295e-04 9.53090808108640e-05 -9.72788858292413e-07 -5.80232274181431e-06 2.97516565943187e-06 1.72578719598895e-04 2.01712912140433e-04 -9.33842658521570e-03 2.54026402603757e-03 -1.52051875975830e-05 6.31430429352373e-04 -2.31819156339805e-04 -1.66281223499917e-05 -9.71082191527438e-03 -2.59051538259366e-03 1.29992300362765e-05 1.18304609826308e-03 -7.24655481657360e-04 3.93711071932024e-06 2.85546900553722e-04 -1.70858979577288e-04 -1.46457835437352e-06 1.01715351617001e-04 -2.32580225614798e-06 3.86627776526302e-04 -6.97119415830139e-04 1.15127446901027e-05 2.45085002504200e-04 4.63446044921691e-05 -4.36796945637845e-06 -2.65969189530997e-05 -1.85602872621109e-04 1.43783347797015e-06 -8.15499025802636e-05 -1.82253796639840e-06 2.71134735306062e-03 -1.17531881745986e-02 3.71929625118994e-03 2.49023826429521e-04 1.39320334686988e-04 1.89713815381844e-04 1.46147363283539e-04 2.24521231415377e-05 5.05264509457494e-04 -2.70254608164623e-05 -3.81955610738876e-05 4.74425783446379e-05 -8.12470460818063e-05 -3.51450110005478e-05 2.63091582841482e-03 -1.18967932036292e-02 3.72209500081414e-03 -2.50825809201759e-04 1.42304536563181e-04 1.91017828126759e-04 -1.86172193272595e-04 3.15341290433339e-05 4.74224083108169e-04 2.96856891775775e-05 -3.30375623245005e-05 4.29991032698982e-05 7.45672617766592e-05 -4.05824601730079e-05 -4.08385608658006e-04 2.74057356422673e-03 -3.87079458824140e-04 -8.34517971105060e-05 -1.18018031027639e-04 -4.39312581451601e-05 2.57580768012744e-05 -2.03337178025359e-04 -7.38723716941615e-05 1.43592873263694e-05 3.17105926126773e-06 -1.72084807730828e-05 1.47820629622990e-05 5.38123203728343e-05 -4.32632108088283e-04 2.78744731192816e-03 -3.68246292597214e-04 7.79866924972213e-05 -1.20359624112927e-04 -4.31553069447969e-05 -2.66582498367286e-05 -2.05681510872125e-04 -6.79586044326145e-05 -1.64400866664033e-05 5.67912287503184e-06 -1.37035666564865e-05 -1.30113601173459e-05 5.16225858685547e-05
 1.10235156567932e-06 1.07645362205087e-07 -5.33720104239667e-05 -3.77946936357408e-05 -6.39469793165758e-04 -6.46586676681446e-06 7.83050755814263e-06 2.65183059761462e-02 3.56147977019117e-05 -4.34765631777802e-05 1.98778735261445e-03 5.97770743083662e-06 1.74677916885790e-05 -1.18329289312329e-05 5.75085517077134e-07 1.34900943605236e-06 -1.42057392791691e-04 -7.96411840850218e-07 -8.75136261841822e-05 -1.18361970172762e-06 2.08624389415587e-06 -6.22532922487663e-04 1.79773531353649e-06 -5.53895648674373e-08 2.28101900608802e-05 2.35752838511041e-06 -1.17250904292989e-06 1.17021827211717e-04 -6.00447294634859e-07 -7.15040945200270e-05 -8.74621931057259e-05 -1.32511540138478e-06 4.98113878385324e-05 -8.82775016025216e-05 1.27466883478232e-03 -6.19958069102329e-06 1.00035271040542e-05 -7.30111193611257e-03 -1.11177606019784e-04 -2.39016377243623e-05 1.65711794999014e-03 5.55989421442539e-05 -7.56417883190263e-06 -4.74156641846122e-04 2.31305200858195e-06 -1.51131321691897e-06 4.45833102860114e-04 -6.06474922220247e-06 -9.19773879228307e-05 8.12516947479430e-07 8.39383936177611e-06 6.30049778273933e-04 1.27888051034187e-06 1.90615678746287e-06 -1.55555177679961e-04 -1.43992550491776e-06 1.84305598601611e-07 1.34283432993177e-04 4.30772718654615e-07 -2.59676032670103e-05 5.91206176124078e-06 -5.16110773524910e-06 7.96269044579777e-05 9.91444801792377e-05 5.40433464081827e-04 -2.19237046314157e-05 -3.55596279207358e-06 -1.60378239291064e-04 1.08393571629111e-04 -4.63179865788753e-05 8.06748256433397e-04 1.88337127382665e-05 1.14281022646167e-05 2.32935161465472e-04 1.34765578096258e-07 -7.61699507886973e-07 4.07166049289461e-04 -1.17777243307807e-06 -7.59131641512966e-05 9.77223918963804e-06 -1.53221610663605e-05 5.93384600525010e-04 4.05402758911263e-06 -5.86291074249032e-06 1.70297591605275e-04 1.47164206596952e-06 1.40488640581170e-06 1.31354241908917e-04 -1.85496905583398e-06 -1.37970229952654e-05 1.29424811620720e-04 -9.63046876019171e-03 1.22143746091796e-03 8.01555256147980e-05 6.29196805311910e-05 7.20268381057960e-06 3.00574384084367e-04 2.24562573657967e-04 5.92337834335506e-05 -2.76810398663010e-05 -4.74673523279882e-06 3.31864093995281e-05 5.69315034634873e-06 -4.28262230294860e-06 -7.51232641083648e-05 9.56168560592386e-03 -1.22917965939192e-03 7.66454905856392e-05 -6.63230533655702e-05 -1.01221472500587e-05 3.22371899788262e-04 -2.26296583524673e-04 -5.08499002593403e-05 -3.11963626838458e-05 3.72320365291851e-06 -3.51077938240186e-05 6.59452088962107e-06 6.04074949860903e-06 -7.77507335961016e-04 -2.88252741672476e-03 -4.30599373935747e-04 5.57035743369692e-06 5.87695343136223e-06 4.82507818341438e-05 2.71948221859328e-04 -1.39436591620649e-04 7.00941017403180e-05 1.43760390301404e-06 1.97504742129475e-05 1.85516073369179e-05 -3.65251741554584e-06 8.33492295839119e-07 7.14404386281725e-04 2.84082109560826e-03 4.35314244046451e-04 1.78396170944748e-07 -6.77747415440860e-06 -5.08273701785013e-05 2.51189672927567e-04 1.26954803512265e-04 -7.68614852187960e-05 -1.94728021937896e-06 -1.89841558856262e-05 -1.53832310491384e-05 -3.43630410202595e-06 -1.71861333182895e-06
 -7.43713293734446e-06 1.54459301071245e-04 7.40982527960836e-04 1.85938329417515e-03 4.27556492008433e-06 -6.24525136711099e-05 -2.96742616255993e-04 -1.99552474093779e-04 2.35683657446975e-03 1.12852913910490e-02 -1.74612021572097e-05 -2.18109653080343e-04 -1.62767617361915e-03 7.39591644757811e-07 -5.61304846658635e-05 -3.23176924986824e-04 8.41847537815619e-07 -3.12852797040501e-06 1.50798618154053e-06 -1.36337480291417e-04 -8.24111194306318e-04 7.97669811852307e-06 -1.75756435292066e-04 -5.79911869195260e-06 -1.05671409744735e-06 7.06877149277435e-06 1.92835465445306e-04 -3.67506526723363e-06 -1.35089698076858e-05 -8.95668935077463e-07 -4.04125085405970e-04 -2.62132480087977e-05 3.42231203235930e-05 1.53482887935906e-03 3.50142145821099e-05 -2.55495008646849e-03 4.17773772256978e-04 -1.51123084386300e-05 2.48845894571945e-02 9.31260411373814e-04 1.10746142000656e-06 -5.10518178314290e-03 1.20613844625755e-03 6.79343461598911e-06 5.98310401151270e-05 7.30709886670730e-05 -6.06474922220247e-06 7.32393437955220e-04 1.77814713681242e-05 -1.95469811549385e-05 2.29420611823778e-04 -8.83574328246548e-06 7.38628257660804e-04 -2.28040556081865e-04 -1.60206879531367e-06 -9.23516371276943e-05 7.46068625061799e-05 -3.44589350588733e-06 1.24915302221057e-04 -6.04262231113763e-07 2.56309597903658e-04 1.96647780045594e-04 -1.16173311622522e-02 3.84114873309257e-03 2.01794948202075e-05 1.75783134140782e-03 2.48210483627464e-04 -1.11785800220369e-04 -2.04944419770685e-02 6.79713807079841e-04 4.43956176996734e-05 4.03507731611633e-03 1.38472265779226e-03 -1.20342290663675e-06 -1.40547646397935e-04 1.16927986295557e-04 -4.67037101016657e-06 6.06208552032158e-04 -1.12181390126350e-06 -3.60001446737854e-05 2.02569930087175e-04 4.72238543173799e-07 7.22046042927218e-04 2.66165574217474e-04 -1.08856123689880e-06 7.46343049473214e-05 2.07637631707110e-05 -1.40562641260533e-06 1.08473313022542e-04 6.05142676806510e-06 -1.95554537536294e-03 1.20751924811983e-02 -2.93509979355355e-03 -2.95395381903663e-04 5.24055392633015e-05 1.09267733421216e-04 -4.42545976578191e-04 3.42214549565616e-04 1.13046513976120e-04 -9.65060443555248e-06 1.36363379891301e-05 -3.13569377457686e-06 -3.78038758860409e-05 1.16114005878136e-04 -1.90119365390237e-03 1.20292577675506e-02 -2.96708433002763e-03 3.00718064679431e-04 5.13821061267392e-05 1.10472754845366e-04 4.59771511528007e-04 3.26885267752503e-04 1.19235374668919e-04 7.00177001884634e-06 1.44749505515969e-05 -3.91468039618031e-06 3.98941848136198e-05 1.19532190886631e-04 -7.47961441622397e-04 5.01948438220454e-03 -7.38125149044060e-04 -1.39903251078325e-04 -1.24953162199111e-04 5.37927571119639e-05 -2.47361549566461e-04 -3.50190605787510e-04 1.11065851344776e-04 2.78512094249124e-05 -4.73980264256970e-06 -9.96400441550706e-07 -2.72286772943396e-05 1.04239800211322e-04 -7.49298457831361e-04 5.15207377287408e-03 -7.58594681475727e-04 1.38529644658449e-04 -1.19255648926310e-04 5.63135383667004e-05 2.52850080255507e-04 -3.37138482039390e-04 1.21175236572055e-04 -2.27928795549008e-05 -3.38994963351989e-06 1.48511523001230e-06 2.89790761510732e-05 9.90686451954832e-05
 2.70495828958803e-06 4.82215456057933e-06 -4.76804122245460e-04 3.29346100631637e-05 -3.21655463433504e-05 1.27093777571261e-05 5.02243273641698e-06 -2.58187263756917e-03 -9.60578414280425e-04 3.55252716528893e-04 4.31072389122533e-04 4.10894170960807e-05 -2.43831126124275e-05 5.62316160266452e-05 1.30293640695453e-05 -7.26588169263153e-06 6.31665120794011e-05 1.10248589014341e-06 3.54702920587775e-04 3.19466157125057e-05 -2.20086433448247e-05 2.53075513424048e-04 -1.61718799854830e-06 3.77577719574000e-06 -1.05885725439486e-04 -8.10414617917659e-06 5.25380943492462e-06 -4.85935779612666e-05 -4.17346300023520e-06 1.61978342472302e-05 3.57129198017248e-05 -7.56261745985742e-06 3.84783966074935e-04 -5.31390164707665e-05 -6.01214355623985e-04 -6.96492426658604e-05 6.68120892517467e-05 7.98553844603474e-03 6.64436123812891e-04 -7.88297642725864e-04 -9.10865057094614e-05 -9.88203313228661e-05 1.27935727661146e-04 5.40758814912005e-04 7.81494740080214e-06 -3.15722650041521e-05 -9.19773879228307e-05 1.77814713681242e-05 6.58822933816496e-04 9.54293547923770e-06 -4.57484812420101e-05 -1.21849863293090e-04 1.47861232067022e-05 -2.16967626625396e-06 -1.54982319859496e-05 3.89104908593607e-06 -3.83124887174398e-06 -2.90330120076889e-05 1.39180331902545e-06 1.51041020222824e-04 -6.76229705623479e-05 -1.16303878041554e-05 1.82322322471217e-04 6.53582359166805e-05 2.17213489491874e-03 2.71847596704946e-05 7.07075236229049e-07 -2.47681934036115e-02 -2.15457898762326e-04 2.41595158462349e-04 3.47685748481094e-03 1.08959933627874e-04 2.37815082257259e-05 5.95137123273253e-04 -1.19941544728577e-05 1.15234076240287e-05 1.41876769267778e-04 1.61706669252978e-05 4.40948163530487e-04 -1.28511904456109e-05 2.79698132795389e-05 1.05260760022866e-04 1.27587155394804e-05 1.07951136967127e-06 -8.55661925397404e-05 1.80077771481930e-06 1.21517749184183e-05 1.16309815052913e-05 3.64846486264378e-06 3.96179544863893e-05 -1.55599361766730e-03 9.93692114226777e-03 -2.27993717690657e-03 -1.02075664488510e-04 -4.69879067782384e-05 4.34721373559091e-05 -1.99629737084845e-05 2.40900354497123e-05 -2.13593192969560e-06 1.00845851026594e-05 -9.49401248070139e-06 5.14890959632825e-06 -1.31056453610957e-06 3.62748450540396e-05 1.28851106558217e-03 -8.52401466359675e-03 1.87250462478535e-03 -6.75756990246437e-05 4.20870453520603e-05 -5.14888097260088e-05 4.45171920603543e-06 -1.64655567104326e-05 -2.26747349273465e-05 8.89296903534362e-06 1.22280271903728e-05 -7.76633295843881e-06 -5.41634545981793e-06 -2.74194475601648e-05 3.16115012530372e-03 -2.17079576713342e-02 5.73137331368799e-03 2.53116148082888e-04 -2.84670853487675e-04 -1.54854162920928e-04 1.52230576358821e-05 -2.31040911985329e-04 5.52623068626384e-06 8.55045513787709e-05 -4.53599269984220e-05 3.42213290769075e-05 3.50605488420280e-05 2.24857461731984e-05 -3.21343335823982e-03 2.18663339344041e-02 -5.78386914158301e-03 2.57704405364269e-04 2.87457695632106e-04 1.59330479388492e-04 2.02559453835660e-05 2.10543844171755e-04 2.41000355556039e-05 8.01937988197775e-05 4.46442783358103e-05 -3.21756531560995e-05 3.91663892129903e-05 -1.35259885480325e-05
 -7.17482438313132e-04 2.27241116922218e-04 -2.41796566718248e-02 1.92266459178574e-03 -2.35354963493039e-06 7.72465597727933e-05 -3.81624383078912e-05 -6.43656181939338e-06 -4.81908747566236e-03 2.14262202797573e-02 -1.40406370485657e-05 2.08236995572772e-04 3.99403924440072e-05 -2.88297482213883e-07 7.27815592833824e-05 -1.89126960912213e-04 -4.82454070407877e-06 1.26358097302104e-04 -4.81703376534374e-06 2.09544166550207e-04 -7.19186544577819e-04 2.45259883489195e-06 3.15596923855684e-04 1.78876370131035e-05 2.42246027995716e-06 -3.18515564569102e-05 9.30652496827323e-05 7.10687415781488e-07 -1.92890544935966e-04 -1.04164058180348e-08 -2.79501107053653e-04 -3.53881454649545e-05 -2.68562566773194e-03 3.82314434407721e-03 1.70948349380272e-05 -2.48723185862614e-04 1.88513083316574e-03 4.28194428314915e-05 -5.62324758458964e-03 -2.20518628149132e-02 2.42795055282999e-06 -1.08108425393395e-03 4.34048972910395e-03 -3.44610442876570e-06 7.83520476375334e-04 -5.09659393131283e-04 8.12516947479430e-07 -1.95469811549385e-05 9.54293547923770e-06 1.06217641455658e-03 -6.00703574806642e-04 1.35067275391283e-06 2.04499573920332e-05 -2.48583585049507e-05 3.30035225776633e-07 2.20716176019945e-04 1.56784663940573e-05 4.34444837947695e-06 2.09086279408345e-04 -9.18663576178504e-07 6.02605707084312e-04 -1.45701350960606e-04 3.29744106065465e-03 1.52126824156616e-03 -1.70573135196620e-05 6.87277418901191e-04 1.80093668271180e-03 3.39931410068722e-04 4.63728163728615e-03 -1.81959129095212e-02 -9.20559014188134e-05 1.21239514151120e-03 3.83840472084852e-03 -1.03895213315602e-05 -7.59615322046781e-04 -3.75152553604801e-04 -1.36559722690065e-06 3.07782006781817e-05 7.92440172319457e-06 -1.06985013691822e-03 -2.80983594951475e-04 -1.12944885765570e-05 -4.07607796482098e-05 1.89589369906605e-05 7.04429104795252e-06 -1.83515910458305e-04 8.40541990386487e-05 -1.11629313254827e-06 2.40063059869042e-04 -2.86963624042058e-06 -4.91802212611672e-04 2.38480813956636e-04 -2.85454917173651e-04 -1.66913528375462e-05 -1.29528731337783e-04 -2.05816278576630e-04 -1.05232997750509e-04 -1.77549482363938e-04 -4.88880903049911e-04 4.27693450696213e-05 4.48930337422362e-05 -2.84670202960559e-05 7.14869836035592e-05 5.79957538275505e-06 -4.41338809319221e-04 1.80229570585249e-04 -2.38402927141615e-04 1.24247029382454e-05 -1.27772693101833e-04 -2.07699452673740e-04 1.28281826915673e-04 -1.74636134223644e-04 -4.77078613083456e-04 -4.34339318868945e-05 4.23043596730990e-05 -2.48187235834102e-05 -7.13847800193454e-05 8.03960427257030e-06 -4.91245620662337e-04 2.19685561906777e-03 -9.00092217855818e-04 -6.13868704969826e-05 1.57716239723767e-04 -1.45203449287884e-04 -2.78617109612482e-04 2.57217005671499e-04 -3.78114634112665e-04 -5.74994687893947e-05 -5.22165777802936e-05 -3.51186745260257e-05 4.68144627390881e-05 9.68739101263524e-06 -4.44128885759711e-04 1.65346592485455e-03 -7.98876494217778e-04 5.96629245216470e-05 1.53323955619557e-04 -1.46904030212920e-04 2.80288013886716e-04 2.48927581614591e-04 -3.93586585298713e-04 5.84729309758124e-05 -5.00802538105300e-05 -3.88439163096601e-05 -4.93046461900657e-05 1.46779891442645e-05
 1.07141708283689e-03 9.98826741441784e-05 2.40308452435883e-02 5.17331078091799e-04 -1.88953299764186e-05 -7.08522871130732e-04 -4.82373049803765e-04 6.11585805054349e-04 5.11375335703370e-02 5.03670207714203e-03 5.85259894090251e-05 -2.43088824708188e-03 1.41624238013947e-04 1.22495302974746e-06 -7.04732578763675e-04 -9.21728669670848e-05 4.15141968331258e-07 -2.09058444754002e-05 1.96032727986794e-06 -1.79582737459507e-03 -2.34134425332110e-04 -1.59434226289677e-05 -8.37940062051331e-05 -1.94197903633742e-04 4.65477926457310e-07 3.96338985888903e-04 5.95554335493925e-05 1.23070495173589e-06 6.03427237222287e-05 -1.97383345559647e-07 -2.59568091469315e-03 7.28814678036834e-05 -6.13517250490503e-03 -1.76235946069709e-03 -7.56128792297384e-05 8.84988275955457e-05 -1.62712961698823e-03 2.38802282877199e-05 -1.49043554128837e-03 3.11217075477806e-02 -3.74596418397898e-05 1.31474476502430e-04 -2.92604162130445e-03 -5.77736882214529e-06 -1.20440208204128e-04 1.42058781154488e-03 8.39383936177611e-06 2.29420611823778e-04 -4.57484812420101e-05 -6.00703574806642e-04 2.71933658107585e-03 -1.99204248325674e-06 -5.61496246308658e-05 -2.18798758984911e-04 -1.27564511679951e-05 -3.32927470834044e-04 3.36099332667148e-04 3.54641607651599e-06 6.56440195769653e-05 7.63109251034401e-06 8.77805609899195e-04 1.88249575219337e-04 -1.47931980151530e-02 6.71408489309607e-03 -1.75312652755472e-05 8.22430738788701e-04 7.29840828747039e-04 -3.06892720270470e-04 -1.29391005121735e-02 -1.96997748275777e-02 3.92731429804312e-05 2.65133370792747e-03 1.48861433974398e-03 1.72755830788448e-05 1.40934433071919e-04 -7.08014658963572e-04 1.02171990763551e-05 1.12054046388701e-04 2.34893692207821e-05 1.97374644066207e-04 -1.73872011352504e-03 3.95722491175750e-05 4.24662630290491e-04 -1.79194982760793e-05 -3.18627907839141e-06 -1.18735779376762e-04 -3.21817838652947e-04 6.87015652070393e-06 -9.48177851405812e-05 -2.66421762344831e-06 2.99328801285140e-03 -1.26035663020455e-02 3.81044542725318e-03 2.64724338676510e-04 8.07247399903399e-05 3.08967325556351e-04 2.86540624193176e-06 -8.89107004492968e-05 7.15845860356884e-04 -1.40214500499931e-05 -4.45014328909762e-05 7.16501461977679e-05 -1.27323500548225e-04 -4.09575759386806e-05 2.85532725612191e-03 -1.24738984791973e-02 3.75656190474440e-03 -2.64141322539067e-04 8.20286331612005e-05 3.09194951813846e-04 -6.10734907037236e-05 -7.78417924375979e-05 6.54330391080173e-04 1.71023042662100e-05 -3.34893972585380e-05 6.40827898022569e-05 1.12653288841918e-04 -5.06845815590933e-05 -1.69270349582547e-03 6.34940990567289e-03 -1.11541378542005e-03 -1.57513081481541e-04 -1.32087031846315e-04 -2.28706472448335e-04 6.26584533371099e-05 -3.77045272444264e-04 -5.32541729724997e-04 2.14782045908676e-05 -4.08465878598260e-05 -5.54697599332755e-05 8.76692282416141e-05 9.00108548560735e-05 -1.87416216777033e-03 7.08136585689406e-03 -1.24139913405514e-03 1.53737504523540e-04 -1.27833269935245e-04 -2.24322301651027e-04 -7.77221035451821e-05 -3.84726610070387e-04 -5.42031861162483e-04 -2.46001195260498e-05 -3.21907569377442e-05 -5.23907129907562e-05 -8.55277043864502e-05 8.48942915794287e-05
 -2.01214403245870e-06 1.81644185663644e-06 1.78716534352693e-04 -4.37189737153704e-05 -9.21915963906515e-04 -2.97231332621050e-06 4.11592821199859e-06 3.98031612495701e-02 -4.14133654224446e-04 6.84146777043442e-05 2.73879953165454e-03 3.05809203784010e-05 2.84520440116301e-05 -1.01159479245534e-05 7.61494623615099e-06 2.65088166101662e-07 -2.32332684053432e-04 -9.52956601615045e-07 -8.65715002755191e-05 1.58263497721343e-05 -1.39198631456203e-06 -1.00623285489901e-03 3.20504359021056e-06 1.59716936733293e-06 2.11210202054953e-05 -3.65707680015523e-07 -7.96270568169598e-07 1.89451591927602e-04 -9.01893883715611e-07 -1.11242162724617e-04 3.03697111928737e-05 1.52991523187497e-06 -2.05893677316974e-04 -3.11836836321769e-05 1.38089325849070e-03 -1.21303381955305e-05 2.27944712997876e-05 -5.48062096084015e-03 -1.06297530515380e-04 -2.36382851847405e-04 1.52960315269759e-03 5.66393306826100e-05 1.16509443286571e-05 -6.17283505081409e-04 3.94248187794999e-06 -6.90500592152774e-06 6.30049778273933e-04 -8.83574328246548e-06 -1.21849863293090e-04 1.35067275391283e-06 -1.99204248325674e-06 9.17220536440886e-04 5.63825569648683e-06 2.34181319503025e-06 -2.48836172778796e-04 -8.15839206625834e-07 -2.73329535397937e-06 1.99083617769161e-04 2.18428576719398e-07 -6.88933111352189e-05 2.46031979092976e-05 -6.96568433324770e-06 4.23581221165846e-05 1.36585679745746e-04 6.62463704274637e-04 -3.23559413627351e-05 -1.71292677715011e-05 9.58453463663388e-04 1.77848750224176e-04 1.68858007322449e-04 7.59860484060252e-04 3.33987744220689e-05 -3.95205868570473e-06 4.02052888036009e-04 -9.29644648231522e-08 1.13199359959258e-05 6.02014342253560e-04 5.15497385022076e-07 -8.50219252043278e-06 1.80050706719453e-05 2.11033477428972e-06 8.79675569897536e-04 8.29045205639933e-06 -6.90876740885687e-06 2.57016995717884e-04 4.82525456085095e-06 5.53049013998982e-06 1.99029106399320e-04 -1.63573585979201e-06 -6.19558094224741e-05 -4.20450814997819e-04 -9.80977343143145e-03 6.74746007617638e-04 6.31740679892522e-05 2.62294692386534e-05 3.90547181229325e-05 4.24498603546681e-04 2.60127202707640e-04 9.08214377675952e-05 -1.61496926284849e-05 -1.72307022278423e-05 3.75603682731871e-05 -1.12285802340529e-06 -1.16676513109042e-05 4.95841573347672e-04 9.64443811726979e-03 -6.42652127851160e-04 5.59437223817537e-05 -2.81380386762936e-05 -4.81112993052246e-05 4.53279181121133e-04 -2.54888886789872e-04 -9.32704542345099e-05 -2.05113151263127e-05 1.68007023360966e-05 -4.09239050170889e-05 -1.90261873042795e-06 1.49509507889554e-05 -1.17493529655628e-03 -3.83887964252946e-03 -8.02404216440240e-04 -3.11261573625137e-07 3.41477107520507e-05 7.95625979829528e-05 3.94742588929942e-04 -1.68949487323940e-04 1.12479954467318e-04 -8.61603092490627e-06 3.27515789382081e-05 2.21851267242612e-05 -1.03322725562374e-05 -6.96952382263825e-06 1.13385789235466e-03 3.53845363111920e-03 8.83357662925397e-04 -1.41401788164821e-05 -3.66871486253720e-05 -7.85915967352658e-05 3.65877536825054e-04 1.50717401514225e-04 -1.14168117103193e-04 -1.36307065818494e-05 -3.12542629459022e-05 -1.58726949930244e-05 -8.43853394970901e-06 4.76445755988449e-06
 -1.28382474584592e-03 1.53760462083006e-04 -6.73027180374920e-04 2.20616392931070e-03 -4.89678025711158e-06 7.17777043830209e-05 -3.31632856950723e-04 2.76265031869855e-04 -5.79959256062582e-03 1.14530243265738e-02 7.26225488467509e-06 2.25762296156087e-04 -2.00090375104924e-03 2.66250375328494e-07 7.44535906716609e-05 -3.57462568808260e-04 -2.86677311921341e-06 -4.90228924560410e-07 -2.68836872822600e-06 1.91329797366792e-04 -8.70418878009825e-04 -5.63114072744486e-06 -2.01398880995695e-04 2.27329072150462e-05 -5.27775077867194e-07 -4.54709040929745e-05 2.08627421503612e-04 -1.10772434238161e-06 -5.52997107552002e-06 -2.66174923819744e-06 1.97763294546426e-03 1.35700187369124e-04 -7.74791854161911e-03 3.95923131203237e-03 7.19681835214960e-05 -2.42624142955809e-03 4.07957281112243e-04 -1.54302801043672e-04 2.61150976335191e-02 -1.28042185002648e-03 2.66455200045563e-05 -5.40363539032990e-03 1.52115369671781e-03 -3.75543634751702e-06 8.82308278080806e-05 -1.17402347057334e-06 1.27888051034187e-06 7.38628257660804e-04 1.47861232067022e-05 2.04499573920332e-05 -5.61496246308658e-05 5.63825569648683e-06 8.47432720984591e-04 -2.75551807563874e-04 -3.67448294373992e-06 -6.39339233604141e-05 3.82382033875457e-06 -1.27577338105986e-06 1.23873942879786e-04 -3.26772058284055e-06 4.06300435305486e-03 1.85057769319998e-04 -9.45947353991992e-03 2.62720589266147e-03 2.43643496011784e-05 2.19412737107008e-03 9.12028242854306e-05 1.25923495355217e-04 -2.32620422691962e-02 4.98455876623441e-03 3.52124430238092e-05 4.40068578203130e-03 9.23893708899823e-04 -2.50288035174183e-06 -1.14080219178530e-04 2.77475118697232e-04 8.62790782639442e-07 7.13643291224670e-04 -1.46459407790724e-05 2.72156603331769e-05 5.44628370644186e-04 3.92342036205736e-06 7.75910764966736e-04 3.10556669619213e-04 3.29892991135534e-06 1.09010382206622e-04 7.64554877381279e-05 -1.98145572915594e-07 1.36185350406361e-04 5.47649337993007e-06 -1.73652679393940e-03 1.00097002606763e-02 -2.17102723623871e-03 -2.50781368939029e-04 1.02773410574451e-04 7.18715702665022e-05 -3.43684474436955e-04 4.46842419305691e-04 4.49843748584519e-05 -2.47926237068955e-05 1.80972550024893e-05 -3.10271048858437e-06 -2.35940987965027e-05 1.16548678943891e-04 -1.67159784722194e-03 1.03489432925943e-02 -2.24293973661058e-03 2.58743941203858e-04 1.00022742165441e-04 7.31311499255129e-05 3.82296581372323e-04 4.19776959022145e-04 5.65245600405643e-05 2.06356012396113e-05 1.73580282047226e-05 -5.05229082670668e-06 2.78796587342215e-05 1.21696710535311e-04 -7.46206708226145e-04 6.17525503721198e-03 -1.14301823296219e-03 -1.71986306661884e-04 -1.21273264550069e-04 1.16732962589212e-04 -3.39701667901921e-04 -3.34172502809935e-04 2.38895998923277e-04 2.31031755967571e-05 4.47898075631653e-06 7.31035569275234e-06 -5.11395272866884e-05 1.16339283119405e-04 -6.19197894713587e-04 5.98290840269122e-03 -1.02659455378029e-03 1.67271149206441e-04 -1.20867816841820e-04 1.14273419266589e-04 3.65058920529376e-04 -3.14442316694295e-04 2.49878124354113e-04 -1.82197752456054e-05 2.51756710776532e-06 9.82493183955689e-06 5.24373028411463e-05 1.12093578470510e-04
 -4.28277085283562e-05 -5.26662089801583e-05 3.47828261329354e-03 -1.27215001879252e-03 5.12783078953174e-07 1.95313317426248e-05 1.40019311828589e-04 3.51055582767312e-05 -2.28389545254386e-03 -3.59234982737858e-03 2.06943406755940e-06 8.52386022693635e-05 1.12022932690799e-03 -1.91143244546330e-07 2.27612787402790e-05 1.45497907521891e-04 -1.31143866114659e-07 -1.17839823576555e-05 -2.12756966962355e-06 5.95509162114558e-05 2.91866949987526e-04 -2.82720331606464e-06 7.64829379526249e-05 9.47584564206367e-06 7.39643554242508e-07 -2.35284863953124e-05 -7.66825799841024e-05 1.31350437085440e-06 -1.00599165330569e-05 2.91561615094605e-07 4.20394413128545e-04 -2.08764742737568e-04 1.00497599936740e-02 -2.58212921246741e-03 -8.44776580851360e-06 5.88653522023711e-04 1.44806005655468e-04 -1.11698626529928e-05 -7.02020646592414e-03 -3.25806166390262e-03 -3.62255007118023e-07 1.49710386526067e-03 -1.63216160476905e-04 -4.09856850268265e-06 -7.09970036988319e-05 -1.88690649887004e-04 1.90615678746287e-06 -2.28040556081865e-04 -2.16967626625396e-06 -2.48583585049507e-05 -2.18798758984911e-04 2.34181319503025e-06 -2.75551807563874e-04 1.69906681032342e-04 1.12780007892550e-06 2.36979000347031e-05 3.00361729151437e-06 1.02197074902012e-06 -6.67746469806504e-05 -1.12177162672567e-06 -1.42953312874932e-03 -1.43015933225324e-04 6.15538828065410e-03 -1.61134491722408e-03 -2.39245883788179e-05 -1.01123206322845e-03 -8.06453430646350e-05 1.22184952006968e-04 9.58688482227131e-03 -1.93850732709204e-04 -3.78571564458894e-05 -1.77324186212496e-03 -3.02051863743020e-04 -1.83397261494258e-06 4.18535955245251e-05 -4.31446073965825e-05 1.13289256688195e-06 -2.60070839191416e-04 6.27942008301122e-06 1.33583115325897e-05 2.00171934252138e-06 -8.28055315696528e-07 -2.98864103173379e-04 -1.39629970213087e-04 4.11546980761587e-07 1.99108322666756e-06 2.01303287426946e-05 4.58457492455059e-07 -5.88419819521427e-05 -1.62589859721478e-06 -4.96770898236941e-04 1.63337797858849e-03 -8.11442142562250e-04 -1.85095995501232e-05 -7.75241379371583e-05 -4.23542368928449e-05 4.96211549990996e-05 -1.25672116718193e-04 -1.02657390989124e-04 1.14509536705814e-05 1.46879837836502e-06 -8.59798272995753e-06 2.06022980072001e-05 -2.52766423904786e-05 -5.13721304838623e-04 1.68304363894626e-03 -8.14839095560886e-04 1.79082200905509e-05 -7.72849597977180e-05 -4.31149119895553e-05 -5.36432297065986e-05 -1.18002801860738e-04 -1.01106622038477e-04 -1.04705691522562e-05 1.18648848790381e-06 -6.87189528673228e-06 -2.09795804427836e-05 -2.49897833587905e-05 1.21577001103460e-04 -2.08258718034968e-03 3.42343995478444e-04 7.50971876426206e-05 6.23184406180595e-05 -2.06717117292093e-05 1.42773113106607e-04 1.06846430767229e-04 -5.99383918929232e-05 -1.94651964630904e-06 -1.45722075980498e-06 3.82185428608313e-06 1.38986392612227e-05 -5.24275337282172e-05 1.17760348180820e-04 -2.28016715239748e-03 3.74124669275866e-04 -7.61263230010911e-05 5.87461302145513e-05 -2.24734143257581e-05 -1.55131914740649e-04 9.58613308732151e-05 -6.64817978976110e-05 -1.23025875790728e-06 -2.22103649349056e-06 3.13801821656457e-06 -1.53859338334452e-05 -5.11356798704663e-05
 3.36945526844604e-06 -1.67307216914888e-06 -1.07451638107071e-04 2.20885009181021e-06 2.52825980651375e-04 4.67088811379048e-06 1.81606094166606e-06 -1.19289418241276e-02 -1.48169574974910e-04 -1.18950316403980e-04 -6.69744398554211e-04 5.40289062057552e-06 -3.42411349953684e-06 -6.24523669912421e-06 1.39526102344868e-06 1.91550143185982e-06 8.13621500251734e-05 2.29655317370105e-07 -3.00241625688107e-05 4.25318482342987e-06 6.00886076988677e-06 3.45437097232862e-04 -1.97698099284375e-07 5.86691255829230e-07 1.01483104563886e-05 -1.67981072798004e-06 -1.07074748219442e-06 -6.51785522425184e-05 8.04236393069516e-07 3.57817765285627e-05 -1.97246611310212e-05 4.15619625310147e-07 4.48816406320375e-05 2.46007027414277e-05 2.88200476539890e-05 1.55887858386961e-05 -5.70836447158704e-06 -3.04732704578822e-03 -5.61794330852162e-05 -4.87762156693604e-05 2.79865229486721e-04 3.99308260755348e-06 -5.21385813636950e-06 8.15714080077687e-05 -1.84882413945285e-06 -4.13295612986564e-06 -1.55555177679961e-04 -1.60206879531367e-06 -1.54982319859496e-05 3.30035225776633e-07 -1.27564511679951e-05 -2.48836172778796e-04 -3.67448294373992e-06 1.12780007892550e-06 8.84350855688902e-05 1.99504939744779e-06 -1.22904900841146e-06 -5.67678651934767e-05 -1.09474938579568e-06 3.46041698651598e-05 -2.41988115518038e-06 2.69007248143774e-06 6.13881428484305e-06 -7.31469874044485e-05 -2.19397579870169e-04 -3.97195273726546e-06 -4.23067321987045e-06 3.05388461378049e-04 1.14832737816152e-04 1.03339027340137e-04 -9.63083566837581e-05 -4.60648027566150e-05 -1.95001812518657e-05 -1.99057611987366e-04 9.73552505966633e-07 2.56732849163596e-06 -1.84498586625025e-04 -3.76445027687446e-06 -1.05964596950217e-04 -2.58438877050629e-06 1.09066021568202e-05 -2.65418842831078e-04 -1.01722990644828e-05 2.15944216417952e-06 -7.37970962475708e-05 -6.32475520223199e-07 -6.47545220495649e-07 -6.26136334758288e-05 3.17556949194166e-07 4.82391581427279e-05 6.83502107410404e-04 -1.20169566685073e-03 8.29779615646976e-04 3.13398857351192e-05 4.83332711560240e-05 -4.03959223010918e-05 -1.03191418644163e-04 -1.75330295423200e-05 -3.83861191041593e-05 -1.56256481295795e-05 1.41515508382547e-05 -2.73658404660998e-06 9.56129539739041e-06 5.52104943196375e-06 -7.09963560652551e-04 1.22996567741660e-03 -8.42991592970186e-04 3.24381453840242e-05 -4.82142862007708e-05 3.90099600569530e-05 -1.17471236601855e-04 1.64409084407909e-05 3.39891421567064e-05 -1.42926702967650e-05 -1.40816443987821e-05 3.40382344525841e-06 8.48601630609656e-06 -7.12426631420462e-06 2.12198695948216e-04 1.91709488167426e-03 6.79399164564080e-05 -4.07535751962113e-06 -1.22245589459534e-05 -1.68406642660711e-05 -1.08796261024829e-04 3.77602063081727e-05 -3.26009073336060e-05 5.75293941470437e-06 -8.85682983104597e-06 -3.40791314166208e-06 3.42484529125341e-06 5.67230827919508e-06 -1.49262048529449e-04 -2.06422819127727e-03 -3.43458851006734e-05 -5.04563032931466e-06 1.40949850045539e-05 1.91241050360747e-05 -1.05050330069412e-04 -2.43961492757841e-05 3.97827142729224e-05 7.46473447071990e-06 9.42740667813685e-06 2.25228928042241e-06 3.94346390028481e-06 -7.63825608293849e-06
 -6.43259118687257e-04 8.57672133849133e-06 -6.92181957172168e-03 2.23898601520632e-04 2.43407184388082e-06 7.00317560887715e-05 5.38378831081883e-05 -1.26455819796915e-04 -4.97632884052240e-03 1.61548961821544e-03 -1.11128717962399e-05 2.37283573816233e-04 2.01151516288709e-05 -2.55595530676943e-07 6.81515161656374e-05 4.34495165779879e-06 -2.97858551005796e-07 2.60322973597035e-05 -3.22757509639509e-07 1.77014542159082e-04 -2.37089714358598e-06 4.12029792709550e-06 7.26349043601227e-05 1.91531738052854e-05 3.41246016554296e-07 -3.88347688486444e-05 -9.33423897314428e-06 -2.18181750273133e-07 -2.92407502811027e-05 3.69938888623947e-07 1.68740646285310e-04 1.57150673808572e-05 -7.81537791473296e-04 6.35826676083745e-04 2.82185793413440e-06 1.53105003713356e-04 3.59415420706624e-04 1.33657550335567e-05 -3.08883704202686e-03 -5.77039100352933e-03 3.17671516727166e-06 3.35194921397401e-04 7.05107874406203e-04 1.14820943667550e-06 1.27034723762521e-04 -1.86765424564295e-04 -1.43992550491776e-06 -9.23516371276943e-05 3.89104908593607e-06 2.20716176019945e-04 -3.32927470834044e-04 -8.15839206625834e-07 -6.39339233604141e-05 2.36979000347031e-05 1.99504939744779e-06 7.83514865139743e-05 -3.78896695548381e-05 2.20525781733000e-07 2.12443652221663e-05 -4.90642215733000e-07 -7.39768941082217e-04 1.69641415318262e-06 2.08708424549472e-04 -8.96494430894608e-05 -1.51419559758050e-06 -2.19514049801306e-04 1.34089307328394e-04 5.28682105065299e-05 4.41716236549683e-03 -8.50671738365611e-04 -1.68346720193499e-05 -5.10312808764367e-04 2.87680339982486e-04 -3.32304601452756e-06 -1.28479515179466e-04 1.81843930238680e-05 -2.25705798823418e-06 -8.06120750396662e-05 -5.59012443386896e-07 -1.85911786273805e-04 8.89828617642735e-05 -5.80684061276657e-06 -1.20172398187339e-04 -6.83035122102284e-07 9.34237933751557e-07 -3.33992416836257e-05 2.51358396188849e-05 -8.38924717608270e-07 3.86622762021222e-05 -2.61690266542855e-07 8.50849549462041e-06 -4.86132065285820e-04 4.21124511988867e-05 9.25018901765836e-06 -2.68266585101631e-05 -6.65754136961710e-05 1.63459755858809e-05 -6.61009263246654e-05 -1.35009942536007e-04 1.12037693249004e-05 8.11776992556628e-06 -1.00800548734993e-05 2.34144125375810e-05 -5.58997443731943e-06 2.01129147146588e-05 -5.43455900598064e-04 6.04423176104864e-05 -1.07156010718849e-05 -2.65949224044421e-05 -6.66960451823698e-05 -1.16732025757873e-05 -6.46824799816133e-05 -1.28299404534317e-04 -1.12522309726259e-05 6.62294871928233e-06 -8.82271841508920e-06 -2.22102300588995e-05 -4.97163648444010e-06 4.38826371451371e-04 -2.20631254101914e-03 5.05361468854469e-04 4.63944636241000e-05 3.37985036563815e-05 -1.23130435053430e-05 6.59162842297057e-06 1.09213623867497e-04 -1.73028006143864e-05 -1.21540300021071e-05 -1.82857196697670e-06 1.09418546569395e-06 2.08855645314033e-06 -2.11163264181398e-05 4.51235450592434e-04 -2.32783687049169e-03 5.17579274036265e-04 -4.60678135138878e-05 3.27011618963105e-05 -1.26133933433958e-05 -5.98700536651013e-06 1.08103841998822e-04 -1.86875028735984e-05 1.26546441580914e-05 -2.10262762026406e-06 -7.46286967399239e-08 -2.78094646800862e-06 -1.94900129254589e-05
 2.64806329336499e-04 5.48488876420453e-05 3.34027542489517e-03 4.66824429905511e-05 -6.55574872530628e-07 -1.20453812169614e-04 -8.10823445352981e-05 -1.18174455613598e-05 7.79001373215073e-03 4.36661100636600e-03 2.02617173998673e-06 -4.11280106470978e-04 3.09837841675986e-04 2.13393939031788e-07 -1.17111742543131e-04 -3.23674703350606e-05 3.16296944082269e-07 5.92697729096098e-06 -1.34426579246416e-06 -2.92780725057461e-04 -1.60919135747269e-04 9.16744209196902e-07 3.22093492982987e-05 -2.84311800325598e-05 6.45222129502611e-07 5.50647520300080e-05 2.33653344384499e-05 -3.79432449413814e-07 -2.42632321954957e-05 2.36631419567645e-07 3.37829619028582e-04 -1.15882939899770e-04 4.32849076098036e-03 -9.33667845896204e-04 -5.97091045236129e-06 -2.61012536007785e-04 1.39784910032403e-04 -4.21296350888122e-05 6.02890653858211e-04 9.48391985137027e-04 2.04176100763190e-07 -4.27658517589529e-04 2.41047361752834e-04 -1.65168360222356e-06 5.71334520087930e-05 9.53090808108640e-05 1.84305598601611e-07 7.46068625061799e-05 -3.83124887174398e-06 1.56784663940573e-05 3.36099332667148e-04 -2.73329535397937e-06 3.82382033875457e-06 3.00361729151437e-06 -1.22904900841146e-06 -3.78896695548381e-05 8.18838257329300e-05 5.74158212134911e-07 3.01777082108917e-05 9.95390489473953e-07 -7.64882166932036e-05 -2.01074417696966e-05 -1.42687765870739e-03 1.39498581887571e-03 -1.39847383186465e-05 5.19172953112669e-05 3.82966007112645e-04 1.19108519865436e-05 -8.13014760114416e-04 -5.96708304261276e-03 -1.29484502801832e-05 5.38526936422355e-04 9.31153990450464e-04 -9.23870864957644e-07 -8.60955090449205e-05 -1.75035221185982e-04 -6.59141127414681e-08 1.20524891071351e-05 7.76687155891257e-06 -1.09179640966155e-04 -3.01940639997806e-04 3.32102618189610e-06 6.44040301772415e-05 -1.97598816002335e-05 -2.81685694797477e-07 -2.76090105443027e-05 -3.02056143187617e-05 5.51897545596650e-07 6.27264196485688e-06 2.16129722487125e-07 -2.56638596885346e-04 1.43306256265536e-03 -4.79680015566297e-04 -3.20788791012402e-05 -3.51046126277997e-05 2.77920915187223e-05 -8.55102635051280e-05 -3.29883739859804e-05 2.80718111786689e-05 7.22433608706680e-06 2.29223051656109e-06 3.60991835795037e-06 -9.70653949886260e-06 5.36078485830145e-06 -2.86160710738285e-04 1.51311026425544e-03 -5.12648367240495e-04 3.33678206683113e-05 -3.60494065719903e-05 2.82358372844049e-05 7.82851589165099e-05 -3.02135273421651e-05 2.15387235456758e-05 -7.25605228541148e-06 3.65109810378540e-06 3.47592627197569e-06 7.56088907027514e-06 4.65109892480822e-06 -4.60754339907723e-04 1.31365750987613e-03 -2.66779410041842e-04 -2.35785027303705e-05 4.07612296788692e-06 -6.11279500119218e-05 1.57813129642477e-06 -5.28662288684932e-05 -1.57668867425887e-04 1.83777828870302e-06 -1.65523526029696e-05 -1.25332285929010e-05 2.42163589432898e-05 1.08337040527041e-05 -4.98180811387330e-04 1.29891282710673e-03 -2.74353244991263e-04 2.21875032024019e-05 4.40146072633201e-06 -6.04465881411990e-05 -1.15137228730172e-05 -5.84931927020499e-05 -1.62372956916337e-04 -2.59082530869702e-06 -1.45897196849316e-05 -1.23839550451136e-05 -2.44857492683159e-05 9.92586246183244e-06
 -3.56493450040085e-06 1.84756338750375e-06 4.31239487808230e-05 -6.17055605666528e-06 -1.97978174064926e-04 -2.24929657866607e-06 -7.55412588923207e-07 8.78647592157969e-03 2.27262100314400e-05 1.46510919698591e-04 5.68578191179205e-04 9.11388415691284e-07 1.78927779775091e-05 -1.58001834616666e-06 1.05712545375750e-07 -2.53682565465351e-07 -5.41130289762163e-05 4.15367839334904e-07 -1.54722250190668e-05 -2.83488893454276e-07 -3.27294738317932e-06 -2.32749580730426e-04 3.14679178938710e-06 -8.94330099567957e-08 3.62516876166318e-06 7.52442663490126e-07 -1.88320114582066e-08 4.38721677508600e-05 -1.23947167759364e-06 -2.51170579128380e-05 -1.27798874718808e-05 -1.18672631992970e-06 -2.64148012011866e-05 -3.40216074834499e-06 2.37764465864108e-04 1.96368424078656e-06 1.20580884465153e-05 -5.38167940667702e-04 -1.31648098582060e-04 -1.10488755763695e-04 2.11601262102010e-04 1.86411579464949e-05 1.80066807766171e-05 -1.27077264214954e-04 4.65332533649940e-06 -9.72788858292413e-07 1.34283432993177e-04 -3.44589350588733e-06 -2.90330120076889e-05 4.34444837947695e-06 3.54641607651599e-06 1.99083617769161e-04 -1.27577338105986e-06 1.02197074902012e-06 -5.67678651934767e-05 2.20525781733000e-07 5.74158212134911e-07 4.37624572170034e-05 9.50751697724826e-07 -2.00413463597592e-05 -2.08837775754043e-06 -2.90754404257952e-06 2.04806877267028e-05 4.93555565199039e-05 1.12249863596056e-04 -9.09996442655871e-06 8.56247739332959e-06 5.27211138181665e-04 1.09935977584620e-04 -1.36728337480775e-04 8.53841650137394e-05 8.60672947950160e-06 2.40186823196884e-05 9.16677967708876e-05 -3.78887611584302e-06 -1.99636838067978e-06 1.30552918791368e-04 -1.60210894538743e-06 9.39002874103844e-06 -1.49635036110156e-06 -6.05299553314109e-06 1.91744737741219e-04 5.97752664696036e-07 -2.63824359711820e-06 5.73718530529583e-05 -3.36514378109303e-07 8.92360823887646e-07 4.40371110371391e-05 3.08954305675652e-07 -1.93603120861671e-05 -1.58334137500880e-04 -1.64962608110477e-03 1.72077454943660e-05 7.87567040648480e-06 -4.13454935406540e-06 1.16625035297477e-05 8.98440056068666e-05 4.41622489742244e-05 1.93458900001331e-05 5.99826629918454e-08 -4.96557630773045e-06 6.66121869642994e-06 -1.41723200647084e-06 -3.87009516870783e-06 1.85675166601683e-04 1.52490972816642e-03 1.07751414834634e-05 4.14282074462728e-06 1.67755070418888e-06 -1.49850453070170e-05 9.59348255130505e-05 -4.76454289185315e-05 -2.37249956480913e-05 -1.44657848466240e-06 5.22053711794746e-06 -7.38174070487947e-06 -2.09095334202096e-06 3.83121023426476e-06 -2.89332119592226e-04 -6.20604929741729e-04 -2.41649006361820e-04 -3.21246122718508e-06 1.37147861323160e-05 1.73297166148488e-05 8.49182692399146e-05 -2.93129352687828e-05 2.04548277145569e-05 -4.16040842571463e-06 7.39146991862369e-06 3.49191621044241e-06 -2.32577342422351e-06 -2.81519530679638e-06 2.68138963184370e-04 5.67294747126626e-04 2.53584632667254e-04 -6.26669946489957e-06 -1.23560067347413e-05 -2.07417688348053e-05 7.89967022709405e-05 2.75884619291360e-05 -3.05796277486289e-05 -4.64671291206521e-06 -8.00173841688625e-06 -2.79746086435580e-06 -3.36565097420560e-06 2.06439481583381e-06
 -3.37751261929324e-04 8.78903038743333e-05 -4.00216852927971e-03 8.99479464540901e-04 -2.12524629407372e-06 -3.15738796818098e-05 -1.10472166786843e-04 4.40426269594378e-05 2.06463414355742e-03 7.41338007707582e-03 3.04049964513791e-07 -1.19386463808048e-04 -3.03337739935905e-04 1.04832698958287e-07 -3.16335988403204e-05 -1.08694598511739e-04 -1.24413672300325e-06 3.12836427675702e-05 -1.06622867639717e-06 -7.40768032568968e-05 -3.20704045199549e-04 3.61932369936522e-07 4.32139641833021e-05 -7.27141737387275e-06 4.68195715066376e-07 1.49371523995895e-05 5.82657658930472e-05 -2.31120351973213e-07 -4.06205984801502e-05 -2.87865681661623e-07 -1.79695801855488e-05 1.90805441527614e-05 -2.37717576668916e-03 1.32080979506987e-03 8.57463376073179e-06 -4.64362758665844e-04 3.90958959623196e-04 -1.62587815775148e-05 2.49108659796244e-03 -3.08321470432976e-03 4.21715266115870e-06 -1.06810385169287e-03 1.00185114865576e-03 -9.71245566960154e-07 1.91782288507013e-04 -5.80232274181431e-06 4.30772718654615e-07 1.24915302221057e-04 1.39180331902545e-06 2.09086279408345e-04 6.56440195769653e-05 2.18428576719398e-07 1.23873942879786e-04 -6.67746469806504e-05 -1.09474938579568e-06 2.12443652221663e-05 3.01777082108917e-05 9.50751697724826e-07 7.69734142223466e-05 2.83401753456745e-08 4.25064289031134e-05 4.39562076347418e-05 -3.73755310742460e-03 1.76989428266651e-03 -7.83166901700472e-07 4.59552208885316e-04 4.64902572601753e-04 4.42819516151570e-05 -2.62993589737542e-03 -4.94325449241692e-03 -9.53211311735041e-06 1.07684618949976e-03 1.16607679726795e-03 -1.51583215253039e-06 -2.00604808608036e-04 -7.91718379076029e-05 -1.18095846897437e-07 1.05427731578309e-04 2.35410435769651e-06 -2.40145760142670e-04 -1.03271744136045e-04 1.11130471792286e-06 1.27325497844088e-04 6.08313797413980e-05 1.73023082842693e-06 -3.97808570719010e-05 1.58675897292119e-07 2.57690858313373e-07 7.22910738894529e-05 4.23132260118275e-07 -1.06877913437640e-04 5.49700730024668e-04 -9.61732074073920e-05 -2.20485974872064e-05 -9.72236420655370e-06 -1.50567817528613e-05 -8.75927239291927e-05 8.11630194746391e-06 -5.50364286079045e-05 7.61291813952004e-06 9.87252748443514e-06 -2.00048010962833e-06 3.40185391359724e-06 1.71270287035584e-05 -9.81267566137862e-05 5.89614171909759e-04 -1.01092514948400e-04 2.23314494963150e-05 -9.85619965927224e-06 -1.51123922742738e-05 9.35648114386855e-05 5.51555405190996e-06 -5.49742945622275e-05 -8.20086916285497e-06 9.92752787941086e-06 -2.04562216648382e-06 -3.75971395083745e-06 1.75775467438996e-05 -1.36453209588704e-04 6.72594999605774e-04 -7.53341725676282e-05 -2.63519355293629e-05 5.20283491460650e-07 -3.95018309786720e-05 -8.36950312405827e-05 -1.60354722484866e-05 -9.69289700056367e-05 -7.07839677425109e-06 -1.39110411513367e-05 -1.00117403264233e-05 1.09458350238745e-05 2.13992936115186e-05 -1.30383364052398e-04 6.12308484380486e-04 -5.82785690888024e-05 2.51316677437002e-05 3.52457350033914e-07 -3.95402711236781e-05 8.59618374772849e-05 -1.52220068798196e-05 -9.95676057337165e-05 8.20427915061403e-06 -1.28613634034234e-05 -1.04456573085522e-05 -1.12354887831419e-05 2.14268600009390e-05
 9.05607935391734e-07 9.08708016655987e-07 -2.24064641069161e-05 1.63480792937776e-06 2.05328675509084e-05 -6.81057062944375e-07 1.21322789400159e-06 -3.82132536101289e-03 1.51325998664268e-04 3.50920125338503e-05 1.80027533081349e-04 -4.95674090077461e-06 5.37584844650688e-06 5.40841514103913e-06 -1.65623719311408e-06 1.70789023643039e-07 5.70199319348962e-05 3.45871064183393e-07 3.97308549527609e-05 -5.03551999521497e-06 -5.85559416534230e-07 2.28851818806973e-04 4.92806932869971e-07 -5.74600774190602e-07 -1.18405270582825e-05 1.64959253441067e-06 1.28966365893784e-07 -4.36442572592854e-05 -2.48855582212215e-07 1.75825072578655e-05 2.48684716704605e-05 1.92364009688387e-06 -6.39786548216432e-05 3.90493499107046e-06 3.82188664454895e-04 1.88618239452340e-05 -3.87114726623498e-06 -4.19363865763625e-03 -1.13538732439990e-04 4.59870665990102e-05 1.00645012110776e-03 2.66899658034424e-05 1.03713535570013e-06 6.81983244877366e-05 2.52394616488705e-06 2.97516565943187e-06 -2.59676032670103e-05 -6.04262231113763e-07 1.51041020222824e-04 -9.18663576178504e-07 7.63109251034401e-06 -6.88933111352189e-05 -3.26772058284055e-06 -1.12177162672567e-06 3.46041698651598e-05 -4.90642215733000e-07 9.95390489473953e-07 -2.00413463597592e-05 2.83401753456745e-08 7.84118018795489e-05 -1.48037024457930e-05 -4.65565716262089e-06 1.22161416793069e-04 6.76987393358761e-06 6.56569830898185e-04 1.24906102431149e-05 1.04028018745952e-05 -7.57151578957462e-03 -2.47887389473564e-05 -1.42024691292819e-04 1.33099350554801e-03 1.79480692178206e-05 9.67939294213795e-06 5.02104278034046e-05 -9.55992673239439e-07 -5.45110204626557e-06 -2.58725532941366e-06 8.54058946732717e-07 -1.84264135225002e-05 -2.20852182544352e-06 -8.96847261762923e-06 -3.17641530988043e-05 -3.23882965216890e-06 -1.51068080886638e-06 -4.31771080720639e-05 -1.78752777440290e-06 2.03886725326913e-07 -1.53523607270350e-05 -2.06098276083669e-07 6.42241377423495e-05 4.39208970229290e-04 -2.68653643968674e-03 8.81327940802676e-04 4.63479800915180e-05 7.08650762274644e-05 -2.87673705190286e-05 3.43940724754673e-06 7.98456610077439e-05 -1.41357392005012e-05 -2.76305437135884e-05 1.13444800382919e-05 1.35204390656518e-05 1.22477349629446e-05 1.46922784118500e-05 -4.09721332481093e-04 2.48367188660118e-03 -8.35236460873467e-04 4.22750272960435e-05 -7.08277877608013e-05 2.85373598239764e-05 -8.76699658331259e-06 -8.32159640810453e-05 1.82849784655785e-05 -2.69537307910399e-05 -1.17545935005705e-05 -1.22800329580939e-05 1.21535756979389e-05 -1.64198976655595e-05 8.92128013922575e-04 -5.65495031415606e-03 1.67236617888990e-03 7.39534356785735e-05 -1.02541537893886e-04 -5.20563785025874e-05 -1.22262101670676e-05 -8.94899910960388e-05 -1.58831619795025e-05 3.43327148712571e-05 -1.73503285133765e-05 1.36732364634016e-05 1.49647329364193e-05 1.55963997558139e-05 -9.33860831318547e-04 5.86143066769143e-03 -1.74117606519212e-03 7.98083294831123e-05 1.05255237135514e-04 4.87478587507075e-05 -1.03540647622846e-05 8.92132937638024e-05 1.39813202432286e-05 3.37885612809918e-05 1.67615420296034e-05 -1.50059393322434e-05 1.44331171694921e-05 -1.28241167341838e-05
 1.49267086165020e-03 -3.99972202862776e-04 -5.31658564405827e-03 2.42304953027584e-04 -3.61070811434741e-06 -6.23938011425017e-04 -9.81710712180554e-04 5.11789131666392e-04 -1.11594668414430e-03 6.10960748157085e-03 1.48120965798486e-05 -2.48173479376280e-04 -1.03985353623003e-03 -5.78664787814738e-07 -7.19780012105700e-05 -5.86988331021237e-05 -6.36742846000027e-06 9.31589505855940e-05 1.86609094218386e-06 1.85574753095795e-04 -2.36545025221046e-04 -7.51565088408708e-06 3.87556535361796e-05 -7.37713021408723e-05 3.06890505396729e-06 2.32580364261540e-04 1.68127973160746e-05 6.38061054334147e-06 -2.60650102385197e-04 -1.71763652815735e-06 -2.52442864519351e-04 1.63945624093535e-03 -8.87242426051488e-03 -2.89065417018384e-03 5.23350989929982e-05 4.87640953173267e-03 -1.46716770661380e-04 3.62823108813941e-05 -5.88511292458325e-05 -2.64481280230359e-03 7.35460166745873e-05 2.90901552260827e-03 8.93727065559019e-04 -9.74259859862526e-06 1.58038040501483e-05 1.72578719598895e-04 5.91206176124078e-06 2.56309597903658e-04 -6.76229705623479e-05 6.02605707084312e-04 8.77805609899195e-04 2.46031979092976e-05 4.06300435305486e-03 -1.42953312874932e-03 -2.41988115518038e-06 -7.39768941082217e-04 -7.64882166932036e-05 -2.08837775754043e-06 4.25064289031134e-05 -1.48037024457930e-05 2.00418070481969e+00 6.52703672113440e-03 8.86916026463938e-03 1.09136232385887e-02 2.53653743202339e-04 -5.20954286502112e-03 -6.62587016978207e-03 -2.99336317775871e-04 3.47777431469990e-03 4.13005208403431e-03 1.12775056317433e-04 -1.25302914744064e-03 -2.09139156171107e-03 4.49664834083582e-05 -2.27678924321448e-04 -1.24111006105913e-03 -3.52156694234055e-05 -2.86458660461224e-04 -1.64042198352768e-04 4.44512427713574e-04 -2.97422205449828e-03 4.29374105134277e-06 1.79396909604324e-03 -6.90352735585161e-04 -1.05038926127648e-06 -1.83658792465055e-04 4.24471617744254e-04 -1.20817255882643e-05 6.87158375927853e-05 8.68668190462979e-05 -1.59371417427254e-03 -8.63900760808644e-04 2.31545728945733e-04 -6.91299217783023e-05 -3.84284307352490e-05 4.95913457380755e-05 4.61532885133378e-05 1.22746517534829e-03 -4.73534277215042e-04 -5.72548971969986e-05 5.09265027193271e-05 5.85861562264014e-05 4.69624706191250e-05 1.69728380744079e-04 -1.55116974192873e-03 -8.96900248735291e-04 3.51442723429883e-04 6.97208939351351e-05 -3.40563638307448e-05 4.75035925898843e-05 -5.73888358887653e-05 1.19607398513171e-03 -4.73142137353886e-04 6.00443272230291e-05 4.83441590197255e-05 5.52585013081115e-05 -4.56452451636218e-05 1.66278116258364e-04 -1.12770296695410e-02 -3.55453934080854e-03 -2.52267329959869e-03 1.78671902675803e-04 -1.26320340056993e-04 -8.72091727481526e-05 5.40956179112258e-03 -3.12750068958724e-03 -1.09558124989327e-03 8.58794572788701e-04 -2.23182742073586e-04 4.42927943327129e-04 3.96914700967985e-04 -5.05008808365576e-04 -1.09615044985448e-02 -2.85414648190596e-03 -2.62654227858195e-03 -1.76001498165702e-04 -7.93740085853742e-05 -8.01052430253989e-05 -5.27076412706979e-03 -3.02758017744640e-03 -1.04101128698523e-03 -8.11677957175933e-04 -2.04590777334102e-04 4.42302832742695e-04 -4.00651133085793e-04 -5.50981576341440e-04
 -1.08524055166173e-03 -4.76769420516797e-05 -7.44933766797035e-03 1.22303262895665e-03 6.08244951521044e-06 -1.11540212498629e-04 -6.41223613975282e-05 -2.78230392706426e-04 4.24597339793504e-03 -4.12740772844892e-03 -3.83735758920203e-05 -3.08218008868689e-04 -1.54579919911793e-03 -1.71631441069890e-06 -1.06899590453584e-04 -7.12637285887930e-05 5.19474684890475e-07 1.12975424169065e-05 -8.44137661587798e-07 -2.68860446165659e-04 5.70628291586679e-05 6.08130871213855e-06 -1.04694002818856e-04 -9.08511662655494e-06 1.29659626815003e-06 6.40880267393694e-06 2.02491381234295e-05 -1.63946821952414e-06 6.29226608689914e-05 8.61860111751337e-08 1.55655154833573e-03 1.59551522111317e-04 -2.60819160997178e-03 -1.13853775259916e-03 -6.29595917612362e-06 -1.11609845691494e-03 -4.11253676694231e-04 5.73018762679151e-07 8.37531253603169e-03 6.67682503167435e-03 -2.10161764995651e-05 -8.41876202432483e-04 -1.33710985214539e-03 -6.17694470843419e-07 -1.39743845366994e-04 2.01712912140433e-04 -5.16110773524910e-06 1.96647780045594e-04 -1.16303878041554e-05 -1.45701350960606e-04 1.88249575219337e-04 -6.96568433324770e-06 1.85057769319998e-04 -1.43015933225324e-04 2.69007248143774e-06 1.69641415318262e-06 -2.01074417696966e-05 -2.90754404257952e-06 4.39562076347418e-05 -4.65565716262089e-06 6.52703672113440e-03 6.36393839704097e-04 -2.62107921836243e-02 5.95540837664857e-03 -3.51050128848107e-05 -6.78769323813612e-04 -8.43096726572250e-04 3.35857003525307e-04 7.28344255654478e-04 6.73501513590021e-03 -3.48703635609008e-05 -2.67530528926290e-04 -7.46621890339528e-04 -1.02848410720136e-05 -1.11832330742284e-05 3.04098164250398e-04 -1.20260636798825e-05 -4.41072746586237e-05 -8.26504068841163e-06 9.35589619332408e-05 8.24030018080899e-05 5.00497439095676e-06 1.03512491694848e-04 2.27005046159276e-04 -5.59213713524910e-07 -1.96213812430383e-05 -1.25619791885235e-04 1.31493927600451e-07 1.01410518527273e-05 3.67234198497443e-06 4.67864944367863e-04 1.61688997162913e-03 -4.02416095559466e-04 -7.83804676574333e-05 5.40839043939876e-05 8.75328448270959e-05 -2.27660411499018e-04 -1.36907511596432e-05 2.22279041676229e-04 1.78795346599788e-05 -1.58912080392241e-05 -5.93810267467385e-08 -4.10113825390814e-05 4.53337174626315e-05 4.41035586961857e-04 1.60191155043314e-03 -4.19201770285235e-04 7.99598263925145e-05 5.61719102669484e-05 8.94548586315776e-05 2.19012494758731e-04 -1.23834093462749e-05 2.22940568652018e-04 -1.65774043887407e-05 -1.50746622563921e-05 -7.72794549229875e-08 4.23503225857235e-05 4.68612207935447e-05 2.35501836933612e-03 -1.22151275380617e-02 4.02566098379319e-03 2.33279922593383e-04 -1.67284201450096e-04 8.50619822797988e-06 3.30084687976685e-04 -1.11331783494543e-04 1.56538788758368e-04 3.28406016632485e-05 3.00042949989650e-05 2.41845526255100e-05 -1.61853321208157e-05 -3.07233250934329e-05 2.46174925932054e-03 -1.29118076978216e-02 4.21489034820247e-03 -2.47186986717925e-04 -1.79393979296247e-04 3.34503787734201e-06 -3.25734395351777e-04 -1.11372592072471e-04 1.69337698732589e-04 -3.24966028812154e-05 2.89297711781423e-05 2.65325822025797e-05 1.47266037315286e-05 -3.21014956733431e-05
 -5.38197568376359e-03 -3.53107797706123e-03 -4.59870733225029e-02 -6.92220136721632e-02 3.46813719283405e-05 6.05236053669871e-03 1.31082104095051e-02 1.74008270092868e-03 -2.35522599224468e-01 -2.34185584029052e-01 5.49085900780167e-04 1.73358731775173e-02 4.27037927606796e-02 2.13533806657507e-07 5.70738120778523e-03 6.35896789527585e-03 2.75614001414314e-05 -1.40472086501922e-03 -1.64952858858454e-05 1.41356475405151e-02 1.12837377364248e-02 -2.16964417915593e-04 8.43785442856145e-04 5.54761492428323e-04 -7.99103306870267e-06 -4.57830726398233e-04 -2.89998716830708e-03 6.48494150864570e-05 -1.18270424859991e-03 2.29688894734653e-05 -8.66754254962585e-03 -2.79159475024701e-03 1.29463182998376e-01 4.71809367880210e-03 -1.17593068261417e-04 6.09620612510818e-02 -4.94375888612389e-04 1.89209939078130e-04 -3.77398502514994e-01 -1.18048741331305e-01 -1.86806578598889e-04 7.45216159361729e-02 1.83562188847690e-02 -3.86546090990576e-05 -1.21244046638835e-04 -9.33842658521570e-03 7.96269044579777e-05 -1.16173311622522e-02 1.82322322471217e-04 3.29744106065465e-03 -1.47931980151530e-02 4.23581221165846e-05 -9.45947353991992e-03 6.15538828065410e-03 6.13881428484305e-06 2.08708424549472e-04 -1.42687765870739e-03 2.04806877267028e-05 -3.73755310742460e-03 1.22161416793069e-04 8.86916026463938e-03 -2.62107921836243e-02 1.32860613925891e+00 -3.49865607533757e-01 6.04938626807230e-04 2.72967020523540e-02 1.92288289122377e-02 -7.79856427395809e-04 -7.59489254057222e-02 -9.96133096421084e-02 -1.44721545851004e-04 -1.96274867187460e-02 -1.28395467674995e-02 6.14283477200581e-05 7.89261542225612e-03 -1.37061323803513e-02 2.50951076091029e-04 7.41292971929826e-04 -2.93714970464448e-04 8.68806605541847e-04 -7.52266054203091e-03 -5.85319920925905e-04 -5.37067041993195e-03 -1.03714619801194e-02 -6.29673264814781e-05 9.43115266253869e-04 4.38173326292723e-03 -1.09740133937238e-04 -2.22700359137602e-03 -2.23355080766002e-04 -8.05566298824045e-03 -9.06075875505137e-02 2.19008380299730e-02 3.56050720060952e-03 -1.16999746056280e-03 -2.38390162862743e-03 1.17398810024235e-02 2.10392499119954e-04 -4.28884823625911e-03 -9.92220909630594e-04 1.05050613821646e-04 -5.08838882018935e-05 1.17644735581124e-03 -2.29940224665557e-03 -8.15158335084004e-03 -9.04740477576412e-02 2.18562240920692e-02 -3.61531079527125e-03 -1.22804862638841e-03 -2.40401556718897e-03 -1.17262740319061e-02 3.90039224351914e-04 -4.23549516549181e-03 9.69448505867962e-04 5.53904005998497e-05 -6.19127321886334e-06 -1.19393790609022e-03 -2.34402733153045e-03 -1.08605398145885e-01 6.16932689158114e-01 -2.06311255943319e-01 -1.21815073234679e-02 7.16524609988796e-03 1.90561921402002e-03 -1.42419944064396e-02 5.57824906624322e-03 -5.12280044313690e-04 -1.42375171320914e-03 -5.72296401555587e-04 -8.47773165362615e-04 -8.05858186516031e-05 1.34579279775104e-03 -1.08874006886597e-01 6.20192470002882e-01 -2.07737910754914e-01 1.25415538583765e-02 7.36468120140438e-03 1.97630562834220e-03 1.41752833854225e-02 5.41569420288707e-03 -6.40039590961466e-04 1.29811730989979e-03 -5.88876137397502e-04 -8.63664768770873e-04 1.56464593351321e-04 1.44988757817142e-03
 -9.00905453689973e-05 2.28915776023878e-03 3.33547018430113e-02 2.26248987017404e-02 -2.28435655085530e-04 -2.68846855525581e-03 -5.09938824091901e-03 7.28371338320195e-03 1.34270962693313e-01 1.76269743955834e-01 5.81882596786860e-04 -8.42304033772945e-03 -5.47142053373419e-03 1.69077633890467e-05 -2.55660925841467e-03 -2.54043913510169e-03 -4.55607934767402e-05 7.16663947633452e-04 3.87612863889422e-05 -6.28999530398188e-03 -6.91100675158229e-03 -6.81382314475483e-05 9.82807070775769e-04 -4.16339664979473e-04 -7.88416403423877e-06 6.57824602781847e-04 1.30089166674243e-03 6.47055331532048e-06 -4.28693404531248e-04 -2.27110546319110e-05 -2.57950109228818e-03 -7.40152257592358e-04 -1.46076695429413e-03 1.59985318095631e-03 2.13468155547962e-04 -1.87883728617890e-02 6.26357469806075e-03 -3.04266885009598e-04 8.89849450413176e-02 -1.31480259090050e-02 4.99056423112897e-04 -2.76793646458650e-02 9.01353968010921e-03 -2.12563588404340e-05 2.57974075883439e-03 2.54026402603757e-03 9.91444801792377e-05 3.84114873309257e-03 6.53582359166805e-05 1.52126824156616e-03 6.71408489309607e-03 1.36585679745746e-04 2.62720589266147e-03 -1.61134491722408e-03 -7.31469874044485e-05 -8.96494430894608e-05 1.39498581887571e-03 4.93555565199039e-05 1.76989428266651e-03 6.76987393358761e-06 1.09136232385887e-02 5.95540837664857e-03 -3.49865607533757e-01 1.10544686850727e-01 3.50582159988483e-04 -4.38375649892333e-03 3.82676986424431e-03 -5.27020138993346e-03 1.91563739650294e-02 -8.58483821102297e-02 7.85437086999748e-04 1.56835882025358e-02 2.32698932868018e-02 1.83493745911019e-04 -4.78789631146198e-03 9.02389031484486e-04 1.00887676983419e-04 1.69367514366048e-04 2.92371453736839e-04 -3.62745403138433e-03 -1.51890795891803e-03 3.75276817038682e-04 2.08195593428996e-03 2.42413176129042e-03 6.29219774725517e-05 -8.64103104639260e-04 -1.14062613905915e-03 7.85081859548360e-05 1.20645711042872e-03 5.84842112784517e-05 -2.11943111649830e-03 3.44024053994525e-02 -9.97172687736112e-03 -1.15388097540804e-03 -3.55846943624724e-04 4.01345789844478e-04 -3.93070763696947e-03 -5.59451357292330e-04 6.20148223710916e-05 3.97290561515861e-04 1.20560481869004e-04 2.24099293073249e-05 -2.13237335718040e-04 6.54013447282951e-04 -1.56457714967553e-03 3.58418239723180e-02 -9.75454196693322e-03 1.16920592327005e-03 -3.55449499475456e-04 3.72219593250078e-04 4.08948568112631e-03 -7.11304357606669e-04 -4.43103859172951e-05 -4.03815176122249e-04 1.52142355475276e-04 -7.87608023266606e-06 1.91753539516546e-04 6.49698700624275e-04 2.15654121002164e-02 -1.44522426259624e-01 4.93469296689652e-02 2.81215401340605e-03 -1.48708228033265e-03 -1.55921853330465e-03 3.09650888024151e-03 -1.65920675606908e-03 -2.69111585615470e-03 2.91324641397424e-04 -1.92485361627978e-04 1.45599271331902e-05 4.27631540921141e-04 -1.86529473910744e-04 2.01003032801812e-02 -1.33694496850073e-01 4.71466106928564e-02 -2.79257538147891e-03 -1.40280800779106e-03 -1.52357409811068e-03 -3.02841581618650e-03 -1.51529939018802e-03 -2.80754999254129e-03 -2.24031326636290e-04 -1.51760662844555e-04 -1.56706829764229e-05 -4.41505088529067e-04 -2.23372532893096e-04
 2.69349758410856e-06 1.99544334664992e-06 -1.50321988469583e-03 5.32972512040428e-05 -1.28251445381868e-03 1.39772453621466e-05 3.53117761993836e-05 3.12375996358930e-02 -1.24274205368946e-03 -3.28959406063513e-04 5.81435169688119e-03 8.60997919628112e-05 -1.35939318860822e-04 1.48920044077401e-04 2.40067172205255e-05 -1.06708640800821e-05 1.05996558148009e-04 -1.99179634256989e-07 9.36112807707183e-04 4.73503276878760e-05 -1.18689015607568e-05 3.18921475990289e-04 -1.62247522671443e-05 4.80796894046500e-06 -2.85952241101071e-04 -3.42290268103181e-06 7.47275603968367e-06 -6.51375918472423e-05 -7.51821432218632e-07 -3.13834178847462e-05 2.97399667821278e-05 3.68079276406366e-05 -1.19004189090231e-03 -7.87544813176879e-05 2.37612147226697e-03 -2.09428303166491e-05 2.10417037536358e-05 -9.02868842509433e-03 7.50784167917707e-04 -2.06897386619902e-04 6.90641387360888e-03 1.30031761023352e-04 4.51617877759685e-05 7.77103620885217e-04 8.72356344131667e-06 -1.52051875975830e-05 5.40433464081827e-04 2.01794948202075e-05 2.17213489491874e-03 -1.70573135196620e-05 -1.75312652755472e-05 6.62463704274637e-04 2.43643496011784e-05 -2.39245883788179e-05 -2.19397579870169e-04 -1.51419559758050e-06 -1.39847383186465e-05 1.12249863596056e-04 -7.83166901700472e-07 6.56569830898185e-04 2.53653743202339e-04 -3.51050128848107e-05 6.04938626807230e-04 3.50582159988483e-04 9.45892283294630e-03 1.15052415501238e-04 -5.38118095685200e-05 -9.62083284169796e-02 -1.02732237892124e-03 7.99229389045857e-04 1.60979862652828e-02 3.74978876322876e-04 -1.11297305277987e-04 2.26415056053431e-03 3.35299715459815e-06 2.07269410536583e-05 1.18445332733874e-03 4.65338207132348e-05 9.67110441273963e-04 2.39826525793266e-05 -6.31856681066064e-06 1.34541752079402e-03 3.56604739189849e-05 -7.58643128811456e-06 -5.74107121791117e-05 8.52092006152412e-07 2.41077704809856e-05 2.34372199720816e-04 -2.53547864878004e-06 3.25220611487104e-04 -1.94413426585537e-03 -4.09831141268080e-03 1.06634462455560e-04 9.24655160407987e-05 2.88437451499244e-04 3.23641472465811e-05 5.90002068165934e-04 8.21949448800922e-04 9.80065346530250e-05 -1.37140716550534e-04 4.36051033571858e-06 1.35321551508054e-04 4.94628788370027e-05 1.40653605103333e-04 2.07630704096427e-03 4.06656088530254e-03 -1.30875677894225e-04 1.00824093944658e-04 -2.70808085243668e-04 -3.90848024383111e-05 5.86699746939773e-04 -8.10140042327271e-04 -5.42510125921514e-05 -1.37738282412709e-04 -8.37589649589518e-06 -1.34821686161961e-04 5.01082416885639e-05 -1.30339776504151e-04 1.04593295389141e-02 -8.60519548001226e-02 2.10390930044319e-02 9.75029981196254e-04 -1.15992543867534e-03 -5.15157655682796e-04 5.39726921292632e-04 -1.24906879925781e-03 1.14783193077739e-04 3.65747489566959e-04 -1.46296098762460e-04 1.82371285405753e-04 1.41962311611378e-04 1.24263998619410e-04 -1.07706623739452e-02 8.71393935460300e-02 -2.14029839630078e-02 1.00461207046860e-03 1.15546774686232e-03 5.21886090490934e-04 5.14046284347495e-04 1.15958805106702e-03 -1.20653313880427e-05 3.41568911528798e-04 1.50113333281599e-04 -1.74148560493989e-04 1.57169689337838e-04 -8.68817634163013e-05
 2.91338569930819e-03 5.91361996970743e-04 -1.34573190765524e-02 7.24208101932667e-03 2.22090680239522e-05 2.15449817932061e-04 -8.81907459531483e-04 -1.08745354635083e-03 5.40487618508913e-04 4.37993805251018e-02 -5.93354342018387e-05 3.67526525668355e-04 -5.61094789281369e-03 1.85377025437552e-06 1.80388370876884e-04 -1.12188420336331e-03 5.41058902102185e-06 4.22928249630420e-05 -5.67136072720430e-06 4.42212427557118e-04 -2.93182287630960e-03 3.40263061892310e-05 -4.58371631961950e-04 -2.58057987792595e-05 -2.02788948801153e-06 1.16406310910666e-04 6.60773982939864e-04 -1.25095269015129e-05 -1.26199298732648e-04 1.39575763796046e-07 -3.84075011852634e-03 1.04955055473133e-03 -6.25323366637604e-02 2.30027513147072e-02 1.36962716880823e-04 -3.45419398379141e-03 6.20857844063613e-04 -5.49113900210008e-04 5.15919093541415e-02 2.80395156322760e-03 4.76609468352974e-05 -1.31217236943242e-02 6.37963343212000e-03 1.72665014634423e-05 9.53083656463009e-04 6.31430429352373e-04 -2.19237046314157e-05 1.75783134140782e-03 2.71847596704946e-05 6.87277418901191e-04 8.22430738788701e-04 -3.23559413627351e-05 2.19412737107008e-03 -1.01123206322845e-03 -3.97195273726546e-06 -2.19514049801306e-04 5.19172953112669e-05 -9.09996442655871e-06 4.59552208885316e-04 1.24906102431149e-05 -5.20954286502112e-03 -6.78769323813612e-04 2.72967020523540e-02 -4.38375649892333e-03 1.15052415501238e-04 1.11009522912635e-02 3.15867363903475e-03 -6.93996061993593e-05 -9.21883442067195e-02 -1.45128718341429e-02 1.35619821655206e-04 1.71112562871067e-02 5.29250596113353e-03 -2.44656898585203e-05 -3.60296325510569e-04 -4.68141430121769e-04 -1.34423913580039e-05 2.61691602160135e-03 -6.95929165803866e-05 -4.45512469193759e-04 -4.15764348298572e-06 -5.71474415944148e-05 2.55486347902385e-03 6.00644607537772e-04 -6.30983027587763e-06 1.20954878082110e-04 2.68073348988735e-04 -1.56631823748009e-05 5.03155736189796e-04 7.23436394503555e-06 8.17115976741123e-06 -2.76550859108626e-03 3.57637650500494e-03 2.18685922192586e-05 4.53554164236456e-04 1.36088263987677e-04 -1.44748518519347e-04 1.28758772470598e-03 1.82361818117090e-04 -1.46091227423885e-04 5.08203056973030e-05 4.69585108922272e-05 -5.85829411571655e-05 1.67534447583257e-04 -2.23750419761829e-05 -2.11752279186826e-03 3.25894116550175e-03 -3.58858947513227e-06 4.34288675703179e-04 1.50476074025731e-04 1.92003992460388e-04 1.22904358775375e-03 1.92886494505875e-04 1.30119503177393e-04 4.61939795478925e-05 3.82257573165018e-05 6.31694074713859e-05 1.69070451938829e-04 -8.94958551799589e-03 5.99234783475607e-02 -1.62807664060989e-02 -1.43727709386640e-03 -3.72414411608184e-05 2.37228480417872e-04 -2.32454033032180e-03 -7.19762884161993e-04 2.05167261326982e-04 -6.68477811191658e-05 -7.02830747575023e-05 -9.88364223323257e-05 -1.00234051168791e-04 5.72712939311892e-04 -8.78737816766780e-03 5.97493696773689e-02 -1.62339854256818e-02 1.44688036634148e-03 -1.06026341494915e-05 2.49213515363759e-04 2.38144169150313e-03 -6.68037391600930e-04 2.38947755155485e-04 8.25846181781885e-05 -6.55348147079298e-05 -9.19819327138600e-05 1.12903678918566e-04 5.65085084166228e-04
 3.08573955297469e-03 7.18166750577441e-04 -1.24296727678381e-02 3.30393927148297e-03 2.32417289826073e-06 -2.88375721249752e-04 -6.03653832501658e-04 -4.76450065109884e-04 2.43309402928365e-02 6.08295884053193e-02 -1.84710988849480e-05 -1.17503838239469e-03 2.02858445453654e-03 2.37958647794092e-06 -2.92378235717614e-04 -5.06662636756375e-04 -2.21072766475059e-06 2.21853905084308e-04 -1.43257593603705e-05 -6.93945042718889e-04 -2.15631257072019e-03 2.17370453907879e-05 6.69365926004887e-04 -9.83949720755165e-05 5.09907970634797e-06 2.15984222318393e-04 3.00513939448107e-04 -3.39206946199286e-06 -4.40101488683946e-04 2.64453634201428e-06 -8.33146173634780e-05 -3.78724126876648e-04 -1.07698947513985e-03 7.49999538150018e-03 8.55836676909699e-06 -4.62337256691109e-04 3.51942670051676e-03 -2.71874461520999e-04 -1.09184227753410e-02 -3.14188092527305e-02 3.24748885544908e-05 -3.72236103589627e-03 8.99526034400533e-03 -4.76221626899759e-06 1.67709621439233e-03 -2.31819156339805e-04 -3.55596279207358e-06 2.48210483627464e-04 7.07075236229049e-07 1.80093668271180e-03 7.29840828747039e-04 -1.71292677715011e-05 9.12028242854306e-05 -8.06453430646350e-05 -4.23067321987045e-06 1.34089307328394e-04 3.82966007112645e-04 8.56247739332959e-06 4.64902572601753e-04 1.04028018745952e-05 -6.62587016978207e-03 -8.43096726572250e-04 1.92288289122377e-02 3.82676986424431e-03 -5.38118095685200e-05 3.15867363903475e-03 5.34201211706125e-03 2.74586697150685e-04 -7.02532252285244e-03 -6.01335678705364e-02 -1.52326544639269e-04 6.39496887290318e-03 1.07122522455702e-02 -2.16405022980211e-05 -1.52693906839817e-03 -1.54561267852194e-03 -2.33939062413775e-06 4.11663132404186e-04 3.83850168460071e-05 -2.12265924360922e-03 -1.74026841359713e-03 -2.45154514390501e-05 3.86440496305741e-04 -1.51599654920049e-04 5.94107426188008e-06 -3.75133157383312e-04 1.10298425734044e-04 -3.36901120985131e-06 4.40052531246123e-04 -3.97160678289244e-06 -8.45975973932035e-04 -2.53020035897927e-03 5.50297367052588e-04 7.03408044309978e-05 -2.81230709077960e-04 -2.58358668163475e-04 -2.00585043595603e-04 -2.56213070627890e-04 -7.57725670315412e-04 5.32717197933927e-05 9.22700158627034e-05 -7.82823857541770e-06 9.26629423489280e-05 -1.33308069058047e-05 -9.51944160430601e-04 -2.15486993125494e-03 4.09367836590447e-04 -6.99973580318332e-05 -2.89629411309467e-04 -2.55649468806092e-04 2.00135417838697e-04 -2.44675862527017e-04 -7.69519924646323e-04 -5.79220651438180e-05 9.18858377890606e-05 -5.11647423259428e-06 -1.02764384804425e-04 -1.63325364271906e-05 -5.20115131231023e-03 2.37725253355076e-02 -6.98277306224832e-03 -5.11031367215573e-04 3.67134534625632e-04 -4.74942473786986e-04 -9.33447189219800e-04 1.93558003019050e-04 -1.37785017004434e-03 -1.16857919216121e-04 -1.81221698038701e-04 -1.37939040525479e-04 1.78826530796570e-04 1.49507087381413e-04 -5.37766733160267e-03 2.33046114702940e-02 -7.02327400973828e-03 5.13915341526727e-04 3.75202189724669e-04 -4.67228335070609e-04 8.90043142029803e-04 1.60599202328510e-04 -1.42617478665471e-03 1.17502332133255e-04 -1.67561201774365e-04 -1.43950948021154e-04 -1.80924798246828e-04 1.53292188420664e-04
 7.41469985093995e-05 -5.71914474147634e-05 4.81331068560430e-04 8.55898398569267e-05 5.69251236999382e-03 -2.12256534584850e-06 -1.69579625107119e-04 7.36158286941055e-03 1.47636372620649e-04 1.89828384198128e-04 -3.79569696581698e-02 -1.10362713408559e-04 -1.00137442380583e-04 -1.75277050154511e-03 -2.95004942694542e-05 1.49391055737967e-05 -3.07031587711756e-03 -9.34139354671448e-06 -1.11916461438056e-02 3.21588985930869e-05 1.90047808592631e-05 -1.18326980509044e-02 5.20581771050520e-05 -4.30626350957016e-06 3.36882733123468e-03 -2.07674853955686e-05 -3.68287837408697e-05 2.28098969929960e-03 1.84030795328773e-05 -6.07207751426723e-04 4.26903084580522e-05 -7.67067822475044e-05 3.10596475884703e-04 3.75878794661660e-03 -1.07099082716460e-02 -2.92183530486510e-04 -1.44850290927818e-04 1.89695758723748e-02 -2.06120767857351e-04 3.51538246780927e-05 -5.62786660832790e-02 -2.19314230726581e-03 -9.68476433868548e-07 -1.43745346090010e-02 -2.97461074043057e-05 -1.66281223499917e-05 -1.60378239291064e-04 -1.11785800220369e-04 -2.47681934036115e-02 3.39931410068722e-04 -3.06892720270470e-04 9.58453463663388e-04 1.25923495355217e-04 1.22184952006968e-04 3.05388461378049e-04 5.28682105065299e-05 1.19108519865436e-05 5.27211138181665e-04 4.42819516151570e-05 -7.57151578957462e-03 -2.99336317775871e-04 3.35857003525307e-04 -7.79856427395809e-04 -5.27020138993346e-03 -9.62083284169796e-02 -6.93996061993593e-05 2.74586697150685e-04 1.04793123088403e+00 4.07939633352838e-05 -3.82152908952063e-04 -1.65838157398509e-01 -2.33665323982733e-03 5.81710133008990e-04 -2.14224061335136e-02 3.10400732325051e-05 -1.12480218506664e-05 -7.58126605117671e-03 -1.50288717158086e-04 -1.12231927365378e-02 -9.08999071954605e-05 3.39966549032431e-04 -6.90864439190080e-03 -2.33976037836798e-05 1.63189775524857e-04 2.85841186003084e-03 6.32674880975513e-05 -1.65700165797541e-04 -8.26960591317466e-04 7.84554284361313e-05 -3.84050933372150e-03 2.10203038424338e-02 -6.73033837200778e-02 1.17030322485860e-02 -1.52090828026190e-04 -2.40808259610755e-03 -1.80554521512593e-04 -2.54281630363538e-03 -6.00556318430589e-03 -2.61976302285965e-04 1.18089812583586e-03 -1.38186221372092e-04 -1.08035874241399e-03 -4.92514587742354e-04 -1.56879126961604e-03 -2.16738124664381e-02 6.72063123420278e-02 -1.07383206622300e-02 -2.43281598176573e-04 2.39877929342342e-03 1.88067485935236e-04 -2.24767763106113e-03 6.31188016098636e-03 -8.93168782394314e-05 1.19024714858437e-03 1.72255722213984e-04 1.03511592297157e-03 -4.88764515250578e-04 1.54941529756010e-03 -1.24417529169345e-01 9.05964632052169e-01 -2.36800918820364e-01 -1.07304727485757e-02 1.27452126745636e-02 6.39782890364665e-03 -2.67159244812124e-03 1.18536148260058e-02 2.33601264706916e-05 -4.00192754877729e-03 1.88059872617431e-03 -1.75014524885635e-03 -1.66488787526119e-03 -1.29943521990998e-03 1.26347506344666e-01 -9.06551458935637e-01 2.37370997065640e-01 -1.07926515578706e-02 -1.27571812393647e-02 -6.20763195024870e-03 -1.98497442029680e-03 -1.10773623217719e-02 -5.22839480445386e-04 -3.75859718260043e-03 -1.87052257016442e-03 1.72278852953061e-03 -1.70336186439627e-03 1.01069481362010e-03
 -2.03248921765361e-03 -2.35476468830194e-03 3.39571789699582e-02 -5.26368645485861e-02 -3.58363447867513e-05 3.13044743101218e-04 5.79502598831038e-03 6.42292614894168e-05 -1.10460645252074e-01 -1.40022419893061e-01 1.49264230355365e-04 3.36793968186829e-03 6.72224019993524e-02 -4.57131237296580e-06 4.99601843367350e-04 9.18480873871746e-03 -1.15747130570160e-05 1.01097580389367e-03 -3.74362077314467e-05 1.57107616991398e-03 2.03545209491156e-02 6.31566585572937e-05 8.96982530738028e-03 5.40929889702313e-04 3.73197699314750e-05 -1.48221203061652e-03 -5.55367891390003e-03 6.60736009491212e-05 -9.04728909235282e-04 3.93004351699152e-05 -6.66730914934974e-04 -8.09915543718783e-03 3.75999093693946e-01 -1.23450644633551e-01 -9.53712444606110e-04 5.03306769606096e-02 1.15392235061029e-02 3.71641144367760e-04 -7.00542520393079e-01 -2.77953163712873e-01 4.94977083161314e-04 1.32159831818357e-01 -1.08779646066932e-02 -1.17554188336272e-04 7.00504542660293e-04 -9.71082191527438e-03 1.08393571629111e-04 -2.04944419770685e-02 -2.15457898762326e-04 4.63728163728615e-03 -1.29391005121735e-02 1.77848750224176e-04 -2.32620422691962e-02 9.58688482227131e-03 1.14832737816152e-04 4.41716236549683e-03 -8.13014760114416e-04 1.09935977584620e-04 -2.62993589737542e-03 -2.47887389473564e-05 3.47777431469990e-03 7.28344255654478e-04 -7.59489254057222e-02 1.91563739650294e-02 -1.02732237892124e-03 -9.21883442067195e-02 -7.02532252285244e-03 4.07939633352838e-05 9.43022058361108e-01 -8.00268759006994e-02 -1.64666181348146e-03 -1.49101219379611e-01 -1.28315547626313e-02 6.50554934496488e-06 -3.87093101988478e-03 3.69067477278482e-04 2.52545659152857e-05 -2.47568375645940e-02 6.08481514675681e-04 -5.69013304296787e-03 -6.87783827492052e-04 1.01111220713538e-04 -2.67830280927540e-02 -7.01214921565384e-03 6.25888494628767e-05 -2.91517853712004e-03 -7.03438850930180e-04 7.82015262677311e-05 -2.31242890962207e-03 -6.06934399549257e-05 1.69091959501023e-02 -1.27779512184556e-01 1.10367291012910e-02 3.49721361987035e-03 -4.93261488687224e-03 -4.68526640636737e-03 5.39231168910902e-03 -1.38867806779791e-02 -8.89605607182227e-03 1.44913732576619e-03 7.31503268471103e-05 -5.10277565170486e-04 1.75436127767960e-03 -2.42133285082543e-03 1.57632108944434e-02 -1.28538377864012e-01 1.22853196601640e-02 -3.64820755039437e-03 -4.90416184743083e-03 -4.74230254278338e-03 -5.80961009127431e-03 -1.33550127199175e-02 -8.84827223681168e-03 -1.36388221994734e-03 3.49380392796124e-05 -4.22144035549645e-04 -1.78851869920721e-03 -2.47236237836641e-03 7.15842600214456e-02 -4.93748915769150e-01 1.27124271659415e-01 1.20484467175838e-02 3.03706789751103e-03 -3.85094208786266e-03 1.68488322078963e-02 1.11815679455464e-02 -7.11196442472160e-03 -2.91785716836006e-04 -5.46448341558496e-05 4.48485239900812e-04 1.53331295635729e-03 -5.23133617806868e-03 6.91683291552318e-02 -4.93646472147171e-01 1.25428490506293e-01 -1.20296240841497e-02 2.89496594682318e-03 -3.88848633831304e-03 -1.75283804823577e-02 1.06223692387169e-02 -7.64035465760592e-03 1.90135173982410e-04 -5.80123523227433e-05 3.15802593105756e-04 -1.65792240725273e-03 -5.10629244973027e-03
 -4.30162472177694e-03 -6.86906188028349e-03 1.28675409266133e-01 -2.61299815669837e-02 1.38411051528785e-04 7.86375515430380e-03 5.59525940331000e-03 3.52440620150357e-05 -5.73204177807773e-01 -6.02243307786192e-01 -2.19732000451824e-04 2.83607130242986e-02 -3.26907329132500e-02 -2.35723913624797e-05 7.83679831999586e-03 3.53240928056479e-03 3.86737832422120e-05 -2.55023371052912e-03 9.41457943269660e-05 1.93027252641131e-02 1.83223040938177e-02 -9.63845601722607e-05 -8.55764221360387e-03 2.18607139066412e-03 -6.49285849940899e-05 -4.50733977892896e-03 -2.04483585458681e-03 1.73985693790503e-06 4.68490470103040e-03 -3.29804292222156e-05 -2.16133227815149e-03 6.01487462660540e-03 -1.16554586503556e-01 -1.63894439165837e-02 7.98864498609896e-04 -4.43329924162279e-03 -3.15082238141629e-02 3.09111068720336e-05 2.78556360494613e-01 2.12755741781451e-01 1.49273475799839e-04 5.47664064884643e-03 -7.51240464031870e-02 7.49320314933199e-05 -1.73743436078872e-02 -2.59051538259366e-03 -4.63179865788753e-05 6.79713807079841e-04 2.41595158462349e-04 -1.81959129095212e-02 -1.96997748275777e-02 1.68858007322449e-04 4.98455876623441e-03 -1.93850732709204e-04 1.03339027340137e-04 -8.50671738365611e-04 -5.96708304261276e-03 -1.36728337480775e-04 -4.94325449241692e-03 -1.42024691292819e-04 4.13005208403431e-03 6.73501513590021e-03 -9.96133096421084e-02 -8.58483821102297e-02 7.99229389045857e-04 -1.45128718341429e-02 -6.01335678705364e-02 -3.82152908952063e-04 -8.00268759006994e-02 7.96813074063188e-01 1.75284256605580e-03 -4.38311114086678e-02 -1.22737872264481e-01 5.69549381461254e-05 1.68531733359935e-02 2.23412106994846e-02 -6.06342575053517e-05 1.39015746457696e-03 -7.49498541755175e-04 2.47501041115822e-02 3.27317899696106e-02 -6.08535562504233e-05 -3.58423652311703e-04 3.32939191225156e-03 -6.27374171408420e-05 5.98380003670989e-03 1.42663830621051e-03 -2.94956985617467e-05 -3.63351874806857e-03 9.55513083633402e-05 -8.02770070943534e-03 9.20023728272755e-02 -1.72805656906165e-02 -2.10204745580745e-03 4.13933901571173e-03 1.71152382160329e-03 2.23543574521098e-03 7.48414540467892e-03 5.12954811800574e-03 -1.02668652517324e-03 -6.77137484634196e-04 -1.14349636146997e-04 -5.09940812582194e-04 8.18070561378006e-04 -6.56427737885112e-03 9.17435249323058e-02 -1.68906559046234e-02 2.17858012610266e-03 4.15103711374214e-03 1.73135031884883e-03 -1.78640633157875e-03 7.10666560921985e-03 5.62601729812917e-03 1.01351970758450e-03 -7.48221323756734e-04 -1.37568339913613e-04 7.20143099257116e-04 9.14917299475958e-04 4.91205521309116e-02 -1.76485814796896e-01 5.26602463420439e-02 3.69021523838100e-03 -3.87863162792122e-03 7.53969259982725e-03 5.18047051924419e-03 -2.60052845772537e-03 1.95726751626414e-02 1.19813776813806e-03 2.17953686788421e-03 1.74158818875858e-03 -2.85398451538231e-03 -8.49301247068824e-04 5.28432290289711e-02 -1.77887363148968e-01 5.45599722836130e-02 -3.72034401259502e-03 -3.96102049332690e-03 7.43445008403032e-03 -4.50974078886270e-03 -2.08618054920092e-03 2.02352546108191e-02 -1.16017981692788e-03 1.96978032246320e-03 1.81822690419776e-03 2.88838511739150e-03 -8.97940776951561e-04
 -2.10976554316715e-05 -2.74623463823511e-06 -8.16652291757146e-04 6.59825462798029e-06 -1.83308266756200e-03 7.11608686496261e-06 5.18314314201416e-05 2.76552840849132e-02 -7.86684721558842e-04 -1.32732053364155e-03 9.69720193971710e-03 8.07974355359757e-05 -1.98061905149159e-04 1.90453515370234e-04 1.76865083559519e-05 -8.64544256733049e-06 4.50726433796168e-04 -5.67692824818182e-06 1.23296505651361e-03 1.99479107744286e-05 8.93386915596701e-06 1.64237473756002e-03 -4.01365683605470e-05 3.82662480874705e-06 -3.78240558848969e-04 3.72475769039698e-06 8.20325039912802e-06 -3.19647444383307e-04 1.03527955403712e-05 4.28569727960031e-05 3.50970697104196e-05 5.14157312757219e-05 -1.19627343514405e-03 -4.22510231122750e-04 7.07071626391308e-03 -2.78489083363281e-05 -7.50368302591198e-05 -5.27389941487577e-02 1.56728702967633e-03 1.03821339697073e-03 1.75440085715798e-02 2.34440464596583e-04 -1.81341568430884e-04 9.09419065677314e-04 -2.33061807430726e-05 1.29992300362765e-05 8.06748256433397e-04 4.43956176996734e-05 3.47685748481094e-03 -9.20559014188134e-05 3.92731429804312e-05 7.59860484060252e-04 3.52124430238092e-05 -3.78571564458894e-05 -9.63083566837581e-05 -1.68346720193499e-05 -1.29484502801832e-05 8.53841650137394e-05 -9.53211311735041e-06 1.33099350554801e-03 1.12775056317433e-04 -3.48703635609008e-05 -1.44721545851004e-04 7.85437086999748e-04 1.60979862652828e-02 1.35619821655206e-04 -1.52326544639269e-04 -1.65838157398509e-01 -1.64666181348146e-03 1.75284256605580e-03 2.91034026088344e-02 5.30985766506765e-04 -3.00430668076044e-04 3.04936704441870e-03 3.45076387699626e-05 4.51839303326560e-05 1.64317527809950e-03 6.59518184893352e-05 7.81070126825895e-04 8.82809465323955e-05 -1.08889747641554e-05 1.75741383693587e-03 3.34874138099061e-05 -6.14056555823161e-06 -2.52679085751835e-04 5.82083286878508e-06 2.64451338410876e-05 2.51303083196709e-04 -1.59280312803285e-05 8.75428804211390e-04 1.69145311761380e-03 -3.60515232688892e-02 8.59624330527720e-03 5.49031920759380e-04 9.80690549652735e-04 -1.89814940961364e-04 9.32961170850813e-04 1.80147360825557e-03 6.95452373710893e-05 -4.09367760191483e-04 9.44470623469689e-05 2.91201221561243e-04 1.57616028881967e-04 2.76901932902263e-04 -1.51622040678138e-03 3.63570291803159e-02 -8.80014208626862e-03 5.71182749538866e-04 -9.47368391011842e-04 2.05242731399138e-04 9.02687536263166e-04 -1.76988723060581e-03 7.30475957726612e-05 -4.05318061842269e-04 -1.06908681092876e-04 -2.83147492769128e-04 1.68101097902013e-04 -2.62026461070982e-04 1.80032871924618e-02 -1.42658786701426e-01 3.62773124505313e-02 1.68249403208571e-03 -2.10842006974389e-03 -9.17827006572722e-04 7.76543611134286e-04 -2.24652053773063e-03 1.08290120399023e-04 6.85210663434491e-04 -2.75245726184715e-04 3.32931828709340e-04 2.65906332407460e-04 2.62005166226906e-04 -1.83308889534324e-02 1.43474648035857e-01 -3.65343310642557e-02 1.71443344470632e-03 2.08310436253686e-03 9.28901632857305e-04 6.79821152686539e-04 2.08467310188535e-03 7.95477934396183e-05 6.38520923090776e-04 2.86619433999668e-04 -3.20939961787807e-04 2.91773483943867e-04 -2.05217966962668e-04
 1.17469053876371e-03 1.62428381667323e-03 1.90845465437805e-02 1.49625408345146e-02 -6.97963388521754e-05 -1.96298489026746e-04 -2.87694002616757e-03 2.56817908205622e-03 2.35228122031181e-02 1.23117354563370e-01 2.12340405955713e-04 -1.07468975356680e-03 -7.94198352500639e-03 1.33699083832898e-05 -2.01763114359266e-04 -2.42394268680070e-03 -1.73147248526545e-05 1.70626966597804e-04 1.43103823184266e-05 -4.83382253277393e-04 -6.81563708232479e-03 -3.20740875984094e-05 -4.99865895159999e-04 -1.06221674658296e-04 -1.25421879896333e-05 2.66165582200315e-04 1.43117445373000e-03 -6.11876378920026e-06 -3.64917021382386e-04 -1.34328871802962e-05 -2.31472222742106e-03 8.43485440966876e-04 -7.63409139323166e-02 3.47464863606238e-02 2.73277952551428e-04 -1.09867171557643e-02 3.48728314785052e-03 -2.60220506510273e-05 1.15079832036954e-01 -9.12036443683034e-03 1.39569303116885e-04 -3.04939183557738e-02 1.42723475626459e-02 2.31456493946642e-05 2.02921414785276e-03 1.18304609826308e-03 1.88337127382665e-05 4.03507731611633e-03 1.08959933627874e-04 1.21239514151120e-03 2.65133370792747e-03 3.33987744220689e-05 4.40068578203130e-03 -1.77324186212496e-03 -4.60648027566150e-05 -5.10312808764367e-04 5.38526936422355e-04 8.60672947950160e-06 1.07684618949976e-03 1.79480692178206e-05 -1.25302914744064e-03 -2.67530528926290e-04 -1.96274867187460e-02 1.56835882025358e-02 3.74978876322876e-04 1.71112562871067e-02 6.39496887290318e-03 -2.33665323982733e-03 -1.49101219379611e-01 -4.38311114086678e-02 5.30985766506765e-04 3.26950798177367e-02 1.50296608785592e-02 7.07568253762846e-05 -1.65727500307563e-03 -5.14346470249159e-04 5.36906477538895e-05 4.50093920070017e-03 1.71294227808624e-05 -1.34698083120184e-03 2.34649822446872e-04 5.29580180065082e-05 4.79508416646195e-03 1.36368174616359e-03 1.77243959299589e-05 2.00109331891482e-04 3.85358632861028e-04 7.15029827848470e-06 1.04886455949759e-03 1.89861521822934e-05 -5.07325676826427e-03 2.28641088761525e-02 -2.19945134561606e-03 -6.01758948479466e-04 5.02416950747346e-04 3.02430633115859e-04 -1.34594057025725e-03 2.23985186199640e-03 8.02057851596246e-06 -1.57318480304926e-04 1.43663139718711e-04 6.65065251452055e-05 -1.09741361507083e-04 4.81154567245557e-04 -4.52905786821273e-03 2.31070663229246e-02 -2.17176846142055e-03 6.19059931812457e-04 4.94693232247152e-04 2.95792535435602e-04 1.52719511600750e-03 2.09782874067052e-03 -4.82710064147643e-06 1.35555812446451e-04 1.50365148347602e-04 4.59857231357008e-05 1.08490786640952e-04 4.87843852896893e-04 -1.17539063648969e-02 7.11074530513341e-02 -1.71984156651950e-02 -1.78146651042310e-03 -3.27964473409368e-04 6.57445095207436e-05 -3.13904471961935e-03 -1.78594271613161e-03 -3.73971571540349e-04 -8.12775400433915e-06 -1.87447202685739e-04 -1.48484380383052e-04 -5.76966110001913e-05 9.04072571150478e-04 -1.20619778716405e-02 7.59150419509408e-02 -1.80905953327666e-02 1.82546584726191e-03 -2.44573051015581e-04 9.83254370165538e-05 3.26428553195085e-03 -1.65207206047300e-03 -3.77166550450023e-04 5.02707581383876e-05 -1.72148552756832e-04 -1.47382930221463e-04 7.47721066108566e-05 8.80533049430761e-04
 8.86084562579762e-04 1.71922443908576e-03 -2.45849165191614e-02 9.43867290423861e-03 -3.01586203544058e-05 -8.14178417736374e-04 -1.79829108455609e-03 5.07825107256887e-04 5.24473760809901e-02 1.45625219702319e-01 3.43512174651948e-05 -2.99488113675718e-03 2.91158316797322e-03 5.74385683273333e-06 -7.88946032062530e-04 -1.41684990185735e-03 -1.68300087645982e-05 5.18206920009066e-04 -2.96506692465765e-05 -1.86640786443090e-03 -5.43090318850258e-03 1.36135061368780e-05 1.38031760702491e-03 -1.91717456304844e-04 1.07631282820470e-05 3.80011567880868e-04 8.21577671424807e-04 -2.58669578277382e-06 -9.58403702114209e-04 -9.76296183563785e-07 8.48593256653060e-04 -1.22354845766885e-03 1.81466813503471e-02 1.16990369319124e-02 8.90921292815323e-05 -5.48689193676083e-03 8.80799686595008e-03 -4.85479453460799e-04 7.78321223965374e-03 -7.48137263698564e-02 1.03826894588433e-04 -1.40850370239063e-02 2.03382121777235e-02 -2.56652734642104e-05 3.57836459503889e-03 -7.24655481657360e-04 1.14281022646167e-05 1.38472265779226e-03 2.37815082257259e-05 3.83840472084852e-03 1.48861433974398e-03 -3.95205868570473e-06 9.23893708899823e-04 -3.02051863743020e-04 -1.95001812518657e-05 2.87680339982486e-04 9.31153990450464e-04 2.40186823196884e-05 1.16607679726795e-03 9.67939294213795e-06 -2.09139156171107e-03 -7.46621890339528e-04 -1.28395467674995e-02 2.32698932868018e-02 -1.11297305277987e-04 5.29250596113353e-03 1.07122522455702e-02 5.81710133008990e-04 -1.28315547626313e-02 -1.22737872264481e-01 -3.00430668076044e-04 1.50296608785592e-02 2.45931403197521e-02 -2.70645317785306e-05 -3.76917892341724e-03 -2.65081486575535e-03 9.32230643113646e-06 9.77589415217948e-04 1.14927477737682e-04 -4.74227604998495e-03 -3.01561600498917e-03 7.85323879912530e-06 1.21855614483110e-03 1.25048025999081e-04 2.69391042900124e-05 -7.55996034683714e-04 1.67848240811198e-04 5.21386851108090e-06 1.06916425607358e-03 9.02545730877906e-07 -5.76908076456558e-03 2.02063262597418e-02 -6.31654459223989e-03 -4.83737322990758e-04 -7.01406495740462e-04 -4.61783112310654e-04 -1.39193778205596e-03 -4.21624184104954e-04 -1.65711920029456e-03 1.80556551224189e-04 2.20831020445491e-04 -5.23204218088895e-05 1.69284916297278e-04 1.67437689858644e-04 -5.78652192197223e-03 2.11940998889743e-02 -6.52945540783292e-03 4.88870317428727e-04 -7.11500691970493e-04 -4.64421653929797e-04 1.45138496779116e-03 -4.23808188103763e-04 -1.67319750299421e-03 -1.89732225457725e-04 2.23909454033368e-04 -4.63557098924758e-05 -1.87495941216753e-04 1.70484267519417e-04 -7.08197975553322e-03 2.50270882057272e-02 -6.26995495020754e-03 -5.59954285997419e-04 4.99564125903730e-04 -1.05614251416509e-03 -1.33627087445551e-03 3.09347491648292e-05 -2.87435971139190e-03 -1.60315188051988e-04 -3.70571641155159e-04 -2.42423966633007e-04 3.78113517642059e-04 2.54556297677643e-04 -7.40409209439702e-03 2.43717598285013e-02 -6.28775100775847e-03 5.52769074871249e-04 5.08801839164953e-04 -1.04786477401624e-03 1.26378758786446e-03 -2.27754458883406e-05 -2.98379525188349e-03 1.67043677882344e-04 -3.43463483102928e-04 -2.55892641703578e-04 -3.87707782879784e-04 2.56496313913250e-04
 -5.99819318022887e-07 -4.10767128276671e-07 6.04924778015020e-05 -3.02257536009197e-05 -5.39272517620542e-04 -5.99248418917564e-06 6.39695633558116e-06 2.23798675670899e-02 5.81966196147659e-05 -1.16252637387594e-04 1.68854429605476e-03 -8.28047812304435e-10 8.44564273344843e-06 6.25039624017604e-05 8.65948824781448e-07 5.28351281666554e-07 -1.18335874365677e-04 -8.07458200362081e-07 3.74517585083884e-04 -6.84492398090779e-07 3.47855522634050e-06 -5.13633227597929e-04 -1.61169506770028e-06 -2.30011132623756e-07 -1.14127082589102e-04 1.09859538942685e-06 1.67589280911714e-07 9.62901081390331e-05 -1.04310134732880e-06 -6.08084417177724e-05 1.48038314439710e-06 4.95820724971547e-08 2.67854611004396e-05 -1.95698903471078e-04 -7.01009604696050e-04 -1.25975233088812e-05 7.16554526508024e-06 1.43854314052740e-02 -5.48623315752526e-06 1.02442369199762e-04 -8.84218874026024e-04 8.49035910129034e-05 -1.92814801417022e-05 3.14626683364870e-04 -2.78021261953364e-06 3.93711071932024e-06 2.32935161465472e-04 -1.20342290663675e-06 5.95137123273253e-04 -1.03895213315602e-05 1.72755830788448e-05 4.02052888036009e-04 -2.50288035174183e-06 -1.83397261494258e-06 -1.99057611987366e-04 -3.32304601452756e-06 -9.23870864957644e-07 9.16677967708876e-05 -1.51583215253039e-06 5.02104278034046e-05 4.49664834083582e-05 -1.02848410720136e-05 6.14283477200581e-05 1.83493745911019e-04 2.26415056053431e-03 -2.44656898585203e-05 -2.16405022980211e-05 -2.14224061335136e-02 6.50554934496488e-06 5.69549381461254e-05 3.04936704441870e-03 7.07568253762846e-05 -2.70645317785306e-05 9.29284609821288e-04 2.98723819971292e-06 -1.64153627509294e-08 4.98675402936878e-04 3.10892143537097e-06 6.18743453680430e-04 9.91715425422709e-06 -2.20965932809874e-05 6.34185668618234e-04 1.58354716790216e-05 -9.48763497053879e-06 7.93880740220878e-05 3.66501355115090e-07 4.76753584032762e-06 1.39418710798168e-04 -4.37217999722804e-06 -7.56991756423817e-05 -2.75422045971485e-03 1.14618385051066e-02 -3.77150947919058e-03 -1.52080145453518e-04 -1.54046609441560e-04 1.30789631234824e-04 2.02758862825307e-04 2.66896657853018e-05 9.27740044989427e-05 4.67674777912903e-05 -4.15167313475748e-05 8.35732182464007e-06 -2.49582691094154e-05 1.42200735455987e-05 2.82521289328972e-03 -1.14960968521139e-02 3.77302346131149e-03 -1.51621018317041e-04 1.54103746015297e-04 -1.28202273142417e-04 2.23082571860776e-04 -3.84263265630363e-05 -7.93896828950582e-05 4.35366640779731e-05 4.03698318553007e-05 -9.63413365347583e-06 -2.33062236147287e-05 -1.15394887973208e-05 2.28171043306441e-03 -2.24965758351974e-02 4.74646886144063e-03 2.26055242600292e-04 -2.12029848922973e-04 -9.80398879666270e-05 2.47659443645871e-04 -2.61022873448724e-04 7.04967463455580e-05 5.84367802810029e-05 -1.89415771999308e-05 3.46448595614075e-05 2.27550524084747e-05 3.07511163638088e-06 -2.38373630907471e-03 2.25016251637562e-02 -4.75084413449935e-03 2.21855629498114e-04 2.08081364599850e-04 9.29751723492899e-05 2.16915620437042e-04 2.23284006870440e-04 -6.42153010381187e-05 5.00184377476573e-05 1.86390528021039e-05 -3.04100739727664e-05 2.33049876013050e-05 3.62612401485392e-06
 3.37474998316898e-04 -2.83422981290397e-04 8.41381768312778e-03 -1.89621436707203e-03 2.85519266613759e-06 3.48925351116617e-05 3.00056653242729e-04 3.25889753844667e-05 -8.07868628878591e-04 -2.44026133551705e-02 3.30481410135041e-06 1.31942478114641e-04 -3.55260724488271e-04 -1.19317549775091e-06 3.08905938421564e-05 2.29029096570884e-04 2.85702316903792e-06 -1.08787507647531e-04 2.51256183074935e-06 5.30114080474034e-05 8.46324507460576e-04 -7.90871860072704e-06 -2.80422216293786e-04 5.92399872493337e-07 -9.92486648217770e-07 3.03152219625801e-06 -1.22212254799074e-04 9.50837715907019e-07 1.61854584120003e-04 -2.17576177227003e-08 -4.39774105145748e-05 1.36763510896415e-04 1.25739226456915e-04 -2.83341176114640e-03 -1.69907048239829e-05 8.46494643193933e-04 -1.68502512464219e-03 8.35841370257977e-06 7.04656889157638e-04 1.74903524698706e-02 -2.36380224105949e-05 2.03429958385612e-03 -3.68010481312687e-03 -9.13652205632261e-07 -6.50750543229227e-04 2.85546900553722e-04 1.34765578096258e-07 -1.40547646397935e-04 -1.19941544728577e-05 -7.59615322046781e-04 1.40934433071919e-04 -9.29644648231522e-08 -1.14080219178530e-04 4.18535955245251e-05 9.73552505966633e-07 -1.28479515179466e-04 -8.60955090449205e-05 -3.78887611584302e-06 -2.00604808608036e-04 -9.55992673239439e-07 -2.27678924321448e-04 -1.11832330742284e-05 7.89261542225612e-03 -4.78789631146198e-03 3.35299715459815e-06 -3.60296325510569e-04 -1.52693906839817e-03 3.10400732325051e-05 -3.87093101988478e-03 1.68531733359935e-02 3.45076387699626e-05 -1.65727500307563e-03 -3.76917892341724e-03 2.98723819971292e-06 7.11974930449006e-04 2.29907462025413e-04 3.28815804159311e-07 -4.92332279181832e-05 -2.00627222111960e-05 8.47880049529697e-04 1.64436668892611e-04 1.47976224531493e-06 -5.08378065417331e-05 -6.60805472691110e-05 -5.20966303316805e-06 1.33352550996040e-04 -5.09179706968759e-05 -7.26393100683628e-07 -2.06831520833792e-04 -1.45065185476035e-06 7.97226626772194e-04 -2.49395121295943e-03 8.39477706627247e-04 6.49701579545988e-05 1.19000154611069e-04 1.42898731484127e-04 2.09730420362633e-04 1.12024318083444e-04 4.03852466180061e-04 -3.98336827932032e-05 -4.23184459184770e-05 1.82788093831082e-05 -5.09855996023468e-05 -2.78043814988977e-05 7.60040977978659e-04 -2.46875205497565e-03 8.17812354654668e-04 -6.31620413190811e-05 1.19364940917936e-04 1.44186720506255e-04 -2.26762985920649e-04 1.13596289754274e-04 3.97629249251537e-04 4.11273317979372e-05 -4.11034254777358e-05 1.65185562975969e-05 5.18259287844860e-05 -2.89636110688040e-05 -1.13607091547374e-04 2.55962232504657e-03 -8.55610413895443e-04 -4.69320031909866e-05 -7.36004721938855e-05 1.63997826742453e-04 1.07608741461286e-04 -1.00243842206694e-04 4.10795892908213e-04 2.74383138081082e-05 5.13058357743480e-05 2.51624642747011e-05 -5.35838961317441e-05 -2.30541345354579e-06 -4.40839865936347e-05 2.48077161625179e-03 -7.92533413611699e-04 4.55127157662543e-05 -7.67644727195440e-05 1.61589689469068e-04 -1.00001550294114e-04 -9.60661520851110e-05 4.28271603551764e-04 -3.09246539279733e-05 4.76536688901546e-05 2.89778328379545e-05 5.57874561930595e-05 -3.61835388561458e-06
 4.79135818923680e-04 -3.20825798563596e-05 1.17134313040318e-02 2.22482419122345e-04 2.92399421648906e-06 3.01068502280681e-04 -1.89274069809618e-04 6.16613836070578e-05 -2.32380856037388e-02 -4.82262560304076e-03 -5.71390657930269e-06 1.09460286079101e-03 -6.45176570727262e-04 6.84161033729441e-07 3.04788950826325e-04 -2.63815501602912e-05 -6.14492248129634e-07 -3.31779061126040e-05 -4.60271147639381e-07 7.64800340413630e-04 1.00684675120829e-04 2.63075008375400e-08 -1.39399783044688e-04 8.97729109533890e-05 -2.22015090403778e-06 -1.89142128936068e-04 1.02434671813561e-05 -3.69403241195283e-07 9.74633733109788e-05 -1.63449994578516e-06 1.91400885024912e-04 1.75066005050638e-04 -9.18841101384304e-03 2.39801771801125e-03 4.84163214473053e-05 -6.19511617118493e-04 -2.63905701656317e-04 -7.72838173352112e-05 9.97526534478703e-03 -2.30637235381942e-03 3.49190539989987e-05 -1.26333359926867e-03 -7.52638540862468e-04 1.13744648669273e-06 -2.93055015761414e-04 -1.70858979577288e-04 -7.61699507886973e-07 1.16927986295557e-04 1.15234076240287e-05 -3.75152553604801e-04 -7.08014658963572e-04 1.13199359959258e-05 2.77475118697232e-04 -4.31446073965825e-05 2.56732849163596e-06 1.81843930238680e-05 -1.75035221185982e-04 -1.99636838067978e-06 -7.91718379076029e-05 -5.45110204626557e-06 -1.24111006105913e-03 3.04098164250398e-04 -1.37061323803513e-02 9.02389031484486e-04 2.07269410536583e-05 -4.68141430121769e-04 -1.54561267852194e-03 -1.12480218506664e-05 3.69067477278482e-04 2.23412106994846e-02 4.51839303326560e-05 -5.14346470249159e-04 -2.65081486575535e-03 -1.64153627509294e-08 2.29907462025413e-04 8.99833500117305e-04 -1.73189631132861e-06 8.28617243883440e-05 -1.50079154480028e-05 5.87858363824278e-04 1.45290399622196e-03 -8.42845210687737e-07 -2.83628518783145e-07 1.88482832072701e-04 1.73386917927893e-06 1.89168523783528e-04 1.06108064481756e-04 4.70731078227393e-07 -1.91534579498911e-05 6.03819462813356e-06 -4.94356969645380e-04 2.75580500191736e-03 -3.82552084349428e-04 -6.11104471361823e-05 1.13539123420671e-04 -3.59827630440760e-05 2.31759032169228e-05 2.73551038687360e-04 -9.72470038932683e-05 -2.43638014777878e-05 3.05202173520163e-06 -7.74434199635395e-06 1.82762820732518e-05 4.38350554475448e-05 -4.33077227009687e-04 2.87908657557552e-03 -3.78292069374859e-04 6.40702704407466e-05 1.12566766039845e-04 -3.54323256629609e-05 6.13108244680170e-06 2.54816307618763e-04 -7.48984755036746e-05 2.26035930674983e-05 -8.48385535672964e-07 -8.81548252977424e-06 -1.07543056127885e-05 4.82221985103796e-05 2.48102215440230e-03 -1.16385116130181e-02 3.64746809375418e-03 2.48366148026971e-04 -1.31202022263777e-04 1.93835085008471e-04 2.02057671475176e-04 -6.77589737902194e-05 4.97848114900073e-04 3.82179103126322e-05 5.43181654864419e-05 6.04168959496094e-05 -7.87182178542843e-05 -4.27634164445628e-05 2.58775779630033e-03 -1.16790293711402e-02 3.69454523236314e-03 -2.50625149092737e-04 -1.33751298872332e-04 1.90332373858296e-04 -1.82255952072539e-04 -5.12330926181990e-05 5.08785081615668e-04 -3.44084282067728e-05 4.73411415918228e-05 6.09083795831063e-05 7.77831529508135e-05 -4.46147887964279e-05
 -1.55643685431211e-07 1.13448702012327e-06 6.96814261689563e-05 -4.01342965648571e-05 -6.56629769244579e-04 -5.43938747827744e-06 6.49909999019221e-06 2.72976060683170e-02 -2.23383993986902e-05 2.54310756045810e-05 2.04057860209223e-03 8.40833320805681e-06 2.47021447263979e-05 1.35439498045395e-05 2.07967970097771e-06 5.47165711680861e-07 -1.46433819759417e-04 -8.33463960806405e-07 6.88146777684512e-05 2.33182808164531e-06 -9.66814792980052e-07 -6.39505996750742e-04 1.46778987684793e-06 8.11121774654473e-08 -2.37932527821861e-05 1.78269033501232e-06 -2.82898094236318e-07 1.20132248033024e-04 -1.44572674183041e-06 -7.39203733883280e-05 -4.02754992224580e-06 -1.42631857612286e-06 1.55424164575969e-05 -1.01987900018427e-04 6.68693839182780e-04 -5.56912574132631e-06 1.53975996065629e-05 -9.97143206186951e-05 -9.33583736664631e-05 -6.07994713638057e-05 8.68400200733316e-04 6.17169780390588e-05 6.18808565962543e-06 -2.33830863886522e-04 2.74712466266496e-06 -1.46457835437352e-06 4.07166049289461e-04 -4.67037101016657e-06 1.41876769267778e-04 -1.36559722690065e-06 1.02171990763551e-05 6.02014342253560e-04 8.62790782639442e-07 1.13289256688195e-06 -1.84498586625025e-04 -2.25705798823418e-06 -6.59141127414681e-08 1.30552918791368e-04 -1.18095846897437e-07 -2.58725532941366e-06 -3.52156694234055e-05 -1.20260636798825e-05 2.50951076091029e-04 1.00887676983419e-04 1.18445332733874e-03 -1.34423913580039e-05 -2.33939062413775e-06 -7.58126605117671e-03 2.52545659152857e-05 -6.06342575053517e-05 1.64317527809950e-03 5.36906477538895e-05 9.32230643113646e-06 4.98675402936878e-04 3.28815804159311e-07 -1.73189631132861e-06 4.73171783772262e-04 2.46586109135516e-06 1.65349004782295e-04 9.60060453521596e-06 -1.69006211025671e-05 6.57048756676124e-04 9.72974485532789e-06 -8.50868464150997e-06 1.52809428697483e-04 1.68850602050886e-06 4.12372371726870e-06 1.45284697081172e-04 -2.40249106446516e-06 -3.82785919979102e-05 -9.01327089297682e-04 -2.86526333847328e-03 -4.69738283900562e-04 3.55807092755433e-06 -1.06927688450337e-05 5.14955483977830e-05 2.91812216474467e-04 1.72335528696902e-04 7.38295929360761e-05 -3.14239654833386e-06 -1.82064141877955e-05 2.68102096860371e-05 -4.59523546014335e-06 1.51406906414319e-06 9.52332278000729e-04 2.80101220094339e-03 4.69269043096090e-04 4.70930562253440e-07 7.94435068659965e-06 -5.43880521349117e-05 3.12301560608282e-04 -1.74946516619022e-04 -6.79691833725417e-05 -6.39416920307495e-06 1.75285173157127e-05 -2.86560746672069e-05 -4.15043089418580e-06 4.91719646694730e-07 2.09210989445559e-04 -9.87328609113263e-03 1.30869285846321e-03 8.08225834358605e-05 -6.79123491220990e-05 1.36969661878505e-06 2.82166415061243e-04 -1.92009485447166e-04 7.52701237483937e-05 2.08773600906710e-05 7.68856258410392e-06 2.53360045372717e-05 5.16320018353854e-06 1.89656401153066e-06 -3.29522535791374e-04 1.00534451966141e-02 -1.37097886138233e-03 7.95749179430140e-05 6.81181390765471e-05 -4.68837824310548e-06 2.63433075729064e-04 1.70032800102199e-04 -8.00749514729047e-05 1.59326593125887e-05 -7.77618947360781e-06 -2.18687234256251e-05 5.47376366031632e-06 8.28597809895051e-07
 -1.09652767143483e-05 1.47209204468003e-04 5.96319532603268e-04 1.83829587989597e-03 -2.32717342693000e-06 6.76398193626467e-05 -2.81151807165550e-04 1.22402433234081e-04 -2.85253495298764e-03 1.05926518638569e-02 7.99691284915247e-06 1.69845141837359e-04 -1.63310434777683e-03 1.03415104455395e-06 6.43784524213492e-05 -3.14370131155382e-04 -9.37642008678670e-07 -5.86193950513888e-06 1.05451069000203e-06 1.60473751457870e-04 -7.96397084963359e-04 -1.30677958167049e-06 -1.80352708231535e-04 7.58984714263498e-06 -1.68261945938168e-06 -6.15011796423239e-06 1.87969231965656e-04 -1.75491192715433e-06 -1.09853422570178e-05 -1.64229945456478e-06 2.39063916770812e-04 1.87811170457135e-04 -1.14862195651278e-02 4.83764076272917e-03 4.75026662964773e-05 -1.62914510305119e-03 1.98568321702821e-04 -4.33191040901948e-05 2.02779109733750e-02 7.54750637173649e-04 1.25733058292232e-05 -4.42911879712691e-03 1.43447824078364e-03 3.82814266142834e-06 1.23258167849817e-04 1.01715351617001e-04 -1.17777243307807e-06 6.06208552032158e-04 1.61706669252978e-05 3.07782006781817e-05 1.12054046388701e-04 5.15497385022076e-07 7.13643291224670e-04 -2.60070839191416e-04 -3.76445027687446e-06 -8.06120750396662e-05 1.20524891071351e-05 -1.60210894538743e-06 1.05427731578309e-04 8.54058946732717e-07 -2.86458660461224e-04 -4.41072746586237e-05 7.41292971929826e-04 1.69367514366048e-04 4.65338207132348e-05 2.61691602160135e-03 4.11663132404186e-04 -1.50288717158086e-04 -2.47568375645940e-02 1.39015746457696e-03 6.59518184893352e-05 4.50093920070017e-03 9.77589415217948e-04 3.10892143537097e-06 -4.92332279181832e-05 8.28617243883440e-05 2.46586109135516e-06 7.20662406210275e-04 -1.18270103075419e-05 2.79921707929468e-05 2.97039269193178e-04 -1.86235030612451e-06 7.37342329266268e-04 2.19051280001001e-04 5.59725079116329e-07 8.95332830330301e-05 8.01588901113770e-05 -1.39579573884837e-06 1.17761779779395e-04 3.22968331958853e-06 -9.72025918589415e-04 5.03359475132127e-03 -7.03221874678013e-04 -1.26023812215822e-04 1.15419866701543e-04 6.52694835639623e-05 -1.75795952542960e-04 4.17495764194720e-04 6.55737665556195e-05 -3.63480845444432e-05 1.40440030466617e-05 6.49865796960913e-06 -2.22673306814521e-05 7.94634615502801e-05 -9.04909329465482e-04 5.10510187939161e-03 -7.28745436462042e-04 1.30439357340164e-04 1.13463560344105e-04 6.60536782985750e-05 2.02807025009183e-04 3.95818146334761e-04 7.10586545220240e-05 3.27308181645689e-05 1.37508490382391e-05 4.09406415900514e-06 2.46073303680619e-05 8.18717412572360e-05 -1.73419367366605e-03 1.19350060514847e-02 -3.00445864044819e-03 -2.94230122495029e-04 -6.68257564103620e-05 1.01013875185682e-04 -4.92968497745305e-04 -2.81932836096764e-04 1.65001499323782e-04 5.08732666159561e-06 -6.03957497575157e-06 -8.82573616094286e-06 -4.16803298172007e-05 1.38704298347907e-04 -1.69728125119367e-03 1.22192187576199e-02 -3.03150778072224e-03 2.97526258359005e-04 -5.86622087053376e-05 1.03487264222448e-04 5.14785359615237e-04 -2.61556660060070e-04 1.74465197688610e-04 1.60682143108342e-07 -6.12409100856366e-06 -6.90725287610897e-06 4.46815891948781e-05 1.35187985742419e-04
 -5.77012771668365e-06 8.87300883306830e-06 6.22506106608122e-04 -1.55183287542053e-05 -5.78583249702140e-05 -1.14436338401269e-05 -1.33828182364101e-05 5.50714483713155e-03 5.16221347434886e-04 7.65118613547405e-04 -6.35758644518731e-05 -3.65009643678190e-05 9.79842151590519e-05 5.88364692842770e-05 -8.61456668789375e-06 -1.25666652045039e-06 -6.62713502796782e-05 2.41395576852605e-06 3.55866904996649e-04 -2.06343667866842e-05 -1.72461104823772e-05 -2.63680758506491e-04 1.23368010164010e-05 -1.82654102926833e-06 -1.06002226171918e-04 1.61132686712228e-06 1.60533598598210e-06 5.00276876040758e-05 -6.60126926853328e-06 -2.28124614478623e-05 -3.00920927300721e-05 -2.43440886546398e-05 8.02387477206682e-04 -2.36544135104771e-04 -1.92187000339395e-03 -2.76840439616612e-05 6.10027535954771e-05 2.24012843374782e-02 -2.85125141099602e-04 -4.27358970816165e-04 -3.00373736416360e-03 1.82236107872692e-05 8.21867421735496e-05 5.43210994049841e-04 1.13510751010029e-05 -2.32580225614798e-06 -7.59131641512966e-05 -1.12181390126350e-06 4.40948163530487e-04 7.92440172319457e-06 2.34893692207821e-05 -8.50219252043278e-06 -1.46459407790724e-05 6.27942008301122e-06 -1.05964596950217e-04 -5.59012443386896e-07 7.76687155891257e-06 9.39002874103844e-06 2.35410435769651e-06 -1.84264135225002e-05 -1.64042198352768e-04 -8.26504068841163e-06 -2.93714970464448e-04 2.92371453736839e-04 9.67110441273963e-04 -6.95929165803866e-05 3.83850168460071e-05 -1.12231927365378e-02 6.08481514675681e-04 -7.49498541755175e-04 7.81070126825895e-04 1.71294227808624e-05 1.14927477737682e-04 6.18743453680430e-04 -2.00627222111960e-05 -1.50079154480028e-05 1.65349004782295e-04 -1.18270103075419e-05 6.29687423964149e-04 -2.38868852279043e-05 -2.86793513925710e-05 1.87265315344159e-04 2.39084502066383e-06 -1.05100604237603e-05 -2.83443366810280e-06 -4.84296932049402e-06 2.16105782066172e-06 4.93253236115795e-05 -5.05497334968734e-08 -1.25318443925618e-04 -3.06269783804495e-03 1.99598232648606e-02 -5.22195192627944e-03 -2.42870413163293e-04 -2.65983585694635e-04 1.38511913355087e-04 -3.92436951274500e-05 -2.30498997046620e-04 4.29529655644134e-05 9.24405606327649e-05 -4.45084803860997e-05 -3.01568907914725e-05 -3.75558301755458e-05 -4.20054879363064e-07 2.97298132150500e-03 -1.94829029786913e-02 5.05748143364620e-03 -2.32117250504039e-04 2.48963005604589e-04 -1.41718691582721e-04 -9.80370856698377e-06 1.97583457895638e-04 -6.88371265600663e-05 8.68549353356704e-05 4.72626286592980e-05 2.85241953282037e-05 -4.01112163877727e-05 1.60084132347397e-06 1.65278002579176e-03 -1.24716742956961e-02 2.87520999325680e-03 1.27895028436358e-04 -8.25263696348051e-05 -7.91888763828016e-05 5.26479686926123e-05 -3.88805304513965e-05 1.23935706142716e-06 1.50362244669344e-05 -1.56088093309715e-05 2.37393608294437e-06 1.19304623919752e-05 -1.65194631038955e-05 -1.68360594782559e-03 1.19096772495568e-02 -2.70129328680852e-03 1.09782238958630e-04 8.67883292611231e-05 5.66503538951616e-05 1.98105549286947e-05 2.17956139864844e-05 -4.92815736462373e-05 1.15221348839220e-05 9.92275312367084e-06 -2.50322032111138e-06 3.55668630396615e-06 1.54291313451065e-05
 7.03385988751619e-04 -2.55079981392839e-04 2.35608928102661e-02 -1.92651044146300e-03 -1.02316555961391e-05 9.43490647642110e-05 6.53739047257697e-05 6.41847281747931e-04 -5.95162542484392e-03 -2.38835794958348e-02 5.19496452759008e-05 3.68636818989036e-04 -2.59549627660399e-04 -3.92227157224797e-07 9.53491965464180e-05 1.99202614392179e-04 5.14141039646842e-07 -1.33631582380917e-04 -2.84405174049706e-07 2.11920435943730e-04 7.94366599759712e-04 -2.01023574615298e-05 -3.46758977502534e-04 2.02770028465905e-05 -1.75890431725802e-06 -4.03062590879346e-05 -1.00947771551061e-04 2.75742902135894e-06 2.11985791560425e-04 -2.14703974005392e-06 -6.20723677049476e-04 1.71473382506234e-04 -4.11465616246551e-03 -1.77563533828276e-03 3.06345433563451e-05 5.57180266585393e-04 -1.95045773071816e-03 -2.59433396403936e-04 5.61952044839428e-03 1.95988210912721e-02 3.90834134277788e-05 1.19920826020978e-03 -4.24637747493154e-03 -1.09633416377472e-05 -8.13083888357915e-04 3.86627776526302e-04 9.77223918963804e-06 -3.60001446737854e-05 -1.28511904456109e-05 -1.06985013691822e-03 1.97374644066207e-04 1.80050706719453e-05 2.72156603331769e-05 1.33583115325897e-05 -2.58438877050629e-06 -1.85911786273805e-04 -1.09179640966155e-04 -1.49635036110156e-06 -2.40145760142670e-04 -2.20852182544352e-06 4.44512427713574e-04 9.35589619332408e-05 8.68806605541847e-04 -3.62745403138433e-03 2.39826525793266e-05 -4.45512469193759e-04 -2.12265924360922e-03 -9.08999071954605e-05 -5.69013304296787e-03 2.47501041115822e-02 8.82809465323955e-05 -1.34698083120184e-03 -4.74227604998495e-03 9.91715425422709e-06 8.47880049529697e-04 5.87858363824278e-04 9.60060453521596e-06 2.79921707929468e-05 -2.38868852279043e-05 1.20665334384743e-03 7.24842438553292e-04 1.71515956100825e-05 1.52200570352133e-05 -1.08803225145712e-06 -1.77422374058425e-06 2.34242719820740e-04 -1.57984335672614e-05 2.97508058186767e-06 -2.34643404225554e-04 2.09148594662447e-06 6.89194231368102e-04 -2.34203824754890e-03 1.01910365696901e-03 6.55334715414630e-05 1.79368496013090e-04 1.58964331639586e-04 2.35866149252840e-04 2.73048201756538e-04 4.09691253821038e-04 -5.88957065896169e-05 -4.22804572049093e-05 2.62119240877007e-05 -5.31372383038857e-05 -1.11856311182079e-05 6.41111404786709e-04 -1.72305064049772e-03 9.05191108143273e-04 -5.71196256526800e-05 1.74327400568494e-04 1.61094346466771e-04 -2.33054724295973e-04 2.55431280777035e-04 4.04559612308101e-04 5.75455310275047e-05 -4.17364240397619e-05 2.11336370507042e-05 5.60224497259426e-05 -1.14523312980836e-05 6.15261388074294e-04 -1.57268679571365e-03 5.68764716427822e-04 4.62218039409530e-05 -1.46198190041883e-04 2.28285586498449e-04 2.09714334938283e-04 -2.11085635745581e-04 5.54769317550262e-04 5.25525412730089e-05 6.76830205039524e-05 4.81344705056794e-05 -7.73221032527073e-05 -9.32360391936790e-06 7.14899495787056e-04 -1.35014217610778e-03 6.16479261239322e-04 -4.75152861339124e-05 -1.47636165940852e-04 2.23909164790695e-04 -1.88450837905821e-04 -1.94723114865576e-04 5.70778176226838e-04 -5.41559713084993e-05 6.12080822731829e-05 5.16140094526941e-05 7.92505691476670e-05 -1.31299831797598e-05
 1.09713401027331e-03 9.17896763245545e-05 2.39378708782376e-02 3.12407801291788e-04 3.02811315638270e-05 7.02130776963281e-04 -4.28504290724768e-04 -8.63785276697936e-04 -5.13346107039404e-02 4.24149884982478e-03 -8.16313202101078e-05 2.46079625468695e-03 -7.21502258137593e-05 1.97498680678170e-06 7.07921722141914e-04 -1.14189123805159e-04 2.68822403278220e-06 -3.29201329908134e-05 -7.97620822690455e-06 1.78898164143099e-03 -2.63186229622175e-04 2.34251263091539e-05 -9.99651892692930e-05 1.93150401717141e-04 -2.94981017450682e-06 -3.97447606638482e-04 7.06238089988901e-05 -4.65437812678782e-06 6.87796144984563e-05 -4.20257880216583e-07 9.18149515858700e-04 1.52957519335129e-04 -1.49679590252054e-02 6.93018492442484e-03 8.94610336860211e-05 -9.24012502446619e-04 6.19780451823300e-04 -1.98733583967799e-04 1.57007294925075e-02 -1.84832378140829e-02 5.09341730804668e-05 -3.21346222548032e-03 1.40022174161710e-03 8.50248049453440e-06 -1.93857059746960e-04 -6.97119415830139e-04 -1.53221610663605e-05 2.02569930087175e-04 2.79698132795389e-05 -2.80983594951475e-04 -1.73872011352504e-03 2.11033477428972e-06 5.44628370644186e-04 2.00171934252138e-06 1.09066021568202e-05 8.89828617642735e-05 -3.01940639997806e-04 -6.05299553314109e-06 -1.03271744136045e-04 -8.96847261762923e-06 -2.97422205449828e-03 8.24030018080899e-05 -7.52266054203091e-03 -1.51890795891803e-03 -6.31856681066064e-06 -4.15764348298572e-06 -1.74026841359713e-03 3.39966549032431e-04 -6.87783827492052e-04 3.27317899696106e-02 -1.08889747641554e-05 2.34649822446872e-04 -3.01561600498917e-03 -2.20965932809874e-05 1.64436668892611e-04 1.45290399622196e-03 -1.69006211025671e-05 2.97039269193178e-04 -2.86793513925710e-05 7.24842438553292e-04 2.81056178549389e-03 -3.87546830561753e-05 1.55700909048496e-05 2.34554625325631e-04 3.08534345211454e-07 3.51762320240491e-04 3.55619818053757e-04 -6.04269434389546e-06 5.23864504110902e-05 1.10233203052841e-05 -2.11493385469848e-03 7.65615253319867e-03 -1.39869160863170e-03 -1.39020213640921e-04 1.31704975905475e-04 -2.02683475971079e-04 8.58469164700789e-05 5.51861025510373e-04 -5.59357183753054e-04 -4.85176273608813e-05 4.08081747163366e-05 -2.80865322339752e-05 9.21548686339592e-05 7.58890402491744e-05 -2.04554090050573e-03 7.78021843524829e-03 -1.43864052777363e-03 1.44338433746009e-04 1.27143330350926e-04 -1.98437555771212e-04 -3.53086880344132e-05 5.27879655452495e-04 -5.03099991385544e-04 4.36123404094628e-05 2.99039681344020e-05 -2.62896930160114e-05 -7.74978405753404e-05 8.56287485523452e-05 2.73551200382617e-03 -1.18787533007397e-02 3.71645661558672e-03 2.78896300494353e-04 -8.62561910506874e-05 3.33434187613966e-04 2.76030083068904e-05 -2.19633310240368e-05 7.27109651136970e-04 3.83290452892178e-05 6.25889580676671e-05 8.99340728504249e-05 -1.28674366234261e-04 -4.74710743533993e-05 2.94464085333437e-03 -1.27900563852866e-02 3.89552608216146e-03 -2.84452568483778e-04 -9.27249500403605e-05 3.28167403074568e-04 -1.75962558429544e-05 -1.07448486668332e-05 7.39796081431697e-04 -3.28536841954413e-05 5.04750043572930e-05 9.06682496017221e-05 1.25956093976058e-04 -4.92353528196560e-05
 -5.66473130597814e-06 -4.56035123296385e-07 4.48236406007350e-05 -3.85176338533462e-05 -9.33387531533509e-04 -1.91563181940743e-05 7.30225786646575e-06 3.96523578878148e-02 5.88571003242572e-04 -1.39157240107409e-04 2.82903769560997e-03 -2.35416694039365e-05 1.58433060781142e-06 1.20216767615588e-05 -8.01535073333480e-06 7.26837621096005e-08 -2.23312737409527e-04 -1.47822397625007e-06 5.17633180150522e-05 -2.40775252848757e-05 2.90742251918440e-06 -9.69937986422327e-04 -1.28188521858818e-06 -1.91759564473455e-06 -2.00225244542533e-05 6.01611231912664e-06 -4.98704212424811e-07 1.82386533651642e-04 2.26039113024959e-07 -1.09422598066636e-04 -2.57279135611404e-05 -4.55401542182930e-06 3.06885956783312e-04 -2.92993036876793e-04 9.68336438399025e-04 -5.30381468265413e-05 1.26670390571481e-06 -4.93326761501125e-04 1.29862183827590e-04 3.47419444082917e-04 1.10929891081310e-03 6.28036052204863e-05 -6.31279856983430e-05 -4.04223603683307e-04 -4.25367200451469e-06 1.15127446901027e-05 5.93384600525010e-04 4.72238543173799e-07 1.05260760022866e-04 -1.12944885765570e-05 3.95722491175750e-05 8.79675569897536e-04 3.92342036205736e-06 -8.28055315696528e-07 -2.65418842831078e-04 -5.80684061276657e-06 3.32102618189610e-06 1.91744737741219e-04 1.11130471792286e-06 -3.17641530988043e-05 4.29374105134277e-06 5.00497439095676e-06 -5.85319920925905e-04 3.75276817038682e-04 1.34541752079402e-03 -5.71474415944148e-05 -2.45154514390501e-05 -6.90864439190080e-03 1.01111220713538e-04 -6.08535562504233e-05 1.75741383693587e-03 5.29580180065082e-05 7.85323879912530e-06 6.34185668618234e-04 1.47976224531493e-06 -8.42845210687737e-07 6.57048756676124e-04 -1.86235030612451e-06 1.87265315344159e-04 1.71515956100825e-05 -3.87546830561753e-05 9.27681284734717e-04 1.71262579158694e-05 -6.38159651563862e-06 2.33072622971357e-04 1.01506908343274e-06 -1.89530651911991e-06 2.07537247819735e-04 -4.85476026783978e-06 -6.75954698108914e-05 -1.17067294688807e-03 -4.65059099832806e-03 -5.89843869036278e-04 4.53347874644676e-06 -1.97288705099132e-05 7.75185390241684e-05 4.04052326086117e-04 2.28631308758403e-04 1.18604220834150e-04 -8.26144004566824e-07 -2.70571439985939e-05 3.57825925399299e-05 -1.02479365946843e-05 -2.15338996259431e-06 1.25312544845457e-03 4.83706612249094e-03 4.99600319396946e-04 8.82758003901658e-06 1.57688938128877e-05 -6.99361267749104e-05 4.57440872933077e-04 -2.38636233850390e-04 -8.55248752767764e-05 -7.48068622648538e-06 2.45397090644107e-05 -3.81702789923265e-05 -4.77556290657944e-06 7.94072803596980e-06 -1.25172246827306e-04 -1.11597896955942e-02 1.10462634731902e-03 8.32868087516129e-05 -5.57993954880725e-05 2.48077459738556e-05 4.14891787620483e-04 -2.40935958113554e-04 1.08617767024967e-04 1.66416125201434e-05 1.90601412074291e-05 3.06452427953947e-05 1.69542208269811e-06 -2.95209443592363e-06 8.90240492598642e-05 1.06124819575945e-02 -9.18538069527388e-04 6.49739553756254e-05 4.35560736620608e-05 -3.36915416089178e-05 3.60141101094215e-04 1.99101539249068e-04 -1.18338126862816e-04 7.43467052355680e-06 -1.78550455487632e-05 -2.49238742303984e-05 8.84854004834457e-07 3.41303736303194e-06
 -1.31569650599464e-03 1.33054252466012e-04 -9.91028337120827e-04 2.05268084081208e-03 -1.37810531283444e-05 -6.11754440282016e-05 -2.89853852931901e-04 7.40569062707442e-04 5.07869264761326e-03 9.80069492164050e-03 2.43637090348930e-05 -2.57732883805688e-04 -2.00925228464213e-03 1.29588652893537e-06 -6.23036307972845e-05 -3.40201309930426e-04 -6.18561737058779e-06 -8.98384349202983e-06 5.58704580324248e-06 -1.59917493682337e-04 -8.21274817746858e-04 -2.45292353248531e-05 -2.24483250503477e-04 -1.99004794588197e-05 -2.37919126410092e-06 4.54663365208081e-05 2.01299439479454e-04 2.23851972388508e-06 -4.64064982972665e-07 -3.75721218616368e-06 3.52168910150789e-03 1.64239694157262e-04 -7.95847576115285e-03 3.30609817993710e-03 3.76449521849865e-06 -2.10805236012242e-03 2.67047866778158e-05 4.67604810438372e-04 2.37914357197210e-02 5.34879535156379e-03 -7.47646486415008e-05 -4.85161136140660e-03 9.28074782815810e-04 4.31711880097887e-06 7.22158870726169e-05 2.45085002504200e-04 4.05402758911263e-06 7.22046042927218e-04 1.27587155394804e-05 -4.07607796482098e-05 4.24662630290491e-04 8.29045205639933e-06 7.75910764966736e-04 -2.98864103173379e-04 -1.01722990644828e-05 -1.20172398187339e-04 6.44040301772415e-05 5.97752664696036e-07 1.27325497844088e-04 -3.23882965216890e-06 1.79396909604324e-03 1.03512491694848e-04 -5.37067041993195e-03 2.08195593428996e-03 3.56604739189849e-05 2.55486347902385e-03 3.86440496305741e-04 -2.33976037836798e-05 -2.67830280927540e-02 -3.58423652311703e-04 3.34874138099061e-05 4.79508416646195e-03 1.21855614483110e-03 1.58354716790216e-05 -5.08378065417331e-05 -2.83628518783145e-07 9.72974485532789e-06 7.37342329266268e-04 2.39084502066383e-06 1.52200570352133e-05 1.55700909048496e-05 1.71262579158694e-05 8.47878244789959e-04 2.61218058843293e-04 3.81151864544014e-06 6.78911482490356e-05 1.15156077303078e-05 2.56116775267822e-06 1.08777575014631e-04 -1.47538121598850e-06 -1.14362204212169e-03 7.36942534139766e-03 -1.43153285747945e-03 -1.88604097348489e-04 1.04951333767683e-04 1.38205917128722e-04 -2.94645241834183e-04 3.97450555116368e-04 2.11878309861707e-04 -2.72116507649647e-05 5.06183267747791e-06 9.83024271343722e-06 -5.05389520145197e-05 9.51688988762915e-05 -9.44042897977287e-04 6.73240811480107e-03 -1.23635056336116e-03 1.83431449700346e-04 1.17512519209563e-04 1.31285665797625e-04 3.21657609066208e-04 3.86477689771685e-04 2.06168661939373e-04 2.90409890338134e-05 9.37367221337948e-06 8.41551994512784e-06 4.92004311750883e-05 9.87000492505356e-05 -1.69375384677021e-03 1.11514254514748e-02 -2.62780013641492e-03 -2.86581272313049e-04 -1.10177069837154e-04 7.41522103134495e-05 -4.19315325383881e-04 -3.69248079349446e-04 1.30535119349388e-04 1.52505765771823e-05 -5.90448203183578e-06 -1.26729890005019e-05 -3.32490036639828e-05 1.46279020300551e-04 -1.63058217456562e-03 1.14481540004397e-02 -2.58696762418001e-03 2.85002361958937e-04 -1.09044847348533e-04 7.33804324668668e-05 4.47653766499088e-04 -3.52904685106563e-04 1.38201218276736e-04 -1.27635788841629e-05 -6.13438144777458e-06 -9.08516692100603e-06 3.53543211387580e-05 1.43334469893743e-04
 4.55377916998005e-05 4.71205739728289e-05 -3.87488907576915e-03 1.23236694116818e-03 7.62138564706860e-06 1.72785742202496e-05 -1.27142472443264e-04 -3.34793322354946e-04 -1.92679512761063e-03 3.20025337334382e-03 -3.05291105413135e-05 6.33197963333352e-05 -1.14719427038354e-03 -5.18482307074732e-07 1.65663693776101e-05 -1.43428260679503e-04 1.15832705290701e-06 1.09583874951363e-05 -1.70350472309986e-06 4.26487380972705e-05 -2.80122221366866e-04 9.52435770159226e-06 -7.88032052224724e-05 9.05665026508016e-06 3.66859454499008e-07 -2.01050655361372e-05 7.50989551572708e-05 -2.52535707049173e-06 1.18317224790843e-05 1.76021935981616e-07 1.36178027973065e-03 1.37393745128426e-04 -5.93467339342408e-03 1.72871384987491e-03 1.89540139789621e-05 -9.85250673363108e-04 4.66110165307375e-05 -9.01853077367839e-05 9.67775444013670e-03 5.41024327776326e-04 4.03567447866831e-06 -1.88228319970917e-03 2.69098714199537e-04 1.92301117703732e-06 3.26771602105179e-05 4.63446044921691e-05 -5.86291074249032e-06 2.66165574217474e-04 1.07951136967127e-06 1.89589369906605e-05 -1.79194982760793e-05 -6.90876740885687e-06 3.10556669619213e-04 -1.39629970213087e-04 2.15944216417952e-06 -6.83035122102284e-07 -1.97598816002335e-05 -2.63824359711820e-06 6.08313797413980e-05 -1.51068080886638e-06 -6.90352735585161e-04 2.27005046159276e-04 -1.03714619801194e-02 2.42413176129042e-03 -7.58643128811456e-06 6.00644607537772e-04 -1.51599654920049e-04 1.63189775524857e-04 -7.01214921565384e-03 3.32939191225156e-03 -6.14056555823161e-06 1.36368174616359e-03 1.25048025999081e-04 -9.48763497053879e-06 -6.60805472691110e-05 1.88482832072701e-04 -8.50868464150997e-06 2.19051280001001e-04 -1.05100604237603e-05 -1.08803225145712e-06 2.34554625325631e-04 -6.38159651563862e-06 2.61218058843293e-04 1.73089069511670e-04 -7.96190068170532e-07 2.10137812636768e-05 -5.04272125267975e-06 -1.92890700297840e-06 6.07881823202892e-05 3.44429350884973e-06 -1.63039360182750e-04 2.19044326829860e-03 -3.44180173388095e-04 -6.97562337427498e-05 5.74558355370336e-05 2.89673482715951e-05 -1.42010308100720e-04 1.31768617651384e-04 4.95181195020467e-05 -3.82508419064663e-06 2.98854497973950e-06 -1.12256745049557e-06 -1.35933796763704e-05 4.48067948632989e-05 -1.77183441690708e-04 2.28292275139935e-03 -3.94991080098651e-04 7.30989301174644e-05 5.55614184834273e-05 3.17176118367059e-05 1.46752313672782e-04 1.25266204125917e-04 5.62560964086629e-05 2.32598841563329e-06 1.93013423666396e-06 -1.45267520461357e-06 1.59006081775906e-05 4.65328376660851e-05 5.30951742381156e-04 -1.54150421449187e-03 7.85962889450464e-04 9.71331607271503e-06 -7.95541174917928e-05 3.96257932012687e-05 -5.14732379637924e-05 -1.03649302297925e-04 1.22564578088098e-04 1.02052399844354e-05 9.79775878714182e-06 7.62502309725059e-06 -2.27265465917895e-05 2.99514658220519e-05 5.99905250001826e-04 -1.94102437491904e-03 8.81185100188073e-04 -1.53656583499611e-05 -8.27497755741320e-05 3.82433596421851e-05 5.68675898296523e-05 -9.90043275632982e-05 1.31499175445469e-04 -8.10153001932290e-06 9.13668969932360e-06 9.07180694543365e-06 2.28553196795229e-05 2.85372623829568e-05
 3.22674199759038e-06 2.29717649440567e-06 -4.91903727921931e-05 4.20143185451628e-06 -2.41624157709042e-04 -1.04070587916969e-06 -1.15720078090385e-06 1.13632100431885e-02 -1.20886554937223e-04 1.89701163391577e-04 6.40977298788851e-04 7.39998370541771e-06 6.34302590621041e-06 -4.99861623180360e-06 1.95756216349422e-06 -1.80391088707190e-06 -7.74000311210939e-05 5.11670470026128e-07 -3.90880847936857e-05 4.52701953868991e-06 -6.71309096816712e-06 -3.29367082937179e-04 2.76858829700054e-06 4.74627479607835e-07 1.04587785548718e-05 -3.68524729076221e-07 7.09948071525073e-07 6.21956184030510e-05 -1.43009253919645e-06 -3.39465691432740e-05 -3.36770734465573e-06 -7.74987423421975e-07 -5.14253584964051e-05 1.70174691760137e-05 2.48009514579958e-04 -1.41912189664173e-05 1.91288624930075e-05 -2.64659921652059e-04 -5.57118403811797e-06 -1.95168717232487e-04 9.24683793338174e-05 -8.45606748088113e-06 3.08565325769027e-05 -1.86029134441472e-04 5.58519208673483e-06 -4.36796945637845e-06 1.70297591605275e-04 -1.08856123689880e-06 -8.55661925397404e-05 7.04429104795252e-06 -3.18627907839141e-06 2.57016995717884e-04 3.29892991135534e-06 4.11546980761587e-07 -7.37970962475708e-05 9.34237933751557e-07 -2.81685694797477e-07 5.73718530529583e-05 1.73023082842693e-06 -4.31771080720639e-05 -1.05038926127648e-06 -5.59213713524910e-07 -6.29673264814781e-05 6.29219774725517e-05 -5.74107121791117e-05 -6.30983027587763e-06 5.94107426188008e-06 2.85841186003084e-03 6.25888494628767e-05 -6.27374171408420e-05 -2.52679085751835e-04 1.77243959299589e-05 2.69391042900124e-05 7.93880740220878e-05 -5.20966303316805e-06 1.73386917927893e-06 1.52809428697483e-04 5.59725079116329e-07 -2.83443366810280e-06 -1.77422374058425e-06 3.08534345211454e-07 2.33072622971357e-04 3.81151864544014e-06 -7.96190068170532e-07 7.99206761266927e-05 5.42460834739319e-07 1.53319612341186e-06 5.53507809110883e-05 1.32774493045339e-06 -3.55876967125717e-05 -2.21611445721601e-04 -1.83547739263365e-03 -6.28290874486320e-05 3.35314021176751e-06 -1.46303147518434e-05 1.69075282660419e-05 1.06288836731393e-04 4.15373844380336e-05 2.45993005685094e-05 4.26780895545451e-06 -7.34034917059226e-06 5.36306544648670e-06 -3.56364004646114e-06 -7.68026688618615e-06 2.26011568832270e-04 1.86276737554970e-03 5.33617960451052e-05 3.08125486036342e-06 1.24773994748638e-05 -2.11588567786870e-05 1.20288729864555e-04 -4.10230038933288e-05 -3.18558263422642e-05 2.36112938028404e-06 7.94533919367156e-06 -6.82274986187929e-06 -4.40633519921849e-06 9.33383028618596e-06 -6.15110838264616e-04 1.02194580354714e-03 -7.87752683542811e-04 -2.60399758302177e-05 4.40979624357146e-05 3.68373470788142e-05 1.02738495003474e-04 -1.23840905645868e-05 3.02259945633955e-05 -1.39618234470715e-05 1.37822724248098e-05 8.41841510145574e-07 -7.20143268684431e-06 -6.56224951022504e-06 6.11228389113852e-04 -1.14862980188812e-03 8.26367349661993e-04 -3.08230854371306e-05 -4.41854887231855e-05 -3.81849247943857e-05 9.81155161057352e-05 9.76190788970475e-06 -3.70758539490007e-05 -1.44009983318976e-05 -1.40307693301191e-05 5.81805800038754e-07 -7.44732551103568e-06 5.45149789008283e-06
 6.41267222060615e-04 -1.37386508009151e-05 6.50351074204100e-03 -2.72518089497458e-04 -8.82802510825394e-07 7.21309354871676e-05 -3.68890622223652e-05 1.38901334279812e-04 -5.22762628332402e-03 -1.99629049291915e-03 5.73895322333716e-06 2.53598976986662e-04 -2.88587090190559e-05 2.11180594522191e-07 7.36117118724566e-05 -3.78379281256110e-07 -5.99281238520291e-07 -2.69472188994937e-05 -1.23472768646688e-06 1.82325576724507e-04 1.67960009040738e-05 -5.06312210250170e-06 -7.15698273076735e-05 1.93391409324207e-05 -4.90570876862744e-07 -3.97732519774942e-05 6.62331779734946e-06 5.93509017551580e-07 2.99433773809276e-05 -8.42490753790591e-07 7.13551346312039e-04 -2.62999902045177e-06 -1.63169289799470e-04 2.16675768607558e-04 1.57286375355129e-05 -1.98598835502553e-04 -1.46917524522109e-04 -3.27045828844394e-05 4.29196707339173e-03 8.39096242938944e-04 5.21303263227295e-06 -5.60154493265039e-04 -2.93478869071126e-04 -2.41117034438579e-06 -1.33237913295957e-04 -2.65969189530997e-05 1.47164206596952e-06 7.46343049473214e-05 1.80077771481930e-06 -1.83515910458305e-04 -1.18735779376762e-04 4.82525456085095e-06 1.09010382206622e-04 1.99108322666756e-06 -6.32475520223199e-07 -3.33992416836257e-05 -2.76090105443027e-05 -3.36514378109303e-07 -3.97808570719010e-05 -1.78752777440290e-06 -1.83658792465055e-04 -1.96213812430383e-05 9.43115266253869e-04 -8.64103104639260e-04 8.52092006152412e-07 1.20954878082110e-04 -3.75133157383312e-04 6.32674880975513e-05 -2.91517853712004e-03 5.98380003670989e-03 5.82083286878508e-06 2.00109331891482e-04 -7.55996034683714e-04 3.66501355115090e-07 1.33352550996040e-04 1.89168523783528e-04 1.68850602050886e-06 8.95332830330301e-05 -4.84296932049402e-06 2.34242719820740e-04 3.51762320240491e-04 1.01506908343274e-06 6.78911482490356e-05 2.10137812636768e-05 5.42460834739319e-07 7.76000059766623e-05 4.13028175703279e-05 2.97804982517670e-07 -2.54260308501292e-05 8.56924699116049e-07 -4.73784885649978e-04 2.20128732915980e-03 -4.93268694345054e-04 -4.29095850714151e-05 3.10161114026260e-05 1.39802041331479e-05 3.98302744326972e-06 1.23355945070355e-04 7.92995013936425e-06 -1.45545374185811e-05 -1.05774079738891e-07 3.16267940693884e-07 -1.01470713142306e-06 1.44498108952484e-05 -4.58630642696637e-04 2.30049105419644e-03 -5.05741914780516e-04 4.46984419543836e-05 3.07637146937402e-05 1.39037690590388e-05 4.87881389507275e-06 1.17864608943767e-04 1.20152412239260e-05 1.40092805151995e-05 -5.77288298105454e-07 -1.15733809135611e-07 2.54735428328289e-06 1.59537110460239e-05 -1.36200695252617e-05 4.83390617400702e-04 -7.56006457502071e-05 -4.82368509077131e-06 -2.50445568979125e-05 6.80037298889192e-05 -1.04767619614144e-05 -6.52166455861736e-05 1.41642456398395e-04 1.22829848139108e-05 1.24034121750399e-05 1.28672455872159e-05 -2.34019056508447e-05 6.41828487198982e-06 3.24790666248722e-05 3.92050561896834e-04 -3.01934996254218e-05 3.42343860289812e-06 -2.65807399033848e-05 6.61641167214542e-05 1.51808818996876e-05 -6.23573560749176e-05 1.44233069850339e-04 -1.25120577103922e-05 1.01839263207231e-05 1.37974513776362e-05 2.33825039187372e-05 5.47728989443771e-06
 2.77066734049968e-04 5.18559734143947e-05 3.19625269202713e-03 1.51001216444015e-05 -2.16426100602154e-06 1.23182873345519e-04 -6.78688426876481e-05 1.27922427944477e-04 -8.32169543110543e-03 4.07732023111442e-03 1.19523965391655e-05 4.11493694378184e-04 2.83792043784097e-04 1.05095843725129e-06 1.23808302211637e-04 -3.22128121870444e-05 -1.00495527151635e-06 3.82268821029978e-06 8.35292573891141e-07 3.15667620585410e-04 -1.56053730057667e-04 -1.37708188543547e-06 3.01890628596278e-05 2.99406808362739e-05 -1.19415406630041e-06 -5.89279839919050e-05 2.30562348117329e-05 3.31968982148973e-07 -2.30016630481473e-05 -6.24701225705974e-07 -5.87845646918646e-05 -2.51172848088790e-05 -1.37565335069938e-03 1.54600146446471e-03 1.84266971551678e-05 -3.72623428138319e-05 3.74789263956867e-04 2.02816463368387e-05 1.09820836559550e-03 -6.03704131832415e-03 1.64122945602203e-05 -6.17684385160005e-04 9.42033183365704e-04 2.06690250487569e-06 7.49670312547288e-05 -1.85602872621109e-04 1.40488640581170e-06 2.07637631707110e-05 1.21517749184183e-05 8.40541990386487e-05 -3.21817838652947e-04 5.53049013998982e-06 7.64554877381279e-05 2.01303287426946e-05 -6.47545220495649e-07 2.51358396188849e-05 -3.02056143187617e-05 8.92360823887646e-07 1.58675897292119e-07 2.03886725326913e-07 4.24471617744254e-04 -1.25619791885235e-04 4.38173326292723e-03 -1.14062613905915e-03 2.41077704809856e-05 2.68073348988735e-04 1.10298425734044e-04 -1.65700165797541e-04 -7.03438850930180e-04 1.42663830621051e-03 2.64451338410876e-05 3.85358632861028e-04 1.67848240811198e-04 4.76753584032762e-06 -5.09179706968759e-05 1.06108064481756e-04 4.12372371726870e-06 8.01588901113770e-05 2.16105782066172e-06 -1.57984335672614e-05 3.55619818053757e-04 -1.89530651911991e-06 1.15156077303078e-05 -5.04272125267975e-06 1.53319612341186e-06 4.13028175703279e-05 8.64970150083930e-05 1.48379753564355e-07 3.08968506648299e-05 7.04490637693393e-07 -5.93099371443656e-04 1.54138927391985e-03 -3.51607043983279e-04 -2.24710803421407e-05 -5.44575572063899e-06 -5.95747287698228e-05 2.93346212468816e-05 8.27688737312657e-05 -1.66929342670739e-04 -7.02181950606241e-06 1.39534915182115e-05 -6.44896376429332e-06 2.65403051740278e-05 7.57425952500971e-06 -5.41462558828321e-04 1.49864264495327e-03 -3.21006326148208e-04 2.18340082137489e-05 -5.61324652847521e-06 -6.08863501554484e-05 -1.31750696088582e-05 7.62400117055654e-05 -1.59114225734335e-04 5.99411679322531e-06 1.25021140349386e-05 -6.31067614008430e-06 -2.48563660299224e-05 8.71862072625785e-06 -2.12286964036541e-04 1.21496237430859e-03 -4.24006505281451e-04 -2.02060804601333e-05 3.09940934384484e-05 3.21781184376012e-05 -9.27225011101465e-05 1.96017001898747e-05 3.42026692123179e-05 -3.66240066021523e-06 -3.47524545011708e-06 4.95284189899266e-06 -1.02531375133978e-05 4.77728336836574e-06 -2.35680876323029e-04 1.54033761183559e-03 -5.03477403240125e-04 2.56345590459251e-05 3.61184810671561e-05 3.38711586226002e-05 9.74300683003640e-05 2.54179350739590e-05 3.09693755643851e-05 5.65431370491809e-06 -4.36441118344092e-06 3.69949532411376e-06 1.03988440606091e-05 4.79555348832636e-06
 -1.15754310160754e-06 5.47213444192750e-07 7.56395079641271e-05 -9.60793127300765e-06 -2.06303788744320e-04 -3.45082392455604e-06 1.17051335613751e-07 9.10598149070829e-03 7.31601052471723e-05 2.61799572238235e-05 5.97392763765384e-04 -2.45301223575988e-06 8.78277508422414e-06 2.67091202825076e-06 -9.02675746985836e-07 1.04370512579663e-07 -5.53838395407498e-05 -1.29647740322552e-07 1.07729300892413e-05 -2.99261956038059e-06 -1.74224952034724e-07 -2.38293108305417e-04 9.40472900922927e-07 -2.30481430607135e-07 -4.22031100418972e-06 8.87959417426566e-07 -1.75625607143505e-07 4.48835010731727e-05 -2.87320768527486e-07 -2.59447868100477e-05 -1.97923122023263e-06 -1.32235085825417e-06 3.74466667413013e-05 -4.78060944829412e-05 1.51132820530623e-04 -7.41940079586616e-06 4.07176455833976e-06 5.64719472148315e-04 -2.93509501473943e-05 1.19854703471334e-05 1.05176909535785e-04 1.70286734080750e-05 -5.45822164564485e-06 -8.97051314289033e-05 3.14806081031803e-07 1.43783347797015e-06 1.31354241908917e-04 -1.40562641260533e-06 1.16309815052913e-05 -1.11629313254827e-06 6.87015652070393e-06 1.99029106399320e-04 -1.98145572915594e-07 4.58457492455059e-07 -6.26136334758288e-05 -8.38924717608270e-07 5.51897545596650e-07 4.40371110371391e-05 2.57690858313373e-07 -1.53523607270350e-05 -1.20817255882643e-05 1.31493927600451e-07 -1.09740133937238e-04 7.85081859548360e-05 2.34372199720816e-04 -1.56631823748009e-05 -3.36901120985131e-06 -8.26960591317466e-04 7.82015262677311e-05 -2.94956985617467e-05 2.51303083196709e-04 7.15029827848470e-06 5.21386851108090e-06 1.39418710798168e-04 -7.26393100683628e-07 4.70731078227393e-07 1.45284697081172e-04 -1.39579573884837e-06 4.93253236115795e-05 2.97508058186767e-06 -6.04269434389546e-06 2.07537247819735e-04 2.56116775267822e-06 -1.92890700297840e-06 5.53507809110883e-05 2.97804982517670e-07 1.48379753564355e-07 4.73846273016893e-05 -8.17682598076047e-07 -2.27939133816465e-05 -3.29166081381847e-04 -5.66621525039193e-04 -2.63505571830698e-04 -5.30918940584363e-06 -1.46516096001829e-05 2.04951011410335e-05 8.88921397463979e-05 3.87577561742339e-05 2.58743533568148e-05 3.65382319829695e-06 -7.43652503859518e-06 6.08124084339676e-06 -3.57583665163552e-06 -2.31059526900496e-06 3.51029023670368e-04 5.51262783641320e-04 2.60927596069065e-04 -6.02193668606415e-06 1.33030750131420e-05 -2.05857653538231e-05 9.90605300990285e-05 -4.15659095996895e-05 -2.31831693299296e-05 2.12383116045884e-06 7.17864534330545e-06 -6.72727511807286e-06 -3.07117255083776e-06 3.17643594540538e-06 -1.03326352156428e-04 -1.97709808290784e-03 9.59837388540523e-05 1.20244763749502e-05 -1.68044179031740e-06 9.80760447093760e-06 9.20914900524750e-05 -4.25041900724223e-05 2.43848134592561e-05 3.94931509275724e-08 5.70723253825130e-06 5.25076404743353e-06 -9.66250807023807e-07 -2.63954189945426e-06 1.00624320818879e-04 1.81291678502609e-03 -4.43673950189063e-05 6.62409681988700e-06 -9.62892615298476e-08 -1.21355044327172e-05 8.00159626729528e-05 3.52680448609089e-05 -2.88540727475570e-05 -1.67403438529496e-06 -5.66865230351834e-06 -3.91975992728183e-06 -1.41032634027487e-06 2.07958798795123e-06
 -3.32811181820770e-04 9.42411025765150e-05 -3.79071536923305e-03 8.96003415115531e-04 1.94363840752576e-06 2.68600084395383e-05 -1.15867663069477e-04 -1.06095327904916e-04 -1.81376246963998e-03 7.94585773373705e-03 -1.11686504081827e-05 7.71996331067390e-05 -2.51601253229588e-04 1.97334759383984e-07 2.62088341609874e-05 -1.10491649006841e-04 -6.47787011414817e-07 3.28332447162013e-05 -1.63316764573935e-06 7.25319639025293e-05 -3.35177015118030e-04 4.15682431625435e-06 5.22073049033368e-05 6.77799053751558e-06 3.51370671123333e-07 -1.26097279303033e-05 5.94426184316412e-05 -8.44879866201163e-07 -4.45271254595574e-05 1.30319132196325e-08 8.73711169074976e-05 3.27318085504296e-05 -3.59637418051130e-03 1.95910920523397e-03 1.15435324388246e-05 -4.02363059907056e-04 4.88175224027341e-04 -2.01598158201943e-05 2.33538056505812e-03 -5.24162607151781e-03 4.64676999893921e-06 -1.12202894394473e-03 1.25738060888548e-03 7.03788431111362e-07 2.10263095315586e-04 -8.15499025802636e-05 -1.85496905583398e-06 1.08473313022542e-04 3.64846486264378e-06 2.40063059869042e-04 -9.48177851405812e-05 -1.63573585979201e-06 1.36185350406361e-04 -5.88419819521427e-05 3.17556949194166e-07 3.86622762021222e-05 6.27264196485688e-06 3.08954305675652e-07 7.22910738894529e-05 -2.06098276083669e-07 6.87158375927853e-05 1.01410518527273e-05 -2.22700359137602e-03 1.20645711042872e-03 -2.53547864878004e-06 5.03155736189796e-04 4.40052531246123e-04 7.84554284361313e-05 -2.31242890962207e-03 -3.63351874806857e-03 -1.59280312803285e-05 1.04886455949759e-03 1.06916425607358e-03 -4.37217999722804e-06 -2.06831520833792e-04 -1.91534579498911e-05 -2.40249106446516e-06 1.17761779779395e-04 -5.05497334968734e-08 -2.34643404225554e-04 5.23864504110902e-05 -4.85476026783978e-06 1.08777575014631e-04 6.07881823202892e-05 1.32774493045339e-06 -2.54260308501292e-05 3.08968506648299e-05 -8.17682598076047e-07 8.12425999406880e-05 8.15764831875144e-07 -2.02679366000065e-04 5.84214930098254e-04 -6.82334789728566e-05 -1.89205500129423e-05 -6.73403948351955e-06 -4.13631670068573e-05 -6.14419548781841e-05 3.07671976287124e-05 -1.16036937482090e-04 4.85270238715823e-06 1.40026735571267e-05 -4.86599253234073e-06 1.41580621380077e-05 1.69758010615620e-05 -1.92452045328624e-04 5.94162588536524e-04 -7.28997932350442e-05 1.90418205495425e-05 -7.18811982814058e-06 -4.09458228737370e-05 6.92071386681253e-05 2.82289134790042e-05 -1.11432033190185e-04 -5.74542677082941e-06 1.30412475759031e-05 -4.44133368828862e-06 -1.35656278398049e-05 1.79257307167390e-05 -9.58837637295023e-05 7.19223813929076e-04 -1.26236333433755e-04 -2.49889125129757e-05 1.18786089436082e-05 -2.16359581557522e-05 -1.09680346079605e-04 7.34891047150590e-06 -6.50891127640333e-05 -9.42204419278433e-06 -1.23739619693521e-05 -6.70340220626493e-06 4.47229881600720e-06 1.90984070427476e-05 -7.88436099104211e-05 5.60125072129617e-04 -9.83658795320183e-05 2.38693972128138e-05 1.14706193645559e-05 -2.16557011724133e-05 1.11068098970519e-04 7.63756811048823e-06 -6.70723877979239e-05 1.08049534754280e-05 -1.19159266606669e-05 -7.21465860340088e-06 -4.88688163530452e-06 1.94179935271947e-05
 -1.89772399159899e-06 1.72932211962853e-06 8.82892569780617e-05 1.46810878777176e-05 3.66950866186069e-05 1.68021174352852e-06 -2.86916310398250e-06 -4.37124167259987e-03 -9.61832274102464e-05 8.88000154127585e-05 1.17819096752833e-04 4.49617733958888e-06 -8.56081344545394e-06 -6.12702433025990e-06 6.53849133373183e-07 -2.08618168390490e-06 5.82129011563379e-05 8.30438973858872e-08 -3.15560195344149e-05 1.14248776269010e-06 -5.55730234185125e-06 2.34248076956265e-04 -1.23255014570062e-06 4.85171677267150e-07 9.42872580397798e-06 -6.58105396618077e-07 1.30662680588215e-06 -4.46077550515314e-05 5.65756790545926e-07 1.88142856220593e-05 -6.65990008862027e-07 1.22775611206598e-07 9.18195640304794e-06 2.09118312146092e-05 6.18776654919320e-04 -1.44853324212075e-05 2.27211312360733e-06 -7.12823409301450e-03 1.96331922381743e-04 -4.73459484473604e-05 1.28825115917581e-03 -3.67408037066571e-05 6.57177281811475e-06 -3.67063714285046e-05 1.33262511619010e-08 -1.82253796639840e-06 -1.37970229952654e-05 6.05142676806510e-06 3.96179544863893e-05 -2.86963624042058e-06 -2.66421762344831e-06 -6.19558094224741e-05 5.47649337993007e-06 -1.62589859721478e-06 4.82391581427279e-05 -2.61690266542855e-07 2.16129722487125e-07 -1.93603120861671e-05 4.23132260118275e-07 6.42241377423495e-05 8.68668190462979e-05 3.67234198497443e-06 -2.23355080766002e-04 5.84842112784517e-05 3.25220611487104e-04 7.23436394503555e-06 -3.97160678289244e-06 -3.84050933372150e-03 -6.06934399549257e-05 9.55513083633402e-05 8.75428804211390e-04 1.89861521822934e-05 9.02545730877906e-07 -7.56991756423817e-05 -1.45065185476035e-06 6.03819462813356e-06 -3.82785919979102e-05 3.22968331958853e-06 -1.25318443925618e-04 2.09148594662447e-06 1.10233203052841e-05 -6.75954698108914e-05 -1.47538121598850e-06 3.44429350884973e-06 -3.55876967125717e-05 8.56924699116049e-07 7.04490637693393e-07 -2.27939133816465e-05 8.15764831875144e-07 7.23913127597530e-05 8.41463902041829e-04 -5.25065412055498e-03 1.52643248128970e-03 7.25428581244034e-05 1.00022879286524e-04 -4.74759873860484e-05 -2.38753811188402e-06 1.01063109773784e-04 -2.31426602811001e-05 -3.69865127033384e-05 1.72429574132103e-05 1.49209191439541e-05 1.63691409432430e-05 1.30522505401396e-05 -8.89698387162194e-04 5.48586010316210e-03 -1.59845945555452e-03 7.83830850279430e-05 -9.94446298974493e-05 4.71881078750062e-05 -2.77226349621643e-06 -9.42689245638756e-05 2.39529453665113e-05 -3.63104168014135e-05 -1.71700732728161e-05 -1.43678392110617e-05 1.62285799626420e-05 -1.14326268019226e-05 4.38491912145801e-04 -2.30938282111455e-03 8.57439079479746e-04 3.91251125677948e-05 -6.62512705301215e-05 -2.69370114204689e-05 -1.80123004882733e-05 -6.25607953803135e-05 -1.33873801903885e-05 2.45834261485801e-05 -1.08982944923903e-05 1.03889506846157e-05 9.43960802443380e-06 1.41618453089851e-05 -4.00438038907918e-04 2.13447258844380e-03 -7.97002936189225e-04 3.69923773129726e-05 6.42091335320725e-05 2.82544241153648e-05 -2.11423368886904e-05 6.03010558372772e-05 2.10307842350048e-05 2.33612133658575e-05 1.15058314859996e-05 -1.03536803731317e-05 1.05689598162088e-05 -1.35326916030565e-05
 2.33815074566675e-03 -3.72076227362519e-04 -8.99041230718126e-03 1.52560676496034e-03 5.24067251053008e-04 -3.12926333368958e-04 -5.75299829023955e-05 -4.91834926842201e-02 4.52045536291115e-02 -3.42752242838623e-02 5.22720568611934e-04 -1.23209184313414e-03 -1.32656175769632e-03 -2.52825422786159e-04 -3.97315074679231e-04 4.68926295204265e-04 5.92884556495670e-04 8.12180179816288e-05 -1.47661299214127e-03 -1.08311737289359e-03 2.07904622851876e-03 2.36366345517143e-03 1.28082563007416e-04 -1.97813311094645e-04 4.43308038390159e-04 4.79693484079736e-04 -3.75350979155142e-04 -4.45397393568852e-04 3.17236394388999e-04 2.06062814036243e-04 -9.83521605462712e-03 2.36974206314061e-03 -1.09825292046772e-01 1.57955034371884e-02 1.00583656538824e-02 9.74531254811310e-03 -5.91474583922891e-03 -1.20642156547609e-01 -7.89532017407766e-02 5.72827047026621e-02 1.77870367006148e-02 1.59990562108319e-02 -9.36784623720165e-03 -2.13560468088596e-03 1.33793486153336e-09 2.71134735306062e-03 1.29424811620720e-04 -1.95554537536294e-03 -1.55599361766730e-03 -4.91802212611672e-04 2.99328801285140e-03 -4.20450814997819e-04 -1.73652679393940e-03 -4.96770898236941e-04 6.83502107410404e-04 8.50849549462041e-06 -2.56638596885346e-04 -1.58334137500880e-04 -1.06877913437640e-04 4.39208970229290e-04 -1.59371417427254e-03 4.67864944367863e-04 -8.05566298824045e-03 -2.11943111649830e-03 -1.94413426585537e-03 8.17115976741123e-06 -8.45975973932035e-04 2.10203038424338e-02 1.69091959501023e-02 -8.02770070943534e-03 1.69145311761380e-03 -5.07325676826427e-03 -5.76908076456558e-03 -2.75422045971485e-03 7.97226626772194e-04 -4.94356969645380e-04 -9.01327089297682e-04 -9.72025918589415e-04 -3.06269783804495e-03 6.89194231368102e-04 -2.11493385469848e-03 -1.17067294688807e-03 -1.14362204212169e-03 -1.63039360182750e-04 -2.21611445721601e-04 -4.73784885649978e-04 -5.93099371443656e-04 -3.29166081381847e-04 -2.02679366000065e-04 8.41463902041829e-04 3.54697261598046e-02 -2.01520898678396e-01 5.68726253860577e-02 3.50008261407174e-03 2.08294735089575e-03 -7.43491676249019e-04 2.29439916766230e-03 5.09031262850832e-04 6.75134048655275e-04 -6.16549930329753e-04 1.19939745940919e-04 3.54245551831082e-04 1.40237726734572e-04 -4.14558946274357e-04 3.21309193819422e-03 -5.17035430873565e-05 2.15971637951263e-03 -9.64403579227054e-04 -8.89880652479671e-04 8.24694532020399e-04 -2.40211039164109e-03 -2.01670481437033e-03 1.27188198159045e-03 -4.28343011117105e-04 -4.05548390673163e-04 -2.67999770640004e-05 3.03762839175501e-04 -5.86966422558393e-04 -9.13025589466724e-04 2.66315018955820e-02 -4.60610220583975e-03 -2.02257351850683e-04 -6.88777902331101e-05 -1.18544437022560e-04 -1.26104547303834e-04 5.67212085306458e-04 -4.80898154874312e-04 -4.38491354358090e-05 2.46115427491134e-05 -1.97186478483466e-05 8.56504785348884e-05 8.25379228005581e-05 6.72422505318558e-03 -4.11648807426332e-02 7.07692489913019e-03 -2.74671943558700e-04 -3.83816598297022e-06 -3.06462209164519e-04 -4.08047831079776e-04 9.54807569353680e-04 -7.36029184159898e-05 1.98072729254100e-04 6.20177939656984e-05 -1.09050246903346e-04 -2.98104306162625e-05 -1.72104640309040e-04
 -2.03239363134629e-03 5.51839513481434e-04 -7.20353778016135e-02 -4.02537043565084e-03 9.64632206493807e-03 -3.70825669592087e-06 2.36309302823444e-03 -2.14568819608627e-01 -1.35619368462931e-01 6.34346457013912e-02 -4.48064055538735e-02 7.05927245017273e-04 -8.87355208820608e-03 1.69659890563195e-03 3.32814560233193e-04 -2.35875862065084e-03 -1.08447030779214e-03 -6.65303961912395e-04 1.03963217340819e-02 1.27417382469108e-03 -8.12589860792056e-03 -3.26240891500420e-03 -2.52610625803420e-03 7.03303192143334e-04 -3.03090958803139e-03 -1.96302192383087e-03 1.82510872597403e-03 6.19214609156793e-04 -9.19951253054897e-04 8.71358417467743e-05 -4.19823549266197e-03 -1.19243243850504e-02 6.21356590472864e-01 -1.16533392640972e-01 -8.93542441088246e-02 -5.99057093901163e-02 2.36711507017595e-02 9.03760952705820e-01 4.96875999922879e-01 -1.79424817058843e-01 -1.48080384085222e-01 -8.67133980669954e-02 2.92842776745415e-02 2.19421200838493e-02 -2.74614855846813e-03 -1.17531881745986e-02 -9.63046876019171e-03 1.20751924811983e-02 9.93692114226777e-03 2.38480813956636e-04 -1.26035663020455e-02 -9.80977343143145e-03 1.00097002606763e-02 1.63337797858849e-03 -1.20169566685073e-03 -4.86132065285820e-04 1.43306256265536e-03 -1.64962608110477e-03 5.49700730024668e-04 -2.68653643968674e-03 -8.63900760808644e-04 1.61688997162913e-03 -9.06075875505137e-02 3.44024053994525e-02 -4.09831141268080e-03 -2.76550859108626e-03 -2.53020035897927e-03 -6.73033837200778e-02 -1.27779512184556e-01 9.20023728272755e-02 -3.60515232688892e-02 2.28641088761525e-02 2.02063262597418e-02 1.14618385051066e-02 -2.49395121295943e-03 2.75580500191736e-03 -2.86526333847328e-03 5.03359475132127e-03 1.99598232648606e-02 -2.34203824754890e-03 7.65615253319867e-03 -4.65059099832806e-03 7.36942534139766e-03 2.19044326829860e-03 -1.83547739263365e-03 2.20128732915980e-03 1.54138927391985e-03 -5.66621525039193e-04 5.84214930098254e-04 -5.25065412055498e-03 -2.01520898678396e-01 1.38219405904565e+00 -3.60432745623843e-01 -2.24285872667074e-02 -1.34479802175630e-02 6.11783560142270e-03 -2.05504111349344e-02 -9.23387118458283e-03 -4.41980600924856e-04 4.54122864991580e-03 -1.11204109529767e-03 -2.75831368365276e-03 -1.77631005552845e-03 2.45836222734612e-03 2.11695125372467e-03 -2.55376189788096e-01 3.03668709891915e-02 3.37282135026629e-03 8.08285998202404e-03 -3.35542124822906e-03 8.36989475016584e-03 1.63141187587644e-02 -2.17906303631338e-03 3.34828121948029e-03 2.07247116558962e-03 1.08622911658856e-03 -1.33306875851961e-03 3.48791623980858e-03 2.56204368904845e-02 -1.02970435607605e-01 3.86737324480719e-02 1.11496324200386e-03 -2.68974603030020e-04 1.46081517816906e-04 -2.73502877149383e-03 -6.60149858978081e-04 3.03640255445945e-03 1.34045675783164e-04 -1.14604565140652e-04 -3.29181407965750e-04 -6.54705304207393e-04 -6.24091828540773e-04 -3.67531443066568e-02 1.03093030480593e-01 -2.34708400371106e-02 4.51025614270246e-04 -1.97167079474435e-03 2.53026657533009e-03 -4.39055499179643e-03 -9.64222874795495e-03 3.51126691966168e-03 -1.55576782402850e-03 2.06416003092561e-04 1.12987071957423e-03 2.62666073677442e-04 1.15896829663937e-03
 8.23170704893576e-04 -1.64006084265752e-05 3.17698543217281e-02 3.35235561938317e-03 -6.40296156486193e-04 1.88034772220262e-04 -1.18174564472399e-03 -2.63498318910407e-02 3.07410764122188e-02 -9.59675862885527e-03 6.23470908639130e-03 2.88695306187072e-04 7.21558352461146e-04 -4.17088388017396e-04 6.19813127518125e-05 3.62443054218046e-04 7.80239179151606e-04 1.78245454822341e-04 -2.51472318980883e-03 2.94601552718445e-05 1.64330852699368e-03 2.99641806195295e-03 4.97213362174577e-04 -1.77730722959946e-04 7.38390183137946e-04 5.21444438223788e-04 -3.41331428029680e-04 -5.67019116594843e-04 3.19573374269922e-04 2.09897366887579e-04 -1.90495207817679e-03 3.89326852314897e-03 -2.05970097662463e-01 4.18411330939887e-02 2.07032466211903e-02 1.62542506263590e-02 -7.25574207336291e-03 -2.26558485729488e-01 -1.24681270163023e-01 5.66836641542067e-02 3.60051267729327e-02 2.08971327949584e-02 -7.90210241797983e-03 -4.43097416763560e-03 8.01207466439481e-04 3.71929625118994e-03 1.22143746091796e-03 -2.93509979355355e-03 -2.27993717690657e-03 -2.85454917173651e-04 3.81044542725318e-03 6.74746007617638e-04 -2.17102723623871e-03 -8.11442142562250e-04 8.29779615646976e-04 4.21124511988867e-05 -4.79680015566297e-04 1.72077454943660e-05 -9.61732074073920e-05 8.81327940802676e-04 2.31545728945733e-04 -4.02416095559466e-04 2.19008380299730e-02 -9.97172687736112e-03 1.06634462455560e-04 3.57637650500494e-03 5.50297367052588e-04 1.17030322485860e-02 1.10367291012910e-02 -1.72805656906165e-02 8.59624330527720e-03 -2.19945134561606e-03 -6.31654459223989e-03 -3.77150947919058e-03 8.39477706627247e-04 -3.82552084349428e-04 -4.69738283900562e-04 -7.03221874678013e-04 -5.22195192627944e-03 1.01910365696901e-03 -1.39869160863170e-03 -5.89843869036278e-04 -1.43153285747945e-03 -3.44180173388095e-04 -6.28290874486320e-05 -4.93268694345054e-04 -3.51607043983279e-04 -2.63505571830698e-04 -6.82334789728566e-05 1.52643248128970e-03 5.68726253860577e-02 -3.60432745623843e-01 9.95786713814489e-02 6.15680054504459e-03 3.78933414282004e-03 -1.67615592172665e-03 4.94519422445155e-03 2.33740764045368e-03 4.20649425044255e-05 -1.24311166328069e-03 3.24671992633956e-04 6.95619562111767e-04 4.57106391976625e-04 -6.33590621715072e-04 1.53398713544947e-03 2.96108114418367e-02 -4.48331611813884e-04 -1.38836653283224e-03 -1.78355022886085e-03 9.99842766220985e-04 -3.53924874363529e-03 -3.37982004867190e-03 8.77896284478412e-04 -7.68435500188208e-04 -5.87238201386304e-04 -1.67219201422631e-04 3.72120917293801e-04 -9.73709590664124e-04 -4.50644820972579e-03 3.99605640213454e-02 -9.65294258347814e-03 -4.80862234956356e-04 -1.39038876054709e-04 -9.35129728420082e-05 -5.64655563867007e-04 3.26912795541980e-04 -7.88522027982851e-04 -1.25954034806465e-05 -3.23888140622687e-05 4.71001353246605e-05 1.42952031788230e-04 3.07200304656010e-04 6.25743184999403e-03 -2.26894960314693e-02 1.43270725422992e-03 1.81197986748092e-04 5.56118892086359e-04 -3.43306408619262e-04 9.10034979075534e-04 2.13429387218269e-03 -4.29175192346834e-04 4.67220213083372e-04 2.75734360379104e-05 -2.68857244321029e-04 1.49424175616294e-05 -1.96324862455121e-04
 2.18917246350888e-05 -9.31234146910698e-06 3.58723533530666e-03 -6.11254621838303e-05 -6.55066901423428e-05 1.32188470606687e-05 -6.47287747019307e-05 5.59315895675618e-05 2.31252552076616e-03 -1.16883749337768e-03 4.19220821559153e-04 2.10084125699974e-05 3.98212855956182e-04 -1.89541632967649e-05 4.83820834039044e-06 6.48243602312563e-05 3.20307806330455e-05 1.29302519667437e-05 -1.16004395463989e-04 3.29999008562685e-06 1.92358958919933e-04 1.18326260243362e-04 6.74226470682077e-05 -1.35080752835770e-05 3.37760509279878e-05 3.86716270906217e-05 -4.57358077006542e-05 -2.20541752046999e-05 1.83194981592270e-05 7.16641438861871e-06 2.51166418918011e-04 2.48233177689466e-04 -1.35891543875636e-02 2.63628965070181e-03 1.03548749107302e-03 1.45555571490511e-03 -5.10889836051005e-04 -1.10598280049298e-02 -1.20472045838300e-02 3.46359523997747e-03 1.81644851006577e-03 2.06219708911238e-03 -6.06917984854061e-04 -2.23234399481869e-04 5.81844425956288e-05 2.49023826429521e-04 8.01555256147980e-05 -2.95395381903663e-04 -1.02075664488510e-04 -1.66913528375462e-05 2.64724338676510e-04 6.31740679892522e-05 -2.50781368939029e-04 -1.85095995501232e-05 3.13398857351192e-05 9.25018901765836e-06 -3.20788791012402e-05 7.87567040648480e-06 -2.20485974872064e-05 4.63479800915180e-05 -6.91299217783023e-05 -7.83804676574333e-05 3.56050720060952e-03 -1.15388097540804e-03 9.24655160407987e-05 2.18685922192586e-05 7.03408044309978e-05 -1.52090828026190e-04 3.49721361987035e-03 -2.10204745580745e-03 5.49031920759380e-04 -6.01758948479466e-04 -4.83737322990758e-04 -1.52080145453518e-04 6.49701579545988e-05 -6.11104471361823e-05 3.55807092755433e-06 -1.26023812215822e-04 -2.42870413163293e-04 6.55334715414630e-05 -1.39020213640921e-04 4.53347874644676e-06 -1.88604097348489e-04 -6.97562337427498e-05 3.35314021176751e-06 -4.29095850714151e-05 -2.24710803421407e-05 -5.30918940584363e-06 -1.89205500129423e-05 7.25428581244034e-05 3.50008261407174e-03 -2.24285872667074e-02 6.15680054504459e-03 4.13152936700344e-04 1.91925545141646e-04 -1.02133570833364e-04 3.96101530950304e-04 6.83991351706901e-05 -1.19547166908701e-05 -6.46507591142622e-05 1.21751448612139e-05 4.19998877372606e-05 2.92363292081510e-05 -6.18637072518190e-05 8.85773907326440e-04 -3.17133148682897e-03 1.33678125197621e-03 -1.81687179533638e-04 -8.06000753143213e-05 2.31704225293808e-05 -3.02676132818635e-04 -2.28277691055725e-04 1.82722353214050e-05 -3.42656024840356e-05 -3.07629993479622e-05 -3.93629775678345e-06 1.00488496589630e-05 -8.09659873536258e-05 -1.61080382085603e-04 1.02460543078637e-03 -4.08530198603784e-04 -8.74941296165109e-06 1.17220929930312e-05 -2.56198024030413e-05 1.85243785189822e-07 6.77814701056214e-05 -8.71844347686253e-05 -6.79253014047787e-06 -4.53570494595070e-06 6.41156303750925e-07 1.63052828210246e-05 3.86237320522113e-06 2.44402350577654e-04 -4.39439558831483e-04 -1.66269699084917e-04 9.90849301892743e-06 6.04868142732119e-05 -3.37223005554544e-05 4.37081163654445e-05 1.78763971970474e-04 -7.99364181523477e-05 3.25820338278534e-05 -1.04742552211590e-06 -1.87525315104413e-05 -7.11302195291117e-06 -2.05195047445806e-05
 5.86619703260820e-05 -2.17330344792951e-05 9.56945649677264e-04 2.93417226378392e-04 -4.36816809262491e-05 3.25386176216582e-05 -3.61752934063955e-05 -1.86543989375666e-03 -1.08373823300244e-03 -2.53930677157050e-03 4.35605438219746e-04 1.03183764349605e-04 -5.63492248427014e-04 -1.85993143744870e-05 2.83264671742809e-05 -2.63199320713782e-05 5.52849955096895e-05 -1.26449818689126e-05 -1.07709901361351e-04 6.38250521475695e-05 2.18847831376053e-05 2.12392834808371e-04 -8.09993754903204e-05 2.60241683724065e-06 3.12910174773815e-05 2.37253685548337e-08 1.23227001590792e-05 -4.10067399257922e-05 3.85451396639597e-05 1.40056516038867e-05 1.38884036479269e-04 1.70382261268361e-04 -7.46775864149366e-03 1.47798850585647e-03 1.20583920456472e-03 3.97057037246633e-05 -4.07047842401328e-04 -1.28140350374038e-02 2.48669487264395e-03 4.20532513013902e-03 2.18571516738769e-03 -2.13358609526859e-04 -5.70251553754052e-04 -2.02085522291550e-04 -7.52165186706253e-05 1.39320334686988e-04 6.29196805311910e-05 5.24055392633015e-05 -4.69879067782384e-05 -1.29528731337783e-04 8.07247399903399e-05 2.62294692386534e-05 1.02773410574451e-04 -7.75241379371583e-05 4.83332711560240e-05 -2.68266585101631e-05 -3.51046126277997e-05 -4.13454935406540e-06 -9.72236420655370e-06 7.08650762274644e-05 -3.84284307352490e-05 5.40839043939876e-05 -1.16999746056280e-03 -3.55846943624724e-04 2.88437451499244e-04 4.53554164236456e-04 -2.81230709077960e-04 -2.40808259610755e-03 -4.93261488687224e-03 4.13933901571173e-03 9.80690549652735e-04 5.02416950747346e-04 -7.01406495740462e-04 -1.54046609441560e-04 1.19000154611069e-04 1.13539123420671e-04 -1.06927688450337e-05 1.15419866701543e-04 -2.65983585694635e-04 1.79368496013090e-04 1.31704975905475e-04 -1.97288705099132e-05 1.04951333767683e-04 5.74558355370336e-05 -1.46303147518434e-05 3.10161114026260e-05 -5.44575572063899e-06 -1.46516096001829e-05 -6.73403948351955e-06 1.00022879286524e-04 2.08294735089575e-03 -1.34479802175630e-02 3.78933414282004e-03 1.91925545141646e-04 2.35871847380880e-04 -4.58427775201782e-05 1.17382863868987e-04 2.73075022440230e-04 6.98366588293662e-05 -7.73982356291729e-05 1.85432012345582e-05 3.54314672341665e-05 1.23674059255634e-05 1.34866270427718e-05 -8.97708258656945e-04 8.03400047885544e-03 -1.79576477584049e-03 8.01306186741189e-05 -9.26468963715637e-05 1.05135626038205e-04 -2.24313882277180e-05 -8.74680292431496e-05 1.23910689180190e-04 -4.35801379612638e-05 -3.41565236682780e-05 -1.85375773897127e-05 3.94478586020914e-05 -1.29151376888597e-05 1.00646578465113e-04 3.17740149985273e-04 1.31679764056161e-04 -1.55432272659525e-05 -9.64633988409721e-05 3.81961397041636e-05 -4.74955618807700e-05 -1.30708793349027e-04 1.11687213836272e-04 2.81192137571584e-05 4.91206319659001e-06 1.82440902893093e-05 -1.15061683305276e-05 4.07303179362535e-05 -1.57850197283763e-05 1.99020681584948e-03 -6.21089590742329e-04 6.05964267040156e-05 1.82631831393637e-05 6.17249893160799e-05 7.80892476826040e-05 4.10744998053738e-05 1.42563197568431e-04 2.14033244401363e-05 1.88613153459908e-05 -8.12214011294255e-06 3.10113942950664e-05 3.66862053841281e-06
 -1.70969250118388e-05 -5.45385734950033e-05 2.98717629739425e-04 -9.21351127767726e-05 -4.28386224125790e-05 -9.60617152203330e-05 4.64870764876877e-05 3.35838209212079e-03 6.42468431373248e-03 -4.82787848188246e-03 4.99275318642260e-06 -3.21180657230818e-04 -4.88053317341577e-04 1.03544347185760e-05 -9.45244135303321e-05 2.80553088980370e-06 -3.62650909666205e-05 -2.60815207423497e-05 6.44776781661560e-05 -2.44025754123065e-04 8.94018490728277e-05 -1.52345035891604e-04 -1.06495727942962e-04 -2.33560448370836e-05 -1.88889029107563e-05 4.59221387876624e-05 6.05804150144684e-07 2.83123280862308e-05 3.90321872661652e-05 -1.30634489086840e-05 -7.48459936268006e-05 1.17854829177507e-05 1.98372659808404e-03 -1.45963104585502e-03 -5.00546363842222e-04 -3.24539853851369e-04 -4.60952949714000e-04 5.95015000725869e-03 4.36009400312998e-03 7.48968230552145e-03 -9.19770828878068e-04 -2.40287088367533e-04 -1.03253102771347e-03 8.14920867796001e-05 -1.61048593641892e-04 1.89713815381844e-04 7.20268381057960e-06 1.09267733421216e-04 4.34721373559091e-05 -2.05816278576630e-04 3.08967325556351e-04 3.90547181229325e-05 7.18715702665022e-05 -4.23542368928449e-05 -4.03959223010918e-05 -6.65754136961710e-05 2.77920915187223e-05 1.16625035297477e-05 -1.50567817528613e-05 -2.87673705190286e-05 4.95913457380755e-05 8.75328448270959e-05 -2.38390162862743e-03 4.01345789844478e-04 3.23641472465811e-05 1.36088263987677e-04 -2.58358668163475e-04 -1.80554521512593e-04 -4.68526640636737e-03 1.71152382160329e-03 -1.89814940961364e-04 3.02430633115859e-04 -4.61783112310654e-04 1.30789631234824e-04 1.42898731484127e-04 -3.59827630440760e-05 5.14955483977830e-05 6.52694835639623e-05 1.38511913355087e-04 1.58964331639586e-04 -2.02683475971079e-04 7.75185390241684e-05 1.38205917128722e-04 2.89673482715951e-05 1.69075282660419e-05 1.39802041331479e-05 -5.95747287698228e-05 2.04951011410335e-05 -4.13631670068573e-05 -4.74759873860484e-05 -7.43491676249019e-04 6.11783560142270e-03 -1.67615592172665e-03 -1.02133570833364e-04 -4.58427775201782e-05 1.31465304483050e-04 -6.65142626204569e-05 -2.79529927234082e-05 2.28321198221707e-04 2.20824232438194e-05 -2.78434842162760e-05 -2.00943256459004e-06 -4.71595960630249e-05 7.80295543508612e-06 8.21807666738260e-04 -3.43771725373851e-03 1.00366914825298e-03 -2.22497398508493e-05 1.06254407175637e-04 5.22100394494863e-05 7.19608284781465e-05 9.96934918843344e-05 1.83354956067187e-04 3.22716998986246e-05 1.44255529389519e-06 1.54393473670642e-05 2.22472734765177e-05 1.75834794424794e-05 -1.56529623976343e-04 4.33139239580851e-04 -1.97976515035532e-04 -3.58206573328126e-05 -4.03369455300137e-05 1.87342128749379e-05 4.18370248520955e-05 -9.60242736464777e-05 7.36127804419339e-05 5.95873514667560e-06 1.14998856142475e-05 -3.38203534477452e-06 -9.10585169243328e-06 1.27559350744366e-05 -2.75408891616718e-04 2.51677836081882e-03 -3.39719384920530e-04 3.97758412026666e-05 -6.71960121599827e-05 1.41923867218047e-05 1.20456379270366e-06 -1.25555355550494e-04 5.43566244990814e-05 -2.14630917159699e-05 5.79846436278133e-06 4.76299091670768e-06 4.30977778943610e-06 2.68917778543577e-05
 -3.48101499086317e-04 -6.78289722566882e-05 6.71546589757554e-03 -8.40988578768224e-04 -4.40276385698773e-04 1.20964649956574e-04 2.30664844883803e-05 1.76946801220939e-02 -4.33804204647775e-03 -5.74776930244325e-03 1.42922240212951e-03 3.93284767659960e-04 8.02440775753546e-04 -3.85704244525469e-06 1.14208128532426e-04 1.49979149177405e-04 -8.64131423045764e-05 -8.39404645950647e-06 -3.59053637312426e-05 2.73048661048320e-04 4.11798662638292e-04 -3.87837259738154e-04 5.70403144133961e-05 9.41503167055611e-06 7.57666336049767e-06 -3.81626302291501e-06 -9.03916241550888e-05 7.37566734185689e-05 3.54656746214634e-05 -4.54482289337601e-05 4.77529906445265e-03 2.74051459313144e-04 -1.40593910250713e-02 2.74253595193529e-03 8.78707285184542e-04 2.06774568356696e-03 -6.71147802516921e-04 -5.15303641468226e-03 -1.54405006672722e-02 2.60183138287140e-03 1.27446237220637e-03 2.99237216185470e-03 -8.98959350280221e-04 -2.88176631045501e-04 -3.55934414444388e-05 1.46147363283539e-04 3.00574384084367e-04 -4.42545976578191e-04 -1.99629737084845e-05 -1.05232997750509e-04 2.86540624193176e-06 4.24498603546681e-04 -3.43684474436955e-04 4.96211549990996e-05 -1.03191418644163e-04 1.63459755858809e-05 -8.55102635051280e-05 8.98440056068666e-05 -8.75927239291927e-05 3.43940724754673e-06 4.61532885133378e-05 -2.27660411499018e-04 1.17398810024235e-02 -3.93070763696947e-03 5.90002068165934e-04 -1.44748518519347e-04 -2.00585043595603e-04 -2.54281630363538e-03 5.39231168910902e-03 2.23543574521098e-03 9.32961170850813e-04 -1.34594057025725e-03 -1.39193778205596e-03 2.02758862825307e-04 2.09730420362633e-04 2.31759032169228e-05 2.91812216474467e-04 -1.75795952542960e-04 -3.92436951274500e-05 2.35866149252840e-04 8.58469164700789e-05 4.04052326086117e-04 -2.94645241834183e-04 -1.42010308100720e-04 1.06288836731393e-04 3.98302744326972e-06 2.93346212468816e-05 8.88921397463979e-05 -6.14419548781841e-05 -2.38753811188402e-06 2.29439916766230e-03 -2.05504111349344e-02 4.94519422445155e-03 3.96101530950304e-04 1.17382863868987e-04 -6.65142626204569e-05 6.99653758625917e-04 1.14047415073835e-04 -9.00583619651858e-06 -5.08725498170292e-05 -1.21795217529616e-05 4.47762698502693e-05 2.94616789271058e-05 -9.03614751935622e-05 2.16040651825823e-03 -7.63798775093509e-03 3.27632298761545e-03 -2.89210461401650e-04 1.37327506214174e-05 -7.57034163948278e-05 -2.81880209334858e-04 -2.16952775637076e-04 -8.68118256425929e-05 4.60968043839858e-06 -9.63028265718128e-06 -8.22707975644269e-06 -1.92681443606509e-05 -9.44018691073255e-05 -3.81935898092194e-04 -2.29570974845648e-03 -6.50743289836892e-04 2.07097022896881e-06 4.51565021999536e-05 3.94243563410031e-05 1.45784640496468e-04 5.52501980475346e-05 5.89855456786039e-05 -1.28531909542778e-05 1.44772466597729e-05 1.59774121694639e-05 -1.13492147306410e-06 -1.69641526970361e-05 5.38556968554968e-05 5.70907663581301e-03 -1.17670092108278e-03 5.50800472929374e-05 9.64794213751234e-05 2.38098631997123e-06 2.19666483166765e-04 2.86620139878134e-04 -4.05738876985268e-05 2.92879853341141e-05 -4.32190766250748e-06 -1.60073591536349e-05 4.71633144619984e-06 -2.16990249146207e-05
 -7.15591027344135e-04 5.20316634682421e-05 7.27616181566721e-03 6.29595173898530e-04 -3.00137192071261e-04 1.17853255396937e-04 -1.92217871400856e-04 8.35824469794865e-03 -7.63505143324017e-03 2.95507890059925e-03 1.27868723133933e-03 3.95937715008149e-04 -8.07109414947127e-04 -1.40192589332445e-05 1.19515007173581e-04 -1.47759631989613e-04 6.55574110959417e-06 -2.76757252108620e-05 -9.05654295704623e-05 2.94354389024583e-04 -3.44968018467824e-04 -2.64639519213501e-06 -1.53287498253484e-04 2.70255280323962e-05 2.36310564575236e-05 -4.90270893426218e-05 9.24449082382974e-05 -1.57071389448623e-06 2.94735114951085e-05 -1.32586156785427e-05 2.83150762731732e-03 1.23244438672794e-04 -7.07509513840379e-03 2.81061316895502e-03 1.63456466381814e-03 -8.92778644600071e-04 -8.60266421906780e-05 -1.43704630605709e-02 1.33505026944363e-02 1.01810209942340e-03 2.80216670476293e-03 -2.53462443507205e-03 3.31306413476816e-04 -3.07966528684628e-04 -7.38721931348610e-05 2.24521231415377e-05 2.24562573657967e-04 3.42214549565616e-04 2.40900354497123e-05 -1.77549482363938e-04 -8.89107004492968e-05 2.60127202707640e-04 4.46842419305691e-04 -1.25672116718193e-04 -1.75330295423200e-05 -6.61009263246654e-05 -3.29883739859804e-05 4.41622489742244e-05 8.11630194746391e-06 7.98456610077439e-05 1.22746517534829e-03 -1.36907511596432e-05 2.10392499119954e-04 -5.59451357292330e-04 8.21949448800922e-04 1.28758772470598e-03 -2.56213070627890e-04 -6.00556318430589e-03 -1.38867806779791e-02 7.48414540467892e-03 1.80147360825557e-03 2.23985186199640e-03 -4.21624184104954e-04 2.66896657853018e-05 1.12024318083444e-04 2.73551038687360e-04 1.72335528696902e-04 4.17495764194720e-04 -2.30498997046620e-04 2.73048201756538e-04 5.51861025510373e-04 2.28631308758403e-04 3.97450555116368e-04 1.31768617651384e-04 4.15373844380336e-05 1.23355945070355e-04 8.27688737312657e-05 3.87577561742339e-05 3.07671976287124e-05 1.01063109773784e-04 5.09031262850832e-04 -9.23387118458283e-03 2.33740764045368e-03 6.83991351706901e-05 2.73075022440230e-04 -2.79529927234082e-05 1.14047415073835e-04 5.93581671114999e-04 2.63585269438564e-05 -1.02522060716463e-04 2.88812545095655e-05 4.46692345089636e-05 1.83183664725462e-05 6.49059506285652e-05 -2.04795383372267e-03 1.68867368950380e-02 -3.53974064859258e-03 2.39560191404685e-04 -8.91061255485547e-05 9.98356528972331e-05 2.42503935731219e-04 4.41662737615718e-05 4.15229205692103e-05 -3.88085727426474e-05 -1.72735310437492e-05 -3.74789674525062e-05 3.87218311760534e-05 3.66133118868940e-05 -4.06011846426086e-04 -1.66407963688880e-05 -1.51840461886989e-04 -6.14185067185025e-05 -1.56584002214340e-04 1.04283921354361e-04 -9.96669341079282e-05 -3.59845136215450e-04 2.48941419776003e-04 5.28799036344956e-05 5.86596251332804e-06 3.71190325115726e-05 -3.23319715612266e-05 8.79611984664629e-05 -8.21061446016514e-04 1.01906141615094e-02 -2.19839154249707e-03 1.82034923279269e-04 3.59555844425204e-05 1.33435076653666e-04 3.46679407247682e-04 -1.56760216684392e-05 2.25774837079549e-04 2.12752950870014e-05 1.58486732771735e-05 -1.09116345038557e-05 5.98352039515446e-05 4.32337269564661e-05
 2.28078216100389e-04 -1.84989704367966e-04 -3.47699726458965e-03 -3.16235533288964e-04 -1.01591802198183e-04 -2.11248381950187e-04 2.08840816057509e-04 4.83997597248013e-03 1.52692578788968e-02 -1.58940901871489e-02 2.60767051093224e-04 -7.11825440444986e-04 -1.29859089611331e-03 1.84099858047832e-06 -2.13149020313816e-04 6.33985784565900e-05 -3.15744276861541e-05 -6.05668048369078e-05 2.24893234857042e-05 -5.55587408561960e-04 4.25300149323249e-04 -1.47871942004396e-04 -2.51943204166934e-04 -5.66559763936839e-05 -5.77432337984718e-06 1.16050471707071e-04 -3.76167310270969e-05 2.68120638118376e-05 1.11849687675331e-04 -1.45036053649936e-05 -1.00046825981366e-03 1.45705053638637e-04 5.12559252450882e-04 -3.10958331156332e-03 -8.25268140442090e-05 -1.81158906439533e-04 -1.39157272367122e-03 1.72657367542265e-03 5.61199678203798e-03 1.98996353904053e-02 -2.16083338418624e-04 5.84457976537690e-04 -3.00712917548608e-03 -2.18679029369336e-05 -4.05886490055472e-04 5.05264509457494e-04 5.92337834335506e-05 1.13046513976120e-04 -2.13593192969560e-06 -4.88880903049911e-04 7.15845860356884e-04 9.08214377675952e-05 4.49843748584519e-05 -1.02657390989124e-04 -3.83861191041593e-05 -1.35009942536007e-04 2.80718111786689e-05 1.93458900001331e-05 -5.50364286079045e-05 -1.41357392005012e-05 -4.73534277215042e-04 2.22279041676229e-04 -4.28884823625911e-03 6.20148223710916e-05 9.80065346530250e-05 1.82361818117090e-04 -7.57725670315412e-04 -2.61976302285965e-04 -8.89605607182227e-03 5.12954811800574e-03 6.95452373710893e-05 8.02057851596246e-06 -1.65711920029456e-03 9.27740044989427e-05 4.03852466180061e-04 -9.72470038932683e-05 7.38295929360761e-05 6.55737665556195e-05 4.29529655644134e-05 4.09691253821038e-04 -5.59357183753054e-04 1.18604220834150e-04 2.11878309861707e-04 4.95181195020467e-05 2.45993005685094e-05 7.92995013936425e-06 -1.66929342670739e-04 2.58743533568148e-05 -1.16036937482090e-04 -2.31426602811001e-05 6.75134048655275e-04 -4.41980600924856e-04 4.20649425044255e-05 -1.19547166908701e-05 6.98366588293662e-05 2.28321198221707e-04 -9.00583619651858e-06 2.63585269438564e-05 5.56548979424982e-04 -5.69891304895999e-06 -4.88361360107260e-05 2.15416435878923e-05 -8.90409510751054e-05 1.47947018378102e-06 1.30321275507287e-03 -2.27021637729416e-03 8.94997787554435e-04 -2.15960243025736e-05 1.20731287568866e-04 1.92383093689453e-04 6.94254477816175e-05 2.68683073425043e-05 5.08170660313464e-04 2.32299110064462e-05 -3.17221775664475e-05 1.84191723047122e-05 7.79177600091023e-05 4.47629438022320e-06 -3.16719051109848e-04 1.90904027783887e-03 -5.97529828530906e-04 -8.13070010266318e-05 -1.13964340508309e-04 4.97690470851429e-05 1.10361615353833e-04 -2.00762013698049e-04 1.91219080959341e-04 2.05315263961706e-05 3.09422535622997e-05 1.93827809274096e-08 -1.90157907613605e-05 3.43936927539986e-05 -1.95699840622986e-04 3.82027293989971e-03 -5.83936385347683e-04 8.38610049905464e-05 -1.25496985300352e-04 3.65394313753842e-05 -1.87304831701437e-05 -1.72895967825511e-04 1.78266296452942e-04 -2.79299327130456e-05 2.47843242436324e-05 1.93294887023608e-06 1.86612492955202e-05 3.83837030547892e-05
 6.65726285020938e-05 3.56109008331786e-06 -1.38733886302992e-03 1.72589848264447e-05 2.42372459413090e-05 -1.53891404973824e-05 1.38018514855961e-05 3.86821668592958e-04 6.36122619744192e-04 4.87259732892401e-04 -1.90706726123016e-04 -4.81490982020819e-05 4.80094984888502e-05 6.22044458601734e-06 -1.42850193828776e-05 2.99970704030054e-06 -1.93469402336184e-05 5.82178148019939e-06 3.68067687744554e-05 -3.35696531237354e-05 -1.98958115224300e-06 -7.33151162512336e-05 1.96336319026191e-05 -1.70818431738173e-06 -1.05545816528637e-05 1.56099129912209e-06 -2.63783420696118e-06 1.41502654011769e-05 -8.63819870204870e-06 -4.48397374278723e-06 -7.17760602068192e-04 -3.36105942615344e-05 1.61869211876978e-03 -4.07033187320014e-04 -4.52570921090227e-04 -5.24356439215602e-05 9.67013487368242e-05 4.71387332682256e-03 -5.00493641453712e-04 -8.63817332337871e-04 -8.24425904491931e-04 5.20410998857858e-05 1.06847309348505e-04 7.40312569310814e-05 2.23726652258442e-05 -2.70254608164623e-05 -2.76810398663010e-05 -9.65060443555248e-06 1.00845851026594e-05 4.27693450696213e-05 -1.40214500499931e-05 -1.61496926284849e-05 -2.47926237068955e-05 1.14509536705814e-05 -1.56256481295795e-05 1.12037693249004e-05 7.22433608706680e-06 5.99826629918454e-08 7.61291813952004e-06 -2.76305437135884e-05 -5.72548971969986e-05 1.78795346599788e-05 -9.92220909630594e-04 3.97290561515861e-04 -1.37140716550534e-04 -1.46091227423885e-04 5.32717197933927e-05 1.18089812583586e-03 1.44913732576619e-03 -1.02668652517324e-03 -4.09367760191483e-04 -1.57318480304926e-04 1.80556551224189e-04 4.67674777912903e-05 -3.98336827932032e-05 -2.43638014777878e-05 -3.14239654833386e-06 -3.63480845444432e-05 9.24405606327649e-05 -5.88957065896169e-05 -4.85176273608813e-05 -8.26144004566824e-07 -2.72116507649647e-05 -3.82508419064663e-06 4.26780895545451e-06 -1.45545374185811e-05 -7.02181950606241e-06 3.65382319829695e-06 4.85270238715823e-06 -3.69865127033384e-05 -6.16549930329753e-04 4.54122864991580e-03 -1.24311166328069e-03 -6.46507591142622e-05 -7.73982356291729e-05 2.20824232438194e-05 -5.08725498170292e-05 -1.02522060716463e-04 -5.69891304895999e-06 2.88640265868680e-05 -8.34666979045281e-06 -1.28994093545195e-05 -7.91681124492133e-06 -3.80155077805021e-06 4.49422928635797e-04 -3.38798704079727e-03 7.94706248772086e-04 -3.54227500157007e-05 4.41537806258001e-05 -3.20451277028135e-05 8.20724127228283e-06 3.57636307455372e-05 -2.42195406627052e-05 1.61956061269093e-05 1.07251020974975e-05 7.79965157826143e-06 -1.11125949799400e-05 6.49463550699573e-06 6.45164730542831e-05 -3.21195560562377e-04 5.72146976448909e-05 9.43867362526460e-06 2.78684296935997e-05 -9.86156319376387e-06 2.05936690664893e-05 4.87386419504287e-05 -2.54417024169041e-05 -1.06778216648417e-05 8.82553537950892e-07 -6.41764197846692e-06 1.57341943991434e-06 -1.44055185104018e-05 1.69754179127228e-04 -1.52577255598726e-03 4.63754184319431e-04 -3.24623442331520e-05 -2.12070975903816e-05 -2.11195568539062e-05 -3.69635450826375e-05 -2.18841791353690e-05 -3.40081774844231e-05 -9.27317859074485e-06 -4.88148185525311e-06 4.58499841584412e-06 -9.45983164196806e-06 -3.30730562061870e-07
 -7.72101157640880e-07 2.22858276087040e-05 2.85547924253018e-04 8.92758074175925e-05 1.65603208861634e-05 1.29798676112487e-05 -2.76688317626596e-05 -1.27255093643703e-03 -9.73002686207043e-04 1.84781305726880e-03 -4.17536443311156e-06 4.21689721714312e-05 6.80353485888546e-05 -3.14556956542914e-06 1.30376508167093e-05 -1.63189080765503e-05 1.37175425528585e-05 5.54276624518969e-06 -1.93250607408349e-05 3.45212752111925e-05 -6.68227698010412e-05 5.70352845806640e-05 1.76806893806478e-05 3.67404808350561e-06 5.68186069403364e-06 -7.50633011184370e-06 9.79212749421330e-06 -1.08035121562764e-05 -1.10674641433245e-05 4.84351657553576e-06 1.77814487007850e-04 -1.44667476480476e-05 6.63602002262957e-06 3.14144178141017e-04 1.67028652252364e-04 -5.98804958135995e-05 1.35470160785650e-04 -1.99689344937077e-03 2.26937662748664e-04 -1.65667573472807e-03 3.14518435963247e-04 -2.10024390998454e-04 3.08712983295216e-04 -2.26947298693490e-05 4.07855812562326e-05 -3.81955610738876e-05 -4.74673523279882e-06 1.36363379891301e-05 -9.49401248070139e-06 4.48930337422362e-05 -4.45014328909762e-05 -1.72307022278423e-05 1.80972550024893e-05 1.46879837836502e-06 1.41515508382547e-05 8.11776992556628e-06 2.29223051656109e-06 -4.96557630773045e-06 9.87252748443514e-06 1.13444800382919e-05 5.09265027193271e-05 -1.58912080392241e-05 1.05050613821646e-04 1.20560481869004e-04 4.36051033571858e-06 5.08203056973030e-05 9.22700158627034e-05 -1.38186221372092e-04 7.31503268471103e-05 -6.77137484634196e-04 9.44470623469689e-05 1.43663139718711e-04 2.20831020445491e-04 -4.15167313475748e-05 -4.23184459184770e-05 3.05202173520163e-06 -1.82064141877955e-05 1.40440030466617e-05 -4.45084803860997e-05 -4.22804572049093e-05 4.08081747163366e-05 -2.70571439985939e-05 5.06183267747791e-06 2.98854497973950e-06 -7.34034917059226e-06 -1.05774079738891e-07 1.39534915182115e-05 -7.43652503859518e-06 1.40026735571267e-05 1.72429574132103e-05 1.19939745940919e-04 -1.11204109529767e-03 3.24671992633956e-04 1.21751448612139e-05 1.85432012345582e-05 -2.78434842162760e-05 -1.21795217529616e-05 2.88812545095655e-05 -4.88361360107260e-05 -8.34666979045281e-06 8.82479764268631e-06 1.49920636022899e-06 1.00773133840544e-05 4.92743591648597e-06 -4.04258802167618e-04 2.02940574602833e-03 -5.77101257174503e-04 3.00096770648033e-05 -3.35822925512256e-05 -7.46125944764294e-07 7.93434859621707e-06 -1.52864019485418e-05 -3.38023140700378e-05 -1.04012817056575e-05 -9.23734698836843e-07 -4.62991365687965e-06 -1.59006109390120e-06 1.06005803442371e-06 -2.15594867597674e-05 2.39879012966406e-04 1.02497237750543e-05 9.12865491445085e-07 6.29613753653317e-07 -6.35245355738947e-06 -2.45293879618263e-05 -1.18724166770070e-06 -2.20968814622991e-05 1.73808701999425e-06 -4.63500820511889e-06 6.34513073504255e-07 2.80178931069207e-06 3.60501940193910e-06 -3.66149849088410e-05 -1.50986413768518e-04 -3.36412646826904e-05 1.40609751396074e-06 1.48306494892605e-05 -1.86825023497707e-06 7.96261718809339e-06 1.22852656231053e-05 -1.39426053891689e-05 5.07633730964182e-06 -1.60060324105611e-06 -2.30656933631885e-06 -3.39395518391912e-07 -2.09374029910342e-06
 -3.75669712321734e-05 -6.81857385702442e-07 9.91119457831524e-04 6.63540053599277e-07 -4.54576814527809e-05 -1.10785650738170e-05 -1.50594671257109e-05 1.22622532752025e-03 1.00509234901261e-03 -1.84182356663779e-04 1.95423687035857e-04 -3.82914659247865e-05 -3.31687945593133e-06 -1.78148653307714e-06 -1.12720028823309e-05 2.69751795809036e-07 1.62861812994609e-06 -1.86382420192810e-06 -1.09960154648153e-05 -3.01355962109514e-05 6.49337009854835e-06 1.59291148360219e-06 -5.98494196839220e-06 -4.11638403810175e-06 2.97566229074245e-06 9.36016841181044e-06 -1.81538002919657e-07 -4.74060015400047e-07 5.10377313699549e-06 -1.64185859979795e-06 4.05975104486407e-04 2.11893761274061e-05 -1.03248527556126e-03 1.36275315675857e-04 2.33534702102478e-04 6.51042468336521e-05 -8.63630823995403e-05 -2.09568191274056e-03 -2.91817099951780e-04 1.09964909077819e-03 4.17425066308518e-04 7.16361063954300e-05 -1.33769718629765e-04 -4.25682238781170e-05 -9.55378403563837e-06 4.74425783446379e-05 3.31864093995281e-05 -3.13569377457686e-06 5.14890959632825e-06 -2.84670202960559e-05 7.16501461977679e-05 3.75603682731871e-05 -3.10271048858437e-06 -8.59798272995753e-06 -2.73658404660998e-06 -1.00800548734993e-05 3.60991835795037e-06 6.66121869642994e-06 -2.00048010962833e-06 1.35204390656518e-05 5.85861562264014e-05 -5.93810267467385e-08 -5.08838882018935e-05 2.24099293073249e-05 1.35321551508054e-04 4.69585108922272e-05 -7.82823857541770e-06 -1.08035874241399e-03 -5.10277565170486e-04 -1.14349636146997e-04 2.91201221561243e-04 6.65065251452055e-05 -5.23204218088895e-05 8.35732182464007e-06 1.82788093831082e-05 -7.74434199635395e-06 2.68102096860371e-05 6.49865796960913e-06 -3.01568907914725e-05 2.62119240877007e-05 -2.80865322339752e-05 3.57825925399299e-05 9.83024271343722e-06 -1.12256745049557e-06 5.36306544648670e-06 3.16267940693884e-07 -6.44896376429332e-06 6.08124084339676e-06 -4.86599253234073e-06 1.49209191439541e-05 3.54245551831082e-04 -2.75831368365276e-03 6.95619562111767e-04 4.19998877372606e-05 3.54314672341665e-05 -2.00943256459004e-06 4.47762698502693e-05 4.46692345089636e-05 2.15416435878923e-05 -1.28994093545195e-05 1.49920636022899e-06 9.08985139608901e-06 9.04281523314736e-07 -1.00694956935072e-06 -2.18431100189149e-05 1.02338038543855e-03 -1.56550697926615e-04 2.49526505255670e-06 -1.81887671976729e-05 1.65465481484163e-05 3.71135835203868e-06 -3.56210063494137e-05 2.08966532137523e-05 -7.79895281456690e-06 -4.93933597180898e-06 -3.41037294921988e-06 6.83864918114698e-06 -6.43594816211443e-06 6.14935552679144e-06 -6.10346305700967e-04 1.19059152993781e-04 3.42740846375918e-06 -1.99414575066294e-05 -4.64808697032216e-06 1.43642590562192e-05 -3.51705355563083e-05 -1.82136231215912e-06 6.37736775736651e-06 -1.25339402831018e-06 3.06464937498596e-06 2.78144481100227e-06 6.58018343607691e-06 -1.12329485972861e-04 1.23733737240922e-03 -2.75285606846571e-04 1.82091680601369e-05 1.27311042164536e-05 2.11171093616365e-06 2.09073766261433e-05 1.77614599406100e-05 -6.21802008313811e-06 5.45226496719749e-06 1.33370128339640e-06 -4.75071264208357e-06 1.79192811453669e-06 -9.66010769021665e-08
 -1.19187050213675e-05 2.14032089404748e-05 3.94564326764998e-04 -6.06788495605380e-06 -8.89720654148038e-07 3.93941093534922e-05 -1.93842037328997e-05 -5.69283075543968e-04 -2.70829140148483e-03 1.88478468420560e-03 5.30572915649271e-05 1.32933540876216e-04 2.20704615032814e-04 -2.39498482264701e-06 3.92638175883895e-05 -1.10213184619077e-07 1.01810251314091e-05 8.46536368845411e-06 -1.56551001230549e-05 1.01119820614245e-04 -3.66858040336668e-05 4.20482177797208e-05 3.95912806445134e-05 9.91095686352888e-06 4.41020402357190e-06 -1.97326477021085e-05 1.16401382678917e-08 -7.79965450151327e-06 -1.51647564884080e-05 3.05505316870519e-06 3.66774564426528e-04 -1.42272670318967e-05 -3.19789055416493e-04 4.89564218288287e-04 1.82706733641049e-04 1.07617744385346e-04 1.87452391102761e-04 -1.96439105170943e-03 -1.46151809490665e-03 -3.00920909920131e-03 3.41687308875090e-04 5.60625111142124e-05 4.09116061830125e-04 -2.58384209076809e-05 5.63167111323750e-05 -8.12470460818063e-05 5.69315034634873e-06 -3.78038758860409e-05 -1.31056453610957e-06 7.14869836035592e-05 -1.27323500548225e-04 -1.12285802340529e-06 -2.35940987965027e-05 2.06022980072001e-05 9.56129539739041e-06 2.34144125375810e-05 -9.70653949886260e-06 -1.41723200647084e-06 3.40185391359724e-06 1.22477349629446e-05 4.69624706191250e-05 -4.10113825390814e-05 1.17644735581124e-03 -2.13237335718040e-04 4.94628788370027e-05 -5.85829411571655e-05 9.26629423489280e-05 -4.92514587742354e-04 1.75436127767960e-03 -5.09940812582194e-04 1.57616028881967e-04 -1.09741361507083e-04 1.69284916297278e-04 -2.49582691094154e-05 -5.09855996023468e-05 1.82762820732518e-05 -4.59523546014335e-06 -2.22673306814521e-05 -3.75558301755458e-05 -5.31372383038857e-05 9.21548686339592e-05 -1.02479365946843e-05 -5.05389520145197e-05 -1.35933796763704e-05 -3.56364004646114e-06 -1.01470713142306e-06 2.65403051740278e-05 -3.57583665163552e-06 1.41580621380077e-05 1.63691409432430e-05 1.40237726734572e-04 -1.77631005552845e-03 4.57106391976625e-04 2.92363292081510e-05 1.23674059255634e-05 -4.71595960630249e-05 2.94616789271058e-05 1.83183664725462e-05 -8.90409510751054e-05 -7.91681124492133e-06 1.00773133840544e-05 9.04281523314736e-07 1.80613747575473e-05 -1.61098252631877e-06 -3.19088442349231e-04 1.42249679182905e-03 -3.95455539358639e-04 1.18544130788860e-05 -3.91045809112117e-05 -2.34113247925879e-05 -1.66983196450460e-05 -3.52840008968405e-05 -7.64674598298306e-05 -1.10852694742731e-05 9.27655361886064e-07 -6.64150019862397e-06 -9.57590940620629e-06 -5.91949036440451e-06 8.99927992448706e-05 -6.77746302078051e-04 1.72322154561392e-04 1.89314046133197e-05 1.06502227852879e-05 -7.44421630167807e-06 -8.28602167989175e-06 2.55438012145064e-05 -2.38226430752596e-05 -3.05197354815904e-09 -4.84128711229871e-06 2.76708988160203e-06 3.65881081595814e-06 -4.82754452577850e-06 2.12285368268622e-05 -2.73333076492167e-04 -1.74624614218606e-05 -8.66050414864010e-06 3.20383311058033e-05 -1.21812187535063e-06 6.21500828152381e-06 5.09528703355698e-05 -2.07925090523956e-05 8.80338224241834e-06 -1.91387173314136e-06 -2.24130309015353e-06 -6.49740098813565e-07 -1.03714735669783e-05
 -2.12652795576270e-05 1.79304775555479e-05 -7.38110440213773e-04 2.54506923269567e-04 1.34505923862861e-06 1.42060276731200e-06 -2.52291286652773e-05 -6.23666887760549e-04 -7.95287459332356e-04 1.35355348577262e-03 4.13925011441351e-05 9.79734262893204e-06 -2.65718135122658e-04 1.37915429989993e-06 3.10148077397863e-06 -4.52760167938999e-05 1.02000134270596e-05 -5.87136735957213e-07 9.75558202230645e-06 9.58019562912138e-06 -1.12811946378954e-04 4.18901608209348e-05 -2.72019237832372e-05 4.05791715365820e-06 -2.97511198142957e-06 -1.01315266666545e-05 2.69955768054424e-05 -8.29625624309217e-06 -2.78983111869954e-06 2.78911348495059e-06 -4.72629746454848e-04 -2.56753832625930e-05 1.29084564271102e-03 -5.26147813119903e-05 7.83439784435852e-05 -4.73829261207889e-04 1.22072456239678e-04 -7.35416036011189e-04 4.32327306645005e-03 -6.68655743036330e-04 1.90735448620338e-04 -8.28625599140725e-04 2.24953330279938e-04 1.52203660833177e-05 1.36602632364246e-06 -3.51450110005478e-05 -4.28262230294860e-06 1.16114005878136e-04 3.62748450540396e-05 5.79957538275505e-06 -4.09575759386806e-05 -1.16676513109042e-05 1.16548678943891e-04 -2.52766423904786e-05 5.52104943196375e-06 -5.58997443731943e-06 5.36078485830145e-06 -3.87009516870783e-06 1.71270287035584e-05 1.46922784118500e-05 1.69728380744079e-04 4.53337174626315e-05 -2.29940224665557e-03 6.54013447282951e-04 1.40653605103333e-04 1.67534447583257e-04 -1.33308069058047e-05 -1.56879126961604e-03 -2.42133285082543e-03 8.18070561378006e-04 2.76901932902263e-04 4.81154567245557e-04 1.67437689858644e-04 1.42200735455987e-05 -2.78043814988977e-05 4.38350554475448e-05 1.51406906414319e-06 7.94634615502801e-05 -4.20054879363064e-07 -1.11856311182079e-05 7.58890402491744e-05 -2.15338996259431e-06 9.51688988762915e-05 4.48067948632989e-05 -7.68026688618615e-06 1.44498108952484e-05 7.57425952500971e-06 -2.31059526900496e-06 1.69758010615620e-05 1.30522505401396e-05 -4.14558946274357e-04 2.45836222734612e-03 -6.33590621715072e-04 -6.18637072518190e-05 1.34866270427718e-05 7.80295543508612e-06 -9.03614751935622e-05 6.49059506285652e-05 1.47947018378102e-06 -3.80155077805021e-06 4.92743591648597e-06 -1.00694956935072e-06 -1.61098252631877e-06 2.54752343587596e-05 -5.34053087343716e-04 3.33587690220328e-03 -9.27968368960626e-04 7.83129671006861e-05 -1.21998762107426e-05 1.74654700151953e-05 9.66308662666798e-05 3.03107777276939e-05 9.42012699916789e-06 -6.63775122389548e-06 8.92285112566799e-07 -5.91163032497523e-06 6.81993833061474e-06 2.03512485688373e-05 2.05605837537798e-04 -1.21843004281968e-03 4.55100725761515e-04 1.17539873478922e-05 -4.16852722318145e-05 2.82025362451888e-06 -1.75505966448969e-05 -6.76365339921231e-05 3.18459178568293e-05 1.27947552104331e-05 -2.10659061718747e-06 5.41123507466153e-06 -3.35607059875599e-06 1.30946055610375e-05 -1.62561981284921e-04 1.22662892464247e-03 -2.45355083183575e-04 1.95963922264984e-05 7.85942190305813e-07 2.31322464641324e-05 1.70204798797503e-05 -2.85426619643758e-05 3.86333145640547e-05 1.64448838869707e-06 4.55630234996753e-06 -1.26310801531381e-07 9.32733022617988e-06 6.87876166640472e-06
 2.35956387733299e-03 -3.60392640567616e-04 -1.02917408503626e-02 1.71415363815014e-03 -6.18266599730904e-04 -2.84894371956179e-04 -8.13620562311260e-05 5.24668509732734e-02 4.12319233428489e-02 -3.27638363087484e-02 -2.69608066718015e-04 -1.09677340526258e-03 -1.49011576989092e-03 2.49242039166786e-04 -3.36675076120026e-04 4.29048777922161e-04 -6.05329807761582e-04 8.52277897926020e-05 1.49614476326336e-03 -9.20823125968546e-04 1.98876022344175e-03 -2.45942819709804e-03 1.21847121958097e-04 -1.84008108904442e-04 -4.44528303662527e-04 4.36828070974009e-04 -3.50629989350589e-04 4.70470762378568e-04 2.92723202526485e-04 -2.04711851034296e-04 -9.55166758464532e-03 2.35151432754267e-03 -1.09896174702134e-01 1.54394397093346e-02 -1.04370159974586e-02 9.29112521218519e-03 -5.61262932193251e-03 1.21288030403309e-01 -7.61924293659485e-02 5.46442301384912e-02 -1.79231589086910e-02 1.55980775987827e-02 -8.88322836243999e-03 2.11207042064628e-03 1.43390343219039e-05 2.63091582841482e-03 -7.51232641083648e-05 -1.90119365390237e-03 1.28851106558217e-03 -4.41338809319221e-04 2.85532725612191e-03 4.95841573347672e-04 -1.67159784722194e-03 -5.13721304838623e-04 -7.09963560652551e-04 2.01129147146588e-05 -2.86160710738285e-04 1.85675166601683e-04 -9.81267566137862e-05 -4.09721332481093e-04 -1.55116974192873e-03 4.41035586961857e-04 -8.15158335084004e-03 -1.56457714967553e-03 2.07630704096427e-03 -2.23750419761829e-05 -9.51944160430601e-04 -2.16738124664381e-02 1.57632108944434e-02 -6.56427737885112e-03 -1.51622040678138e-03 -4.52905786821273e-03 -5.78652192197223e-03 2.82521289328972e-03 7.60040977978659e-04 -4.33077227009687e-04 9.52332278000729e-04 -9.04909329465482e-04 2.97298132150500e-03 6.41111404786709e-04 -2.04554090050573e-03 1.25312544845457e-03 -9.44042897977287e-04 -1.77183441690708e-04 2.26011568832270e-04 -4.58630642696637e-04 -5.41462558828321e-04 3.51029023670368e-04 -1.92452045328624e-04 -8.89698387162194e-04 3.21309193819422e-03 2.11695125372467e-03 1.53398713544947e-03 8.85773907326440e-04 -8.97708258656945e-04 8.21807666738260e-04 2.16040651825823e-03 -2.04795383372267e-03 1.30321275507287e-03 4.49422928635797e-04 -4.04258802167618e-04 -2.18431100189149e-05 -3.19088442349231e-04 -5.34053087343716e-04 3.49860772733516e-02 -1.99640534813033e-01 5.66992075827923e-02 -3.47538503232827e-03 2.09559453768657e-03 -7.48534560003300e-04 -2.26221083252954e-03 5.29341228814961e-04 5.06042205796019e-04 6.16830931754526e-04 1.35025425402208e-04 3.21682848876485e-04 -1.64041585485531e-04 -4.18836086077726e-04 6.53599525398743e-03 -4.22951336788239e-02 7.21599804477960e-03 2.96079272662952e-04 -9.85027149282508e-06 -2.94003861357072e-04 4.96809426826041e-04 8.36865530392959e-04 -3.94140928504605e-05 -1.90979437358388e-04 5.60986492258987e-05 -9.06263722317764e-05 2.92739363216115e-05 -1.69875021966224e-04 -9.83601404950060e-04 2.75333551756566e-02 -4.57496721400034e-03 1.89407047038412e-04 -9.39843053717714e-05 -1.09607702578641e-04 2.08961061367233e-04 4.89171464843267e-04 -4.45843357832669e-04 2.66268567781233e-05 2.10749222714885e-05 -7.30208976619932e-06 -7.65074632701658e-05 1.13979915665146e-04
 -2.07192404796558e-03 6.24790668842167e-04 -7.19497936483182e-02 -5.11994847863035e-03 -9.56376913174532e-03 -1.02274110943646e-04 2.68425409439783e-03 2.13580616914230e-01 -1.34675527834307e-01 6.29217982926116e-02 4.44923747370154e-02 1.25366801962394e-03 -8.49252026075245e-03 -1.70569370304507e-03 3.18267253893956e-04 -2.32777351099398e-03 1.07038623547251e-03 -7.07358968114870e-04 -1.03565675352834e-02 1.07245411819978e-03 -8.19396672880842e-03 3.32537557081160e-03 -2.51335885574338e-03 7.12722240243843e-04 3.02855534656352e-03 -1.79866974700885e-03 1.78598890574561e-03 -6.84732588922971e-04 -8.34804875501923e-04 -1.44352961757384e-04 -4.41555711010352e-03 -1.18277587552697e-02 6.21008598133494e-01 -1.14275369341834e-01 9.13144586042393e-02 -5.93947702579280e-02 2.33591522315012e-02 -9.04109543979678e-01 4.96935296606063e-01 -1.79299177733619e-01 1.48488803636506e-01 -8.64304440415239e-02 2.86737885244788e-02 -2.19149418496475e-02 -2.58121309237423e-03 -1.18967932036292e-02 9.56168560592386e-03 1.20292577675506e-02 -8.52401466359675e-03 1.80229570585249e-04 -1.24738984791973e-02 9.64443811726979e-03 1.03489432925943e-02 1.68304363894626e-03 1.22996567741660e-03 -5.43455900598064e-04 1.51311026425544e-03 1.52490972816642e-03 5.89614171909759e-04 2.48367188660118e-03 -8.96900248735291e-04 1.60191155043314e-03 -9.04740477576412e-02 3.58418239723180e-02 4.06656088530254e-03 -2.11752279186826e-03 -2.15486993125494e-03 6.72063123420278e-02 -1.28538377864012e-01 9.17435249323058e-02 3.63570291803159e-02 2.31070663229246e-02 2.11940998889743e-02 -1.14960968521139e-02 -2.46875205497565e-03 2.87908657557552e-03 2.80101220094339e-03 5.10510187939161e-03 -1.94829029786913e-02 -1.72305064049772e-03 7.78021843524829e-03 4.83706612249094e-03 6.73240811480107e-03 2.28292275139935e-03 1.86276737554970e-03 2.30049105419644e-03 1.49864264495327e-03 5.51262783641320e-04 5.94162588536524e-04 5.48586010316210e-03 -5.17035430873565e-05 -2.55376189788096e-01 2.96108114418367e-02 -3.17133148682897e-03 8.03400047885544e-03 -3.43771725373851e-03 -7.63798775093509e-03 1.68867368950380e-02 -2.27021637729416e-03 -3.38798704079727e-03 2.02940574602833e-03 1.02338038543855e-03 1.42249679182905e-03 3.33587690220328e-03 -1.99640534813033e-01 1.38217013040582e+00 -3.62172297180150e-01 2.25031492536091e-02 -1.35004894337991e-02 5.96962046634027e-03 2.10593820610518e-02 -9.07309285743368e-03 3.01177573280557e-04 -4.57340027979418e-03 -1.14467833489798e-03 -2.65615431971267e-03 1.88429190614815e-03 2.61470609382250e-03 -3.69525881981018e-02 1.04168177725089e-01 -2.40102297814862e-02 -5.24528532255188e-04 -1.97990334246763e-03 2.57699792773375e-03 4.33404381989099e-03 -9.49313052367653e-03 3.44091819413665e-03 1.60500237617011e-03 2.69563234096393e-04 1.09784166872768e-03 -3.18141478864853e-04 1.19495678790909e-03 2.52792278303486e-02 -1.02571713089094e-01 3.83932690207416e-02 -1.10646266324109e-03 -1.89087462705377e-04 1.70580001438229e-04 2.37165068698069e-03 -4.07865144074252e-04 3.17809365022492e-03 -1.16103205166625e-04 -6.48518660903234e-05 -3.02317275125784e-04 6.90953725749417e-04 -7.70478711316040e-04
 8.49506346408428e-04 -2.75235480214751e-05 3.15430449021102e-02 3.50506354477633e-03 6.50590733453306e-04 2.00138346979877e-04 -1.24426815241814e-03 2.60193904440099e-02 2.88824159652420e-02 -9.01284162870710e-03 -6.29117789138091e-03 2.64428911288383e-04 7.18318928232481e-04 4.23773596254489e-04 9.54365639295958e-05 3.54457506619027e-04 -7.80298573788128e-04 1.88385967727921e-04 2.50698970951191e-03 1.44752273896983e-04 1.65355597527787e-03 -3.02453282191597e-03 5.14165826130207e-04 -1.73964282439683e-04 -7.44167992084973e-04 4.77092818387191e-04 -3.34917257216099e-04 5.83888092842838e-04 2.90514090084444e-04 -1.96292352301757e-04 -1.82075009195323e-03 3.87682621266547e-03 -2.06826015901600e-01 4.11720668920520e-02 -2.13463202149404e-02 1.60750420792069e-02 -7.05562244245315e-03 2.28076809911371e-01 -1.25451192348807e-01 5.53880343045021e-02 -3.64162513606426e-02 2.10759474461328e-02 -7.64437075269871e-03 4.45764741048794e-03 7.88231741484905e-04 3.72209500081414e-03 -1.22917965939192e-03 -2.96708433002763e-03 1.87250462478535e-03 -2.38402927141615e-04 3.75656190474440e-03 -6.42652127851160e-04 -2.24293973661058e-03 -8.14839095560886e-04 -8.42991592970186e-04 6.04423176104864e-05 -5.12648367240495e-04 1.07751414834634e-05 -1.01092514948400e-04 -8.35236460873467e-04 3.51442723429883e-04 -4.19201770285235e-04 2.18562240920692e-02 -9.75454196693322e-03 -1.30875677894225e-04 3.25894116550175e-03 4.09367836590447e-04 -1.07383206622300e-02 1.22853196601640e-02 -1.68906559046234e-02 -8.80014208626862e-03 -2.17176846142055e-03 -6.52945540783292e-03 3.77302346131149e-03 8.17812354654668e-04 -3.78292069374859e-04 4.69269043096090e-04 -7.28745436462042e-04 5.05748143364620e-03 9.05191108143273e-04 -1.43864052777363e-03 4.99600319396946e-04 -1.23635056336116e-03 -3.94991080098651e-04 5.33617960451052e-05 -5.05741914780516e-04 -3.21006326148208e-04 2.60927596069065e-04 -7.28997932350442e-05 -1.59845945555452e-03 2.15971637951263e-03 3.03668709891915e-02 -4.48331611813884e-04 1.33678125197621e-03 -1.79576477584049e-03 1.00366914825298e-03 3.27632298761545e-03 -3.53974064859258e-03 8.94997787554435e-04 7.94706248772086e-04 -5.77101257174503e-04 -1.56550697926615e-04 -3.95455539358639e-04 -9.27968368960626e-04 5.66992075827923e-02 -3.62172297180150e-01 1.00442367368793e-01 -6.21052975969170e-03 3.81543254282730e-03 -1.66323705965099e-03 -5.02418978760728e-03 2.30761406133490e-03 -1.69634831142925e-04 1.24629902315468e-03 3.33524524565092e-04 6.59186199950812e-04 -4.90121208196357e-04 -6.68383015240472e-04 6.08180789685772e-03 -2.29644470680814e-02 1.54455542742296e-03 -1.40008956922775e-04 5.67036607426062e-04 -3.53662417815907e-04 -8.13511372583567e-04 2.06806274398746e-03 -4.35516125273522e-04 -4.72668715376718e-04 1.79062377274939e-05 -2.53324239389264e-04 -1.97554000548661e-06 -2.14254680105596e-04 -4.28379747454553e-03 3.82852268107924e-02 -9.13535954780923e-03 4.37701561394228e-04 -1.75338023932624e-04 -1.05023498534668e-04 6.26957669769453e-04 2.35093970340534e-04 -8.27727183422258e-04 -6.67688238036005e-07 -4.73867691295960e-05 5.74002273964318e-05 -1.49226031652264e-04 3.40635714839278e-04
 -2.38333963843482e-05 9.86234305554053e-06 -3.58809013415366e-03 5.51260184949027e-05 -6.23348243168247e-05 -1.36501487875799e-05 6.84241341004913e-05 -6.55932984056009e-05 -2.29775218476813e-03 1.12563723103813e-03 4.06121378970666e-04 -1.64237913026852e-05 -4.07814285198796e-04 -1.92745560530635e-05 -5.53103013690272e-06 -6.55392911969722e-05 3.23449760533067e-05 -1.37915286172065e-05 -1.12851781981294e-04 -6.88190348923925e-06 -1.94924877833881e-04 1.23125221465990e-04 -6.99625596893919e-05 1.36539955555451e-05 3.34137398633995e-05 -3.70648139706034e-05 4.61270548248870e-05 -2.43217713458451e-05 -1.67193624672708e-05 6.10806031718372e-06 -2.38411492397778e-04 -2.48002626670740e-04 1.36837947314458e-02 -2.62430864409915e-03 1.07468591574140e-03 -1.46427816077895e-03 5.03795055856148e-04 -1.10168664217985e-02 1.22547361318225e-02 -3.40531029457675e-03 1.81913495587865e-03 -2.09150882243326e-03 5.95028311333562e-04 -2.18941844645092e-04 -5.90428911232808e-05 -2.50825809201759e-04 7.66454905856392e-05 3.00718064679431e-04 -6.75756990246437e-05 1.24247029382454e-05 -2.64141322539067e-04 5.59437223817537e-05 2.58743941203858e-04 1.79082200905509e-05 3.24381453840242e-05 -1.07156010718849e-05 3.33678206683113e-05 4.14282074462728e-06 2.23314494963150e-05 4.22750272960435e-05 6.97208939351351e-05 7.99598263925145e-05 -3.61531079527125e-03 1.16920592327005e-03 1.00824093944658e-04 -3.58858947513227e-06 -6.99973580318332e-05 -2.43281598176573e-04 -3.64820755039437e-03 2.17858012610266e-03 5.71182749538866e-04 6.19059931812457e-04 4.88870317428727e-04 -1.51621018317041e-04 -6.31620413190811e-05 6.40702704407466e-05 4.70930562253440e-07 1.30439357340164e-04 -2.32117250504039e-04 -5.71196256526800e-05 1.44338433746009e-04 8.82758003901658e-06 1.83431449700346e-04 7.30989301174644e-05 3.08125486036342e-06 4.46984419543836e-05 2.18340082137489e-05 -6.02193668606415e-06 1.90418205495425e-05 7.83830850279430e-05 -9.64403579227054e-04 3.37282135026629e-03 -1.38836653283224e-03 -1.81687179533638e-04 8.01306186741189e-05 -2.22497398508493e-05 -2.89210461401650e-04 2.39560191404685e-04 -2.15960243025736e-05 -3.54227500157007e-05 3.00096770648033e-05 2.49526505255670e-06 1.18544130788860e-05 7.83129671006861e-05 -3.47538503232827e-03 2.25031492536091e-02 -6.21052975969170e-03 4.18651182662288e-04 -1.91699663255941e-04 1.01506091460136e-04 4.08669874365511e-04 -6.62906831803810e-05 2.71914022316326e-05 -6.49047828940606e-05 -1.23745016672659e-05 -3.97147784250689e-05 3.20028642693798e-05 6.59538678559302e-05 -2.36488574929299e-04 4.25449755644991e-04 1.69955444718320e-04 7.80977658383922e-06 -6.28207422767373e-05 3.47595777700289e-05 4.00097770250352e-05 -1.80927654163995e-04 8.00148906734475e-05 3.43501910525153e-05 1.65567128266704e-06 1.78291286032933e-05 -8.02965388700284e-06 2.28586299397995e-05 1.46954343155096e-04 -9.21185377795718e-04 3.82173645745885e-04 -7.05423297282547e-06 -1.02418095815939e-05 2.74861362665707e-05 -3.84382235059202e-06 -6.45126954757739e-05 9.53206712303539e-05 -5.90663396133366e-06 5.57562821781935e-06 -1.25533486852830e-07 1.73314833902928e-05 -5.94971674804566e-06
 5.87135808630433e-05 -2.31091325446863e-05 9.89082637692528e-04 2.99311565503688e-04 4.75002134957073e-05 3.10889761635540e-05 -4.05238324442995e-05 1.75954554398291e-03 -1.06139060141642e-03 -2.54617852444944e-03 -4.47245869617665e-04 9.47744568671922e-05 -5.66577918264863e-04 1.85420201928487e-05 2.81373951090172e-05 -2.66199532028973e-05 -5.41540759171243e-05 -1.24596463071977e-05 1.09542551148113e-04 6.56037691193163e-05 2.32590441312944e-05 -2.11577712452963e-04 -8.07702707453787e-05 2.33724402029454e-06 -3.25369417506556e-05 -1.68307245286277e-06 1.24823224794925e-05 4.00923848061281e-05 3.74037121727252e-05 -1.41737514281578e-05 1.21289206904557e-04 1.68102250317844e-04 -7.45128542584706e-03 1.43190914130474e-03 -1.20673147879707e-03 2.24338949960917e-05 -4.01491196834638e-04 1.28577829570514e-02 2.49099072921909e-03 4.23220937367198e-03 -2.20138053171468e-03 -2.18513141043492e-04 -5.69012131975558e-04 2.06529144634710e-04 -7.80497419510370e-05 1.42304536563181e-04 -6.63230533655702e-05 5.13821061267392e-05 4.20870453520603e-05 -1.27772693101833e-04 8.20286331612005e-05 -2.81380386762936e-05 1.00022742165441e-04 -7.72849597977180e-05 -4.82142862007708e-05 -2.65949224044421e-05 -3.60494065719903e-05 1.67755070418888e-06 -9.85619965927224e-06 -7.08277877608013e-05 -3.40563638307448e-05 5.61719102669484e-05 -1.22804862638841e-03 -3.55449499475456e-04 -2.70808085243668e-04 4.34288675703179e-04 -2.89629411309467e-04 2.39877929342342e-03 -4.90416184743083e-03 4.15103711374214e-03 -9.47368391011842e-04 4.94693232247152e-04 -7.11500691970493e-04 1.54103746015297e-04 1.19364940917936e-04 1.12566766039845e-04 7.94435068659965e-06 1.13463560344105e-04 2.48963005604589e-04 1.74327400568494e-04 1.27143330350926e-04 1.57688938128877e-05 1.17512519209563e-04 5.55614184834273e-05 1.24773994748638e-05 3.07637146937402e-05 -5.61324652847521e-06 1.33030750131420e-05 -7.18811982814058e-06 -9.94446298974493e-05 -8.89880652479671e-04 8.08285998202404e-03 -1.78355022886085e-03 -8.06000753143213e-05 -9.26468963715637e-05 1.06254407175637e-04 1.37327506214174e-05 -8.91061255485547e-05 1.20731287568866e-04 4.41537806258001e-05 -3.35822925512256e-05 -1.81887671976729e-05 -3.91045809112117e-05 -1.21998762107426e-05 2.09559453768657e-03 -1.35004894337991e-02 3.81543254282730e-03 -1.91699663255941e-04 2.36726357571738e-04 -4.34289549195639e-05 -1.10723057784843e-04 2.65894914500595e-04 6.55546609418214e-05 7.66340872763166e-05 1.89018715103790e-05 3.35220297755077e-05 -1.15685642315635e-05 1.36653861626509e-05 -4.30042700480762e-05 1.95544397721132e-03 -6.18744629373701e-04 -5.86136531746044e-05 1.68935412778735e-05 6.15343717313597e-05 -6.98871891323717e-05 3.17356690869442e-05 1.33261321000069e-04 -2.08958787409517e-05 1.91606023923837e-05 -8.52838104510778e-06 -2.93764779264569e-05 3.88514126386090e-06 1.34304678660441e-04 2.56566617786001e-04 1.68339016009710e-04 1.26834080584808e-05 -9.80293939101226e-05 3.78195658092448e-05 5.54749564444272e-05 -1.29401023320952e-04 1.15045253705109e-04 -2.71618576534532e-05 3.36741852164892e-06 1.99580151284236e-05 1.16840151509531e-05 4.00497870093079e-05
 -1.60229115386606e-05 -5.45915655945717e-05 2.88708752442866e-04 -8.71203563609781e-05 4.49751494036632e-05 -9.48246353347100e-05 4.70561478739211e-05 -3.43288627147312e-03 6.46387607726467e-03 -4.86904635449339e-03 -1.45916626635686e-05 -3.20666392676035e-04 -4.94852547345977e-04 -1.11976397335360e-05 -9.53448154359220e-05 2.96799292572350e-06 3.82108737722428e-05 -2.61902367311883e-05 -6.06431684975403e-05 -2.46548436854572e-04 9.00744046226983e-05 1.49779138339896e-04 -1.07541802650996e-04 -2.34415508577827e-05 1.86328045726277e-05 4.67730584122398e-05 4.68489068510378e-07 -2.90505375284380e-05 4.02530538497980e-05 1.31240640900553e-05 -7.66201612624640e-05 1.43362473991840e-05 1.91980796855046e-03 -1.41070923694397e-03 4.70931630994075e-04 -3.13219913677328e-04 -4.72213180940700e-04 -5.81206140763658e-03 4.37386394283899e-03 7.55955223788802e-03 8.71755291264094e-04 -2.48130353209377e-04 -1.04392381416082e-03 -7.82005588800848e-05 -1.61313659054437e-04 1.91017828126759e-04 -1.01221472500587e-05 1.10472754845366e-04 -5.14888097260088e-05 -2.07699452673740e-04 3.09194951813846e-04 -4.81112993052246e-05 7.31311499255129e-05 -4.31149119895553e-05 3.90099600569530e-05 -6.66960451823698e-05 2.82358372844049e-05 -1.49850453070170e-05 -1.51123922742738e-05 2.85373598239764e-05 4.75035925898843e-05 8.94548586315776e-05 -2.40401556718897e-03 3.72219593250078e-04 -3.90848024383111e-05 1.50476074025731e-04 -2.55649468806092e-04 1.88067485935236e-04 -4.74230254278338e-03 1.73135031884883e-03 2.05242731399138e-04 2.95792535435602e-04 -4.64421653929797e-04 -1.28202273142417e-04 1.44186720506255e-04 -3.54323256629609e-05 -5.43880521349117e-05 6.60536782985750e-05 -1.41718691582721e-04 1.61094346466771e-04 -1.98437555771212e-04 -6.99361267749104e-05 1.31285665797625e-04 3.17176118367059e-05 -2.11588567786870e-05 1.39037690590388e-05 -6.08863501554484e-05 -2.05857653538231e-05 -4.09458228737370e-05 4.71881078750062e-05 8.24694532020399e-04 -3.35542124822906e-03 9.99842766220985e-04 2.31704225293808e-05 1.05135626038205e-04 5.22100394494863e-05 -7.57034163948278e-05 9.98356528972331e-05 1.92383093689453e-04 -3.20451277028135e-05 -7.46125944764294e-07 1.65465481484163e-05 -2.34113247925879e-05 1.74654700151953e-05 -7.48534560003300e-04 5.96962046634027e-03 -1.66323705965099e-03 1.01506091460136e-04 -4.34289549195639e-05 1.31498762039985e-04 5.04286804014314e-05 -2.26085350967663e-05 2.24422188310195e-04 -2.03400898221494e-05 -2.61833447706652e-05 -1.84541086347680e-06 4.61687683599800e-05 6.82560144952464e-06 -2.69042223136418e-04 2.55427246540237e-03 -3.65091407696426e-04 -4.35615022057321e-05 -6.59614949980028e-05 1.49607174172339e-05 -4.20049901891441e-06 -1.22028018971685e-04 5.00459211372389e-05 2.01816378138698e-05 5.64348827464511e-06 2.20727970503278e-06 -3.75914606507469e-06 2.81174390569957e-05 -1.45650037714103e-04 4.46779690539111e-04 -1.89048914825152e-04 3.54958536158197e-05 -4.08859009126664e-05 1.94086347986058e-05 -3.97430463386189e-05 -9.17949612575628e-05 8.20128801190262e-05 -6.29130666674616e-06 1.23969221259320e-05 -2.15563892565374e-06 1.03678041307263e-05 1.13279920257876e-05
 3.54893325800464e-04 7.79747462893983e-05 -7.17729071056648e-03 8.88795870464852e-04 -4.78982168441245e-04 -1.07687937230823e-04 -2.26111619871650e-05 1.94716709954146e-02 2.75907099522994e-03 6.47722517749274e-03 1.50830652651114e-03 -3.09202074400071e-04 -8.41251133932127e-04 -4.29993353087658e-06 -9.09093797226501e-05 -1.64006880328643e-04 -1.00861661307339e-04 9.21308212759932e-06 -3.37054000092185e-05 -2.17564723491104e-04 -4.53172392332028e-04 -4.38150726960908e-04 -5.61106892485665e-05 -3.29464035178332e-06 8.33575830418793e-06 -5.39098150785283e-06 9.80076274588031e-05 8.12447517170186e-05 -4.01862508984253e-05 -5.25739887591162e-05 -4.66738165720453e-03 -2.72343679717452e-04 1.37819201056257e-02 -2.57679592120226e-03 9.20593818492675e-04 -2.17845039062718e-03 7.65535311812364e-04 -4.75162849030148e-03 1.63263847580138e-02 -3.74612832074400e-03 1.22853022361464e-03 -3.15922660177863e-03 1.07977876407299e-03 -3.05520543378531e-04 5.48148284974652e-05 -1.86172193272595e-04 3.22371899788262e-04 4.59771511528007e-04 4.45171920603543e-06 1.28281826915673e-04 -6.10734907037236e-05 4.53279181121133e-04 3.82296581372323e-04 -5.36432297065986e-05 -1.17471236601855e-04 -1.16732025757873e-05 7.82851589165099e-05 9.59348255130505e-05 9.35648114386855e-05 -8.76699658331259e-06 -5.73888358887653e-05 2.19012494758731e-04 -1.17262740319061e-02 4.08948568112631e-03 5.86699746939773e-04 1.92003992460388e-04 2.00135417838697e-04 -2.24767763106113e-03 -5.80961009127431e-03 -1.78640633157875e-03 9.02687536263166e-04 1.52719511600750e-03 1.45138496779116e-03 2.23082571860776e-04 -2.26762985920649e-04 6.13108244680170e-06 3.12301560608282e-04 2.02807025009183e-04 -9.80370856698377e-06 -2.33054724295973e-04 -3.53086880344132e-05 4.57440872933077e-04 3.21657609066208e-04 1.46752313672782e-04 1.20288729864555e-04 4.87881389507275e-06 -1.31750696088582e-05 9.90605300990285e-05 6.92071386681253e-05 -2.77226349621643e-06 -2.40211039164109e-03 8.36989475016584e-03 -3.53924874363529e-03 -3.02676132818635e-04 -2.24313882277180e-05 7.19608284781465e-05 -2.81880209334858e-04 2.42503935731219e-04 6.94254477816175e-05 8.20724127228283e-06 7.93434859621707e-06 3.71135835203868e-06 -1.66983196450460e-05 9.66308662666798e-05 -2.26221083252954e-03 2.10593820610518e-02 -5.02418978760728e-03 4.08669874365511e-04 -1.10723057784843e-04 5.04286804014314e-05 7.58207948652486e-04 -1.02665597668886e-04 -7.36155916370251e-06 -5.13271734334859e-05 1.72164710166483e-05 -4.65332678484365e-05 2.69532212400438e-05 1.02586003898192e-04 -1.41257860337810e-04 -5.69354789957725e-03 1.08504154404814e-03 5.08052799461370e-05 -9.21423295474401e-05 8.85183149962058e-06 2.28646211810807e-04 -3.03256764894697e-04 5.68465534113249e-05 3.18492757089604e-05 5.52103222434324e-06 1.88203451756792e-05 -5.65856594141895e-07 2.58337089616386e-05 4.12071457405736e-04 2.29175506944324e-03 7.48938146541086e-04 -5.81791840400862e-06 -5.16349377388831e-05 -3.78212433564967e-05 1.59890853682896e-04 -6.40753034147713e-05 -4.74919815960833e-05 -1.57656413166683e-05 -1.40353530717205e-05 -1.13076995981442e-05 1.37284106443078e-06 1.78815727261279e-05
 -7.15189224906755e-04 4.70843287391327e-05 7.44331105716235e-03 5.97322823378988e-04 3.04743978319049e-04 1.13182363955872e-04 -1.95044201990623e-04 -8.33338017447432e-03 -7.05937696039561e-03 2.76715300130207e-03 -1.28514548974357e-03 3.55489527457178e-04 -7.56359010677557e-04 1.44237784922594e-05 1.10534915649515e-04 -1.39444972710374e-04 -6.57009765544306e-06 -2.69643191735150e-05 8.25404750319033e-05 2.76467414655852e-04 -3.24882302693300e-04 1.03474029971356e-06 -1.47721587483649e-04 2.46024415137122e-05 -2.43723596689140e-05 -4.80816165282871e-05 8.78749601794710e-05 -5.41499599083448e-07 2.83578575642606e-05 1.10845175445106e-05 2.74015605485929e-03 1.12532412477228e-04 -6.64807919494227e-03 2.69115147982216e-03 -1.54153577722958e-03 -8.44753792636985e-04 -9.96896059107321e-05 1.39716232247983e-02 1.27086837392133e-02 1.20776020836786e-03 -2.75194773756809e-03 -2.45359458826024e-03 2.96184214211132e-04 3.01029582250180e-04 -7.95215586787865e-05 3.15341290433339e-05 -2.26296583524673e-04 3.26885267752503e-04 -1.64655567104326e-05 -1.74636134223644e-04 -7.78417924375979e-05 -2.54888886789872e-04 4.19776959022145e-04 -1.18002801860738e-04 1.64409084407909e-05 -6.46824799816133e-05 -3.02135273421651e-05 -4.76454289185315e-05 5.51555405190996e-06 -8.32159640810453e-05 1.19607398513171e-03 -1.23834093462749e-05 3.90039224351914e-04 -7.11304357606669e-04 -8.10140042327271e-04 1.22904358775375e-03 -2.44675862527017e-04 6.31188016098636e-03 -1.33550127199175e-02 7.10666560921985e-03 -1.76988723060581e-03 2.09782874067052e-03 -4.23808188103763e-04 -3.84263265630363e-05 1.13596289754274e-04 2.54816307618763e-04 -1.74946516619022e-04 3.95818146334761e-04 1.97583457895638e-04 2.55431280777035e-04 5.27879655452495e-04 -2.38636233850390e-04 3.86477689771685e-04 1.25266204125917e-04 -4.10230038933288e-05 1.17864608943767e-04 7.62400117055654e-05 -4.15659095996895e-05 2.82289134790042e-05 -9.42689245638756e-05 -2.01670481437033e-03 1.63141187587644e-02 -3.37982004867190e-03 -2.28277691055725e-04 -8.74680292431496e-05 9.96934918843344e-05 -2.16952775637076e-04 4.41662737615718e-05 2.68683073425043e-05 3.57636307455372e-05 -1.52864019485418e-05 -3.56210063494137e-05 -3.52840008968405e-05 3.03107777276939e-05 5.29341228814961e-04 -9.07309285743368e-03 2.30761406133490e-03 -6.62906831803810e-05 2.65894914500595e-04 -2.26085350967663e-05 -1.02665597668886e-04 5.61050950221070e-04 2.88158598083117e-05 9.91163097613098e-05 2.76656814892120e-05 4.31547877989872e-05 -1.52332031627991e-05 6.39375626748124e-05 -9.02666550795467e-04 1.04206247557767e-02 -2.28817859633293e-03 -1.82710853894603e-04 3.97388002594561e-05 1.31196835681427e-04 -3.35220452404247e-04 -1.44939805230420e-05 2.01852123880533e-04 -2.25100329488015e-05 1.70262373470771e-05 -1.46712282892507e-05 -5.54630462950142e-05 4.23105036203477e-05 -2.83201914113034e-04 -4.01626126455416e-04 -3.10802447342178e-05 5.53665327115761e-05 -1.54733091415818e-04 9.75761119162512e-05 1.12496715353617e-04 -3.39865473040898e-04 2.41194443419161e-04 -4.83061788469090e-05 1.54123040047170e-06 3.76237913163258e-05 2.98202424242854e-05 8.18676647825990e-05
 2.28900344468622e-04 -1.83225978784729e-04 -3.75521696337170e-03 -2.90027992140429e-04 8.52324959738193e-05 -1.92680860542933e-04 2.09119176899045e-04 -4.36310041293106e-03 1.40422731234991e-02 -1.57271522511714e-02 -2.02458156322727e-04 -6.55842762643213e-04 -1.31635056030326e-03 -5.31232440093349e-06 -1.97037455753635e-04 6.02797280701685e-05 3.52962180761349e-05 -5.97520290577506e-05 -1.48319958543690e-05 -5.13986770324012e-04 4.15893921953186e-04 1.34482118188001e-04 -2.51692725820774e-04 -5.19459844792163e-05 6.14280598399255e-06 1.06114157410888e-04 -3.57700601505379e-05 -2.65136293487003e-05 1.10782514441284e-04 1.39057151441550e-05 -9.44324566636385e-04 1.44481461608765e-04 5.44410299192878e-04 -2.97378604425265e-03 7.67162367715555e-05 -2.10003934359235e-04 -1.35080497932023e-03 -2.02768632789891e-03 5.98427493661954e-03 1.91472069340606e-02 2.34201614025944e-04 4.89202989282991e-04 -2.91640373847144e-03 1.36078218099297e-05 -4.01731332941337e-04 4.74224083108169e-04 -5.08499002593403e-05 1.19235374668919e-04 -2.26747349273465e-05 -4.77078613083456e-04 6.54330391080173e-04 -9.32704542345099e-05 5.65245600405643e-05 -1.01106622038477e-04 3.39891421567064e-05 -1.28299404534317e-04 2.15387235456758e-05 -2.37249956480913e-05 -5.49742945622275e-05 1.82849784655785e-05 -4.73142137353886e-04 2.22940568652018e-04 -4.23549516549181e-03 -4.43103859172951e-05 -5.42510125921514e-05 1.92886494505875e-04 -7.69519924646323e-04 -8.93168782394314e-05 -8.84827223681168e-03 5.62601729812917e-03 7.30475957726612e-05 -4.82710064147643e-06 -1.67319750299421e-03 -7.93896828950582e-05 3.97629249251537e-04 -7.48984755036746e-05 -6.79691833725417e-05 7.10586545220240e-05 -6.88371265600663e-05 4.04559612308101e-04 -5.03099991385544e-04 -8.55248752767764e-05 2.06168661939373e-04 5.62560964086629e-05 -3.18558263422642e-05 1.20152412239260e-05 -1.59114225734335e-04 -2.31831693299296e-05 -1.11432033190185e-04 2.39529453665113e-05 1.27188198159045e-03 -2.17906303631338e-03 8.77896284478412e-04 1.82722353214050e-05 1.23910689180190e-04 1.83354956067187e-04 -8.68118256425929e-05 4.15229205692103e-05 5.08170660313464e-04 -2.42195406627052e-05 -3.38023140700378e-05 2.08966532137523e-05 -7.64674598298306e-05 9.42012699916789e-06 5.06042205796019e-04 3.01177573280557e-04 -1.69634831142925e-04 2.71914022316326e-05 6.55546609418214e-05 2.24422188310195e-04 -7.36155916370251e-06 2.88158598083117e-05 5.21977861863294e-04 5.81326080891617e-06 -4.41135984242124e-05 1.69348771723188e-05 8.49107506362806e-05 8.12410216401538e-07 -1.43787202827991e-04 3.33735729119372e-03 -5.21808778253299e-04 -8.16872743566215e-05 -1.26329824668793e-04 4.25091410140608e-05 2.41462385358078e-05 -1.77229000890416e-04 1.77021421983258e-04 2.69253410194748e-05 2.44447165937843e-05 -1.06168871554386e-07 -1.79413931225096e-05 4.01462379052296e-05 -2.57452162728968e-04 2.06315702831233e-03 -5.75016907931320e-04 7.82479023749740e-05 -1.10114815751779e-04 5.64534278344106e-05 -9.15950122274118e-05 -1.81511203564811e-04 2.21460183361366e-04 -2.02165393154035e-05 3.28122628550050e-05 3.60755418521900e-06 2.45301578710344e-05 3.04221589257835e-05
 -6.61685945206617e-05 -4.97308844371336e-06 1.41922892530578e-03 -2.33928153237170e-05 2.99383635870858e-05 1.38502588078059e-05 -1.44101509834362e-05 1.63877401574187e-04 -5.47804275850545e-04 -5.57643796831024e-04 -2.04453992895187e-04 4.10162579927172e-05 -4.35483584373298e-05 6.29818511892555e-06 1.29925053335789e-05 -1.65685798641519e-06 -1.76419240107971e-05 -5.86329170617281e-06 3.63912635157615e-05 3.12168306514814e-05 6.47821627225201e-06 -6.79570006968185e-05 -1.92632167176031e-05 1.31336174760821e-06 -1.08101915016259e-05 -1.66857034263841e-06 1.84652874909583e-06 1.29474139388571e-05 8.52132823530570e-06 -3.93439262733630e-06 6.97393253178579e-04 3.21289286774185e-05 -1.56539362945330e-03 3.67724926451898e-04 -4.52654376129718e-04 5.40557001194671e-05 -9.96521408345501e-05 4.67953543638311e-03 4.19487484011145e-04 9.29996955719572e-04 -8.25315805208474e-04 -3.56194816538040e-05 -1.19553078901582e-04 7.64923524651162e-05 -2.47882071748955e-05 2.96856891775775e-05 -3.11963626838458e-05 7.00177001884634e-06 8.89296903534362e-06 -4.34339318868945e-05 1.71023042662100e-05 -2.05113151263127e-05 2.06356012396113e-05 -1.04705691522562e-05 -1.42926702967650e-05 -1.12522309726259e-05 -7.25605228541148e-06 -1.44657848466240e-06 -8.20086916285497e-06 -2.69537307910399e-05 6.00443272230291e-05 -1.65774043887407e-05 9.69448505867962e-04 -4.03815176122249e-04 -1.37738282412709e-04 1.30119503177393e-04 -5.79220651438180e-05 1.19024714858437e-03 -1.36388221994734e-03 1.01351970758450e-03 -4.05318061842269e-04 1.35555812446451e-04 -1.89732225457725e-04 4.35366640779731e-05 4.11273317979372e-05 2.26035930674983e-05 -6.39416920307495e-06 3.27308181645689e-05 8.68549353356704e-05 5.75455310275047e-05 4.36123404094628e-05 -7.48068622648538e-06 2.90409890338134e-05 2.32598841563329e-06 2.36112938028404e-06 1.40092805151995e-05 5.99411679322531e-06 2.12383116045884e-06 -5.74542677082941e-06 -3.63104168014135e-05 -4.28343011117105e-04 3.34828121948029e-03 -7.68435500188208e-04 -3.42656024840356e-05 -4.35801379612638e-05 3.22716998986246e-05 4.60968043839858e-06 -3.88085727426474e-05 2.32299110064462e-05 1.61956061269093e-05 -1.04012817056575e-05 -7.79895281456690e-06 -1.10852694742731e-05 -6.63775122389548e-06 6.16830931754526e-04 -4.57340027979418e-03 1.24629902315468e-03 -6.49047828940606e-05 7.66340872763166e-05 -2.03400898221494e-05 -5.13271734334859e-05 9.91163097613098e-05 5.81326080891617e-06 2.83031990011131e-05 8.08949612567525e-06 1.25113204240497e-05 -7.49693389760206e-06 3.35959884970693e-06 -1.67565261447028e-04 1.51947289310146e-03 -4.52720879697323e-04 -3.08727715122489e-05 2.04676257479919e-05 2.02494010607550e-05 -3.59061482468184e-05 2.12242521773405e-05 3.02283211756140e-05 -9.34291554339939e-06 4.83308902405947e-06 -4.78988005859086e-06 -8.65224008899301e-06 -1.62725736228179e-08 -5.51563655963644e-05 2.35561197330941e-04 -4.00021283512761e-05 7.88324982774601e-06 -2.79835183159641e-05 9.61826884214158e-06 1.84201653160496e-05 -4.89466825357396e-05 2.50381162486486e-05 -1.03991048515551e-05 -1.24889659208663e-06 6.92022997971655e-06 1.35525318070921e-06 1.35892326971087e-05
 -1.79692059788510e-06 2.16945317554779e-05 3.20805898029656e-04 8.49319578520495e-05 -1.50817524873279e-05 8.91590975741779e-06 -2.76603239133051e-05 1.22913674387979e-03 -7.38666985843538e-04 1.80841606108945e-03 -1.88590081389787e-06 2.97565296862856e-05 6.71928996535708e-05 3.49268015557942e-06 9.73985116553363e-06 -1.61672927447293e-05 -1.40971107842491e-05 5.25323872734369e-06 1.87432763460829e-05 2.62955547594820e-05 -6.58012819200713e-05 -5.59140503943477e-05 1.69357507414698e-05 2.78682464935226e-06 -5.73341931547938e-06 -5.96989424464129e-06 9.75249857482342e-06 1.06397924403391e-05 -1.10174422855927e-05 -4.86319561975303e-06 1.66239065946762e-04 -1.60066099404107e-05 9.24710652721236e-05 2.60394276938157e-04 -1.66307312518563e-04 -6.68523649952026e-05 1.30550468537785e-04 2.03425790357496e-03 2.45387639932459e-04 -1.51319577122791e-03 -3.19027643563033e-04 -2.05362880245008e-04 2.92516326012513e-04 2.37445444242443e-05 3.88223520521742e-05 -3.30375623245005e-05 3.72320365291851e-06 1.44749505515969e-05 1.22280271903728e-05 4.23043596730990e-05 -3.34893972585380e-05 1.68007023360966e-05 1.73580282047226e-05 1.18648848790381e-06 -1.40816443987821e-05 6.62294871928233e-06 3.65109810378540e-06 5.22053711794746e-06 9.92752787941086e-06 -1.17545935005705e-05 4.83441590197255e-05 -1.50746622563921e-05 5.53904005998497e-05 1.52142355475276e-04 -8.37589649589518e-06 4.61939795478925e-05 9.18858377890606e-05 1.72255722213984e-04 3.49380392796124e-05 -7.48221323756734e-04 -1.06908681092876e-04 1.50365148347602e-04 2.23909454033368e-04 4.03698318553007e-05 -4.11034254777358e-05 -8.48385535672964e-07 1.75285173157127e-05 1.37508490382391e-05 4.72626286592980e-05 -4.17364240397619e-05 2.99039681344020e-05 2.45397090644107e-05 9.37367221337948e-06 1.93013423666396e-06 7.94533919367156e-06 -5.77288298105454e-07 1.25021140349386e-05 7.17864534330545e-06 1.30412475759031e-05 -1.71700732728161e-05 -4.05548390673163e-04 2.07247116558962e-03 -5.87238201386304e-04 -3.07629993479622e-05 -3.41565236682780e-05 1.44255529389519e-06 -9.63028265718128e-06 -1.72735310437492e-05 -3.17221775664475e-05 1.07251020974975e-05 -9.23734698836843e-07 -4.93933597180898e-06 9.27655361886064e-07 8.92285112566799e-07 1.35025425402208e-04 -1.14467833489798e-03 3.33524524565092e-04 -1.23745016672659e-05 1.89018715103790e-05 -2.61833447706652e-05 1.72164710166483e-05 2.76656814892120e-05 -4.41135984242124e-05 8.08949612567525e-06 8.47169769925842e-06 1.79457751387358e-06 -9.31305755117864e-06 5.41130044395492e-06 -4.70787241198011e-05 -9.75231142682695e-05 -4.01024212163559e-05 -1.66414150118294e-06 1.41043618574047e-05 -2.89367862447592e-06 -7.32039982282350e-06 1.00363895242651e-05 -1.50401066895675e-05 -4.66967205902242e-06 -1.77826587855547e-06 -2.14291126834986e-06 5.48385997808652e-07 -1.89434255739024e-06 -3.28683434551077e-05 2.33989289563884e-04 9.76461152569828e-06 -8.90360150888612e-07 -4.06459478478225e-07 -7.35279589054101e-06 2.17319449744515e-05 -5.29571694915849e-06 -2.56215829700066e-05 -1.95679901321900e-06 -4.80026671967595e-06 5.27533104481206e-07 -3.46518680684768e-06 4.02108668792010e-06
 -3.71445627304392e-05 -1.06716658260216e-06 9.16972289191153e-04 -1.45552773373740e-06 4.82343021476056e-05 -9.91269822606361e-06 -1.44128266786343e-05 -1.36997126082465e-03 9.39171334314208e-04 -1.70904821162988e-04 -2.00961965381164e-04 -3.79654107980052e-05 1.92173345581199e-06 1.84029196711594e-06 -1.07440609089991e-05 8.82620935940584e-07 -2.46200294654648e-07 -1.59661241470930e-06 1.09962905579059e-05 -2.79250039492972e-05 7.17108592066239e-06 2.81829933715878e-06 -4.86625019188117e-06 -3.87498048990363e-06 -3.02842485687055e-06 8.20962814375121e-06 -4.82206412037457e-07 -4.36516832398061e-07 4.37066069072459e-06 2.18083611573019e-06 3.93565623386805e-04 1.77467414549449e-05 -8.78526689531861e-04 1.17121957526302e-04 -2.36783506658632e-04 6.19932215839743e-05 -7.80274579844870e-05 2.05076282529275e-03 -3.09694636626765e-04 9.91998983497268e-04 -4.13505014839720e-04 6.56518559716693e-05 -1.20081728169796e-04 4.40609390391008e-05 -9.15865368258850e-06 4.29991032698982e-05 -3.51077938240186e-05 -3.91468039618031e-06 -7.76633295843881e-06 -2.48187235834102e-05 6.40827898022569e-05 -4.09239050170889e-05 -5.05229082670668e-06 -6.87189528673228e-06 3.40382344525841e-06 -8.82271841508920e-06 3.47592627197569e-06 -7.38174070487947e-06 -2.04562216648382e-06 -1.22800329580939e-05 5.52585013081115e-05 -7.72794549229875e-08 -6.19127321886334e-06 -7.87608023266606e-06 -1.34821686161961e-04 3.82257573165018e-05 -5.11647423259428e-06 1.03511592297157e-03 -4.22144035549645e-04 -1.37568339913613e-04 -2.83147492769128e-04 4.59857231357008e-05 -4.63557098924758e-05 -9.63413365347583e-06 1.65185562975969e-05 -8.81548252977424e-06 -2.86560746672069e-05 4.09406415900514e-06 2.85241953282037e-05 2.11336370507042e-05 -2.62896930160114e-05 -3.81702789923265e-05 8.41551994512784e-06 -1.45267520461357e-06 -6.82274986187929e-06 -1.15733809135611e-07 -6.31067614008430e-06 -6.72727511807286e-06 -4.44133368828862e-06 -1.43678392110617e-05 -2.67999770640004e-05 1.08622911658856e-03 -1.67219201422631e-04 -3.93629775678345e-06 -1.85375773897127e-05 1.54393473670642e-05 -8.22707975644269e-06 -3.74789674525062e-05 1.84191723047122e-05 7.79965157826143e-06 -4.62991365687965e-06 -3.41037294921988e-06 -6.64150019862397e-06 -5.91163032497523e-06 3.21682848876485e-04 -2.65615431971267e-03 6.59186199950812e-04 -3.97147784250689e-05 3.35220297755077e-05 -1.84541086347680e-06 -4.65332678484365e-05 4.31547877989872e-05 1.69348771723188e-05 1.25113204240497e-05 1.79457751387358e-06 8.50309291446613e-06 -1.48350119221055e-06 -1.43203796593746e-06 -9.74443773927556e-05 1.19522499947198e-03 -2.59457525196832e-04 -1.72493774268419e-05 1.27728352922964e-05 1.46176160589997e-06 -2.29748220576649e-05 1.98892634256818e-05 -7.97248850298879e-06 -5.79893127352717e-06 8.38777972958511e-07 -4.96710666888960e-06 -1.27472776234148e-06 -5.48019988909839e-07 3.63701848815935e-06 -6.15739381557948e-04 1.13469708055995e-04 -3.83054787614157e-06 -1.84839866740491e-05 -4.18574492535927e-06 -1.47286206631169e-05 -3.30020101897319e-05 -2.46544272157243e-06 -5.75401013570512e-06 -1.19334292656093e-06 3.03766217949912e-06 -2.85891630313662e-06 5.69767928209586e-06
 1.46019804499557e-05 -2.19253197144710e-05 -5.10605154749287e-04 1.06185144263882e-05 -3.03873500304081e-06 -3.48466260046674e-05 2.16131457964067e-05 -4.87484851268176e-04 2.39261466140221e-03 -1.94431824892324e-03 5.80813696227703e-05 -1.17049448312785e-04 -2.34731484219627e-04 -2.87754875286537e-06 -3.50403496888503e-05 -3.87398760374025e-07 1.03213411887633e-05 -8.64879213461815e-06 -1.45966723798408e-05 -9.07537291128982e-05 3.67904843083230e-05 3.87527527777765e-05 -4.11272257252273e-05 -8.67103076445702e-06 4.50093037544001e-06 1.75044725418859e-05 2.28150845077966e-07 -7.62464418751723e-06 1.57304616839025e-05 2.80768134439866e-06 -3.78401139886187e-04 1.58079624678001e-05 2.88394081845479e-04 -4.61774799086583e-04 1.77722454196181e-04 -1.15475289259258e-04 -1.84196429518623e-04 -1.95739245079409e-03 1.60129026148832e-03 2.89757238997144e-03 3.32774504803679e-04 -7.49617612827467e-05 -4.01981328665610e-04 -2.68621176692179e-05 -5.72627225858593e-05 7.45672617766592e-05 6.59452088962107e-06 3.98941848136198e-05 -5.41634545981793e-06 -7.13847800193454e-05 1.12653288841918e-04 -1.90261873042795e-06 2.78796587342215e-05 -2.09795804427836e-05 8.48601630609656e-06 -2.22102300588995e-05 7.56088907027514e-06 -2.09095334202096e-06 -3.75971395083745e-06 1.21535756979389e-05 -4.56452451636218e-05 4.23503225857235e-05 -1.19393790609022e-03 1.91753539516546e-04 5.01082416885639e-05 6.31694074713859e-05 -1.02764384804425e-04 -4.88764515250578e-04 -1.78851869920721e-03 7.20143099257116e-04 1.68101097902013e-04 1.08490786640952e-04 -1.87495941216753e-04 -2.33062236147287e-05 5.18259287844860e-05 -1.07543056127885e-05 -4.15043089418580e-06 2.46073303680619e-05 -4.01112163877727e-05 5.60224497259426e-05 -7.74978405753404e-05 -4.77556290657944e-06 4.92004311750883e-05 1.59006081775906e-05 -4.40633519921849e-06 2.54735428328289e-06 -2.48563660299224e-05 -3.07117255083776e-06 -1.35656278398049e-05 1.62285799626420e-05 3.03762839175501e-04 -1.33306875851961e-03 3.72120917293801e-04 1.00488496589630e-05 3.94478586020914e-05 2.22472734765177e-05 -1.92681443606509e-05 3.87218311760534e-05 7.79177600091023e-05 -1.11125949799400e-05 -1.59006109390120e-06 6.83864918114698e-06 -9.57590940620629e-06 6.81993833061474e-06 -1.64041585485531e-04 1.88429190614815e-03 -4.90121208196357e-04 3.20028642693798e-05 -1.15685642315635e-05 4.61687683599800e-05 2.69532212400438e-05 -1.52332031627991e-05 8.49107506362806e-05 -7.49693389760206e-06 -9.31305755117864e-06 -1.48350119221055e-06 1.73557989893647e-05 2.09158549737652e-06 -1.04972997828017e-05 2.22884080142115e-04 2.03018757197920e-05 -8.91008016520827e-06 -3.19803109932303e-05 3.81592021097981e-06 7.14248059620637e-06 -5.10258940940051e-05 2.49515206211911e-05 8.73855588930670e-06 2.33934838821216e-06 2.01644871337885e-06 -1.35020743510722e-06 1.07419886508069e-05 -6.78768854896653e-05 6.35985407647997e-04 -1.50302006629042e-04 1.75492153191829e-05 -1.14075787546715e-05 9.53596145315763e-06 -6.20036013106332e-06 -2.35925791028775e-05 3.26303173622602e-05 -4.10383861427169e-07 5.55072766814168e-06 -1.76160424804507e-06 5.06744350754252e-06 4.28053696998916e-06
 -2.22941445180736e-05 1.84122573532329e-05 -7.58764983276196e-04 2.59899348789653e-04 -5.35289038516235e-06 3.37774365771360e-06 -2.62295804384902e-05 8.12721626971294e-04 -9.90104364430588e-04 1.40997322422251e-03 -3.29802005384283e-05 1.74891875913440e-05 -2.72370219888017e-04 -1.26403465394300e-06 5.46384483883664e-06 -4.67505686968061e-05 -1.17725288273497e-05 -6.78758621695240e-07 -9.04816465120682e-06 1.59877108028184e-05 -1.16924848685847e-04 -4.61627761533147e-05 -2.77219508235623e-05 4.81472078607372e-06 2.62451918503214e-06 -1.18939690962030e-05 2.78210501373677e-05 8.49575071415088e-06 -3.11091511111424e-06 -3.93037574130076e-06 -4.82287943110376e-04 -2.77737158937055e-05 1.36559593542048e-03 -4.32863235506916e-05 -5.90022180352526e-05 -4.95036136428128e-04 1.32452696410257e-04 7.54868260663019e-04 4.49771235048139e-03 -7.92996966138891e-04 -1.87159735327024e-04 -8.68089305916778e-04 2.43080903184924e-04 -1.59479702193010e-05 1.35526108937758e-06 -4.05824601730079e-05 6.04074949860903e-06 1.19532190886631e-04 -2.74194475601648e-05 8.03960427257030e-06 -5.06845815590933e-05 1.49509507889554e-05 1.21696710535311e-04 -2.49897833587905e-05 -7.12426631420462e-06 -4.97163648444010e-06 4.65109892480822e-06 3.83121023426476e-06 1.75775467438996e-05 -1.64198976655595e-05 1.66278116258364e-04 4.68612207935447e-05 -2.34402733153045e-03 6.49698700624275e-04 -1.30339776504151e-04 1.69070451938829e-04 -1.63325364271906e-05 1.54941529756010e-03 -2.47236237836641e-03 9.14917299475958e-04 -2.62026461070982e-04 4.87843852896893e-04 1.70484267519417e-04 -1.15394887973208e-05 -2.89636110688040e-05 4.82221985103796e-05 4.91719646694730e-07 8.18717412572360e-05 1.60084132347397e-06 -1.14523312980836e-05 8.56287485523452e-05 7.94072803596980e-06 9.87000492505356e-05 4.65328376660851e-05 9.33383028618596e-06 1.59537110460239e-05 8.71862072625785e-06 3.17643594540538e-06 1.79257307167390e-05 -1.14326268019226e-05 -5.86966422558393e-04 3.48791623980858e-03 -9.73709590664124e-04 -8.09659873536258e-05 -1.29151376888597e-05 1.75834794424794e-05 -9.44018691073255e-05 3.66133118868940e-05 4.47629438022320e-06 6.49463550699573e-06 1.06005803442371e-06 -6.43594816211443e-06 -5.91949036440451e-06 2.03512485688373e-05 -4.18836086077726e-04 2.61470609382250e-03 -6.68383015240472e-04 6.59538678559302e-05 1.36653861626509e-05 6.82560144952464e-06 1.02586003898192e-04 6.39375626748124e-05 8.12410216401538e-07 3.35959884970693e-06 5.41130044395492e-06 -1.43203796593746e-06 2.09158549737652e-06 2.76560077298342e-05 -1.65257692618712e-04 1.16337960185230e-03 -2.38818605473608e-04 -1.91506379095285e-05 -7.55108325758654e-08 2.48903544809137e-05 -1.50167028096825e-05 -3.21062303470858e-05 3.93361731928994e-05 -9.60927693598593e-07 4.91125647929404e-06 2.33907046995491e-08 -9.69933605740688e-06 7.25700447695811e-06 2.22001872761195e-04 -1.20613804908782e-03 4.69614654066131e-04 -1.28971692425084e-05 -4.19299132033904e-05 3.95861007016780e-06 2.21191184546595e-05 -6.51702369631788e-05 3.48838349850309e-05 -1.19773888401946e-05 -2.21355760316438e-06 6.01916275905275e-06 3.81569828215478e-06 1.20949180835418e-05
 2.41203953989377e-03 -2.68093813947770e-04 -6.83165127302310e-03 1.29038964228908e-03 4.27554601904140e-04 2.89711348967810e-04 -1.27508314910609e-04 -4.47774437086526e-02 -3.81987749657042e-02 -2.48220840986844e-02 8.78251593604121e-04 1.40352045409676e-03 -1.14197608246824e-03 2.40808693882067e-04 3.02963794000579e-04 3.34268340392641e-04 5.72815147758304e-04 9.64398401913698e-05 1.57091376518995e-03 7.74025772942460e-04 1.62590443008557e-03 2.36311212168064e-03 1.80138082867295e-04 1.76421762450880e-04 -4.65559050300696e-04 -4.29266546994789e-04 -2.88592675468042e-04 -4.46742499467580e-04 2.54745525321625e-04 1.84426749753207e-04 -1.15696269213969e-03 3.51301171802853e-04 -7.67927097973001e-03 -5.12409489374555e-03 -1.62988104249697e-03 -4.51225961406521e-04 -5.36223251372706e-04 1.82897974699291e-02 -1.26308862021813e-02 -8.81437721176602e-03 2.65346949522419e-03 5.12121615084303e-03 -5.05647901638409e-03 2.66637336403093e-03 -6.14342581637748e-04 -4.08385608658006e-04 -7.77507335961016e-04 -7.47961441622397e-04 3.16115012530372e-03 -4.91245620662337e-04 -1.69270349582547e-03 -1.17493529655628e-03 -7.46206708226145e-04 1.21577001103460e-04 2.12198695948216e-04 4.38826371451371e-04 -4.60754339907723e-04 -2.89332119592226e-04 -1.36453209588704e-04 8.92128013922575e-04 -1.12770296695410e-02 2.35501836933612e-03 -1.08605398145885e-01 2.15654121002164e-02 1.04593295389141e-02 -8.94958551799589e-03 -5.20115131231023e-03 -1.24417529169345e-01 7.15842600214456e-02 4.91205521309116e-02 1.80032871924618e-02 -1.17539063648969e-02 -7.08197975553322e-03 2.28171043306441e-03 -1.13607091547374e-04 2.48102215440230e-03 2.09210989445559e-04 -1.73419367366605e-03 1.65278002579176e-03 6.15261388074294e-04 2.73551200382617e-03 -1.25172246827306e-04 -1.69375384677021e-03 5.30951742381156e-04 -6.15110838264616e-04 -1.36200695252617e-05 -2.12286964036541e-04 -1.03326352156428e-04 -9.58837637295023e-05 4.38491912145801e-04 -9.13025589466724e-04 2.56204368904845e-02 -4.50644820972579e-03 -1.61080382085603e-04 1.00646578465113e-04 -1.56529623976343e-04 -3.81935898092194e-04 -4.06011846426086e-04 -3.16719051109848e-04 6.45164730542831e-05 -2.15594867597674e-05 6.14935552679144e-06 8.99927992448706e-05 2.05605837537798e-04 6.53599525398743e-03 -3.69525881981018e-02 6.08180789685772e-03 -2.36488574929299e-04 -4.30042700480762e-05 -2.69042223136418e-04 -1.41257860337810e-04 -9.02666550795467e-04 -1.43787202827991e-04 -1.67565261447028e-04 -4.70787241198011e-05 -9.74443773927556e-05 -1.04972997828017e-05 -1.65257692618712e-04 3.32512410430397e-02 -1.97278351917942e-01 5.68073286718193e-02 3.26552752321969e-03 -1.99344325541992e-03 -7.98380248558578e-04 2.22866599206578e-03 -6.32884193604086e-04 6.44460912143271e-04 5.74408013735320e-04 -8.36730757156700e-05 3.66468259085830e-04 1.29511973063620e-04 -3.86473414162971e-04 7.35993686029169e-04 1.00072863583076e-02 -1.19805298374640e-03 -7.33962398042856e-04 9.97988220640690e-04 8.58784725757429e-04 -2.54779700240582e-03 1.58640816922042e-03 9.55715627982152e-04 3.38044224965226e-04 4.11392654531021e-04 1.62569368769721e-05 2.64015127654641e-04 -6.34164524660388e-04
 -2.28564483489141e-03 6.06891665516580e-04 -7.29411847673972e-02 6.48395094325791e-04 9.48737330913999e-03 -1.86262590726755e-05 1.97950363560530e-03 -2.16953847264738e-01 1.34421378743319e-01 6.00093200473187e-02 -4.40132870442013e-02 -3.22013543990638e-03 -1.01016280089005e-02 -1.66651062634285e-03 -3.43473513262645e-04 -2.28966070045698e-03 -1.02008228285470e-03 -6.87895114714312e-04 -1.04563739251537e-02 -9.69690699552776e-04 -7.92499631820966e-03 -3.51594267699387e-03 -2.67450306683258e-03 -7.14087283113383e-04 3.16101489269960e-03 1.90469647404332e-03 1.75527463596703e-03 6.76981760910659e-04 -8.08033214701206e-04 1.64827806348102e-04 -7.61511054013588e-04 1.55144790570606e-03 -8.94989242676206e-02 5.84226870446718e-02 -6.03906835605271e-03 2.20277666454018e-03 -2.77442083617247e-03 -6.70324711394996e-02 1.27816846158577e-01 9.35060846979468e-02 -3.92929879045679e-02 -3.34737904865693e-02 2.15707928286005e-02 -1.13280985433381e-02 2.37303204196795e-03 2.74057356422673e-03 -2.88252741672476e-03 5.01948438220454e-03 -2.17079576713342e-02 2.19685561906777e-03 6.34940990567289e-03 -3.83887964252946e-03 6.17525503721198e-03 -2.08258718034968e-03 1.91709488167426e-03 -2.20631254101914e-03 1.31365750987613e-03 -6.20604929741729e-04 6.72594999605774e-04 -5.65495031415606e-03 -3.55453934080854e-03 -1.22151275380617e-02 6.16932689158114e-01 -1.44522426259624e-01 -8.60519548001226e-02 5.99234783475607e-02 2.37725253355076e-02 9.05964632052169e-01 -4.93748915769150e-01 -1.76485814796896e-01 -1.42658786701426e-01 7.11074530513341e-02 2.50270882057272e-02 -2.24965758351974e-02 2.55962232504657e-03 -1.16385116130181e-02 -9.87328609113263e-03 1.19350060514847e-02 -1.24716742956961e-02 -1.57268679571365e-03 -1.18787533007397e-02 -1.11597896955942e-02 1.11514254514748e-02 -1.54150421449187e-03 1.02194580354714e-03 4.83390617400702e-04 1.21496237430859e-03 -1.97709808290784e-03 7.19223813929076e-04 -2.30938282111455e-03 2.66315018955820e-02 -1.02970435607605e-01 3.99605640213454e-02 1.02460543078637e-03 3.17740149985273e-04 4.33139239580851e-04 -2.29570974845648e-03 -1.66407963688880e-05 1.90904027783887e-03 -3.21195560562377e-04 2.39879012966406e-04 -6.10346305700967e-04 -6.77746302078051e-04 -1.21843004281968e-03 -4.22951336788239e-02 1.04168177725089e-01 -2.29644470680814e-02 4.25449755644991e-04 1.95544397721132e-03 2.55427246540237e-03 -5.69354789957725e-03 1.04206247557767e-02 3.33735729119372e-03 1.51947289310146e-03 -9.75231142682695e-05 1.19522499947198e-03 2.22884080142115e-04 1.16337960185230e-03 -1.97278351917942e-01 1.37058806204053e+00 -3.66869279492397e-01 -2.14755116816602e-02 1.28338982286036e-02 6.20633783742085e-03 -1.95291326807474e-02 7.75824140758462e-03 -1.53014968302084e-03 -3.97635163916596e-03 7.90696110876818e-04 -2.54470556567555e-03 -1.50203520103470e-03 2.43743676875795e-03 1.26863724974020e-02 -2.64168865402690e-01 3.93126241055079e-02 2.94123440347796e-03 -8.31104413513119e-03 -3.90275945413868e-03 1.17547686930518e-02 -1.27681456276638e-02 -5.22164949830015e-04 -2.40431285443007e-03 -2.03490585102526e-03 5.54675488631560e-04 -1.14157107981938e-03 4.09890784180993e-03
 9.19486562342104e-04 6.30865287362372e-06 3.36729528695521e-02 1.98735688364837e-03 -6.55881798208530e-04 -1.60985548572090e-04 -1.13721561963770e-03 -2.60326043328500e-02 -2.93740317640567e-02 -5.14215915232635e-03 6.38973307403494e-03 3.17545643406251e-04 1.48157414852662e-03 4.22391976274469e-04 -8.18662629482534e-05 3.42458866015688e-04 7.94938151735798e-04 2.01901774297499e-04 2.69940249282066e-03 -1.66119176738014e-04 1.52519059202195e-03 3.18878187874281e-03 6.12344258561306e-04 1.76353541883050e-04 -8.08069632009637e-04 -5.06919177594492e-04 -3.23482300637895e-04 -6.06341168240033e-04 2.68514154688371e-04 1.96318759435384e-04 3.05785435823213e-04 -4.20747462181178e-04 2.17370608899537e-02 -1.51962672389590e-02 4.35929144984332e-04 -3.09965553383018e-03 7.29560470062357e-04 1.07777107815667e-02 -1.41688461411168e-02 -2.00057973363987e-02 9.96687281796877e-03 4.82104147006899e-03 -6.19933523313014e-03 3.85017431566634e-03 -7.24565754973542e-04 -3.87079458824140e-04 -4.30599373935747e-04 -7.38125149044060e-04 5.73137331368799e-03 -9.00092217855818e-04 -1.11541378542005e-03 -8.02404216440240e-04 -1.14301823296219e-03 3.42343995478444e-04 6.79399164564080e-05 5.05361468854469e-04 -2.66779410041842e-04 -2.41649006361820e-04 -7.53341725676282e-05 1.67236617888990e-03 -2.52267329959869e-03 4.02566098379319e-03 -2.06311255943319e-01 4.93469296689652e-02 2.10390930044319e-02 -1.62807664060989e-02 -6.98277306224832e-03 -2.36800918820364e-01 1.27124271659415e-01 5.26602463420439e-02 3.62773124505313e-02 -1.71984156651950e-02 -6.26995495020754e-03 4.74646886144063e-03 -8.55610413895443e-04 3.64746809375418e-03 1.30869285846321e-03 -3.00445864044819e-03 2.87520999325680e-03 5.68764716427822e-04 3.71645661558672e-03 1.10462634731902e-03 -2.62780013641492e-03 7.85962889450464e-04 -7.87752683542811e-04 -7.56006457502071e-05 -4.24006505281451e-04 9.59837388540523e-05 -1.26236333433755e-04 8.57439079479746e-04 -4.60610220583975e-03 3.86737324480719e-02 -9.65294258347814e-03 -4.08530198603784e-04 1.31679764056161e-04 -1.97976515035532e-04 -6.50743289836892e-04 -1.51840461886989e-04 -5.97529828530906e-04 5.72146976448909e-05 1.02497237750543e-05 1.19059152993781e-04 1.72322154561392e-04 4.55100725761515e-04 7.21599804477960e-03 -2.40102297814862e-02 1.54455542742296e-03 1.69955444718320e-04 -6.18744629373701e-04 -3.65091407696426e-04 1.08504154404814e-03 -2.28817859633293e-03 -5.21808778253299e-04 -4.52720879697323e-04 -4.01024212163559e-05 -2.59457525196832e-04 2.03018757197920e-05 -2.38818605473608e-04 5.68073286718193e-02 -3.66869279492397e-01 1.03697254208508e-01 5.99155699867840e-03 -3.70688787551284e-03 -1.78649920462264e-03 4.76521613474577e-03 -2.04750219461676e-03 2.38034528694663e-04 1.13570314842368e-03 -2.51792458605583e-04 6.67773744982071e-04 4.06685236435759e-04 -6.34219774998617e-04 -1.66608925802191e-03 3.87116538790007e-02 -4.51287308119454e-03 -1.17546852479567e-03 1.98862520972393e-03 1.14169294944038e-03 -4.26056797346650e-03 2.79522092773564e-03 4.66053871334239e-04 6.10204920487177e-04 6.16990057730308e-04 -8.48817793018490e-05 3.28368936485886e-04 -1.13707340620793e-03
 2.21255014617277e-05 -1.45266050814198e-05 3.58785348311728e-03 -2.40806089797110e-04 -6.43369572776719e-05 4.47568355273019e-06 -4.38756069655107e-05 2.41330742829045e-04 -3.27746912765018e-03 -1.34295364162130e-03 3.99144064769445e-04 8.21925610810011e-05 4.69969030914447e-04 1.83831358513714e-05 1.11017139792887e-05 7.02999544143096e-05 2.86055472552300e-05 1.18932991304391e-05 1.16204019375802e-04 3.17880355541958e-05 2.00376558305715e-04 1.12692128103658e-04 7.23316632820323e-05 1.67980876688493e-05 -3.49909557801682e-05 -4.50076040497647e-05 -4.79115885100473e-05 -2.10737437706624e-05 1.56812643616240e-05 5.23086521914794e-06 -8.74936768165338e-05 -7.65384742019858e-05 3.54772037081071e-03 -1.55831900598243e-03 9.41431542937896e-05 4.76768753705020e-05 8.80635725853039e-05 -2.29823967858852e-06 -3.80673999708797e-03 -2.60759523768567e-03 5.61197991984417e-04 8.79523214113702e-04 -4.62654235254526e-04 1.46315628427937e-04 -6.36051943704398e-05 -8.34517971105060e-05 5.57035743369692e-06 -1.39903251078325e-04 2.53116148082888e-04 -6.13868704969826e-05 -1.57513081481541e-04 -3.11261573625137e-07 -1.71986306661884e-04 7.50971876426206e-05 -4.07535751962113e-06 4.63944636241000e-05 -2.35785027303705e-05 -3.21246122718508e-06 -2.63519355293629e-05 7.39534356785735e-05 1.78671902675803e-04 2.33279922593383e-04 -1.21815073234679e-02 2.81215401340605e-03 9.75029981196254e-04 -1.43727709386640e-03 -5.11031367215573e-04 -1.07304727485757e-02 1.20484467175838e-02 3.69021523838100e-03 1.68249403208571e-03 -1.78146651042310e-03 -5.59954285997419e-04 2.26055242600292e-04 -4.69320031909866e-05 2.48366148026971e-04 8.08225834358605e-05 -2.94230122495029e-04 1.27895028436358e-04 4.62218039409530e-05 2.78896300494353e-04 8.32868087516129e-05 -2.86581272313049e-04 9.71331607271503e-06 -2.60399758302177e-05 -4.82368509077131e-06 -2.02060804601333e-05 1.20244763749502e-05 -2.49889125129757e-05 3.91251125677948e-05 -2.02257351850683e-04 1.11496324200386e-03 -4.80862234956356e-04 -8.74941296165109e-06 -1.55432272659525e-05 -3.58206573328126e-05 2.07097022896881e-06 -6.14185067185025e-05 -8.13070010266318e-05 9.43867362526460e-06 9.12865491445085e-07 3.42740846375918e-06 1.89314046133197e-05 1.17539873478922e-05 2.96079272662952e-04 -5.24528532255188e-04 -1.40008956922775e-04 7.80977658383922e-06 -5.86136531746044e-05 -4.35615022057321e-05 5.08052799461370e-05 -1.82710853894603e-04 -8.16872743566215e-05 -3.08727715122489e-05 -1.66414150118294e-06 -1.72493774268419e-05 -8.91008016520827e-06 -1.91506379095285e-05 3.26552752321969e-03 -2.14755116816602e-02 5.99155699867840e-03 3.83006199838005e-04 -1.66228820392060e-04 -9.10100475181927e-05 3.79396757363386e-04 -4.74866963856734e-05 3.57468481151508e-06 5.58829268019833e-05 -6.24625804258206e-06 4.00536460108947e-05 2.30618066145603e-05 -6.80740697620927e-05 6.91124208228002e-04 -2.82605719204287e-03 1.13416157245853e-03 -1.65194246459019e-04 9.00566822888344e-05 3.56133323291932e-05 -3.32293185903090e-04 1.84188801399551e-04 3.44254586854834e-06 2.29830849269736e-05 3.05429597143163e-05 3.27423145171893e-06 8.91669244537589e-06 -9.08101262052584e-05
 -6.09991601287377e-05 1.77286778017639e-05 -9.88902695517010e-04 -3.01679194184285e-04 4.75454233784486e-05 3.06256512501448e-05 4.15138119487780e-05 1.58565269125917e-03 -1.34612402871757e-03 2.16627335680496e-03 -4.40368301515113e-04 8.61099875750628e-05 5.70403798332716e-04 -1.73145212917177e-05 2.94174890584675e-05 3.30074384087900e-05 -5.29365388821603e-05 1.18521048962128e-05 -1.15134998791149e-04 7.84277691181937e-05 -1.65856187763265e-06 -2.06310192699389e-04 8.20389769856745e-05 3.42501284907565e-06 3.46569269569936e-05 -4.55694481747642e-06 -1.68504254619023e-05 4.00720798100502e-05 -3.60270732396972e-05 -1.26094432820439e-05 3.00714313515676e-05 -5.81441302625557e-05 1.40979486986225e-03 2.65223518746923e-04 -3.03389831235661e-04 4.59026484401772e-04 2.80857604990422e-04 2.36097802685097e-03 -5.14768629627742e-03 -4.18650449218951e-03 -1.00459272333964e-03 5.92267273445098e-04 6.57415578371234e-04 -1.50698117727325e-04 1.09253316577454e-04 -1.18018031027639e-04 5.87695343136223e-06 -1.24953162199111e-04 -2.84670853487675e-04 1.57716239723767e-04 -1.32087031846315e-04 3.41477107520507e-05 -1.21273264550069e-04 6.23184406180595e-05 -1.22245589459534e-05 3.37985036563815e-05 4.07612296788692e-06 1.37147861323160e-05 5.20283491460650e-07 -1.02541537893886e-04 -1.26320340056993e-04 -1.67284201450096e-04 7.16524609988796e-03 -1.48708228033265e-03 -1.15992543867534e-03 -3.72414411608184e-05 3.67134534625632e-04 1.27452126745636e-02 3.03706789751103e-03 -3.87863162792122e-03 -2.10842006974389e-03 -3.27964473409368e-04 4.99564125903730e-04 -2.12029848922973e-04 -7.36004721938855e-05 -1.31202022263777e-04 -6.79123491220990e-05 -6.68257564103620e-05 -8.25263696348051e-05 -1.46198190041883e-04 -8.62561910506874e-05 -5.57993954880725e-05 -1.10177069837154e-04 -7.95541174917928e-05 4.40979624357146e-05 -2.50445568979125e-05 3.09940934384484e-05 -1.68044179031740e-06 1.18786089436082e-05 -6.62512705301215e-05 -6.88777902331101e-05 -2.68974603030020e-04 -1.39038876054709e-04 1.17220929930312e-05 -9.64633988409721e-05 -4.03369455300137e-05 4.51565021999536e-05 -1.56584002214340e-04 -1.13964340508309e-04 2.78684296935997e-05 6.29613753653317e-07 -1.99414575066294e-05 1.06502227852879e-05 -4.16852722318145e-05 -9.85027149282508e-06 -1.97990334246763e-03 5.67036607426062e-04 -6.28207422767373e-05 1.68935412778735e-05 -6.59614949980028e-05 -9.21423295474401e-05 3.97388002594561e-05 -1.26329824668793e-04 2.04676257479919e-05 1.41043618574047e-05 1.27728352922964e-05 -3.19803109932303e-05 -7.55108325758654e-08 -1.99344325541992e-03 1.28338982286036e-02 -3.70688787551284e-03 -1.66228820392060e-04 2.29342457440913e-04 5.06351122557791e-05 -8.25087464593607e-05 2.36769319740891e-04 -9.45577159386603e-05 -6.68480942784741e-05 1.14356838898034e-05 -3.12840799791427e-05 -7.43390077372513e-06 -2.50663740511326e-05 1.02118558666251e-03 -8.48474720499684e-03 2.01918046117170e-03 -9.22950898086744e-05 -9.11968664408449e-05 -1.05372484387504e-04 4.21691830151906e-05 -5.64763042078110e-05 -1.17626980268371e-04 -3.42399049799208e-05 -3.65942155317268e-05 1.21321516361073e-05 -3.62166624925429e-05 1.02455868890404e-05
 -1.58012365435829e-05 -5.60472994436447e-05 3.77137285026721e-04 -1.42796204112630e-04 -3.68759834472895e-05 9.88558458755673e-05 5.49831201392390e-05 3.17502750990447e-03 -6.56193709435641e-03 -4.95650114828534e-03 -1.39119903711781e-05 3.39442908949792e-04 -4.54308888482167e-04 -1.16442801293793e-05 9.78953240785868e-05 7.65937126429565e-06 -3.63502372156843e-05 -2.66223336837042e-05 -7.40218885787930e-05 2.42351473680361e-04 1.00810581570030e-04 -1.51223106682973e-04 -9.98004228143669e-05 2.39399400404668e-05 2.13963002630805e-05 -4.66542618948634e-05 -2.82011717261682e-06 2.84596601516884e-05 3.93309603517621e-05 -1.28132832143153e-05 4.85183794379311e-05 7.71613448477623e-05 -2.26596123999014e-03 4.81300613363176e-04 6.18510700110722e-05 -1.25478551381237e-04 -2.57613642251355e-04 -3.69575507031332e-04 4.33454631728531e-03 1.59532791101545e-03 -2.09804762452335e-04 -3.42139847330534e-04 -4.64683765391659e-04 -1.35234365702225e-04 -1.43709025303323e-04 -4.39312581451601e-05 4.82507818341438e-05 5.37927571119639e-05 -1.54854162920928e-04 -1.45203449287884e-04 -2.28706472448335e-04 7.95625979829528e-05 1.16732962589212e-04 -2.06717117292093e-05 -1.68406642660711e-05 -1.23130435053430e-05 -6.11279500119218e-05 1.73297166148488e-05 -3.95018309786720e-05 -5.20563785025874e-05 -8.72091727481526e-05 8.50619822797988e-06 1.90561921402002e-03 -1.55921853330465e-03 -5.15157655682796e-04 2.37228480417872e-04 -4.74942473786986e-04 6.39782890364665e-03 -3.85094208786266e-03 7.53969259982725e-03 -9.17827006572722e-04 6.57445095207436e-05 -1.05614251416509e-03 -9.80398879666270e-05 1.63997826742453e-04 1.93835085008471e-04 1.36969661878505e-06 1.01013875185682e-04 -7.91888763828016e-05 2.28285586498449e-04 3.33434187613966e-04 2.48077459738556e-05 7.41522103134495e-05 3.96257932012687e-05 3.68373470788142e-05 6.80037298889192e-05 3.21781184376012e-05 9.80760447093760e-06 -2.16359581557522e-05 -2.69370114204689e-05 -1.18544437022560e-04 1.46081517816906e-04 -9.35129728420082e-05 -2.56198024030413e-05 3.81961397041636e-05 1.87342128749379e-05 3.94243563410031e-05 1.04283921354361e-04 4.97690470851429e-05 -9.86156319376387e-06 -6.35245355738947e-06 -4.64808697032216e-06 -7.44421630167807e-06 2.82025362451888e-06 -2.94003861357072e-04 2.57699792773375e-03 -3.53662417815907e-04 3.47595777700289e-05 6.15343717313597e-05 1.49607174172339e-05 8.85183149962058e-06 1.31196835681427e-04 4.25091410140608e-05 2.02494010607550e-05 -2.89367862447592e-06 1.46176160589997e-06 3.81592021097981e-06 2.48903544809137e-05 -7.98380248558578e-04 6.20633783742085e-03 -1.78649920462264e-03 -9.10100475181927e-05 5.06351122557791e-05 1.33246400695545e-04 -2.82706782352153e-05 1.58247982009711e-05 2.16653509918250e-04 -1.65517065371817e-05 3.29229274157060e-05 4.85264726824289e-06 -4.36475886911255e-05 3.05689857401392e-06 9.43656122666407e-04 -4.17427889711672e-03 1.23053060761821e-03 -3.95345581725773e-05 -1.08493378442966e-04 4.39301946948869e-05 6.91382862385995e-05 -9.02147435774877e-05 2.03046099549354e-04 -3.12499139766779e-05 3.17283508153517e-06 2.36996462868196e-05 2.26839349551510e-05 1.72533417581876e-05
 -3.34287209921329e-04 -1.15522812954088e-04 5.40939867896079e-03 -1.12312324732493e-03 -4.15123316708648e-04 -1.06140591802135e-04 8.74745802804916e-05 1.73053167139548e-02 2.89177229965889e-03 -9.28592755693941e-03 1.28237582597167e-03 -2.43935886644412e-04 7.34291544994044e-04 1.20327741453231e-06 -9.08697092563869e-05 1.88681646125196e-04 -9.29212792557668e-05 -1.41025384789482e-05 2.10001377295533e-06 -2.29278857963462e-04 5.58005775932323e-04 -4.08802848414294e-04 3.99828905876927e-05 -4.45189326616760e-06 -1.96036091477698e-06 -6.11004850962942e-06 -1.14860770862778e-04 7.76483501881778e-05 5.40559744996713e-05 -4.65269647204463e-05 -4.95446728982164e-05 -1.67188686110420e-04 1.09806145918143e-02 -4.88374405277438e-03 5.53590162245399e-04 2.75614870931633e-04 -3.56740746859739e-04 -1.85980916068379e-03 -6.50208415322725e-03 3.41049485687663e-03 7.38609939199200e-04 2.13783502271387e-03 -1.87623632685963e-03 -2.17075079813273e-04 -2.69545869541235e-04 2.57580768012744e-05 2.71948221859328e-04 -2.47361549566461e-04 1.52230576358821e-05 -2.78617109612482e-04 6.26584533371099e-05 3.94742588929942e-04 -3.39701667901921e-04 1.42773113106607e-04 -1.08796261024829e-04 6.59162842297057e-06 1.57813129642477e-06 8.49182692399146e-05 -8.36950312405827e-05 -1.22262101670676e-05 5.40956179112258e-03 3.30084687976685e-04 -1.42419944064396e-02 3.09650888024151e-03 5.39726921292632e-04 -2.32454033032180e-03 -9.33447189219800e-04 -2.67159244812124e-03 1.68488322078963e-02 5.18047051924419e-03 7.76543611134286e-04 -3.13904471961935e-03 -1.33627087445551e-03 2.47659443645871e-04 1.07608741461286e-04 2.02057671475176e-04 2.82166415061243e-04 -4.92968497745305e-04 5.26479686926123e-05 2.09714334938283e-04 2.76030083068904e-05 4.14891787620483e-04 -4.19315325383881e-04 -5.14732379637924e-05 1.02738495003474e-04 -1.04767619614144e-05 -9.27225011101465e-05 9.20914900524750e-05 -1.09680346079605e-04 -1.80123004882733e-05 -1.26104547303834e-04 -2.73502877149383e-03 -5.64655563867007e-04 1.85243785189822e-07 -4.74955618807700e-05 4.18370248520955e-05 1.45784640496468e-04 -9.96669341079282e-05 1.10361615353833e-04 2.05936690664893e-05 -2.45293879618263e-05 1.43642590562192e-05 -8.28602167989175e-06 -1.75505966448969e-05 4.96809426826041e-04 4.33404381989099e-03 -8.13511372583567e-04 4.00097770250352e-05 -6.98871891323717e-05 -4.20049901891441e-06 2.28646211810807e-04 -3.35220452404247e-04 2.41462385358078e-05 -3.59061482468184e-05 -7.32039982282350e-06 -2.29748220576649e-05 7.14248059620637e-06 -1.50167028096825e-05 2.22866599206578e-03 -1.95291326807474e-02 4.76521613474577e-03 3.79396757363386e-04 -8.25087464593607e-05 -2.82706782352153e-05 7.45508523451623e-04 -5.01669315468657e-05 4.86207452407622e-05 3.78251707968862e-05 3.06249232709946e-05 4.19331601531806e-05 1.61757344853624e-05 -1.15044578141354e-04 2.43679574035754e-03 -1.09083233521262e-02 4.08147298502628e-03 -3.26683183863104e-04 -4.60590670467826e-05 -6.15281710004760e-05 -4.16289800816176e-04 1.42386003135556e-04 -5.10846294114967e-05 -2.79999185844277e-05 1.31220767539705e-05 1.55190681258061e-05 -1.72543265342968e-05 -1.15658820274176e-04
 7.31622993151223e-04 -2.53003230957733e-05 -6.56721628253203e-03 -4.04464781666110e-04 2.49500369317821e-04 8.60434134715851e-05 1.45179030329858e-04 -6.93087559057883e-03 -4.99251557100746e-03 -1.03311796055511e-03 -1.06132283867939e-03 2.76934432583921e-04 6.94481092481966e-04 -1.15540264321812e-05 7.94060965558647e-05 1.10678265378841e-04 -6.32464525512221e-06 2.96053212481232e-05 -7.14469817498519e-05 2.06034956179447e-04 2.41888149407567e-04 -1.22380027764611e-07 1.49259207626671e-04 1.75728500402166e-05 2.30773269519102e-05 -3.43000989317064e-05 -7.13372924476116e-05 2.10455375063225e-06 -3.32650501535889e-05 1.09264111383418e-05 -9.96358486003854e-04 7.51724288071191e-06 -9.49651650042870e-04 3.55830150787760e-04 -7.53379624619187e-04 1.08445527108075e-03 2.67802199530845e-04 5.16709212143289e-03 -1.23545537528998e-02 -6.49221014035840e-03 -1.55683206705763e-03 2.05325748497635e-03 4.57904352974977e-04 2.36031886957895e-05 1.37058767697893e-04 -2.03337178025359e-04 -1.39436591620649e-04 -3.50190605787510e-04 -2.31040911985329e-04 2.57217005671499e-04 -3.77045272444264e-04 -1.68949487323940e-04 -3.34172502809935e-04 1.06846430767229e-04 3.77602063081727e-05 1.09213623867497e-04 -5.28662288684932e-05 -2.93129352687828e-05 -1.60354722484866e-05 -8.94899910960388e-05 -3.12750068958724e-03 -1.11331783494543e-04 5.57824906624322e-03 -1.65920675606908e-03 -1.24906879925781e-03 -7.19762884161993e-04 1.93558003019050e-04 1.18536148260058e-02 1.11815679455464e-02 -2.60052845772537e-03 -2.24652053773063e-03 -1.78594271613161e-03 3.09347491648292e-05 -2.61022873448724e-04 -1.00243842206694e-04 -6.77589737902194e-05 -1.92009485447166e-04 -2.81932836096764e-04 -3.88805304513965e-05 -2.11085635745581e-04 -2.19633310240368e-05 -2.40935958113554e-04 -3.69248079349446e-04 -1.03649302297925e-04 -1.23840905645868e-05 -6.52166455861736e-05 1.96017001898747e-05 -4.25041900724223e-05 7.34891047150590e-06 -6.25607953803135e-05 5.67212085306458e-04 -6.60149858978081e-04 3.26912795541980e-04 6.77814701056214e-05 -1.30708793349027e-04 -9.60242736464777e-05 5.52501980475346e-05 -3.59845136215450e-04 -2.00762013698049e-04 4.87386419504287e-05 -1.18724166770070e-06 -3.51705355563083e-05 2.55438012145064e-05 -6.76365339921231e-05 8.36865530392959e-04 -9.49313052367653e-03 2.06806274398746e-03 -1.80927654163995e-04 3.17356690869442e-05 -1.22028018971685e-04 -3.03256764894697e-04 -1.44939805230420e-05 -1.77229000890416e-04 2.12242521773405e-05 1.00363895242651e-05 1.98892634256818e-05 -5.10258940940051e-05 -3.21062303470858e-05 -6.32884193604086e-04 7.75824140758462e-03 -2.04750219461676e-03 -4.74866963856734e-05 2.36769319740891e-04 1.58247982009711e-05 -5.01669315468657e-05 4.22606044672587e-04 -1.07581384864247e-04 -7.46447504557425e-05 1.14007004119499e-05 -2.99652399635416e-05 -2.95960156992641e-06 -7.01527098989694e-05 1.66464929954240e-03 -1.36979463856245e-02 2.95627550375800e-03 -1.92735548707400e-04 -6.04044746394638e-05 -9.72943633286960e-05 -1.52680732054298e-04 5.95071026089931e-05 -8.45987799117767e-05 -2.04900819229284e-05 -2.16392049654997e-05 2.05810663443869e-05 -3.64865071359175e-05 -3.29228254954428e-05
 2.47454132271441e-04 -1.77075902083822e-04 -3.61711180656823e-03 -2.57745636395569e-04 -1.07841117719497e-04 2.02727994058271e-04 2.07301353120585e-04 5.04632527642866e-03 -1.40765889502041e-02 -1.53593597234959e-02 3.01514526287980e-04 7.12577594477763e-04 -1.42446003791726e-03 -1.04920800341757e-07 2.00115218387282e-04 4.15019685632947e-05 -3.17258169063879e-05 -6.24099723505633e-05 5.63710830375233e-06 4.92007148957208e-04 3.74816262025720e-04 -1.41788931176410e-04 -2.59390242873639e-04 5.31146795869290e-05 -2.80983974839004e-06 -1.06056937578851e-04 -2.55414363954639e-05 2.60099189786308e-05 1.11867062135041e-04 -1.57186484156707e-05 -3.96595477854406e-04 2.10947828682798e-04 -4.50157096432870e-03 1.23299093174700e-04 9.11458720331298e-05 -3.85353606467195e-04 -7.71699932373665e-04 4.77372020418728e-04 1.03855784232031e-02 5.89600960264536e-03 8.15039603836907e-06 -4.38982344545367e-04 -1.65679309754218e-03 -5.07547688889148e-05 -3.98979614050219e-04 -7.38723716941615e-05 7.00941017403180e-05 1.11065851344776e-04 5.52623068626384e-06 -3.78114634112665e-04 -5.32541729724997e-04 1.12479954467318e-04 2.38895998923277e-04 -5.99383918929232e-05 -3.26009073336060e-05 -1.73028006143864e-05 -1.57668867425887e-04 2.04548277145569e-05 -9.69289700056367e-05 -1.58831619795025e-05 -1.09558124989327e-03 1.56538788758368e-04 -5.12280044313690e-04 -2.69111585615470e-03 1.14783193077739e-04 2.05167261326982e-04 -1.37785017004434e-03 2.33601264706916e-05 -7.11196442472160e-03 1.95726751626414e-02 1.08290120399023e-04 -3.73971571540349e-04 -2.87435971139190e-03 7.04967463455580e-05 4.10795892908213e-04 4.97848114900073e-04 7.52701237483937e-05 1.65001499323782e-04 1.23935706142716e-06 5.54769317550262e-04 7.27109651136970e-04 1.08617767024967e-04 1.30535119349388e-04 1.22564578088098e-04 3.02259945633955e-05 1.41642456398395e-04 3.42026692123179e-05 2.43848134592561e-05 -6.50891127640333e-05 -1.33873801903885e-05 -4.80898154874312e-04 3.03640255445945e-03 -7.88522027982851e-04 -8.71844347686253e-05 1.11687213836272e-04 7.36127804419339e-05 5.89855456786039e-05 2.48941419776003e-04 1.91219080959341e-04 -2.54417024169041e-05 -2.20968814622991e-05 -1.82136231215912e-06 -2.38226430752596e-05 3.18459178568293e-05 -3.94140928504605e-05 3.44091819413665e-03 -4.35516125273522e-04 8.00148906734475e-05 1.33261321000069e-04 5.00459211372389e-05 5.68465534113249e-05 2.01852123880533e-04 1.77021421983258e-04 3.02283211756140e-05 -1.50401066895675e-05 -7.97248850298879e-06 2.49515206211911e-05 3.93361731928994e-05 6.44460912143271e-04 -1.53014968302084e-03 2.38034528694663e-04 3.57468481151508e-06 -9.45577159386603e-05 2.16653509918250e-04 4.86207452407622e-05 -1.07581384864247e-04 5.49896692178621e-04 2.21927518583079e-05 5.88779490569193e-05 3.94690386438388e-05 -8.19610240409421e-05 8.30086128666762e-06 9.82533743689774e-04 -2.91176207949766e-04 4.36224915364286e-04 -3.30734856464940e-06 -1.07259261272034e-04 1.96380475633108e-04 6.76478698423465e-05 -5.93192820887796e-05 5.40982359756430e-04 -2.53957270197418e-05 4.58119545550892e-05 3.86571894621368e-05 8.08012184022214e-05 1.11421606960508e-05
 -6.54101421003089e-05 -6.98790605553963e-06 1.31475939625121e-03 -4.77207133293444e-05 -1.68375460833785e-05 -7.07880368739875e-06 -8.53206150304314e-06 -5.41427775216666e-04 8.93731154770773e-05 -7.24927403443932e-04 1.55704201301527e-04 -1.55873746321899e-05 -4.03753277842833e-05 4.54733721380347e-06 -5.78223473574046e-06 6.74458986110898e-07 1.84867219934546e-05 -6.01678017070102e-06 3.02855491249770e-05 -1.54278759505692e-05 1.36912074818531e-05 7.16478466986513e-05 -1.95802558692904e-05 2.22151106520221e-07 -9.20392080836832e-06 -1.67160300684929e-06 5.14019564431499e-07 -1.38524119333469e-05 9.31753779522578e-06 4.42242382111210e-06 3.36735875554000e-05 -1.20033312989546e-05 8.66178914910307e-04 -3.48206318035090e-04 1.45802201870684e-04 -1.17539753468697e-04 -5.68681237703741e-05 -1.28345750503388e-03 1.29595143455271e-03 8.59179821624433e-04 4.03811807303449e-04 -1.26532744126767e-04 -1.83739846673008e-04 3.67147592707081e-05 -4.26465562122327e-05 1.43592873263694e-05 1.43760390301404e-06 2.78512094249124e-05 8.55045513787709e-05 -5.74994687893947e-05 2.14782045908676e-05 -8.61603092490627e-06 2.31031755967571e-05 -1.94651964630904e-06 5.75293941470437e-06 -1.21540300021071e-05 1.83777828870302e-06 -4.16040842571463e-06 -7.07839677425109e-06 3.43327148712571e-05 8.58794572788701e-04 3.28406016632485e-05 -1.42375171320914e-03 2.91324641397424e-04 3.65747489566959e-04 -6.68477811191658e-05 -1.16857919216121e-04 -4.00192754877729e-03 -2.91785716836006e-04 1.19813776813806e-03 6.85210663434491e-04 -8.12775400433915e-06 -1.60315188051988e-04 5.84367802810029e-05 2.74383138081082e-05 3.82179103126322e-05 2.08773600906710e-05 5.08732666159561e-06 1.50362244669344e-05 5.25525412730089e-05 3.83290452892178e-05 1.66416125201434e-05 1.52505765771823e-05 1.02052399844354e-05 -1.39618234470715e-05 1.22829848139108e-05 -3.66240066021523e-06 3.94931509275724e-08 -9.42204419278433e-06 2.45834261485801e-05 -4.38491354358090e-05 1.34045675783164e-04 -1.25954034806465e-05 -6.79253014047787e-06 2.81192137571584e-05 5.95873514667560e-06 -1.28531909542778e-05 5.28799036344956e-05 2.05315263961706e-05 -1.06778216648417e-05 1.73808701999425e-06 6.37736775736651e-06 -3.05197354815904e-09 1.27947552104331e-05 -1.90979437358388e-04 1.60500237617011e-03 -4.72668715376718e-04 3.43501910525153e-05 -2.08958787409517e-05 2.01816378138698e-05 3.18492757089604e-05 -2.25100329488015e-05 2.69253410194748e-05 -9.34291554339939e-06 -4.66967205902242e-06 -5.79893127352717e-06 8.73855588930670e-06 -9.60927693598593e-07 5.74408013735320e-04 -3.97635163916596e-03 1.13570314842368e-03 5.58829268019833e-05 -6.68480942784741e-05 -1.65517065371817e-05 3.78251707968862e-05 -7.46447504557425e-05 2.21927518583079e-05 2.25709717483752e-05 -4.51255476786358e-06 1.08695453203129e-05 3.93769241417152e-06 4.61393914561138e-06 -3.56788332587994e-04 2.62228948289909e-03 -6.50861984369780e-04 2.52912758909463e-05 3.61977558426181e-05 3.21090023770951e-05 -2.56981653739190e-05 2.15254027521327e-05 2.94470766541587e-05 1.02492653103505e-05 1.07489357556847e-05 -3.67196307611234e-06 1.00958789145462e-05 -7.81378948079859e-06
 5.08367930488532e-06 -2.58206262324812e-05 -3.16152032864059e-04 -7.38538472176056e-05 -2.06233000281923e-05 1.40598453124119e-05 2.84785633908399e-05 1.42307509756424e-03 -1.07169774195492e-03 -2.18732742354862e-03 1.81748321692506e-05 5.37939652532722e-05 -1.28580652201704e-04 -3.06013499126325e-06 1.40537366924802e-05 1.42737223313846e-05 -1.43863557693202e-05 -7.14629735579972e-06 -1.91032481048026e-05 3.39400688895094e-05 7.11813476837125e-05 -6.01452985984836e-05 -2.59734376055767e-05 4.22671922711277e-06 5.59929096177631e-06 -8.83287826994601e-06 -8.98255182744482e-06 1.13938067498092e-05 1.50207782080932e-05 -5.25456557748215e-06 -3.82869405347724e-05 2.16500641629537e-05 -2.66652285208139e-04 -1.68948434989245e-04 1.35414847462240e-06 -1.28212570532272e-08 -1.18410469162089e-04 1.50721782923888e-04 5.77601119735381e-04 1.02602440890826e-03 -9.62008872938964e-05 9.52595870263585e-05 -2.89628798218563e-04 -4.07634566715423e-05 -5.39756153524325e-05 3.17105926126773e-06 1.97504742129475e-05 -4.73980264256970e-06 -4.53599269984220e-05 -5.22165777802936e-05 -4.08465878598260e-05 3.27515789382081e-05 4.47898075631653e-06 -1.45722075980498e-06 -8.85682983104597e-06 -1.82857196697670e-06 -1.65523526029696e-05 7.39146991862369e-06 -1.39110411513367e-05 -1.73503285133765e-05 -2.23182742073586e-04 3.00042949989650e-05 -5.72296401555587e-04 -1.92485361627978e-04 -1.46296098762460e-04 -7.02830747575023e-05 -1.81221698038701e-04 1.88059872617431e-03 -5.46448341558496e-05 2.17953686788421e-03 -2.75245726184715e-04 -1.87447202685739e-04 -3.70571641155159e-04 -1.89415771999308e-05 5.13058357743480e-05 5.43181654864419e-05 7.68856258410392e-06 -6.03957497575157e-06 -1.56088093309715e-05 6.76830205039524e-05 6.25889580676671e-05 1.90601412074291e-05 -5.90448203183578e-06 9.79775878714182e-06 1.37822724248098e-05 1.24034121750399e-05 -3.47524545011708e-06 5.70723253825130e-06 -1.23739619693521e-05 -1.08982944923903e-05 2.46115427491134e-05 -1.14604565140652e-04 -3.23888140622687e-05 -4.53570494595070e-06 4.91206319659001e-06 1.14998856142475e-05 1.44772466597729e-05 5.86596251332804e-06 3.09422535622997e-05 8.82553537950892e-07 -4.63500820511889e-06 -1.25339402831018e-06 -4.84128711229871e-06 -2.10659061718747e-06 5.60986492258987e-05 2.69563234096393e-04 1.79062377274939e-05 1.65567128266704e-06 1.91606023923837e-05 5.64348827464511e-06 5.52103222434324e-06 1.70262373470771e-05 2.44447165937843e-05 4.83308902405947e-06 -1.77826587855547e-06 8.38777972958511e-07 2.33934838821216e-06 4.91125647929404e-06 -8.36730757156700e-05 7.90696110876818e-04 -2.51792458605583e-04 -6.24625804258206e-06 1.14356838898034e-05 3.29229274157060e-05 3.06249232709946e-05 1.14007004119499e-05 5.88779490569193e-05 -4.51255476786358e-06 1.12356571651299e-05 1.99002778697973e-06 -1.08915306760527e-05 -6.16857215888768e-06 4.38231367407559e-04 -2.09900384123207e-03 6.41220592685888e-04 -3.23223832232816e-05 -3.76977890300801e-05 5.05548228994775e-06 -1.09602556022043e-05 -1.93410526928383e-05 5.17703005655243e-05 -1.06400435681118e-05 1.76707709344192e-06 7.51484947532682e-06 4.17800437796200e-06 -1.03414207726133e-06
 -3.66959639828048e-05 -1.07488053469182e-05 6.07150460668911e-04 -5.63722574988879e-05 -3.28118490651526e-05 1.79837979176724e-05 3.49315550353106e-06 8.26852760481364e-04 -1.52512311990957e-03 -9.64669252984749e-04 1.47434233257407e-04 6.96032374479719e-05 -2.74885825658327e-05 1.47916708436061e-06 1.88009840247889e-05 7.69232856893038e-06 2.35772725633766e-06 -3.96907047490252e-06 9.63862259273847e-06 4.68164489044957e-05 3.47130419430214e-05 6.40462516882012e-06 -1.13992267464143e-05 6.06071928787320e-06 -3.16202740906169e-06 -1.29653974349453e-05 -4.61847260512333e-06 -1.32444708526480e-06 8.49508067153121e-06 -9.79240125868788e-07 4.31701316844487e-05 3.71810022007818e-06 6.06495299240834e-05 -8.99541310419517e-05 1.17482458239673e-04 -2.67619625881440e-05 -3.39325474580502e-05 -8.62473144575957e-04 5.10719026826485e-04 6.19072855881912e-06 2.45628899211810e-04 7.65634708363859e-06 -1.23907866505085e-04 -3.11429040925757e-06 -3.32176296993039e-05 -1.72084807730828e-05 1.85516073369179e-05 -9.96400441550706e-07 3.42213290769075e-05 -3.51186745260257e-05 -5.54697599332755e-05 2.21851267242612e-05 7.31035569275234e-06 3.82185428608313e-06 -3.40791314166208e-06 1.09418546569395e-06 -1.25332285929010e-05 3.49191621044241e-06 -1.00117403264233e-05 1.36732364634016e-05 4.42927943327129e-04 2.41845526255100e-05 -8.47773165362615e-04 1.45599271331902e-05 1.82371285405753e-04 -9.88364223323257e-05 -1.37939040525479e-04 -1.75014524885635e-03 4.48485239900812e-04 1.74158818875858e-03 3.32931828709340e-04 -1.48484380383052e-04 -2.42423966633007e-04 3.46448595614075e-05 2.51624642747011e-05 6.04168959496094e-05 2.53360045372717e-05 -8.82573616094286e-06 2.37393608294437e-06 4.81344705056794e-05 8.99340728504249e-05 3.06452427953947e-05 -1.26729890005019e-05 7.62502309725059e-06 8.41841510145574e-07 1.28672455872159e-05 4.95284189899266e-06 5.25076404743353e-06 -6.70340220626493e-06 1.03889506846157e-05 -1.97186478483466e-05 -3.29181407965750e-04 4.71001353246605e-05 6.41156303750925e-07 1.82440902893093e-05 -3.38203534477452e-06 1.59774121694639e-05 3.71190325115726e-05 1.93827809274096e-08 -6.41764197846692e-06 6.34513073504255e-07 3.06464937498596e-06 2.76708988160203e-06 5.41123507466153e-06 -9.06263722317764e-05 1.09784166872768e-03 -2.53324239389264e-04 1.78291286032933e-05 -8.52838104510778e-06 2.20727970503278e-06 1.88203451756792e-05 -1.46712282892507e-05 -1.06168871554386e-07 -4.78988005859086e-06 -2.14291126834986e-06 -4.96710666888960e-06 2.01644871337885e-06 2.33907046995491e-08 3.66468259085830e-04 -2.54470556567555e-03 6.67773744982071e-04 4.00536460108947e-05 -3.12840799791427e-05 4.85264726824289e-06 4.19331601531806e-05 -2.99652399635416e-05 3.94690386438388e-05 1.08695453203129e-05 1.99002778697973e-06 8.81677935640661e-06 -2.39973742886563e-06 -3.00301871353609e-06 2.67115481463087e-05 5.54846284056855e-04 -7.38607802310589e-05 -4.39286140296128e-06 1.29705407408131e-05 2.18764290737827e-05 -1.45796356958891e-05 2.34169355055069e-05 3.72793716347649e-05 3.56135017039673e-06 6.68592801611956e-06 1.04173394026541e-06 8.16916888959791e-06 -8.46518242672829e-06
 -1.68663621930858e-05 1.88910175818858e-05 3.41774744015724e-04 -1.59493228609800e-05 -1.24793608996871e-06 -3.68808721036201e-05 -1.72149361528299e-05 -4.76768759454108e-04 2.47191116356809e-03 1.70199788658553e-03 4.53529074381598e-05 -1.26128873868935e-04 2.24999948669321e-04 2.19093395261231e-06 -3.61927993515957e-05 2.83471809436889e-06 8.77498090816813e-06 8.26060693554082e-06 1.35929752249035e-05 -8.97368461783527e-05 -2.81206260257235e-05 3.55471509765641e-05 3.79878520838234e-05 -9.15120029161952e-06 -3.90631521584829e-06 1.80430006898745e-05 -1.49244548675799e-06 -6.65937253773289e-06 -1.46121089253229e-05 2.70214312490559e-06 3.92250670175299e-05 -3.65419741987339e-05 1.18023092200864e-03 -2.56514020259332e-04 3.78447841446539e-05 8.09232372234843e-05 8.99018445144587e-05 -4.10595107789582e-04 -1.85262043095078e-03 -5.58497725762052e-04 1.43177938843894e-04 1.78384718132909e-04 1.57620102315087e-04 2.03985009116445e-05 4.81029691853369e-05 1.47820629622990e-05 -3.65251741554584e-06 -2.72286772943396e-05 3.50605488420280e-05 4.68144627390881e-05 8.76692282416141e-05 -1.03322725562374e-05 -5.11395272866884e-05 1.38986392612227e-05 3.42484529125341e-06 2.08855645314033e-06 2.42163589432898e-05 -2.32577342422351e-06 1.09458350238745e-05 1.49647329364193e-05 3.96914700967985e-04 -1.61853321208157e-05 -8.05858186516031e-05 4.27631540921141e-04 1.41962311611378e-04 -1.00234051168791e-04 1.78826530796570e-04 -1.66488787526119e-03 1.53331295635729e-03 -2.85398451538231e-03 2.65906332407460e-04 -5.76966110001913e-05 3.78113517642059e-04 2.27550524084747e-05 -5.35838961317441e-05 -7.87182178542843e-05 5.16320018353854e-06 -4.16803298172007e-05 1.19304623919752e-05 -7.73221032527073e-05 -1.28674366234261e-04 1.69542208269811e-06 -3.32490036639828e-05 -2.27265465917895e-05 -7.20143268684431e-06 -2.34019056508447e-05 -1.02531375133978e-05 -9.66250807023807e-07 4.47229881600720e-06 9.43960802443380e-06 8.56504785348884e-05 -6.54705304207393e-04 1.42952031788230e-04 1.63052828210246e-05 -1.15061683305276e-05 -9.10585169243328e-06 -1.13492147306410e-06 -3.23319715612266e-05 -1.90157907613605e-05 1.57341943991434e-06 2.80178931069207e-06 2.78144481100227e-06 3.65881081595814e-06 -3.35607059875599e-06 2.92739363216115e-05 -3.18141478864853e-04 -1.97554000548661e-06 -8.02965388700284e-06 -2.93764779264569e-05 -3.75914606507469e-06 -5.65856594141895e-07 -5.54630462950142e-05 -1.79413931225096e-05 -8.65224008899301e-06 5.48385997808652e-07 -1.27472776234148e-06 -1.35020743510722e-06 -9.69933605740688e-06 1.29511973063620e-04 -1.50203520103470e-03 4.06685236435759e-04 2.30618066145603e-05 -7.43390077372513e-06 -4.36475886911255e-05 1.61757344853624e-05 -2.95960156992641e-06 -8.19610240409421e-05 3.93769241417152e-06 -1.08915306760527e-05 -2.39973742886563e-06 1.56868851239200e-05 -1.93564084001710e-06 -2.93898652806421e-04 1.20889162942159e-03 -3.57813216382268e-04 1.08825652533001e-05 3.55155934090843e-05 -2.19928263607380e-05 -2.00623113251134e-05 3.10232319334116e-05 -8.10206167194508e-05 9.22822997076348e-06 -3.31869168196346e-06 -8.51193306362239e-06 -1.00976710555926e-05 -6.57577772363192e-06
 -2.75630147009944e-05 2.25990356927293e-05 -6.37049761948784e-04 3.23042063639371e-04 -2.67317160223128e-06 -7.13642783129863e-06 -3.46031123915104e-05 -5.10488316383322e-04 1.23728969507169e-03 1.64549911178654e-03 5.88432379583413e-05 -4.31226992555216e-05 -3.17651587692911e-04 8.96758361800586e-08 -8.90692991712791e-06 -5.47369717406418e-05 1.03518150202072e-05 -1.51279796067072e-06 1.40508874456399e-06 -2.40021751347449e-05 -1.37785582730789e-04 4.06434620707019e-05 -3.54499651500813e-05 -5.65380219945787e-06 -5.61637711250885e-07 1.44924590481063e-05 3.30474069867217e-05 -8.15562148237596e-06 -2.98767394699426e-06 2.74880148194873e-06 1.56525071917056e-04 4.35931009769698e-05 -2.29239968958146e-03 8.35572450707379e-04 1.21866783172735e-04 -2.22659010870467e-04 -1.79661376011591e-05 -1.23380369755648e-03 3.14982265710244e-03 1.10098194042322e-03 2.56171202294974e-04 -6.91926324742277e-04 2.01203678913458e-04 8.89497789103081e-08 2.83247935295253e-05 5.38123203728343e-05 8.33492295839119e-07 1.04239800211322e-04 2.24857461731984e-05 9.68739101263524e-06 9.00108548560735e-05 -6.96952382263825e-06 1.16339283119405e-04 -5.24275337282172e-05 5.67230827919508e-06 -2.11163264181398e-05 1.08337040527041e-05 -2.81519530679638e-06 2.13992936115186e-05 1.55963997558139e-05 -5.05008808365576e-04 -3.07233250934329e-05 1.34579279775104e-03 -1.86529473910744e-04 1.24263998619410e-04 5.72712939311892e-04 1.49507087381413e-04 -1.29943521990998e-03 -5.23133617806868e-03 -8.49301247068824e-04 2.62005166226906e-04 9.04072571150478e-04 2.54556297677643e-04 3.07511163638088e-06 -2.30541345354579e-06 -4.27634164445628e-05 1.89656401153066e-06 1.38704298347907e-04 -1.65194631038955e-05 -9.32360391936790e-06 -4.74710743533993e-05 -2.95209443592363e-06 1.46279020300551e-04 2.99514658220519e-05 -6.56224951022504e-06 6.41828487198982e-06 4.77728336836574e-06 -2.63954189945426e-06 1.90984070427476e-05 1.41618453089851e-05 8.25379228005581e-05 -6.24091828540773e-04 3.07200304656010e-04 3.86237320522113e-06 4.07303179362535e-05 1.27559350744366e-05 -1.69641526970361e-05 8.79611984664629e-05 3.43936927539986e-05 -1.44055185104018e-05 3.60501940193910e-06 6.58018343607691e-06 -4.82754452577850e-06 1.30946055610375e-05 -1.69875021966224e-04 1.19495678790909e-03 -2.14254680105596e-04 2.28586299397995e-05 3.88514126386090e-06 2.81174390569957e-05 2.58337089616386e-05 4.23105036203477e-05 4.01462379052296e-05 -1.62725736228179e-08 -1.89434255739024e-06 -5.48019988909839e-07 1.07419886508069e-05 7.25700447695811e-06 -3.86473414162971e-04 2.43743676875795e-03 -6.34219774998617e-04 -6.80740697620927e-05 -2.50663740511326e-05 3.05689857401392e-06 -1.15044578141354e-04 -7.01527098989694e-05 8.30086128666762e-06 4.61393914561138e-06 -6.16857215888768e-06 -3.00301871353609e-06 -1.93564084001710e-06 3.50471271388329e-05 -6.63801225883637e-04 4.37203166222481e-03 -1.19533017661007e-03 9.45367726569366e-05 1.34990747292663e-05 1.97848377674673e-05 1.18860117598775e-04 -3.09251657254824e-05 1.50060455702588e-05 8.65239566018323e-06 -9.72275412547904e-08 -8.29408562459413e-06 8.00781524645927e-06 2.85421453020229e-05
 2.44078999825339e-03 -3.05863165921963e-04 -9.20030479811695e-03 1.38284122196619e-03 -3.20037452610086e-04 3.26713034799305e-04 -1.14847497714596e-04 4.02530063093256e-02 -4.16983673068278e-02 -2.71395376954769e-02 -1.30576438654625e-03 1.59450172947290e-03 -1.58577009396014e-03 -2.49304345666242e-04 3.53118758712884e-04 3.25863996449670e-04 -5.56726081754985e-04 8.43222616129581e-05 -1.58126077456392e-03 9.13886684375171e-04 1.65887937648758e-03 -2.23135018978852e-03 1.42513227055907e-04 1.88659855653608e-04 4.70615172855715e-04 -4.50679690775428e-04 -2.94199100658550e-04 4.29523104759532e-04 2.77860603732421e-04 -1.75073415302726e-04 -1.04458224089064e-03 4.22229817400311e-04 -1.07538635320326e-02 -3.71091989936286e-03 1.57176082874452e-03 -6.46349741188037e-04 -6.76785953909248e-04 -1.85133462713277e-02 -1.02951360681911e-02 -8.10838596381373e-03 -2.61833034970728e-03 4.48063196702323e-03 -5.25565811905064e-03 -2.64204040720873e-03 -6.58676553585122e-04 -4.32632108088283e-04 7.14404386281725e-04 -7.49298457831361e-04 -3.21343335823982e-03 -4.44128885759711e-04 -1.87416216777033e-03 1.13385789235466e-03 -6.19197894713587e-04 1.17760348180820e-04 -1.49262048529449e-04 4.51235450592434e-04 -4.98180811387330e-04 2.68138963184370e-04 -1.30383364052398e-04 -9.33860831318547e-04 -1.09615044985448e-02 2.46174925932054e-03 -1.08874006886597e-01 2.01003032801812e-02 -1.07706623739452e-02 -8.78737816766780e-03 -5.37766733160267e-03 1.26347506344666e-01 6.91683291552318e-02 5.28432290289711e-02 -1.83308889534324e-02 -1.20619778716405e-02 -7.40409209439702e-03 -2.38373630907471e-03 -4.40839865936347e-05 2.58775779630033e-03 -3.29522535791374e-04 -1.69728125119367e-03 -1.68360594782559e-03 7.14899495787056e-04 2.94464085333437e-03 8.90240492598642e-05 -1.63058217456562e-03 5.99905250001826e-04 6.11228389113852e-04 3.24790666248722e-05 -2.35680876323029e-04 1.00624320818879e-04 -7.88436099104211e-05 -4.00438038907918e-04 6.72422505318558e-03 -3.67531443066568e-02 6.25743184999403e-03 2.44402350577654e-04 -1.57850197283763e-05 -2.75408891616718e-04 5.38556968554968e-05 -8.21061446016514e-04 -1.95699840622986e-04 1.69754179127228e-04 -3.66149849088410e-05 -1.12329485972861e-04 2.12285368268622e-05 -1.62561981284921e-04 -9.83601404950060e-04 2.52792278303486e-02 -4.28379747454553e-03 1.46954343155096e-04 1.34304678660441e-04 -1.45650037714103e-04 4.12071457405736e-04 -2.83201914113034e-04 -2.57452162728968e-04 -5.51563655963644e-05 -3.28683434551077e-05 3.63701848815935e-06 -6.78768854896653e-05 2.22001872761195e-04 7.35993686029169e-04 1.26863724974020e-02 -1.66608925802191e-03 6.91124208228002e-04 1.02118558666251e-03 9.43656122666407e-04 2.43679574035754e-03 1.66464929954240e-03 9.82533743689774e-04 -3.56788332587994e-04 4.38231367407559e-04 2.67115481463087e-05 -2.93898652806421e-04 -6.63801225883637e-04 3.38028316155706e-02 -1.99582154261345e-01 5.72868504185332e-02 -3.30722999856181e-03 -2.06539050478913e-03 -7.50029088044024e-04 -2.15639424439954e-03 -5.89865579320106e-04 7.24997729730414e-04 -5.49446687451864e-04 -8.38398733723732e-05 3.72997373771595e-04 -1.27552089966172e-04 -4.09365901540272e-04
 -2.36780625238781e-03 7.23598366666277e-04 -7.32202129850428e-02 9.81820182354922e-05 -9.45415565896192e-03 -1.32618114819423e-04 2.31095208339573e-03 2.16487162912644e-01 1.35490843834652e-01 6.11905788689364e-02 4.43557818779685e-02 -3.04396306981840e-03 -9.65198387735508e-03 1.67096454007662e-03 -2.87523342067472e-04 -2.32672221198970e-03 1.06515840275086e-03 -6.78697565324879e-04 1.04519190159469e-02 -1.03360780174207e-03 -8.01350057284616e-03 3.34456319516309e-03 -2.73075143160902e-03 -7.12810465894477e-04 -3.16998485638803e-03 1.96581294165842e-03 1.82244931636023e-03 -6.98282897554689e-04 -8.73580896209284e-04 -1.60294448007870e-04 -8.91385833945699e-04 1.64237614611387e-03 -8.97535228167151e-02 5.03849632740472e-02 6.32416632486995e-03 2.37788067064601e-03 -2.22351326339617e-03 6.63845227588304e-02 1.27251791483577e-01 9.27932697534086e-02 3.84466101970859e-02 -2.91119325414714e-02 2.17633673470930e-02 1.13829955349177e-02 2.47342756756293e-03 2.78744731192816e-03 2.84082109560826e-03 5.15207377287408e-03 2.18663339344041e-02 1.65346592485455e-03 7.08136585689406e-03 3.53845363111920e-03 5.98290840269122e-03 -2.28016715239748e-03 -2.06422819127727e-03 -2.32783687049169e-03 1.29891282710673e-03 5.67294747126626e-04 6.12308484380486e-04 5.86143066769143e-03 -2.85414648190596e-03 -1.29118076978216e-02 6.20192470002882e-01 -1.33694496850073e-01 8.71393935460300e-02 5.97493696773689e-02 2.33046114702940e-02 -9.06551458935637e-01 -4.93646472147171e-01 -1.77887363148968e-01 1.43474648035857e-01 7.59150419509408e-02 2.43717598285013e-02 2.25016251637562e-02 2.48077161625179e-03 -1.16790293711402e-02 1.00534451966141e-02 1.22192187576199e-02 1.19096772495568e-02 -1.35014217610778e-03 -1.27900563852866e-02 1.06124819575945e-02 1.14481540004397e-02 -1.94102437491904e-03 -1.14862980188812e-03 3.92050561896834e-04 1.54033761183559e-03 1.81291678502609e-03 5.60125072129617e-04 2.13447258844380e-03 -4.11648807426332e-02 1.03093030480593e-01 -2.26894960314693e-02 -4.39439558831483e-04 1.99020681584948e-03 2.51677836081882e-03 5.70907663581301e-03 1.01906141615094e-02 3.82027293989971e-03 -1.52577255598726e-03 -1.50986413768518e-04 1.23733737240922e-03 -2.73333076492167e-04 1.22662892464247e-03 2.75333551756566e-02 -1.02571713089094e-01 3.82852268107924e-02 -9.21185377795718e-04 2.56566617786001e-04 4.46779690539111e-04 2.29175506944324e-03 -4.01626126455416e-04 2.06315702831233e-03 2.35561197330941e-04 2.33989289563884e-04 -6.15739381557948e-04 6.35985407647997e-04 -1.20613804908782e-03 1.00072863583076e-02 -2.64168865402690e-01 3.87116538790007e-02 -2.82605719204287e-03 -8.48474720499684e-03 -4.17427889711672e-03 -1.09083233521262e-02 -1.36979463856245e-02 -2.91176207949766e-04 2.62228948289909e-03 -2.09900384123207e-03 5.54846284056855e-04 1.20889162942159e-03 4.37203166222481e-03 -1.99582154261345e-01 1.37339391227238e+00 -3.67744917487693e-01 2.16406907807188e-02 1.30006892766716e-02 6.08399747087836e-03 1.89502897970442e-02 6.99587963386097e-03 -1.10358812743787e-03 3.71968683510054e-03 8.23892703226262e-04 -2.44203447737055e-03 1.62012063290333e-03 2.68514257937952e-03
 9.44177592904224e-04 -3.78197131247550e-05 3.28771864120966e-02 2.05407808425693e-03 6.47717528791729e-04 -1.65931246456397e-04 -1.18444947961561e-03 2.63024720693194e-02 -2.97363488488927e-02 -6.86990084547130e-03 -6.52883253962970e-03 3.10944442307896e-04 1.15829106200412e-03 -4.21762272816127e-04 -8.72123803052365e-05 3.42906819961877e-04 -8.11268263269492e-04 1.89110605829370e-04 -2.69987447675509e-03 -1.39545891127043e-04 1.55966614542739e-03 -3.14569050927732e-03 5.96400529474873e-04 1.76394762751577e-04 8.09409695676849e-04 -5.14468546960341e-04 -3.38485988481074e-04 6.09182591371306e-04 2.92954921425404e-04 -2.01315534441362e-04 3.70219412100538e-04 -4.10518471252450e-04 2.06743072101266e-02 -1.35202012163774e-02 -5.11022802252707e-04 -3.36047836569350e-03 5.37663077546962e-04 -1.03048610446239e-02 -1.24123740798843e-02 -1.83702408287986e-02 -9.80337431624752e-03 3.74115733383493e-03 -6.48459140735433e-03 -3.86215521200323e-03 -7.80528861977119e-04 -3.68246292597214e-04 4.35314244046451e-04 -7.58594681475727e-04 -5.78386914158301e-03 -7.98876494217778e-04 -1.24139913405514e-03 8.83357662925397e-04 -1.02659455378029e-03 3.74124669275866e-04 -3.43458851006734e-05 5.17579274036265e-04 -2.74353244991263e-04 2.53584632667254e-04 -5.82785690888024e-05 -1.74117606519212e-03 -2.62654227858195e-03 4.21489034820247e-03 -2.07737910754914e-01 4.71466106928564e-02 -2.14029839630078e-02 -1.62339854256818e-02 -7.02327400973828e-03 2.37370997065640e-01 1.25428490506293e-01 5.45599722836130e-02 -3.65343310642557e-02 -1.80905953327666e-02 -6.28775100775847e-03 -4.75084413449935e-03 -7.92533413611699e-04 3.69454523236314e-03 -1.37097886138233e-03 -3.03150778072224e-03 -2.70129328680852e-03 6.16479261239322e-04 3.89552608216146e-03 -9.18538069527388e-04 -2.58696762418001e-03 8.81185100188073e-04 8.26367349661993e-04 -3.01934996254218e-05 -5.03477403240125e-04 -4.43673950189063e-05 -9.83658795320183e-05 -7.97002936189225e-04 7.07692489913019e-03 -2.34708400371106e-02 1.43270725422992e-03 -1.66269699084917e-04 -6.21089590742329e-04 -3.39719384920530e-04 -1.17670092108278e-03 -2.19839154249707e-03 -5.83936385347683e-04 4.63754184319431e-04 -3.36412646826904e-05 -2.75285606846571e-04 -1.74624614218606e-05 -2.45355083183575e-04 -4.57496721400034e-03 3.83932690207416e-02 -9.13535954780923e-03 3.82173645745885e-04 1.68339016009710e-04 -1.89048914825152e-04 7.48938146541086e-04 -3.10802447342178e-05 -5.75016907931320e-04 -4.00021283512761e-05 9.76461152569828e-06 1.13469708055995e-04 -1.50302006629042e-04 4.69614654066131e-04 -1.19805298374640e-03 3.93126241055079e-02 -4.51287308119454e-03 1.13416157245853e-03 2.01918046117170e-03 1.23053060761821e-03 4.08147298502628e-03 2.95627550375800e-03 4.36224915364286e-04 -6.50861984369780e-04 6.41220592685888e-04 -7.38607802310589e-05 -3.57813216382268e-04 -1.19533017661007e-03 5.72868504185332e-02 -3.67744917487693e-01 1.04041187685749e-01 -6.05735775819675e-03 -3.78829640872597e-03 -1.74673862930484e-03 -4.65727187517727e-03 -1.92804010232712e-03 1.65000287919884e-04 -1.07993493426355e-03 -2.55979872445594e-04 6.57242128216263e-04 -4.32293053608306e-04 -6.95609937394514e-04
 -2.35327750063676e-05 1.56056373269574e-05 -3.70943163798865e-03 2.29973732066466e-04 -5.77424487423991e-05 -1.16793424895307e-06 5.04827939429420e-05 -8.86331894355840e-05 3.09319844601390e-03 1.35409583247229e-03 3.89416097867149e-04 -6.95649078466772e-05 -4.58077503397237e-04 1.81417597835200e-05 -7.27122363348138e-06 -6.96819906214607e-05 3.17350363983844e-05 -1.15318280813371e-05 1.16589829086193e-04 -2.42790907300972e-05 -2.00189551539673e-04 1.19136999534576e-04 -7.19083882257357e-05 -1.61195293810931e-05 -3.51006595247116e-05 4.44264072817631e-05 4.82189117443319e-05 -2.36400489439511e-05 -1.70213319661794e-05 6.20238225777571e-06 8.58795761215184e-05 7.82192660388359e-05 -3.58331103878351e-03 1.51197700689317e-03 1.04773513469488e-04 -2.59132752799456e-05 -7.69519194745723e-05 -9.53159574895697e-05 3.68898865734767e-03 2.45232681792916e-03 5.52220440668033e-04 -8.18499559093930e-04 4.86284329904432e-04 1.51083918370544e-04 6.72154030157040e-05 7.79866924972213e-05 1.78396170944748e-07 1.38529644658449e-04 2.57704405364269e-04 5.96629245216470e-05 1.53737504523540e-04 -1.41401788164821e-05 1.67271149206441e-04 -7.61263230010911e-05 -5.04563032931466e-06 -4.60678135138878e-05 2.21875032024019e-05 -6.26669946489957e-06 2.51316677437002e-05 7.98083294831123e-05 -1.76001498165702e-04 -2.47186986717925e-04 1.25415538583765e-02 -2.79257538147891e-03 1.00461207046860e-03 1.44688036634148e-03 5.13915341526727e-04 -1.07926515578706e-02 -1.20296240841497e-02 -3.72034401259502e-03 1.71443344470632e-03 1.82546584726191e-03 5.52769074871249e-04 2.21855629498114e-04 4.55127157662543e-05 -2.50625149092737e-04 7.95749179430140e-05 2.97526258359005e-04 1.09782238958630e-04 -4.75152861339124e-05 -2.84452568483778e-04 6.49739553756254e-05 2.85002361958937e-04 -1.53656583499611e-05 -3.08230854371306e-05 3.42343860289812e-06 2.56345590459251e-05 6.62409681988700e-06 2.38693972128138e-05 3.69923773129726e-05 -2.74671943558700e-04 4.51025614270246e-04 1.81197986748092e-04 9.90849301892743e-06 6.05964267040156e-05 3.97758412026666e-05 5.50800472929374e-05 1.82034923279269e-04 8.38610049905464e-05 -3.24623442331520e-05 1.40609751396074e-06 1.82091680601369e-05 -8.66050414864010e-06 1.95963922264984e-05 1.89407047038412e-04 -1.10646266324109e-03 4.37701561394228e-04 -7.05423297282547e-06 1.26834080584808e-05 3.54958536158197e-05 -5.81791840400862e-06 5.53665327115761e-05 7.82479023749740e-05 7.88324982774601e-06 -8.90360150888612e-07 -3.83054787614157e-06 1.75492153191829e-05 -1.28971692425084e-05 -7.33962398042856e-04 2.94123440347796e-03 -1.17546852479567e-03 -1.65194246459019e-04 -9.22950898086744e-05 -3.95345581725773e-05 -3.26683183863104e-04 -1.92735548707400e-04 -3.30734856464940e-06 2.52912758909463e-05 -3.23223832232816e-05 -4.39286140296128e-06 1.08825652533001e-05 9.45367726569366e-05 -3.30722999856181e-03 2.16406907807188e-02 -6.05735775819675e-03 3.89689699150804e-04 1.73512532003175e-04 9.19446070643650e-05 3.79946361042141e-04 4.58542023807418e-05 5.91182218953373e-06 5.43358726546516e-05 7.36477390461374e-06 -3.87405889159882e-05 2.59485299761826e-05 7.07409215880111e-05
 -6.28931154132080e-05 2.09232849267817e-05 -1.02970347617459e-03 -2.94939517886115e-04 -4.39356069959138e-05 3.24531210228144e-05 4.47421164826106e-05 -1.78139109421876e-03 -1.39313173073189e-03 2.30403187898121e-03 4.36740587233234e-04 9.20032433441994e-05 5.72710194883330e-04 1.76241263669199e-05 3.09599095732036e-05 3.08756008473338e-05 5.38188318915477e-05 1.23232510946452e-05 1.12889587624903e-04 7.97066374112646e-05 -9.13738305734164e-06 2.12621690828614e-04 8.10803370771177e-05 3.66403430911773e-06 -3.39657449866303e-05 -4.00013113696678e-06 -1.47794110463841e-05 -4.02874735978257e-05 -3.72132880729701e-05 1.38492938196395e-05 2.83544429387261e-05 -5.64749324261976e-05 1.38119102349764e-03 2.27406847758791e-04 3.01761620878661e-04 4.65686527515183e-04 2.91517922768544e-04 -2.43451678078502e-03 -5.08042159844763e-03 -4.28528842043987e-03 1.02035637587108e-03 6.16828554959403e-04 6.85650107624363e-04 1.50684573321657e-04 1.13797567110455e-04 -1.20359624112927e-04 -6.77747415440860e-06 -1.19255648926310e-04 2.87457695632106e-04 1.53323955619557e-04 -1.27833269935245e-04 -3.66871486253720e-05 -1.20867816841820e-04 5.87461302145513e-05 1.40949850045539e-05 3.27011618963105e-05 4.40146072633201e-06 -1.23560067347413e-05 3.52457350033914e-07 1.05255237135514e-04 -7.93740085853742e-05 -1.79393979296247e-04 7.36468120140438e-03 -1.40280800779106e-03 1.15546774686232e-03 -1.06026341494915e-05 3.75202189724669e-04 -1.27571812393647e-02 2.89496594682318e-03 -3.96102049332690e-03 2.08310436253686e-03 -2.44573051015581e-04 5.08801839164953e-04 2.08081364599850e-04 -7.67644727195440e-05 -1.33751298872332e-04 6.81181390765471e-05 -5.86622087053376e-05 8.67883292611231e-05 -1.47636165940852e-04 -9.27249500403605e-05 4.35560736620608e-05 -1.09044847348533e-04 -8.27497755741320e-05 -4.41854887231855e-05 -2.65807399033848e-05 3.61184810671561e-05 -9.62892615298476e-08 1.14706193645559e-05 6.42091335320725e-05 -3.83816598297022e-06 -1.97167079474435e-03 5.56118892086359e-04 6.04868142732119e-05 1.82631831393637e-05 -6.71960121599827e-05 9.64794213751234e-05 3.59555844425204e-05 -1.25496985300352e-04 -2.12070975903816e-05 1.48306494892605e-05 1.27311042164536e-05 3.20383311058033e-05 7.85942190305813e-07 -9.39843053717714e-05 -1.89087462705377e-04 -1.75338023932624e-04 -1.02418095815939e-05 -9.80293939101226e-05 -4.08859009126664e-05 -5.16349377388831e-05 -1.54733091415818e-04 -1.10114815751779e-04 -2.79835183159641e-05 -4.06459478478225e-07 -1.84839866740491e-05 -1.14075787546715e-05 -4.19299132033904e-05 9.97988220640690e-04 -8.31104413513119e-03 1.98862520972393e-03 9.00566822888344e-05 -9.11968664408449e-05 -1.08493378442966e-04 -4.60590670467826e-05 -6.04044746394638e-05 -1.07259261272034e-04 3.61977558426181e-05 -3.76977890300801e-05 1.29705407408131e-05 3.55155934090843e-05 1.34990747292663e-05 -2.06539050478913e-03 1.30006892766716e-02 -3.78829640872597e-03 1.73512532003175e-04 2.32600331615650e-04 4.96768227943502e-05 7.47702573580314e-05 2.24454692090256e-04 -9.41850051450117e-05 6.39021389959526e-05 1.17137833366135e-05 -3.26390053468132e-05 7.79367068768088e-06 -1.94829274848071e-05
 -1.66098550388475e-05 -5.43833294052107e-05 3.76393672198544e-04 -1.33547538606383e-04 4.30173605428110e-05 9.95790707540126e-05 5.47187957577813e-05 -3.27030417906777e-03 -6.49762111900115e-03 -4.86338803556029e-03 -2.11914171038328e-06 3.36240257888124e-04 -4.50969007519518e-04 1.08959587027104e-05 9.72398383221887e-05 6.75361529748970e-06 3.70972323509921e-05 -2.60440915171632e-05 7.32852669345730e-05 2.40030219532808e-04 9.73729950259559e-05 1.49599534878703e-04 -9.96975306028027e-05 2.37039949635974e-05 -2.21586317849802e-05 -4.62298944379390e-05 -1.82148025274068e-06 -2.88057466495393e-05 3.85736003673066e-05 1.21441034193061e-05 5.02027993774689e-05 7.75891272988109e-05 -2.27310844859135e-03 4.65697521445430e-04 -3.60878279950992e-05 -1.17094901465029e-04 -2.54121287568739e-04 3.29077519312004e-04 4.31557835330406e-03 1.56919568884289e-03 2.06692786386727e-04 -3.28821089055672e-04 -4.50813367437425e-04 1.35163856296275e-04 -1.41270907836511e-04 -4.31553069447969e-05 -5.08273701785013e-05 5.63135383667004e-05 1.59330479388492e-04 -1.46904030212920e-04 -2.24322301651027e-04 -7.85915967352658e-05 1.14273419266589e-04 -2.24734143257581e-05 1.91241050360747e-05 -1.26133933433958e-05 -6.04465881411990e-05 -2.07417688348053e-05 -3.95402711236781e-05 4.87478587507075e-05 -8.01052430253989e-05 3.34503787734201e-06 1.97630562834220e-03 -1.52357409811068e-03 5.21886090490934e-04 2.49213515363759e-04 -4.67228335070609e-04 -6.20763195024870e-03 -3.88848633831304e-03 7.43445008403032e-03 9.28901632857305e-04 9.83254370165538e-05 -1.04786477401624e-03 9.29751723492899e-05 1.61589689469068e-04 1.90332373858296e-04 -4.68837824310548e-06 1.03487264222448e-04 5.66503538951616e-05 2.23909164790695e-04 3.28167403074568e-04 -3.36915416089178e-05 7.33804324668668e-05 3.82433596421851e-05 -3.81849247943857e-05 6.61641167214542e-05 3.38711586226002e-05 -1.21355044327172e-05 -2.16557011724133e-05 2.82544241153648e-05 -3.06462209164519e-04 2.53026657533009e-03 -3.43306408619262e-04 -3.37223005554544e-05 6.17249893160799e-05 1.41923867218047e-05 2.38098631997123e-06 1.33435076653666e-04 3.65394313753842e-05 -2.11195568539062e-05 -1.86825023497707e-06 2.11171093616365e-06 -1.21812187535063e-06 2.31322464641324e-05 -1.09607702578641e-04 1.70580001438229e-04 -1.05023498534668e-04 2.74861362665707e-05 3.78195658092448e-05 1.94086347986058e-05 -3.78212433564967e-05 9.75761119162512e-05 5.64534278344106e-05 9.61826884214158e-06 -7.35279589054101e-06 -4.18574492535927e-06 9.53596145315763e-06 3.95861007016780e-06 8.58784725757429e-04 -3.90275945413868e-03 1.14169294944038e-03 3.56133323291932e-05 -1.05372484387504e-04 4.39301946948869e-05 -6.15281710004760e-05 -9.72943633286960e-05 1.96380475633108e-04 3.21090023770951e-05 5.05548228994775e-06 2.18764290737827e-05 -2.19928263607380e-05 1.97848377674673e-05 -7.50029088044024e-04 6.08399747087836e-03 -1.74673862930484e-03 9.19446070643650e-05 4.96768227943502e-05 1.29725051231282e-04 3.60098653199725e-05 1.75626938478895e-05 2.25316552807283e-04 1.57488581108194e-05 3.01027396737303e-05 5.60050409059104e-06 4.40100755211284e-05 4.78092859947686e-06
 3.48124186781090e-04 1.12274353726267e-04 -6.40170069734848e-03 1.17266565257280e-03 -3.83917783422405e-04 1.10808771713749e-04 -7.40744991986601e-05 1.61293774491806e-02 -3.58980818984116e-03 8.92312692746164e-03 1.17981855713260e-03 2.92007705869483e-04 -8.54434544612058e-04 1.18259958870052e-06 1.03874140057982e-04 -1.95370933541368e-04 -8.94817477812124e-05 1.31100278169330e-05 -5.26132215404522e-06 2.58234712282440e-04 -5.60022308010653e-04 -3.87020089879098e-04 -4.98189449494374e-05 6.99398550331695e-06 -1.13177448356086e-06 4.08669646643403e-06 1.17373931637238e-04 7.19013947008319e-05 -5.17741269209973e-05 -4.45223467785093e-05 8.00200084425663e-05 1.95230281744083e-04 -1.20846394257410e-02 5.03348882831231e-03 5.64926274124980e-04 -3.13473290427218e-04 3.45155519654514e-04 -1.79892821771426e-03 6.99922137804547e-03 -3.28706761569271e-03 6.69164920190119e-04 -2.14586854686342e-03 1.85791164718341e-03 -2.05643057767083e-04 2.70322663184181e-04 -2.66582498367286e-05 2.51189672927567e-04 2.52850080255507e-04 2.02559453835660e-05 2.80288013886716e-04 -7.77221035451821e-05 3.65877536825054e-04 3.65058920529376e-04 -1.55131914740649e-04 -1.05050330069412e-04 -5.98700536651013e-06 -1.15137228730172e-05 7.89967022709405e-05 8.59618374772849e-05 -1.03540647622846e-05 -5.27076412706979e-03 -3.25734395351777e-04 1.41752833854225e-02 -3.02841581618650e-03 5.14046284347495e-04 2.38144169150313e-03 8.90043142029803e-04 -1.98497442029680e-03 -1.75283804823577e-02 -4.50974078886270e-03 6.79821152686539e-04 3.26428553195085e-03 1.26378758786446e-03 2.16915620437042e-04 -1.00001550294114e-04 -1.82255952072539e-04 2.63433075729064e-04 5.14785359615237e-04 1.98105549286947e-05 -1.88450837905821e-04 -1.75962558429544e-05 3.60141101094215e-04 4.47653766499088e-04 5.68675898296523e-05 9.81155161057352e-05 1.51808818996876e-05 9.74300683003640e-05 8.00159626729528e-05 1.11068098970519e-04 -2.11423368886904e-05 -4.08047831079776e-04 -4.39055499179643e-03 9.10034979075534e-04 4.37081163654445e-05 7.80892476826040e-05 1.20456379270366e-06 2.19666483166765e-04 3.46679407247682e-04 -1.87304831701437e-05 -3.69635450826375e-05 7.96261718809339e-06 2.09073766261433e-05 6.21500828152381e-06 1.70204798797503e-05 2.08961061367233e-04 2.37165068698069e-03 6.26957669769453e-04 -3.84382235059202e-06 5.54749564444272e-05 -3.97430463386189e-05 1.59890853682896e-04 1.12496715353617e-04 -9.15950122274118e-05 1.84201653160496e-05 2.17319449744515e-05 -1.47286206631169e-05 -6.20036013106332e-06 2.21191184546595e-05 -2.54779700240582e-03 1.17547686930518e-02 -4.26056797346650e-03 -3.32293185903090e-04 4.21691830151906e-05 6.91382862385995e-05 -4.16289800816176e-04 -1.52680732054298e-04 6.76478698423465e-05 -2.56981653739190e-05 -1.09602556022043e-05 -1.45796356958891e-05 -2.00623113251134e-05 1.18860117598775e-04 -2.15639424439954e-03 1.89502897970442e-02 -4.65727187517727e-03 3.79946361042141e-04 7.47702573580314e-05 3.60098653199725e-05 7.49326983009035e-04 3.40428807403413e-05 -2.02112006307889e-05 3.53958434702446e-05 -2.81277188867324e-05 -3.64547275589553e-05 2.22708004230834e-05 1.19788841184330e-04
 7.31594337956366e-04 -2.53408209127935e-05 -7.12415676051219e-03 -3.63323134145081e-04 -2.21543981860104e-04 9.09373961958207e-05 1.54620162730374e-04 5.70120959937174e-03 -5.48199508108479e-03 -1.21925824846503e-03 9.72902763861479e-04 3.10353906480615e-04 6.09832583319104e-04 9.04956499593225e-06 8.78649876024275e-05 1.04436171811141e-04 1.13704507278155e-05 2.89190664792166e-05 5.93160649580470e-05 2.22986159676197e-04 2.35311800759401e-04 2.99622397935024e-05 1.39908964348933e-04 1.95466660842016e-05 -1.85263949988677e-05 -3.56984543143966e-05 -6.78584712391712e-05 -5.12314329657960e-06 -3.13359352594669e-05 -6.39687196573090e-06 -9.79757201651974e-04 2.49185031322936e-05 -1.53456975322568e-03 4.00271794192409e-04 7.40188863680005e-04 1.04966642420610e-03 2.61988969202538e-04 -5.51075318501566e-03 -1.17867490121764e-02 -6.42220145136643e-03 1.57437123829430e-03 2.03486172136238e-03 4.50089221401528e-04 -2.82517138220411e-05 1.36541481478722e-04 -2.05681510872125e-04 1.26954803512265e-04 -3.37138482039390e-04 2.10543844171755e-04 2.48927581614591e-04 -3.84726610070387e-04 1.50717401514225e-04 -3.14442316694295e-04 9.58613308732151e-05 -2.43961492757841e-05 1.08103841998822e-04 -5.84931927020499e-05 2.75884619291360e-05 -1.52220068798196e-05 8.92132937638024e-05 -3.02758017744640e-03 -1.11372592072471e-04 5.41569420288707e-03 -1.51529939018802e-03 1.15958805106702e-03 -6.68037391600930e-04 1.60599202328510e-04 -1.10773623217719e-02 1.06223692387169e-02 -2.08618054920092e-03 2.08467310188535e-03 -1.65207206047300e-03 -2.27754458883406e-05 2.23284006870440e-04 -9.60661520851110e-05 -5.12330926181990e-05 1.70032800102199e-04 -2.61556660060070e-04 2.17956139864844e-05 -1.94723114865576e-04 -1.07448486668332e-05 1.99101539249068e-04 -3.52904685106563e-04 -9.90043275632982e-05 9.76190788970475e-06 -6.23573560749176e-05 2.54179350739590e-05 3.52680448609089e-05 7.63756811048823e-06 6.03010558372772e-05 9.54807569353680e-04 -9.64222874795495e-03 2.13429387218269e-03 1.78763971970474e-04 4.10744998053738e-05 -1.25555355550494e-04 2.86620139878134e-04 -1.56760216684392e-05 -1.72895967825511e-04 -2.18841791353690e-05 1.22852656231053e-05 1.77614599406100e-05 5.09528703355698e-05 -2.85426619643758e-05 4.89171464843267e-04 -4.07865144074252e-04 2.35093970340534e-04 -6.45126954757739e-05 -1.29401023320952e-04 -9.17949612575628e-05 -6.40753034147713e-05 -3.39865473040898e-04 -1.81511203564811e-04 -4.89466825357396e-05 -5.29571694915849e-06 -3.30020101897319e-05 -2.35925791028775e-05 -6.51702369631788e-05 1.58640816922042e-03 -1.27681456276638e-02 2.79522092773564e-03 1.84188801399551e-04 -5.64763042078110e-05 -9.02147435774877e-05 1.42386003135556e-04 5.95071026089931e-05 -5.93192820887796e-05 2.15254027521327e-05 -1.93410526928383e-05 2.34169355055069e-05 3.10232319334116e-05 -3.09251657254824e-05 -5.89865579320106e-04 6.99587963386097e-03 -1.92804010232712e-03 4.58542023807418e-05 2.24454692090256e-04 1.75626938478895e-05 3.40428807403413e-05 3.92802494126933e-04 -8.77012510002240e-05 6.82023368844761e-05 1.24299620267131e-05 -2.90922411177229e-05 4.91673129923423e-06 -6.13181547963922e-05
 2.41933844208114e-04 -1.86242708030586e-04 -4.17007621854728e-03 -2.37835561483375e-04 1.17438654881277e-04 2.07489499068516e-04 2.18560994534849e-04 -5.37033820014760e-03 -1.42144606639171e-02 -1.61170474725471e-02 -3.11928112084493e-04 7.18977642522957e-04 -1.52375523037895e-03 -1.48702187745534e-06 2.01786657144024e-04 4.19458650685451e-05 3.71907779815568e-05 -6.46484939948043e-05 5.01789384180897e-06 4.96240083996238e-04 3.91111841189771e-04 1.51750541114401e-04 -2.73408390494385e-04 5.36570253882952e-05 -1.50557030727011e-06 -1.07521804771123e-04 -2.59502900423642e-05 -2.94172781512066e-05 1.17290829622693e-04 1.50147850795717e-05 -3.97623417720775e-04 2.23617933125276e-04 -4.70034632355398e-03 1.22581330590666e-04 -2.58226953123380e-05 -4.04465318301971e-04 -8.22578860770925e-04 -6.14544546551937e-04 1.09232210410792e-02 6.43706833040990e-03 3.62605311127958e-05 -4.74261715172134e-04 -1.74997212932136e-03 6.37699404668413e-05 -4.16402837097158e-04 -6.79586044326145e-05 -7.68614852187960e-05 1.21175236572055e-04 2.41000355556039e-05 -3.93586585298713e-04 -5.42031861162483e-04 -1.14168117103193e-04 2.49878124354113e-04 -6.64817978976110e-05 3.97827142729224e-05 -1.86875028735984e-05 -1.62372956916337e-04 -3.05796277486289e-05 -9.95676057337165e-05 1.39813202432286e-05 -1.04101128698523e-03 1.69337698732589e-04 -6.40039590961466e-04 -2.80754999254129e-03 -1.20653313880427e-05 2.38947755155485e-04 -1.42617478665471e-03 -5.22839480445386e-04 -7.64035465760592e-03 2.02352546108191e-02 7.95477934396183e-05 -3.77166550450023e-04 -2.98379525188349e-03 -6.42153010381187e-05 4.28271603551764e-04 5.08785081615668e-04 -8.00749514729047e-05 1.74465197688610e-04 -4.92815736462373e-05 5.70778176226838e-04 7.39796081431697e-04 -1.18338126862816e-04 1.38201218276736e-04 1.31499175445469e-04 -3.70758539490007e-05 1.44233069850339e-04 3.09693755643851e-05 -2.88540727475570e-05 -6.70723877979239e-05 2.10307842350048e-05 -7.36029184159898e-05 3.51126691966168e-03 -4.29175192346834e-04 -7.99364181523477e-05 1.42563197568431e-04 5.43566244990814e-05 -4.05738876985268e-05 2.25774837079549e-04 1.78266296452942e-04 -3.40081774844231e-05 -1.39426053891689e-05 -6.21802008313811e-06 -2.07925090523956e-05 3.86333145640547e-05 -4.45843357832669e-04 3.17809365022492e-03 -8.27727183422258e-04 9.53206712303539e-05 1.15045253705109e-04 8.20128801190262e-05 -4.74919815960833e-05 2.41194443419161e-04 2.21460183361366e-04 2.50381162486486e-05 -2.56215829700066e-05 -2.46544272157243e-06 3.26303173622602e-05 3.48838349850309e-05 9.55715627982152e-04 -5.22164949830015e-04 4.66053871334239e-04 3.44254586854834e-06 -1.17626980268371e-04 2.03046099549354e-04 -5.10846294114967e-05 -8.45987799117767e-05 5.40982359756430e-04 2.94470766541587e-05 5.17703005655243e-05 3.72793716347649e-05 -8.10206167194508e-05 1.50060455702588e-05 7.24997729730414e-04 -1.10358812743787e-03 1.65000287919884e-04 5.91182218953373e-06 -9.41850051450117e-05 2.25316552807283e-04 -2.02112006307889e-05 -8.77012510002240e-05 5.95152570854049e-04 -1.87121447037695e-05 5.70530332492019e-05 4.14635961364590e-05 8.78091078466410e-05 8.09393204116577e-06
 6.63089897298053e-05 9.19754089743758e-06 -1.41332350278488e-03 7.30122510973266e-05 -1.05077529679329e-05 9.19676876442792e-06 7.05471510639687e-06 -7.84785973865830e-04 -2.22745256127593e-04 8.57174457411241e-04 1.32161097726458e-04 2.29123964647099e-05 2.44707502452855e-05 4.13442870699992e-06 7.71515203693449e-06 -3.74107713234059e-06 1.89927439871806e-05 6.63601527406052e-06 2.75947447249375e-05 1.95297410698237e-05 -2.11397117153738e-05 7.57112277128501e-05 1.89465567111596e-05 3.33685270620278e-07 -8.27210492311900e-06 9.13885080150690e-07 1.30907688801729e-06 -1.43940857454698e-05 -9.69802423094190e-06 5.13095724989654e-06 -3.12172268644867e-05 1.52406907695171e-05 -1.01253795051727e-03 3.85070758909162e-04 1.37504744075570e-04 1.06510050915907e-04 6.48030912856671e-05 -1.27918585749532e-03 -1.15317610098910e-03 -9.57546173487510e-04 3.88152630500102e-04 1.05087924448008e-04 2.05456895218847e-04 3.63847481567982e-05 4.60924023479561e-05 -1.64400866664033e-05 -1.94728021937896e-06 -2.27928795549008e-05 8.01937988197775e-05 5.84729309758124e-05 -2.46001195260498e-05 -1.36307065818494e-05 -1.82197752456054e-05 -1.23025875790728e-06 7.46473447071990e-06 1.26546441580914e-05 -2.59082530869702e-06 -4.64671291206521e-06 8.20427915061403e-06 3.37885612809918e-05 -8.11677957175933e-04 -3.24966028812154e-05 1.29811730989979e-03 -2.24031326636290e-04 3.41568911528798e-04 8.25846181781885e-05 1.17502332133255e-04 -3.75859718260043e-03 1.90135173982410e-04 -1.16017981692788e-03 6.38520923090776e-04 5.02707581383876e-05 1.67043677882344e-04 5.00184377476573e-05 -3.09246539279733e-05 -3.44084282067728e-05 1.59326593125887e-05 1.60682143108342e-07 1.15221348839220e-05 -5.41559713084993e-05 -3.28536841954413e-05 7.43467052355680e-06 -1.27635788841629e-05 -8.10153001932290e-06 -1.44009983318976e-05 -1.25120577103922e-05 5.65431370491809e-06 -1.67403438529496e-06 1.08049534754280e-05 2.33612133658575e-05 1.98072729254100e-04 -1.55576782402850e-03 4.67220213083372e-04 3.25820338278534e-05 2.14033244401363e-05 -2.14630917159699e-05 2.92879853341141e-05 2.12752950870014e-05 -2.79299327130456e-05 -9.27317859074485e-06 5.07633730964182e-06 5.45226496719749e-06 8.80338224241834e-06 1.64448838869707e-06 2.66268567781233e-05 -1.16103205166625e-04 -6.67688238036005e-07 -5.90663396133366e-06 -2.71618576534532e-05 -6.29130666674616e-06 -1.57656413166683e-05 -4.83061788469090e-05 -2.02165393154035e-05 -1.03991048515551e-05 -1.95679901321900e-06 -5.75401013570512e-06 -4.10383861427169e-07 -1.19773888401946e-05 3.38044224965226e-04 -2.40431285443007e-03 6.10204920487177e-04 2.29830849269736e-05 -3.42399049799208e-05 -3.12499139766779e-05 -2.79999185844277e-05 -2.04900819229284e-05 -2.53957270197418e-05 1.02492653103505e-05 -1.06400435681118e-05 3.56135017039673e-06 9.22822997076348e-06 8.65239566018323e-06 -5.49446687451864e-04 3.71968683510054e-03 -1.07993493426355e-03 5.43358726546516e-05 6.39021389959526e-05 1.57488581108194e-05 3.53958434702446e-05 6.82023368844761e-05 -1.87121447037695e-05 2.09910547172749e-05 4.49795112788850e-06 -1.05534697502003e-05 4.20717609614222e-06 -2.49433431740555e-06
 3.98242246989911e-06 -2.45203643783344e-05 -3.90692353139355e-04 -6.51547096191076e-05 2.00221393546460e-05 1.12325629085120e-05 2.82093737690767e-05 -1.39038816980563e-03 -8.31959277866094e-04 -2.08360009435707e-03 -1.52270128749772e-05 4.15939524444927e-05 -1.25811154105155e-04 2.61585949553198e-06 1.05921763244036e-05 1.34973150789887e-05 1.46140090595359e-05 -6.53194163750137e-06 1.91397989006659e-05 2.51092182686096e-05 6.77484933370287e-05 5.92102413101669e-05 -2.48253085439017e-05 3.35027228166200e-06 -5.60153068477251e-06 -7.10237133521776e-06 -8.40960776455922e-06 -1.12907761303976e-05 1.41263626007800e-05 5.08043770815772e-06 -4.13950784380073e-05 2.02614149062455e-05 -1.91741101372034e-04 -1.92746541213263e-04 6.63461267062117e-06 8.94302753756305e-07 -1.14918406595629e-04 -2.09460212752759e-04 5.35678679199097e-04 1.04489669245364e-03 1.05336116877770e-04 9.87845331302641e-05 -2.80336799395086e-04 3.92372976537207e-05 -5.07890313250661e-05 5.67912287503184e-06 -1.89841558856262e-05 -3.38994963351989e-06 4.46442783358103e-05 -5.00802538105300e-05 -3.21907569377442e-05 -3.12542629459022e-05 2.51756710776532e-06 -2.22103649349056e-06 9.42740667813685e-06 -2.10262762026406e-06 -1.45897196849316e-05 -8.00173841688625e-06 -1.28613634034234e-05 1.67615420296034e-05 -2.04590777334102e-04 2.89297711781423e-05 -5.88876137397502e-04 -1.51760662844555e-04 1.50113333281599e-04 -6.55348147079298e-05 -1.67561201774365e-04 -1.87052257016442e-03 -5.80123523227433e-05 1.96978032246320e-03 2.86619433999668e-04 -1.72148552756832e-04 -3.43463483102928e-04 1.86390528021039e-05 4.76536688901546e-05 4.73411415918228e-05 -7.77618947360781e-06 -6.12409100856366e-06 9.92275312367084e-06 6.12080822731829e-05 5.04750043572930e-05 -1.78550455487632e-05 -6.13438144777458e-06 9.13668969932360e-06 -1.40307693301191e-05 1.01839263207231e-05 -4.36441118344092e-06 -5.66865230351834e-06 -1.19159266606669e-05 1.15058314859996e-05 6.20177939656984e-05 2.06416003092561e-04 2.75734360379104e-05 -1.04742552211590e-06 1.88613153459908e-05 5.79846436278133e-06 -4.32190766250748e-06 1.58486732771735e-05 2.47843242436324e-05 -4.88148185525311e-06 -1.60060324105611e-06 1.33370128339640e-06 -1.91387173314136e-06 4.55630234996753e-06 2.10749222714885e-05 -6.48518660903234e-05 -4.73867691295960e-05 5.57562821781935e-06 3.36741852164892e-06 1.23969221259320e-05 -1.40353530717205e-05 1.54123040047170e-06 3.28122628550050e-05 -1.24889659208663e-06 -4.80026671967595e-06 -1.19334292656093e-06 5.55072766814168e-06 -2.21355760316438e-06 4.11392654531021e-04 -2.03490585102526e-03 6.16990057730308e-04 3.05429597143163e-05 -3.65942155317268e-05 3.17283508153517e-06 1.31220767539705e-05 -2.16392049654997e-05 4.58119545550892e-05 1.07489357556847e-05 1.76707709344192e-06 6.68592801611956e-06 -3.31869168196346e-06 -9.72275412547904e-08 -8.38398733723732e-05 8.23892703226262e-04 -2.55979872445594e-04 7.36477390461374e-06 1.17137833366135e-05 3.01027396737303e-05 -2.81277188867324e-05 1.24299620267131e-05 5.70530332492019e-05 4.49795112788850e-06 1.02142271748012e-05 1.55004914098407e-06 1.02848223958429e-05 -5.50665635855621e-06
 -3.79724192805573e-05 -1.20927325672316e-05 6.55629030262251e-04 -5.62572910052901e-05 2.80722977226686e-05 1.73841770635631e-05 2.90690597118818e-06 -5.85221118682189e-04 -1.45758296015732e-03 -1.06302353122775e-03 -1.33530416787390e-04 6.53490951751050e-05 -3.92363540407773e-05 -1.39032483031744e-06 1.77479749134311e-05 7.57930366492937e-06 -3.79913807822234e-06 -4.60901541761484e-06 -8.86490154496545e-06 4.46158544692931e-05 3.62272913030302e-05 -1.29803943050534e-05 -1.38908875550334e-05 5.77898527462825e-06 2.69982875246571e-06 -1.27176842892176e-05 -4.53283112120511e-06 2.54867180733919e-06 9.45589795901220e-06 1.14692961259803e-07 4.35615311142398e-05 4.20959481067952e-06 6.48147413041652e-05 -9.09252655264215e-05 -1.11075447594019e-04 -3.40261191792490e-05 -4.45570548199828e-05 8.95842169668104e-04 6.25519118864235e-04 1.51411263210787e-04 -2.43329864498427e-04 -1.14224781788782e-05 -1.43065265640453e-04 1.43104339667224e-06 -3.72318349043328e-05 -1.37035666564865e-05 -1.53832310491384e-05 1.48511523001230e-06 -3.21756531560995e-05 -3.88439163096601e-05 -5.23907129907562e-05 -1.58726949930244e-05 9.82493183955689e-06 3.13801821656457e-06 2.25228928042241e-06 -7.46286967399239e-08 -1.23839550451136e-05 -2.79746086435580e-06 -1.04456573085522e-05 -1.50059393322434e-05 4.42302832742695e-04 2.65325822025797e-05 -8.63664768770873e-04 -1.56706829764229e-05 -1.74148560493989e-04 -9.19819327138600e-05 -1.43950948021154e-04 1.72278852953061e-03 3.15802593105756e-04 1.81822690419776e-03 -3.20939961787807e-04 -1.47382930221463e-04 -2.55892641703578e-04 -3.04100739727664e-05 2.89778328379545e-05 6.09083795831063e-05 -2.18687234256251e-05 -6.90725287610897e-06 -2.50322032111138e-06 5.16140094526941e-05 9.06682496017221e-05 -2.49238742303984e-05 -9.08516692100603e-06 9.07180694543365e-06 5.81805800038754e-07 1.37974513776362e-05 3.69949532411376e-06 -3.91975992728183e-06 -7.21465860340088e-06 -1.03536803731317e-05 -1.09050246903346e-04 1.12987071957423e-03 -2.68857244321029e-04 -1.87525315104413e-05 -8.12214011294255e-06 4.76299091670768e-06 -1.60073591536349e-05 -1.09116345038557e-05 1.93294887023608e-06 4.58499841584412e-06 -2.30656933631885e-06 -4.75071264208357e-06 -2.24130309015353e-06 -1.26310801531381e-07 -7.30208976619932e-06 -3.02317275125784e-04 5.74002273964318e-05 -1.25533486852830e-07 1.99580151284236e-05 -2.15563892565374e-06 -1.13076995981442e-05 3.76237913163258e-05 3.60755418521900e-06 6.92022997971655e-06 5.27533104481206e-07 3.03766217949912e-06 -1.76160424804507e-06 6.01916275905275e-06 1.62569368769721e-05 5.54675488631560e-04 -8.48817793018490e-05 3.27423145171893e-06 1.21321516361073e-05 2.36996462868196e-05 1.55190681258061e-05 2.05810663443869e-05 3.86571894621368e-05 -3.67196307611234e-06 7.51484947532682e-06 1.04173394026541e-06 -8.51193306362239e-06 -8.29408562459413e-06 3.72997373771595e-04 -2.44203447737055e-03 6.57242128216263e-04 -3.87405889159882e-05 -3.26390053468132e-05 5.60050409059104e-06 -3.64547275589553e-05 -2.90922411177229e-05 4.14635961364590e-05 -1.05534697502003e-05 1.55004914098407e-06 8.74988783810361e-06 2.54046224887074e-06 -2.93403236760930e-06
 1.59040076735270e-05 -1.96361773820549e-05 -4.21082991282486e-04 1.77821866100025e-05 -1.41067981462915e-06 3.70508096569029e-05 1.94722427080815e-05 -4.47891608757931e-04 -2.44247646689335e-03 -1.78110169163274e-03 4.83778874993267e-05 1.25905825526003e-04 -2.36812967551258e-04 1.97195821562558e-06 3.61133625710715e-05 -3.05788958456867e-06 8.98562748095414e-06 -8.55498595046073e-06 1.42163435012344e-05 8.90825555440773e-05 2.90300697496370e-05 3.50641206046806e-05 -3.99734941884542e-05 9.02618294904050e-06 -4.42143585181185e-06 -1.75766495895170e-05 1.73027563689953e-06 -6.85036110089414e-06 1.50781989343133e-05 2.30843252716431e-06 -3.91365809372474e-05 3.88064757259246e-05 -1.23207198693062e-03 2.53939479345359e-04 5.46908381724695e-05 -7.96072432858967e-05 -9.65799631535792e-05 -4.64464641739844e-04 1.91032221512941e-03 6.45835641345198e-04 1.55497460632138e-04 -1.75736237601829e-04 -1.66785692086120e-04 2.04532527246048e-05 -4.93733055554797e-05 -1.30113601173459e-05 -3.43630410202595e-06 2.89790761510732e-05 3.91663892129903e-05 -4.93046461900657e-05 -8.55277043864502e-05 -8.43853394970901e-06 5.24373028411463e-05 -1.53859338334452e-05 3.94346390028481e-06 -2.78094646800862e-06 -2.44857492683159e-05 -3.36565097420560e-06 -1.12354887831419e-05 1.44331171694921e-05 -4.00651133085793e-04 1.47266037315286e-05 1.56464593351321e-04 -4.41505088529067e-04 1.57169689337838e-04 1.12903678918566e-04 -1.80924798246828e-04 -1.70336186439627e-03 -1.65792240725273e-03 2.88838511739150e-03 2.91773483943867e-04 7.47721066108566e-05 -3.87707782879784e-04 2.33049876013050e-05 5.57874561930595e-05 7.77831529508135e-05 5.47376366031632e-06 4.46815891948781e-05 3.55668630396615e-06 7.92505691476670e-05 1.25956093976058e-04 8.84854004834457e-07 3.53543211387580e-05 2.28553196795229e-05 -7.44732551103568e-06 2.33825039187372e-05 1.03988440606091e-05 -1.41032634027487e-06 -4.88688163530452e-06 1.05689598162088e-05 -2.98104306162625e-05 2.62666073677442e-04 1.49424175616294e-05 -7.11302195291117e-06 3.10113942950664e-05 4.30977778943610e-06 4.71633144619984e-06 5.98352039515446e-05 1.86612492955202e-05 -9.45983164196806e-06 -3.39395518391912e-07 1.79192811453669e-06 -6.49740098813565e-07 9.32733022617988e-06 -7.65074632701658e-05 6.90953725749417e-04 -1.49226031652264e-04 1.73314833902928e-05 1.16840151509531e-05 1.03678041307263e-05 1.37284106443078e-06 2.98202424242854e-05 2.45301578710344e-05 1.35525318070921e-06 -3.46518680684768e-06 -2.85891630313662e-06 5.06744350754252e-06 3.81569828215478e-06 2.64015127654641e-04 -1.14157107981938e-03 3.28368936485886e-04 8.91669244537589e-06 -3.62166624925429e-05 2.26839349551510e-05 -1.72543265342968e-05 -3.64865071359175e-05 8.08012184022214e-05 1.00958789145462e-05 4.17800437796200e-06 8.16916888959791e-06 -1.00976710555926e-05 8.00781524645927e-06 -1.27552089966172e-04 1.62012063290333e-03 -4.32293053608306e-04 2.59485299761826e-05 7.79367068768088e-06 4.40100755211284e-05 2.22708004230834e-05 4.91673129923423e-06 8.78091078466410e-05 4.20717609614222e-06 1.02848223958429e-05 2.54046224887074e-06 1.64492638184668e-05 2.77655925199212e-06
 -2.47229944130338e-05 2.19767110609503e-05 -7.69324349038647e-04 3.20049666402620e-04 7.16965316144254e-07 -6.17330079820095e-06 -3.28102150156915e-05 5.36855491515575e-04 1.17864460734526e-03 1.62983821938854e-03 -4.88814355905454e-05 -4.00588230648491e-05 -3.11573969829571e-04 5.96760878965017e-07 -7.79718441299260e-06 -5.34394003470431e-05 -9.84211037436136e-06 -1.07341338585825e-06 2.32190606933144e-06 -2.08258419959025e-05 -1.34637220332304e-04 -3.92277651312468e-05 -3.34044785574051e-05 -5.48917105362340e-06 -7.55921286306319e-07 1.40182264844807e-05 3.21123456299846e-05 7.11899452319015e-06 -3.59504955894965e-06 -2.98959122724963e-06 1.57836092293076e-04 4.43424026220483e-05 -2.34313807582699e-03 8.50207244101061e-04 -1.14872015984687e-04 -2.08872907672900e-04 -1.44007664331083e-05 1.27543315674990e-03 2.97617448410396e-03 1.02210968593288e-03 -2.54264911433152e-04 -6.66449241946943e-04 2.08805035144365e-04 5.67879756433208e-06 3.04776367195102e-05 5.16225858685547e-05 -1.71861333182895e-06 9.90686451954832e-05 -1.35259885480325e-05 1.46779891442645e-05 8.48942915794287e-05 4.76445755988449e-06 1.12093578470510e-04 -5.11356798704663e-05 -7.63825608293849e-06 -1.94900129254589e-05 9.92586246183244e-06 2.06439481583381e-06 2.14268600009390e-05 -1.28241167341838e-05 -5.50981576341440e-04 -3.21014956733431e-05 1.44988757817142e-03 -2.23372532893096e-04 -8.68817634163013e-05 5.65085084166228e-04 1.53292188420664e-04 1.01069481362010e-03 -5.10629244973027e-03 -8.97940776951561e-04 -2.05217966962668e-04 8.80533049430761e-04 2.56496313913250e-04 3.62612401485392e-06 -3.61835388561458e-06 -4.46147887964279e-05 8.28597809895051e-07 1.35187985742419e-04 1.54291313451065e-05 -1.31299831797598e-05 -4.92353528196560e-05 3.41303736303194e-06 1.43334469893743e-04 2.85372623829568e-05 5.45149789008283e-06 5.47728989443771e-06 4.79555348832636e-06 2.07958798795123e-06 1.94179935271947e-05 -1.35326916030565e-05 -1.72104640309040e-04 1.15896829663937e-03 -1.96324862455121e-04 -2.05195047445806e-05 3.66862053841281e-06 2.68917778543577e-05 -2.16990249146207e-05 4.32337269564661e-05 3.83837030547892e-05 -3.30730562061870e-07 -2.09374029910342e-06 -9.66010769021665e-08 -1.03714735669783e-05 6.87876166640472e-06 1.13979915665146e-04 -7.70478711316040e-04 3.40635714839278e-04 -5.94971674804566e-06 4.00497870093079e-05 1.13279920257876e-05 1.78815727261279e-05 8.18676647825990e-05 3.04221589257835e-05 1.35892326971087e-05 4.02108668792010e-06 5.69767928209586e-06 4.28053696998916e-06 1.20949180835418e-05 -6.34164524660388e-04 4.09890784180993e-03 -1.13707340620793e-03 -9.08101262052584e-05 1.02455868890404e-05 1.72533417581876e-05 -1.15658820274176e-04 -3.29228254954428e-05 1.11421606960508e-05 -7.81378948079859e-06 -1.03414207726133e-06 -8.46518242672829e-06 -6.57577772363192e-06 2.85421453020229e-05 -4.09365901540272e-04 2.68514257937952e-03 -6.95609937394514e-04 7.07409215880111e-05 -1.94829274848071e-05 4.78092859947686e-06 1.19788841184330e-04 -6.13181547963922e-05 8.09393204116577e-06 -2.49433431740555e-06 -5.50665635855621e-06 -2.93403236760930e-06 2.77655925199212e-06 3.36104009633338e-05
