Paoks:
 2.01898330506145e+00 8.95492318492925e-03 4.30021803047389e-02 -2.24190763968194e-03 -7.95718656867907e-03 2.72110980421645e-04 2.88466689578020e-04 8.66250029509808e-03 2.91883075428767e-04 1.79562526917328e-04 -3.99861776796230e-03 -5.14850450829279e-05 -2.14020463304309e-05 -3.79299579709745e-05 -9.18270461994326e-05 1.89615909955325e-04 -1.48114342472743e-05 -5.02190979799808e-04 -5.08851341479494e-05 -1.04847816240457e-04 1.24329763658722e-03 -7.09810567891621e-05 -2.33710097214211e-03 -3.41892740712049e-04 8.77817997814201e-05 -1.51895908559223e-03 -2.04564695313527e-05 -2.62336722656413e-04 3.66362332055766e-05 4.33490549653693e-04 -1.18843719783883e-02 2.73578925756049e-03 1.70206226039460e-02 -2.37240603010304e-03 4.96422640005597e-06 -1.94229990152219e-06 1.30437542533912e-02 -5.01707920134527e-05 -3.77502189289320e-05 9.66158540170160e-06 -1.22376627676774e-05 7.11463769864779e-04 1.48536359028541e-05 -1.24649997526370e-03 -1.70467222113740e-02 1.89543297940296e-03 -8.55961643807280e-03 2.10607750730739e-04 -9.20012486886283e-04 5.21595233010550e-06 -2.44123764445503e-03 9.34630363673382e-03 2.40949071840126e-05 2.07441051316318e-04 -5.17657433084352e-06 5.75916840296725e-04 -4.28090479006779e-06 9.89232131172160e-04 -1.68525997335525e-02 1.56923689772550e-03 -8.53216119718097e-03 2.11681975466308e-04 4.80960450044495e-04 -8.18154824441038e-04 -2.45537132035984e-03 -4.62844609682124e-03 8.07049950039667e-03 -1.11417410735773e-04 8.27281578567489e-04 -7.13364636858169e-04 1.93059040275505e-04 2.32308156828589e-04 -1.61392373456778e-02 9.99118700418141e-04 -8.31530637604895e-03 1.87789195172616e-04 4.61511739810692e-04 7.89760728470409e-04 -2.44071704818722e-03 -4.50556380456946e-03 -7.79323311192979e-03 -1.10121041128765e-04 -8.01352840389772e-04 -6.44390481869037e-04 -1.97234216930575e-04 2.21605344071893e-04 1.93652481648098e-02 -2.30634280363146e-02 1.22185779499187e-02 -6.11552162191864e-03 -8.68098634217402e-03 -4.59993787781148e-05 -2.12394008259527e-05 3.17899393516001e-02 9.59498846067963e-05 5.98178197354573e-05 -1.35387358025114e-02 -3.18436718883295e-05 -2.30710189165830e-05 -1.96047333285629e-05 3.24995834218491e-06 1.50339864049699e-03 -1.45658516577964e-05 -2.60117486886174e-03 -3.60942253046237e-06 -3.56061374528948e-06 1.34183796660401e-03 -7.78078611039215e-06 -2.32609820158239e-03 -4.71334967241755e-05 -1.49797103940381e-06 -2.06682318807572e-04 -5.86481349245587e-06 -3.94753480532653e-04 6.96504346913224e-06 5.05350690270993e-04
 8.95492318492925e-03 1.73266263983546e-03 -4.34250344259606e-02 7.57738866647619e-03 -1.54445471189729e-03 4.58017687714487e-05 7.17952657500230e-06 4.90043757561783e-03 -8.85385158101593e-05 -7.08294256108345e-05 -1.68816702887420e-03 4.84063453197489e-05 -3.84579729626727e-05 -1.28767698917036e-06 -9.43008952053828e-07 -2.45769242104770e-04 5.87324935302062e-06 4.24035449942079e-04 1.74126751065760e-06 2.02922680113589e-05 -1.60957682308220e-04 1.45237148934201e-05 2.41564269427140e-04 1.71054481284648e-04 -2.70010608264127e-06 6.67465676140679e-04 -2.62669754895501e-06 2.19818184805439e-04 2.80380984251512e-06 -2.81702888060563e-04 3.76306112242414e-03 -1.43003933200573e-02 7.91773575133714e-03 6.47102949436826e-04 -6.30078144990708e-07 -4.25838834579702e-07 -1.32629503490937e-03 -4.30642120912789e-06 -1.02716810712814e-05 -9.14794840912308e-07 1.36200708256400e-07 8.46262001974790e-05 2.96441621952880e-06 -1.44763114786971e-04 4.28559176009514e-03 -2.18150027697381e-02 5.55331749462309e-03 -1.11773037055753e-04 4.91588978216303e-04 7.95744526591307e-08 3.36634734612120e-04 -2.52393155329425e-04 -3.47354526392037e-06 -4.83289243598669e-05 -2.29861560132049e-06 9.79046476385477e-06 -4.08554555534997e-07 4.73675543721177e-05 4.33476529109886e-03 -2.17483424760959e-02 5.64262694564382e-03 -1.12041495780500e-04 -2.44682993464366e-04 4.22212813615502e-04 3.48745550020185e-04 1.36151409573045e-04 -2.36395232821212e-04 2.60562458865904e-05 2.41107262636401e-05 -3.25371185924006e-05 -4.22375149341529e-05 2.04623465363499e-05 4.30289497096954e-03 -2.16418748027674e-02 5.53593920275494e-03 -1.11084218988309e-04 -2.43453659621124e-04 -4.20662512761262e-04 3.50702932762169e-04 1.32055012520244e-04 2.25646344933049e-04 2.38188327164968e-05 -2.91091271378668e-05 -2.83403325096470e-05 4.20717715251218e-05 2.27881410509054e-05 -7.91456271776846e-03 5.08319843019040e-03 -1.05356646600442e-02 5.47908907425131e-03 3.57382190144514e-04 -2.65914430877073e-05 -1.39400810573356e-05 7.05739890009828e-04 2.51502500029075e-05 3.09459726253163e-05 -1.13727452651112e-04 -8.30233771407585e-06 -1.56799182561094e-05 -4.70551800134678e-06 3.99521879670465e-06 3.71027476499788e-05 -4.43838172847072e-06 -5.78292344485059e-05 1.48890405284693e-05 -3.88458376579564e-06 2.09356275409297e-04 6.45146439876655e-06 -3.65358851534140e-04 1.32927676705489e-05 6.59290678479088e-07 5.77170361285621e-05 -2.70595941201027e-07 -1.78698375530986e-05 -7.74619046124018e-08 2.19535361798476e-05
 4.30021803047389e-02 -4.34250344259606e-02 1.13076956541993e+00 -1.80804905236660e-01 3.89136946014274e-02 -9.98669231569500e-04 1.82465746453447e-05 -1.10734360142130e-01 1.14980933738049e-03 7.55219061616741e-04 4.48836916952935e-02 -1.02483542577091e-03 1.19769691545210e-03 4.82548346871651e-05 5.28956863124330e-05 6.05130228309316e-03 -1.37424377827428e-04 -1.03731575157690e-02 -5.16182488594160e-05 -4.96337582379323e-04 3.21142487277090e-03 -3.74843767493275e-04 -4.51351922935330e-03 -4.44696882468302e-03 7.10240944374859e-05 -1.73982556777826e-02 6.27740822775366e-05 -5.95014394139402e-03 -6.34887151187266e-05 7.62739029204005e-03 -1.01695013034530e-01 3.94801267547993e-01 -2.21769402317746e-01 -1.70910737014335e-02 5.11428736694021e-06 1.45527338600527e-06 3.64619377291682e-02 7.83614320107465e-05 2.27878913326721e-04 2.96150817659605e-05 -6.23333030786707e-06 -2.12139893046285e-03 -7.06610233625277e-05 3.62291350888748e-03 -1.12816591905288e-01 5.60036972175022e-01 -1.46544322862471e-01 3.04734871184588e-03 -1.28604334978157e-02 -8.78521482100504e-06 -8.56515465724479e-03 7.97246737177157e-03 5.98255715102639e-05 1.20281048506319e-03 6.45868721701880e-05 -1.94657549037614e-04 8.60310140553494e-06 -1.06099664338145e-03 -1.14229925466122e-01 5.59147080310654e-01 -1.48916861386283e-01 3.05739514027211e-03 6.39818828215325e-03 -1.10599453644470e-02 -8.87671447133905e-03 -4.28492291828780e-03 7.34507249554485e-03 -6.54109209672376e-04 -5.07499373013091e-04 7.34132092136065e-04 1.05170298813380e-03 -4.64500832561935e-04 -1.13604396456449e-01 5.58342402843889e-01 -1.46330643885628e-01 3.03727757612406e-03 6.37674840623104e-03 1.10236355565906e-02 -8.89694600604866e-03 -4.12788860023963e-03 -7.03817169373384e-03 -5.93141747153111e-04 6.46334637199895e-04 6.29441757347390e-04 -1.04870574444136e-03 -5.25496085299115e-04 1.00204886053742e-01 -1.31283446332514e-01 2.84798009996432e-01 -1.50169239646169e-01 6.32476432292581e-03 7.28085654137020e-04 3.84287684984694e-04 -4.38319265092042e-02 -7.68800027342927e-04 -8.91375640103990e-04 1.22766133658486e-02 2.58520332835998e-04 4.42363420754099e-04 1.25880031047248e-04 -1.02898220285430e-04 -1.64784438091660e-03 1.22161653971713e-04 2.69824464184750e-03 -3.57540082776443e-04 1.13941576656524e-04 -4.81065131266376e-03 -1.36204652762086e-04 8.42096372895277e-03 -3.57118887275057e-04 -1.68493879444595e-05 -1.55300078201029e-03 5.16468485250592e-06 2.48367612046430e-04 3.67700240298060e-06 -2.94179164452349e-04
 -2.24190763968194e-03 7.57738866647619e-03 -1.80804905236660e-01 7.14933527901137e-02 -1.67913155790240e-03 2.86056720662413e-05 -2.59144638904522e-04 2.22176400877442e-02 6.83756936696742e-04 2.26713743300541e-03 6.05010563151244e-03 -2.49660483229814e-05 -6.56301927488993e-04 -2.12959501148031e-05 -1.02450667560765e-04 -9.53384511627452e-04 -2.38903569514130e-05 1.57176692804827e-03 -2.69166491600591e-06 -3.99146790638042e-05 -2.74614964427291e-03 5.68481928461419e-05 4.53948570135837e-03 7.21009589167007e-04 6.49012990555544e-06 2.82519473861157e-03 -6.33339200033647e-06 5.28572634998730e-04 6.09217276911875e-06 -6.64711989031105e-04 1.65298509832623e-02 -5.38415704632117e-02 8.88809810717260e-04 2.87709211607381e-03 4.93464038908768e-06 2.48704172076859e-05 -6.11036921757136e-03 1.57146956717602e-05 -2.79062316842172e-06 -2.65509454989673e-06 -3.72355212399916e-06 3.86343435489307e-04 2.63070152598169e-06 -6.60258091842218e-04 1.69341018245076e-02 -8.66494041174969e-02 1.89492152221661e-02 -4.16828333984239e-04 1.94548549006968e-03 1.90467847788583e-05 1.86388216954170e-03 -1.17109570177544e-03 6.02516138336344e-05 -2.59322471606994e-04 -2.15721857603410e-05 2.97997494035351e-06 2.66791128991361e-06 1.61913668943229e-04 1.69559762522318e-02 -8.56630988728898e-02 1.92215693312153e-02 -4.13862582756874e-04 -9.51999484091984e-04 1.67528250464734e-03 1.90521970526108e-03 6.68128169340945e-04 -1.03739298733101e-03 1.40516682759488e-04 5.46795185194887e-05 -1.16673127100017e-04 -2.24572211582263e-04 8.32850972439529e-05 1.76644575970059e-02 -9.00254462144416e-02 1.92365633040684e-02 -4.28304934962264e-04 -9.81050836886721e-04 -1.68989921845226e-03 1.87358608392508e-03 6.02778423855241e-04 1.05592679853232e-03 1.24241169696255e-04 -7.97243537749541e-05 -8.98124989693890e-05 2.18911932359186e-04 9.57997182584734e-05 -3.08537756817330e-01 3.16808961765607e-02 -4.81649706949955e-02 2.04685749257138e-02 2.65972766473335e-02 -2.20804463831337e-04 -3.05155817686540e-04 -2.95819516761936e-02 2.87951532081688e-04 5.68475168876849e-04 1.03502891627374e-02 -7.22265240979693e-05 -1.71605438330088e-04 -4.31322935257055e-05 2.79569725663336e-05 -9.95590874761230e-04 -6.37424144188659e-05 1.75537096725994e-03 5.10089860575887e-05 -2.96611345460277e-05 2.94743302145676e-03 -4.76818146139153e-06 -5.12706602215247e-03 4.96502803427662e-05 7.27758899655599e-07 2.13460701559744e-04 -2.42927831988157e-06 -1.04908755065368e-03 1.13744449890540e-06 1.34250829797772e-03
 -7.95718656867907e-03 -1.54445471189729e-03 3.89136946014274e-02 -1.67913155790240e-03 1.04526617131245e-02 -1.42085658724681e-04 7.53283048918240e-06 -7.06343908209705e-02 4.69643014792359e-04 -4.07102398355515e-04 1.92230187234879e-02 -1.23969217252605e-04 2.48561579392007e-04 -1.14363651556654e-06 1.61746614695648e-05 2.19099721394644e-03 6.72886439418769e-06 -3.81080664085169e-03 1.19710345789596e-05 -1.08177806956225e-05 1.62460574060323e-03 -2.04092040547414e-05 -2.80691787212028e-03 -2.63916977025652e-04 1.45283800732472e-05 -1.00935297176959e-03 5.72140057079657e-07 2.60282264194288e-05 -5.28891728835748e-06 -3.58798619223261e-05 1.01639862728609e-02 -8.86055205653399e-02 1.94934227211138e-02 -2.63552858869274e-04 1.72316262189660e-06 -6.42400395064078e-06 -1.04472697635244e-03 3.39370591998074e-05 7.72425391042922e-06 5.84774285065270e-06 -7.12366587438325e-06 1.40135563209577e-04 -4.35852424442344e-06 -2.35537103666760e-04 -7.30513960453799e-03 4.42190840956774e-02 -5.48615048368038e-03 -4.06880564037255e-04 -5.96662773205641e-04 -6.77440309136831e-06 -1.83511946568016e-03 -4.38721405059838e-04 -2.98215419097748e-06 3.09341980926682e-04 3.74731375178195e-06 3.47375722429985e-05 -2.22749011334919e-06 -2.22821307880541e-04 -7.20288338515760e-03 4.31296301255751e-02 -5.59662916713367e-03 -4.06244731456217e-04 2.90306386342443e-04 -5.08760560961801e-04 -1.86346878821080e-03 2.21057477686291e-04 -3.45954981279440e-04 -1.53603872221695e-04 -7.01925373582766e-05 1.35090722154956e-04 2.68510175476382e-04 -1.51241935359723e-04 -7.36278635027835e-03 4.39831809315974e-02 -5.40429085401702e-03 -4.04451263126158e-04 3.02539329746033e-04 5.16883079098727e-04 -1.86451403096859e-03 2.13276825686095e-04 3.34525816118919e-04 -1.47504364415723e-04 7.06615640680272e-05 1.35204288573790e-04 -2.55072902567378e-04 -1.59858111288511e-04 -3.36249749635416e-02 -9.54991772651440e-04 -4.70920632422101e-02 2.52091325776942e-02 -2.94733720632099e-02 4.99176057981005e-05 1.01862201583404e-04 7.63527618544781e-02 -1.39100967801852e-04 -3.41224684056157e-04 -3.14011454210004e-02 4.00341567373428e-05 1.19715741246283e-04 8.35867893328891e-06 3.17409915778411e-06 1.92549502172300e-03 -4.51342248986031e-06 -3.40225551691023e-03 -3.11715877269220e-05 -4.39466914217439e-05 2.00713275735256e-03 -2.21941562050752e-05 -3.51780194111151e-03 4.84577953617047e-06 -7.45158442682957e-06 2.73356399472685e-05 1.81250572062035e-06 -1.18110935359285e-03 3.03078296959136e-06 1.52099246202356e-03
 2.72110980421645e-04 4.58017687714487e-05 -9.98669231569500e-04 2.86056720662413e-05 -1.42085658724681e-04 1.30103078381368e-02 1.17208930225524e-04 5.05913096101498e-04 -1.03872418611010e-01 -5.07341872607363e-04 9.28209271630915e-05 2.10397518125330e-02 1.10867814243718e-05 1.78984832893009e-03 8.08407921705002e-06 3.41479703481024e-03 1.10839865584462e-05 1.99843859258949e-03 5.67799110586525e-04 1.08023956321517e-05 3.84145445134825e-03 -3.03757039641390e-05 2.28936378166488e-03 3.24736333709608e-04 2.31043692077167e-06 -6.51095648983202e-05 -2.60174264040352e-05 -5.90597586913332e-04 -1.36745872818633e-05 -4.58922956006827e-04 8.56603741690543e-05 3.21407593099662e-04 4.00106048730484e-04 9.08658481063346e-06 -9.92333067733477e-04 -9.12202464789595e-06 -4.76173605191976e-07 -2.27126273522461e-03 -7.71712935812726e-06 3.40261435307856e-04 9.02489890304153e-07 -3.69861232588955e-05 5.65513307022083e-06 -2.60942449261376e-06 1.84557242211364e-02 -1.12510875660750e-01 1.02348035816321e-02 -4.21322943754392e-04 8.45952729192010e-04 -8.30257554125066e-06 -1.18806656219077e-03 -3.49412712611378e-04 -2.04398408687763e-05 1.76809307888050e-04 1.33547178585131e-05 7.42791089248885e-05 -2.80733609524746e-06 -4.85229745145669e-05 -9.07866733874794e-03 5.49543165526734e-02 -4.60695443825148e-03 1.99735139023047e-04 -3.71404499511532e-04 -6.85834539106814e-04 6.55950766654380e-04 -2.33865728556651e-03 -1.13844788430446e-03 -7.80564979108388e-05 1.93746125352163e-04 3.10012642014352e-04 -1.53226953752272e-04 2.22700719380570e-04 -9.13456408026707e-03 5.58186077623430e-02 -4.73783903262034e-03 2.14607542592887e-04 -3.64448587868473e-04 6.73003828952659e-04 6.28175746603480e-04 -2.35616559035583e-03 1.21345465237279e-03 -8.96959776917937e-05 -2.04338790452739e-04 3.11617123265563e-04 1.57348554298316e-04 2.29237035546957e-04 -2.40641299998247e-04 5.42213785503455e-04 -1.31373898338461e-03 4.92678453095861e-04 5.21629567852280e-04 6.58688679876887e-03 9.13433262330597e-05 -2.23166438965212e-04 -1.57067276276232e-02 -9.60710000989847e-05 3.53384867697783e-05 4.90001606494991e-03 -5.75635862916720e-05 1.23081977544432e-03 1.01006772169498e-05 -1.46474869732278e-04 -1.91142596464107e-05 -1.09806704402378e-04 1.89815502579847e-03 -4.45931821824302e-05 5.39240932462528e-04 2.12651622704508e-05 1.30240321967351e-04 -1.96767186230648e-05 2.05302084553580e-06 -1.11782320985728e-05 1.51143730406484e-05 -3.49522751708723e-05 4.73400379326817e-05 2.76420837343548e-05
 2.88466689578020e-04 7.17952657500230e-06 1.82465746453447e-05 -2.59144638904522e-04 7.53283048918240e-06 1.17208930225524e-04 1.30345262396782e-02 4.24425478642795e-04 -4.46745787030325e-04 -1.03963452177984e-01 2.59562046141456e-04 1.54560309001057e-04 2.09729852747587e-02 6.81079177413020e-06 3.94422671125971e-03 -3.64588610954537e-06 1.80683350148507e-03 2.09779074583810e-05 -2.24108243455948e-05 4.48034585865352e-03 -7.99470253161141e-05 5.44144582896168e-04 1.24110325786929e-04 2.66297952964516e-06 -7.53150282432992e-04 6.25919772931024e-06 -1.93095140965933e-04 -1.12304826673451e-05 2.64374791334454e-04 2.19755375536788e-05 -1.23927331636384e-04 6.75490124360033e-04 6.69182574665779e-04 -9.56177329428890e-06 -8.50407844187431e-06 -9.96840156323003e-04 1.20918840919745e-04 -4.57790418219610e-06 -2.26940468179157e-03 3.85925832899995e-06 -2.90679428613487e-05 -1.30083403317537e-05 3.47331790734842e-04 1.61339808078758e-05 -3.19643602938075e-06 -5.04138281718023e-04 2.34724873830087e-04 -5.01973598410206e-06 -2.37188969725525e-06 -7.61042916619567e-04 2.35450505397293e-05 1.98945279865351e-05 -3.01687369340732e-03 -2.13805783748794e-06 5.03372367282094e-04 -7.54066881326773e-06 -1.69448657035994e-04 -3.65461562518195e-06 1.58564721578710e-02 -9.68500238259571e-02 8.96186113550322e-03 -3.64686344031145e-04 -6.98302235573133e-04 4.27788014784539e-04 -1.02847165219540e-03 -1.16265427547079e-03 -1.01205558750450e-03 -1.55018495282339e-04 1.57855212872932e-04 2.11892590496946e-04 9.31855000725861e-05 4.59358295894847e-05 -1.59469528000601e-02 9.71360683370219e-02 -8.33455973351125e-03 3.76397587787548e-04 6.86956453854974e-04 4.41246228444627e-04 1.05599686115040e-03 1.18205913424928e-03 -9.86523493986101e-04 1.56149751044828e-04 1.49401050576093e-04 -2.04404274615981e-04 9.75228238592480e-05 -4.09173801204106e-05 -7.97031851773137e-04 5.31402747950801e-04 -1.90286445211097e-03 6.97609701323407e-04 6.35707622039655e-04 3.14702461177503e-05 6.76650963594626e-03 1.56628014873567e-04 -5.68423087118014e-05 -1.59479386587911e-02 -1.19380691321239e-04 -6.85719362145186e-05 4.92241063634648e-03 -2.44176676817161e-05 -1.54530915887201e-04 5.23402701506065e-05 1.22671967996740e-03 -5.25970151606071e-05 6.02195732888695e-05 4.60022920136605e-04 1.04326468462997e-04 1.89425405882876e-03 -3.05016053943943e-04 9.09223202701759e-06 -9.28249454815573e-06 -4.41936813417674e-06 -1.52833602775072e-05 -6.07564522697374e-05 -8.47446350613599e-07 9.85922332737715e-05
 8.66250029509808e-03 4.90043757561783e-03 -1.10734360142130e-01 2.22176400877442e-02 -7.06343908209705e-02 5.05913096101498e-04 4.24425478642795e-04 5.38461459248403e-01 -2.31120257503478e-04 -2.74535968363160e-04 -1.30247836509171e-01 1.26829740226778e-04 -9.97841083641100e-04 -3.63917493687452e-05 1.86131820725244e-05 -1.61997186668223e-02 -1.78208646416079e-05 2.79617339905169e-02 -1.26196579198006e-04 1.41817417291318e-04 -1.44257401327308e-02 1.25892454278465e-04 2.48591697889864e-02 1.31212595010219e-03 -1.30065113630746e-04 4.99320701349911e-03 2.75524397594216e-07 -1.61151503506484e-03 4.06690434368422e-05 2.12377320294800e-03 -9.66266760526268e-02 7.71506305721737e-01 -2.24380992308845e-01 -6.78508775307581e-04 1.57279312853297e-05 1.84300257672178e-05 1.38150474557853e-02 -1.70451018847098e-04 -1.15819091227735e-04 -4.69127211609347e-05 4.90278702102623e-05 -1.44374538658666e-03 3.27018973876174e-05 2.43775072392318e-03 3.68081585906080e-02 -2.44368175864088e-01 1.34537767094167e-02 3.78579185311316e-03 2.35635583693483e-03 2.53884501008163e-05 1.34778934959845e-02 4.62204393071658e-03 -7.06083158568301e-05 -2.29089940160510e-03 -6.04599944189566e-07 -3.53451053126141e-04 1.34248547152432e-05 1.52439146228900e-03 3.71102824000196e-02 -2.44579715101650e-01 1.46512986306774e-02 3.75182231661082e-03 -1.14738114902896e-03 2.05292140520925e-03 1.35355588003746e-02 -2.34985241758887e-03 3.81994932446245e-03 1.12146919590722e-03 4.14766117867084e-04 -9.03388571087284e-04 -1.97332062267318e-03 1.10333675651832e-03 3.74218207722477e-02 -2.44723051058310e-01 1.30175468153648e-02 3.75978223265846e-03 -1.19913278710489e-03 -2.09196626815614e-03 1.36249640778456e-02 -2.17115401491765e-03 -3.73677276782990e-03 1.09581250428651e-03 -3.80382601527169e-04 -9.38563439679971e-04 1.87440804917628e-03 1.15822445434827e-03 3.51867450955499e-03 -4.35149702779508e-03 4.15415860824702e-01 -2.26691331734443e-01 2.58522808845806e-01 -5.17061709418847e-04 -5.82438498833292e-04 -6.41654054649250e-01 1.47974436223106e-03 2.02442906567428e-03 2.60320586474843e-01 -4.17384561183910e-04 -6.77580308288663e-04 -9.54436788054556e-05 -4.08556794443327e-05 -1.66101881129436e-02 8.47754124490765e-05 2.92858054037706e-02 1.35101068692693e-04 3.80444624823670e-04 -1.45539213601454e-02 2.31815429519120e-04 2.55079738760572e-02 -1.04305135694497e-04 5.31057693640640e-05 -5.09186563615536e-04 -1.58592410743925e-05 8.35574740981591e-03 -2.28838123278403e-05 -1.07582828119147e-02
 2.91883075428767e-04 -8.85385158101593e-05 1.14980933738049e-03 6.83756936696742e-04 4.69643014792359e-04 -1.03872418611010e-01 -4.46745787030325e-04 -2.31120257503478e-04 8.29384834280605e-01 1.64678133423302e-04 -1.81911796561836e-03 -1.67987748220400e-01 6.81754935807563e-04 -1.42920082534573e-02 8.23978005727363e-05 -2.73962133940970e-02 -2.04052754715607e-05 -1.57339154890860e-02 -4.53514357401809e-03 8.45038412619313e-05 -3.07676581343910e-02 2.65531839528857e-04 -1.81247224574274e-02 -2.56112955660599e-03 -4.76122423166009e-05 6.43311971098027e-04 2.00171554091653e-04 4.74032023164952e-03 1.19688759918710e-04 3.63381896757345e-03 -7.18702729512390e-04 -1.80122019772140e-04 -3.09290405511811e-03 1.33425805081953e-05 7.92342746336290e-03 3.57157696134550e-05 -9.19786563168910e-05 1.81340371628758e-02 -2.49973671080364e-05 -2.71725491677431e-03 -7.95685642583010e-06 2.98678054654173e-04 -3.15844245064160e-05 1.46894277164312e-05 -1.46545449303141e-01 8.93827961254975e-01 -8.08187808689002e-02 3.36965977666801e-03 -6.67086520586811e-03 3.80914164669797e-05 9.60900441754468e-03 2.78611900393226e-03 4.98746532854172e-05 -1.43150301038972e-03 -8.82134161240898e-05 -5.93524857208621e-04 1.61168817285391e-05 4.03537663507687e-04 7.39155443135842e-02 -4.46954898115789e-01 3.80369929039621e-02 -1.60310283845534e-03 2.89791286889358e-03 5.56468198701605e-03 -5.15240262238861e-03 1.86343507567966e-02 9.04494932884054e-03 6.27439005598647e-04 -1.53470206462492e-03 -2.47788188604059e-03 1.21000380358048e-03 -1.76717405511985e-03 7.31736569999011e-02 -4.46611880615233e-01 3.84126480909886e-02 -1.69406433431957e-03 2.89386951131785e-03 -5.42985645643683e-03 -4.85221103007825e-03 1.88619715609699e-02 -9.71941135676922e-03 7.31505902536206e-04 1.63020696740337e-03 -2.50577749131251e-03 -1.23640025730147e-03 -1.82196462652987e-03 2.77662923237273e-03 -3.69400805596244e-03 1.13434593197097e-02 -4.41685259333094e-03 -2.78588958718810e-03 -5.26012286558227e-02 -4.81959707490414e-04 -1.56022046525417e-03 1.25427189869242e-01 1.88505637445345e-04 1.11317706768537e-03 -3.91325796238059e-02 6.36847709126094e-04 -9.83008116845328e-03 -8.61309033353312e-05 1.09007390475169e-03 1.98305295792082e-04 1.01983421166302e-03 -1.51515796782303e-02 3.74873476534792e-04 -4.37031790019839e-03 -9.70562222810251e-05 -9.31505026349348e-04 1.58776192021809e-04 -1.63236443775064e-05 9.45161114924417e-05 -1.21378488705450e-04 3.29289561989790e-04 -3.78192899390696e-04 -2.84718988814596e-04
 1.79562526917328e-04 -7.08294256108345e-05 7.55219061616741e-04 2.26713743300541e-03 -4.07102398355515e-04 -5.07341872607363e-04 -1.03963452177984e-01 -2.74535968363160e-04 1.64678133423302e-04 8.29252217852796e-01 -2.68695552969330e-03 -5.45097487879953e-04 -1.67295814746255e-01 4.06391990012515e-06 -3.14609885789210e-02 5.32944029017872e-05 -1.44122698267645e-02 4.90893081598470e-05 1.96413075052278e-04 -3.57374063359484e-02 6.67092230574840e-04 -4.34116480905501e-03 -7.47566477632659e-04 -9.17731624375164e-06 6.00704227113875e-03 -4.75305348736563e-05 1.53943746543798e-03 4.90732337920753e-05 -2.10903360916190e-03 -1.62679162099319e-04 2.66325418108768e-04 -1.79254727368183e-04 -7.19838340163829e-03 4.75565238786399e-05 3.54446275374985e-05 7.95116789567865e-03 -8.19675617227036e-04 -3.87084593408606e-05 1.81011989714140e-02 -1.98385729377475e-05 2.32120279002913e-04 9.22383876965557e-05 -2.77021248745063e-03 -1.11377143148486e-04 6.67744436995318e-04 -3.33200584427276e-04 -1.69972776856477e-03 5.36587681074221e-05 4.12416455725997e-05 6.07036772865401e-03 -1.57440612885657e-04 -1.20242322663401e-04 2.40632547181149e-02 1.06110580824271e-05 -4.01465403435468e-03 6.06701593306443e-05 1.35161069742360e-03 3.62594702438488e-05 -1.26739129546799e-01 7.73651913434590e-01 -7.17941433691752e-02 2.94270441697565e-03 5.56072994744953e-03 -3.43919816993685e-03 8.29413865198352e-03 9.17181003955256e-03 8.07826099229636e-03 1.23984111588561e-03 -1.25022902498366e-03 -1.68515758927042e-03 -7.58802108930903e-04 -3.52837862858100e-04 1.26944623859264e-01 -7.73661585799420e-01 6.61615551325486e-02 -2.96811033010012e-03 -5.48898580124894e-03 -3.49343189390165e-03 -8.33301325162471e-03 -9.52995862090566e-03 7.86734999178431e-03 -1.24265161079009e-03 -1.20050697974541e-03 1.63523776139500e-03 -7.62851278484762e-04 3.40401594298441e-04 4.35700297347659e-03 -4.37303271425601e-03 1.79880793395929e-02 -7.13439166934684e-03 -3.31264304787204e-03 -3.79612245181501e-05 -5.39739990842392e-02 -5.36694997927238e-03 -5.25009866530340e-05 1.27217648469830e-01 2.59389476572496e-03 7.05219005207603e-04 -3.92690834343112e-02 2.34530606852428e-04 1.23263364950874e-03 -5.30921706038456e-04 -9.78507767470614e-03 6.06996317408241e-04 -4.17832585340867e-04 -3.66844901943268e-03 -8.89845423842649e-04 -1.51075975654394e-02 2.56959625413768e-03 -7.43852052371803e-05 7.43844383846336e-05 2.92408905311565e-05 1.22295452982414e-04 5.25542684378672e-04 8.20149270604408e-06 -8.39670980702623e-04
 -3.99861776796230e-03 -1.68816702887420e-03 4.48836916952935e-02 6.05010563151244e-03 1.92230187234879e-02 9.28209271630915e-05 2.59562046141456e-04 -1.30247836509171e-01 -1.81911796561836e-03 -2.68695552969330e-03 3.66392555401735e-02 3.34132033511422e-04 8.21865193920011e-04 4.26901595086725e-05 1.00075473182566e-04 4.08396042309995e-03 4.87468209853961e-05 -6.90328336327005e-03 3.71439023898750e-05 7.13850152132941e-05 2.85750495769947e-03 -1.93466716395048e-05 -4.73166370236307e-03 -3.77631523868704e-04 1.26417197925424e-05 -1.46977112195694e-03 -4.91600733001682e-06 1.38394818547203e-04 -3.52216140752202e-06 -2.12420126616102e-04 2.17963522298713e-02 -1.76716983578012e-01 3.89411755259714e-02 -5.88625302011948e-05 -2.28066795718029e-05 -3.02797302301913e-05 -2.86336076647101e-03 4.42695070100574e-06 -3.47921228978173e-05 1.97229640776728e-05 -1.44760578164426e-05 3.27445152356970e-04 2.20188460536451e-08 -5.54154009701071e-04 -1.06587844309884e-02 6.66396972581757e-02 -6.88405207722325e-03 -8.50380867417593e-04 -7.94343868125237e-04 -2.65638090346286e-05 -3.24443454318171e-03 -9.78073961948244e-04 -6.22196636046251e-05 5.53086333087587e-04 1.49218801751090e-05 7.28061091677310e-05 -7.59007453683315e-06 -3.90915575162114e-04 -1.08559662260277e-02 6.71615663771184e-02 -7.25884144951845e-03 -8.39819002688925e-04 3.71572040111668e-04 -7.03545766348832e-04 -3.26370229049430e-03 4.13264610501590e-04 -8.32501317624501e-04 -2.75898213125741e-04 -1.09494142544093e-04 2.45379430086558e-04 4.73945550991699e-04 -2.65071198046094e-04 -1.17400606464886e-02 7.23300375618149e-02 -7.27360705020199e-03 -8.22285315349638e-04 4.20383079757030e-04 7.35044690434154e-04 -3.22661544357918e-03 4.38748037085217e-04 7.72726781896371e-04 -2.60512866503843e-04 1.12719638878183e-04 2.41229573808945e-04 -4.45141591518932e-04 -2.81190511610209e-04 -9.77878753927850e-02 2.60640315780127e-03 -9.66852276329231e-02 5.11526208534941e-02 -5.29599017607954e-02 2.40192428632796e-04 2.98308448138611e-04 1.41804356045402e-01 -6.44295577077641e-04 -9.07677468187920e-04 -5.84733592806297e-02 1.94602875566832e-04 3.04078480101993e-04 4.22422013743268e-05 6.98911184034129e-06 3.55483689582841e-03 8.24195605325575e-06 -6.28853374431558e-03 1.25562152155674e-06 -7.90310870489161e-05 4.18108376989933e-03 -1.80215668201368e-06 -7.29744219179672e-03 1.69011507568299e-05 -1.40257290273009e-05 8.61456530431455e-05 3.17673661240158e-06 -2.35491357512233e-03 7.10990651720647e-06 3.03138716396888e-03
 -5.14850450829279e-05 4.84063453197489e-05 -1.02483542577091e-03 -2.49660483229814e-05 -1.23969217252605e-04 2.10397518125330e-02 1.54560309001057e-04 1.26829740226778e-04 -1.67987748220400e-01 -5.45097487879953e-04 3.34132033511422e-04 3.40259516066379e-02 -3.58007390556993e-05 2.89472158732617e-03 2.66811664382323e-06 5.54455641704115e-03 1.31148214684175e-05 3.19422694760330e-03 9.18480842251757e-04 5.26647768309694e-06 6.22968295163914e-03 -5.08463052887632e-05 3.67372522574636e-03 5.21858214999233e-04 5.89134780325603e-06 -1.18099276452069e-04 -4.15366400880487e-05 -9.55884897007697e-04 -2.28971643514640e-05 -7.41377702959533e-04 2.15682850995592e-04 -2.37426383508803e-04 7.94585454979799e-04 9.14315483205297e-06 -1.60486647553353e-03 -1.21372729030952e-05 -5.97435835795774e-06 -3.67297440033647e-03 -6.25183370724395e-06 5.50353444973086e-04 1.47443750425481e-06 -5.90753701986096e-05 8.15515200812574e-06 -5.42932635384439e-06 2.97606217175611e-02 -1.81433318092291e-01 1.64741225069192e-02 -6.84660902107818e-04 1.36014666143947e-03 -1.14510564797792e-05 -1.94024787056554e-03 -5.69636376267822e-04 -2.49782749124395e-05 2.89101239002226e-04 2.02966055238116e-05 1.20330271444747e-04 -4.10367278115220e-06 -8.09826154029326e-05 -1.48128522243971e-02 8.96575482014978e-02 -7.55450160296176e-03 3.20753211805840e-04 -5.94874135251169e-04 -1.11720780217244e-03 1.04459799184862e-03 -3.77701578797462e-03 -1.84196996736442e-03 -1.27394176910758e-04 3.11995078867341e-04 5.02383034058557e-04 -2.45340805119752e-04 3.58481233537952e-04 -1.48194218816285e-02 9.05425185882128e-02 -7.71746015310349e-03 3.42834619417474e-04 -5.87228780539710e-04 1.09419831707477e-03 9.94057800425737e-04 -3.81169987820542e-03 1.96853287880787e-03 -1.46984850008681e-04 -3.29925799220793e-04 5.06060407500168e-04 2.51622720837899e-04 3.69193976603795e-04 -5.54093853374695e-04 8.39373591191034e-04 -2.50441016511147e-03 1.00355261203711e-03 5.55722964520913e-04 1.06535815753419e-02 1.30642909109088e-04 3.56658929200027e-04 -2.54039408645341e-02 -1.15986007957626e-04 -2.37672705742346e-04 7.92544442927743e-03 -1.05098685409090e-04 1.99079306858160e-03 1.67550180168872e-05 -2.19035474400573e-04 -3.42140267853966e-05 -2.09292282763587e-04 3.06936583486458e-03 -7.37438993406789e-05 8.88428435714299e-04 2.90636129145548e-05 1.82352756416287e-04 -3.18628145172076e-05 3.27309795981288e-06 -1.80720312481604e-05 2.45057563009700e-05 -6.68691740925605e-05 7.65924491022303e-05 5.79751541617713e-05
 -2.14020463304309e-05 -3.84579729626727e-05 1.19769691545210e-03 -6.56301927488993e-04 2.48561579392007e-04 1.10867814243718e-05 2.09729852747587e-02 -9.97841083641100e-04 6.81754935807563e-04 -1.67295814746255e-01 8.21865193920011e-04 -3.58007390556993e-05 3.37546034584765e-02 -1.29991513344225e-05 6.34717760697043e-03 2.40738532393103e-07 2.90746933369948e-03 -8.30091995017836e-05 -4.33615360426518e-05 7.20913969335311e-03 -1.33778176073981e-04 8.75437582602053e-04 8.93052644307072e-05 -7.18254314304711e-06 -1.21162984089020e-03 -1.63400408155717e-05 -3.10337798734324e-04 -9.32399456996219e-06 4.25453926828157e-04 4.03327523622194e-05 1.10758056586584e-05 -9.05455611247239e-04 1.59588317671919e-03 -2.57607797596331e-05 -3.59209685894910e-07 -1.60410446605590e-03 1.78106258346480e-04 2.37914658848372e-05 -3.65141630503874e-03 1.78017037518062e-06 -4.69309917654619e-05 -1.79726263411851e-05 5.58718467693642e-04 2.18833999863405e-05 -4.40878694865355e-04 1.83716564755381e-03 9.76628750749024e-05 -1.14018828674460e-05 -3.13765891303042e-05 -1.22468489561817e-03 7.98247048645743e-06 2.66929931791290e-05 -4.85440547336976e-03 1.82757212577095e-06 8.09926477129561e-04 -1.23512869261638e-05 -2.72680968232936e-04 -1.07331052219831e-05 2.54503956120146e-02 -1.55464008249188e-01 1.43365341366474e-02 -5.98458239519914e-04 -1.11078255644935e-03 6.83686766889974e-04 -1.71020470496013e-03 -1.83459904801491e-03 -1.62115269611193e-03 -2.52203870617853e-04 2.49643461114536e-04 3.40182022857746e-04 1.58620277307858e-04 6.72622722086885e-05 -2.57294524287856e-02 1.56697936202645e-01 -1.34894503215876e-02 5.93904234142886e-04 1.11850356444833e-03 7.15081421497948e-04 1.64432255511013e-03 1.93843301939680e-03 -1.59619085132280e-03 2.48822784351658e-04 2.44945420656266e-04 -3.29759679827895e-04 1.48518227874354e-04 -7.28000532997783e-05 -9.46368448183625e-04 7.58765163852621e-04 -4.05681461688614e-03 1.67683688414050e-03 2.35674244841557e-04 -3.59653772455666e-05 1.08899140121785e-02 2.13855517181995e-03 1.15121937515749e-04 -2.56697398274297e-02 -9.58290673261265e-04 -1.74934855857847e-04 7.92452032927684e-03 -5.54824588691864e-05 -2.48780470332720e-04 1.34707030517289e-04 1.97422514619638e-03 -1.68815796713004e-04 7.06671251772510e-05 7.39862403573629e-04 1.97544083472067e-04 3.04725849944712e-03 -5.57365697197519e-04 1.49571551347732e-05 -1.51320769314525e-05 -6.53207798708475e-06 -2.47448139158820e-05 -1.20681501596582e-04 -1.93497546008438e-06 1.88413090037788e-04
 -3.79299579709745e-05 -1.28767698917036e-06 4.82548346871651e-05 -2.12959501148031e-05 -1.14363651556654e-06 1.78984832893009e-03 6.81079177413020e-06 -3.63917493687452e-05 -1.42920082534573e-02 4.06391990012515e-06 4.26901595086725e-05 2.89472158732617e-03 -1.29991513344225e-05 2.46287699662979e-04 -1.67647640049426e-06 4.73458571739289e-04 2.26358212004893e-07 2.68784814546512e-04 7.81577262047302e-05 -1.78622084409010e-06 5.31183784082404e-04 -4.63842734057308e-06 3.10684405485524e-04 4.38135778027206e-05 8.80738050158574e-07 -1.23266178072563e-05 -3.43295129953222e-06 -8.19202827803712e-05 -2.08652416221817e-06 -6.23241365427072e-05 1.32163322421438e-05 -2.42429671480146e-05 5.37582218859726e-05 -1.07258996794564e-06 -1.36538297417018e-04 -5.50792575790642e-07 2.45092301494469e-06 -3.12472328272129e-04 5.99935665492797e-07 4.68286191726413e-05 1.35555527096345e-07 -5.18021955033203e-06 5.15169582335175e-07 -1.93509863868229e-07 2.51704597539296e-03 -1.53563611256000e-02 1.38377796155560e-03 -5.81421598853131e-05 1.14112843194826e-04 -6.08466820012115e-07 -1.66850999519940e-04 -4.80288448446980e-05 -6.53414357722716e-07 2.48735822587442e-05 1.49063385562623e-06 1.02290652338638e-05 -2.66877534337131e-07 -7.12614646216972e-06 -1.28312482702809e-03 7.75456835737584e-03 -6.65148597096359e-04 2.75758279269218e-05 -4.94750146341868e-05 -9.66441385049162e-05 8.75683745305198e-05 -3.21040751057682e-04 -1.55775151225506e-04 -1.09059550018060e-05 2.63665643134910e-05 4.27956971363218e-05 -2.06794666111129e-05 3.03499930923134e-05 -1.26824105579600e-03 7.73585693319766e-03 -6.70240071925622e-04 2.90932766819559e-05 -4.94941206072505e-05 9.42645467645856e-05 8.22516101756798e-05 -3.25121953864189e-04 1.67536785066507e-04 -1.27147815838535e-05 -2.80274470345763e-05 4.32991708912942e-05 2.11282880682820e-05 3.12932609760642e-05 -5.47084493708461e-05 5.75598979454225e-05 -2.06600768723998e-04 8.22823614411049e-05 3.30938080866981e-05 9.06503388004370e-04 7.91457922371888e-06 6.33659821388743e-05 -2.16151699554300e-03 -2.37456998786461e-06 -3.43708433313004e-05 6.74385841049602e-04 -1.12301936263500e-05 1.69408109210259e-04 1.49165403489620e-06 -1.78955790239715e-05 -3.49715193891197e-06 -1.91571862557926e-05 2.61063171379984e-04 -6.50820505745282e-06 7.60336646913553e-05 1.52635824583621e-06 1.47925038247133e-05 -2.74899636180879e-06 2.77535499554401e-07 -1.67862028702671e-06 2.09394315415754e-06 -6.22363986655586e-06 6.51876894320030e-06 5.61347479787452e-06
 -9.18270461994326e-05 -9.43008952053828e-07 5.28956863124330e-05 -1.02450667560765e-04 1.61746614695648e-05 8.08407921705002e-06 3.94422671125971e-03 1.86131820725244e-05 8.23978005727363e-05 -3.14609885789210e-02 1.00075473182566e-04 2.66811664382323e-06 6.34717760697043e-03 -1.67647640049426e-06 1.19361801460455e-03 -5.02025552167159e-06 5.46775610850678e-04 -3.40484132635703e-06 -7.94136726935380e-06 1.35582490425454e-03 -2.86928320364285e-05 1.64705704327719e-04 2.66786119442079e-05 -2.10585392993120e-07 -2.27909254719943e-04 7.59927648008346e-07 -5.83776251947152e-05 -1.81909937704669e-06 8.00222166235245e-05 7.15161437012849e-06 -2.06340981887758e-05 6.12906306422928e-05 2.50488139888972e-04 -3.04619780507504e-06 -4.97623069501001e-07 -3.01655380667962e-04 3.37905188962696e-05 3.40718402162005e-06 -6.86728203353508e-04 4.62386205142797e-07 -8.80519323984235e-06 -3.71227793064385e-06 1.05090912081660e-04 4.64563985789912e-06 -4.76376784419855e-05 1.42967556850178e-04 4.57581679420841e-05 -1.33343240990690e-06 -3.14034272298951e-06 -2.30300050394403e-04 6.84616438844141e-06 5.20538979882617e-06 -9.12930659871222e-04 -5.41149903784204e-07 1.52307905795379e-04 -2.41452720545252e-06 -5.12758414170108e-05 -1.40719451910334e-06 4.80950219518340e-03 -2.93645546560055e-02 2.71762560467875e-03 -1.11472681307360e-04 -2.10230120807624e-04 1.30333868753175e-04 -3.15395340249483e-04 -3.46177846997459e-04 -3.05188396738924e-04 -4.69829528285874e-05 4.72086175257509e-05 6.37262807464433e-05 2.89302829977889e-05 1.31866006643619e-05 -4.81507886715490e-03 2.93390588966952e-02 -2.51610967716366e-03 1.12768144429600e-04 2.08982822999793e-04 1.32695212280988e-04 3.15454871463389e-04 3.63385353144662e-04 -2.99832727710674e-04 4.72153499730528e-05 4.57905161862768e-05 -6.22616176673351e-05 2.87942581160093e-05 -1.31226070977665e-05 -1.34434608002581e-04 1.55428479882435e-04 -6.46188351769725e-04 2.51854312388799e-04 1.32408009165162e-04 -4.13238393995156e-06 2.04768981529395e-03 1.80819271935802e-04 1.53693309158846e-05 -4.82650774103093e-03 -8.93002494139383e-05 -3.09275941135577e-05 1.48991210662687e-03 -9.93919793111806e-06 -4.67841820361242e-05 1.96292289863692e-05 3.71271888137346e-04 -2.18246705286955e-05 1.42101891207544e-05 1.39238894970128e-04 3.22161662320845e-05 5.73153664965774e-04 -9.57053697982101e-05 2.81089014704115e-06 -2.82315019471718e-06 -1.22328682914620e-06 -4.65245116971694e-06 -1.95143271032958e-05 -3.52481254982244e-07 3.13273422866400e-05
 1.89615909955325e-04 -2.45769242104770e-04 6.05130228309316e-03 -9.53384511627452e-04 2.19099721394644e-03 3.41479703481024e-03 -3.64588610954537e-06 -1.61997186668223e-02 -2.73962133940970e-02 5.32944029017872e-05 4.08396042309995e-03 5.54455641704115e-03 2.40738532393103e-07 4.73458571739289e-04 -5.02025552167159e-06 1.40042535333528e-03 -4.99905539595616e-09 -3.34586478853831e-04 1.53444286728309e-04 -1.04075569195728e-05 1.44318393268930e-03 -1.36615504164000e-05 -1.33368034231077e-04 3.47331859482254e-05 5.97232087275395e-06 -2.12370751871546e-04 -6.38385806934196e-06 -1.25440269034287e-04 -5.42724272727466e-06 -1.61762545370247e-04 2.63374377042280e-03 -2.18346366952810e-02 6.06036078600327e-03 -2.24726691177424e-05 -2.62280854417278e-04 -1.24699342493863e-06 -3.14985413986892e-04 -5.93943807070298e-04 5.80276457146111e-06 9.12724412446434e-05 -1.21563400808860e-06 2.79625578576220e-05 -2.63237195320115e-07 -6.42761252357364e-05 3.46570355094019e-03 -2.08996048766379e-02 1.88926986027847e-03 -2.15645163817238e-04 1.18179440632976e-04 -1.67475879503189e-06 -7.36456751003949e-04 -2.07310632564757e-04 2.01123632509448e-06 1.17918999210704e-04 2.85787921769110e-06 2.95852228777805e-05 -8.29750383630146e-07 -6.09963921582132e-05 -3.83933248745427e-03 2.34543955905487e-02 -2.08375864324731e-03 -5.01193999338481e-05 -4.52929504291858e-05 -2.72804262167120e-04 -2.50742831653944e-04 -5.57223076257357e-04 -3.91630241757455e-04 -5.53939518516020e-05 3.71408218402783e-05 1.10280003108701e-04 2.08443589979986e-05 2.46208652850558e-05 -3.80715730409883e-03 2.33541984372710e-02 -2.03309598862340e-03 -4.77526591497865e-05 -4.43340600056264e-05 2.69001670658569e-04 -2.64282971305239e-04 -5.70672864784478e-04 4.13287286302793e-04 -5.80650019196296e-05 -4.10941072918410e-05 1.12193254401944e-04 -1.71274421477516e-05 2.46964305877804e-05 -1.15104778778814e-03 -3.41375924987073e-05 -1.19848309763685e-02 6.47416864116622e-03 -7.43921683357102e-03 1.75505050133454e-03 3.05982342849383e-05 1.88072940236971e-02 -4.19017409903064e-03 -6.06887175796237e-05 -7.67020362937625e-03 1.30616186048537e-03 -2.13562743380078e-06 3.27917393309294e-04 3.90769777092689e-06 4.47030730340258e-04 -9.40579297087379e-06 -8.86046822300604e-04 4.95795989678295e-04 -2.35976532719546e-05 5.72865093967249e-04 -4.81654252066917e-06 -7.19934185709398e-04 -3.08368873739396e-06 -1.08051916521601e-06 7.93831402343922e-06 4.49213537113078e-06 -2.62026974998756e-04 1.31942651316764e-05 3.32804108557983e-04
 -1.48114342472743e-05 5.87324935302062e-06 -1.37424377827428e-04 -2.38903569514130e-05 6.72886439418769e-06 1.10839865584462e-05 1.80683350148507e-03 -1.78208646416079e-05 -2.04052754715607e-05 -1.44122698267645e-02 4.87468209853961e-05 1.31148214684175e-05 2.90746933369948e-03 2.26358212004893e-07 5.46775610850678e-04 -4.99905539595616e-09 2.50499646814182e-04 -1.12746056490765e-06 -3.30334894283657e-06 6.21155694307618e-04 -1.01772920639403e-05 7.54774709724605e-05 1.19238434136400e-05 6.44330507106700e-07 -1.04399989208136e-04 2.50917392032111e-06 -2.67664063946031e-05 -1.15181570852735e-07 3.66564104474886e-05 1.67335410453746e-06 1.34896762562099e-05 -9.37896593454114e-05 1.68749299521206e-04 1.19566652470928e-06 -7.83856202323886e-07 -1.38191625907373e-04 9.10360379264311e-06 2.93009760062135e-07 -3.14610867206031e-04 4.00984403634055e-07 -4.03594385083470e-06 -1.27548323443084e-06 4.81523658379404e-05 1.36722340730535e-06 2.32388183684278e-06 -6.23463125177751e-05 4.78277897922413e-05 -1.61041088414577e-06 7.76532488922409e-07 -1.05502928427478e-04 2.61399925942528e-06 7.68732525212929e-07 -4.18216863838683e-04 -1.39492642709311e-07 6.97680481512983e-05 -9.95366770319194e-07 -2.34928671014593e-05 -6.16520260659988e-07 2.21214239532858e-03 -1.34857300721180e-02 1.26375470618841e-03 -5.17159318367908e-05 -9.73798956915091e-05 6.08175354060284e-05 -1.43928091921364e-04 -1.59125710428347e-04 -1.41722375150247e-04 -2.15609314477589e-05 2.17925820943812e-05 2.93143633660642e-05 1.31732161872117e-05 6.14980263480698e-06 -2.19690455910093e-03 1.34062918623027e-02 -1.13408644087884e-03 5.10163982535886e-05 9.46674556063997e-05 5.96739008022321e-05 1.45036632138330e-04 1.65870092043164e-04 -1.35438146798549e-04 2.15765182016028e-05 2.07797639893791e-05 -2.83784928957927e-05 1.32794609336369e-05 -5.89390560082653e-06 -5.99588665523028e-05 9.06624954890072e-05 -3.72736827707458e-04 1.56619916039252e-04 3.74935787266170e-05 1.71865577970972e-06 9.38066333591343e-04 1.43496978876976e-04 -1.73293852565872e-06 -2.21104872726128e-03 -6.45843090134493e-05 -1.14379890185924e-05 6.82465099698234e-04 -3.87666221183700e-06 -2.14072178995740e-05 1.05908601426190e-05 1.70039914012700e-04 -1.29881340078768e-05 7.61185965272634e-06 6.37110107457010e-05 1.68510783229801e-05 2.62567457940635e-04 -4.69102141403522e-05 1.33856085604170e-06 -1.29372594465670e-06 -2.92773949053302e-07 -2.12229331425053e-06 -9.61578780007985e-06 -1.33752635497953e-07 1.52083151278392e-05
 -5.02190979799808e-04 4.24035449942079e-04 -1.03731575157690e-02 1.57176692804827e-03 -3.81080664085169e-03 1.99843859258949e-03 2.09779074583810e-05 2.79617339905169e-02 -1.57339154890860e-02 4.90893081598470e-05 -6.90328336327005e-03 3.19422694760330e-03 -8.30091995017836e-05 2.68784814546512e-04 -3.40484132635703e-06 -3.34586478853831e-04 -1.12746056490765e-06 1.77156239440274e-03 7.97858707159187e-05 4.86328408278035e-06 -1.52773394308786e-04 2.55271631361017e-06 1.60708124236502e-03 1.34043970124148e-04 -5.57518618795025e-06 3.15290400293265e-04 -3.89581382005125e-06 -1.44534954184964e-04 -1.29239852166713e-07 4.16218235012607e-06 -4.50473006580038e-03 3.77568674409970e-02 -1.02623078047640e-02 3.55344860799161e-05 -1.49350040783902e-04 9.10770895416746e-07 5.54663840296372e-04 -3.52740230662678e-04 -4.73147844906278e-06 4.89318243692519e-05 2.74534592812248e-06 -7.12963301987962e-05 2.33012719667182e-06 1.10412973392779e-04 5.13851208118462e-03 -3.17635775432435e-02 2.85905700555142e-03 1.16596406410516e-04 3.01129579511451e-04 1.11824418889374e-06 5.39962626321733e-04 1.46505416260730e-04 -2.80022315316538e-06 -9.46030697866685e-05 1.03668753530274e-06 -6.02987115482672e-06 4.59280005922289e-07 7.43925067254334e-05 9.71696422269725e-04 -6.29741416482445e-03 6.72051177756562e-04 2.09285435746085e-04 -1.40106680868626e-04 4.58690022204998e-05 8.24770124574609e-04 -4.52699460971945e-04 -9.40062273947420e-06 4.80811959179774e-05 5.21363343935068e-05 -2.21327622873695e-06 -1.27926703206752e-04 9.16314433046800e-05 1.01952992016142e-03 -6.43701783635250e-03 5.81955977256900e-04 2.11016922355536e-04 -1.43501351941486e-04 -5.08365208976361e-05 8.22249912923579e-04 -4.50228561929235e-04 2.62442547174844e-05 4.43331906198385e-05 -5.30052809768484e-05 -2.80169201205499e-06 1.23236108642162e-04 9.57846849315689e-05 1.76537260807300e-03 3.22695502417906e-04 1.98665842390230e-02 -1.08613041976502e-02 1.30548604631845e-02 9.67730138175515e-04 -2.61320434691048e-05 -3.23552359389114e-02 -2.29834077028893e-03 1.13844542626385e-04 1.31583492750885e-02 7.19184345775891e-04 -5.19062922724945e-05 1.81005112325410e-04 1.37320570245031e-08 -8.54949448268401e-04 -6.27575032045796e-07 1.45269152811583e-03 2.95405842954428e-04 1.15824165128978e-05 -6.57462816832340e-04 1.28740286173518e-05 1.31492546411134e-03 -6.80373904069084e-06 3.11657618409688e-06 -2.10865067302447e-05 1.49309244649632e-06 4.27313974084276e-04 5.96497679191961e-06 -5.52910440070306e-04
 -5.08851341479494e-05 1.74126751065760e-06 -5.16182488594160e-05 -2.69166491600591e-06 1.19710345789596e-05 5.67799110586525e-04 -2.24108243455948e-05 -1.26196579198006e-04 -4.53514357401809e-03 1.96413075052278e-04 3.71439023898750e-05 9.18480842251757e-04 -4.33615360426518e-05 7.81577262047302e-05 -7.94136726935380e-06 1.53444286728309e-04 -3.30334894283657e-06 7.97858707159187e-05 2.48819625817312e-05 -8.96394592272280e-06 1.72036022921412e-04 -2.49182683495239e-06 9.25966390043776e-05 1.39657836092795e-05 1.71533540617176e-06 -3.63233820668968e-06 -7.31795012054023e-07 -2.50681214824058e-05 -1.16334750311119e-06 -2.10034454895699e-05 3.46857933200103e-05 -2.17020514507775e-04 8.91703982415133e-05 1.22879799395180e-06 -4.33216681412176e-05 1.69155216989812e-06 -5.69259251048274e-06 -9.91307806047607e-05 4.46081642436561e-06 1.48624061872597e-05 8.79281144505942e-08 -1.13914930096755e-06 -4.90239630198712e-07 -9.05333091702653e-07 8.00030998117088e-04 -4.86294573152714e-03 4.48279068465487e-04 -1.95602113413762e-05 3.67549682878125e-05 1.23011463475192e-06 -5.53907221643568e-05 -1.71350591654900e-05 5.46559095078562e-06 8.32623512423028e-06 -4.76721871935637e-07 3.35114682646516e-06 2.29643570941270e-07 -2.52917840562977e-06 -4.35765330010974e-04 2.65285335523745e-03 -2.18456226156639e-04 8.32630774036068e-06 -1.46632154135861e-05 -3.10218974225042e-05 2.73450813565523e-05 -9.87471960535072e-05 -4.91419839055490e-05 -3.37434977240486e-06 8.00863492445590e-06 1.33402826854481e-05 -6.37105957133060e-06 9.32824168416997e-06 -3.71494613877961e-04 2.28294157597700e-03 -1.87455612765359e-04 7.41727678791162e-06 -1.72553552177762e-05 2.86479340470082e-05 2.17247580114170e-05 -1.04500195621587e-04 5.65746760737101e-05 -4.53164913924509e-06 -9.13243278431729e-06 1.42966443440721e-05 6.17791898557190e-06 9.78316544991120e-06 1.62961096587056e-05 2.77117945853508e-05 -1.78942766810034e-04 8.88938935526878e-05 -5.35486942918502e-05 2.87709210614316e-04 -1.00741979229275e-05 1.73418664414021e-04 -6.86185981334548e-04 2.87823098649501e-05 -7.21880184962053e-05 2.14235498835828e-04 -1.26863123801925e-05 5.38255262489008e-05 7.79825073864365e-07 -1.72695897532863e-06 -3.43883861867474e-06 -1.31026298110622e-05 8.27388725372485e-05 -3.02411792138904e-06 2.72913958490069e-05 -3.11464052854633e-06 -6.20249193051972e-07 -8.35259234034017e-07 9.51615576968781e-08 -2.75425794398418e-07 6.96780341212552e-07 -3.62538997977764e-06 2.07497066902191e-06 3.86650207529178e-06
 -1.04847816240457e-04 2.02922680113589e-05 -4.96337582379323e-04 -3.99146790638042e-05 -1.08177806956225e-05 1.08023956321517e-05 4.48034585865352e-03 1.41817417291318e-04 8.45038412619313e-05 -3.57374063359484e-02 7.13850152132941e-05 5.26647768309694e-06 7.20913969335311e-03 -1.78622084409010e-06 1.35582490425454e-03 -1.04075569195728e-05 6.21155694307618e-04 4.86328408278035e-06 -8.96394592272280e-06 1.54036133234975e-03 -3.49705828658519e-05 1.87281412793746e-04 3.46276463165835e-05 2.08169093969895e-06 -2.58935062485584e-04 9.81630691278002e-06 -6.63440850829658e-05 6.63907019648764e-07 9.09326650734565e-05 4.53155153511568e-06 1.28206057937115e-05 -2.40691465810091e-05 3.73137868355863e-04 4.58702002895410e-06 -6.46183055599033e-07 -3.42654270624980e-04 2.28683955116496e-05 3.62130329436180e-06 -7.80183478785215e-04 5.31480572453548e-07 -9.99107606213421e-06 -3.39348028347964e-06 1.19413113686639e-04 3.86202065122869e-06 6.36292723938374e-06 -1.47380032082724e-04 1.26125656473721e-04 -2.54629212061361e-06 2.99740264357054e-06 -2.61594196960842e-04 1.33374384861676e-05 2.71224168879331e-06 -1.03704978629237e-03 -1.44781419932119e-06 1.72978488462013e-04 -2.67399985917735e-06 -5.82476606801207e-05 -8.85977973467768e-07 5.52213745145721e-03 -3.36512610070893e-02 3.16122084980366e-03 -1.27613666624787e-04 -2.42061821605917e-04 1.53580683570891e-04 -3.52387864069889e-04 -3.91691249294352e-04 -3.49748297073519e-04 -5.29286981871502e-05 5.39522380896659e-05 7.19355362014522e-05 3.21119860740597e-05 1.53596545342630e-05 -5.41083842191468e-03 3.30314240211110e-02 -2.78531880943640e-03 1.27116384026171e-04 2.34132172729182e-04 1.45208944975545e-04 3.64218647716162e-04 4.14254496615934e-04 -3.37638109143779e-04 5.40388141985467e-05 5.16226514915504e-05 -7.11294575851150e-05 3.34445706270114e-05 -1.44888789643351e-05 -1.10010694763089e-04 2.35509045633401e-04 -8.16760170330332e-04 3.30246250257747e-04 1.71842161945963e-04 -4.55482253613657e-06 2.32577449261287e-03 1.56021144713235e-04 1.67191946744713e-05 -5.48183562716042e-03 -7.79942760355296e-05 -3.49095863175371e-05 1.69210427050517e-03 -1.12578476838085e-05 -5.31002553100606e-05 2.13567313268456e-05 4.21688338366223e-04 -2.30523678241821e-05 1.64825892173166e-05 1.58154004499281e-04 3.64280292493892e-05 6.51144508728193e-04 -1.08340664982146e-04 3.35116691221210e-06 -3.19116438869170e-06 -7.01564544510981e-07 -5.28754457953542e-06 -2.09133869332332e-05 -4.01772026841913e-07 3.39590531314430e-05
 1.24329763658722e-03 -1.60957682308220e-04 3.21142487277090e-03 -2.74614964427291e-03 1.62460574060323e-03 3.84145445134825e-03 -7.99470253161141e-05 -1.44257401327308e-02 -3.07676581343910e-02 6.67092230574840e-04 2.85750495769947e-03 6.22968295163914e-03 -1.33778176073981e-04 5.31183784082404e-04 -2.86928320364285e-05 1.44318393268930e-03 -1.01772920639403e-05 -1.52773394308786e-04 1.72036022921412e-04 -3.49705828658519e-05 1.63222893823661e-03 -1.72615450655752e-05 -1.74599755516123e-04 5.83597618243678e-05 1.00793232584682e-05 -1.63472940352696e-04 -6.15362036473521e-06 -1.14193035959616e-04 -7.28427408427643e-06 -2.15595397553661e-04 2.52335759168090e-03 -2.06747521789786e-02 7.67189835574185e-03 3.84563541466841e-06 -2.94251193344195e-04 4.46351182304207e-06 -3.27107438768757e-04 -6.68886869693600e-04 1.94421000199282e-05 1.01816408939076e-04 -5.58706431497999e-07 2.47956196444933e-05 -1.88737669639775e-06 -6.10163116666381e-05 4.47066103196897e-03 -2.66723996925223e-02 2.81232186437933e-03 -2.27051416491926e-04 1.86381803767658e-04 2.78603654253259e-06 -7.39955620274209e-04 -2.20276572021764e-04 1.93377399607823e-05 1.17205274161731e-04 5.94235943058793e-08 3.31774810244910e-05 1.25135182294276e-07 -5.41621041520010e-05 -3.81668892216831e-03 2.37029964220497e-02 -1.68482010124995e-03 -3.93898772413420e-05 -7.32795878026825e-05 -2.62586382550112e-04 -1.86209668943980e-04 -6.24079962635527e-04 -4.26189191069646e-04 -5.36625603247896e-05 4.66149934899160e-05 1.13592076823365e-04 9.66022981177573e-06 3.57004788526228e-05 -3.59684635605736e-03 2.24531395403398e-02 -1.54561828893899e-03 -4.09676719275890e-05 -8.06246684746371e-05 2.53044081257195e-04 -2.13666019202075e-04 -6.52757413856863e-04 4.61038387365904e-04 -5.88483389340798e-05 -5.31750674793715e-05 1.18220785147077e-04 -7.26025239341524e-06 3.67779299981075e-05 1.41925293166453e-02 -3.30724623662248e-04 -1.11370779800261e-02 6.26012874078482e-03 -8.07233889620555e-03 1.96794165232324e-03 -5.70227981440657e-06 1.87722950740458e-02 -4.69482332508493e-03 3.86669685960995e-05 -7.51124262946961e-03 1.46323506936988e-03 -3.77610299765109e-05 3.68123905936745e-04 4.84315194450518e-06 4.59418385006710e-04 -1.66302298217580e-05 -9.17716244285727e-04 5.57674268220847e-04 -2.67912529755947e-05 4.37722669614944e-04 -1.55132264204951e-05 -4.49686794401307e-04 -2.97325914546719e-06 -6.33819510281756e-07 1.10695004746490e-05 5.10597797846078e-06 -1.82696167724289e-04 1.45465809060001e-05 2.30120126085855e-04
 -7.09810567891621e-05 1.45237148934201e-05 -3.74843767493275e-04 5.68481928461419e-05 -2.04092040547414e-05 -3.03757039641390e-05 5.44144582896168e-04 1.25892454278465e-04 2.65531839528857e-04 -4.34116480905501e-03 -1.93466716395048e-05 -5.08463052887632e-05 8.75437582602053e-04 -4.63842734057308e-06 1.64705704327719e-04 -1.36615504164000e-05 7.54774709724605e-05 2.55271631361017e-06 -2.49182683495239e-06 1.87281412793746e-04 -1.72615450655752e-05 2.29517253666226e-05 4.45255984282347e-06 8.37441208240173e-07 -3.15068512873065e-05 6.74812728918911e-06 -8.01324814035392e-06 2.77249907880248e-06 1.11045778315490e-05 9.93023335331852e-08 1.43465260775071e-05 8.05890853029979e-06 6.09592764917115e-05 5.05531373803257e-06 2.36363185516323e-06 -4.16078253091855e-05 -5.21905377664580e-06 5.98669529767986e-06 -9.48560636718738e-05 -7.86530987417573e-07 -1.20828791714923e-06 2.15173470474835e-08 1.45180603956552e-05 -1.13443710961140e-07 -9.13402511485725e-06 7.48766349433324e-05 3.00731769220649e-05 4.91594649741266e-07 2.03464699823791e-06 -3.17578125921890e-05 8.98590821521986e-06 -4.38989803506536e-07 -1.25980137740104e-04 -1.28978987527052e-06 2.09674028133553e-05 -5.29116533696869e-07 -7.07045877093868e-06 4.92515703807890e-07 7.29198523207166e-04 -4.40779715463356e-03 4.36164009568410e-04 -1.62400080857972e-05 -3.03606059605991e-05 2.35796002792093e-05 -3.99011272181168e-05 -4.09528573475948e-05 -4.12429371088066e-05 -5.88913435368651e-06 6.24917648683286e-06 7.66847757334537e-06 3.68979746435657e-06 1.60184202174881e-06 -5.99160263481668e-04 3.69235594272264e-03 -2.86955144382133e-04 1.46805660073893e-05 2.74791541316651e-05 1.27599050770873e-05 4.72577570313791e-05 5.69994718066893e-05 -4.25306401481018e-05 7.11642805886607e-06 6.57315307848872e-06 -9.69714417211168e-06 4.24979838998636e-06 -2.01615972051045e-06 -1.11591883012849e-04 6.46200127226960e-05 -1.10958353784330e-04 4.44377377843681e-05 6.32047181892908e-05 -1.70429635036366e-05 2.82152425453412e-04 -7.36179091785250e-05 4.11113939208091e-05 -6.65268961337124e-04 2.90650554333703e-05 -1.64270921395728e-05 2.05521763134712e-04 -4.44697679428507e-06 -6.45351852044932e-06 5.87136329997358e-07 5.12595482632039e-05 1.68969598325710e-06 -2.55084154442027e-06 1.93516407681278e-05 2.72843881387463e-06 7.91378500665716e-05 -1.28216308762849e-05 5.34079508448599e-07 -3.80963341704369e-07 2.74686681395506e-07 -6.83666620353918e-07 -1.52513740320876e-06 -1.69319825820102e-07 2.85318099937832e-06
 -2.33710097214211e-03 2.41564269427140e-04 -4.51351922935330e-03 4.53948570135837e-03 -2.80691787212028e-03 2.28936378166488e-03 1.24110325786929e-04 2.48591697889864e-02 -1.81247224574274e-02 -7.47566477632659e-04 -4.73166370236307e-03 3.67372522574636e-03 8.93052644307072e-05 3.10684405485524e-04 2.66786119442079e-05 -1.33368034231077e-04 1.19238434136400e-05 1.60708124236502e-03 9.25966390043776e-05 3.46276463165835e-05 -1.74599755516123e-04 4.45255984282347e-06 1.85896950048892e-03 1.14901368246487e-04 -1.02341669935384e-05 2.09958964678773e-04 -5.73098349707879e-06 -2.16505962877647e-04 1.16945558728347e-06 6.82917478632573e-05 -4.40357993686319e-03 3.61776660954765e-02 -1.32566981479130e-02 -2.47109577810156e-05 -1.72596546551791e-04 -6.76531639845434e-06 6.08552286365299e-04 -4.02867356185809e-04 -2.20947950089784e-05 5.76526221596336e-05 1.75924206025276e-06 -7.07129623308373e-05 4.50575534367660e-06 1.07942100367062e-04 4.76024640337187e-03 -3.01841867910569e-02 1.93631529500786e-03 1.05981113330795e-04 2.38474686393922e-04 -5.03267410353969e-06 4.45095701363297e-04 1.48429729780931e-04 -2.55005158712559e-05 -7.84227717025249e-05 5.51959366015528e-06 -6.57431711548504e-06 -9.09569388574767e-07 5.78001688442641e-05 6.45502061423118e-05 -1.59173478545254e-03 -5.47013664907671e-04 2.10619971661417e-04 -1.13251677825083e-04 -3.74016383360267e-05 7.61028242419237e-04 -5.22724653139693e-04 -3.01423805096535e-05 3.88403954002420e-05 5.01384287490571e-05 1.66443694272182e-05 -1.20163475240549e-04 8.95932308114982e-05 -1.22879948460339e-04 -2.43308824356536e-04 -7.47655576521562e-04 2.18163669688568e-04 -1.05811682678905e-04 3.87661788041459e-05 7.74267302286800e-04 -5.02012793474881e-04 3.62496596275528e-05 3.76637975517942e-05 -4.81069226970988e-05 1.26059302539473e-05 1.17516195627553e-04 9.27332810640102e-05 -2.48915366984889e-02 7.64749890733669e-04 1.85796544511293e-02 -1.06042395482739e-02 1.42259117605180e-02 1.12156739514100e-03 2.43358639109481e-05 -3.24085880874153e-02 -2.66957200325172e-03 -1.95845964927188e-05 1.29187262404082e-02 8.35907175415926e-04 -8.88135222681510e-06 2.09091570192851e-04 -4.42738354675499e-07 -8.91305366239092e-04 6.86732732762704e-06 1.50431793503900e-03 3.38183496745934e-04 1.23495106945013e-05 -3.85025491065264e-04 2.74092025043651e-05 8.65205757090080e-04 -8.91385784077221e-06 2.51944096469062e-06 -2.88335526083885e-05 1.67585834239099e-06 2.87484064574055e-04 7.38017628126506e-06 -3.73348909416165e-04
 -3.41892740712049e-04 1.71054481284648e-04 -4.44696882468302e-03 7.21009589167007e-04 -2.63916977025652e-04 3.24736333709608e-04 2.66297952964516e-06 1.31212595010219e-03 -2.56112955660599e-03 -9.17731624375164e-06 -3.77631523868704e-04 5.21858214999233e-04 -7.18254314304711e-06 4.38135778027206e-05 -2.10585392993120e-07 3.47331859482254e-05 6.44330507106700e-07 1.34043970124148e-04 1.39657836092795e-05 2.08169093969895e-06 5.83597618243678e-05 8.37441208240173e-07 1.14901368246487e-04 2.68440515317835e-05 -3.83841432396108e-07 7.19400424401196e-05 -8.60848046235562e-07 5.07051038595435e-06 -5.20611799253714e-08 -3.63416743567758e-05 2.25486797088412e-04 -2.01904127271019e-04 4.65020395796140e-04 6.33939992411443e-05 -2.44163140321808e-05 -1.35796311759538e-07 -1.15252278810866e-04 -5.64659001235690e-05 -1.08865334115073e-06 8.18575487842510e-06 1.28439292272054e-07 4.60004495164222e-06 4.33981781164366e-07 -9.51715865907725e-06 9.38923393559288e-04 -5.26858673154303e-03 8.23189021605269e-04 -1.55734911647194e-05 7.29478732158071e-05 -8.18311753624580e-08 2.53145638166930e-05 -3.17918520373167e-05 -6.53834885863594e-07 -3.95025194549895e-06 5.43162085071101e-08 1.91505737853323e-06 -6.80360479344669e-08 5.18599863788159e-06 2.66018463955752e-04 -1.13789617811789e-03 4.68207808596561e-04 -3.58916329972089e-07 -3.49917199491172e-05 2.79694284648313e-05 7.20260205649784e-05 -4.48392776864532e-05 -4.99852167661949e-05 2.39836560392667e-06 7.25522849970359e-06 3.45396056204096e-06 -1.09879566841410e-05 9.01017474383619e-06 2.64772809319973e-04 -1.12612303633848e-03 4.53694768283474e-04 5.07768270865256e-08 -3.49114613638955e-05 -2.82658395137334e-05 7.14330920547507e-05 -4.57241148895413e-05 5.09207481434863e-05 1.82150313463437e-06 -8.00103957494764e-06 3.84744967373664e-06 1.09037670833487e-05 9.49647451662350e-06 -4.20135603696638e-04 5.01844493048377e-04 -4.17905132534852e-04 2.02123405519782e-04 4.18947427243367e-04 1.58530208732952e-04 -5.89637130415067e-07 -9.04528818283999e-04 -3.81252602622735e-04 5.31868144073251e-06 3.85935671675776e-04 1.18950246476852e-04 -4.49649451287978e-06 2.96652559439492e-05 5.77581280893066e-07 -2.50722075415864e-05 -8.67596936798552e-07 3.59101655549468e-05 4.82757756590342e-05 -9.28064935249910e-07 7.54840952034654e-06 1.29753060362917e-06 1.32864989923788e-05 6.85176545917313e-07 2.01363661970164e-07 4.72162375870195e-06 3.27861476779653e-07 1.18396237157112e-05 1.11337528566464e-06 -1.57686034130716e-05
 8.77817997814201e-05 -2.70010608264127e-06 7.10240944374859e-05 6.49012990555544e-06 1.45283800732472e-05 2.31043692077167e-06 -7.53150282432992e-04 -1.30065113630746e-04 -4.76122423166009e-05 6.00704227113875e-03 1.26417197925424e-05 5.89134780325603e-06 -1.21162984089020e-03 8.80738050158574e-07 -2.27909254719943e-04 5.97232087275395e-06 -1.04399989208136e-04 -5.57518618795025e-06 1.71533540617176e-06 -2.58935062485584e-04 1.00793232584682e-05 -3.15068512873065e-05 -1.02341669935384e-05 -3.83841432396108e-07 4.35531076963073e-05 -2.19027387120197e-06 1.11407441162922e-05 2.23440650435595e-07 -1.52944513228373e-05 -1.59096279784958e-06 2.04546565747595e-05 -1.66493424126457e-04 -7.83181310363591e-06 -1.71818288350507e-07 -2.13852955308691e-07 5.75905003900871e-05 -7.35617937846999e-06 -1.30945546731641e-06 1.31155616404734e-04 2.89965737042124e-08 1.66961641464190e-06 9.46146577726387e-07 -2.00744102462185e-05 -1.30741864620495e-06 3.75903754258276e-07 2.05648357100958e-05 -1.61206756993450e-05 -5.74088016392221e-07 -3.30687059977079e-07 4.39644590682813e-05 -5.21018145923671e-06 -1.43305765771191e-06 1.74326428318197e-04 7.39830658509235e-07 -2.90741288893960e-05 5.73752023234881e-07 9.78687280119718e-06 -1.08134765595621e-07 -9.35649296693385e-04 5.70624849828093e-03 -5.31238694308114e-04 2.06552070274618e-05 4.06141347172722e-05 -2.61280073630070e-05 5.68569850733457e-05 6.55393816241072e-05 5.76964409826004e-05 8.65833191870636e-06 -9.04433873409324e-06 -1.18570318467254e-05 -5.06845869196062e-06 -2.71282376755679e-06 9.02016508470762e-04 -5.50225433022041e-03 4.68542038710391e-04 -2.21598871669010e-05 -3.94173754616358e-05 -2.40920888868881e-05 -6.36251952497995e-05 -6.99767305160210e-05 5.78542360676438e-05 -9.32246216275921e-06 -8.71603027541599e-06 1.22045855643924e-05 -5.92973437639403e-06 2.29689286850005e-06 2.48467070896047e-05 -3.55011813928144e-05 4.33125374636920e-05 -4.28374622369213e-06 -8.30133574741526e-05 2.96777921643975e-06 -3.90805467894169e-04 1.08683636790062e-04 -8.14074131901568e-06 9.21035876953435e-04 -4.14035849378352e-05 7.52059979108100e-06 -2.84324339762934e-04 2.30366920410315e-06 8.94048071323967e-06 -9.13300954617878e-08 -7.09097779440311e-05 -2.40232238709373e-06 -2.17635651726071e-06 -2.66802930282368e-05 -2.84263480444143e-06 -1.09489126646441e-04 1.28073096936647e-05 -5.38313895464403e-07 5.26767751992676e-07 2.61942020918851e-07 8.96581945895183e-07 1.80655501918703e-06 8.75151561282369e-08 -3.51447667060148e-06
 -1.51895908559223e-03 6.67465676140679e-04 -1.73982556777826e-02 2.82519473861157e-03 -1.00935297176959e-03 -6.51095648983202e-05 6.25919772931024e-06 4.99320701349911e-03 6.43311971098027e-04 -4.75305348736563e-05 -1.46977112195694e-03 -1.18099276452069e-04 -1.63400408155717e-05 -1.23266178072563e-05 7.59927648008346e-07 -2.12370751871546e-04 2.50917392032111e-06 3.15290400293265e-04 -3.63233820668968e-06 9.81630691278002e-06 -1.63472940352696e-04 6.74812728918911e-06 2.09958964678773e-04 7.19400424401196e-05 -2.19027387120197e-06 2.89173043949100e-04 -8.20247149351380e-07 8.14869635170750e-05 1.35833577150540e-06 -9.63855726797680e-05 9.02657927593984e-04 -1.00796888227508e-03 1.84848382157223e-03 2.49163640378009e-04 6.34093972913493e-06 -2.09064472988049e-07 -4.58084344485860e-04 1.22794939014034e-05 -4.85349906804533e-06 -2.90006219301635e-06 3.85578346702253e-07 2.22160081321310e-05 1.33055906841655e-06 -3.76833051013710e-05 1.78531407803216e-03 -9.07730724326612e-03 2.18452075358958e-03 -1.87242852900002e-05 1.99566035302354e-04 6.20066404219164e-08 2.19544021847623e-04 -9.08888530203712e-05 -2.30239770836738e-06 -3.33174603760609e-05 -8.56684132957157e-07 -8.90430753853691e-08 -8.48376604445579e-08 2.50308758550269e-05 1.98920777714842e-03 -1.01677139965317e-02 2.32477003135620e-03 -2.31738678544933e-05 -9.97106756281228e-05 1.80968639449085e-04 2.12367996103947e-04 6.51851973243491e-05 -8.13900334731082e-05 1.71673910740748e-05 8.51282243465394e-06 -1.80451919202370e-05 -2.69540585894417e-05 1.22438149104320e-05 1.97040647420113e-03 -1.00914255953191e-02 2.27083879591532e-03 -2.26414831956852e-05 -9.92491333973498e-05 -1.80265687420230e-04 2.14158552057379e-04 6.48959000744845e-05 7.60538391909603e-05 1.62940517496423e-05 -1.01787444390926e-05 -1.69129393030639e-05 2.63366329443413e-05 1.34191844782974e-05 -1.57853986544546e-03 1.92248457900698e-03 -1.60817810254887e-03 7.99274409820117e-04 1.53331995810404e-03 -5.59460775077069e-05 -7.45663400294647e-06 -3.38893063527175e-03 1.20647827172836e-04 2.06122505937024e-05 1.45582731844554e-03 -3.76609964851162e-05 -8.59068337255033e-06 -1.03041059630875e-05 1.14481627166982e-06 -7.96747289204013e-05 -7.05281934707935e-07 1.45857337048685e-04 -5.94788830909972e-06 1.14735182107835e-06 -2.30784422277105e-05 4.02262749349023e-06 3.37093102381337e-05 4.76807136389636e-06 5.63892336592380e-07 1.98971515779624e-05 -2.75192027191807e-07 4.85248860478200e-05 -5.01692242080588e-07 -6.27373071150261e-05
 -2.04564695313527e-05 -2.62669754895501e-06 6.27740822775366e-05 -6.33339200033647e-06 5.72140057079657e-07 -2.60174264040352e-05 -1.93095140965933e-04 2.75524397594216e-07 2.00171554091653e-04 1.53943746543798e-03 -4.91600733001682e-06 -4.15366400880487e-05 -3.10337798734324e-04 -3.43295129953222e-06 -5.83776251947152e-05 -6.38385806934196e-06 -2.67664063946031e-05 -3.89581382005125e-06 -7.31795012054023e-07 -6.63440850829658e-05 -6.15362036473521e-06 -8.01324814035392e-06 -5.73098349707879e-06 -8.60848046235562e-07 1.11407441162922e-05 -8.20247149351380e-07 2.90968134124399e-06 8.92109456817028e-07 -3.88967741168591e-06 1.01013390515001e-06 -6.51556664218468e-06 3.17499559314445e-05 -2.89152320905932e-05 -8.46804661025941e-07 1.97513732327302e-06 1.47688564999543e-05 5.31122661121554e-07 4.29929514795211e-06 3.36076848105224e-05 -6.90642993636531e-07 4.29543668421440e-07 9.62598371903347e-08 -5.15368282559841e-06 4.77095184536643e-08 -3.96468499058506e-05 2.42612941228583e-04 -3.04232422010857e-05 1.12821695589480e-06 -2.20339468547397e-06 1.12775379133946e-05 1.74292892999757e-06 8.44687944222329e-07 4.46833329665773e-05 -2.89718644423578e-07 -7.47010802221337e-06 -5.19828552008128e-08 2.51361731623254e-06 1.14557190438524e-07 -2.23119358348758e-04 1.35632181821706e-03 -1.32023493968324e-04 5.29328960314981e-06 1.13554779771284e-05 -5.62167963345507e-06 1.38595574639225e-05 2.12993164439057e-05 1.75404815256559e-05 2.43183142042702e-06 -2.72237106405418e-06 -3.68826664509796e-06 -1.08585956369236e-06 -1.09477595177001e-06 2.47650438888201e-04 -1.51595132340060e-03 1.24276759385240e-04 -5.70174374044222e-06 -9.15900775062180e-06 -7.21726024511709e-06 -1.69338973181081e-05 -1.33529615209188e-05 1.19118062823237e-05 -2.14837978921164e-06 -1.79616752747431e-06 2.46162574322471e-06 -1.74627588402102e-06 1.76340418996909e-07 2.06625424864778e-05 -1.63608501589242e-05 5.74979113134582e-05 -2.55744208291693e-05 -3.51532569683595e-06 -1.27073928221398e-05 -1.00293557947238e-04 -2.09392897901104e-05 3.00944584647641e-05 2.36178088250062e-04 9.14046351423197e-06 -8.10934998252168e-06 -7.27271447668546e-05 -1.92654698061086e-06 2.26091507263041e-06 -1.02691178346395e-06 -1.81080289196799e-05 1.89704890912410e-06 -4.44415265085130e-06 -6.70799688216793e-06 -3.23209343138850e-06 -2.80727683023779e-05 5.46809457295092e-06 -1.20442978988727e-07 1.33986377535981e-07 -1.32420536202027e-08 1.97962320406322e-07 1.20775658320153e-06 -7.61147721221554e-08 -1.82254592350512e-06
 -2.62336722656413e-04 2.19818184805439e-04 -5.95014394139402e-03 5.28572634998730e-04 2.60282264194288e-05 -5.90597586913332e-04 -1.12304826673451e-05 -1.61151503506484e-03 4.74032023164952e-03 4.90732337920753e-05 1.38394818547203e-04 -9.55884897007697e-04 -9.32399456996219e-06 -8.19202827803712e-05 -1.81909937704669e-06 -1.25440269034287e-04 -1.15181570852735e-07 -1.44534954184964e-04 -2.50681214824058e-05 6.63907019648764e-07 -1.14193035959616e-04 2.77249907880248e-06 -2.16505962877647e-04 5.07051038595435e-06 2.23440650435595e-07 8.14869635170750e-05 8.92109456817028e-07 7.15326581242786e-05 7.31458571311622e-07 -3.64007402312594e-05 9.63220027305996e-04 -5.47263830310516e-03 2.48635653718545e-03 9.82628330252244e-05 4.52737471730024e-05 5.91814952022554e-07 -2.60498950969407e-04 1.03922216822813e-04 3.33277566370846e-07 -1.55740821565012e-05 -1.44260386243342e-07 1.91966446594593e-05 -7.80580442314678e-08 -2.96545742786821e-05 -3.40402990835207e-04 2.91737287009671e-03 3.55261807981522e-04 -1.40541411515296e-05 2.60953631622793e-05 5.38687760276143e-07 4.38532767467058e-05 -4.87896371330025e-05 1.71844157750645e-06 -5.03438688566493e-06 -1.12076255885061e-06 -5.64997906924973e-07 7.09121280386124e-08 2.22083723061675e-06 9.20668667426021e-04 -4.70120765733499e-03 1.03989017081488e-03 -4.22628650749616e-05 -1.51494918083657e-05 8.67846541502841e-05 -3.83934358507507e-05 1.41529982033896e-04 -5.71194317308701e-06 2.49535666423883e-06 -7.44402259223893e-06 -1.48617472423117e-05 9.49821618593505e-06 -1.21054344805477e-05 9.26560386858626e-04 -4.78946701435987e-03 1.04228076416564e-03 -4.30628109374832e-05 -1.55178055813416e-05 -8.60720245172596e-05 -3.80754746217075e-05 1.39932331928449e-04 5.52841755311569e-07 2.69141588003563e-06 6.87306790290417e-06 -1.40828789897684e-05 -9.34990573178276e-06 -1.22622948629262e-05 2.24931415353809e-03 6.36768052606745e-04 -3.21517026803194e-03 1.78309117561637e-03 -1.37172939827107e-03 -3.02541856659312e-04 -5.05613345059121e-06 3.20732006409029e-03 7.15713629243995e-04 5.17781597935281e-06 -1.24287655112343e-03 -2.23721463974970e-04 1.35810336843609e-06 -5.64309519746488e-05 2.55829703010639e-07 9.54012750423084e-05 -3.52554087052139e-07 -1.49876942428701e-04 -8.53545651565247e-05 -2.66130445215531e-07 4.05347741921571e-05 -1.82689084429526e-06 -1.20496380327728e-04 3.42313188309776e-06 -1.88975802386122e-07 1.17517562578128e-05 -6.34195401459917e-07 -2.38285005190994e-05 -2.11112115838347e-06 3.13580987282173e-05
 3.66362332055766e-05 2.80380984251512e-06 -6.34887151187266e-05 6.09217276911875e-06 -5.28891728835748e-06 -1.36745872818633e-05 2.64374791334454e-04 4.06690434368422e-05 1.19688759918710e-04 -2.10903360916190e-03 -3.52216140752202e-06 -2.28971643514640e-05 4.25453926828157e-04 -2.08652416221817e-06 8.00222166235245e-05 -5.42724272727466e-06 3.66564104474886e-05 -1.29239852166713e-07 -1.16334750311119e-06 9.09326650734565e-05 -7.28427408427643e-06 1.11045778315490e-05 1.16945558728347e-06 -5.20611799253714e-08 -1.52944513228373e-05 1.35833577150540e-06 -3.88967741168591e-06 7.31458571311622e-07 5.38763683988558e-06 7.28725769530035e-07 -2.15070894361253e-06 3.04935329789009e-05 1.35735766847800e-05 6.36809841452691e-07 1.05866484499298e-06 -2.02155941134869e-05 1.39841358285151e-06 2.71065703329792e-06 -4.60596554549289e-05 -3.47336494709186e-07 -5.88496109097719e-07 -1.63777852436986e-07 7.04661005797737e-06 2.35958818440799e-07 -1.54112185021031e-05 8.74304644297309e-05 3.43255176244819e-07 4.49312672545264e-07 -3.11483442877519e-07 -1.54308719338823e-05 3.04103028267908e-06 7.93621051461811e-07 -6.11989064981459e-05 -4.37516934133642e-07 1.01942455800845e-05 -2.43237236807967e-07 -3.43481135096132e-06 1.33824812167219e-07 3.40651385031768e-04 -2.07526432802795e-03 1.96025410169279e-04 -7.62139631042587e-06 -1.40985643103894e-05 1.02078354580245e-05 -2.05743261248337e-05 -2.06557658749803e-05 -1.91948466302514e-05 -2.95989479882813e-06 3.02357983163597e-06 3.81998346647199e-06 1.92973952315154e-06 7.39120244809677e-07 -3.04635086221535e-04 1.86002855599416e-03 -1.55003392850941e-04 7.39919890270545e-06 1.40005490130887e-05 7.44193787953843e-06 2.17637965055997e-05 2.69471985925881e-05 -2.14604601717331e-05 3.36423370322641e-06 3.21913486501216e-06 -4.62445968891602e-06 1.92985598817547e-06 -1.02559843876914e-06 -2.53995006671373e-05 1.66959293115925e-05 -3.15310089984271e-05 1.02190700518443e-05 2.49673694602180e-05 -7.59632667476622e-06 1.37140804469264e-04 -2.59241924461212e-05 1.84420942817060e-05 -3.23344853571131e-04 9.69586527203530e-06 -7.50320315348409e-06 9.98990405658458e-05 -2.03389489525139e-06 -3.14459024311367e-06 5.16712026340492e-07 2.49132974318970e-05 3.62024175466461e-07 -1.10625816505423e-06 9.40263455248111e-06 1.04369932877343e-06 3.84304150790200e-05 -5.64022813179769e-06 2.21924686810459e-07 -1.87445410846403e-07 -2.19950332967830e-08 -3.30055288308654e-07 -8.13146686728614e-07 -7.70851960092320e-08 1.48027978412311e-06
 4.33490549653693e-04 -2.81702888060563e-04 7.62739029204005e-03 -6.64711989031105e-04 -3.58798619223261e-05 -4.58922956006827e-04 2.19755375536788e-05 2.12377320294800e-03 3.63381896757345e-03 -1.62679162099319e-04 -2.12420126616102e-04 -7.41377702959533e-04 4.03327523622194e-05 -6.23241365427072e-05 7.15161437012849e-06 -1.61762545370247e-04 1.67335410453746e-06 4.16218235012607e-06 -2.10034454895699e-05 4.53155153511568e-06 -2.15595397553661e-04 9.93023335331852e-08 6.82917478632573e-05 -3.63416743567758e-05 -1.59096279784958e-06 -9.63855726797680e-05 1.01013390515001e-06 -3.64007402312594e-05 7.28725769530035e-07 8.94903714482938e-05 -1.25415797374220e-03 7.09833532799719e-03 -3.24790554218322e-03 -1.25941356065022e-04 3.47288628090819e-05 -1.31332551109484e-06 3.34970878602710e-04 7.90799761011799e-05 -2.95551160637464e-06 -1.18514564283953e-05 6.79114029037973e-08 -2.12415141069733e-05 7.44014216724570e-08 3.83984036475994e-05 -1.27591638112744e-03 6.69676627788441e-03 -1.40015674611211e-03 5.78859412337850e-05 -1.11310007742008e-04 -9.85780092640601e-07 5.77383438122282e-05 9.61028681564744e-05 -4.57623323634526e-06 -1.05591306636958e-05 8.95678488238090e-07 -6.24585021048932e-06 -6.66534656070821e-08 2.09025721754723e-06 -2.95653618624642e-04 6.70150272695434e-04 -8.77480165257480e-04 3.54675013085745e-05 5.25469440754120e-05 -4.54597963382384e-05 -1.06873168684021e-05 3.51554541912975e-05 1.13009396030325e-04 4.11800095829732e-06 -8.18830748839659e-06 -9.88778145493686e-06 1.86823912826834e-06 -4.99400403596807e-06 -3.42927078437640e-04 9.76982837068930e-04 -8.93238208326172e-04 3.61525179867345e-05 5.43199633458909e-05 4.69692769718837e-05 -5.53025593438102e-06 4.21872568740609e-05 -1.16225399776707e-04 5.38654618502337e-06 1.03437113003157e-05 -1.16203419321511e-05 -2.19204380527810e-06 -5.51360587056066e-06 -2.86602763140833e-03 -8.59589170288658e-04 4.29780531067091e-03 -2.36176222379313e-03 1.75592660211509e-03 -2.28088350661538e-04 7.38518559332716e-06 -4.20057703486516e-03 5.51212160400236e-04 -1.97959196348191e-05 1.63481884773267e-03 -1.71511777182264e-04 1.04533287193155e-05 -4.27934548102750e-05 -1.49117017953632e-06 -1.11302120393708e-04 3.98099048899808e-06 2.07229308941935e-04 -6.79116640127536e-05 5.22160774980543e-06 -1.04442103900776e-04 3.08455365828407e-06 1.45738624373294e-04 -2.53315714241936e-06 4.77602735808300e-08 -1.40250247748618e-05 -6.25263559027387e-07 3.51902309746561e-05 -1.72477265322663e-06 -4.45279114649495e-05
 -1.18843719783883e-02 3.76306112242414e-03 -1.01695013034530e-01 1.65298509832623e-02 1.01639862728609e-02 8.56603741690543e-05 -1.23927331636384e-04 -9.66266760526268e-02 -7.18702729512390e-04 2.66325418108768e-04 2.17963522298713e-02 2.15682850995592e-04 1.10758056586584e-05 1.32163322421438e-05 -2.06340981887758e-05 2.63374377042280e-03 1.34896762562099e-05 -4.50473006580038e-03 3.46857933200103e-05 1.28206057937115e-05 2.52335759168090e-03 1.43465260775071e-05 -4.40357993686319e-03 2.25486797088412e-04 2.04546565747595e-05 9.02657927593984e-04 -6.51556664218468e-06 9.63220027305996e-04 -2.15070894361253e-06 -1.25415797374220e-03 3.07261026644124e-02 -1.99016174122634e-01 6.86631329362210e-02 2.02142960329142e-03 -9.91669563706888e-06 -1.02588821264059e-06 -6.83434440219518e-03 1.22963258689190e-05 4.46307149047144e-06 8.43675529211779e-06 -9.25815327878554e-06 5.23624714816492e-04 1.16759687340342e-07 -8.88941889135010e-04 5.05906172722033e-03 -1.26269852813641e-02 1.33072766596357e-02 -1.10079277593217e-03 9.38217163623062e-04 -2.05640509518688e-06 -1.77319949044510e-03 -1.83356151704483e-03 1.61642118546577e-05 3.30022362379460e-04 -8.28925011851068e-06 9.09218649305311e-05 -3.17475148799485e-06 -1.95142320706091e-04 4.93552160307496e-03 -1.11782365762904e-02 1.32079615566421e-02 -1.09013404947621e-03 -4.69564092087419e-04 7.91663693163842e-04 -1.73678603962618e-03 9.44719018618484e-04 -1.60092246408228e-03 -1.53883692455029e-04 -3.03548351122529e-05 1.05669318643669e-04 2.80392406622237e-04 -1.71225946482859e-04 4.89478968068201e-03 -1.16097618146333e-02 1.33036889452526e-02 -1.09151478818522e-03 -4.60632764850464e-04 -7.82291253061019e-04 -1.75845957003450e-03 8.84599578999139e-04 1.55650344827382e-03 -1.56330234973882e-04 7.28355968389503e-06 1.25284857478728e-04 -2.61252044834708e-04 -1.75295955878882e-04 -1.99546643281058e-02 1.56371885994722e-02 -1.15324625444857e-01 6.22156540084809e-02 -5.21635253142048e-02 6.39576082853534e-05 5.44480836036140e-05 1.33424737193301e-01 -3.10808476127316e-04 -2.65093530763632e-04 -5.35966126067293e-02 8.67423110029583e-05 7.44643097832150e-05 1.28277486636616e-05 2.02614211048211e-05 3.49853430981774e-03 -3.45729019330371e-05 -6.14914726351418e-03 2.37150313487106e-05 -9.10279043617964e-05 3.53063175019357e-03 -3.67237874126928e-05 -6.17871423962771e-03 6.00128090585109e-05 -8.90764309536492e-06 2.72726888934826e-04 2.74199913665878e-06 -1.74398319398155e-03 4.55747105569422e-06 2.24236167335131e-03
 2.73578925756049e-03 -1.43003933200573e-02 3.94801267547993e-01 -5.38415704632117e-02 -8.86055205653399e-02 3.21407593099662e-04 6.75490124360033e-04 7.71506305721737e-01 -1.80122019772140e-04 -1.79254727368183e-04 -1.76716983578012e-01 -2.37426383508803e-04 -9.05455611247239e-04 -2.42429671480146e-05 6.12906306422928e-05 -2.18346366952810e-02 -9.37896593454114e-05 3.77568674409970e-02 -2.17020514507775e-04 -2.40691465810091e-05 -2.06747521789786e-02 8.05890853029979e-06 3.61776660954765e-02 -2.01904127271019e-04 -1.66493424126457e-04 -1.00796888227508e-03 3.17499559314445e-05 -5.47263830310516e-03 3.04935329789009e-05 7.09833532799719e-03 -1.99016174122634e-01 1.38252280953267e+00 -4.57674492517032e-01 -9.54308598993702e-03 2.26918904777760e-05 2.78937287091839e-05 3.92225282781941e-02 -2.29827641962154e-04 -6.71949692346951e-05 -5.57910337343816e-05 7.20164708366020e-05 -3.28659702493042e-03 1.50547261254796e-05 5.57022141648668e-03 3.83174669126967e-04 -9.54702492931486e-02 -5.27069270907115e-02 7.33564898128477e-03 -2.80172441133280e-03 3.35240758670628e-05 1.64729657438073e-02 1.09387320556532e-02 -8.27203606754740e-05 -2.92234539396204e-03 3.21621074111203e-05 -6.50581798899407e-04 2.47680646455128e-05 1.79345389436288e-03 4.84519863231165e-05 -9.57180191445193e-02 -5.21023806727247e-02 7.29049184039310e-03 1.43111239840449e-03 -2.37323248553149e-03 1.64106144084807e-02 -5.69079620199300e-03 9.40972940539336e-03 1.39790003795078e-03 3.69501072542900e-04 -1.00659228233372e-03 -2.51063109202382e-03 1.45964378736692e-03 7.92541320025618e-04 -9.60864538092995e-02 -5.33414005397118e-02 7.29399173233652e-03 1.34297012457020e-03 2.29658644922476e-03 1.65407749159742e-02 -5.33620810429427e-03 -9.13391853330169e-03 1.38935230819576e-03 -2.47108555070810e-04 -1.11454595343917e-03 2.36053567968641e-03 1.51354888425103e-03 3.84879929934910e-02 -7.13546387173209e-02 7.79913810284222e-01 -4.23269187512817e-01 4.01824657887324e-01 -4.06766815827479e-04 -6.97927204691302e-04 -1.00972991122974e+00 1.82813924818958e-03 2.64459437964156e-03 4.06761371714662e-01 -4.92053456713831e-04 -8.12143119787355e-04 -7.93927640879386e-05 -1.13939937758897e-04 -2.64242427680981e-02 1.92034827206395e-04 4.64814574561405e-02 3.65996049500092e-05 6.41519515020835e-04 -2.46467110847533e-02 2.91375932577690e-04 4.31979032870658e-02 -3.38485291258769e-04 7.30095299716839e-05 -1.55723885071676e-03 -2.17399435307946e-05 1.29021272851552e-02 -3.31100753222015e-05 -1.65992948076018e-02
 1.70206226039460e-02 7.91773575133714e-03 -2.21769402317746e-01 8.88809810717260e-04 1.94934227211138e-02 4.00106048730484e-04 6.69182574665779e-04 -2.24380992308845e-01 -3.09290405511811e-03 -7.19838340163829e-03 3.89411755259714e-02 7.94585454979799e-04 1.59588317671919e-03 5.37582218859726e-05 2.50488139888972e-04 6.06036078600327e-03 1.68749299521206e-04 -1.02623078047640e-02 8.91703982415133e-05 3.73137868355863e-04 7.67189835574185e-03 6.09592764917115e-05 -1.32566981479130e-02 4.65020395796140e-04 -7.83181310363591e-06 1.84848382157223e-03 -2.89152320905932e-05 2.48635653718545e-03 1.35735766847800e-05 -3.24790554218322e-03 6.86631329362210e-02 -4.57674492517032e-01 1.83703120292256e-01 4.29410658768051e-03 -3.46248101697783e-05 -7.91607480964525e-05 -1.47321630336173e-02 -1.21587507064515e-05 -1.44215937056462e-04 2.05470087397828e-05 -1.91312846384943e-05 1.15252148672647e-03 2.67753758941316e-05 -1.95735885780894e-03 1.12862647079860e-02 -2.75766538598753e-02 3.27592492149268e-02 -2.53942290442104e-03 2.11238696109876e-03 -6.20013234759628e-05 -4.57807172678540e-03 -3.98006370511801e-03 -1.89414041894493e-04 8.22297742554234e-04 1.91575160446621e-05 2.42497278859317e-04 -2.01396413276992e-05 -4.23399105191445e-04 1.18644166203804e-02 -2.92230446829210e-02 3.29895618043479e-02 -2.53466247617234e-03 -1.10881227466671e-03 1.79380927337940e-03 -4.53698101555311e-03 1.94123257909398e-03 -3.57637396497912e-03 -3.97099332737597e-04 -2.14235084305010e-05 2.42970631325387e-04 7.02041959893555e-04 -3.91335675442175e-04 9.33874514802564e-03 -1.56146654392257e-02 3.19063420485538e-02 -2.48221150561352e-03 -9.84421501985317e-04 -1.70783150993183e-03 -4.44049710682569e-03 1.97322692255380e-03 3.31653246027050e-03 -3.79381663058394e-04 -9.89760115990425e-06 2.56715924519568e-04 -6.43514023883232e-04 -4.08443842154695e-04 1.98085268244062e-01 2.52207570887717e-02 -2.58030158471112e-01 1.43330203006209e-01 -1.41762564434796e-01 2.84633806420229e-04 7.08649715167320e-04 3.34531887806565e-01 -9.61454695439871e-04 -1.85746011661626e-03 -1.32468313477117e-01 2.54871156462668e-04 5.31789920301546e-04 5.60430652909539e-05 2.72822290531850e-05 9.03363302504248e-03 2.72028652953050e-05 -1.58570703512382e-02 7.29304106873855e-05 -1.71488885190802e-04 6.23845778273259e-03 4.35634307599363e-05 -1.09422899236011e-02 1.39308965519732e-04 -1.93258220417445e-05 6.32612539967810e-04 6.72221529353347e-06 -3.14579229638211e-03 9.42486756159710e-06 4.04788653528576e-03
 -2.37240603010304e-03 6.47102949436826e-04 -1.70910737014335e-02 2.87709211607381e-03 -2.63552858869274e-04 9.08658481063346e-06 -9.56177329428890e-06 -6.78508775307581e-04 1.33425805081953e-05 4.75565238786399e-05 -5.88625302011948e-05 9.14315483205297e-06 -2.57607797596331e-05 -1.07258996794564e-06 -3.04619780507504e-06 -2.24726691177424e-05 1.19566652470928e-06 3.55344860799161e-05 1.22879799395180e-06 4.58702002895410e-06 3.84563541466841e-06 5.05531373803257e-06 -2.47109577810156e-05 6.33939992411443e-05 -1.71818288350507e-07 2.49163640378009e-04 -8.46804661025941e-07 9.82628330252244e-05 6.36809841452691e-07 -1.25941356065022e-04 2.02142960329142e-03 -9.54308598993702e-03 4.29410658768051e-03 2.70853469474519e-04 1.28536646152845e-07 4.64495003723172e-07 -6.39733954399664e-04 2.86600399102807e-07 -1.79095895574616e-06 -3.39223652119424e-07 -1.17524945998418e-07 3.89892585716781e-05 7.39931428806910e-07 -6.64168223260162e-05 1.59154756164166e-03 -7.56060590897335e-03 2.20103468273595e-03 -6.40104927098680e-05 1.89182880823301e-04 4.46357858694746e-07 7.69631725817749e-05 -1.51711964178506e-04 1.05948504085094e-06 -8.90827722493984e-06 -1.27877716966613e-06 3.99430744960254e-06 -9.40101028688532e-08 8.81042358461536e-06 1.61083933189335e-03 -7.54031578078401e-03 2.23180001025063e-03 -6.39891321095788e-05 -9.38738401752747e-05 1.62772679117567e-04 8.15363941425760e-05 8.19526105832215e-05 -1.36505776766239e-04 5.46573808916033e-06 5.10394423118782e-06 -6.93638897358227e-06 -7.88859480230431e-06 2.03935724633458e-06 1.61722923189584e-03 -7.63542546190050e-03 2.20860145858355e-03 -6.41128352989204e-05 -9.40716241265018e-05 -1.62494787492204e-04 8.03326841118629e-05 7.73624409942091e-05 1.32321925547428e-04 4.46474075312777e-06 -7.58640799803109e-06 -4.97745436968470e-06 8.17705085787158e-06 2.79944018363623e-06 -2.74206585052489e-03 2.11816235183002e-03 -6.29698711178450e-03 3.33495473481019e-03 -1.13816914277552e-03 -1.10745164152260e-05 -7.49444040962487e-06 3.37809618458684e-03 9.96172153748466e-06 1.39020040356543e-05 -1.29446556158756e-03 -3.47219566092106e-06 -6.50364775321922e-06 -1.90724583313220e-06 1.89215699537765e-06 9.36264559928994e-05 -3.00653533444269e-06 -1.61956208788185e-04 4.40674206565031e-06 -3.71539829928878e-06 1.47032487881313e-04 8.75176771173472e-08 -2.57629741712630e-04 6.01985676011094e-06 2.13776642673471e-08 2.64202221098414e-05 -7.43814210267776e-09 -4.48335006024006e-05 3.44467822752456e-08 5.73082082782775e-05
 4.96422640005597e-06 -6.30078144990708e-07 5.11428736694021e-06 4.93464038908768e-06 1.72316262189660e-06 -9.92333067733477e-04 -8.50407844187431e-06 1.57279312853297e-05 7.92342746336290e-03 3.54446275374985e-05 -2.28066795718029e-05 -1.60486647553353e-03 -3.59209685894910e-07 -1.36538297417018e-04 -4.97623069501001e-07 -2.62280854417278e-04 -7.83856202323886e-07 -1.49350040783902e-04 -4.33216681412176e-05 -6.46183055599033e-07 -2.94251193344195e-04 2.36363185516323e-06 -1.72596546551791e-04 -2.44163140321808e-05 -2.13852955308691e-07 6.34093972913493e-06 1.97513732327302e-06 4.52737471730024e-05 1.05866484499298e-06 3.47288628090819e-05 -9.91669563706888e-06 2.26918904777760e-05 -3.46248101697783e-05 1.28536646152845e-07 7.56976742923896e-05 6.66547175781318e-07 -4.89584688395920e-07 1.73233278873225e-04 4.97615141033867e-07 -2.59617292280804e-05 -6.45395145119765e-08 2.81081661996890e-06 -4.13630292864753e-07 2.14025687546765e-07 -1.39847873440052e-03 8.52965315411851e-03 -7.71142853416064e-04 3.23102989837579e-05 -6.36174971714407e-05 6.12791604895160e-07 9.22254382049855e-05 2.67546115908523e-05 1.45717134117345e-06 -1.37497609509735e-05 -1.00694956849610e-06 -5.67666665528216e-06 2.09613689908814e-07 3.91138588504582e-06 7.02481363430732e-04 -4.24774117653228e-03 3.61514585510777e-04 -1.50796122021277e-05 2.78581168723620e-05 5.31165693014371e-05 -4.84469386194580e-05 1.78324643858915e-04 8.68553561977166e-05 6.08143557748879e-06 -1.46954724949905e-05 -2.37740202020840e-05 1.14643764551842e-05 -1.68595907216706e-05 7.05763745273735e-04 -4.30768634673410e-03 3.70678434581112e-04 -1.61897932023044e-05 2.73663486507305e-05 -5.21130118065615e-05 -4.62562357771919e-05 1.79739997132755e-04 -9.26462216039771e-05 6.97318442329850e-06 1.55083686240672e-05 -2.39057817220868e-05 -1.17819931034122e-05 -1.73528100475510e-05 4.58135689352930e-05 -3.60812668695435e-05 1.22624887663258e-04 -4.95491135796339e-05 -1.99338616931842e-05 -5.02536764822035e-04 -6.82415212718355e-06 -3.40707176988696e-05 1.19830066036663e-03 7.06443483033947e-06 1.86032586872092e-05 -3.73834716333991e-04 4.45525269924358e-06 -9.39035278432045e-05 -7.74164023032641e-07 9.92397603210843e-06 1.49832556363830e-06 1.05959786590166e-05 -1.44761393326954e-04 3.44400303146194e-06 -4.24066926509101e-05 -1.53758760432677e-06 -7.71189081473588e-06 1.51146234356226e-06 -1.50956692568691e-07 8.92256963175448e-07 -1.15500587250527e-06 3.51215514592970e-06 -3.61358870012212e-06 -3.19815078494080e-06
 -1.94229990152219e-06 -4.25838834579702e-07 1.45527338600527e-06 2.48704172076859e-05 -6.42400395064078e-06 -9.12202464789595e-06 -9.96840156323003e-04 1.84300257672178e-05 3.57157696134550e-05 7.95116789567865e-03 -3.02797302301913e-05 -1.21372729030952e-05 -1.60410446605590e-03 -5.50792575790642e-07 -3.01655380667962e-04 -1.24699342493863e-06 -1.38191625907373e-04 9.10770895416746e-07 1.69155216989812e-06 -3.42654270624980e-04 4.46351182304207e-06 -4.16078253091855e-05 -6.76531639845434e-06 -1.35796311759538e-07 5.75905003900871e-05 -2.09064472988049e-07 1.47688564999543e-05 5.91814952022554e-07 -2.02155941134869e-05 -1.31332551109484e-06 -1.02588821264059e-06 2.78937287091839e-05 -7.91607480964525e-05 4.64495003723172e-07 6.66547175781318e-07 7.62409855416481e-05 -7.41902377796440e-06 3.69352686267834e-07 1.73554326284882e-04 -3.03725741341431e-07 2.22699386480284e-06 8.44628462179159e-07 -2.65618192978177e-05 -9.79432831849616e-07 1.92415984012985e-06 2.35527502334892e-05 -1.91046333552402e-05 7.97719808525276e-07 2.25349900782060e-07 5.82074546046681e-05 -5.55926591363205e-07 -8.85242413229382e-07 2.30726501638641e-04 -5.04940738804236e-08 -3.84976786769639e-05 5.41441156840028e-07 1.29609212709931e-05 4.21932295599511e-07 -1.21061266623615e-03 7.38959585336255e-03 -6.86254133556332e-04 2.82929488695764e-05 5.33865251867865e-05 -3.26561587935941e-05 7.98749764032408e-05 8.86316193936383e-05 7.79554197910588e-05 1.19596430920439e-05 -1.20369175097445e-05 -1.62938122314311e-05 -7.30622262740863e-06 -3.41272780934258e-06 1.22178266067332e-03 -7.44660180617086e-03 6.36465660069400e-04 -2.83854897034604e-05 -5.25643057864370e-05 -3.38123039176825e-05 -7.95358304700050e-05 -9.06713441966897e-05 7.49124348734892e-05 -1.18401651254722e-05 -1.14564196915170e-05 1.55408702918593e-05 -7.28887251195975e-06 3.23430346018076e-06 2.80635550013599e-05 -4.15255595011508e-05 1.88412717580569e-04 -7.72736939015567e-05 -2.06119400390662e-05 -2.55279607848570e-06 -5.17569277706840e-04 -7.79622448203415e-05 4.72012962977523e-06 1.21989881668281e-03 3.55319961173433e-05 5.13474798642792e-06 -3.76526165982641e-04 1.83960581896128e-06 1.18143295593643e-05 -5.74561084261204e-06 -9.38123643803526e-05 7.09446967567926e-06 -4.62396809887740e-06 -3.51445479957652e-05 -9.16590159290745e-06 -1.44851233709715e-04 2.53972282619576e-05 -7.10495260158623e-07 7.14520928204663e-07 2.65467782969587e-07 1.16692453155541e-06 5.32718377158366e-06 6.22663742989167e-08 -8.41646862824130e-06
 1.30437542533912e-02 -1.32629503490937e-03 3.64619377291682e-02 -6.11036921757136e-03 -1.04472697635244e-03 -4.76173605191976e-07 1.20918840919745e-04 1.38150474557853e-02 -9.19786563168910e-05 -8.19675617227036e-04 -2.86336076647101e-03 -5.97435835795774e-06 1.78106258346480e-04 2.45092301494469e-06 3.37905188962696e-05 -3.14985413986892e-04 9.10360379264311e-06 5.54663840296372e-04 -5.69259251048274e-06 2.28683955116496e-05 -3.27107438768757e-04 -5.21905377664580e-06 6.08552286365299e-04 -1.15252278810866e-04 -7.35617937846999e-06 -4.58084344485860e-04 5.31122661121554e-07 -2.60498950969407e-04 1.39841358285151e-06 3.34970878602710e-04 -6.83434440219518e-03 3.92225282781941e-02 -1.47321630336173e-02 -6.39733954399664e-04 -4.89584688395920e-07 -7.41902377796440e-06 1.81682487973775e-03 -5.95046483005679e-06 -1.40859999558248e-05 -6.43084084324166e-08 1.14877700183486e-06 -1.18952273364636e-04 1.47999865289131e-06 2.01938535908820e-04 -2.82980762116060e-03 1.15573766501472e-02 -4.71101346317190e-03 2.31910361735220e-04 -3.78933708631371e-04 -5.58846867300309e-06 1.21416978749509e-04 4.84061418366200e-04 -2.44163740895460e-05 -3.09132701291979e-05 6.29552993733004e-06 -1.49488821016091e-05 -6.49045189352524e-07 1.82766443828671e-05 -2.77269279999853e-03 1.09389552590510e-02 -4.70204385113340e-03 2.28974700808176e-04 1.83892923964651e-04 -3.23375723399348e-04 1.06141739712954e-04 -2.65719902586483e-04 4.19138055385470e-04 1.15324948768367e-05 2.10611309867848e-06 -5.83930277722539e-06 -2.56024700209609e-05 2.17284018346592e-05 -2.99355768689921e-03 1.24671083868766e-02 -4.80324856838884e-03 2.34388304691937e-04 1.92502552398472e-04 3.27645680550575e-04 1.25079302525511e-04 -2.34888193913772e-04 -4.20284003381327e-04 1.53330802065483e-05 6.48415106286070e-06 -1.36603258735201e-05 2.39804213917812e-05 2.06230570325079e-05 6.85838158486860e-03 -5.00936844215089e-03 2.37871265825111e-02 -1.27426291637615e-02 8.39166764083573e-03 1.69746084903173e-05 4.98293989677463e-05 -2.20873025051211e-02 2.70318722163355e-06 -9.37346199107031e-05 8.78956835441768e-03 3.67120059823010e-07 3.26463744085561e-05 2.59083549871581e-06 -6.27224600591163e-06 -5.82514042735864e-04 1.70484532281770e-05 1.02027748101675e-03 -5.56447727983043e-06 2.01804325888232e-05 -6.62639370321369e-04 1.78875927714192e-05 1.16098220783096e-03 -1.61566701732822e-05 1.09531469408507e-06 -7.23348998565543e-05 -4.58278135943138e-07 2.91653365719809e-04 -5.57340750382058e-07 -3.74442368177206e-04
 -5.01707920134527e-05 -4.30642120912789e-06 7.83614320107465e-05 1.57146956717602e-05 3.39370591998074e-05 -2.27126273522461e-03 -4.57790418219610e-06 -1.70451018847098e-04 1.81340371628758e-02 -3.87084593408606e-05 4.42695070100574e-06 -3.67297440033647e-03 2.37914658848372e-05 -3.12472328272129e-04 3.40718402162005e-06 -5.93943807070298e-04 2.93009760062135e-07 -3.52740230662678e-04 -9.91307806047607e-05 3.62130329436180e-06 -6.68886869693600e-04 5.98669529767986e-06 -4.02867356185809e-04 -5.64659001235690e-05 -1.30945546731641e-06 1.22794939014034e-05 4.29929514795211e-06 1.03922216822813e-04 2.71065703329792e-06 7.90799761011799e-05 1.22963258689190e-05 -2.29827641962154e-04 -1.21587507064515e-05 2.86600399102807e-07 1.73233278873225e-04 3.69352686267834e-07 -5.95046483005679e-06 3.96548191687597e-04 -1.43628306830583e-06 -5.93941408710367e-05 -2.01953443701789e-07 6.91969580484526e-06 -5.60774695310575e-07 -3.36936491634033e-07 -3.21722080873969e-03 1.96282358343192e-02 -1.77463436610512e-03 7.25844483284133e-05 -1.46811423102844e-04 5.14431575070727e-07 2.06025287817915e-04 5.94254011577362e-05 -1.17840533488594e-07 -3.06009340472659e-05 -1.72183829248724e-06 -1.28988749496893e-05 2.79487895634545e-07 8.30721044706305e-06 1.60938988437821e-03 -9.72662680461298e-03 8.27237169173659e-04 -3.62786175629231e-05 6.35436781340189e-05 1.21015342162617e-04 -1.17182812316126e-04 4.07709739079234e-04 1.96120881125301e-04 1.33121988115526e-05 -3.36555110149801e-05 -5.37802158453161e-05 2.70965467095174e-05 -3.89686178313163e-05 1.58011435544375e-03 -9.63997355306910e-03 8.28944307827910e-04 -3.79674724023741e-05 6.40360400296224e-05 -1.17701105196346e-04 -1.09793937566012e-04 4.13591151563109e-04 -2.11704603741423e-04 1.57235279382792e-05 3.58613561333411e-05 -5.45528525081183e-05 -2.75657278625248e-05 -4.02193810307376e-05 -1.41961102633440e-05 -7.82350728005798e-05 1.24516021461540e-04 -3.05105037769207e-05 -1.32198690087030e-04 -1.14993011627060e-03 -7.61506516600740e-06 1.50907729373808e-04 2.74192742848450e-03 -3.00383657821871e-06 -5.14773571630804e-05 -8.55509552177280e-04 1.61506128277540e-05 -2.14911814705499e-04 -1.93366757178068e-06 2.85352721564792e-05 4.80875959955775e-06 1.40113234138053e-05 -3.31302980289875e-04 8.26970973929211e-06 -9.06332030275988e-05 -1.41822572090493e-06 -2.90329935899302e-05 3.50005261457472e-06 -3.77734263354351e-07 2.18877990472661e-06 -2.65548762963572e-06 4.37972022161279e-06 -8.26196800000874e-06 -2.58647239905799e-06
 -3.77502189289320e-05 -1.02716810712814e-05 2.27878913326721e-04 -2.79062316842172e-06 7.72425391042922e-06 -7.71712935812726e-06 -2.26940468179157e-03 -1.15819091227735e-04 -2.49973671080364e-05 1.81011989714140e-02 -3.47921228978173e-05 -6.25183370724395e-06 -3.65141630503874e-03 5.99935665492797e-07 -6.86728203353508e-04 5.80276457146111e-06 -3.14610867206031e-04 -4.73147844906278e-06 4.46081642436561e-06 -7.80183478785215e-04 1.94421000199282e-05 -9.48560636718738e-05 -2.20947950089784e-05 -1.08865334115073e-06 1.31155616404734e-04 -4.85349906804533e-06 3.36076848105224e-05 3.33277566370846e-07 -4.60596554549289e-05 -2.95551160637464e-06 4.46307149047144e-06 -6.71949692346951e-05 -1.44215937056462e-04 -1.79095895574616e-06 4.97615141033867e-07 1.73554326284882e-04 -1.40859999558248e-05 -1.43628306830583e-06 3.95183079084615e-04 -3.28073716702174e-07 5.06037941089335e-06 1.84140733120210e-06 -6.04850767374024e-05 -2.14989691532731e-06 -4.98999690180316e-06 9.72513517806220e-05 -5.96631153465600e-05 9.20994850170693e-07 -1.40070487140627e-06 1.32497652821802e-04 -7.60799022909083e-06 -2.36785867069645e-06 5.25275537166813e-04 8.87909987843860e-07 -8.76182283163128e-05 1.36819518618648e-06 2.95018933437911e-05 3.25023822966184e-07 -2.79397494744574e-03 1.70383812590285e-02 -1.59441728060488e-03 6.41629908019025e-05 1.22535010604869e-04 -7.74467259451413e-05 1.77331727628544e-04 1.99338416753237e-04 1.76424765175042e-04 2.67338675925789e-05 -2.74022884277808e-05 -3.64100092851246e-05 -1.60808605702810e-05 -7.91218197881009e-06 2.74350273684895e-03 -1.67366936693233e-02 1.41758169917921e-03 -6.48599428335631e-05 -1.18654033373581e-04 -7.38832882603313e-05 -1.85642299745192e-04 -2.08905127047712e-04 1.71685157313768e-04 -2.74434921641251e-05 -2.60801559480157e-05 3.60550339654137e-05 -1.71158529133995e-05 7.20223173285145e-06 2.32111016350672e-04 -1.21053865889486e-04 3.73510126907762e-04 -1.42400700964189e-04 -1.24961482768299e-04 1.23091148627016e-06 -1.17793652021838e-03 -4.45405757662195e-06 -5.89672519003273e-06 2.77640545984181e-03 1.09982198670307e-05 1.68640725214201e-05 -8.57009794569348e-04 5.50428969751663e-06 2.68947616421709e-05 -8.68558146563603e-06 -2.13582896494760e-04 8.00610991160088e-06 -8.68207174481679e-06 -8.01309896996918e-05 -1.86323935123037e-05 -3.29835860227668e-04 5.49809975692219e-05 -1.66920456584389e-06 1.61352238253993e-06 4.71436999033799e-07 2.67808983080702e-06 1.05523786171260e-05 1.95544441185094e-07 -1.71437088239131e-05
 9.66158540170160e-06 -9.14794840912308e-07 2.96150817659605e-05 -2.65509454989673e-06 5.84774285065270e-06 3.40261435307856e-04 3.85925832899995e-06 -4.69127211609347e-05 -2.71725491677431e-03 -1.98385729377475e-05 1.97229640776728e-05 5.50353444973086e-04 1.78017037518062e-06 4.68286191726413e-05 4.62386205142797e-07 9.12724412446434e-05 4.00984403634055e-07 4.89318243692519e-05 1.48624061872597e-05 5.31480572453548e-07 1.01816408939076e-04 -7.86530987417573e-07 5.76526221596336e-05 8.18575487842510e-06 2.89965737042124e-08 -2.90006219301635e-06 -6.90642993636531e-07 -1.55740821565012e-05 -3.47336494709186e-07 -1.18514564283953e-05 8.43675529211779e-06 -5.57910337343816e-05 2.05470087397828e-05 -3.39223652119424e-07 -2.59617292280804e-05 -3.03725741341431e-07 -6.43084084324166e-08 -5.93941408710367e-05 -3.28073716702174e-07 8.90824639871386e-06 1.56051425339735e-08 -8.92686013640946e-07 1.63799706998240e-07 -1.93764272362519e-07 4.74395150680641e-04 -2.89555182499272e-03 2.60006833607061e-04 -1.12909562263838e-05 2.13660069284558e-05 -2.68677194368711e-07 -3.27594519177402e-05 -9.29404006722902e-06 -7.17128179164233e-07 4.90333981551301e-06 3.84071765722735e-07 1.96856345434174e-06 -8.52939650241805e-08 -1.47153166179641e-06 -2.44988358942577e-04 1.47917694296086e-03 -1.27918767757894e-04 4.93712467211305e-06 -9.38292815670171e-06 -1.85738284450203e-05 1.53922269266752e-05 -6.11851527770569e-05 -2.99414599656202e-05 -2.19060264524743e-06 5.01259346096581e-06 8.24758598420117e-06 -3.76212020111049e-06 5.69668471840351e-06 -2.48474034925503e-04 1.51412644882712e-03 -1.32168142140361e-04 5.37170064541238e-06 -9.10819835835438e-06 1.82961360193907e-05 1.47900896780417e-05 -6.15044309784068e-05 3.17828235735011e-05 -2.47011962125515e-06 -5.26771762862905e-06 8.26275996793780e-06 3.89247752456988e-06 5.85411220129865e-06 -4.39968162950506e-05 1.10501188287349e-05 -6.73405304308307e-05 3.03627054507281e-05 -9.30631899289241e-06 1.72390213258565e-04 2.88444018417521e-06 5.46524872033839e-05 -4.11070985123505e-04 -3.76823036179276e-06 -2.41921132233352e-05 1.28234713861891e-04 -1.10223174629035e-06 3.22096339368104e-05 2.55794491993205e-07 -2.32638050475372e-06 -4.28283333550312e-07 -5.53720995177336e-06 4.96328617259327e-05 -1.17289502680115e-06 1.57610943904064e-05 6.49767050366156e-07 5.05063420894554e-07 -5.18213714704676e-07 4.65808128468630e-08 -3.04890405283365e-07 3.96021736460198e-07 -1.92787274012698e-06 1.24120188340485e-06 2.02981638950014e-06
 -1.22376627676774e-05 1.36200708256400e-07 -6.23333030786707e-06 -3.72355212399916e-06 -7.12366587438325e-06 9.02489890304153e-07 -2.90679428613487e-05 4.90278702102623e-05 -7.95685642583010e-06 2.32120279002913e-04 -1.44760578164426e-05 1.47443750425481e-06 -4.69309917654619e-05 1.35555527096345e-07 -8.80519323984235e-06 -1.21563400808860e-06 -4.03594385083470e-06 2.74534592812248e-06 8.79281144505942e-08 -9.99107606213421e-06 -5.58706431497999e-07 -1.20828791714923e-06 1.75924206025276e-06 1.28439292272054e-07 1.66961641464190e-06 3.85578346702253e-07 4.29543668421440e-07 -1.44260386243342e-07 -5.88496109097719e-07 6.79114029037973e-08 -9.25815327878554e-06 7.20164708366020e-05 -1.91312846384943e-05 -1.17524945998418e-07 -6.45395145119765e-08 2.22699386480284e-06 1.14877700183486e-06 -2.01953443701789e-07 5.06037941089335e-06 1.56051425339735e-08 7.04092540964172e-08 -1.30137051678391e-07 -7.72421632513879e-07 2.27869380327737e-07 4.84894663989519e-06 -2.96894605533501e-05 1.66663450794554e-06 3.36180558072456e-07 2.67944736302053e-07 1.70129229737433e-06 1.03741609486655e-06 3.27357998079487e-07 6.72935524646329e-06 -1.84716239495182e-07 -1.12287886371421e-06 -1.07980762121788e-08 3.79513825869854e-07 1.39351239343716e-07 -3.29093580547187e-05 1.99867891654820e-04 -1.89934480247824e-05 1.18949384560951e-06 1.43533568835527e-06 -8.48492659145101e-07 3.55217135293473e-06 2.19099346390098e-06 2.49273900540794e-06 4.39546287677721e-07 -3.00727710752076e-07 -5.26029656976393e-07 -3.97771745674365e-07 1.62787125654425e-08 3.81317026228090e-05 -2.33307403908371e-04 1.94747912438351e-05 -4.63448126230882e-07 -1.66263864793448e-06 -1.09707941736327e-06 -1.09897777846259e-06 -3.03203444180502e-06 1.98177065738998e-06 -2.58663605322089e-07 -3.83270787331336e-07 3.99596741378577e-07 -3.70299921136108e-08 2.15721598645727e-07 4.14250231967815e-05 -3.38346957609264e-06 4.49703686796886e-05 -2.31148262595492e-05 1.95222755189774e-05 4.57184235659199e-07 -1.51459894748155e-05 -5.66799527940618e-05 -1.09223589254545e-06 3.57891847273018e-05 2.34343838322784e-05 5.35293158499504e-07 -1.10622838121160e-05 1.53790312411011e-07 3.40604012131704e-07 -1.55171698598973e-06 -2.73056056893879e-06 2.61912894373963e-06 3.87043878226505e-08 -9.94512144699208e-07 -1.88552706508767e-06 -4.20953896407399e-06 3.66407114954562e-06 -3.20850218736845e-08 2.61700557205364e-08 -3.98328493111206e-08 3.42302699832839e-08 1.06303115495557e-06 3.48982072398835e-09 -1.41503399050119e-06
 7.11463769864779e-04 8.46262001974790e-05 -2.12139893046285e-03 3.86343435489307e-04 1.40135563209577e-04 -3.69861232588955e-05 -1.30083403317537e-05 -1.44374538658666e-03 2.98678054654173e-04 9.22383876965557e-05 3.27445152356970e-04 -5.90753701986096e-05 -1.79726263411851e-05 -5.18021955033203e-06 -3.71227793064385e-06 2.79625578576220e-05 -1.27548323443084e-06 -7.12963301987962e-05 -1.13914930096755e-06 -3.39348028347964e-06 2.47956196444933e-05 2.15173470474835e-08 -7.07129623308373e-05 4.60004495164222e-06 9.46146577726387e-07 2.22160081321310e-05 9.62598371903347e-08 1.91966446594593e-05 -1.63777852436986e-07 -2.12415141069733e-05 5.23624714816492e-04 -3.28659702493042e-03 1.15252148672647e-03 3.89892585716781e-05 2.81081661996890e-06 8.44628462179159e-07 -1.18952273364636e-04 6.91969580484526e-06 1.84140733120210e-06 -8.92686013640946e-07 -1.30137051678391e-07 9.69327145392793e-06 -2.64177920643707e-07 -1.62855430459363e-05 7.09740748753951e-05 -1.35158973489662e-04 2.41062649344376e-04 -1.72335772253605e-05 1.79439290788122e-05 6.35485121876072e-07 -2.04972164248363e-05 -2.71499165700024e-05 2.81530387237970e-06 4.05049762592396e-06 -6.23500201334484e-07 1.53181475120259e-06 9.44465753989155e-08 -1.92568560151132e-06 1.38679205182609e-04 -5.31465962717627e-04 2.77668207083222e-04 -1.86232783651702e-05 -8.52310261297606e-06 1.90411428230631e-05 -2.44217875383642e-05 2.26291453484761e-05 -2.05742129356680e-05 -1.73078996384878e-06 -5.76801857652105e-07 -1.35312743173045e-07 4.26046306793800e-06 -3.02314425216620e-06 1.64873647503753e-04 -7.02749605830400e-04 2.92848779842034e-04 -1.93097654734141e-05 -9.56106082547059e-06 -1.95784804604918e-05 -2.63895429784992e-05 1.97764027934759e-05 2.13233446313843e-05 -2.02329006403593e-06 -6.07756014612061e-08 5.96895248285926e-07 -4.13811665343238e-06 -3.00732652279508e-06 -6.26757466116832e-04 3.06167100165221e-04 -1.92866005437993e-03 1.03519657146289e-03 -7.95463610578070e-04 -1.91121868959070e-05 -5.36140156960504e-06 2.08009193061400e-03 4.25290529594221e-05 1.00084015718389e-05 -8.35326506766032e-04 -1.33473424811665e-05 -3.00017079231754e-06 -3.53623028777128e-06 4.74579492739782e-07 5.51884687626122e-05 -1.58888718701006e-06 -9.58482870250029e-05 -5.15898169218856e-06 -1.72828047022981e-06 5.83473995438733e-05 -2.13814900738643e-06 -1.05167488213573e-04 1.13429124912102e-06 -1.31480601341686e-07 4.92697868951587e-06 3.43443171649135e-09 -2.82642057353995e-05 -6.62490531733069e-08 3.63604031998566e-05
 1.48536359028541e-05 2.96441621952880e-06 -7.06610233625277e-05 2.63070152598169e-06 -4.35852424442344e-06 5.65513307022083e-06 3.47331790734842e-04 3.27018973876174e-05 -3.15844245064160e-05 -2.77021248745063e-03 2.20188460536451e-08 8.15515200812574e-06 5.58718467693642e-04 5.15169582335175e-07 1.05090912081660e-04 -2.63237195320115e-07 4.81523658379404e-05 2.33012719667182e-06 -4.90239630198712e-07 1.19413113686639e-04 -1.88737669639775e-06 1.45180603956552e-05 4.50575534367660e-06 4.33981781164366e-07 -2.00744102462185e-05 1.33055906841655e-06 -5.15368282559841e-06 -7.80580442314678e-08 7.04661005797737e-06 7.44014216724570e-08 1.16759687340342e-07 1.50547261254796e-05 2.67753758941316e-05 7.39931428806910e-07 -4.13630292864753e-07 -2.65618192978177e-05 1.47999865289131e-06 -5.60774695310575e-07 -6.04850767374024e-05 1.63799706998240e-07 -7.72421632513879e-07 -2.64177920643707e-07 9.26084083411378e-06 2.75840761542962e-07 1.11685275628582e-05 -7.52041607896376e-05 1.75455969119005e-05 -2.94923987351740e-07 9.36371625272419e-07 -2.02780048004844e-05 1.25532359436448e-06 1.50970979071518e-07 -8.03926998945218e-05 -1.54978860453272e-07 1.34107247314723e-05 -1.80842066524797e-07 -4.51559772658004e-06 4.38848394483789e-09 4.28643183242299e-04 -2.61064570720568e-03 2.47452453966874e-04 -9.76246673867323e-06 -1.90931578630213e-05 1.19916665520192e-05 -2.64060781541960e-05 -3.12456104905934e-05 -2.74843698541276e-05 -4.07691835535509e-06 4.28947638239450e-06 5.63146787169684e-06 2.33987830499904e-06 1.32484066953742e-06 -4.18786225230860e-04 2.55824263302875e-03 -2.13629531659016e-04 9.98756626934743e-06 1.78176250554804e-05 1.11619872478734e-05 2.91316680939984e-05 3.12204563283862e-05 -2.57687176439452e-05 4.20744267120571e-06 3.88775964764620e-06 -5.45464820755305e-06 2.73936417814957e-06 -9.83001222400197e-07 -1.36484506213965e-05 2.14469856623270e-05 -5.65114071578600e-05 2.16323751610108e-05 2.24434308868901e-05 2.02582761905815e-06 1.80272972502520e-04 -9.01830824994408e-06 -4.39346472480134e-06 -4.24837707493231e-04 2.60597278565127e-06 -9.29712418143756e-07 1.31098887138233e-04 -4.27952894376687e-07 -4.11078626068074e-06 1.07509789597659e-06 3.26774945978213e-05 -8.93267274621763e-07 1.98755264959477e-06 1.22523380975333e-05 2.67722944536804e-06 5.04894056297933e-05 -7.74562723714917e-06 2.57308832087916e-07 -2.44374257795792e-07 -3.96673591883332e-08 -4.05056735679684e-07 -1.36612838271611e-06 -1.45574597161711e-08 2.29692997001785e-06
 -1.24649997526370e-03 -1.44763114786971e-04 3.62291350888748e-03 -6.60258091842218e-04 -2.35537103666760e-04 -2.60942449261376e-06 1.61339808078758e-05 2.43775072392318e-03 1.46894277164312e-05 -1.11377143148486e-04 -5.54154009701071e-04 -5.42932635384439e-06 2.18833999863405e-05 -1.93509863868229e-07 4.64563985789912e-06 -6.42761252357364e-05 1.36722340730535e-06 1.10412973392779e-04 -9.05333091702653e-07 3.86202065122869e-06 -6.10163116666381e-05 -1.13443710961140e-07 1.07942100367062e-04 -9.51715865907725e-06 -1.30741864620495e-06 -3.76833051013710e-05 4.77095184536643e-08 -2.96545742786821e-05 2.35958818440799e-07 3.83984036475994e-05 -8.88941889135010e-04 5.57022141648668e-03 -1.95735885780894e-03 -6.64168223260162e-05 2.14025687546765e-07 -9.79432831849616e-07 2.01938535908820e-04 -3.36936491634033e-07 -2.14989691532731e-06 -1.93764272362519e-07 2.27869380327737e-07 -1.62855430459363e-05 2.75840761542962e-07 2.76902392236156e-05 -2.14944526748232e-04 8.06093010526467e-04 -4.62635942645707e-04 3.13487086228491e-05 -3.49027492810723e-05 -7.25545525707944e-07 4.04459424498563e-05 4.76952385426961e-05 -3.43756232353477e-06 -7.71130045954373e-06 7.85893328107688e-07 -2.97701923068101e-06 -7.67460705286348e-08 3.45710884873110e-06 -1.98166189298347e-04 6.77565679003721e-04 -4.53890711286007e-04 3.07377758874603e-05 1.67160727417145e-05 -2.92236399444879e-05 3.82769814998573e-05 -2.61298185997193e-05 4.09449657103234e-05 3.36768487282102e-06 -8.65829877588702e-08 -1.37622456914445e-06 -6.45702867929122e-06 3.96633974799637e-06 -2.29319229900082e-04 8.84423249198639e-04 -4.71852069148811e-04 3.15245348208195e-05 1.78758373166159e-05 2.98444185228795e-05 4.08993665300915e-05 -2.21643895424446e-05 -4.17764749783999e-05 3.79623557061854e-06 1.09681862088462e-06 -2.45869540989946e-06 6.15213005533769e-06 3.94074873450860e-06 1.07713076360035e-03 -5.24398625273319e-04 3.27866502732881e-03 -1.75833517144998e-03 1.34262449808907e-03 -6.18867591160287e-07 5.88531978453447e-06 -3.51975198141556e-03 6.64988301261485e-06 -1.00135980329044e-05 1.41374827071039e-03 -1.90513825806921e-06 3.37976230180829e-06 -1.62525275497015e-07 -7.94095011192719e-07 -9.27143155768135e-05 2.29124094884546e-06 1.62824612239642e-04 -8.04599271625457e-07 2.96474212337773e-06 -1.01739941620897e-04 2.73983543040457e-06 1.77894696241738e-04 -1.83264576277014e-06 2.15728591574190e-07 -8.31437379278869e-06 -7.49480458998584e-08 4.80961601836866e-05 -1.24665435625404e-07 -6.17939319300755e-05
 -1.70467222113740e-02 4.28559176009514e-03 -1.12816591905288e-01 1.69341018245076e-02 -7.30513960453799e-03 1.84557242211364e-02 -3.19643602938075e-06 3.68081585906080e-02 -1.46545449303141e-01 6.67744436995318e-04 -1.06587844309884e-02 2.97606217175611e-02 -4.40878694865355e-04 2.51704597539296e-03 -4.76376784419855e-05 3.46570355094019e-03 2.32388183684278e-06 5.13851208118462e-03 8.00030998117088e-04 6.36292723938374e-06 4.47066103196897e-03 -9.13402511485725e-06 4.76024640337187e-03 9.38923393559288e-04 3.75903754258276e-07 1.78531407803216e-03 -3.96468499058506e-05 -3.40402990835207e-04 -1.54112185021031e-05 -1.27591638112744e-03 5.05906172722033e-03 3.83174669126967e-04 1.12862647079860e-02 1.59154756164166e-03 -1.39847873440052e-03 1.92415984012985e-06 -2.82980762116060e-03 -3.21722080873969e-03 -4.98999690180316e-06 4.74395150680641e-04 4.84894663989519e-06 7.09740748753951e-05 1.11685275628582e-05 -2.14944526748232e-04 3.84839816526137e-02 -2.22821106897844e-01 2.89546655353402e-02 -6.99911719449440e-04 2.51809223114759e-03 1.04747159535841e-06 -2.21212750969367e-04 -1.08228194679377e-03 4.61460139814426e-06 2.67873883881787e-05 5.67156447400360e-06 1.02831281202269e-04 -1.69795289997835e-06 9.77836839603096e-05 -4.08554721416070e-04 1.46933273725177e-02 8.18887959611069e-03 1.78065321772115e-04 -1.17213061961992e-03 1.68500098086713e-04 2.42566336545484e-03 -2.95962961398457e-03 -2.15136929606694e-03 7.25470449964320e-06 3.33281490592767e-04 3.26504035370534e-04 -4.10559044674685e-04 4.07973759549099e-04 -8.86848431665947e-05 1.32456997895734e-02 7.92574482174564e-03 1.91008106821731e-04 -1.18222166018818e-03 -1.97133329565089e-04 2.36284003102056e-03 -3.02469240142672e-03 2.25815643009779e-03 -2.05083928464818e-05 -3.64169383809387e-04 3.42261960573342e-04 4.08683489345647e-04 4.26813947130391e-04 -2.04255823731734e-03 1.27069216820301e-02 -8.48639459783318e-03 3.95526559645393e-03 1.19173999632588e-02 9.19381926701132e-03 -2.83336729962557e-05 -2.63637547189792e-02 -2.19996841345501e-02 2.68641359154854e-04 1.12042791246249e-02 6.86435419297301e-03 -2.24798914171934e-04 1.71956853060857e-03 2.38494828769243e-05 -8.29971907689290e-04 -5.10940136835826e-05 9.63877929229110e-04 2.71471048150886e-03 -6.16501085475584e-05 4.42187174860088e-04 2.67384281952616e-05 7.42334579899099e-04 1.03464107151058e-06 7.22424774334321e-06 1.07398685377112e-04 2.03637715244639e-05 3.59563323668381e-04 6.52008273979822e-05 -4.89985502953991e-04
 1.89543297940296e-03 -2.18150027697381e-02 5.60036972175022e-01 -8.66494041174969e-02 4.42190840956774e-02 -1.12510875660750e-01 -5.04138281718023e-04 -2.44368175864088e-01 8.93827961254975e-01 -3.33200584427276e-04 6.66396972581757e-02 -1.81433318092291e-01 1.83716564755381e-03 -1.53563611256000e-02 1.42967556850178e-04 -2.08996048766379e-02 -6.23463125177751e-05 -3.17635775432435e-02 -4.86294573152714e-03 -1.47380032082724e-04 -2.66723996925223e-02 7.48766349433324e-05 -3.01841867910569e-02 -5.26858673154303e-03 2.05648357100958e-05 -9.07730724326612e-03 2.42612941228583e-04 2.91737287009671e-03 8.74304644297309e-05 6.69676627788441e-03 -1.26269852813641e-02 -9.54702492931486e-02 -2.75766538598753e-02 -7.56060590897335e-03 8.52965315411851e-03 2.35527502334892e-05 1.15573766501472e-02 1.96282358343192e-02 9.72513517806220e-05 -2.89555182499272e-03 -2.96894605533501e-05 -1.35158973489662e-04 -7.52041607896376e-05 8.06093010526467e-04 -2.22821106897844e-01 1.30783117612578e+00 -1.59484455042475e-01 3.67152339400986e-03 -1.39395847679189e-02 2.08428534397561e-05 1.62963001316156e-03 4.93757042137453e-03 7.87254247467477e-05 -1.72855227275527e-04 -6.04269042632403e-05 -6.08370184879994e-04 1.49701807040768e-05 -6.09023892538553e-04 1.39896039654835e-02 -1.37366090005097e-01 -3.29229837122060e-02 -1.67035713358538e-03 6.46623197776550e-03 1.78162338688441e-04 -1.44428230079555e-02 1.89649534086895e-02 1.16789370490665e-02 -2.57309134326495e-05 -2.04170891022779e-03 -1.99856773127462e-03 2.49023824825521e-03 -2.51353274107702e-03 1.30750816205376e-02 -1.35531981638197e-01 -3.09011763344154e-02 -1.77347884470943e-03 6.48345033618607e-03 -2.74509917099215e-05 -1.41408492541311e-02 1.92396987211705e-02 -1.23128379783090e-02 1.26461163657558e-04 2.19893802274548e-03 -2.06834527330310e-03 -2.48001180020702e-03 -2.62093186876182e-03 2.26939628381522e-02 -6.16146461170474e-02 -6.67539221757853e-03 7.52927472145508e-03 -9.06155187885330e-02 -5.61332617842380e-02 -7.83438290211805e-05 2.05519386152949e-01 1.34197976368533e-01 -1.07602358755694e-03 -8.56024871741245e-02 -4.18755623691748e-02 1.17898810328581e-03 -1.04957988686765e-02 -1.26088557190584e-04 6.27065837308102e-03 2.49189363518773e-04 -7.98587198032617e-03 -1.65290747867138e-02 3.23424460759590e-04 -1.50701251234504e-03 -2.31514795399539e-04 -6.61359166809226e-03 4.43003214221067e-05 -4.46685710604185e-05 -4.29820681913208e-04 -1.22898602964523e-04 -2.61891588150982e-03 -3.97269487596446e-04 3.53354800959547e-03
 -8.55961643807280e-03 5.55331749462309e-03 -1.46544322862471e-01 1.89492152221661e-02 -5.48615048368038e-03 1.02348035816321e-02 2.34724873830087e-04 1.34537767094167e-02 -8.08187808689002e-02 -1.69972776856477e-03 -6.88405207722325e-03 1.64741225069192e-02 9.76628750749024e-05 1.38377796155560e-03 4.57581679420841e-05 1.88926986027847e-03 4.78277897922413e-05 2.85905700555142e-03 4.48279068465487e-04 1.26125656473721e-04 2.81232186437933e-03 3.00731769220649e-05 1.93631529500786e-03 8.23189021605269e-04 -1.61206756993450e-05 2.18452075358958e-03 -3.04232422010857e-05 3.55261807981522e-04 3.43255176244819e-07 -1.40015674611211e-03 1.33072766596357e-02 -5.27069270907115e-02 3.27592492149268e-02 2.20103468273595e-03 -7.71142853416064e-04 -1.91046333552402e-05 -4.71101346317190e-03 -1.77463436610512e-03 -5.96631153465600e-05 2.60006833607061e-04 1.66663450794554e-06 2.41062649344376e-04 1.75455969119005e-05 -4.62635942645707e-04 2.89546655353402e-02 -1.59484455042475e-01 2.72978625678885e-02 -7.32779362356479e-04 2.32449121562473e-03 -1.42158805103621e-05 1.17264441331457e-04 -1.32906266042744e-03 -5.86410635093734e-05 -8.23213186157244e-06 7.85676452737315e-06 8.52595263944487e-05 -5.28635962835457e-06 9.65109749552595e-05 7.94494753766351e-03 -3.04405609530447e-02 1.61808552517129e-02 -2.56057865588972e-04 -1.12626757958188e-03 9.06436266682130e-04 1.57897288022284e-03 -1.26090397157366e-03 -1.87035139441474e-03 1.72897287468257e-05 2.18236646165809e-04 1.49908662227401e-04 -2.45385903678905e-04 2.30320032755478e-04 7.44168305241281e-03 -2.74060284240223e-02 1.55433725240336e-02 -2.33221790629725e-04 -1.10183159558129e-03 -9.01460027361569e-04 1.58279624697780e-03 -1.26929078410841e-03 1.86299045708418e-03 3.98475621575100e-06 -2.41305369858440e-04 1.59715644325565e-04 2.50640114600877e-04 2.42107935574559e-04 1.68389630589670e-02 1.63022001948433e-02 -3.81028936269894e-02 2.04485096831316e-02 -3.58554788661065e-03 5.02752552307348e-03 1.09862109061035e-04 1.00878624357725e-02 -1.21047030833280e-02 -1.54009151604574e-04 -3.16531344047564e-03 3.77091490196901e-03 -4.47510085728024e-05 9.40841823118459e-04 1.85492911909822e-05 2.49695262950848e-04 -1.47767464868173e-05 -6.95349629395311e-04 1.51958974072673e-03 -4.43785954696528e-05 8.35035718804736e-04 5.40399623145842e-05 -6.32972909209599e-04 3.18615244956998e-05 3.80944407688459e-06 1.96186585514470e-04 1.11112905817070e-05 3.26259540845590e-05 3.60867054051984e-05 -5.81599489082039e-05
 2.10607750730739e-04 -1.11773037055753e-04 3.04734871184588e-03 -4.16828333984239e-04 -4.06880564037255e-04 -4.21322943754392e-04 -5.01973598410206e-06 3.78579185311316e-03 3.36965977666801e-03 5.36587681074221e-05 -8.50380867417593e-04 -6.84660902107818e-04 -1.14018828674460e-05 -5.81421598853131e-05 -1.33343240990690e-06 -2.15645163817238e-04 -1.61041088414577e-06 1.16596406410516e-04 -1.95602113413762e-05 -2.54629212061361e-06 -2.27051416491926e-04 4.91594649741266e-07 1.05981113330795e-04 -1.55734911647194e-05 -5.74088016392221e-07 -1.87242852900002e-05 1.12821695589480e-06 -1.40541411515296e-05 4.49312672545264e-07 5.78859412337850e-05 -1.10079277593217e-03 7.33564898128477e-03 -2.53942290442104e-03 -6.40104927098680e-05 3.23102989837579e-05 7.97719808525276e-07 2.31910361735220e-04 7.25844483284133e-05 9.20994850170693e-07 -1.12909562263838e-05 3.36180558072456e-07 -1.72335772253605e-05 -2.94923987351740e-07 3.13487086228491e-05 -6.99911719449440e-04 3.67152339400986e-03 -7.32779362356479e-04 5.35276133106538e-05 -5.32772270145820e-05 7.05214970899857e-07 1.14100523478972e-04 7.45836180485122e-05 1.38660792250159e-06 -1.94349693286799e-05 -3.94005114505301e-07 -5.83479228408961e-06 2.84661590313938e-07 9.76310296052460e-06 1.84549278660663e-04 -1.72801155921933e-03 -2.53579312117610e-04 3.32930688853342e-05 2.53433070736523e-05 5.36262271699734e-08 5.40600609129727e-05 4.32607319584253e-05 9.21550853584092e-05 9.06975286316130e-06 -4.87179614547888e-06 -1.46145480301797e-05 -6.81549865547626e-06 -2.56563470696415e-07 2.02223680058637e-04 -1.82850660916296e-03 -2.47015664813232e-04 3.25413613404008e-05 2.41525316910881e-05 -3.72762045031944e-07 5.48572911740815e-05 4.49339684698016e-05 -9.21665909074661e-05 9.34724245343056e-06 5.85207947056253e-06 -1.51505490913988e-05 5.85660699565964e-06 -2.20216968106876e-07 1.65216619015180e-04 -4.93540757390610e-04 4.24069368472316e-03 -2.29241652246529e-03 2.03081474059807e-03 -2.15099879157886e-04 -8.62051024400866e-06 -5.14887705965771e-03 5.18077364214239e-04 2.14514444254491e-05 2.07000651937449e-03 -1.61172737853480e-04 -3.60809498297932e-06 -4.02114612756168e-05 -9.36528246992184e-07 -1.30727804246010e-04 1.25050371206251e-06 2.41671748935569e-04 -6.17247200360344e-05 4.62468895504132e-06 -1.45342139666003e-04 -1.44007367184639e-08 2.19912630083413e-04 -1.40373609183221e-06 2.89515547441968e-07 -8.93395726567865e-06 -5.91288631978238e-07 6.61074288505547e-05 -1.69782186191967e-06 -8.44748387414367e-05
 -9.20012486886283e-04 4.91588978216303e-04 -1.28604334978157e-02 1.94548549006968e-03 -5.96662773205641e-04 8.45952729192010e-04 -2.37188969725525e-06 2.35635583693483e-03 -6.67086520586811e-03 4.12416455725997e-05 -7.94343868125237e-04 1.36014666143947e-03 -3.13765891303042e-05 1.14112843194826e-04 -3.14034272298951e-06 1.18179440632976e-04 7.76532488922409e-07 3.01129579511451e-04 3.67549682878125e-05 2.99740264357054e-06 1.86381803767658e-04 2.03464699823791e-06 2.38474686393922e-04 7.29478732158071e-05 -3.30687059977079e-07 1.99566035302354e-04 -2.20339468547397e-06 2.60953631622793e-05 -3.11483442877519e-07 -1.11310007742008e-04 9.38217163623062e-04 -2.80172441133280e-03 2.11238696109876e-03 1.89182880823301e-04 -6.36174971714407e-05 2.25349900782060e-07 -3.78933708631371e-04 -1.46811423102844e-04 -1.40070487140627e-06 2.13660069284558e-05 2.67944736302053e-07 1.79439290788122e-05 9.36371625272419e-07 -3.49027492810723e-05 2.51809223114759e-03 -1.39395847679189e-02 2.32449121562473e-03 -5.32772270145820e-05 2.02388358747716e-04 2.21916448921552e-07 4.59949503526173e-05 -1.03861696909536e-04 2.74744053429523e-07 -6.61599316081300e-06 -2.63115039446731e-07 6.14093935363782e-06 -1.12344678477959e-07 1.16071529045307e-05 7.57047038473428e-04 -3.11940301845758e-03 1.39511750763383e-03 -1.33685068593844e-05 -9.69175432248817e-05 8.31795568470440e-05 1.68655740475681e-04 -1.04991340646862e-04 -1.48012102133749e-04 4.63606451808221e-06 1.86475717391178e-05 9.83275713759383e-06 -2.55372059706483e-05 2.15829650394441e-05 7.72103896042735e-04 -3.20954989886918e-03 1.36828019576613e-03 -1.27583947462085e-05 -9.74365449981767e-05 -8.43626941238112e-05 1.65588478046369e-04 -1.09419394414721e-04 1.51051106400771e-04 2.91076520371960e-06 -2.10589629752716e-05 1.13398627937798e-05 2.54157039945185e-05 2.28617715037102e-05 -3.63220123138329e-04 1.46088323394348e-03 -2.38660189199198e-03 1.24287232830290e-03 4.24813496375833e-04 4.13162962976507e-04 -4.76447564009476e-06 -7.60261961314465e-04 -9.95235386473211e-04 2.04342823591148e-05 3.72842547807075e-04 3.10387137564774e-04 -1.39400689062976e-05 7.73561962027641e-05 1.80746398450609e-06 -2.23823355034347e-05 -3.33827287016557e-06 1.82201851128216e-05 1.25839523519421e-04 -3.70283130898445e-06 5.19569955688542e-05 1.80240025629217e-06 -2.20415138065725e-05 2.51327411636676e-06 4.41386664544533e-07 1.56259997258791e-05 8.97065519969070e-07 1.49700164872075e-05 2.94002838315765e-06 -2.06770544341940e-05
 5.21595233010550e-06 7.95744526591307e-08 -8.78521482100504e-06 1.90467847788583e-05 -6.77440309136831e-06 -8.30257554125066e-06 -7.61042916619567e-04 2.53884501008163e-05 3.80914164669797e-05 6.07036772865401e-03 -2.65638090346286e-05 -1.14510564797792e-05 -1.22468489561817e-03 -6.08466820012115e-07 -2.30300050394403e-04 -1.67475879503189e-06 -1.05502928427478e-04 1.11824418889374e-06 1.23011463475192e-06 -2.61594196960842e-04 2.78603654253259e-06 -3.17578125921890e-05 -5.03267410353969e-06 -8.18311753624580e-08 4.39644590682813e-05 6.20066404219164e-08 1.12775379133946e-05 5.38687760276143e-07 -1.54308719338823e-05 -9.85780092640601e-07 -2.05640509518688e-06 3.35240758670628e-05 -6.20013234759628e-05 4.46357858694746e-07 6.12791604895160e-07 5.82074546046681e-05 -5.58846867300309e-06 5.14431575070727e-07 1.32497652821802e-04 -2.68677194368711e-07 1.70129229737433e-06 6.35485121876072e-07 -2.02780048004844e-05 -7.25545525707944e-07 1.04747159535841e-06 2.08428534397561e-05 -1.42158805103621e-05 7.05214970899857e-07 2.21916448921552e-07 4.44399713531632e-05 1.21548012132426e-09 -5.74555091664016e-07 1.76148686372374e-04 -1.07872048556334e-07 -2.93929735848682e-05 4.03009868933279e-07 9.89550484481813e-06 3.68800906243323e-07 -9.21773058109748e-04 5.62698430907406e-03 -5.21961605231325e-04 2.16308794451360e-05 4.07285771366802e-05 -2.47406185619128e-05 6.12178410794645e-05 6.78793801762611e-05 5.96825599745544e-05 9.16408619584664e-06 -9.19426671127170e-06 -1.24978334868854e-05 -5.60587800823607e-06 -2.60306700421862e-06 9.35248030535648e-04 -5.69980962814748e-03 4.87832265301895e-04 -2.16416297100222e-05 -4.01613117234676e-05 -2.60040387587702e-05 -6.04800726139919e-05 -6.90053997348795e-05 5.70162959653341e-05 -9.00563567416808e-06 -8.74099158827082e-06 1.18064623684945e-05 -5.53916616866378e-06 2.47238586729339e-06 3.21708186615622e-05 -3.14173629545962e-05 1.50410313505509e-04 -6.23971185120714e-05 -1.17760321845371e-05 -2.64975366421579e-06 -3.95159172805182e-04 -7.04619223952969e-05 5.27602166760062e-06 9.31387210547001e-04 3.17058966358920e-05 3.39840513568487e-06 -2.87470315737271e-04 1.27371216036859e-06 9.01821387264386e-06 -4.63704220090918e-06 -7.16177160638670e-05 5.89941275908640e-06 -3.72341251840956e-06 -2.68196565727311e-05 -7.39002669665654e-06 -1.10584104933295e-04 1.99634388346048e-05 -5.39825578859559e-07 5.46542892329155e-07 2.05224249057025e-07 8.89010284702228e-07 4.27319919781460e-06 4.20600728772809e-08 -6.68922453216291e-06
 -2.44123764445503e-03 3.36634734612120e-04 -8.56515465724479e-03 1.86388216954170e-03 -1.83511946568016e-03 -1.18806656219077e-03 2.35450505397293e-05 1.34778934959845e-02 9.60900441754468e-03 -1.57440612885657e-04 -3.24443454318171e-03 -1.94024787056554e-03 7.98247048645743e-06 -1.66850999519940e-04 6.84616438844141e-06 -7.36456751003949e-04 2.61399925942528e-06 5.39962626321733e-04 -5.53907221643568e-05 1.33374384861676e-05 -7.39955620274209e-04 8.98590821521986e-06 4.45095701363297e-04 2.53145638166930e-05 -5.21018145923671e-06 2.19544021847623e-04 1.74292892999757e-06 4.38532767467058e-05 3.04103028267908e-06 5.77383438122282e-05 -1.77319949044510e-03 1.64729657438073e-02 -4.57807172678540e-03 7.69631725817749e-05 9.22254382049855e-05 -5.55926591363205e-07 1.21416978749509e-04 2.06025287817915e-04 -7.60799022909083e-06 -3.27594519177402e-05 1.03741609486655e-06 -2.04972164248363e-05 1.25532359436448e-06 4.04459424498563e-05 -2.21212750969367e-04 1.62963001316156e-03 1.17264441331457e-04 1.14100523478972e-04 4.59949503526173e-05 1.21548012132426e-09 4.85623151122806e-04 9.08890073299253e-05 -5.75917607079134e-06 -7.84792479258484e-05 -6.43869230948626e-07 -1.52885188855127e-05 2.27408563648992e-07 4.53546818646872e-05 2.37270470820138e-03 -1.40621127881117e-02 1.54922836182476e-03 5.50457227540600e-05 -2.81958543719961e-05 1.71946355283422e-04 3.15734875729257e-04 1.85699456508086e-04 1.47694598588866e-04 3.76924358093986e-05 -6.22611889302200e-06 -5.29123283832927e-05 -3.92129387765276e-05 8.18255137737949e-06 2.32265968906196e-03 -1.37796533828904e-02 1.47636236336208e-03 5.53693005839145e-05 -2.73702225611627e-05 -1.69855234034550e-04 3.24536495974697e-04 1.95118400845849e-04 -1.58121075283994e-04 3.84172200260872e-05 7.87891725637738e-06 -5.42070176155355e-05 3.67970193130124e-05 9.07267058908428e-06 -3.05716261238752e-03 6.60722284524515e-04 8.54165365517225e-03 -4.71379976927122e-03 6.37561639669336e-03 -6.26703875602817e-04 -1.26029380228155e-05 -1.54991158934641e-02 1.49453583418288e-03 3.28831188204761e-05 6.30017126241989e-03 -4.65278768563354e-04 -3.94273661033891e-06 -1.17104237055973e-04 -1.59376426239573e-06 -3.89001592727620e-04 5.31820544544683e-06 7.20740879350366e-04 -1.70492852058029e-04 1.35034167681301e-05 -3.55530822223925e-04 7.99575927787956e-06 5.23694064113916e-04 1.20867080961166e-06 1.13708686962821e-06 -3.07295354000444e-06 -1.84522270650956e-06 1.93623561234442e-04 -4.94448082659005e-06 -2.47815501321702e-04
 9.34630363673382e-03 -2.52393155329425e-04 7.97246737177157e-03 -1.17109570177544e-03 -4.38721405059838e-04 -3.49412712611378e-04 1.98945279865351e-05 4.62204393071658e-03 2.78611900393226e-03 -1.20242322663401e-04 -9.78073961948244e-04 -5.69636376267822e-04 2.66929931791290e-05 -4.80288448446980e-05 5.20538979882617e-06 -2.07310632564757e-04 7.68732525212929e-07 1.46505416260730e-04 -1.71350591654900e-05 2.71224168879331e-06 -2.20276572021764e-04 -4.38989803506536e-07 1.48429729780931e-04 -3.17918520373167e-05 -1.43305765771191e-06 -9.08888530203712e-05 8.44687944222329e-07 -4.87896371330025e-05 7.93621051461811e-07 9.61028681564744e-05 -1.83356151704483e-03 1.09387320556532e-02 -3.98006370511801e-03 -1.51711964178506e-04 2.67546115908523e-05 -8.85242413229382e-07 4.84061418366200e-04 5.94254011577362e-05 -2.36785867069645e-06 -9.29404006722902e-06 3.27357998079487e-07 -2.71499165700024e-05 1.50970979071518e-07 4.76952385426961e-05 -1.08228194679377e-03 4.93757042137453e-03 -1.32906266042744e-03 7.45836180485122e-05 -1.03861696909536e-04 -5.74555091664016e-07 9.08890073299253e-05 1.60257171042667e-04 -3.59027031603391e-06 -1.76646473482495e-05 7.88180961799320e-07 -4.58798245127762e-06 3.55115284412472e-08 1.27925322387174e-05 -3.31912247689902e-04 3.19413765241084e-04 -9.26843982050599e-04 5.72330428376007e-05 4.97779533361931e-05 -5.07924807222931e-05 3.82270672062578e-05 -1.69714753689131e-05 1.61297619862803e-04 7.65667945316366e-06 -1.11159087584358e-06 -1.45592206396183e-05 -6.72962860795419e-06 2.68547777964999e-06 -3.61268174155217e-04 5.43005636467811e-04 -9.41543918697717e-04 5.76338722364752e-05 5.06475048402796e-05 5.14800014291217e-05 4.25551631871287e-05 -9.79649254832292e-06 -1.61455106359954e-04 8.60494314432206e-06 3.35897047305183e-06 -1.60272957255077e-05 5.87306838363384e-06 2.42677487274206e-06 6.78205302880910e-04 -1.18214111727767e-03 6.53508817530774e-03 -3.52102432018252e-03 2.64307157775238e-03 -1.75938404723160e-04 3.46642601399204e-06 -6.73638553631657e-03 4.29528764559908e-04 -4.71076584712039e-06 2.68626235776346e-03 -1.33512017910767e-04 4.56906300839003e-06 -3.30358151537095e-05 -1.67658083271997e-06 -1.71826590269832e-04 3.87858310164301e-06 3.11414352141820e-04 -5.21426921758452e-05 6.53995290714115e-06 -1.92020002687550e-04 3.20259169535278e-06 3.07681846292597e-04 -3.53819001760220e-06 3.30862752614556e-07 -1.80086543164708e-05 -5.72310725968692e-07 8.50143013733359e-05 -1.43834478476637e-06 -1.08782024550434e-04
 2.40949071840126e-05 -3.47354526392037e-06 5.98255715102639e-05 6.02516138336344e-05 -2.98215419097748e-06 -2.04398408687763e-05 -3.01687369340732e-03 -7.06083158568301e-05 4.98746532854172e-05 2.40632547181149e-02 -6.22196636046251e-05 -2.49782749124395e-05 -4.85440547336976e-03 -6.53414357722716e-07 -9.12930659871222e-04 2.01123632509448e-06 -4.18216863838683e-04 -2.80022315316538e-06 5.46559095078562e-06 -1.03704978629237e-03 1.93377399607823e-05 -1.25980137740104e-04 -2.55005158712559e-05 -6.53834885863594e-07 1.74326428318197e-04 -2.30239770836738e-06 4.46833329665773e-05 1.71844157750645e-06 -6.11989064981459e-05 -4.57623323634526e-06 1.61642118546577e-05 -8.27203606754740e-05 -1.89414041894493e-04 1.05948504085094e-06 1.45717134117345e-06 2.30726501638641e-04 -2.44163740895460e-05 -1.17840533488594e-07 5.25275537166813e-04 -7.17128179164233e-07 6.72935524646329e-06 2.81530387237970e-06 -8.03926998945218e-05 -3.43756232353477e-06 4.61460139814426e-06 7.87254247467477e-05 -5.86410635093734e-05 1.38660792250159e-06 2.74744053429523e-07 1.76148686372374e-04 -5.75917607079134e-06 -3.59027031603391e-06 6.98278424038040e-04 5.14076175867950e-07 -1.16500348639793e-04 1.76834636079315e-06 3.92204911571080e-05 8.88746971473613e-07 -3.68056339761950e-03 2.24653707363474e-02 -2.08636945437677e-03 8.49547935858320e-05 1.61794240056047e-04 -9.99808350067705e-05 2.38672764878684e-04 2.67283161104000e-04 2.34717583791759e-04 3.58711907947223e-05 -3.64129267975062e-05 -4.89233202248704e-05 -2.17081158417665e-05 -1.04661383014335e-05 3.68076524014725e-03 -2.24344790440912e-02 1.91708513773314e-03 -8.65714252610813e-05 -1.58840910719643e-04 -1.01179236939122e-04 -2.43806791875900e-04 -2.75406517645836e-04 2.27955222662186e-04 -3.61557498880333e-05 -3.46976613522046e-05 4.74284997183634e-05 -2.24374766006466e-05 9.63968733757555e-06 1.22119667096644e-04 -1.29493851858892e-04 4.82387525715236e-04 -1.85314129437563e-04 -1.24586228373865e-04 -3.88564477454140e-06 -1.56616914222200e-03 -8.53806086161717e-05 5.10694093522508e-06 3.69136038264951e-03 4.65675928163424e-05 1.83911986904298e-05 -1.13938779546228e-03 6.28475484481621e-06 3.57663294308885e-05 -1.35354870698840e-05 -2.83939384976693e-04 1.44702449805228e-05 -1.29703435115989e-05 -1.06470683250267e-04 -2.44731454718411e-05 -4.38425426884379e-04 7.17356285667716e-05 -2.14670016436495e-06 2.15120954572182e-06 8.73638424664424e-07 3.54396821762932e-06 1.43109003063388e-05 2.20209403278490e-07 -2.31481714734662e-05
 2.07441051316318e-04 -4.83289243598669e-05 1.20281048506319e-03 -2.59322471606994e-04 3.09341980926682e-04 1.76809307888050e-04 -2.13805783748794e-06 -2.29089940160510e-03 -1.43150301038972e-03 1.06110580824271e-05 5.53086333087587e-04 2.89101239002226e-04 1.82757212577095e-06 2.48735822587442e-05 -5.41149903784204e-07 1.17918999210704e-04 -1.39492642709311e-07 -9.46030697866685e-05 8.32623512423028e-06 -1.44781419932119e-06 1.17205274161731e-04 -1.28978987527052e-06 -7.84227717025249e-05 -3.95025194549895e-06 7.39830658509235e-07 -3.33174603760609e-05 -2.89718644423578e-07 -5.03438688566493e-06 -4.37516934133642e-07 -1.05591306636958e-05 3.30022362379460e-04 -2.92234539396204e-03 8.22297742554234e-04 -8.90827722493984e-06 -1.37497609509735e-05 -5.04940738804236e-08 -3.09132701291979e-05 -3.06009340472659e-05 8.87909987843860e-07 4.90333981551301e-06 -1.84716239495182e-07 4.05049762592396e-06 -1.54978860453272e-07 -7.71130045954373e-06 2.67873883881787e-05 -1.72855227275527e-04 -8.23213186157244e-06 -1.94349693286799e-05 -6.61599316081300e-06 -1.07872048556334e-07 -7.84792479258484e-05 -1.76646473482495e-05 5.14076175867950e-07 1.27824818579352e-05 1.51663849949673e-07 2.44536889949528e-06 -6.29329570210601e-08 -7.54716162993537e-06 -3.57684730102767e-04 2.15298873111616e-03 -2.20857634320089e-04 -1.06646015937984e-05 3.98086238868791e-06 -2.53707533264456e-05 -5.33005524154585e-05 -2.56934151101915e-05 -2.56466548518565e-05 -6.16049157439584e-06 7.12315345905712e-07 8.37465842836325e-06 6.79091452188633e-06 -1.78109800526566e-06 -3.54452208550133e-04 2.13517431614782e-03 -2.11557136537801e-04 -1.06213270245290e-05 4.06190460337857e-06 2.51946548964907e-05 -5.43983063947335e-05 -2.69282886675264e-05 2.68554169685097e-05 -6.22278804203957e-06 -9.56401604001536e-07 8.54247133340859e-06 -6.35314147632876e-06 -1.94665154249590e-06 3.75107363386479e-04 -7.66905485393763e-05 -1.53578631616204e-03 8.44114398534543e-04 -1.08591284725756e-03 9.35545063060796e-05 2.97462762080942e-06 2.65665549022594e-03 -2.23367833977403e-04 -7.87848078749956e-06 -1.07950800663216e-03 6.95063989803447e-05 1.52379010776736e-06 1.74779921047081e-05 2.54213127278072e-07 6.68977992409226e-05 -7.03471474352155e-07 -1.23128056490147e-04 2.53749256395365e-05 -2.17713662253177e-06 6.19326339394403e-05 -1.06364507358314e-06 -9.37411438486753e-05 -7.83691834199412e-08 -1.98192952799084e-07 9.24593707952625e-07 2.81133401572298e-07 -3.36758008189748e-05 7.48586501118204e-07 4.31369665435837e-05
 -5.17657433084352e-06 -2.29861560132049e-06 6.45868721701880e-05 -2.15721857603410e-05 3.74731375178195e-06 1.33547178585131e-05 5.03372367282094e-04 -6.04599944189566e-07 -8.82134161240898e-05 -4.01465403435468e-03 1.49218801751090e-05 2.02966055238116e-05 8.09926477129561e-04 1.49063385562623e-06 1.52307905795379e-04 2.85787921769110e-06 6.97680481512983e-05 1.03668753530274e-06 -4.76721871935637e-07 1.72978488462013e-04 5.94235943058793e-08 2.09674028133553e-05 5.51959366015528e-06 5.43162085071101e-08 -2.90741288893960e-05 -8.56684132957157e-07 -7.47010802221337e-06 -1.12076255885061e-06 1.01942455800845e-05 8.95678488238090e-07 -8.28925011851068e-06 3.21621074111203e-05 1.91575160446621e-05 -1.27877716966613e-06 -1.00694956849610e-06 -3.84976786769639e-05 6.29552993733004e-06 -1.72183829248724e-06 -8.76182283163128e-05 3.84071765722735e-07 -1.12287886371421e-06 -6.23500201334484e-07 1.34107247314723e-05 7.85893328107688e-07 5.67156447400360e-06 -6.04269042632403e-05 7.85676452737315e-06 -3.94005114505301e-07 -2.63115039446731e-07 -2.93929735848682e-05 -6.43869230948626e-07 7.88180961799320e-07 -1.16500348639793e-04 1.51663849949673e-07 1.94495386308758e-05 -2.48517557243056e-07 -6.54462187949208e-06 -2.73155032765425e-07 5.99149989474803e-04 -3.66617001984598e-03 3.34534271991035e-04 -1.38559657848767e-05 -2.68451942367961e-05 1.54039484052719e-05 -4.00224196761820e-05 -4.66382164194963e-05 -3.96049228985216e-05 -6.09811500708947e-06 6.18410165667995e-06 8.45933485152773e-06 3.59172202814361e-06 1.87526281733796e-06 -6.28897934385862e-04 3.82479317216087e-03 -3.33249989465896e-04 1.47687209295595e-05 2.66487829665276e-05 1.81424603415252e-05 4.04429949919923e-05 4.38900760593256e-05 -3.75029819344387e-05 5.91298085116323e-06 5.67942526543765e-06 -7.61982440571271e-06 3.77718483980230e-06 -1.47836730421655e-06 -1.78919760109744e-05 1.36283419715101e-05 -6.71098312049679e-05 2.37274798723616e-05 1.93217719913410e-05 5.77200206910715e-06 2.61374214819294e-04 1.72480357786733e-05 -1.30099109880357e-05 -6.15958219435622e-04 -9.42367937688891e-06 7.25844280341708e-07 1.90068532205555e-04 -9.17311423346788e-08 -5.96512712704113e-06 2.18827941887061e-06 4.73600057570002e-05 -2.58852200995473e-06 3.60040248520096e-06 1.77310380699181e-05 4.35748391452693e-06 7.31449272697701e-05 -1.16210709309349e-05 3.20583361956620e-07 -3.58970237039003e-07 -2.51168342618101e-07 -5.79090088882894e-07 -2.49641910556722e-06 2.00759652961091e-10 3.99030394619030e-06
 5.75916840296725e-04 9.79046476385477e-06 -1.94657549037614e-04 2.97997494035351e-06 3.47375722429985e-05 7.42791089248885e-05 -7.54066881326773e-06 -3.53451053126141e-04 -5.93524857208621e-04 6.06701593306443e-05 7.28061091677310e-05 1.20330271444747e-04 -1.23512869261638e-05 1.02290652338638e-05 -2.41452720545252e-06 2.95852228777805e-05 -9.95366770319194e-07 -6.02987115482672e-06 3.35114682646516e-06 -2.67399985917735e-06 3.31774810244910e-05 -5.29116533696869e-07 -6.57431711548504e-06 1.91505737853323e-06 5.73752023234881e-07 -8.90430753853691e-08 -5.19828552008128e-08 -5.64997906924973e-07 -2.43237236807967e-07 -6.24585021048932e-06 9.09218649305311e-05 -6.50581798899407e-04 2.42497278859317e-04 3.99430744960254e-06 -5.67666665528216e-06 5.41441156840028e-07 -1.49488821016091e-05 -1.28988749496893e-05 1.36819518618648e-06 1.96856345434174e-06 -1.07980762121788e-08 1.53181475120259e-06 -1.80842066524797e-07 -2.97701923068101e-06 1.02831281202269e-04 -6.08370184879994e-04 8.52595263944487e-05 -5.83479228408961e-06 6.14093935363782e-06 4.03009868933279e-07 -1.52885188855127e-05 -4.58798245127762e-06 1.76834636079315e-06 2.44536889949528e-06 -2.48517557243056e-07 9.15339185977903e-07 7.44323806791764e-08 -8.01226953963149e-07 -6.40177298139456e-05 4.08027239931436e-04 -5.14959946171856e-06 -2.04380855230283e-06 -2.35618909681780e-06 -3.08746973230178e-06 -4.06241084231163e-06 -1.12465773083506e-05 -8.11866628769169e-06 -1.03965884700806e-06 1.09793112789819e-06 1.88893941741737e-06 3.01632072608933e-07 6.35802016640039e-07 -4.51237509629994e-05 2.94621047088689e-04 5.23523839691666e-06 -2.41888831196513e-06 -3.12581747589157e-06 2.51206093227813e-06 -5.55652912507021e-06 -1.29170823378559e-05 9.70106131189754e-06 -1.29306081780564e-06 -1.39994174354333e-06 2.22336838974964e-06 -3.25654560420842e-07 6.98624136016103e-07 1.54059526296737e-04 2.51811938963989e-05 -3.67523697023870e-04 2.01355135436673e-04 -2.02266899063284e-04 3.78369983565076e-05 -3.24525633084383e-06 4.97776187749705e-04 -9.06044015045885e-05 7.95455553843322e-06 -1.99524288912232e-04 2.82705735489449e-05 -2.97709259238676e-06 7.08967423631092e-06 2.02845138073588e-07 1.25677700962987e-05 -9.43777206458873e-07 -2.41995034332016e-05 1.07984340391839e-05 -8.35331072435998e-07 1.36493557184677e-05 -1.17945935801096e-06 -1.77169174312241e-05 3.53962096619531e-08 -1.53598506082564e-08 6.46809562235085e-07 1.05122765578557e-07 -5.67903631814517e-06 2.87290690367127e-07 7.19535195815988e-06
 -4.28090479006779e-06 -4.08554555534997e-07 8.60310140553494e-06 2.66791128991361e-06 -2.22749011334919e-06 -2.80733609524746e-06 -1.69448657035994e-04 1.34248547152432e-05 1.61168817285391e-05 1.35161069742360e-03 -7.59007453683315e-06 -4.10367278115220e-06 -2.72680968232936e-04 -2.66877534337131e-07 -5.12758414170108e-05 -8.29750383630146e-07 -2.34928671014593e-05 4.59280005922289e-07 2.29643570941270e-07 -5.82476606801207e-05 1.25135182294276e-07 -7.07045877093868e-06 -9.09569388574767e-07 -6.80360479344669e-08 9.78687280119718e-06 -8.48376604445579e-08 2.51361731623254e-06 7.09121280386124e-08 -3.43481135096132e-06 -6.66534656070821e-08 -3.17475148799485e-06 2.47680646455128e-05 -2.01396413276992e-05 -9.40101028688532e-08 2.09613689908814e-07 1.29609212709931e-05 -6.49045189352524e-07 2.79487895634545e-07 2.95018933437911e-05 -8.52939650241805e-08 3.79513825869854e-07 9.44465753989155e-08 -4.51559772658004e-06 -7.67460705286348e-08 -1.69795289997835e-06 1.49701807040768e-05 -5.28635962835457e-06 2.84661590313938e-07 -1.12344678477959e-07 9.89550484481813e-06 2.27408563648992e-07 3.55115284412472e-08 3.92204911571080e-05 -6.29329570210601e-08 -6.54462187949208e-06 7.44323806791764e-08 2.20377858964152e-06 9.66264588213652e-08 -2.05153557368269e-04 1.25087003561774e-03 -1.17252438045895e-04 4.89770131190321e-06 9.14542872573175e-06 -5.54330340690915e-06 1.37194600276682e-05 1.52121321953873e-05 1.34931476161479e-05 2.05812313381921e-06 -2.06246197259684e-06 -2.81035667941518e-06 -1.25910517973314e-06 -5.83188019282165e-07 2.08327259592209e-04 -1.27111910737763e-03 1.07588710219577e-04 -4.73805273063190e-06 -8.86630330327219e-06 -5.75504904730208e-06 -1.33733496551101e-05 -1.52596608804967e-05 1.24883771330138e-05 -1.98628133812446e-06 -1.92801750542683e-06 2.59893611715545e-06 -1.22426496160899e-06 5.46666644463972e-07 7.98565357108433e-06 -8.47644639354492e-06 4.36720608022669e-05 -1.93821231291833e-05 1.81016323724045e-06 -1.07425007146569e-06 -8.79946640899625e-05 -2.70756706102887e-05 2.34427602181054e-06 2.07404941142794e-04 1.16217959401755e-05 3.92762394391693e-07 -6.40076046654317e-05 1.93036458642500e-07 2.00534426517393e-06 -1.32490666306434e-06 -1.59415149443949e-05 1.85372122961062e-06 -9.70062397580297e-07 -5.96047224106853e-06 -1.98450826774590e-06 -2.46207299083964e-05 4.96010513015588e-06 -1.24307669238648e-07 1.22246406765410e-07 2.14020579061821e-08 1.96634684204684e-07 1.09734888276844e-06 5.52543460584313e-09 -1.67567221283068e-06
 9.89232131172160e-04 4.73675543721177e-05 -1.06099664338145e-03 1.61913668943229e-04 -2.22821307880541e-04 -4.85229745145669e-05 -3.65461562518195e-06 1.52439146228900e-03 4.03537663507687e-04 3.62594702438488e-05 -3.90915575162114e-04 -8.09826154029326e-05 -1.07331052219831e-05 -7.12614646216972e-06 -1.40719451910334e-06 -6.09963921582132e-05 -6.16520260659988e-07 7.43925067254334e-05 -2.52917840562977e-06 -8.85977973467768e-07 -5.41621041520010e-05 4.92515703807890e-07 5.78001688442641e-05 5.18599863788159e-06 -1.08134765595621e-07 2.50308758550269e-05 1.14557190438524e-07 2.22083723061675e-06 1.33824812167219e-07 2.09025721754723e-06 -1.95142320706091e-04 1.79345389436288e-03 -4.23399105191445e-04 8.81042358461536e-06 3.91138588504582e-06 4.21932295599511e-07 1.82766443828671e-05 8.30721044706305e-06 3.25023822966184e-07 -1.47153166179641e-06 1.39351239343716e-07 -1.92568560151132e-06 4.38848394483789e-09 3.45710884873110e-06 9.77836839603096e-05 -6.09023892538553e-04 9.65109749552595e-05 9.76310296052460e-06 1.16071529045307e-05 3.68800906243323e-07 4.53546818646872e-05 1.27925322387174e-05 8.88746971473613e-07 -7.54716162993537e-06 -2.73155032765425e-07 -8.01226953963149e-07 9.66264588213652e-08 5.52195280311972e-06 2.01572307501250e-04 -1.22868925675186e-03 1.56257367609868e-04 7.36770781175030e-06 -5.65042844764868e-06 1.53992263068140e-05 3.89041682312234e-05 3.92103230195756e-06 1.38664686416844e-05 3.75555251950686e-06 1.08111192236264e-06 -4.57782799349524e-06 -5.34737398371790e-06 2.51513931671365e-06 2.13349501753189e-04 -1.29830607174205e-03 1.56562337208278e-04 7.08089491822859e-06 -6.28343260507063e-06 -1.57390118496862e-05 3.85563316760472e-05 3.61407042358753e-06 -1.33421521396018e-05 3.58365509792559e-06 -1.13838945126488e-06 -4.42980875107478e-06 4.99664582791157e-06 2.70363402524362e-06 1.06724804545766e-04 6.04163667065249e-05 9.31317448750649e-04 -5.07946532082245e-04 6.69203418416563e-04 -2.75658142921035e-05 -4.46088885053574e-06 -1.65813308252897e-03 6.57523481931309e-05 1.18748072613359e-05 6.77818534734070e-04 -2.03882460174813e-05 -3.60205207331498e-06 -5.13355172053194e-06 -2.74037588222907e-08 -4.15301708901990e-05 -1.99767083811671e-07 7.48308988690587e-05 -6.81045285110681e-06 9.58943346653714e-07 -3.84071226671924e-05 -2.37716780422005e-08 6.31636524498636e-05 2.28265730220578e-08 1.50083099409459e-07 -3.24318091985061e-07 -1.01827709810111e-07 2.27894052704645e-05 -2.45886727384108e-07 -2.92986356161649e-05
 -1.68525997335525e-02 4.33476529109886e-03 -1.14229925466122e-01 1.69559762522318e-02 -7.20288338515760e-03 -9.07866733874794e-03 1.58564721578710e-02 3.71102824000196e-02 7.39155443135842e-02 -1.26739129546799e-01 -1.08559662260277e-02 -1.48128522243971e-02 2.54503956120146e-02 -1.28312482702809e-03 4.80950219518340e-03 -3.83933248745427e-03 2.21214239532858e-03 9.71696422269725e-04 -4.35765330010974e-04 5.52213745145721e-03 -3.81668892216831e-03 7.29198523207166e-04 6.45502061423118e-05 2.66018463955752e-04 -9.35649296693385e-04 1.98920777714842e-03 -2.23119358348758e-04 9.20668667426021e-04 3.40651385031768e-04 -2.95653618624642e-04 4.93552160307496e-03 4.84519863231165e-05 1.18644166203804e-02 1.61083933189335e-03 7.02481363430732e-04 -1.21061266623615e-03 -2.77269279999853e-03 1.60938988437821e-03 -2.79397494744574e-03 -2.44988358942577e-04 -3.29093580547187e-05 1.38679205182609e-04 4.28643183242299e-04 -1.98166189298347e-04 -4.08554721416070e-04 1.39896039654835e-02 7.94494753766351e-03 1.84549278660663e-04 7.57047038473428e-04 -9.21773058109748e-04 2.37270470820138e-03 -3.31912247689902e-04 -3.68056339761950e-03 -3.57684730102767e-04 5.99149989474803e-04 -6.40177298139456e-05 -2.05153557368269e-04 2.01572307501250e-04 3.88910232895004e-02 -2.23890906751157e-01 2.95530889562927e-02 -7.03509325762961e-04 -1.26567355595349e-03 2.19251777434752e-03 -2.03130332276631e-04 5.89408302991621e-04 -9.96689505033398e-04 -1.52894662771971e-05 1.18398385126580e-04 -7.46327048833466e-05 2.57480780198361e-05 -6.58590451245634e-06 2.36475624656510e-05 1.25636226318942e-02 8.18296578623239e-03 1.93726401328626e-04 4.21426905929964e-04 -1.11978176288230e-03 2.36935081445708e-03 3.45900220623894e-03 -1.52694830241376e-03 3.66058963385050e-04 2.52576152318374e-04 -5.76468994318682e-04 1.99189846464532e-04 -1.08756914804838e-04 -1.63130234752077e-03 1.25581387148860e-02 -8.49137107282032e-03 4.01817026920640e-03 1.17145286864906e-02 -4.78523162411217e-03 8.13833737896521e-03 -2.60368945721159e-02 1.13540972810903e-02 -1.92317939034340e-02 1.11470468896150e-02 -3.64774992060939e-03 5.97899774665235e-03 -9.29942376723505e-04 -1.88377101113701e-04 -4.59442630930921e-04 1.50539652531466e-03 1.14357242235460e-03 -1.24852371504679e-03 6.01786166002754e-04 -5.84332971382645e-04 2.32309070378405e-03 1.02267517695964e-04 5.51468381301610e-05 -8.50365456152724e-06 1.30061189463612e-04 -3.07098745696262e-05 3.70300440326945e-04 -3.66156468372441e-05 -4.41765522223238e-04
 1.56923689772550e-03 -2.17483424760959e-02 5.59147080310654e-01 -8.56630988728898e-02 4.31296301255751e-02 5.49543165526734e-02 -9.68500238259571e-02 -2.44579715101650e-01 -4.46954898115789e-01 7.73651913434590e-01 6.71615663771184e-02 8.96575482014978e-02 -1.55464008249188e-01 7.75456835737584e-03 -2.93645546560055e-02 2.34543955905487e-02 -1.34857300721180e-02 -6.29741416482445e-03 2.65285335523745e-03 -3.36512610070893e-02 2.37029964220497e-02 -4.40779715463356e-03 -1.59173478545254e-03 -1.13789617811789e-03 5.70624849828093e-03 -1.01677139965317e-02 1.35632181821706e-03 -4.70120765733499e-03 -2.07526432802795e-03 6.70150272695434e-04 -1.11782365762904e-02 -9.57180191445193e-02 -2.92230446829210e-02 -7.54031578078401e-03 -4.24774117653228e-03 7.38959585336255e-03 1.09389552590510e-02 -9.72662680461298e-03 1.70383812590285e-02 1.47917694296086e-03 1.99867891654820e-04 -5.31465962717627e-04 -2.61064570720568e-03 6.77565679003721e-04 1.46933273725177e-02 -1.37366090005097e-01 -3.04405609530447e-02 -1.72801155921933e-03 -3.11940301845758e-03 5.62698430907406e-03 -1.40621127881117e-02 3.19413765241084e-04 2.24653707363474e-02 2.15298873111616e-03 -3.66617001984598e-03 4.08027239931436e-04 1.25087003561774e-03 -1.22868925675186e-03 -2.23890906751157e-01 1.30784384463534e+00 -1.61489767048712e-01 3.66744417735515e-03 6.97465369250507e-03 -1.20330000795737e-02 1.62237712236598e-03 -2.59867617799846e-03 4.59669602202937e-03 1.16694354157685e-04 -7.28082377747492e-04 4.34912629889140e-04 -1.73252752060091e-04 1.34546224189934e-05 1.32518765588424e-02 -1.35562782886566e-01 -3.12682769306472e-02 -1.80739335094257e-03 -3.31839478757691e-03 5.49292867146250e-03 -1.40853800806788e-02 -2.01533670725771e-02 1.07478755496067e-02 -2.21717992878277e-03 -1.55728108503409e-03 3.51040357023036e-03 -1.19451391757649e-03 6.41857572193768e-04 2.21514945585668e-02 -5.97406728143474e-02 -8.41135798995172e-03 8.11201721604405e-03 -8.93395440614433e-02 2.88765771783063e-02 -4.96928636140119e-02 2.03376542337236e-01 -6.86408170147659e-02 1.17397687898051e-01 -8.51227648735505e-02 2.20521406500216e-02 -3.65146964290639e-02 5.61637535786233e-03 1.16405342755582e-03 4.02123598785560e-03 -9.20753309570195e-03 -9.08338183845419e-03 7.57751606639873e-03 -3.70800034385070e-03 4.73658965729250e-03 -1.41803139168859e-02 -2.72337387773094e-03 -2.81864040532243e-04 5.11393777786861e-05 -5.55326204889380e-04 1.87537681760018e-04 -2.66587411168013e-03 2.21859400894603e-04 3.21666511473181e-03
 -8.53216119718097e-03 5.64262694564382e-03 -1.48916861386283e-01 1.92215693312153e-02 -5.59662916713367e-03 -4.60695443825148e-03 8.96186113550322e-03 1.46512986306774e-02 3.80369929039621e-02 -7.17941433691752e-02 -7.25884144951845e-03 -7.55450160296176e-03 1.43365341366474e-02 -6.65148597096359e-04 2.71762560467875e-03 -2.08375864324731e-03 1.26375470618841e-03 6.72051177756562e-04 -2.18456226156639e-04 3.16122084980366e-03 -1.68482010124995e-03 4.36164009568410e-04 -5.47013664907671e-04 4.68207808596561e-04 -5.31238694308114e-04 2.32477003135620e-03 -1.32023493968324e-04 1.03989017081488e-03 1.96025410169279e-04 -8.77480165257480e-04 1.32079615566421e-02 -5.21023806727247e-02 3.29895618043479e-02 2.23180001025063e-03 3.61514585510777e-04 -6.86254133556332e-04 -4.70204385113340e-03 8.27237169173659e-04 -1.59441728060488e-03 -1.27918767757894e-04 -1.89934480247824e-05 2.77668207083222e-04 2.47452453966874e-04 -4.53890711286007e-04 8.18887959611069e-03 -3.29229837122060e-02 1.61808552517129e-02 -2.53579312117610e-04 1.39511750763383e-03 -5.21961605231325e-04 1.54922836182476e-03 -9.26843982050599e-04 -2.08636945437677e-03 -2.20857634320089e-04 3.34534271991035e-04 -5.14959946171856e-06 -1.17252438045895e-04 1.56257367609868e-04 2.95530889562927e-02 -1.61489767048712e-01 2.80326780943967e-02 -7.33946176875026e-04 -1.19608859025387e-03 2.02083351496296e-03 1.81381115713729e-04 6.38553725617620e-04 -1.26455273178992e-03 5.72627072692636e-06 1.05815864980502e-04 -6.59181574669317e-05 -1.34811481356682e-05 9.82874602942236e-06 7.49296839147602e-03 -2.75742591887654e-02 1.57762133339768e-02 -2.24313789796448e-04 -2.37994385598371e-04 -1.41035585264820e-03 1.63430419789123e-03 2.24409227307960e-03 -1.88203480538297e-04 2.17069718219041e-04 9.18030536987800e-05 -3.40711898039794e-04 1.43425759871733e-04 -4.46297542968903e-05 1.69348495072368e-02 1.63878789562403e-02 -3.78046167708273e-02 2.03070737153002e-02 -3.26769842859841e-03 -2.51075906542103e-03 4.60269988535521e-03 9.26171874453190e-03 5.88094982421818e-03 -1.08782050323086e-02 -2.78324471371923e-03 -1.89872432844578e-03 3.36471210176381e-03 -4.88311791040888e-04 -9.78940667332063e-05 4.24812188057766e-04 8.40930217894832e-04 -5.54195915162374e-04 -6.15740094902474e-04 3.20000572041530e-04 2.64941902695491e-04 1.31821016361104e-03 -9.50548211410104e-04 6.14385847223402e-05 -4.68637982310371e-06 2.09469415372725e-04 -1.66639730207456e-05 5.11137898622770e-05 -1.88626489309140e-05 -4.82696473773564e-05
 2.11681975466308e-04 -1.12041495780500e-04 3.05739514027211e-03 -4.13862582756874e-04 -4.06244731456217e-04 1.99735139023047e-04 -3.64686344031145e-04 3.75182231661082e-03 -1.60310283845534e-03 2.94270441697565e-03 -8.39819002688925e-04 3.20753211805840e-04 -5.98458239519914e-04 2.75758279269218e-05 -1.11472681307360e-04 -5.01193999338481e-05 -5.17159318367908e-05 2.09285435746085e-04 8.32630774036068e-06 -1.27613666624787e-04 -3.93898772413420e-05 -1.62400080857972e-05 2.10619971661417e-04 -3.58916329972089e-07 2.06552070274618e-05 -2.31738678544933e-05 5.29328960314981e-06 -4.22628650749616e-05 -7.62139631042587e-06 3.54675013085745e-05 -1.09013404947621e-03 7.29049184039310e-03 -2.53466247617234e-03 -6.39891321095788e-05 -1.50796122021277e-05 2.82929488695764e-05 2.28974700808176e-04 -3.62786175629231e-05 6.41629908019025e-05 4.93712467211305e-06 1.18949384560951e-06 -1.86232783651702e-05 -9.76246673867323e-06 3.07377758874603e-05 1.78065321772115e-04 -1.67035713358538e-03 -2.56057865588972e-04 3.32930688853342e-05 -1.33685068593844e-05 2.16308794451360e-05 5.50457227540600e-05 5.72330428376007e-05 8.49547935858320e-05 -1.06646015937984e-05 -1.38559657848767e-05 -2.04380855230283e-06 4.89770131190321e-06 7.36770781175030e-06 -7.03509325762961e-04 3.66744417735515e-03 -7.33946176875026e-04 5.29482307767803e-05 2.74618459879027e-05 -4.55056010509699e-05 1.12969269079487e-04 -3.64021686478512e-05 6.58913453860432e-05 9.55468304212152e-06 -5.54917920566322e-08 -5.56788124786679e-06 -1.65868058625564e-05 9.03885821342868e-06 2.02710522972976e-04 -1.82761823968371e-03 -2.48727429355641e-04 3.21416234004237e-05 -1.22107642513464e-05 2.02193831686305e-05 5.40142308975836e-05 -1.01280565375890e-04 -6.28876886415817e-06 5.58484036460376e-07 -8.07899828991350e-06 5.63687694548203e-06 1.04893207669243e-05 1.18159232579858e-05 1.52302502799776e-04 -4.86793951598202e-04 4.21096844439782e-03 -2.27765120301153e-03 2.02086439855636e-03 1.00223259933474e-04 -1.93798672200553e-04 -5.11958954586981e-03 -2.34319156521426e-04 4.63554201696517e-04 2.05655737939724e-03 7.59695039510049e-05 -1.44236908593593e-04 1.95576671795117e-05 3.87801590525000e-06 -1.38129750629115e-04 -3.40456292828700e-05 2.35932546962382e-04 2.76643147397265e-05 -1.04313155010217e-05 -1.21261941639919e-04 -5.20983818879140e-05 2.32746443436686e-04 -2.61116224726541e-06 6.43095573025624e-07 -9.37845057282975e-06 5.63710182548431e-07 6.53987496823701e-05 6.00129741875046e-07 -8.49655317527027e-05
 4.80960450044495e-04 -2.44682993464366e-04 6.39818828215325e-03 -9.51999484091984e-04 2.90306386342443e-04 -3.71404499511532e-04 -6.98302235573133e-04 -1.14738114902896e-03 2.89791286889358e-03 5.56072994744953e-03 3.71572040111668e-04 -5.94874135251169e-04 -1.11078255644935e-03 -4.94750146341868e-05 -2.10230120807624e-04 -4.52929504291858e-05 -9.73798956915091e-05 -1.40106680868626e-04 -1.46632154135861e-05 -2.42061821605917e-04 -7.32795878026825e-05 -3.03606059605991e-05 -1.13251677825083e-04 -3.49917199491172e-05 4.06141347172722e-05 -9.97106756281228e-05 1.13554779771284e-05 -1.51494918083657e-05 -1.40985643103894e-05 5.25469440754120e-05 -4.69564092087419e-04 1.43111239840449e-03 -1.10881227466671e-03 -9.38738401752747e-05 2.78581168723620e-05 5.33865251867865e-05 1.83892923964651e-04 6.35436781340189e-05 1.22535010604869e-04 -9.38292815670171e-06 1.43533568835527e-06 -8.52310261297606e-06 -1.90931578630213e-05 1.67160727417145e-05 -1.17213061961992e-03 6.46623197776550e-03 -1.12626757958188e-03 2.53433070736523e-05 -9.69175432248817e-05 4.07285771366802e-05 -2.81958543719961e-05 4.97779533361931e-05 1.61794240056047e-04 3.98086238868791e-06 -2.68451942367961e-05 -2.35618909681780e-06 9.14542872573175e-06 -5.65042844764868e-06 -1.26567355595349e-03 6.97465369250507e-03 -1.19608859025387e-03 2.74618459879027e-05 8.41211486438189e-05 -6.72741513130929e-05 -2.48233460438680e-05 1.04316302364634e-04 1.23685550783375e-04 5.77303667107676e-06 -1.68820359933044e-05 -1.50251775336002e-05 6.88717846462455e-06 -1.21565334228523e-05 4.34673545862460e-04 -3.39499299355590e-03 -2.54484172534170e-04 -1.25784546318700e-05 1.00077112948079e-05 2.11313421237968e-05 -1.35355801460410e-04 -1.94599226209599e-05 -1.75239627186891e-05 -1.01313885502245e-05 1.54031334718120e-06 6.58633880776379e-06 -1.70598320065031e-05 -8.09640400792215e-06 2.09081720685327e-04 -7.54881019361369e-04 1.32345040434574e-03 -6.75450779350588e-04 -2.19542528462037e-04 -1.79069225112866e-04 -3.60689208358064e-04 3.11518916362034e-04 4.31039813969671e-04 8.46085889600592e-04 -1.55874870791076e-04 -1.29783488266846e-04 -2.57725724084352e-04 -3.19100573348130e-05 7.43889393960617e-06 6.20192518857259e-06 -6.42951741349058e-05 -4.07765643426145e-06 -5.77027278494722e-05 -2.30204965203357e-05 -3.03219690548093e-05 -1.02518814725401e-04 2.99747792989378e-05 -1.83764551178412e-06 2.91963155039027e-07 -7.65346140587283e-06 4.37735094534388e-07 -3.66906153585764e-06 -1.21611439526550e-06 4.25380326572544e-06
 -8.18154824441038e-04 4.22212813615502e-04 -1.10599453644470e-02 1.67528250464734e-03 -5.08760560961801e-04 -6.85834539106814e-04 4.27788014784539e-04 2.05292140520925e-03 5.56468198701605e-03 -3.43919816993685e-03 -7.03545766348832e-04 -1.11720780217244e-03 6.83686766889974e-04 -9.66441385049162e-05 1.30333868753175e-04 -2.72804262167120e-04 6.08175354060284e-05 4.58690022204998e-05 -3.10218974225042e-05 1.53580683570891e-04 -2.62586382550112e-04 2.35796002792093e-05 -3.74016383360267e-05 2.79694284648313e-05 -2.61280073630070e-05 1.80968639449085e-04 -5.62167963345507e-06 8.67846541502841e-05 1.02078354580245e-05 -4.54597963382384e-05 7.91663693163842e-04 -2.37323248553149e-03 1.79380927337940e-03 1.62772679117567e-04 5.31165693014371e-05 -3.26561587935941e-05 -3.23375723399348e-04 1.21015342162617e-04 -7.74467259451413e-05 -1.85738284450203e-05 -8.48492659145101e-07 1.90411428230631e-05 1.19916665520192e-05 -2.92236399444879e-05 1.68500098086713e-04 1.78162338688441e-04 9.06436266682130e-04 5.36262271699734e-08 8.31795568470440e-05 -2.47406185619128e-05 1.71946355283422e-04 -5.07924807222931e-05 -9.99808350067705e-05 -2.53707533264456e-05 1.54039484052719e-05 -3.08746973230178e-06 -5.54330340690915e-06 1.53992263068140e-05 2.19251777434752e-03 -1.20330000795737e-02 2.02083351496296e-03 -4.55056010509699e-05 -6.72741513130929e-05 1.61964279714188e-04 4.08444061430511e-05 1.25159575448431e-04 -3.78641442338707e-05 7.40254465150035e-06 3.76624104896249e-07 -1.82854148258852e-05 -2.40262361592714e-06 -3.98485633766515e-06 1.13171376755583e-03 -5.61826989096864e-03 1.42435002122560e-03 -2.14367253385356e-05 -2.14486227110307e-05 -1.32078732988708e-04 1.12016304221156e-04 2.02872756337036e-04 -3.55716279327591e-05 1.77438652444429e-05 9.12717593137782e-06 -3.12935038146312e-05 8.31331209514623e-06 -6.53500558207824e-06 -2.94776536086544e-04 1.22523058557570e-03 -1.95346530916918e-03 1.02770128433389e-03 3.54915083792963e-04 -3.61367717052310e-04 2.15604516643486e-04 -6.86322948068280e-04 8.53640890361649e-04 -5.13146585166769e-04 3.38654108026857e-04 -2.69320839231832e-04 1.61300363886847e-04 -6.84206244743909e-05 -4.78908778811192e-06 -3.05019465170729e-06 4.08622371177471e-05 2.85777879749834e-05 -9.64933542590459e-05 1.73243785176175e-05 -1.18823944746552e-05 6.35835523825561e-05 -4.11259648996912e-05 4.63417811179778e-06 -1.51873335269225e-07 1.45886145793170e-05 -1.39612590272492e-06 1.55921003094580e-05 -2.66104346769821e-06 -1.87006035421640e-05
 -2.45537132035984e-03 3.48745550020185e-04 -8.87671447133905e-03 1.90521970526108e-03 -1.86346878821080e-03 6.55950766654380e-04 -1.02847165219540e-03 1.35355588003746e-02 -5.15240262238861e-03 8.29413865198352e-03 -3.26370229049430e-03 1.04459799184862e-03 -1.71020470496013e-03 8.75683745305198e-05 -3.15395340249483e-04 -2.50742831653944e-04 -1.43928091921364e-04 8.24770124574609e-04 2.73450813565523e-05 -3.52387864069889e-04 -1.86209668943980e-04 -3.99011272181168e-05 7.61028242419237e-04 7.20260205649784e-05 5.68569850733457e-05 2.12367996103947e-04 1.38595574639225e-05 -3.83934358507507e-05 -2.05743261248337e-05 -1.06873168684021e-05 -1.73678603962618e-03 1.64106144084807e-02 -4.53698101555311e-03 8.15363941425760e-05 -4.84469386194580e-05 7.98749764032408e-05 1.06141739712954e-04 -1.17182812316126e-04 1.77331727628544e-04 1.53922269266752e-05 3.55217135293473e-06 -2.44217875383642e-05 -2.64060781541960e-05 3.82769814998573e-05 2.42566336545484e-03 -1.44428230079555e-02 1.57897288022284e-03 5.40600609129727e-05 1.68655740475681e-04 6.12178410794645e-05 3.15734875729257e-04 3.82270672062578e-05 2.38672764878684e-04 -5.33005524154585e-05 -4.00224196761820e-05 -4.06241084231163e-06 1.37194600276682e-05 3.89041682312234e-05 -2.03130332276631e-04 1.62237712236598e-03 1.81381115713729e-04 1.12969269079487e-04 -2.48233460438680e-05 4.08444061430511e-05 4.94854671229926e-04 -5.14713972058033e-05 6.73321225019657e-05 3.93827974744607e-05 8.50793602252485e-06 -2.62316846032709e-05 -6.88444440713566e-05 3.62163560677305e-05 2.34631028730955e-03 -1.38768380773246e-02 1.50759738398546e-03 5.46534993702717e-05 -1.36581218648822e-04 -1.11827950423604e-04 3.28794149584716e-04 -2.36815992792608e-04 9.67376935398047e-05 1.29273283014168e-05 -3.35775462047431e-05 6.84856171064108e-06 5.13783222140807e-05 4.51681717696728e-05 -2.96673553629407e-03 7.11184714125624e-04 8.47332544163982e-03 -4.68002747516552e-03 6.39252835283039e-03 3.08997071268766e-04 -5.54416428138926e-04 -1.55347432891334e-02 -7.38295751944990e-04 1.32690485784317e-03 6.31279889771456e-03 2.38365173189637e-04 -4.15806640537042e-04 6.02268446192481e-05 1.25278423787643e-05 -4.13779625787822e-04 -9.79965284430854e-05 7.08778136758692e-04 9.50356746819633e-05 -3.05793359650281e-05 -2.87270058779370e-04 -1.44266727868638e-04 5.67258826624687e-04 -2.28613443247405e-06 2.19420675800338e-06 -4.06871499567075e-06 1.56069425528914e-06 1.93933149567887e-04 1.86777702662082e-06 -2.52359861868262e-04
 -4.62844609682124e-03 1.36151409573045e-04 -4.28492291828780e-03 6.68128169340945e-04 2.21057477686291e-04 -2.33865728556651e-03 -1.16265427547079e-03 -2.34985241758887e-03 1.86343507567966e-02 9.17181003955256e-03 4.13264610501590e-04 -3.77701578797462e-03 -1.83459904801491e-03 -3.21040751057682e-04 -3.46177846997459e-04 -5.57223076257357e-04 -1.59125710428347e-04 -4.52699460971945e-04 -9.87471960535072e-05 -3.91691249294352e-04 -6.24079962635527e-04 -4.09528573475948e-05 -5.22724653139693e-04 -4.48392776864532e-05 6.55393816241072e-05 6.51851973243491e-05 2.12993164439057e-05 1.41529982033896e-04 -2.06557658749803e-05 3.51554541912975e-05 9.44719018618484e-04 -5.69079620199300e-03 1.94123257909398e-03 8.19526105832215e-05 1.78324643858915e-04 8.86316193936383e-05 -2.65719902586483e-04 4.07709739079234e-04 1.99338416753237e-04 -6.11851527770569e-05 2.19099346390098e-06 2.26291453484761e-05 -3.12456104905934e-05 -2.61298185997193e-05 -2.95962961398457e-03 1.89649534086895e-02 -1.26090397157366e-03 4.32607319584253e-05 -1.04991340646862e-04 6.78793801762611e-05 1.85699456508086e-04 -1.69714753689131e-05 2.67283161104000e-04 -2.56934151101915e-05 -4.66382164194963e-05 -1.12465773083506e-05 1.52121321953873e-05 3.92103230195756e-06 5.89408302991621e-04 -2.59867617799846e-03 6.38553725617620e-04 -3.64021686478512e-05 1.04316302364634e-04 1.25159575448431e-04 -5.14713972058033e-05 5.60656808409788e-04 2.23932047437665e-04 2.49971575304404e-05 -5.00972388585019e-05 -7.11992843167968e-05 2.41750042513096e-05 -4.78713149072609e-05 3.37221891640813e-03 -1.96965054560072e-02 2.16957121213303e-03 -1.03714208790523e-04 -1.75658229059357e-05 -1.98375673108074e-04 -2.29015285107934e-04 3.57088484849819e-04 -6.51071480002671e-05 -2.46038858716455e-07 2.43150718147364e-05 -3.46319465930296e-05 -4.10860008995149e-05 -4.14390092604747e-05 -1.72996398962784e-04 4.91274177829535e-04 -2.93176007605253e-03 1.64933941169114e-03 -1.46552155791415e-03 -1.18268248985697e-03 -6.06207837742213e-04 3.37165616433612e-03 2.81321871808003e-03 1.40419559366414e-03 -1.32597417622465e-03 -8.70408257243939e-04 -4.18271409584008e-04 -2.18282868912704e-04 1.23313549001700e-05 1.09256309399489e-04 -1.04666828903115e-04 -1.29372659758667e-04 -3.44269209402208e-04 -3.45897135915395e-05 -1.66692950874118e-05 -1.69865966014775e-04 -1.52706130212729e-04 4.90916487568389e-06 2.56929925926080e-07 1.21512519074100e-05 -1.30074883086145e-06 -2.95702333916731e-05 -8.32126296587494e-06 3.92992472854593e-05
 8.07049950039667e-03 -2.36395232821212e-04 7.34507249554485e-03 -1.03739298733101e-03 -3.45954981279440e-04 -1.13844788430446e-03 -1.01205558750450e-03 3.81994932446245e-03 9.04494932884054e-03 8.07826099229636e-03 -8.32501317624501e-04 -1.84196996736442e-03 -1.62115269611193e-03 -1.55775151225506e-04 -3.05188396738924e-04 -3.91630241757455e-04 -1.41722375150247e-04 -9.40062273947420e-06 -4.91419839055490e-05 -3.49748297073519e-04 -4.26189191069646e-04 -4.12429371088066e-05 -3.01423805096535e-05 -4.99852167661949e-05 5.76964409826004e-05 -8.13900334731082e-05 1.75404815256559e-05 -5.71194317308701e-06 -1.91948466302514e-05 1.13009396030325e-04 -1.60092246408228e-03 9.40972940539336e-03 -3.57637396497912e-03 -1.36505776766239e-04 8.68553561977166e-05 7.79554197910588e-05 4.19138055385470e-04 1.96120881125301e-04 1.76424765175042e-04 -2.99414599656202e-05 2.49273900540794e-06 -2.05742129356680e-05 -2.74843698541276e-05 4.09449657103234e-05 -2.15136929606694e-03 1.16789370490665e-02 -1.87035139441474e-03 9.21550853584092e-05 -1.48012102133749e-04 5.96825599745544e-05 1.47694598588866e-04 1.61297619862803e-04 2.34717583791759e-04 -2.56466548518565e-05 -3.96049228985216e-05 -8.11866628769169e-06 1.34931476161479e-05 1.38664686416844e-05 -9.96689505033398e-04 4.59669602202937e-03 -1.26455273178992e-03 6.58913453860432e-05 1.23685550783375e-04 -3.78641442338707e-05 6.73321225019657e-05 2.23932047437665e-04 2.93130030416093e-04 2.33704056996213e-05 -2.58776243103316e-05 -4.85284989497236e-05 -2.78279516800923e-06 -1.57336797890939e-05 1.47475541145960e-03 -1.04717411448115e-02 8.80239115369893e-05 7.19106538942330e-06 1.54047483633302e-05 -2.88566226954334e-05 -9.05756933637312e-05 4.74797125552367e-05 -1.41261941006743e-04 5.61489607401889e-07 4.45114035014113e-06 -1.72951261865902e-05 -1.31546851141620e-05 -9.59194448079163e-06 5.62174316586094e-04 -1.13623344047016e-03 5.91702573200078e-03 -3.14945944657000e-03 2.18031043610243e-03 -5.72859843317393e-04 -5.33064844133925e-04 -5.76249766258205e-03 1.37347209220773e-03 1.25163644876298e-03 2.30236949728151e-03 -4.21285443065528e-04 -3.78011792149817e-04 -1.04812987641370e-04 9.99773688080969e-06 -1.42114926623744e-04 -9.15736836374891e-05 2.78076431592749e-04 -1.70555022978785e-04 -2.75899195203823e-05 -2.06975985313026e-04 -1.47143016144010e-04 2.79062559410744e-04 -2.62857368842093e-06 8.69145976581908e-07 -1.49726335103197e-05 -2.54136373909084e-07 7.89156313695554e-05 -4.17993518956876e-06 -1.01508073375982e-04
 -1.11417410735773e-04 2.60562458865904e-05 -6.54109209672376e-04 1.40516682759488e-04 -1.53603872221695e-04 -7.80564979108388e-05 -1.55018495282339e-04 1.12146919590722e-03 6.27439005598647e-04 1.23984111588561e-03 -2.75898213125741e-04 -1.27394176910758e-04 -2.52203870617853e-04 -1.09059550018060e-05 -4.69829528285874e-05 -5.53939518516020e-05 -2.15609314477589e-05 4.80811959179774e-05 -3.37434977240486e-06 -5.29286981871502e-05 -5.36625603247896e-05 -5.88913435368651e-06 3.88403954002420e-05 2.39836560392667e-06 8.65833191870636e-06 1.71673910740748e-05 2.43183142042702e-06 2.49535666423883e-06 -2.95989479882813e-06 4.11800095829732e-06 -1.53883692455029e-04 1.39790003795078e-03 -3.97099332737597e-04 5.46573808916033e-06 6.08143557748879e-06 1.19596430920439e-05 1.15324948768367e-05 1.33121988115526e-05 2.67338675925789e-05 -2.19060264524743e-06 4.39546287677721e-07 -1.73078996384878e-06 -4.07691835535509e-06 3.36768487282102e-06 7.25470449964320e-06 -2.57309134326495e-05 1.72897287468257e-05 9.06975286316130e-06 4.63606451808221e-06 9.16408619584664e-06 3.76924358093986e-05 7.65667945316366e-06 3.58711907947223e-05 -6.16049157439584e-06 -6.09811500708947e-06 -1.03965884700806e-06 2.05812313381921e-06 3.75555251950686e-06 -1.52894662771971e-05 1.16694354157685e-04 5.72627072692636e-06 9.55468304212152e-06 5.77303667107676e-06 7.40254465150035e-06 3.93827974744607e-05 2.49971575304404e-05 2.33704056996213e-05 4.84810984372263e-06 -2.06720941443626e-06 -6.44116163756820e-06 -4.61142328643822e-06 5.12920331571334e-07 3.64046947777729e-04 -2.19779955603854e-03 2.08139061946534e-04 6.67882945663694e-07 -1.08550875844041e-05 -1.77346662298322e-05 1.49285395121210e-05 -2.51050033365226e-06 1.89787661857014e-08 1.13865660387093e-06 -1.51025715313823e-06 -1.52899638501626e-06 2.11572171342108e-06 1.64273873719578e-06 -1.81286508300241e-04 3.91893373018496e-05 7.56068533486572e-04 -4.11950493588442e-04 5.23364560078235e-04 -4.12299017384485e-05 -8.24690511520884e-05 -1.29834969830209e-03 9.81787077839045e-05 1.94882233264945e-04 5.28506066783639e-04 -2.95090464361073e-05 -5.97821651115269e-05 -7.33891168894168e-06 1.74047598327557e-06 -3.33508603346399e-05 -1.43732310840140e-05 6.05945500447579e-05 -1.16866116837738e-05 -4.48660784356581e-06 -3.08345770080875e-05 -2.21488497348996e-05 4.90727888012009e-05 -6.46803451218755e-08 2.10574006821064e-07 -3.17651344831334e-07 5.66640721501159e-08 1.71439073672684e-05 -3.20622752372503e-07 -2.22233937400947e-05
 8.27281578567489e-04 2.41107262636401e-05 -5.07499373013091e-04 5.46795185194887e-05 -7.01925373582766e-05 1.93746125352163e-04 1.57855212872932e-04 4.14766117867084e-04 -1.53470206462492e-03 -1.25022902498366e-03 -1.09494142544093e-04 3.11995078867341e-04 2.49643461114536e-04 2.63665643134910e-05 4.72086175257509e-05 3.71408218402783e-05 2.17925820943812e-05 5.21363343935068e-05 8.00863492445590e-06 5.39522380896659e-05 4.66149934899160e-05 6.24917648683286e-06 5.01384287490571e-05 7.25522849970359e-06 -9.04433873409324e-06 8.51282243465394e-06 -2.72237106405418e-06 -7.44402259223893e-06 3.02357983163597e-06 -8.18830748839659e-06 -3.03548351122529e-05 3.69501072542900e-04 -2.14235084305010e-05 5.10394423118782e-06 -1.46954724949905e-05 -1.20369175097445e-05 2.10611309867848e-06 -3.36555110149801e-05 -2.74022884277808e-05 5.01259346096581e-06 -3.00727710752076e-07 -5.76801857652105e-07 4.28947638239450e-06 -8.65829877588702e-08 3.33281490592767e-04 -2.04170891022779e-03 2.18236646165809e-04 -4.87179614547888e-06 1.86475717391178e-05 -9.19426671127170e-06 -6.22611889302200e-06 -1.11159087584358e-06 -3.64129267975062e-05 7.12315345905712e-07 6.18410165667995e-06 1.09793112789819e-06 -2.06246197259684e-06 1.08111192236264e-06 1.18398385126580e-04 -7.28082377747492e-04 1.05815864980502e-04 -5.54917920566322e-08 -1.68820359933044e-05 3.76624104896249e-07 8.50793602252485e-06 -5.00972388585019e-05 -2.58776243103316e-05 -2.06720941443626e-06 5.56523667440505e-06 5.91010146747729e-06 -2.74855723287000e-06 4.82984222039864e-06 -2.62263149181813e-04 1.60277095686441e-03 -1.04819835785020e-04 9.02289999356044e-06 -2.59649758526472e-07 9.79613700341106e-06 3.30740240856064e-05 -2.22348826889216e-05 3.13604616208752e-06 1.43948930431606e-06 -2.07204025976117e-06 1.00412021083454e-06 5.01989287837034e-06 3.94336083489592e-06 1.39898653171458e-04 4.60112594006628e-05 1.31281184657226e-04 -7.77202460203927e-05 1.64326568549863e-04 9.67134203460850e-05 8.17132847010981e-05 -3.76085459623232e-04 -2.30563399907670e-04 -1.90310741120957e-04 1.54532655992857e-04 7.09072783010514e-05 5.73364481548604e-05 1.77124875363999e-05 -1.68906269219085e-06 -1.05567972201861e-05 1.43912446908094e-05 1.37920559456502e-05 2.88782722095941e-05 5.04960158006478e-06 5.47623141145317e-07 2.31425606387070e-05 1.33960152640789e-05 -1.27298340604382e-07 -3.80986446611679e-08 -1.99282059836353e-08 2.59832215712699e-08 4.69327106799596e-06 6.71576659600195e-07 -6.06360796906516e-06
 -7.13364636858169e-04 -3.25371185924006e-05 7.34132092136065e-04 -1.16673127100017e-04 1.35090722154956e-04 3.10012642014352e-04 2.11892590496946e-04 -9.03388571087284e-04 -2.47788188604059e-03 -1.68515758927042e-03 2.45379430086558e-04 5.02383034058557e-04 3.40182022857746e-04 4.27956971363218e-05 6.37262807464433e-05 1.10280003108701e-04 2.93143633660642e-05 -2.21327622873695e-06 1.33402826854481e-05 7.19355362014522e-05 1.13592076823365e-04 7.66847757334537e-06 1.66443694272182e-05 3.45396056204096e-06 -1.18570318467254e-05 -1.80451919202370e-05 -3.68826664509796e-06 -1.48617472423117e-05 3.81998346647199e-06 -9.88778145493686e-06 1.05669318643669e-04 -1.00659228233372e-03 2.42970631325387e-04 -6.93638897358227e-06 -2.37740202020840e-05 -1.62938122314311e-05 -5.83930277722539e-06 -5.37802158453161e-05 -3.64100092851246e-05 8.24758598420117e-06 -5.26029656976393e-07 -1.35312743173045e-07 5.63146787169684e-06 -1.37622456914445e-06 3.26504035370534e-04 -1.99856773127462e-03 1.49908662227401e-04 -1.46145480301797e-05 9.83275713759383e-06 -1.24978334868854e-05 -5.29123283832927e-05 -1.45592206396183e-05 -4.89233202248704e-05 8.37465842836325e-06 8.45933485152773e-06 1.88893941741737e-06 -2.81035667941518e-06 -4.57782799349524e-06 -7.46327048833466e-05 4.34912629889140e-04 -6.59181574669317e-05 -5.56788124786679e-06 -1.50251775336002e-05 -1.82854148258852e-05 -2.62316846032709e-05 -7.11992843167968e-05 -4.85284989497236e-05 -6.44116163756820e-06 5.91010146747729e-06 1.28849927095173e-05 1.47733831117575e-06 3.94652284407877e-06 -5.88410023383837e-04 3.57873959436550e-03 -3.43599394074007e-04 6.70291034048557e-06 7.52203928142124e-06 3.20254694843027e-05 6.51412653050723e-06 -3.41078846723119e-05 1.80716168320092e-05 -1.63520808649685e-06 -1.20490939254011e-06 6.19690127268093e-06 1.85245920567727e-06 2.58783150255305e-06 -9.43510870914995e-05 -2.81149119983439e-05 -5.82770701109412e-04 3.07781416667245e-04 -3.74032775190141e-04 1.58445408790348e-04 1.12225715555474e-04 9.75888417835290e-04 -3.77440802785966e-04 -2.62765695575801e-04 -4.01804452696004e-04 1.16307406210689e-04 7.92148083843093e-05 2.91142605208099e-05 -2.23445415544502e-06 2.20501983405411e-05 1.92233730125064e-05 -4.71370634907760e-05 4.57354048133403e-05 5.79693349853132e-06 3.56661607897978e-05 3.05708055789754e-05 -3.88882152744813e-05 -3.28682056856823e-07 -1.94861361879655e-07 -2.78495990745305e-07 1.43101839773748e-07 -1.53206880247755e-05 1.14966245026205e-06 1.96537405266206e-05
 1.93059040275505e-04 -4.22375149341529e-05 1.05170298813380e-03 -2.24572211582263e-04 2.68510175476382e-04 -1.53226953752272e-04 9.31855000725861e-05 -1.97332062267318e-03 1.21000380358048e-03 -7.58802108930903e-04 4.73945550991699e-04 -2.45340805119752e-04 1.58620277307858e-04 -2.06794666111129e-05 2.89302829977889e-05 2.08443589979986e-05 1.31732161872117e-05 -1.27926703206752e-04 -6.37105957133060e-06 3.21119860740597e-05 9.66022981177573e-06 3.68979746435657e-06 -1.20163475240549e-04 -1.09879566841410e-05 -5.06845869196062e-06 -2.69540585894417e-05 -1.08585956369236e-06 9.49821618593505e-06 1.92973952315154e-06 1.86823912826834e-06 2.80392406622237e-04 -2.51063109202382e-03 7.02041959893555e-04 -7.88859480230431e-06 1.14643764551842e-05 -7.30622262740863e-06 -2.56024700209609e-05 2.70965467095174e-05 -1.60808605702810e-05 -3.76212020111049e-06 -3.97771745674365e-07 4.26046306793800e-06 2.33987830499904e-06 -6.45702867929122e-06 -4.10559044674685e-04 2.49023824825521e-03 -2.45385903678905e-04 -6.81549865547626e-06 -2.55372059706483e-05 -5.60587800823607e-06 -3.92129387765276e-05 -6.72962860795419e-06 -2.17081158417665e-05 6.79091452188633e-06 3.59172202814361e-06 3.01632072608933e-07 -1.25910517973314e-06 -5.34737398371790e-06 2.57480780198361e-05 -1.73252752060091e-04 -1.34811481356682e-05 -1.65868058625564e-05 6.88717846462455e-06 -2.40262361592714e-06 -6.88444440713566e-05 2.41750042513096e-05 -2.78279516800923e-06 -4.61142328643822e-06 -2.74855723287000e-06 1.47733831117575e-06 1.01235685847781e-05 -6.41337955488030e-06 -2.08717619425141e-04 1.24623503246328e-03 -1.32174534579692e-04 -1.13405328390057e-05 1.71838899339129e-05 9.07158374760577e-06 -5.34975780772144e-05 4.11154549437414e-05 -1.29329885211459e-05 -2.05744654799669e-06 5.09259861743961e-06 -1.53801469839437e-06 -8.41447596674724e-06 -7.36037810664700e-06 3.22247870677919e-04 -7.43279798455534e-05 -1.30165545852797e-03 7.18207781705690e-04 -9.39161816335967e-04 -7.43265575521846e-05 5.11588701649918e-05 2.28582557359808e-03 1.77125533197117e-04 -1.24121514756595e-04 -9.27919490986473e-04 -5.60574924406502e-05 3.95809721773957e-05 -1.41189342890822e-05 -1.17809131657103e-06 6.12432186495765e-05 9.04687619594975e-06 -1.03472395437310e-04 -2.23925330762795e-05 2.63073497515145e-06 4.12563006694583e-05 1.27969466813763e-05 -8.57978846024088e-05 4.64282946832947e-07 -2.87830916060700e-07 1.02636343536506e-06 -2.28785681428444e-07 -2.85218922054089e-05 -4.76800840489095e-07 3.70933422589703e-05
 2.32308156828589e-04 2.04623465363499e-05 -4.64500832561935e-04 8.32850972439529e-05 -1.51241935359723e-04 2.22700719380570e-04 4.59358295894847e-05 1.10333675651832e-03 -1.76717405511985e-03 -3.52837862858100e-04 -2.65071198046094e-04 3.58481233537952e-04 6.72622722086885e-05 3.03499930923134e-05 1.31866006643619e-05 2.46208652850558e-05 6.14980263480698e-06 9.16314433046800e-05 9.32824168416997e-06 1.53596545342630e-05 3.57004788526228e-05 1.60184202174881e-06 8.95932308114982e-05 9.01017474383619e-06 -2.71282376755679e-06 1.22438149104320e-05 -1.09477595177001e-06 -1.21054344805477e-05 7.39120244809677e-07 -4.99400403596807e-06 -1.71225946482859e-04 1.45964378736692e-03 -3.91335675442175e-04 2.03935724633458e-06 -1.68595907216706e-05 -3.41272780934258e-06 2.17284018346592e-05 -3.89686178313163e-05 -7.91218197881009e-06 5.69668471840351e-06 1.62787125654425e-08 -3.02314425216620e-06 1.32484066953742e-06 3.96633974799637e-06 4.07973759549099e-04 -2.51353274107702e-03 2.30320032755478e-04 -2.56563470696415e-07 2.15829650394441e-05 -2.60306700421862e-06 8.18255137737949e-06 2.68547777964999e-06 -1.04661383014335e-05 -1.78109800526566e-06 1.87526281733796e-06 6.35802016640039e-07 -5.83188019282165e-07 2.51513931671365e-06 -6.58590451245634e-06 1.34546224189934e-05 9.82874602942236e-06 9.03885821342868e-06 -1.21565334228523e-05 -3.98485633766515e-06 3.62163560677305e-05 -4.78713149072609e-05 -1.57336797890939e-05 5.12920331571334e-07 4.82984222039864e-06 3.94652284407877e-06 -6.41337955488030e-06 6.24845467721953e-06 -1.12054581717973e-04 6.68963802482127e-04 -5.33000473307992e-05 1.17577335577889e-05 -7.56141330036635e-06 6.56527576669515e-06 4.28163735851980e-05 -4.00842446988547e-05 1.05375949389629e-05 1.28005224892369e-06 -3.95172615821498e-06 2.55731776621293e-06 6.91603747776099e-06 6.19295705698592e-06 -3.62787772045192e-05 2.74693900330369e-05 7.39036822363977e-04 -4.09552043291791e-04 5.23852094624440e-04 1.10846056075312e-04 2.26679588486541e-05 -1.26740303314490e-03 -2.63972528238844e-04 -5.01169668723642e-05 5.13971613066296e-04 8.21511109849564e-05 1.38491075590789e-05 2.06154508782554e-05 -3.98147014351348e-07 -3.48801879835455e-05 3.86945469877970e-06 5.54207290234718e-05 3.27951075303738e-05 1.49403606563811e-06 -1.81279509686993e-05 7.10927765091194e-06 4.96484709158380e-05 -4.43633362713404e-07 1.12845993703808e-07 -9.21198721755979e-07 1.73022652544224e-07 1.56435941297810e-05 7.56296617626444e-07 -2.03751083085357e-05
 -1.61392373456778e-02 4.30289497096954e-03 -1.13604396456449e-01 1.76644575970059e-02 -7.36278635027835e-03 -9.13456408026707e-03 -1.59469528000601e-02 3.74218207722477e-02 7.31736569999011e-02 1.26944623859264e-01 -1.17400606464886e-02 -1.48194218816285e-02 -2.57294524287856e-02 -1.26824105579600e-03 -4.81507886715490e-03 -3.80715730409883e-03 -2.19690455910093e-03 1.01952992016142e-03 -3.71494613877961e-04 -5.41083842191468e-03 -3.59684635605736e-03 -5.99160263481668e-04 -1.22879948460339e-04 2.64772809319973e-04 9.02016508470762e-04 1.97040647420113e-03 2.47650438888201e-04 9.26560386858626e-04 -3.04635086221535e-04 -3.42927078437640e-04 4.89478968068201e-03 7.92541320025618e-04 9.33874514802564e-03 1.61722923189584e-03 7.05763745273735e-04 1.22178266067332e-03 -2.99355768689921e-03 1.58011435544375e-03 2.74350273684895e-03 -2.48474034925503e-04 3.81317026228090e-05 1.64873647503753e-04 -4.18786225230860e-04 -2.29319229900082e-04 -8.86848431665947e-05 1.30750816205376e-02 7.44168305241281e-03 2.02223680058637e-04 7.72103896042735e-04 9.35248030535648e-04 2.32265968906196e-03 -3.61268174155217e-04 3.68076524014725e-03 -3.54452208550133e-04 -6.28897934385862e-04 -4.51237509629994e-05 2.08327259592209e-04 2.13349501753189e-04 2.36475624656510e-05 1.32518765588424e-02 7.49296839147602e-03 2.02710522972976e-04 4.34673545862460e-04 1.13171376755583e-03 2.34631028730955e-03 3.37221891640813e-03 1.47475541145960e-03 3.64046947777729e-04 -2.62263149181813e-04 -5.88410023383837e-04 -2.08717619425141e-04 -1.12054581717973e-04 3.87644524109213e-02 -2.23646744891891e-01 2.83256044418243e-02 -7.08205937236285e-04 -1.25859431748419e-03 -2.17998399677478e-03 -1.67962492091507e-04 5.20644187740432e-04 8.80631076646176e-04 -1.41388816514646e-05 -1.16479068075934e-04 -7.44979669567646e-05 -3.19019947066555e-05 -2.08168190972926e-06 -7.57461577662495e-04 1.11771273966265e-02 -2.54915778309464e-03 1.58790870420690e-03 1.09584866033390e-02 -4.74678350652635e-03 -8.37332243754760e-03 -2.82625240849376e-02 1.12191172362633e-02 1.96876539961781e-02 1.21700676874410e-02 -3.39483329966181e-03 -6.03510304120502e-03 -8.48853653431917e-04 1.88730302041117e-04 -6.38597239260482e-04 -1.48814518399656e-03 1.35582768741544e-03 -1.36188906022388e-03 -5.20470661128483e-04 -8.61823767599128e-04 -2.29835720647804e-03 9.05881371535195e-04 3.19796433266074e-05 1.42988051853464e-05 1.37737208041059e-04 6.80306596084362e-06 5.35674511311823e-04 -3.37562033984156e-05 -7.04690087553231e-04
 9.99118700418141e-04 -2.16418748027674e-02 5.58342402843889e-01 -9.00254462144416e-02 4.39831809315974e-02 5.58186077623430e-02 9.71360683370219e-02 -2.44723051058310e-01 -4.46611880615233e-01 -7.73661585799420e-01 7.23300375618149e-02 9.05425185882128e-02 1.56697936202645e-01 7.73585693319766e-03 2.93390588966952e-02 2.33541984372710e-02 1.34062918623027e-02 -6.43701783635250e-03 2.28294157597700e-03 3.30314240211110e-02 2.24531395403398e-02 3.69235594272264e-03 -2.43308824356536e-04 -1.12612303633848e-03 -5.50225433022041e-03 -1.00914255953191e-02 -1.51595132340060e-03 -4.78946701435987e-03 1.86002855599416e-03 9.76982837068930e-04 -1.16097618146333e-02 -9.60864538092995e-02 -1.56146654392257e-02 -7.63542546190050e-03 -4.30768634673410e-03 -7.44660180617086e-03 1.24671083868766e-02 -9.63997355306910e-03 -1.67366936693233e-02 1.51412644882712e-03 -2.33307403908371e-04 -7.02749605830400e-04 2.55824263302875e-03 8.84423249198639e-04 1.32456997895734e-02 -1.35531981638197e-01 -2.74060284240223e-02 -1.82850660916296e-03 -3.20954989886918e-03 -5.69980962814748e-03 -1.37796533828904e-02 5.43005636467811e-04 -2.24344790440912e-02 2.13517431614782e-03 3.82479317216087e-03 2.94621047088689e-04 -1.27111910737763e-03 -1.29830607174205e-03 1.25636226318942e-02 -1.35562782886566e-01 -2.75742591887654e-02 -1.82761823968371e-03 -3.39499299355590e-03 -5.61826989096864e-03 -1.38768380773246e-02 -1.96965054560072e-02 -1.04717411448115e-02 -2.19779955603854e-03 1.60277095686441e-03 3.57873959436550e-03 1.24623503246328e-03 6.68963802482127e-04 -2.23646744891891e-01 1.30818639660670e+00 -1.54763204362972e-01 3.72653719661034e-03 6.92983849334113e-03 1.20140352557568e-02 1.44037396260506e-03 -2.35526273888880e-03 -3.93738272333819e-03 1.00582711011737e-04 6.84820619203468e-04 4.58618779573330e-04 2.25366893913372e-04 3.71087726361108e-06 1.42699390866396e-02 -5.16401516478372e-02 -4.23099350122259e-02 2.16137783000593e-02 -8.34664845343619e-02 2.89071446857864e-02 5.10185420796941e-02 2.14112592659033e-01 -6.84466440880355e-02 -1.19982197591403e-01 -9.02556728393298e-02 2.07061899551434e-02 3.67595219856787e-02 5.17123509795642e-03 -1.13600820961592e-03 5.03138272039091e-03 9.05071710870584e-03 -1.02481175014462e-02 8.34497740396997e-03 3.13693131501194e-03 6.40607439508463e-03 1.40087750003928e-02 -7.54075380832818e-03 -1.42968384928556e-04 -8.77334872936500e-05 -6.09858110221674e-04 -4.07283129570579e-05 -3.65472506051295e-03 2.06284810988880e-04 4.79414311845546e-03
 -8.31530637604895e-03 5.53593920275494e-03 -1.46330643885628e-01 1.92365633040684e-02 -5.40429085401702e-03 -4.73783903262034e-03 -8.33455973351125e-03 1.30175468153648e-02 3.84126480909886e-02 6.61615551325486e-02 -7.27360705020199e-03 -7.71746015310349e-03 -1.34894503215876e-02 -6.70240071925622e-04 -2.51610967716366e-03 -2.03309598862340e-03 -1.13408644087884e-03 5.81955977256900e-04 -1.87455612765359e-04 -2.78531880943640e-03 -1.54561828893899e-03 -2.86955144382133e-04 -7.47655576521562e-04 4.53694768283474e-04 4.68542038710391e-04 2.27083879591532e-03 1.24276759385240e-04 1.04228076416564e-03 -1.55003392850941e-04 -8.93238208326172e-04 1.33036889452526e-02 -5.33414005397118e-02 3.19063420485538e-02 2.20860145858355e-03 3.70678434581112e-04 6.36465660069400e-04 -4.80324856838884e-03 8.28944307827910e-04 1.41758169917921e-03 -1.32168142140361e-04 1.94747912438351e-05 2.92848779842034e-04 -2.13629531659016e-04 -4.71852069148811e-04 7.92574482174564e-03 -3.09011763344154e-02 1.55433725240336e-02 -2.47015664813232e-04 1.36828019576613e-03 4.87832265301895e-04 1.47636236336208e-03 -9.41543918697717e-04 1.91708513773314e-03 -2.11557136537801e-04 -3.33249989465896e-04 5.23523839691666e-06 1.07588710219577e-04 1.56562337208278e-04 8.18296578623239e-03 -3.12682769306472e-02 1.57762133339768e-02 -2.48727429355641e-04 -2.54484172534170e-04 1.42435002122560e-03 1.50759738398546e-03 2.16957121213303e-03 8.80239115369893e-05 2.08139061946534e-04 -1.04819835785020e-04 -3.43599394074007e-04 -1.32174534579692e-04 -5.33000473307992e-05 2.83256044418243e-02 -1.54763204362972e-01 2.64792620754691e-02 -7.22510457566765e-04 -1.13452029877360e-03 -1.96709275585064e-03 1.94316679501503e-04 6.63863940014354e-04 1.11204851731752e-03 6.72470729510842e-06 -1.05038749559459e-04 -6.61338737673021e-05 9.22587513493608e-06 7.28740337937018e-06 1.75556982726689e-02 1.54268515027468e-02 -3.53266137120311e-02 1.94068629389668e-02 -4.44354991347349e-03 -2.53630943742514e-03 -4.37441120213667e-03 9.89424572751452e-03 5.91922527871973e-03 1.02788182641536e-02 -2.98350595714935e-03 -1.79613089000129e-03 -3.16518600033960e-03 -4.52917634015411e-04 1.07044685690889e-04 3.75191336169565e-04 -7.86821100808559e-04 -5.20659083793881e-04 -6.92583901274367e-04 -2.90879883345360e-04 1.45389827243101e-04 -1.19595270520286e-03 -5.76545407345946e-04 4.87007433776287e-05 7.51059472963470e-06 2.12645796964650e-04 3.67881669048619e-06 1.16714738436408e-04 -1.75875557224674e-05 -1.59749211037483e-04
 1.87789195172616e-04 -1.11084218988309e-04 3.03727757612406e-03 -4.28304934962264e-04 -4.04451263126158e-04 2.14607542592887e-04 3.76397587787548e-04 3.75978223265846e-03 -1.69406433431957e-03 -2.96811033010012e-03 -8.22285315349638e-04 3.42834619417474e-04 5.93904234142886e-04 2.90932766819559e-05 1.12768144429600e-04 -4.77526591497865e-05 5.10163982535886e-05 2.11016922355536e-04 7.41727678791162e-06 1.27116384026171e-04 -4.09676719275890e-05 1.46805660073893e-05 2.18163669688568e-04 5.07768270865256e-08 -2.21598871669010e-05 -2.26414831956852e-05 -5.70174374044222e-06 -4.30628109374832e-05 7.39919890270545e-06 3.61525179867345e-05 -1.09151478818522e-03 7.29399173233652e-03 -2.48221150561352e-03 -6.41128352989204e-05 -1.61897932023044e-05 -2.83854897034604e-05 2.34388304691937e-04 -3.79674724023741e-05 -6.48599428335631e-05 5.37170064541238e-06 -4.63448126230882e-07 -1.93097654734141e-05 9.98756626934743e-06 3.15245348208195e-05 1.91008106821731e-04 -1.77347884470943e-03 -2.33221790629725e-04 3.25413613404008e-05 -1.27583947462085e-05 -2.16416297100222e-05 5.53693005839145e-05 5.76338722364752e-05 -8.65714252610813e-05 -1.06213270245290e-05 1.47687209295595e-05 -2.41888831196513e-06 -4.73805273063190e-06 7.08089491822859e-06 1.93726401328626e-04 -1.80739335094257e-03 -2.24313789796448e-04 3.21416234004237e-05 -1.25784546318700e-05 -2.14367253385356e-05 5.46534993702717e-05 -1.03714208790523e-04 7.19106538942330e-06 6.67882945663694e-07 9.02289999356044e-06 6.70291034048557e-06 -1.13405328390057e-05 1.17577335577889e-05 -7.08205937236285e-04 3.72653719661034e-03 -7.22510457566765e-04 5.34768238098423e-05 2.65100713420267e-05 4.55510367090034e-05 1.14182499560969e-04 -3.53156103001411e-05 -6.11795139114383e-05 9.35429083929980e-06 2.99106479207224e-07 -5.75644721754453e-06 1.60911497734188e-05 9.60073287952843e-06 1.23273027835428e-04 -4.53618898086215e-04 4.08184990773226e-03 -2.22650233226909e-03 2.04677763396755e-03 1.06175182452099e-04 1.90963581017825e-04 -5.08631569335584e-03 -2.47499872563659e-04 -4.43227088886908e-04 2.04014012466879e-03 7.51718424584173e-05 1.35587089572369e-04 1.89479958511900e-05 -4.89799481477882e-06 -1.34594285491493e-04 3.56791584953260e-05 2.31728650616509e-04 3.22877775773677e-05 1.56784084683123e-05 -1.14563323550341e-04 5.56003201780742e-05 2.14736089368415e-04 -2.09431922847044e-06 1.15378396136315e-07 -9.58093069092014e-06 -2.94971220923276e-07 6.17063924986024e-05 5.82253621205202e-07 -7.90648264133732e-05
 4.61511739810692e-04 -2.43453659621124e-04 6.37674840623104e-03 -9.81050836886721e-04 3.02539329746033e-04 -3.64448587868473e-04 6.86956453854974e-04 -1.19913278710489e-03 2.89386951131785e-03 -5.48898580124894e-03 4.20383079757030e-04 -5.87228780539710e-04 1.11850356444833e-03 -4.94941206072505e-05 2.08982822999793e-04 -4.43340600056264e-05 9.46674556063997e-05 -1.43501351941486e-04 -1.72553552177762e-05 2.34132172729182e-04 -8.06246684746371e-05 2.74791541316651e-05 -1.05811682678905e-04 -3.49114613638955e-05 -3.94173754616358e-05 -9.92491333973498e-05 -9.15900775062180e-06 -1.55178055813416e-05 1.40005490130887e-05 5.43199633458909e-05 -4.60632764850464e-04 1.34297012457020e-03 -9.84421501985317e-04 -9.40716241265018e-05 2.73663486507305e-05 -5.25643057864370e-05 1.92502552398472e-04 6.40360400296224e-05 -1.18654033373581e-04 -9.10819835835438e-06 -1.66263864793448e-06 -9.56106082547059e-06 1.78176250554804e-05 1.78758373166159e-05 -1.18222166018818e-03 6.48345033618607e-03 -1.10183159558129e-03 2.41525316910881e-05 -9.74365449981767e-05 -4.01613117234676e-05 -2.73702225611627e-05 5.06475048402796e-05 -1.58840910719643e-04 4.06190460337857e-06 2.66487829665276e-05 -3.12581747589157e-06 -8.86630330327219e-06 -6.28343260507063e-06 4.21426905929964e-04 -3.31839478757691e-03 -2.37994385598371e-04 -1.22107642513464e-05 1.00077112948079e-05 -2.14486227110307e-05 -1.36581218648822e-04 -1.75658229059357e-05 1.54047483633302e-05 -1.08550875844041e-05 -2.59649758526472e-07 7.52203928142124e-06 1.71838899339129e-05 -7.56141330036635e-06 -1.25859431748419e-03 6.92983849334113e-03 -1.13452029877360e-03 2.65100713420267e-05 8.31370925256012e-05 6.76874521658648e-05 -2.55680034834046e-05 1.07833953669527e-04 -1.21733087169599e-04 6.32079567943717e-06 1.75669050270890e-05 -1.51050619280013e-05 -7.07001017682101e-06 -1.27430850774271e-05 1.49441413750719e-04 -6.93341241397222e-04 1.03347150777530e-03 -5.53040621522183e-04 -2.03190794205662e-04 -1.78405116967664e-04 3.58566594316586e-04 4.52410114593447e-04 4.31316386782099e-04 -8.49279897535375e-04 -2.18461081416191e-04 -1.39053669416653e-04 2.65594287849216e-04 -3.50054059945202e-05 -8.97927194472269e-06 1.50761169650859e-05 6.60784901662967e-05 -1.53415473047404e-05 -5.21085892124236e-05 2.58175441893260e-05 -1.68190469408491e-05 9.87670614486024e-05 -7.13039834475721e-06 -8.28060265781853e-07 -7.04486338678425e-07 -7.95575073598521e-06 -1.18993135171810e-06 -1.15646795021398e-05 -1.32224321610221e-06 1.65910720552551e-05
 7.89760728470409e-04 -4.20662512761262e-04 1.10236355565906e-02 -1.68989921845226e-03 5.16883079098727e-04 6.73003828952659e-04 4.41246228444627e-04 -2.09196626815614e-03 -5.42985645643683e-03 -3.49343189390165e-03 7.35044690434154e-04 1.09419831707477e-03 7.15081421497948e-04 9.42645467645856e-05 1.32695212280988e-04 2.69001670658569e-04 5.96739008022321e-05 -5.08365208976361e-05 2.86479340470082e-05 1.45208944975545e-04 2.53044081257195e-04 1.27599050770873e-05 3.87661788041459e-05 -2.82658395137334e-05 -2.40920888868881e-05 -1.80265687420230e-04 -7.21726024511709e-06 -8.60720245172596e-05 7.44193787953843e-06 4.69692769718837e-05 -7.82291253061019e-04 2.29658644922476e-03 -1.70783150993183e-03 -1.62494787492204e-04 -5.21130118065615e-05 -3.38123039176825e-05 3.27645680550575e-04 -1.17701105196346e-04 -7.38832882603313e-05 1.82961360193907e-05 -1.09707941736327e-06 -1.95784804604918e-05 1.11619872478734e-05 2.98444185228795e-05 -1.97133329565089e-04 -2.74509917099215e-05 -9.01460027361569e-04 -3.72762045031944e-07 -8.43626941238112e-05 -2.60040387587702e-05 -1.69855234034550e-04 5.14800014291217e-05 -1.01179236939122e-04 2.51946548964907e-05 1.81424603415252e-05 2.51206093227813e-06 -5.75504904730208e-06 -1.57390118496862e-05 -1.11978176288230e-03 5.49292867146250e-03 -1.41035585264820e-03 2.02193831686305e-05 2.11313421237968e-05 -1.32078732988708e-04 -1.11827950423604e-04 -1.98375673108074e-04 -2.88566226954334e-05 -1.77346662298322e-05 9.79613700341106e-06 3.20254694843027e-05 9.07158374760577e-06 6.56527576669515e-06 -2.17998399677478e-03 1.20140352557568e-02 -1.96709275585064e-03 4.55510367090034e-05 6.76874521658648e-05 1.60177844080109e-04 -4.39524837789820e-05 -1.19724242432823e-04 -3.11466730207188e-05 -7.30491756742769e-06 1.19622411359621e-06 1.72757523014422e-05 -2.25718071727092e-06 3.30849822914423e-06 2.55984092231345e-04 -1.18415705289358e-03 1.76029877337894e-03 -9.44586057074436e-04 -3.49498686082897e-04 3.53064254007463e-04 2.35581725313007e-04 7.85808976830353e-04 -8.32699103017250e-04 -5.50517281163003e-04 -3.82211704435861e-04 2.57023946790983e-04 1.67140295368209e-04 6.48492686583790e-05 -5.52314736020020e-06 9.09886541218263e-06 4.09637588465088e-05 -3.60013117668326e-05 9.74988631185769e-05 1.33702267492753e-05 1.99602483607612e-05 6.26872506990208e-05 1.71132947914955e-05 -3.96461992810080e-06 -4.76501305946308e-07 -1.47188967158292e-05 3.55010669662537e-07 -2.06294598785242e-05 2.53205181150285e-06 2.65712565469597e-05
 -2.44071704818722e-03 3.50702932762169e-04 -8.89694600604866e-03 1.87358608392508e-03 -1.86451403096859e-03 6.28175746603480e-04 1.05599686115040e-03 1.36249640778456e-02 -4.85221103007825e-03 -8.33301325162471e-03 -3.22661544357918e-03 9.94057800425737e-04 1.64432255511013e-03 8.22516101756798e-05 3.15454871463389e-04 -2.64282971305239e-04 1.45036632138330e-04 8.22249912923579e-04 2.17247580114170e-05 3.64218647716162e-04 -2.13666019202075e-04 4.72577570313791e-05 7.74267302286800e-04 7.14330920547507e-05 -6.36251952497995e-05 2.14158552057379e-04 -1.69338973181081e-05 -3.80754746217075e-05 2.17637965055997e-05 -5.53025593438102e-06 -1.75845957003450e-03 1.65407749159742e-02 -4.44049710682569e-03 8.03326841118629e-05 -4.62562357771919e-05 -7.95358304700050e-05 1.25079302525511e-04 -1.09793937566012e-04 -1.85642299745192e-04 1.47900896780417e-05 -1.09897777846259e-06 -2.63895429784992e-05 2.91316680939984e-05 4.08993665300915e-05 2.36284003102056e-03 -1.41408492541311e-02 1.58279624697780e-03 5.48572911740815e-05 1.65588478046369e-04 -6.04800726139919e-05 3.24536495974697e-04 4.25551631871287e-05 -2.43806791875900e-04 -5.43983063947335e-05 4.04429949919923e-05 -5.55652912507021e-06 -1.33733496551101e-05 3.85563316760472e-05 2.36935081445708e-03 -1.40853800806788e-02 1.63430419789123e-03 5.40142308975836e-05 -1.35355801460410e-04 1.12016304221156e-04 3.28794149584716e-04 -2.29015285107934e-04 -9.05756933637312e-05 1.49285395121210e-05 3.30740240856064e-05 6.51412653050723e-06 -5.34975780772144e-05 4.28163735851980e-05 -1.67962492091507e-04 1.44037396260506e-03 1.94316679501503e-04 1.14182499560969e-04 -2.55680034834046e-05 -4.39524837789820e-05 4.96248721550013e-04 -3.92569227273243e-05 -6.52993308686707e-05 3.82839197068536e-05 -8.96134624802444e-06 -2.69982980910273e-05 6.65165731016912e-05 3.78562015108540e-05 -3.13353133656681e-03 7.98349905609048e-04 8.18363417835992e-03 -4.57640740580407e-03 6.50590473643512e-03 2.90421372367655e-04 5.27518029734759e-04 -1.55380013970254e-02 -6.91109899529554e-04 -1.22351991773845e-03 6.30517336300763e-03 2.09843963198068e-04 3.71705447100168e-04 5.19094805556432e-05 -1.22240898377507e-05 -4.05678247163110e-04 9.82845223084981e-05 7.02157748447478e-04 9.78892369586015e-05 4.31731744510324e-05 -2.72716199808255e-04 1.58656740504719e-04 5.18367775166834e-04 -7.58803549718468e-07 7.04238018044897e-07 -4.72668133265683e-06 -9.38819912465665e-07 1.84531585717653e-04 1.56204762001365e-06 -2.36936277517368e-04
 -4.50556380456946e-03 1.32055012520244e-04 -4.12788860023963e-03 6.02778423855241e-04 2.13276825686095e-04 -2.35616559035583e-03 1.18205913424928e-03 -2.17115401491765e-03 1.88619715609699e-02 -9.52995862090566e-03 4.38748037085217e-04 -3.81169987820542e-03 1.93843301939680e-03 -3.25121953864189e-04 3.63385353144662e-04 -5.70672864784478e-04 1.65870092043164e-04 -4.50228561929235e-04 -1.04500195621587e-04 4.14254496615934e-04 -6.52757413856863e-04 5.69994718066893e-05 -5.02012793474881e-04 -4.57241148895413e-05 -6.99767305160210e-05 6.48959000744845e-05 -1.33529615209188e-05 1.39932331928449e-04 2.69471985925881e-05 4.21872568740609e-05 8.84599578999139e-04 -5.33620810429427e-03 1.97322692255380e-03 7.73624409942091e-05 1.79739997132755e-04 -9.06713441966897e-05 -2.34888193913772e-04 4.13591151563109e-04 -2.08905127047712e-04 -6.15044309784068e-05 -3.03203444180502e-06 1.97764027934759e-05 3.12204563283862e-05 -2.21643895424446e-05 -3.02469240142672e-03 1.92396987211705e-02 -1.26929078410841e-03 4.49339684698016e-05 -1.09419394414721e-04 -6.90053997348795e-05 1.95118400845849e-04 -9.79649254832292e-06 -2.75406517645836e-04 -2.69282886675264e-05 4.38900760593256e-05 -1.29170823378559e-05 -1.52596608804967e-05 3.61407042358753e-06 3.45900220623894e-03 -2.01533670725771e-02 2.24409227307960e-03 -1.01280565375890e-04 -1.94599226209599e-05 2.02872756337036e-04 -2.36815992792608e-04 3.57088484849819e-04 4.74797125552367e-05 -2.51050033365226e-06 -2.22348826889216e-05 -3.41078846723119e-05 4.11154549437414e-05 -4.00842446988547e-05 5.20644187740432e-04 -2.35526273888880e-03 6.63863940014354e-04 -3.53156103001411e-05 1.07833953669527e-04 -1.19724242432823e-04 -3.92569227273243e-05 5.75462183402323e-04 -2.48350690128272e-04 2.82646463411565e-05 5.17907026963873e-05 -7.24601125326887e-05 -2.37514962169442e-05 -4.92938556276540e-05 -3.28503821903883e-04 5.64444037702454e-04 -3.13351292675584e-03 1.69911242403200e-03 -1.29150153509790e-03 -1.19655279308120e-03 6.10756206982607e-04 3.24782317608329e-03 2.84976248288907e-03 -1.46427867492553e-03 -1.28674118086705e-03 -8.97320731440918e-04 4.67372817292081e-04 -2.26327463547437e-04 -1.55232014659750e-05 1.15064938346436e-04 1.16115962294267e-04 -1.31417556014228e-04 -3.39085210382651e-04 4.84041540610923e-05 -3.22466709167112e-06 1.70885167206761e-04 -2.01431809283617e-04 6.52270223765279e-06 -1.41011227856115e-06 1.10265054906792e-05 -4.09817819698451e-06 -3.86086299881248e-05 -8.61813913351161e-06 5.46553609673089e-05
 -7.79323311192979e-03 2.25646344933049e-04 -7.03817169373384e-03 1.05592679853232e-03 3.34525816118919e-04 1.21345465237279e-03 -9.86523493986101e-04 -3.73677276782990e-03 -9.71941135676922e-03 7.86734999178431e-03 7.72726781896371e-04 1.96853287880787e-03 -1.59619085132280e-03 1.67536785066507e-04 -2.99832727710674e-04 4.13287286302793e-04 -1.35438146798549e-04 2.62442547174844e-05 5.65746760737101e-05 -3.37638109143779e-04 4.61038387365904e-04 -4.25306401481018e-05 3.62496596275528e-05 5.09207481434863e-05 5.78542360676438e-05 7.60538391909603e-05 1.19118062823237e-05 5.52841755311569e-07 -2.14604601717331e-05 -1.16225399776707e-04 1.55650344827382e-03 -9.13391853330169e-03 3.31653246027050e-03 1.32321925547428e-04 -9.26462216039771e-05 7.49124348734892e-05 -4.20284003381327e-04 -2.11704603741423e-04 1.71685157313768e-04 3.17828235735011e-05 1.98177065738998e-06 2.13233446313843e-05 -2.57687176439452e-05 -4.17764749783999e-05 2.25815643009779e-03 -1.23128379783090e-02 1.86299045708418e-03 -9.21665909074661e-05 1.51051106400771e-04 5.70162959653341e-05 -1.58121075283994e-04 -1.61455106359954e-04 2.27955222662186e-04 2.68554169685097e-05 -3.75029819344387e-05 9.70106131189754e-06 1.24883771330138e-05 -1.33421521396018e-05 -1.52694830241376e-03 1.07478755496067e-02 -1.88203480538297e-04 -6.28876886415817e-06 -1.75239627186891e-05 -3.55716279327591e-05 9.67376935398047e-05 -6.51071480002671e-05 -1.41261941006743e-04 1.89787661857014e-08 3.13604616208752e-06 1.80716168320092e-05 -1.29329885211459e-05 1.05375949389629e-05 8.80631076646176e-04 -3.93738272333819e-03 1.11204851731752e-03 -6.11795139114383e-05 -1.21733087169599e-04 -3.11466730207188e-05 -6.52993308686707e-05 -2.48350690128272e-04 2.96709848866485e-04 -2.49809560423899e-05 -2.88615291419245e-05 5.06811742932858e-05 -3.88907818160875e-07 1.77648461752206e-05 -5.93003719199041e-04 1.02034984983380e-03 -5.41261311992681e-03 2.92339373490574e-03 -2.17214450951847e-03 6.15185495877377e-04 -5.04464280474265e-04 5.49706854723081e-03 -1.47687051049809e-03 1.19468483973745e-03 -2.18990680856663e-03 4.66814260893069e-04 -3.77629115830968e-04 1.17362933457232e-04 1.37420438576195e-05 1.26575243954741e-04 -9.67022551980471e-05 -2.59478526138375e-04 1.74840691296738e-04 -4.31446897745927e-05 1.90232395712941e-04 -1.43259972318804e-04 -2.23251712038843e-04 9.38034853664653e-07 5.80019087159355e-07 1.48769830456809e-05 2.70132984826031e-06 -6.77644625997606e-05 4.64479563773294e-06 8.39069349444737e-05
 -1.10121041128765e-04 2.38188327164968e-05 -5.93141747153111e-04 1.24241169696255e-04 -1.47504364415723e-04 -8.96959776917937e-05 1.56149751044828e-04 1.09581250428651e-03 7.31505902536206e-04 -1.24265161079009e-03 -2.60512866503843e-04 -1.46984850008681e-04 2.48822784351658e-04 -1.27147815838535e-05 4.72153499730528e-05 -5.80650019196296e-05 2.15765182016028e-05 4.43331906198385e-05 -4.53164913924509e-06 5.40388141985467e-05 -5.88483389340798e-05 7.11642805886607e-06 3.76637975517942e-05 1.82150313463437e-06 -9.32246216275921e-06 1.62940517496423e-05 -2.14837978921164e-06 2.69141588003563e-06 3.36423370322641e-06 5.38654618502337e-06 -1.56330234973882e-04 1.38935230819576e-03 -3.79381663058394e-04 4.46474075312777e-06 6.97318442329850e-06 -1.18401651254722e-05 1.53330802065483e-05 1.57235279382792e-05 -2.74434921641251e-05 -2.47011962125515e-06 -2.58663605322089e-07 -2.02329006403593e-06 4.20744267120571e-06 3.79623557061854e-06 -2.05083928464818e-05 1.26461163657558e-04 3.98475621575100e-06 9.34724245343056e-06 2.91076520371960e-06 -9.00563567416808e-06 3.84172200260872e-05 8.60494314432206e-06 -3.61557498880333e-05 -6.22278804203957e-06 5.91298085116323e-06 -1.29306081780564e-06 -1.98628133812446e-06 3.58365509792559e-06 3.66058963385050e-04 -2.21717992878277e-03 2.17069718219041e-04 5.58484036460376e-07 -1.01313885502245e-05 1.77438652444429e-05 1.29273283014168e-05 -2.46038858716455e-07 5.61489607401889e-07 1.13865660387093e-06 1.43948930431606e-06 -1.63520808649685e-06 -2.05744654799669e-06 1.28005224892369e-06 -1.41388816514646e-05 1.00582711011737e-04 6.72470729510842e-06 9.35429083929980e-06 6.32079567943717e-06 -7.30491756742769e-06 3.82839197068536e-05 2.82646463411565e-05 -2.49809560423899e-05 4.87841420344129e-06 2.33789620643219e-06 -6.67103478999001e-06 4.11780755337856e-06 3.22316143585469e-07 -1.93623783330422e-04 4.53293605617745e-05 7.02398306555347e-04 -3.90275243210942e-04 5.23738113889585e-04 -4.76862774632629e-05 7.90952368142399e-05 -1.26061134826380e-03 1.14041497620700e-04 -1.86073710113877e-04 5.11681897123275e-04 -3.65207875451997e-05 5.79087137806667e-05 -9.26947786188987e-06 -1.96420430274985e-06 -3.10897934223500e-05 1.49485300357451e-05 5.79524793091429e-05 -1.23682545517244e-05 6.53423161602417e-06 -2.83751582738786e-05 2.30513542510163e-05 4.06563706900001e-05 1.63343770022764e-07 -1.71288228316941e-08 -4.54977549452918e-07 -3.23897268800757e-07 1.52865269671885e-05 -3.91716228205422e-07 -1.93251100630160e-05
 -8.01352840389772e-04 -2.91091271378668e-05 6.46334637199895e-04 -7.97243537749541e-05 7.06615640680272e-05 -2.04338790452739e-04 1.49401050576093e-04 -3.80382601527169e-04 1.63020696740337e-03 -1.20050697974541e-03 1.12719638878183e-04 -3.29925799220793e-04 2.44945420656266e-04 -2.80274470345763e-05 4.57905161862768e-05 -4.10941072918410e-05 2.07797639893791e-05 -5.30052809768484e-05 -9.13243278431729e-06 5.16226514915504e-05 -5.31750674793715e-05 6.57315307848872e-06 -4.81069226970988e-05 -8.00103957494764e-06 -8.71603027541599e-06 -1.01787444390926e-05 -1.79616752747431e-06 6.87306790290417e-06 3.21913486501216e-06 1.03437113003157e-05 7.28355968389503e-06 -2.47108555070810e-04 -9.89760115990425e-06 -7.58640799803109e-06 1.55083686240672e-05 -1.14564196915170e-05 6.48415106286070e-06 3.58613561333411e-05 -2.60801559480157e-05 -5.26771762862905e-06 -3.83270787331336e-07 -6.07756014612061e-08 3.88775964764620e-06 1.09681862088462e-06 -3.64169383809387e-04 2.19893802274548e-03 -2.41305369858440e-04 5.85207947056253e-06 -2.10589629752716e-05 -8.74099158827082e-06 7.87891725637738e-06 3.35897047305183e-06 -3.46976613522046e-05 -9.56401604001536e-07 5.67942526543765e-06 -1.39994174354333e-06 -1.92801750542683e-06 -1.13838945126488e-06 2.52576152318374e-04 -1.55728108503409e-03 9.18030536987800e-05 -8.07899828991350e-06 1.54031334718120e-06 9.12717593137782e-06 -3.35775462047431e-05 2.43150718147364e-05 4.45114035014113e-06 -1.51025715313823e-06 -2.07204025976117e-06 -1.20490939254011e-06 5.09259861743961e-06 -3.95172615821498e-06 -1.16479068075934e-04 6.84820619203468e-04 -1.05038749559459e-04 2.99106479207224e-07 1.75669050270890e-05 1.19622411359621e-06 -8.96134624802444e-06 5.17907026963873e-05 -2.88615291419245e-05 2.33789620643219e-06 5.85508811167300e-06 -6.13182033632814e-06 -2.87827735277532e-06 -5.12369357667099e-06 -1.63816040342883e-04 -5.06588272196922e-05 -1.08460787030522e-04 5.78200050438565e-05 -1.28749193085280e-04 -1.02634454842825e-04 7.77413022230387e-05 3.26076293604105e-04 2.45247984670899e-04 -1.85588764396890e-04 -1.36375767058236e-04 -7.75166308635253e-05 5.87952608350413e-05 -1.95348383652213e-05 -1.98049680315121e-06 1.04628946580975e-05 1.45734486836514e-05 -1.23439920100439e-05 -2.94291622713183e-05 5.88454324406112e-06 -1.54696274706394e-07 2.15002058605207e-05 -1.80600743058490e-05 3.07643443327091e-07 -1.81351130763510e-07 -3.12338450852153e-07 -4.02389324929986e-07 -5.52375680268371e-06 -7.40822418458582e-07 7.63382339565432e-06
 -6.44390481869037e-04 -2.83403325096470e-05 6.29441757347390e-04 -8.98124989693890e-05 1.35204288573790e-04 3.11617123265563e-04 -2.04404274615981e-04 -9.38563439679971e-04 -2.50577749131251e-03 1.63523776139500e-03 2.41229573808945e-04 5.06060407500168e-04 -3.29759679827895e-04 4.32991708912942e-05 -6.22616176673351e-05 1.12193254401944e-04 -2.83784928957927e-05 -2.80169201205499e-06 1.42966443440721e-05 -7.11294575851150e-05 1.18220785147077e-04 -9.69714417211168e-06 1.26059302539473e-05 3.84744967373664e-06 1.22045855643924e-05 -1.69129393030639e-05 2.46162574322471e-06 -1.40828789897684e-05 -4.62445968891602e-06 -1.16203419321511e-05 1.25284857478728e-04 -1.11454595343917e-03 2.56715924519568e-04 -4.97745436968470e-06 -2.39057817220868e-05 1.55408702918593e-05 -1.36603258735201e-05 -5.45528525081183e-05 3.60550339654137e-05 8.26275996793780e-06 3.99596741378577e-07 5.96895248285926e-07 -5.45464820755305e-06 -2.45869540989946e-06 3.42261960573342e-04 -2.06834527330310e-03 1.59715644325565e-04 -1.51505490913988e-05 1.13398627937798e-05 1.18064623684945e-05 -5.42070176155355e-05 -1.60272957255077e-05 4.74284997183634e-05 8.54247133340859e-06 -7.61982440571271e-06 2.22336838974964e-06 2.59893611715545e-06 -4.42980875107478e-06 -5.76468994318682e-04 3.51040357023036e-03 -3.40711898039794e-04 5.63687694548203e-06 6.58633880776379e-06 -3.12935038146312e-05 6.84856171064108e-06 -3.46319465930296e-05 -1.72951261865902e-05 -1.52899638501626e-06 1.00412021083454e-06 6.19690127268093e-06 -1.53801469839437e-06 2.55731776621293e-06 -7.44979669567646e-05 4.58618779573330e-04 -6.61338737673021e-05 -5.75644721754453e-06 -1.51050619280013e-05 1.72757523014422e-05 -2.69982980910273e-05 -7.24601125326887e-05 5.06811742932858e-05 -6.67103478999001e-06 -6.13182033632814e-06 1.28216518645142e-05 -1.21622118875551e-06 3.97767170480807e-06 -9.26642402203944e-05 -3.19779816097899e-05 -5.76214599529756e-04 3.14255605475728e-04 -4.09795800364532e-04 1.60063920653027e-04 -1.03870638833062e-04 1.01446380231531e-03 -3.81997578991169e-04 2.46549910638191e-04 -4.15296555781235e-04 1.20481841435426e-04 -7.80353895777116e-05 3.03847166641535e-05 2.71872469671152e-06 2.15131122154433e-05 -1.99852747801422e-05 -4.75859011013694e-05 4.46083910191255e-05 -8.94964767052499e-06 3.40946973733266e-05 -2.99244604035280e-05 -3.17920707724131e-05 -5.87408959495781e-07 1.00671227523587e-07 3.38190247660427e-08 6.37524762753343e-07 -1.40027766050114e-05 1.19734878806513e-06 1.72964931497764e-05
 -1.97234216930575e-04 4.20717715251218e-05 -1.04870574444136e-03 2.18911932359186e-04 -2.55072902567378e-04 1.57348554298316e-04 9.75228238592480e-05 1.87440804917628e-03 -1.23640025730147e-03 -7.62851278484762e-04 -4.45141591518932e-04 2.51622720837899e-04 1.48518227874354e-04 2.11282880682820e-05 2.87942581160093e-05 -1.71274421477516e-05 1.32794609336369e-05 1.23236108642162e-04 6.17791898557190e-06 3.34445706270114e-05 -7.26025239341524e-06 4.24979838998636e-06 1.17516195627553e-04 1.09037670833487e-05 -5.92973437639403e-06 2.63366329443413e-05 -1.74627588402102e-06 -9.34990573178276e-06 1.92985598817547e-06 -2.19204380527810e-06 -2.61252044834708e-04 2.36053567968641e-03 -6.43514023883232e-04 8.17705085787158e-06 -1.17819931034122e-05 -7.28887251195975e-06 2.39804213917812e-05 -2.75657278625248e-05 -1.71158529133995e-05 3.89247752456988e-06 -3.70299921136108e-08 -4.13811665343238e-06 2.73936417814957e-06 6.15213005533769e-06 4.08683489345647e-04 -2.48001180020702e-03 2.50640114600877e-04 5.85660699565964e-06 2.54157039945185e-05 -5.53916616866378e-06 3.67970193130124e-05 5.87306838363384e-06 -2.24374766006466e-05 -6.35314147632876e-06 3.77718483980230e-06 -3.25654560420842e-07 -1.22426496160899e-06 4.99664582791157e-06 1.99189846464532e-04 -1.19451391757649e-03 1.43425759871733e-04 1.04893207669243e-05 -1.70598320065031e-05 8.31331209514623e-06 5.13783222140807e-05 -4.10860008995149e-05 -1.31546851141620e-05 2.11572171342108e-06 5.01989287837034e-06 1.85245920567727e-06 -8.41447596674724e-06 6.91603747776099e-06 -3.19019947066555e-05 2.25366893913372e-04 9.22587513493608e-06 1.60911497734188e-05 -7.07001017682101e-06 -2.25718071727092e-06 6.65165731016912e-05 -2.37514962169442e-05 -3.88907818160875e-07 4.11780755337856e-06 -2.87827735277532e-06 -1.21622118875551e-06 9.51698465789530e-06 6.58325081168286e-06 -3.32989973107329e-04 8.52182474191845e-05 1.18622605808033e-03 -6.60280282821412e-04 8.96791879524049e-04 7.61392946732897e-05 4.80028856437459e-05 -2.15500377679126e-03 -1.81245958994723e-04 -1.09697355640000e-04 8.74140679925844e-04 5.60704710221682e-05 3.25790308996838e-05 1.40142385204203e-05 -1.07193229616647e-06 -5.71666987544426e-05 8.88493704951706e-06 9.67990996240894e-05 2.36162847900729e-05 4.01608928779167e-06 -3.66828562525911e-05 1.48872606277571e-05 7.61996304450465e-05 -3.08037888937074e-07 1.42125581618691e-07 -9.64950454478002e-07 1.10968091675842e-08 2.59743493253986e-05 4.77900480682657e-07 -3.35189208252738e-05
 2.21605344071893e-04 2.27881410509054e-05 -5.25496085299115e-04 9.57997182584734e-05 -1.59858111288511e-04 2.29237035546957e-04 -4.09173801204106e-05 1.15822445434827e-03 -1.82196462652987e-03 3.40401594298441e-04 -2.81190511610209e-04 3.69193976603795e-04 -7.28000532997783e-05 3.12932609760642e-05 -1.31226070977665e-05 2.46964305877804e-05 -5.89390560082653e-06 9.57846849315689e-05 9.78316544991120e-06 -1.44888789643351e-05 3.67779299981075e-05 -2.01615972051045e-06 9.27332810640102e-05 9.49647451662350e-06 2.29689286850005e-06 1.34191844782974e-05 1.76340418996909e-07 -1.22622948629262e-05 -1.02559843876914e-06 -5.51360587056066e-06 -1.75295955878882e-04 1.51354888425103e-03 -4.08443842154695e-04 2.79944018363623e-06 -1.73528100475510e-05 3.23430346018076e-06 2.06230570325079e-05 -4.02193810307376e-05 7.20223173285145e-06 5.85411220129865e-06 2.15721598645727e-07 -3.00732652279508e-06 -9.83001222400197e-07 3.94074873450860e-06 4.26813947130391e-04 -2.62093186876182e-03 2.42107935574559e-04 -2.20216968106876e-07 2.28617715037102e-05 2.47238586729339e-06 9.07267058908428e-06 2.42677487274206e-06 9.63968733757555e-06 -1.94665154249590e-06 -1.47836730421655e-06 6.98624136016103e-07 5.46666644463972e-07 2.70363402524362e-06 -1.08756914804838e-04 6.41857572193768e-04 -4.46297542968903e-05 1.18159232579858e-05 -8.09640400792215e-06 -6.53500558207824e-06 4.51681717696728e-05 -4.14390092604747e-05 -9.59194448079163e-06 1.64273873719578e-06 3.94336083489592e-06 2.58783150255305e-06 -7.36037810664700e-06 6.19295705698592e-06 -2.08168190972926e-06 3.71087726361108e-06 7.28740337937018e-06 9.60073287952843e-06 -1.27430850774271e-05 3.30849822914423e-06 3.78562015108540e-05 -4.92938556276540e-05 1.77648461752206e-05 3.22316143585469e-07 -5.12369357667099e-06 3.97767170480807e-06 6.58325081168286e-06 6.72859813706481e-06 -4.00307468144574e-05 2.97967105900228e-05 7.79036786482600e-04 -4.29544331381892e-04 5.45352978429892e-04 1.14211988396348e-04 -2.24983856285225e-05 -1.33002912436047e-03 -2.72139604320940e-04 5.64620097143167e-05 5.39921962896974e-04 8.52785823853245e-05 -1.91074023863201e-05 2.14470697487941e-05 6.39022289602661e-07 -3.68870916320558e-05 -4.32236453679349e-06 5.84982069737588e-05 3.34766937437787e-05 -1.56756878565167e-06 -1.97045376505377e-05 -5.48735018370298e-06 5.38250895017895e-05 -5.09757474470476e-07 1.81803322720401e-07 -8.79633145296141e-07 2.81598898058352e-07 1.68192479634628e-05 7.85858519637653e-07 -2.20354827746446e-05
 1.93652481648098e-02 -7.91456271776846e-03 1.00204886053742e-01 -3.08537756817330e-01 -3.36249749635416e-02 -2.40641299998247e-04 -7.97031851773137e-04 3.51867450955499e-03 2.77662923237273e-03 4.35700297347659e-03 -9.77878753927850e-02 -5.54093853374695e-04 -9.46368448183625e-04 -5.47084493708461e-05 -1.34434608002581e-04 -1.15104778778814e-03 -5.99588665523028e-05 1.76537260807300e-03 1.62961096587056e-05 -1.10010694763089e-04 1.41925293166453e-02 -1.11591883012849e-04 -2.48915366984889e-02 -4.20135603696638e-04 2.48467070896047e-05 -1.57853986544546e-03 2.06625424864778e-05 2.24931415353809e-03 -2.53995006671373e-05 -2.86602763140833e-03 -1.99546643281058e-02 3.84879929934910e-02 1.98085268244062e-01 -2.74206585052489e-03 4.58135689352930e-05 2.80635550013599e-05 6.85838158486860e-03 -1.41961102633440e-05 2.32111016350672e-04 -4.39968162950506e-05 4.14250231967815e-05 -6.26757466116832e-04 -1.36484506213965e-05 1.07713076360035e-03 -2.04255823731734e-03 2.26939628381522e-02 1.68389630589670e-02 1.65216619015180e-04 -3.63220123138329e-04 3.21708186615622e-05 -3.05716261238752e-03 6.78205302880910e-04 1.22119667096644e-04 3.75107363386479e-04 -1.78919760109744e-05 1.54059526296737e-04 7.98565357108433e-06 1.06724804545766e-04 -1.63130234752077e-03 2.21514945585668e-02 1.69348495072368e-02 1.52302502799776e-04 2.09081720685327e-04 -2.94776536086544e-04 -2.96673553629407e-03 -1.72996398962784e-04 5.62174316586094e-04 -1.81286508300241e-04 1.39898653171458e-04 -9.43510870914995e-05 3.22247870677919e-04 -3.62787772045192e-05 -7.57461577662495e-04 1.42699390866396e-02 1.75556982726689e-02 1.23273027835428e-04 1.49441413750719e-04 2.55984092231345e-04 -3.13353133656681e-03 -3.28503821903883e-04 -5.93003719199041e-04 -1.93623783330422e-04 -1.63816040342883e-04 -9.26642402203944e-05 -3.32989973107329e-04 -4.00307468144574e-05 2.02363487651409e+00 -8.71971622334422e-02 8.09565918490518e-02 -9.32819212330642e-03 -1.68107952352108e-01 1.94677496417353e-04 3.10294952109960e-04 1.94577085458645e-01 2.22609807258167e-04 3.36682512128210e-04 -6.20449118656878e-02 -1.88529149568212e-04 -2.95794286029390e-04 6.53587653447754e-05 -6.24558956166627e-05 7.15170585975937e-03 8.01114896523747e-05 -1.23778654068138e-02 -1.49080784233773e-04 3.35647545302436e-05 -1.67055793757858e-02 -1.89949066292854e-04 2.89590944178273e-02 7.02986967184859e-06 1.80105857544350e-05 4.53759018888577e-05 1.18632599746027e-05 7.67631485482870e-03 -1.70114623119979e-05 -9.85530039426986e-03
 -2.30634280363146e-02 5.08319843019040e-03 -1.31283446332514e-01 3.16808961765607e-02 -9.54991772651440e-04 5.42213785503455e-04 5.31402747950801e-04 -4.35149702779508e-03 -3.69400805596244e-03 -4.37303271425601e-03 2.60640315780127e-03 8.39373591191034e-04 7.58765163852621e-04 5.75598979454225e-05 1.55428479882435e-04 -3.41375924987073e-05 9.06624954890072e-05 3.22695502417906e-04 2.77117945853508e-05 2.35509045633401e-04 -3.30724623662248e-04 6.46200127226960e-05 7.64749890733669e-04 5.01844493048377e-04 -3.55011813928144e-05 1.92248457900698e-03 -1.63608501589242e-05 6.36768052606745e-04 1.66959293115925e-05 -8.59589170288658e-04 1.56371885994722e-02 -7.13546387173209e-02 2.52207570887717e-02 2.11816235183002e-03 -3.60812668695435e-05 -4.15255595011508e-05 -5.00936844215089e-03 -7.82350728005798e-05 -1.21053865889486e-04 1.10501188287349e-05 -3.38346957609264e-06 3.06167100165221e-04 2.14469856623270e-05 -5.24398625273319e-04 1.27069216820301e-02 -6.16146461170474e-02 1.63022001948433e-02 -4.93540757390610e-04 1.46088323394348e-03 -3.14173629545962e-05 6.60722284524515e-04 -1.18214111727767e-03 -1.29493851858892e-04 -7.66905485393763e-05 1.36283419715101e-05 2.51811938963989e-05 -8.47644639354492e-06 6.04163667065249e-05 1.25581387148860e-02 -5.97406728143474e-02 1.63878789562403e-02 -4.86793951598202e-04 -7.54881019361369e-04 1.22523058557570e-03 7.11184714125624e-04 4.91274177829535e-04 -1.13623344047016e-03 3.91893373018496e-05 4.60112594006628e-05 -2.81149119983439e-05 -7.43279798455534e-05 2.74693900330369e-05 1.11771273966265e-02 -5.16401516478372e-02 1.54268515027468e-02 -4.53618898086215e-04 -6.93341241397222e-04 -1.18415705289358e-03 7.98349905609048e-04 5.64444037702454e-04 1.02034984983380e-03 4.53293605617745e-05 -5.06588272196922e-05 -3.19779816097899e-05 8.52182474191845e-05 2.97967105900228e-05 -8.71971622334422e-02 1.87850177697993e-02 -4.92363342012590e-02 2.49397653955673e-02 -2.50879457794907e-03 1.45025126525551e-04 2.33381546916368e-04 1.77807418433606e-02 -4.90088128248968e-04 -6.08129992258210e-04 -7.20484435063943e-03 1.50371736856317e-04 1.74329050124633e-04 2.60531735808509e-05 9.69338373973370e-06 4.32351969081232e-04 2.82640451966023e-05 -7.58030568323547e-04 1.07965176844099e-04 -9.65232907561522e-06 1.64692022115323e-03 9.12265060699365e-05 -2.84275386625439e-03 4.43947763242523e-05 -6.84125294426460e-07 1.95003190761358e-04 -5.91999432028570e-07 -5.77980807955435e-04 2.40705858581943e-06 7.40415839860618e-04
 1.22185779499187e-02 -1.05356646600442e-02 2.84798009996432e-01 -4.81649706949955e-02 -4.70920632422101e-02 -1.31373898338461e-03 -1.90286445211097e-03 4.15415860824702e-01 1.13434593197097e-02 1.79880793395929e-02 -9.66852276329231e-02 -2.50441016511147e-03 -4.05681461688614e-03 -2.06600768723998e-04 -6.46188351769725e-04 -1.19848309763685e-02 -3.72736827707458e-04 1.98665842390230e-02 -1.78942766810034e-04 -8.16760170330332e-04 -1.11370779800261e-02 -1.10958353784330e-04 1.85796544511293e-02 -4.17905132534852e-04 4.33125374636920e-05 -1.60817810254887e-03 5.74979113134582e-05 -3.21517026803194e-03 -3.15310089984271e-05 4.29780531067091e-03 -1.15324625444857e-01 7.79913810284222e-01 -2.58030158471112e-01 -6.29698711178450e-03 1.22624887663258e-04 1.88412717580569e-04 2.37871265825111e-02 1.24516021461540e-04 3.73510126907762e-04 -6.73405304308307e-05 4.49703686796886e-05 -1.92866005437993e-03 -5.65114071578600e-05 3.27866502732881e-03 -8.48639459783318e-03 -6.67539221757853e-03 -3.81028936269894e-02 4.24069368472316e-03 -2.38660189199198e-03 1.50410313505509e-04 8.54165365517225e-03 6.53508817530774e-03 4.82387525715236e-04 -1.53578631616204e-03 -6.71098312049679e-05 -3.67523697023870e-04 4.36720608022669e-05 9.31317448750649e-04 -8.49137107282032e-03 -8.41135798995172e-03 -3.78046167708273e-02 4.21096844439782e-03 1.32345040434574e-03 -1.95346530916918e-03 8.47332544163982e-03 -2.93176007605253e-03 5.91702573200078e-03 7.56068533486572e-04 1.31281184657226e-04 -5.82770701109412e-04 -1.30165545852797e-03 7.39036822363977e-04 -2.54915778309464e-03 -4.23099350122259e-02 -3.53266137120311e-02 4.08184990773226e-03 1.03347150777530e-03 1.76029877337894e-03 8.18363417835992e-03 -3.13351292675584e-03 -5.41261311992681e-03 7.02398306555347e-04 -1.08460787030522e-04 -5.76214599529756e-04 1.18622605808033e-03 7.79036786482600e-04 8.09565918490518e-02 -4.92363342012590e-02 4.45761102616245e-01 -2.40659933379264e-01 2.15425453427156e-01 -8.92050001515394e-04 -1.52403741943265e-03 -5.49405817651321e-01 2.66793748090730e-03 4.15502910503843e-03 2.21457005323748e-01 -7.76764466955437e-04 -1.26615567669586e-03 -1.63195309247601e-04 -4.44859068384293e-05 -1.43426821081074e-02 -9.45883727266481e-05 2.52562117352358e-02 -2.20267951360554e-04 2.84067974985375e-04 -1.42734476072441e-02 -1.81605813542721e-04 2.49126133911860e-02 -2.05359463437299e-04 4.07872665257074e-05 -9.39767186001122e-04 -1.02995588819697e-05 7.28655208547499e-03 -2.32857430530499e-05 -9.37416767039953e-03
 -6.11552162191864e-03 5.47908907425131e-03 -1.50169239646169e-01 2.04685749257138e-02 2.52091325776942e-02 4.92678453095861e-04 6.97609701323407e-04 -2.26691331734443e-01 -4.41685259333094e-03 -7.13439166934684e-03 5.11526208534941e-02 1.00355261203711e-03 1.67683688414050e-03 8.22823614411049e-05 2.51854312388799e-04 6.47416864116622e-03 1.56619916039252e-04 -1.08613041976502e-02 8.88938935526878e-05 3.30246250257747e-04 6.26012874078482e-03 4.44377377843681e-05 -1.06042395482739e-02 2.02123405519782e-04 -4.28374622369213e-06 7.99274409820117e-04 -2.55744208291693e-05 1.78309117561637e-03 1.02190700518443e-05 -2.36176222379313e-03 6.22156540084809e-02 -4.23269187512817e-01 1.43330203006209e-01 3.33495473481019e-03 -4.95491135796339e-05 -7.72736939015567e-05 -1.27426291637615e-02 -3.05105037769207e-05 -1.42400700964189e-04 3.03627054507281e-05 -2.31148262595492e-05 1.03519657146289e-03 2.16323751610108e-05 -1.75833517144998e-03 3.95526559645393e-03 7.52927472145508e-03 2.04485096831316e-02 -2.29241652246529e-03 1.24287232830290e-03 -6.23971185120714e-05 -4.71379976927122e-03 -3.52102432018252e-03 -1.85314129437563e-04 8.44114398534543e-04 2.37274798723616e-05 2.01355135436673e-04 -1.93821231291833e-05 -5.07946532082245e-04 4.01817026920640e-03 8.11201721604405e-03 2.03070737153002e-02 -2.27765120301153e-03 -6.75450779350588e-04 1.02770128433389e-03 -4.68002747516552e-03 1.64933941169114e-03 -3.14945944657000e-03 -4.11950493588442e-04 -7.77202460203927e-05 3.07781416667245e-04 7.18207781705690e-04 -4.09552043291791e-04 1.58790870420690e-03 2.16137783000593e-02 1.94068629389668e-02 -2.22650233226909e-03 -5.53040621522183e-04 -9.44586057074436e-04 -4.57640740580407e-03 1.69911242403200e-03 2.92339373490574e-03 -3.90275243210942e-04 5.78200050438565e-05 3.14255605475728e-04 -6.60280282821412e-04 -4.29544331381892e-04 -9.32819212330642e-03 2.49397653955673e-02 -2.40659933379264e-01 1.30536808398617e-01 -1.20279907193866e-01 3.82815798193069e-04 6.67319371755003e-04 3.02620954978127e-01 -1.19349537576312e-03 -1.86338045789936e-03 -1.21716271805284e-01 3.42230064938734e-04 5.64903014524242e-04 7.08457578746835e-05 2.65551021155341e-05 7.93512489820753e-03 2.30918645478562e-05 -1.39649366186273e-02 8.38279069526152e-05 -1.64619269291593e-04 7.46910918341246e-03 4.79000066158937e-05 -1.30542721817138e-02 1.11087932964950e-04 -2.17753002370053e-05 5.08676254621960e-04 5.96245034129447e-06 -3.83770069920135e-03 1.16570004596169e-05 4.93740811498676e-03
 -8.68098634217402e-03 3.57382190144514e-04 6.32476432292581e-03 2.65972766473335e-02 -2.94733720632099e-02 5.21629567852280e-04 6.35707622039655e-04 2.58522808845806e-01 -2.78588958718810e-03 -3.31264304787204e-03 -5.29599017607954e-02 5.55722964520913e-04 2.35674244841557e-04 3.30938080866981e-05 1.32408009165162e-04 -7.43921683357102e-03 3.74935787266170e-05 1.30548604631845e-02 -5.35486942918502e-05 1.71842161945963e-04 -8.07233889620555e-03 6.32047181892908e-05 1.42259117605180e-02 4.18947427243367e-04 -8.30133574741526e-05 1.53331995810404e-03 -3.51532569683595e-06 -1.37172939827107e-03 2.49673694602180e-05 1.75592660211509e-03 -5.21635253142048e-02 4.01824657887324e-01 -1.41762564434796e-01 -1.13816914277552e-03 -1.99338616931842e-05 -2.06119400390662e-05 8.39166764083573e-03 -1.32198690087030e-04 -1.24961482768299e-04 -9.30631899289241e-06 1.95222755189774e-05 -7.95463610578070e-04 2.24434308868901e-05 1.34262449808907e-03 1.19173999632588e-02 -9.06155187885330e-02 -3.58554788661065e-03 2.03081474059807e-03 4.24813496375833e-04 -1.17760321845371e-05 6.37561639669336e-03 2.64307157775238e-03 -1.24586228373865e-04 -1.08591284725756e-03 1.93217719913410e-05 -2.02266899063284e-04 1.81016323724045e-06 6.69203418416563e-04 1.17145286864906e-02 -8.93395440614433e-02 -3.26769842859841e-03 2.02086439855636e-03 -2.19542528462037e-04 3.54915083792963e-04 6.39252835283039e-03 -1.46552155791415e-03 2.18031043610243e-03 5.23364560078235e-04 1.64326568549863e-04 -3.74032775190141e-04 -9.39161816335967e-04 5.23852094624440e-04 1.09584866033390e-02 -8.34664845343619e-02 -4.44354991347349e-03 2.04677763396755e-03 -2.03190794205662e-04 -3.49498686082897e-04 6.50590473643512e-03 -1.29150153509790e-03 -2.17214450951847e-03 5.23738113889585e-04 -1.28749193085280e-04 -4.09795800364532e-04 8.96791879524049e-04 5.45352978429892e-04 -1.68107952352108e-01 -2.50879457794907e-03 2.15425453427156e-01 -1.20279907193866e-01 1.42668332206782e-01 -6.80929621471255e-05 -1.03956587291206e-04 -3.36489193887146e-01 2.84933333510536e-04 4.77455542820692e-04 1.34706720496638e-01 -5.78851328367018e-05 -1.48417374199038e-04 -1.60421501109801e-05 -2.50926983266716e-05 -8.93286560792432e-03 7.54915308747380e-05 1.57087264671299e-02 1.04615272280841e-04 2.03365021793136e-04 -6.02139908689850e-03 1.74634211403613e-04 1.06028359081897e-02 -7.40886818445254e-05 2.34048252594121e-05 -3.50315118994969e-04 -8.55142883159963e-06 3.47180735987564e-03 -8.52402809817056e-06 -4.47076554599423e-03
 -4.59993787781148e-05 -2.65914430877073e-05 7.28085654137020e-04 -2.20804463831337e-04 4.99176057981005e-05 6.58688679876887e-03 3.14702461177503e-05 -5.17061709418847e-04 -5.26012286558227e-02 -3.79612245181501e-05 2.40192428632796e-04 1.06535815753419e-02 -3.59653772455666e-05 9.06503388004370e-04 -4.13238393995156e-06 1.75505050133454e-03 1.71865577970972e-06 9.67730138175515e-04 2.87709210614316e-04 -4.55482253613657e-06 1.96794165232324e-03 -1.70429635036366e-05 1.12156739514100e-03 1.58530208732952e-04 2.96777921643975e-06 -5.59460775077069e-05 -1.27073928221398e-05 -3.02541856659312e-04 -7.59632667476622e-06 -2.28088350661538e-04 6.39576082853534e-05 -4.06766815827479e-04 2.84633806420229e-04 -1.10745164152260e-05 -5.02536764822035e-04 -2.55279607848570e-06 1.69746084903173e-05 -1.14993011627060e-03 1.23091148627016e-06 1.72390213258565e-04 4.57184235659199e-07 -1.91121868959070e-05 2.02582761905815e-06 -6.18867591160287e-07 9.19381926701132e-03 -5.61332617842380e-02 5.02752552307348e-03 -2.15099879157886e-04 4.13162962976507e-04 -2.64975366421579e-06 -6.26703875602817e-04 -1.75938404723160e-04 -3.88564477454140e-06 9.35545063060796e-05 5.77200206910715e-06 3.78369983565076e-05 -1.07425007146569e-06 -2.75658142921035e-05 -4.78523162411217e-03 2.88765771783063e-02 -2.51075906542103e-03 1.00223259933474e-04 -1.79069225112866e-04 -3.61367717052310e-04 3.08997071268766e-04 -1.18268248985697e-03 -5.72859843317393e-04 -4.12299017384485e-05 9.67134203460850e-05 1.58445408790348e-04 -7.43265575521846e-05 1.10846056075312e-04 -4.74678350652635e-03 2.89071446857864e-02 -2.53630943742514e-03 1.06175182452099e-04 -1.78405116967664e-04 3.53064254007463e-04 2.90421372367655e-04 -1.19655279308120e-03 6.15185495877377e-04 -4.76862774632629e-05 -1.02634454842825e-04 1.60063920653027e-04 7.61392946732897e-05 1.14211988396348e-04 1.94677496417353e-04 1.45025126525551e-04 -8.92050001515394e-04 3.82815798193069e-04 -6.80929621471255e-05 3.33708121901232e-03 3.32333784310189e-05 6.55075845700240e-04 -7.95675232650400e-03 -1.86270804475560e-05 -2.96970336061663e-04 2.48239292216552e-03 -3.82138068786454e-05 6.23620517840504e-04 5.38239625684191e-06 -5.47296311911110e-05 -1.22220887447252e-05 -9.01628922781887e-05 9.60623823577529e-04 -2.39012227576093e-05 2.84205588258970e-04 6.36951318687163e-06 4.66762870104574e-05 -1.01936226364948e-05 9.79439116873013e-07 -6.49348643149790e-06 7.71281049462983e-06 -2.67597993718119e-05 2.40052384317584e-05 2.56480006100164e-05
 -2.12394008259527e-05 -1.39400810573356e-05 3.84287684984694e-04 -3.05155817686540e-04 1.01862201583404e-04 9.13433262330597e-05 6.76650963594626e-03 -5.82438498833292e-04 -4.81959707490414e-04 -5.39739990842392e-02 2.98308448138611e-04 1.30642909109088e-04 1.08899140121785e-02 7.91457922371888e-06 2.04768981529395e-03 3.05982342849383e-05 9.38066333591343e-04 -2.61320434691048e-05 -1.00741979229275e-05 2.32577449261287e-03 -5.70227981440657e-06 2.82152425453412e-04 2.43358639109481e-05 -5.89637130415067e-07 -3.90805467894169e-04 -7.45663400294647e-06 -1.00293557947238e-04 -5.05613345059121e-06 1.37140804469264e-04 7.38518559332716e-06 5.44480836036140e-05 -6.97927204691302e-04 7.08649715167320e-04 -7.49444040962487e-06 -6.82415212718355e-06 -5.17569277706840e-04 4.98293989677463e-05 -7.61506516600740e-06 -1.17793652021838e-03 2.88444018417521e-06 -1.51459894748155e-05 -5.36140156960504e-06 1.80272972502520e-04 5.88531978453447e-06 -2.83336729962557e-05 -7.83438290211805e-05 1.09862109061035e-04 -8.62051024400866e-06 -4.76447564009476e-06 -3.95159172805182e-04 -1.26029380228155e-05 3.46642601399204e-06 -1.56616914222200e-03 2.97462762080942e-06 2.61374214819294e-04 -3.24525633084383e-06 -8.79946640899625e-05 -4.46088885053574e-06 8.13833737896521e-03 -4.96928636140119e-02 4.60269988535521e-03 -1.93798672200553e-04 -3.60689208358064e-04 2.15604516643486e-04 -5.54416428138926e-04 -6.06207837742213e-04 -5.33064844133925e-04 -8.24690511520884e-05 8.17132847010981e-05 1.12225715555474e-04 5.11588701649918e-05 2.26679588486541e-05 -8.37332243754760e-03 5.10185420796941e-02 -4.37441120213667e-03 1.90963581017825e-04 3.58566594316586e-04 2.35581725313007e-04 5.27518029734759e-04 6.10756206982607e-04 -5.04464280474265e-04 7.90952368142399e-05 7.77413022230387e-05 -1.03870638833062e-04 4.80028856437459e-05 -2.24983856285225e-05 3.10294952109960e-04 2.33381546916368e-04 -1.52403741943265e-03 6.67319371755003e-04 -1.03956587291206e-04 3.32333784310189e-05 3.51422204170174e-03 1.07695081864928e-03 -6.97569870901338e-05 -8.28292935035676e-03 -4.60912473826018e-04 -2.31485422055243e-05 2.55639297253346e-03 -9.51215681211731e-06 -8.01829229918455e-05 5.32121390621951e-05 6.36756695090188e-04 -7.40633357343624e-05 3.55523844780662e-05 2.38197603959713e-04 6.99269149174694e-05 9.83066227670383e-04 -1.83496979848732e-04 4.77362487208614e-06 -4.88804705360452e-06 -1.79635005621173e-06 -7.86938356344608e-06 -4.10456060102723e-05 -2.97931664528396e-07 6.33934835957711e-05
 3.17899393516001e-02 7.05739890009828e-04 -4.38319265092042e-02 -2.95819516761936e-02 7.63527618544781e-02 -2.23166438965212e-04 1.56628014873567e-04 -6.41654054649250e-01 -1.56022046525417e-03 -5.36694997927238e-03 1.41804356045402e-01 3.56658929200027e-04 2.13855517181995e-03 6.33659821388743e-05 1.80819271935802e-04 1.88072940236971e-02 1.43496978876976e-04 -3.23552359389114e-02 1.73418664414021e-04 1.56021144713235e-04 1.87722950740458e-02 -7.36179091785250e-05 -3.24085880874153e-02 -9.04528818283999e-04 1.08683636790062e-04 -3.38893063527175e-03 -2.09392897901104e-05 3.20732006409029e-03 -2.59241924461212e-05 -4.20057703486516e-03 1.33424737193301e-01 -1.00972991122974e+00 3.34531887806565e-01 3.37809618458684e-03 -3.40707176988696e-05 -7.79622448203415e-05 -2.20873025051211e-02 1.50907729373808e-04 -4.45405757662195e-06 5.46524872033839e-05 -5.66799527940618e-05 2.08009193061400e-03 -9.01830824994408e-06 -3.51975198141556e-03 -2.63637547189792e-02 2.05519386152949e-01 1.00878624357725e-02 -5.14887705965771e-03 -7.60261961314465e-04 -7.04619223952969e-05 -1.54991158934641e-02 -6.73638553631657e-03 -8.53806086161717e-05 2.65665549022594e-03 1.72480357786733e-05 4.97776187749705e-04 -2.70756706102887e-05 -1.65813308252897e-03 -2.60368945721159e-02 2.03376542337236e-01 9.26171874453190e-03 -5.11958954586981e-03 3.11518916362034e-04 -6.86322948068280e-04 -1.55347432891334e-02 3.37165616433612e-03 -5.76249766258205e-03 -1.29834969830209e-03 -3.76085459623232e-04 9.75888417835290e-04 2.28582557359808e-03 -1.26740303314490e-03 -2.82625240849376e-02 2.14112592659033e-01 9.89424572751452e-03 -5.08631569335584e-03 4.52410114593447e-04 7.85808976830353e-04 -1.55380013970254e-02 3.24782317608329e-03 5.49706854723081e-03 -1.26061134826380e-03 3.26076293604105e-04 1.01446380231531e-03 -2.15500377679126e-03 -1.33002912436047e-03 1.94577085458645e-01 1.77807418433606e-02 -5.49405817651321e-01 3.02620954978127e-01 -3.36489193887146e-01 6.55075845700240e-04 1.07695081864928e-03 8.16584662684600e-01 -1.95492399522319e-03 -3.22454130582656e-03 -3.28578738312419e-01 5.34659203046404e-04 1.00953524881380e-03 1.23754545678436e-04 5.22187232669103e-05 2.14668161984606e-02 -4.57119436575086e-05 -3.77922840079223e-02 -8.25886534636738e-05 -4.56956608800369e-04 1.69498526079711e-02 -1.71573194573684e-04 -2.97260600922846e-02 1.88303209158466e-04 -6.09584931111239e-05 8.87485288351132e-04 1.91122135624768e-05 -9.49573581010224e-03 2.66512131685753e-05 1.22255121803529e-02
 9.59498846067963e-05 2.51502500029075e-05 -7.68800027342927e-04 2.87951532081688e-04 -1.39100967801852e-04 -1.57067276276232e-02 -5.68423087118014e-05 1.47974436223106e-03 1.25427189869242e-01 -5.25009866530340e-05 -6.44295577077641e-04 -2.54039408645341e-02 1.15121937515749e-04 -2.16151699554300e-03 1.53693309158846e-05 -4.19017409903064e-03 -1.73293852565872e-06 -2.29834077028893e-03 -6.86185981334548e-04 1.67191946744713e-05 -4.69482332508493e-03 4.11113939208091e-05 -2.66957200325172e-03 -3.81252602622735e-04 -8.14074131901568e-06 1.20647827172836e-04 3.00944584647641e-05 7.15713629243995e-04 1.84420942817060e-05 5.51212160400236e-04 -3.10808476127316e-04 1.82813924818958e-03 -9.61454695439871e-04 9.96172153748466e-06 1.19830066036663e-03 4.72012962977523e-06 2.70318722163355e-06 2.74192742848450e-03 -5.89672519003273e-06 -4.11070985123505e-04 -1.09223589254545e-06 4.25290529594221e-05 -4.39346472480134e-06 6.64988301261485e-06 -2.19996841345501e-02 1.34197976368533e-01 -1.21047030833280e-02 5.18077364214239e-04 -9.95235386473211e-04 5.27602166760062e-06 1.49453583418288e-03 4.29528764559908e-04 5.10694093522508e-06 -2.23367833977403e-04 -1.30099109880357e-05 -9.06044015045885e-05 2.34427602181054e-06 6.57523481931309e-05 1.13540972810903e-02 -6.86408170147659e-02 5.88094982421818e-03 -2.34319156521426e-04 4.31039813969671e-04 8.53640890361649e-04 -7.38295751944990e-04 2.81321871808003e-03 1.37347209220773e-03 9.81787077839045e-05 -2.30563399907670e-04 -3.77440802785966e-04 1.77125533197117e-04 -2.63972528238844e-04 1.12191172362633e-02 -6.84466440880355e-02 5.91922527871973e-03 -2.47499872563659e-04 4.31316386782099e-04 -8.32699103017250e-04 -6.91109899529554e-04 2.84976248288907e-03 -1.47687051049809e-03 1.14041497620700e-04 2.45247984670899e-04 -3.81997578991169e-04 -1.81245958994723e-04 -2.72139604320940e-04 2.22609807258167e-04 -4.90088128248968e-04 2.66793748090730e-03 -1.19349537576312e-03 2.84933333510536e-04 -7.95675232650400e-03 -6.97569870901338e-05 -1.95492399522319e-03 1.89728912451865e-02 2.28000281703470e-05 8.67531173741201e-04 -5.91938097830303e-03 9.78507214324412e-05 -1.48696799498764e-03 -1.31859446829485e-05 1.20541141183200e-04 3.10391591787703e-05 2.32488713089473e-04 -2.29077289655197e-03 5.79875681062167e-05 -6.96108093431468e-04 -1.25788341178975e-05 -7.92750211550367e-05 2.39369735278942e-05 -2.32409903373314e-06 1.37846449017863e-05 -1.84141079770597e-05 7.15653153772689e-05 -5.72575719790451e-05 -7.10851011079015e-05
 5.98178197354573e-05 3.09459726253163e-05 -8.91375640103990e-04 5.68475168876849e-04 -3.41224684056157e-04 -9.60710000989847e-05 -1.59479386587911e-02 2.02442906567428e-03 1.88505637445345e-04 1.27217648469830e-01 -9.07677468187920e-04 -1.15986007957626e-04 -2.56697398274297e-02 -2.37456998786461e-06 -4.82650774103093e-03 -6.06887175796237e-05 -2.21104872726128e-03 1.13844542626385e-04 2.87823098649501e-05 -5.48183562716042e-03 3.86669685960995e-05 -6.65268961337124e-04 -1.95845964927188e-05 5.31868144073251e-06 9.21035876953435e-04 2.06122505937024e-05 2.36178088250062e-04 5.17781597935281e-06 -3.23344853571131e-04 -1.97959196348191e-05 -2.65093530763632e-04 2.64459437964156e-03 -1.85746011661626e-03 1.39020040356543e-05 7.06443483033947e-06 1.21989881668281e-03 -9.37346199107031e-05 -3.00383657821871e-06 2.77640545984181e-03 -3.76823036179276e-06 3.57891847273018e-05 1.00084015718389e-05 -4.24837707493231e-04 -1.00135980329044e-05 2.68641359154854e-04 -1.07602358755694e-03 -1.54009151604574e-04 2.14514444254491e-05 2.04342823591148e-05 9.31387210547001e-04 3.28831188204761e-05 -4.71076584712039e-06 3.69136038264951e-03 -7.87848078749956e-06 -6.15958219435622e-04 7.95455553843322e-06 2.07404941142794e-04 1.18748072613359e-05 -1.92317939034340e-02 1.17397687898051e-01 -1.08782050323086e-02 4.63554201696517e-04 8.46085889600592e-04 -5.13146585166769e-04 1.32690485784317e-03 1.40419559366414e-03 1.25163644876298e-03 1.94882233264945e-04 -1.90310741120957e-04 -2.62765695575801e-04 -1.24121514756595e-04 -5.01169668723642e-05 1.96876539961781e-02 -1.19982197591403e-01 1.02788182641536e-02 -4.43227088886908e-04 -8.49279897535375e-04 -5.50517281163003e-04 -1.22351991773845e-03 -1.46427867492553e-03 1.19468483973745e-03 -1.86073710113877e-04 -1.85588764396890e-04 2.46549910638191e-04 -1.09697355640000e-04 5.64620097143167e-05 3.36682512128210e-04 -6.08129992258210e-04 4.15502910503843e-03 -1.86338045789936e-03 4.77455542820692e-04 -1.86270804475560e-05 -8.28292935035676e-03 -3.22454130582656e-03 2.28000281703470e-05 1.95250890313985e-02 1.37255818248637e-03 9.87377512606709e-05 -6.02705010666490e-03 3.35931255154742e-05 1.88996622949399e-04 -1.43420186534184e-04 -1.50089540092413e-03 2.03039804959409e-04 -6.64083732329166e-05 -5.61363262710828e-04 -1.86805205988457e-04 -2.31678731998100e-03 4.80696767406789e-04 -1.15880057748106e-05 1.16126942360447e-05 3.39137137174107e-06 1.86741331447560e-05 1.10637003014447e-04 1.09819221908905e-06 -1.67447583094395e-04
 -1.35387358025114e-02 -1.13727452651112e-04 1.22766133658486e-02 1.03502891627374e-02 -3.14011454210004e-02 3.53384867697783e-05 -1.19380691321239e-04 2.60320586474843e-01 1.11317706768537e-03 2.59389476572496e-03 -5.84733592806297e-02 -2.37672705742346e-04 -9.58290673261265e-04 -3.43708433313004e-05 -8.93002494139383e-05 -7.67020362937625e-03 -6.45843090134493e-05 1.31583492750885e-02 -7.21880184962053e-05 -7.79942760355296e-05 -7.51124262946961e-03 2.90650554333703e-05 1.29187262404082e-02 3.85935671675776e-04 -4.14035849378352e-05 1.45582731844554e-03 9.14046351423197e-06 -1.24287655112343e-03 9.69586527203530e-06 1.63481884773267e-03 -5.35966126067293e-02 4.06761371714662e-01 -1.32468313477117e-01 -1.29446556158756e-03 1.86032586872092e-05 3.55319961173433e-05 8.78956835441768e-03 -5.14773571630804e-05 1.09982198670307e-05 -2.41921132233352e-05 2.34343838322784e-05 -8.35326506766032e-04 2.60597278565127e-06 1.41374827071039e-03 1.12042791246249e-02 -8.56024871741245e-02 -3.16531344047564e-03 2.07000651937449e-03 3.72842547807075e-04 3.17058966358920e-05 6.30017126241989e-03 2.68626235776346e-03 4.65675928163424e-05 -1.07950800663216e-03 -9.42367937688891e-06 -1.99524288912232e-04 1.16217959401755e-05 6.77818534734070e-04 1.11470468896150e-02 -8.51227648735505e-02 -2.78324471371923e-03 2.05655737939724e-03 -1.55874870791076e-04 3.38654108026857e-04 6.31279889771456e-03 -1.32597417622465e-03 2.30236949728151e-03 5.28506066783639e-04 1.54532655992857e-04 -4.01804452696004e-04 -9.27919490986473e-04 5.13971613066296e-04 1.21700676874410e-02 -9.02556728393298e-02 -2.98350595714935e-03 2.04014012466879e-03 -2.18461081416191e-04 -3.82211704435861e-04 6.30517336300763e-03 -1.28674118086705e-03 -2.18990680856663e-03 5.11681897123275e-04 -1.36375767058236e-04 -4.15296555781235e-04 8.74140679925844e-04 5.39921962896974e-04 -6.20449118656878e-02 -7.20484435063943e-03 2.21457005323748e-01 -1.21716271805284e-01 1.34706720496638e-01 -2.96970336061663e-04 -4.60912473826018e-04 -3.28578738312419e-01 8.67531173741201e-04 1.37255818248637e-03 1.32383264770697e-01 -2.41000922868766e-04 -4.31599508769354e-04 -5.56171103436193e-05 -2.05628899806292e-05 -8.61746749860820e-03 1.40279716762047e-05 1.51754567509503e-02 2.54649168302291e-05 1.83070831139288e-04 -6.97849956861343e-03 6.14371997561027e-05 1.22315001897929e-02 -7.40866566657661e-05 2.49435276205313e-05 -3.49988974832818e-04 -7.67116082132088e-06 3.90754242094096e-03 -1.11613173741018e-05 -5.03076251770483e-03
 -3.18436718883295e-05 -8.30233771407585e-06 2.58520332835998e-04 -7.22265240979693e-05 4.00341567373428e-05 4.90001606494991e-03 -6.85719362145186e-05 -4.17384561183910e-04 -3.91325796238059e-02 7.05219005207603e-04 1.94602875566832e-04 7.92544442927743e-03 -1.74934855857847e-04 6.74385841049602e-04 -3.09275941135577e-05 1.30616186048537e-03 -1.14379890185924e-05 7.19184345775891e-04 2.14235498835828e-04 -3.49095863175371e-05 1.46323506936988e-03 -1.64270921395728e-05 8.35907175415926e-04 1.18950246476852e-04 7.52059979108100e-06 -3.76609964851162e-05 -8.10934998252168e-06 -2.23721463974970e-04 -7.50320315348409e-06 -1.71511777182264e-04 8.67423110029583e-05 -4.92053456713831e-04 2.54871156462668e-04 -3.47219566092106e-06 -3.73834716333991e-04 5.13474798642792e-06 3.67120059823010e-07 -8.55509552177280e-04 1.68640725214201e-05 1.28234713861891e-04 5.35293158499504e-07 -1.33473424811665e-05 -9.29712418143756e-07 -1.90513825806921e-06 6.86435419297301e-03 -4.18755623691748e-02 3.77091490196901e-03 -1.61172737853480e-04 3.10387137564774e-04 3.39840513568487e-06 -4.65278768563354e-04 -1.33512017910767e-04 1.83911986904298e-05 6.95063989803447e-05 7.25844280341708e-07 2.82705735489449e-05 3.92762394391693e-07 -2.03882460174813e-05 -3.64774992060939e-03 2.20521406500216e-02 -1.89872432844578e-03 7.59695039510049e-05 -1.29783488266846e-04 -2.69320839231832e-04 2.38365173189637e-04 -8.70408257243939e-04 -4.21285443065528e-04 -2.95090464361073e-05 7.09072783010514e-05 1.16307406210689e-04 -5.60574924406502e-05 8.21511109849564e-05 -3.39483329966181e-03 2.07061899551434e-02 -1.79613089000129e-03 7.51718424584173e-05 -1.39053669416653e-04 2.57023946790983e-04 2.09843963198068e-04 -8.97320731440918e-04 4.66814260893069e-04 -3.65207875451997e-05 -7.75166308635253e-05 1.20481841435426e-04 5.60704710221682e-05 8.52785823853245e-05 -1.88529149568212e-04 1.50371736856317e-04 -7.76764466955437e-04 3.42230064938734e-04 -5.78851328367018e-05 2.48239292216552e-03 -2.31485422055243e-05 5.34659203046404e-04 -5.91938097830303e-03 9.87377512606709e-05 -2.41000922868766e-04 1.84738097320425e-03 -6.31903232265864e-05 4.64111547059086e-04 5.13538304626307e-06 -4.00304635947480e-05 -1.78091781264781e-05 -6.85585003403142e-05 7.14371199665906e-04 -2.11049356516360e-05 2.16034930084261e-04 -8.60153230085526e-06 2.76021236270921e-05 -7.55050725020972e-06 7.90033592676065e-07 -4.37144486546935e-06 5.84473260353943e-06 -2.16147820149666e-05 1.78699629616723e-05 2.11234504459615e-05
 -2.30710189165830e-05 -1.56799182561094e-05 4.42363420754099e-04 -1.71605438330088e-04 1.19715741246283e-04 -5.75635862916720e-05 4.92241063634648e-03 -6.77580308288663e-04 6.36847709126094e-04 -3.92690834343112e-02 3.04078480101993e-04 -1.05098685409090e-04 7.92452032927684e-03 -1.12301936263500e-05 1.48991210662687e-03 -2.13562743380078e-06 6.82465099698234e-04 -5.19062922724945e-05 -1.26863123801925e-05 1.69210427050517e-03 -3.77610299765109e-05 2.05521763134712e-04 -8.88135222681510e-06 -4.49649451287978e-06 -2.84324339762934e-04 -8.59068337255033e-06 -7.27271447668546e-05 1.35810336843609e-06 9.98990405658458e-05 1.04533287193155e-05 7.44643097832150e-05 -8.12143119787355e-04 5.31789920301546e-04 -6.50364775321922e-06 4.45525269924358e-06 -3.76526165982641e-04 3.26463744085561e-05 1.61506128277540e-05 -8.57009794569348e-04 -1.10223174629035e-06 -1.10622838121160e-05 -3.00017079231754e-06 1.31098887138233e-04 3.37976230180829e-06 -2.24798914171934e-04 1.17898810328581e-03 -4.47510085728024e-05 -3.60809498297932e-06 -1.39400689062976e-05 -2.87470315737271e-04 -3.94273661033891e-06 4.56906300839003e-06 -1.13938779546228e-03 1.52379010776736e-06 1.90068532205555e-04 -2.97709259238676e-06 -6.40076046654317e-05 -3.60205207331498e-06 5.97899774665235e-03 -3.65146964290639e-02 3.36471210176381e-03 -1.44236908593593e-04 -2.57725724084352e-04 1.61300363886847e-04 -4.15806640537042e-04 -4.18271409584008e-04 -3.78011792149817e-04 -5.97821651115269e-05 5.73364481548604e-05 7.92148083843093e-05 3.95809721773957e-05 1.38491075590789e-05 -6.03510304120502e-03 3.67595219856787e-02 -3.16518600033960e-03 1.35587089572369e-04 2.65594287849216e-04 1.67140295368209e-04 3.71705447100168e-04 4.67372817292081e-04 -3.77629115830968e-04 5.79087137806667e-05 5.87952608350413e-05 -7.80353895777116e-05 3.25790308996838e-05 -1.91074023863201e-05 -2.95794286029390e-04 1.74329050124633e-04 -1.26615567669586e-03 5.64903014524242e-04 -1.48417374199038e-04 -3.82138068786454e-05 2.55639297253346e-03 1.00953524881380e-03 9.78507214324412e-05 -6.02705010666490e-03 -4.31599508769354e-04 -6.31903232265864e-05 1.86107480436556e-03 -1.85897770553382e-05 -5.84170098007025e-05 4.52871207634931e-05 4.63459544283032e-04 -6.20557812115064e-05 7.75246835339622e-06 1.73581522750180e-04 5.59563218834255e-05 7.15036825601836e-04 -1.52558612691529e-04 3.66283074201407e-06 -3.60610849066545e-06 -1.17060692688095e-06 -5.86534826483073e-06 -3.51792281686893e-05 -6.52174751590161e-07 5.31285665579285e-05
 -1.96047333285629e-05 -4.70551800134678e-06 1.25880031047248e-04 -4.31322935257055e-05 8.35867893328891e-06 1.23081977544432e-03 -2.44176676817161e-05 -9.54436788054556e-05 -9.83008116845328e-03 2.34530606852428e-04 4.22422013743268e-05 1.99079306858160e-03 -5.54824588691864e-05 1.69408109210259e-04 -9.93919793111806e-06 3.27917393309294e-04 -3.87666221183700e-06 1.81005112325410e-04 5.38255262489008e-05 -1.12578476838085e-05 3.68123905936745e-04 -4.44697679428507e-06 2.09091570192851e-04 2.96652559439492e-05 2.30366920410315e-06 -1.03041059630875e-05 -1.92654698061086e-06 -5.64309519746488e-05 -2.03389489525139e-06 -4.27934548102750e-05 1.28277486636616e-05 -7.93927640879386e-05 5.60430652909539e-05 -1.90724583313220e-06 -9.39035278432045e-05 1.83960581896128e-06 2.59083549871581e-06 -2.14911814705499e-04 5.50428969751663e-06 3.22096339368104e-05 1.53790312411011e-07 -3.53623028777128e-06 -4.27952894376687e-07 -1.62525275497015e-07 1.71956853060857e-03 -1.04957988686765e-02 9.40841823118459e-04 -4.02114612756168e-05 7.73561962027641e-05 1.27371216036859e-06 -1.17104237055973e-04 -3.30358151537095e-05 6.28475484481621e-06 1.74779921047081e-05 -9.17311423346788e-08 7.08967423631092e-06 1.93036458642500e-07 -5.13355172053194e-06 -9.29942376723505e-04 5.61637535786233e-03 -4.88311791040888e-04 1.95576671795117e-05 -3.19100573348130e-05 -6.84206244743909e-05 6.02268446192481e-05 -2.18282868912704e-04 -1.04812987641370e-04 -7.33891168894168e-06 1.77124875363999e-05 2.91142605208099e-05 -1.41189342890822e-05 2.06154508782554e-05 -8.48853653431917e-04 5.17123509795642e-03 -4.52917634015411e-04 1.89479958511900e-05 -3.50054059945202e-05 6.48492686583790e-05 5.19094805556432e-05 -2.26327463547437e-04 1.17362933457232e-04 -9.26947786188987e-06 -1.95348383652213e-05 3.03847166641535e-05 1.40142385204203e-05 2.14470697487941e-05 6.53587653447754e-05 2.60531735808509e-05 -1.63195309247601e-04 7.08457578746835e-05 -1.60421501109801e-05 6.23620517840504e-04 -9.51215681211731e-06 1.23754545678436e-04 -1.48696799498764e-03 3.35931255154742e-05 -5.56171103436193e-05 4.64111547059086e-04 -1.85897770553382e-05 1.16610696950555e-04 1.36508358571890e-06 -1.02758684010179e-05 -5.13459776900700e-06 -1.68558690904756e-05 1.79401935776475e-04 -5.53592068113957e-06 5.26537920703738e-05 -3.21190763895352e-06 9.81656656461093e-06 -1.92267561134079e-06 2.05157264679685e-07 -1.18745163876295e-06 1.47714581110977e-06 -4.73682392328991e-06 4.48818225248072e-06 4.40578892399501e-06
 3.24995834218491e-06 3.99521879670465e-06 -1.02898220285430e-04 2.79569725663336e-05 3.17409915778411e-06 1.01006772169498e-05 -1.54530915887201e-04 -4.08556794443327e-05 -8.61309033353312e-05 1.23263364950874e-03 6.98911184034129e-06 1.67550180168872e-05 -2.48780470332720e-04 1.49165403489620e-06 -4.67841820361242e-05 3.90769777092689e-06 -2.14072178995740e-05 1.37320570245031e-08 7.79825073864365e-07 -5.31002553100606e-05 4.84315194450518e-06 -6.45351852044932e-06 -4.42738354675499e-07 5.77581280893066e-07 8.94048071323967e-06 1.14481627166982e-06 2.26091507263041e-06 2.55829703010639e-07 -3.14459024311367e-06 -1.49117017953632e-06 2.02614211048211e-05 -1.13939937758897e-04 2.72822290531850e-05 1.89215699537765e-06 -7.74164023032641e-07 1.18143295593643e-05 -6.27224600591163e-06 -1.93366757178068e-06 2.68947616421709e-05 2.55794491993205e-07 3.40604012131704e-07 4.74579492739782e-07 -4.11078626068074e-06 -7.94095011192719e-07 2.38494828769243e-05 -1.26088557190584e-04 1.85492911909822e-05 -9.36528246992184e-07 1.80746398450609e-06 9.01821387264386e-06 -1.59376426239573e-06 -1.67658083271997e-06 3.57663294308885e-05 2.54213127278072e-07 -5.96512712704113e-06 2.02845138073588e-07 2.00534426517393e-06 -2.74037588222907e-08 -1.88377101113701e-04 1.16405342755582e-03 -9.78940667332063e-05 3.87801590525000e-06 7.43889393960617e-06 -4.78908778811192e-06 1.25278423787643e-05 1.23313549001700e-05 9.99773688080969e-06 1.74047598327557e-06 -1.68906269219085e-06 -2.23445415544502e-06 -1.17809131657103e-06 -3.98147014351348e-07 1.88730302041117e-04 -1.13600820961592e-03 1.07044685690889e-04 -4.89799481477882e-06 -8.97927194472269e-06 -5.52314736020020e-06 -1.22240898377507e-05 -1.55232014659750e-05 1.37420438576195e-05 -1.96420430274985e-06 -1.98049680315121e-06 2.71872469671152e-06 -1.07193229616647e-06 6.39022289602661e-07 -6.24558956166627e-05 9.69338373973370e-06 -4.44859068384293e-05 2.65551021155341e-05 -2.50926983266716e-05 5.38239625684191e-06 -8.01829229918455e-05 5.22187232669103e-05 -1.31859446829485e-05 1.88996622949399e-04 -2.05628899806292e-05 5.13538304626307e-06 -5.84170098007025e-05 1.36508358571890e-06 1.85735611060897e-06 6.44009950184159e-07 -1.45903281059591e-05 -1.91648200908537e-06 9.80399260301079e-07 -5.54126380699690e-06 1.48328325211335e-06 -2.24531136754734e-05 -1.94791879191433e-07 -8.22545619308092e-08 1.08355515970064e-07 2.33486558197406e-07 1.95062897723873e-07 -2.97869197935500e-07 5.38422215313328e-08 1.23329984425596e-07
 1.50339864049699e-03 3.71027476499788e-05 -1.64784438091660e-03 -9.95590874761230e-04 1.92549502172300e-03 -1.46474869732278e-04 5.23402701506065e-05 -1.66101881129436e-02 1.09007390475169e-03 -5.30921706038456e-04 3.55483689582841e-03 -2.19035474400573e-04 1.34707030517289e-04 -1.78955790239715e-05 1.96292289863692e-05 4.47030730340258e-04 1.05908601426190e-05 -8.54949448268401e-04 -1.72695897532863e-06 2.13567313268456e-05 4.59418385006710e-04 5.87136329997358e-07 -8.91305366239092e-04 -2.50722075415864e-05 -9.13300954617878e-08 -7.96747289204013e-05 -1.02691178346395e-06 9.54012750423084e-05 5.16712026340492e-07 -1.11302120393708e-04 3.49853430981774e-03 -2.64242427680981e-02 9.03363302504248e-03 9.36264559928994e-05 9.92397603210843e-06 -5.74561084261204e-06 -5.82514042735864e-04 2.85352721564792e-05 -8.68558146563603e-06 -2.32638050475372e-06 -1.55171698598973e-06 5.51884687626122e-05 1.07509789597659e-06 -9.27143155768135e-05 -8.29971907689290e-04 6.27065837308102e-03 2.49695262950848e-04 -1.30727804246010e-04 -2.23823355034347e-05 -4.63704220090918e-06 -3.89001592727620e-04 -1.71826590269832e-04 -1.35354870698840e-05 6.68977992409226e-05 2.18827941887061e-06 1.25677700962987e-05 -1.32490666306434e-06 -4.15301708901990e-05 -4.59442630930921e-04 4.02123598785560e-03 4.24812188057766e-04 -1.38129750629115e-04 6.20192518857259e-06 -3.05019465170729e-06 -4.13779625787822e-04 1.09256309399489e-04 -1.42114926623744e-04 -3.33508603346399e-05 -1.05567972201861e-05 2.20501983405411e-05 6.12432186495765e-05 -3.48801879835455e-05 -6.38597239260482e-04 5.03138272039091e-03 3.75191336169565e-04 -1.34594285491493e-04 1.50761169650859e-05 9.09886541218263e-06 -4.05678247163110e-04 1.15064938346436e-04 1.26575243954741e-04 -3.10897934223500e-05 1.04628946580975e-05 2.15131122154433e-05 -5.71666987544426e-05 -3.68870916320558e-05 7.15170585975937e-03 4.32351969081232e-04 -1.43426821081074e-02 7.93512489820753e-03 -8.93286560792432e-03 -5.47296311911110e-05 5.32121390621951e-05 2.14668161984606e-02 1.20541141183200e-04 -1.43420186534184e-04 -8.61746749860820e-03 -4.00304635947480e-05 4.52871207634931e-05 -1.02758684010179e-05 6.44009950184159e-07 5.68712662699435e-04 3.76489589216861e-06 -9.96709350773714e-04 -2.25194356644275e-05 -9.64541058263358e-06 4.20506006593944e-04 2.49310449534727e-06 -7.49985033939604e-04 5.33665041806182e-06 -1.61425072986959e-06 2.40268364443427e-05 2.80969470711815e-07 -2.38770570569554e-04 1.56615622428335e-07 3.07692278516903e-04
 -1.45658516577964e-05 -4.43838172847072e-06 1.22161653971713e-04 -6.37424144188659e-05 -4.51342248986031e-06 -1.91142596464107e-05 1.22671967996740e-03 8.47754124490765e-05 1.98305295792082e-04 -9.78507767470614e-03 8.24195605325575e-06 -3.42140267853966e-05 1.97422514619638e-03 -3.49715193891197e-06 3.71271888137346e-04 -9.40579297087379e-06 1.70039914012700e-04 -6.27575032045796e-07 -3.43883861867474e-06 4.21688338366223e-04 -1.66302298217580e-05 5.12595482632039e-05 6.86732732762704e-06 -8.67596936798552e-07 -7.09097779440311e-05 -7.05281934707935e-07 -1.81080289196799e-05 -3.52554087052139e-07 2.49132974318970e-05 3.98099048899808e-06 -3.45729019330371e-05 1.92034827206395e-04 2.72028652953050e-05 -3.00653533444269e-06 1.49832556363830e-06 -9.38123643803526e-05 1.70484532281770e-05 4.80875959955775e-06 -2.13582896494760e-04 -4.28283333550312e-07 -2.73056056893879e-06 -1.58888718701006e-06 3.26774945978213e-05 2.29124094884546e-06 -5.10940136835826e-05 2.49189363518773e-04 -1.47767464868173e-05 1.25050371206251e-06 -3.33827287016557e-06 -7.16177160638670e-05 5.31820544544683e-06 3.87858310164301e-06 -2.83939384976693e-04 -7.03471474352155e-07 4.73600057570002e-05 -9.43777206458873e-07 -1.59415149443949e-05 -1.99767083811671e-07 1.50539652531466e-03 -9.20753309570195e-03 8.40930217894832e-04 -3.40456292828700e-05 -6.42951741349058e-05 4.08622371177471e-05 -9.79965284430854e-05 -1.04666828903115e-04 -9.15736836374891e-05 -1.43732310840140e-05 1.43912446908094e-05 1.92233730125064e-05 9.04687619594975e-06 3.86945469877970e-06 -1.48814518399656e-03 9.05071710870584e-03 -7.86821100808559e-04 3.56791584953260e-05 6.60784901662967e-05 4.09637588465088e-05 9.82845223084981e-05 1.16115962294267e-04 -9.67022551980471e-05 1.49485300357451e-05 1.45734486836514e-05 -1.99852747801422e-05 8.88493704951706e-06 -4.32236453679349e-06 8.01114896523747e-05 2.82640451966023e-05 -9.45883727266481e-05 2.30918645478562e-05 7.54915308747380e-05 -1.22220887447252e-05 6.36756695090188e-04 -4.57119436575086e-05 3.10391591787703e-05 -1.50089540092413e-03 1.40279716762047e-05 -1.78091781264781e-05 4.63459544283032e-04 -5.13459776900700e-06 -1.45903281059591e-05 3.76489589216861e-06 1.15550115220997e-04 -2.05899409517932e-06 1.24665738226405e-06 4.34633653597926e-05 5.25880996218751e-06 1.78263393263656e-04 -2.32269519779258e-05 8.52585136827137e-07 -8.73357309927409e-07 -6.07258782725183e-07 -1.47379509181472e-06 -4.15543681115071e-06 -1.92625403331293e-07 7.31244888091188e-06
 -2.60117486886174e-03 -5.78292344485059e-05 2.69824464184750e-03 1.75537096725994e-03 -3.40225551691023e-03 -1.09806704402378e-04 -5.25970151606071e-05 2.92858054037706e-02 1.01983421166302e-03 6.06996317408241e-04 -6.28853374431558e-03 -2.09292282763587e-04 -1.68815796713004e-04 -1.91571862557926e-05 -2.18246705286955e-05 -8.86046822300604e-04 -1.29881340078768e-05 1.45269152811583e-03 -1.31026298110622e-05 -2.30523678241821e-05 -9.17716244285727e-04 1.68969598325710e-06 1.50431793503900e-03 3.59101655549468e-05 -2.40232238709373e-06 1.45857337048685e-04 1.89704890912410e-06 -1.49876942428701e-04 3.62024175466461e-07 2.07229308941935e-04 -6.14914726351418e-03 4.64814574561405e-02 -1.58570703512382e-02 -1.61956208788185e-04 1.05959786590166e-05 7.09446967567926e-06 1.02027748101675e-03 1.40113234138053e-05 8.00610991160088e-06 -5.53720995177336e-06 2.61912894373963e-06 -9.58482870250029e-05 -8.93267274621763e-07 1.62824612239642e-04 9.63877929229110e-04 -7.98587198032617e-03 -6.95349629395311e-04 2.41671748935569e-04 1.82201851128216e-05 5.89941275908640e-06 7.20740879350366e-04 3.11414352141820e-04 1.44702449805228e-05 -1.23128056490147e-04 -2.58852200995473e-06 -2.41995034332016e-05 1.85372122961062e-06 7.48308988690587e-05 1.14357242235460e-03 -9.08338183845419e-03 -5.54195915162374e-04 2.35932546962382e-04 -4.07765643426145e-06 2.85777879749834e-05 7.08778136758692e-04 -1.29372659758667e-04 2.78076431592749e-04 6.05945500447579e-05 1.37920559456502e-05 -4.71370634907760e-05 -1.03472395437310e-04 5.54207290234718e-05 1.35582768741544e-03 -1.02481175014462e-02 -5.20659083793881e-04 2.31728650616509e-04 -1.53415473047404e-05 -3.60013117668326e-05 7.02157748447478e-04 -1.31417556014228e-04 -2.59478526138375e-04 5.79524793091429e-05 -1.23439920100439e-05 -4.75859011013694e-05 9.67990996240894e-05 5.84982069737588e-05 -1.23778654068138e-02 -7.58030568323547e-04 2.52562117352358e-02 -1.39649366186273e-02 1.57087264671299e-02 -9.01628922781887e-05 -7.40633357343624e-05 -3.77922840079223e-02 2.32488713089473e-04 2.03039804959409e-04 1.51754567509503e-02 -6.85585003403142e-05 -6.20557812115064e-05 -1.68558690904756e-05 -1.91648200908537e-06 -9.96709350773714e-04 -2.05899409517932e-06 1.75737673534720e-03 -1.38210671594028e-05 1.97608745110287e-05 -7.56944900186854e-04 1.26804747489275e-06 1.31864468878567e-03 -8.74029514745898e-06 2.76194657919416e-06 -4.17036433506760e-05 -9.73693271448616e-07 4.22455556656063e-04 -1.62244392948513e-06 -5.43839810239415e-04
 -3.60942253046237e-06 1.48890405284693e-05 -3.57540082776443e-04 5.10089860575887e-05 -3.11715877269220e-05 1.89815502579847e-03 6.02195732888695e-05 1.35101068692693e-04 -1.51515796782303e-02 -4.17832585340867e-04 1.25562152155674e-06 3.06936583486458e-03 7.06671251772510e-05 2.61063171379984e-04 1.42101891207544e-05 4.95795989678295e-04 7.61185965272634e-06 2.95405842954428e-04 8.27388725372485e-05 1.64825892173166e-05 5.57674268220847e-04 -2.55084154442027e-06 3.38183496745934e-04 4.82757756590342e-05 -2.17635651726071e-06 -5.94788830909972e-06 -4.44415265085130e-06 -8.53545651565247e-05 -1.10625816505423e-06 -6.79116640127536e-05 2.37150313487106e-05 3.65996049500092e-05 7.29304106873855e-05 4.40674206565031e-06 -1.44761393326954e-04 -4.62396809887740e-06 -5.56447727983043e-06 -3.31302980289875e-04 -8.68207174481679e-06 4.96328617259327e-05 3.87043878226505e-08 -5.15898169218856e-06 1.98755264959477e-06 -8.04599271625457e-07 2.71471048150886e-03 -1.65290747867138e-02 1.51958974072673e-03 -6.17247200360344e-05 1.25839523519421e-04 -3.72341251840956e-06 -1.70492852058029e-04 -5.21426921758452e-05 -1.29703435115989e-05 2.53749256395365e-05 3.60040248520096e-06 1.07984340391839e-05 -9.70062397580297e-07 -6.81045285110681e-06 -1.24852371504679e-03 7.57751606639873e-03 -6.15740094902474e-04 2.76643147397265e-05 -5.77027278494722e-05 -9.64933542590459e-05 9.50356746819633e-05 -3.44269209402208e-04 -1.70555022978785e-04 -1.16866116837738e-05 2.88782722095941e-05 4.57354048133403e-05 -2.23925330762795e-05 3.27951075303738e-05 -1.36188906022388e-03 8.34497740396997e-03 -6.92583901274367e-04 3.22877775773677e-05 -5.21085892124236e-05 9.74988631185769e-05 9.78892369586015e-05 -3.39085210382651e-04 1.74840691296738e-04 -1.23682545517244e-05 -2.94291622713183e-05 4.46083910191255e-05 2.36162847900729e-05 3.34766937437787e-05 -1.49080784233773e-04 1.07965176844099e-04 -2.20267951360554e-04 8.38279069526152e-05 1.04615272280841e-04 9.60623823577529e-04 3.55523844780662e-05 -8.25886534636738e-05 -2.29077289655197e-03 -6.64083732329166e-05 2.54649168302291e-05 7.14371199665906e-04 7.75246835339622e-06 1.79401935776475e-04 9.80399260301079e-07 -2.25194356644275e-05 1.24665738226405e-06 -1.38210671594028e-05 2.77123970184860e-04 -4.97666250583805e-06 7.94814790187019e-05 9.41021101813658e-06 1.71473905567736e-05 -2.78461140630249e-06 2.74936433311047e-07 -1.40980352130883e-06 2.15138061297635e-06 -5.05679504057567e-06 6.90000833973944e-06 4.04037197273290e-06
 -3.56061374528948e-06 -3.88458376579564e-06 1.13941576656524e-04 -2.96611345460277e-05 -4.39466914217439e-05 -4.45931821824302e-05 4.60022920136605e-04 3.80444624823670e-04 3.74873476534792e-04 -3.66844901943268e-03 -7.90310870489161e-05 -7.37438993406789e-05 7.39862403573629e-04 -6.50820505745282e-06 1.39238894970128e-04 -2.35976532719546e-05 6.37110107457010e-05 1.15824165128978e-05 -3.02411792138904e-06 1.58154004499281e-04 -2.67912529755947e-05 1.93516407681278e-05 1.23495106945013e-05 -9.28064935249910e-07 -2.66802930282368e-05 1.14735182107835e-06 -6.70799688216793e-06 -2.66130445215531e-07 9.40263455248111e-06 5.22160774980543e-06 -9.10279043617964e-05 6.41519515020835e-04 -1.71488885190802e-04 -3.71539829928878e-06 3.44400303146194e-06 -3.51445479957652e-05 2.01804325888232e-05 8.26970973929211e-06 -8.01309896996918e-05 -1.17289502680115e-06 -9.94512144699208e-07 -1.72828047022981e-06 1.22523380975333e-05 2.96474212337773e-06 -6.16501085475584e-05 3.23424460759590e-04 -4.43785954696528e-05 4.62468895504132e-06 -3.70283130898445e-06 -2.68196565727311e-05 1.35034167681301e-05 6.53995290714115e-06 -1.06470683250267e-04 -2.17713662253177e-06 1.77310380699181e-05 -8.35331072435998e-07 -5.96047224106853e-06 9.58943346653714e-07 6.01786166002754e-04 -3.70800034385070e-03 3.20000572041530e-04 -1.04313155010217e-05 -2.30204965203357e-05 1.73243785176175e-05 -3.05793359650281e-05 -3.45897135915395e-05 -2.75899195203823e-05 -4.48660784356581e-06 5.04960158006478e-06 5.79693349853132e-06 2.63073497515145e-06 1.49403606563811e-06 -5.20470661128483e-04 3.13693131501194e-03 -2.90879883345360e-04 1.56784084683123e-05 2.58175441893260e-05 1.33702267492753e-05 4.31731744510324e-05 4.84041540610923e-05 -4.31446897745927e-05 6.53423161602417e-06 5.88454324406112e-06 -8.94964767052499e-06 4.01608928779167e-06 -1.56756878565167e-06 3.35647545302436e-05 -9.65232907561522e-06 2.84067974985375e-04 -1.64619269291593e-04 2.03365021793136e-04 -2.39012227576093e-05 2.38197603959713e-04 -4.56956608800369e-04 5.79875681062167e-05 -5.61363262710828e-04 1.83070831139288e-04 -2.11049356516360e-05 1.73581522750180e-04 -5.53592068113957e-06 -5.54126380699690e-06 -9.64541058263358e-06 4.34633653597926e-05 1.97608745110287e-05 -4.97666250583805e-06 1.67007017076583e-05 -9.93154543789628e-06 6.69353188899023e-05 9.04142678339262e-06 2.61849920890052e-07 -2.99787198137126e-07 -7.32442383469347e-07 -6.06584811610533e-07 4.17783924159517e-06 -2.24148535455821e-07 -4.58993238812174e-06
 1.34183796660401e-03 2.09356275409297e-04 -4.81065131266376e-03 2.94743302145676e-03 2.00713275735256e-03 5.39240932462528e-04 1.04326468462997e-04 -1.45539213601454e-02 -4.37031790019839e-03 -8.89845423842649e-04 4.18108376989933e-03 8.88428435714299e-04 1.97544083472067e-04 7.60336646913553e-05 3.22161662320845e-05 5.72865093967249e-04 1.68510783229801e-05 -6.57462816832340e-04 2.72913958490069e-05 3.64280292493892e-05 4.37722669614944e-04 2.72843881387463e-06 -3.85025491065264e-04 7.54840952034654e-06 -2.84263480444143e-06 -2.30784422277105e-05 -3.23209343138850e-06 4.05347741921571e-05 1.04369932877343e-06 -1.04442103900776e-04 3.53063175019357e-03 -2.46467110847533e-02 6.23845778273259e-03 1.47032487881313e-04 -4.24066926509101e-05 -9.16590159290745e-06 -6.62639370321369e-04 -9.06332030275988e-05 -1.86323935123037e-05 1.57610943904064e-05 -1.88552706508767e-06 5.83473995438733e-05 2.67722944536804e-06 -1.01739941620897e-04 4.42187174860088e-04 -1.50701251234504e-03 8.35035718804736e-04 -1.45342139666003e-04 5.19569955688542e-05 -7.39002669665654e-06 -3.55530822223925e-04 -1.92020002687550e-04 -2.44731454718411e-05 6.19326339394403e-05 4.35748391452693e-06 1.36493557184677e-05 -1.98450826774590e-06 -3.84071226671924e-05 -5.84332971382645e-04 4.73658965729250e-03 2.64941902695491e-04 -1.21261941639919e-04 -3.03219690548093e-05 -1.18823944746552e-05 -2.87270058779370e-04 -1.66692950874118e-05 -2.06975985313026e-04 -3.08345770080875e-05 5.47623141145317e-07 3.56661607897978e-05 4.12563006694583e-05 -1.81279509686993e-05 -8.61823767599128e-04 6.40607439508463e-03 1.45389827243101e-04 -1.14563323550341e-04 -1.68190469408491e-05 1.99602483607612e-05 -2.72716199808255e-04 -3.22466709167112e-06 1.90232395712941e-04 -2.83751582738786e-05 -1.54696274706394e-07 3.40946973733266e-05 -3.66828562525911e-05 -1.97045376505377e-05 -1.67055793757858e-02 1.64692022115323e-03 -1.42734476072441e-02 7.46910918341246e-03 -6.02139908689850e-03 2.84205588258970e-04 6.99269149174694e-05 1.69498526079711e-02 -6.96108093431468e-04 -1.86805205988457e-04 -6.97849956861343e-03 2.16034930084261e-04 5.59563218834255e-05 5.26537920703738e-05 1.48328325211335e-06 4.20506006593944e-04 5.25880996218751e-06 -7.56944900186854e-04 7.94814790187019e-05 -9.93154543789628e-06 5.99516308806070e-04 1.19315495347801e-05 -1.00413552650747e-03 4.36511718636504e-06 -1.53093795769591e-06 2.31968050612926e-05 8.26350292114921e-07 -3.01317116850164e-04 2.73956770100783e-06 3.87005569984006e-04
 -7.78078611039215e-06 6.45146439876655e-06 -1.36204652762086e-04 -4.76818146139153e-06 -2.21941562050752e-05 2.12651622704508e-05 1.89425405882876e-03 2.31815429519120e-04 -9.70562222810251e-05 -1.51075975654394e-02 -1.80215668201368e-06 2.90636129145548e-05 3.04725849944712e-03 1.52635824583621e-06 5.73153664965774e-04 -4.81654252066917e-06 2.62567457940635e-04 1.28740286173518e-05 -3.11464052854633e-06 6.51144508728193e-04 -1.55132264204951e-05 7.91378500665716e-05 2.74092025043651e-05 1.29753060362917e-06 -1.09489126646441e-04 4.02262749349023e-06 -2.80727683023779e-05 -1.82689084429526e-06 3.84304150790200e-05 3.08455365828407e-06 -3.67237874126928e-05 2.91375932577690e-04 4.35634307599363e-05 8.75176771173472e-08 -1.53758760432677e-06 -1.44851233709715e-04 1.78875927714192e-05 -1.41822572090493e-06 -3.29835860227668e-04 6.49767050366156e-07 -4.20953896407399e-06 -2.13814900738643e-06 5.04894056297933e-05 2.73983543040457e-06 2.67384281952616e-05 -2.31514795399539e-04 5.40399623145842e-05 -1.44007367184639e-08 1.80240025629217e-06 -1.10584104933295e-04 7.99575927787956e-06 3.20259169535278e-06 -4.38425426884379e-04 -1.06364507358314e-06 7.31449272697701e-05 -1.17945935801096e-06 -2.46207299083964e-05 -2.37716780422005e-08 2.32309070378405e-03 -1.41803139168859e-02 1.31821016361104e-03 -5.20983818879140e-05 -1.02518814725401e-04 6.35835523825561e-05 -1.44266727868638e-04 -1.69865966014775e-04 -1.47143016144010e-04 -2.21488497348996e-05 2.31425606387070e-05 3.05708055789754e-05 1.27969466813763e-05 7.10927765091194e-06 -2.29835720647804e-03 1.40087750003928e-02 -1.19595270520286e-03 5.56003201780742e-05 9.87670614486024e-05 6.26872506990208e-05 1.58656740504719e-04 1.70885167206761e-04 -1.43259972318804e-04 2.30513542510163e-05 2.15002058605207e-05 -2.99244604035280e-05 1.48872606277571e-05 -5.48735018370298e-06 -1.89949066292854e-04 9.12265060699365e-05 -1.81605813542721e-04 4.79000066158937e-05 1.74634211403613e-04 6.36951318687163e-06 9.83066227670383e-04 -1.71573194573684e-04 -1.25788341178975e-05 -2.31678731998100e-03 6.14371997561027e-05 -8.60153230085526e-06 7.15036825601836e-04 -3.21190763895352e-06 -2.24531136754734e-05 2.49310449534727e-06 1.78263393263656e-04 1.26804747489275e-06 9.41021101813658e-06 6.69353188899023e-05 1.19315495347801e-05 2.75352144812422e-04 -3.83237043254229e-05 1.31698633597389e-06 -1.33145029773128e-06 -6.54735996142780e-07 -2.22165210231713e-06 -6.61252182898836e-06 -1.15378186246227e-07 1.14648481636686e-05
 -2.32609820158239e-03 -3.65358851534140e-04 8.42096372895277e-03 -5.12706602215247e-03 -3.51780194111151e-03 1.30240321967351e-04 -3.05016053943943e-04 2.55079738760572e-02 -9.31505026349348e-04 2.56959625413768e-03 -7.29744219179672e-03 1.82352756416287e-04 -5.57365697197519e-04 1.47925038247133e-05 -9.57053697982101e-05 -7.19934185709398e-04 -4.69102141403522e-05 1.31492546411134e-03 -6.20249193051972e-07 -1.08340664982146e-04 -4.49686794401307e-04 -1.28216308762849e-05 8.65205757090080e-04 1.32864989923788e-05 1.28073096936647e-05 3.37093102381337e-05 5.46809457295092e-06 -1.20496380327728e-04 -5.64022813179769e-06 1.45738624373294e-04 -6.17871423962771e-03 4.31979032870658e-02 -1.09422899236011e-02 -2.57629741712630e-04 -7.71189081473588e-06 2.53972282619576e-05 1.16098220783096e-03 -2.90329935899302e-05 5.49809975692219e-05 5.05063420894554e-07 3.66407114954562e-06 -1.05167488213573e-04 -7.74562723714917e-06 1.77894696241738e-04 7.42334579899099e-04 -6.61359166809226e-03 -6.32972909209599e-04 2.19912630083413e-04 -2.20415138065725e-05 1.99634388346048e-05 5.23694064113916e-04 3.07681846292597e-04 7.17356285667716e-05 -9.37411438486753e-05 -1.16210709309349e-05 -1.77169174312241e-05 4.96010513015588e-06 6.31636524498636e-05 1.02267517695964e-04 -2.72337387773094e-03 -9.50548211410104e-04 2.32746443436686e-04 2.99747792989378e-05 -4.11259648996912e-05 5.67258826624687e-04 -1.52706130212729e-04 2.79062559410744e-04 4.90727888012009e-05 1.33960152640789e-05 -3.88882152744813e-05 -8.57978846024088e-05 4.96484709158380e-05 9.05881371535195e-04 -7.54075380832818e-03 -5.76545407345946e-04 2.14736089368415e-04 -7.13039834475721e-06 1.71132947914955e-05 5.18367775166834e-04 -2.01431809283617e-04 -2.23251712038843e-04 4.06563706900001e-05 -1.80600743058490e-05 -3.17920707724131e-05 7.61996304450465e-05 5.38250895017895e-05 2.89590944178273e-02 -2.84275386625439e-03 2.49126133911860e-02 -1.30542721817138e-02 1.06028359081897e-02 4.66762870104574e-05 -1.83496979848732e-04 -2.97260600922846e-02 -7.92750211550367e-05 4.80696767406789e-04 1.22315001897929e-02 2.76021236270921e-05 -1.52558612691529e-04 9.81656656461093e-06 -1.94791879191433e-07 -7.49985033939604e-04 -2.32269519779258e-05 1.31864468878567e-03 1.71473905567736e-05 9.04142678339262e-06 -1.00413552650747e-03 -3.83237043254229e-05 1.76848221841607e-03 -9.39230670098462e-06 2.94017703537735e-06 -4.16289418800797e-05 -4.35043411779426e-08 5.24197569772327e-04 -8.71416213684797e-07 -6.74901653085378e-04
 -4.71334967241755e-05 1.32927676705489e-05 -3.57118887275057e-04 4.96502803427662e-05 4.84577953617047e-06 -1.96767186230648e-05 9.09223202701759e-06 -1.04305135694497e-04 1.58776192021809e-04 -7.43852052371803e-05 1.69011507568299e-05 -3.18628145172076e-05 1.49571551347732e-05 -2.74899636180879e-06 2.81089014704115e-06 -3.08368873739396e-06 1.33856085604170e-06 -6.80373904069084e-06 -8.35259234034017e-07 3.35116691221210e-06 -2.97325914546719e-06 5.34079508448599e-07 -8.91385784077221e-06 6.85176545917313e-07 -5.38313895464403e-07 4.76807136389636e-06 -1.20442978988727e-07 3.42313188309776e-06 2.21924686810459e-07 -2.53315714241936e-06 6.00128090585109e-05 -3.38485291258769e-04 1.39308965519732e-04 6.01985676011094e-06 1.51146234356226e-06 -7.10495260158623e-07 -1.61566701732822e-05 3.50005261457472e-06 -1.66920456584389e-06 -5.18213714704676e-07 -3.20850218736845e-08 1.13429124912102e-06 2.57308832087916e-07 -1.83264576277014e-06 1.03464107151058e-06 4.43003214221067e-05 3.18615244956998e-05 -1.40373609183221e-06 2.51327411636676e-06 -5.39825578859559e-07 1.20867080961166e-06 -3.53819001760220e-06 -2.14670016436495e-06 -7.83691834199412e-08 3.20583361956620e-07 3.53962096619531e-08 -1.24307669238648e-07 2.28265730220578e-08 5.51468381301610e-05 -2.81864040532243e-04 6.14385847223402e-05 -2.61116224726541e-06 -1.83764551178412e-06 4.63417811179778e-06 -2.28613443247405e-06 4.90916487568389e-06 -2.62857368842093e-06 -6.46803451218755e-08 -1.27298340604382e-07 -3.28682056856823e-07 4.64282946832947e-07 -4.43633362713404e-07 3.19796433266074e-05 -1.42968384928556e-04 4.87007433776287e-05 -2.09431922847044e-06 -8.28060265781853e-07 -3.96461992810080e-06 -7.58803549718468e-07 6.52270223765279e-06 9.38034853664653e-07 1.63343770022764e-07 3.07643443327091e-07 -5.87408959495781e-07 -3.08037888937074e-07 -5.09757474470476e-07 7.02986967184859e-06 4.43947763242523e-05 -2.05359463437299e-04 1.11087932964950e-04 -7.40886818445254e-05 -1.01936226364948e-05 4.77362487208614e-06 1.88303209158466e-04 2.39369735278942e-05 -1.15880057748106e-05 -7.40866566657661e-05 -7.55050725020972e-06 3.66283074201407e-06 -1.92267561134079e-06 -8.22545619308092e-08 5.33665041806182e-06 8.52585136827137e-07 -8.74029514745898e-06 -2.78461140630249e-06 2.61849920890052e-07 4.36511718636504e-06 1.31698633597389e-06 -9.39230670098462e-06 1.88058431412363e-07 -1.76419052723713e-08 6.86918450621365e-07 -3.14852962849378e-08 -2.10898050359443e-06 -6.89498540778157e-08 2.74854682994974e-06
 -1.49797103940381e-06 6.59290678479088e-07 -1.68493879444595e-05 7.27758899655599e-07 -7.45158442682957e-06 2.05302084553580e-06 -9.28249454815573e-06 5.31057693640640e-05 -1.63236443775064e-05 7.43844383846336e-05 -1.40257290273009e-05 3.27309795981288e-06 -1.51320769314525e-05 2.77535499554401e-07 -2.82315019471718e-06 -1.08051916521601e-06 -1.29372594465670e-06 3.11657618409688e-06 9.51615576968781e-08 -3.19116438869170e-06 -6.33819510281756e-07 -3.80963341704369e-07 2.51944096469062e-06 2.01363661970164e-07 5.26767751992676e-07 5.63892336592380e-07 1.33986377535981e-07 -1.88975802386122e-07 -1.87445410846403e-07 4.77602735808300e-08 -8.90764309536492e-06 7.30095299716839e-05 -1.93258220417445e-05 2.13776642673471e-08 -1.50956692568691e-07 7.14520928204663e-07 1.09531469408507e-06 -3.77734263354351e-07 1.61352238253993e-06 4.65808128468630e-08 2.61700557205364e-08 -1.31480601341686e-07 -2.44374257795792e-07 2.15728591574190e-07 7.22424774334321e-06 -4.46685710604185e-05 3.80944407688459e-06 2.89515547441968e-07 4.41386664544533e-07 5.46542892329155e-07 1.13708686962821e-06 3.30862752614556e-07 2.15120954572182e-06 -1.98192952799084e-07 -3.58970237039003e-07 -1.53598506082564e-08 1.22246406765410e-07 1.50083099409459e-07 -8.50365456152724e-06 5.11393777786861e-05 -4.68637982310371e-06 6.43095573025624e-07 2.91963155039027e-07 -1.51873335269225e-07 2.19420675800338e-06 2.56929925926080e-07 8.69145976581908e-07 2.10574006821064e-07 -3.80986446611679e-08 -1.94861361879655e-07 -2.87830916060700e-07 1.12845993703808e-07 1.42988051853464e-05 -8.77334872936500e-05 7.51059472963470e-06 1.15378396136315e-07 -7.04486338678425e-07 -4.76501305946308e-07 7.04238018044897e-07 -1.41011227856115e-06 5.80019087159355e-07 -1.71288228316941e-08 -1.81351130763510e-07 1.00671227523587e-07 1.42125581618691e-07 1.81803322720401e-07 1.80105857544350e-05 -6.84125294426460e-07 4.07872665257074e-05 -2.17753002370053e-05 2.34048252594121e-05 9.79439116873013e-07 -4.88804705360452e-06 -6.09584931111239e-05 -2.32409903373314e-06 1.16126942360447e-05 2.49435276205313e-05 7.90033592676065e-07 -3.60610849066545e-06 2.05157264679685e-07 1.08355515970064e-07 -1.61425072986959e-06 -8.73357309927409e-07 2.76194657919416e-06 2.74936433311047e-07 -2.99787198137126e-07 -1.53093795769591e-06 -1.33145029773128e-06 2.94017703537735e-06 -1.76419052723713e-08 1.24289327562457e-08 -3.86248125305997e-08 1.18958547489461e-08 9.21227261075541e-07 5.77405772757470e-09 -1.20337682394841e-06
 -2.06682318807572e-04 5.77170361285621e-05 -1.55300078201029e-03 2.13460701559744e-04 2.73356399472685e-05 -1.11782320985728e-05 -4.41936813417674e-06 -5.09186563615536e-04 9.45161114924417e-05 2.92408905311565e-05 8.61456530431455e-05 -1.80720312481604e-05 -6.53207798708475e-06 -1.67862028702671e-06 -1.22328682914620e-06 7.93831402343922e-06 -2.92773949053302e-07 -2.10865067302447e-05 -2.75425794398418e-07 -7.01564544510981e-07 1.10695004746490e-05 2.74686681395506e-07 -2.88335526083885e-05 4.72162375870195e-06 2.61942020918851e-07 1.98971515779624e-05 -1.32420536202027e-08 1.17517562578128e-05 -2.19950332967830e-08 -1.40250247748618e-05 2.72726888934826e-04 -1.55723885071676e-03 6.32612539967810e-04 2.64202221098414e-05 8.92256963175448e-07 2.65467782969587e-07 -7.23348998565543e-05 2.18877990472661e-06 4.71436999033799e-07 -3.04890405283365e-07 -3.98328493111206e-08 4.92697868951587e-06 -3.96673591883332e-08 -8.31437379278869e-06 1.07398685377112e-04 -4.29820681913208e-04 1.96186585514470e-04 -8.93395726567865e-06 1.56259997258791e-05 2.05224249057025e-07 -3.07295354000444e-06 -1.80086543164708e-05 8.73638424664424e-07 9.24593707952625e-07 -2.51168342618101e-07 6.46809562235085e-07 2.14020579061821e-08 -3.24318091985061e-07 1.30061189463612e-04 -5.55326204889380e-04 2.09469415372725e-04 -9.37845057282975e-06 -7.65346140587283e-06 1.45886145793170e-05 -4.06871499567075e-06 1.21512519074100e-05 -1.49726335103197e-05 -3.17651344831334e-07 -1.99282059836353e-08 -2.78495990745305e-07 1.02636343536506e-06 -9.21198721755979e-07 1.37737208041059e-04 -6.09858110221674e-04 2.12645796964650e-04 -9.58093069092014e-06 -7.95575073598521e-06 -1.47188967158292e-05 -4.72668133265683e-06 1.10265054906792e-05 1.48769830456809e-05 -4.54977549452918e-07 -3.12338450852153e-07 3.38190247660427e-08 -9.64950454478002e-07 -8.79633145296141e-07 4.53759018888577e-05 1.95003190761358e-04 -9.39767186001122e-04 5.08676254621960e-04 -3.50315118994969e-04 -6.49348643149790e-06 -1.79635005621173e-06 8.87485288351132e-04 1.37846449017863e-05 3.39137137174107e-06 -3.49988974832818e-04 -4.37144486546935e-06 -1.17060692688095e-06 -1.18745163876295e-06 2.33486558197406e-07 2.40268364443427e-05 -6.07258782725183e-07 -4.17036433506760e-05 -1.40980352130883e-06 -7.32442383469347e-07 2.31968050612926e-05 -6.54735996142780e-07 -4.16289418800797e-05 6.86918450621365e-07 -3.86248125305997e-08 3.00233695146797e-06 4.05540683099351e-09 -1.00069172758707e-05 -2.23172922197994e-08 1.28589874791145e-05
 -5.86481349245587e-06 -2.70595941201027e-07 5.16468485250592e-06 -2.42927831988157e-06 1.81250572062035e-06 1.51143730406484e-05 -1.52833602775072e-05 -1.58592410743925e-05 -1.21378488705450e-04 1.22295452982414e-04 3.17673661240158e-06 2.45057563009700e-05 -2.47448139158820e-05 2.09394315415754e-06 -4.65245116971694e-06 4.49213537113078e-06 -2.12229331425053e-06 1.49309244649632e-06 6.96780341212552e-07 -5.28754457953542e-06 5.10597797846078e-06 -6.83666620353918e-07 1.67585834239099e-06 3.27861476779653e-07 8.96581945895183e-07 -2.75192027191807e-07 1.97962320406322e-07 -6.34195401459917e-07 -3.30055288308654e-07 -6.25263559027387e-07 2.74199913665878e-06 -2.17399435307946e-05 6.72221529353347e-06 -7.43814210267776e-09 -1.15500587250527e-06 1.16692453155541e-06 -4.58278135943138e-07 -2.65548762963572e-06 2.67808983080702e-06 3.96021736460198e-07 3.42302699832839e-08 3.43443171649135e-09 -4.05056735679684e-07 -7.49480458998584e-08 2.03637715244639e-05 -1.22898602964523e-04 1.11112905817070e-05 -5.91288631978238e-07 8.97065519969070e-07 8.89010284702228e-07 -1.84522270650956e-06 -5.72310725968692e-07 3.54396821762932e-06 2.81133401572298e-07 -5.79090088882894e-07 1.05122765578557e-07 1.96634684204684e-07 -1.01827709810111e-07 -3.07098745696262e-05 1.87537681760018e-04 -1.66639730207456e-05 5.63710182548431e-07 4.37735094534388e-07 -1.39612590272492e-06 1.56069425528914e-06 -1.30074883086145e-06 -2.54136373909084e-07 5.66640721501159e-08 2.59832215712699e-08 1.43101839773748e-07 -2.28785681428444e-07 1.73022652544224e-07 6.80306596084362e-06 -4.07283129570579e-05 3.67881669048619e-06 -2.94971220923276e-07 -1.18993135171810e-06 3.55010669662537e-07 -9.38819912465665e-07 -4.09817819698451e-06 2.70132984826031e-06 -3.23897268800757e-07 -4.02389324929986e-07 6.37524762753343e-07 1.10968091675842e-08 2.81598898058352e-07 1.18632599746027e-05 -5.91999432028570e-07 -1.02995588819697e-05 5.96245034129447e-06 -8.55142883159963e-06 7.71281049462983e-06 -7.86938356344608e-06 1.91122135624768e-05 -1.84141079770597e-05 1.86741331447560e-05 -7.67116082132088e-06 5.84473260353943e-06 -5.86534826483073e-06 1.47714581110977e-06 1.95062897723873e-07 2.80969470711815e-07 -1.47379509181472e-06 -9.73693271448616e-07 2.15138061297635e-06 -6.06584811610533e-07 8.26350292114921e-07 -2.22165210231713e-06 -4.35043411779426e-08 -3.14852962849378e-08 1.18958547489461e-08 4.05540683099351e-09 3.63591810253301e-08 -1.68645993726723e-07 5.71331356041556e-08 1.72915640494392e-07
 -3.94753480532653e-04 -1.78698375530986e-05 2.48367612046430e-04 -1.04908755065368e-03 -1.18110935359285e-03 -3.49522751708723e-05 -6.07564522697374e-05 8.35574740981591e-03 3.29289561989790e-04 5.25542684378672e-04 -2.35491357512233e-03 -6.68691740925605e-05 -1.20681501596582e-04 -6.22363986655586e-06 -1.95143271032958e-05 -2.62026974998756e-04 -9.61578780007985e-06 4.27313974084276e-04 -3.62538997977764e-06 -2.09133869332332e-05 -1.82696167724289e-04 -1.52513740320876e-06 2.87484064574055e-04 1.18396237157112e-05 1.80655501918703e-06 4.85248860478200e-05 1.20775658320153e-06 -2.38285005190994e-05 -8.13146686728614e-07 3.51902309746561e-05 -1.74398319398155e-03 1.29021272851552e-02 -3.14579229638211e-03 -4.48335006024006e-05 3.51215514592970e-06 5.32718377158366e-06 2.91653365719809e-04 4.37972022161279e-06 1.05523786171260e-05 -1.92787274012698e-06 1.06303115495557e-06 -2.82642057353995e-05 -1.36612838271611e-06 4.80961601836866e-05 3.59563323668381e-04 -2.61891588150982e-03 3.26259540845590e-05 6.61074288505547e-05 1.49700164872075e-05 4.27319919781460e-06 1.93623561234442e-04 8.50143013733359e-05 1.43109003063388e-05 -3.36758008189748e-05 -2.49641910556722e-06 -5.67903631814517e-06 1.09734888276844e-06 2.27894052704645e-05 3.70300440326945e-04 -2.66587411168013e-03 5.11137898622770e-05 6.53987496823701e-05 -3.66906153585764e-06 1.55921003094580e-05 1.93933149567887e-04 -2.95702333916731e-05 7.89156313695554e-05 1.71439073672684e-05 4.69327106799596e-06 -1.53206880247755e-05 -2.85218922054089e-05 1.56435941297810e-05 5.35674511311823e-04 -3.65472506051295e-03 1.16714738436408e-04 6.17063924986024e-05 -1.15646795021398e-05 -2.06294598785242e-05 1.84531585717653e-04 -3.86086299881248e-05 -6.77644625997606e-05 1.52865269671885e-05 -5.52375680268371e-06 -1.40027766050114e-05 2.59743493253986e-05 1.68192479634628e-05 7.67631485482870e-03 -5.77980807955435e-04 7.28655208547499e-03 -3.83770069920135e-03 3.47180735987564e-03 -2.67597993718119e-05 -4.10456060102723e-05 -9.49573581010224e-03 7.15653153772689e-05 1.10637003014447e-04 3.90754242094096e-03 -2.16147820149666e-05 -3.51792281686893e-05 -4.73682392328991e-06 -2.97869197935500e-07 -2.38770570569554e-04 -4.15543681115071e-06 4.22455556656063e-04 -5.05679504057567e-06 4.17783924159517e-06 -3.01317116850164e-04 -6.61252182898836e-06 5.24197569772327e-04 -2.10898050359443e-06 9.21227261075541e-07 -1.00069172758707e-05 -1.68645993726723e-07 1.61312080119699e-04 -5.62644997719486e-07 -2.07598889184529e-04
 6.96504346913224e-06 -7.74619046124018e-08 3.67700240298060e-06 1.13744449890540e-06 3.03078296959136e-06 4.73400379326817e-05 -8.47446350613599e-07 -2.28838123278403e-05 -3.78192899390696e-04 8.20149270604408e-06 7.10990651720647e-06 7.65924491022303e-05 -1.93497546008438e-06 6.51876894320030e-06 -3.52481254982244e-07 1.31942651316764e-05 -1.33752635497953e-07 5.96497679191961e-06 2.07497066902191e-06 -4.01772026841913e-07 1.45465809060001e-05 -1.69319825820102e-07 7.38017628126506e-06 1.11337528566464e-06 8.75151561282369e-08 -5.01692242080588e-07 -7.61147721221554e-08 -2.11112115838347e-06 -7.70851960092320e-08 -1.72477265322663e-06 4.55747105569422e-06 -3.31100753222015e-05 9.42486756159710e-06 3.44467822752456e-08 -3.61358870012212e-06 6.22663742989167e-08 -5.57340750382058e-07 -8.26196800000874e-06 1.95544441185094e-07 1.24120188340485e-06 3.48982072398835e-09 -6.62490531733069e-08 -1.45574597161711e-08 -1.24665435625404e-07 6.52008273979822e-05 -3.97269487596446e-04 3.60867054051984e-05 -1.69782186191967e-06 2.94002838315765e-06 4.20600728772809e-08 -4.94448082659005e-06 -1.43834478476637e-06 2.20209403278490e-07 7.48586501118204e-07 2.00759652961091e-10 2.87290690367127e-07 5.52543460584313e-09 -2.45886727384108e-07 -3.66156468372441e-05 2.21859400894603e-04 -1.88626489309140e-05 6.00129741875046e-07 -1.21611439526550e-06 -2.66104346769821e-06 1.86777702662082e-06 -8.32126296587494e-06 -4.17993518956876e-06 -3.20622752372503e-07 6.71576659600195e-07 1.14966245026205e-06 -4.76800840489095e-07 7.56296617626444e-07 -3.37562033984156e-05 2.06284810988880e-04 -1.75875557224674e-05 5.82253621205202e-07 -1.32224321610221e-06 2.53205181150285e-06 1.56204762001365e-06 -8.61813913351161e-06 4.64479563773294e-06 -3.91716228205422e-07 -7.40822418458582e-07 1.19734878806513e-06 4.77900480682657e-07 7.85858519637653e-07 -1.70114623119979e-05 2.40705858581943e-06 -2.32857430530499e-05 1.16570004596169e-05 -8.52402809817056e-06 2.40052384317584e-05 -2.97931664528396e-07 2.66512131685753e-05 -5.72575719790451e-05 1.09819221908905e-06 -1.11613173741018e-05 1.78699629616723e-05 -6.52174751590161e-07 4.48818225248072e-06 5.38422215313328e-08 1.56615622428335e-07 -1.92625403331293e-07 -1.62244392948513e-06 6.90000833973944e-06 -2.24148535455821e-07 2.73956770100783e-06 -1.15378186246227e-07 -8.71416213684797e-07 -6.89498540778157e-08 5.77405772757470e-09 -2.23172922197994e-08 5.71331356041556e-08 -5.62644997719486e-07 1.73666430471501e-07 6.59067403679526e-07
 5.05350690270993e-04 2.19535361798476e-05 -2.94179164452349e-04 1.34250829797772e-03 1.52099246202356e-03 2.76420837343548e-05 9.85922332737715e-05 -1.07582828119147e-02 -2.84718988814596e-04 -8.39670980702623e-04 3.03138716396888e-03 5.79751541617713e-05 1.88413090037788e-04 5.61347479787452e-06 3.13273422866400e-05 3.32804108557983e-04 1.52083151278392e-05 -5.52910440070306e-04 3.86650207529178e-06 3.39590531314430e-05 2.30120126085855e-04 2.85318099937832e-06 -3.73348909416165e-04 -1.57686034130716e-05 -3.51447667060148e-06 -6.27373071150261e-05 -1.82254592350512e-06 3.13580987282173e-05 1.48027978412311e-06 -4.45279114649495e-05 2.24236167335131e-03 -1.65992948076018e-02 4.04788653528576e-03 5.73082082782775e-05 -3.19815078494080e-06 -8.41646862824130e-06 -3.74442368177206e-04 -2.58647239905799e-06 -1.71437088239131e-05 2.02981638950014e-06 -1.41503399050119e-06 3.63604031998566e-05 2.29692997001785e-06 -6.17939319300755e-05 -4.89985502953991e-04 3.53354800959547e-03 -5.81599489082039e-05 -8.44748387414367e-05 -2.06770544341940e-05 -6.68922453216291e-06 -2.47815501321702e-04 -1.08782024550434e-04 -2.31481714734662e-05 4.31369665435837e-05 3.99030394619030e-06 7.19535195815988e-06 -1.67567221283068e-06 -2.92986356161649e-05 -4.41765522223238e-04 3.21666511473181e-03 -4.82696473773564e-05 -8.49655317527027e-05 4.25380326572544e-06 -1.87006035421640e-05 -2.52359861868262e-04 3.92992472854593e-05 -1.01508073375982e-04 -2.22233937400947e-05 -6.06360796906516e-06 1.96537405266206e-05 3.70933422589703e-05 -2.03751083085357e-05 -7.04690087553231e-04 4.79414311845546e-03 -1.59749211037483e-04 -7.90648264133732e-05 1.65910720552551e-05 2.65712565469597e-05 -2.36936277517368e-04 5.46553609673089e-05 8.39069349444737e-05 -1.93251100630160e-05 7.63382339565432e-06 1.72964931497764e-05 -3.35189208252738e-05 -2.20354827746446e-05 -9.85530039426986e-03 7.40415839860618e-04 -9.37416767039953e-03 4.93740811498676e-03 -4.47076554599423e-03 2.56480006100164e-05 6.33934835957711e-05 1.22255121803529e-02 -7.10851011079015e-05 -1.67447583094395e-04 -5.03076251770483e-03 2.11234504459615e-05 5.31285665579285e-05 4.40578892399501e-06 1.23329984425596e-07 3.07692278516903e-04 7.31244888091188e-06 -5.43839810239415e-04 4.04037197273290e-06 -4.58993238812174e-06 3.87005569984006e-04 1.14648481636686e-05 -6.74901653085378e-04 2.74854682994974e-06 -1.20337682394841e-06 1.28589874791145e-05 1.72915640494392e-07 -2.07598889184529e-04 6.59067403679526e-07 2.67223534033686e-04
