Paoks:
 1.99438671850684e+00 1.09412291471067e-02 -2.99174219183674e-02 1.45499895436695e-02 -1.82231803161627e-02 1.58006681025317e-04 -8.89236677063466e-05 2.82942284671494e-02 -6.46815142225545e-04 -7.77269272784809e-06 -1.02872334066146e-02 7.88204074505607e-06 -3.28374338289818e-06 8.08487277919206e-05 5.50705047751867e-06 2.30029919348491e-04 5.18644045380900e-06 -2.24976305877378e-04 -1.95335407435743e-04 3.50940990454640e-08 9.27750808060949e-05 1.37454106299236e-05 -2.70665264733752e-04 4.36529549572394e-05 -4.92103265020731e-05 -3.88713233263500e-05 4.83286773518030e-05 5.39810879387692e-04 -3.55850109426275e-05 -6.96137272028583e-04 1.37749889206428e-03 -5.33994704577407e-04 -3.30735846039108e-03 -5.69469093309492e-04 -4.26650632020832e-03 -6.08637002776644e-05 3.33148775491716e-05 8.29862206931506e-04 3.02046620889964e-04 -3.57628215234331e-04 6.86042387373669e-04 -8.71303899819577e-06 4.46686099933504e-05 2.80982272801001e-05 -1.01315216317865e-05 -3.21252375697383e-04 -1.74816832902252e-05 5.21221437003468e-04 -3.75094986700845e-05 3.30906686700015e-05 -4.23635979157531e-05 -2.67796777621670e-05 1.28888375629052e-04 -1.51209093285463e-05 -3.10174841549470e-05 6.06257261732485e-06 3.99072487167021e-05 -1.68694665463291e-04 6.28402170707067e-05 2.03836008107515e-04 -1.54323850897791e-03 8.82693550226054e-04 -2.73018384646945e-02 -2.81631501097050e-04 -1.77097609728959e-03 -1.34820887749680e-04 5.28662788965311e-05 -2.98533425820842e-02 -7.85548265460543e-04 1.31515076314150e-05 2.37684332419265e-04 -5.60869378244839e-05 1.99125421878317e-05 -4.36656898300359e-05 -8.61001748176512e-06 9.00124744406913e-05 1.77359401755251e-05 -1.78170585964206e-04 -1.51933368850429e-04 -8.98702089826559e-06 1.88314554704623e-03 3.83838638272151e-05 -3.23348876217940e-03 -8.18955970811861e-05 -2.92765340627425e-05 1.90622679547550e-05 -1.32011557727606e-05 -4.78228270763594e-04 2.83052610313475e-05 6.03944383706932e-04 1.84834962958173e-03 -3.29173375349898e-03 5.71551159136338e-04 1.65036100771895e-04 4.60915589971120e-06 4.30595902768381e-05 1.16850020649156e-04 1.06759869017296e-06 -5.63356982636438e-04 8.51836763571306e-06 -8.06418640641026e-06 1.86843688895361e-04 -3.90830342853697e-05 -2.81281141920598e-06 1.68764486019540e-03 -3.07546067031818e-03 4.69079691082875e-04 1.60766218259034e-04 -2.97171891364661e-05 -2.50130788174285e-05 1.34510478632813e-04 4.36652893515153e-04 2.61594404995173e-04 4.61070001263360e-05 1.27814461310350e-04 -1.87218205351518e-05 1.93157704141319e-05 -1.15516477272671e-04 1.83044713195432e-03 -2.53094883894446e-03 3.94445353782267e-04 1.67245103348713e-04 4.28900968734668e-05 -2.49954288101598e-05 8.49454595151909e-05 -5.11915458677622e-04 3.08861024540238e-04 -3.34185492622593e-05 -1.44401429712185e-04 -2.63946990532218e-05 2.18060246261052e-05 -1.05427683132135e-04
 1.09412291471067e-02 4.84009522769595e-04 -1.83137410446778e-02 3.12007448094056e-03 2.56633087498893e-04 -1.74265250045732e-05 5.43553997536963e-06 -9.67242701160455e-03 2.69479180698084e-04 1.17239769708628e-04 4.30629265720716e-03 -5.08900180101609e-05 -1.04558356800750e-05 -3.53392510105379e-06 -8.57049510931299e-07 2.58503806200290e-04 -5.46827345316908e-06 -4.46628467752041e-04 -1.29424316866487e-06 1.34677287575173e-06 3.47161935835267e-04 -7.79752215729452e-06 -5.94724212123674e-04 2.92833545264500e-06 -1.97268642707593e-06 -3.09513105822630e-06 3.27742200744775e-06 1.24940424206479e-04 2.50941816498110e-06 -1.58880896167895e-04 1.20715552123464e-03 1.44118577694436e-04 -3.99693608443711e-03 -3.93060096941920e-04 -1.76269120079288e-03 -4.21357319105252e-06 3.27970572900374e-05 1.57602293078201e-02 1.38201826788603e-04 -8.07044388603283e-05 -2.51088755882613e-03 4.72152708830720e-07 5.83971344050133e-06 -1.16492170619230e-06 -6.41577106022987e-06 2.29881831600454e-04 3.96927205476602e-07 -3.96711205168195e-04 3.51823062047652e-06 9.08248266164057e-06 2.18816563650299e-04 1.15449655566605e-06 -3.77737189583045e-04 -8.59852856226175e-07 6.80101873892852e-06 -3.32168224619665e-07 -2.68709428862676e-05 -9.58144739971404e-05 -1.35512712693859e-05 1.30371299610127e-04 1.65129582103861e-03 4.47115077483054e-05 -1.00757137679756e-02 2.03517127829823e-03 -2.17852331908331e-04 -1.53450689418785e-05 -8.13542601966288e-06 2.76931289899794e-03 2.39347745734628e-04 1.44619862398345e-04 9.07752574875195e-04 -4.78931937441722e-07 -8.90444798743225e-06 3.70163392674376e-06 -2.93034552683405e-07 -1.51168072495498e-05 3.51773910250729e-06 2.57129675840977e-05 1.23454637388852e-05 4.22662635666645e-08 8.62697683557860e-05 3.43647430844757e-06 -1.47437719562465e-04 -3.79669562839022e-07 -1.14335540505789e-06 -1.01169210603833e-06 -1.30502547740686e-06 -7.95740283198015e-06 6.55028494053634e-08 1.08820093899200e-05 -3.78375988616625e-04 4.17161201694144e-03 -8.72598030789373e-04 1.22162944994724e-04 5.15618615913588e-06 -1.17021416882130e-04 3.27839963783062e-04 -1.99478340424289e-05 -2.46232732367459e-04 3.09566050407074e-06 -4.07631071741560e-06 7.39459911231469e-05 -5.32437907776019e-05 -2.13143150271639e-05 -3.61397023909887e-04 4.26291042230186e-03 -9.07162843226797e-04 1.18483738557030e-04 9.75489435678123e-05 5.80488367957227e-05 3.24573869223812e-04 2.36684765628523e-04 1.33338765459859e-04 4.94677461168059e-05 5.16347213755395e-05 3.27150123486033e-06 2.43746582734906e-05 -6.27620515075321e-05 -4.01434548618266e-04 4.48584037677508e-03 -9.65412090232748e-04 1.24439102195268e-04 -1.02109031998788e-04 6.18067536266940e-05 3.27365176871286e-04 -2.55273252066748e-04 1.37192601429355e-04 -4.69006400491889e-05 -5.03738328527133e-05 1.59052667522230e-05 2.96013490675067e-05 -7.11758155280173e-05
 -2.99174219183674e-02 -1.83137410446778e-02 1.34514082519119e+00 -3.60978451183812e-01 9.98322157596594e-02 5.08555319386319e-04 -7.12967206724856e-04 -5.23319281962368e-02 -2.98817329600485e-03 -1.18420756084692e-04 7.91101688425302e-02 2.31417788077500e-04 5.23206291945638e-04 -2.68730202989544e-05 -1.34402195686915e-05 -2.14747288663819e-02 -4.49592249314651e-05 3.71318232129794e-02 6.51032810052004e-04 -9.33630515230268e-05 -4.63371763418116e-03 4.16654598641312e-04 7.94803040532557e-03 9.94368391086885e-06 2.13287883407708e-06 1.61105280406533e-04 -2.21745871571980e-04 -1.17487110324917e-03 -1.14644868251200e-04 1.38140300088528e-03 -5.77580160591546e-03 -4.72243269178249e-03 2.42332507748096e-01 -1.01622446557397e-01 7.86376501232608e-02 -4.43331673201614e-04 -3.09332487068317e-04 -5.91500820401298e-01 1.94386458959579e-03 -1.58181160041978e-03 1.34758531561783e-01 -6.60706911172252e-04 -1.05413758449426e-04 6.99623678356487e-05 8.13365189954525e-05 -8.98765678587048e-03 -3.96936059069645e-05 1.54985565113098e-02 3.90610819995104e-04 -2.14337977294023e-04 -5.01893124630646e-03 2.77155524923289e-05 8.29000623709395e-03 6.26000586443756e-05 -2.01205700883880e-04 -2.82246012090676e-05 2.06038806101092e-03 2.15606404848844e-03 1.36825939435798e-03 -2.96138001458851e-03 -2.67760900395147e-02 -5.31340114860889e-04 1.88558334926163e-01 -1.40788719737484e-01 -6.28152098166432e-02 2.69292412269814e-04 2.28923530089057e-04 7.38923412174409e-01 -2.62328175646694e-03 1.11531715845315e-04 -7.31803427662426e-02 3.80373580598401e-04 2.57393848361390e-04 -1.08388469820561e-06 5.20657806966612e-05 -8.22560502196077e-03 -5.78216033834575e-05 1.43048590195727e-02 4.36713988125381e-05 -8.81824315422203e-05 -1.58425667286711e-02 2.82059361277264e-04 2.73648031205737e-02 7.03782574122410e-05 2.04199063553592e-05 5.31888908386369e-05 1.33213913313839e-05 -2.14921329887873e-03 -3.33430561690461e-05 2.65710227588179e-03 5.57219758611803e-03 -1.23813053972452e-01 2.68724515112964e-02 -4.35391414283885e-03 -6.35745688320428e-05 3.71575817810704e-03 -1.20237011437175e-02 5.82032461466060e-04 8.82188346943901e-03 -1.68786915086966e-04 1.88980998895624e-04 -3.07542482386712e-03 1.69178067805254e-03 1.31510132797317e-03 6.16657591845340e-03 -1.25054421146506e-01 2.74905031301773e-02 -4.23383358272202e-03 -3.02381897210796e-03 -1.94707232195962e-03 -1.18596135489232e-02 -7.90494059833489e-03 -4.40552074154682e-03 -1.64308279014166e-03 -1.66728211835544e-03 -4.83271677532945e-04 -7.41978119360336e-04 2.55434908533141e-03 5.30306277215913e-03 -1.22276863399823e-01 2.64324592032842e-02 -4.58675037213868e-03 3.05350435624541e-03 -1.87098278008586e-03 -1.24323850082646e-02 8.67439670229891e-03 -4.91234563584871e-03 1.59424511840129e-03 1.74236840666836e-03 -9.62623694944135e-04 -1.02186871809760e-03 2.99710450092971e-03
 1.45499895436695e-02 3.12007448094056e-03 -3.60978451183812e-01 1.18131898565500e-01 -4.58651802070732e-02 -1.74043675394650e-04 5.90018417975221e-05 1.44810231226714e-01 -3.57231334501247e-04 3.23442574632246e-03 -7.72550172326812e-02 9.24516934340375e-04 -7.65100264718590e-04 -1.65737196640865e-04 2.25881984029989e-05 6.35736463570534e-03 4.83580125000838e-05 -1.09860078536598e-02 -4.49564209902747e-04 4.05448542022955e-05 -1.33894814054720e-03 -1.93070921316466e-04 2.28441159541629e-03 -5.30986654342501e-05 2.08060595182689e-05 -2.99589053804837e-05 1.08009056525381e-05 -1.13893494135150e-03 9.09233109084342e-05 1.49543733506016e-03 -7.75924248351706e-03 9.94204739083030e-04 -8.21956674020129e-02 4.53421838303963e-02 -1.15118028177549e-02 1.33477891140756e-03 -6.58836063223097e-04 5.54608536684770e-02 -1.28409511723766e-02 6.62249308153346e-03 -2.31823703094634e-02 1.64453954702604e-03 -7.99089493705969e-04 -1.68109730291319e-04 2.56099491288422e-04 1.01192359723589e-03 1.48550255891111e-05 -1.57062764851496e-03 -2.53975626077522e-04 1.14451435434560e-04 -4.91588307115148e-04 -1.33358261060364e-04 1.09795085138207e-03 -4.65318324477253e-05 -1.20328217346250e-06 2.48749152110250e-05 -6.82186185722224e-04 7.60078838043308e-05 -4.87068214127805e-04 -1.13404639226659e-04 5.39794948625148e-03 -1.00234469690395e-04 -2.24481388190546e-02 4.53824377670600e-02 2.89734983142183e-02 -2.49407831194531e-05 -2.27270322589061e-04 -3.30045596461709e-01 2.21806271666303e-03 2.00088654757730e-03 2.58054520433039e-02 -2.53274365389915e-04 -2.70672847652043e-04 2.29245920929037e-05 -1.77094189389042e-05 3.71477191933841e-03 7.01545937697619e-05 -6.45233285100905e-03 -8.10375044772848e-06 3.74038480906442e-05 5.53146625347639e-03 -4.41371542958058e-05 -9.56718890271584e-03 7.57602270562110e-06 5.46431439848525e-06 -2.32142811753508e-05 -7.16668069286558e-06 1.01980909077000e-03 2.80274430833053e-05 -1.27483689550747e-03 4.59949600423330e-03 -6.73228800398132e-03 2.25805152962447e-03 3.96231303121816e-04 -1.31336245757409e-04 1.04166050771534e-04 1.14662822992694e-03 -2.27230510390303e-04 -7.57775925247043e-04 5.12801948057331e-05 9.73730703713269e-06 4.10671686094845e-04 -9.08979931578082e-05 -3.22332830208670e-04 4.24623539212743e-03 -5.15155658502337e-03 2.15701535891208e-03 4.08081662808959e-04 -1.43629964687361e-04 1.03755290661771e-04 1.10185126840974e-03 4.40134046494082e-04 3.94470529438648e-04 1.16984593565420e-04 6.10642071030834e-05 2.35422468942658e-04 7.48088339951356e-06 -3.25757459590151e-04 7.26047022947719e-03 -2.71653199695660e-02 7.75607498949495e-03 6.36314145817935e-04 3.71902798665045e-04 -2.11317770040506e-04 1.57248904350596e-03 -3.55489636347687e-04 2.43015388572018e-04 -1.80403831953501e-04 -7.77632603822591e-05 2.44159715147409e-04 1.19664123960178e-04 -4.02512264811773e-04
 -1.82231803161627e-02 2.56633087498893e-04 9.98322157596594e-02 -4.58651802070732e-02 3.73414341427499e-02 -3.23905961155871e-05 4.95367806090345e-05 -1.85128531957241e-01 5.19743417712386e-04 -2.06403281536914e-03 7.47874156162687e-02 -3.91426707852621e-04 1.74757247197344e-04 -2.98764078726714e-06 -1.00851525438837e-05 -2.25365531255258e-03 2.82902279294825e-05 3.90115026719238e-03 -2.92599932198016e-06 -1.36932135286270e-05 2.03350922168863e-03 1.23788945622733e-04 -3.47433306552477e-03 4.07053312658600e-06 -1.10231875450689e-05 6.45750194454166e-06 1.84607235076584e-05 1.64338328783689e-03 -4.05848313213593e-05 -2.13565275226619e-03 -6.50070584855779e-03 2.95310776548302e-03 -8.16005503797297e-02 1.22089983539940e-03 -4.95276005520660e-04 2.44228255594443e-04 5.15598815655591e-04 4.94972912533047e-02 1.33889960570867e-03 -9.63275062243816e-04 -2.13174412398682e-03 1.95203444158056e-04 4.36073913347653e-04 2.84631226448507e-05 -3.32863015899329e-05 7.82736352678231e-04 3.33493169506943e-05 -1.27886704427475e-03 2.25986789527073e-05 -4.78896276937764e-05 2.26663215426641e-03 1.68172281872291e-04 -3.66364394638277e-03 -3.83849286588120e-06 4.33706697219715e-05 -1.23505973436181e-05 -1.35990302982452e-04 -1.23239830397591e-03 -1.52291614317797e-04 1.64897355184680e-03 3.63201035249884e-03 -5.39299370867349e-05 4.39355506490618e-02 -2.84430932185523e-02 -1.83682557583653e-02 -9.70923772314887e-05 1.47542892441308e-04 2.02435345427301e-01 2.37714114628363e-04 -1.97161316065895e-03 -1.83621985037092e-02 1.19865111173385e-04 1.86847214210208e-04 1.55957993028297e-05 8.17504186358096e-06 -2.63606254616683e-03 -5.06152045312175e-05 4.57435830755202e-03 2.14140763869833e-05 -2.08114270455466e-05 -2.96061127588826e-03 -1.58073826058874e-05 5.11381791224159e-03 -1.07871282283476e-05 -7.44944265551014e-06 1.50921827875822e-05 5.48330693500866e-06 -8.49835060601040e-04 -1.78351094577789e-05 1.07434571402120e-03 3.06725360272229e-03 -1.44833180302996e-02 7.99093159242107e-03 8.36659554249724e-04 1.88503132242056e-05 3.62819568608035e-04 1.69429692996188e-03 -1.13654609401980e-04 6.34851259272988e-05 1.33540481047723e-05 -7.04838806505947e-06 1.14169325816374e-04 -4.25301174353567e-04 -5.28911898912292e-05 4.64487345096017e-03 -1.52525628343258e-02 8.18242656320213e-03 8.13162123959644e-04 -3.05286715121914e-04 -1.69297823303024e-04 1.41485057378494e-03 3.38538206865731e-04 1.69285788498040e-04 3.19449905965184e-04 8.23023104061316e-05 5.52516712290453e-05 1.82713589891982e-04 -1.22747785321303e-04 3.39415992400727e-03 -1.24152549426538e-02 7.30929121494892e-03 7.84118321158247e-04 2.73907138451928e-04 -1.39488045443735e-04 1.55085381869476e-03 -2.65436144796295e-04 5.10630549541319e-05 -2.98092038592099e-04 -1.43818731323323e-04 3.57494046326430e-05 2.09916185270835e-04 -1.53382560227625e-04
 1.58006681025317e-04 -1.74265250045732e-05 5.08555319386319e-04 -1.74043675394650e-04 -3.23905961155871e-05 1.59109954866858e-03 -9.31759668538898e-06 4.52021303795353e-04 -3.51274781528930e-02 -1.50780453645015e-04 -3.45635697380950e-04 2.32532408961035e-03 1.12690658115282e-04 1.06016798291322e-03 -1.37960957421805e-05 -2.66263238668125e-06 -1.84738688894689e-05 3.94406842050425e-06 1.30051058281106e-03 -4.35956035791608e-05 -1.15685609901271e-06 -9.08767675474184e-06 -6.03462265166810e-06 -5.28941217053580e-04 -9.26764790708270e-07 1.36501208906755e-04 6.77010636353138e-06 -3.59988264817757e-06 -2.72749437879377e-06 3.25000581326837e-06 2.63767290130727e-05 -1.99578505453167e-05 -2.43666385944326e-05 3.50767210377487e-04 6.59374741184219e-05 -8.18635969095633e-04 8.50209082446791e-05 -5.36827298992852e-04 6.26930436607090e-03 -1.43007490664702e-03 4.09678466380063e-05 5.72650602958840e-04 1.32701035557467e-04 5.38352232195134e-04 -2.57128512766775e-04 -3.74852603019880e-05 -1.86007479809039e-05 1.09400611514394e-05 8.21365261578989e-04 -2.54714817038505e-04 2.27622165359612e-06 1.95072413135757e-06 -7.82972483573240e-05 -7.73699558958054e-05 -1.79189835064000e-05 1.48075111740319e-05 8.27445898845584e-06 4.45728553721451e-06 1.28111931699391e-06 -9.59520784868865e-06 6.95554326154980e-05 2.34629548244832e-06 -2.32860920928805e-04 -1.52662925650266e-04 3.15748373479350e-06 1.69445285896377e-03 3.05407787962614e-06 -5.22554783102406e-05 -3.86986805697466e-02 1.54019569469843e-04 -3.46555222647096e-06 2.31534839462545e-03 -2.76118528635863e-06 -8.31478537539099e-04 -4.99894605251572e-07 2.62824407420195e-07 1.38530441298100e-06 -3.26110005429307e-06 -1.23529988881218e-03 3.76567626366959e-06 4.72724667470812e-06 1.06229303069798e-05 -8.59426634537660e-06 -2.68403741939105e-04 7.85128824925234e-07 6.96542408905041e-05 -1.36963584063496e-06 -2.20159645872767e-06 3.46640796198177e-06 -5.50070991583565e-06 1.93922544328654e-04 -1.63547872784363e-03 4.43661004893863e-04 1.29194016717403e-05 6.30736153883115e-05 2.20087007946060e-05 3.30224337723179e-05 1.38413610432644e-04 2.27626353638320e-05 3.76693424844208e-05 -3.77963026545554e-05 1.49867257793484e-06 -1.18244038594930e-05 6.26532484726792e-06 6.82027217714697e-04 -8.50297718829240e-03 1.17725373996265e-03 -3.59990274020002e-05 -4.64123665830501e-05 -8.58198055458965e-05 -9.85085903990996e-05 -4.97217930780053e-05 -1.11443719448234e-04 3.56491900153674e-05 8.70918922499704e-06 -4.38284927501597e-05 -1.53310407868216e-06 2.19652726092021e-05 -9.67587566596398e-04 9.47548795783838e-03 -1.46548904028006e-03 2.11728999732344e-05 -5.67342567531567e-05 6.03635165909575e-05 1.26045976140236e-04 -4.76799198724342e-05 8.61408990073530e-05 3.71826901420725e-05 -1.39378913790989e-05 3.02353374434081e-05 4.38780466147118e-06 -3.36840323015727e-05
 -8.89236677063466e-05 5.43553997536963e-06 -7.12967206724856e-04 5.90018417975221e-05 4.95367806090345e-05 -9.31759668538898e-06 1.56468367778566e-03 -3.86472127670657e-04 -6.89082539159502e-05 -3.47753080038961e-02 1.68396179733643e-04 2.01344340976322e-05 2.27659200297307e-03 -2.78999526887838e-07 3.90866761913511e-06 2.08012778283095e-05 1.05095053921395e-03 -6.36941852364260e-06 -1.14548125817373e-05 1.23804410651987e-05 3.68394106170958e-05 1.27198265187015e-03 8.63449447022773e-07 -1.60050950592937e-06 -3.39794490953162e-06 -2.28134642585347e-06 3.27783085842896e-04 8.28645538774168e-07 -4.22687105510635e-04 -8.69933888183804e-06 -4.20496295473983e-04 -2.02643959912292e-05 6.08546017664784e-04 -1.01298804743552e-04 -7.13445827492113e-05 -1.40728675996379e-05 -6.50701741807709e-04 8.30345839549836e-04 -3.09082372499851e-04 6.45200234708787e-03 -9.07624486924438e-05 9.35013300591222e-05 6.50489830508748e-04 -3.91841014799734e-06 5.20504870394727e-06 2.50221189248833e-04 5.48309000310128e-04 1.14557288212824e-04 -5.05982328441608e-06 1.65237209921404e-05 3.37627938018785e-04 7.90863741331168e-04 1.42793629390785e-04 6.93211695485924e-06 7.67374357797186e-06 2.22638096902442e-05 5.80931675411881e-05 6.47694537629397e-06 -8.31724120942297e-05 4.01634798877047e-07 -3.63443245327733e-05 -4.13171373284538e-06 4.54775831015485e-04 1.68610102645450e-04 3.91687244114697e-05 -4.62171323007906e-06 1.65836708262467e-03 -2.65067236028816e-04 -9.72498147029655e-06 -3.83836858680875e-02 2.26479743733189e-05 -3.62089925600416e-06 2.29883107485991e-03 -6.61921634792137e-07 3.02168803651843e-06 -3.18924204251232e-07 -8.19804441642601e-04 -7.84057766752901e-07 9.20200773299202e-08 -6.42781063108075e-06 7.78031802002936e-06 -1.24294867196481e-03 -4.36963959422047e-06 1.77709370724242e-06 -4.30306670117575e-06 1.93975739656092e-06 1.74798341402529e-04 -5.22729647686162e-06 -2.19436456701111e-04 1.74904822465354e-06 -1.23628638321804e-03 1.10047543878211e-02 -1.84283160211877e-03 4.19518086912640e-05 -6.93848018941636e-06 -9.10842827894964e-05 2.06368051386222e-04 -2.97114904592512e-05 -3.96006754572354e-05 6.96578275535858e-06 1.08338209290676e-05 4.51151417709007e-05 -1.01951193565398e-06 -6.06339086259174e-05 4.05682308717852e-04 -4.42511758437971e-03 6.23114624028145e-04 -1.88649821081303e-05 -5.48045748672200e-05 3.52927945737095e-05 -8.81667804028766e-05 -7.65984243908397e-05 1.09873180614960e-04 -1.54727414431084e-05 2.06588330879711e-05 -2.02098248008189e-05 3.41158503866863e-05 3.09020753568831e-05 5.22650835995132e-04 -4.96997072406853e-03 6.69096896979335e-04 -1.41930860902079e-05 6.00569792804714e-05 4.09334756471391e-05 -7.81213781663438e-05 8.48890851224750e-05 1.41772464807099e-04 3.34405350843237e-06 -2.96709153421326e-05 5.48478129351556e-06 2.90080452081401e-05 4.51632662579048e-05
 2.82942284671494e-02 -9.67242701160455e-03 -5.23319281962368e-02 1.44810231226714e-01 -1.85128531957241e-01 4.52021303795353e-04 -3.86472127670657e-04 1.18639046316783e+00 -9.61746420870021e-04 5.83821354516450e-04 -4.16012105326934e-01 1.82243904261905e-03 -7.87465886656845e-06 5.67838387677246e-05 4.98290510798760e-05 6.19377040948889e-03 7.15473450261819e-05 -1.07616489906848e-02 -2.13969752714409e-04 4.69446996395845e-05 -1.28568055693739e-02 -2.13747682128128e-04 2.18634600777540e-02 2.02943982698108e-04 9.45276202411011e-05 -3.17608134323622e-05 1.42306495332948e-05 -1.22974530214040e-02 -3.16498452615133e-05 1.58539845104389e-02 -3.21928402175506e-03 -1.43928159421316e-02 3.65874095902770e-01 -2.39075928392740e-02 5.26468049394685e-02 -1.54013505129739e-03 -2.21804270203462e-03 -6.82138637962572e-01 1.22189559312100e-03 -3.35104905812535e-04 1.00096918962164e-01 -2.55032159418727e-03 -5.79742125075975e-04 -4.37302692313108e-05 1.63736441349667e-04 -1.03997224743044e-02 -1.89917218695847e-04 1.74377366676252e-02 -3.87015914540500e-04 -3.04272184309502e-04 -1.66698334949062e-02 -7.11198135585592e-04 2.79390076064585e-02 1.92866641229817e-05 -3.90393197786982e-04 5.91705097842840e-05 8.41660518274014e-04 7.68180315438728e-03 5.73382955571778e-04 -1.03610718118072e-02 1.92987958534240e-02 2.76557735507656e-04 -3.87591686317585e-01 1.54014432446193e-01 9.21224260307265e-02 2.74110582074980e-04 -1.98121154259602e-04 -9.16097310399016e-01 -6.67609455198913e-04 5.61471889149895e-04 1.04351277950806e-01 -1.02415396498652e-03 -3.12165531357352e-05 -5.70564789632776e-05 -2.64696568222603e-05 1.33695499052625e-02 2.92545188022523e-05 -2.31901640048055e-02 -3.31031895716571e-04 1.06773806593453e-04 1.03419728211328e-02 3.82027168818511e-06 -1.78154193530231e-02 6.05531796778021e-05 6.11435036148731e-05 -7.36453028577772e-05 -2.09289726470345e-06 4.58110087190787e-03 5.57904663447954e-05 -5.83800526784961e-03 1.10606014795138e-02 -1.11443726190416e-01 7.87439238923905e-03 -6.78680666193290e-03 -1.62804824354580e-04 3.07023094734122e-03 -1.60500138752945e-02 1.28775065980463e-03 6.79988549988761e-03 -1.68501468989605e-04 1.09859759426990e-04 -2.64514769339332e-03 3.15151380050115e-03 5.94826506535746e-04 5.26056429722643e-03 -1.11164900258705e-01 8.27653011190239e-03 -6.58444816881116e-03 -2.52358627621996e-03 -1.65205049919155e-03 -1.50425881025362e-02 -7.93793367961985e-03 -4.58498619276410e-03 -2.71710913672714e-03 -2.06035981323601e-03 -1.14881666799260e-04 -1.38731801287864e-03 2.23254734526087e-03 8.24945143214825e-03 -1.12248327649578e-01 8.70752389115564e-03 -6.88089058895559e-03 2.61092912556708e-03 -1.66895836361108e-03 -1.59032849054667e-02 8.21644656571802e-03 -4.00874187899848e-03 2.58868148562399e-03 2.07479374011805e-03 -5.11986843194878e-04 -1.69473133725561e-03 2.59915292440390e-03
 -6.46815142225545e-04 2.69479180698084e-04 -2.98817329600485e-03 -3.57231334501247e-04 5.19743417712386e-04 -3.51274781528930e-02 -6.89082539159502e-05 -9.61746420870021e-04 8.35456271385628e-01 -2.74796710285852e-04 3.89696058784639e-03 -6.87617321130840e-02 -5.72631924766882e-04 -2.09135407220764e-02 1.28214331407109e-04 -3.57054709590992e-05 -3.20748443963766e-05 2.29821494401012e-05 -2.86926277280473e-02 7.41142075816319e-04 -5.29801685358470e-05 2.72555114645251e-04 7.75361687281129e-06 1.39693095591401e-02 4.18691693626952e-05 -3.60804643836540e-03 -8.77066172054832e-06 -9.03730930197425e-05 -1.57152018770433e-04 1.12127201154263e-04 -2.61656281839840e-04 3.63986779644278e-04 -1.13241988151581e-03 -3.46741126170309e-03 -2.58562542340533e-04 -4.04704658357765e-03 1.97782942111531e-03 7.58480692919908e-04 1.01780576839955e-01 1.66580369029223e-04 -6.84917163568284e-06 -4.71329863453524e-02 1.62078910195591e-03 -9.45040655381665e-03 1.23193086947539e-03 1.79675213177818e-04 5.66398562329398e-05 -2.99970617033204e-04 -1.99299742258345e-02 1.85343670085879e-03 5.53608501859437e-04 1.53866912995379e-04 1.88390708548419e-03 2.35074905337661e-03 4.64864672575428e-04 -6.00913144083502e-04 -8.92751137738628e-06 -1.07907100614887e-05 -2.21353431363846e-04 2.45324681433009e-04 -5.91609504457643e-05 -6.96764880476031e-05 3.16604735756658e-04 4.30957837688224e-03 4.29954801810991e-04 -4.07955385600265e-02 2.70081158619526e-04 -1.51430669273033e-04 8.65586781239378e-01 -4.24453752752824e-04 1.13291830707147e-03 -5.51985226572856e-02 4.40558338636961e-04 1.88771465492066e-02 -8.31670483010055e-06 3.76872327720462e-05 -1.13814369054064e-05 -2.19486031697311e-05 2.63172836365915e-02 -6.00139510866474e-05 -1.65580976467876e-04 1.38177740862451e-04 3.66551117098354e-04 5.64282025904631e-03 -5.05945690453263e-05 -1.45777870811764e-03 -6.56190041432294e-06 7.14641899023164e-05 5.67914222671887e-07 8.34358756973704e-05 -1.51854735491610e-03 7.52659566595829e-04 -1.01689803800141e-03 9.81003643255154e-06 6.13738868918073e-04 -5.37965988838020e-05 1.76790530913542e-04 2.32812528015800e-03 1.06147739460920e-03 -1.32216005828249e-03 -8.87633659923427e-05 -2.00283593093188e-04 -1.19986763691816e-04 -2.01570355512616e-04 1.21940671686196e-02 -3.37611709496701e-03 2.39454489100388e-02 2.65210158022874e-03 -8.49870084971473e-04 -9.80671699329988e-04 4.59297775440186e-03 -6.93065478940086e-05 -9.02300187431842e-04 -3.65351013651565e-04 -9.86307547339066e-04 9.07107779474981e-04 6.36721015367472e-04 -4.30799275456339e-04 -8.24606659860712e-03 3.82754497226379e-03 -2.29410136591440e-02 -2.82263187733915e-03 -1.12087760084277e-03 1.08172272660155e-03 -5.92959397411848e-03 -5.14109279705298e-04 1.85200433752511e-03 -1.53418426317888e-04 -5.03117069591922e-04 -6.48720921435334e-04 -6.18678352950205e-04 6.29965541176030e-04
 -7.77269272784809e-06 1.17239769708628e-04 -1.18420756084692e-04 3.23442574632246e-03 -2.06403281536914e-03 -1.50780453645015e-04 -3.47753080038961e-02 5.83821354516450e-04 -2.74796710285852e-04 8.35176009103580e-01 -2.59938392395694e-03 -1.14897852173199e-05 -6.85298438940545e-02 -4.35608631216946e-05 -8.45312062380148e-05 -1.64778081079540e-04 -2.08838461877832e-02 -8.79790058457619e-05 1.86063429337915e-04 -1.74966160076651e-04 -6.23672509672779e-04 -2.76462316456788e-02 3.14257298356306e-04 -1.22991754822469e-04 1.50396693664070e-04 7.12808514057389e-05 -8.76663233914950e-03 1.58961701156845e-04 1.12997508342519e-02 -7.82083594650428e-05 -1.67044358607537e-04 9.71286504593577e-05 -8.82506547667788e-04 -5.99027772507869e-05 -8.84274011107363e-04 1.20411226910330e-03 -7.86422308240889e-03 1.48673144205812e-04 3.82082044565746e-06 1.02614209563243e-01 -1.21904684602069e-03 -5.75781543857280e-04 -5.00408649519067e-02 8.61616711946723e-05 3.10358562215713e-05 -1.28178152512022e-03 -9.68846918131587e-03 -6.42649262142956e-04 -3.99050106687394e-04 -1.08972500067524e-03 -4.42444194706372e-03 -1.88730729305547e-02 -1.70163515672771e-03 -2.39631997798372e-04 -1.95142232549925e-04 -4.31880854525908e-04 -1.83628301489823e-03 -1.66084089504899e-04 2.45615385338489e-03 -1.76677567937147e-04 -1.54820913998796e-04 1.10453296887698e-04 -7.13606952904748e-04 -4.66783685249770e-03 -9.41581997956881e-04 2.88599930586506e-04 -4.01338283126837e-02 1.28581478917661e-04 -3.92918025653777e-04 8.65267818512619e-01 -1.43811824785568e-03 2.22752775304454e-04 -5.50519316011582e-02 -2.38693610128855e-06 -6.53875997205737e-05 4.35077758134230e-05 1.87406307604291e-02 1.32257845750448e-05 9.68463313237100e-05 1.46357625213996e-04 -1.08206512020055e-05 2.68921150474950e-02 -3.34197376726519e-04 -1.84127318629762e-06 1.13639061935558e-04 -3.35068088424962e-05 -3.70444684736516e-03 1.25060034164892e-04 4.63268330458478e-03 -4.30947089907280e-06 -8.18143560601521e-03 5.82669950124001e-03 -2.49570399215603e-02 -3.49530737366650e-03 -2.55012825291147e-06 -1.76196221621048e-03 -7.70222878311973e-03 1.03634434936219e-03 -3.29513473490913e-03 -1.41675799091874e-04 -2.54461702708895e-04 3.52142158196597e-05 1.12443287726120e-03 1.86121590742848e-03 5.60261833625636e-03 -2.44922555395628e-03 1.22905178727191e-02 1.65767938845596e-03 -1.14239963620691e-03 4.77227087092078e-04 3.28565307149868e-03 -9.76307588555083e-04 6.86729014505683e-05 9.10480164786110e-04 -3.69599442563876e-04 1.04410851444632e-03 -1.01670644283571e-03 -2.90178939841383e-04 3.17579702884567e-03 -2.18058578206055e-03 1.36104401433152e-02 1.69192592453210e-03 1.15264200452276e-03 1.10435698258983e-04 4.29593523427000e-03 1.80013476036449e-03 4.15999550707213e-04 -7.87490057528942e-04 6.07910358375293e-04 6.14375262842346e-04 -5.76852128263062e-04 -6.16093362216093e-04
 -1.02872334066146e-02 4.30629265720716e-03 7.91101688425302e-02 -7.72550172326812e-02 7.47874156162687e-02 -3.45635697380950e-04 1.68396179733643e-04 -4.16012105326934e-01 3.89696058784639e-03 -2.59938392395694e-03 1.93127100293553e-01 -6.46990410598111e-04 -1.36317797889402e-04 -2.56588063198720e-04 -2.27022899899615e-05 -2.53761328037495e-03 1.11374250018857e-04 4.39322725882496e-03 1.48529713154579e-05 5.31259366653375e-06 8.19580041430986e-03 2.43779956728312e-04 -1.39956301429985e-02 -1.65305133694934e-05 -4.22013896092315e-05 7.65452632874266e-06 3.56280600539654e-05 3.89043006507437e-03 -2.48512537376251e-05 -5.03040551093053e-03 -3.79620285239023e-03 5.96505254750701e-03 -1.49050055440885e-01 -2.59097789339631e-02 -1.41214273925831e-02 1.37072374156315e-03 5.16404181395657e-04 2.11388893902588e-01 -7.40531152684168e-03 4.38553114075648e-03 -1.64037067767098e-02 1.80613800805259e-03 -1.78326525264433e-04 -1.14353931194056e-04 9.76029593429665e-05 3.24905216951790e-03 1.62620379651867e-04 -5.20260050632571e-03 1.83846147127180e-04 1.89650858469117e-04 5.77068913837030e-03 2.89742466602665e-04 -9.48591299195368e-03 -4.21803953814539e-05 1.30118931535349e-04 -1.16637805776514e-05 -3.37777638648071e-04 -2.92421405946723e-03 -2.37854079314293e-04 3.92005531899971e-03 -6.25601262562856e-04 4.61689522942700e-04 -1.15328755414062e-01 -2.34665986582400e-02 -3.98033193610026e-02 -2.80057686560938e-04 1.67589482721867e-04 4.70633141775108e-01 5.63861764721272e-03 -3.68565336261023e-03 -1.91226423720362e-02 2.90037294501579e-04 2.88068715285347e-04 1.07295290788496e-04 1.87339923994291e-05 -5.28519574226847e-03 -8.89184025164508e-05 9.17203923985572e-03 3.65308092567555e-04 -4.37006019874465e-05 -5.85777328342411e-03 -4.86199971166837e-05 1.01457860714230e-02 2.70979170799310e-05 -2.06372582902824e-05 2.39295668098876e-06 8.93865901185837e-06 -1.60104075874595e-03 -6.15072081618400e-05 2.02576211431484e-03 -2.48894050037213e-05 2.45120708385463e-02 2.59353003616421e-03 2.29087436213926e-03 -9.04345789034022e-06 -6.10073963800460e-04 5.37854185109366e-03 -6.26118331218601e-04 -2.34673808682954e-03 5.91068840215064e-05 5.89614878487068e-06 7.94979756184576e-04 -1.11645358850026e-03 -1.96690154104457e-04 2.82672779615898e-03 2.34929134873753e-02 2.66646534757709e-03 2.22690642602353e-03 4.59183613363193e-04 4.18373456563807e-04 4.92775914072992e-03 2.79095014012555e-03 1.77744017343041e-03 9.32985739002097e-04 6.35784768322408e-04 9.22796749419632e-05 4.85733461743318e-04 -6.99742365387235e-04 2.87900893072609e-03 1.11888266275656e-02 5.44140840009347e-03 2.40819795071581e-03 -3.59731784518919e-04 2.68394061678836e-04 5.36355884151603e-03 -2.64858611407440e-03 1.23809173644762e-03 -9.32216455258613e-04 -6.31742827415226e-04 1.59739632200215e-04 6.17998201741274e-04 -7.86823504800847e-04
 7.88204074505607e-06 -5.08900180101609e-05 2.31417788077500e-04 9.24516934340375e-04 -3.91426707852621e-04 2.32532408961035e-03 2.01344340976322e-05 1.82243904261905e-03 -6.87617321130840e-02 -1.14897852173199e-05 -6.46990410598111e-04 8.53654339042184e-03 6.76401446706128e-05 8.03529952567208e-04 3.22090914382904e-05 9.36442743187680e-06 -7.37206359514983e-07 -1.08445108965633e-05 1.88480595778844e-03 -1.09219630162750e-06 -3.51084667084655e-05 -9.01723079811649e-05 1.02978499878551e-04 -1.44225612173782e-03 -9.46350044932107e-06 3.74018490069904e-04 2.99693057328326e-06 -1.29761780699744e-06 1.52177759991095e-05 1.12795652571009e-05 8.08856022159823e-05 -2.76450832846932e-05 7.45488199046657e-04 -7.00045011621197e-04 1.12108157108665e-04 5.33866547390045e-03 -3.36427230375527e-04 -1.15966436683573e-03 -6.18673676710080e-02 -3.34418375639318e-04 4.01273415809837e-04 1.10003203351703e-02 -1.07243094877930e-04 6.07016639453553e-05 9.40177607856433e-04 -4.42226564874718e-05 -1.36375502720378e-05 5.12452314512142e-05 1.73947102325286e-03 7.66241068979540e-04 -3.34357880654438e-04 -4.14176278558860e-05 -1.11031326771798e-04 -3.00524736812494e-04 -4.75860389917747e-05 1.00341015806308e-04 -2.23779337408232e-05 4.07140307082831e-06 4.40532535475861e-05 -5.02494476378264e-05 5.66795759622592e-06 8.01908957856465e-06 8.39621583081762e-05 -1.95008599376577e-04 7.96382938351406e-05 3.46105655068439e-03 -4.54606918499158e-05 -1.58577487240262e-03 -5.95480207051557e-02 8.79110831470617e-05 -7.18874579754030e-05 4.56662211522317e-03 -6.37048256846259e-05 -1.36209926347040e-03 4.83777615615300e-06 1.78258350111511e-05 4.45754060904925e-06 -3.12087054604136e-05 -1.51679151193352e-03 -1.04501558463539e-06 3.24170664127035e-05 -3.66057606187047e-05 -7.32892636302751e-05 -3.07248631850372e-04 1.08072050520659e-05 7.70468998339020e-05 -1.56989325984279e-06 8.84510432490515e-07 -3.91611185087189e-06 -1.19154871238413e-05 6.80418285896445e-04 -6.13297789263314e-04 2.52921353312462e-04 -1.79356860181767e-05 -4.98982982708310e-04 4.39842859954447e-05 -1.97285034454744e-04 -1.40009546384375e-03 -2.62716094135908e-04 1.98866095480566e-04 2.19405114697837e-04 6.08640100228031e-06 7.38036146482701e-05 1.68483693944963e-05 -7.43123650368407e-03 4.65413618762842e-02 -1.37062331797527e-02 -6.63396497230067e-04 5.40645737263329e-04 6.76582603742235e-04 -9.59963870585335e-04 3.14715000563005e-04 7.32314138935442e-04 -9.99267806052731e-05 2.34290912593817e-04 -6.26703128271264e-05 -1.79180991201283e-04 1.39544758815386e-05 7.01936102837202e-03 -4.67511334738136e-02 1.35730760058391e-02 6.62306637900389e-04 5.65099622756460e-04 -6.72073065706003e-04 9.76830633069520e-04 3.26687013806715e-04 -1.12175380011684e-03 -1.12813729325764e-04 2.32115832073164e-04 1.38428399079316e-05 1.52018081215274e-04 -1.57663014393122e-05
 -3.28374338289818e-06 -1.04558356800750e-05 5.23206291945638e-04 -7.65100264718590e-04 1.74757247197344e-04 1.12690658115282e-04 2.27659200297307e-03 -7.87465886656845e-06 -5.72631924766882e-04 -6.85298438940545e-02 -1.36317797889402e-04 6.76401446706128e-05 8.52038016824314e-03 1.20895809841316e-05 6.06699390451934e-06 -3.31749893705001e-05 8.04269982497436e-04 1.78798089159309e-05 3.31341553233293e-05 -1.00594117287687e-05 -5.63574804602262e-06 1.65985221401802e-03 -8.84147489541722e-05 1.57037588069093e-05 -2.75496018198525e-05 -2.32052330132188e-06 9.04622940193020e-04 -1.17481463729352e-05 -1.16490088017353e-03 1.80808121711218e-05 -5.65864384212829e-05 -3.75662464578722e-05 1.44665486453376e-03 1.72036804519794e-05 5.69044309435421e-05 -1.42795198759643e-04 5.52741015917510e-03 2.01119139086445e-04 -1.65654056722184e-04 -6.21504705535603e-02 -1.29816211920647e-04 -3.42985587571698e-05 1.12662015171761e-02 -1.61859173572363e-05 -7.61262134441569e-06 -8.19109423201713e-04 6.98527866461445e-05 -4.96205798348194e-04 1.75945270274845e-04 2.66907723053719e-04 -3.81253704110455e-04 1.52203016765415e-03 -2.93943472847880e-04 2.96042550267817e-05 1.86594784606375e-05 1.63637386179951e-05 2.55389322554303e-04 2.19104100108798e-05 -2.81644732791462e-04 4.15114606416072e-05 2.32671197275808e-05 -8.50659086595537e-06 6.08299971926328e-04 1.58629461648542e-04 5.80234079119929e-05 -3.82623031967529e-06 3.35451364124061e-03 1.98060112324058e-05 -5.26813892477468e-04 -5.91968419154579e-02 6.67865395614324e-05 2.54728004399913e-05 4.47825386855930e-03 -1.28789310914018e-05 3.89098404689964e-06 -1.05567886383556e-05 -1.33979345216179e-03 -7.64251401601314e-07 -3.56924559416960e-05 -1.06694633155649e-05 1.48328285664425e-05 -1.59356720842414e-03 3.04995471089223e-05 -9.84411467153774e-06 -1.14837332355926e-05 3.83014082543738e-07 2.01382487562599e-04 -1.14359934742620e-05 -2.47784374391319e-04 -5.49832016171244e-06 8.02669570271876e-03 -5.34664155257363e-02 1.55027263829362e-02 8.16619063978548e-04 2.37186656807158e-05 8.82324611135561e-04 1.24983732076061e-03 -1.96556475049375e-04 1.04580097897968e-03 1.08953157170486e-05 2.51036288585131e-05 -2.13261075564404e-04 -3.22080021843293e-04 -2.35486774782349e-04 -4.50191964837799e-03 2.76953053780519e-02 -8.09341964345092e-03 -3.94201386510779e-04 6.95594279606405e-04 -2.54318265120488e-04 -4.72910542642522e-04 7.60869612441743e-04 -4.99898213723008e-04 -1.84508296713554e-04 3.24822674539413e-05 -2.11124115010734e-04 1.22143066451953e-04 -8.70324909882014e-05 -3.93284463119698e-03 2.75635816351425e-02 -7.93946799518600e-03 -3.90337818014078e-04 -6.95077736668556e-04 -2.12381664586217e-04 -7.80134858165583e-04 -1.03544702343523e-03 -8.08423977921529e-04 2.03095786096603e-04 -3.78374357779148e-05 -2.06740232079661e-04 2.82206742917504e-05 -6.43405615196370e-05
 8.08487277919206e-05 -3.53392510105379e-06 -2.68730202989544e-05 -1.65737196640865e-04 -2.98764078726714e-06 1.06016798291322e-03 -2.78999526887838e-07 5.67838387677246e-05 -2.09135407220764e-02 -4.35608631216946e-05 -2.56588063198720e-04 8.03529952567208e-04 1.20895809841316e-05 8.16632218352747e-04 -1.68171559048990e-05 2.67680218088425e-06 3.70317839642299e-06 -4.29990749628511e-06 8.69977167073678e-04 -3.76497844963320e-05 2.92908868555413e-06 1.68422082203441e-05 -1.44092511007327e-05 -2.56178296013508e-04 9.33878667945927e-07 6.56746736519301e-05 7.90272603418758e-08 -7.74012369809607e-07 2.43370519594918e-06 -1.85427038313674e-06 -3.98614201846133e-05 -1.60478325351006e-05 -6.14133669913780e-05 4.49585958717592e-04 2.61550300159218e-06 -1.49779403422790e-03 4.18084026196109e-06 -3.65950458615025e-06 1.45338302579112e-02 1.04364597864843e-04 -9.55388336148750e-05 -1.09535490110148e-03 -4.71554613914755e-05 4.65531501303027e-04 -3.63340657016462e-04 2.71296089284500e-07 2.22729808819429e-06 7.50236948035217e-06 4.66730489996689e-04 -3.39996292844503e-04 7.08405467981483e-05 6.42424618696135e-06 -4.73012111029348e-05 -2.46156312253784e-05 -8.84042259688309e-06 -1.14322692614981e-06 7.85325167997944e-06 2.96232629876477e-06 -2.85651973241972e-06 -1.52528239547265e-06 -1.08775814291123e-05 2.71096228258622e-07 7.55105893000246e-05 -1.18054982322427e-04 9.02495423823048e-06 9.88227732061291e-04 3.53193075995731e-06 -1.31414965552321e-04 -2.54018417185503e-02 -7.28907080044701e-05 -3.99501225233771e-06 1.37338453893081e-03 1.69578493734512e-06 -5.33707614304484e-04 -1.13714352902058e-06 -2.23901129728469e-07 -2.24728089771395e-06 -1.75701449419867e-06 -8.66408437854526e-04 3.46471809564058e-06 5.84898953724883e-06 2.37938732792199e-06 -8.72575900990149e-06 -1.91428922676715e-04 -8.30957415080146e-07 5.01866991335993e-05 1.14617093855521e-06 -1.73092563807593e-06 9.03121516377494e-07 -3.29595040044533e-06 -1.31811360035077e-04 9.16617568829613e-05 -1.94456999739735e-05 2.20483604949892e-06 1.27734626611504e-04 -9.28341320333778e-06 4.66185598391195e-05 3.28291151977403e-04 3.37622161915964e-05 4.28298164892307e-06 -6.54536638066007e-05 7.10577628757552e-06 -1.59171119362423e-05 5.03109127087253e-06 1.75413122390104e-03 -1.47746511211891e-02 3.16032087292160e-03 7.26712597433781e-05 -1.30818432641182e-04 -1.66772743358396e-04 6.33455937028180e-05 -1.01795736148917e-04 -1.90236628230322e-04 4.93028536947098e-05 -2.53117263891350e-05 -2.65308474974653e-05 2.39256660014445e-05 1.88072184298353e-05 -1.81002362002995e-03 1.46462519743742e-02 -3.14485824706190e-03 -6.99098718735517e-05 -1.21104967113863e-04 1.58055198356293e-04 -1.54508782119562e-05 -7.29726531306525e-05 2.60953238442331e-04 4.51749125312779e-05 -4.72883796720409e-05 2.86930115489786e-05 -1.75632300130784e-05 -2.59756622981555e-05
 5.50705047751867e-06 -8.57049510931299e-07 -1.34402195686915e-05 2.25881984029989e-05 -1.00851525438837e-05 -1.37960957421805e-05 3.90866761913511e-06 4.98290510798760e-05 1.28214331407109e-04 -8.45312062380148e-05 -2.27022899899615e-05 3.22090914382904e-05 6.06699390451934e-06 -1.68171559048990e-05 6.67273377954720e-07 3.41617561089675e-07 2.37474448851028e-06 -4.98235674451676e-07 -1.15876882882755e-05 1.02708717759431e-06 -1.64828966043227e-06 2.02066317396278e-06 3.47660991249220e-06 -2.18745550447910e-06 -8.63595121235280e-08 5.79232514254869e-07 8.46662357478556e-07 -3.62814929599127e-07 -1.04139133102207e-06 5.86458105256763e-07 1.40081187874798e-05 1.21317157988080e-07 1.56119426083747e-06 -3.75716053960410e-06 2.75195343097010e-06 7.35690651692528e-05 -3.25847559124635e-06 -3.25888269098940e-05 -7.78196368994365e-04 4.17182253977864e-06 5.54577633787689e-06 9.84942382173108e-05 3.14819836101202e-06 -1.20960083395539e-05 1.56538296410706e-05 -1.64971924029441e-07 1.10106917942647e-06 9.71665804587600e-07 -1.66712747656143e-06 1.39433822745163e-05 -3.79515923412420e-06 1.49897296377019e-06 1.82784597786565e-06 -1.20244007272314e-06 -5.52046308493739e-08 7.13262579952008e-07 -2.41085373060555e-07 1.93265764858233e-07 8.45734273258039e-08 -5.81093895553823e-07 -1.64947023098406e-07 -1.40125634883393e-07 5.20082749321104e-05 -2.70000637184726e-07 5.62308625956538e-06 -4.76237959191893e-06 3.71521956437129e-06 -7.62069334449038e-05 3.06364084945748e-04 -9.05136114424447e-05 -1.23129564523686e-06 -8.22626117763099e-06 5.19584277336058e-06 5.74416348727635e-06 6.48961169254958e-08 7.09872153742724e-07 -1.90221924440621e-06 -1.18153256856165e-06 1.36287767070348e-05 -1.09045684123917e-07 8.90696522341672e-07 -3.28848164297228e-06 -1.66832839464658e-06 3.19817530116874e-06 8.18802170606199e-08 -8.54009320693383e-07 3.77969700323285e-07 1.78899053501643e-07 -5.63034506196340e-07 -1.58373528150894e-07 7.37173739785804e-06 1.14790342306785e-06 2.21391275642485e-06 -1.91562719471434e-07 -6.57975756855725e-06 7.21836373036322e-07 -2.43316922954700e-06 -1.76003693445177e-05 -1.95289099018882e-06 1.14764465579234e-06 3.15878147190202e-06 -1.85211791246406e-07 9.52509529587214e-07 -1.92404323305312e-07 -9.14744098781336e-05 6.67208540307704e-04 -1.66923458242464e-04 -6.36538258724579e-06 6.55978056757449e-06 8.61057410183190e-06 -8.50217894544881e-06 4.01888680398597e-06 9.54724217286887e-06 -2.08743184281852e-06 2.07556270832317e-06 2.80123739447308e-07 -1.72252812694489e-06 -2.54754900470812e-07 9.50188678742248e-05 -7.07430195794050e-04 1.73227432231243e-04 5.76241922982041e-06 7.14115559186878e-06 -8.54185576564495e-06 5.77374525452957e-06 4.69672156508549e-06 -1.40824311668745e-05 -1.80834540741081e-06 2.75092952968659e-06 -6.86179640274787e-07 1.44230016169343e-06 7.95820862169680e-07
 2.30029919348491e-04 2.58503806200290e-04 -2.14747288663819e-02 6.35736463570534e-03 -2.25365531255258e-03 -2.66263238668125e-06 2.08012778283095e-05 6.19377040948889e-03 -3.57054709590992e-05 -1.64778081079540e-04 -2.53761328037495e-03 9.36442743187680e-06 -3.31749893705001e-05 2.67680218088425e-06 3.41617561089675e-07 3.80371778594212e-04 1.64266048121589e-05 -6.57310318244328e-04 -1.26798127527016e-05 2.02852241603184e-06 6.06119539644101e-05 5.66837943331753e-06 -1.03737170732748e-04 5.38126981045663e-07 6.99644369751285e-07 -2.70714684746878e-06 4.16522986003710e-06 -4.80642681349798e-05 1.63154619223747e-06 6.33832144212140e-05 -3.24036284085633e-05 8.14898290701255e-05 -4.89657543697317e-03 1.60431643309284e-03 -8.67365700294040e-04 1.12748362811287e-05 -5.44094321375571e-05 5.37720053846347e-03 -2.96228903600674e-05 6.45904792586858e-04 -1.36275723794600e-03 8.56542946797825e-06 -6.73609219239189e-05 2.38389297813278e-07 -3.10069285798143e-08 9.45330255089475e-05 1.00617845967497e-05 -1.37870913974407e-04 -9.94386667819430e-06 -4.00275691616538e-06 1.73585792957132e-05 1.13303306874613e-06 2.72834377864966e-06 -1.96681116462078e-06 1.19867425428699e-06 1.06469577632579e-06 -3.95566807778567e-05 -1.33685911693955e-05 -2.80501039708186e-05 1.76880529662333e-05 8.92106881787988e-04 1.38580717083514e-05 -7.87169251577090e-03 3.40656348640748e-03 1.38189658712204e-03 -1.87360499521103e-06 3.12822370406003e-06 -1.44467244150167e-02 -4.38518786837066e-05 -3.16022920381792e-04 1.89738949544721e-03 -6.12243697884851e-06 1.00493066168629e-05 -2.24454365024581e-06 -8.43740860232532e-07 1.87291918724100e-04 -5.17402674290877e-06 -3.25339986906294e-04 -6.47755094606617e-06 1.93876464006080e-06 2.70701929849688e-04 -1.55753069635756e-05 -4.67013782034373e-04 -1.71318209422088e-06 1.47985788308327e-08 -1.04863133881590e-06 1.49290181404524e-06 5.49631660059585e-05 -1.68626981744495e-06 -6.89415358587983e-05 1.54636112355329e-04 6.62432741230094e-04 -8.72045688267402e-05 3.81142540049253e-05 -8.63325348282356e-07 -1.72353117480557e-05 1.15396681014850e-04 -1.72899188699644e-06 -8.93663153830720e-05 2.19449248600094e-06 -2.35101778569196e-06 3.42914379445995e-05 -1.37201744361900e-05 -2.04454138397995e-05 2.94726053326799e-04 -3.14836145213853e-04 1.56645671707472e-04 4.58091450862055e-05 -1.32414743227285e-06 8.63116519653513e-06 1.17122986509847e-04 6.21249099554511e-05 4.32815568253826e-05 1.62639814425336e-05 1.00213485746916e-05 1.31024441203118e-05 6.31264831205283e-06 -2.62644572478196e-05 2.91375468993096e-04 -3.43837236528063e-04 1.67032237127364e-04 4.89164584916287e-05 1.64171873503258e-06 6.58436921082213e-06 1.30895390650631e-04 -6.51940401084050e-05 5.43663693914509e-05 -1.64390550202757e-05 -1.46930073698855e-05 1.63817351208675e-05 1.05626624177423e-05 -3.18391568408927e-05
 5.18644045380900e-06 -5.46827345316908e-06 -4.49592249314651e-05 4.83580125000838e-05 2.82902279294825e-05 -1.84738688894689e-05 1.05095053921395e-03 7.15473450261819e-05 -3.20748443963766e-05 -2.08838461877832e-02 1.11374250018857e-04 -7.37206359514983e-07 8.04269982497436e-04 3.70317839642299e-06 2.37474448851028e-06 1.64266048121589e-05 8.07798748751913e-04 2.95452623588508e-06 -1.16869176555901e-05 1.18631470595411e-05 2.98450868681993e-05 8.82372512224633e-04 1.80989327772805e-05 -2.67772889579075e-06 9.83973281871734e-07 -1.83840519524802e-06 1.60908664641691e-04 -4.55223517049466e-06 -2.07802798748693e-04 -1.44058002191673e-06 5.36279501731434e-06 -2.79392041737346e-06 -5.04254252239392e-05 -5.24746780878736e-05 2.24888959045195e-05 -1.45862079607452e-05 -1.33839809438702e-03 -7.40030617140551e-05 3.56277420220010e-06 1.43098251382882e-02 9.60440162708054e-05 5.48619597840577e-05 -9.99170330959513e-04 2.93426587681875e-06 8.32099513718190e-07 3.22012207808966e-04 4.70026874519695e-04 1.88906386472398e-04 -2.91680434324420e-05 -2.82469737883346e-05 3.41939201250753e-04 4.80079257389030e-04 1.80979344622133e-04 2.26146464274589e-06 3.88727686012911e-06 1.69813956042142e-05 1.43861690690471e-05 3.81672419551950e-06 -3.49396053224652e-05 -7.11875611491912e-06 7.86582826868566e-06 -2.77819021536929e-06 -1.38340808332918e-05 1.60113525250423e-04 3.10540485062887e-05 -2.03530498658737e-06 9.84161602099892e-04 -9.18515417961928e-05 -4.39715484802658e-05 -2.53431068829152e-02 3.94209795018031e-05 -4.24271629577270e-06 1.38850044450444e-03 -8.54151583977713e-07 2.10154031342940e-06 1.69699148216184e-06 -5.30791313562844e-04 -1.46001763773287e-06 -3.12974101807469e-07 -4.07860816900916e-06 -2.72667077568525e-06 -8.65165511779195e-04 4.94593993465859e-06 1.78457881488290e-06 -2.14715060479904e-06 1.95097647275050e-06 1.24876790976837e-04 -2.51370187397412e-06 -1.57433146007131e-04 1.59794822620474e-06 -2.13424193458377e-03 1.66401536673876e-02 -3.65040044184987e-03 -8.05523116576209e-05 -7.58115006723445e-06 -1.91182153709054e-04 -4.19698477893710e-06 8.04715901474038e-06 -1.63912505179026e-04 4.11921925163541e-06 5.15596765315174e-06 6.53482006274488e-05 4.49127871499183e-05 -1.99995575696658e-05 1.08938601458872e-03 -8.40828681724266e-03 1.85635268857225e-03 3.71704659732242e-05 -1.57001153059320e-04 5.78071651823097e-05 -2.14715696873517e-05 -1.87924055913054e-04 1.54908322763882e-04 1.12694411278593e-05 9.42619392349084e-06 1.24635567447538e-05 1.27511951462456e-05 4.22401397417752e-05 1.04752082659119e-03 -8.42023153937413e-03 1.76370635790763e-03 3.61706347322665e-05 1.57205221859319e-04 6.23122669121658e-05 2.62651360961227e-05 2.32241625606220e-04 2.33012052073892e-04 -2.33203838869492e-05 -1.89031160274923e-05 3.35793686071485e-05 2.02364483532385e-05 5.15044791132156e-05
 -2.24976305877378e-04 -4.46628467752041e-04 3.71318232129794e-02 -1.09860078536598e-02 3.90115026719238e-03 3.94406842050425e-06 -6.36941852364260e-06 -1.07616489906848e-02 2.29821494401012e-05 -8.79790058457619e-05 4.39322725882496e-03 -1.08445108965633e-05 1.78798089159309e-05 -4.29990749628511e-06 -4.98235674451676e-07 -6.57310318244328e-04 2.95452623588508e-06 1.13777755865629e-03 2.20816722373577e-05 -2.83788765050440e-06 -1.04544575726954e-04 1.72174727782974e-05 1.83201240682550e-04 -2.20030371133956e-06 -9.23599623065303e-07 4.86907654680575e-06 -7.80562528668571e-06 8.38465576316909e-05 -2.07813909757473e-06 -1.10911281569993e-04 3.64774312757900e-05 -1.41078179695579e-04 8.46542030395691e-03 -2.76652333181931e-03 1.49653360058776e-03 -1.43103634047500e-05 -2.10992590711929e-05 -9.26684911284655e-03 4.00304280473332e-07 1.39444888169952e-04 2.35136140499584e-03 -3.12696665262280e-06 -3.49507800673281e-05 -2.78817641958322e-07 1.00984477651851e-06 -1.39985357389550e-04 4.49891774542433e-06 2.51095989217903e-04 1.52782384503474e-05 3.88333850821123e-06 -9.67733402826036e-06 7.10325108283700e-06 5.31589374484960e-06 3.03719450234079e-06 -2.07609712253992e-06 -1.10384620861506e-06 6.68152389471136e-05 2.29288767621899e-05 4.95290695670434e-05 -3.11054531682092e-05 -1.55447344245216e-03 -2.42231200953081e-05 1.37431089658351e-02 -5.90984291331952e-03 -2.39140578737324e-03 5.35026632068907e-06 1.09989610973709e-05 2.49663703274099e-02 4.48384741813704e-05 -1.25880647965549e-04 -3.29478765075141e-03 1.29681271050882e-05 8.02753116292844e-06 3.17798686359789e-06 1.52619908191263e-06 -3.24235271057823e-04 -4.21284634578419e-06 5.63464245521644e-04 1.07528926896762e-05 -3.45953272394412e-06 -4.67986188688984e-04 -8.68306323064928e-09 8.06827959802032e-04 2.98507530190777e-06 -2.03261637014151e-08 1.95046801143565e-06 1.56470376997350e-06 -9.53706120855551e-05 -2.36090755790336e-06 1.19739230997728e-04 -4.46599599615204e-04 1.62450735051812e-04 -1.71702142262464e-04 -7.70436973048830e-05 4.98117203843259e-07 1.20554479617435e-05 -2.10806475997624e-04 3.94639461187943e-06 1.36370332536327e-04 -3.54331776913654e-06 4.26444301785386e-06 -5.40224296346258e-05 2.88185059960948e-05 3.65785342055766e-05 -4.26455601497703e-04 -5.17948219425537e-05 -1.24684872822560e-04 -7.41189890436865e-05 -1.07225770612433e-05 -8.98486697177763e-06 -1.99344139668914e-04 -1.22712759650779e-04 -6.19493280987676e-05 -2.58943567900471e-05 -1.68188165146710e-05 -2.02109639269617e-05 -1.15310018501685e-05 4.81250775438586e-05 -4.15312570501950e-04 -8.34344350365883e-05 -1.25340979388244e-04 -7.84956950476636e-05 1.11089201098174e-05 -6.75680905645831e-06 -2.16581393908063e-04 1.33128444811142e-04 -7.60834243046087e-05 2.52575478432485e-05 2.49061766065156e-05 -2.48225419528894e-05 -1.73866996775158e-05 5.79811801836970e-05
 -1.95335407435743e-04 -1.29424316866487e-06 6.51032810052004e-04 -4.49564209902747e-04 -2.92599932198016e-06 1.30051058281106e-03 -1.14548125817373e-05 -2.13969752714409e-04 -2.86926277280473e-02 1.86063429337915e-04 1.48529713154579e-05 1.88480595778844e-03 3.31341553233293e-05 8.69977167073678e-04 -1.15876882882755e-05 -1.26798127527016e-05 -1.16869176555901e-05 2.20816722373577e-05 1.07080256131047e-03 -3.55752766062678e-05 2.03805571044182e-05 -9.44934148956779e-06 -3.90649187503711e-05 -4.31949239278030e-04 -8.60975056012741e-07 1.11515237459705e-04 -6.58130511311644e-07 9.02147092345300e-06 5.37058477634915e-06 -1.25101475518099e-05 -2.21885170936730e-04 -7.51154946640477e-05 2.45973230969569e-03 -3.59148180420907e-04 -1.06051833862862e-04 -6.99242579149047e-04 4.26431769708161e-07 8.26837496276207e-04 5.36138887669206e-03 -4.50315039267630e-04 -1.41038716674184e-04 4.35640572481876e-04 -9.83224005065935e-06 4.42848962525590e-04 -2.15486216284173e-04 -2.90071776171657e-06 -8.97234030028891e-06 -1.33307663623690e-05 6.73905931800875e-04 -2.10858749844492e-04 1.60732302992908e-05 -5.55671729170204e-06 -7.64532579101391e-05 -6.26601787802050e-05 -1.43428417912974e-05 1.20044893996878e-05 1.42547430573343e-05 1.06296442352600e-05 1.21796446302709e-05 -1.71665216860294e-05 -6.59450472773565e-06 7.61485729462033e-06 -7.98673269965640e-04 -1.49739437345161e-04 -1.03417857819923e-04 1.38650364014656e-03 -1.35975493085019e-05 9.68468940284363e-04 -3.16626968863815e-02 2.96957847194444e-04 -2.17058996239109e-05 1.89514196583325e-03 -2.32826029926496e-05 -6.80146343181507e-04 -3.78380834240529e-07 -8.15920235739833e-06 5.48331707554310e-06 1.20762571153062e-05 -1.00866091471299e-03 2.94144243690612e-06 -5.38665643632460e-07 1.03305660622568e-05 2.24847077889111e-07 -2.19417781540795e-04 5.87489138610773e-07 5.69879620276830e-05 -1.05967372497462e-06 -2.84470101526915e-06 2.50650344207085e-06 -2.98636449611286e-06 -2.00689981450836e-04 8.17740169405367e-04 -2.65736209051307e-04 1.10278768116843e-06 5.42536376090065e-05 -2.95347959393642e-05 2.44304043429316e-05 1.18101620230429e-04 -3.20023035621870e-05 3.02393845873018e-05 -3.20696744817485e-05 1.03758643406349e-05 -5.36533686343996e-06 9.43760155360935e-06 3.43717990168035e-04 -5.98947381863661e-03 6.42924522434504e-04 -2.58838668141425e-05 -1.61924238445691e-05 -5.20084352156461e-05 -6.04255690011338e-05 -1.90101841943025e-05 -6.81720188310663e-05 3.19480651481384e-05 1.49337561746837e-05 -3.85131860285677e-05 -1.56709943942155e-06 1.49415111310118e-05 -1.04494385322593e-03 9.10193589979200e-03 -1.61559418308102e-03 1.86939295349549e-05 -7.25420475858781e-05 7.30228951201269e-05 1.16475547362356e-04 -6.47947131762374e-05 1.04748797736917e-04 2.84975636951735e-05 -1.73298225026645e-05 2.55491138445158e-05 2.76828352698030e-06 -3.05522520531945e-05
 3.50940990454640e-08 1.34677287575173e-06 -9.33630515230268e-05 4.05448542022955e-05 -1.36932135286270e-05 -4.35956035791608e-05 1.23804410651987e-05 4.69446996395845e-05 7.41142075816319e-04 -1.74966160076651e-04 5.31259366653375e-06 -1.09219630162750e-06 -1.00594117287687e-05 -3.76497844963320e-05 1.02708717759431e-06 2.02852241603184e-06 1.18631470595411e-05 -2.83788765050440e-06 -3.55752766062678e-05 2.15860884427489e-06 1.17531091076037e-06 9.66212315983376e-06 1.59680475592768e-07 6.16890321552783e-06 -9.07982889879803e-11 -1.61993132361215e-06 3.23848272080080e-07 -3.56852940382621e-07 -4.40401233072217e-07 5.24320151852029e-07 -7.85162928984878e-05 -1.93342608924025e-07 2.18702325413082e-05 -3.63313626590477e-05 -5.03696713731988e-06 1.01015740945439e-04 -4.11842969962324e-05 2.57369381839594e-05 -1.02603375328283e-03 4.21953974050420e-04 3.51266626295429e-06 1.08016733582953e-04 -4.76663404405033e-05 -2.32496889303350e-05 2.28553814146636e-05 8.23518306677683e-06 7.95615128455840e-06 3.80717974529598e-06 -1.64979559509371e-05 1.95968437710295e-05 1.81948276172959e-06 3.66998660200368e-06 6.11095200929105e-06 -2.13744031316931e-07 2.36947421141417e-07 7.89638191006928e-07 -9.91561098702350e-07 -2.73036751561779e-08 5.30588898866423e-07 -5.30081161006279e-07 4.61927859012523e-06 2.54379798074822e-07 -9.84369477902381e-05 3.09575363990400e-05 5.75119475247475e-06 -3.39753392000750e-05 7.56248946647007e-06 -4.90316541101817e-05 1.01157598479490e-03 -2.78354774269824e-04 1.37401916403999e-05 -4.84738208206691e-05 1.16007006746090e-05 2.07295943259235e-05 1.04268070905695e-07 1.05567218813446e-06 -5.49828559373647e-06 -1.64565232721493e-06 3.70074648416460e-05 -2.16473099248485e-07 8.48487459658134e-07 -1.11565726944524e-05 -1.75563637388641e-06 8.34061050788602e-06 8.60742038050227e-08 -2.16445858375582e-06 1.58083059932462e-06 3.98337477725422e-07 -2.16301908502525e-06 -2.46963136303791e-07 -5.25422047346225e-05 4.58438717697719e-04 -1.12184814533097e-04 -3.84890988817487e-06 -9.00115723204253e-06 -5.75068224792633e-06 -6.49392524903427e-06 -2.25288207233884e-05 -9.93570301750377e-06 7.57170763568747e-07 4.35315249764217e-06 1.66134681680785e-06 2.85345001192034e-06 7.59035905763703e-08 -9.42375963467190e-05 7.60878164240057e-04 -1.74912052123635e-04 -4.95844107196753e-06 4.88917122210791e-06 1.36344124942023e-05 -6.27589398449774e-06 2.07616908395819e-06 1.77627528209399e-05 -2.22118913850412e-06 2.61379964363189e-06 1.85366054372408e-06 -2.16252044529850e-06 -7.67590946503194e-08 1.52039278316059e-04 -1.16797422459419e-03 2.70553280118414e-04 8.48050925699886e-06 1.30682537248656e-05 -9.18766860407499e-06 8.44170014179835e-06 1.12884928383808e-05 -1.15094632304448e-05 -3.83046375023055e-06 3.12643012815322e-06 -1.82704196855589e-07 1.88904209614487e-06 2.14397847010514e-06
 9.27750808060949e-05 3.47161935835267e-04 -4.63371763418116e-03 -1.33894814054720e-03 2.03350922168863e-03 -1.15685609901271e-06 3.68394106170958e-05 -1.28568055693739e-02 -5.29801685358470e-05 -6.23672509672779e-04 8.19580041430986e-03 -3.51084667084655e-05 -5.63574804602262e-06 2.92908868555413e-06 -1.64828966043227e-06 6.06119539644101e-05 2.98450868681993e-05 -1.04544575726954e-04 2.03805571044182e-05 1.17531091076037e-06 5.18477557694726e-04 3.40250408844838e-05 -8.85180414158355e-04 -8.68353717748131e-07 -2.14618610786288e-06 -3.53179533262286e-07 7.15395920522397e-06 1.19290949002493e-04 -4.79781876727344e-06 -1.53802069042927e-04 1.32782177744901e-03 2.00837468423789e-04 -4.46509049991173e-03 -2.66568548882236e-03 -1.00487051866516e-03 4.33060973855276e-06 -4.29419529529078e-05 1.11097915770589e-02 1.38591204282962e-04 8.42886139602678e-04 -7.43366944913524e-04 2.36146921792114e-05 -8.10069691018926e-05 3.84778721472508e-06 -6.58217884526813e-06 1.77415696016750e-04 2.32555715312902e-05 -2.59494429011078e-04 1.79733169257835e-05 1.76182100171492e-06 2.29381867084373e-04 1.97779483652399e-05 -3.52629501805112e-04 -2.65024843968125e-06 5.84430349577431e-06 2.87663715927183e-07 -1.69297349321382e-05 -1.08123890968550e-04 -8.82582082624668e-06 1.45200077362833e-04 5.09023466577861e-04 5.67874399445486e-05 -1.97811103960678e-02 2.08603810164280e-03 -1.25417186874569e-03 -1.21595560673908e-07 2.77124520588104e-05 1.79210160245227e-02 -9.28241690636948e-05 -8.46511303782507e-04 9.58387315642203e-04 3.22229687822446e-05 4.84140337302405e-05 -3.84948006094761e-06 7.23741553688660e-07 -1.37789402465056e-04 -1.78431633210569e-05 2.39162984025219e-04 6.08603887749999e-06 -1.15729931098049e-06 -1.79600012049827e-04 -2.57768314139777e-05 3.13652064163848e-04 -1.53405520563666e-06 -9.72778069303871e-07 -4.19931076703424e-07 3.55401291735764e-06 -3.23490892033837e-05 -7.82325676083168e-06 4.05183871721618e-05 -2.37788400170940e-04 3.26107057106894e-03 -5.15963674951112e-04 9.37923108744048e-05 4.11442901002970e-06 -7.49690142710989e-05 2.54827403576466e-04 -1.82342274188789e-05 -1.87920219035345e-04 2.38523985620028e-06 -1.95981852201025e-06 5.04533335664571e-05 -4.57859748642408e-05 -1.23620001148150e-05 4.67741474552051e-05 1.76217076476143e-03 -1.82887098524503e-04 1.00555188651907e-04 4.17209758899551e-05 3.44521102633903e-05 2.48709805928085e-04 1.72839564867569e-04 1.15286816545024e-04 4.37634008755111e-05 3.63954802080916e-05 3.80380541377811e-06 2.24083381253954e-05 -4.00943391819690e-05 -4.22123211767147e-05 2.05760671215804e-03 -2.55716017343940e-04 1.04539043381606e-04 -4.56626996557532e-05 3.85437415607949e-05 2.57779226131759e-04 -1.74605892048470e-04 1.11115076492325e-04 -4.19086659931261e-05 -3.67475776005043e-05 1.16084316909155e-05 2.70488839739554e-05 -4.47160067796430e-05
 1.37454106299236e-05 -7.79752215729452e-06 4.16654598641312e-04 -1.93070921316466e-04 1.23788945622733e-04 -9.08767675474184e-06 1.27198265187015e-03 -2.13747682128128e-04 2.72555114645251e-04 -2.76462316456788e-02 2.43779956728312e-04 -9.01723079811649e-05 1.65985221401802e-03 1.68422082203441e-05 2.02066317396278e-06 5.66837943331753e-06 8.82372512224633e-04 1.72174727782974e-05 -9.44934148956779e-06 9.66212315983376e-06 3.40250408844838e-05 1.04480124795740e-03 -4.47943594403177e-07 1.17131457598630e-05 -1.68406413130884e-06 -5.34545316597490e-06 2.51075274892418e-04 -3.82773113053916e-06 -3.24188976145364e-04 -2.27553298357565e-06 -2.22382923368336e-05 -4.15397906306378e-06 5.33218197816313e-05 -7.69456067293553e-05 3.97834885145701e-05 -1.45255931136114e-04 -7.61637297931849e-04 -7.31623577937854e-05 1.25902508759759e-03 7.89790940378398e-03 1.03490283520174e-04 -1.32596759494534e-04 1.50982916019703e-04 1.36579929250859e-05 -2.33234970542552e-05 2.36292173523943e-04 4.73325347538197e-04 1.37654846300129e-04 -2.17535655762032e-05 -2.12892985639554e-05 3.09087222624582e-04 6.31006637605589e-04 1.46407172817520e-04 8.70603571045271e-06 6.17428253678890e-06 1.70471738402940e-05 4.09953603169115e-05 4.79045586727597e-06 -6.36602939959604e-05 -5.56006939280642e-07 3.12845769818663e-05 -3.35075517145994e-06 -2.48160005734105e-05 1.30099016851206e-04 -5.92006023536039e-06 -2.25094399334437e-05 1.31627343987147e-03 4.34128911106568e-04 1.01999523398864e-05 -3.11237218619147e-02 2.00124533666486e-05 -2.57268039976900e-05 1.83122355220157e-03 1.64722211117688e-06 2.40389851939101e-06 -5.06761620269415e-06 -6.62070312727816e-04 8.28402667097444e-06 -7.28806752845265e-06 -5.06056972063717e-06 -9.58177795087610e-06 -1.01838772556317e-03 2.27771012023361e-05 -3.77730777590174e-07 -3.47328424043515e-06 2.34451855768704e-06 1.44245588619087e-04 -5.23008758808623e-06 -1.81125443061577e-04 2.99951886232270e-06 -1.31296338056967e-03 1.10660048941420e-02 -2.04166815566540e-03 3.40703285965516e-06 5.45744410478127e-06 -1.00252890810241e-04 1.26524484781946e-04 1.67043398775277e-05 -5.09817457918710e-05 2.52900841496063e-06 2.78681248237658e-06 4.29270556426868e-05 1.01817388770287e-05 -4.35449910245094e-05 7.81965325017202e-04 -6.62244584113394e-03 1.31168558701669e-03 8.42407522239903e-06 -9.70485580663967e-05 1.70295259747506e-05 -5.42800208259973e-05 -1.16876456441831e-04 8.72001804881345e-05 -4.60354579540422e-06 8.56630386104081e-06 -8.97951629779429e-06 2.82875412984889e-05 3.36638693939443e-05 4.94870600310982e-04 -4.51568762711445e-03 6.77039964240381e-04 -1.46934241367084e-05 7.47885376862882e-05 5.37208515737103e-05 -6.71891481522006e-05 1.19393919784772e-04 1.71567712533474e-04 1.86348056666682e-07 -2.70557872374395e-05 1.28039596954278e-05 2.04000256743611e-05 4.43523223151288e-05
 -2.70665264733752e-04 -5.94724212123674e-04 7.94803040532557e-03 2.28441159541629e-03 -3.47433306552477e-03 -6.03462265166810e-06 8.63449447022773e-07 2.18634600777540e-02 7.75361687281129e-06 3.14257298356306e-04 -1.39956301429985e-02 1.02978499878551e-04 -8.84147489541722e-05 -1.44092511007327e-05 3.47660991249220e-06 -1.03737170732748e-04 1.80989327772805e-05 1.83201240682550e-04 -3.90649187503711e-05 1.59680475592768e-07 -8.85180414158355e-04 -4.47943594403177e-07 1.52143479101151e-03 -4.63151423856456e-06 4.25059973483383e-06 1.90255625771352e-06 -1.47220819582368e-05 -2.01529138695417e-04 1.13465304361175e-05 2.59168769185901e-04 -2.20161538950804e-03 -3.50881414604654e-04 7.95196276416339e-03 4.49471065913233e-03 1.69637166683881e-03 5.77232730745359e-05 -1.93613021189500e-04 -1.88187321583836e-02 -9.33567287732720e-04 1.44193239334612e-03 1.24504531847020e-03 6.29752708701576e-05 -2.14804047957425e-04 -1.41636493865018e-05 2.46732876707582e-05 -2.48545612921697e-04 9.13782208741961e-06 4.70185388365544e-04 -3.36822580168568e-05 3.97023931343733e-07 -3.49484240330302e-04 -1.57924212585029e-05 6.25377563188032e-04 2.58220585131336e-06 -1.00711171540415e-05 1.69298317179637e-06 2.59856628572772e-05 1.85808255315750e-04 1.91505607680422e-05 -2.51534237859141e-04 -8.71403213190749e-04 -9.71659539309514e-05 3.40887145406047e-02 -3.61179501867133e-03 2.13436752177866e-03 6.26429696108461e-06 -1.50360983196714e-05 -3.06319656283717e-02 2.20910156832528e-04 1.48706211656196e-05 -1.67142688087517e-03 -4.93452346427134e-05 -3.18045331626543e-05 7.18037300657959e-06 -1.04133581574377e-06 2.34639243601881e-04 2.70825016982948e-06 -4.06650269974982e-04 -3.81873142145006e-06 1.67205088487237e-06 3.07408715591801e-04 -1.46583289332518e-05 -5.38247466568445e-04 4.49204976789690e-06 1.75988663764663e-06 5.31298653825670e-07 2.95151849321973e-06 5.48396927405622e-05 1.78277781958602e-06 -6.83671621305000e-05 -3.01063753836165e-05 -2.41836268103093e-03 9.00647394799001e-05 -1.86998675185323e-04 -1.40678049485675e-05 8.35216839566376e-05 -4.64247402975808e-04 2.01878709184651e-05 2.73594193028615e-04 -2.56906822069305e-06 6.08032153582479e-06 -7.37794276885263e-05 9.10610524262449e-05 2.45128831100077e-05 5.18304197478085e-06 -3.70050488173481e-03 4.66255480781104e-04 -1.65509458107387e-04 -9.24954876351447e-05 -3.67600974082868e-05 -4.22906961373464e-04 -3.24337588527818e-04 -1.58668736868290e-04 -7.10928456050674e-05 -5.85819972913234e-05 -1.19418967298585e-06 -4.12819807469320e-05 7.41307778966004e-05 3.10594003057835e-04 -5.40086244937926e-03 8.85478896170928e-04 -1.60378193039028e-04 1.11565944053912e-04 -5.95096497685470e-05 -4.12314528579462e-04 3.45035624262250e-04 -1.57513190293830e-04 6.30116515320671e-05 6.33773758664264e-05 -1.23813353350728e-05 -4.33341604824893e-05 8.31689667109944e-05
 4.36529549572394e-05 2.92833545264500e-06 9.94368391086885e-06 -5.30986654342501e-05 4.07053312658600e-06 -5.28941217053580e-04 -1.60050950592937e-06 2.02943982698108e-04 1.39693095591401e-02 -1.22991754822469e-04 -1.65305133694934e-05 -1.44225612173782e-03 1.57037588069093e-05 -2.56178296013508e-04 -2.18745550447910e-06 5.38126981045663e-07 -2.67772889579075e-06 -2.20030371133956e-06 -4.31949239278030e-04 6.16890321552783e-06 -8.68353717748131e-07 1.17131457598630e-05 -4.63151423856456e-06 2.63733244684654e-04 1.27112115870899e-06 -6.82401784534423e-05 2.15490818135249e-06 -6.01401604787433e-06 -6.07487570022118e-06 6.72317422515470e-06 6.01199391800384e-05 1.11597596688924e-05 -3.51582004095322e-04 1.00933042483289e-04 3.06296856250636e-05 -5.77253531110734e-04 8.23203747777836e-05 -2.87062030900767e-04 7.15312407122820e-03 -3.10976409314966e-04 3.02477984045083e-05 -1.51487931057680e-03 7.71515909215683e-05 -8.50005778087030e-05 -8.54055168880624e-05 -5.41398019229840e-06 -1.32580849806841e-06 -8.35064034116213e-07 -3.43261097887511e-04 -6.20716156672751e-05 2.92740875410109e-05 7.98959946683374e-06 3.50535019432253e-05 5.02685108418004e-05 8.60455134873657e-06 -1.52836341934140e-05 2.02693831531257e-06 4.90456660114369e-07 -8.36725588450152e-06 6.01306162406395e-06 4.69960893165023e-05 -1.64559333941741e-06 -2.03957413567143e-04 1.17400516690245e-04 2.67543965635612e-05 -6.93111972538899e-04 1.31647357956015e-05 -8.19232063153885e-05 1.32819223610710e-02 -6.60290549081145e-05 5.75056720193650e-05 -9.26096896934788e-04 1.82495566909753e-05 2.96110038159772e-04 -5.68270427867782e-07 2.40212901730695e-06 -2.05723312414553e-06 -3.86325546270769e-06 3.73308411102893e-04 -3.56315643771746e-07 -3.64790148889258e-06 4.91435484684455e-06 8.99207704406934e-06 7.82523034796280e-05 -1.52216905687308e-06 -2.00233580141373e-05 -1.41255346050095e-08 1.76939456381783e-06 6.00933315359687e-07 2.09184081149223e-07 9.11526778769638e-06 -5.25269558088933e-04 1.26184397637577e-04 3.88592083793098e-06 5.59147376093067e-05 6.73117075921333e-06 2.05483598051361e-05 1.61919363297489e-04 4.91739138964867e-05 -3.13173637682053e-05 -2.29712771602075e-05 -5.50143337544866e-06 -9.41381325770842e-06 -4.33258716928754e-06 8.81996843400651e-04 -4.87289430357376e-03 1.62752569164589e-03 8.62624459619138e-05 -6.41172183110980e-05 -8.18652074715430e-05 1.27685573108378e-04 -3.55027877292648e-05 -8.94963854066701e-05 5.46067068376443e-06 -3.40087371281865e-05 1.36801541002282e-05 2.35732697870366e-05 -4.24000622716472e-06 -7.61274620745330e-04 4.69566413833767e-03 -1.54319109113085e-03 -9.48320086240192e-05 -6.49328074961769e-05 7.28069200583777e-05 -1.58471806525574e-04 -3.52550220440464e-05 1.20578215475328e-04 1.19958563383996e-05 -2.64173371892040e-05 -7.84196214595802e-06 -2.11078344034895e-05 7.74996708700305e-06
 -4.92103265020731e-05 -1.97268642707593e-06 2.13287883407708e-06 2.08060595182689e-05 -1.10231875450689e-05 -9.26764790708270e-07 -3.39794490953162e-06 9.45276202411011e-05 4.18691693626952e-05 1.50396693664070e-04 -4.22013896092315e-05 -9.46350044932107e-06 -2.75496018198525e-05 9.33878667945927e-07 -8.63595121235280e-08 6.99644369751285e-07 9.83973281871734e-07 -9.23599623065303e-07 -8.60975056012741e-07 -9.07982889879803e-11 -2.14618610786288e-06 -1.68406413130884e-06 4.25059973483383e-06 1.27112115870899e-06 1.47072966384260e-07 -3.50915290783754e-07 -2.52823966390487e-06 -1.26093887923184e-06 3.23647662508088e-06 1.53950700788057e-06 -4.40236431708730e-06 1.74462632594900e-06 -9.30380594036820e-05 3.31846765251682e-05 1.13822170989020e-05 -1.00705107026797e-05 -2.62076334296462e-05 -1.07242168672012e-04 1.19334157570927e-04 2.97797154676730e-04 1.43586696057777e-05 -1.71218332771266e-05 -4.57528097779410e-05 1.15687542737365e-06 -2.07167860270502e-06 3.12866276740646e-06 1.99630458116963e-06 5.24404461630837e-06 -2.22444079910691e-06 -3.18923658325304e-06 2.34268942069448e-06 -3.20121149661516e-06 4.59563865579723e-06 2.34617771966615e-07 -5.24370056544523e-08 -1.14051667179616e-07 -1.15902464019440e-06 1.43153003870358e-07 4.27284329844101e-07 -4.24501296900939e-07 -3.33857425170123e-06 -3.80658810437543e-07 4.25079068229621e-05 3.53253576547902e-06 1.02194736126455e-05 -2.26379836815869e-06 -7.46270120617921e-06 -1.06301768176650e-04 1.82375728400002e-05 9.44026486466108e-05 3.28765207345179e-06 -3.07181826405198e-06 -9.58359124328585e-06 5.46648306267661e-07 -1.73137706187605e-08 1.13889349665172e-06 2.34211761838545e-06 -1.90464524763301e-06 -1.55037593115324e-07 4.40978363330072e-08 6.56457653051852e-07 1.74155056080123e-06 -1.31948149457272e-06 -3.20087483490784e-08 2.46457213502140e-08 3.30365345845585e-08 -1.33509414287001e-07 3.22133971674865e-07 1.77179053741543e-07 -3.44778604284083e-07 -2.86991385791199e-05 2.02433187964198e-04 -5.39557744038327e-05 -3.77770965612950e-06 8.00703770208150e-07 -2.32337540558874e-06 -5.75865519670282e-06 3.63536652836925e-06 -1.77124562350321e-06 -2.83650232298334e-07 -5.09932247889548e-07 6.09807225635950e-07 1.43471433268695e-06 6.96007782418850e-07 4.94882045522882e-05 -3.17480909547708e-04 8.65219990661224e-05 2.31870793705409e-06 -5.98252014855320e-06 -1.03402897047161e-06 1.31757214852668e-06 -6.47631696970350e-06 -1.33671398892875e-07 7.63088597795280e-07 -9.95626843702783e-07 1.04600372011790e-06 -1.89832829649677e-07 9.29862918205558e-07 1.83136075375425e-05 -1.19213568073223e-04 3.31520826611917e-05 7.04682100729726e-08 3.89953726602053e-06 1.40877912703611e-06 6.51594295002290e-08 6.63608133127859e-06 4.98256618239327e-06 -3.85440647045590e-07 1.16165736974778e-08 9.97853468557797e-07 -3.60323936608557e-07 8.32849511199210e-07
 -3.88713233263500e-05 -3.09513105822630e-06 1.61105280406533e-04 -2.99589053804837e-05 6.45750194454166e-06 1.36501208906755e-04 -2.28134642585347e-06 -3.17608134323622e-05 -3.60804643836540e-03 7.12808514057389e-05 7.65452632874266e-06 3.74018490069904e-04 -2.32052330132188e-06 6.56746736519301e-05 5.79232514254869e-07 -2.70714684746878e-06 -1.83840519524802e-06 4.86907654680575e-06 1.11515237459705e-04 -1.61993132361215e-06 -3.53179533262286e-07 -5.34545316597490e-06 1.90255625771352e-06 -6.82401784534423e-05 -3.50915290783754e-07 1.76896500077824e-05 -6.87517383273629e-07 1.17896602773312e-06 1.69249809907257e-06 -1.23304427967393e-06 -1.39579352405366e-05 -4.37861940211947e-06 1.55483159476861e-04 -4.78564634642679e-05 1.42800943356824e-06 1.51424965147693e-04 -1.36274039509915e-05 -2.76471373475857e-06 -1.87443937457285e-03 -5.73853777555600e-06 9.87906226488265e-06 3.94473058446648e-04 -1.03263829836190e-05 2.15687849513829e-05 2.25861023628282e-05 -1.42928888143558e-06 -1.34522253244305e-06 1.31788810260113e-06 8.89939371996302e-05 1.67529944555625e-05 -1.01610669648409e-05 -3.03911998980721e-06 -8.27533465795961e-06 -1.30188870573332e-05 -2.26102154569382e-06 3.91833887947615e-06 -9.00813680523538e-08 4.01714114681366e-07 2.42219654053431e-06 -2.23375364864637e-06 -1.46262491061825e-05 4.63449308522143e-07 4.27748862044443e-05 -4.13936327423765e-05 -1.33498713182326e-05 1.79116845612681e-04 -5.19262048883682e-06 1.02642547548984e-04 -3.42442735548834e-03 7.79561152804065e-05 -1.97831469619920e-05 2.39269224478376e-04 -7.37374275591156e-06 -7.63781569179635e-05 1.49853847370774e-07 -1.34756634587327e-06 1.74644620998208e-06 2.25042689201364e-06 -9.60578518040206e-05 8.84913072148988e-08 -8.10794507827370e-07 1.05633800544912e-06 7.34095842011544e-07 -2.01241178866222e-05 4.01600976918462e-07 5.14398766556615e-06 -3.43631703642524e-07 -5.82731769643855e-07 2.77625827947735e-07 9.30482712822418e-08 8.50464906460470e-06 4.25370175244290e-05 -1.17551009360750e-05 -9.97707712553871e-07 -1.46299994194746e-05 -3.82650852332790e-07 -6.49918154298194e-06 -4.24879956384614e-05 -1.08008833389589e-05 8.09845235738785e-06 6.06073378353095e-06 6.81924874297698e-07 2.42211428283776e-06 1.26462013134969e-06 -2.39390685735596e-04 1.32452120447215e-03 -4.38438606953758e-04 -2.35583983671450e-05 1.76265569679345e-05 2.09943934094655e-05 -3.51257108682378e-05 9.59614702245825e-06 2.21683303864751e-05 -1.87909155057302e-06 8.67322973784159e-06 -3.79122615960690e-06 -6.25761767010856e-06 1.20541647291063e-06 1.92129823782652e-04 -1.19371922561533e-03 3.92731611541183e-04 2.36290542790064e-05 1.61846105875008e-05 -1.95298889472598e-05 3.88380735943001e-05 8.72997914751381e-06 -3.34118731670356e-05 -2.71395737201739e-06 7.18303040989775e-06 1.62706839848681e-06 5.27420611492040e-06 -1.81631221869610e-06
 4.83286773518030e-05 3.27742200744775e-06 -2.21745871571980e-04 1.08009056525381e-05 1.84607235076584e-05 6.77010636353138e-06 3.27783085842896e-04 1.42306495332948e-05 -8.77066172054832e-06 -8.76663233914950e-03 3.56280600539654e-05 2.99693057328326e-06 9.04622940193020e-04 7.90272603418758e-08 8.46662357478556e-07 4.16522986003710e-06 1.60908664641691e-04 -7.80562528668571e-06 -6.58130511311644e-07 3.23848272080080e-07 7.15395920522397e-06 2.51075274892418e-04 -1.47220819582368e-05 2.15490818135249e-06 -2.52823966390487e-06 -6.87517383273629e-07 1.04094516469774e-04 -2.52302082939704e-06 -1.33937849687214e-04 2.74273684710651e-06 2.19998675253850e-04 7.85950349015724e-06 -3.02270420683756e-04 6.02136968325570e-05 1.26182909257067e-05 -1.27394875893044e-05 3.96902707612893e-04 -3.48793658017761e-06 -2.36229010449555e-05 -4.52463624139893e-03 7.29594304266893e-06 2.01219592927016e-06 9.86044127501745e-04 -1.95068727236313e-06 -2.31650174953147e-07 -4.58080456763523e-05 5.51402342135600e-05 -2.83696524189118e-05 1.22158705307132e-05 2.27660347317050e-05 -1.10951668480118e-07 1.96471219490830e-04 -1.09262061494441e-05 3.12481731262182e-06 2.27023895984137e-06 3.29875528104202e-06 2.42989464081740e-05 3.25259234261945e-07 -3.23959474728296e-05 6.14337966766631e-06 3.70767635812921e-05 -9.09068939663885e-07 -2.39081866014414e-04 1.02001341312964e-04 2.07160488960226e-05 -3.43136075440877e-06 4.25245682740371e-04 -4.42277014519552e-05 -8.33735222697824e-07 -8.32524909864707e-03 4.83104103132276e-05 -1.53510075686194e-06 5.75623927366221e-04 -1.83877213780058e-07 5.86243809282727e-07 5.06145600384433e-07 -1.83999741201922e-04 -2.57273401561195e-06 -2.10784730991097e-06 -1.41920082951102e-06 1.71491536911582e-06 -2.42801028894290e-04 2.53191741792100e-06 -4.75906556202511e-07 -1.32703549447526e-06 1.34922790419476e-07 3.22633530544558e-05 -9.82560737404452e-07 -4.01017670198143e-05 -8.48715410783117e-07 5.92034682817231e-04 -3.62896114236156e-03 1.18043119423272e-03 7.21597669754122e-05 1.31527104959047e-06 6.99973819477928e-05 1.23061433473082e-04 -1.83063270525874e-05 8.74064289024297e-05 1.47910978609338e-06 2.99497215637492e-06 -1.40806576879898e-05 -2.73206972839435e-05 -2.54641348145188e-05 -2.80257269812416e-04 1.63165385328102e-03 -5.29229118488921e-04 -3.24691718016233e-05 4.71420365492783e-05 -2.06211218401278e-05 -4.59381714255848e-05 5.20699533969786e-05 -3.35271987632301e-05 -1.61722421092697e-05 3.31882823614527e-06 -1.82573855689458e-05 1.34199193416238e-05 -4.11905447973006e-06 -2.31062837055068e-04 1.59586232478690e-03 -5.21688459851475e-04 -3.24708688755612e-05 -4.69387064383576e-05 -1.63793833623840e-05 -7.01698531139485e-05 -7.33538891783309e-05 -5.56899888792666e-05 1.66244865913439e-05 -5.32692782233120e-06 -1.61023272109285e-05 5.24757392208768e-06 -1.02727411970879e-06
 5.39810879387692e-04 1.24940424206479e-04 -1.17487110324917e-03 -1.13893494135150e-03 1.64338328783689e-03 -3.59988264817757e-06 8.28645538774168e-07 -1.22974530214040e-02 -9.03730930197425e-05 1.58961701156845e-04 3.89043006507437e-03 -1.29761780699744e-06 -1.17481463729352e-05 -7.74012369809607e-07 -3.62814929599127e-07 -4.80642681349798e-05 -4.55223517049466e-06 8.38465576316909e-05 9.02147092345300e-06 -3.56852940382621e-07 1.19290949002493e-04 -3.82773113053916e-06 -2.01529138695417e-04 -6.01401604787433e-06 -1.26093887923184e-06 1.17896602773312e-06 -2.52302082939704e-06 1.41944080739383e-04 3.38429829061757e-06 -1.82234881248834e-04 1.26431111140536e-03 8.04625490031371e-05 -1.04133956105771e-03 -5.80852777674586e-06 -8.10572682961532e-04 2.02816361097313e-05 1.01544410865588e-05 8.94609000311151e-03 -1.93351208421209e-04 6.02327420272951e-05 -1.48885184308047e-03 5.10630805538826e-05 -1.92340071821484e-05 -1.07971831167517e-06 4.05765242489856e-07 1.33931686661999e-04 1.17039410487540e-06 -2.25825702581368e-04 9.88186337343874e-06 1.06345345556188e-05 1.75141122858234e-04 2.54393143631959e-06 -3.05441477441080e-04 -1.85890529506838e-07 4.57976985843211e-06 -4.06335956122528e-07 -6.96487869934262e-07 -6.77084365788889e-05 4.04512206369612e-06 9.20854873990873e-05 -1.71332439720689e-03 -6.54874059213760e-06 5.39902188080045e-03 -1.71186397856973e-03 -8.89012197438267e-04 5.31280225791611e-06 -6.71197053556523e-06 7.94787351173587e-03 -6.18480674208027e-05 1.57396576764114e-04 -1.14769790833577e-03 1.92272372356232e-05 -1.33181003607910e-05 -1.09265509248518e-06 1.86985225397806e-07 -1.26883145878631e-04 3.38327475069705e-06 2.20074394374029e-04 4.72309839379943e-06 -1.10811769644898e-06 -6.82611218478171e-05 3.07159868268547e-06 1.16924668923197e-04 -4.70281273651256e-07 -6.79012921597486e-07 7.18266564458009e-07 -4.56741398135472e-07 -4.45742763176374e-05 1.14073095396963e-07 5.71172414710741e-05 -4.41506454340503e-04 2.99783658436030e-03 -6.52272836154891e-04 6.95706381043457e-05 1.29712599998143e-06 -7.88780381638180e-05 1.79245439071562e-04 -1.92544573971195e-05 -1.18411922826163e-04 2.26172890981796e-06 -8.32854978251982e-07 3.71177954713325e-05 -3.09504285274273e-05 -4.03444511885459e-06 -4.41002429631443e-04 3.12350455512420e-03 -6.94080539064073e-04 6.65640156779342e-05 6.63763935468478e-05 4.16287167612582e-05 1.77658751238201e-04 1.17740031938775e-04 7.10436614256375e-05 2.93449502615824e-05 3.25556899264381e-05 -3.38662669220887e-06 1.37804795472343e-05 -2.97891983518170e-05 -3.99480526399622e-04 2.83077881497896e-03 -6.09986993451658e-04 7.53024934606930e-05 -6.45782102722762e-05 3.84643311420279e-05 1.86236779834524e-04 -1.25545100637862e-04 6.28784911895229e-05 -2.86085712550134e-05 -2.75104959407363e-05 4.89379547498993e-06 1.78138060410838e-05 -3.38190732739234e-05
 -3.55850109426275e-05 2.50941816498110e-06 -1.14644868251200e-04 9.09233109084342e-05 -4.05848313213593e-05 -2.72749437879377e-06 -4.22687105510635e-04 -3.16498452615133e-05 -1.57152018770433e-04 1.12997508342519e-02 -2.48512537376251e-05 1.52177759991095e-05 -1.16490088017353e-03 2.43370519594918e-06 -1.04139133102207e-06 1.63154619223747e-06 -2.07802798748693e-04 -2.07813909757473e-06 5.37058477634915e-06 -4.40401233072217e-07 -4.79781876727344e-06 -3.24188976145364e-04 1.13465304361175e-05 -6.07487570022118e-06 3.23647662508088e-06 1.69249809907257e-06 -1.33937849687214e-04 3.38429829061757e-06 1.72552123098893e-04 -3.67050017083986e-06 -1.66238909908854e-04 -3.81351624032392e-06 1.51122461992560e-04 -4.08181598773110e-05 -3.28934179101475e-05 2.72371440512430e-05 -5.09368362312436e-04 1.47116341827378e-04 -8.98343381215345e-05 5.80660485797416e-03 -3.35669124202127e-05 2.05853866064668e-05 -1.26727093813399e-03 3.10316126271230e-06 1.98096742972660e-06 6.08203342120778e-05 -7.14336320626639e-05 3.25636441911476e-05 -1.17394556203569e-05 -2.80417736171173e-05 1.33167377824593e-06 -2.53297983793804e-04 1.04171734013967e-05 -4.74900827412388e-06 -2.95949419184760e-06 -4.04337596697298e-06 -3.25341035699267e-05 -2.02226086076200e-06 4.08525528729007e-05 -5.85566389071403e-06 -1.01642087709601e-05 1.64395658118365e-06 7.45908944187473e-05 -6.55009040241716e-05 -1.21869119280857e-05 1.26190753412093e-05 -5.48223467803360e-04 -6.02581657129686e-05 -1.51896004564196e-04 1.07364865579928e-02 -2.74409757857222e-05 1.30915180999242e-05 -7.42021958149095e-04 -3.24706458400452e-06 -7.58412063960540e-07 1.28582047412569e-06 2.37283966023457e-04 -6.52194543672702e-08 -1.54184824619437e-06 1.86167838572521e-06 8.35255108638574e-07 3.13195991534273e-04 -8.51410065588578e-06 -2.92712733677839e-07 1.72698501680793e-06 2.35965963303979e-08 -4.16599741073326e-05 1.80120817450618e-06 5.17599111791390e-05 3.90540908142588e-07 -7.44515805192681e-04 4.60832899168129e-03 -1.49634110045495e-03 -9.09660086512737e-05 -2.66418681863542e-06 -8.88666836172748e-05 -1.54343042440289e-04 2.06551528572874e-05 -1.13749671278149e-04 -1.40752661353595e-06 -3.49234546697733e-06 1.87331359194498e-05 3.44125546450103e-05 3.22493025812911e-05 3.61296900332347e-04 -2.04867296013428e-03 6.71301587049030e-04 4.21934609916148e-05 -6.02794535340955e-05 2.73940588602342e-05 6.09558963328092e-05 -6.49522407790576e-05 4.50257292457317e-05 2.12974919641593e-05 -3.67223688293277e-06 2.37409297236855e-05 -1.73022326533417e-05 4.65206451704060e-06 3.24459420721647e-04 -2.17561182224250e-03 7.14358076439243e-04 4.49448473304790e-05 6.21555418254313e-05 1.92820960063162e-05 9.66807387778071e-05 9.35588189288108e-05 6.98841174111966e-05 -2.22231837434133e-05 6.98124535505534e-06 2.11450831725166e-05 -5.99271240126355e-06 4.01308030112083e-07
 -6.96137272028583e-04 -1.58880896167895e-04 1.38140300088528e-03 1.49543733506016e-03 -2.13565275226619e-03 3.25000581326837e-06 -8.69933888183804e-06 1.58539845104389e-02 1.12127201154263e-04 -7.82083594650428e-05 -5.03040551093053e-03 1.12795652571009e-05 1.80808121711218e-05 -1.85427038313674e-06 5.86458105256763e-07 6.33832144212140e-05 -1.44058002191673e-06 -1.10911281569993e-04 -1.25101475518099e-05 5.24320151852029e-07 -1.53802069042927e-04 -2.27553298357565e-06 2.59168769185901e-04 6.72317422515470e-06 1.53950700788057e-06 -1.23304427967393e-06 2.74273684710651e-06 -1.82234881248834e-04 -3.67050017083986e-06 2.34112402379396e-04 -1.62355310388611e-03 -1.07826017255465e-04 1.50665883966013e-03 -1.89473311631308e-05 1.02675383190159e-03 -1.08173829064678e-05 6.81707902193851e-06 -1.14015310552994e-02 7.72288418637080e-05 -3.05795059033320e-04 1.89147374967014e-03 -4.35546924471708e-05 4.90087051142692e-05 -9.36955358926564e-07 2.72011383668801e-06 -1.75259296750019e-04 -6.24630383637526e-06 2.85358255023743e-04 -1.15357298795579e-05 -9.84564884407265e-06 -2.30259136495728e-04 -6.41602164895976e-06 3.90298491438509e-04 -7.47264360358507e-08 -5.91311187173401e-06 5.42393723634372e-07 1.46714400176181e-06 8.78253168217788e-05 -4.60985117353951e-06 -1.19357478786869e-04 2.21449247401502e-03 8.77935993752920e-06 -6.95127660296627e-03 2.21243375970068e-03 1.14969425628936e-03 -6.12961502528856e-06 2.70287631504956e-06 -1.03224099162254e-02 1.12732935189216e-04 -1.80111406689807e-05 1.48240563523069e-03 -2.41987460965093e-05 8.40241150160308e-06 1.91387026000236e-06 -2.49228181472659e-07 1.64352522330801e-04 -6.05424139035089e-07 -2.85094629668924e-04 -4.00863274738452e-06 1.43735330506200e-06 9.03182201186509e-05 2.71825359697108e-06 -1.54712992211273e-04 1.07223463542708e-06 8.97058372964848e-07 -1.08740708077246e-06 -4.34644587142523e-07 5.77402909772553e-05 1.12696075443002e-06 -7.39696723020142e-05 5.84052458701017e-04 -3.99210755489200e-03 8.64454038806262e-04 -8.76930411197836e-05 -2.92879256702802e-06 1.01966098194585e-04 -2.28673338135514e-04 2.04460224552792e-05 1.51729749545455e-04 -2.64076942907361e-06 1.70593420172880e-06 -4.81265959524736e-05 3.92333510847533e-05 5.16493436812665e-06 5.08947193174895e-04 -3.63972919387944e-03 7.91900935558522e-04 -8.80276482351402e-05 -7.90486575450960e-05 -5.12533009678413e-05 -2.29497378051155e-04 -1.45209178422079e-04 -9.01216254660260e-05 -3.84641154103157e-05 -4.08075157516448e-05 3.72151514268431e-06 -1.81133891340457e-05 3.72816700108897e-05 4.99300904891215e-04 -3.55996124782777e-03 7.60429727898382e-04 -9.62962418502865e-05 7.97344443509854e-05 -5.09105714248320e-05 -2.38273211425447e-04 1.55942224232593e-04 -8.58650250820494e-05 3.68590258007492e-05 3.57384452941028e-05 -7.05802975607922e-06 -2.27792191020484e-05 4.25673391049782e-05
 1.37749889206428e-03 1.20715552123464e-03 -5.77580160591546e-03 -7.75924248351706e-03 -6.50070584855779e-03 2.63767290130727e-05 -4.20496295473983e-04 -3.21928402175506e-03 -2.61656281839840e-04 -1.67044358607537e-04 -3.79620285239023e-03 8.08856022159823e-05 -5.65864384212829e-05 -3.98614201846133e-05 1.40081187874798e-05 -3.24036284085633e-05 5.36279501731434e-06 3.64774312757900e-05 -2.21885170936730e-04 -7.85162928984878e-05 1.32782177744901e-03 -2.22382923368336e-05 -2.20161538950804e-03 6.01199391800384e-05 -4.40236431708730e-06 -1.39579352405366e-05 2.19998675253850e-04 1.26431111140536e-03 -1.66238909908854e-04 -1.62355310388611e-03 2.00391942588107e+00 6.61594361319797e-03 4.91397356984906e-03 2.05062970139509e-02 4.83266959218711e-03 -9.61412987577886e-04 5.81423647963587e-04 -3.64404255196608e-03 3.76689906308693e-05 -2.70581011115482e-04 6.07335152859031e-05 -3.31490543951791e-04 1.81873076284399e-04 3.43521890635477e-05 -5.20424948761595e-05 1.59204468843247e-04 1.88347737663763e-04 2.56222386517700e-04 -5.29103198139383e-04 7.37393924707609e-04 1.27891989144990e-05 -1.38870392521177e-04 -2.68032764973559e-04 2.05800586636769e-04 2.71529465924452e-04 -6.50683390515484e-05 -3.57308629859699e-05 1.13087570678453e-03 3.35126132921251e-04 -1.39528130264187e-03 -1.24980391581065e-03 -6.99463178346279e-05 -1.18110746061885e-03 -1.62001260167108e-03 -1.77605090754650e-03 -1.47739333529490e-04 2.04640916074847e-04 -8.34373196631308e-04 -1.91901722713731e-04 -2.81263238226797e-04 -4.73719385080595e-04 -8.04585153043687e-05 8.02579183768968e-05 -1.00691141625826e-05 -6.56712876198573e-06 1.43962432990991e-04 3.12019133434133e-05 -2.40812958532061e-04 -1.25248569522400e-04 2.49441335482898e-05 5.15963986422788e-04 1.54378227743691e-04 -9.24452542439388e-04 -3.85273022784378e-05 5.80553095666240e-06 9.64352194053864e-06 -5.40194117726900e-05 1.67498191382629e-04 6.22803044555384e-05 -2.22030785621550e-04 -9.40989882220261e-03 -3.88667411562965e-03 -2.20839516189152e-03 1.98352449784573e-05 -2.57616832776751e-05 3.12160006195852e-04 1.29925857759927e-03 -1.34291522231610e-04 5.09203184481377e-03 4.10498787444658e-05 1.12728510017550e-04 -8.83484861162866e-04 -3.29465499471705e-04 1.72221483443314e-04 -8.81851630401099e-03 -5.07018614634938e-03 -1.65837300781202e-03 1.24259994685650e-04 -3.60824698533391e-04 -1.80290147727959e-04 1.22970524383792e-03 -4.08668014300677e-03 -2.36563082391230e-03 2.99702198248068e-04 -3.58011995096903e-04 1.66181245034840e-05 1.64368114838390e-04 4.72231116176524e-04 -7.60537644870177e-03 -3.76799111326475e-03 -2.04091509094814e-03 2.37046158392879e-05 1.49358952976682e-04 -9.56466043700059e-05 1.09543270020918e-03 3.61298171817773e-03 -2.15966907009113e-03 -3.46042749152365e-04 3.80187139426460e-04 9.38339852252012e-05 2.51629411564449e-04 4.84153701239804e-04
 -5.33994704577407e-04 1.44118577694436e-04 -4.72243269178249e-03 9.94204739083030e-04 2.95310776548302e-03 -1.99578505453167e-05 -2.02643959912292e-05 -1.43928159421316e-02 3.63986779644278e-04 9.71286504593577e-05 5.96505254750701e-03 -2.76450832846932e-05 -3.75662464578722e-05 -1.60478325351006e-05 1.21317157988080e-07 8.14898290701255e-05 -2.79392041737346e-06 -1.41078179695579e-04 -7.51154946640477e-05 -1.93342608924025e-07 2.00837468423789e-04 -4.15397906306378e-06 -3.50881414604654e-04 1.11597596688924e-05 1.74462632594900e-06 -4.37861940211947e-06 7.85950349015724e-06 8.04625490031371e-05 -3.81351624032392e-06 -1.07826017255465e-04 6.61594361319797e-03 9.12299964476545e-04 -3.31108289757048e-02 5.84520593194721e-03 5.47944684715095e-04 1.62286112943291e-04 1.11931847792563e-04 4.70436622031689e-04 -4.07338836490486e-04 -1.33490553986825e-04 2.63586385514995e-04 1.02003722118030e-04 1.20834075177704e-04 -5.32259741294481e-06 1.41857064506459e-05 3.11767480430091e-05 -5.31658809075397e-06 -4.34761218230010e-05 -4.93114863534145e-05 -2.52845617877745e-05 2.46226965976823e-04 1.48238194172219e-05 -3.33979595605221e-04 -4.28966756585843e-06 4.36005915107113e-06 -1.42486957278298e-06 -1.18853305297808e-04 -2.19797782724369e-04 -1.09618457338429e-04 2.89991807723156e-04 6.36704951404417e-04 -3.58547177939804e-05 6.53186532462099e-04 -4.06168071085693e-04 -5.83601996535954e-04 -4.93584123250250e-05 2.90400813755538e-06 9.09603068252565e-03 4.65362083136303e-04 1.32920966655457e-04 -4.98658519226219e-04 -3.87729301983394e-05 1.01654004159179e-05 1.04163777885878e-05 8.42029220935146e-08 -1.35252684238593e-04 3.10373129596749e-06 2.34175694268341e-04 -7.77119806753067e-06 3.58265048707154e-07 -1.66868964302285e-04 1.45080690994622e-05 2.88668183379546e-04 -2.17736710412310e-06 -8.91694196384409e-08 8.48280801302043e-07 -2.64124185198468e-06 -5.66820888401786e-05 3.32188431721494e-06 7.15700651737466e-05 2.57679791936610e-03 -1.32814792597816e-02 4.52425572104182e-03 1.49185770061699e-04 -1.06433642424461e-05 3.28855200911769e-04 2.48639912365198e-04 -1.33839987492381e-05 2.64276056005120e-04 4.47341667811342e-06 8.18457492386935e-07 -1.47662471194406e-05 -7.62722755439050e-05 -4.09460360076716e-05 2.97201344117002e-03 -1.30163718328023e-02 4.54881738801528e-03 1.49344287043187e-04 -2.75618141623547e-04 -1.48879555788768e-04 1.60045098369189e-04 -1.51535213921406e-04 -9.68482032582793e-05 4.74555732780719e-05 -4.84520704294499e-05 5.21199419824672e-05 2.73475846130222e-05 -1.81815759372698e-06 2.78262184018082e-03 -1.36255530215244e-02 4.63327574102597e-03 1.41413458702985e-04 2.83074394845788e-04 -1.63705478721907e-04 2.31330030500437e-04 1.97735085312628e-04 -1.29042124078386e-04 -4.86784711691968e-05 1.40110091803774e-05 2.65262422431195e-05 3.87799475450861e-05 -1.09492834021454e-05
 -3.30735846039108e-03 -3.99693608443711e-03 2.42332507748096e-01 -8.21956674020129e-02 -8.16005503797297e-02 -2.43666385944326e-05 6.08546017664784e-04 3.65874095902770e-01 -1.13241988151581e-03 -8.82506547667788e-04 -1.49050055440885e-01 7.45488199046657e-04 1.44665486453376e-03 -6.14133669913780e-05 1.56119426083747e-06 -4.89657543697317e-03 -5.04254252239392e-05 8.46542030395691e-03 2.45973230969569e-03 2.18702325413082e-05 -4.46509049991173e-03 5.33218197816313e-05 7.95196276416339e-03 -3.51582004095322e-04 -9.30380594036820e-05 1.55483159476861e-04 -3.02270420683756e-04 -1.04133956105771e-03 1.51122461992560e-04 1.50665883966013e-03 4.91397356984906e-03 -3.31108289757048e-02 1.26983955955862e+00 -2.42664556816739e-01 -2.81656210834494e-02 -4.53493545818614e-03 -3.69249663454324e-03 8.45246613842372e-02 -2.34671924181484e-03 1.61299333849430e-03 -2.01543077253078e-02 -1.75328166060817e-03 -4.34362274683216e-03 -1.93320119840197e-04 -1.92735064676085e-04 2.59864095827218e-04 1.82584544786013e-04 -8.70272028237739e-04 1.76506521774946e-03 1.54740843320416e-03 -7.21813211657708e-03 -5.75071273365826e-04 8.61972368893002e-03 1.86131490008011e-04 -7.06707877875217e-05 4.45262059136934e-05 4.65911694981219e-03 7.60290210378762e-03 4.38992777248185e-03 -9.98757457100262e-03 -3.14314533754959e-03 1.65443940056760e-03 -3.72428986153757e-02 -3.56723753422805e-03 3.11934226352573e-03 1.30297124644876e-03 -2.05702733692397e-04 -1.39711505837735e-01 -3.13370067181733e-04 -1.30351336455705e-03 5.85676592375605e-03 9.22307795196597e-04 -5.66899336407695e-04 -4.14534416683734e-05 5.23567489084321e-06 2.72981074825702e-03 -4.27213604564744e-05 -4.71291573016973e-03 1.04474713636661e-03 -3.58667145180321e-05 3.91880087892063e-03 -3.91038878365382e-04 -6.78647390215437e-03 2.24149498593348e-04 -4.18499677995993e-06 -6.31638510822336e-05 7.34007091636241e-05 1.45915238948508e-03 -1.16186382842845e-04 -1.83663298700302e-03 -1.05160931773163e-01 5.43783315822164e-01 -1.80993895104628e-01 -4.86807044175585e-03 2.95317451649784e-04 -1.35043539822891e-02 -7.27888215181754e-03 -1.33220592200570e-04 -1.10285199379586e-02 -1.37920722137355e-04 4.88896495906208e-05 8.29730990555351e-04 2.49211060703428e-03 1.59354776275102e-03 -1.22954342847005e-01 5.56365308102449e-01 -1.87449421651026e-01 -5.05307276981241e-03 1.15542768246934e-02 6.36826407922391e-03 -4.02107177751118e-03 7.03793133386013e-03 4.55619165764231e-03 -1.47479735800672e-03 2.25892960874215e-03 -2.06414932137248e-03 -8.77758903449503e-04 -2.21509774498512e-04 -1.11356514154533e-01 5.46446483574010e-01 -1.82907712022874e-01 -4.46195112351888e-03 -1.15717714662437e-02 6.56931703815056e-03 -6.54694664699189e-03 -8.75530180220745e-03 5.13167106249070e-03 1.43640035152833e-03 -7.67521081421336e-04 -1.02484204990270e-03 -1.21540849617196e-03 1.36702954227201e-04
 -5.69469093309492e-04 -3.93060096941920e-04 -1.01622446557397e-01 4.53421838303963e-02 1.22089983539940e-03 3.50767210377487e-04 -1.01298804743552e-04 -2.39075928392740e-02 -3.46741126170309e-03 -5.99027772507869e-05 -2.59097789339631e-02 -7.00045011621197e-04 1.72036804519794e-05 4.49585958717592e-04 -3.75716053960410e-06 1.60431643309284e-03 -5.24746780878736e-05 -2.76652333181931e-03 -3.59148180420907e-04 -3.63313626590477e-05 -2.66568548882236e-03 -7.69456067293553e-05 4.49471065913233e-03 1.00933042483289e-04 3.31846765251682e-05 -4.78564634642679e-05 6.02136968325570e-05 -5.80852777674586e-06 -4.08181598773110e-05 -1.89473311631308e-05 2.05062970139509e-02 5.84520593194721e-03 -2.42664556816739e-01 8.03180777267329e-02 5.37272422600502e-03 -9.79808797168225e-04 1.04609176609773e-03 -2.97634345162075e-02 1.91034787483387e-02 -4.78889606232055e-03 -5.89109312204973e-03 -2.16642047118309e-03 1.45901998539685e-03 3.27825944324353e-04 -3.29671216060451e-04 -2.53284585305966e-04 -1.07649322995325e-04 3.09506624718160e-04 -4.51608315734422e-04 -6.33089512624386e-04 9.00044542800808e-04 1.14962890076661e-04 -7.96801893789931e-04 1.58742001417902e-05 6.61172780461569e-06 -2.58604838884798e-05 -9.26640302238306e-04 -1.09001675443815e-03 -9.09777934182484e-04 1.44016400456280e-03 -2.41812043460725e-03 -8.08729091559546e-04 1.97008083858708e-01 -1.74422021871216e-02 9.67817835376977e-03 -1.11111400707361e-04 7.19071992020911e-05 -1.33704996763392e-01 -7.98864065685125e-03 9.82858462303581e-04 -1.08897206405655e-02 -1.51555173563192e-04 5.04741916731953e-05 -1.28136690799970e-04 -1.09304488203511e-05 5.05876989738738e-04 2.66386470403687e-05 -8.87075178963575e-04 -6.30018099051849e-04 1.92056517863251e-05 1.42598161134624e-03 6.80163826424264e-05 -2.49018220165441e-03 -1.28797794195167e-04 1.43716618428241e-06 4.14449040153127e-05 -1.41488924464085e-05 -1.10533433819131e-04 5.31581883069164e-05 1.45988856124777e-04 2.02859489887514e-02 -1.13309112949582e-01 3.58378668493530e-02 8.21252634327805e-04 8.93054594982551e-05 2.73663304560239e-03 1.07865231982898e-03 5.19584705829261e-04 2.83999118536897e-03 1.80074612677269e-06 -9.06673059617338e-05 -2.16329088530651e-04 -4.04342198586350e-04 -3.30662938251777e-04 2.47190194318894e-02 -1.25497540738611e-01 3.95757302031494e-02 9.43473719514995e-04 -2.41244330998662e-03 -1.49410807915102e-03 5.45936413172793e-04 -2.04911889923175e-03 -1.55469795130129e-03 2.34418990697248e-04 -5.64812093735843e-04 3.94042487788082e-04 1.58735510838046e-04 1.03647345608022e-04 1.83826646728042e-02 -9.06185208199228e-02 3.05915567337441e-02 5.28450850362190e-04 2.08619719395999e-03 -1.12652936057511e-03 6.90141913902173e-04 2.09162266759629e-03 -9.90434044114223e-04 -1.34337734344179e-04 1.50158654546268e-04 2.20486838431331e-04 1.42018374512997e-04 -3.89174551321269e-06
 -4.26650632020832e-03 -1.76269120079288e-03 7.86376501232608e-02 -1.15118028177549e-02 -4.95276005520660e-04 6.59374741184219e-05 -7.13445827492113e-05 5.26468049394685e-02 -2.58562542340533e-04 -8.84274011107363e-04 -1.41214273925831e-02 1.12108157108665e-04 5.69044309435421e-05 2.61550300159218e-06 2.75195343097010e-06 -8.67365700294040e-04 2.24888959045195e-05 1.49653360058776e-03 -1.06051833862862e-04 -5.03696713731988e-06 -1.00487051866516e-03 3.97834885145701e-05 1.69637166683881e-03 3.06296856250636e-05 1.13822170989020e-05 1.42800943356824e-06 1.26182909257067e-05 -8.10572682961532e-04 -3.28934179101475e-05 1.02675383190159e-03 4.83266959218711e-03 5.47944684715095e-04 -2.81656210834494e-02 5.37272422600502e-03 1.05237333376872e-02 1.30829867169838e-04 7.42291280653570e-05 -9.05611472020421e-02 1.18049508779246e-04 -6.81510038563041e-04 1.68047388333278e-02 -8.73995180341166e-05 2.94746574336719e-04 9.97018471148991e-06 3.09745216654535e-05 -1.32325917495117e-03 -1.82109183850493e-05 2.26337438469096e-03 -9.56633259635818e-05 -1.10952916905993e-04 -1.03753142948523e-03 9.11510364567849e-06 1.91670540449046e-03 -3.36352691202876e-06 -3.45969233573134e-05 -2.70421072409317e-07 -5.00155847286327e-05 2.42273807832038e-04 -1.07137880760772e-04 -3.43832208576592e-04 2.22412413323684e-03 -1.16160663103048e-04 -3.11970935180679e-03 -7.35386450119343e-04 1.43467475731839e-03 -3.18914135679280e-05 6.22494914876593e-05 -1.92175294796582e-03 -2.12598545116227e-04 -8.06282234113464e-04 7.13579015225307e-04 -9.07469309929250e-05 1.07892852746148e-04 -1.19318066188267e-06 1.60189121123007e-06 1.35423257895142e-04 -1.99689468784222e-05 -2.33576263932787e-04 -7.56915189277099e-05 2.54175573280203e-06 -6.34764392055114e-04 1.30990508088946e-05 1.09970603325582e-03 -3.05240197712683e-06 5.58114561455282e-06 2.71956178090575e-06 5.18221089790824e-07 6.20929814234082e-05 3.58702857412401e-06 -8.61468027210274e-05 6.81066204956096e-03 -4.58495213896914e-02 1.23325462372567e-02 -4.75635497225215e-04 -3.30249036211810e-05 1.20209244382908e-03 -1.48096530854010e-03 1.25457288455332e-04 1.70004719531473e-03 -1.45646163618975e-05 1.91719310982086e-05 -4.38175509384233e-04 1.85805803083835e-04 4.30405993080367e-05 7.32163147121638e-03 -4.58916579632222e-02 1.25337894092212e-02 -4.56330816275684e-04 -9.98111760897939e-04 -5.90011608326801e-04 -1.60055457242426e-03 -1.47395403329707e-03 -8.71797766844315e-04 -2.13907075508817e-04 -3.74586943957817e-04 6.83464329540884e-05 -9.37894324271986e-05 3.39259523615228e-04 6.89165963034356e-03 -4.56055824141652e-02 1.23376163524809e-02 -5.29197111563713e-04 1.01006679256396e-03 -6.00929970011250e-04 -1.55678219987319e-03 1.63711691918414e-03 -9.07668327993021e-04 2.03149791078591e-04 3.01158724478460e-04 -4.69447357693250e-05 -1.14700517251573e-04 3.74963173903354e-04
 -6.08637002776644e-05 -4.21357319105252e-06 -4.43331673201614e-04 1.33477891140756e-03 2.44228255594443e-04 -8.18635969095633e-04 -1.40728675996379e-05 -1.54013505129739e-03 -4.04704658357765e-03 1.20411226910330e-03 1.37072374156315e-03 5.33866547390045e-03 -1.42795198759643e-04 -1.49779403422790e-03 7.35690651692528e-05 1.12748362811287e-05 -1.45862079607452e-05 -1.43103634047500e-05 -6.99242579149047e-04 1.01015740945439e-04 4.33060973855276e-06 -1.45255931136114e-04 5.77232730745359e-05 -5.77253531110734e-04 -1.00705107026797e-05 1.51424965147693e-04 -1.27394875893044e-05 2.02816361097313e-05 2.72371440512430e-05 -1.08173829064678e-05 -9.61412987577886e-04 1.62286112943291e-04 -4.53493545818614e-03 -9.79808797168225e-04 1.30829867169838e-04 8.76736717055600e-03 -4.26112290289432e-04 -4.58019341746663e-04 -9.37023276245368e-02 9.31262389708976e-04 5.97475910043216e-04 1.26544397308811e-02 -1.99156671020831e-04 -1.20246242332788e-03 1.80955928513239e-03 -5.56120691230189e-06 -1.26215091726245e-05 1.93405778348062e-05 2.61486849291439e-04 1.58080485512877e-03 -4.22732449427344e-04 -7.46773126571410e-05 -3.09580637305601e-05 -1.99601579774229e-04 -1.77190588290806e-05 9.11454560853224e-05 -6.47181584099345e-05 -4.50860953858345e-05 3.42235545135301e-05 1.21091323784630e-05 -7.64909607951450e-05 9.13241469479865e-07 -8.37172979928833e-05 2.47880701708742e-05 -1.09002464660599e-04 3.73347270338146e-04 -1.02802224506952e-04 1.08411455845071e-03 1.61799138649089e-02 1.10909375211177e-03 -1.74596414199239e-04 3.09617721532231e-04 -1.29369411939685e-04 2.42439759246437e-04 7.32223521147720e-06 -1.33888713606759e-05 2.95465261024663e-05 2.90973012663122e-05 1.00163157769843e-03 -1.01546971311183e-05 -2.17797405150546e-05 -1.75765242380341e-05 1.76493866530977e-05 2.45744752946211e-04 1.18902371373073e-05 -6.73592826183784e-05 -6.96643352192485e-06 -6.19503945449125e-06 -2.92575976904873e-06 1.35269093500170e-05 1.15091504589026e-03 -1.35073709742834e-03 5.82048883325918e-04 -1.24352959018056e-05 -7.85712584846336e-04 9.00655854899722e-05 -2.77290483704595e-04 -2.11615838579030e-03 -3.17312806549760e-04 1.64063164814905e-04 3.69102627489397e-04 -7.69251780224001e-06 1.01738997227252e-04 -1.06807475829345e-06 -1.06964643529497e-02 7.81835206786088e-02 -1.96945357764721e-02 -7.43654577877546e-04 7.71568140683750e-04 1.03001155038989e-03 -9.72275091637230e-04 5.20115795421535e-04 1.16186024881664e-03 -2.08007250992101e-04 2.68402103999234e-04 2.90398171316357e-05 -2.19538982036719e-04 -3.83730732485251e-05 1.15878292801508e-02 -8.33543718756272e-02 2.13253824652752e-02 8.06590334305385e-04 8.82260408628535e-04 -1.03604246414229e-03 9.63522730458601e-04 5.29549234096121e-04 -1.68457133089047e-03 -2.34641077382290e-04 3.32511130996400e-04 -5.60280170515523e-05 1.87772294785573e-04 5.42716037958052e-05
 3.33148775491716e-05 3.27970572900374e-05 -3.09332487068317e-04 -6.58836063223097e-04 5.15598815655591e-04 8.50209082446791e-05 -6.50701741807709e-04 -2.21804270203462e-03 1.97782942111531e-03 -7.86422308240889e-03 5.16404181395657e-04 -3.36427230375527e-04 5.52741015917510e-03 4.18084026196109e-06 -3.25847559124635e-06 -5.44094321375571e-05 -1.33839809438702e-03 -2.10992590711929e-05 4.26431769708161e-07 -4.11842969962324e-05 -4.29419529529078e-05 -7.61637297931849e-04 -1.93613021189500e-04 8.23203747777836e-05 -2.62076334296462e-05 -1.36274039509915e-05 3.96902707612893e-04 1.01544410865588e-05 -5.09368362312436e-04 6.81707902193851e-06 5.81423647963587e-04 1.11931847792563e-04 -3.69249663454324e-03 1.04609176609773e-03 7.42291280653570e-05 -4.26112290289432e-04 8.35544888349005e-03 4.19497632524191e-04 3.80477229150171e-03 -9.16789268326117e-02 -3.14473797089586e-04 -7.84720919571579e-04 1.25859185117886e-02 8.35659581764126e-07 -7.59883629716562e-05 -1.54187403247775e-03 -1.13293471004673e-03 -9.28370011965121e-04 1.60362505447960e-04 2.46226227547380e-04 -1.15246072145859e-03 1.38236153309553e-04 -7.64863375108491e-04 3.39254023929248e-05 9.22725203496480e-06 -3.40422200991182e-05 1.73834946876006e-04 -2.32694793050554e-05 -1.81205018304700e-04 1.01038381381743e-04 2.58452504487661e-05 -5.39390365259629e-06 5.80530063918671e-05 -2.04660481404023e-04 -1.03092768251097e-04 -1.27751420458483e-04 4.85301974595660e-04 1.67374276309866e-03 1.33223629005642e-03 1.17762997737641e-02 -4.26012659553098e-05 -1.29362256298673e-04 4.59366910174742e-04 3.19630409103055e-05 -2.18038267937873e-06 -3.20827112585674e-05 1.57568532730511e-04 3.47266058922844e-05 -3.47413734713315e-06 1.20885803994692e-06 -5.82622066473302e-06 7.86142092545411e-04 6.05454351875625e-05 -8.73185369323735e-06 -5.37016982729364e-06 -5.64051403368598e-06 -1.38592160531865e-04 -1.12548620012703e-05 1.80546040680254e-04 6.92596182218155e-07 1.29303663945049e-02 -9.19057824769151e-02 2.37605623246732e-02 9.54571299924436e-04 7.17827391045251e-05 1.31940217477873e-03 1.17194628130187e-03 -1.06242343115706e-04 1.40204756125726e-03 -1.01328833221569e-05 -5.71803695467871e-06 -3.58132986915108e-04 -4.16818555008145e-04 -1.65649462540735e-04 -5.82638985688854e-03 4.07512865443688e-02 -1.03294446051904e-02 -3.84721145626267e-04 9.39920267735534e-04 -4.40861854022093e-04 -2.90188608704126e-04 1.11030138876516e-03 -9.01666015946577e-04 -1.77905694556664e-04 -1.62291073011690e-05 -2.09728035138677e-04 9.09033215596597e-05 -1.84730366785031e-04 -6.19251339970428e-03 4.70676358822097e-02 -1.17120357152144e-02 -4.56515615576206e-04 -1.01023951554387e-03 -3.29133298165600e-04 -7.78478938837949e-04 -1.50305844362120e-03 -1.25830440637320e-03 2.41264571125033e-04 2.01186736820762e-06 -2.64330124532046e-04 -2.94470517097137e-05 -1.90476162767026e-04
 8.29862206931506e-04 1.57602293078201e-02 -5.91500820401298e-01 5.54608536684770e-02 4.94972912533047e-02 -5.36827298992852e-04 8.30345839549836e-04 -6.82138637962572e-01 7.58480692919908e-04 1.48673144205812e-04 2.11388893902588e-01 -1.15966436683573e-03 2.01119139086445e-04 -3.65950458615025e-06 -3.25888269098940e-05 5.37720053846347e-03 -7.40030617140551e-05 -9.26684911284655e-03 8.26837496276207e-04 2.57369381839594e-05 1.11097915770589e-02 -7.31623577937854e-05 -1.88187321583836e-02 -2.87062030900767e-04 -1.07242168672012e-04 -2.76471373475857e-06 -3.48793658017761e-06 8.94609000311151e-03 1.47116341827378e-04 -1.14015310552994e-02 -3.64404255196608e-03 4.70436622031689e-04 8.45246613842372e-02 -2.97634345162075e-02 -9.05611472020421e-02 -4.58019341746663e-04 4.19497632524191e-04 8.38799560699396e-01 -1.64481145941378e-03 1.42098490699134e-03 -1.48237047999181e-01 1.44011568744912e-03 -1.16469934313931e-03 -4.78450064217762e-05 -2.61967272694365e-04 1.23506191360469e-02 2.13830725885864e-04 -2.11144103315240e-02 8.03368730345338e-04 8.88223476765668e-04 1.19140040357339e-02 2.53055232098737e-04 -2.12275577363041e-02 1.26481353985009e-05 3.59338010448145e-04 -1.01173546344955e-05 3.72312471798018e-05 -3.85593951907604e-03 5.06135932775689e-04 5.32637284354761e-03 -2.39920592436190e-03 8.75801534323396e-04 8.79636451002331e-02 -2.57500210783485e-02 -3.25143507146772e-02 2.00816145312706e-04 -1.05655025980325e-04 2.40406253379595e-01 3.55193002218875e-04 -4.58702044808801e-06 -2.73813429062513e-02 1.00076664470185e-03 -3.57924867899072e-04 -1.05261383681854e-05 -5.29439546847545e-06 -4.19663333062155e-03 1.21587131252055e-05 7.26793911482188e-03 5.74831032336504e-04 -4.29517308812304e-05 2.15096108916479e-03 -2.51501220434625e-04 -3.74288789714807e-03 -7.41187100623423e-06 -5.67009632492608e-05 -8.95993518288361e-07 1.49656901021906e-05 -1.54736766832606e-03 -6.54175800149485e-05 2.02088072677712e-03 -4.99040112040236e-02 3.50297319441935e-01 -8.77709665002448e-02 5.38379689583566e-03 2.74160911829511e-04 -9.26288804009635e-03 1.52729983099665e-02 -1.27332778458162e-03 -1.39347452040604e-02 1.57924917809737e-04 -1.65596179606819e-04 3.86616032211837e-03 -2.24717218240079e-03 -5.35526807746939e-04 -5.25769707158965e-02 3.54904481580114e-01 -9.07011590654188e-02 5.10819416122252e-03 7.76333696306802e-03 4.60515930895190e-03 1.56877639832871e-02 1.27553504823274e-02 7.45845919218297e-03 2.28773649469976e-03 3.22801828110633e-03 -4.32667822356121e-04 1.07183896425910e-03 -3.07020921969106e-03 -5.02635536101206e-02 3.52698471332258e-01 -8.92353918354612e-02 5.72134748669824e-03 -7.86663725522464e-03 4.67810555894841e-03 1.56440988287918e-02 -1.40065892529139e-02 7.53627634381760e-03 -2.17688747362217e-03 -2.72381602012985e-03 4.97994868890985e-04 1.31088418679848e-03 -3.43464749302237e-03
 3.02046620889964e-04 1.38201826788603e-04 1.94386458959579e-03 -1.28409511723766e-02 1.33889960570867e-03 6.26930436607090e-03 -3.09082372499851e-04 1.22189559312100e-03 1.01780576839955e-01 3.82082044565746e-06 -7.40531152684168e-03 -6.18673676710080e-02 -1.65654056722184e-04 1.45338302579112e-02 -7.78196368994365e-04 -2.96228903600674e-05 3.56277420220010e-06 4.00304280473332e-07 5.36138887669206e-03 -1.02603375328283e-03 1.38591204282962e-04 1.25902508759759e-03 -9.33567287732720e-04 7.15312407122820e-03 1.19334157570927e-04 -1.87443937457285e-03 -2.36229010449555e-05 -1.93351208421209e-04 -8.98343381215345e-05 7.72288418637080e-05 3.76689906308693e-05 -4.07338836490486e-04 -2.34671924181484e-03 1.91034787483387e-02 1.18049508779246e-04 -9.37023276245368e-02 3.80477229150171e-03 -1.64481145941378e-03 1.00797455709499e+00 1.58747128030584e-03 -4.70122087749970e-03 -1.38365750612575e-01 3.11107405859878e-04 1.21923446022821e-02 -1.92296728898253e-02 1.64767555557045e-04 1.16451209313879e-04 -1.72047438191615e-05 -4.28464091488793e-03 -1.68706309361776e-02 4.89135959814606e-03 5.46983741414516e-04 2.11007513302321e-04 2.28201510377746e-03 2.18721567128619e-04 -1.02013273968441e-03 4.64283986170995e-04 1.71338891239803e-04 -5.01183539753629e-04 2.79990132107295e-04 3.71355832672152e-04 -7.89354350440068e-05 8.72825144693891e-04 -2.64467993696436e-04 6.73739383561411e-04 -6.89006602978949e-03 4.96362192490746e-04 -7.30969967878116e-04 -1.12171742964101e-01 -7.10111226463923e-04 1.49124589688985e-03 -7.20452290411932e-03 5.97856432460798e-04 -1.26525918990531e-03 -7.93430123679187e-05 -1.14009745687014e-05 -6.37748792313586e-05 -3.70791546406691e-05 -8.89124452172508e-03 1.07089869802899e-04 -4.44237863252367e-05 5.14036649452427e-04 2.86482307403550e-04 -2.23658875672975e-03 -1.28126147416584e-04 6.20040646866104e-04 3.33461258062679e-05 2.42509020357472e-06 8.19361675000919e-05 -4.87189897536925e-05 -9.52392925354473e-03 1.67165750744559e-03 -1.64979227127651e-03 1.56270864166525e-04 8.41758259669984e-03 -5.62157321538815e-04 2.96789620071230e-03 2.28082910333575e-02 3.73328713120582e-03 -1.84217893114519e-03 -3.95431249613503e-03 6.21873123932445e-05 -1.12621416388584e-03 -1.73657561120673e-05 1.21027168353744e-01 -8.63670101359940e-01 2.21309538058497e-01 8.38402092458041e-03 -8.91415844552263e-03 -1.12902466735297e-02 1.08893581381087e-02 -6.00446613446559e-03 -1.25721276346875e-02 2.28057319023597e-03 -3.04030292633769e-03 -1.25848006168331e-04 2.39756797715999e-03 4.15788590766647e-04 -1.18985537925560e-01 8.62460941884192e-01 -2.20270336964279e-01 -8.58117650544866e-03 -8.88433523678887e-03 1.09029813672812e-02 -1.03627895323878e-02 -5.11823882872227e-03 1.80490335879632e-02 2.40860799553537e-03 -3.54083502287367e-03 6.27630138872448e-04 -2.01086667995534e-03 -5.15837833597898e-04
 -3.57628215234331e-04 -8.07044388603283e-05 -1.58181160041978e-03 6.62249308153346e-03 -9.63275062243816e-04 -1.43007490664702e-03 6.45200234708787e-03 -3.35104905812535e-04 1.66580369029223e-04 1.02614209563243e-01 4.38553114075648e-03 -3.34418375639318e-04 -6.21504705535603e-02 1.04364597864843e-04 4.17182253977864e-06 6.45904792586858e-04 1.43098251382882e-02 1.39444888169952e-04 -4.50315039267630e-04 4.21953974050420e-04 8.42886139602678e-04 7.89790940378398e-03 1.44193239334612e-03 -3.10976409314966e-04 2.97797154676730e-04 -5.73853777555600e-06 -4.52463624139893e-03 6.02327420272951e-05 5.80660485797416e-03 -3.05795059033320e-04 -2.70581011115482e-04 -1.33490553986825e-04 1.61299333849430e-03 -4.78889606232055e-03 -6.81510038563041e-04 9.31262389708976e-04 -9.16789268326117e-02 1.42098490699134e-03 1.58747128030584e-03 1.00988913238036e+00 2.88197706390220e-03 2.04021043706216e-03 -1.39159423790909e-01 2.96593428233520e-04 7.87961381324706e-05 1.70555455590246e-02 1.22719587728824e-02 1.00011812382209e-02 -2.40880946711287e-03 -3.41400518231546e-03 1.31987474075597e-02 -1.83551406787459e-03 7.84164789661963e-03 -2.39745601126309e-04 -7.88052190254897e-05 3.09366154166452e-04 -2.06371983852209e-03 -4.26075028529681e-05 1.89043111381337e-03 -6.97317156098643e-04 -3.49206932318753e-04 2.30142204778223e-05 -9.26812233984045e-04 1.18654819919887e-03 -2.59193239105645e-04 2.24326319145042e-04 -6.07692407315325e-03 1.74075152538659e-04 -8.70229811101905e-04 -1.12744227686208e-01 -4.94488351749880e-04 -4.60796763937766e-05 -6.06237274685839e-03 -1.67809756882844e-06 1.96445434825745e-05 1.01725706136967e-04 -1.37203562522448e-03 5.33733269894790e-05 2.11738721221657e-04 -7.75348260849863e-06 -2.20843972435155e-04 -8.08584163904863e-03 -1.69154962998247e-04 1.17319121303905e-04 5.42651680911863e-05 5.81365941657360e-05 1.45085496944396e-03 3.25857258746744e-05 -1.88972955949081e-03 1.12393206492398e-04 -1.40016641250846e-01 9.97200530241025e-01 -2.56964806276233e-01 -1.03388471297523e-02 -4.37913180455654e-04 -1.42335317292036e-02 -1.25050996730433e-02 2.15573185146955e-03 -1.50829845595935e-02 1.11407242428189e-05 -1.07686989985784e-04 3.94312890219899e-03 4.44662722602483e-03 1.80249036421039e-03 7.26462495498588e-02 -4.97148667088685e-01 1.28339497092940e-01 4.87939419320168e-03 -1.10211355709046e-02 4.22036429853204e-03 4.09720405106353e-03 -1.25650793522674e-02 9.31449966708695e-03 2.13415154262399e-03 -1.02003054377568e-05 2.39720216049789e-03 -8.65343386947992e-04 2.01253076226949e-03 6.60238884228415e-02 -4.95573257277643e-01 1.24387596204431e-01 4.84715664663095e-03 1.10237577644143e-02 3.93119444453855e-03 8.47071382764251e-03 1.64751276078493e-02 1.45271091966443e-02 -2.64514933149189e-03 -1.69865163875046e-04 2.96355827018938e-03 2.72509410232459e-04 2.04013573672213e-03
 6.86042387373669e-04 -2.51088755882613e-03 1.34758531561783e-01 -2.31823703094634e-02 -2.13174412398682e-03 4.09678466380063e-05 -9.07624486924438e-05 1.00096918962164e-01 -6.84917163568284e-06 -1.21904684602069e-03 -1.64037067767098e-02 4.01273415809837e-04 -1.29816211920647e-04 -9.55388336148750e-05 5.54577633787689e-06 -1.36275723794600e-03 9.60440162708054e-05 2.35136140499584e-03 -1.41038716674184e-04 3.51266626295429e-06 -7.43366944913524e-04 1.03490283520174e-04 1.24504531847020e-03 3.02477984045083e-05 1.43586696057777e-05 9.87906226488265e-06 7.29594304266893e-06 -1.48885184308047e-03 -3.35669124202127e-05 1.89147374967014e-03 6.07335152859031e-05 2.63586385514995e-04 -2.01543077253078e-02 -5.89109312204973e-03 1.68047388333278e-02 5.97475910043216e-04 -3.14473797089586e-04 -1.48237047999181e-01 -4.70122087749970e-03 2.88197706390220e-03 3.07103833311193e-02 4.76687186584742e-04 -1.48241533262284e-04 -5.61632622656810e-05 1.42321280634369e-04 -2.14502350545980e-03 2.56326510766735e-05 3.81833848147520e-03 -8.94451974640428e-05 -8.10166003206034e-05 -1.87984436226494e-03 -1.20391923303950e-05 3.45144183955461e-03 -1.97579700111701e-05 -6.11520418962578e-05 7.57739339253306e-06 -1.39443032462803e-06 5.26103313183080e-04 -7.71888837073845e-05 -7.40701657689934e-04 1.26051812964428e-03 1.45030983941859e-07 -7.80450443965253e-02 9.19301710964428e-03 1.44354649968614e-03 -3.68456148324408e-05 7.13086095006386e-05 2.18562651789200e-02 1.18789162114184e-03 -1.95445804241240e-03 7.28693142429794e-03 -1.12540748894331e-04 1.74304867660131e-04 1.81623846309430e-05 4.86216553884256e-06 2.73672425785153e-04 -4.39300451406171e-05 -4.70496403229283e-04 -1.23256635373412e-05 2.59393425276988e-06 -1.31137821262262e-03 -8.70142807344077e-06 2.28018049309079e-03 1.82067784611101e-05 9.68798919375883e-06 -5.58924171351059e-06 6.04101711274715e-06 1.79518625150446e-04 -9.94405295361783e-06 -2.41929733673227e-04 9.06940999465941e-03 -6.07818515363489e-02 1.58634688412458e-02 -9.27572286055939e-04 -8.93181308473729e-05 1.66248910105384e-03 -2.63445646200505e-03 9.18812403361023e-05 2.33951621470192e-03 -2.03732555431890e-05 5.32108604605528e-05 -6.87017077864148e-04 3.72177610758015e-04 1.06987487524585e-04 9.83282900522567e-03 -6.22750751812753e-02 1.64847807972547e-02 -8.80021716771019e-04 -1.41807378410772e-03 -7.77409603175764e-04 -2.74092190332000e-03 -2.15209986505601e-03 -1.14930100524683e-03 -3.83003572385937e-04 -5.52143865138719e-04 8.43075904146960e-05 -1.82432307430463e-04 5.49167290741647e-04 1.04248089855923e-02 -7.05011948134399e-02 1.83649676773210e-02 -9.08538732316291e-04 1.52482994880627e-03 -8.98927141773634e-04 -2.61800391110501e-03 2.47489922455781e-03 -1.35150607472554e-03 3.38227033111697e-04 4.91805803416732e-04 -9.24910475248896e-05 -2.00249775612075e-04 6.26115286922367e-04
 -8.71303899819577e-06 4.72152708830720e-07 -6.60706911172252e-04 1.64453954702604e-03 1.95203444158056e-04 5.72650602958840e-04 9.35013300591222e-05 -2.55032159418727e-03 -4.71329863453524e-02 -5.75781543857280e-04 1.80613800805259e-03 1.10003203351703e-02 -3.42985587571698e-05 -1.09535490110148e-03 9.84942382173108e-05 8.56542946797825e-06 5.48619597840577e-05 -3.12696665262280e-06 4.35640572481876e-04 1.08016733582953e-04 2.36146921792114e-05 -1.32596759494534e-04 6.29752708701576e-05 -1.51487931057680e-03 -1.71218332771266e-05 3.94473058446648e-04 2.01219592927016e-06 5.10630805538826e-05 2.05853866064668e-05 -4.35546924471708e-05 -3.31490543951791e-04 1.02003722118030e-04 -1.75328166060817e-03 -2.16642047118309e-03 -8.73995180341166e-05 1.26544397308811e-02 -7.84720919571579e-04 1.44011568744912e-03 -1.38365750612575e-01 2.04021043706216e-03 4.76687186584742e-04 2.03390929733963e-02 -3.76550424292073e-04 -1.24350373159142e-03 2.51224844967910e-03 3.18868937379794e-05 2.06145255999467e-05 5.30662552008024e-06 1.36563549113621e-03 2.16479977329190e-03 -6.00504924905130e-04 -6.28496005131750e-05 -1.43804081508694e-04 -3.99165569574111e-04 -4.70492074197912e-05 1.61075830918581e-04 -7.17214743593067e-05 -4.52210307415884e-05 7.13657912906965e-05 -1.80649654805367e-05 -7.60670729455607e-05 1.25127699576683e-05 -9.12354133067409e-05 -2.68602684483714e-04 -2.64259389097322e-04 2.55578132352243e-03 -5.10616131382487e-05 1.92460640571940e-03 -1.98457274087289e-02 -1.00737832190082e-03 -3.62076340634950e-04 3.17904799050313e-03 -5.62358805577754e-05 -5.90066307252694e-04 1.10573424437156e-05 -2.42838192554938e-05 -1.28009180277245e-05 4.83680497944785e-05 1.26688662296944e-04 -1.21469735424850e-05 -9.52889997780438e-06 -1.19050848934998e-04 -1.56041488896647e-05 7.10696096614179e-05 1.90062910377874e-05 -2.36931601761472e-05 2.78084551683120e-06 -1.19615356321953e-05 -1.99489632831862e-05 1.44839174407917e-05 1.11248272403806e-03 1.69219023376077e-03 -1.32043903497653e-04 -2.35093236365950e-05 -1.14705713873810e-03 5.42728700584628e-05 -3.84762519885097e-04 -3.13033148299354e-03 -5.75989207117593e-04 2.99190821989717e-04 5.30050177410783e-04 1.35951225442291e-05 1.55371591391084e-04 9.58196850052979e-06 -1.63163060625493e-02 1.13636600254853e-01 -2.99673119809476e-02 -1.19551636481861e-03 1.18934442790628e-03 1.54912795671838e-03 -1.59506499070560e-03 7.84277507359709e-04 1.73804488115856e-03 -2.78220257834359e-04 4.46619760562824e-04 -1.24757030749488e-05 -3.42384511394048e-04 -3.75657738542587e-05 1.64470269544899e-02 -1.16586289639483e-01 3.07267804902574e-02 1.28444030871538e-03 1.26081287517717e-03 -1.49079728866399e-03 1.67263478463916e-03 7.30684472238570e-04 -2.44184703818169e-03 -3.26638911489748e-04 4.87595127577902e-04 -4.89616408917314e-05 2.98537313299731e-04 4.31802479389022e-05
 4.46686099933504e-05 5.83971344050133e-06 -1.05413758449426e-04 -7.99089493705969e-04 4.36073913347653e-04 1.32701035557467e-04 6.50489830508748e-04 -5.79742125075975e-04 1.62078910195591e-03 -5.00408649519067e-02 -1.78326525264433e-04 -1.07243094877930e-04 1.12662015171761e-02 -4.71554613914755e-05 3.14819836101202e-06 -6.73609219239189e-05 -9.99170330959513e-04 -3.49507800673281e-05 -9.83224005065935e-06 -4.76663404405033e-05 -8.10069691018926e-05 1.50982916019703e-04 -2.14804047957425e-04 7.71515909215683e-05 -4.57528097779410e-05 -1.03263829836190e-05 9.86044127501745e-04 -1.92340071821484e-05 -1.26727093813399e-03 4.90087051142692e-05 1.81873076284399e-04 1.20834075177704e-04 -4.34362274683216e-03 1.45901998539685e-03 2.94746574336719e-04 -1.99156671020831e-04 1.25859185117886e-02 -1.16469934313931e-03 3.11107405859878e-04 -1.39159423790909e-01 -1.48241533262284e-04 -3.76550424292073e-04 2.07560006450092e-02 -5.68276836973206e-05 -1.47676573464048e-05 -2.22953392583026e-03 -1.21552996597679e-03 -1.28611725824270e-03 2.92757035398009e-04 4.95271983596953e-04 -1.55183729582806e-03 1.06849462449859e-03 -9.78011767775526e-04 4.70302775711018e-05 1.99103376331821e-05 -2.40694071838347e-05 3.40221609843526e-04 -8.17482058342735e-06 -3.74199194734489e-04 1.28783769907369e-04 5.08082685358198e-05 -1.42884284393519e-05 2.51641676127829e-04 8.24325641771882e-05 9.69709015049707e-05 -1.26965774707438e-04 2.55904556902276e-03 1.69644398112085e-04 1.75158719552162e-03 -2.26279888686478e-02 1.33217062118844e-04 -1.15138395688719e-04 3.20823250438593e-03 3.61283952561065e-05 1.69936614112008e-07 -2.03147468936436e-05 -6.32757498925844e-04 7.27728148189976e-07 1.11154102506510e-05 -5.26119307032366e-06 1.59478469998362e-05 -9.04109703588944e-05 6.15379506126754e-05 -6.21796196362742e-06 -1.22594762339380e-05 -8.67611303890477e-06 -3.24852048685292e-05 -1.29816798083338e-05 5.08212435317531e-05 -1.05267284910037e-05 1.94035821578022e-02 -1.35290710709135e-01 3.60107868573351e-02 1.54229769305522e-03 6.11713564830766e-05 2.02596578832646e-03 2.01517823043952e-03 -3.19442895265398e-04 2.20584332302184e-03 1.89005415134741e-06 2.40009473425249e-05 -5.33725269058869e-04 -6.48739998839981e-04 -3.26502945958262e-04 -9.43179863774959e-03 6.40409868313540e-02 -1.68562262247464e-02 -7.03158982554855e-04 1.47142628123719e-03 -6.13454723449069e-04 -6.77261574070992e-04 1.68253700704236e-03 -1.27209303861576e-03 -3.21377806438080e-04 4.60030135793942e-06 -3.56447343781233e-04 1.63584891698752e-04 -2.53166745905935e-04 -8.59721718815891e-03 6.44142144250092e-02 -1.66320943162933e-02 -7.18610940032095e-04 -1.48150438038732e-03 -5.48648766887355e-04 -1.32318987571280e-03 -2.23799818218000e-03 -1.96930031551630e-03 3.84698195939027e-04 -1.12036945528818e-06 -4.20119582578604e-04 -1.02144298174494e-05 -2.41787500863529e-04
 2.80982272801001e-05 -1.16492170619230e-06 6.99623678356487e-05 -1.68109730291319e-04 2.84631226448507e-05 5.38352232195134e-04 -3.91841014799734e-06 -4.37302692313108e-05 -9.45040655381665e-03 8.61616711946723e-05 -1.14353931194056e-04 6.07016639453553e-05 -1.61859173572363e-05 4.65531501303027e-04 -1.20960083395539e-05 2.38389297813278e-07 2.93426587681875e-06 -2.78817641958322e-07 4.42848962525590e-04 -2.32496889303350e-05 3.84778721472508e-06 1.36579929250859e-05 -1.41636493865018e-05 -8.50005778087030e-05 1.15687542737365e-06 2.15687849513829e-05 -1.95068727236313e-06 -1.07971831167517e-06 3.10316126271230e-06 -9.36955358926564e-07 3.43521890635477e-05 -5.32259741294481e-06 -1.93320119840197e-04 3.27825944324353e-04 9.97018471148991e-06 -1.20246242332788e-03 8.35659581764126e-07 -4.78450064217762e-05 1.21923446022821e-02 2.96593428233520e-04 -5.61632622656810e-05 -1.24350373159142e-03 -5.68276836973206e-05 2.85851373821063e-04 -2.73618408326634e-04 4.26254092112144e-06 3.46443706598567e-06 6.56594228615836e-06 1.99666755600297e-04 -2.51287086340062e-04 6.27968403004834e-05 3.69421242739955e-06 -2.10287312114119e-05 5.02710000339991e-08 -3.10496674071868e-06 -5.84750192154988e-06 5.05505729827015e-06 1.27831618238112e-06 -3.76046161092546e-06 1.87145516670703e-06 8.85768991775645e-06 -3.13186584010881e-07 -1.28820098330783e-06 -6.19546398200693e-05 -1.04633455766826e-06 4.35634036344895e-04 -1.07309246540738e-06 6.00922023732956e-05 -1.27082484390753e-02 2.27824058103656e-05 2.39166216325175e-06 6.17881493613906e-04 -2.83902710511422e-06 -2.61309931716783e-04 -9.53081505947867e-07 -1.47875946064790e-06 1.60401148649744e-07 1.30660935679300e-06 -4.59899452405984e-04 2.22039359033481e-06 1.87815630231232e-07 4.77062395233171e-06 1.27894563037491e-06 -1.03018905021697e-04 -1.04039589596356e-06 2.72039904075823e-05 6.65810632138449e-07 -1.21013108822044e-06 9.01974044566196e-07 -1.28370435158652e-06 -1.31433754113502e-04 2.03093681839334e-04 -5.36069802237855e-05 -3.55494110763019e-07 1.04711909179911e-04 -8.82979756338443e-06 3.46252131683508e-05 2.76196002798539e-04 3.37201012825904e-05 -7.56292813701943e-06 -5.18940228215219e-05 4.31899518327601e-06 -1.26401943402905e-05 2.78868875180609e-06 1.50134997040031e-03 -1.17442991496400e-02 2.71816201162110e-03 8.01600289761576e-05 -1.13162150805005e-04 -1.38374967434335e-04 8.83303211707834e-05 -8.40838686430760e-05 -1.54990315858535e-04 3.61424348514324e-05 -2.83344209405062e-05 -1.24393263884109e-05 2.37231796927435e-05 1.17358824653102e-05 -1.45439547037530e-03 1.12983245464157e-02 -2.59469989910380e-03 -7.64370908578215e-05 -9.98658627584674e-05 1.32240327494813e-04 -5.86983174012480e-05 -5.60741566597842e-05 2.21056577289755e-04 3.32944760804492e-05 -4.08258087070265e-05 1.77702267922941e-05 -1.87287489394027e-05 -1.45371454278342e-05
 -1.01315216317865e-05 -6.41577106022987e-06 8.13365189954525e-05 2.56099491288422e-04 -3.32863015899329e-05 -2.57128512766775e-04 5.20504870394727e-06 1.63736441349667e-04 1.23193086947539e-03 3.10358562215713e-05 9.76029593429665e-05 9.40177607856433e-04 -7.61262134441569e-06 -3.63340657016462e-04 1.56538296410706e-05 -3.10069285798143e-08 8.32099513718190e-07 1.00984477651851e-06 -2.15486216284173e-04 2.28553814146636e-05 -6.58217884526813e-06 -2.33234970542552e-05 2.46732876707582e-05 -8.54055168880624e-05 -2.07167860270502e-06 2.25861023628282e-05 -2.31650174953147e-07 4.05765242489856e-07 1.98096742972660e-06 2.72011383668801e-06 -5.20424948761595e-05 1.41857064506459e-05 -1.92735064676085e-04 -3.29671216060451e-04 3.09745216654535e-05 1.80955928513239e-03 -7.59883629716562e-05 -2.61967272694365e-04 -1.92296728898253e-02 7.87961381324706e-05 1.42321280634369e-04 2.51224844967910e-03 -1.47676573464048e-05 -2.73618408326634e-04 3.79214559743291e-04 -4.94537127070569e-06 -1.10349600834659e-06 7.46082177001603e-06 5.90546589677799e-06 3.34585965965654e-04 -9.48316147594303e-05 -1.07264908050522e-05 1.00083955693662e-05 -3.54507075484727e-05 -2.60268447982179e-06 1.75684480095893e-05 -1.01351963400757e-05 -3.23936237709675e-06 8.25336119092327e-06 -4.86948232681408e-06 -5.73431317812192e-06 6.34113699675576e-07 -1.14406526238402e-05 3.12291185358513e-05 2.62467179119930e-06 -2.30234222925320e-05 -1.02264921432295e-05 -9.29834999541167e-05 5.51270016497072e-03 2.23863961512261e-05 -1.62042028795790e-05 -7.25899242849262e-05 -1.17908378269370e-05 9.72482586663015e-05 1.51162937438318e-06 1.77830755773721e-06 1.53177639121941e-06 -1.78516155980329e-06 2.73953625377751e-04 -2.28898213863894e-06 -4.55292485510449e-07 -9.52243617688100e-06 -3.04746024797333e-06 6.52214475061466e-05 2.32877969921338e-06 -1.76616574896937e-05 -6.28771284868661e-07 6.20598775532731e-07 -1.63225982130132e-06 7.72218221978782e-07 1.98588460606515e-04 -1.29968072242585e-04 5.89913298175117e-05 -5.24983224553035e-06 -1.61693653980559e-04 1.44789890093566e-05 -6.26851784772790e-05 -4.34325775920035e-04 -6.38813082712849e-05 3.07430853351013e-05 7.66613330441317e-05 -2.96532465848623e-06 2.23526499161777e-05 -2.97404337769054e-07 -2.26356349097761e-03 1.65374309305185e-02 -4.14147714315362e-03 -1.53388199739246e-04 1.64587850640262e-04 2.13898857169070e-04 -1.98517502201735e-04 1.09852873141590e-04 2.39017167931661e-04 -4.61103709513647e-05 5.39259365796002e-05 6.70852370253094e-06 -4.45784829329763e-05 -8.49041052429108e-06 2.32678659166175e-03 -1.70350075052449e-02 4.27283633450832e-03 1.55513639493875e-04 1.74359455140335e-04 -2.10306049485567e-04 1.75646416014857e-04 1.05558763559926e-04 -3.46018167937060e-04 -4.72512473329366e-05 6.80316612781161e-05 -1.43749742349915e-05 3.65165550019563e-05 1.37793808219874e-05
 -3.21252375697383e-04 2.29881831600454e-04 -8.98765678587048e-03 1.01192359723589e-03 7.82736352678231e-04 -3.74852603019880e-05 2.50221189248833e-04 -1.03997224743044e-02 1.79675213177818e-04 -1.28178152512022e-03 3.24905216951790e-03 -4.42226564874718e-05 -8.19109423201713e-04 2.71296089284500e-07 -1.64971924029441e-07 9.45330255089475e-05 3.22012207808966e-04 -1.39985357389550e-04 -2.90071776171657e-06 8.23518306677683e-06 1.77415696016750e-04 2.36292173523943e-04 -2.48545612921697e-04 -5.41398019229840e-06 3.12866276740646e-06 -1.42928888143558e-06 -4.58080456763523e-05 1.33931686661999e-04 6.08203342120778e-05 -1.75259296750019e-04 1.59204468843247e-04 3.11767480430091e-05 2.59864095827218e-04 -2.53284585305966e-04 -1.32325917495117e-03 -5.56120691230189e-06 -1.54187403247775e-03 1.23506191360469e-02 1.64767555557045e-04 1.70555455590246e-02 -2.14502350545980e-03 3.18868937379794e-05 -2.22953392583026e-03 4.26254092112144e-06 -4.94537127070569e-06 4.81370271607039e-04 2.50034762495267e-04 -1.37078218115089e-04 -3.41392233564057e-05 -4.49678748040023e-05 4.26542608142998e-04 4.17101344560292e-05 -1.79124293765321e-04 -2.40263589241721e-06 4.86978216492303e-06 6.46246764600437e-06 -3.20017214043331e-05 -6.28003911123566e-05 2.74499872949540e-05 7.49455668808558e-05 2.76354717898156e-04 1.14914966248875e-05 1.82049817292410e-03 -4.06249599587183e-04 -4.74051158730314e-04 -3.52850625561174e-06 4.07679089526944e-05 3.43919388592938e-03 1.30826279995742e-04 -5.10671261443350e-03 -4.51182179790666e-04 1.21064655962696e-06 9.19284463962551e-05 3.09741679530758e-06 4.68112160918823e-07 -6.21744617578452e-05 -9.19601695687751e-05 1.11301580001135e-04 1.42833780045802e-05 -1.26096599334321e-06 2.75950346439089e-05 -2.41148878331933e-04 -5.63160801401658e-05 2.43145561866153e-06 -3.36747362508544e-07 1.01348110167679e-06 3.87359048878264e-05 -2.40291278533136e-05 -5.03442532660759e-05 3.34576155488313e-05 -3.04288357189892e-03 2.19115206610318e-02 -5.49292415201743e-03 -8.20443597038412e-05 -2.45075183837375e-06 -3.65103013342255e-04 4.43853104028495e-05 1.83730384273549e-05 -4.42669495335885e-04 2.66958509395238e-06 -3.98615209976802e-06 1.24162752116949e-04 3.72324646212567e-05 1.50617469393872e-05 5.68104779787173e-04 -3.88550189330142e-03 1.01156829143248e-03 1.59213348164699e-04 -8.17768123157314e-05 1.32211821067096e-04 2.95900027375025e-04 -3.26196459386826e-05 2.64006473612665e-04 6.86773537990574e-05 4.63538383488655e-05 3.29126407930074e-05 5.75587444600813e-06 -9.31490021914638e-06 4.50941873993878e-04 -3.64006151331173e-03 8.86156682338500e-04 1.63729703938530e-04 7.73871839259124e-05 1.32973172456338e-04 3.64164599681457e-04 7.80656885720038e-05 3.58316333271992e-04 -7.57056085363882e-05 -4.52692730304578e-05 5.70331748173594e-05 2.67381359119402e-05 -1.32968122001729e-05
 -1.74816832902252e-05 3.96927205476602e-07 -3.96936059069645e-05 1.48550255891111e-05 3.33493169506943e-05 -1.86007479809039e-05 5.48309000310128e-04 -1.89917218695847e-04 5.66398562329398e-05 -9.68846918131587e-03 1.62620379651867e-04 -1.36375502720378e-05 6.98527866461445e-05 2.22729808819429e-06 1.10106917942647e-06 1.00617845967497e-05 4.70026874519695e-04 4.49891774542433e-06 -8.97234030028891e-06 7.95615128455840e-06 2.32555715312902e-05 4.73325347538197e-04 9.13782208741961e-06 -1.32580849806841e-06 1.99630458116963e-06 -1.34522253244305e-06 5.51402342135600e-05 1.17039410487540e-06 -7.14336320626639e-05 -6.24630383637526e-06 1.88347737663763e-04 -5.31658809075397e-06 1.82584544786013e-04 -1.07649322995325e-04 -1.82109183850493e-05 -1.26215091726245e-05 -1.13293471004673e-03 2.13830725885864e-04 1.16451209313879e-04 1.22719587728824e-02 2.56326510766735e-05 2.06145255999467e-05 -1.21552996597679e-03 3.46443706598567e-06 -1.10349600834659e-06 2.50034762495267e-04 2.94220393004410e-04 1.38770274210053e-04 -2.81988496788661e-05 -3.26207024562023e-05 2.39757325153097e-04 2.25529686221722e-04 1.23707851683360e-04 3.00607643088185e-07 1.67384790308170e-06 9.77298450632882e-06 -2.89192947386067e-06 1.37793860931595e-06 -6.43777752650807e-06 -6.61401988366184e-06 -7.46819773683561e-06 -6.89118017721823e-07 -2.78300084104243e-05 6.51919141129203e-05 -8.09873239288902e-06 -3.28225946169970e-06 4.50148693890090e-04 1.65460624546583e-04 2.65228303832346e-05 -1.29946109461085e-02 2.81119596248400e-06 -6.53660251503289e-06 6.48078836265250e-04 8.26665562327699e-07 1.12978920111662e-06 -1.10272538152738e-06 -2.67011754827753e-04 3.83965111919273e-06 2.35598001673444e-06 -2.06110593263399e-06 -3.83511744458161e-06 -4.65700181597517e-04 3.89285120656840e-06 1.70966962592945e-06 -8.02911255341859e-07 1.20880745542448e-06 6.87079454692742e-05 -1.72587117131583e-06 -8.69562997121115e-05 2.23005124126372e-06 -1.80551132409409e-03 1.35176577268975e-02 -3.17554368059940e-03 -9.24086809498774e-05 -4.99357463704925e-06 -1.72228564226812e-04 -6.34662999560512e-05 1.71647589375256e-05 -1.63294296784348e-04 1.81964505340739e-06 1.54725101739164e-06 5.35780880454383e-05 4.46582575393678e-05 -2.46197267409399e-07 8.92773962801584e-04 -6.61987628043364e-03 1.55159853150322e-03 4.54858047438415e-05 -1.31592179767623e-04 5.12315894333261e-05 1.62652219328394e-05 -1.53906788681855e-04 1.25643298924037e-04 1.73592308675824e-05 5.38244501549689e-06 1.82137927805400e-05 2.24505247037123e-06 3.03901320132994e-05 8.14552018392307e-04 -6.44792836771462e-03 1.43942749931609e-03 4.29858999242083e-05 1.29747269975203e-04 5.43405449211346e-05 5.91845894387080e-05 1.94278791139800e-04 1.94295454602514e-04 -2.54726475760920e-05 -1.13606609136116e-05 3.18601959327774e-05 1.13383523681583e-05 3.50229886987257e-05
 5.21221437003468e-04 -3.96711205168195e-04 1.54985565113098e-02 -1.57062764851496e-03 -1.27886704427475e-03 1.09400611514394e-05 1.14557288212824e-04 1.74377366676252e-02 -2.99970617033204e-04 -6.42649262142956e-04 -5.20260050632571e-03 5.12452314512142e-05 -4.96205798348194e-04 7.50236948035217e-06 9.71665804587600e-07 -1.37870913974407e-04 1.88906386472398e-04 2.51095989217903e-04 -1.33307663623690e-05 3.80717974529598e-06 -2.59494429011078e-04 1.37654846300129e-04 4.70185388365544e-04 -8.35064034116213e-07 5.24404461630837e-06 1.31788810260113e-06 -2.83696524189118e-05 -2.25825702581368e-04 3.25636441911476e-05 2.85358255023743e-04 2.56222386517700e-04 -4.34761218230010e-05 -8.70272028237739e-04 3.09506624718160e-04 2.26337438469096e-03 1.93405778348062e-05 -9.28370011965121e-04 -2.11144103315240e-02 -1.72047438191615e-05 1.00011812382209e-02 3.81833848147520e-03 5.30662552008024e-06 -1.28611725824270e-03 6.56594228615836e-06 7.46082177001603e-06 -1.37078218115089e-04 1.38770274210053e-04 6.36980697134160e-04 -3.47029382378685e-05 -5.32175893497781e-05 -1.64610142948989e-04 1.22730888230627e-05 6.25136783618112e-04 -3.03569914392729e-06 -9.68630448435218e-06 4.53825314521389e-06 -1.33100475547887e-05 1.03658618648760e-04 6.16349486345475e-06 -1.49709822696586e-04 -4.96851823740780e-04 -2.01474456145307e-05 -3.18351199277276e-03 7.50111880803566e-04 7.77017934760291e-04 1.16936109724925e-05 2.13932177556652e-05 -5.46499433257055e-03 -3.00707827878875e-04 -2.88371551925365e-03 7.42971307017075e-04 -5.77573894229622e-06 5.79152190086466e-05 -6.08776029550031e-06 5.17028645920279e-07 1.05154806200828e-04 -5.19619744618832e-05 -1.79944159501320e-04 -1.96619537124251e-05 6.48405365618062e-07 -6.28757382175696e-05 -1.29824925060382e-04 1.04555153571734e-04 -1.83654893701864e-07 1.76024662490457e-06 1.05102694799296e-06 2.18173905372356e-05 3.97697309200003e-05 -2.70121671032990e-05 -5.07611002527870e-05 -2.40310080979401e-04 1.77557136461287e-03 -5.08701231909297e-04 -2.38395514327133e-04 -1.15638037470129e-05 8.04112329903601e-05 -5.03888462284428e-04 4.98812748277285e-05 1.93373881662987e-04 -3.23570908533318e-06 3.89452615631430e-06 -5.71321273357736e-05 1.01786282370269e-04 2.98901208633034e-05 1.93151536962655e-03 -1.34333960049280e-02 3.37466131694118e-03 -8.88545300666679e-05 -2.93997198711196e-04 -6.77193491458885e-05 -3.66870039168814e-04 -4.39138776304758e-04 -8.78638726484628e-05 -3.91810272169962e-05 -7.81845005790964e-05 3.07547892656251e-05 -3.48026490987117e-05 9.85326198383245e-05 1.83671493672412e-03 -1.34401077984865e-02 3.33168152845214e-03 -1.01692100422832e-04 2.97930107110739e-04 -7.30626336296362e-05 -3.21725563740466e-04 5.08008337302568e-04 -3.97834929320283e-05 3.09060450456874e-05 6.53818210900089e-05 1.52660444027201e-05 -2.99443709728908e-05 1.08820941310416e-04
 -3.75094986700845e-05 3.51823062047652e-06 3.90610819995104e-04 -2.53975626077522e-04 2.25986789527073e-05 8.21365261578989e-04 -5.05982328441608e-06 -3.87015914540500e-04 -1.99299742258345e-02 -3.99050106687394e-04 1.83846147127180e-04 1.73947102325286e-03 1.75945270274845e-04 4.66730489996689e-04 -1.66712747656143e-06 -9.94386667819430e-06 -2.91680434324420e-05 1.52782384503474e-05 6.73905931800875e-04 -1.64979559509371e-05 1.79733169257835e-05 -2.17535655762032e-05 -3.36822580168568e-05 -3.43261097887511e-04 -2.22444079910691e-06 8.89939371996302e-05 1.22158705307132e-05 9.88186337343874e-06 -1.17394556203569e-05 -1.15357298795579e-05 -5.29103198139383e-04 -4.93114863534145e-05 1.76506521774946e-03 -4.51608315734422e-04 -9.56633259635818e-05 2.61486849291439e-04 1.60362505447960e-04 8.03368730345338e-04 -4.28464091488793e-03 -2.40880946711287e-03 -8.94451974640428e-05 1.36563549113621e-03 2.92757035398009e-04 1.99666755600297e-04 5.90546589677799e-06 -3.41392233564057e-05 -2.81988496788661e-05 -3.47029382378685e-05 4.88583570867578e-04 -1.53354205655712e-06 -4.91680998290945e-05 2.94077960247198e-06 -7.43775214001840e-05 -5.90472797993086e-05 -1.09838054510156e-05 1.55003657818684e-05 1.12353203955513e-05 4.66154365912413e-06 7.73280237786085e-06 -1.04552451322284e-05 1.28265643168510e-05 6.67091483755821e-06 -7.43749136040916e-04 -8.93457909756119e-05 -9.79745915306082e-05 9.78034688683045e-04 1.44590106750002e-05 9.43941676213723e-04 -2.02410461364839e-02 1.07989234327535e-04 -2.30425901675413e-05 1.32076073645584e-03 1.28225916304597e-05 -4.43780637703816e-04 3.62705244491471e-07 -8.30350377646923e-06 -1.12588359544707e-07 1.29604832191830e-05 -6.03540587966715e-04 1.05232814334566e-06 -2.09610628760325e-06 9.21425175199345e-06 2.81271151013871e-06 -1.29122959289899e-04 1.21502389887377e-06 3.30566836599321e-05 -2.52080968844854e-06 -2.75045169909739e-06 3.08054046618877e-06 -9.22879712146320e-07 2.10310030730140e-04 -1.36612089918845e-03 3.33734146674336e-04 2.31972927463273e-05 -2.84164174227146e-05 1.08257384521707e-05 2.53533713969386e-05 -1.04226438611996e-04 -2.44839680953071e-05 3.45788121760391e-05 9.69860666655396e-06 -3.49843769876898e-07 -4.80406635710356e-06 2.04531846388730e-06 -8.84117329610047e-04 3.88922188416508e-03 -1.59873765695373e-03 -9.20041874868386e-05 8.45639478315242e-05 4.62636670713374e-05 -1.30663469095136e-04 6.54433884494117e-05 3.67141057286196e-05 -5.95208495275922e-07 3.49925965965841e-05 -3.02794378121949e-05 -1.73185195269009e-05 1.76957210893666e-06 7.56196266316618e-05 4.95585432627342e-04 3.45076518280085e-04 7.02482771085138e-05 -5.01474360528508e-06 -4.25739270522427e-05 1.43489124214389e-04 -4.31994949203067e-05 -9.75453039755675e-05 5.39520207058259e-06 1.52350674019424e-05 5.87632902240162e-06 1.74728483977560e-05 -2.12949963619617e-05
 3.30906686700015e-05 9.08248266164057e-06 -2.14337977294023e-04 1.14451435434560e-04 -4.78896276937764e-05 -2.54714817038505e-04 1.65237209921404e-05 -3.04272184309502e-04 1.85343670085879e-03 -1.08972500067524e-03 1.89650858469117e-04 7.66241068979540e-04 2.66907723053719e-04 -3.39996292844503e-04 1.39433822745163e-05 -4.00275691616538e-06 -2.82469737883346e-05 3.88333850821123e-06 -2.10858749844492e-04 1.95968437710295e-05 1.76182100171492e-06 -2.12892985639554e-05 3.97023931343733e-07 -6.20716156672751e-05 -3.18923658325304e-06 1.67529944555625e-05 2.27660347317050e-05 1.06345345556188e-05 -2.80417736171173e-05 -9.84564884407265e-06 7.37393924707609e-04 -2.52845617877745e-05 1.54740843320416e-03 -6.33089512624386e-04 -1.10952916905993e-04 1.58080485512877e-03 2.46226227547380e-04 8.88223476765668e-04 -1.68706309361776e-02 -3.41400518231546e-03 -8.10166003206034e-05 2.16479977329190e-03 4.95271983596953e-04 -2.51287086340062e-04 3.34585965965654e-04 -4.49678748040023e-05 -3.26207024562023e-05 -5.32175893497781e-05 -1.53354205655712e-06 3.12520927959427e-04 -1.17358423093874e-04 1.38377964843281e-05 -3.03488296893459e-05 -2.77371658014050e-05 -9.60445572532468e-07 1.43099394222689e-05 5.78932894801360e-06 2.50020809814474e-06 4.89579760049623e-06 -7.86326452577866e-06 -1.18742979275309e-06 3.63953678266097e-06 2.49481585659136e-05 -1.79166912417675e-05 -4.52078740909881e-05 -5.69889996801888e-05 4.84164180897067e-05 1.91056337935730e-04 5.65953100850112e-03 -4.02579155937023e-04 -4.43848673187931e-05 -1.12303221496403e-04 6.01225521315001e-05 1.03036986611473e-04 1.32508449593070e-06 -2.05709329189302e-06 -1.13890870984437e-05 3.92114759694179e-06 2.66966184164825e-04 -2.28669478890034e-06 5.55060000676092e-06 -6.63608846110170e-06 -1.07773359883168e-05 6.25638921546017e-05 1.64384473674543e-06 -1.71487032542453e-05 -1.92497344299941e-06 -5.21185371603081e-08 4.17498559474813e-07 1.01952484781609e-06 4.52989214556980e-04 -2.35265225761077e-03 6.00403661267984e-04 3.37806428386135e-05 -1.39811959739880e-04 3.38677388412335e-05 3.92233797454129e-06 -3.90809423827625e-04 -3.05626424845853e-05 2.60104039859239e-05 6.80198837396958e-05 -1.07350045523506e-05 3.85560270269382e-06 -6.69714749204003e-06 -2.45750200527662e-03 1.73870878827451e-02 -4.42033504696313e-03 -1.50812631511037e-04 2.06382566957421e-04 1.86677731856055e-04 -1.73111798841043e-04 1.62841635704506e-04 1.92559071804680e-04 -4.79273348579181e-05 5.36956812650921e-05 -5.45815680125510e-06 -3.45850995158650e-05 -1.81554567860478e-05 1.61306099378699e-03 -1.22257821866139e-02 2.97446527117231e-03 1.18029032714120e-04 9.03896322087710e-05 -1.83731791340162e-04 1.28138756362845e-04 8.80841010273596e-06 -3.37743011122398e-04 -3.31876378803217e-05 5.53781831664738e-05 -2.45112008818845e-05 3.14199087770467e-05 2.69972185649884e-06
 -4.23635979157531e-05 2.18816563650299e-04 -5.01893124630646e-03 -4.91588307115148e-04 2.26663215426641e-03 2.27622165359612e-06 3.37627938018785e-04 -1.66698334949062e-02 5.53608501859437e-04 -4.42444194706372e-03 5.77068913837030e-03 -3.34357880654438e-04 -3.81253704110455e-04 7.08405467981483e-05 -3.79515923412420e-06 1.73585792957132e-05 3.41939201250753e-04 -9.67733402826036e-06 1.60732302992908e-05 1.81948276172959e-06 2.29381867084373e-04 3.09087222624582e-04 -3.49484240330302e-04 2.92740875410109e-05 2.34268942069448e-06 -1.01610669648409e-05 -1.10951668480118e-07 1.75141122858234e-04 1.33167377824593e-06 -2.30259136495728e-04 1.27891989144990e-05 2.46226965976823e-04 -7.21813211657708e-03 9.00044542800808e-04 -1.03753142948523e-03 -4.22732449427344e-04 -1.15246072145859e-03 1.19140040357339e-02 4.89135959814606e-03 1.31987474075597e-02 -1.87984436226494e-03 -6.00504924905130e-04 -1.55183729582806e-03 6.27968403004834e-05 -9.48316147594303e-05 4.26542608142998e-04 2.39757325153097e-04 -1.64610142948989e-04 -4.91680998290945e-05 -1.17358423093874e-04 4.96387085657673e-04 1.19405028254960e-04 -3.11576177209011e-04 8.74871769800554e-06 7.69486260411903e-06 1.56560799668501e-06 -3.77209273692814e-05 -1.22091781525065e-04 -1.10678646776600e-05 1.59520168728833e-04 3.81240904604212e-04 -2.48153895375757e-07 3.99288465449069e-03 -1.42552655076479e-03 -1.03949688402579e-03 -3.98793903084787e-05 2.00894195961842e-04 1.01832593120486e-02 -5.02701074878722e-04 -7.60188140072464e-03 -1.09857996565171e-03 -2.66542702568300e-05 3.03876102611380e-04 -4.72429498745475e-06 5.05160177002327e-07 -1.55017364216104e-04 -1.50150971271253e-04 2.70991852410493e-04 -3.62923836952443e-05 -1.71434296783387e-06 -8.95461650139771e-05 -2.97179963539478e-04 1.50039143734646e-04 -1.03668304992775e-05 -1.61453017802827e-06 4.81645430927219e-06 4.58633833561616e-05 -5.66151279568332e-05 -5.85321987711086e-05 7.32470479234679e-05 -1.99658045264921e-03 1.52790303624117e-02 -3.42924968966168e-03 8.78040173089052e-08 3.71381710299393e-05 -2.32598760177522e-04 1.76884819610607e-04 1.12724519108704e-04 -2.89701811424795e-04 -4.67431651257405e-06 -2.12304388807424e-05 1.03300405420175e-04 -5.49203397393770e-06 -3.44191311812746e-06 1.56259909700854e-03 -9.43511936791380e-03 2.69266015255100e-03 2.10358954949829e-04 -1.49431833749505e-04 2.54308310068571e-05 3.49533552313743e-04 -5.63206041344923e-05 1.45909812337678e-04 8.02071526052947e-05 2.14360525419470e-05 3.05582416605005e-05 3.01386886680409e-05 -9.95539060598290e-06 2.74399325068529e-04 -1.03020994176500e-03 4.79956501018524e-04 1.32302169179022e-04 6.16857209614507e-05 1.31481384310424e-04 3.15768113662687e-04 4.50269655419804e-05 3.57085876008315e-04 -6.33433437860099e-05 -5.93719145991233e-05 5.15229015649689e-05 2.70439525843351e-05 -1.90043318715119e-05
 -2.67796777621670e-05 1.15449655566605e-06 2.77155524923289e-05 -1.33358261060364e-04 1.68172281872291e-04 1.95072413135757e-06 7.90863741331168e-04 -7.11198135585592e-04 1.53866912995379e-04 -1.88730729305547e-02 2.89742466602665e-04 -4.14176278558860e-05 1.52203016765415e-03 6.42424618696135e-06 1.49897296377019e-06 1.13303306874613e-06 4.80079257389030e-04 7.10325108283700e-06 -5.55671729170204e-06 3.66998660200368e-06 1.97779483652399e-05 6.31006637605589e-04 -1.57924212585029e-05 7.98959946683374e-06 -3.20121149661516e-06 -3.03911998980721e-06 1.96471219490830e-04 2.54393143631959e-06 -2.53297983793804e-04 -6.41602164895976e-06 -1.38870392521177e-04 1.48238194172219e-05 -5.75071273365826e-04 1.14962890076661e-04 9.11510364567849e-06 -7.46773126571410e-05 1.38236153309553e-04 2.53055232098737e-04 5.46983741414516e-04 -1.83551406787459e-03 -1.20391923303950e-05 -6.28496005131750e-05 1.06849462449859e-03 3.69421242739955e-06 -1.07264908050522e-05 4.17101344560292e-05 2.25529686221722e-04 1.22730888230627e-05 2.94077960247198e-06 1.38377964843281e-05 1.19405028254960e-04 4.27592540793680e-04 2.69393798509911e-05 6.71676031265463e-06 4.72848930917775e-06 9.28446392962806e-06 3.89928707968155e-05 -2.29421227938056e-06 -5.67452969807192e-05 1.20052030187315e-05 6.39305571611027e-06 -3.55342968793222e-06 3.68329617401337e-04 5.79805784945877e-06 -2.45901244056836e-05 -1.51705985363283e-05 9.06850260518786e-04 4.65489187594042e-04 4.54724577141664e-05 -1.96593757375281e-02 -3.44217611578060e-05 -1.49251556989918e-05 1.24492401220331e-03 1.53608645577358e-06 1.45904152494505e-06 -8.67680302321384e-06 -4.25311974481356e-04 1.31201894674621e-05 -4.10611163972598e-06 -3.31460036669636e-06 -6.44524156205585e-06 -6.12824239417475e-04 1.89415076698433e-05 -5.60232923356826e-07 -2.64825466470650e-06 1.02166152754852e-06 8.46379223492228e-05 -5.70688527439861e-06 -1.05819030377700e-04 3.82287905752450e-06 1.43378465517437e-04 2.10434540468578e-04 4.99914032811083e-04 7.88691541100953e-05 4.34851530844613e-06 3.61090487351094e-05 1.79210254458987e-04 -1.05714937101054e-05 7.05183038346205e-05 2.20658128009550e-06 3.53719012860472e-06 1.95273220188682e-06 -2.61252636195749e-05 -4.20814606153542e-05 1.35109552716451e-05 -7.89540625230856e-04 -3.43108124097905e-05 -2.58835227953950e-05 1.27957073717740e-05 -1.63733507885304e-05 -5.85786498598750e-05 1.36768208046869e-05 -3.50684278865632e-06 -1.67740889611015e-05 6.75310055181685e-06 -2.17352552078841e-05 2.48451006590860e-05 6.89219625708294e-06 -6.96866058475787e-05 1.25472206860997e-04 -3.07364561820090e-04 -3.63645159209870e-05 -2.27063102156778e-05 3.73361376895754e-06 -9.05300565223393e-05 -3.59079280598448e-05 7.23481794435873e-06 1.62447303238492e-05 -1.64130600736472e-05 -1.16945733854882e-05 1.31910935237225e-05 1.36351423265025e-05
 1.28888375629052e-04 -3.77737189583045e-04 8.29000623709395e-03 1.09795085138207e-03 -3.66364394638277e-03 -7.82972483573240e-05 1.42793629390785e-04 2.79390076064585e-02 1.88390708548419e-03 -1.70163515672771e-03 -9.48591299195368e-03 -1.11031326771798e-04 -2.93943472847880e-04 -4.73012111029348e-05 1.82784597786565e-06 2.72834377864966e-06 1.80979344622133e-04 5.31589374484960e-06 -7.64532579101391e-05 6.11095200929105e-06 -3.52629501805112e-04 1.46407172817520e-04 6.25377563188032e-04 3.50535019432253e-05 4.59563865579723e-06 -8.27533465795961e-06 -1.09262061494441e-05 -3.05441477441080e-04 1.04171734013967e-05 3.90298491438509e-04 -2.68032764973559e-04 -3.33979595605221e-04 8.61972368893002e-03 -7.96801893789931e-04 1.91670540449046e-03 -3.09580637305601e-05 -7.64863375108491e-04 -2.12275577363041e-02 2.11007513302321e-04 7.84164789661963e-03 3.45144183955461e-03 -1.43804081508694e-04 -9.78011767775526e-04 -2.10287312114119e-05 1.00083955693662e-05 -1.79124293765321e-04 1.23707851683360e-04 6.25136783618112e-04 -7.43775214001840e-05 -3.03488296893459e-05 -3.11576177209011e-04 2.69393798509911e-05 8.03513061106678e-04 4.79996526670945e-06 -9.92684530445100e-06 3.66120385123449e-06 1.69485676444239e-05 1.91999980156377e-04 2.40584325894958e-05 -2.64160750636655e-04 -6.69748993629554e-04 -7.14864662898524e-06 -6.67027278712440e-03 2.56452990487899e-03 1.80753210512096e-03 -8.63624970212850e-05 7.10451871241734e-05 -1.72412377667245e-02 1.97202525673597e-03 -3.53549444280293e-03 1.89257690567325e-03 -1.52894672570681e-04 1.21389213719262e-04 4.26167610782395e-05 5.28253843829578e-08 2.62873938334914e-04 -6.78956081530074e-05 -4.54052305822738e-04 5.32676267262281e-05 1.36403736089871e-06 1.33064750170487e-04 -1.44704055324558e-04 -2.32078942492752e-04 1.58491434993327e-05 1.65662896131184e-06 -4.07248720496772e-06 2.30159584914616e-05 9.29613492048331e-05 -2.80344323559505e-05 -1.17858715769280e-04 -6.28743874681905e-04 3.48996159872330e-03 -1.31113841616196e-03 -2.63392932909509e-04 -7.82358777089043e-06 1.55866278200777e-05 -5.48440423679121e-04 5.40710345481441e-05 1.43312614146009e-04 -7.51518816015247e-06 4.00320843964715e-06 -5.76853668617156e-05 1.18160090837320e-04 3.01375773955583e-05 9.62807468031917e-04 -8.54334822459667e-03 1.75968218366481e-03 -1.44277931859338e-04 -1.90679503310714e-04 -3.42154575036508e-05 -4.17484764221839e-04 -3.65955295011146e-04 -8.01372379566457e-05 -6.29317326358791e-05 -6.77512125465868e-05 1.53762026103967e-05 -4.07651175403174e-05 9.03676114592759e-05 9.37954441295906e-04 -8.65095317698301e-03 1.64769245929160e-03 -1.66793035025619e-04 1.90005437465214e-04 -3.27642892494680e-05 -4.28588279634480e-04 4.09871916192651e-04 -2.53617556114725e-05 5.33903463707422e-05 6.10554506267578e-05 2.63211790291008e-06 -4.44552811230038e-05 1.05692585749131e-04
 -1.51209093285463e-05 -8.59852856226175e-07 6.26000586443756e-05 -4.65318324477253e-05 -3.83849286588120e-06 -7.73699558958054e-05 6.93211695485924e-06 1.92866641229817e-05 2.35074905337661e-03 -2.39631997798372e-04 -4.21803953814539e-05 -3.00524736812494e-04 2.96042550267817e-05 -2.46156312253784e-05 -1.20244007272314e-06 -1.96681116462078e-06 2.26146464274589e-06 3.03719450234079e-06 -6.26601787802050e-05 -2.13744031316931e-07 -2.65024843968125e-06 8.70603571045271e-06 2.58220585131336e-06 5.02685108418004e-05 2.34617771966615e-07 -1.30188870573332e-05 3.12481731262182e-06 -1.85890529506838e-07 -4.74900827412388e-06 -7.47264360358507e-08 2.05800586636769e-04 -4.28966756585843e-06 1.86131490008011e-04 1.58742001417902e-05 -3.36352691202876e-06 -1.99601579774229e-04 3.39254023929248e-05 1.26481353985009e-05 2.28201510377746e-03 -2.39745601126309e-04 -1.97579700111701e-05 -3.99165569574111e-04 4.70302775711018e-05 5.02710000339991e-08 -3.54507075484727e-05 -2.40263589241721e-06 3.00607643088185e-07 -3.03569914392729e-06 -5.90472797993086e-05 -2.77371658014050e-05 8.74871769800554e-06 6.71676031265463e-06 4.79996526670945e-06 1.07991140995058e-05 1.72232037438908e-06 -3.54842163999679e-06 2.58065810489515e-06 1.61660859245223e-06 -1.89156681410040e-06 -2.36614221966449e-07 -1.70439990700638e-05 -5.88191514700816e-07 1.77002375308326e-04 -1.96543333773294e-05 2.35697904554901e-06 -1.18584138431102e-04 1.34235587461364e-05 -5.61464978301413e-05 1.99951361838948e-03 -2.03066317119004e-04 -1.02868332081233e-05 -1.56282130059613e-04 1.77875435957154e-05 4.59819664474341e-05 -1.69648695570590e-07 7.03598229420785e-08 -4.72714854193038e-06 -1.92974798594353e-07 4.98456351939778e-05 1.75698486208260e-08 4.68339147401309e-07 -3.93548536922175e-06 -8.54311518128095e-09 1.00204952411001e-05 -4.28339205668013e-07 -2.50262977984297e-06 7.12396834453128e-07 1.46871466219772e-07 -6.33018507586544e-07 1.04902508675949e-07 -9.13298314862472e-06 -1.26965423238884e-04 2.75192649766554e-05 2.75840535678022e-06 1.85914423286447e-05 1.95758556547596e-07 1.00881813326163e-05 5.09655310657289e-05 1.35205943361590e-05 -7.07211794931353e-06 -8.05167337696625e-06 -1.22431174776760e-06 -3.46409729064659e-06 -1.13676413360108e-06 2.35884268219899e-04 -1.54772967726674e-03 4.45428922146366e-04 2.14254582839042e-05 -1.56456730760143e-05 -2.52212641274705e-05 3.13963226040345e-05 -8.94183847635376e-06 -2.92993462947539e-05 2.74810452058249e-06 -8.22729847305296e-06 9.61214981333081e-07 6.77292531279218e-06 -5.81736649111795e-07 -2.93860405647649e-04 1.93021529564525e-03 -5.59360006046839e-04 -2.65883348625834e-05 -2.51383789990667e-05 2.47763227588164e-05 -3.98392620915569e-05 -1.62569381622945e-05 3.81198937963751e-05 5.39156469025743e-06 -8.58673302683807e-06 -1.36025186736164e-06 -5.69264933096622e-06 4.02441867628617e-07
 -3.10174841549470e-05 6.80101873892852e-06 -2.01205700883880e-04 -1.20328217346250e-06 4.33706697219715e-05 -1.79189835064000e-05 7.67374357797186e-06 -3.90393197786982e-04 4.64864672575428e-04 -1.95142232549925e-04 1.30118931535349e-04 -4.75860389917747e-05 1.86594784606375e-05 -8.84042259688309e-06 -5.52046308493739e-08 1.19867425428699e-06 3.88727686012911e-06 -2.07609712253992e-06 -1.43428417912974e-05 2.36947421141417e-07 5.84430349577431e-06 6.17428253678890e-06 -1.00711171540415e-05 8.60455134873657e-06 -5.24370056544523e-08 -2.26102154569382e-06 2.27023895984137e-06 4.57976985843211e-06 -2.95949419184760e-06 -5.91311187173401e-06 2.71529465924452e-04 4.36005915107113e-06 -7.06707877875217e-05 6.61172780461569e-06 -3.45969233573134e-05 -1.77190588290806e-05 9.22725203496480e-06 3.59338010448145e-04 2.18721567128619e-04 -7.88052190254897e-05 -6.11520418962578e-05 -4.70492074197912e-05 1.99103376331821e-05 -3.10496674071868e-06 -2.60268447982179e-06 4.86978216492303e-06 1.67384790308170e-06 -9.68630448435218e-06 -1.09838054510156e-05 -9.60445572532468e-07 7.69486260411903e-06 4.72848930917775e-06 -9.92684530445100e-06 1.72232037438908e-06 5.41743383388200e-07 -4.29720274565739e-07 3.09788575044379e-07 -2.33871075247692e-06 -9.04260291402106e-07 3.54286256137138e-06 -4.33436149312856e-06 1.00170769146955e-07 7.27616301040182e-05 -2.35634363297075e-05 -2.21684465616281e-05 -2.31097154373040e-05 9.68436907152181e-06 2.02855620279843e-04 4.45913543399550e-04 -1.90195921722971e-04 -2.06330318279497e-05 -3.03947496774915e-05 1.30694931075572e-05 9.91510259996437e-06 -2.98130527608496e-09 -3.15526604711999e-06 -4.18095005767500e-06 5.45090256798259e-06 1.27923503381848e-05 -6.99687653649645e-08 -8.14162563791656e-07 -5.53058088714827e-06 1.57651037065044e-06 2.62905866500388e-06 -1.01921597693961e-07 -6.63395368983478e-07 7.55263439824169e-07 -1.10343736765111e-06 -9.46962379440598e-07 1.46243378170627e-06 -7.52558937585073e-06 5.07031814804236e-05 -3.67420084002680e-06 4.23559747221240e-06 1.82623508363060e-06 -1.77821375166560e-06 1.05738475386559e-05 4.02610532172525e-06 -1.55766021061061e-06 -8.93913261578279e-07 -6.85678272721856e-07 1.13018711432219e-06 -2.03921297782648e-06 -9.28187846871883e-07 6.86305119883653e-06 -7.03463856404237e-06 1.55649986524798e-05 4.88620235876092e-06 1.31933207792107e-06 -1.27194232999312e-06 1.06863023592673e-05 4.28311768229327e-06 -5.34991543448548e-07 1.05198091406697e-06 2.42230882322093e-07 5.49053288295516e-08 1.59998612480249e-06 -1.43227828651718e-06 -4.23608646477425e-05 2.78982920590028e-04 -8.16737322289798e-05 -6.26582691097034e-07 -5.36239322162241e-06 3.59203852280964e-06 1.27770913189898e-06 -7.25961248787643e-06 5.53463558052689e-06 -5.14602802445602e-07 -2.05423465613100e-06 -2.64753065750388e-07 1.86481178830977e-07 -1.12342168529345e-06
 6.06257261732485e-06 -3.32168224619665e-07 -2.82246012090676e-05 2.48749152110250e-05 -1.23505973436181e-05 1.48075111740319e-05 2.22638096902442e-05 5.91705097842840e-05 -6.00913144083502e-04 -4.31880854525908e-04 -1.16637805776514e-05 1.00341015806308e-04 1.63637386179951e-05 -1.14322692614981e-06 7.13262579952008e-07 1.06469577632579e-06 1.69813956042142e-05 -1.10384620861506e-06 1.20044893996878e-05 7.89638191006928e-07 2.87663715927183e-07 1.70471738402940e-05 1.69298317179637e-06 -1.52836341934140e-05 -1.14051667179616e-07 3.91833887947615e-06 3.29875528104202e-06 -4.06335956122528e-07 -4.04337596697298e-06 5.42393723634372e-07 -6.50683390515484e-05 -1.42486957278298e-06 4.45262059136934e-05 -2.58604838884798e-05 -2.70421072409317e-07 9.11454560853224e-05 -3.40422200991182e-05 -1.01173546344955e-05 -1.02013273968441e-03 3.09366154166452e-04 7.57739339253306e-06 1.61075830918581e-04 -2.40694071838347e-05 -5.84750192154988e-06 1.75684480095893e-05 6.46246764600437e-06 9.77298450632882e-06 4.53825314521389e-06 1.55003657818684e-05 1.43099394222689e-05 1.56560799668501e-06 9.28446392962806e-06 3.66120385123449e-06 -3.54842163999679e-06 -4.29720274565739e-07 1.69585552402202e-06 -5.63872193080840e-08 3.25635620267922e-07 9.23671519949949e-09 -1.11232089173172e-06 4.89695167720824e-06 1.94857775847749e-07 -4.30655391900160e-05 1.33066927998681e-05 4.58443987793445e-06 3.11422096315849e-05 1.96813087626325e-05 -4.91002316743973e-05 -4.15781852543110e-04 -5.26643030485100e-04 6.38859914525080e-06 4.00199411890022e-05 2.78839439242271e-05 -1.01945172979226e-05 1.22928984908070e-07 7.97063924615203e-07 -1.09684477278936e-05 -1.32110272564359e-06 -7.38101290140509e-06 -1.46122938799835e-07 8.43221291118953e-07 -1.86575455333808e-05 -1.70094991171601e-06 -1.22610755435416e-06 1.09977186950944e-07 3.22547590262889e-07 2.58658433289766e-06 1.76674013250811e-07 -3.37553164965519e-06 -3.16247745947305e-07 -3.83736645693004e-05 3.70581498258616e-04 -8.22391650259309e-05 -2.25744161736802e-06 -8.53576293762731e-06 -3.94221748772380e-06 -3.74753664174619e-06 -2.28699215056899e-05 -8.25991442090221e-06 2.62694772574074e-06 3.91848503367958e-06 1.49603668686532e-06 2.29253922631357e-06 -2.24008544204422e-07 -1.01705521525784e-04 6.56183562619622e-04 -1.89975013842586e-04 -9.02770974209895e-06 5.88034801780228e-06 1.27490567988796e-05 -1.39505683738775e-05 1.93199287060124e-06 1.60037815152202e-05 -1.79895548627696e-06 3.71749053197669e-06 -1.83940907141191e-07 -2.47449928705934e-06 7.68471727067914e-07 1.38353559201795e-04 -9.90776078123406e-04 2.56530197850035e-04 1.04052317098062e-05 1.22516057336606e-05 -9.51491339607357e-06 1.35712711949412e-05 9.93979939333678e-06 -1.30563776218070e-05 -2.60961517967707e-06 3.27980110876206e-06 5.03573263087279e-07 2.62918462354453e-06 1.22237378890426e-06
 3.99072487167021e-05 -2.68709428862676e-05 2.06038806101092e-03 -6.82186185722224e-04 -1.35990302982452e-04 8.27445898845584e-06 5.80931675411881e-05 8.41660518274014e-04 -8.92751137738628e-06 -1.83628301489823e-03 -3.37777638648071e-04 -2.23779337408232e-05 2.55389322554303e-04 7.85325167997944e-06 -2.41085373060555e-07 -3.95566807778567e-05 1.43861690690471e-05 6.68152389471136e-05 1.42547430573343e-05 -9.91561098702350e-07 -1.69297349321382e-05 4.09953603169115e-05 2.59856628572772e-05 2.02693831531257e-06 -1.15902464019440e-06 -9.00813680523538e-08 2.42989464081740e-05 -6.96487869934262e-07 -3.25341035699267e-05 1.46714400176181e-06 -3.57308629859699e-05 -1.18853305297808e-04 4.65911694981219e-03 -9.26640302238306e-04 -5.00155847286327e-05 -6.47181584099345e-05 1.73834946876006e-04 3.72312471798018e-05 4.64283986170995e-04 -2.06371983852209e-03 -1.39443032462803e-06 -7.17214743593067e-05 3.40221609843526e-04 5.05505729827015e-06 -1.01351963400757e-05 -3.20017214043331e-05 -2.89192947386067e-06 -1.33100475547887e-05 1.12353203955513e-05 5.78932894801360e-06 -3.77209273692814e-05 3.89928707968155e-05 1.69485676444239e-05 2.58065810489515e-06 3.09788575044379e-07 -5.63872193080840e-08 2.59575175052663e-05 2.70167477834139e-05 8.26587812246772e-06 -3.31094192933051e-05 -4.34924539049013e-05 4.96208839485366e-06 2.53799857974726e-04 -1.95766784566867e-04 -7.26541105516368e-05 3.07484206056549e-06 8.99454936525065e-05 4.31711702451727e-04 -1.07526154588298e-04 -1.49895310688732e-03 -8.23630102435950e-05 3.58085228887755e-06 1.17930664483937e-04 -1.87997226891655e-06 1.26443116097687e-07 -2.36725103898156e-06 -3.45754620334119e-05 3.58697401688739e-06 -2.53305006918515e-06 -4.64172566901408e-07 -2.40752901265577e-06 -3.89113535165081e-05 5.87208410663642e-06 -7.82083589344177e-07 -4.02755224571729e-07 1.93935472415639e-07 4.90306271752845e-06 1.36092071892770e-06 -6.04471024013752e-06 -2.34106521032410e-06 -1.08537495459114e-04 4.23085471651997e-05 -1.09775941233176e-04 7.18729764106511e-06 5.86048089231487e-06 -1.71531587194002e-05 8.74389383897838e-06 4.28303333390321e-06 1.44641056248164e-06 -1.12163769436789e-06 -8.85921246627981e-07 -5.99481109198225e-06 -1.62419414724966e-06 -3.15607407268125e-07 -5.29165696325572e-04 2.45335220611013e-03 -8.13547507990238e-04 -2.79635775213904e-05 5.84564267438215e-05 7.85029845313087e-06 -2.85131457942373e-05 4.36998888851240e-05 -9.02859348373673e-06 -1.04011700651259e-05 6.82559823985187e-06 -1.44357783410091e-05 1.38581540671519e-06 -2.32917336773623e-06 -5.85255529516453e-04 3.23962822160059e-03 -1.00121362960684e-03 -3.37887060325667e-05 -6.69126494263139e-05 2.03584025324627e-05 -5.73686155415894e-05 -6.34655684603682e-05 -3.45676969097558e-06 1.32402540966430e-05 -4.56583393206879e-06 -1.06984152558159e-05 -4.95969168475335e-06 -7.10081840225505e-07
 -1.68694665463291e-04 -9.58144739971404e-05 2.15606404848844e-03 7.60078838043308e-05 -1.23239830397591e-03 4.45728553721451e-06 6.47694537629397e-06 7.68180315438728e-03 -1.07907100614887e-05 -1.66084089504899e-04 -2.92421405946723e-03 4.07140307082831e-06 2.19104100108798e-05 2.96232629876477e-06 1.93265764858233e-07 -1.33685911693955e-05 3.81672419551950e-06 2.29288767621899e-05 1.06296442352600e-05 -2.73036751561779e-08 -1.08123890968550e-04 4.79045586727597e-06 1.85808255315750e-04 4.90456660114369e-07 1.43153003870358e-07 4.01714114681366e-07 3.25259234261945e-07 -6.77084365788889e-05 -2.02226086076200e-06 8.78253168217788e-05 1.13087570678453e-03 -2.19797782724369e-04 7.60290210378762e-03 -1.09001675443815e-03 2.42273807832038e-04 -4.50860953858345e-05 -2.32694793050554e-05 -3.85593951907604e-03 1.71338891239803e-04 -4.26075028529681e-05 5.26103313183080e-04 -4.52210307415884e-05 -8.17482058342735e-06 1.27831618238112e-06 -3.23936237709675e-06 -6.28003911123566e-05 1.37793860931595e-06 1.03658618648760e-04 4.66154365912413e-06 2.50020809814474e-06 -1.22091781525065e-04 -2.29421227938056e-06 1.91999980156377e-04 1.61660859245223e-06 -2.33871075247692e-06 3.25635620267922e-07 2.70167477834139e-05 7.64877740802602e-05 2.27314459379464e-05 -1.01775123320914e-04 -2.50870397137174e-04 3.82612728945293e-06 -7.93127755502903e-04 4.74505694643849e-04 4.52133430430511e-04 6.72147836422584e-06 6.58540055866037e-06 -5.14376414961854e-03 -4.32193448063553e-05 -1.68177816294518e-04 3.99920696427940e-04 -2.16449505487821e-06 8.27397618147158e-06 -9.30086123144778e-07 -9.29724940488519e-08 7.40462951817135e-05 -3.66857412737612e-06 -1.28342454387858e-04 3.68750894156394e-07 3.27569286604638e-07 6.08659871670260e-05 -6.50687151062999e-06 -1.05070499671724e-04 8.34021354684671e-07 2.93013337198685e-07 -3.85982957830157e-07 1.02559972155685e-06 2.75171588689097e-05 -9.62277622679500e-07 -3.50471750931309e-05 -3.93840389516871e-04 1.57660217757452e-03 -6.96273148755480e-04 -6.01882047350302e-05 1.75157345770749e-06 -3.68835011286857e-05 -1.25843891384781e-04 1.06217304762698e-05 5.08272206401859e-06 -1.88352651154088e-06 3.84844010795446e-07 -1.42663990552305e-05 2.85147332934970e-05 1.10473689687201e-05 -4.86572163757479e-04 1.52080345520826e-03 -6.99377503859404e-04 -5.97120443352952e-05 3.17194131461698e-05 1.42637821249561e-05 -1.07665741166035e-04 -2.54020444618750e-05 -1.46656518147776e-05 -2.21193797959419e-05 -3.71783194863845e-06 -1.02596074485619e-05 -1.12293902406008e-05 1.40454630829339e-05 -4.61001920608901e-04 1.77534141422189e-03 -7.54917891970841e-04 -6.20619873650788e-05 -3.44910276369099e-05 1.90336656250672e-05 -1.27324248477618e-04 1.76161345131787e-05 -4.07023264964273e-06 2.20220255017248e-05 9.08779414713142e-06 -8.07783823660348e-06 -1.53814231030736e-05 1.77804032018919e-05
 6.28402170707067e-05 -1.35512712693859e-05 1.36825939435798e-03 -4.87068214127805e-04 -1.52291614317797e-04 1.28111931699391e-06 -8.31724120942297e-05 5.73382955571778e-04 -2.21353431363846e-04 2.45615385338489e-03 -2.37854079314293e-04 4.40532535475861e-05 -2.81644732791462e-04 -2.85651973241972e-06 8.45734273258039e-08 -2.80501039708186e-05 -3.49396053224652e-05 4.95290695670434e-05 1.21796446302709e-05 5.30588898866423e-07 -8.82582082624668e-06 -6.36602939959604e-05 1.91505607680422e-05 -8.36725588450152e-06 4.27284329844101e-07 2.42219654053431e-06 -3.23959474728296e-05 4.04512206369612e-06 4.08525528729007e-05 -4.60985117353951e-06 3.35126132921251e-04 -1.09618457338429e-04 4.38992777248185e-03 -9.09777934182484e-04 -1.07137880760772e-04 3.42235545135301e-05 -1.81205018304700e-04 5.06135932775689e-04 -5.01183539753629e-04 1.89043111381337e-03 -7.71888837073845e-05 7.13657912906965e-05 -3.74199194734489e-04 -3.76046161092546e-06 8.25336119092327e-06 2.74499872949540e-05 -6.43777752650807e-06 6.16349486345475e-06 7.73280237786085e-06 4.89579760049623e-06 -1.10678646776600e-05 -5.67452969807192e-05 2.40584325894958e-05 -1.89156681410040e-06 -9.04260291402106e-07 9.23671519949949e-09 8.26587812246772e-06 2.27314459379464e-05 2.58711533707938e-05 -3.22988019953237e-05 -2.64714248791151e-05 6.17557408168675e-06 8.20107738042652e-05 -1.56210849190967e-04 -7.20147727117078e-05 1.71555214248145e-05 -1.20809566358885e-04 3.51970421581211e-04 -1.25716429485116e-04 2.19586075713327e-03 -6.73677738086705e-05 1.91319399810796e-05 -1.63255707171745e-04 -3.34145239097086e-06 -5.60171423782391e-08 -1.01234414596716e-06 4.92034731394594e-05 2.47565406336459e-06 3.41732193511102e-06 1.31368468601759e-07 1.50562253391013e-06 5.95940793546654e-05 -4.64200880225346e-06 8.75216132545560e-07 4.23787438693147e-07 -1.62079871216016e-07 -7.64257688795207e-06 2.09361269890844e-06 9.24668862764051e-06 -1.96380523594238e-06 -6.20237175357306e-04 3.55799197062012e-03 -1.11567185203880e-03 -4.08720720969475e-05 -3.66544895183477e-06 -7.57489881338575e-05 -6.27078077140760e-05 -6.02238117551012e-06 -7.46295755185548e-05 3.18848599859043e-07 1.20449045159412e-06 9.70258234718170e-06 1.82112769726941e-05 1.38372541766520e-05 -3.68362161046859e-04 1.61466557771227e-03 -5.34400323458642e-04 -7.66772469440624e-06 2.52671594000222e-05 3.64849525660031e-05 2.86514179968182e-07 6.80035265394893e-06 3.82611873545613e-05 7.56569697360995e-07 9.25394993691054e-06 -8.95025144167478e-07 -7.94427754618231e-06 1.11430222423498e-06 -2.29056405047698e-04 7.69890514507325e-04 -3.04110556287762e-04 3.61609564620696e-06 -1.65900505357575e-05 2.49150243515920e-05 1.34291098322717e-05 9.60158747122236e-07 3.40391054340051e-05 -3.41803653609104e-06 -1.50966196069510e-07 2.56002362406955e-06 -3.70103346951522e-06 1.70610547745996e-06
 2.03836008107515e-04 1.30371299610127e-04 -2.96138001458851e-03 -1.13404639226659e-04 1.64897355184680e-03 -9.59520784868865e-06 4.01634798877047e-07 -1.03610718118072e-02 2.45324681433009e-04 -1.76677567937147e-04 3.92005531899971e-03 -5.02494476378264e-05 4.15114606416072e-05 -1.52528239547265e-06 -5.81093895553823e-07 1.76880529662333e-05 -7.11875611491912e-06 -3.11054531682092e-05 -1.71665216860294e-05 -5.30081161006279e-07 1.45200077362833e-04 -5.56006939280642e-07 -2.51534237859141e-04 6.01306162406395e-06 -4.24501296900939e-07 -2.23375364864637e-06 6.14337966766631e-06 9.20854873990873e-05 -5.85566389071403e-06 -1.19357478786869e-04 -1.39528130264187e-03 2.89991807723156e-04 -9.98757457100262e-03 1.44016400456280e-03 -3.43832208576592e-04 1.21091323784630e-05 1.01038381381743e-04 5.32637284354761e-03 2.79990132107295e-04 -6.97317156098643e-04 -7.40701657689934e-04 -1.80649654805367e-05 1.28783769907369e-04 1.87145516670703e-06 -4.86948232681408e-06 7.49455668808558e-05 -6.61401988366184e-06 -1.49709822696586e-04 -1.04552451322284e-05 -7.86326452577866e-06 1.59520168728833e-04 1.20052030187315e-05 -2.64160750636655e-04 -2.36614221966449e-07 3.54286256137138e-06 -1.11232089173172e-06 -3.31094192933051e-05 -1.01775123320914e-04 -3.22988019953237e-05 1.36471079597970e-04 3.22101620937810e-04 -5.02639552749499e-06 1.12629460011268e-03 -6.46151062349705e-04 -6.09026138905278e-04 -2.12655606789333e-05 1.14300533530468e-05 6.88832060507886e-03 1.92301382315697e-04 -3.35036552862142e-05 -5.41926445267475e-04 -1.23721346123608e-05 1.49445960859644e-05 4.73238173076769e-06 9.40600330189325e-08 -9.95667367891891e-05 -1.46936436578070e-06 1.72362479762028e-04 9.56536311133170e-07 -4.62354371074105e-07 -8.01469617358777e-05 4.11269478149114e-06 1.38981443430274e-04 -1.02981282052882e-06 -5.58378940184621e-07 4.67172144635200e-07 -9.27575350255281e-07 -3.69880173698776e-05 8.36642820657250e-07 4.69702631521181e-05 5.99971052506668e-04 -2.67835688039034e-03 1.08124064117652e-03 8.96535218667997e-05 2.27221008828859e-06 5.62911324768145e-05 1.83661484023439e-04 -4.83209054774213e-06 3.52035473822111e-06 1.40083590087242e-06 -2.29564068770396e-06 1.70503083301650e-05 -4.24117465705762e-05 -1.67104793076118e-05 6.31363936688999e-04 -1.95974525614511e-03 9.10042721904528e-04 8.07176833590748e-05 -3.56944687402790e-05 -2.62340726930054e-05 1.48605172505216e-04 4.33413694650504e-05 8.51062671878628e-06 2.89985674863691e-05 4.32178152011222e-06 1.13966517192622e-05 1.74243464309149e-05 -2.05670765063176e-05 4.84055800463371e-04 -1.46446957010009e-03 7.63146685525430e-04 7.46407592279163e-05 3.03013760759246e-05 -2.10108833709432e-05 1.58470469274259e-04 -4.20429953123169e-05 6.07804993037696e-06 -2.63794228916907e-05 -1.46908368646970e-05 8.59370934389006e-06 1.95958165310121e-05 -2.57008703530662e-05
 -1.54323850897791e-03 1.65129582103861e-03 -2.67760900395147e-02 5.39794948625148e-03 3.63201035249884e-03 6.95554326154980e-05 -3.63443245327733e-05 1.92987958534240e-02 -5.91609504457643e-05 -1.54820913998796e-04 -6.25601262562856e-04 5.66795759622592e-06 2.32671197275808e-05 -1.08775814291123e-05 -1.64947023098406e-07 8.92106881787988e-04 7.86582826868566e-06 -1.55447344245216e-03 -6.59450472773565e-06 4.61927859012523e-06 5.09023466577861e-04 3.12845769818663e-05 -8.71403213190749e-04 4.69960893165023e-05 -3.33857425170123e-06 -1.46262491061825e-05 3.70767635812921e-05 -1.71332439720689e-03 -1.01642087709601e-05 2.21449247401502e-03 -1.24980391581065e-03 6.36704951404417e-04 -3.14314533754959e-03 -2.41812043460725e-03 2.22412413323684e-03 -7.64909607951450e-05 2.58452504487661e-05 -2.39920592436190e-03 3.71355832672152e-04 -3.49206932318753e-04 1.26051812964428e-03 -7.60670729455607e-05 5.08082685358198e-05 8.85768991775645e-06 -5.73431317812192e-06 2.76354717898156e-04 -7.46819773683561e-06 -4.96851823740780e-04 1.28265643168510e-05 -1.18742979275309e-06 3.81240904604212e-04 6.39305571611027e-06 -6.69748993629554e-04 -1.70439990700638e-05 -4.33436149312856e-06 4.89695167720824e-06 -4.34924539049013e-05 -2.50870397137174e-04 -2.64714248791151e-05 3.22101620937810e-04 1.99428491901503e+00 7.70724916812433e-03 -2.33994683008399e-02 1.62017181058893e-02 -1.83956053447714e-03 -4.83589089623316e-05 6.77455289086155e-05 -1.32747750733419e-02 -1.15688212399177e-04 -1.19253242650523e-04 3.45004256570542e-03 -1.13231636502275e-05 1.53292088376434e-05 -4.40496173425930e-05 -1.39539032720053e-05 -1.26682887911619e-04 2.66914429253627e-06 2.44713290783563e-04 -2.68155528786262e-05 6.11823721429731e-06 3.41282073833427e-04 2.65992283002586e-05 -6.04284541185994e-04 -3.15449504741746e-05 -1.39972365835603e-05 -1.39097511348702e-05 -2.05529287831693e-05 1.26659075843639e-04 -8.41258726518989e-06 -1.89371924530296e-04 2.34751578293504e-04 -1.33910049613266e-03 2.37763615564770e-04 -4.51343256424264e-05 1.10381863075620e-06 -2.99767449859362e-06 -3.12814685936538e-05 1.44118267895672e-05 3.09735195544205e-05 -4.43626482722147e-07 -2.00312575413026e-06 3.77205440450078e-06 9.98356841546869e-06 -1.71893162166170e-05 1.62818415218026e-04 -1.15779549772436e-03 1.86431142221477e-04 -4.51890942900479e-05 8.58990191187671e-06 -1.09715428426892e-06 -2.41777089582597e-05 -3.10473708911286e-05 -2.92494374976572e-05 -7.51468406146400e-06 -1.19515951793625e-05 1.03545312286148e-05 -3.92102985318753e-06 -8.40379041899880e-06 1.39551902329262e-04 -5.63445202663740e-04 5.17221585700948e-05 -4.80805279699062e-05 -1.29632813792851e-05 4.80365897772540e-06 -5.16071647166540e-05 1.18119304324606e-05 -5.18071109675215e-06 6.60957734168067e-06 2.91958428432967e-06 5.49819593104559e-06 -4.78278558679837e-06 -9.82770958121882e-06
 8.82693550226054e-04 4.47115077483054e-05 -5.31340114860889e-04 -1.00234469690395e-04 -5.39299370867349e-05 2.34629548244832e-06 -4.13171373284538e-06 2.76557735507656e-04 -6.96764880476031e-05 1.10453296887698e-04 4.61689522942700e-04 8.01908957856465e-06 -8.50659086595537e-06 2.71096228258622e-07 -1.40125634883393e-07 1.38580717083514e-05 -2.77819021536929e-06 -2.42231200953081e-05 7.61485729462033e-06 2.54379798074822e-07 5.67874399445486e-05 -3.35075517145994e-06 -9.71659539309514e-05 -1.64559333941741e-06 -3.80658810437543e-07 4.63449308522143e-07 -9.09068939663885e-07 -6.54874059213760e-06 1.64395658118365e-06 8.77935993752920e-06 -6.99463178346279e-05 -3.58547177939804e-05 1.65443940056760e-03 -8.08729091559546e-04 -1.16160663103048e-04 9.13241469479865e-07 -5.39390365259629e-06 8.75801534323396e-04 -7.89354350440068e-05 2.30142204778223e-05 1.45030983941859e-07 1.25127699576683e-05 -1.42884284393519e-05 -3.13186584010881e-07 6.34113699675576e-07 1.14914966248875e-05 -6.89118017721823e-07 -2.01474456145307e-05 6.67091483755821e-06 3.63953678266097e-06 -2.48153895375757e-07 -3.55342968793222e-06 -7.14864662898524e-06 -5.88191514700816e-07 1.00170769146955e-07 1.94857775847749e-07 4.96208839485366e-06 3.82612728945293e-06 6.17557408168675e-06 -5.02639552749499e-06 7.70724916812433e-03 4.13086926913505e-05 -3.71718240108967e-03 5.85026994252502e-04 -6.95797154972990e-05 5.09333209128178e-06 -5.93063195171451e-06 1.22899150196852e-03 -5.61861193859925e-05 1.12323496241569e-04 3.10840245202693e-04 8.76461511571083e-06 -7.21381398828053e-06 -1.89276326823747e-06 1.46873221251027e-08 6.70703369839262e-07 2.39540914125091e-06 -1.02574683626080e-06 1.14730404523060e-06 -3.43966612528574e-08 -5.69531580850337e-06 3.70265230517985e-06 1.03153910848423e-05 -1.10154317580566e-07 -9.98750044164603e-08 -2.92904095562237e-07 -6.01129861515941e-07 3.71992886248551e-06 1.45699203623984e-07 -4.90932276038264e-06 -1.54019326507508e-04 1.00084960161402e-03 -3.02470237023036e-04 -1.74364706278561e-06 8.37530025245823e-08 -2.54652623269707e-05 5.40618380109415e-06 -3.41261326260526e-06 -3.55398571968538e-05 1.37774232983229e-07 2.17364544773346e-07 4.98912804628954e-06 8.39110888294466e-07 1.42979494524961e-06 -1.82125233517620e-04 1.06701399370086e-03 -3.23902777377786e-04 -2.28461798576487e-06 2.18281835694116e-05 1.29521103296845e-05 1.03528303231434e-05 2.83563052804081e-05 1.82985020727863e-05 5.33127287418965e-07 6.32449322561752e-06 -2.63663147335528e-06 -1.98035745189161e-07 -3.88162078329677e-06 -1.51203064256581e-04 9.37400394248553e-04 -2.83645076889264e-04 6.93068196838987e-07 -2.05456377929619e-05 1.16150636296484e-05 9.05079354669701e-06 -3.00085526551851e-05 1.57580727019737e-05 -7.79817552931425e-07 -3.44511966323558e-06 -6.77293641002634e-07 3.23125152969338e-08 -3.62873290504186e-06
 -2.73018384646945e-02 -1.00757137679756e-02 1.88558334926163e-01 -2.24481388190546e-02 4.39355506490618e-02 -2.32860920928805e-04 4.54775831015485e-04 -3.87591686317585e-01 3.16604735756658e-04 -7.13606952904748e-04 -1.15328755414062e-01 8.39621583081762e-05 6.08299971926328e-04 7.55105893000246e-05 5.20082749321104e-05 -7.87169251577090e-03 -1.38340808332918e-05 1.37431089658351e-02 -7.98673269965640e-04 -9.84369477902381e-05 -1.97811103960678e-02 -2.48160005734105e-05 3.40887145406047e-02 -2.03957413567143e-04 4.25079068229621e-05 4.27748862044443e-05 -2.39081866014414e-04 5.39902188080045e-03 7.45908944187473e-05 -6.95127660296627e-03 -1.18110746061885e-03 6.53186532462099e-04 -3.72428986153757e-02 1.97008083858708e-01 -3.11970935180679e-03 -8.37172979928833e-05 5.80530063918671e-05 8.79636451002331e-02 8.72825144693891e-04 -9.26812233984045e-04 -7.80450443965253e-02 -9.12354133067409e-05 2.51641676127829e-04 -1.28820098330783e-06 -1.14406526238402e-05 1.82049817292410e-03 -2.78300084104243e-05 -3.18351199277276e-03 -7.43749136040916e-04 2.49481585659136e-05 3.99288465449069e-03 3.68329617401337e-04 -6.67027278712440e-03 1.77002375308326e-04 7.27616301040182e-05 -4.30655391900160e-05 2.53799857974726e-04 -7.93127755502903e-04 8.20107738042652e-05 1.12629460011268e-03 -2.33994683008399e-02 -3.71718240108967e-03 1.67823722554794e+00 -2.80770086955632e-01 -7.08886427483539e-03 -3.80512153928510e-05 2.59668185802132e-04 -3.11047296263718e-01 -2.48574091357916e-04 -5.15188507528556e-04 -1.63153743910395e-01 -7.29350137489086e-04 -4.71256323368572e-04 1.63138038409795e-04 -2.26227402604716e-05 -3.86414339699417e-03 9.69790447651273e-06 6.69668104616491e-03 -2.63563478222051e-04 -3.41971842820753e-05 3.25913526017999e-03 -3.57571943169136e-04 -5.91868996271580e-03 -1.87509746141494e-05 -9.04002272634759e-06 1.17011523390851e-04 6.42796898906320e-05 -2.35265967653669e-03 8.11660769193026e-05 3.05531595213688e-03 -1.29971798473326e-02 2.07115542270443e-02 -5.50809326349657e-03 9.28909025310841e-04 6.57396393246840e-06 -6.08651287465988e-04 1.34031364070835e-03 5.62239955718671e-05 2.55630016107593e-03 3.36502708826757e-05 -4.66180199809377e-05 2.01582742299440e-04 -2.39951866353539e-04 1.19049439892676e-04 -1.36069442378055e-02 2.17656702497988e-02 -5.19615145524069e-03 9.31071041975795e-04 5.30995675520407e-04 3.28858882749524e-04 1.30691406719334e-03 -2.15750776424739e-03 -1.41158387622996e-03 2.66454962636236e-04 1.86993992763778e-04 -1.36401479237423e-04 8.73337580602383e-05 3.51210703741269e-05 -1.29785829763403e-02 2.36015622365573e-02 -5.79055182808191e-03 9.01860800241900e-04 -5.83913557202280e-04 3.46798171947868e-04 1.53109945636788e-03 1.77450045723977e-03 -9.89226098105281e-04 -2.25101153158752e-04 -1.72931158552117e-04 -3.82625580086184e-07 1.25690908446561e-04 -8.64400552942159e-05
 -2.81631501097050e-04 2.03517127829823e-03 -1.40788719737484e-01 4.53824377670600e-02 -2.84430932185523e-02 -1.52662925650266e-04 1.68610102645450e-04 1.54014432446193e-01 4.30957837688224e-03 -4.66783685249770e-03 -2.34665986582400e-02 -1.95008599376577e-04 1.58629461648542e-04 -1.18054982322427e-04 -2.70000637184726e-07 3.40656348640748e-03 1.60113525250423e-04 -5.90984291331952e-03 -1.49739437345161e-04 3.09575363990400e-05 2.08603810164280e-03 1.30099016851206e-04 -3.61179501867133e-03 1.17400516690245e-04 3.53253576547902e-06 -4.13936327423765e-05 1.02001341312964e-04 -1.71186397856973e-03 -6.55009040241716e-05 2.21243375970068e-03 -1.62001260167108e-03 -4.06168071085693e-04 -3.56723753422805e-03 -1.74422021871216e-02 -7.35386450119343e-04 2.47880701708742e-05 -2.04660481404023e-04 -2.57500210783485e-02 -2.64467993696436e-04 1.18654819919887e-03 9.19301710964428e-03 -2.68602684483714e-04 8.24325641771882e-05 -6.19546398200693e-05 3.12291185358513e-05 -4.06249599587183e-04 6.51919141129203e-05 7.50111880803566e-04 -8.93457909756119e-05 -1.79166912417675e-05 -1.42552655076479e-03 5.79805784945877e-06 2.56452990487899e-03 -1.96543333773294e-05 -2.35634363297075e-05 1.33066927998681e-05 -1.95766784566867e-04 4.74505694643849e-04 -1.56210849190967e-04 -6.46151062349705e-04 1.62017181058893e-02 5.85026994252502e-04 -2.80770086955632e-01 6.35603819706942e-02 1.38272346245065e-02 -2.17614976388960e-04 1.63904453471812e-04 -9.15387035318756e-02 4.66223602477433e-03 -5.23071396987027e-03 3.73543194520861e-02 -3.09028295913510e-04 3.73798330711415e-04 6.99078441701454e-05 -2.91566498691934e-06 2.29031224705871e-03 -1.08095908305989e-04 -3.97484657745829e-03 1.27128591864457e-04 2.02779992420052e-05 1.61318317849651e-03 -1.39450455693385e-04 -2.74042991429946e-03 2.91046608871708e-05 4.27485746898726e-06 -3.34119386375910e-05 1.30682208378373e-05 8.68770996174255e-04 -3.29292316519019e-05 -1.10887207230651e-03 3.89704777288616e-03 -1.02068769031274e-02 2.07700088761124e-03 -2.85739021383969e-04 -1.78567413481152e-05 2.68482233638813e-04 -4.76002313356622e-04 5.38548206360830e-05 -2.84684375493496e-04 -8.31567177258066e-06 3.61531914993040e-06 -2.21797312362922e-05 1.30855845986494e-04 -1.05052740187827e-04 3.97154514313418e-03 -1.22224289234708e-02 2.49753063891144e-03 -2.73697197709515e-04 -2.53819027210577e-04 -1.34058762302188e-04 -4.73932502758678e-04 1.13261775429797e-04 9.15364939677181e-05 -1.22852455746552e-04 -1.10732106413899e-04 8.38875211903860e-05 -5.23658412936833e-05 -7.77928318710909e-06 4.07066015948335e-03 -1.37080376324541e-02 2.65928842499598e-03 -2.94193573274047e-04 2.68244621836068e-04 -1.49593483462168e-04 -5.30527270888883e-04 -6.19077300087887e-05 1.12881512279419e-04 1.03293034589118e-04 7.42695977275901e-05 4.62950510646913e-05 -6.09220576669033e-05 7.73747341203244e-06
 -1.77097609728959e-03 -2.17852331908331e-04 -6.28152098166432e-02 2.89734983142183e-02 -1.83682557583653e-02 3.15748373479350e-06 3.91687244114697e-05 9.21224260307265e-02 4.29954801810991e-04 -9.41581997956881e-04 -3.98033193610026e-02 7.96382938351406e-05 5.80234079119929e-05 9.02495423823048e-06 5.62308625956538e-06 1.38189658712204e-03 3.10540485062887e-05 -2.39140578737324e-03 -1.03417857819923e-04 5.75119475247475e-06 -1.25417186874569e-03 -5.92006023536039e-06 2.13436752177866e-03 2.67543965635612e-05 1.02194736126455e-05 -1.33498713182326e-05 2.07160488960226e-05 -8.89012197438267e-04 -1.21869119280857e-05 1.14969425628936e-03 -1.77605090754650e-03 -5.83601996535954e-04 3.11934226352573e-03 9.67817835376977e-03 1.43467475731839e-03 -1.09002464660599e-04 -1.03092768251097e-04 -3.25143507146772e-02 6.73739383561411e-04 -2.59193239105645e-04 1.44354649968614e-03 -2.64259389097322e-04 9.69709015049707e-05 -1.04633455766826e-06 2.62467179119930e-06 -4.74051158730314e-04 -8.09873239288902e-06 7.77017934760291e-04 -9.79745915306082e-05 -4.52078740909881e-05 -1.03949688402579e-03 -2.45901244056836e-05 1.80753210512096e-03 2.35697904554901e-06 -2.21684465616281e-05 4.58443987793445e-06 -7.26541105516368e-05 4.52133430430511e-04 -7.20147727117078e-05 -6.09026138905278e-04 -1.83956053447714e-03 -6.95797154972990e-05 -7.08886427483539e-03 1.38272346245065e-02 1.05595356105819e-02 -2.48677047222845e-05 2.87817153874575e-05 -1.16085153381928e-01 3.07674894523967e-04 -9.49597169949737e-04 8.84638297754032e-03 -1.56688599003022e-04 4.99570928935949e-05 5.28183592938691e-06 -5.02342110644210e-06 1.40311799839698e-03 -1.60886863949388e-05 -2.43598367395495e-03 -4.52487433969166e-05 1.27632499192791e-05 1.59770344971294e-03 -4.44020411918443e-05 -2.76052290505267e-03 -1.96979286486037e-07 4.14186147256212e-06 -5.64642955042736e-06 3.83351334612777e-06 4.24141648811102e-04 4.28462065813004e-06 -5.36160033985674e-04 1.90033921998125e-03 -1.13038451412303e-02 1.90822201305835e-03 -3.06916650775273e-04 -1.01425494229958e-05 2.77037374810172e-04 -7.26200217127455e-04 1.01257660566798e-04 4.09348737643465e-04 -6.04988572639060e-06 -2.39600886533354e-06 -1.01845125423117e-04 1.57933982065617e-04 -2.79127479813804e-05 1.63327013527558e-03 -1.16454595093575e-02 2.04688902114122e-03 -2.94760173674022e-04 -2.33909892341532e-04 -1.45016284430282e-04 -7.00107184237109e-04 -4.78514538942800e-04 -3.01942387484066e-04 -1.38512237795387e-04 -1.33836781565155e-04 3.51338450969426e-05 -7.12665888068600e-05 8.51980209959986e-05 1.64537164618300e-03 -1.07170901952671e-02 1.79074886022174e-03 -3.25078654962793e-04 2.28722898782297e-04 -1.38523117639664e-04 -7.28059309865010e-04 4.77013217503476e-04 -2.12219618197208e-04 1.33282993250128e-04 1.07412346029349e-04 1.06874406018680e-05 -8.39643394259486e-05 9.04243579254120e-05
 -1.34820887749680e-04 -1.53450689418785e-05 2.69292412269814e-04 -2.49407831194531e-05 -9.70923772314887e-05 1.69445285896377e-03 -4.62171323007906e-06 2.74110582074980e-04 -4.07955385600265e-02 2.88599930586506e-04 -2.80057686560938e-04 3.46105655068439e-03 -3.82623031967529e-06 9.88227732061291e-04 -4.76237959191893e-06 -1.87360499521103e-06 -2.03530498658737e-06 5.35026632068907e-06 1.38650364014656e-03 -3.39753392000750e-05 -1.21595560673908e-07 -2.25094399334437e-05 6.26429696108461e-06 -6.93111972538899e-04 -2.26379836815869e-06 1.79116845612681e-04 -3.43136075440877e-06 5.31280225791611e-06 1.26190753412093e-05 -6.12961502528856e-06 -1.47739333529490e-04 -4.93584123250250e-05 1.30297124644876e-03 -1.11111400707361e-04 -3.18914135679280e-05 3.73347270338146e-04 -1.27751420458483e-04 2.00816145312706e-04 -6.89006602978949e-03 2.24326319145042e-04 -3.68456148324408e-05 2.55578132352243e-03 -1.26965774707438e-04 4.35634036344895e-04 -2.30234222925320e-05 -3.52850625561174e-06 -3.28225946169970e-06 1.16936109724925e-05 9.78034688683045e-04 -5.69889996801888e-05 -3.98793903084787e-05 -1.51705985363283e-05 -8.63624970212850e-05 -1.18584138431102e-04 -2.31097154373040e-05 3.11422096315849e-05 3.07484206056549e-06 6.72147836422584e-06 1.71555214248145e-05 -2.12655606789333e-05 -4.83589089623316e-05 5.09333209128178e-06 -3.80512153928510e-05 -2.17614976388960e-04 -2.48677047222845e-05 1.99716378335089e-03 -2.78177470194226e-05 -8.15107215141968e-05 -4.18470639180315e-02 2.62905191070559e-04 -5.73411240830428e-05 2.69736394581051e-03 -4.12382736127339e-05 -9.14924973967421e-04 5.46524404480646e-07 1.20549838790936e-07 6.09166909829587e-06 -2.11675676467692e-06 -1.26053543227602e-03 2.70964287967976e-06 1.20910101184879e-05 -1.53657625419498e-06 -2.54409561525200e-05 -2.69652138811269e-04 2.73903733342515e-06 6.95832525497368e-05 -5.08647820040561e-07 -2.26780534561762e-06 7.22058971388236e-07 -5.39107943498031e-06 -4.85054028461535e-05 7.51706104678541e-04 -1.97337422762764e-04 -7.66475800238180e-06 -4.57918376677010e-05 -1.44616259258510e-05 -2.35545209211751e-05 -1.56672924460793e-04 -7.63769142194942e-05 6.76486127827742e-05 1.18403708898696e-05 1.19753514377656e-05 1.12682873683577e-05 1.21878576404768e-05 -9.37296348928751e-04 2.33071574177290e-03 -1.75815544868680e-03 -1.47529247513944e-04 6.85298605974964e-05 7.74074457086826e-05 -2.43500394478655e-04 2.15471555580384e-05 7.58883806069794e-05 1.30261508040164e-05 5.64601000053709e-05 -4.51124109826312e-05 -3.67141366878834e-05 1.96459677103895e-05 5.27811785663959e-04 -1.35440612356923e-03 1.37525951857071e-03 1.51889824702895e-04 6.15098485750850e-05 -6.55371922678160e-05 3.07528689223165e-04 2.74232497641482e-05 -1.15245461240799e-04 3.07065396749276e-06 3.01660633317157e-05 3.01909669938332e-05 3.28558222795090e-05 -2.99223020691401e-05
 5.28662788965311e-05 -8.13542601966288e-06 2.28923530089057e-04 -2.27270322589061e-04 1.47542892441308e-04 3.05407787962614e-06 1.65836708262467e-03 -1.98121154259602e-04 2.70081158619526e-04 -4.01338283126837e-02 1.67589482721867e-04 -4.54606918499158e-05 3.35451364124061e-03 3.53193075995731e-06 3.71521956437129e-06 3.12822370406003e-06 9.84161602099892e-04 1.09989610973709e-05 -1.35975493085019e-05 7.56248946647007e-06 2.77124520588104e-05 1.31627343987147e-03 -1.50360983196714e-05 1.31647357956015e-05 -7.46270120617921e-06 -5.19262048883682e-06 4.25245682740371e-04 -6.71197053556523e-06 -5.48223467803360e-04 2.70287631504956e-06 2.04640916074847e-04 2.90400813755538e-06 -2.05702733692397e-04 7.19071992020911e-05 6.22494914876593e-05 -1.02802224506952e-04 4.85301974595660e-04 -1.05655025980325e-04 4.96362192490746e-04 -6.07692407315325e-03 7.13086095006386e-05 -5.10616131382487e-05 2.55904556902276e-03 -1.07309246540738e-06 -1.02264921432295e-05 4.07679089526944e-05 4.50148693890090e-04 2.13932177556652e-05 1.44590106750002e-05 4.84164180897067e-05 2.00894195961842e-04 9.06850260518786e-04 7.10451871241734e-05 1.34235587461364e-05 9.68436907152181e-06 1.96813087626325e-05 8.99454936525065e-05 6.58540055866037e-06 -1.20809566358885e-04 1.14300533530468e-05 6.77455289086155e-05 -5.93063195171451e-06 2.59668185802132e-04 1.63904453471812e-04 2.87817153874575e-05 -2.78177470194226e-05 1.93036576500979e-03 1.65547859045878e-04 1.84163266619915e-04 -4.13284010357996e-02 3.51989209571745e-05 -2.80221503388324e-05 2.64520156526392e-03 4.28684585320979e-06 3.07722594623276e-06 -5.22134004579660e-06 -8.96376994259057e-04 4.53013090197370e-06 -2.68674722853844e-06 -6.98250582069060e-06 -3.08326388892358e-06 -1.27880057456352e-03 2.29546810802595e-05 2.76688177097416e-07 -5.57906096513478e-06 1.50206873560420e-06 1.75825387455069e-04 -7.13302489833224e-06 -2.19725193719424e-04 1.48944282312711e-06 5.69162690245584e-04 -1.55884889120753e-03 1.53303295170625e-03 1.80002700068269e-04 4.64881399241879e-06 1.03967670501587e-04 3.84997278141352e-04 -4.07860609271854e-05 1.81759920993771e-04 5.59268388799923e-06 1.04697067030154e-05 -6.96290406665715e-06 -5.99337111365983e-05 -9.13944754770676e-05 -2.66911272539271e-04 1.45590445828437e-04 -5.82112520410680e-04 -7.97982909230368e-05 6.00625629353754e-05 -3.49107029699033e-05 -1.56443528206925e-04 5.50635331816142e-05 -2.21167992538925e-05 -4.49343854683702e-05 1.53110789192866e-05 -5.22670021942684e-05 5.11162052631922e-05 1.21719313780095e-05 -2.63105161299804e-04 9.43842967797304e-04 -8.60606081365129e-04 -9.09146172203089e-05 -6.94031943916783e-05 -6.11480251955138e-06 -2.21991014464629e-04 -1.03964562829177e-04 -2.98980514964629e-05 4.16973629095195e-05 -3.02819888155499e-05 -3.26447329999235e-05 2.63987818653108e-05 2.75683192892624e-05
 -2.98533425820842e-02 2.76931289899794e-03 7.38923412174409e-01 -3.30045596461709e-01 2.02435345427301e-01 -5.22554783102406e-05 -2.65067236028816e-04 -9.16097310399016e-01 -1.51430669273033e-04 1.28581478917661e-04 4.70633141775108e-01 -1.58577487240262e-03 1.98060112324058e-05 -1.31414965552321e-04 -7.62069334449038e-05 -1.44467244150167e-02 -9.18515417961928e-05 2.49663703274099e-02 9.68468940284363e-04 -4.90316541101817e-05 1.79210160245227e-02 4.34128911106568e-04 -3.06319656283717e-02 -8.19232063153885e-05 -1.06301768176650e-04 1.02642547548984e-04 -4.42277014519552e-05 7.94787351173587e-03 -6.02581657129686e-05 -1.03224099162254e-02 -8.34373196631308e-04 9.09603068252565e-03 -1.39711505837735e-01 -1.33704996763392e-01 -1.92175294796582e-03 1.08411455845071e-03 1.67374276309866e-03 2.40406253379595e-01 -7.30969967878116e-04 1.74075152538659e-04 2.18562651789200e-02 1.92460640571940e-03 1.69644398112085e-04 6.00922023732956e-05 -9.29834999541167e-05 3.43919388592938e-03 1.65460624546583e-04 -5.46499433257055e-03 9.43941676213723e-04 1.91056337935730e-04 1.01832593120486e-02 4.65489187594042e-04 -1.72412377667245e-02 -5.61464978301413e-05 2.02855620279843e-04 -4.91002316743973e-05 4.31711702451727e-04 -5.14376414961854e-03 3.51970421581211e-04 6.88832060507886e-03 -1.32747750733419e-02 1.22899150196852e-03 -3.11047296263718e-01 -9.15387035318756e-02 -1.16085153381928e-01 -8.15107215141968e-05 1.65547859045878e-04 1.39152875355192e+00 1.87500156886719e-04 1.36948298591605e-04 -6.14976236014752e-02 1.44804399926893e-03 3.48437681096086e-04 -4.08595041676495e-06 6.42612709709917e-05 -1.49732208252810e-02 -5.67077894237267e-05 2.59966814319642e-02 5.06677743850088e-04 -1.32583512435469e-04 -1.98282303312595e-02 3.21851475581459e-04 3.43372234326098e-02 7.27151383103648e-06 -3.96283434874860e-05 3.99064827837986e-05 -1.93359287360495e-05 -4.26025253982496e-03 -1.08439533393576e-04 5.35688077686410e-03 -3.83450051483190e-03 3.58625279018706e-02 5.66691892234130e-03 3.08107622374249e-03 1.13515863618586e-04 -7.52013307606987e-04 6.80887694479696e-03 -8.66527779539738e-04 -2.58533958901860e-03 3.56669780084717e-05 3.28314311919043e-05 5.63312087637315e-04 -1.70106767410509e-03 2.06571874094631e-04 1.56439783527065e-03 3.47057595720557e-02 5.39224175417530e-03 2.96662010081997e-03 6.29764384132181e-04 4.11150809212195e-04 6.10871952912112e-03 3.83923449925676e-03 2.40613757161590e-03 1.35377131346556e-03 8.86731120745768e-04 -1.66141838631245e-04 7.64845179864521e-04 -5.79247860239712e-04 -1.53381769650264e-03 3.55090967113889e-02 4.91235411004417e-03 3.06314015366690e-03 -6.63263017093066e-04 4.60946066235260e-04 6.38439267613893e-03 -3.51750984637333e-03 1.40923181238202e-03 -1.28794489323210e-03 -8.20572868357288e-04 -1.16877963445812e-04 8.56412470922743e-04 -5.90189128836388e-04
 -7.85548265460543e-04 2.39347745734628e-04 -2.62328175646694e-03 2.21806271666303e-03 2.37714114628363e-04 -3.86986805697466e-02 -9.72498147029655e-06 -6.67609455198913e-04 8.65586781239378e-01 -3.92918025653777e-04 5.63861764721272e-03 -5.95480207051557e-02 -5.26813892477468e-04 -2.54018417185503e-02 3.06364084945748e-04 -4.38518786837066e-05 -4.39715484802658e-05 4.48384741813704e-05 -3.16626968863815e-02 1.01157598479490e-03 -9.28241690636948e-05 1.01999523398864e-05 2.20910156832528e-04 1.32819223610710e-02 1.82375728400002e-05 -3.42442735548834e-03 -8.33735222697824e-07 -6.18480674208027e-05 -1.51896004564196e-04 1.12732935189216e-04 -1.91901722713731e-04 4.65362083136303e-04 -3.13370067181733e-04 -7.98864065685125e-03 -2.12598545116227e-04 1.61799138649089e-02 1.33223629005642e-03 3.55193002218875e-04 -1.12171742964101e-01 -8.70229811101905e-04 1.18789162114184e-03 -1.98457274087289e-02 1.75158719552162e-03 -1.27082484390753e-02 5.51270016497072e-03 1.30826279995742e-04 2.65228303832346e-05 -3.00707827878875e-04 -2.02410461364839e-02 5.65953100850112e-03 -5.02701074878722e-04 4.54724577141664e-05 1.97202525673597e-03 1.99951361838948e-03 4.45913543399550e-04 -4.15781852543110e-04 -1.07526154588298e-04 -4.32193448063553e-05 -1.25716429485116e-04 1.92301382315697e-04 -1.15688212399177e-04 -5.61861193859925e-05 -2.48574091357916e-04 4.66223602477433e-03 3.07674894523967e-04 -4.18470639180315e-02 1.84163266619915e-04 1.87500156886719e-04 9.44375847343996e-01 -2.48559322271552e-04 9.06942550378777e-04 -5.70845692674048e-02 3.43913137188992e-04 2.03372273613669e-02 8.52600482103490e-06 4.34616351920470e-05 2.09204909649204e-06 -1.69443508549143e-05 2.99106638782018e-02 -8.71930457919860e-05 -1.73967496726262e-04 3.93891356697948e-05 3.40711236811530e-04 6.48552233351713e-03 -2.57528697827309e-05 -1.68477319480404e-03 -1.51364801789684e-05 7.64782589944671e-05 -1.61840003536700e-05 9.77739673901672e-05 5.76423249107136e-04 -4.05544801895689e-04 -5.17063805075397e-04 -2.33874931784677e-05 -1.18762124509820e-03 8.00538062797601e-05 -4.69383195474900e-04 -2.51206266684383e-03 3.32312204949225e-04 -1.00259400517136e-03 7.70348964347028e-04 -2.32909666240212e-04 1.18460314894724e-04 -2.10423525365596e-04 -1.35377537575131e-02 1.85391338292165e-01 -2.29926422908080e-02 9.75589461599535e-04 1.04936630692002e-03 1.42049801230464e-03 2.48093767957496e-03 1.23782630810656e-03 1.77740789260225e-03 -8.90918930386656e-04 -3.85892252950775e-04 9.89397089993814e-04 1.51921475160141e-04 -5.46988600257329e-04 1.72106755301026e-02 -1.84270665732129e-01 2.37089584865042e-02 -1.13434840298946e-03 7.46985514284767e-04 -1.23878471395459e-03 -4.05981755284436e-03 5.71568680074153e-04 -1.99290996804367e-03 -6.85155867505341e-04 2.41846917694736e-04 -8.29644666094365e-04 -2.19714044936204e-04 7.84471386384296e-04
 1.31515076314150e-05 1.44619862398345e-04 1.11531715845315e-04 2.00088654757730e-03 -1.97161316065895e-03 1.54019569469843e-04 -3.83836858680875e-02 5.61471889149895e-04 -4.24453752752824e-04 8.65267818512619e-01 -3.68565336261023e-03 8.79110831470617e-05 -5.91968419154579e-02 -7.28907080044701e-05 -9.05136114424447e-05 -3.16022920381792e-04 -2.53431068829152e-02 -1.25880647965549e-04 2.96957847194444e-04 -2.78354774269824e-04 -8.46511303782507e-04 -3.11237218619147e-02 1.48706211656196e-05 -6.60290549081145e-05 9.44026486466108e-05 7.79561152804065e-05 -8.32524909864707e-03 1.57396576764114e-04 1.07364865579928e-02 -1.80111406689807e-05 -2.81263238226797e-04 1.32920966655457e-04 -1.30351336455705e-03 9.82858462303581e-04 -8.06282234113464e-04 1.10909375211177e-03 1.17762997737641e-02 -4.58702044808801e-06 -7.10111226463923e-04 -1.12744227686208e-01 -1.95445804241240e-03 -1.00737832190082e-03 -2.26279888686478e-02 2.27824058103656e-05 2.23863961512261e-05 -5.10671261443350e-03 -1.29946109461085e-02 -2.88371551925365e-03 1.07989234327535e-04 -4.02579155937023e-04 -7.60188140072464e-03 -1.96593757375281e-02 -3.53549444280293e-03 -2.03066317119004e-04 -1.90195921722971e-04 -5.26643030485100e-04 -1.49895310688732e-03 -1.68177816294518e-04 2.19586075713327e-03 -3.35036552862142e-05 -1.19253242650523e-04 1.12323496241569e-04 -5.15188507528556e-04 -5.23071396987027e-03 -9.49597169949737e-04 2.62905191070559e-04 -4.13284010357996e-02 1.36948298591605e-04 -2.48559322271552e-04 9.44560229239315e-01 -1.42763675994705e-03 2.53575437122167e-04 -5.71898949323540e-02 -3.06706704587822e-06 -7.37949849829132e-05 2.30894880263388e-05 2.02230245397211e-02 3.76458690891646e-06 5.78043199120533e-05 1.57241394508152e-04 3.73472200260589e-05 3.03626314061827e-02 -3.18777702008145e-04 -2.73368704109553e-05 1.08920567158865e-04 -4.85026053576699e-05 -4.25658224663583e-03 1.25453104469102e-04 5.33966730577232e-03 -2.88331331175769e-05 2.20553285432321e-02 -2.12792576923086e-01 2.99020218105202e-02 -1.44361539148202e-03 9.04891951824423e-05 1.25223257908761e-03 -5.43912541430818e-03 6.19663984961316e-04 -1.93791138033931e-04 -1.52274250970552e-04 -2.45473360478891e-04 -8.27951081461606e-04 2.18563790281907e-04 1.58246280492361e-03 -1.00514183299930e-02 1.06955735648727e-01 -1.52175853247157e-02 6.88213971874820e-04 1.21083430972852e-03 -4.14925326485146e-04 2.59133770413138e-03 1.72666829323553e-03 -1.96702629366285e-03 4.98715447022631e-04 -3.88945258975036e-04 5.83298756215467e-04 -8.91404424758270e-04 -7.51217016088500e-04 -1.10897746403138e-02 1.06281478603730e-01 -1.27860758546197e-02 7.38220785399804e-04 -1.19406273249191e-03 -7.49341204936104e-04 2.71299417842362e-03 -1.70593814246506e-03 -2.75385337365658e-03 -2.57336498860936e-04 6.84327013559240e-04 2.06701209859775e-06 -6.72065161169751e-04 -1.10355413494321e-03
 2.37684332419265e-04 9.07752574875195e-04 -7.31803427662426e-02 2.58054520433039e-02 -1.83621985037092e-02 -3.46555222647096e-06 2.26479743733189e-05 1.04351277950806e-01 1.13291830707147e-03 -1.43811824785568e-03 -1.91226423720362e-02 -7.18874579754030e-05 6.67865395614324e-05 -3.99501225233771e-06 -1.23129564523686e-06 1.89738949544721e-03 3.94209795018031e-05 -3.29478765075141e-03 -2.17058996239109e-05 1.37401916403999e-05 9.58387315642203e-04 2.00124533666486e-05 -1.67142688087517e-03 5.75056720193650e-05 3.28765207345179e-06 -1.97831469619920e-05 4.83104103132276e-05 -1.14769790833577e-03 -2.74409757857222e-05 1.48240563523069e-03 -4.73719385080595e-04 -4.98658519226219e-04 5.85676592375605e-03 -1.08897206405655e-02 7.13579015225307e-04 -1.74596414199239e-04 -4.26012659553098e-05 -2.73813429062513e-02 1.49124589688985e-03 -4.94488351749880e-04 7.28693142429794e-03 -3.62076340634950e-04 1.33217062118844e-04 2.39166216325175e-06 -1.62042028795790e-05 -4.51182179790666e-04 2.81119596248400e-06 7.42971307017075e-04 -2.30425901675413e-05 -4.43848673187931e-05 -1.09857996565171e-03 -3.44217611578060e-05 1.89257690567325e-03 -1.02868332081233e-05 -2.06330318279497e-05 6.38859914525080e-06 -8.23630102435950e-05 3.99920696427940e-04 -6.73677738086705e-05 -5.41926445267475e-04 3.45004256570542e-03 3.10840245202693e-04 -1.63153743910395e-01 3.73543194520861e-02 8.84638297754032e-03 -5.73411240830428e-05 3.51989209571745e-05 -6.14976236014752e-02 9.06942550378777e-04 -1.42763675994705e-03 2.22383892466547e-02 -1.03181628332731e-04 1.32234032792753e-04 3.68191805581166e-06 -1.98555353397503e-06 1.45033315169905e-03 -2.95383457009118e-05 -2.51710980145619e-03 6.59788456159990e-06 1.30553186958621e-05 9.86599057985609e-04 -2.38636168501005e-05 -1.67706233599253e-03 4.03865639644553e-06 3.41448756404630e-06 -1.61843042769639e-05 -1.57042777431902e-07 5.47816367956496e-04 -8.06222096329726e-06 -6.99744902261043e-04 2.43392592901714e-03 -8.74097594708957e-03 1.52973419371492e-03 -2.78937381411283e-04 2.00826559133885e-06 2.16145800851048e-04 -5.61478395019860e-04 8.73407570064199e-05 -7.95901258624697e-06 -9.35568028762558e-06 -2.47550121621753e-06 -7.05861195865817e-05 1.25037759283420e-04 -4.13837594382996e-05 2.32892163390380e-03 -9.46387614121515e-03 1.67921267615464e-03 -2.70392469921853e-04 -1.85366259601365e-04 -1.26233654563915e-04 -5.39285611302911e-04 -8.11351608355340e-05 -6.61489386695682e-05 -1.15365101172660e-04 -1.02978752647287e-04 3.78332421851187e-05 -5.17232557299630e-05 3.93421265217332e-05 2.04942493534094e-03 -7.25596460624013e-03 1.07869893103612e-03 -3.08086893926863e-04 1.66612220772080e-04 -9.89176802953958e-05 -6.12925290036112e-04 9.36047045060757e-05 -4.12238084355413e-06 1.12268433049779e-04 7.60220730140308e-05 1.21335388348290e-05 -6.92312395786351e-05 5.19964849596045e-05
 -5.60869378244839e-05 -4.78931937441722e-07 3.80373580598401e-04 -2.53274365389915e-04 1.19865111173385e-04 2.31534839462545e-03 -3.62089925600416e-06 -1.02415396498652e-03 -5.51985226572856e-02 2.22752775304454e-04 2.90037294501579e-04 4.56662211522317e-03 2.54728004399913e-05 1.37338453893081e-03 -8.22626117763099e-06 -6.12243697884851e-06 -4.24271629577270e-06 1.29681271050882e-05 1.89514196583325e-03 -4.84738208206691e-05 3.22229687822446e-05 -2.57268039976900e-05 -4.93452346427134e-05 -9.26096896934788e-04 -3.07181826405198e-06 2.39269224478376e-04 -1.53510075686194e-06 1.92272372356232e-05 1.30915180999242e-05 -2.41987460965093e-05 -8.04585153043687e-05 -3.87729301983394e-05 9.22307795196597e-04 -1.51555173563192e-04 -9.07469309929250e-05 3.09617721532231e-04 -1.29362256298673e-04 1.00076664470185e-03 -7.20452290411932e-03 -4.60796763937766e-05 -1.12540748894331e-04 3.17904799050313e-03 -1.15138395688719e-04 6.17881493613906e-04 -7.25899242849262e-05 1.21064655962696e-06 -6.53660251503289e-06 -5.77573894229622e-06 1.32076073645584e-03 -1.12303221496403e-04 -2.66542702568300e-05 -1.49251556989918e-05 -1.52894672570681e-04 -1.56282130059613e-04 -3.03947496774915e-05 4.00199411890022e-05 3.58085228887755e-06 -2.16449505487821e-06 1.91319399810796e-05 -1.23721346123608e-05 -1.13231636502275e-05 8.76461511571083e-06 -7.29350137489086e-04 -3.09028295913510e-04 -1.56688599003022e-04 2.69736394581051e-03 -2.80221503388324e-05 1.44804399926893e-03 -5.70845692674048e-02 2.53575437122167e-04 -1.03181628332731e-04 3.65031064302247e-03 -4.32060236984055e-05 -1.24558966070004e-03 6.30880818563498e-07 -1.65104759563463e-05 5.53404085665304e-06 2.58351402718291e-05 -1.73117365004690e-03 3.77589287938175e-06 -2.55017131395708e-06 -2.19691863022814e-06 -9.42388204610587e-07 -3.71264606107116e-04 3.33799348312067e-06 9.58758406731878e-05 -5.77852329527409e-07 -8.16648815401170e-06 9.47387088633610e-07 -1.07699313754748e-06 -8.24751474954981e-06 6.26710817610612e-04 -1.25127204854273e-04 3.26953109139601e-06 -4.39433733420356e-05 -1.44696975096730e-05 9.05954334004704e-07 -1.66536785380888e-04 -9.60153043091275e-05 8.81971309217057e-05 7.60249508182481e-06 1.77190255717945e-05 6.62710015401123e-06 1.43902477623554e-05 -9.95641170337513e-04 1.41603038148821e-03 -1.90179035851471e-03 -1.75230992442617e-04 7.66240725066001e-05 7.90886826256617e-05 -2.90607482928130e-04 2.92942553100234e-05 7.79518879723038e-05 2.53940061053521e-05 7.18652519175516e-05 -6.16498203474669e-05 -4.23212305780048e-05 2.43940412143535e-05 4.75412000714009e-04 1.06777941780100e-04 1.40915525844049e-03 1.95376648320080e-04 6.18593322839850e-05 -6.74891454312284e-05 4.12535621579191e-04 1.25242801779901e-05 -1.19264794703494e-04 6.80017052557271e-06 3.12374083504716e-05 4.21615740692029e-05 4.27573574330815e-05 -4.53462909297558e-05
 1.99125421878317e-05 -8.90444798743225e-06 2.57393848361390e-04 -2.70672847652043e-04 1.86847214210208e-04 -2.76118528635863e-06 2.29883107485991e-03 -3.12165531357352e-05 4.40558338636961e-04 -5.50519316011582e-02 2.88068715285347e-04 -6.37048256846259e-05 4.47825386855930e-03 1.69578493734512e-06 5.19584277336058e-06 1.00493066168629e-05 1.38850044450444e-03 8.02753116292844e-06 -2.32826029926496e-05 1.16007006746090e-05 4.84140337302405e-05 1.83122355220157e-03 -3.18045331626543e-05 1.82495566909753e-05 -9.58359124328585e-06 -7.37374275591156e-06 5.75623927366221e-04 -1.33181003607910e-05 -7.42021958149095e-04 8.40241150160308e-06 8.02579183768968e-05 1.01654004159179e-05 -5.66899336407695e-04 5.04741916731953e-05 1.07892852746148e-04 -1.29369411939685e-04 4.59366910174742e-04 -3.57924867899072e-04 5.97856432460798e-04 -6.06237274685839e-03 1.74304867660131e-04 -5.62358805577754e-05 3.20823250438593e-03 -2.83902710511422e-06 -1.17908378269370e-05 9.19284463962551e-05 6.48078836265250e-04 5.79152190086466e-05 1.28225916304597e-05 6.01225521315001e-05 3.03876102611380e-04 1.24492401220331e-03 1.21389213719262e-04 1.77875435957154e-05 1.30694931075572e-05 2.78839439242271e-05 1.17930664483937e-04 8.27397618147158e-06 -1.63255707171745e-04 1.49445960859644e-05 1.53292088376434e-05 -7.21381398828053e-06 -4.71256323368572e-04 3.73798330711415e-04 4.99570928935949e-05 -4.12382736127339e-05 2.64520156526392e-03 3.48437681096086e-04 3.43913137188992e-04 -5.71898949323540e-02 1.32234032792753e-04 -4.32060236984055e-05 3.63047730876093e-03 7.72756462947828e-06 4.30239092158195e-06 -4.68131680410742e-06 -1.23795281398294e-03 2.41763520332090e-06 -8.16562507832902e-08 -9.62015960237567e-06 -7.43690089281673e-06 -1.77987517767493e-03 3.60119331532455e-05 1.36463553013132e-06 -7.53630954220335e-06 1.95998456606522e-06 2.45481069714210e-04 -8.57823859865361e-06 -3.07022173811819e-04 7.95613924924218e-07 5.05168675599511e-04 -6.52850758447151e-05 1.58450354795567e-03 2.23957648382188e-04 4.50984158331455e-06 1.15769100406641e-04 4.99537424982582e-04 -5.30312294899166e-05 2.18942434223846e-04 7.76999448853080e-06 1.45879740895233e-05 -1.50632983852239e-06 -7.22878803674857e-05 -1.22148667193239e-04 -1.67158849133206e-04 -1.05348244377860e-03 -4.66049648391103e-04 -9.96195609273392e-05 5.40568011707355e-05 -3.98575762507113e-05 -2.09529559414470e-04 4.52083717119915e-05 -9.50654652895455e-06 -5.75326145258527e-05 2.01056083597504e-05 -6.58008288556769e-05 6.81986221285702e-05 2.18352779583774e-05 -1.58756751264304e-04 -1.18282400744608e-04 -8.20506853409810e-04 -1.14067669998243e-04 -6.52763298372192e-05 -2.92511457724480e-06 -2.88221003771970e-04 -1.01736374612090e-04 -1.14305015612898e-05 5.13656007838672e-05 -4.10738366205722e-05 -3.81750719350812e-05 3.70741214357601e-05 4.33399674100382e-05
 -4.36656898300359e-05 3.70163392674376e-06 -1.08388469820561e-06 2.29245920929037e-05 1.55957993028297e-05 -8.31478537539099e-04 -6.61921634792137e-07 -5.70564789632776e-05 1.88771465492066e-02 -2.38693610128855e-06 1.07295290788496e-04 -1.36209926347040e-03 -1.28789310914018e-05 -5.33707614304484e-04 5.74416348727635e-06 -2.24454365024581e-06 -8.54151583977713e-07 3.17798686359789e-06 -6.80146343181507e-04 2.07295943259235e-05 -3.84948006094761e-06 1.64722211117688e-06 7.18037300657959e-06 2.96110038159772e-04 5.46648306267661e-07 -7.63781569179635e-05 -1.83877213780058e-07 -1.09265509248518e-06 -3.24706458400452e-06 1.91387026000236e-06 -1.00691141625826e-05 1.04163777885878e-05 -4.14534416683734e-05 -1.28136690799970e-04 -1.19318066188267e-06 2.42439759246437e-04 3.19630409103055e-05 -1.05261383681854e-05 -1.26525918990531e-03 -1.67809756882844e-06 1.81623846309430e-05 -5.90066307252694e-04 3.61283952561065e-05 -2.61309931716783e-04 9.72482586663015e-05 3.09741679530758e-06 8.26665562327699e-07 -6.08776029550031e-06 -4.43780637703816e-04 1.03036986611473e-04 -4.72429498745475e-06 1.53608645577358e-06 4.26167610782395e-05 4.59819664474341e-05 9.91510259996437e-06 -1.01945172979226e-05 -1.87997226891655e-06 -9.30086123144778e-07 -3.34145239097086e-06 4.73238173076769e-06 -4.40496173425930e-05 -1.89276326823747e-06 1.63138038409795e-04 6.99078441701454e-05 5.28183592938691e-06 -9.14924973967421e-04 4.28684585320979e-06 -4.08595041676495e-06 2.03372273613669e-02 -3.06706704587822e-06 3.68191805581166e-06 -1.24558966070004e-03 7.72756462947828e-06 4.39314639718951e-04 9.24912089242596e-08 2.95489880370731e-07 5.57152845556105e-08 6.91878445662047e-07 6.37908356807414e-04 -1.76962075344501e-06 -4.09497924548512e-06 1.46253391393830e-06 8.15033730003803e-06 1.37969035402390e-04 -7.04007691143898e-07 -3.57812434036686e-05 -2.83491071648966e-07 1.35221131602779e-06 -2.47973511252151e-07 2.46132652251392e-06 1.49848526273419e-06 -1.08006169043513e-05 -1.12790422120638e-05 -4.38567975382561e-07 -1.60228979732695e-05 1.34304048883367e-06 -7.09197323508512e-06 -2.79961824156413e-05 1.21611559870220e-05 -2.38586171683039e-05 1.21203060295994e-05 -5.03363662292342e-06 1.31109210485924e-06 -4.53543668291921e-06 -1.49743270812910e-04 2.99278116947161e-03 -2.34408724626589e-04 3.09902433230264e-05 1.18621167008966e-05 1.75669473413317e-05 6.62254867883241e-05 1.89875679460044e-05 2.36891335792829e-05 -1.66327044264819e-05 -1.19948806460897e-05 2.13715449176425e-05 6.04957239247077e-06 -1.12429429690109e-05 2.38705595488403e-04 -3.02219831348242e-03 2.66850056163274e-04 -3.43882151236751e-05 6.48587720864876e-06 -1.44124320732931e-05 -9.99574331656097e-05 7.47033323653163e-06 -2.25265994965984e-05 -1.21066084385326e-05 1.22106634813457e-06 -1.72097833715316e-05 -7.07994890186177e-06 1.65278296242860e-05
 -8.61001748176512e-06 -2.93034552683405e-07 5.20657806966612e-05 -1.77094189389042e-05 8.17504186358096e-06 -4.99894605251572e-07 3.02168803651843e-06 -2.64696568222603e-05 -8.31670483010055e-06 -6.53875997205737e-05 1.87339923994291e-05 4.83777615615300e-06 3.89098404689964e-06 -1.13714352902058e-06 6.48961169254958e-08 -8.43740860232532e-07 2.10154031342940e-06 1.52619908191263e-06 -3.78380834240529e-07 1.04268070905695e-07 7.23741553688660e-07 2.40389851939101e-06 -1.04133581574377e-06 -5.68270427867782e-07 -1.73137706187605e-08 1.49853847370774e-07 5.86243809282727e-07 1.86985225397806e-07 -7.58412063960540e-07 -2.49228181472659e-07 -6.56712876198573e-06 8.42029220935146e-08 5.23567489084321e-06 -1.09304488203511e-05 1.60189121123007e-06 7.32223521147720e-06 -2.18038267937873e-06 -5.29439546847545e-06 -7.93430123679187e-05 1.96445434825745e-05 4.86216553884256e-06 1.10573424437156e-05 1.69936614112008e-07 -9.53081505947867e-07 1.51162937438318e-06 4.68112160918823e-07 1.12978920111662e-06 5.17028645920279e-07 3.62705244491471e-07 1.32508449593070e-06 5.05160177002327e-07 1.45904152494505e-06 5.28253843829578e-08 -1.69648695570590e-07 -2.98130527608496e-09 1.22928984908070e-07 1.26443116097687e-07 -9.29724940488519e-08 -5.60171423782391e-08 9.40600330189325e-08 -1.39539032720053e-05 1.46873221251027e-08 -2.26227402604716e-05 -2.91566498691934e-06 -5.02342110644210e-06 5.46524404480646e-07 3.07722594623276e-06 6.42612709709917e-05 8.52600482103490e-06 -7.37949849829132e-05 -1.98555353397503e-06 6.30880818563498e-07 4.30239092158195e-06 9.24912089242596e-08 1.57446966826147e-08 -6.19285432465410e-07 -1.56837327909370e-06 1.07942923283646e-06 7.14257047384371e-07 -2.66780989153782e-08 -1.02128774585743e-06 -2.44573982936184e-06 1.76683285452828e-06 1.81006533652247e-07 1.72908194344822e-09 -4.29154033537544e-08 3.40197128137421e-07 -1.66810825064068e-07 -4.43441556956391e-07 2.03352822667933e-07 -2.66399087986976e-06 2.72121292554596e-05 -4.73191718305095e-06 -3.24634325258975e-08 -6.71634613929013e-07 -1.89973396955104e-07 -2.90977958289480e-08 -1.83733379187338e-06 -4.14118791085075e-07 1.53945264691918e-07 3.34556255279201e-07 5.72284111575768e-08 1.12784301915204e-07 -6.20946504143277e-08 -8.00168473760603e-06 5.43030252777931e-05 -1.46100792479565e-05 -6.79793671177219e-07 4.75036029693776e-07 9.56396297997951e-07 -1.09796301626885e-06 2.12309013739034e-07 1.26292405368982e-06 -1.93666941138083e-07 2.68556765246924e-07 -2.97150427869898e-08 -1.25088209368438e-07 8.11725611747734e-08 1.08188762039125e-05 -8.15414470227729e-05 1.99339847068884e-05 6.51796416372795e-07 9.26691101116662e-07 -7.66123340177344e-07 6.05304691858575e-07 7.32739040765164e-07 -1.07850006897597e-06 -1.98954036519048e-07 2.33781028311170e-07 -4.46754682701158e-08 2.13417347941178e-07 1.92995960395368e-07
 9.00124744406913e-05 -1.51168072495498e-05 -8.22560502196077e-03 3.71477191933841e-03 -2.63606254616683e-03 2.62824407420195e-07 -3.18924204251232e-07 1.33695499052625e-02 3.76872327720462e-05 4.35077758134230e-05 -5.28519574226847e-03 1.78258350111511e-05 -1.05567886383556e-05 -2.23901129728469e-07 7.09872153742724e-07 1.87291918724100e-04 1.69699148216184e-06 -3.24235271057823e-04 -8.15920235739833e-06 1.05567218813446e-06 -1.37789402465056e-04 -5.06761620269415e-06 2.34639243601881e-04 2.40212901730695e-06 1.13889349665172e-06 -1.34756634587327e-06 5.06145600384433e-07 -1.26883145878631e-04 1.28582047412569e-06 1.64352522330801e-04 1.43962432990991e-04 -1.35252684238593e-04 2.72981074825702e-03 5.05876989738738e-04 1.35423257895142e-04 -1.33888713606759e-05 -3.20827112585674e-05 -4.19663333062155e-03 -1.14009745687014e-05 1.01725706136967e-04 2.73672425785153e-04 -2.42838192554938e-05 -2.03147468936436e-05 -1.47875946064790e-06 1.77830755773721e-06 -6.21744617578452e-05 -1.10272538152738e-06 1.05154806200828e-04 -8.30350377646923e-06 -2.05709329189302e-06 -1.55017364216104e-04 -8.67680302321384e-06 2.62873938334914e-04 7.03598229420785e-08 -3.15526604711999e-06 7.97063924615203e-07 -2.36725103898156e-06 7.40462951817135e-05 -1.01234414596716e-06 -9.95667367891891e-05 -1.26682887911619e-04 6.70703369839262e-07 -3.86414339699417e-03 2.29031224705871e-03 1.40311799839698e-03 1.20549838790936e-07 -5.22134004579660e-06 -1.49732208252810e-02 4.34616351920470e-05 2.30894880263388e-05 1.45033315169905e-03 -1.65104759563463e-05 -4.68131680410742e-06 2.95489880370731e-07 -6.19285432465410e-07 1.95722531129261e-04 1.16239232247511e-06 -3.39686142046770e-04 -2.99016225146310e-06 1.69100133307489e-06 2.12187973471345e-04 -1.82717021272848e-06 -3.66309694048250e-04 5.56714549676392e-07 5.83460557548400e-07 -1.09661622058832e-06 -2.19341584406884e-08 6.22609895078318e-05 8.77732127192846e-07 -7.87775354901558e-05 6.36233638694267e-05 -4.15471369404835e-04 -1.01817768729806e-04 -5.18495001020442e-05 -1.63669106058372e-06 1.08878614724932e-05 -1.12075726380857e-04 1.11384894821124e-05 2.68077839252213e-05 -9.16638375526308e-07 1.62427513751249e-07 -1.15894166984404e-05 2.61252836371220e-05 -5.27999991332545e-07 1.18415922892615e-05 -5.26970627456590e-04 -6.68313919852999e-05 -4.87185046249033e-05 -1.11499388511005e-05 -6.34201576182644e-06 -9.96580271813155e-05 -4.72744863311001e-05 -2.66934509734764e-05 -2.08056041961378e-05 -1.34427990749800e-05 1.62894041449463e-06 -1.14562986443615e-05 1.06590939919449e-05 5.46313710833818e-05 -5.85608271790314e-04 -5.02029618086787e-05 -4.99453736390119e-05 1.21517589014601e-05 -7.31949581998645e-06 -1.05489738267431e-04 4.60979359022669e-05 -1.67598984914353e-05 1.95177428188962e-05 1.32797826236596e-05 4.86439222420063e-08 -1.31214315154726e-05 1.21757740205698e-05
 1.77359401755251e-05 3.51773910250729e-06 -5.78216033834575e-05 7.01545937697619e-05 -5.06152045312175e-05 1.38530441298100e-06 -8.19804441642601e-04 2.92545188022523e-05 -1.13814369054064e-05 1.87406307604291e-02 -8.89184025164508e-05 4.45754060904925e-06 -1.33979345216179e-03 -2.24728089771395e-06 -1.90221924440621e-06 -5.17402674290877e-06 -5.30791313562844e-04 -4.21284634578419e-06 5.48331707554310e-06 -5.49828559373647e-06 -1.78431633210569e-05 -6.62070312727816e-04 2.70825016982948e-06 -2.05723312414553e-06 2.34211761838545e-06 1.74644620998208e-06 -1.83999741201922e-04 3.38327475069705e-06 2.37283966023457e-04 -6.05424139035089e-07 3.12019133434133e-05 3.10373129596749e-06 -4.27213604564744e-05 2.66386470403687e-05 -1.99689468784222e-05 2.95465261024663e-05 1.57568532730511e-04 1.21587131252055e-05 -6.37748792313586e-05 -1.37203562522448e-03 -4.39300451406171e-05 -1.28009180277245e-05 -6.32757498925844e-04 1.60401148649744e-07 1.53177639121941e-06 -9.19601695687751e-05 -2.67011754827753e-04 -5.19619744618832e-05 -1.12588359544707e-07 -1.13890870984437e-05 -1.50150971271253e-04 -4.25311974481356e-04 -6.78956081530074e-05 -4.72714854193038e-06 -4.18095005767500e-06 -1.09684477278936e-05 -3.45754620334119e-05 -3.66857412737612e-06 4.92034731394594e-05 -1.46936436578070e-06 2.66914429253627e-06 2.39540914125091e-06 9.69790447651273e-06 -1.08095908305989e-04 -1.60886863949388e-05 6.09166909829587e-06 -8.96376994259057e-04 -5.67077894237267e-05 2.09204909649204e-06 2.02230245397211e-02 -2.95383457009118e-05 5.53404085665304e-06 -1.23795281398294e-03 5.57152845556105e-08 -1.56837327909370e-06 1.16239232247511e-06 4.34071023521999e-04 -8.31363368044274e-07 1.96108368158274e-06 3.37886756212133e-06 1.56907236881567e-06 6.45358819549456e-04 -8.77773271060021e-06 -3.42737795077803e-07 2.40880240461285e-06 -1.01955161801555e-06 -9.01502028751350e-05 2.86663740701717e-06 1.13015698378976e-04 -6.63096142723493e-07 3.29719906717206e-04 -3.54258595597499e-03 3.76138137461322e-04 -4.18010975477047e-05 1.06679368827370e-06 1.21607747795488e-05 -1.30074621827250e-04 1.44693590378856e-05 -2.00815809334919e-05 -3.17291762873776e-06 -5.20637688485655e-06 -1.36583736194429e-05 9.37402026540556e-06 3.59083809321250e-05 -1.45795847623388e-04 1.82383644445957e-03 -2.03637208842026e-04 1.96194885547289e-05 1.49470793139220e-05 -3.97953718952019e-06 5.98155311746116e-05 2.43027212906933e-05 -3.20345544753621e-05 1.28913403231029e-05 -8.23926005679425e-06 1.51144840307035e-05 -2.02047848989048e-05 -1.41424343954479e-05 -1.63109900413900e-04 1.72462712309037e-03 -1.33465034345946e-04 2.14944230258481e-05 -1.37025216391578e-05 -1.25917761189458e-05 6.80739068711705e-05 -1.92397864512308e-05 -4.50088591965259e-05 -8.46418779041033e-06 1.47182852244981e-05 3.15227253878812e-06 -1.40637154766765e-05 -2.16681952217198e-05
 -1.78170585964206e-04 2.57129675840977e-05 1.43048590195727e-02 -6.45233285100905e-03 4.57435830755202e-03 -3.26110005429307e-06 -7.84057766752901e-07 -2.31901640048055e-02 -2.19486031697311e-05 1.32257845750448e-05 9.17203923985572e-03 -3.12087054604136e-05 -7.64251401601314e-07 -1.75701449419867e-06 -1.18153256856165e-06 -3.25339986906294e-04 -1.46001763773287e-06 5.63464245521644e-04 1.20762571153062e-05 -1.64565232721493e-06 2.39162984025219e-04 8.28402667097444e-06 -4.06650269974982e-04 -3.86325546270769e-06 -1.90464524763301e-06 2.25042689201364e-06 -2.57273401561195e-06 2.20074394374029e-04 -6.52194543672702e-08 -2.85094629668924e-04 -2.40812958532061e-04 2.34175694268341e-04 -4.71291573016973e-03 -8.87075178963575e-04 -2.33576263932787e-04 2.90973012663122e-05 3.47266058922844e-05 7.26793911482188e-03 -3.70791546406691e-05 5.33733269894790e-05 -4.70496403229283e-04 4.83680497944785e-05 7.27728148189976e-07 1.30660935679300e-06 -1.78516155980329e-06 1.11301580001135e-04 3.83965111919273e-06 -1.79944159501320e-04 1.29604832191830e-05 3.92114759694179e-06 2.70991852410493e-04 1.31201894674621e-05 -4.54052305822738e-04 -1.92974798594353e-07 5.45090256798259e-06 -1.32110272564359e-06 3.58697401688739e-06 -1.28342454387858e-04 2.47565406336459e-06 1.72362479762028e-04 2.44713290783563e-04 -1.02574683626080e-06 6.69668104616491e-03 -3.97484657745829e-03 -2.43598367395495e-03 -2.11675676467692e-06 4.53013090197370e-06 2.59966814319642e-02 -1.69443508549143e-05 3.76458690891646e-06 -2.51710980145619e-03 2.58351402718291e-05 2.41763520332090e-06 6.91878445662047e-07 1.07942923283646e-06 -3.39686142046770e-04 -8.31363368044274e-07 5.89607502921878e-04 7.38972920211138e-06 -2.93636592282589e-06 -3.68564905023869e-04 3.50615721273527e-06 6.36114547387115e-04 -4.57709184295949e-07 -9.85697814704590e-07 1.78604420090819e-06 6.11276922243876e-08 -1.08010279860413e-04 -1.57888418709017e-06 1.36720059400258e-04 -1.42519675629535e-04 9.44412399760862e-04 1.16535684583884e-04 8.72240621525874e-05 2.25351253732372e-06 -2.22099851096315e-05 1.90528708067460e-04 -2.00515094653587e-05 -5.01797640474946e-05 1.61229181254711e-06 -7.65508150888068e-08 2.08907657667357e-05 -4.41236244398633e-05 1.50104726123607e-06 -1.24654778385646e-05 8.63174358945523e-04 1.30843290986753e-04 8.51851786875968e-05 1.74189696844717e-05 1.26539058759560e-05 1.73315209971346e-04 7.94517108747394e-05 4.90508220788442e-05 3.64136812751877e-05 2.34094006427122e-05 -2.19245187315794e-06 1.94639394334436e-05 -1.80650250261719e-05 -7.43683108517492e-05 8.57240237092902e-04 1.26195927239487e-04 8.80468591718112e-05 -1.81560571789052e-05 1.29915560713581e-05 1.85130904516916e-04 -7.58259784576759e-05 3.12236273202804e-05 -3.46095155101022e-05 -2.28012288919160e-05 5.01248648041899e-07 2.28285293941157e-05 -2.05782656871582e-05
 -1.51933368850429e-04 1.23454637388852e-05 4.36713988125381e-05 -8.10375044772848e-06 2.14140763869833e-05 -1.23529988881218e-03 9.20200773299202e-08 -3.31031895716571e-04 2.63172836365915e-02 9.68463313237100e-05 3.65308092567555e-04 -1.51679151193352e-03 -3.56924559416960e-05 -8.66408437854526e-04 1.36287767070348e-05 -6.47755094606617e-06 -3.12974101807469e-07 1.07528926896762e-05 -1.00866091471299e-03 3.70074648416460e-05 6.08603887749999e-06 -7.28806752845265e-06 -3.81873142145006e-06 3.73308411102893e-04 -1.55037593115324e-07 -9.60578518040206e-05 -2.10784730991097e-06 4.72309839379943e-06 -1.54184824619437e-06 -4.00863274738452e-06 -1.25248569522400e-04 -7.77119806753067e-06 1.04474713636661e-03 -6.30018099051849e-04 -7.56915189277099e-05 1.00163157769843e-03 -3.47413734713315e-06 5.74831032336504e-04 -8.89124452172508e-03 2.11738721221657e-04 -1.23256635373412e-05 1.26688662296944e-04 1.11154102506510e-05 -4.59899452405984e-04 2.73953625377751e-04 1.42833780045802e-05 2.35598001673444e-06 -1.96619537124251e-05 -6.03540587966715e-04 2.66966184164825e-04 -3.62923836952443e-05 -4.10611163972598e-06 5.32676267262281e-05 4.98456351939778e-05 1.27923503381848e-05 -7.38101290140509e-06 -2.53305006918515e-06 3.68750894156394e-07 3.41732193511102e-06 9.56536311133170e-07 -2.68155528786262e-05 1.14730404523060e-06 -2.63563478222051e-04 1.27128591864457e-04 -4.52487433969166e-05 -1.26053543227602e-03 -2.68674722853844e-06 5.06677743850088e-04 2.99106638782018e-02 5.78043199120533e-05 6.59788456159990e-06 -1.73117365004690e-03 -8.16562507832902e-08 6.37908356807414e-04 7.14257047384371e-07 -2.99016225146310e-06 1.96108368158274e-06 7.38972920211138e-06 9.77397335856748e-04 -3.35960537774060e-06 -7.96145702938525e-06 -9.67012910599259e-07 1.37408406724586e-05 2.13498007244159e-04 -1.29859602981262e-07 -5.56557687016996e-05 -6.32917106291432e-07 1.64879854094832e-06 -1.08174416687327e-06 4.26899736272479e-06 -7.48992221082541e-05 8.40276271446710e-04 -2.58846256951587e-04 -4.74401023411617e-06 -8.16999561699945e-05 -1.38567350875677e-05 -3.05824437598721e-05 -2.00732122453067e-04 -3.08651232069914e-05 -2.12753429318595e-05 4.50371697814712e-05 -3.84411924397123e-06 1.12851693446320e-05 -4.73678023282801e-06 -1.17658140949403e-03 1.09129574888159e-02 -2.06603513977897e-03 -1.41467096602203e-05 9.12091727103685e-05 1.13298866054857e-04 2.61253818082690e-05 8.13845233237083e-05 1.33258341724036e-04 -3.89750558988624e-05 8.03051125319443e-06 3.00951802394969e-05 -8.40993438513397e-06 -2.06829132482711e-05 1.07295384969001e-03 -9.82826723464655e-03 1.75579888968254e-03 1.22038973412212e-05 5.99628616860749e-05 -8.81816749726181e-05 -6.37590032824523e-05 3.35798131013075e-05 -1.46650198697015e-04 -3.51569575064919e-05 2.42794482808146e-05 -2.90025691293897e-05 3.87635247913650e-06 2.57312471542800e-05
 -8.98702089826559e-06 4.22662635666645e-08 -8.81824315422203e-05 3.74038480906442e-05 -2.08114270455466e-05 3.76567626366959e-06 -6.42781063108075e-06 1.06773806593453e-04 -6.00139510866474e-05 1.46357625213996e-04 -4.37006019874465e-05 -1.04501558463539e-06 -1.06694633155649e-05 3.46471809564058e-06 -1.09045684123917e-07 1.93876464006080e-06 -4.07860816900916e-06 -3.45953272394412e-06 2.94144243690612e-06 -2.16473099248485e-07 -1.15729931098049e-06 -5.06056972063717e-06 1.67205088487237e-06 -3.56315643771746e-07 4.40978363330072e-08 8.84913072148988e-08 -1.41920082951102e-06 -1.10811769644898e-06 1.86167838572521e-06 1.43735330506200e-06 2.49441335482898e-05 3.58265048707154e-07 -3.58667145180321e-05 1.92056517863251e-05 2.54175573280203e-06 -1.01546971311183e-05 1.20885803994692e-06 -4.29517308812304e-05 1.07089869802899e-04 -7.75348260849863e-06 2.59393425276988e-06 -1.21469735424850e-05 -5.26119307032366e-06 2.22039359033481e-06 -2.28898213863894e-06 -1.26096599334321e-06 -2.06110593263399e-06 6.48405365618062e-07 1.05232814334566e-06 -2.28669478890034e-06 -1.71434296783387e-06 -3.31460036669636e-06 1.36403736089871e-06 1.75698486208260e-08 -6.99687653649645e-08 -1.46122938799835e-07 -4.64172566901408e-07 3.27569286604638e-07 1.31368468601759e-07 -4.62354371074105e-07 6.11823721429731e-06 -3.43966612528574e-08 -3.41971842820753e-05 2.02779992420052e-05 1.27632499192791e-05 2.70964287967976e-06 -6.98250582069060e-06 -1.32583512435469e-04 -8.71930457919860e-05 1.57241394508152e-04 1.30553186958621e-05 3.77589287938175e-06 -9.62015960237567e-06 -1.76962075344501e-06 -2.66780989153782e-08 1.69100133307489e-06 3.37886756212133e-06 -2.93636592282589e-06 -3.35960537774060e-06 6.15633709061075e-08 1.80081591721778e-06 5.05316142553970e-06 -3.13925646378531e-06 -7.53178491044662e-07 1.41707581934004e-08 1.82315604546123e-07 -6.98122452491668e-07 5.29383978800643e-07 8.98762800258765e-07 -6.67428623893143e-07 6.82682748807519e-06 -5.53723209557972e-05 1.00081304600025e-05 -5.74380443600216e-07 8.96665450205179e-07 7.55940356017219e-07 -1.37955090733725e-06 2.65637319029060e-06 9.89842098018532e-07 -1.24653418281438e-07 -4.89013702884669e-07 -2.31777871884736e-07 8.03331689982957e-08 2.18476468162078e-07 1.77911579553076e-05 -1.17619148337742e-04 3.04415533940453e-05 6.92358281524067e-07 -1.51831433911107e-06 -1.60610508472317e-06 6.19607300510223e-07 -1.34316153238507e-06 -2.09761485023003e-06 2.80445043155119e-07 -5.66756736643089e-07 1.43350124895546e-07 9.91565514390102e-10 9.35880262456346e-08 -8.44271465935141e-06 8.01950681127763e-05 -1.60169898068231e-05 -8.19914672274489e-07 -3.49047181911826e-07 6.92730759716671e-07 -7.88170325399702e-07 2.21863530903402e-07 1.17528315294359e-06 3.28385356072515e-07 -8.68614503256958e-08 2.09397123276103e-07 -3.47939789852038e-07 -1.67021527252702e-07
 1.88314554704623e-03 8.62697683557860e-05 -1.58425667286711e-02 5.53146625347639e-03 -2.96061127588826e-03 4.72724667470812e-06 7.78031802002936e-06 1.03419728211328e-02 -1.65580976467876e-04 -1.08206512020055e-05 -5.85777328342411e-03 3.24170664127035e-05 1.48328285664425e-05 5.84898953724883e-06 8.90696522341672e-07 2.70701929849688e-04 -2.72667077568525e-06 -4.67986188688984e-04 -5.38665643632460e-07 8.48487459658134e-07 -1.79600012049827e-04 -9.58177795087610e-06 3.07408715591801e-04 -3.64790148889258e-06 6.56457653051852e-07 -8.10794507827370e-07 1.71491536911582e-06 -6.82611218478171e-05 8.35255108638574e-07 9.03182201186509e-05 5.15963986422788e-04 -1.66868964302285e-04 3.91880087892063e-03 1.42598161134624e-03 -6.34764392055114e-04 -2.17797405150546e-05 -5.82622066473302e-06 2.15096108916479e-03 -4.44237863252367e-05 -2.20843972435155e-04 -1.31137821262262e-03 -9.52889997780438e-06 1.59478469998362e-05 1.87815630231232e-07 -4.55292485510449e-07 2.75950346439089e-05 -3.83511744458161e-06 -6.28757382175696e-05 -2.09610628760325e-06 5.55060000676092e-06 -8.95461650139771e-05 -6.44524156205585e-06 1.33064750170487e-04 4.68339147401309e-07 -8.14162563791656e-07 8.43221291118953e-07 -2.40752901265577e-06 6.08659871670260e-05 1.50562253391013e-06 -8.01469617358777e-05 3.41282073833427e-04 -5.69531580850337e-06 3.25913526017999e-03 1.61318317849651e-03 1.59770344971294e-03 1.20910101184879e-05 -3.08326388892358e-06 -1.98282303312595e-02 -1.73967496726262e-04 3.73472200260589e-05 9.86599057985609e-04 -2.55017131395708e-06 -7.43690089281673e-06 -4.09497924548512e-06 -1.02128774585743e-06 2.12187973471345e-04 1.56907236881567e-06 -3.68564905023869e-04 -7.96145702938525e-06 1.80081591721778e-06 3.26571236261567e-04 -4.37304250799365e-06 -5.65193747936282e-04 -1.14549878224016e-06 2.08776557853865e-07 -5.53971466164279e-07 -2.91754847136594e-08 5.97604015262846e-05 1.57208847455253e-06 -7.48069136678893e-05 -3.35861756333744e-04 2.13132057808742e-03 -8.00867824515264e-04 -1.29395569234033e-05 2.16178975207111e-07 -6.13843449803214e-05 -3.01520025960587e-06 2.89716021193809e-06 -6.71905510913721e-05 7.18936113408269e-07 -1.44689094416081e-06 1.81269824764612e-05 1.20486077593812e-05 -6.14045036697442e-06 -5.07822388739399e-04 2.55288761887855e-03 -9.20707927358736e-04 -1.73557901472064e-05 5.72093623298104e-05 3.06830228929658e-05 9.02433967028231e-06 4.15469374028009e-05 1.88879883058902e-05 -6.89365481009600e-06 1.09805036483613e-05 -2.77608948051739e-06 -5.16663219600982e-06 -1.33235531179133e-05 -4.22906671715243e-04 2.47796035175227e-03 -8.78963180508488e-04 -1.25313704002583e-05 -5.66534589669408e-05 2.97872286929066e-05 3.45207305499140e-06 -5.71632042727241e-05 3.27204635034049e-05 6.69028173956793e-06 -6.70793892293894e-06 3.95189515518547e-06 -5.12680620913588e-06 -1.54763420231103e-05
 3.83838638272151e-05 3.43647430844757e-06 2.82059361277264e-04 -4.41371542958058e-05 -1.58073826058874e-05 1.06229303069798e-05 -1.24294867196481e-03 3.82027168818511e-06 1.38177740862451e-04 2.68921150474950e-02 -4.86199971166837e-05 -3.66057606187047e-05 -1.59356720842414e-03 2.37938732792199e-06 -3.28848164297228e-06 -1.55753069635756e-05 -8.65165511779195e-04 -8.68306323064928e-09 1.03305660622568e-05 -1.11565726944524e-05 -2.57768314139777e-05 -1.01838772556317e-03 -1.46583289332518e-05 4.91435484684455e-06 1.74155056080123e-06 1.05633800544912e-06 -2.42801028894290e-04 3.07159868268547e-06 3.13195991534273e-04 2.71825359697108e-06 1.54378227743691e-04 1.45080690994622e-05 -3.91038878365382e-04 6.80163826424264e-05 1.30990508088946e-05 -1.75765242380341e-05 7.86142092545411e-04 -2.51501220434625e-04 5.14036649452427e-04 -8.08584163904863e-03 -8.70142807344077e-06 -1.19050848934998e-04 -9.04109703588944e-05 4.77062395233171e-06 -9.52243617688100e-06 -2.41148878331933e-04 -4.65700181597517e-04 -1.29824925060382e-04 9.21425175199345e-06 -6.63608846110170e-06 -2.97179963539478e-04 -6.12824239417475e-04 -1.44704055324558e-04 -3.93548536922175e-06 -5.53058088714827e-06 -1.86575455333808e-05 -3.89113535165081e-05 -6.50687151062999e-06 5.95940793546654e-05 4.11269478149114e-06 2.65992283002586e-05 3.70265230517985e-06 -3.57571943169136e-04 -1.39450455693385e-04 -4.44020411918443e-05 -1.53657625419498e-06 -1.27880057456352e-03 3.21851475581459e-04 3.93891356697948e-05 3.03626314061827e-02 -2.38636168501005e-05 -2.19691863022814e-06 -1.77987517767493e-03 1.46253391393830e-06 -2.44573982936184e-06 -1.82717021272848e-06 6.45358819549456e-04 3.50615721273527e-06 -9.67012910599259e-07 5.05316142553970e-06 -4.37304250799365e-06 9.96575590249796e-04 2.17577012319451e-06 -1.94878904760390e-06 3.13756909618598e-06 -1.63255932119486e-06 -1.41072218868954e-04 3.38187498152469e-06 1.77309193657216e-04 -9.07172115147487e-07 1.35906175538586e-03 -1.14208631017213e-02 2.16581105275812e-03 7.09422434626117e-07 9.19524681944178e-06 1.08971251925158e-04 -1.16089472243464e-04 2.24382553174345e-05 6.98564464223459e-05 -6.00206878489932e-06 -9.30513771065920e-06 -4.52046284740731e-05 -1.38413923864825e-05 4.17681513326010e-05 -5.31492922689744e-04 4.91697598667913e-03 -8.63086304557562e-04 4.70852423627284e-06 7.77762647908080e-05 -4.09547648008758e-05 6.70752083088025e-05 1.02908799170844e-04 -1.13440220667517e-04 7.26800079646375e-06 -1.53571096883539e-05 8.33525733526122e-06 -2.29308575695400e-05 -3.16671579987548e-05 -6.67535676525495e-04 5.80138953164999e-03 -1.00815451457005e-03 -3.45813676538203e-06 -8.68431159776698e-05 -3.83536369848323e-05 3.95052802977394e-05 -1.24809660897993e-04 -1.45631698212843e-04 5.03685014471958e-06 2.13742262993208e-05 -1.28958181366723e-05 -2.35395439843429e-05 -4.32420170512840e-05
 -3.23348876217940e-03 -1.47437719562465e-04 2.73648031205737e-02 -9.56718890271584e-03 5.11381791224159e-03 -8.59426634537660e-06 -4.36963959422047e-06 -1.78154193530231e-02 3.66551117098354e-04 -3.34197376726519e-04 1.01457860714230e-02 -7.32892636302751e-05 3.04995471089223e-05 -8.72575900990149e-06 -1.66832839464658e-06 -4.67013782034373e-04 4.94593993465859e-06 8.06827959802032e-04 2.24847077889111e-07 -1.75563637388641e-06 3.13652064163848e-04 2.27771012023361e-05 -5.38247466568445e-04 8.99207704406934e-06 -1.31948149457272e-06 7.34095842011544e-07 2.53191741792100e-06 1.16924668923197e-04 -8.51410065588578e-06 -1.54712992211273e-04 -9.24452542439388e-04 2.88668183379546e-04 -6.78647390215437e-03 -2.49018220165441e-03 1.09970603325582e-03 1.76493866530977e-05 6.05454351875625e-05 -3.74288789714807e-03 2.86482307403550e-04 -1.69154962998247e-04 2.28018049309079e-03 -1.56041488896647e-05 6.15379506126754e-05 1.27894563037491e-06 -3.04746024797333e-06 -5.63160801401658e-05 3.89285120656840e-06 1.04555153571734e-04 2.81271151013871e-06 -1.07773359883168e-05 1.50039143734646e-04 1.89415076698433e-05 -2.32078942492752e-04 -8.54311518128095e-09 1.57651037065044e-06 -1.70094991171601e-06 5.87208410663642e-06 -1.05070499671724e-04 -4.64200880225346e-06 1.38981443430274e-04 -6.04284541185994e-04 1.03153910848423e-05 -5.91868996271580e-03 -2.74042991429946e-03 -2.76052290505267e-03 -2.54409561525200e-05 2.29546810802595e-05 3.43372234326098e-02 3.40711236811530e-04 -3.18777702008145e-04 -1.67706233599253e-03 -9.42388204610587e-07 3.60119331532455e-05 8.15033730003803e-06 1.76683285452828e-06 -3.66309694048250e-04 -8.77773271060021e-06 6.36114547387115e-04 1.37408406724586e-05 -3.13925646378531e-06 -5.65193747936282e-04 2.17577012319451e-06 9.78679605372912e-04 1.87480248006314e-06 -4.57218521441593e-07 9.42233177524896e-07 6.40546853580307e-07 -1.03003545938876e-04 -3.41967464509318e-06 1.28789442989233e-04 6.57001485601004e-04 -4.20774380485065e-03 1.52810023124259e-03 2.87903830433515e-05 1.58560621719331e-06 1.14241396035354e-04 1.46848615375918e-05 -1.70970915798162e-06 1.25601715010166e-04 -1.66984603725581e-06 1.85117033946011e-06 -3.34262038422015e-05 -2.37051329293152e-05 8.97391092945920e-06 8.68663278180013e-04 -4.34751865769378e-03 1.57238819120271e-03 2.86681969351128e-05 -9.50364257746687e-05 -5.78888255164175e-05 -1.66694448615937e-05 -6.60520739967770e-05 -3.98640470360525e-05 1.08879037454439e-05 -1.96091914268287e-05 3.29257245407361e-06 1.02542042108255e-05 2.21830008098076e-05 6.75930515714223e-04 -3.87038325759036e-03 1.40936758028923e-03 1.65116872983068e-05 9.03528946236113e-05 -5.14440450811298e-05 -1.46714338584394e-05 8.85827389371706e-05 -6.02716189741685e-05 -9.41804367162268e-06 1.07690600835411e-05 -8.47800473842432e-06 8.46240789343235e-06 2.59158936565385e-05
 -8.18955970811861e-05 -3.79669562839022e-07 7.03782574122410e-05 7.57602270562110e-06 -1.07871282283476e-05 -2.68403741939105e-04 1.77709370724242e-06 6.05531796778021e-05 5.64282025904631e-03 -1.84127318629762e-06 2.70979170799310e-05 -3.07248631850372e-04 -9.84411467153774e-06 -1.91428922676715e-04 3.19817530116874e-06 -1.71318209422088e-06 1.78457881488290e-06 2.98507530190777e-06 -2.19417781540795e-04 8.34061050788602e-06 -1.53405520563666e-06 -3.77730777590174e-07 4.49204976789690e-06 7.82523034796280e-05 -3.20087483490784e-08 -2.01241178866222e-05 -4.75906556202511e-07 -4.70281273651256e-07 -2.92712733677839e-07 1.07223463542708e-06 -3.85273022784378e-05 -2.17736710412310e-06 2.24149498593348e-04 -1.28797794195167e-04 -3.05240197712683e-06 2.45744752946211e-04 -8.73185369323735e-06 -7.41187100623423e-06 -2.23658875672975e-03 1.17319121303905e-04 1.82067784611101e-05 7.10696096614179e-05 -6.21796196362742e-06 -1.03018905021697e-04 6.52214475061466e-05 2.43145561866153e-06 1.70966962592945e-06 -1.83654893701864e-07 -1.29122959289899e-04 6.25638921546017e-05 -1.03668304992775e-05 -5.60232923356826e-07 1.58491434993327e-05 1.00204952411001e-05 2.62905866500388e-06 -1.22610755435416e-06 -7.82083589344177e-07 8.34021354684671e-07 8.75216132545560e-07 -1.02981282052882e-06 -3.15449504741746e-05 -1.10154317580566e-07 -1.87509746141494e-05 2.91046608871708e-05 -1.96979286486037e-07 -2.69652138811269e-04 2.76688177097416e-07 7.27151383103648e-06 6.48552233351713e-03 -2.73368704109553e-05 4.03865639644553e-06 -3.71264606107116e-04 1.36463553013132e-06 1.37969035402390e-04 1.81006533652247e-07 5.56714549676392e-07 -3.42737795077803e-07 -4.57709184295949e-07 2.13498007244159e-04 -7.53178491044662e-07 -1.14549878224016e-06 -1.94878904760390e-06 1.87480248006314e-06 4.67616177223185e-05 2.33277505204884e-08 -1.21924503409381e-05 9.84627616576583e-08 7.28672041424358e-07 -5.55681078049663e-07 4.63316777410438e-07 -1.65532617842093e-05 2.05095481562735e-04 -6.18902246787500e-05 -2.65590210061266e-06 -2.03643441921306e-05 -2.48849388144251e-06 -1.07589364058222e-05 -5.01677406509596e-05 -6.69121674567740e-06 -4.02286122800219e-06 1.09888454356269e-05 -1.13984672971842e-06 3.49804350600704e-06 -8.69370050071790e-07 -2.79919380041802e-04 2.53872953160833e-03 -4.94192311058030e-04 -6.28884567081727e-06 2.05935180754339e-05 2.76497835942587e-05 -2.09722085621158e-07 1.64871223303381e-05 3.22120088429194e-05 -9.39966438855544e-06 2.20569950466370e-06 6.73237758077024e-06 -2.79649578614050e-06 -3.95110485656018e-06 2.80721000753987e-04 -2.48098789290742e-03 4.69461119435757e-04 4.67712250708982e-06 1.76661599505625e-05 -2.28566745475051e-05 -1.25689482215816e-05 1.22565252163407e-05 -3.74380020821351e-05 -8.13490929049615e-06 6.75582344500533e-06 -6.32490061888910e-06 1.28029984218407e-06 6.41996325491356e-06
 -2.92765340627425e-05 -1.14335540505789e-06 2.04199063553592e-05 5.46431439848525e-06 -7.44944265551014e-06 7.85128824925234e-07 -4.30306670117575e-06 6.11435036148731e-05 -5.05945690453263e-05 1.13639061935558e-04 -2.06372582902824e-05 1.08072050520659e-05 -1.14837332355926e-05 -8.30957415080146e-07 8.18802170606199e-08 1.47985788308327e-08 -2.14715060479904e-06 -2.03261637014151e-08 5.87489138610773e-07 8.60742038050227e-08 -9.72778069303871e-07 -3.47328424043515e-06 1.75988663764663e-06 -1.52216905687308e-06 2.46457213502140e-08 4.01600976918462e-07 -1.32703549447526e-06 -6.79012921597486e-07 1.72698501680793e-06 8.97058372964848e-07 5.80553095666240e-06 -8.91694196384409e-08 -4.18499677995993e-06 1.43716618428241e-06 5.58114561455282e-06 1.18902371373073e-05 -5.37016982729364e-06 -5.67009632492608e-05 -1.28126147416584e-04 5.42651680911863e-05 9.68798919375883e-06 1.90062910377874e-05 -1.22594762339380e-05 -1.04039589596356e-06 2.32877969921338e-06 -3.36747362508544e-07 -8.02911255341859e-07 1.76024662490457e-06 1.21502389887377e-06 1.64384473674543e-06 -1.61453017802827e-06 -2.64825466470650e-06 1.65662896131184e-06 -4.28339205668013e-07 -1.01921597693961e-07 1.09977186950944e-07 -4.02755224571729e-07 2.93013337198685e-07 4.23787438693147e-07 -5.58378940184621e-07 -1.39972365835603e-05 -9.98750044164603e-08 -9.04002272634759e-06 4.27485746898726e-06 4.14186147256212e-06 2.73903733342515e-06 -5.57906096513478e-06 -3.96283434874860e-05 -2.57528697827309e-05 1.08920567158865e-04 3.41448756404630e-06 3.33799348312067e-06 -7.53630954220335e-06 -7.04007691143898e-07 1.72908194344822e-09 5.83460557548400e-07 2.40880240461285e-06 -9.85697814704590e-07 -1.29859602981262e-07 1.41707581934004e-08 2.08776557853865e-07 3.13756909618598e-06 -4.57218521441593e-07 2.33277505204884e-08 4.00133959576527e-08 -1.32045992652910e-08 -4.31106121491937e-07 2.12243484834382e-07 5.25865635337563e-07 -2.47933815240379e-07 -2.17426802777666e-06 1.78049559651250e-05 -7.85125995789372e-06 -1.28871924960545e-06 -1.09864254432818e-06 -1.26223097632103e-07 -2.95546164033397e-06 -2.58593081997141e-06 -6.18092706044268e-07 2.57747154063810e-07 4.61596265853138e-07 -8.99114926292846e-08 6.40069946161851e-07 3.54266031436589e-07 -8.25584756741696e-06 6.19592779368557e-05 -1.55804379055913e-05 -1.10390907712203e-06 1.97249261061830e-08 1.35932338602124e-06 -2.03062797341888e-06 -7.76289655843709e-07 1.45582999992886e-06 -2.22933179663533e-07 1.45156574634466e-07 2.43340534623413e-07 -5.71274648479700e-07 2.15687524690072e-07 2.14290161871923e-05 -1.49922754558890e-04 4.06579991425054e-05 1.18912833587865e-06 2.26168550517156e-06 -1.52297827070803e-06 1.36740235511042e-06 2.51041186680549e-06 -2.15759817787842e-06 -3.42020282061978e-07 7.19224534161506e-07 1.27988285175345e-07 1.14822503780159e-07 2.62626656532657e-07
 1.90622679547550e-05 -1.01169210603833e-06 5.31888908386369e-05 -2.32142811753508e-05 1.50921827875822e-05 6.96542408905041e-05 1.93975739656092e-06 -7.36453028577772e-05 -1.45777870811764e-03 -3.35068088424962e-05 2.39295668098876e-06 7.70468998339020e-05 3.83014082543738e-07 5.01866991335993e-05 -8.54009320693383e-07 -1.04863133881590e-06 1.95097647275050e-06 1.95046801143565e-06 5.69879620276830e-05 -2.16445858375582e-06 -4.19931076703424e-07 2.34451855768704e-06 5.31298653825670e-07 -2.00233580141373e-05 3.30365345845585e-08 5.14398766556615e-06 1.34922790419476e-07 7.18266564458009e-07 2.35965963303979e-08 -1.08740708077246e-06 9.64352194053864e-06 8.48280801302043e-07 -6.31638510822336e-05 4.14449040153127e-05 2.71956178090575e-06 -6.73592826183784e-05 -5.64051403368598e-06 -8.95993518288361e-07 6.20040646866104e-04 5.81365941657360e-05 -5.58924171351059e-06 -2.36931601761472e-05 -8.67611303890477e-06 2.72039904075823e-05 -1.76616574896937e-05 1.01348110167679e-06 1.20880745542448e-06 1.05102694799296e-06 3.30566836599321e-05 -1.71487032542453e-05 4.81645430927219e-06 1.02166152754852e-06 -4.07248720496772e-06 -2.50262977984297e-06 -6.63395368983478e-07 3.22547590262889e-07 1.93935472415639e-07 -3.85982957830157e-07 -1.62079871216016e-07 4.67172144635200e-07 -1.39097511348702e-05 -2.92904095562237e-07 1.17011523390851e-04 -3.34119386375910e-05 -5.64642955042736e-06 6.95832525497368e-05 1.50206873560420e-06 3.99064827837986e-05 -1.68477319480404e-03 -4.85026053576699e-05 -1.61843042769639e-05 9.58758406731878e-05 1.95998456606522e-06 -3.57812434036686e-05 -4.29154033537544e-08 -1.09661622058832e-06 -1.01955161801555e-06 1.78604420090819e-06 -5.56557687016996e-05 1.82315604546123e-07 -5.53971466164279e-07 -1.63255932119486e-06 9.42233177524896e-07 -1.21924503409381e-05 -1.32045992652910e-08 3.20173103808007e-06 3.07743231938364e-07 -5.51269959857511e-07 -2.67746696542321e-07 3.46049196873021e-07 -9.14707130671906e-06 3.64415396414453e-05 -5.40771447297638e-06 -2.49124580994091e-08 5.57331928277311e-06 -5.21737952531284e-07 2.14853905078381e-06 1.40502990763180e-05 1.03086859969721e-06 9.76156302620845e-07 -2.99924939283497e-06 6.07395487954330e-07 -6.29077984474067e-07 3.39445233863751e-07 8.35789922357408e-05 -7.41361121184511e-04 1.49464610771556e-04 2.39341884044136e-06 -6.72837835437097e-06 -7.28982433489540e-06 6.72843406293986e-07 -5.90198041680053e-06 -8.14652758750412e-06 2.69876241764872e-06 -6.88538332957704e-07 -1.60030979252823e-06 8.05831494175992e-07 1.29725384515906e-06 -7.18861010112897e-05 6.28599380756670e-04 -1.18409203328757e-04 -1.14284159955483e-06 -3.90035030917885e-06 6.67978250826061e-06 3.39571099219399e-06 -1.65826940635056e-06 1.15730475036849e-05 1.98142609258147e-06 -1.92654951308420e-06 1.88147609872340e-06 -3.44827326233930e-07 -1.40538675194842e-06
 -1.32011557727606e-05 -1.30502547740686e-06 1.33213913313839e-05 -7.16668069286558e-06 5.48330693500866e-06 -1.36963584063496e-06 1.74798341402529e-04 -2.09289726470345e-06 -6.56190041432294e-06 -3.70444684736516e-03 8.93865901185837e-06 -1.56989325984279e-06 2.01382487562599e-04 1.14617093855521e-06 3.77969700323285e-07 1.49290181404524e-06 1.24876790976837e-04 1.56470376997350e-06 -1.05967372497462e-06 1.58083059932462e-06 3.55401291735764e-06 1.44245588619087e-04 2.95151849321973e-06 -1.41255346050095e-08 -1.33509414287001e-07 -3.43631703642524e-07 3.22633530544558e-05 -4.56741398135472e-07 -4.16599741073326e-05 -4.34644587142523e-07 -5.40194117726900e-05 -2.64124185198468e-06 7.34007091636241e-05 -1.41488924464085e-05 5.18221089790824e-07 -6.96643352192485e-06 -1.38592160531865e-04 1.49656901021906e-05 3.33461258062679e-05 1.45085496944396e-03 6.04101711274715e-06 2.78084551683120e-06 -3.24852048685292e-05 6.65810632138449e-07 -6.28771284868661e-07 3.87359048878264e-05 6.87079454692742e-05 2.18173905372356e-05 -2.52080968844854e-06 -1.92497344299941e-06 4.58633833561616e-05 8.46379223492228e-05 2.30159584914616e-05 7.12396834453128e-07 7.55263439824169e-07 2.58658433289766e-06 4.90306271752845e-06 1.02559972155685e-06 -7.64257688795207e-06 -9.27575350255281e-07 -2.05529287831693e-05 -6.01129861515941e-07 6.42796898906320e-05 1.30682208378373e-05 3.83351334612777e-06 -5.08647820040561e-07 1.75825387455069e-04 -1.93359287360495e-05 -1.51364801789684e-05 -4.25658224663583e-03 -1.57042777431902e-07 -5.77852329527409e-07 2.45481069714210e-04 -2.83491071648966e-07 3.40197128137421e-07 -2.19341584406884e-08 -9.01502028751350e-05 6.11276922243876e-08 -6.32917106291432e-07 -6.98122452491668e-07 -2.91754847136594e-08 -1.41072218868954e-04 6.40546853580307e-07 9.84627616576583e-08 -4.31106121491937e-07 3.07743231938364e-07 2.00827153674290e-05 -5.41852526262051e-07 -2.52497783914955e-05 2.60988797757443e-07 -2.35766846749216e-04 1.91038638433428e-03 -3.84840594363692e-04 -3.62161519186455e-06 -5.49463965133390e-07 -1.97927486180858e-05 1.18851527767441e-05 -4.03588192351053e-08 -1.40400392238410e-05 6.36559348953495e-07 8.55690064874834e-07 7.47440420935060e-06 3.33175200378808e-06 -5.16513258518908e-06 1.09206118760961e-04 -9.33266993642657e-04 1.83885569347175e-04 1.60547012076852e-06 -1.53076603696212e-05 5.87633561450458e-06 -7.33682509353436e-06 -1.91652586337383e-05 1.73907767510488e-05 -1.59804243826970e-07 1.77915363756941e-06 -4.28423518189398e-07 3.11994866483031e-06 5.17870593701106e-06 1.01206337114250e-04 -8.77632758828259e-04 1.57105437830178e-04 9.59376095222038e-07 1.47319175765912e-05 7.71863627879193e-06 -4.34628817885116e-06 2.23468694040091e-05 2.67015720135382e-05 -1.23471341553629e-06 -3.34177800641249e-06 2.76972578225827e-06 3.10079305568919e-06 6.72136075349365e-06
 -4.78228270763594e-04 -7.95740283198015e-06 -2.14921329887873e-03 1.01980909077000e-03 -8.49835060601040e-04 -2.20159645872767e-06 -5.22729647686162e-06 4.58110087190787e-03 7.14641899023164e-05 1.25060034164892e-04 -1.60104075874595e-03 8.84510432490515e-07 -1.14359934742620e-05 -1.73092563807593e-06 1.78899053501643e-07 5.49631660059585e-05 -2.51370187397412e-06 -9.53706120855551e-05 -2.84470101526915e-06 3.98337477725422e-07 -3.23490892033837e-05 -5.23008758808623e-06 5.48396927405622e-05 1.76939456381783e-06 3.22133971674865e-07 -5.82731769643855e-07 -9.82560737404452e-07 -4.45742763176374e-05 1.80120817450618e-06 5.77402909772553e-05 1.67498191382629e-04 -5.66820888401786e-05 1.45915238948508e-03 -1.10533433819131e-04 6.20929814234082e-05 -6.19503945449125e-06 -1.12548620012703e-05 -1.54736766832606e-03 2.42509020357472e-06 3.25857258746744e-05 1.79518625150446e-04 -1.19615356321953e-05 -1.29816798083338e-05 -1.21013108822044e-06 6.20598775532731e-07 -2.40291278533136e-05 -1.72587117131583e-06 3.97697309200003e-05 -2.75045169909739e-06 -5.21185371603081e-08 -5.66151279568332e-05 -5.70688527439861e-06 9.29613492048331e-05 1.46871466219772e-07 -1.10343736765111e-06 1.76674013250811e-07 1.36092071892770e-06 2.75171588689097e-05 2.09361269890844e-06 -3.69880173698776e-05 1.26659075843639e-04 3.71992886248551e-06 -2.35265967653669e-03 8.68770996174255e-04 4.24141648811102e-04 -2.26780534561762e-06 -7.13302489833224e-06 -4.26025253982496e-03 7.64782589944671e-05 1.25453104469102e-04 5.47816367956496e-04 -8.16648815401170e-06 -8.57823859865361e-06 1.35221131602779e-06 -1.66810825064068e-07 6.22609895078318e-05 2.86663740701717e-06 -1.08010279860413e-04 1.64879854094832e-06 5.29383978800643e-07 5.97604015262846e-05 3.38187498152469e-06 -1.03003545938876e-04 7.28672041424358e-07 2.12243484834382e-07 -5.51269959857511e-07 -5.41852526262051e-07 2.11688265775487e-05 8.07626111935145e-07 -2.68293737877481e-05 -1.01161745750638e-05 1.18171931131684e-05 -8.93090515873492e-05 -2.06584975373736e-05 -3.80476157049781e-07 -1.73427393694509e-07 -4.38140663301692e-05 3.85670871442888e-06 5.60147872506428e-06 -5.37635771114565e-07 1.39505477782651e-07 -4.67090764567329e-06 9.97414961001151e-06 1.04241683985421e-06 -3.26752977157418e-05 1.56752525730955e-07 -7.93921464320436e-05 -1.90276256706305e-05 -4.85648038344265e-07 -4.75084942635528e-07 -3.70121909698837e-05 -1.35597704598393e-05 -7.48140285019391e-06 -7.77062478874366e-06 -4.21178050489395e-06 -1.80290690388844e-07 -4.32051804624374e-06 4.06157378473398e-06 -1.70835055051082e-05 -2.28096216132533e-05 -7.53446789199191e-05 -1.96776396971267e-05 6.90057869907330e-07 -5.90014741752825e-07 -4.08596522886272e-05 1.30700712327056e-05 -4.45965089468038e-06 7.28310252724970e-06 4.69050580812747e-06 -7.06377981365415e-07 -5.13810276100896e-06 4.94645187138147e-06
 2.83052610313475e-05 6.55028494053634e-08 -3.33430561690461e-05 2.80274430833053e-05 -1.78351094577789e-05 3.46640796198177e-06 -2.19436456701111e-04 5.57904663447954e-05 5.67914222671887e-07 4.63268330458478e-03 -6.15072081618400e-05 -3.91611185087189e-06 -2.47784374391319e-04 9.03121516377494e-07 -5.63034506196340e-07 -1.68626981744495e-06 -1.57433146007131e-04 -2.36090755790336e-06 2.50650344207085e-06 -2.16301908502525e-06 -7.82325676083168e-06 -1.81125443061577e-04 1.78277781958602e-06 6.00933315359687e-07 1.77179053741543e-07 2.77625827947735e-07 -4.01017670198143e-05 1.14073095396963e-07 5.17599111791390e-05 1.12696075443002e-06 6.22803044555384e-05 3.32188431721494e-06 -1.16186382842845e-04 5.31581883069164e-05 3.58702857412401e-06 -2.92575976904873e-06 1.80546040680254e-04 -6.54175800149485e-05 8.19361675000919e-05 -1.88972955949081e-03 -9.94405295361783e-06 -1.99489632831862e-05 5.08212435317531e-05 9.01974044566196e-07 -1.63225982130132e-06 -5.03442532660759e-05 -8.69562997121115e-05 -2.70121671032990e-05 3.08054046618877e-06 4.17498559474813e-07 -5.85321987711086e-05 -1.05819030377700e-04 -2.80344323559505e-05 -6.33018507586544e-07 -9.46962379440598e-07 -3.37553164965519e-06 -6.04471024013752e-06 -9.62277622679500e-07 9.24668862764051e-06 8.36642820657250e-07 -8.41258726518989e-06 1.45699203623984e-07 8.11660769193026e-05 -3.29292316519019e-05 4.28462065813004e-06 7.22058971388236e-07 -2.19725193719424e-04 -1.08439533393576e-04 -1.61840003536700e-05 5.33966730577232e-03 -8.06222096329726e-06 9.47387088633610e-07 -3.07022173811819e-04 -2.47973511252151e-07 -4.43441556956391e-07 8.77732127192846e-07 1.13015698378976e-04 -1.57888418709017e-06 -1.08174416687327e-06 8.98762800258765e-07 1.57208847455253e-06 1.77309193657216e-04 -3.41967464509318e-06 -5.55681078049663e-07 5.25865635337563e-07 -2.67746696542321e-07 -2.52497783914955e-05 8.07626111935145e-07 3.17929334621611e-05 -5.04279135849394e-07 3.07738508166919e-04 -2.49124202942266e-03 5.06952269341829e-04 5.03804914819690e-06 1.73223779049123e-06 2.64198130890090e-05 -1.44771229907591e-05 2.81413125122742e-06 2.03076365174650e-05 -9.99616808499423e-07 -1.55724036094675e-06 -9.83063963409338e-06 -4.48849505985552e-06 6.32643607184977e-06 -1.23573582140728e-04 1.06942378796825e-03 -2.05477788203105e-04 -1.61293833526389e-06 1.83008775110671e-05 -9.38035807019128e-06 9.25208056181200e-06 2.30346863641887e-05 -2.46919755263795e-05 2.03196971882838e-07 -2.81205986682419e-06 3.88964693436500e-07 -3.63480956268420e-06 -6.39367870243610e-06 -1.42668979078959e-04 1.21572095767160e-03 -2.25903518626265e-04 -2.83660289565888e-06 -1.97544666728484e-05 -8.95166855325326e-06 2.84718918389074e-06 -2.86425833486307e-05 -3.28753038994670e-05 2.17454578631998e-06 3.93912775904811e-06 -3.57849348191984e-06 -4.21933997517281e-06 -8.47232589536740e-06
 6.03944383706932e-04 1.08820093899200e-05 2.65710227588179e-03 -1.27483689550747e-03 1.07434571402120e-03 -5.50070991583565e-06 1.74904822465354e-06 -5.83800526784961e-03 8.34358756973704e-05 -4.30947089907280e-06 2.02576211431484e-03 -1.19154871238413e-05 -5.49832016171244e-06 -3.29595040044533e-06 -1.58373528150894e-07 -6.89415358587983e-05 1.59794822620474e-06 1.19739230997728e-04 -2.98636449611286e-06 -2.46963136303791e-07 4.05183871721618e-05 2.99951886232270e-06 -6.83671621305000e-05 2.09184081149223e-07 -3.44778604284083e-07 9.30482712822418e-08 -8.48715410783117e-07 5.71172414710741e-05 3.90540908142588e-07 -7.39696723020142e-05 -2.22030785621550e-04 7.15700651737466e-05 -1.83663298700302e-03 1.45988856124777e-04 -8.61468027210274e-05 1.35269093500170e-05 6.92596182218155e-07 2.02088072677712e-03 -4.87189897536925e-05 1.12393206492398e-04 -2.41929733673227e-04 1.44839174407917e-05 -1.05267284910037e-05 -1.28370435158652e-06 7.72218221978782e-07 3.34576155488313e-05 2.23005124126372e-06 -5.07611002527870e-05 -9.22879712146320e-07 1.01952484781609e-06 7.32470479234679e-05 3.82287905752450e-06 -1.17858715769280e-04 1.04902508675949e-07 1.46243378170627e-06 -3.16247745947305e-07 -2.34106521032410e-06 -3.50471750931309e-05 -1.96380523594238e-06 4.69702631521181e-05 -1.89371924530296e-04 -4.90932276038264e-06 3.05531595213688e-03 -1.10887207230651e-03 -5.36160033985674e-04 -5.39107943498031e-06 1.48944282312711e-06 5.35688077686410e-03 9.77739673901672e-05 -2.88331331175769e-05 -6.99744902261043e-04 -1.07699313754748e-06 7.95613924924218e-07 2.46132652251392e-06 2.03352822667933e-07 -7.87775354901558e-05 -6.63096142723493e-07 1.36720059400258e-04 4.26899736272479e-06 -6.67428623893143e-07 -7.48069136678893e-05 -9.07172115147487e-07 1.28789442989233e-04 4.63316777410438e-07 -2.47933815240379e-07 3.46049196873021e-07 2.60988797757443e-07 -2.68293737877481e-05 -5.04279135849394e-07 3.41000539886291e-05 -1.14581166142947e-05 1.48272129287243e-04 6.66698166924175e-05 2.45163034001008e-05 7.12128288026948e-09 -2.70840622875721e-06 5.33433011072189e-05 -5.51783419687203e-06 -1.06557601525124e-05 5.08468336211212e-07 -3.30806846508779e-09 6.70176245554947e-06 -1.19154737833033e-05 -8.50067220215607e-07 4.19075796356557e-05 1.75582227078802e-05 1.02599292763361e-04 2.53719751750290e-05 -3.19368260148053e-08 2.16436227340205e-06 4.92981872306305e-05 1.65206663632345e-05 1.18645048003062e-05 1.01897944758598e-05 5.49495297367762e-06 8.96872266151436e-07 5.22009566666840e-06 -5.26350055580964e-06 3.28942533381696e-05 -6.78049100847127e-05 1.16838669776404e-04 2.61981700145138e-05 5.38220888190218e-07 1.16700495135860e-06 5.40780107205895e-05 -1.47331352125032e-05 7.38965564805547e-06 -1.00402878844132e-05 -5.92580039612938e-06 1.25682840403949e-06 6.52425615916365e-06 -6.17506279087491e-06
 1.84834962958173e-03 -3.78375988616625e-04 5.57219758611803e-03 4.59949600423330e-03 3.06725360272229e-03 1.93922544328654e-04 -1.23628638321804e-03 1.10606014795138e-02 -1.51854735491610e-03 -8.18143560601521e-03 -2.48894050037213e-05 6.80418285896445e-04 8.02669570271876e-03 -1.31811360035077e-04 7.37173739785804e-06 1.54636112355329e-04 -2.13424193458377e-03 -4.46599599615204e-04 -2.00689981450836e-04 -5.25422047346225e-05 -2.37788400170940e-04 -1.31296338056967e-03 -3.01063753836165e-05 9.11526778769638e-06 -2.86991385791199e-05 8.50464906460470e-06 5.92034682817231e-04 -4.41506454340503e-04 -7.44515805192681e-04 5.84052458701017e-04 -9.40989882220261e-03 2.57679791936610e-03 -1.05160931773163e-01 2.02859489887514e-02 6.81066204956096e-03 1.15091504589026e-03 1.29303663945049e-02 -4.99040112040236e-02 -9.52392925354473e-03 -1.40016641250846e-01 9.06940999465941e-03 1.11248272403806e-03 1.94035821578022e-02 -1.31433754113502e-04 1.98588460606515e-04 -3.04288357189892e-03 -1.80551132409409e-03 -2.40310080979401e-04 2.10310030730140e-04 4.52989214556980e-04 -1.99658045264921e-03 1.43378465517437e-04 -6.28743874681905e-04 -9.13298314862472e-06 -7.52558937585073e-06 -3.83736645693004e-05 -1.08537495459114e-04 -3.93840389516871e-04 -6.20237175357306e-04 5.99971052506668e-04 2.34751578293504e-04 -1.54019326507508e-04 -1.29971798473326e-02 3.89704777288616e-03 1.90033921998125e-03 -4.85054028461535e-05 5.69162690245584e-04 -3.83450051483190e-03 5.76423249107136e-04 2.20553285432321e-02 2.43392592901714e-03 -8.24751474954981e-06 5.05168675599511e-04 1.49848526273419e-06 -2.66399087986976e-06 6.36233638694267e-05 3.29719906717206e-04 -1.42519675629535e-04 -7.48992221082541e-05 6.82682748807519e-06 -3.35861756333744e-04 1.35906175538586e-03 6.57001485601004e-04 -1.65532617842093e-05 -2.17426802777666e-06 -9.14707130671906e-06 -2.35766846749216e-04 -1.01161745750638e-05 3.07738508166919e-04 -1.14581166142947e-05 3.05529106127592e-02 -1.99821500492989e-01 5.44376692310344e-02 1.51694301855617e-03 -5.63312275595509e-05 3.51692266529351e-03 1.44301467397140e-03 -4.32012451380700e-04 3.57531841748899e-03 1.83772536301540e-05 5.44213654525836e-05 -8.05511807400349e-04 -6.78579333996446e-04 -3.40772457788058e-04 1.35144392363999e-03 1.50180969688046e-02 -3.79042486242687e-04 -6.14873945406452e-04 2.98090072253972e-04 -1.21675101407715e-03 -1.14373733696243e-03 6.27084834856394e-04 -1.89648346747255e-03 -3.15220743836108e-04 -3.14994887791307e-04 -1.37425460141318e-04 1.03000540389213e-04 -1.16985711122523e-04 3.49113216205773e-03 -5.87577731760819e-04 3.94630665628771e-03 -5.23667516770006e-04 -1.21292610736150e-04 -1.41010441524148e-03 -1.33548683292251e-03 -8.57208323427863e-04 -2.95997076794271e-03 3.40661740491045e-04 2.60156250933345e-04 -3.55993376706661e-04 4.40554323130195e-06 -1.24915211150272e-04
 -3.29173375349898e-03 4.17161201694144e-03 -1.23813053972452e-01 -6.73228800398132e-03 -1.44833180302996e-02 -1.63547872784363e-03 1.10047543878211e-02 -1.11443726190416e-01 7.52659566595829e-04 5.82669950124001e-03 2.45120708385463e-02 -6.13297789263314e-04 -5.34664155257363e-02 9.16617568829613e-05 1.14790342306785e-06 6.62432741230094e-04 1.66401536673876e-02 1.62450735051812e-04 8.17740169405367e-04 4.58438717697719e-04 3.26107057106894e-03 1.10660048941420e-02 -2.41836268103093e-03 -5.25269558088933e-04 2.02433187964198e-04 4.25370175244290e-05 -3.62896114236156e-03 2.99783658436030e-03 4.60832899168129e-03 -3.99210755489200e-03 -3.88667411562965e-03 -1.32814792597816e-02 5.43783315822164e-01 -1.13309112949582e-01 -4.58495213896914e-02 -1.35073709742834e-03 -9.19057824769151e-02 3.50297319441935e-01 1.67165750744559e-03 9.97200530241025e-01 -6.07818515363489e-02 1.69219023376077e-03 -1.35290710709135e-01 2.03093681839334e-04 -1.29968072242585e-04 2.19115206610318e-02 1.35176577268975e-02 1.77557136461287e-03 -1.36612089918845e-03 -2.35265225761077e-03 1.52790303624117e-02 2.10434540468578e-04 3.48996159872330e-03 -1.26965423238884e-04 5.07031814804236e-05 3.70581498258616e-04 4.23085471651997e-05 1.57660217757452e-03 3.55799197062012e-03 -2.67835688039034e-03 -1.33910049613266e-03 1.00084960161402e-03 2.07115542270443e-02 -1.02068769031274e-02 -1.13038451412303e-02 7.51706104678541e-04 -1.55884889120753e-03 3.58625279018706e-02 -4.05544801895689e-04 -2.12792576923086e-01 -8.74097594708957e-03 6.26710817610612e-04 -6.52850758447151e-05 -1.08006169043513e-05 2.72121292554596e-05 -4.15471369404835e-04 -3.54258595597499e-03 9.44412399760862e-04 8.40276271446710e-04 -5.53723209557972e-05 2.13132057808742e-03 -1.14208631017213e-02 -4.20774380485065e-03 2.05095481562735e-04 1.78049559651250e-05 3.64415396414453e-05 1.91038638433428e-03 1.18171931131684e-05 -2.49124202942266e-03 1.48272129287243e-04 -1.99821500492989e-01 1.34460031080015e+00 -3.59252855992357e-01 -9.84818144493771e-03 -2.01366342436581e-04 -2.29081196710583e-02 -8.78030369671464e-03 1.53741578076242e-03 -2.43310683512257e-02 2.74113663845204e-05 -1.27043982588266e-04 5.71639038245975e-03 4.46372955586044e-03 2.02478895050383e-03 2.88506633277759e-03 -1.40341932738515e-01 1.76494291081761e-02 4.58184253461129e-03 -3.32259838777920e-03 8.42716624066941e-03 8.00167390089647e-03 -4.81724321983132e-03 1.38999290409787e-02 2.29451113846498e-03 2.14764076786258e-03 1.27939197620418e-03 -6.92465778867034e-04 8.01126882966803e-04 1.69095938083060e-03 -1.40905745707907e-01 1.52045231846098e-02 4.98323307837456e-03 3.24933501234704e-03 8.32517188450039e-03 1.11785061951108e-02 7.44779179772896e-03 1.93711288598395e-02 -2.78526991672202e-03 -1.57722848958102e-03 2.66122689081114e-03 3.38441757136806e-04 8.72710648316714e-04
 5.71551159136338e-04 -8.72598030789373e-04 2.68724515112964e-02 2.25805152962447e-03 7.99093159242107e-03 4.43661004893863e-04 -1.84283160211877e-03 7.87439238923905e-03 -1.01689803800141e-03 -2.49570399215603e-02 2.59353003616421e-03 2.52921353312462e-04 1.55027263829362e-02 -1.94456999739735e-05 2.21391275642485e-06 -8.72045688267402e-05 -3.65040044184987e-03 -1.71702142262464e-04 -2.65736209051307e-04 -1.12184814533097e-04 -5.15963674951112e-04 -2.04166815566540e-03 9.00647394799001e-05 1.26184397637577e-04 -5.39557744038327e-05 -1.17551009360750e-05 1.18043119423272e-03 -6.52272836154891e-04 -1.49634110045495e-03 8.64454038806262e-04 -2.20839516189152e-03 4.52425572104182e-03 -1.80993895104628e-01 3.58378668493530e-02 1.23325462372567e-02 5.82048883325918e-04 2.37605623246732e-02 -8.77709665002448e-02 -1.64979227127651e-03 -2.56964806276233e-01 1.58634688412458e-02 -1.32043903497653e-04 3.60107868573351e-02 -5.36069802237855e-05 5.89913298175117e-05 -5.49292415201743e-03 -3.17554368059940e-03 -5.08701231909297e-04 3.33734146674336e-04 6.00403661267984e-04 -3.42924968966168e-03 4.99914032811083e-04 -1.31113841616196e-03 2.75192649766554e-05 -3.67420084002680e-06 -8.22391650259309e-05 -1.09775941233176e-04 -6.96273148755480e-04 -1.11567185203880e-03 1.08124064117652e-03 2.37763615564770e-04 -3.02470237023036e-04 -5.50809326349657e-03 2.07700088761124e-03 1.90822201305835e-03 -1.97337422762764e-04 1.53303295170625e-03 5.66691892234130e-03 -5.17063805075397e-04 2.99020218105202e-02 1.52973419371492e-03 -1.25127204854273e-04 1.58450354795567e-03 -1.12790422120638e-05 -4.73191718305095e-06 -1.01817768729806e-04 3.76138137461322e-04 1.16535684583884e-04 -2.58846256951587e-04 1.00081304600025e-05 -8.00867824515264e-04 2.16581105275812e-03 1.52810023124259e-03 -6.18902246787500e-05 -7.85125995789372e-06 -5.40771447297638e-06 -3.84840594363692e-04 -8.93090515873492e-05 5.06952269341829e-04 6.66698166924175e-05 5.44376692310344e-02 -3.59252855992357e-01 9.79487661717450e-02 2.80490636363723e-03 3.27401853323877e-05 6.29610549562184e-03 2.78117391775072e-03 -4.55294090287526e-04 6.58079357493766e-03 5.59765532411912e-06 4.22381461604174e-05 -1.46729222207338e-03 -1.26740636865087e-03 -6.20870864286715e-04 2.85770174797142e-03 1.98833050666467e-02 8.01143479796234e-04 -1.02389194196658e-03 5.38536948790450e-04 -2.33810408980316e-03 -1.92712901373922e-03 1.10135992720021e-03 -3.63434571158529e-03 -5.48078720398669e-04 -5.89957847919337e-04 -2.90560977128440e-04 2.38771838251635e-04 -2.02823181879879e-04 3.13673739346622e-03 1.82820545135333e-02 1.80671382345145e-03 -1.11875772999377e-03 -4.96872896743362e-04 -2.33624096874590e-03 -2.64494876504348e-03 -1.72538003114169e-03 -5.10252692384417e-03 6.66652537096371e-04 4.00011700474284e-04 -6.61065028501311e-04 -1.74968928116651e-05 -2.24758808702513e-04
 1.65036100771895e-04 1.22162944994724e-04 -4.35391414283885e-03 3.96231303121816e-04 8.36659554249724e-04 1.29194016717403e-05 4.19518086912640e-05 -6.78680666193290e-03 9.81003643255154e-06 -3.49530737366650e-03 2.29087436213926e-03 -1.79356860181767e-05 8.16619063978548e-04 2.20483604949892e-06 -1.91562719471434e-07 3.81142540049253e-05 -8.05523116576209e-05 -7.70436973048830e-05 1.10278768116843e-06 -3.84890988817487e-06 9.37923108744048e-05 3.40703285965516e-06 -1.86998675185323e-04 3.88592083793098e-06 -3.77770965612950e-06 -9.97707712553871e-07 7.21597669754122e-05 6.95706381043457e-05 -9.09660086512737e-05 -8.76930411197836e-05 1.98352449784573e-05 1.49185770061699e-04 -4.86807044175585e-03 8.21252634327805e-04 -4.75635497225215e-04 -1.24352959018056e-05 9.54571299924436e-04 5.38379689583566e-03 1.56270864166525e-04 -1.03388471297523e-02 -9.27572286055939e-04 -2.35093236365950e-05 1.54229769305522e-03 -3.55494110763019e-07 -5.24983224553035e-06 -8.20443597038412e-05 -9.24086809498774e-05 -2.38395514327133e-04 2.31972927463273e-05 3.37806428386135e-05 8.78040173089052e-08 7.88691541100953e-05 -2.63392932909509e-04 2.75840535678022e-06 4.23559747221240e-06 -2.25744161736802e-06 7.18729764106511e-06 -6.01882047350302e-05 -4.08720720969475e-05 8.96535218667997e-05 -4.51343256424264e-05 -1.74364706278561e-06 9.28909025310841e-04 -2.85739021383969e-04 -3.06916650775273e-04 -7.66475800238180e-06 1.80002700068269e-04 3.08107622374249e-03 -2.33874931784677e-05 -1.44361539148202e-03 -2.78937381411283e-04 3.26953109139601e-06 2.23957648382188e-04 -4.38567975382561e-07 -3.24634325258975e-08 -5.18495001020442e-05 -4.18010975477047e-05 8.72240621525874e-05 -4.74401023411617e-06 -5.74380443600216e-07 -1.29395569234033e-05 7.09422434626117e-07 2.87903830433515e-05 -2.65590210061266e-06 -1.28871924960545e-06 -2.49124580994091e-08 -3.62161519186455e-06 -2.06584975373736e-05 5.03804914819690e-06 2.45163034001008e-05 1.51694301855617e-03 -9.84818144493771e-03 2.80490636363723e-03 1.71612263322837e-04 6.47772537291608e-06 1.40961362487165e-04 2.84526433303471e-04 -2.90662581830503e-05 1.12916513195335e-04 1.67442781984551e-06 -1.48105337268731e-07 -1.66799667283841e-05 -7.43119258405853e-05 -3.34713074561255e-05 -5.54808003009751e-04 4.85504512351814e-03 -1.08935477991139e-03 5.30938444225971e-06 1.15132010550205e-04 -4.10297816628486e-05 7.68151953276691e-05 1.83996241220795e-04 -6.32292666500402e-05 -1.14616764800214e-06 1.33207737952109e-05 -2.13583500647717e-05 2.33663348664948e-05 -3.88845850888959e-05 -5.58279475239652e-04 5.16686583056044e-03 -1.13969470834892e-03 4.33759210164773e-06 -1.18901012100994e-04 -3.35589173179441e-05 3.73663170833821e-05 -2.28231309303371e-04 -1.13273284925660e-04 7.63772322211389e-06 -1.61955153683930e-05 -2.36530161896919e-05 1.30818497159921e-05 -4.23233873582592e-05
 4.60915589971120e-06 5.15618615913588e-06 -6.35745688320428e-05 -1.31336245757409e-04 1.88503132242056e-05 6.30736153883115e-05 -6.93848018941636e-06 -1.62804824354580e-04 6.13738868918073e-04 -2.55012825291147e-06 -9.04345789034022e-06 -4.98982982708310e-04 2.37186656807158e-05 1.27734626611504e-04 -6.57975756855725e-06 -8.63325348282356e-07 -7.58115006723445e-06 4.98117203843259e-07 5.42536376090065e-05 -9.00115723204253e-06 4.11442901002970e-06 5.45744410478127e-06 -1.40678049485675e-05 5.59147376093067e-05 8.00703770208150e-07 -1.46299994194746e-05 1.31527104959047e-06 1.29712599998143e-06 -2.66418681863542e-06 -2.92879256702802e-06 -2.57616832776751e-05 -1.06433642424461e-05 2.95317451649784e-04 8.93054594982551e-05 -3.30249036211810e-05 -7.85712584846336e-04 7.17827391045251e-05 2.74160911829511e-04 8.41758259669984e-03 -4.37913180455654e-04 -8.93181308473729e-05 -1.14705713873810e-03 6.11713564830766e-05 1.04711909179911e-04 -1.61693653980559e-04 -2.45075183837375e-06 -4.99357463704925e-06 -1.15638037470129e-05 -2.84164174227146e-05 -1.39811959739880e-04 3.71381710299393e-05 4.34851530844613e-06 -7.82358777089043e-06 1.85914423286447e-05 1.82623508363060e-06 -8.53576293762731e-06 5.86048089231487e-06 1.75157345770749e-06 -3.66544895183477e-06 2.27221008828859e-06 1.10381863075620e-06 8.37530025245823e-08 6.57396393246840e-06 -1.78567413481152e-05 -1.01425494229958e-05 -4.57918376677010e-05 4.64881399241879e-06 1.13515863618586e-04 -1.18762124509820e-03 9.04891951824423e-05 2.00826559133885e-06 -4.39433733420356e-05 4.50984158331455e-06 -1.60228979732695e-05 -6.71634613929013e-07 -1.63669106058372e-06 1.06679368827370e-06 2.25351253732372e-06 -8.16999561699945e-05 8.96665450205179e-07 2.16178975207111e-07 9.19524681944178e-06 1.58560621719331e-06 -2.03643441921306e-05 -1.09864254432818e-06 5.57331928277311e-06 -5.49463965133390e-07 -3.80476157049781e-07 1.73223779049123e-06 7.12128288026948e-09 -5.63312275595509e-05 -2.01366342436581e-04 3.27401853323877e-05 6.47772537291608e-06 7.07355816914160e-05 -4.37443016454857e-06 3.33956885429829e-05 1.89117390967304e-04 3.06009470065897e-05 -1.50572833088419e-05 -3.31216002116947e-05 2.09779511998544e-07 -1.15520555966474e-05 -5.86327016033750e-07 9.33702963992950e-04 -6.77253322301154e-03 1.71939101231856e-03 6.79271481799272e-05 -6.44288920842471e-05 -9.33167665731976e-05 9.24366035289668e-05 -3.88610079516832e-05 -1.05824511489830e-04 1.87245761150761e-05 -2.36479138906469e-05 -2.97051683803072e-06 2.04135586839499e-05 1.65564900937511e-06 -1.06605555993000e-03 7.68964484105820e-03 -1.96502424109655e-03 -7.23539029009360e-05 -8.42236598226738e-05 9.22923241387250e-05 -8.51953974456993e-05 -5.66855158453960e-05 1.47800567921816e-04 2.09942640799484e-05 -3.04860739411490e-05 4.03988831621617e-06 -1.66716886490554e-05 -6.51399009631055e-06
 4.30595902768381e-05 -1.17021416882130e-04 3.71575817810704e-03 1.04166050771534e-04 3.62819568608035e-04 2.20087007946060e-05 -9.10842827894964e-05 3.07023094734122e-03 -5.37965988838020e-05 -1.76196221621048e-03 -6.10073963800460e-04 4.39842859954447e-05 8.82324611135561e-04 -9.28341320333778e-06 7.21836373036322e-07 -1.72353117480557e-05 -1.91182153709054e-04 1.20554479617435e-05 -2.95347959393642e-05 -5.75068224792633e-06 -7.49690142710989e-05 -1.00252890810241e-04 8.35216839566376e-05 6.73117075921333e-06 -2.32337540558874e-06 -3.82650852332790e-07 6.99973819477928e-05 -7.88780381638180e-05 -8.88666836172748e-05 1.01966098194585e-04 3.12160006195852e-04 3.28855200911769e-04 -1.35043539822891e-02 2.73663304560239e-03 1.20209244382908e-03 9.00655854899722e-05 1.31940217477873e-03 -9.26288804009635e-03 -5.62157321538815e-04 -1.42335317292036e-02 1.66248910105384e-03 5.42728700584628e-05 2.02596578832646e-03 -8.82979756338443e-06 1.44789890093566e-05 -3.65103013342255e-04 -1.72228564226812e-04 8.04112329903601e-05 1.08257384521707e-05 3.38677388412335e-05 -2.32598760177522e-04 3.61090487351094e-05 1.55866278200777e-05 1.95758556547596e-07 -1.77821375166560e-06 -3.94221748772380e-06 -1.71531587194002e-05 -3.68835011286857e-05 -7.57489881338575e-05 5.62911324768145e-05 -2.99767449859362e-06 -2.54652623269707e-05 -6.08651287465988e-04 2.68482233638813e-04 2.77037374810172e-04 -1.44616259258510e-05 1.03967670501587e-04 -7.52013307606987e-04 8.00538062797601e-05 1.25223257908761e-03 2.16145800851048e-04 -1.44696975096730e-05 1.15769100406641e-04 1.34304048883367e-06 -1.89973396955104e-07 1.08878614724932e-05 1.21607747795488e-05 -2.22099851096315e-05 -1.38567350875677e-05 7.55940356017219e-07 -6.13843449803214e-05 1.08971251925158e-04 1.14241396035354e-04 -2.48849388144251e-06 -1.26223097632103e-07 -5.21737952531284e-07 -1.97927486180858e-05 -1.73427393694509e-07 2.64198130890090e-05 -2.70840622875721e-06 3.51692266529351e-03 -2.29081196710583e-02 6.29610549562184e-03 1.40961362487165e-04 -4.37443016454857e-06 4.27906384871021e-04 9.66319519064792e-05 -2.98006886106786e-05 4.60753364199422e-04 7.45492579409259e-07 5.09435057875372e-06 -1.02561506141930e-04 -6.46404174535785e-05 -3.63620112042195e-05 6.58972952487656e-04 -1.62334352867931e-03 8.43667402394816e-04 -7.45994458299378e-05 -3.27262808204264e-05 -1.62444378034086e-04 -1.81737028042211e-04 -1.81476778996717e-05 -2.43638664204403e-04 -3.96954993468519e-05 -5.27925030369773e-05 -9.13035515648002e-06 9.25268312387658e-06 4.73773471963199e-06 7.51947197371368e-04 -2.51777452160342e-03 1.09247388333159e-03 -7.64624155565562e-05 4.40943798056470e-05 -1.73714163933253e-04 -2.05738642605315e-04 -9.59749805952840e-07 -3.41154891827926e-04 4.33814577489714e-05 3.91358265409914e-05 -3.70164427155258e-05 -3.37086258128318e-06 5.13821346040247e-06
 1.16850020649156e-04 3.27839963783062e-04 -1.20237011437175e-02 1.14662822992694e-03 1.69429692996188e-03 3.30224337723179e-05 2.06368051386222e-04 -1.60500138752945e-02 1.76790530913542e-04 -7.70222878311973e-03 5.37854185109366e-03 -1.97285034454744e-04 1.24983732076061e-03 4.66185598391195e-05 -2.43316922954700e-06 1.15396681014850e-04 -4.19698477893710e-06 -2.10806475997624e-04 2.44304043429316e-05 -6.49392524903427e-06 2.54827403576466e-04 1.26524484781946e-04 -4.64247402975808e-04 2.05483598051361e-05 -5.75865519670282e-06 -6.49918154298194e-06 1.23061433473082e-04 1.79245439071562e-04 -1.54343042440289e-04 -2.28673338135514e-04 1.29925857759927e-03 2.48639912365198e-04 -7.27888215181754e-03 1.07865231982898e-03 -1.48096530854010e-03 -2.77290483704595e-04 1.17194628130187e-03 1.52729983099665e-02 2.96789620071230e-03 -1.25050996730433e-02 -2.63445646200505e-03 -3.84762519885097e-04 2.01517823043952e-03 3.46252131683508e-05 -6.26851784772790e-05 4.43853104028495e-05 -6.34662999560512e-05 -5.03888462284428e-04 2.53533713969386e-05 3.92233797454129e-06 1.76884819610607e-04 1.79210254458987e-04 -5.48440423679121e-04 1.00881813326163e-05 1.05738475386559e-05 -3.74753664174619e-06 8.74389383897838e-06 -1.25843891384781e-04 -6.27078077140760e-05 1.83661484023439e-04 -3.12814685936538e-05 5.40618380109415e-06 1.34031364070835e-03 -4.76002313356622e-04 -7.26200217127455e-04 -2.35545209211751e-05 3.84997278141352e-04 6.80887694479696e-03 -4.69383195474900e-04 -5.43912541430818e-03 -5.61478395019860e-04 9.05954334004704e-07 4.99537424982582e-04 -7.09197323508512e-06 -2.90977958289480e-08 -1.12075726380857e-04 -1.30074621827250e-04 1.90528708067460e-04 -3.05824437598721e-05 -1.37955090733725e-06 -3.01520025960587e-06 -1.16089472243464e-04 1.46848615375918e-05 -1.07589364058222e-05 -2.95546164033397e-06 2.14853905078381e-06 1.18851527767441e-05 -4.38140663301692e-05 -1.44771229907591e-05 5.33433011072189e-05 1.44301467397140e-03 -8.78030369671464e-03 2.78117391775072e-03 2.84526433303471e-04 3.33956885429829e-05 9.66319519064792e-05 5.56500199656109e-04 1.10126225332733e-05 2.79235863126614e-05 -3.52203119229105e-07 -1.19063558346962e-05 2.05726490647549e-05 -1.24628731741885e-04 -5.61167398117190e-05 -6.66996793871441e-04 6.03864630345099e-03 -1.32961608455904e-03 8.78861710009973e-05 1.76249159236574e-04 -4.38702250947334e-05 2.85598644274302e-04 3.26597926352149e-04 -3.72805145350720e-05 2.93104028780202e-05 3.94177615792620e-05 -3.05569016136272e-05 5.19195729890829e-05 -7.58264546793524e-05 -1.32519401627289e-03 1.12169524157380e-02 -2.61308334958862e-03 4.55658066688419e-05 -2.31311400895767e-04 2.85595269206693e-05 1.81800486574160e-04 -4.23189814525378e-04 -1.26208125184946e-05 -7.83817983435177e-06 -5.93840025417778e-05 -2.09156156155984e-05 2.92161219660665e-05 -8.58307054530976e-05
 1.06759869017296e-06 -1.99478340424289e-05 5.82032461466060e-04 -2.27230510390303e-04 -1.13654609401980e-04 1.38413610432644e-04 -2.97114904592512e-05 1.28775065980463e-03 2.32812528015800e-03 1.03634434936219e-03 -6.26118331218601e-04 -1.40009546384375e-03 -1.96556475049375e-04 3.28291151977403e-04 -1.76003693445177e-05 -1.72899188699644e-06 8.04715901474038e-06 3.94639461187943e-06 1.18101620230429e-04 -2.25288207233884e-05 -1.82342274188789e-05 1.67043398775277e-05 2.01878709184651e-05 1.61919363297489e-04 3.63536652836925e-06 -4.24879956384614e-05 -1.83063270525874e-05 -1.92544573971195e-05 2.06551528572874e-05 2.04460224552792e-05 -1.34291522231610e-04 -1.33839987492381e-05 -1.33220592200570e-04 5.19584705829261e-04 1.25457288455332e-04 -2.11615838579030e-03 -1.06242343115706e-04 -1.27332778458162e-03 2.28082910333575e-02 2.15573185146955e-03 9.18812403361023e-05 -3.13033148299354e-03 -3.19442895265398e-04 2.76196002798539e-04 -4.34325775920035e-04 1.83730384273549e-05 1.71647589375256e-05 4.98812748277285e-05 -1.04226438611996e-04 -3.90809423827625e-04 1.12724519108704e-04 -1.05714937101054e-05 5.40710345481441e-05 5.09655310657289e-05 4.02610532172525e-06 -2.28699215056899e-05 4.28303333390321e-06 1.06217304762698e-05 -6.02238117551012e-06 -4.83209054774213e-06 1.44118267895672e-05 -3.41261326260526e-06 5.62239955718671e-05 5.38548206360830e-05 1.01257660566798e-04 -1.56672924460793e-04 -4.07860609271854e-05 -8.66527779539738e-04 -2.51206266684383e-03 6.19663984961316e-04 8.73407570064199e-05 -1.66536785380888e-04 -5.30312294899166e-05 -2.79961824156413e-05 -1.83733379187338e-06 1.11384894821124e-05 1.44693590378856e-05 -2.00515094653587e-05 -2.00732122453067e-04 2.65637319029060e-06 2.89716021193809e-06 2.24382553174345e-05 -1.70970915798162e-06 -5.01677406509596e-05 -2.58593081997141e-06 1.40502990763180e-05 -4.03588192351053e-08 3.85670871442888e-06 2.81413125122742e-06 -5.51783419687203e-06 -4.32012451380700e-04 1.53741578076242e-03 -4.55294090287526e-04 -2.90662581830503e-05 1.89117390967304e-04 -2.98006886106786e-05 1.10126225332733e-05 5.23397088761855e-04 7.09825126791163e-05 -4.20594985980741e-05 -8.97080799536746e-05 3.85915759882177e-06 -1.17670309389639e-05 5.68728223796232e-06 2.96223598935639e-03 -2.10385949219527e-02 5.40044240378877e-03 1.93101829697981e-04 -2.35839743840161e-04 -2.53026553070329e-04 2.34119818606473e-04 -1.80718499758059e-04 -2.76764124302934e-04 5.31103739662859e-05 -7.39490853983404e-05 3.69420695826268e-06 4.97560402331112e-05 1.75284104315961e-05 -2.48515465480618e-03 1.80110376607142e-02 -4.59758348812563e-03 -1.91717539962254e-04 -1.66622586233687e-04 2.47955820865473e-04 -2.37158901514972e-04 -6.05983529737743e-05 4.26962086376904e-04 5.18656781266562e-05 -7.58171821649059e-05 2.00804871080506e-05 -4.76474465918596e-05 -3.28342777771399e-06
 -5.63356982636438e-04 -2.46232732367459e-04 8.82188346943901e-03 -7.57775925247043e-04 6.34851259272988e-05 2.27626353638320e-05 -3.96006754572354e-05 6.79988549988761e-03 1.06147739460920e-03 -3.29513473490913e-03 -2.34673808682954e-03 -2.62716094135908e-04 1.04580097897968e-03 3.37622161915964e-05 -1.95289099018882e-06 -8.93663153830720e-05 -1.63912505179026e-04 1.36370332536327e-04 -3.20023035621870e-05 -9.93570301750377e-06 -1.87920219035345e-04 -5.09817457918710e-05 2.73594193028615e-04 4.91739138964867e-05 -1.77124562350321e-06 -1.08008833389589e-05 8.74064289024297e-05 -1.18411922826163e-04 -1.13749671278149e-04 1.51729749545455e-04 5.09203184481377e-03 2.64276056005120e-04 -1.10285199379586e-02 2.83999118536897e-03 1.70004719531473e-03 -3.17312806549760e-04 1.40204756125726e-03 -1.39347452040604e-02 3.73328713120582e-03 -1.50829845595935e-02 2.33951621470192e-03 -5.75989207117593e-04 2.20584332302184e-03 3.37201012825904e-05 -6.38813082712849e-05 -4.42669495335885e-04 -1.63294296784348e-04 1.93373881662987e-04 -2.44839680953071e-05 -3.05626424845853e-05 -2.89701811424795e-04 7.05183038346205e-05 1.43312614146009e-04 1.35205943361590e-05 -1.55766021061061e-06 -8.25991442090221e-06 1.44641056248164e-06 5.08272206401859e-06 -7.46295755185548e-05 3.52035473822111e-06 3.09735195544205e-05 -3.55398571968538e-05 2.55630016107593e-03 -2.84684375493496e-04 4.09348737643465e-04 -7.63769142194942e-05 1.81759920993771e-04 -2.58533958901860e-03 3.32312204949225e-04 -1.93791138033931e-04 -7.95901258624697e-06 -9.60153043091275e-05 2.18942434223846e-04 1.21611559870220e-05 -4.14118791085075e-07 2.68077839252213e-05 -2.00815809334919e-05 -5.01797640474946e-05 -3.08651232069914e-05 9.89842098018532e-07 -6.71905510913721e-05 6.98564464223459e-05 1.25601715010166e-04 -6.69121674567740e-06 -6.18092706044268e-07 1.03086859969721e-06 -1.40400392238410e-05 5.60147872506428e-06 2.03076365174650e-05 -1.06557601525124e-05 3.57531841748899e-03 -2.43310683512257e-02 6.58079357493766e-03 1.12916513195335e-04 3.06009470065897e-05 4.60753364199422e-04 2.79235863126614e-05 7.09825126791163e-05 5.68801373154907e-04 -8.93313140380361e-06 -9.63687753490619e-06 -1.28418166182936e-04 -5.64556825212116e-05 -3.29671481371473e-05 1.08360554068204e-03 -5.65335964741907e-03 1.76294704248027e-03 -8.37631820681095e-05 -7.99696666016843e-05 -2.26133729099763e-04 -2.39002832902878e-04 -1.07648011029704e-04 -3.45775435931848e-04 -4.93019740346148e-05 -8.00124050293901e-05 -1.51305274540925e-05 1.43039592363572e-05 2.46948572846664e-05 1.83958204860929e-04 6.55184840412548e-04 1.30225547399938e-04 -1.63606437991358e-04 1.53636047465037e-05 -1.41936814193877e-04 -3.70769076852278e-04 3.92633443282999e-05 -3.15402178723871e-04 7.14791530747703e-05 3.80666850263351e-05 -4.34487280261371e-05 -2.12608449005809e-05 2.55293387834449e-05
 8.51836763571306e-06 3.09566050407074e-06 -1.68786915086966e-04 5.12801948057331e-05 1.33540481047723e-05 3.76693424844208e-05 6.96578275535858e-06 -1.68501468989605e-04 -1.32216005828249e-03 -1.41675799091874e-04 5.91068840215064e-05 1.98866095480566e-04 1.08953157170486e-05 4.28298164892307e-06 1.14764465579234e-06 2.19449248600094e-06 4.11921925163541e-06 -3.54331776913654e-06 3.02393845873018e-05 7.57170763568747e-07 2.38523985620028e-06 2.52900841496063e-06 -2.56906822069305e-06 -3.13173637682053e-05 -2.83650232298334e-07 8.09845235738785e-06 1.47910978609338e-06 2.26172890981796e-06 -1.40752661353595e-06 -2.64076942907361e-06 4.10498787444658e-05 4.47341667811342e-06 -1.37920722137355e-04 1.80074612677269e-06 -1.45646163618975e-05 1.64063164814905e-04 -1.01328833221569e-05 1.57924917809737e-04 -1.84217893114519e-03 1.11407242428189e-05 -2.03732555431890e-05 2.99190821989717e-04 1.89005415134741e-06 -7.56292813701943e-06 3.07430853351013e-05 2.66958509395238e-06 1.81964505340739e-06 -3.23570908533318e-06 3.45788121760391e-05 2.60104039859239e-05 -4.67431651257405e-06 2.20658128009550e-06 -7.51518816015247e-06 -7.07211794931353e-06 -8.93913261578279e-07 2.62694772574074e-06 -1.12163769436789e-06 -1.88352651154088e-06 3.18848599859043e-07 1.40083590087242e-06 -4.43626482722147e-07 1.37774232983229e-07 3.36502708826757e-05 -8.31567177258066e-06 -6.04988572639060e-06 6.76486127827742e-05 5.59268388799923e-06 3.56669780084717e-05 -1.00259400517136e-03 -1.52274250970552e-04 -9.35568028762558e-06 8.81971309217057e-05 7.76999448853080e-06 -2.38586171683039e-05 1.53945264691918e-07 -9.16638375526308e-07 -3.17291762873776e-06 1.61229181254711e-06 -2.12753429318595e-05 -1.24653418281438e-07 7.18936113408269e-07 -6.00206878489932e-06 -1.66984603725581e-06 -4.02286122800219e-06 2.57747154063810e-07 9.76156302620845e-07 6.36559348953495e-07 -5.37635771114565e-07 -9.99616808499423e-07 5.08468336211212e-07 1.83772536301540e-05 2.74113663845204e-05 5.59765532411912e-06 1.67442781984551e-06 -1.50572833088419e-05 7.45492579409259e-07 -3.52203119229105e-07 -4.20594985980741e-05 -8.93313140380361e-06 5.00712027239020e-06 6.80136120290830e-06 9.46292848903947e-07 1.25855210476122e-06 -2.77224922160067e-07 -2.15010011825943e-04 1.44792894389738e-03 -3.99348124446653e-04 -1.63030640579294e-05 1.61552953906241e-05 2.05758987192519e-05 -2.15214418615968e-05 1.15401801366653e-05 2.35885424898924e-05 -2.80183179894370e-06 6.90075828416568e-06 -9.61367111884759e-07 -4.45564601936406e-06 -5.74279185684691e-07 2.17708876832113e-04 -1.47583726226361e-03 4.10226221307217e-04 1.99222618158484e-05 1.65884926481469e-05 -1.96949716509285e-05 2.91277942193199e-05 7.97065219178526e-06 -3.18364979923278e-05 -4.41378408320191e-06 6.12583157573972e-06 5.96350081396801e-08 4.76928809065151e-06 -5.25608006501303e-07
 -8.06418640641026e-06 -4.07631071741560e-06 1.88980998895624e-04 9.73730703713269e-06 -7.04838806505947e-06 -3.77963026545554e-05 1.08338209290676e-05 1.09859759426990e-04 -8.87633659923427e-05 -2.54461702708895e-04 5.89614878487068e-06 2.19405114697837e-04 2.51036288585131e-05 -6.54536638066007e-05 3.15878147190202e-06 -2.35101778569196e-06 5.15596765315174e-06 4.26444301785386e-06 -3.20696744817485e-05 4.35315249764217e-06 -1.95981852201025e-06 2.78681248237658e-06 6.08032153582479e-06 -2.29712771602075e-05 -5.09932247889548e-07 6.06073378353095e-06 2.99497215637492e-06 -8.32854978251982e-07 -3.49234546697733e-06 1.70593420172880e-06 1.12728510017550e-04 8.18457492386935e-07 4.88896495906208e-05 -9.06673059617338e-05 1.91719310982086e-05 3.69102627489397e-04 -5.71803695467871e-06 -1.65596179606819e-04 -3.95431249613503e-03 -1.07686989985784e-04 5.32108604605528e-05 5.30050177410783e-04 2.40009473425249e-05 -5.18940228215219e-05 7.66613330441317e-05 -3.98615209976802e-06 1.54725101739164e-06 3.89452615631430e-06 9.69860666655396e-06 6.80198837396958e-05 -2.12304388807424e-05 3.53719012860472e-06 4.00320843964715e-06 -8.05167337696625e-06 -6.85678272721856e-07 3.91848503367958e-06 -8.85921246627981e-07 3.84844010795446e-07 1.20449045159412e-06 -2.29564068770396e-06 -2.00312575413026e-06 2.17364544773346e-07 -4.66180199809377e-05 3.61531914993040e-06 -2.39600886533354e-06 1.18403708898696e-05 1.04697067030154e-05 3.28314311919043e-05 7.70348964347028e-04 -2.45473360478891e-04 -2.47550121621753e-06 7.60249508182481e-06 1.45879740895233e-05 1.21203060295994e-05 3.34556255279201e-07 1.62427513751249e-07 -5.20637688485655e-06 -7.65508150888068e-08 4.50371697814712e-05 -4.89013702884669e-07 -1.44689094416081e-06 -9.30513771065920e-06 1.85117033946011e-06 1.09888454356269e-05 4.61596265853138e-07 -2.99924939283497e-06 8.55690064874834e-07 1.39505477782651e-07 -1.55724036094675e-06 -3.30806846508779e-09 5.44213654525836e-05 -1.27043982588266e-04 4.22381461604174e-05 -1.48105337268731e-07 -3.31216002116947e-05 5.09435057875372e-06 -1.19063558346962e-05 -8.97080799536746e-05 -9.63687753490619e-06 6.80136120290830e-06 1.57621540037530e-05 -1.46409260429920e-06 4.28971152038498e-06 -4.52236812981223e-07 -4.76496928212705e-04 3.40592461379812e-03 -8.69253063706695e-04 -3.42851044413412e-05 3.49622316283035e-05 4.32181322372227e-05 -4.60074222118022e-05 2.24064591526270e-05 4.73471289875918e-05 -1.00881989536728e-05 1.12008207206460e-05 3.41298752719027e-07 -9.12911688403170e-06 -1.18364619577463e-06 4.67666610468379e-04 -3.42890423312259e-03 8.61993637889264e-04 3.07388809992677e-05 3.48035425160405e-05 -4.37848868985604e-05 3.34923708723102e-05 2.11045642282286e-05 -7.34210262332609e-05 -8.70794066332675e-06 1.42194050500477e-05 -3.29201396735812e-06 7.58854472320317e-06 3.10344985469010e-06
 1.86843688895361e-04 7.39459911231469e-05 -3.07542482386712e-03 4.10671686094845e-04 1.14169325816374e-04 1.49867257793484e-06 4.51151417709007e-05 -2.64514769339332e-03 -2.00283593093188e-04 3.52142158196597e-05 7.94979756184576e-04 6.08640100228031e-06 -2.13261075564404e-04 7.10577628757552e-06 -1.85211791246406e-07 3.42914379445995e-05 6.53482006274488e-05 -5.40224296346258e-05 1.03758643406349e-05 1.66134681680785e-06 5.04533335664571e-05 4.29270556426868e-05 -7.37794276885263e-05 -5.50143337544866e-06 6.09807225635950e-07 6.81924874297698e-07 -1.40806576879898e-05 3.71177954713325e-05 1.87331359194498e-05 -4.81265959524736e-05 -8.83484861162866e-04 -1.47662471194406e-05 8.29730990555351e-04 -2.16329088530651e-04 -4.38175509384233e-04 -7.69251780224001e-06 -3.58132986915108e-04 3.86616032211837e-03 6.21873123932445e-05 3.94312890219899e-03 -6.87017077864148e-04 1.35951225442291e-05 -5.33725269058869e-04 4.31899518327601e-06 -2.96532465848623e-06 1.24162752116949e-04 5.35780880454383e-05 -5.71321273357736e-05 -3.49843769876898e-07 -1.07350045523506e-05 1.03300405420175e-04 1.95273220188682e-06 -5.76853668617156e-05 -1.22431174776760e-06 1.13018711432219e-06 1.49603668686532e-06 -5.99481109198225e-06 -1.42663990552305e-05 9.70258234718170e-06 1.70503083301650e-05 3.77205440450078e-06 4.98912804628954e-06 2.01582742299440e-04 -2.21797312362922e-05 -1.01845125423117e-04 1.19753514377656e-05 -6.96290406665715e-06 5.63312087637315e-04 -2.32909666240212e-04 -8.27951081461606e-04 -7.05861195865817e-05 1.77190255717945e-05 -1.50632983852239e-06 -5.03363662292342e-06 5.72284111575768e-08 -1.15894166984404e-05 -1.36583736194429e-05 2.08907657667357e-05 -3.84411924397123e-06 -2.31777871884736e-07 1.81269824764612e-05 -4.52046284740731e-05 -3.34262038422015e-05 -1.13984672971842e-06 -8.99114926292846e-08 6.07395487954330e-07 7.47440420935060e-06 -4.67090764567329e-06 -9.83063963409338e-06 6.70176245554947e-06 -8.05511807400349e-04 5.71639038245975e-03 -1.46729222207338e-03 -1.66799667283841e-05 2.09779511998544e-07 -1.02561506141930e-04 2.05726490647549e-05 3.85915759882177e-06 -1.28418166182936e-04 9.46292848903947e-07 -1.46409260429920e-06 3.41677716960810e-05 7.98138542296616e-06 4.07277506995647e-06 1.48222904146079e-05 -2.21180922660232e-04 3.28731477900534e-05 3.97417579535313e-05 -3.86044133292435e-06 3.90210506759371e-05 8.39490020165268e-05 1.31126313294717e-05 7.25525806499095e-05 1.79222981127841e-05 1.57159558144291e-05 6.20750755922725e-06 1.48418491941906e-06 -6.30326104786870e-06 -1.15921189528483e-05 -7.68780631337589e-05 -2.15167954093644e-06 4.25474457483999e-05 2.40216568156687e-06 3.98425054319904e-05 1.00499842536071e-04 -5.15874919115430e-06 9.57690788295587e-05 -1.89421749504334e-05 -1.39813757240696e-05 1.36963713534493e-05 6.64843656681240e-06 -7.99682930514481e-06
 -3.90830342853697e-05 -5.32437907776019e-05 1.69178067805254e-03 -9.08979931578082e-05 -4.25301174353567e-04 -1.18244038594930e-05 -1.01951193565398e-06 3.15151380050115e-03 -1.19986763691816e-04 1.12443287726120e-03 -1.11645358850026e-03 7.38036146482701e-05 -3.22080021843293e-04 -1.59171119362423e-05 9.52509529587214e-07 -1.37201744361900e-05 4.49127871499183e-05 2.88185059960948e-05 -5.36533686343996e-06 2.85345001192034e-06 -4.57859748642408e-05 1.01817388770287e-05 9.10610524262449e-05 -9.41381325770842e-06 1.43471433268695e-06 2.42211428283776e-06 -2.73206972839435e-05 -3.09504285274273e-05 3.44125546450103e-05 3.92333510847533e-05 -3.29465499471705e-04 -7.62722755439050e-05 2.49211060703428e-03 -4.04342198586350e-04 1.85805803083835e-04 1.01738997227252e-04 -4.16818555008145e-04 -2.24717218240079e-03 -1.12621416388584e-03 4.44662722602483e-03 3.72177610758015e-04 1.55371591391084e-04 -6.48739998839981e-04 -1.26401943402905e-05 2.23526499161777e-05 3.72324646212567e-05 4.46582575393678e-05 1.01786282370269e-04 -4.80406635710356e-06 3.85560270269382e-06 -5.49203397393770e-06 -2.61252636195749e-05 1.18160090837320e-04 -3.46409729064659e-06 -2.03921297782648e-06 2.29253922631357e-06 -1.62419414724966e-06 2.85147332934970e-05 1.82112769726941e-05 -4.24117465705762e-05 9.98356841546869e-06 8.39110888294466e-07 -2.39951866353539e-04 1.30855845986494e-04 1.57933982065617e-04 1.12682873683577e-05 -5.99337111365983e-05 -1.70106767410509e-03 1.18460314894724e-04 2.18563790281907e-04 1.25037759283420e-04 6.62710015401123e-06 -7.22878803674857e-05 1.31109210485924e-06 1.12784301915204e-07 2.61252836371220e-05 9.37402026540556e-06 -4.41236244398633e-05 1.12851693446320e-05 8.03331689982957e-08 1.20486077593812e-05 -1.38413923864825e-05 -2.37051329293152e-05 3.49804350600704e-06 6.40069946161851e-07 -6.29077984474067e-07 3.33175200378808e-06 9.97414961001151e-06 -4.48849505985552e-06 -1.19154737833033e-05 -6.78579333996446e-04 4.46372955586044e-03 -1.26740636865087e-03 -7.43119258405853e-05 -1.15520555966474e-05 -6.46404174535785e-05 -1.24628731741885e-04 -1.17670309389639e-05 -5.64556825212116e-05 1.25855210476122e-06 4.28971152038498e-06 7.98138542296616e-06 3.37367218848876e-05 1.39533439046845e-05 7.24405462884332e-05 -1.01516200437794e-03 1.72470930880754e-04 -1.31574424735553e-05 -3.61081048059960e-05 3.17362930697230e-05 -4.67636373262353e-05 -6.99382230934332e-05 4.26588284815446e-05 -2.72766198775768e-06 -1.50694276499437e-06 8.35088453833327e-06 -1.24782938862006e-05 1.61686348641697e-05 3.30838111572983e-04 -2.96343313220858e-03 6.58634195836852e-04 5.32562405942409e-06 5.64392780970827e-05 5.41416820784528e-06 -8.39013495287283e-06 9.97963054137056e-05 3.25289749644889e-05 -5.06305445721024e-06 9.99908348563748e-06 9.16874339066363e-06 -3.66562124419920e-06 1.88161127239102e-05
 -2.81281141920598e-06 -2.13143150271639e-05 1.31510132797317e-03 -3.22332830208670e-04 -5.28911898912292e-05 6.26532484726792e-06 -6.06339086259174e-05 5.94826506535746e-04 -2.01570355512616e-04 1.86121590742848e-03 -1.96690154104457e-04 1.68483693944963e-05 -2.35486774782349e-04 5.03109127087253e-06 -1.92404323305312e-07 -2.04454138397995e-05 -1.99995575696658e-05 3.65785342055766e-05 9.43760155360935e-06 7.59035905763703e-08 -1.23620001148150e-05 -4.35449910245094e-05 2.45128831100077e-05 -4.33258716928754e-06 6.96007782418850e-07 1.26462013134969e-06 -2.54641348145188e-05 -4.03444511885459e-06 3.22493025812911e-05 5.16493436812665e-06 1.72221483443314e-04 -4.09460360076716e-05 1.59354776275102e-03 -3.30662938251777e-04 4.30405993080367e-05 -1.06807475829345e-06 -1.65649462540735e-04 -5.35526807746939e-04 -1.73657561120673e-05 1.80249036421039e-03 1.06987487524585e-04 9.58196850052979e-06 -3.26502945958262e-04 2.78868875180609e-06 -2.97404337769054e-07 1.50617469393872e-05 -2.46197267409399e-07 2.98901208633034e-05 2.04531846388730e-06 -6.69714749204003e-06 -3.44191311812746e-06 -4.20814606153542e-05 3.01375773955583e-05 -1.13676413360108e-06 -9.28187846871883e-07 -2.24008544204422e-07 -3.15607407268125e-07 1.10473689687201e-05 1.38372541766520e-05 -1.67104793076118e-05 -1.71893162166170e-05 1.42979494524961e-06 1.19049439892676e-04 -1.05052740187827e-04 -2.79127479813804e-05 1.21878576404768e-05 -9.13944754770676e-05 2.06571874094631e-04 -2.10423525365596e-04 1.58246280492361e-03 -4.13837594382996e-05 1.43902477623554e-05 -1.22148667193239e-04 -4.53543668291921e-06 -6.20946504143277e-08 -5.27999991332545e-07 3.59083809321250e-05 1.50104726123607e-06 -4.73678023282801e-06 2.18476468162078e-07 -6.14045036697442e-06 4.17681513326010e-05 8.97391092945920e-06 -8.69370050071790e-07 3.54266031436589e-07 3.39445233863751e-07 -5.16513258518908e-06 1.04241683985421e-06 6.32643607184977e-06 -8.50067220215607e-07 -3.40772457788058e-04 2.02478895050383e-03 -6.20870864286715e-04 -3.34713074561255e-05 -5.86327016033750e-07 -3.63620112042195e-05 -5.61167398117190e-05 5.68728223796232e-06 -3.29671481371473e-05 -2.77224922160067e-07 -4.52236812981223e-07 4.07277506995647e-06 1.39533439046845e-05 9.53801772304216e-06 8.69852738980504e-07 -3.40847581180686e-04 5.19820901112216e-05 4.03045636829055e-07 -1.05784748209051e-05 1.24762844528297e-05 -4.82708718625909e-06 -2.31620743884843e-05 1.48431173442605e-05 1.88702424528631e-06 -3.67212973238172e-08 3.13568120547152e-06 -5.38074112119168e-06 5.05552598781480e-06 1.36825253079187e-06 -3.39433231650381e-04 6.13475561950768e-05 1.89071374071338e-06 1.09907129315858e-05 1.11630314014878e-05 3.24930248903592e-06 2.99256931072869e-05 2.36412790314247e-05 -2.40794178979260e-06 2.17037314165182e-06 4.14424903119682e-06 -3.04813339687889e-06 4.98264068094524e-06
 1.68764486019540e-03 -3.61397023909887e-04 6.16657591845340e-03 4.24623539212743e-03 4.64487345096017e-03 6.82027217714697e-04 4.05682308717852e-04 5.26056429722643e-03 1.21940671686196e-02 5.60261833625636e-03 2.82672779615898e-03 -7.43123650368407e-03 -4.50191964837799e-03 1.75413122390104e-03 -9.14744098781336e-05 2.94726053326799e-04 1.08938601458872e-03 -4.26455601497703e-04 3.43717990168035e-04 -9.42375963467190e-05 4.67741474552051e-05 7.81965325017202e-04 5.18304197478085e-06 8.81996843400651e-04 4.94882045522882e-05 -2.39390685735596e-04 -2.80257269812416e-04 -4.41002429631443e-04 3.61296900332347e-04 5.08947193174895e-04 -8.81851630401099e-03 2.97201344117002e-03 -1.22954342847005e-01 2.47190194318894e-02 7.32163147121638e-03 -1.06964643529497e-02 -5.82638985688854e-03 -5.25769707158965e-02 1.21027168353744e-01 7.26462495498588e-02 9.83282900522567e-03 -1.63163060625493e-02 -9.43179863774959e-03 1.50134997040031e-03 -2.26356349097761e-03 5.68104779787173e-04 8.92773962801584e-04 1.93151536962655e-03 -8.84117329610047e-04 -2.45750200527662e-03 1.56259909700854e-03 1.35109552716451e-05 9.62807468031917e-04 2.35884268219899e-04 6.86305119883653e-06 -1.01705521525784e-04 -5.29165696325572e-04 -4.86572163757479e-04 -3.68362161046859e-04 6.31363936688999e-04 1.62818415218026e-04 -1.82125233517620e-04 -1.36069442378055e-02 3.97154514313418e-03 1.63327013527558e-03 -9.37296348928751e-04 -2.66911272539271e-04 1.56439783527065e-03 -1.35377537575131e-02 -1.00514183299930e-02 2.32892163390380e-03 -9.95641170337513e-04 -1.67158849133206e-04 -1.49743270812910e-04 -8.00168473760603e-06 1.18415922892615e-05 -1.45795847623388e-04 -1.24654778385646e-05 -1.17658140949403e-03 1.77911579553076e-05 -5.07822388739399e-04 -5.31492922689744e-04 8.68663278180013e-04 -2.79919380041802e-04 -8.25584756741696e-06 8.35789922357408e-05 1.09206118760961e-04 -3.26752977157418e-05 -1.23573582140728e-04 4.19075796356557e-05 1.35144392363999e-03 2.88506633277759e-03 2.85770174797142e-03 -5.54808003009751e-04 9.33702963992950e-04 6.58972952487656e-04 -6.66996793871441e-04 2.96223598935639e-03 1.08360554068204e-03 -2.15010011825943e-04 -4.76496928212705e-04 1.48222904146079e-05 7.24405462884332e-05 8.69852738980504e-07 3.40950400837123e-02 -2.09946225469309e-01 5.80200464930599e-02 1.54786685793823e-03 -3.34805677286088e-03 -1.88513477307647e-03 1.12918553045356e-03 -2.91559803667117e-03 -1.62804802580297e-03 4.39185977657535e-04 -7.43757445734429e-04 3.72297561572639e-04 2.50895426372863e-04 3.74587275036022e-04 3.69000273193175e-03 -2.25038291603186e-03 4.39825500993625e-03 -5.70964295263687e-04 1.22684606566201e-03 7.27304680702095e-04 -8.62624303497429e-04 2.09547459902916e-03 2.35054398982078e-03 8.24711510591573e-05 -2.23253588176667e-04 3.57319362080009e-04 -1.77021972017593e-04 2.52126232606981e-04
 -3.07546067031818e-03 4.26291042230186e-03 -1.25054421146506e-01 -5.15155658502337e-03 -1.52525628343258e-02 -8.50297718829240e-03 -4.42511758437971e-03 -1.11164900258705e-01 -3.37611709496701e-03 -2.44922555395628e-03 2.34929134873753e-02 4.65413618762842e-02 2.76953053780519e-02 -1.47746511211891e-02 6.67208540307704e-04 -3.14836145213853e-04 -8.40828681724266e-03 -5.17948219425537e-05 -5.98947381863661e-03 7.60878164240057e-04 1.76217076476143e-03 -6.62244584113394e-03 -3.70050488173481e-03 -4.87289430357376e-03 -3.17480909547708e-04 1.32452120447215e-03 1.63165385328102e-03 3.12350455512420e-03 -2.04867296013428e-03 -3.63972919387944e-03 -5.07018614634938e-03 -1.30163718328023e-02 5.56365308102449e-01 -1.25497540738611e-01 -4.58916579632222e-02 7.81835206786088e-02 4.07512865443688e-02 3.54904481580114e-01 -8.63670101359940e-01 -4.97148667088685e-01 -6.22750751812753e-02 1.13636600254853e-01 6.40409868313540e-02 -1.17442991496400e-02 1.65374309305185e-02 -3.88550189330142e-03 -6.61987628043364e-03 -1.34333960049280e-02 3.88922188416508e-03 1.73870878827451e-02 -9.43511936791380e-03 -7.89540625230856e-04 -8.54334822459667e-03 -1.54772967726674e-03 -7.03463856404237e-06 6.56183562619622e-04 2.45335220611013e-03 1.52080345520826e-03 1.61466557771227e-03 -1.95974525614511e-03 -1.15779549772436e-03 1.06701399370086e-03 2.17656702497988e-02 -1.22224289234708e-02 -1.16454595093575e-02 2.33071574177290e-03 1.45590445828437e-04 3.47057595720557e-02 1.85391338292165e-01 1.06955735648727e-01 -9.46387614121515e-03 1.41603038148821e-03 -1.05348244377860e-03 2.99278116947161e-03 5.43030252777931e-05 -5.26970627456590e-04 1.82383644445957e-03 8.63174358945523e-04 1.09129574888159e-02 -1.17619148337742e-04 2.55288761887855e-03 4.91697598667913e-03 -4.34751865769378e-03 2.53872953160833e-03 6.19592779368557e-05 -7.41361121184511e-04 -9.33266993642657e-04 1.56752525730955e-07 1.06942378796825e-03 1.75582227078802e-05 1.50180969688046e-02 -1.40341932738515e-01 1.98833050666467e-02 4.85504512351814e-03 -6.77253322301154e-03 -1.62334352867931e-03 6.03864630345099e-03 -2.10385949219527e-02 -5.65335964741907e-03 1.44792894389738e-03 3.40592461379812e-03 -2.21180922660232e-04 -1.01516200437794e-03 -3.40847581180686e-04 -2.09946225469309e-01 1.35831102905296e+00 -3.63887824329820e-01 -9.45038045571826e-03 2.07608099120382e-02 1.19663368822742e-02 -6.48728549127407e-03 1.91449342969264e-02 1.08624271679231e-02 -2.75622338047866e-03 4.67240942748506e-03 -1.94750508179006e-03 -1.59120530395470e-03 -2.68275927167173e-03 4.33554628540386e-03 -1.39301132060553e-01 1.76715906405873e-02 5.15869425865015e-03 -5.61683601202858e-03 -6.78240578399241e-03 7.64512775185712e-03 -1.26679940056351e-02 -1.76464649362618e-02 -1.06308466288645e-03 1.77725009254462e-03 -2.28220561079969e-03 1.50400110470447e-03 -1.79344688150468e-03
 4.69079691082875e-04 -9.07162843226797e-04 2.74905031301773e-02 2.15701535891208e-03 8.18242656320213e-03 1.17725373996265e-03 6.23114624028145e-04 8.27653011190239e-03 2.39454489100388e-02 1.22905178727191e-02 2.66646534757709e-03 -1.37062331797527e-02 -8.09341964345092e-03 3.16032087292160e-03 -1.66923458242464e-04 1.56645671707472e-04 1.85635268857225e-03 -1.24684872822560e-04 6.42924522434504e-04 -1.74912052123635e-04 -1.82887098524503e-04 1.31168558701669e-03 4.66255480781104e-04 1.62752569164589e-03 8.65219990661224e-05 -4.38438606953758e-04 -5.29229118488921e-04 -6.94080539064073e-04 6.71301587049030e-04 7.91900935558522e-04 -1.65837300781202e-03 4.54881738801528e-03 -1.87449421651026e-01 3.95757302031494e-02 1.25337894092212e-02 -1.96945357764721e-02 -1.03294446051904e-02 -9.07011590654188e-02 2.21309538058497e-01 1.28339497092940e-01 1.64847807972547e-02 -2.99673119809476e-02 -1.68562262247464e-02 2.71816201162110e-03 -4.14147714315362e-03 1.01156829143248e-03 1.55159853150322e-03 3.37466131694118e-03 -1.59873765695373e-03 -4.42033504696313e-03 2.69266015255100e-03 -3.43108124097905e-05 1.75968218366481e-03 4.45428922146366e-04 1.55649986524798e-05 -1.89975013842586e-04 -8.13547507990238e-04 -6.99377503859404e-04 -5.34400323458642e-04 9.10042721904528e-04 1.86431142221477e-04 -3.23902777377786e-04 -5.19615145524069e-03 2.49753063891144e-03 2.04688902114122e-03 -1.75815544868680e-03 -5.82112520410680e-04 5.39224175417530e-03 -2.29926422908080e-02 -1.52175853247157e-02 1.67921267615464e-03 -1.90179035851471e-03 -4.66049648391103e-04 -2.34408724626589e-04 -1.46100792479565e-05 -6.68313919852999e-05 -2.03637208842026e-04 1.30843290986753e-04 -2.06603513977897e-03 3.04415533940453e-05 -9.20707927358736e-04 -8.63086304557562e-04 1.57238819120271e-03 -4.94192311058030e-04 -1.55804379055913e-05 1.49464610771556e-04 1.83885569347175e-04 -7.93921464320436e-05 -2.05477788203105e-04 1.02599292763361e-04 -3.79042486242687e-04 1.76494291081761e-02 8.01143479796234e-04 -1.08935477991139e-03 1.71939101231856e-03 8.43667402394816e-04 -1.32961608455904e-03 5.40044240378877e-03 1.76294704248027e-03 -3.99348124446653e-04 -8.69253063706695e-04 3.28731477900534e-05 1.72470930880754e-04 5.19820901112216e-05 5.80200464930599e-02 -3.63887824329820e-01 9.97635849939940e-02 2.69687906764068e-03 -5.71092431652687e-03 -3.26565550280106e-03 2.01026618052684e-03 -5.09018765403114e-03 -2.90169240218967e-03 7.65204355655352e-04 -1.28732712133607e-03 6.07940923355794e-04 4.41972396882900e-04 6.67020591368026e-04 2.78428243999649e-03 1.54192367920019e-02 1.82184866171903e-03 -1.16859857818856e-03 1.82743594866002e-03 1.52034846240971e-03 -1.74158957694379e-03 3.51613803207715e-03 4.36802117930345e-03 1.89398964580367e-04 -4.34920957856717e-04 6.07722349467485e-04 -3.55156531467772e-04 4.53658852634730e-04
 1.60766218259034e-04 1.18483738557030e-04 -4.23383358272202e-03 4.08081662808959e-04 8.13162123959644e-04 -3.59990274020002e-05 -1.88649821081303e-05 -6.58444816881116e-03 2.65210158022874e-03 1.65767938845596e-03 2.22690642602353e-03 -6.63396497230067e-04 -3.94201386510779e-04 7.26712597433781e-05 -6.36538258724579e-06 4.58091450862055e-05 3.71704659732242e-05 -7.41189890436865e-05 -2.58838668141425e-05 -4.95844107196753e-06 1.00555188651907e-04 8.42407522239903e-06 -1.65509458107387e-04 8.62624459619138e-05 2.31870793705409e-06 -2.35583983671450e-05 -3.24691718016233e-05 6.65640156779342e-05 4.21934609916148e-05 -8.80276482351402e-05 1.24259994685650e-04 1.49344287043187e-04 -5.05307276981241e-03 9.43473719514995e-04 -4.56330816275684e-04 -7.43654577877546e-04 -3.84721145626267e-04 5.10819416122252e-03 8.38402092458041e-03 4.87939419320168e-03 -8.80021716771019e-04 -1.19551636481861e-03 -7.03158982554855e-04 8.01600289761576e-05 -1.53388199739246e-04 1.59213348164699e-04 4.54858047438415e-05 -8.88545300666679e-05 -9.20041874868386e-05 -1.50812631511037e-04 2.10358954949829e-04 -2.58835227953950e-05 -1.44277931859338e-04 2.14254582839042e-05 4.88620235876092e-06 -9.02770974209895e-06 -2.79635775213904e-05 -5.97120443352952e-05 -7.66772469440624e-06 8.07176833590748e-05 -4.51890942900479e-05 -2.28461798576487e-06 9.31071041975795e-04 -2.73697197709515e-04 -2.94760173674022e-04 -1.47529247513944e-04 -7.97982909230368e-05 2.96662010081997e-03 9.75589461599535e-04 6.88213971874820e-04 -2.70392469921853e-04 -1.75230992442617e-04 -9.96195609273392e-05 3.09902433230264e-05 -6.79793671177219e-07 -4.87185046249033e-05 1.96194885547289e-05 8.51851786875968e-05 -1.41467096602203e-05 6.92358281524067e-07 -1.73557901472064e-05 4.70852423627284e-06 2.86681969351128e-05 -6.28884567081727e-06 -1.10390907712203e-06 2.39341884044136e-06 1.60547012076852e-06 -1.90276256706305e-05 -1.61293833526389e-06 2.53719751750290e-05 -6.14873945406452e-04 4.58184253461129e-03 -1.02389194196658e-03 5.30938444225971e-06 6.79271481799272e-05 -7.45994458299378e-05 8.78861710009973e-05 1.93101829697981e-04 -8.37631820681095e-05 -1.63030640579294e-05 -3.42851044413412e-05 3.97417579535313e-05 -1.31574424735553e-05 4.03045636829055e-07 1.54786685793823e-03 -9.45038045571826e-03 2.69687906764068e-03 1.54993417097863e-04 -1.27331155093653e-04 -7.11077055308364e-05 2.42740284650075e-04 -5.69218316430884e-05 -3.15258285030000e-05 5.07057881632277e-05 -1.60464315278182e-05 1.96403438292050e-05 2.64065271950098e-05 -7.34651333033050e-06 -5.10091933669572e-04 4.56917549865987e-03 -1.00545557341803e-03 7.08078313026522e-06 -2.15697162267421e-05 1.10720490559645e-04 8.05721469751668e-05 -1.53375010925217e-05 2.44549682538818e-04 -1.51934825044363e-05 -4.41425394218965e-05 2.58641975964210e-05 -3.01713182703384e-06 -1.67830580183220e-05
 -2.97171891364661e-05 9.75489435678123e-05 -3.02381897210796e-03 -1.43629964687361e-04 -3.05286715121914e-04 -4.64123665830501e-05 -5.48045748672200e-05 -2.52358627621996e-03 -8.49870084971473e-04 -1.14239963620691e-03 4.59183613363193e-04 5.40645737263329e-04 6.95594279606405e-04 -1.30818432641182e-04 6.55978056757449e-06 -1.32414743227285e-06 -1.57001153059320e-04 -1.07225770612433e-05 -1.61924238445691e-05 4.88917122210791e-06 4.17209758899551e-05 -9.70485580663967e-05 -9.24954876351447e-05 -6.41172183110980e-05 -5.98252014855320e-06 1.76265569679345e-05 4.71420365492783e-05 6.63763935468478e-05 -6.02794535340955e-05 -7.90486575450960e-05 -3.60824698533391e-04 -2.75618141623547e-04 1.15542768246934e-02 -2.41244330998662e-03 -9.98111760897939e-04 7.71568140683750e-04 9.39920267735534e-04 7.76333696306802e-03 -8.91415844552263e-03 -1.10211355709046e-02 -1.41807378410772e-03 1.18934442790628e-03 1.47142628123719e-03 -1.13162150805005e-04 1.64587850640262e-04 -8.17768123157314e-05 -1.31592179767623e-04 -2.93997198711196e-04 8.45639478315242e-05 2.06382566957421e-04 -1.49431833749505e-04 1.27957073717740e-05 -1.90679503310714e-04 -1.56456730760143e-05 1.31933207792107e-06 5.88034801780228e-06 5.84564267438215e-05 3.17194131461698e-05 2.52671594000222e-05 -3.56944687402790e-05 8.58990191187671e-06 2.18281835694116e-05 5.30995675520407e-04 -2.53819027210577e-04 -2.33909892341532e-04 6.85298605974964e-05 6.00625629353754e-05 6.29764384132181e-04 1.04936630692002e-03 1.21083430972852e-03 -1.85366259601365e-04 7.66240725066001e-05 5.40568011707355e-05 1.18621167008966e-05 4.75036029693776e-07 -1.11499388511005e-05 1.49470793139220e-05 1.74189696844717e-05 9.12091727103685e-05 -1.51831433911107e-06 5.72093623298104e-05 7.77762647908080e-05 -9.50364257746687e-05 2.05935180754339e-05 1.97249261061830e-08 -6.72837835437097e-06 -1.53076603696212e-05 -4.85648038344265e-07 1.83008775110671e-05 -3.19368260148053e-08 2.98090072253972e-04 -3.32259838777920e-03 5.38536948790450e-04 1.15132010550205e-04 -6.44288920842471e-05 -3.27262808204264e-05 1.76249159236574e-04 -2.35839743840161e-04 -7.99696666016843e-05 1.61552953906241e-05 3.49622316283035e-05 -3.86044133292435e-06 -3.61081048059960e-05 -1.05784748209051e-05 -3.34805677286088e-03 2.07608099120382e-02 -5.71092431652687e-03 -1.27331155093653e-04 3.62722993139391e-04 1.46271116927306e-04 -4.33600122169586e-05 3.57785423164452e-04 1.10601871979981e-04 -3.69300928316379e-05 7.32308241657660e-05 -4.62631423572954e-05 -1.01642355286858e-05 -5.34492831031325e-05 -1.04644152787106e-03 5.45223931098535e-03 -1.73394386584657e-03 3.21790773428871e-05 -2.07238901130373e-04 -4.34124622323951e-05 7.33120546927503e-05 -3.27834970095777e-04 -2.09932231707818e-04 1.82578421440107e-06 3.49734554926890e-06 -4.24767484294276e-05 1.52239550485474e-05 -4.55096852762125e-05
 -2.50130788174285e-05 5.80488367957227e-05 -1.94707232195962e-03 1.03755290661771e-04 -1.69297823303024e-04 -8.58198055458965e-05 3.52927945737095e-05 -1.65205049919155e-03 -9.80671699329988e-04 4.77227087092078e-04 4.18373456563807e-04 6.76582603742235e-04 -2.54318265120488e-04 -1.66772743358396e-04 8.61057410183190e-06 8.63116519653513e-06 5.78071651823097e-05 -8.98486697177763e-06 -5.20084352156461e-05 1.36344124942023e-05 3.44521102633903e-05 1.70295259747506e-05 -3.67600974082868e-05 -8.18652074715430e-05 -1.03402897047161e-06 2.09943934094655e-05 -2.06211218401278e-05 4.16287167612582e-05 2.73940588602342e-05 -5.12533009678413e-05 -1.80290147727959e-04 -1.48879555788768e-04 6.36826407922391e-03 -1.49410807915102e-03 -5.90011608326801e-04 1.03001155038989e-03 -4.40861854022093e-04 4.60515930895190e-03 -1.12902466735297e-02 4.22036429853204e-03 -7.77409603175764e-04 1.54912795671838e-03 -6.13454723449069e-04 -1.38374967434335e-04 2.13898857169070e-04 1.32211821067096e-04 5.12315894333261e-05 -6.77193491458885e-05 4.62636670713374e-05 1.86677731856055e-04 2.54308310068571e-05 -1.63733507885304e-05 -3.42154575036508e-05 -2.52212641274705e-05 -1.27194232999312e-06 1.27490567988796e-05 7.85029845313087e-06 1.42637821249561e-05 3.64849525660031e-05 -2.62340726930054e-05 -1.09715428426892e-06 1.29521103296845e-05 3.28858882749524e-04 -1.34058762302188e-04 -1.45016284430282e-04 7.74074457086826e-05 -3.49107029699033e-05 4.11150809212195e-04 1.42049801230464e-03 -4.14925326485146e-04 -1.26233654563915e-04 7.90886826256617e-05 -3.98575762507113e-05 1.75669473413317e-05 9.56396297997951e-07 -6.34201576182644e-06 -3.97953718952019e-06 1.26539058759560e-05 1.13298866054857e-04 -1.60610508472317e-06 3.06830228929658e-05 -4.09547648008758e-05 -5.78888255164175e-05 2.76497835942587e-05 1.35932338602124e-06 -7.28982433489540e-06 5.87633561450458e-06 -4.75084942635528e-07 -9.38035807019128e-06 2.16436227340205e-06 -1.21675101407715e-03 8.42716624066941e-03 -2.33810408980316e-03 -4.10297816628486e-05 -9.33167665731976e-05 -1.62444378034086e-04 -4.38702250947334e-05 -2.53026553070329e-04 -2.26133729099763e-04 2.05758987192519e-05 4.32181322372227e-05 3.90210506759371e-05 3.17362930697230e-05 1.24762844528297e-05 -1.88513477307647e-03 1.19663368822742e-02 -3.26565550280106e-03 -7.11077055308364e-05 1.46271116927306e-04 1.96683997112045e-04 -4.44962991412394e-05 1.11389827829969e-04 2.38165178331692e-04 -1.21917038696226e-05 6.04600193830428e-05 -8.51890777567440e-08 -2.92165057195889e-05 -1.27803768363837e-05 8.38908153004940e-04 -7.42950681943002e-03 1.68666298929797e-03 1.23674380454930e-04 5.22687984881125e-05 -5.16043667790320e-05 1.98036932137197e-04 1.52823525643201e-05 -7.95577590543156e-05 -4.22144419800293e-05 2.17271488901476e-05 2.99885637540524e-06 2.43458061384672e-05 -2.20856858710041e-06
 1.34510478632813e-04 3.24573869223812e-04 -1.18596135489232e-02 1.10185126840974e-03 1.41485057378494e-03 -9.85085903990996e-05 -8.81667804028766e-05 -1.50425881025362e-02 4.59297775440186e-03 3.28565307149868e-03 4.92775914072992e-03 -9.59963870585335e-04 -4.72910542642522e-04 6.33455937028180e-05 -8.50217894544881e-06 1.17122986509847e-04 -2.14715696873517e-05 -1.99344139668914e-04 -6.04255690011338e-05 -6.27589398449774e-06 2.48709805928085e-04 -5.42800208259973e-05 -4.22906961373464e-04 1.27685573108378e-04 1.31757214852668e-06 -3.51257108682378e-05 -4.59381714255848e-05 1.77658751238201e-04 6.09558963328092e-05 -2.29497378051155e-04 1.22970524383792e-03 1.60045098369189e-04 -4.02107177751118e-03 5.45936413172793e-04 -1.60055457242426e-03 -9.72275091637230e-04 -2.90188608704126e-04 1.56877639832871e-02 1.08893581381087e-02 4.09720405106353e-03 -2.74092190332000e-03 -1.59506499070560e-03 -6.77261574070992e-04 8.83303211707834e-05 -1.98517502201735e-04 2.95900027375025e-04 1.62652219328394e-05 -3.66870039168814e-04 -1.30663469095136e-04 -1.73111798841043e-04 3.49533552313743e-04 -5.85786498598750e-05 -4.17484764221839e-04 3.13963226040345e-05 1.06863023592673e-05 -1.39505683738775e-05 -2.85131457942373e-05 -1.07665741166035e-04 2.86514179968182e-07 1.48605172505216e-04 -2.41777089582597e-05 1.03528303231434e-05 1.30691406719334e-03 -4.73932502758678e-04 -7.00107184237109e-04 -2.43500394478655e-04 -1.56443528206925e-04 6.10871952912112e-03 2.48093767957496e-03 2.59133770413138e-03 -5.39285611302911e-04 -2.90607482928130e-04 -2.09529559414470e-04 6.62254867883241e-05 -1.09796301626885e-06 -9.96580271813155e-05 5.98155311746116e-05 1.73315209971346e-04 2.61253818082690e-05 6.19607300510223e-07 9.02433967028231e-06 6.70752083088025e-05 -1.66694448615937e-05 -2.09722085621158e-07 -2.03062797341888e-06 6.72843406293986e-07 -7.33682509353436e-06 -3.70121909698837e-05 9.25208056181200e-06 4.92981872306305e-05 -1.14373733696243e-03 8.00167390089647e-03 -1.92712901373922e-03 7.68151953276691e-05 9.24366035289668e-05 -1.81737028042211e-04 2.85598644274302e-04 2.34119818606473e-04 -2.39002832902878e-04 -2.15214418615968e-05 -4.60074222118022e-05 8.39490020165268e-05 -4.67636373262353e-05 -4.82708718625909e-06 1.12918553045356e-03 -6.48728549127407e-03 2.01026618052684e-03 2.42740284650075e-04 -4.33600122169586e-05 -4.44962991412394e-05 4.78830978466493e-04 9.96662020508672e-05 2.20220777775880e-05 8.40269234681807e-05 1.47071508000384e-05 1.56200622823799e-05 4.56433148535995e-05 -4.85368393929069e-05 -1.49200526294485e-03 1.14931947551658e-02 -2.77906064760484e-03 5.24394579814858e-05 -1.51920343348870e-04 1.93117334378337e-04 2.43392219467604e-04 -2.16861047812371e-04 3.70607171096378e-04 -3.66418724845764e-05 -8.60678494932118e-05 3.06966628707492e-05 6.35680436715029e-06 -6.32407532218882e-05
 4.36652893515153e-04 2.36684765628523e-04 -7.90494059833489e-03 4.40134046494082e-04 3.38538206865731e-04 -4.97217930780053e-05 -7.65984243908397e-05 -7.93793367961985e-03 -6.93065478940086e-05 -9.76307588555083e-04 2.79095014012555e-03 3.14715000563005e-04 7.60869612441743e-04 -1.01795736148917e-04 4.01888680398597e-06 6.21249099554511e-05 -1.87924055913054e-04 -1.22712759650779e-04 -1.90101841943025e-05 2.07616908395819e-06 1.72839564867569e-04 -1.16876456441831e-04 -3.24337588527818e-04 -3.55027877292648e-05 -6.47631696970350e-06 9.59614702245825e-06 5.20699533969786e-05 1.17740031938775e-04 -6.49522407790576e-05 -1.45209178422079e-04 -4.08668014300677e-03 -1.51535213921406e-04 7.03793133386013e-03 -2.04911889923175e-03 -1.47395403329707e-03 5.20115795421535e-04 1.11030138876516e-03 1.27553504823274e-02 -6.00446613446559e-03 -1.25650793522674e-02 -2.15209986505601e-03 7.84277507359709e-04 1.68253700704236e-03 -8.40838686430760e-05 1.09852873141590e-04 -3.26196459386826e-05 -1.53906788681855e-04 -4.39138776304758e-04 6.54433884494117e-05 1.62841635704506e-04 -5.63206041344923e-05 1.36768208046869e-05 -3.65955295011146e-04 -8.94183847635376e-06 4.28311768229327e-06 1.93199287060124e-06 4.36998888851240e-05 -2.54020444618750e-05 6.80035265394893e-06 4.33413694650504e-05 -3.10473708911286e-05 2.83563052804081e-05 -2.15750776424739e-03 1.13261775429797e-04 -4.78514538942800e-04 2.15471555580384e-05 5.50635331816142e-05 3.83923449925676e-03 1.23782630810656e-03 1.72666829323553e-03 -8.11351608355340e-05 2.92942553100234e-05 4.52083717119915e-05 1.89875679460044e-05 2.12309013739034e-07 -4.72744863311001e-05 2.43027212906933e-05 7.94517108747394e-05 8.13845233237083e-05 -1.34316153238507e-06 4.15469374028009e-05 1.02908799170844e-04 -6.60520739967770e-05 1.64871223303381e-05 -7.76289655843709e-07 -5.90198041680053e-06 -1.91652586337383e-05 -1.35597704598393e-05 2.30346863641887e-05 1.65206663632345e-05 6.27084834856394e-04 -4.81724321983132e-03 1.10135992720021e-03 1.83996241220795e-04 -3.88610079516832e-05 -1.81476778996717e-05 3.26597926352149e-04 -1.80718499758059e-04 -1.07648011029704e-04 1.15401801366653e-05 2.24064591526270e-05 1.31126313294717e-05 -6.99382230934332e-05 -2.31620743884843e-05 -2.91559803667117e-03 1.91449342969264e-02 -5.09018765403114e-03 -5.69218316430884e-05 3.57785423164452e-04 1.11389827829969e-04 9.96662020508672e-05 4.27664492479424e-04 9.77975733400780e-05 -1.36226615268019e-05 7.63817051304691e-05 -4.38594843886108e-05 8.19672287788567e-06 -7.59132109762677e-05 -1.33235224877820e-03 8.74963470455768e-03 -2.39197667890247e-03 5.32848973546226e-05 -2.53995447291915e-04 -1.43953653439038e-05 1.53202342535054e-04 -4.34928080215112e-04 -1.45800818634631e-04 -6.74037565370610e-06 -2.15321219433057e-05 -3.84271387017616e-05 2.14274322897141e-05 -7.37362140002390e-05
 2.61594404995173e-04 1.33338765459859e-04 -4.40552074154682e-03 3.94470529438648e-04 1.69285788498040e-04 -1.11443719448234e-04 1.09873180614960e-04 -4.58498619276410e-03 -9.02300187431842e-04 6.86729014505683e-05 1.77744017343041e-03 7.32314138935442e-04 -4.99898213723008e-04 -1.90236628230322e-04 9.54724217286887e-06 4.32815568253826e-05 1.54908322763882e-04 -6.19493280987676e-05 -6.81720188310663e-05 1.77627528209399e-05 1.15286816545024e-04 8.72001804881345e-05 -1.58668736868290e-04 -8.94963854066701e-05 -1.33671398892875e-07 2.21683303864751e-05 -3.35271987632301e-05 7.10436614256375e-05 4.50257292457317e-05 -9.01216254660260e-05 -2.36563082391230e-03 -9.68482032582793e-05 4.55619165764231e-03 -1.55469795130129e-03 -8.71797766844315e-04 1.16186024881664e-03 -9.01666015946577e-04 7.45845919218297e-03 -1.25721276346875e-02 9.31449966708695e-03 -1.14930100524683e-03 1.73804488115856e-03 -1.27209303861576e-03 -1.54990315858535e-04 2.39017167931661e-04 2.64006473612665e-04 1.25643298924037e-04 -8.78638726484628e-05 3.67141057286196e-05 1.92559071804680e-04 1.45909812337678e-04 -3.50684278865632e-06 -8.01372379566457e-05 -2.92993462947539e-05 -5.34991543448548e-07 1.60037815152202e-05 -9.02859348373673e-06 -1.46656518147776e-05 3.82611873545613e-05 8.51062671878628e-06 -2.92494374976572e-05 1.82985020727863e-05 -1.41158387622996e-03 9.15364939677181e-05 -3.01942387484066e-04 7.58883806069794e-05 -2.21167992538925e-05 2.40613757161590e-03 1.77740789260225e-03 -1.96702629366285e-03 -6.61489386695682e-05 7.79518879723038e-05 -9.50654652895455e-06 2.36891335792829e-05 1.26292405368982e-06 -2.66934509734764e-05 -3.20345544753621e-05 4.90508220788442e-05 1.33258341724036e-04 -2.09761485023003e-06 1.88879883058902e-05 -1.13440220667517e-04 -3.98640470360525e-05 3.22120088429194e-05 1.45582999992886e-06 -8.14652758750412e-06 1.73907767510488e-05 -7.48140285019391e-06 -2.46919755263795e-05 1.18645048003062e-05 -1.89648346747255e-03 1.38999290409787e-02 -3.63434571158529e-03 -6.32292666500402e-05 -1.05824511489830e-04 -2.43638664204403e-04 -3.72805145350720e-05 -2.76764124302934e-04 -3.45775435931848e-04 2.35885424898924e-05 4.73471289875918e-05 7.25525806499095e-05 4.26588284815446e-05 1.48431173442605e-05 -1.62804802580297e-03 1.08624271679231e-02 -2.90169240218967e-03 -3.15258285030000e-05 1.10601871979981e-04 2.38165178331692e-04 2.20220777775880e-05 9.77975733400780e-05 3.26483431376221e-04 5.23035090502243e-06 7.28215506081616e-05 1.34513840597732e-05 -3.01991576229591e-05 -1.40939696155774e-05 1.35765318279185e-03 -1.07648176113197e-02 2.59051733871283e-03 1.85170552813293e-04 1.10559385940158e-04 -3.97442899493671e-05 3.15064534080373e-04 6.19140601141284e-05 -5.70467845994535e-06 -6.81529228129605e-05 1.56702210601783e-05 1.99428904595703e-05 3.54738335730124e-05 -3.30625327053363e-06
 4.61070001263360e-05 4.94677461168059e-05 -1.64308279014166e-03 1.16984593565420e-04 3.19449905965184e-04 3.56491900153674e-05 -1.54727414431084e-05 -2.71710913672714e-03 -3.65351013651565e-04 9.10480164786110e-04 9.32985739002097e-04 -9.99267806052731e-05 -1.84508296713554e-04 4.93028536947098e-05 -2.08743184281852e-06 1.62639814425336e-05 1.12694411278593e-05 -2.58943567900471e-05 3.19480651481384e-05 -2.22118913850412e-06 4.37634008755111e-05 -4.60354579540422e-06 -7.10928456050674e-05 5.46067068376443e-06 7.63088597795280e-07 -1.87909155057302e-06 -1.61722421092697e-05 2.93449502615824e-05 2.12974919641593e-05 -3.84641154103157e-05 2.99702198248068e-04 4.74555732780719e-05 -1.47479735800672e-03 2.34418990697248e-04 -2.13907075508817e-04 -2.08007250992101e-04 -1.77905694556664e-04 2.28773649469976e-03 2.28057319023597e-03 2.13415154262399e-03 -3.83003572385937e-04 -2.78220257834359e-04 -3.21377806438080e-04 3.61424348514324e-05 -4.61103709513647e-05 6.86773537990574e-05 1.73592308675824e-05 -3.91810272169962e-05 -5.95208495275922e-07 -4.79273348579181e-05 8.02071526052947e-05 -1.67740889611015e-05 -6.29317326358791e-05 2.74810452058249e-06 1.05198091406697e-06 -1.79895548627696e-06 -1.04011700651259e-05 -2.21193797959419e-05 7.56569697360995e-07 2.89985674863691e-05 -7.51468406146400e-06 5.33127287418965e-07 2.66454962636236e-04 -1.22852455746552e-04 -1.38512237795387e-04 1.30261508040164e-05 -4.49343854683702e-05 1.35377131346556e-03 -8.90918930386656e-04 4.98715447022631e-04 -1.15365101172660e-04 2.53940061053521e-05 -5.75326145258527e-05 -1.66327044264819e-05 -1.93666941138083e-07 -2.08056041961378e-05 1.28913403231029e-05 3.64136812751877e-05 -3.89750558988624e-05 2.80445043155119e-07 -6.89365481009600e-06 7.26800079646375e-06 1.08879037454439e-05 -9.39966438855544e-06 -2.22933179663533e-07 2.69876241764872e-06 -1.59804243826970e-07 -7.77062478874366e-06 2.03196971882838e-07 1.01897944758598e-05 -3.15220743836108e-04 2.29451113846498e-03 -5.48078720398669e-04 -1.14616764800214e-06 1.87245761150761e-05 -3.96954993468519e-05 2.93104028780202e-05 5.31103739662859e-05 -4.93019740346148e-05 -2.80183179894370e-06 -1.00881989536728e-05 1.79222981127841e-05 -2.72766198775768e-06 1.88702424528631e-06 4.39185977657535e-04 -2.75622338047866e-03 7.65204355655352e-04 5.07057881632277e-05 -3.69300928316379e-05 -1.21917038696226e-05 8.40269234681807e-05 -1.36226615268019e-05 5.23035090502243e-06 1.94474674453519e-05 -4.89298805210279e-07 6.19775311424361e-06 6.93721926140715e-06 -3.17722180220070e-06 -1.31343507829149e-04 1.27875414167393e-03 -2.40586744986011e-04 1.59762204619570e-05 -3.48238803662633e-06 3.71967073655785e-05 5.50085324773558e-05 -4.49667427609842e-06 8.46878851909366e-05 -8.68042340221371e-06 -1.44804450415517e-05 1.11138709278183e-05 1.37461387579953e-06 -7.81459039359576e-06
 1.27814461310350e-04 5.16347213755395e-05 -1.66728211835544e-03 6.10642071030834e-05 8.23023104061316e-05 8.70918922499704e-06 2.06588330879711e-05 -2.06035981323601e-03 -9.86307547339066e-04 -3.69599442563876e-04 6.35784768322408e-04 2.34290912593817e-04 3.24822674539413e-05 -2.53117263891350e-05 2.07556270832317e-06 1.00213485746916e-05 9.42619392349084e-06 -1.68188165146710e-05 1.49337561746837e-05 2.61379964363189e-06 3.63954802080916e-05 8.56630386104081e-06 -5.85819972913234e-05 -3.40087371281865e-05 -9.95626843702783e-07 8.67322973784159e-06 3.31882823614527e-06 3.25556899264381e-05 -3.67223688293277e-06 -4.08075157516448e-05 -3.58011995096903e-04 -4.84520704294499e-05 2.25892960874215e-03 -5.64812093735843e-04 -3.74586943957817e-04 2.68402103999234e-04 -1.62291073011690e-05 3.22801828110633e-03 -3.04030292633769e-03 -1.02003054377568e-05 -5.52143865138719e-04 4.46619760562824e-04 4.60030135793942e-06 -2.83344209405062e-05 5.39259365796002e-05 4.63538383488655e-05 5.38244501549689e-06 -7.81845005790964e-05 3.49925965965841e-05 5.36956812650921e-05 2.14360525419470e-05 6.75310055181685e-06 -6.77512125465868e-05 -8.22729847305296e-06 2.42230882322093e-07 3.71749053197669e-06 6.82559823985187e-06 -3.71783194863845e-06 9.25394993691054e-06 4.32178152011222e-06 -1.19515951793625e-05 6.32449322561752e-06 1.86993992763778e-04 -1.10732106413899e-04 -1.33836781565155e-04 5.64601000053709e-05 1.53110789192866e-05 8.86731120745768e-04 -3.85892252950775e-04 -3.88945258975036e-04 -1.02978752647287e-04 7.18652519175516e-05 2.01056083597504e-05 -1.19948806460897e-05 2.68556765246924e-07 -1.34427990749800e-05 -8.23926005679425e-06 2.34094006427122e-05 8.03051125319443e-06 -5.66756736643089e-07 1.09805036483613e-05 -1.53571096883539e-05 -1.96091914268287e-05 2.20569950466370e-06 1.45156574634466e-07 -6.88538332957704e-07 1.77915363756941e-06 -4.21178050489395e-06 -2.81205986682419e-06 5.49495297367762e-06 -3.14994887791307e-04 2.14764076786258e-03 -5.89957847919337e-04 1.33207737952109e-05 -2.36479138906469e-05 -5.27925030369773e-05 3.94177615792620e-05 -7.39490853983404e-05 -8.00124050293901e-05 6.90075828416568e-06 1.12008207206460e-05 1.57159558144291e-05 -1.50694276499437e-06 -3.67212973238172e-08 -7.43757445734429e-04 4.67240942748506e-03 -1.28732712133607e-03 -1.60464315278182e-05 7.32308241657660e-05 6.04600193830428e-05 1.47071508000384e-05 7.63817051304691e-05 7.28215506081616e-05 -4.89298805210279e-07 2.53313696405072e-05 -5.56969882353132e-06 -4.47047118848225e-06 -1.23741972975982e-05 1.27992839541024e-06 -4.03008339698709e-04 5.38874544349366e-05 4.12339137811116e-05 -1.99482790703751e-05 -5.39553347702571e-06 8.12046216641370e-05 -5.07074998102669e-05 -1.79769603695811e-05 -1.24980320956866e-05 -8.24595131330061e-07 -1.28722287777811e-06 9.64067343020951e-06 -1.11548781293174e-05
 -1.87218205351518e-05 3.27150123486033e-06 -4.83271677532945e-04 2.35422468942658e-04 5.52516712290453e-05 -4.38284927501597e-05 -2.02098248008189e-05 -1.14881666799260e-04 9.07107779474981e-04 1.04410851444632e-03 9.22796749419632e-05 -6.26703128271264e-05 -2.11124115010734e-04 -2.65308474974653e-05 2.80123739447308e-07 1.31024441203118e-05 1.24635567447538e-05 -2.02109639269617e-05 -3.85131860285677e-05 1.85366054372408e-06 3.80380541377811e-06 -8.97951629779429e-06 -1.19418967298585e-06 1.36801541002282e-05 1.04600372011790e-06 -3.79122615960690e-06 -1.82573855689458e-05 -3.38662669220887e-06 2.37409297236855e-05 3.72151514268431e-06 1.66181245034840e-05 5.21199419824672e-05 -2.06414932137248e-03 3.94042487788082e-04 6.83464329540884e-05 2.90398171316357e-05 -2.09728035138677e-04 -4.32667822356121e-04 -1.25848006168331e-04 2.39720216049789e-03 8.43075904146960e-05 -1.24757030749488e-05 -3.56447343781233e-04 -1.24393263884109e-05 6.70852370253094e-06 3.29126407930074e-05 1.82137927805400e-05 3.07547892656251e-05 -3.02794378121949e-05 -5.45815680125510e-06 3.05582416605005e-05 -2.17352552078841e-05 1.53762026103967e-05 9.61214981333081e-07 5.49053288295516e-08 -1.83940907141191e-07 -1.44357783410091e-05 -1.02596074485619e-05 -8.95025144167478e-07 1.13966517192622e-05 1.03545312286148e-05 -2.63663147335528e-06 -1.36401479237423e-04 8.38875211903860e-05 3.51338450969426e-05 -4.51124109826312e-05 -5.22670021942684e-05 -1.66141838631245e-04 9.89397089993814e-04 5.83298756215467e-04 3.78332421851187e-05 -6.16498203474669e-05 -6.58008288556769e-05 2.13715449176425e-05 -2.97150427869898e-08 1.62894041449463e-06 1.51144840307035e-05 -2.19245187315794e-06 3.00951802394969e-05 1.43350124895546e-07 -2.77608948051739e-06 8.33525733526122e-06 3.29257245407361e-06 6.73237758077024e-06 2.43340534623413e-07 -1.60030979252823e-06 -4.28423518189398e-07 -1.80290690388844e-07 3.88964693436500e-07 8.96872266151436e-07 -1.37425460141318e-04 1.27939197620418e-03 -2.90560977128440e-04 -2.13583500647717e-05 -2.97051683803072e-06 -9.13035515648002e-06 -3.05569016136272e-05 3.69420695826268e-06 -1.51305274540925e-05 -9.61367111884759e-07 3.41298752719027e-07 6.20750755922725e-06 8.35088453833327e-06 3.13568120547152e-06 3.72297561572639e-04 -1.94750508179006e-03 6.07940923355794e-04 1.96403438292050e-05 -4.62631423572954e-05 -8.51890777567440e-08 1.56200622823799e-05 -4.38594843886108e-05 1.34513840597732e-05 6.19775311424361e-06 -5.56969882353132e-06 1.10889663954172e-05 -1.89308140723406e-06 5.04875485230431e-06 3.72037000558851e-04 -2.34248367693248e-03 6.48649322100030e-04 1.65083254631856e-05 4.85189588955116e-05 -4.60968063439265e-06 2.41120765983746e-05 5.87606202885992e-05 2.04666889876612e-05 -8.96123769961346e-06 2.74143210077521e-06 8.06053156583064e-06 1.27154090447335e-06 5.73303340750011e-06
 1.93157704141319e-05 2.43746582734906e-05 -7.41978119360336e-04 7.48088339951356e-06 1.82713589891982e-04 -1.53310407868216e-06 3.41158503866863e-05 -1.38731801287864e-03 6.36721015367472e-04 -1.01670644283571e-03 4.85733461743318e-04 -1.79180991201283e-04 1.22143066451953e-04 2.39256660014445e-05 -1.72252812694489e-06 6.31264831205283e-06 1.27511951462456e-05 -1.15310018501685e-05 -1.56709943942155e-06 -2.16252044529850e-06 2.24083381253954e-05 2.82875412984889e-05 -4.12819807469320e-05 2.35732697870366e-05 -1.89832829649677e-07 -6.25761767010856e-06 1.34199193416238e-05 1.37804795472343e-05 -1.73022326533417e-05 -1.81133891340457e-05 1.64368114838390e-04 2.73475846130222e-05 -8.77758903449503e-04 1.58735510838046e-04 -9.37894324271986e-05 -2.19538982036719e-04 9.09033215596597e-05 1.07183896425910e-03 2.39756797715999e-03 -8.65343386947992e-04 -1.82432307430463e-04 -3.42384511394048e-04 1.63584891698752e-04 2.37231796927435e-05 -4.45784829329763e-05 5.75587444600813e-06 2.24505247037123e-06 -3.48026490987117e-05 -1.73185195269009e-05 -3.45850995158650e-05 3.01386886680409e-05 2.48451006590860e-05 -4.07651175403174e-05 6.77292531279218e-06 1.59998612480249e-06 -2.47449928705934e-06 1.38581540671519e-06 -1.12293902406008e-05 -7.94427754618231e-06 1.74243464309149e-05 -3.92102985318753e-06 -1.98035745189161e-07 8.73337580602383e-05 -5.23658412936833e-05 -7.12665888068600e-05 -3.67141366878834e-05 5.11162052631922e-05 7.64845179864521e-04 1.51921475160141e-04 -8.91404424758270e-04 -5.17232557299630e-05 -4.23212305780048e-05 6.81986221285702e-05 6.04957239247077e-06 -1.25088209368438e-07 -1.14562986443615e-05 -2.02047848989048e-05 1.94639394334436e-05 -8.40993438513397e-06 9.91565514390102e-10 -5.16663219600982e-06 -2.29308575695400e-05 1.02542042108255e-05 -2.79649578614050e-06 -5.71274648479700e-07 8.05831494175992e-07 3.11994866483031e-06 -4.32051804624374e-06 -3.63480956268420e-06 5.22009566666840e-06 1.03000540389213e-04 -6.92465778867034e-04 2.38771838251635e-04 2.33663348664948e-05 2.04135586839499e-05 9.25268312387658e-06 5.19195729890829e-05 4.97560402331112e-05 1.43039592363572e-05 -4.45564601936406e-06 -9.12911688403170e-06 1.48418491941906e-06 -1.24782938862006e-05 -5.38074112119168e-06 2.50895426372863e-04 -1.59120530395470e-03 4.41972396882900e-04 2.64065271950098e-05 -1.01642355286858e-05 -2.92165057195889e-05 4.56433148535995e-05 8.19672287788567e-06 -3.01991576229591e-05 6.93721926140715e-06 -4.47047118848225e-06 -1.89308140723406e-06 9.92707853965454e-06 -4.29596949373660e-06 -3.17261599602477e-04 2.44145733976865e-03 -6.10414986763807e-04 -1.54163869519772e-05 -3.24447866153098e-05 2.41190678277159e-05 -1.14485633381172e-05 -3.85566408741225e-05 3.76831650267902e-05 4.18007950616927e-06 -1.21635103458371e-05 -3.71694263812271e-07 -1.70757635660360e-06 -6.35496008062145e-06
 -1.15516477272671e-04 -6.27620515075321e-05 2.55434908533141e-03 -3.25757459590151e-04 -1.22747785321303e-04 2.19652726092021e-05 3.09020753568831e-05 2.23254734526087e-03 -4.30799275456339e-04 -2.90178939841383e-04 -6.99742365387235e-04 1.39544758815386e-05 -8.70324909882014e-05 1.88072184298353e-05 -2.54754900470812e-07 -2.62644572478196e-05 4.22401397417752e-05 4.81250775438586e-05 1.49415111310118e-05 -7.67590946503194e-08 -4.00943391819690e-05 3.36638693939443e-05 7.41307778966004e-05 -4.24000622716472e-06 9.29862918205558e-07 1.20541647291063e-06 -4.11905447973006e-06 -2.97891983518170e-05 4.65206451704060e-06 3.72816700108897e-05 4.72231116176524e-04 -1.81815759372698e-06 -2.21509774498512e-04 1.03647345608022e-04 3.39259523615228e-04 -3.83730732485251e-05 -1.84730366785031e-04 -3.07020921969106e-03 4.15788590766647e-04 2.01253076226949e-03 5.49167290741647e-04 -3.75657738542587e-05 -2.53166745905935e-04 1.17358824653102e-05 -8.49041052429108e-06 -9.31490021914638e-06 3.03901320132994e-05 9.85326198383245e-05 1.76957210893666e-06 -1.81554567860478e-05 -9.95539060598290e-06 6.89219625708294e-06 9.03676114592759e-05 -5.81736649111795e-07 -1.43227828651718e-06 7.68471727067914e-07 -2.32917336773623e-06 1.40454630829339e-05 1.11430222423498e-06 -2.05670765063176e-05 -8.40379041899880e-06 -3.88162078329677e-06 3.51210703741269e-05 -7.77928318710909e-06 8.51980209959986e-05 1.96459677103895e-05 1.21719313780095e-05 -5.79247860239712e-04 -5.46988600257329e-04 -7.51217016088500e-04 3.93421265217332e-05 2.43940412143535e-05 2.18352779583774e-05 -1.12429429690109e-05 8.11725611747734e-08 1.06590939919449e-05 -1.41424343954479e-05 -1.80650250261719e-05 -2.06829132482711e-05 9.35880262456346e-08 -1.33235531179133e-05 -3.16671579987548e-05 2.21830008098076e-05 -3.95110485656018e-06 2.15687524690072e-07 1.29725384515906e-06 5.17870593701106e-06 4.06157378473398e-06 -6.39367870243610e-06 -5.26350055580964e-06 -1.16985711122523e-04 8.01126882966803e-04 -2.02823181879879e-04 -3.88845850888959e-05 1.65564900937511e-06 4.73773471963199e-06 -7.58264546793524e-05 1.75284104315961e-05 2.46948572846664e-05 -5.74279185684691e-07 -1.18364619577463e-06 -6.30326104786870e-06 1.61686348641697e-05 5.05552598781480e-06 3.74587275036022e-04 -2.68275927167173e-03 6.67020591368026e-04 -7.34651333033050e-06 -5.34492831031325e-05 -1.27803768363837e-05 -4.85368393929069e-05 -7.59132109762677e-05 -1.40939696155774e-05 -3.17722180220070e-06 -1.23741972975982e-05 5.04875485230431e-06 -4.29596949373660e-06 1.63118351163795e-05 2.55508408287020e-04 -1.88018467215302e-03 4.75869461037316e-04 -1.43936955767013e-05 4.66838373886832e-05 -4.31604252917320e-06 -4.39556296611066e-05 8.31071817200180e-05 8.59468623963847e-06 4.10342851547422e-06 7.96834179240507e-06 4.36843798511385e-06 -4.42125549380083e-06 1.69199297676985e-05
 1.83044713195432e-03 -4.01434548618266e-04 5.30306277215913e-03 7.26047022947719e-03 3.39415992400727e-03 -9.67587566596398e-04 5.22650835995132e-04 8.24945143214825e-03 -8.24606659860712e-03 3.17579702884567e-03 2.87900893072609e-03 7.01936102837202e-03 -3.93284463119698e-03 -1.81002362002995e-03 9.50188678742248e-05 2.91375468993096e-04 1.04752082659119e-03 -4.15312570501950e-04 -1.04494385322593e-03 1.52039278316059e-04 -4.22123211767147e-05 4.94870600310982e-04 3.10594003057835e-04 -7.61274620745330e-04 1.83136075375425e-05 1.92129823782652e-04 -2.31062837055068e-04 -3.99480526399622e-04 3.24459420721647e-04 4.99300904891215e-04 -7.60537644870177e-03 2.78262184018082e-03 -1.11356514154533e-01 1.83826646728042e-02 6.89165963034356e-03 1.15878292801508e-02 -6.19251339970428e-03 -5.02635536101206e-02 -1.18985537925560e-01 6.60238884228415e-02 1.04248089855923e-02 1.64470269544899e-02 -8.59721718815891e-03 -1.45439547037530e-03 2.32678659166175e-03 4.50941873993878e-04 8.14552018392307e-04 1.83671493672412e-03 7.56196266316618e-05 1.61306099378699e-03 2.74399325068529e-04 -6.96866058475787e-05 9.37954441295906e-04 -2.93860405647649e-04 -4.23608646477425e-05 1.38353559201795e-04 -5.85255529516453e-04 -4.61001920608901e-04 -2.29056405047698e-04 4.84055800463371e-04 1.39551902329262e-04 -1.51203064256581e-04 -1.29785829763403e-02 4.07066015948335e-03 1.64537164618300e-03 5.27811785663959e-04 -2.63105161299804e-04 -1.53381769650264e-03 1.72106755301026e-02 -1.10897746403138e-02 2.04942493534094e-03 4.75412000714009e-04 -1.58756751264304e-04 2.38705595488403e-04 1.08188762039125e-05 5.46313710833818e-05 -1.63109900413900e-04 -7.43683108517492e-05 1.07295384969001e-03 -8.44271465935141e-06 -4.22906671715243e-04 -6.67535676525495e-04 6.75930515714223e-04 2.80721000753987e-04 2.14290161871923e-05 -7.18861010112897e-05 1.01206337114250e-04 -1.70835055051082e-05 -1.42668979078959e-04 3.28942533381696e-05 3.49113216205773e-03 1.69095938083060e-03 3.13673739346622e-03 -5.58279475239652e-04 -1.06605555993000e-03 7.51947197371368e-04 -1.32519401627289e-03 -2.48515465480618e-03 1.83958204860929e-04 2.17708876832113e-04 4.67666610468379e-04 -1.15921189528483e-05 3.30838111572983e-04 1.36825253079187e-06 3.69000273193175e-03 4.33554628540386e-03 2.78428243999649e-03 -5.10091933669572e-04 -1.04644152787106e-03 8.38908153004940e-04 -1.49200526294485e-03 -1.33235224877820e-03 1.35765318279185e-03 -1.31343507829149e-04 1.27992839541024e-06 3.72037000558851e-04 -3.17261599602477e-04 2.55508408287020e-04 3.05984301648134e-02 -1.99798738835671e-01 5.43468758467211e-02 1.39890768350652e-03 3.16149383604264e-03 -1.82899852803376e-03 1.48727639911166e-03 3.11990532873210e-03 -1.98062788592124e-03 -4.65435574554096e-04 6.08707583067623e-04 1.78202102854051e-04 2.90442116129228e-04 3.63002369686422e-04
 -2.53094883894446e-03 4.48584037677508e-03 -1.22276863399823e-01 -2.71653199695660e-02 -1.24152549426538e-02 9.47548795783838e-03 -4.96997072406853e-03 -1.12248327649578e-01 3.82754497226379e-03 -2.18058578206055e-03 1.11888266275656e-02 -4.67511334738136e-02 2.75635816351425e-02 1.46462519743742e-02 -7.07430195794050e-04 -3.43837236528063e-04 -8.42023153937413e-03 -8.34344350365883e-05 9.10193589979200e-03 -1.16797422459419e-03 2.05760671215804e-03 -4.51568762711445e-03 -5.40086244937926e-03 4.69566413833767e-03 -1.19213568073223e-04 -1.19371922561533e-03 1.59586232478690e-03 2.83077881497896e-03 -2.17561182224250e-03 -3.55996124782777e-03 -3.76799111326475e-03 -1.36255530215244e-02 5.46446483574010e-01 -9.06185208199228e-02 -4.56055824141652e-02 -8.33543718756272e-02 4.70676358822097e-02 3.52698471332258e-01 8.62460941884192e-01 -4.95573257277643e-01 -7.05011948134399e-02 -1.16586289639483e-01 6.44142144250092e-02 1.12983245464157e-02 -1.70350075052449e-02 -3.64006151331173e-03 -6.44792836771462e-03 -1.34401077984865e-02 4.95585432627342e-04 -1.22257821866139e-02 -1.03020994176500e-03 1.25472206860997e-04 -8.65095317698301e-03 1.93021529564525e-03 2.78982920590028e-04 -9.90776078123406e-04 3.23962822160059e-03 1.77534141422189e-03 7.69890514507325e-04 -1.46446957010009e-03 -5.63445202663740e-04 9.37400394248553e-04 2.36015622365573e-02 -1.37080376324541e-02 -1.07170901952671e-02 -1.35440612356923e-03 9.43842967797304e-04 3.55090967113889e-02 -1.84270665732129e-01 1.06281478603730e-01 -7.25596460624013e-03 1.06777941780100e-04 -1.18282400744608e-04 -3.02219831348242e-03 -8.15414470227729e-05 -5.85608271790314e-04 1.72462712309037e-03 8.57240237092902e-04 -9.82826723464655e-03 8.01950681127763e-05 2.47796035175227e-03 5.80138953164999e-03 -3.87038325759036e-03 -2.48098789290742e-03 -1.49922754558890e-04 6.28599380756670e-04 -8.77632758828259e-04 -2.28096216132533e-05 1.21572095767160e-03 -6.78049100847127e-05 -5.87577731760819e-04 -1.40905745707907e-01 1.82820545135333e-02 5.16686583056044e-03 7.68964484105820e-03 -2.51777452160342e-03 1.12169524157380e-02 1.80110376607142e-02 6.55184840412548e-04 -1.47583726226361e-03 -3.42890423312259e-03 -7.68780631337589e-05 -2.96343313220858e-03 -3.39433231650381e-04 -2.25038291603186e-03 -1.39301132060553e-01 1.54192367920019e-02 4.56917549865987e-03 5.45223931098535e-03 -7.42950681943002e-03 1.14931947551658e-02 8.74963470455768e-03 -1.07648176113197e-02 1.27875414167393e-03 -4.03008339698709e-04 -2.34248367693248e-03 2.44145733976865e-03 -1.88018467215302e-03 -1.99798738835671e-01 1.35291168109754e+00 -3.58762987065486e-01 -9.11440624681648e-03 -2.07526774572466e-02 1.18625199906247e-02 -9.06425344385966e-03 -2.14268675533714e-02 1.32232237562021e-02 3.13393253518245e-03 -4.25642763074328e-03 -1.06098698604527e-03 -1.84768853481918e-03 -2.82242952993999e-03
 3.94445353782267e-04 -9.65412090232748e-04 2.64324592032842e-02 7.75607498949495e-03 7.30929121494892e-03 -1.46548904028006e-03 6.69096896979335e-04 8.70752389115564e-03 -2.29410136591440e-02 1.36104401433152e-02 5.44140840009347e-03 1.35730760058391e-02 -7.93946799518600e-03 -3.14485824706190e-03 1.73227432231243e-04 1.67032237127364e-04 1.76370635790763e-03 -1.25340979388244e-04 -1.61559418308102e-03 2.70553280118414e-04 -2.55716017343940e-04 6.77039964240381e-04 8.85478896170928e-04 -1.54319109113085e-03 3.31520826611917e-05 3.92731611541183e-04 -5.21688459851475e-04 -6.09986993451658e-04 7.14358076439243e-04 7.60429727898382e-04 -2.04091509094814e-03 4.63327574102597e-03 -1.82907712022874e-01 3.05915567337441e-02 1.23376163524809e-02 2.13253824652752e-02 -1.17120357152144e-02 -8.92353918354612e-02 -2.20270336964279e-01 1.24387596204431e-01 1.83649676773210e-02 3.07267804902574e-02 -1.66320943162933e-02 -2.59469989910380e-03 4.27283633450832e-03 8.86156682338500e-04 1.43942749931609e-03 3.33168152845214e-03 3.45076518280085e-04 2.97446527117231e-03 4.79956501018524e-04 -3.07364561820090e-04 1.64769245929160e-03 -5.59360006046839e-04 -8.16737322289798e-05 2.56530197850035e-04 -1.00121362960684e-03 -7.54917891970841e-04 -3.04110556287762e-04 7.63146685525430e-04 5.17221585700948e-05 -2.83645076889264e-04 -5.79055182808191e-03 2.65928842499598e-03 1.79074886022174e-03 1.37525951857071e-03 -8.60606081365129e-04 4.91235411004417e-03 2.37089584865042e-02 -1.27860758546197e-02 1.07869893103612e-03 1.40915525844049e-03 -8.20506853409810e-04 2.66850056163274e-04 1.99339847068884e-05 -5.02029618086787e-05 -1.33465034345946e-04 1.26195927239487e-04 1.75579888968254e-03 -1.60169898068231e-05 -8.78963180508488e-04 -1.00815451457005e-03 1.40936758028923e-03 4.69461119435757e-04 4.06579991425054e-05 -1.18409203328757e-04 1.57105437830178e-04 -7.53446789199191e-05 -2.25903518626265e-04 1.16838669776404e-04 3.94630665628771e-03 1.52045231846098e-02 1.80671382345145e-03 -1.13969470834892e-03 -1.96502424109655e-03 1.09247388333159e-03 -2.61308334958862e-03 -4.59758348812563e-03 1.30225547399938e-04 4.10226221307217e-04 8.61993637889264e-04 -2.15167954093644e-06 6.58634195836852e-04 6.13475561950768e-05 4.39825500993625e-03 1.76715906405873e-02 1.82184866171903e-03 -1.00545557341803e-03 -1.73394386584657e-03 1.68666298929797e-03 -2.77906064760484e-03 -2.39197667890247e-03 2.59051733871283e-03 -2.40586744986011e-04 5.38874544349366e-05 6.48649322100030e-04 -6.10414986763807e-04 4.75869461037316e-04 5.43468758467211e-02 -3.58762987065486e-01 9.73608813467640e-02 2.57375025613751e-03 5.64793967621683e-03 -3.24829868930247e-03 2.78249325990050e-03 5.67166750531245e-03 -3.56839899553734e-03 -8.54300814229880e-04 1.11460316809593e-03 3.23517277583627e-04 5.22126054798584e-04 6.67360140923084e-04
 1.67245103348713e-04 1.24439102195268e-04 -4.58675037213868e-03 6.36314145817935e-04 7.84118321158247e-04 2.11728999732344e-05 -1.41930860902079e-05 -6.88089058895559e-03 -2.82263187733915e-03 1.69192592453210e-03 2.40819795071581e-03 6.62306637900389e-04 -3.90337818014078e-04 -6.99098718735517e-05 5.76241922982041e-06 4.89164584916287e-05 3.61706347322665e-05 -7.84956950476636e-05 1.86939295349549e-05 8.48050925699886e-06 1.04539043381606e-04 -1.46934241367084e-05 -1.60378193039028e-04 -9.48320086240192e-05 7.04682100729726e-08 2.36290542790064e-05 -3.24708688755612e-05 7.53024934606930e-05 4.49448473304790e-05 -9.62962418502865e-05 2.37046158392879e-05 1.41413458702985e-04 -4.46195112351888e-03 5.28450850362190e-04 -5.29197111563713e-04 8.06590334305385e-04 -4.56515615576206e-04 5.72134748669824e-03 -8.58117650544866e-03 4.84715664663095e-03 -9.08538732316291e-04 1.28444030871538e-03 -7.18610940032095e-04 -7.64370908578215e-05 1.55513639493875e-04 1.63729703938530e-04 4.29858999242083e-05 -1.01692100422832e-04 7.02482771085138e-05 1.18029032714120e-04 1.32302169179022e-04 -3.63645159209870e-05 -1.66793035025619e-04 -2.65883348625834e-05 -6.26582691097034e-07 1.04052317098062e-05 -3.37887060325667e-05 -6.20619873650788e-05 3.61609564620696e-06 7.46407592279163e-05 -4.80805279699062e-05 6.93068196838987e-07 9.01860800241900e-04 -2.94193573274047e-04 -3.25078654962793e-04 1.51889824702895e-04 -9.09146172203089e-05 3.06314015366690e-03 -1.13434840298946e-03 7.38220785399804e-04 -3.08086893926863e-04 1.95376648320080e-04 -1.14067669998243e-04 -3.43882151236751e-05 6.51796416372795e-07 -4.99453736390119e-05 2.14944230258481e-05 8.80468591718112e-05 1.22038973412212e-05 -8.19914672274489e-07 -1.25313704002583e-05 -3.45813676538203e-06 1.65116872983068e-05 4.67712250708982e-06 1.18912833587865e-06 -1.14284159955483e-06 9.59376095222038e-07 -1.96776396971267e-05 -2.83660289565888e-06 2.61981700145138e-05 -5.23667516770006e-04 4.98323307837456e-03 -1.11875772999377e-03 4.33759210164773e-06 -7.23539029009360e-05 -7.64624155565562e-05 4.55658066688419e-05 -1.91717539962254e-04 -1.63606437991358e-04 1.99222618158484e-05 3.07388809992677e-05 4.25474457483999e-05 5.32562405942409e-06 1.89071374071338e-06 -5.70964295263687e-04 5.15869425865015e-03 -1.16859857818856e-03 7.08078313026522e-06 3.21790773428871e-05 1.23674380454930e-04 5.24394579814858e-05 5.32848973546226e-05 1.85170552813293e-04 1.59762204619570e-05 4.12339137811116e-05 1.65083254631856e-05 -1.54163869519772e-05 -1.43936955767013e-05 1.39890768350652e-03 -9.11440624681648e-03 2.57375025613751e-03 1.62469861069962e-04 1.19178723354977e-04 -6.70640568419842e-05 2.85098703467804e-04 5.76962032074590e-05 -5.23081756703217e-05 -5.47842322389567e-05 1.40108014225829e-05 1.84836231318991e-05 3.30727295867731e-05 -1.35354281926107e-05
 4.28900968734668e-05 -1.02109031998788e-04 3.05350435624541e-03 3.71902798665045e-04 2.73907138451928e-04 -5.67342567531567e-05 6.00569792804714e-05 2.61092912556708e-03 -1.12087760084277e-03 1.15264200452276e-03 -3.59731784518919e-04 5.65099622756460e-04 -6.95077736668556e-04 -1.21104967113863e-04 7.14115559186878e-06 1.64171873503258e-06 1.57205221859319e-04 1.11089201098174e-05 -7.25420475858781e-05 1.30682537248656e-05 -4.56626996557532e-05 7.47885376862882e-05 1.11565944053912e-04 -6.49328074961769e-05 3.89953726602053e-06 1.61846105875008e-05 -4.69387064383576e-05 -6.45782102722762e-05 6.21555418254313e-05 7.97344443509854e-05 1.49358952976682e-04 2.83074394845788e-04 -1.15717714662437e-02 2.08619719395999e-03 1.01006679256396e-03 8.82260408628535e-04 -1.01023951554387e-03 -7.86663725522464e-03 -8.88433523678887e-03 1.10237577644143e-02 1.52482994880627e-03 1.26081287517717e-03 -1.48150438038732e-03 -9.98658627584674e-05 1.74359455140335e-04 7.73871839259124e-05 1.29747269975203e-04 2.97930107110739e-04 -5.01474360528508e-06 9.03896322087710e-05 6.16857209614507e-05 -2.27063102156778e-05 1.90005437465214e-04 -2.51383789990667e-05 -5.36239322162241e-06 1.22516057336606e-05 -6.69126494263139e-05 -3.44910276369099e-05 -1.65900505357575e-05 3.03013760759246e-05 -1.29632813792851e-05 -2.05456377929619e-05 -5.83913557202280e-04 2.68244621836068e-04 2.28722898782297e-04 6.15098485750850e-05 -6.94031943916783e-05 -6.63263017093066e-04 7.46985514284767e-04 -1.19406273249191e-03 1.66612220772080e-04 6.18593322839850e-05 -6.52763298372192e-05 6.48587720864876e-06 9.26691101116662e-07 1.21517589014601e-05 -1.37025216391578e-05 -1.81560571789052e-05 5.99628616860749e-05 -3.49047181911826e-07 -5.66534589669408e-05 -8.68431159776698e-05 9.03528946236113e-05 1.76661599505625e-05 2.26168550517156e-06 -3.90035030917885e-06 1.47319175765912e-05 6.90057869907330e-07 -1.97544666728484e-05 5.38220888190218e-07 -1.21292610736150e-04 3.24933501234704e-03 -4.96872896743362e-04 -1.18901012100994e-04 -8.42236598226738e-05 4.40943798056470e-05 -2.31311400895767e-04 -1.66622586233687e-04 1.53636047465037e-05 1.65884926481469e-05 3.48035425160405e-05 2.40216568156687e-06 5.64392780970827e-05 1.09907129315858e-05 1.22684606566201e-03 -5.61683601202858e-03 1.82743594866002e-03 -2.15697162267421e-05 -2.07238901130373e-04 5.22687984881125e-05 -1.51920343348870e-04 -2.53995447291915e-04 1.10559385940158e-04 -3.48238803662633e-06 -1.99482790703751e-05 4.85189588955116e-05 -3.24447866153098e-05 4.66838373886832e-05 3.16149383604264e-03 -2.07526774572466e-02 5.64793967621683e-03 1.19178723354977e-04 3.66118045528424e-04 -1.49939599162123e-04 1.08687748500322e-04 4.20762488304481e-04 -1.09434854109582e-04 -4.40323595027610e-05 5.94644571961206e-05 3.15946933506850e-05 2.01856884573139e-05 5.49914823294235e-05
 -2.49954288101598e-05 6.18067536266940e-05 -1.87098278008586e-03 -2.11317770040506e-04 -1.39488045443735e-04 6.03635165909575e-05 4.09334756471391e-05 -1.66895836361108e-03 1.08172272660155e-03 1.10435698258983e-04 2.68394061678836e-04 -6.72073065706003e-04 -2.12381664586217e-04 1.58055198356293e-04 -8.54185576564495e-06 6.58436921082213e-06 6.23122669121658e-05 -6.75680905645831e-06 7.30228951201269e-05 -9.18766860407499e-06 3.85437415607949e-05 5.37208515737103e-05 -5.95096497685470e-05 7.28069200583777e-05 1.40877912703611e-06 -1.95298889472598e-05 -1.63793833623840e-05 3.84643311420279e-05 1.92820960063162e-05 -5.09105714248320e-05 -9.56466043700059e-05 -1.63705478721907e-04 6.56931703815056e-03 -1.12652936057511e-03 -6.00929970011250e-04 -1.03604246414229e-03 -3.29133298165600e-04 4.67810555894841e-03 1.09029813672812e-02 3.93119444453855e-03 -8.98927141773634e-04 -1.49079728866399e-03 -5.48648766887355e-04 1.32240327494813e-04 -2.10306049485567e-04 1.32973172456338e-04 5.43405449211346e-05 -7.30626336296362e-05 -4.25739270522427e-05 -1.83731791340162e-04 1.31481384310424e-04 3.73361376895754e-06 -3.27642892494680e-05 2.47763227588164e-05 3.59203852280964e-06 -9.51491339607357e-06 2.03584025324627e-05 1.90336656250672e-05 2.49150243515920e-05 -2.10108833709432e-05 4.80365897772540e-06 1.16150636296484e-05 3.46798171947868e-04 -1.49593483462168e-04 -1.38523117639664e-04 -6.55371922678160e-05 -6.11480251955138e-06 4.60946066235260e-04 -1.23878471395459e-03 -7.49341204936104e-04 -9.89176802953958e-05 -6.74891454312284e-05 -2.92511457724480e-06 -1.44124320732931e-05 -7.66123340177344e-07 -7.31949581998645e-06 -1.25917761189458e-05 1.29915560713581e-05 -8.81816749726181e-05 6.92730759716671e-07 2.97872286929066e-05 -3.83536369848323e-05 -5.14440450811298e-05 -2.28566745475051e-05 -1.52297827070803e-06 6.67978250826061e-06 7.71863627879193e-06 -5.90014741752825e-07 -8.95166855325326e-06 1.16700495135860e-06 -1.41010441524148e-03 8.32517188450039e-03 -2.33624096874590e-03 -3.35589173179441e-05 9.22923241387250e-05 -1.73714163933253e-04 2.85595269206693e-05 2.47955820865473e-04 -1.41936814193877e-04 -1.96949716509285e-05 -4.37848868985604e-05 3.98425054319904e-05 5.41416820784528e-06 1.11630314014878e-05 7.27304680702095e-04 -6.78240578399241e-03 1.52034846240971e-03 1.10720490559645e-04 -4.34124622323951e-05 -5.16043667790320e-05 1.93117334378337e-04 -1.43953653439038e-05 -3.97442899493671e-05 3.71967073655785e-05 -5.39553347702571e-06 -4.60968063439265e-06 2.41190678277159e-05 -4.31604252917320e-06 -1.82899852803376e-03 1.18625199906247e-02 -3.24829868930247e-03 -6.70640568419842e-05 -1.49939599162123e-04 1.89095396275100e-04 -3.26112717740254e-05 -1.05851986641916e-04 3.15324621232982e-04 1.19599617327518e-05 -5.68445626654386e-05 1.57351189664153e-05 -1.97438763916351e-05 -1.43479056542390e-05
 8.49454595151909e-05 3.27365176871286e-04 -1.24323850082646e-02 1.57248904350596e-03 1.55085381869476e-03 1.26045976140236e-04 -7.81213781663438e-05 -1.59032849054667e-02 -5.92959397411848e-03 4.29593523427000e-03 5.36355884151603e-03 9.76830633069520e-04 -7.80134858165583e-04 -1.54508782119562e-05 5.77374525452957e-06 1.30895390650631e-04 2.62651360961227e-05 -2.16581393908063e-04 1.16475547362356e-04 8.44170014179835e-06 2.57779226131759e-04 -6.71891481522006e-05 -4.12314528579462e-04 -1.58471806525574e-04 6.51594295002290e-08 3.88380735943001e-05 -7.01698531139485e-05 1.86236779834524e-04 9.66807387778071e-05 -2.38273211425447e-04 1.09543270020918e-03 2.31330030500437e-04 -6.54694664699189e-03 6.90141913902173e-04 -1.55678219987319e-03 9.63522730458601e-04 -7.78478938837949e-04 1.56440988287918e-02 -1.03627895323878e-02 8.47071382764251e-03 -2.61800391110501e-03 1.67263478463916e-03 -1.32318987571280e-03 -5.86983174012480e-05 1.75646416014857e-04 3.64164599681457e-04 5.91845894387080e-05 -3.21725563740466e-04 1.43489124214389e-04 1.28138756362845e-04 3.15768113662687e-04 -9.05300565223393e-05 -4.28588279634480e-04 -3.98392620915569e-05 1.27770913189898e-06 1.35712711949412e-05 -5.73686155415894e-05 -1.27324248477618e-04 1.34291098322717e-05 1.58470469274259e-04 -5.16071647166540e-05 9.05079354669701e-06 1.53109945636788e-03 -5.30527270888883e-04 -7.28059309865010e-04 3.07528689223165e-04 -2.21991014464629e-04 6.38439267613893e-03 -4.05981755284436e-03 2.71299417842362e-03 -6.12925290036112e-04 4.12535621579191e-04 -2.88221003771970e-04 -9.99574331656097e-05 6.05304691858575e-07 -1.05489738267431e-04 6.80739068711705e-05 1.85130904516916e-04 -6.37590032824523e-05 -7.88170325399702e-07 3.45207305499140e-06 3.95052802977394e-05 -1.46714338584394e-05 -1.25689482215816e-05 1.36740235511042e-06 3.39571099219399e-06 -4.34628817885116e-06 -4.08596522886272e-05 2.84718918389074e-06 5.40780107205895e-05 -1.33548683292251e-03 1.11785061951108e-02 -2.64494876504348e-03 3.73663170833821e-05 -8.51953974456993e-05 -2.05738642605315e-04 1.81800486574160e-04 -2.37158901514972e-04 -3.70769076852278e-04 2.91277942193199e-05 3.34923708723102e-05 1.00499842536071e-04 -8.39013495287283e-06 3.24930248903592e-06 -8.62624303497429e-04 7.64512775185712e-03 -1.74158957694379e-03 8.05721469751668e-05 7.33120546927503e-05 1.98036932137197e-04 2.43392219467604e-04 1.53202342535054e-04 3.15064534080373e-04 5.50085324773558e-05 8.12046216641370e-05 2.41120765983746e-05 -1.14485633381172e-05 -4.39556296611066e-05 1.48727639911166e-03 -9.06425344385966e-03 2.78249325990050e-03 2.85098703467804e-04 1.08687748500322e-04 -3.26112717740254e-05 5.66002350528263e-04 -2.05097016134606e-05 4.26263747979728e-05 -9.84860466264858e-05 -8.96766918711474e-06 3.99912500856118e-05 5.63923945576631e-05 -5.16199951532331e-05
 -5.11915458677622e-04 -2.55273252066748e-04 8.67439670229891e-03 -3.55489636347687e-04 -2.65436144796295e-04 -4.76799198724342e-05 8.48890851224750e-05 8.21644656571802e-03 -5.14109279705298e-04 1.80013476036449e-03 -2.64858611407440e-03 3.26687013806715e-04 -1.03544702343523e-03 -7.29726531306525e-05 4.69672156508549e-06 -6.51940401084050e-05 2.32241625606220e-04 1.33128444811142e-04 -6.47947131762374e-05 1.12884928383808e-05 -1.74605892048470e-04 1.19393919784772e-04 3.45035624262250e-04 -3.52550220440464e-05 6.63608133127859e-06 8.72997914751381e-06 -7.33538891783309e-05 -1.25545100637862e-04 9.35588189288108e-05 1.55942224232593e-04 3.61298171817773e-03 1.97735085312628e-04 -8.75530180220745e-03 2.09162266759629e-03 1.63711691918414e-03 5.29549234096121e-04 -1.50305844362120e-03 -1.40065892529139e-02 -5.11823882872227e-03 1.64751276078493e-02 2.47489922455781e-03 7.30684472238570e-04 -2.23799818218000e-03 -5.60741566597842e-05 1.05558763559926e-04 7.80656885720038e-05 1.94278791139800e-04 5.08008337302568e-04 -4.31994949203067e-05 8.80841010273596e-06 4.50269655419804e-05 -3.59079280598448e-05 4.09871916192651e-04 -1.62569381622945e-05 -7.25961248787643e-06 9.93979939333678e-06 -6.34655684603682e-05 1.76161345131787e-05 9.60158747122236e-07 -4.20429953123169e-05 1.18119304324606e-05 -3.00085526551851e-05 1.77450045723977e-03 -6.19077300087887e-05 4.77013217503476e-04 2.74232497641482e-05 -1.03964562829177e-04 -3.51750984637333e-03 5.71568680074153e-04 -1.70593814246506e-03 9.36047045060757e-05 1.25242801779901e-05 -1.01736374612090e-04 7.47033323653163e-06 7.32739040765164e-07 4.60979359022669e-05 -1.92397864512308e-05 -7.58259784576759e-05 3.35798131013075e-05 2.21863530903402e-07 -5.71632042727241e-05 -1.24809660897993e-04 8.85827389371706e-05 1.22565252163407e-05 2.51041186680549e-06 -1.65826940635056e-06 2.23468694040091e-05 1.30700712327056e-05 -2.86425833486307e-05 -1.47331352125032e-05 -8.57208323427863e-04 7.44779179772896e-03 -1.72538003114169e-03 -2.28231309303371e-04 -5.66855158453960e-05 -9.59749805952840e-07 -4.23189814525378e-04 -6.05983529737743e-05 3.92633443282999e-05 7.97065219178526e-06 2.11045642282286e-05 -5.15874919115430e-06 9.97963054137056e-05 2.99256931072869e-05 2.09547459902916e-03 -1.26679940056351e-02 3.51613803207715e-03 -1.53375010925217e-05 -3.27834970095777e-04 1.52823525643201e-05 -2.16861047812371e-04 -4.34928080215112e-04 6.19140601141284e-05 -4.49667427609842e-06 -5.07074998102669e-05 5.87606202885992e-05 -3.85566408741225e-05 8.31071817200180e-05 3.11990532873210e-03 -2.14268675533714e-02 5.67166750531245e-03 5.76962032074590e-05 4.20762488304481e-04 -1.05851986641916e-04 -2.05097016134606e-05 5.85094440426789e-04 -1.39992840902783e-05 -2.95730297401807e-05 6.48559089957139e-05 4.32053417763377e-05 1.04480474826896e-06 9.20150500571198e-05
 3.08861024540238e-04 1.37192601429355e-04 -4.91234563584871e-03 2.43015388572018e-04 5.10630549541319e-05 8.61408990073530e-05 1.41772464807099e-04 -4.00874187899848e-03 1.85200433752511e-03 4.15999550707213e-04 1.23809173644762e-03 -1.12175380011684e-03 -8.08423977921529e-04 2.60953238442331e-04 -1.40824311668745e-05 5.43663693914509e-05 2.33012052073892e-04 -7.60834243046087e-05 1.04748797736917e-04 -1.15094632304448e-05 1.11115076492325e-04 1.71567712533474e-04 -1.57513190293830e-04 1.20578215475328e-04 4.98256618239327e-06 -3.34118731670356e-05 -5.56899888792666e-05 6.28784911895229e-05 6.98841174111966e-05 -8.58650250820494e-05 -2.15966907009113e-03 -1.29042124078386e-04 5.13167106249070e-03 -9.90434044114223e-04 -9.07668327993021e-04 -1.68457133089047e-03 -1.25830440637320e-03 7.53627634381760e-03 1.80490335879632e-02 1.45271091966443e-02 -1.35150607472554e-03 -2.44184703818169e-03 -1.96930031551630e-03 2.21056577289755e-04 -3.46018167937060e-04 3.58316333271992e-04 1.94295454602514e-04 -3.97834929320283e-05 -9.75453039755675e-05 -3.37743011122398e-04 3.57085876008315e-04 7.23481794435873e-06 -2.53617556114725e-05 3.81198937963751e-05 5.53463558052689e-06 -1.30563776218070e-05 -3.45676969097558e-06 -4.07023264964273e-06 3.40391054340051e-05 6.07804993037696e-06 -5.18071109675215e-06 1.57580727019737e-05 -9.89226098105281e-04 1.12881512279419e-04 -2.12219618197208e-04 -1.15245461240799e-04 -2.98980514964629e-05 1.40923181238202e-03 -1.99290996804367e-03 -2.75385337365658e-03 -4.12238084355413e-06 -1.19264794703494e-04 -1.14305015612898e-05 -2.25265994965984e-05 -1.07850006897597e-06 -1.67598984914353e-05 -4.50088591965259e-05 3.12236273202804e-05 -1.46650198697015e-04 1.17528315294359e-06 3.27204635034049e-05 -1.45631698212843e-04 -6.02716189741685e-05 -3.74380020821351e-05 -2.15759817787842e-06 1.15730475036849e-05 2.67015720135382e-05 -4.45965089468038e-06 -3.28753038994670e-05 7.38965564805547e-06 -2.95997076794271e-03 1.93711288598395e-02 -5.10252692384417e-03 -1.13273284925660e-04 1.47800567921816e-04 -3.41154891827926e-04 -1.26208125184946e-05 4.26962086376904e-04 -3.15402178723871e-04 -3.18364979923278e-05 -7.34210262332609e-05 9.57690788295587e-05 3.25289749644889e-05 2.36412790314247e-05 2.35054398982078e-03 -1.76464649362618e-02 4.36802117930345e-03 2.44549682538818e-04 -2.09932231707818e-04 -7.95577590543156e-05 3.70607171096378e-04 -1.45800818634631e-04 -5.70467845994535e-06 8.46878851909366e-05 -1.79769603695811e-05 2.04666889876612e-05 3.76831650267902e-05 8.59468623963847e-06 -1.98062788592124e-03 1.32232237562021e-02 -3.56839899553734e-03 -5.23081756703217e-05 -1.09434854109582e-04 3.15324621232982e-04 4.26263747979728e-05 -1.39992840902783e-05 6.19960443651252e-04 -7.46562625264826e-06 -9.33335986693717e-05 5.41944427607896e-05 -2.45747952578307e-05 -9.13573357213087e-06
 -3.34185492622593e-05 -4.69006400491889e-05 1.59424511840129e-03 -1.80403831953501e-04 -2.98092038592099e-04 3.71826901420725e-05 3.34405350843237e-06 2.58868148562399e-03 -1.53418426317888e-04 -7.87490057528942e-04 -9.32216455258613e-04 -1.12813729325764e-04 2.03095786096603e-04 4.51749125312779e-05 -1.80834540741081e-06 -1.64390550202757e-05 -2.33203838869492e-05 2.52575478432485e-05 2.84975636951735e-05 -3.83046375023055e-06 -4.19086659931261e-05 1.86348056666682e-07 6.30116515320671e-05 1.19958563383996e-05 -3.85440647045590e-07 -2.71395737201739e-06 1.66244865913439e-05 -2.86085712550134e-05 -2.22231837434133e-05 3.68590258007492e-05 -3.46042749152365e-04 -4.86784711691968e-05 1.43640035152833e-03 -1.34337734344179e-04 2.03149791078591e-04 -2.34641077382290e-04 2.41264571125033e-04 -2.17688747362217e-03 2.40860799553537e-03 -2.64514933149189e-03 3.38227033111697e-04 -3.26638911489748e-04 3.84698195939027e-04 3.32944760804492e-05 -4.72512473329366e-05 -7.57056085363882e-05 -2.54726475760920e-05 3.09060450456874e-05 5.39520207058259e-06 -3.31876378803217e-05 -6.33433437860099e-05 1.62447303238492e-05 5.33903463707422e-05 5.39156469025743e-06 -5.14602802445602e-07 -2.60961517967707e-06 1.32402540966430e-05 2.20220255017248e-05 -3.41803653609104e-06 -2.63794228916907e-05 6.60957734168067e-06 -7.79817552931425e-07 -2.25101153158752e-04 1.03293034589118e-04 1.33282993250128e-04 3.07065396749276e-06 4.16973629095195e-05 -1.28794489323210e-03 -6.85155867505341e-04 -2.57336498860936e-04 1.12268433049779e-04 6.80017052557271e-06 5.13656007838672e-05 -1.21066084385326e-05 -1.98954036519048e-07 1.95177428188962e-05 -8.46418779041033e-06 -3.46095155101022e-05 -3.51569575064919e-05 3.28385356072515e-07 6.69028173956793e-06 5.03685014471958e-06 -9.41804367162268e-06 -8.13490929049615e-06 -3.42020282061978e-07 1.98142609258147e-06 -1.23471341553629e-06 7.28310252724970e-06 2.17454578631998e-06 -1.00402878844132e-05 3.40661740491045e-04 -2.78526991672202e-03 6.66652537096371e-04 7.63772322211389e-06 2.09942640799484e-05 4.33814577489714e-05 -7.83817983435177e-06 5.18656781266562e-05 7.14791530747703e-05 -4.41378408320191e-06 -8.70794066332675e-06 -1.89421749504334e-05 -5.06305445721024e-06 -2.40794178979260e-06 8.24711510591573e-05 -1.06308466288645e-03 1.89398964580367e-04 -1.51934825044363e-05 1.82578421440107e-06 -4.22144419800293e-05 -3.66418724845764e-05 -6.74037565370610e-06 -6.81529228129605e-05 -8.68042340221371e-06 -1.24980320956866e-05 -8.96123769961346e-06 4.18007950616927e-06 4.10342851547422e-06 -4.65435574554096e-04 3.13393253518245e-03 -8.54300814229880e-04 -5.47842322389567e-05 -4.40323595027610e-05 1.19599617327518e-05 -9.84860466264858e-05 -2.95730297401807e-05 -7.46562625264826e-06 2.12452855781389e-05 -1.98592320589942e-06 -8.70240661840309e-06 -1.02681171219399e-05 2.87089807045435e-06
 -1.44401429712185e-04 -5.03738328527133e-05 1.74236840666836e-03 -7.77632603822591e-05 -1.43818731323323e-04 -1.39378913790989e-05 -2.96709153421326e-05 2.07479374011805e-03 -5.03117069591922e-04 6.07910358375293e-04 -6.31742827415226e-04 2.32115832073164e-04 -3.78374357779148e-05 -4.72883796720409e-05 2.75092952968659e-06 -1.46930073698855e-05 -1.89031160274923e-05 2.49061766065156e-05 -1.73298225026645e-05 3.12643012815322e-06 -3.67475776005043e-05 -2.70557872374395e-05 6.33773758664264e-05 -2.64173371892040e-05 1.16165736974778e-08 7.18303040989775e-06 -5.32692782233120e-06 -2.75104959407363e-05 6.98124535505534e-06 3.57384452941028e-05 3.80187139426460e-04 1.40110091803774e-05 -7.67521081421336e-04 1.50158654546268e-04 3.01158724478460e-04 3.32511130996400e-04 2.01186736820762e-06 -2.72381602012985e-03 -3.54083502287367e-03 -1.69865163875046e-04 4.91805803416732e-04 4.87595127577902e-04 -1.12036945528818e-06 -4.08258087070265e-05 6.80316612781161e-05 -4.52692730304578e-05 -1.13606609136116e-05 6.53818210900089e-05 1.52350674019424e-05 5.53781831664738e-05 -5.93719145991233e-05 -1.64130600736472e-05 6.10554506267578e-05 -8.58673302683807e-06 -2.05423465613100e-06 3.27980110876206e-06 -4.56583393206879e-06 9.08779414713142e-06 -1.50966196069510e-07 -1.46908368646970e-05 2.91958428432967e-06 -3.44511966323558e-06 -1.72931158552117e-04 7.42695977275901e-05 1.07412346029349e-04 3.01660633317157e-05 -3.02819888155499e-05 -8.20572868357288e-04 2.41846917694736e-04 6.84327013559240e-04 7.60220730140308e-05 3.12374083504716e-05 -4.10738366205722e-05 1.22106634813457e-06 2.33781028311170e-07 1.32797826236596e-05 1.47182852244981e-05 -2.28012288919160e-05 2.42794482808146e-05 -8.68614503256958e-08 -6.70793892293894e-06 2.13742262993208e-05 1.07690600835411e-05 6.75582344500533e-06 7.19224534161506e-07 -1.92654951308420e-06 -3.34177800641249e-06 4.69050580812747e-06 3.93912775904811e-06 -5.92580039612938e-06 2.60156250933345e-04 -1.57722848958102e-03 4.00011700474284e-04 -1.61955153683930e-05 -3.04860739411490e-05 3.91358265409914e-05 -5.93840025417778e-05 -7.58171821649059e-05 3.80666850263351e-05 6.12583157573972e-06 1.42194050500477e-05 -1.39813757240696e-05 9.99908348563748e-06 2.17037314165182e-06 -2.23253588176667e-04 1.77725009254462e-03 -4.34920957856717e-04 -4.41425394218965e-05 3.49734554926890e-06 2.17271488901476e-05 -8.60678494932118e-05 -2.15321219433057e-05 1.56702210601783e-05 -1.44804450415517e-05 -8.24595131330061e-07 2.74143210077521e-06 -1.21635103458371e-05 7.96834179240507e-06 6.08707583067623e-04 -4.25642763074328e-03 1.11460316809593e-03 1.40108014225829e-05 5.94644571961206e-05 -5.68445626654386e-05 -8.96766918711474e-06 6.48559089957139e-05 -9.33335986693717e-05 -1.98592320589942e-06 2.21325415342173e-05 -3.46355271197652e-06 2.93867826335322e-06 1.18101240349886e-05
 -2.63946990532218e-05 1.59052667522230e-05 -9.62623694944135e-04 2.44159715147409e-04 3.57494046326430e-05 3.02353374434081e-05 5.48478129351556e-06 -5.11986843194878e-04 -6.48720921435334e-04 6.14375262842346e-04 1.59739632200215e-04 1.38428399079316e-05 -2.06740232079661e-04 2.86930115489786e-05 -6.86179640274787e-07 1.63817351208675e-05 3.35793686071485e-05 -2.48225419528894e-05 2.55491138445158e-05 -1.82704196855589e-07 1.16084316909155e-05 1.28039596954278e-05 -1.23813353350728e-05 -7.84196214595802e-06 9.97853468557797e-07 1.62706839848681e-06 -1.61023272109285e-05 4.89379547498993e-06 2.11450831725166e-05 -7.05802975607922e-06 9.38339852252012e-05 2.65262422431195e-05 -1.02484204990270e-03 2.20486838431331e-04 -4.69447357693250e-05 -5.60280170515523e-05 -2.64330124532046e-04 4.97994868890985e-04 6.27630138872448e-04 2.96355827018938e-03 -9.24910475248896e-05 -4.89616408917314e-05 -4.20119582578604e-04 1.77702267922941e-05 -1.43749742349915e-05 5.70331748173594e-05 3.18601959327774e-05 1.52660444027201e-05 5.87632902240162e-06 -2.45112008818845e-05 5.15229015649689e-05 -1.16945733854882e-05 2.63211790291008e-06 -1.36025186736164e-06 -2.64753065750388e-07 5.03573263087279e-07 -1.06984152558159e-05 -8.07783823660348e-06 2.56002362406955e-06 8.59370934389006e-06 5.49819593104559e-06 -6.77293641002634e-07 -3.82625580086184e-07 4.62950510646913e-05 1.06874406018680e-05 3.01909669938332e-05 -3.26447329999235e-05 -1.16877963445812e-04 -8.29644666094365e-04 2.06701209859775e-06 1.21335388348290e-05 4.21615740692029e-05 -3.81750719350812e-05 -1.72097833715316e-05 -4.46754682701158e-08 4.86439222420063e-08 3.15227253878812e-06 5.01248648041899e-07 -2.90025691293897e-05 2.09397123276103e-07 3.95189515518547e-06 -1.28958181366723e-05 -8.47800473842432e-06 -6.32490061888910e-06 1.27988285175345e-07 1.88147609872340e-06 2.76972578225827e-06 -7.06377981365415e-07 -3.57849348191984e-06 1.25682840403949e-06 -3.55993376706661e-04 2.66122689081114e-03 -6.61065028501311e-04 -2.36530161896919e-05 4.03988831621617e-06 -3.70164427155258e-05 -2.09156156155984e-05 2.00804871080506e-05 -4.34487280261371e-05 5.96350081396801e-08 -3.29201396735812e-06 1.36963713534493e-05 9.16874339066363e-06 4.14424903119682e-06 3.57319362080009e-04 -2.28220561079969e-03 6.07722349467485e-04 2.58641975964210e-05 -4.24767484294276e-05 2.99885637540524e-06 3.06966628707492e-05 -3.84271387017616e-05 1.99428904595703e-05 1.11138709278183e-05 -1.28722287777811e-06 8.06053156583064e-06 -3.71694263812271e-07 4.36843798511385e-06 1.78202102854051e-04 -1.06098698604527e-03 3.23517277583627e-04 1.84836231318991e-05 3.15946933506850e-05 1.57351189664153e-05 3.99912500856118e-05 4.32053417763377e-05 5.41944427607896e-05 -8.70240661840309e-06 -3.46355271197652e-06 1.11825397738864e-05 1.53244837618184e-06 2.15790687996110e-06
 2.18060246261052e-05 2.96013490675067e-05 -1.02186871809760e-03 1.19664123960178e-04 2.09916185270835e-04 4.38780466147118e-06 2.90080452081401e-05 -1.69473133725561e-03 -6.18678352950205e-04 -5.76852128263062e-04 6.17998201741274e-04 1.52018081215274e-04 2.82206742917504e-05 -1.75632300130784e-05 1.44230016169343e-06 1.05626624177423e-05 2.02364483532385e-05 -1.73866996775158e-05 2.76828352698030e-06 1.88904209614487e-06 2.70488839739554e-05 2.04000256743611e-05 -4.33341604824893e-05 -2.11078344034895e-05 -3.60323936608557e-07 5.27420611492040e-06 5.24757392208768e-06 1.78138060410838e-05 -5.99271240126355e-06 -2.27792191020484e-05 2.51629411564449e-04 3.87799475450861e-05 -1.21540849617196e-03 1.42018374512997e-04 -1.14700517251573e-04 1.87772294785573e-04 -2.94470517097137e-05 1.31088418679848e-03 -2.01086667995534e-03 2.72509410232459e-04 -2.00249775612075e-04 2.98537313299731e-04 -1.02144298174494e-05 -1.87287489394027e-05 3.65165550019563e-05 2.67381359119402e-05 1.13383523681583e-05 -2.99443709728908e-05 1.74728483977560e-05 3.14199087770467e-05 2.70439525843351e-05 1.31910935237225e-05 -4.44552811230038e-05 -5.69264933096622e-06 1.86481178830977e-07 2.62918462354453e-06 -4.95969168475335e-06 -1.53814231030736e-05 -3.70103346951522e-06 1.95958165310121e-05 -4.78278558679837e-06 3.23125152969338e-08 1.25690908446561e-04 -6.09220576669033e-05 -8.39643394259486e-05 3.28558222795090e-05 2.63987818653108e-05 8.56412470922743e-04 -2.19714044936204e-04 -6.72065161169751e-04 -6.92312395786351e-05 4.27573574330815e-05 3.70741214357601e-05 -7.07994890186177e-06 2.13417347941178e-07 -1.31214315154726e-05 -1.40637154766765e-05 2.28285293941157e-05 3.87635247913650e-06 -3.47939789852038e-07 -5.12680620913588e-06 -2.35395439843429e-05 8.46240789343235e-06 1.28029984218407e-06 1.14822503780159e-07 -3.44827326233930e-07 3.10079305568919e-06 -5.13810276100896e-06 -4.21933997517281e-06 6.52425615916365e-06 4.40554323130195e-06 3.38441757136806e-04 -1.74968928116651e-05 1.30818497159921e-05 -1.66716886490554e-05 -3.37086258128318e-06 2.92161219660665e-05 -4.76474465918596e-05 -2.12608449005809e-05 4.76928809065151e-06 7.58854472320317e-06 6.64843656681240e-06 -3.66562124419920e-06 -3.04813339687889e-06 -1.77021972017593e-04 1.50400110470447e-03 -3.55156531467772e-04 -3.01713182703384e-06 1.52239550485474e-05 2.43458061384672e-05 6.35680436715029e-06 2.14274322897141e-05 3.54738335730124e-05 1.37461387579953e-06 9.64067343020951e-06 1.27154090447335e-06 -1.70757635660360e-06 -4.42125549380083e-06 2.90442116129228e-04 -1.84768853481918e-03 5.22126054798584e-04 3.30727295867731e-05 2.01856884573139e-05 -1.97438763916351e-05 5.63923945576631e-05 1.04480474826896e-06 -2.45747952578307e-05 -1.02681171219399e-05 2.93867826335322e-06 1.53244837618184e-06 8.33727498501178e-06 -3.85586614026835e-06
 -1.05427683132135e-04 -7.11758155280173e-05 2.99710450092971e-03 -4.02512264811773e-04 -1.53382560227625e-04 -3.36840323015727e-05 4.51632662579048e-05 2.59915292440390e-03 6.29965541176030e-04 -6.16093362216093e-04 -7.86823504800847e-04 -1.57663014393122e-05 -6.43405615196370e-05 -2.59756622981555e-05 7.95820862169680e-07 -3.18391568408927e-05 5.15044791132156e-05 5.79811801836970e-05 -3.05522520531945e-05 2.14397847010514e-06 -4.47160067796430e-05 4.43523223151288e-05 8.31689667109944e-05 7.74996708700305e-06 8.32849511199210e-07 -1.81631221869610e-06 -1.02727411970879e-06 -3.38190732739234e-05 4.01308030112083e-07 4.25673391049782e-05 4.84153701239804e-04 -1.09492834021454e-05 1.36702954227201e-04 -3.89174551321269e-06 3.74963173903354e-04 5.42716037958052e-05 -1.90476162767026e-04 -3.43464749302237e-03 -5.15837833597898e-04 2.04013573672213e-03 6.26115286922367e-04 4.31802479389022e-05 -2.41787500863529e-04 -1.45371454278342e-05 1.37793808219874e-05 -1.32968122001729e-05 3.50229886987257e-05 1.08820941310416e-04 -2.12949963619617e-05 2.69972185649884e-06 -1.90043318715119e-05 1.36351423265025e-05 1.05692585749131e-04 4.02441867628617e-07 -1.12342168529345e-06 1.22237378890426e-06 -7.10081840225505e-07 1.77804032018919e-05 1.70610547745996e-06 -2.57008703530662e-05 -9.82770958121882e-06 -3.62873290504186e-06 -8.64400552942159e-05 7.73747341203244e-06 9.04243579254120e-05 -2.99223020691401e-05 2.75683192892624e-05 -5.90189128836388e-04 7.84471386384296e-04 -1.10355413494321e-03 5.19964849596045e-05 -4.53462909297558e-05 4.33399674100382e-05 1.65278296242860e-05 1.92995960395368e-07 1.21757740205698e-05 -2.16681952217198e-05 -2.05782656871582e-05 2.57312471542800e-05 -1.67021527252702e-07 -1.54763420231103e-05 -4.32420170512840e-05 2.59158936565385e-05 6.41996325491356e-06 2.62626656532657e-07 -1.40538675194842e-06 6.72136075349365e-06 4.94645187138147e-06 -8.47232589536740e-06 -6.17506279087491e-06 -1.24915211150272e-04 8.72710648316714e-04 -2.24758808702513e-04 -4.23233873582592e-05 -6.51399009631055e-06 5.13821346040247e-06 -8.58307054530976e-05 -3.28342777771399e-06 2.55293387834449e-05 -5.25608006501303e-07 3.10344985469010e-06 -7.99682930514481e-06 1.88161127239102e-05 4.98264068094524e-06 2.52126232606981e-04 -1.79344688150468e-03 4.53658852634730e-04 -1.67830580183220e-05 -4.55096852762125e-05 -2.20856858710041e-06 -6.32407532218882e-05 -7.37362140002390e-05 -3.30625327053363e-06 -7.81459039359576e-06 -1.11548781293174e-05 5.73303340750011e-06 -6.35496008062145e-06 1.69199297676985e-05 3.63002369686422e-04 -2.82242952993999e-03 6.67360140923084e-04 -1.35354281926107e-05 5.49914823294235e-05 -1.43479056542390e-05 -5.16199951532331e-05 9.20150500571198e-05 -9.13573357213087e-06 2.87089807045435e-06 1.18101240349886e-05 2.15790687996110e-06 -3.85586614026835e-06 2.04376392443168e-05
