Paoks:
 1.99994119434414e+00 7.66327360473620e-03 -2.41092102746030e-03 8.70473879272511e-03 7.81808310258317e-05 1.80945489982834e-03 2.21060760779760e-07 -7.08322331600899e-04 -9.17443933686850e-03 -7.40406131424222e-08 -1.30216078471219e-03 2.33815628156888e-03 5.54388857987895e-08 5.65604514080842e-05 -6.12315748425159e-08 -1.06373988069942e-03 1.80255983419992e-08 -2.78284661896551e-04 -7.81331917292993e-04 5.63971479802939e-08 -1.15671427584346e-03 9.50392672727704e-09 8.80325848780564e-05 1.50314292855175e-04 2.58036667623050e-08 1.15610623712226e-04 -1.62611392740606e-08 -4.57765941951379e-05 -1.59135008928531e-08 -1.17419091323004e-03 -4.29846921406428e-04 9.49911198623521e-04 -5.63379771161871e-03 7.18563700292507e-04 2.73765033891804e-03 -2.82100281770223e-03 6.72550843791809e-09 -2.83626106660681e-03 2.15228400837010e-03 4.67652466745173e-08 2.47776909003235e-03 -1.97859172939727e-03 -1.85218787915030e-09 -1.07555154463419e-04 1.46557512184823e-09 3.83969604299361e-04 -1.21294953967016e-09 -2.57315790534872e-04 2.16652107145849e-03 7.65395143681805e-09 4.08807858349956e-04 -5.17297982153931e-09 2.59402427164828e-03 6.14864132841711e-04 9.53802956733332e-09 5.88031746422908e-04 3.23204624600411e-09 -3.18643202217009e-04 -1.63594182802504e-09 -1.09295867249367e-03 -6.14001713642141e-03 -6.05452846530441e-03 -2.47800783073114e-03 -3.04022836984226e-04 -8.17658542694470e-05 2.44153270886501e-09 -4.17028069528171e-03 -5.18421766253150e-04 1.02597583415207e-08 -3.66177398256449e-04 4.66816398580998e-09 3.86885309663410e-04 3.20367902544144e-09 -1.16729250399706e-03 -2.49707025705287e-03 -5.91568547180184e-03 -1.41335005494071e-04 -7.52665706900525e-06 -1.58764028025727e-04 5.65846208359095e-10 1.16758097308523e-03 -7.18465285047943e-04 4.07288469072312e-09 2.87651086950361e-04 -1.21630617897072e-09 -1.75318225846340e-05 -1.05722186853014e-09 1.10988102143032e-05 9.77813478965409e-04 7.87496631510761e-04 -1.53345773595381e-02 -2.02774785219125e-03 1.45441160193933e-03 2.30808850205435e-03 -1.80674643949302e-08 3.04981932892810e-03 1.36180879513692e-02 3.12589943511784e-07 2.55240017746832e-04 5.28556048461278e-04 -1.66124565683497e-08 -1.21177298942347e-04 -6.51061935232151e-09 8.90971973179372e-05 -4.36949739512742e-09 6.94944581783944e-05 -2.35506249152975e-03 1.90751951538907e-09 1.32444703073723e-03 4.32520672507157e-09 1.04181738944074e-03 1.96294932047287e-05 1.16348359293127e-08 -4.47066879145797e-06 -1.28617493688620e-08 8.24941415342531e-06 -4.80914225062135e-09 -4.26313224480607e-04 2.83668181434069e-04 2.46132147971630e-04 -2.07109377200266e-03 3.77707708034544e-04 3.62155350476329e-04 -2.45225372633533e-04 -8.02619853076483e-09 5.71214477636968e-03 -5.38572586887552e-03 -1.86707062973843e-08 1.02657461268357e-03 -5.31156175666638e-04 -6.28251069094914e-09 -1.44061810937498e-05 -1.09837312364974e-09 -1.28322804910299e-06 -1.99453004675311e-10 -6.78194070104990e-05 3.06008175034163e-04 -2.10374456898592e-09 6.24459393836814e-05 -1.71883114484228e-09 4.07766438163814e-04 -5.04170882891725e-05 -2.48089358286029e-09 2.70116858652848e-06 1.46038941306586e-09 8.07450885961144e-05 1.55588538587878e-09 -1.47214429017897e-04
 7.66327360473620e-03 5.44406515532942e-04 -1.91045130199025e-02 -4.38672230497371e-04 -1.00891935690069e-03 -8.86746452075130e-04 1.30489679834178e-08 4.79466997641025e-03 1.10659083887866e-02 -2.45099827889460e-07 -2.99175922746532e-03 -2.63756141443761e-03 2.56793572107217e-08 1.77880213120027e-04 -5.99434341537847e-09 2.84401235413043e-04 -3.11328644042667e-09 -9.37835565868465e-05 -1.95403920388825e-04 -1.25309518725212e-08 3.78878457861196e-04 -1.01233645975223e-08 2.80586941506745e-04 -4.22227691908473e-05 -2.08084187496937e-09 -5.73984004543742e-05 7.65694345971781e-10 7.33507253721401e-06 3.04335108770658e-11 2.87471372148483e-04 7.05705883624461e-04 9.18711821949822e-05 -3.75255988970193e-03 3.40316666400619e-03 2.23589030574977e-04 1.31902190974792e-03 7.30529169887095e-10 3.60391821639106e-03 -1.09564062680627e-02 -6.27883225301223e-08 -3.99734882045576e-04 4.43797523689720e-03 1.33725921993900e-08 4.94673513110907e-04 -2.03659243411938e-09 5.18295282031905e-05 2.44668894926158e-09 2.45190744756319e-04 4.59829349217652e-04 -4.09872604408000e-09 -1.80806887869310e-04 3.62027681086942e-09 6.40650669869721e-04 -1.11380452893201e-04 1.64987014953244e-09 3.49086784756353e-05 1.00933341461500e-09 -3.60220717251840e-06 4.59089349887801e-09 -4.05716141038174e-05 1.66153233110575e-03 -1.23335898051525e-02 3.72077536348538e-03 -2.85573065629398e-04 1.17118077741769e-04 -2.20778440790741e-09 -4.20090020254154e-04 8.43268613469018e-05 -6.17214751560309e-09 5.33104863561451e-05 7.42533361447895e-11 8.48645559435119e-06 -8.78581795375758e-10 -5.51533883393035e-05 -1.11553364770796e-03 3.77530736533891e-03 -8.37911617983193e-04 -1.83506079299955e-05 -6.84072667935631e-05 -1.31371139125224e-09 3.37795967073149e-04 -1.03714631870869e-04 -3.54198241351567e-09 2.49955107576624e-05 4.52648896398569e-13 5.26965103108360e-06 2.04122626862418e-09 -1.65194399990607e-05 3.62939049787372e-04 -2.11090056855104e-05 -1.15001132378927e-02 1.64285262883236e-03 1.21417244640307e-05 7.23041146118221e-05 4.54911600684116e-09 -6.06828764809265e-03 -4.64435889319261e-03 -3.03527184837426e-07 -3.21554295383187e-04 -8.26115286635584e-04 1.31455751040281e-08 4.59840790799312e-05 3.49338716629982e-09 -3.62044595530437e-05 3.20387886487205e-09 5.68625034116571e-06 2.07676968959940e-04 8.08470449749552e-09 -7.08890231270890e-06 4.71519429424148e-09 5.39700530486336e-05 -3.31628663788495e-05 -1.81895815739544e-09 1.79238495506959e-05 3.90674203197393e-10 -7.77525897319320e-06 1.08987192613540e-09 4.65344061733806e-05 -2.16370620553067e-04 -2.75982765142808e-06 5.19229200581115e-03 -6.38120513828403e-04 1.81867872795777e-04 -2.03114403544926e-04 -2.15538100203689e-10 -2.41655367502470e-03 6.89382983453905e-03 -3.08688626609372e-09 -7.85234991546465e-04 -2.53431909532666e-04 4.02045333889586e-09 7.71420433653059e-05 -5.56844603520698e-10 -4.67553588999960e-05 -4.36200173642591e-10 -2.72098416143944e-05 2.27541970072971e-04 -5.89040403374564e-10 -3.17459279561738e-05 8.45401256555828e-10 8.77398602742521e-05 4.27240853990633e-05 4.29864986081694e-10 3.63000356528150e-06 2.62772718146724e-10 -2.93296794041899e-05 7.31453063177966e-10 -5.65925068483200e-05
 -2.41092102746030e-03 -1.91045130199025e-02 1.40383699362976e+00 -2.22653279118934e-01 -2.51660549823612e-03 -4.74772491655010e-02 -6.59848775739341e-08 -3.74672360174229e-02 -4.11038568836954e-02 5.75302847983163e-07 -1.27318026951186e-02 -7.14870797897661e-02 -6.17749187981933e-08 3.69043665141378e-03 1.77077176476882e-08 -2.05072134553769e-02 -3.55638684359474e-08 -1.37620202080327e-03 5.03826309406347e-04 3.89408578663844e-08 -6.83464662544351e-03 -4.79064264024034e-08 -6.14843820921271e-03 2.18457103585076e-03 -1.43119522345406e-09 1.59078891691366e-03 4.37463704922559e-08 3.71337339627383e-04 4.50008560361364e-08 -1.75215399891276e-02 -5.50541681655725e-03 -3.17895676329332e-03 2.07601614589403e-01 -1.36803278423899e-01 1.24760133565035e-02 -4.88218675647610e-02 -3.28471004185394e-08 -2.21103593418858e-01 3.85273862108732e-01 1.74597139106504e-07 8.75556342049234e-02 -1.50749516457289e-01 1.16541856037209e-08 -1.63367157712630e-02 2.24287532209028e-08 -4.52507182201429e-03 -5.54291818385881e-08 -1.44309073509422e-02 -1.05951492661070e-02 5.38113348405262e-08 2.77911133117111e-03 3.06484368428024e-09 -2.29266588401848e-02 1.20378137494555e-03 -2.66870172144014e-08 1.11288259146237e-04 6.87048245639450e-09 -3.94985145006777e-04 -1.58970504615167e-07 2.08004777043837e-03 -1.19890859143245e-01 6.11383825014592e-01 -2.45091486160664e-01 1.52119060763842e-02 -2.69238967882361e-03 4.39971390495765e-09 1.02056988628157e-02 5.48747007339404e-03 -1.89644116945386e-08 -1.78618405552833e-04 4.27973545453903e-09 6.49092849818618e-04 -2.32530885007973e-08 1.45428865293379e-03 2.21510590616481e-02 -2.10338301090478e-01 1.09633794811148e-02 1.52244143045052e-03 2.63700133557622e-03 3.49209831160130e-08 -1.30377262364928e-03 3.14906727282536e-03 4.40164296022857e-08 -1.67145120077118e-03 -1.45116613106192e-08 1.89889269471342e-04 -6.74949816628880e-08 -4.98783698299467e-04 -9.80481992406693e-03 -5.93909384231647e-03 7.74731268479367e-02 -1.24756534394623e-01 1.81694686372364e-02 2.16158488172365e-02 8.04234056661480e-08 -3.37462217331572e-01 -4.89103765105602e-01 8.50401635826621e-07 3.69620562132261e-02 6.54008801021481e-02 9.61207039533781e-09 9.15789603561749e-03 1.23489360981744e-08 -5.57834791016928e-03 -1.00773302517744e-08 -3.98516995739670e-03 2.02066445711624e-02 -1.13018134328751e-07 -1.30633812951627e-02 -6.19812413498644e-08 -9.52304925561181e-03 -6.48866540637725e-04 8.30571098541124e-08 1.26794385330071e-03 -3.54531729276331e-08 1.68550692541102e-03 -1.49768558401884e-08 3.61321538043420e-03 -9.92187795726629e-04 6.69681743632000e-04 -6.32240861381521e-02 1.68254219253807e-02 -7.45772208660115e-03 4.86703832081130e-03 6.46673053339127e-08 1.59737846495044e-01 -2.21609791937249e-01 -2.01394647787487e-07 2.46867031096001e-02 -5.62682135089434e-03 3.93314781100731e-09 -1.49519631163796e-03 -4.27496089946908e-09 8.33364452947233e-04 -4.44567089500836e-09 3.18531672725759e-04 -5.52196617210759e-03 1.19075350883815e-08 5.40976276829165e-04 -1.73996878134805e-08 -2.20806875187264e-03 -1.09194897697514e-03 -1.44299110788177e-08 -4.48167570500604e-04 -5.13996201772498e-09 9.26231016904864e-04 -1.90088530629074e-08 1.33854896460942e-03
 8.70473879272511e-03 -4.38672230497371e-04 -2.22653279118934e-01 1.67788146704705e-01 3.07394494823477e-02 3.11917993509092e-02 8.74270050275247e-09 -1.44706039809474e-01 -1.79153966856218e-01 -3.08762931530953e-07 8.16938043368525e-02 5.43304010722468e-02 3.10207922742966e-08 -4.76452678553477e-03 -2.50606161662322e-08 5.25730591631110e-03 -6.58431906886159e-09 4.64956294419641e-03 4.80398137700261e-03 -6.81397774770601e-09 -1.69539054636740e-03 -6.83928605846997e-09 -2.07540819227272e-03 4.11545322709695e-04 -8.60559340707355e-09 6.25575554706974e-04 4.44386183254209e-09 -2.06195176590565e-04 1.03301115965579e-08 3.63940574252976e-03 1.12554791422441e-03 2.65053868683291e-03 -1.11854759967040e-01 -3.90451900911781e-02 6.57916167895538e-03 1.46456853137535e-02 1.28315537222713e-08 -6.28742817489430e-02 -1.06576382912699e-01 9.80158489328836e-08 1.82317330491440e-02 4.78471487769403e-03 -7.36098466129744e-09 -2.35086206326400e-03 1.22756042928924e-08 1.38150619518838e-03 1.10639744247911e-09 -7.95153883088057e-03 -5.20901211784609e-03 -2.40565551252969e-08 4.05383083607380e-03 -9.90824937348256e-09 -1.23647966769490e-02 4.89225558704441e-03 3.21817492331943e-08 2.74473075081031e-04 -3.94869229489984e-09 1.33402576049534e-04 3.00438135994788e-08 1.96552538966334e-04 1.11540357013054e-02 3.62960740848397e-02 -1.17409117490403e-03 1.33031503345382e-03 -7.58276860065652e-04 -4.61510160351237e-09 5.32740845704828e-03 -1.79649532738647e-03 -5.79887137833135e-09 -9.42450020197981e-04 -2.97395745950495e-09 -4.92371869299056e-04 -3.26307984644245e-09 1.23174004272029e-03 2.56639578700241e-02 -1.67226250489309e-01 3.78550680932177e-02 2.66728562597528e-03 -2.01963869917644e-03 -6.51442982032276e-09 3.95984752941546e-04 -2.46140262780075e-03 -6.67065117973980e-09 1.78907302272386e-03 -1.17973104565979e-08 1.47566030380356e-05 4.47888086208993e-09 -4.09527912746502e-04 3.09470043359915e-04 2.44711011504801e-03 3.70410399238051e-02 1.89323262941860e-02 -7.63810948924008e-03 -8.83821779376894e-03 -1.02916324170404e-10 2.47730809606948e-01 2.64932248094931e-01 -5.11212798584139e-07 -1.07837929086096e-02 -1.41906105625030e-02 8.56084154716247e-09 -4.79865007309195e-03 -5.03067029274571e-09 3.11820076866118e-03 -2.13614605413909e-09 1.80511669680850e-03 -1.04336030323445e-02 3.57067553351276e-08 6.09719672317428e-03 2.37440324761961e-08 4.52560121266674e-03 4.08406509167203e-04 -2.82255151759256e-08 -9.24794124410095e-04 1.16340943864909e-08 -7.41700509911208e-04 5.23733113333026e-09 -2.36027537740335e-03 1.03457106611402e-03 -6.00273397165918e-04 -2.50374153505932e-02 -2.28561318250191e-03 -7.21341584441940e-03 3.19037209836123e-03 -1.77690249202095e-09 2.69207965306266e-01 -9.40373858790771e-02 2.83039696726337e-07 8.24356793826746e-03 -1.99271649495269e-03 3.62746570877326e-09 1.56748597262461e-03 4.93294266514371e-09 -4.80975524309585e-04 -1.38385109575990e-08 1.33001219867675e-03 3.41136422663914e-03 -1.08420406078302e-08 -1.42100793031218e-03 3.89870746776186e-08 2.39429996886316e-03 1.05177180065581e-03 2.40525522923352e-10 -5.17713807426894e-04 -3.96326053420844e-09 2.31743978470725e-04 2.05067312365790e-08 -3.55042471546374e-04
 7.81808310258317e-05 -1.00891935690069e-03 -2.51660549823612e-03 3.07394494823477e-02 1.68712102957787e-02 1.25417579928637e-02 -1.01179401786509e-08 -1.09305729518399e-01 -6.71075098280602e-02 1.23542345714380e-07 3.85223733428876e-02 1.95017583649704e-02 -1.48687841511224e-08 -2.60809758780668e-03 -8.16276601464624e-09 8.05549413287123e-04 9.55547376322138e-10 3.09555847189003e-03 7.89121441179417e-04 1.13453099424809e-08 2.91436634790187e-04 -2.11621692022570e-09 -7.31205027324081e-04 -1.58176618044018e-04 -2.93692773685654e-09 4.31491318308579e-04 6.52693459933640e-09 -6.76711032868376e-05 1.29765158101581e-08 8.73713259452124e-04 -1.64425484483579e-03 -2.29281827124784e-04 -1.57778844753042e-02 -1.17874329266084e-02 -4.13588294226032e-03 -2.09812964095026e-03 6.12368703129131e-09 1.59034328597070e-02 3.98257848594774e-03 6.24501285454376e-08 -5.01507488608947e-03 -1.03681447648662e-02 -7.11477333036413e-09 -1.69491893616262e-03 -5.00396060912514e-10 1.05128550786089e-04 -6.20637627240399e-10 2.45850879151233e-04 -1.02198716959276e-03 3.93524984621234e-09 6.10070139763047e-04 -7.10297768429396e-09 -3.12167123064136e-03 1.46022982414016e-03 -7.47130774336742e-10 -8.66728552146830e-06 -2.06928294393623e-09 1.23239805399806e-04 1.74608392639634e-09 8.28267293912022e-05 -7.70253116253828e-03 1.03406613161538e-01 -2.39107025376904e-02 2.42992040750060e-03 -3.46626325499204e-04 -1.59950641431718e-10 4.64791066396490e-03 -5.33007880038657e-05 -1.78794467839366e-10 -2.59575484437303e-04 -1.00361340148941e-09 -2.95076583413065e-04 -4.58511235599844e-09 8.34314305639237e-04 4.31732285297749e-03 5.97624676289232e-03 2.72649039372443e-03 -6.59148098628005e-05 -4.03534692497054e-04 3.25466748063317e-11 -2.18071520714025e-03 -4.98981937528878e-04 4.69568802334300e-10 4.40739027106223e-04 -9.35738758792627e-11 -3.60303047290293e-05 7.28088931575563e-10 1.69776167829085e-04 2.46267131814260e-03 6.52169493349959e-04 -5.41976425830499e-02 8.41531402029223e-03 -1.56101621899451e-03 -1.97714809655492e-03 1.24437447081011e-09 6.15960498282610e-02 8.05097635011232e-02 1.43317538287527e-07 -1.97032065479679e-03 -7.42320053373742e-03 -1.07442690498870e-08 -1.41454947914459e-03 -3.36357856877734e-09 9.65178952886620e-04 1.57042814702822e-09 9.30291713961784e-04 -2.93619673592174e-03 -6.98488169720806e-09 1.80996597584050e-03 -5.56880727291193e-09 2.41679715065018e-03 -1.40899225605664e-04 -2.07850413981204e-09 -4.17911600574500e-04 -2.65852837352189e-09 -1.29884704570206e-04 -3.17118652348451e-13 -9.60151404513571e-04 6.45381013972212e-04 1.27848467077898e-04 -8.23060693193759e-03 2.92178934546801e-03 -1.05871281513057e-03 1.20357546144337e-03 -1.06613319747033e-09 1.77081928751746e-02 -3.96239382829606e-02 5.81478534766262e-08 7.86489729723180e-04 2.46246197363737e-03 -9.02590699096783e-10 -1.76956931856312e-04 2.28171504922536e-09 2.07829723593974e-04 -6.12901981937374e-10 4.54258031825508e-04 -1.02920357944921e-03 -3.16213881678570e-09 1.27604510109467e-04 2.75001193495643e-09 3.69207977969156e-04 4.68315823902518e-05 9.25905617059726e-10 -3.32710656631483e-05 -7.57766779594783e-10 7.44880505913307e-05 1.19123302707516e-09 2.73048776803248e-04
 1.80945489982834e-03 -8.86746452075130e-04 -4.74772491655010e-02 3.11917993509092e-02 1.25417579928637e-02 2.01893415118558e-02 -3.86371835966532e-08 -4.81404177615332e-02 -1.25144991296825e-01 4.71866725349133e-07 2.70606861861837e-02 4.20724220292059e-02 -4.30431352150731e-08 -3.88965559613038e-03 9.09647595334862e-09 1.19525275840732e-03 1.01405828623646e-09 1.09163646283383e-03 -5.05060844899938e-04 2.98606759933351e-08 -1.25382634749435e-04 1.78943709578961e-08 -2.09666585770747e-03 3.64117880016325e-04 -4.40490872201253e-09 5.27645994961423e-04 4.37587538681773e-09 -9.62112247653348e-05 1.17297032088797e-08 1.03270772760943e-03 1.46686898683259e-03 -1.20124872367893e-03 4.51754071415534e-02 -1.54212668222880e-02 -1.49369342772398e-03 -1.78459228193630e-03 -1.03204258779505e-08 -2.12897747449403e-02 3.97987819149928e-02 -1.33710364865419e-07 -2.00583060243706e-03 -1.24956022477899e-02 -7.53090003000207e-09 -1.33271946703510e-03 1.25251607880920e-08 -6.96511754537156e-04 -1.47385866755247e-10 1.43644047277196e-04 -1.70224954204615e-03 2.31822309712517e-08 1.05339506551808e-05 2.47413553593516e-09 -2.33922904213091e-03 4.56920152213778e-04 -1.14566221824913e-08 -3.12642258567036e-04 5.01644690401723e-09 1.79335476862175e-04 -1.07725279922896e-08 9.95870760433309e-04 4.57990547813946e-03 2.01453824992579e-02 -3.32597446447841e-05 6.90743193745308e-04 -9.85233751784131e-04 2.96631985013819e-09 3.66619890912549e-03 -1.60397204901915e-03 9.91094386083891e-09 -6.98493816655046e-04 -2.18502321916057e-09 -2.85944643365843e-04 -6.89182602988874e-10 4.52832622156916e-04 4.95729615156128e-03 1.26246913491446e-03 3.21317224740174e-03 3.28794194152854e-05 3.35331864806633e-04 1.40816111760829e-09 -2.52025652141996e-03 3.09775117244744e-04 4.86330079286444e-09 1.00535035735362e-05 1.51025935971648e-09 2.58878507556605e-05 -6.67455485050183e-09 1.03426339322667e-04 3.02112788402410e-03 9.91216468391001e-04 -3.47096249308088e-02 1.38971789828620e-02 -2.43577282742461e-03 -3.41186300115825e-03 -9.82965901036555e-09 9.22852719898145e-02 1.12989082565599e-01 6.47469221394445e-07 -7.05197353519827e-03 -8.28446953728338e-03 -2.44901832456453e-08 -2.16440265430059e-03 -9.92889664068977e-09 1.29407885010507e-03 -3.13728362147492e-09 6.98477615909776e-04 -4.97184927195329e-03 -1.58479745998389e-08 2.55216204639814e-03 -1.39392827327381e-08 1.44667673424093e-03 3.95939201675661e-04 -1.91522625566773e-09 -4.86705490498421e-04 -1.65143915738614e-09 -2.59311017755176e-04 -1.53509069568450e-09 -1.15642388264937e-03 -1.38339344916208e-03 -9.86848895891206e-05 -3.26685673729951e-03 -1.86991239064561e-03 -7.13123188585230e-04 3.66124453135891e-05 9.83128912570800e-09 -1.42910901086226e-02 3.80921043476169e-03 -3.28719625853925e-07 9.29995431214240e-04 -4.26074399416143e-04 1.14615799891083e-08 -1.42131909881165e-04 -3.06140880470827e-09 5.43308041060801e-05 -1.20124855166912e-09 -2.53827960633908e-04 -9.19344785989569e-04 -1.42172682039946e-09 -3.61143757509568e-04 -7.11651092177012e-09 -1.74218886983121e-03 -4.38061612484280e-04 -1.63794042436888e-09 -7.04238300431039e-05 -7.02035911430696e-10 5.38544748766137e-05 -3.44417970066272e-09 7.14929869513669e-05
 2.21060760779760e-07 1.30489679834178e-08 -6.59848775739341e-08 8.74270050275247e-09 -1.01179401786509e-08 -3.86371835966532e-08 1.36183669755525e-03 -8.57115439222891e-08 1.92905674320941e-07 -2.94898347905951e-02 1.09744214963422e-08 -5.26015896849641e-08 2.84108692708462e-03 7.57128538819374e-10 -7.82094627781592e-04 4.18040902588478e-09 -5.24779057431146e-04 4.37742845588668e-09 -7.11115028090503e-10 -1.48038093815939e-03 7.04160649306219e-10 -1.36336263633126e-03 5.46918771512815e-09 1.03109162916892e-09 -3.46865850240207e-04 2.52598970642164e-09 2.16244664128813e-04 4.04105684814618e-09 1.89353677186354e-04 4.95581842221209e-09 -2.48221017866923e-08 2.61037010244098e-10 -2.25317232710971e-08 -2.92799178562550e-08 2.12977229586475e-09 1.09920516282792e-08 -1.71370375595230e-04 6.98039200438907e-08 -1.74866931369852e-07 -2.36759528970953e-03 -1.54530665181117e-09 5.36308483392162e-08 1.22213036551756e-03 6.71382182491414e-09 -4.18897652770637e-04 -3.66882312281921e-10 6.48664632760158e-05 3.81126759782294e-09 8.57817460583123e-09 -6.46949072331987e-04 2.23819782786308e-09 1.57252748439719e-04 7.69287431249060e-09 5.96375234121173e-10 1.40887016055042e-04 1.24112501866931e-09 1.00455201540200e-04 -4.73896227149008e-10 1.20095772141065e-04 3.29430978624029e-10 -1.92789163801390e-08 8.72021934262463e-08 -1.28160304194729e-08 1.52383443073895e-09 2.08278903029758e-09 -2.88460125027237e-04 -4.71789013796478e-09 -1.54476666764560e-10 -7.85976657133177e-04 2.48958655708862e-10 -1.17540265968609e-05 7.45659016067914e-10 -1.82870105006688e-04 4.18518119260302e-10 -1.09793747312702e-08 9.14868448413588e-08 -7.93489000125540e-09 -4.04600887211016e-10 -1.96843672880489e-09 -1.56271547709539e-05 -2.53729844774244e-11 -4.76824468506382e-09 -2.31303946474547e-04 1.19404826060494e-09 -2.08163267304333e-05 6.86742111440194e-11 3.62465224268168e-05 -4.00758739347850e-12 -3.03074259118648e-08 -9.82173815418899e-09 1.85151687148821e-07 -1.85757304723867e-08 -3.38784957312885e-09 -1.35572648162508e-08 8.69834483383731e-04 -5.21347308134597e-08 -1.92940486012007e-08 -3.83544864795304e-02 1.10217781915548e-08 1.74602772708064e-09 1.63096659561336e-03 1.85674904520881e-09 4.07816192609997e-04 2.58967741386352e-09 2.82954671268145e-04 2.79600477162943e-11 7.03802596990357e-09 9.79258891593285e-04 -9.01720800258999e-09 6.19838781534277e-04 2.72756376702517e-09 -1.46598744114053e-09 -2.07634182609676e-04 -6.06514522472642e-11 7.62340353860764e-05 7.73930557800382e-10 1.26742227729517e-04 -7.83826614592554e-10 -1.35068011642703e-08 6.71992360851726e-09 2.10059539221846e-08 1.44164251390880e-08 -1.39438528055217e-09 -7.85025580417167e-09 -4.30936279227307e-05 9.48795116258359e-09 1.06768894845389e-07 6.24706500094734e-03 -9.94890049971951e-09 4.99868666783301e-09 3.01045740001018e-04 1.41884500073418e-09 1.80356496465700e-05 -1.45543011529659e-09 1.33135539786549e-05 -2.93833497608078e-10 3.29828112509236e-09 1.08901981248095e-04 -1.35606810996693e-09 1.21723400401306e-04 9.38693988373015e-10 4.28562569715876e-10 4.19109672668373e-05 -2.31441698333701e-10 3.98544882938495e-06 -1.19785224857025e-10 4.80497475103232e-06 -2.89558378614270e-10
 -7.08322331600899e-04 4.79466997641025e-03 -3.74672360174229e-02 -1.44706039809474e-01 -1.09305729518399e-01 -4.81404177615332e-02 -8.57115439222891e-08 1.03385754138785e+00 3.37538453584643e-02 6.44594262087380e-08 -2.81026425613862e-01 -1.87400032943054e-02 -2.32763580945085e-08 6.47470177030264e-03 8.26709602406871e-08 -2.54808599585214e-03 -4.24928546456183e-08 -2.29853721278177e-02 -1.52456690105974e-02 -6.10172606618700e-08 1.25123490266574e-03 5.27677025278991e-08 -9.85684296317381e-03 2.73974288065904e-03 -1.92863200538733e-08 -1.06850283791849e-03 -3.44064963130223e-08 -3.96895480038370e-04 -7.54008421992654e-08 -5.63104340299015e-03 2.47131791581884e-03 -3.41953161917782e-03 2.22427443409762e-01 8.51585418818931e-02 1.79191094225632e-02 -2.05515603069649e-02 -5.41238753051403e-08 -1.33557133736676e-01 3.03720466520001e-01 2.89750910581907e-08 1.69180554578528e-02 -4.23180970348365e-02 2.62922778986160e-10 -7.57226036851931e-04 -1.05909934295076e-08 -1.48805782516766e-03 -3.93343339981994e-08 -1.50557445923602e-02 3.50714340603202e-04 -1.31196859307893e-08 -5.88721007193033e-03 1.50459226971884e-08 -3.74132148385190e-04 -1.01316330952912e-02 -2.79641354004557e-08 -1.76183304856588e-03 7.60715011576245e-09 -7.95867052825663e-04 -6.17354875749095e-08 1.85215598114136e-03 1.31797030221382e-01 -1.00933109295473e+00 2.46512463900383e-01 -2.20360968811757e-02 -1.28458274540483e-03 5.13042158444829e-09 -2.00273130827463e-02 -4.13196902630938e-03 2.96569855811965e-08 -1.48186910107200e-04 -5.16037145407682e-09 2.05930028653358e-03 3.74553271343006e-08 -5.74828496014537e-03 -2.51617299045570e-02 -1.38415283595071e-01 -3.29280059091835e-02 -1.04196131518447e-03 5.80566249463256e-03 1.59603985392849e-08 1.18773688703276e-02 7.72491167296018e-03 2.30256576892403e-08 -4.91059518003906e-03 3.39353357533159e-10 -1.15870147313936e-04 -3.44637415053732e-08 -4.48684826977097e-04 -1.35795873283782e-03 -3.95130537675649e-03 1.80970744952949e-01 -4.47196593148543e-02 7.79736277621966e-03 1.01906468622162e-02 -4.67772192921367e-08 -1.47056834958507e-01 -5.05708848346053e-01 3.32598814109610e-08 -1.39749747666891e-02 4.32672637941248e-02 4.07920910599996e-08 4.97513263774679e-03 1.62397870068390e-08 -4.68036209730266e-03 -1.05625701186238e-08 -8.75226939754396e-03 7.96833595292022e-03 -4.61549851590968e-09 -9.34442327583949e-03 5.15558733977447e-09 -2.79467959357770e-02 5.33302636479510e-03 2.50555106846721e-08 2.23283537624446e-03 7.55627233678199e-09 1.67564153986958e-04 1.98604540611838e-09 5.51829198221003e-03 2.06120376393009e-03 -3.74921427562407e-05 1.95346259059770e-02 -1.26948044836913e-02 2.25380186717741e-03 -2.68140342108230e-04 2.48907050163430e-08 2.01002913261904e-02 -5.86518471975148e-02 -7.14358734994936e-08 2.06147768026605e-02 -1.86785937453727e-02 -1.80622705069849e-08 -1.27559748462735e-03 -3.12088637751440e-09 4.01531789918740e-04 2.42627971755038e-09 -1.01769089974076e-03 2.87199898775686e-03 1.11083109766526e-08 2.28223689424956e-03 -8.59113407495068e-09 1.59633320506965e-03 -1.56089246981068e-04 -3.89297488208493e-09 3.73280993557589e-04 -4.73970067423794e-10 3.58631305160639e-04 -1.54816640584958e-08 1.09400576670829e-04
 -9.17443933686850e-03 1.10659083887866e-02 -4.11038568836954e-02 -1.79153966856218e-01 -6.71075098280602e-02 -1.25144991296825e-01 1.92905674320941e-07 3.37538453584643e-02 1.01759187659445e+00 -2.72472291141918e-07 -1.22591145303366e-01 -3.03152625694665e-01 5.61891685721965e-08 2.95435183915234e-02 1.44731924283963e-08 -3.82700916105843e-03 8.46525220224438e-08 9.75978996840937e-04 9.85309681910292e-03 -1.08667399869650e-08 7.82277714047430e-04 2.43666426119820e-08 2.81857059691235e-02 -3.67728552052133e-03 9.15648907504927e-08 -4.54256237800200e-03 -6.28652587181371e-08 9.06284881732842e-04 -9.89495542536662e-08 -1.17362596385694e-03 -1.38216087974847e-03 1.00988818659389e-02 -3.84659422071398e-01 1.14235088427306e-01 2.17484113273741e-03 3.82209499932005e-02 1.31933114745490e-07 3.03297703086449e-01 -5.43771512169222e-01 2.97471343663399e-08 -2.53945723097881e-02 1.79120902280412e-01 1.04797734478983e-08 2.02970854914372e-02 -1.53828484814144e-08 5.25282902592262e-03 5.54136038419972e-08 1.61179060695357e-02 1.86554126036646e-02 -4.28239198771710e-08 -9.44651184577985e-04 1.61269735927838e-08 3.80414498336217e-02 -3.02646056057076e-03 5.72437879542567e-08 2.93655267300582e-03 -3.33162818809352e-08 -9.77951093504081e-04 1.40470091096824e-07 -8.22115005438463e-03 -5.29323984399697e-02 3.14212845093648e-02 7.98018145316836e-04 -3.14365869193111e-03 8.73729177347416e-03 9.75005101963518e-09 -2.72835684621661e-02 1.10925648693814e-02 7.76561745951599e-09 5.41205809247636e-03 2.02141407123731e-08 1.32260087263515e-03 2.01095567696727e-08 -2.57666762640024e-03 -5.26217136049005e-02 2.40194492544699e-01 -3.14269732942634e-02 -1.56335842029448e-03 -4.62451928355450e-03 -3.36000931724931e-08 1.46478036302804e-02 -4.76096804241969e-03 -5.49180800094681e-08 1.57205717963550e-03 4.88780177606412e-09 -1.81259609476416e-04 8.43233630835355e-08 -5.20585040312992e-04 -4.15089173004039e-03 -4.21019308275239e-03 2.61086793097393e-01 -5.02737582477695e-02 8.62286171145536e-03 1.77162237763478e-02 -5.09648829464918e-08 -5.29672719833572e-01 -6.03238167962950e-01 -2.01417802521879e-07 5.44935469116831e-02 2.92994125537355e-02 -2.11032048725736e-08 1.27816739611322e-02 1.68434030424704e-08 -7.06548149251367e-03 -1.14778884730988e-08 -1.57745618648936e-03 2.97403068845059e-02 3.62090439973662e-08 -1.33366717713613e-02 4.68013965169543e-08 8.97910852854752e-04 -4.66922470847065e-03 1.29753972200431e-08 2.63256934820896e-03 1.64030546363885e-08 1.69271215182212e-03 3.23426966066417e-09 6.14524483637636e-03 2.90882255830855e-03 3.78545653201415e-04 7.19645662114638e-02 9.62998494910635e-03 1.16632402016171e-02 -6.32717902652410e-03 -6.41070650893639e-08 -1.27027305101142e-01 2.27748451561640e-01 1.79467097020871e-07 -3.38818399340526e-02 1.15308999127615e-02 -5.19896045215234e-08 2.15760174309281e-03 1.05150948601082e-09 -1.27356913785244e-03 4.81511395503159e-09 5.41788826293142e-04 7.39261512592561e-03 -2.46676473222093e-08 9.08443730267106e-04 8.81556636882863e-09 9.74688134392148e-03 2.90109199242330e-03 6.90842386721461e-09 6.90333261444887e-04 9.70131653975403e-09 -1.20164941119351e-03 2.89362830868908e-08 -1.45830729505731e-03
 -7.40406131424222e-08 -2.45099827889460e-07 5.75302847983163e-07 -3.08762931530953e-07 1.23542345714380e-07 4.71866725349133e-07 -2.94898347905951e-02 6.44594262087380e-08 -2.72472291141918e-07 6.59168143218394e-01 -1.53367798007950e-07 1.23001844301819e-07 -6.75450306999757e-02 1.07127920039688e-07 1.56098935483395e-02 -1.08333253795578e-07 1.18083925456029e-02 -5.07477311728640e-08 1.38948046567725e-07 3.02767200947410e-02 -6.40372336040959e-08 3.06948936328825e-02 -1.59298117324658e-08 -3.83479972890413e-08 7.15105899918696e-03 -7.51830138880370e-08 -5.14143822042166e-03 -8.23255224355599e-08 -4.69901523326400e-03 -1.08567977976300e-07 -6.68474634083204e-09 8.10045673018703e-08 2.82056754993897e-10 3.95902797441545e-07 -4.10673594959878e-08 8.89697926102752e-08 -1.56943133353705e-03 -1.61861415709310e-07 -3.72977958205670e-08 1.66532808330966e-01 1.85175967533387e-08 5.55398693193468e-08 -3.77822233694388e-02 -1.91490216273069e-08 6.13093264792996e-03 -8.04198059846093e-09 -3.48669081541127e-03 2.43823459474037e-08 -2.41200263545132e-08 8.63498136636958e-03 -4.83134841989340e-08 -8.67281377424242e-03 -1.90811132514691e-08 -2.78875936948798e-08 -1.81230231493941e-03 6.81137967080381e-09 -3.06077902474455e-03 1.66773751910074e-08 -3.41712315828423e-03 1.95754825546122e-09 -5.44245446677572e-08 -1.47883143237523e-07 -2.83302793686543e-08 -1.84219016155382e-08 -5.85134238723507e-09 6.40726144274019e-03 -1.13661433351719e-08 4.30785754924786e-08 1.83399592703619e-02 1.63160473823781e-08 1.79321356631338e-04 -1.12570509070622e-08 4.22331481395630e-03 -1.63884959703470e-08 -1.11630247906177e-08 -7.37546278074375e-08 -7.52833557465801e-08 -1.24755108517363e-09 1.64892764571334e-08 1.48610343645231e-03 1.43310790363778e-09 2.70818323530702e-08 7.92895718388294e-03 -7.24589310192986e-09 4.04134385790144e-04 -3.40594575560113e-09 -1.50493747556524e-03 -1.96643076895421e-09 -2.36304274462740e-07 2.10510769067505e-07 -8.12399752794813e-07 2.30268294804282e-07 6.94681607776605e-08 3.06869240698283e-07 -1.87642688798989e-02 1.43788732730683e-07 7.41879823504735e-09 8.21624867544352e-01 4.84210160237923e-08 4.38724872327693e-08 -3.70852783851915e-02 -6.82227652942189e-09 -8.87114533164673e-03 -6.84267998325632e-08 -6.17224354787460e-03 1.41486723796467e-08 -8.97280715317016e-08 -2.13146679509919e-02 1.75886403074717e-07 -1.30673667860640e-02 6.40816578487229e-09 3.40199966124306e-09 4.33303621115502e-03 5.47133177329169e-09 -1.69755427469867e-03 -1.03894139632652e-08 -2.77377538840761e-03 2.56396499535304e-08 7.13949338349553e-08 -3.64710872560670e-08 -2.17930914291874e-08 -2.55136944241360e-07 4.26522130163665e-08 4.10207427630401e-08 -1.74627385474444e-03 3.11467782350223e-08 6.06581155938684e-08 1.17548459476251e-02 -4.08479503462200e-08 -1.16253627748456e-07 -1.22441789561803e-02 3.50578759961613e-09 1.18438669159699e-03 -7.17590731292263e-09 7.44086943306902e-04 -2.84244489100888e-10 -1.85193785128846e-10 1.59628070536113e-03 3.69980688644332e-08 -2.85592130180666e-04 1.81154972791969e-08 9.44364943879063e-09 -9.12206767636475e-05 8.16542908961241e-09 -2.47186938825551e-04 -3.45375789370548e-10 -4.86836281599029e-04 2.54524103390500e-09
 -1.30216078471219e-03 -2.99175922746532e-03 -1.27318026951186e-02 8.16938043368525e-02 3.85223733428876e-02 2.70606861861837e-02 1.09744214963422e-08 -2.81026425613862e-01 -1.22591145303366e-01 -1.53367798007950e-07 1.02328021315503e-01 3.89302367924920e-02 2.31178144530363e-08 -3.84346331701936e-03 -2.38465210501787e-08 1.39498376207815e-03 2.64194599806689e-11 7.87127652192923e-03 5.00961588230929e-03 2.30557271436413e-08 -1.79827022132031e-03 -1.93970406984863e-08 9.90195980910538e-04 -2.96597996153056e-04 -4.26056550438317e-10 7.44472615113030e-04 1.50611412448274e-08 -1.07238337784570e-04 2.78228484200721e-08 1.53408017833199e-03 -1.85008390430972e-03 3.38603170793848e-04 -8.95172813587225e-02 -2.86394314581205e-02 -6.43773101244158e-03 -2.53828576815068e-03 4.73535254484532e-08 2.07873374512151e-02 -2.45745229246088e-02 -1.63606928398547e-07 -1.17966077887674e-02 -1.88809492274121e-02 2.31865559250230e-08 -2.45988214273615e-03 1.26661412686052e-09 5.78960380599488e-04 5.90352149401620e-09 1.07550993432743e-03 -1.92256861346729e-03 4.19752058819596e-09 1.44408939442425e-03 -6.59267264350751e-09 -5.22199763228074e-03 3.66750206868223e-03 7.34393879597916e-09 2.97910435755075e-04 -5.23510855123914e-09 3.54267221186811e-04 8.48767708668744e-09 -2.15559620768438e-04 -2.50494506586476e-02 2.70909214671970e-01 -5.68052367884671e-02 5.80520088821111e-03 -6.10749920624695e-04 -3.48948683106259e-09 9.10338171996812e-03 -4.50178325119335e-04 -1.16054207806801e-08 -5.34199309908665e-04 -6.86893665717369e-10 -6.78545145967300e-04 -1.21620593886340e-08 1.82528157909492e-03 1.64411978338586e-02 -1.31071997655376e-02 2.39793420691176e-02 9.25448059908080e-04 -1.25327068035127e-03 -5.04090085288563e-09 -4.19402208842265e-03 -9.98004409321291e-04 -9.66221210571402e-09 1.21613272892168e-03 -2.46709262644059e-09 -4.66266071553966e-05 6.00240336876312e-09 1.33359059786917e-04 -6.58636369953061e-04 1.86598480750440e-03 5.15975624729979e-03 1.26841162078442e-02 -5.15611808032489e-03 -5.40568096324638e-03 1.54062157466111e-08 1.73779184169948e-01 2.07301152579320e-01 -1.51237007891249e-07 2.10902486555722e-04 -1.34747754813185e-02 -4.93287920758116e-09 -3.19133319986043e-03 -5.00690043244632e-09 2.33799038310365e-03 -2.51160078902287e-09 2.29884922569886e-03 -7.18389643974249e-03 1.15819367094392e-08 4.22292339214648e-03 8.36125345363022e-09 6.48841348968083e-03 -5.53352975965391e-04 -1.30086140274551e-08 -9.38529786648585e-04 3.11902049336071e-09 -2.55499973079724e-04 2.83705034712583e-09 -2.26719270690999e-03 -1.15006730646100e-03 4.55413073002608e-04 3.21753427404361e-02 7.26456881407748e-03 -1.49981198544944e-03 3.22835919543430e-03 -1.75962839314199e-08 1.93933149734207e-02 -8.56541727614435e-02 -1.03738708947123e-07 5.23282686526276e-04 5.80167057347063e-03 1.02646730492143e-08 -3.64928150790955e-04 1.77722780872783e-09 4.27283048875916e-04 -5.64814248330037e-09 8.93197528946031e-04 -2.78981231213089e-03 -2.45246905566660e-08 3.28991459027074e-04 -2.35950119824038e-09 5.77761851626332e-04 5.17034554338720e-06 1.03300118206593e-09 -1.20291780606583e-04 1.40959791884714e-09 1.21454904540579e-04 5.24658343766366e-09 5.09785093778478e-04
 2.33815628156888e-03 -2.63756141443761e-03 -7.14870797897661e-02 5.43304010722468e-02 1.95017583649704e-02 4.20724220292059e-02 -5.26015896849641e-08 -1.87400032943054e-02 -3.03152625694665e-01 1.23001844301819e-07 3.89302367924920e-02 1.08211866655685e-01 -1.94410658971746e-08 -1.05469015816965e-02 -4.46893195439617e-11 1.83704985985836e-03 -1.94651381877879e-08 -3.16926220477465e-03 -3.51765030903645e-03 1.13148655372995e-08 -4.18048966919915e-04 6.67656751807784e-10 -1.22195143625018e-02 -2.74394418077479e-04 -2.65128034021648e-08 1.08249800283328e-03 1.53186968937209e-08 -2.49234436663081e-04 2.96161988646428e-08 7.32470050075301e-04 1.48771075084107e-03 -4.00287649342016e-03 1.42452219471713e-01 -4.97365876866294e-03 -7.80001872598598e-03 -1.20677024603176e-02 -4.38884147156412e-08 -5.20065967271871e-02 1.81998907811792e-01 -4.04639502118134e-08 -1.53042198247330e-02 -5.27295355402143e-02 -9.13321305165720e-09 -5.72032818745213e-03 -1.69373049755751e-09 -1.40971364291699e-03 -1.36935078756145e-08 -1.81159339335164e-03 -4.08471816927127e-03 1.64362382840678e-08 -4.36751955199001e-04 -6.06256491821833e-09 -1.00488605972408e-02 7.16329395920562e-04 -2.57251345911313e-08 -1.01501824907772e-03 1.13862184689532e-08 4.23776703547409e-04 -3.71796947739759e-08 2.56411015773177e-03 2.09136273613679e-02 -5.99258014066989e-02 1.28755804318334e-02 1.54770235751389e-04 -2.12169929351222e-03 -2.96412108346639e-09 6.32658095360388e-03 -3.84520932861434e-03 8.82065220542023e-10 -1.37998382794502e-03 -5.84881563854233e-09 -4.41185400765226e-04 -4.63848235097283e-09 6.04077109226515e-04 1.19256610673989e-02 -9.67057207658144e-03 -3.07557986276501e-03 -7.22230507856243e-04 1.54642451954084e-03 8.80152814841288e-09 -6.76548182370702e-03 1.31336675829248e-03 1.59162649652873e-08 -5.41974105053775e-04 3.27724232862392e-09 3.88826343602084e-05 -2.23941518327132e-08 6.01039083618866e-04 8.63277713685591e-04 1.80159556295236e-03 -2.35715772817494e-02 2.16331213961464e-02 -1.42192012495853e-03 -8.86937884331573e-03 2.99176188750990e-08 1.03326167824754e-01 2.94863309111952e-01 1.05428327925656e-07 -2.02059978631508e-02 -1.07467871913148e-02 3.32231774290226e-09 -4.20895987506468e-03 -1.27480895035148e-08 2.50815470032762e-03 2.83994650770327e-09 1.50819194838427e-03 -1.01336516017761e-02 3.44355134168074e-09 5.08274394697032e-03 -1.31146332474022e-08 2.32402728066383e-03 9.31803721302580e-04 -1.45255665980331e-08 -8.14060993160966e-04 -1.99882432763251e-09 -6.07581260359180e-04 -5.86194810323132e-09 -2.27795181537100e-03 -1.89793570285398e-03 -5.55044874981680e-05 -4.25221414219664e-03 -8.21859352434835e-03 -2.13205138420906e-03 1.68929355417683e-03 1.32863267201757e-08 -3.17287785725600e-02 -6.28186582936444e-02 -8.66027258014791e-08 7.33175458496861e-03 -3.28634004807788e-03 2.25076341145348e-08 -1.11049801962487e-03 -1.07852214776016e-10 6.31480733335093e-04 1.03895170502394e-09 -2.81329754360862e-04 -3.30631924631433e-03 7.58309175398033e-09 1.04083265838198e-04 -8.19963111767500e-09 -3.54006645617843e-03 -1.12155376237031e-03 4.68092234538003e-10 -6.97798883267984e-05 -2.21991928778154e-09 3.14838195283129e-04 -1.26166154569937e-08 5.86599558975084e-04
 5.54388857987895e-08 2.56793572107217e-08 -6.17749187981933e-08 3.10207922742966e-08 -1.48687841511224e-08 -4.30431352150731e-08 2.84108692708462e-03 -2.32763580945085e-08 5.61891685721965e-08 -6.75450306999757e-02 2.31178144530363e-08 -1.94410658971746e-08 7.68958350231594e-03 -9.95825934835365e-09 -1.24360951999450e-03 1.10152168082392e-08 -1.22490225194076e-03 3.70061772567791e-09 -1.55554766916109e-08 -2.56747846788779e-03 5.72143161726551e-09 -3.18723674467186e-03 1.30571850667373e-08 3.34729912186151e-09 -6.18251946071843e-04 6.83062036595052e-09 5.85385119951315e-04 8.15093869238189e-09 5.70219682288986e-04 1.09634217861125e-08 -9.35832522579887e-10 -1.55555416758862e-08 -2.95905660917093e-08 -3.30368738624198e-08 2.00000560448418e-08 6.36726886410076e-09 1.18767478570401e-03 -1.65086591102064e-08 -3.24160433805074e-08 -3.86689184970914e-02 -2.42143625497712e-09 -6.19575300431712e-09 5.86150921110053e-03 3.00474267839311e-09 -1.35603790082117e-05 3.56870636762029e-09 7.44592789354306e-04 -5.45142011941155e-09 -1.32132894663706e-08 2.23017469420205e-04 6.34415593971531e-09 1.86951618759900e-03 1.21308117345912e-08 8.39669402335976e-09 -6.85094798991407e-05 -2.98453019666939e-09 4.68687852884047e-04 -3.60818015748053e-09 4.89482094290925e-04 -5.42904645234716e-09 -3.40861341943503e-09 2.08576927025984e-08 1.39113722408133e-10 2.15301763596519e-09 4.64158830848295e-10 -6.48849344074357e-04 -2.98988719820599e-09 -5.38371091203763e-09 -2.02600683694522e-03 -2.10320989889980e-09 -2.51403565130710e-06 7.17017968478893e-10 -4.58574211326061e-04 1.47942562288208e-09 -5.13564044438518e-09 -4.44951137221711e-08 2.46809063489503e-08 5.00080298499227e-10 -3.94826360572348e-09 -3.68454311156945e-04 9.79870029113013e-09 3.13239716980985e-09 -1.33708584520479e-03 1.75113740017863e-09 -2.97815101145143e-05 8.29195421907304e-10 2.86322725628495e-04 -4.12822824372192e-10 1.24239717976450e-08 -1.96094304854674e-08 1.02322088596419e-07 -2.02624673658995e-08 -8.56001725873525e-09 -2.93464802763768e-08 1.79373321949036e-03 -4.14792978131767e-08 5.18398192158941e-09 -7.74053148210527e-02 -6.20747026688840e-09 -2.66477717163482e-09 3.91979696684030e-03 8.35417770454223e-10 8.62529570527142e-04 6.47305851889788e-09 6.03477186519018e-04 -1.35321469141067e-09 1.00195773246055e-08 2.07494503798979e-03 -1.72301063067405e-08 1.18926232193151e-03 1.54521375281647e-09 -6.66741266432832e-10 -3.85421792044139e-04 -1.53315206433307e-10 1.72720474050171e-04 9.20654866824196e-10 2.72968639141679e-04 -2.34366768277158e-09 1.86337829675212e-09 -1.96921440235070e-08 1.28347757515886e-07 -2.06057301864728e-08 -2.29507245894535e-09 8.12773047792847e-09 6.94181580256145e-04 1.05737498974160e-08 -8.60181880302051e-09 -2.99930743556011e-02 2.98110120172868e-12 5.41192496934948e-09 2.30340861338964e-03 3.02315134346194e-10 -4.23247408689607e-04 4.13761015948060e-09 -2.74331333838264e-04 1.35879579560173e-10 1.68862591112199e-09 -9.30008704784456e-04 -1.16343147188141e-08 -4.33814737439843e-04 -5.49118186257792e-09 -1.56909743064721e-09 -1.51449431045014e-04 -1.84935220875796e-09 5.53939870691395e-05 -1.08043470307369e-09 1.22039061316098e-04 -3.39629182490128e-09
 5.65604514080842e-05 1.77880213120027e-04 3.69043665141378e-03 -4.76452678553477e-03 -2.60809758780668e-03 -3.88965559613038e-03 7.57128538819374e-10 6.47470177030264e-03 2.95435183915234e-02 1.07127920039688e-07 -3.84346331701936e-03 -1.05469015816965e-02 -9.95825934835365e-09 1.41391998846481e-03 3.63608876806457e-09 -2.43614463196703e-04 3.98074292283807e-09 5.37984010860638e-04 6.98928832841243e-04 5.39505816411067e-09 -3.55120479770441e-04 6.51502370156153e-09 1.93443944445848e-03 2.04304350212646e-04 4.65711105805195e-09 -1.20517135129631e-04 -3.04384417334550e-09 2.14647541698908e-05 -4.83575978546639e-09 -1.22332351832407e-04 -1.10321133628250e-04 4.60090211773394e-04 -1.61623670960765e-02 -1.92055740848617e-03 1.61721540039097e-03 1.36283625645235e-03 4.71112183646836e-09 6.27397473325826e-04 -2.00781034736092e-02 2.83957855942680e-08 2.24175462960962e-03 5.91619921737915e-03 -5.81657283942472e-09 8.59512724721344e-04 1.67700988216844e-09 8.90735642624188e-05 9.27941436583846e-10 2.75966559934872e-04 3.48426302075079e-04 -8.40964179438352e-10 2.13352374326359e-06 -1.07714718115376e-09 1.64307971346511e-03 -1.94865369191354e-04 2.70648566684166e-09 1.06576647083843e-04 -1.53436365233010e-09 -4.12701033203785e-05 2.11157398701430e-09 -2.55270320334158e-04 -1.69431881392070e-03 3.96644535850303e-03 1.48244453059748e-03 -2.07073154735010e-04 1.36555814631743e-04 1.58791064256496e-09 -8.37056325245868e-04 1.74551687604968e-04 3.71841304318031e-09 8.49413533836472e-05 6.18349327927442e-10 5.05621653089364e-05 1.58647674821619e-09 -1.23244602581886e-04 -7.16591517650104e-04 -1.61473137219509e-03 2.75408086658259e-03 2.24548769372443e-04 -1.08058812796659e-04 -5.30075916380726e-10 8.40935212144738e-04 3.71893590034526e-05 2.98443089091802e-11 1.95899791109963e-05 -3.37213619899228e-10 -1.35553836083479e-06 1.57737297020090e-09 -1.15239954208495e-04 6.43045391224427e-04 -1.07403902840248e-04 1.98799699797215e-02 -2.58165030650386e-03 -3.92803184150553e-04 8.96865734601091e-04 -8.26388495155455e-09 5.61701063055384e-03 -3.33588931211333e-02 1.41298119996394e-07 2.55319501859610e-03 1.42120410924255e-03 -7.55482665543980e-09 3.60344159364901e-04 -2.28784469752288e-10 -2.23527828728377e-04 -3.07128070388634e-09 -2.55300170489777e-04 7.29127538260725e-04 -2.85156999894816e-09 -5.01559566762457e-04 1.08599481435757e-09 -4.89129740956978e-04 -3.11984855211775e-06 1.96785246878886e-09 7.53591004147932e-05 1.23931661863535e-09 6.48215784394784e-05 8.70339187207399e-10 2.30743924432626e-04 4.79680540519586e-05 5.94008130855135e-06 4.83152506531748e-03 1.10951191026484e-03 4.48938554651797e-04 -2.75877276418561e-04 -3.32400112729106e-09 -3.34566976697714e-03 1.31958306499808e-02 3.74790813804938e-09 -9.14391053159486e-04 3.54250600791427e-04 -4.95306086459659e-09 1.22210519843706e-04 -7.39335323342869e-11 -9.10193200972645e-05 9.52287006170471e-11 -6.31146036074657e-05 3.10024365357682e-04 -5.69075811468582e-10 -4.91062486664079e-05 -5.24826766356455e-10 1.60224244860856e-04 6.13957523081263e-05 -2.48047413236037e-10 4.15776313099719e-06 4.91244274176260e-10 -4.37647612642793e-05 8.60562638884565e-10 -9.18719976704556e-05
 -6.12315748425159e-08 -5.99434341537847e-09 1.77077176476882e-08 -2.50606161662322e-08 -8.16276601464624e-09 9.09647595334862e-09 -7.82094627781592e-04 8.26709602406871e-08 1.44731924283963e-08 1.56098935483395e-02 -2.38465210501787e-08 -4.46893195439617e-11 -1.24360951999450e-03 3.63608876806457e-09 5.34573475312270e-04 -3.27242091316525e-09 2.72735803555736e-04 -4.11781043954815e-09 1.80011621654845e-09 9.64855082311903e-04 -2.65848761029205e-09 7.07466108811986e-04 3.50164348712035e-09 -1.29410960545340e-09 2.22403839083218e-04 -2.36491169399093e-09 -9.46321567275047e-05 -2.12869221711528e-09 -7.01768883995596e-05 -3.61765109014280e-09 7.94088779732752e-10 -1.92033829480986e-09 1.55259397660436e-08 2.36138062970022e-08 3.85249567477544e-09 4.53002661386674e-09 4.38594325480235e-04 -3.50797779379745e-09 2.67605896612937e-08 -6.06595538970621e-03 -7.54042623219211e-09 -7.27151129739872e-09 2.72560701912615e-05 -6.40615482198328e-10 4.29978713552507e-04 1.10826468135611e-09 9.68792053102284e-05 -9.94594297116733e-10 -8.19193302552671e-09 7.17771176543452e-04 -5.85908971663554e-10 2.49045164450393e-04 4.72323308506657e-09 9.85198831715356e-10 -1.60700467341859e-04 -1.20616191767549e-09 -6.45710184233041e-07 -5.82268369884064e-10 -1.63679017430524e-05 -2.46965325988077e-09 4.89458174369501e-09 -8.38079350656045e-08 1.96755758561246e-08 -2.25365706331868e-09 -1.86867603860355e-10 1.55300784429579e-04 -4.09888891427985e-09 1.50718822967868e-10 3.66339248137415e-04 2.95202147599252e-10 1.15952510856135e-05 -2.72583265666897e-10 8.80546141096989e-05 -1.00460670280787e-09 -8.06319739595505e-09 -5.04690245406886e-09 -4.12823659050251e-09 -6.85978785438239e-10 -9.97621112012965e-12 -6.49641768960875e-05 4.30483378420262e-09 4.21442754834306e-09 -5.52915629313445e-05 -2.32630936727019e-10 1.49588607408086e-05 6.12714708463536e-11 2.55709572578615e-05 -1.27838159478932e-10 -1.44329352578791e-08 5.62149871675642e-09 5.36174138005827e-08 7.77403973318026e-10 1.79740290595480e-09 8.53122793446579e-09 -5.04148569922558e-04 -2.49264856534057e-08 -2.66010545381818e-08 2.26014517895578e-02 6.88284402341900e-10 7.35807276993953e-09 -8.22781238929519e-04 4.33911855883424e-10 -2.31622573961838e-04 -2.29010839916631e-09 -1.59599247252304e-04 -2.98889515084908e-10 -1.22636198658478e-09 -5.55337959861947e-04 3.57281254324980e-09 -3.78833808484342e-04 -1.22276639580079e-09 3.63698759480475e-10 1.29754936728526e-04 5.39023118467584e-10 -4.07691233247527e-05 -2.53396333517054e-10 -7.09034900862569e-05 1.21090238866929e-09 1.60507279624301e-08 -1.17222116293404e-08 2.88853099880998e-08 -2.68300646836489e-08 2.55752173504864e-09 6.71214201544140e-09 1.97366405267978e-04 -8.81759076363666e-09 -1.10829760123467e-08 -1.30598848780007e-02 -9.11003898491215e-10 -5.01413416508632e-09 1.95946103860651e-04 -3.13631182397626e-11 -1.11820193951684e-04 1.62324175736614e-09 -7.41553073800513e-05 9.67922476224295e-11 4.95356902645464e-10 -3.17302473215996e-04 -2.26188573743275e-09 -2.21316158865043e-04 -8.70593941175236e-10 -7.47864541110919e-11 -7.66602694509575e-05 -1.35287544769828e-10 8.07583826283638e-06 -4.71744367344067e-10 2.19008631878376e-05 -1.17857787653964e-09
 -1.06373988069942e-03 2.84401235413043e-04 -2.05072134553769e-02 5.25730591631110e-03 8.05549413287123e-04 1.19525275840732e-03 4.18040902588478e-09 -2.54808599585214e-03 -3.82700916105843e-03 -1.08333253795578e-07 1.39498376207815e-03 1.83704985985836e-03 1.10152168082392e-08 -2.43614463196703e-04 -3.27242091316525e-09 3.93346656485507e-04 -1.63170116585345e-09 1.07017734146837e-04 -9.33484647290509e-05 -5.64909823282097e-09 2.56208662270546e-04 -4.43045794885076e-09 -6.35064787130260e-05 -1.97233790383636e-05 -1.58714970340312e-09 1.03975673893118e-05 6.87283214427432e-10 -9.59521976611444e-06 7.17340288562445e-10 3.36400812066639e-04 3.60410150077062e-04 5.11630422547203e-05 -4.62289546104300e-03 1.50472510468376e-03 -6.42375390989598e-05 7.74482864313870e-04 1.11925093383467e-09 1.19979676916128e-03 -5.67033621124494e-03 -2.42973201301566e-08 -5.01469314806040e-04 1.66189722457058e-03 5.42979763452535e-09 1.12076450103712e-04 -9.77473779007526e-10 7.57225286087167e-05 1.02071573626582e-09 -1.39297429657076e-05 8.29186949248875e-05 -2.32161718485635e-09 -2.09736869171992e-05 1.01965464248920e-09 -8.66061874202305e-05 6.87290166601806e-05 1.18580444757593e-09 1.65368870126206e-06 1.90870610437362e-10 1.18234804277804e-05 2.81492023375095e-09 -1.88371846470789e-06 1.84379746610406e-03 -6.63114153343194e-03 2.51353533745746e-03 -1.21526764564877e-04 1.16519565010816e-05 -1.09085463367131e-09 1.22552775794284e-04 -5.35653643008076e-05 -2.69742621581007e-09 -1.64505878115290e-05 -1.71053551140326e-10 -2.26871933742097e-05 -4.85634994588969e-10 2.60553056218236e-05 2.10151413415375e-04 -1.23258421265903e-03 4.21996823321245e-04 3.47125158693013e-05 -6.52384205618856e-05 -7.57441972387611e-10 4.79963320093039e-05 -9.32595915809278e-05 -1.68776128796314e-09 4.94039423417258e-05 -1.52779771208551e-10 8.38133800388883e-07 1.08157646374455e-09 -1.50407090032772e-06 -2.24448201339809e-04 8.48373601652433e-05 -1.05997985737877e-02 2.32605602382879e-03 -2.66849983786373e-04 -3.47011254236780e-04 1.63956505693953e-09 6.11233534549442e-03 9.03225335051020e-03 -1.39157747831535e-07 -9.13637907233616e-04 -1.39103201840895e-03 5.53070095626340e-09 -1.98883824359131e-04 1.26783553670118e-09 1.17926019969230e-04 1.70421431378106e-09 8.45076026303014e-05 -3.64797522721889e-04 4.07209846514201e-09 2.67948094870958e-04 2.18672005365018e-09 1.97076358198429e-04 1.26584815312726e-05 -1.76620356154728e-09 -3.55818286231528e-05 2.70811901740387e-10 -3.74662215665188e-05 6.11631855136339e-10 -8.50034230867760e-05 -9.74503556810217e-05 -5.17204878670991e-06 1.43111607853514e-03 -2.54287427488992e-04 -6.23976952339681e-05 3.00815070889387e-05 -5.73730112863235e-10 3.11617156720000e-03 -4.47006178189391e-04 6.94152223852005e-09 -1.13052775862295e-04 -3.91143886552609e-05 1.63920716104704e-09 3.69112470098351e-05 7.42601398405402e-12 -1.13771847934408e-05 -3.64450962728156e-10 2.77578187581234e-05 9.78255003328773e-05 -7.91811944384507e-10 -1.50579557498580e-05 9.53380362557144e-10 8.21625974997507e-05 3.20141445823797e-05 2.43924887873890e-10 -5.20954948167272e-06 5.56274051163498e-11 -5.25980255361423e-06 6.69409392534996e-10 -1.58998087034715e-05
 1.80255983419992e-08 -3.11328644042667e-09 -3.55638684359474e-08 -6.58431906886159e-09 9.55547376322138e-10 1.01405828623646e-09 -5.24779057431146e-04 -4.24928546456183e-08 8.46525220224438e-08 1.18083925456029e-02 2.64194599806689e-11 -1.94651381877879e-08 -1.22490225194076e-03 3.98074292283807e-09 2.72735803555736e-04 -1.63170116585345e-09 2.11825311349516e-04 -3.71845563118686e-10 4.24862072148743e-09 5.32007175048938e-04 -1.27623477006642e-09 5.50683775770793e-04 1.91625910488341e-09 -1.37015180050984e-09 1.25884327299832e-04 -1.78501489338685e-09 -9.32391811076798e-05 -1.36446730038316e-09 -8.58985255897113e-05 -1.42454868665856e-09 2.55313176149371e-10 2.72205691062605e-09 -4.48242683955336e-08 1.87472969067642e-08 -2.03692140030359e-09 7.61106090551200e-09 -4.80241447028829e-05 3.40925603932210e-08 -7.28749144508645e-08 3.40215806495495e-03 -5.83420608006750e-09 2.35668979326296e-08 -7.15416308183534e-04 1.93981351074800e-09 9.79123431269650e-05 4.67008521671939e-10 -6.99702671718002e-05 3.00327175341073e-09 1.79918131113877e-09 1.33208269771909e-04 -6.83837322780241e-10 -1.74382018322757e-04 3.30056742940824e-09 -3.53735893450516e-10 -2.75368497354416e-05 5.18864726760713e-10 -5.78372320279029e-05 3.05038189526039e-10 -6.39160149644161e-05 -6.89282587194948e-10 -8.56086686999259e-09 2.24697692335773e-08 -4.49421533280658e-09 -8.61728479074229e-11 8.75061425089958e-10 1.14630852317105e-04 -2.50910561012392e-09 1.71759369664016e-09 3.31388023011579e-04 8.16103046307820e-10 2.90485507339330e-06 -1.78351455500839e-10 7.61572419193127e-05 -3.44250316614459e-10 -3.63804506358501e-09 3.20243986735570e-08 -3.40896528434534e-09 -1.78931527244215e-10 -4.30588861288060e-10 3.08134617539722e-05 4.62109426507932e-10 -5.99238592395740e-10 1.52211315463123e-04 2.93426982025338e-10 7.01420443413281e-06 -7.43013326798555e-11 -2.95210260378644e-05 -1.42666435400786e-11 -9.29334130538463e-09 3.77153194486543e-09 2.01423985854103e-08 4.37905417824678e-09 1.44756176668647e-09 5.37532681740937e-09 -3.33642697879593e-04 -3.89099892388253e-08 3.37164992032592e-09 1.45870719990683e-02 5.03248465095226e-09 3.54286960207256e-10 -6.66668859332019e-04 5.23561272610805e-10 -1.58016908316089e-04 -1.43266065209504e-09 -1.10007943197335e-04 7.78367689451102e-10 -1.54623900761887e-12 -3.79716049467765e-04 2.87487320752412e-09 -2.31186411341123e-04 2.14759550295282e-09 -6.73955109377492e-10 7.64864926884972e-05 2.02280493808077e-10 -3.03863164599306e-05 -1.01683102426732e-10 -4.94713181258506e-05 5.98440975632724e-10 4.93174453848710e-09 -2.15188970947932e-10 6.15908064724255e-09 -4.13529938448060e-09 1.73681852457375e-09 -2.64703756068263e-10 -4.12726607625833e-05 -1.50162829497209e-08 3.23196824108818e-08 7.68745402246954e-04 -5.34163897448868e-09 -4.70552747483056e-10 -2.39676895232614e-04 3.84212831792490e-10 2.70702759806930e-05 -3.73661693901262e-10 1.71702080039380e-05 3.77629268233045e-11 7.37456268644057e-10 4.34560137693590e-05 6.92588622135210e-10 3.86231379960572e-06 1.07823926176360e-09 4.51122270140462e-10 1.48348141546477e-06 2.10330140651870e-10 -5.01103825116668e-06 -1.31851353268216e-10 -1.01201648609425e-05 -1.01205996905090e-10
 -2.78284661896551e-04 -9.37835565868465e-05 -1.37620202080327e-03 4.64956294419641e-03 3.09555847189003e-03 1.09163646283383e-03 4.37742845588668e-09 -2.29853721278177e-02 9.75978996840937e-04 -5.07477311728640e-08 7.87127652192923e-03 -3.16926220477465e-03 3.70061772567791e-09 5.37984010860638e-04 -4.11781043954815e-09 1.07017734146837e-04 -3.71845563118686e-10 2.14649397355018e-03 7.38929478215906e-04 -1.35213966810256e-09 -8.66964011851315e-05 -3.62438607744822e-09 2.21356279113948e-03 2.98844298228840e-04 7.71728125486309e-11 6.45035911203515e-05 6.63570852792796e-10 -2.91852568525820e-05 1.10876870256066e-09 2.89999217872736e-04 -2.58378989323472e-04 2.25454400161143e-04 -1.44298062386810e-02 -8.20249194983264e-03 -3.57231559340788e-04 -1.04289784513786e-04 3.65862137699842e-09 1.48943924405423e-02 -1.59988796220728e-02 1.36935459884414e-08 -1.02386546128659e-03 1.61565391253596e-03 3.09876281607310e-09 2.96728132687146e-04 -1.28869627504324e-09 -1.37360068586278e-05 1.95059737456460e-09 4.84283100412983e-04 5.61335069207520e-05 -1.41353588333302e-09 2.24779088927469e-05 -1.28210744614479e-09 9.48419502030005e-04 1.60353220936749e-04 9.37582076157691e-10 5.92909476581600e-05 -7.77631984455311e-10 -1.81401473344689e-05 4.84012067403560e-09 -1.70247822923197e-04 -2.14079477724804e-03 3.57641637274790e-02 -3.20213598137976e-03 4.07133219456876e-04 -7.38750050490402e-05 -5.32245241591467e-10 1.19282929623469e-03 6.34046332554816e-05 -1.70279230540112e-09 -4.83780964741093e-05 -2.10540875296960e-10 -4.68459251602230e-05 -1.38013513760942e-09 1.42757455453472e-04 -1.57649826035755e-03 1.22755539410271e-02 7.80740270798608e-04 -3.07086334671280e-05 -1.72141392230788e-04 -6.31226515507971e-10 5.65370179232263e-05 3.32775932886476e-05 -2.33361549213207e-09 1.10067312014115e-04 2.49014867609061e-10 -4.13405367370482e-05 2.50839130679306e-09 -3.11033211563588e-05 -2.01390053517257e-04 1.13766096673502e-04 -9.65208282974770e-03 1.45085355730898e-03 -1.39680064822705e-03 4.92695009073319e-04 -6.00980598004328e-09 4.52469454820522e-02 -1.91892996423750e-02 -5.81543164255389e-08 1.86793161079415e-03 -1.93890940874447e-03 -2.35068484041507e-10 -2.34293175568032e-04 2.32357998277082e-09 1.27044791328404e-04 -8.26577744183919e-10 -1.08269462537397e-04 -6.16187696580431e-04 -5.73816038604496e-10 9.81077448829569e-05 3.25020016091288e-09 -2.62426648440769e-04 1.31135385761868e-04 1.12548243458300e-09 -9.16125840796907e-05 7.10815266191248e-10 2.42051327770148e-05 2.83696697225444e-09 -8.88465387611446e-05 -6.43965926010875e-05 7.19010306896800e-05 6.57497331786925e-04 2.72659904567259e-03 2.13707509390595e-04 8.60947466060673e-05 -1.04023563057284e-09 7.42114109288776e-04 -1.69382653774526e-03 3.41058579651571e-08 -8.87385677411141e-04 1.52119015137438e-03 -1.83870434361115e-09 3.66152191015455e-05 5.40691705638871e-10 -3.56586565508354e-07 -4.38450963868024e-11 1.36011749219308e-04 -5.97490343194954e-05 -5.86751742536984e-10 5.56633686265833e-05 1.60247616480837e-09 5.16764087401715e-04 1.20485355090756e-04 6.73086762355471e-10 1.50149108653008e-05 6.94913895259215e-12 -2.38175521897317e-05 1.15990238876810e-09 4.59536812454777e-05
 -7.81331917292993e-04 -1.95403920388825e-04 5.03826309406347e-04 4.80398137700261e-03 7.89121441179417e-04 -5.05060844899938e-04 -7.11115028090503e-10 -1.52456690105974e-02 9.85309681910292e-03 1.38948046567725e-07 5.00961588230929e-03 -3.51765030903645e-03 -1.55554766916109e-08 6.98928832841243e-04 1.80011621654845e-09 -9.33484647290509e-05 4.24862072148743e-09 7.38929478215906e-04 1.04018957594690e-03 7.36519273593682e-09 -6.46244488165876e-04 7.27728993857513e-09 1.26649480246156e-03 1.17811263964749e-04 3.72638320045168e-09 -4.69191602185725e-05 -2.19556744780067e-09 1.48358332944497e-05 -2.43435265276656e-09 -3.70365836245441e-05 1.67239789075783e-03 4.25550654892632e-04 -1.43562904908619e-02 -5.21849900392437e-03 1.08022687969443e-03 1.41628046556439e-03 8.77767565473882e-11 -2.03213474671768e-03 -1.76852033557619e-02 1.02444796828353e-07 1.85768191459063e-03 3.56997482296450e-03 -1.45851660858841e-08 4.07872076467740e-04 6.18036191790783e-10 8.98033939109195e-05 -6.29742657805847e-10 1.13553926671562e-04 -1.41180272578431e-04 -2.97037400951941e-09 3.16997711988311e-04 -5.09388477766826e-09 6.34446990856548e-04 1.92749949976346e-04 3.31418862239752e-09 9.10368731360227e-05 -1.74176047895678e-09 -1.15129190069549e-05 1.13311376519432e-09 -1.64807823647383e-04 -3.21809863156019e-03 1.98898804133887e-02 -2.97207338859815e-03 2.43290546936218e-04 4.72429756607587e-05 1.53786830364289e-09 -1.84141119951983e-04 1.25927479153567e-05 4.46068653393906e-09 6.40471261516827e-06 3.48919420796279e-10 -8.69241276396734e-06 9.21365151517450e-10 2.68264983026366e-05 1.16051665087689e-03 -5.38425401792932e-03 3.97130458254545e-03 2.60120510124725e-04 -1.85148091029038e-04 3.25631179173867e-10 2.55264156462816e-04 -1.14452180306082e-04 2.23009174314801e-09 1.27811645388580e-04 -5.76607826858138e-10 1.24231834276585e-06 4.25593511590267e-10 -8.03435417076763e-05 -6.64888255615922e-05 1.06962805662135e-04 2.69067837920616e-02 -1.37087099512353e-03 -6.80064201607273e-04 -2.25361193659286e-06 -5.37792554455670e-09 1.67733356584390e-02 -9.58005673215660e-04 1.54457444862954e-07 1.75851847872586e-03 5.06351026706155e-04 -9.83747799237525e-09 -8.42867031227001e-06 -1.89277097833098e-09 4.23056992650096e-05 -3.65432958430144e-09 2.04422108377290e-05 -1.18266778697046e-04 -1.66504766551435e-09 2.04946835225472e-05 1.18890442137368e-09 2.37029299138269e-04 -5.58550579994105e-05 -1.07711778453863e-10 -1.30681425865112e-05 1.61610208466128e-09 1.90778423118201e-05 3.37034680591791e-10 -2.37081639175012e-05 -3.19640581024047e-04 -3.70593862517327e-05 4.17820198019102e-05 7.80136560408476e-04 6.39843703190962e-07 -8.34966706302641e-05 -4.04079546392240e-09 5.67667336988478e-03 7.34628753347900e-03 9.36293922338747e-08 -4.46360133210434e-04 4.45461520193969e-04 -6.77676008787578e-09 1.39344776186922e-04 1.08018273788364e-09 -8.09029857566580e-05 3.66131477929550e-10 -9.39921947297246e-06 2.36958903243036e-04 1.97450049104997e-09 -1.39268012748466e-04 1.94036467812019e-09 3.69020102852138e-05 4.55494777852373e-05 1.37129906575694e-10 -2.23409617549325e-05 4.33612896313266e-11 -2.05054905949974e-05 8.74821744789743e-10 -7.28636282637012e-05
 5.63971479802939e-08 -1.25309518725212e-08 3.89408578663844e-08 -6.81397774770601e-09 1.13453099424809e-08 2.98606759933351e-08 -1.48038093815939e-03 -6.10172606618700e-08 -1.08667399869650e-08 3.02767200947410e-02 2.30557271436413e-08 1.13148655372995e-08 -2.56747846788779e-03 5.39505816411067e-09 9.64855082311903e-04 -5.64909823282097e-09 5.32007175048938e-04 -1.35213966810256e-09 7.36519273593682e-09 1.76320796484242e-03 -5.58601582357856e-09 1.38067160318496e-03 7.09868314114228e-09 -2.72851053436864e-09 4.08207628463357e-04 -3.96783980910617e-09 -1.95388340911993e-04 -4.10956949892751e-09 -1.54057703028439e-04 -5.90809232237247e-09 2.70993621904395e-08 -1.22373297564056e-09 -8.13929267041402e-08 3.81450390221962e-08 -1.42547132490234e-09 2.01185730520995e-09 6.42988562808276e-04 2.88512978317961e-08 3.17870984329015e-08 -7.39552712569254e-03 -2.53767152239220e-08 -2.35290605403146e-08 -3.49645015495035e-04 -2.54667488108410e-09 7.09649335388523e-04 2.81567129366917e-09 1.09563824047882e-04 1.50008531900655e-09 -1.27983194946461e-08 1.16809399570180e-03 -4.63092967366021e-10 2.84654932294447e-04 6.28281891929602e-09 3.08788349674182e-09 -2.60271789688230e-04 -1.52441995661026e-09 -3.26143601110509e-05 -5.10529040602124e-10 -5.99291214472451e-05 -4.89118137789948e-09 -1.37246103208138e-08 6.28670691554563e-08 -1.02349341235624e-08 2.53510161411471e-10 -3.81484971336448e-10 2.99660942372780e-04 -1.29998006661883e-09 9.79584654846704e-10 7.40221181658697e-04 5.30952729280123e-10 1.92817563403573e-05 -9.01343497749354e-10 1.76010177706855e-04 -6.59755304004214e-10 -1.50697191512326e-09 -2.25482259274347e-09 1.04849880698976e-08 -4.62930184299625e-10 -5.68248965913931e-10 -8.22780999025414e-05 3.72251922169747e-09 6.19393920194029e-09 -1.13060099471191e-06 2.04626362674699e-10 2.66615424780032e-05 -9.03275196696776e-12 2.28747600196674e-05 -3.90957487805689e-11 -6.32820965238842e-08 1.14581011524156e-08 6.44612442648145e-08 9.74280348351093e-09 8.86270280139918e-10 1.39196262264741e-08 -9.51737466942884e-04 4.39817857709016e-08 5.39903952456606e-08 4.24646992876097e-02 4.55707709199644e-09 3.46865789708298e-09 -1.62005900316725e-03 -7.70744510059429e-10 -4.39846634305408e-04 -3.04425812830923e-09 -3.03691867873259e-04 1.10262846909849e-09 -5.83340885227384e-09 -1.05504320657084e-03 9.15617400753358e-09 -7.04490031717025e-04 2.41596630875755e-09 -9.50730106699616e-12 2.39820767869543e-04 3.96154171424366e-10 -7.88267848084468e-05 -5.43791077328894e-10 -1.35245714862419e-04 9.17717101397466e-10 1.56521285012254e-08 -1.74512978185739e-08 4.63588731060534e-08 -3.16750117787578e-08 5.25419892934120e-09 1.29255964654080e-08 2.78590946201559e-04 -5.95510755986447e-08 -7.33198306925262e-08 -1.95076835004887e-02 -1.54281971831874e-09 -7.51109974863941e-10 1.67923675173375e-04 -9.07641626914977e-10 -1.55822722181698e-04 2.96192355955096e-09 -1.03763846095353e-04 7.53758771943511e-10 -2.40909988931996e-09 -4.60407432657174e-04 -1.99145823449528e-09 -3.35594235538173e-04 -5.35949975136617e-10 -1.62446407241753e-10 -1.16164666579945e-04 -2.77021359594068e-11 9.58257017596019e-06 -6.42066075588222e-10 2.78841850742481e-05 -1.19473655337128e-09
 -1.15671427584346e-03 3.78878457861196e-04 -6.83464662544351e-03 -1.69539054636740e-03 2.91436634790187e-04 -1.25382634749435e-04 7.04160649306219e-10 1.25123490266574e-03 7.82277714047430e-04 -6.40372336040959e-08 -1.79827022132031e-03 -4.18048966919915e-04 5.72143161726551e-09 -3.55120479770441e-04 -2.65848761029205e-09 2.56208662270546e-04 -1.27623477006642e-09 -8.66964011851315e-05 -6.46244488165876e-04 -5.58601582357856e-09 7.61447706338738e-04 -3.50732304793092e-09 -4.27838424133773e-04 -1.03897770842845e-04 -1.98205036414241e-09 2.23486221437271e-05 1.02046550179433e-09 -5.77589929922495e-06 9.95095218371987e-10 2.64461913972245e-04 2.79442908769099e-04 -1.55867446493906e-04 9.28068288772942e-04 4.12564633041092e-03 -6.51337162954812e-04 -6.87622422422635e-05 -3.62371334296938e-10 5.42802226040730e-03 5.33749456926363e-04 3.88458305869657e-10 -1.17542812604123e-03 2.02493066101082e-04 2.62479824269869e-09 -2.48461250205629e-05 -1.44734921607139e-09 -3.49221809816475e-06 1.07346969618360e-10 4.03781208300754e-06 4.03852954952090e-04 -1.36458055105830e-09 -3.04626164130813e-04 1.24853756633940e-10 -2.91954927218435e-04 -3.19436512336710e-05 -7.62913764096166e-11 1.25934842314291e-06 -4.29072571600272e-11 1.19273841670551e-05 1.85631593242277e-09 5.69838939772805e-05 1.57806507958804e-03 -5.95900484238096e-03 5.51467825832668e-04 -1.92920313308628e-05 5.14541714733056e-05 -6.87632381049309e-10 3.11137794138058e-04 1.77147542769356e-04 -1.81628582787612e-09 3.73995468123027e-05 -1.31547440955348e-10 -1.07981691060737e-05 -4.47602703699373e-10 4.13731147819295e-05 -1.14476715911396e-03 4.41848649969456e-03 -2.37522242187401e-03 -1.32886170417343e-04 -1.37001367041191e-05 -3.48061538397510e-10 6.93534702691858e-05 -7.24509527613882e-05 -5.00091914561556e-10 -3.00583377335002e-06 1.63480139708109e-10 5.08065070989990e-07 8.17471927263480e-10 3.15152239950294e-05 4.42480163811913e-04 -8.96385498881573e-05 -3.28424287599801e-02 1.95723177915789e-03 3.66505360101998e-04 1.47864232835648e-04 1.32166595546864e-09 -1.15014098034516e-02 -3.59892762048607e-03 -8.42247787252667e-08 -9.95492656808834e-04 -1.28269615427704e-03 3.60182271266103e-09 1.20589843184973e-05 1.38396769904779e-09 -2.62845933109917e-05 3.16085403622705e-09 3.56899817210436e-05 2.32022533739901e-04 -4.45826845230952e-10 5.68228370515438e-06 -1.38135390271740e-09 3.57410942567635e-05 -2.24810733777463e-05 3.41115138105322e-10 -2.40660886192009e-06 -1.69756321851228e-09 -1.32635842353799e-05 -7.13693519023770e-11 1.30896729648203e-05 6.32872503710048e-05 5.82513380821350e-05 6.53539015251582e-03 -4.82385024900209e-04 -6.17667204427379e-06 9.28932979303117e-05 7.39061562843583e-11 -2.47814799033186e-04 -6.14506399050562e-03 2.37696184384677e-08 -2.42742235982823e-04 -2.94293529172152e-04 3.98691035620238e-10 -2.70221937041192e-05 2.77858155062429e-10 3.19754644078332e-05 -2.85317245642398e-10 6.26521538517990e-05 -5.61167913269965e-05 -3.03297802211539e-10 9.46703630254074e-05 1.24422225331882e-09 2.15206593585132e-04 4.17847016448103e-05 8.06817698863355e-10 7.53239337407203e-06 2.43971578345071e-11 -2.17144568346836e-06 1.98612875249899e-10 3.13442466525320e-05
 9.50392672727704e-09 -1.01233645975223e-08 -4.79064264024034e-08 -6.83928605846997e-09 -2.11621692022570e-09 1.78943709578961e-08 -1.36336263633126e-03 5.27677025278991e-08 2.43666426119820e-08 3.06948936328825e-02 -1.93970406984863e-08 6.67656751807784e-10 -3.18723674467186e-03 6.51502370156153e-09 7.07466108811986e-04 -4.43045794885076e-09 5.50683775770793e-04 -3.62438607744822e-09 7.27728993857513e-09 1.38067160318496e-03 -3.50732304793092e-09 1.43162993719430e-03 -3.56829723352723e-10 -1.90160745234872e-09 3.26746988131759e-04 -3.88946695558794e-09 -2.42611741626010e-04 -3.77163134261254e-09 -2.23656382283141e-04 -4.67553296357617e-09 -2.29243568770981e-08 4.19190391410665e-09 1.49649259163825e-08 2.17893091222038e-08 1.51355505925080e-09 1.15243860913432e-08 -1.29124460328684e-04 -7.30817702014609e-09 -5.59917242069210e-08 8.93387066199089e-03 1.97969907249185e-10 2.09019437023040e-08 -1.86797611546786e-03 1.71778959863530e-09 2.51946741094903e-04 -1.06046835432258e-09 -1.83499705343674e-04 5.75544666711276e-10 1.66420878454067e-09 3.41635154759586e-04 -3.55544976502471e-09 -4.57388456152060e-04 3.50041422506245e-10 -1.82690537354254e-09 -7.05176253664070e-05 7.67579504124651e-10 -1.50990619841531e-04 8.73054433806387e-10 -1.66726215138928e-04 9.36479209346005e-10 6.75633744965273e-09 -8.42851682522440e-08 2.29480612478575e-08 -2.79439383264036e-09 1.43771375880113e-10 2.97940789459038e-04 -3.63174406513180e-09 1.69393032770280e-09 8.62027364467199e-04 9.38133190716681e-10 7.48465703447502e-06 -3.66667977301380e-10 1.98071982369879e-04 -1.25323010562576e-09 -5.62977690816523e-09 2.62873736527319e-09 -6.17419528648604e-09 -2.84899266815030e-11 5.64146684574013e-10 8.10000237615377e-05 1.74748991617212e-09 7.42743686342909e-10 3.97851753406484e-04 -2.36774130449622e-10 1.81842298773389e-05 -1.47192202149557e-10 -7.72892682743925e-05 -2.75059849539257e-10 -1.78240219419232e-08 9.80617814653516e-09 3.98225824201709e-08 8.95324808500905e-09 2.62478038941022e-09 1.33356342018735e-08 -8.66736194324587e-04 8.52750139699214e-09 4.52084559248456e-09 3.78894777479127e-02 2.60860963283061e-09 4.20538784960926e-09 -1.73344787410401e-03 -1.69003553381592e-10 -4.10557014878367e-04 -3.24463380792275e-09 -2.85834995772394e-04 4.77405323550473e-10 -4.23915170873407e-09 -9.86582900303308e-04 8.06254638397472e-09 -6.00323437661770e-04 -2.23858846436326e-10 2.29993184822530e-10 1.98575264789228e-04 3.75499669672044e-10 -7.89814671430177e-05 -5.04152655101912e-10 -1.28549364210334e-04 1.41326381873002e-09 -2.65074796092136e-08 -5.82394600576569e-10 7.51200770358245e-08 -1.89487216118751e-08 1.88832500571042e-09 6.56642874587287e-10 -1.09437209671380e-04 2.52133009005446e-08 2.19711157964274e-08 2.11855601160208e-03 -5.56215121978995e-09 -1.06726619576430e-08 -6.27400639634401e-04 9.19032440197737e-10 7.16280043733284e-05 -9.31438701205322e-10 4.54599997894954e-05 -1.68118485951770e-10 1.72799086336226e-09 1.16162063290897e-04 1.57836133255264e-09 1.19743405956299e-05 1.60336686449520e-09 7.94889424604961e-10 4.52793665086401e-06 3.16452517390500e-10 -1.31513601981647e-05 -9.07352800443620e-11 -2.66079225958499e-05 -1.34371847823772e-10
 8.80325848780564e-05 2.80586941506745e-04 -6.14843820921271e-03 -2.07540819227272e-03 -7.31205027324081e-04 -2.09666585770747e-03 5.46918771512815e-09 -9.85684296317381e-03 2.81857059691235e-02 -1.59298117324658e-08 9.90195980910538e-04 -1.22195143625018e-02 1.30571850667373e-08 1.93443944445848e-03 3.50164348712035e-09 -6.35064787130260e-05 1.91625910488341e-09 2.21356279113948e-03 1.26649480246156e-03 7.09868314114228e-09 -4.27838424133773e-04 -3.56829723352723e-10 4.31363578555656e-03 6.64709531906800e-04 5.14869457516268e-09 -6.53567900496855e-05 -1.04898122940507e-09 1.82983490105769e-05 -2.29303146868513e-09 2.83098012355456e-04 1.54175341533179e-03 6.49179779739016e-04 -2.00473331687483e-02 -1.20482987776844e-02 3.09740943380181e-03 2.99668122791040e-03 1.63307588117930e-08 -2.13859336578344e-04 -3.96212769320698e-02 -3.03322629330217e-07 5.05900305601880e-03 1.14831060198910e-02 2.89523055968122e-08 1.69769307153712e-03 1.08410607905326e-08 -1.19085591091359e-04 9.21940713782353e-09 9.51862635228668e-04 4.02619357108024e-04 1.26369783997686e-08 -7.66773441727111e-05 1.44138340824588e-08 3.34070748438984e-03 -3.01213967265463e-04 4.82336711872905e-10 1.57300788665795e-04 2.12459357020893e-09 -4.23934511327390e-05 6.81984760508901e-09 -2.29698760428211e-04 -3.26983879147693e-03 2.78726560325723e-02 9.43293466729660e-04 -2.32964856262217e-05 -1.58887619137732e-05 5.67713744937253e-10 -2.03771844432429e-04 2.71333111440123e-05 -1.85549705570470e-09 -3.82877419665419e-05 6.44317292660748e-10 -2.20300111127603e-06 -1.18690400916766e-10 -5.74192030394008e-05 -1.45475630572798e-03 4.84172903166143e-03 5.62574693840349e-03 4.28985941030039e-04 -1.99837992656741e-04 -4.04728216790199e-09 1.13315576162166e-03 9.70178576064174e-05 -9.10635951885530e-09 8.95211427843964e-05 -1.13015660525679e-10 1.94314276306597e-06 4.48013766724729e-09 -2.33052947834966e-04 3.90621901725614e-04 3.21308832958973e-05 7.83444516393899e-03 3.69657324904023e-04 -1.85861056313543e-03 1.29811855634690e-03 -1.41785136591192e-08 4.74309363291757e-02 -4.99373964238164e-02 9.11971087056334e-08 3.66575777984420e-03 -8.22150639061359e-04 -1.16514021728969e-09 9.24736012049258e-05 2.29092998464648e-09 -9.01400760042151e-05 -3.23053274404631e-09 -3.63372540515211e-04 1.34420932841107e-04 -2.47087944149769e-09 -3.18031955147747e-04 3.05197717890672e-09 -6.37144254361520e-04 1.19586519800347e-04 3.18531039781992e-09 -1.53937189749218e-05 2.10104490428969e-09 7.16915868795910e-05 3.66870040396654e-09 1.40180219830446e-04 -7.36110271513285e-04 -2.23519006742161e-05 8.66692386271846e-03 2.21326594154642e-03 8.02972669160557e-04 -8.15588664826467e-04 4.13850241426147e-09 -1.19588656085205e-02 3.66164683421239e-02 -4.03210841416484e-07 -2.49311348490102e-03 8.54174238167121e-04 1.11743783305867e-08 3.03342684640092e-04 -5.15733027733590e-09 -2.28515110122946e-04 -2.66127302405115e-09 -2.22107861238294e-04 5.23148194669175e-04 -9.30060747077071e-09 -2.97093427667077e-04 -6.96648720134476e-09 -1.31604607326979e-04 3.65448157780672e-05 -2.39737042031531e-09 -1.51177371716026e-05 1.15490656480870e-09 -1.02732362335412e-04 2.15224324061825e-09 -2.04350177121457e-04
 1.50314292855175e-04 -4.22227691908473e-05 2.18457103585076e-03 4.11545322709695e-04 -1.58176618044018e-04 3.64117880016325e-04 1.03109162916892e-09 2.73974288065904e-03 -3.67728552052133e-03 -3.83479972890413e-08 -2.96597996153056e-04 -2.74394418077479e-04 3.34729912186151e-09 2.04304350212646e-04 -1.29410960545340e-09 -1.97233790383636e-05 -1.37015180050984e-09 2.98844298228840e-04 1.17811263964749e-04 -2.72851053436864e-09 -1.03897770842845e-04 -1.90160745234872e-09 6.64709531906800e-04 2.51511299419086e-04 -6.17665753245415e-10 3.37295559174098e-05 5.07551847250485e-10 -2.32245190362200e-07 2.46484463144296e-11 2.32339642284286e-05 -5.37111262874154e-04 8.45701708373647e-05 -6.67995303835517e-04 -4.27013535509022e-03 1.37182086539532e-03 4.81223605902404e-04 -1.85121006541453e-09 -9.45484402082755e-03 -2.61507465152958e-03 6.01660316253977e-09 3.25207750889473e-03 9.59746778624027e-04 6.71903404204493e-10 1.92352266952515e-04 3.66766823231686e-10 -8.12468812626147e-05 -2.46494909769406e-10 -1.46862955190088e-04 -1.95050898953938e-04 -2.05702343281699e-09 2.86328821607954e-05 -8.36482173508312e-14 3.12147520762697e-04 -9.57283632972177e-05 1.24297107109446e-09 2.46674989494388e-06 4.32764337387058e-10 -2.96134989376174e-06 -1.59596829402147e-09 4.41196552029240e-05 -1.43832967560657e-05 1.58727469681067e-03 6.08980167275122e-04 -4.27015392719711e-05 -1.17263213516197e-04 -2.98742071950736e-10 6.08037055350696e-05 -1.18453640048416e-04 -9.39007870107402e-10 -7.80709269491308e-05 -9.52466095222069e-11 -3.52830372673681e-06 -1.46153223585615e-10 -1.48930411215707e-05 8.96274165130942e-04 -8.00649298632180e-03 2.80449752166703e-03 2.33863249019234e-04 3.10751234867456e-05 3.92080132275036e-10 2.80129509867519e-04 9.16195254795330e-05 6.00314165930093e-10 -1.76544268363215e-05 -4.97484660191453e-10 1.34801969689779e-05 -9.30278744190978e-10 -8.09859176945022e-05 2.91257348978622e-04 7.81588477155178e-06 -1.57347118939624e-03 1.35377119218425e-04 -4.11432532783158e-04 2.47380342059071e-04 -1.15881866113276e-09 1.30870727259172e-02 -9.40215016258952e-03 -5.20863962036629e-08 1.95669529670711e-04 -9.06597976409261e-05 2.06886703688276e-09 -5.31411383712250e-05 1.22972147343512e-09 8.37797733267013e-06 -1.28281994139105e-11 -1.19872008713722e-04 -1.10044774056698e-04 3.16389702107532e-10 -1.15813331347712e-05 1.30007764130467e-09 -2.75750425103267e-04 8.62292149130960e-05 4.47887812865482e-10 -1.32157944703833e-05 2.67829520748718e-10 -9.60890912248832e-08 9.37274940489107e-10 1.26316438009186e-05 -9.87065496723776e-05 -2.99603289647959e-05 4.95163385392915e-05 3.20895055618767e-04 1.78496232367329e-05 -1.79135407852915e-04 -3.51599185249967e-10 2.09964322013572e-04 8.91215914529267e-03 1.80665956940043e-08 3.34552454106441e-05 -1.67125170811321e-04 -7.66635673305799e-10 7.04385145113386e-05 -2.01605653694618e-10 -6.29991075822508e-05 1.11387210330426e-10 -1.04877440029706e-04 1.21800596846217e-04 1.30501402206158e-09 -1.23945202785104e-04 -2.23690206420249e-10 -2.63574293014646e-04 -4.59614226653270e-05 -3.36430578170136e-10 -2.09034168151813e-05 1.01866308836423e-10 -8.75073005031301e-06 -1.55976284618824e-10 -6.21239419080100e-05
 2.58036667623050e-08 -2.08084187496937e-09 -1.43119522345406e-09 -8.60559340707355e-09 -2.93692773685654e-09 -4.40490872201253e-09 -3.46865850240207e-04 -1.92863200538733e-08 9.15648907504927e-08 7.15105899918696e-03 -4.26056550438317e-10 -2.65128034021648e-08 -6.18251946071843e-04 4.65711105805195e-09 2.22403839083218e-04 -1.58714970340312e-09 1.25884327299832e-04 7.71728125486309e-11 3.72638320045168e-09 4.08207628463357e-04 -1.98205036414241e-09 3.26746988131759e-04 5.14869457516268e-09 -6.17665753245415e-10 9.46497516674577e-05 -1.30473186819968e-09 -4.70509465729701e-05 -8.85787598295526e-10 -3.77540024777070e-05 -1.53133270871916e-09 -3.03783262713718e-11 1.54134294772273e-09 -1.07467291286071e-07 2.12713582816527e-08 2.53962845465970e-09 3.60517180324570e-09 1.36042794708701e-04 3.51151253110347e-09 -4.51655251151365e-08 -1.41380979926409e-03 -2.30490827225729e-09 9.91469347246774e-09 -1.13249601208224e-04 1.34086381900577e-09 1.58139407868035e-04 1.79456776252179e-09 1.99090955065190e-05 1.50342638797804e-09 -1.70747432656567e-09 2.58819333052652e-04 3.35066687162283e-10 5.21175289095783e-05 5.02441159855017e-09 4.32350164683611e-10 -5.75559148974531e-05 -9.95570820719270e-12 -1.00926271432041e-05 -1.37495346785882e-10 -1.63018369854136e-05 -2.36757664500241e-09 -9.56209727032485e-09 2.44810906279828e-08 -2.48070221668649e-09 -1.86692473775149e-10 5.97255799958117e-10 7.06582065580163e-05 -3.11919046002172e-09 1.02258858598402e-09 1.77093763190115e-04 5.25430336404772e-10 4.30972655315728e-06 -1.09261502245996e-10 4.19696106885632e-05 -3.96920004335824e-10 4.29878071512852e-09 -2.80769613570228e-08 1.72170876332401e-08 9.72071988672494e-10 -5.51540555813551e-10 -1.61018590711445e-05 2.70029161249617e-09 1.12242551574934e-09 7.81755613666502e-06 1.92950782563819e-10 6.11795938956223e-06 1.76167666168301e-11 3.36684066527805e-06 -2.58764690418910e-10 -1.86053434479697e-08 2.41795693389045e-09 6.54250007368783e-08 -3.61387828788797e-09 2.09983028588990e-10 4.73054495010893e-09 -2.22802221401774e-04 -1.74896101774383e-08 -3.89641555175875e-08 9.92514974269363e-03 6.74647499365273e-09 4.01524536439812e-09 -3.84485890394991e-04 8.57064089236969e-10 -1.03170816337636e-04 -1.24948969169042e-09 -7.12821767536957e-05 1.08362237709703e-10 1.08139008508358e-09 -2.47508251938901e-04 1.10735212051764e-09 -1.64085707157293e-04 8.51516999684556e-10 -4.39260968277904e-10 5.57404292957660e-05 3.15039498855161e-10 -1.85991735834349e-05 -1.47230281367976e-12 -3.17701550954465e-05 7.28399769875746e-10 6.06300533996280e-09 -3.64996517340591e-09 1.27978947078578e-08 -1.92614496786043e-09 2.73263709096237e-09 2.81647565081232e-09 5.78601147305591e-05 -3.79646440062141e-08 5.44792336337697e-09 -4.16386466070533e-03 -1.41555705289523e-09 2.44205447569631e-09 2.34998484703655e-05 -2.27049194242433e-10 -3.21515019277304e-05 5.87874936189955e-10 -2.14553360326749e-05 8.23825402424755e-11 -4.57135296577389e-10 -9.69322011138262e-05 -1.08556518738837e-10 -7.21275715746654e-05 2.16468963471384e-10 2.09457556620716e-11 -2.49589224747290e-05 5.87934331973814e-11 1.79998529779118e-06 -2.13562570661529e-10 5.47403036214126e-06 -3.99969587131029e-10
 1.15610623712226e-04 -5.73984004543742e-05 1.59078891691366e-03 6.25575554706974e-04 4.31491318308579e-04 5.27645994961423e-04 2.52598970642164e-09 -1.06850283791849e-03 -4.54256237800200e-03 -7.51830138880370e-08 7.44472615113030e-04 1.08249800283328e-03 6.83062036595052e-09 -1.20517135129631e-04 -2.36491169399093e-09 1.03975673893118e-05 -1.78501489338685e-09 6.45035911203515e-05 -4.69191602185725e-05 -3.96783980910617e-09 2.23486221437271e-05 -3.88946695558794e-09 -6.53567900496855e-05 3.37295559174098e-05 -1.30473186819968e-09 2.89689479109039e-05 9.88092438469576e-10 -5.21956270741559e-06 1.02534943394239e-09 7.20388186159179e-06 -4.08862952920187e-04 -3.08762039912653e-05 7.83353665496019e-05 -5.73390179777175e-04 -7.45871524837874e-07 -3.00815635235576e-04 -4.28741329296786e-10 -1.62507406483009e-03 2.79691682430643e-03 8.90246409836459e-10 2.80601918149226e-04 -1.02431552083089e-03 2.73854919294039e-09 -1.14203358903879e-04 -1.35425177695911e-09 -4.51376325086903e-06 -2.98803392841618e-10 -6.71690478486203e-05 -9.93048553849668e-05 -1.96205502083758e-09 1.42077324811778e-05 -9.16977908800496e-11 -1.70360278686746e-04 1.32355588400801e-05 3.37598898519149e-10 -1.37980734077212e-05 1.51532218879858e-10 4.74407523771641e-06 -6.10224962864004e-10 1.55481476227277e-05 5.58662346463415e-05 1.69547374660312e-03 -4.42823272819166e-04 4.98045572959737e-05 -4.64693565957564e-05 -7.89688224888409e-10 1.91884936117793e-04 -3.36200584226860e-05 -2.11654358657580e-09 -2.68196054685643e-05 -1.20797092286761e-10 -8.24003600755292e-06 -6.19044937002010e-10 2.10933409246496e-05 4.12870756503562e-04 -1.91492019491548e-03 4.91253155126666e-04 3.04819427142246e-05 2.18427333241617e-05 1.94376787951136e-10 -5.94708459575499e-05 2.99315306003805e-05 -2.19609355188860e-10 -8.78773031139870e-06 -1.37067035402555e-10 6.03903454516183e-07 -3.17001841710864e-10 -8.59063738975942e-07 2.20187271365274e-04 1.10061774100294e-05 -3.49002351180179e-03 2.40702267758039e-04 -4.92444916269052e-05 -1.79199699093707e-05 2.32810459377373e-09 2.97632136027010e-03 1.03947043005890e-03 -1.00409099910879e-07 -1.91027250861626e-04 -1.96006695783015e-04 4.21829714534284e-09 -5.36020150385737e-05 1.13113605513158e-09 2.78555089573525e-05 9.07538471438467e-10 -3.71476185693765e-07 -1.11003623037606e-04 2.02126158746413e-09 4.82493899352367e-05 1.30993901120471e-09 -1.89893760643307e-05 2.25013050339322e-05 -4.10137741649933e-10 -1.36843610311260e-05 -1.31967320943936e-11 -5.88905616579470e-06 3.87539456666361e-10 -2.54153742647640e-05 -5.02078217522100e-05 5.64944144171363e-06 -9.94862889672744e-04 2.25841127792706e-04 -3.21079948580443e-05 5.38647746787404e-05 -3.66476358234967e-10 -4.58437055134319e-05 -1.47738681068659e-03 2.55567170496980e-08 2.16892256451104e-04 6.59310697833649e-05 2.88311182432986e-10 -2.45886687725760e-05 1.95795972998049e-10 1.31357076663822e-05 1.72399354509723e-10 7.19091288331157e-07 -7.11722287675189e-05 3.56384692405542e-10 1.26035285977407e-05 8.07105091745235e-11 -4.30726908235281e-05 -1.75186511499172e-05 3.37427575845806e-11 -1.32088930146787e-06 9.18341123804007e-12 7.02941490546467e-06 -1.65497411896508e-10 1.30148171330960e-05
 -1.62611392740606e-08 7.65694345971781e-10 4.37463704922559e-08 4.44386183254209e-09 6.52693459933640e-09 4.37587538681773e-09 2.16244664128813e-04 -3.44064963130223e-08 -6.28652587181371e-08 -5.14143822042166e-03 1.50611412448274e-08 1.53186968937209e-08 5.85385119951315e-04 -3.04384417334550e-09 -9.46321567275047e-05 6.87283214427432e-10 -9.32391811076798e-05 6.63570852792796e-10 -2.19556744780067e-09 -1.95388340911993e-04 1.02046550179433e-09 -2.42611741626010e-04 -1.04898122940507e-09 5.07551847250485e-10 -4.70509465729701e-05 9.88092438469576e-10 4.45636328393039e-05 5.69882645316780e-10 4.34117816207906e-05 7.24373525439821e-10 4.11467295051659e-09 -1.83035360932182e-09 -1.67429032590458e-09 -5.86455698408220e-09 4.22912523709864e-10 -5.60729264504589e-09 9.04900624605279e-05 -2.93928599191830e-08 5.46399386509280e-08 -2.94523266681592e-03 3.06239012783517e-09 -1.97757399684568e-08 4.46336647909796e-04 -1.91112040501723e-09 -9.80819054184631e-07 2.74818415342803e-10 5.67097905187733e-05 -9.62104463818220e-10 -2.42115188337621e-09 1.70683956937006e-05 6.23992413023358e-10 1.42387077730308e-04 -2.10052906396422e-09 8.47570050238348e-10 -5.23610000574239e-06 -4.52382440745883e-10 3.56888583432217e-05 -1.52392961890937e-10 3.72703744044023e-05 -1.91767415151501e-10 -3.51022078137677e-09 4.53157744928288e-08 -1.52664005913150e-08 1.54855545640635e-09 -6.15219263280677e-10 -4.93889082544866e-05 2.92187472472755e-09 -6.82416693280345e-10 -1.54229218385209e-04 -5.04836857057180e-10 -1.90039285247956e-07 -1.03313620407851e-10 -3.49082186667175e-05 5.49742274315759e-10 7.77876751604946e-09 -3.31566343480419e-08 9.99899196289243e-09 5.31297312553993e-10 1.06264932794428e-10 -2.80643231277452e-05 -7.01738165819082e-10 6.74071079479327e-10 -1.01821052671590e-04 -4.20543170319861e-11 -2.26595694939327e-06 9.94113704803255e-11 2.18055492283653e-05 9.20642197685136e-12 1.85256798081341e-08 -1.38969680710740e-09 -5.78728926969709e-08 1.50551753880735e-09 -3.21831226022320e-10 -2.48868456680683e-09 1.36525809108243e-04 8.07058081564561e-09 2.75155205268424e-08 -5.89142270203568e-03 -3.56282562608282e-09 -2.83589735551934e-09 2.98379752668696e-04 -5.35280332351269e-10 6.56507212102307e-05 8.32275204392699e-10 4.59334602017442e-05 1.31084908409004e-10 -2.51181577273374e-10 1.57932941082427e-04 -6.71694877688760e-10 9.05125544840998e-05 5.96183009541491e-10 3.67263874043273e-11 -2.93328990757535e-05 -2.08217302767009e-10 1.31471509226852e-05 1.08279448352298e-12 2.07770698236904e-05 -5.84161980868217e-10 1.85716167193857e-09 -1.32909158399356e-09 -4.13898159474653e-09 2.05278615790353e-09 -4.38604983898117e-10 1.57736727108246e-09 5.28832493427120e-05 -1.93190929937843e-08 -2.61239975037092e-08 -2.28543942063585e-03 3.45832149205573e-09 1.70487247331625e-09 1.75420072573604e-04 -5.73221873876805e-10 -3.22422653466325e-05 6.21878936176096e-10 -2.08982948734354e-05 -4.26076517591500e-11 -1.62652202548486e-09 -7.08550943412798e-05 -5.37122599486099e-10 -3.30601103326713e-05 -1.52278461023418e-09 -5.51500802219902e-10 -1.15415705107563e-05 -1.43941831407241e-10 4.21902990425465e-06 4.01000352611575e-11 9.29548265384990e-06 1.46881281689406e-11
 -4.57765941951379e-05 7.33507253721401e-06 3.71337339627383e-04 -2.06195176590565e-04 -6.76711032868376e-05 -9.62112247653348e-05 4.04105684814618e-09 -3.96895480038370e-04 9.06284881732842e-04 -8.23255224355599e-08 -1.07238337784570e-04 -2.49234436663081e-04 8.15093869238189e-09 2.14647541698908e-05 -2.12869221711528e-09 -9.59521976611444e-06 -1.36446730038316e-09 -2.91852568525820e-05 1.48358332944497e-05 -4.10956949892751e-09 -5.77589929922495e-06 -3.77163134261254e-09 1.82983490105769e-05 -2.32245190362200e-07 -8.85787598295526e-10 -5.21956270741559e-06 5.69882645316780e-10 3.89668420102097e-06 4.89832698355607e-10 -2.20177598867182e-06 2.14912853014677e-04 1.03037010885724e-05 5.78526892536646e-04 -2.28457965227523e-04 1.34352391963119e-04 2.01487729465962e-04 -9.09987480932467e-10 -8.09430606017468e-04 -1.11452294167918e-03 -1.02444471858870e-08 3.22204857745240e-04 4.54116656217346e-04 3.53809673069351e-09 4.50889659000331e-05 -8.32659036057336e-10 -1.32821049814705e-05 3.30755887601912e-10 7.85220463417396e-06 1.06582950847826e-05 -1.63328665187902e-09 3.57083251707873e-06 7.30066438500341e-10 4.01193004275184e-05 -1.81824831891719e-06 4.65430449073732e-10 6.08802602936292e-06 4.39765713981756e-10 -2.98116476747256e-08 3.91517984476454e-10 1.04974465131841e-05 -2.14109341743070e-04 3.16036020606698e-04 -2.38417742172031e-04 1.17051942611564e-05 6.80321776247349e-06 -7.90333632984101e-10 -5.40189775322781e-05 8.64045645607032e-06 -2.21815335745186e-09 2.40881337471617e-06 2.07543747491338e-12 3.34597111039501e-07 -4.99814443038157e-10 -1.78071363704005e-06 1.19324809831100e-05 -2.80542202121300e-04 5.92799636992470e-05 1.26960476448599e-05 -7.84749083728288e-06 -8.44586971284419e-11 2.66881927470206e-05 -1.82201924793978e-05 -6.49928541055709e-10 6.01234439347384e-06 -8.61105547848370e-11 3.29970944639914e-06 8.16504731182083e-11 -6.31509412389052e-06 -6.01152503203643e-05 -3.98836809435243e-06 3.43079234652929e-04 -4.31762562305336e-05 2.37939630526531e-05 7.33366878105565e-06 2.52790692573547e-09 -1.33494588209658e-03 2.92971662423750e-05 -1.06024931148177e-07 3.36393108960110e-05 4.89114038925982e-05 4.60757524078650e-09 1.50260365166277e-05 1.10545486450256e-09 -7.08984503933496e-06 8.02021370095526e-10 6.30782238904117e-06 4.50929450732213e-05 2.76423093193791e-09 -8.39505023058896e-06 1.67507017634329e-09 3.46496732699453e-05 -1.33420468899365e-05 -5.80336209551509e-10 2.64688660304496e-06 2.08184864021034e-10 1.20212767866435e-06 2.99719775057348e-10 4.36468508436426e-06 -2.98590998242952e-05 -8.79152649186532e-06 3.60067600442698e-04 -1.62214873694953e-04 -1.08507034238017e-05 -4.60074410646362e-05 1.40672680010010e-10 2.70546159267167e-04 1.65618231018916e-03 1.20412597238077e-08 -8.32977227380326e-05 -9.25371857716929e-05 1.16562512466976e-09 2.05662733160611e-05 -7.70996302516271e-11 -1.37348112600609e-05 -4.14603700367143e-11 -1.49754985382890e-05 4.11128780926751e-05 4.46344716713579e-10 -2.84511679721666e-05 3.95678408469301e-10 -3.64736881810525e-05 -2.20360039770867e-06 8.93994979983678e-11 -3.93533876540762e-06 6.26115770842614e-12 -3.16751272507349e-06 4.67945925576715e-11 -1.38702101531266e-05
 -1.59135008928531e-08 3.04335108770658e-11 4.50008560361364e-08 1.03301115965579e-08 1.29765158101581e-08 1.17297032088797e-08 1.89353677186354e-04 -7.54008421992654e-08 -9.89495542536662e-08 -4.69901523326400e-03 2.78228484200721e-08 2.96161988646428e-08 5.70219682288986e-04 -4.83575978546639e-09 -7.01768883995596e-05 7.17340288562445e-10 -8.58985255897113e-05 1.10876870256066e-09 -2.43435265276656e-09 -1.54057703028439e-04 9.95095218371987e-10 -2.23656382283141e-04 -2.29303146868513e-09 2.46484463144296e-11 -3.77540024777070e-05 1.02534943394239e-09 4.34117816207906e-05 4.89832698355607e-10 4.37416818502160e-05 8.40499449697665e-10 6.28647442237963e-09 -2.89391339714322e-09 5.09676056426160e-08 -1.41140542329715e-08 -3.60013728233064e-09 -5.51216118467132e-09 1.29762656975132e-04 5.14490265925032e-10 6.36345545655723e-08 -3.68188771322223e-03 -4.93016971449442e-09 -2.30406501428759e-08 4.99126254972920e-04 -2.75349376204167e-09 2.72733512569522e-05 -2.23373987395597e-10 6.95798101641561e-05 -1.75739556574889e-10 -3.42322318493497e-09 6.63706108575154e-05 8.35837871622259e-10 1.75083828125428e-04 -2.80837968685402e-09 1.57488789375282e-09 -1.64359025104877e-05 -6.58282551345352e-10 3.97235145128791e-05 -2.07769863819052e-10 4.04484977549436e-05 1.30645250136696e-10 -6.53348284898721e-09 7.94274441454754e-08 -2.45056640105546e-08 2.45406265435394e-09 -7.09236595480865e-10 -4.47859342049248e-05 4.48341143642251e-09 -8.15221943947463e-10 -1.47681202805848e-04 -5.76919663481092e-10 5.53202723004652e-07 -2.32385494659414e-10 -3.30872184016939e-05 8.24809463595187e-10 1.58430474290866e-09 1.73921982856424e-08 -4.78807564617033e-09 -6.72121256885233e-10 -2.93409309574298e-11 -3.55562831345877e-05 -2.42375379920231e-09 5.43078066302021e-10 -1.17101196425154e-04 1.45374470939983e-10 -1.53797557873428e-06 6.52355178886162e-11 2.59836599253260e-05 2.94133587618466e-10 1.22646459286763e-08 -8.61363914426227e-10 -7.15093297147032e-08 6.34866090107117e-09 -3.87237685498806e-10 -3.66004724675781e-09 1.18863826952082e-04 1.64699605704440e-08 8.23069177741375e-08 -5.07343961117254e-03 -5.17576474633777e-09 -5.66729474413148e-09 2.78188099136331e-04 -1.14338250812436e-09 5.78705271190498e-05 1.18556741120083e-09 4.06521454762990e-05 6.82129629109160e-10 -1.77622691033382e-09 1.39339578338166e-04 3.15333186651160e-10 7.58609813674180e-05 1.89272919906146e-09 -5.76610525370339e-11 -2.41239279542344e-05 -3.64078708382983e-10 1.19595510166862e-05 -5.26849221288203e-11 1.84731447451612e-05 -1.02599585110581e-09 6.79293235634375e-09 -2.41225873466747e-09 -1.90430445524786e-08 -2.68087427723360e-09 -1.16378870922172e-09 1.68824437225900e-09 7.19453717718517e-05 -7.97395316208112e-09 -2.85407704262552e-08 -3.40811485411223e-03 1.85514591336611e-09 1.44604727959214e-09 2.08387649539178e-04 -4.31906156132753e-10 -4.33026810725655e-05 7.46747257586068e-10 -2.81779259900324e-05 1.27122010809230e-10 -1.43843100889171e-09 -9.98827301263905e-05 -1.09413747168199e-09 -5.14375435021897e-05 -1.55164334908978e-09 -4.76276394415500e-10 -1.79175030961797e-05 -1.72526755966045e-10 5.23380366928484e-06 -1.13168768370190e-12 1.18022669018064e-05 -8.81195400843844e-12
 -1.17419091323004e-03 2.87471372148483e-04 -1.75215399891276e-02 3.63940574252976e-03 8.73713259452124e-04 1.03270772760943e-03 4.95581842221209e-09 -5.63104340299015e-03 -1.17362596385694e-03 -1.08567977976300e-07 1.53408017833199e-03 7.32470050075301e-04 1.09634217861125e-08 -1.22332351832407e-04 -3.61765109014280e-09 3.36400812066639e-04 -1.42454868665856e-09 2.89999217872736e-04 -3.70365836245441e-05 -5.90809232237247e-09 2.64461913972245e-04 -4.67553296357617e-09 2.83098012355456e-04 2.32339642284286e-05 -1.53133270871916e-09 7.20388186159179e-06 7.24373525439821e-10 -2.20177598867182e-06 8.40499449697665e-10 3.45983198708176e-04 9.18777844942149e-04 4.74848262717105e-05 -2.29100514033953e-03 -1.13175809738490e-04 1.39590731150685e-04 1.10491790427105e-03 -9.14203853449298e-10 1.68813978780251e-03 -8.94565456176135e-03 -2.19710790197554e-08 -2.25485470579984e-05 2.87528455119804e-03 5.06879417587638e-09 2.84984189361508e-04 -6.01841772132425e-10 -2.08204805825382e-06 1.46188038160277e-09 1.72078212005952e-04 1.64907596008476e-04 -2.11096818740100e-09 -6.96145121808213e-05 1.23790072815751e-09 2.65791403180558e-04 3.00651460510937e-05 1.02762047003918e-09 1.79418797461437e-05 6.36095796075969e-10 1.00643803817710e-05 3.07315178466580e-09 2.60080124108810e-05 9.33043091335065e-04 -9.82965203828728e-04 1.43529790271527e-03 -3.84885018402629e-05 1.18350192064584e-05 -1.07589731103537e-09 1.47945187621880e-04 -2.24563618576458e-05 -2.79709351556605e-09 -1.68552754725325e-05 -1.23949884595161e-10 -2.66395070824004e-05 -6.42422472342779e-10 3.36483754371651e-05 -3.17414427506101e-04 2.21374499863576e-03 1.04827264465335e-04 2.23838455254408e-05 -7.90862632488081e-05 -7.05380129877361e-10 8.46041618806996e-05 -1.03058403677543e-04 -1.54094807964530e-09 5.83386368166128e-05 -1.24203350979626e-11 4.13290029174612e-06 1.12324937362388e-09 -1.55722236614853e-05 9.44441258355572e-04 7.69115718571004e-05 -1.28773058887390e-02 2.43600117405764e-03 -3.33007871259363e-04 -1.87493950351070e-04 1.11584728290754e-09 7.13540703303264e-03 4.61281329012803e-03 -1.37803517356504e-07 -5.56696955706585e-04 -1.50579588108654e-03 5.35895587572006e-09 -1.65037778411932e-04 1.52581510288259e-09 9.66856321008432e-05 1.80493625513583e-09 7.22830391935332e-05 -2.76298967299662e-04 3.47149652027632e-09 2.22268408788758e-04 2.02028407220385e-09 2.12267917924806e-04 -1.72863473593705e-06 -1.29304864158879e-09 -3.81281136379664e-05 1.33231570750066e-10 -2.54185411044031e-05 8.01257175760377e-10 -7.41958624583413e-05 -1.68426303571963e-04 -1.32181989185292e-05 2.97875824369183e-03 -3.66136644007315e-04 8.54254125712545e-06 -1.29780391843182e-04 4.21505864551121e-11 5.97158153475562e-04 5.07494582547059e-03 7.46738846737018e-09 -5.73316958394119e-04 -9.25189565345096e-05 1.87909532305457e-09 8.00443181049413e-05 -1.95720705263760e-10 -4.36551468016915e-05 -3.32676877697301e-10 -1.42538590887704e-05 1.52119260080781e-04 2.49362120272791e-10 -7.61906106066308e-05 1.16902635849698e-09 1.97455028094415e-06 2.48394263914437e-05 3.82105751084419e-10 -8.95391662136454e-06 3.96825136175514e-11 -1.96251208243863e-05 5.65098336960208e-10 -4.21363928835379e-05
 -4.29846921406428e-04 7.05705883624461e-04 -5.50541681655725e-03 1.12554791422441e-03 -1.64425484483579e-03 1.46686898683259e-03 -2.48221017866923e-08 2.47131791581884e-03 -1.38216087974847e-03 -6.68474634083204e-09 -1.85008390430972e-03 1.48771075084107e-03 -9.35832522579887e-10 -1.10321133628250e-04 7.94088779732752e-10 3.60410150077062e-04 2.55313176149371e-10 -2.58378989323472e-04 1.67239789075783e-03 2.70993621904395e-08 2.79442908769099e-04 -2.29243568770981e-08 1.54175341533179e-03 -5.37111262874154e-04 -3.03783262713718e-11 -4.08862952920187e-04 4.11467295051659e-09 2.14912853014677e-04 6.28647442237963e-09 9.18777844942149e-04 1.99692731676221e+00 7.96962816947450e-03 -1.02647143614699e-02 8.63153117866996e-03 -1.52414249250977e-03 -2.53546250103714e-03 8.36127876092604e-08 1.09198054980623e-03 1.02512777515163e-02 -2.28481016812697e-07 2.45544438290933e-04 -2.86367546859075e-03 1.45604399853156e-08 -1.97460368270960e-04 -9.46424435398580e-08 -7.87718644505597e-04 -5.44746463972315e-08 -2.67719815826168e-04 -1.79406891988893e-04 6.80509456004357e-08 -4.62909397542192e-04 3.78740992275726e-08 -5.17105644115377e-04 -3.59185297708282e-04 -5.77102213274833e-09 8.42634646540715e-06 -2.54400444031542e-08 -8.04105197369044e-05 1.25211998472978e-08 9.97198529127087e-04 -1.20890916624161e-03 -6.07375383325467e-03 -2.50811415567888e-05 1.75916467952185e-05 1.64469638006329e-04 -1.09404675200554e-09 -6.72168947547711e-04 6.24196120425556e-04 -8.12912130818384e-09 2.80712504544108e-04 -2.57712092346889e-09 -2.87389181915417e-05 -2.22051570292316e-09 5.08446208546048e-05 -1.56459502652841e-03 -8.17026689516559e-03 -8.17880381741881e-04 3.36292525631788e-04 1.61424393290006e-04 -2.64694757076646e-09 2.02359243250800e-03 3.84050454121635e-04 -2.80070687457195e-08 -4.64353399203804e-04 -3.78024378360361e-09 1.55693210842914e-04 8.93703392172048e-10 -6.64494617465285e-04 4.13992654441856e-04 1.90248047795909e-04 -1.99563401542050e-03 3.15332716738203e-04 -1.94577859274372e-04 1.07563732728260e-04 5.30440363300915e-10 -6.08737012239292e-03 5.51908464431385e-03 1.16983370286962e-08 -9.15579211924999e-04 3.81779304663938e-04 2.72238949651467e-09 -5.67556852739530e-06 -6.51201819419551e-10 -7.27712738707264e-06 -1.18199316930824e-09 -4.47282664186395e-05 2.76988565252545e-04 -3.96402922288306e-09 5.57054379460629e-05 1.73909306057145e-09 3.31360623517975e-04 1.85283161493769e-05 6.13149133858733e-10 1.36010027952724e-06 -1.50418827795019e-09 -6.23260466701428e-05 -9.42842510457146e-10 1.25139799075251e-04 1.12747541087644e-03 7.38775521289248e-04 -1.77241616869176e-02 -3.42664894925600e-04 -1.05013652146172e-03 -1.69799487189576e-03 -3.35870495059428e-08 -4.23353268986370e-03 -1.46477941214557e-02 -2.47268012691164e-07 4.41432325787108e-04 3.17871260896081e-04 9.05863434698310e-09 -2.42334750294252e-04 -3.33980216756362e-10 2.19103208317651e-04 -1.17350914281733e-09 1.25492200758999e-04 -1.81385161697146e-03 -3.70036463463192e-08 8.55083019427557e-04 -1.81349001502015e-08 8.49247239963229e-04 2.31178009561304e-05 -2.37961634397658e-08 -1.78631960974593e-04 2.19323237134294e-08 -1.24688371624504e-04 1.41297179913776e-08 2.27553448223974e-04
 9.49911198623521e-04 9.18711821949822e-05 -3.17895676329332e-03 2.65053868683291e-03 -2.29281827124784e-04 -1.20124872367893e-03 2.61037010244098e-10 -3.41953161917782e-03 1.00988818659389e-02 8.10045673018703e-08 3.38603170793848e-04 -4.00287649342016e-03 -1.55555416758862e-08 4.60090211773394e-04 -1.92033829480986e-09 5.11630422547203e-05 2.72205691062605e-09 2.25454400161143e-04 4.25550654892632e-04 -1.22373297564056e-09 -1.55867446493906e-04 4.19190391410665e-09 6.49179779739016e-04 8.45701708373647e-05 1.54134294772273e-09 -3.08762039912653e-05 -1.83035360932182e-09 1.03037010885724e-05 -2.89391339714322e-09 4.74848262717105e-05 7.96962816947450e-03 4.58683858691869e-04 -1.61963822100111e-02 -8.27145348591468e-04 9.58580021568885e-04 9.99067453924650e-04 -4.72609084047580e-09 -4.70478128529229e-03 -1.11155805804398e-02 2.41773146298718e-07 2.65766176656669e-03 2.93075063649878e-03 -2.46992310527762e-08 1.82916417458887e-04 -5.65077358548142e-09 2.35680663372932e-04 -4.30595363449776e-09 -9.57498464793340e-05 -1.92710751244123e-04 -1.18263120710525e-08 3.60651132579045e-04 -1.09066810704682e-08 2.85911763819208e-04 7.23293413518982e-05 5.36311387829638e-09 3.62133515410130e-05 -3.41606455241709e-09 -2.01692264000471e-05 -7.22622677673129e-10 -2.30556475227777e-04 -1.10269083487243e-03 3.74681506010116e-03 -7.95748382138878e-04 2.34682922337323e-05 6.37542779474783e-05 9.12361789590964e-10 -3.15212115772111e-04 1.00469408536610e-04 3.75517575435920e-09 2.41985827106138e-05 1.27789353772156e-10 6.02000703809486e-06 1.10911430333183e-09 -6.14163755304791e-06 1.59056007807163e-03 -1.11342627897259e-02 3.49396085208021e-03 2.74746560038528e-04 -1.13364415378500e-04 1.90673098759649e-09 3.48366170866325e-04 -1.23208200039819e-04 5.26934260039783e-09 6.53031591823622e-05 -8.87232142103125e-10 6.05740850940976e-06 -6.35942985084218e-10 -6.44916583356798e-05 -3.02534169476331e-04 -3.76872047454893e-06 5.28380428397033e-03 -5.56833098993305e-04 -2.01680507802691e-04 1.75814190070432e-04 -2.92457861780256e-09 2.42630421182725e-03 -6.42172034353299e-03 2.94731783033158e-08 7.12060588272182e-04 2.46755227963007e-04 -6.39684966891359e-09 6.91208135837715e-05 -3.35998225428316e-10 -3.07239574703745e-05 -1.03738492553256e-09 -2.11981259311703e-05 2.20416356465942e-04 -9.21179353084713e-10 -6.07733709278979e-05 1.31356204700982e-09 6.79485342238552e-05 -4.52883640685866e-05 -2.31484944314271e-10 1.60840676449953e-05 4.10631216120140e-10 5.18162331268125e-06 1.89382476479166e-10 4.50108459897647e-05 -2.21197356414894e-04 -4.72539765863507e-05 -1.00771356057152e-02 1.17725635359275e-03 -3.50980351075365e-05 -5.13967834765614e-05 -7.75932073953335e-09 6.46858561106506e-03 5.43232285301286e-03 2.99929668685499e-07 2.83858662941407e-04 5.71983500552614e-04 -1.46220844585721e-08 6.70945312656009e-05 3.42868056318529e-09 -4.52523871149498e-05 2.46246055644549e-09 -1.58895178221494e-06 2.27123344949659e-04 6.69283559100414e-09 -5.99574782087523e-05 4.00687684790336e-09 3.10575121467247e-05 3.14421250555561e-05 5.29509992975649e-10 -8.67441436982597e-06 -6.60850455459696e-11 -4.66086618678239e-06 2.08360549739650e-10 -5.49240448275208e-05
 -5.63379771161871e-03 -3.75255988970193e-03 2.07601614589403e-01 -1.11854759967040e-01 -1.57778844753042e-02 4.51754071415534e-02 -2.25317232710971e-08 2.22427443409762e-01 -3.84659422071398e-01 2.82056754993897e-10 -8.95172813587225e-02 1.42452219471713e-01 -2.95905660917093e-08 -1.61623670960765e-02 1.55259397660436e-08 -4.62289546104300e-03 -4.48242683955336e-08 -1.44298062386810e-02 -1.43562904908619e-02 -8.13929267041402e-08 9.28068288772942e-04 1.49649259163825e-08 -2.00473331687483e-02 -6.67995303835517e-04 -1.07467291286071e-07 7.83353665496019e-05 -1.67429032590458e-09 5.78526892536646e-04 5.09676056426160e-08 -2.29100514033953e-03 -1.02647143614699e-02 -1.61963822100111e-02 1.39654136870639e+00 -2.28624623653670e-01 5.00465841605505e-03 4.34703448300781e-02 -7.66122469666600e-07 3.45748055406532e-02 4.79468036422772e-02 -3.68278936914443e-08 2.70433312866476e-02 5.73583813876530e-02 -8.93178447096890e-08 3.60114075018878e-03 1.21119752534983e-07 -2.03723812546495e-02 4.21243459865720e-08 -1.57729313056305e-03 -7.30686493168637e-04 1.52491933552952e-07 -6.42313609509352e-03 9.57807940990262e-08 -3.51041611216918e-03 -2.60270263225358e-03 -1.57379935194217e-07 -1.04555001063251e-03 1.69475425507684e-07 -5.27267854957274e-04 2.02073286533341e-08 1.75013500200798e-02 1.44712303826226e-02 -2.12088065102474e-01 8.05328639842851e-03 -1.74548490280476e-03 -2.66487359716485e-03 -1.11033986370491e-08 -1.82975219217461e-03 -4.67574751721037e-03 -1.43204102334748e-09 -1.79341122631289e-03 -1.38512905136638e-08 2.54360114315076e-04 -1.41203735737488e-08 -1.01973693557237e-03 -1.27216397595429e-01 6.10552366144799e-01 -2.50427596274045e-01 -1.51914344949203e-02 2.31638199852622e-03 3.25959484380569e-08 -9.14580485812708e-03 -2.83869655625869e-03 6.21270996286039e-08 -3.56832842102555e-04 3.87958877324720e-08 2.81662647886580e-04 -6.56093865684878e-08 1.36507180289499e-03 -1.83929990947016e-04 1.48113459128453e-04 -6.26951518957807e-02 1.95619385383459e-02 7.56705888220930e-03 -5.85607817535871e-03 6.69138702048575e-08 -1.62271150765705e-01 2.22546732533253e-01 8.22251602219994e-08 -2.46162697383272e-02 4.71707972177496e-03 6.96884227430790e-08 -1.43327984569319e-03 -1.45757107443275e-08 2.54482685958192e-04 1.58018817806905e-08 1.38363353826350e-04 -5.09447880647988e-03 -1.99063895867619e-08 1.62542773133107e-03 -6.67406295142240e-08 -1.91203070500313e-03 1.29413033736512e-03 1.30469823717351e-08 -3.19071532049493e-04 -1.68327410794500e-08 -1.41771624621780e-05 -1.96335830143255e-08 -9.56317919696306e-04 -9.76006915956599e-03 -5.01064673719146e-03 6.87529631583992e-02 -1.21514957787950e-01 -1.59149824287390e-02 -2.30073375224108e-02 3.89753843291344e-07 3.32362615959264e-01 4.88011079054272e-01 -8.58419764035052e-07 -3.84020239647584e-02 -6.12110980343376e-02 2.46927701805170e-07 9.16903373498492e-03 -4.66288599001357e-08 -5.23860695978077e-03 -3.46486607225517e-08 -4.08028775415873e-03 2.00587316225542e-02 2.73757629653636e-07 -1.35143654055901e-02 1.88603704989379e-07 -9.74859918671145e-03 6.93291437055766e-04 4.35081266966108e-08 -1.38094739042627e-03 -4.72483799460171e-08 -8.85741501057728e-04 -2.00278506862752e-08 -3.59126455657865e-03
 7.18563700292507e-04 3.40316666400619e-03 -1.36803278423899e-01 -3.90451900911781e-02 -1.17874329266084e-02 -1.54212668222880e-02 -2.92799178562550e-08 8.51585418818931e-02 1.14235088427306e-01 3.95902797441545e-07 -2.86394314581205e-02 -4.97365876866294e-03 -3.30368738624198e-08 -1.92055740848617e-03 2.36138062970022e-08 1.50472510468376e-03 1.87472969067642e-08 -8.20249194983264e-03 -5.21849900392437e-03 3.81450390221962e-08 4.12564633041092e-03 2.17893091222038e-08 -1.20482987776844e-02 -4.27013535509022e-03 2.12713582816527e-08 -5.73390179777175e-04 -5.86455698408220e-09 -2.28457965227523e-04 -1.41140542329715e-08 -1.13175809738490e-04 8.63153117866996e-03 -8.27145348591468e-04 -2.28624623653670e-01 1.77969426400812e-01 -2.92067654688516e-02 -3.07269821672896e-02 1.97991012252605e-07 1.44685564872410e-01 1.79181670991448e-01 -9.33877916425284e-08 -8.10471592132941e-02 -5.14577016465384e-02 1.72780577376435e-08 -4.25869521533312e-03 -5.65285144199384e-08 5.50188620837964e-03 -1.65717441510620e-08 5.19831553944021e-03 5.82306521998052e-03 -9.52044009314381e-09 -2.73820181887533e-03 -2.56372410981353e-08 -1.58591550374412e-03 -1.28983122639015e-03 -3.18717369227732e-09 -5.48546755491379e-04 -4.43443953384495e-08 3.38282119293797e-04 -7.53578101842373e-09 -3.96150006081844e-03 2.75664326782875e-02 -1.95608751553421e-01 4.28269906579031e-02 -3.17689092474540e-03 2.09275467208838e-03 5.08882400468391e-09 -3.07190562111982e-03 1.54126152962784e-03 1.39428897238820e-08 1.58840387777135e-03 2.91051642950956e-09 1.84506785440151e-04 9.67499068760306e-09 -5.44165678350883e-04 8.30110060410316e-03 3.88257018164237e-02 -3.12371990782823e-03 -1.50470411675452e-03 1.13309464231859e-03 -8.07941256299252e-09 -3.67207666495628e-03 1.73185776942660e-03 -1.46333768531252e-08 -1.25181257823214e-03 5.58716144693327e-09 -2.59896225913046e-04 2.04139160615095e-08 1.39959562837113e-03 1.15390445189142e-03 -6.87326857635217e-04 -2.85661804461138e-02 1.19469416542351e-03 8.28090666057666e-03 -2.64977491061761e-03 1.81986323982755e-08 -2.68581989093147e-01 8.31403135532738e-02 5.09644020328047e-07 -7.72714241867714e-03 2.34750055100293e-04 -2.89321592467503e-08 1.57001827145718e-03 -1.26367473713067e-08 -7.35778033829156e-04 7.25255036171478e-09 1.16418588952269e-03 3.49606281125401e-03 2.24642821822451e-09 -8.87163084498477e-04 -1.24636352082480e-08 1.73338576617734e-03 -9.66360269329267e-04 -9.37195246502455e-09 5.42100474288488e-04 -5.63324528533612e-09 -6.19867000230958e-05 -1.37231430632412e-08 5.18171271788057e-04 4.34550699645359e-04 2.18605154994334e-03 3.11619719645520e-02 1.93704244760989e-02 7.57268143684326e-03 8.02401397659065e-03 -1.01092269478410e-07 -2.64586367948463e-01 -2.52971707552031e-01 -6.30833034412583e-10 9.01060039182400e-03 1.50538235606603e-02 -4.87348361081034e-08 -5.00204986122565e-03 1.48190300407723e-08 2.97940147990226e-03 1.54997022769043e-08 1.76970563004348e-03 -1.01793520878899e-02 -8.21190859473785e-08 6.72176361841719e-03 -6.68528305754681e-08 4.12880579512845e-03 -5.19397256392855e-04 -2.74572761095694e-09 9.91544116495210e-04 1.30512730227464e-08 3.71549823108418e-04 -9.52490772869041e-09 2.32276398042742e-03
 2.73765033891804e-03 2.23589030574977e-04 1.24760133565035e-02 6.57916167895538e-03 -4.13588294226032e-03 -1.49369342772398e-03 2.12977229586475e-09 1.79191094225632e-02 2.17484113273741e-03 -4.10673594959878e-08 -6.43773101244158e-03 -7.80001872598598e-03 2.00000560448418e-08 1.61721540039097e-03 3.85249567477544e-09 -6.42375390989598e-05 -2.03692140030359e-09 -3.57231559340788e-04 1.08022687969443e-03 -1.42547132490234e-09 -6.51337162954812e-04 1.51355505925080e-09 3.09740943380181e-03 1.37182086539532e-03 2.53962845465970e-09 -7.45871524837874e-07 4.22912523709864e-10 1.34352391963119e-04 -3.60013728233064e-09 1.39590731150685e-04 -1.52414249250977e-03 9.58580021568885e-04 5.00465841605505e-03 -2.92067654688516e-02 1.52176868111638e-02 1.17220725759993e-02 -1.05564125382371e-08 -1.06701906726192e-01 -5.97065706326307e-02 -2.97899347890030e-07 3.47718239778331e-02 2.06785033358692e-02 1.86319097444387e-08 2.54208586182252e-03 2.69203461652267e-08 -8.61618507905886e-04 5.61593740099797e-09 -2.58277774078474e-03 -7.46326535771828e-04 5.21446735183202e-09 1.26413061246001e-04 1.82328755681700e-08 8.91059577543915e-04 -2.80210527602667e-04 1.19946795621465e-08 3.35564078875552e-04 8.30073997849092e-09 1.71026455001890e-05 -6.40996049347699e-09 8.56078125852850e-04 -3.73086827750978e-03 -9.36665465150402e-03 -8.84760107943973e-04 -1.83472334166408e-04 -4.34542946537554e-04 9.30278603273643e-10 -2.00473392828062e-03 -4.46501769728509e-04 -1.60991226230295e-09 -3.89389527221384e-04 1.05164694252435e-09 1.54843878199288e-05 1.86199787002529e-09 -1.79583669252897e-04 9.53803752439311e-03 -9.68473600979336e-02 2.45262985948269e-02 2.37276536442550e-03 -2.23041277378296e-04 -2.21656760118312e-09 3.56949597640919e-03 -2.70189074161476e-04 9.68909725937458e-10 1.98585507364079e-04 -6.16585738075396e-09 2.39514017447289e-04 -5.99823485073437e-09 -8.26676482922768e-04 -1.47026028189961e-04 -1.18092217479710e-04 9.60673213317092e-03 -2.28939227066706e-03 -1.16502585095836e-03 1.13102652477769e-03 -7.90959518247582e-09 1.82041690555643e-02 -3.71629170753346e-02 3.00580984538164e-08 4.84086521262554e-04 2.26880768359215e-03 5.82352276237819e-09 1.41474506619053e-04 1.86799731024598e-09 -1.49145010851368e-04 -1.19470696026210e-09 -4.45742125333519e-04 9.24453686383101e-04 -1.29998517573121e-09 -1.92582469279053e-04 6.36942792216741e-10 -3.54377214218250e-04 4.10196170937167e-05 2.29810273289939e-09 4.86965727543182e-05 1.22040544393617e-09 -2.93830375326614e-05 1.48893726880801e-09 2.36880085522216e-04 -3.22521321277793e-03 -4.51259079751201e-04 4.34213843047201e-02 -6.90375397029740e-03 -1.19593768133450e-03 -1.97084081097149e-03 9.40586227674461e-09 4.67235764237279e-02 8.68198575304456e-02 -4.03416061965829e-07 -1.24337728826472e-03 -6.94579758578965e-03 1.60499757416118e-08 1.32317451295970e-03 -8.81320057378403e-09 -9.04073211371788e-04 -8.10576903824622e-09 -1.02640608089622e-03 2.57705462258838e-03 -5.19200890464742e-10 -1.78386067591499e-03 -3.69941396057059e-11 -2.48662754505356e-03 -2.32339131350837e-04 -4.00663504331739e-09 -3.56063106649300e-04 9.17495247322906e-10 -1.21794323539570e-04 3.52649929644292e-09 -9.27655586504478e-04
 -2.82100281770223e-03 1.31902190974792e-03 -4.88218675647610e-02 1.46456853137535e-02 -2.09812964095026e-03 -1.78459228193630e-03 1.09920516282792e-08 -2.05515603069649e-02 3.82209499932005e-02 8.89697926102752e-08 -2.53828576815068e-03 -1.20677024603176e-02 6.36726886410076e-09 1.36283625645235e-03 4.53002661386674e-09 7.74482864313870e-04 7.61106090551200e-09 -1.04289784513786e-04 1.41628046556439e-03 2.01185730520995e-09 -6.87622422422635e-05 1.15243860913432e-08 2.99668122791040e-03 4.81223605902404e-04 3.60517180324570e-09 -3.00815635235576e-04 -5.60729264504589e-09 2.01487729465962e-04 -5.51216118467132e-09 1.10491790427105e-03 -2.53546250103714e-03 9.99067453924650e-04 4.34703448300781e-02 -3.07269821672896e-02 1.17220725759993e-02 1.95196238375667e-02 -4.41355199355813e-08 -5.01064322637691e-02 -1.22803114510833e-01 -2.49756137340531e-07 2.60336225444667e-02 4.18999709539106e-02 3.34384034750978e-09 3.93221001346156e-03 3.32315572066698e-08 -1.21995463002239e-03 1.52738084656571e-08 -9.18744759048467e-04 5.30904201563694e-04 1.40435075746998e-08 3.20960678515644e-04 2.17248185781289e-08 2.31264412991970e-03 3.32108913428541e-04 7.20593689450928e-09 5.01835546972076e-04 1.40965565731050e-08 -5.66033156003922e-05 1.89523804286492e-08 1.08289636774155e-03 -5.57670787992588e-03 -2.31790227698255e-03 -2.45994529194722e-03 -4.78289226681739e-06 2.97073050503451e-04 1.75812081847320e-09 -2.89208468655728e-03 1.55847046527378e-04 2.84272674922432e-09 -4.55505448408520e-05 1.29142879474828e-09 -1.31798893342689e-05 2.23605617885170e-09 -8.66127833819097e-05 -2.66721863515233e-03 -2.21359144472001e-02 2.58600915123021e-03 8.77189198251418e-04 -9.56334527892698e-04 -5.00567598989657e-09 2.93948918827917e-03 -1.63067122103388e-03 -2.07772872158340e-09 7.24312947113220e-04 -2.54184946884431e-09 1.91721821091820e-04 1.78913602544268e-09 -5.71472011115266e-04 5.93454476793204e-04 1.28513875997142e-04 5.08651058707397e-03 3.72291790252164e-03 -9.74609288808223e-04 -1.78670804761677e-04 -1.15151633292501e-08 -9.57351431802591e-03 4.41411003191601e-03 1.92766031213508e-07 5.55146964447470e-04 -1.02104997401563e-03 -3.13628782169008e-09 7.85261090193909e-05 -2.63695375476133e-09 3.33865052732762e-06 -7.35937375839366e-10 2.51822773537303e-04 9.17645484336570e-04 6.31318983030993e-10 3.28558135279380e-04 -2.06537314233830e-09 1.65980204808888e-03 -4.46622557227686e-04 -1.45670735883410e-09 1.48736205120387e-05 1.78868507054581e-09 -4.09985555467223e-05 -4.48794790126714e-10 4.55474122778587e-05 -4.99859281029467e-03 -8.10709882298803e-04 3.35777199921001e-02 -1.36326607612973e-02 -2.03895852954085e-03 -3.41068535148290e-03 2.91582131234521e-08 8.36072151878259e-02 1.15725101969702e-01 -4.12298727272314e-07 -6.63123311186320e-03 -8.14024817577718e-03 2.66760973409165e-08 2.14592420641445e-03 -9.67271008768469e-09 -1.27055358818833e-03 -1.02215750050349e-08 -7.98721886425975e-04 4.64296434240348e-03 1.28518269586699e-08 -2.54257925442769e-03 1.86553021507312e-08 -1.41245633484145e-03 3.14112720486287e-04 2.91701326691563e-10 -3.78563890546907e-04 -2.39318160681492e-09 -2.59388664382129e-04 7.78369507192889e-09 -1.17899636715859e-03
 6.72550843791809e-09 7.30529169887095e-10 -3.28471004185394e-08 1.28315537222713e-08 6.12368703129131e-09 -1.03204258779505e-08 -1.71370375595230e-04 -5.41238753051403e-08 1.31933114745490e-07 -1.56943133353705e-03 4.73535254484532e-08 -4.38884147156412e-08 1.18767478570401e-03 4.71112183646836e-09 4.38594325480235e-04 1.11925093383467e-09 -4.80241447028829e-05 3.65862137699842e-09 8.77767565473882e-11 6.42988562808276e-04 -3.62371334296938e-10 -1.29124460328684e-04 1.63307588117930e-08 -1.85121006541453e-09 1.36042794708701e-04 -4.28741329296786e-10 9.04900624605279e-05 -9.09987480932467e-10 1.29762656975132e-04 -9.14203853449298e-10 8.36127876092604e-08 -4.72609084047580e-09 -7.66122469666600e-07 1.97991012252605e-07 -1.05564125382371e-08 -4.41355199355813e-08 1.37627052895664e-03 7.13663472567860e-08 2.20564889659269e-07 -2.92736180467672e-02 -7.90427278868988e-08 -1.20178415327280e-07 2.74981465679742e-03 -9.15130524976939e-09 8.07003522658980e-04 1.59989024859002e-08 5.25996594101073e-04 -1.39818548902833e-10 -2.15394538126147e-08 1.46022884804499e-03 4.06812573555206e-09 1.33164037184221e-03 1.07425446571373e-08 7.43313294649950e-09 -3.35480304630093e-04 -3.93528915116364e-09 2.14532605224768e-04 -2.21367584261183e-09 1.94368570350516e-04 -1.75173482989994e-08 9.42371252327719e-10 6.24751463165432e-08 9.91117538985857e-09 3.30950947393126e-10 5.59545610188281e-10 -4.95852665706263e-06 1.16640154273962e-09 3.59100330515145e-10 -2.39763304658166e-04 4.24932515867996e-10 2.07735284727754e-05 -6.36381313624024e-10 -4.45549608195014e-05 3.16244108477349e-10 5.29208145328468e-08 -2.74297145813510e-07 1.23687423810811e-07 4.89058172739760e-09 -1.74876579525403e-09 -2.92483617046621e-04 1.02209056957077e-08 1.28761910591396e-08 -7.20085129870242e-04 -2.92815873818087e-10 1.45831361594092e-05 6.76407169367486e-11 1.80168613698462e-04 2.36281522480336e-11 -1.39003698856217e-08 1.75795460236331e-09 2.01195351413766e-08 -8.48492348645975e-09 -2.70932514767722e-09 4.52149802987610e-09 -1.27808056306570e-04 3.21431620508243e-08 -9.01751689182113e-08 7.11510015432090e-03 5.49524099976711e-09 6.34790722635938e-10 2.48245504517371e-04 6.43014197203889e-10 -4.10289918340665e-05 -6.87193413155557e-10 -2.40578633030227e-05 -4.16122558343027e-10 1.65953998330667e-09 -9.51738617641614e-05 -7.18717144288299e-10 -1.69052043712660e-04 1.50428393782193e-10 -2.91869040434471e-11 6.79901786796870e-05 6.74815121751360e-10 2.40023346266924e-06 -1.15328992535061e-10 -8.44695809645350e-06 6.76231585218577e-10 -3.87363712323336e-08 -2.73958016678776e-08 3.67006228733391e-08 2.41811485089556e-08 1.52577031262379e-08 3.44762178463698e-08 6.92848278458244e-04 -3.47338444040191e-07 -4.80180940326151e-07 -3.85078747509855e-02 2.68968346712854e-08 3.91196282383788e-08 1.43094706135317e-03 -8.43446917013710e-09 -4.06328590274988e-04 9.96494909678536e-09 -2.66539189496459e-04 3.80012091537704e-09 -1.76068900165480e-08 -1.02825063499160e-03 1.55957369130515e-09 -6.18289734635366e-04 2.62823217858137e-09 -1.91009816802559e-09 -2.14710022261585e-04 1.91301365618968e-10 4.07741869637211e-05 -5.24094099106753e-10 9.76014532483678e-05 1.66765621604561e-10
 -2.83626106660681e-03 3.60391821639106e-03 -2.21103593418858e-01 -6.28742817489430e-02 1.59034328597070e-02 -2.12897747449403e-02 6.98039200438907e-08 -1.33557133736676e-01 3.03297703086449e-01 -1.61861415709310e-07 2.07873374512151e-02 -5.20065967271871e-02 -1.65086591102064e-08 6.27397473325826e-04 -3.50797779379745e-09 1.19979676916128e-03 3.40925603932210e-08 1.48943924405423e-02 -2.03213474671768e-03 2.88512978317961e-08 5.42802226040730e-03 -7.30817702014609e-09 -2.13859336578344e-04 -9.45484402082755e-03 3.51151253110347e-09 -1.62507406483009e-03 -2.93928599191830e-08 -8.09430606017468e-04 5.14490265925032e-10 1.68813978780251e-03 1.09198054980623e-03 -4.70478128529229e-03 3.45748055406532e-02 1.44685564872410e-01 -1.06701906726192e-01 -5.01064322637691e-02 7.13663472567860e-08 1.03072182903497e+00 3.24309938410730e-02 -1.00562523369713e-07 -2.64202981371973e-01 -3.76236841956087e-02 8.05580428851910e-08 -5.93560485738216e-03 -9.97494991810074e-08 3.09708574028958e-03 5.38252643352901e-08 2.29038508507782e-02 1.44964180534564e-02 8.81393010954165e-08 -3.73134038852067e-03 -3.15944706465543e-09 1.10933584561375e-02 2.23245734168861e-03 -1.13641338304486e-07 -7.32434802941447e-04 -1.91069019781810e-08 -8.91844011402769e-04 1.93253271113750e-07 -5.77954071979333e-03 2.21579708660761e-02 1.40246309956991e-01 3.09700672245863e-02 -7.74046489164044e-04 5.78632777640166e-03 -7.61298492373200e-09 1.02661779821500e-02 6.58568904250522e-03 -4.78163243638588e-09 4.26434515184879e-03 -3.82622202019038e-09 3.23426163185244e-04 -1.48363655014842e-08 6.26261066058029e-04 -1.40962239601318e-01 1.00611793009912e+00 -2.52192971114405e-01 -2.19269744017523e-02 -1.72308811827900e-03 -2.45668371780228e-08 -1.79525887699550e-02 -1.01990943105887e-03 -9.33904670007932e-08 3.45970402753737e-04 5.63016306467338e-08 -2.12102907850844e-03 1.02635455198485e-07 5.67107015952360e-03 -2.29767562969336e-03 2.97623294076634e-04 -1.98124158851617e-02 1.37652410903635e-02 1.32490836487719e-03 -4.45023378187400e-04 -2.82314317640569e-08 1.87521175128003e-02 -5.75511453856022e-02 7.02467622577119e-08 2.18354058019382e-02 -1.86388910201703e-02 -2.59314435201801e-08 1.21159237623406e-03 2.12164743939727e-10 -4.08104348830128e-04 -4.93893946507930e-09 1.22803051061554e-03 -2.73109013089163e-03 1.54383605390064e-08 -2.15541604315975e-03 1.54009426235511e-08 -1.92168977912221e-03 -6.65751921673565e-05 -6.54353457515713e-10 -1.40576112419202e-06 5.18612136090936e-09 8.41085626209476e-04 8.10919009762928e-09 -1.25820621423151e-05 3.19084368608197e-03 2.64704538636194e-03 -1.76818692963485e-01 3.38296487104063e-02 8.18436169655318e-03 8.14943710528330e-03 5.89716766228086e-08 -1.45390559425420e-01 -5.04148074828389e-01 -1.15014943003863e-07 -2.00974192656170e-02 4.37095180766188e-02 3.25690841916156e-08 -5.00581365651236e-03 2.38895501536550e-08 4.39005203812943e-03 1.53897511566590e-08 8.64536799648803e-03 -7.79687274401344e-03 -3.49123207206810e-08 1.01179873521909e-02 4.62831191345809e-08 2.75298564249890e-02 5.17738562053885e-03 3.75336105445126e-08 2.42868007421224e-03 -1.33887294970298e-08 7.16184509465939e-06 1.18678328069500e-08 5.34559568837747e-03
 2.15228400837010e-03 -1.09564062680627e-02 3.85273862108732e-01 -1.06576382912699e-01 3.98257848594774e-03 3.97987819149928e-02 -1.74866931369852e-07 3.03720466520001e-01 -5.43771512169222e-01 -3.72977958205670e-08 -2.45745229246088e-02 1.81998907811792e-01 -3.24160433805074e-08 -2.00781034736092e-02 2.67605896612937e-08 -5.67033621124494e-03 -7.28749144508645e-08 -1.59988796220728e-02 -1.76852033557619e-02 3.17870984329015e-08 5.33749456926363e-04 -5.59917242069210e-08 -3.96212769320698e-02 -2.61507465152958e-03 -4.51655251151365e-08 2.79691682430643e-03 5.46399386509280e-08 -1.11452294167918e-03 6.36345545655723e-08 -8.94565456176135e-03 1.02512777515163e-02 -1.11155805804398e-02 4.79468036422772e-02 1.79181670991448e-01 -5.97065706326307e-02 -1.22803114510833e-01 2.20564889659269e-07 3.24309938410730e-02 1.01804213448695e+00 -1.93445331716496e-07 -1.16452122811078e-01 -3.02061969806271e-01 9.18170207921827e-08 -2.97938737767175e-02 -1.30052098922792e-07 4.30040104946834e-03 -9.34623170133339e-08 -1.04379403952243e-03 -1.01497888828760e-02 2.44355549884339e-08 -1.80200398952192e-03 -4.56858615796716e-08 -2.71120430759986e-02 -3.96475313414411e-03 -9.13284848462391e-08 -4.47743067538021e-03 -4.58283167930288e-08 7.27059578160602e-04 -2.02471373173932e-07 -1.84612707074121e-03 5.63219164274423e-02 -2.43311274772621e-01 3.14260994436163e-02 -1.84778375287914e-03 -4.50494581672467e-03 -8.46768608944326e-09 1.53862902541504e-02 -5.23837979748131e-03 -1.86523113980385e-08 -1.39856927016840e-03 -1.11542832109681e-08 3.16109362798211e-05 -1.17139011393763e-08 -1.67320214558350e-05 4.24604693388776e-02 -2.61066539856553e-02 -9.56757544811122e-03 -3.96642957666608e-03 9.04080926483377e-03 3.49774982242313e-08 -2.19414193137379e-02 1.14048018512591e-02 1.84952293321892e-08 -6.00086600883908e-03 1.37701933464073e-08 -6.17084281124963e-04 -5.66750958901034e-08 3.43298634416565e-03 -2.56860386081085e-03 -7.05490465843647e-04 -7.31489479265356e-02 -1.66227248615378e-02 1.35285085168915e-02 -5.44877323178285e-03 1.15821412066008e-07 -1.29020954178733e-01 2.27507297166160e-01 -1.15392165310328e-07 -3.21094508652721e-02 1.28343641254429e-02 3.95999882655012e-08 -1.99959215845765e-03 -6.17734421226062e-09 6.76623486896067e-04 1.32122327149126e-08 -8.09073684238340e-04 -8.19059161604090e-03 -3.17837786053914e-08 4.44343980861248e-04 -4.42888619439195e-08 -9.12987888673655e-03 3.16898170268042e-03 9.76017229707696e-09 -1.47552178564549e-04 -2.43556537755284e-08 -3.15124016550497e-04 -1.90932170549982e-08 -1.12384904738839e-03 5.44694243715542e-03 3.51959186782637e-03 -2.60844416546540e-01 5.53448496073830e-02 8.07654817125776e-03 1.78145494799578e-02 -9.48220440492137e-08 -5.24638979764011e-01 -6.02061633839760e-01 -1.66288277745606e-08 5.26790927355366e-02 3.14643060690050e-02 -4.89399475110663e-08 -1.31097293603258e-02 2.62529700030848e-08 7.28793255101043e-03 5.11538812557850e-08 2.05701335407049e-03 -2.83154186149255e-02 -9.45430041094760e-08 1.28638736747854e-02 -1.68429131967647e-07 -2.60699277235664e-03 -4.42690956249098e-03 -2.44595439611127e-08 1.82815904798720e-03 1.29821042902929e-08 1.90866819845624e-03 -6.65041248460289e-08 6.44357857390818e-03
 4.67652466745173e-08 -6.27883225301223e-08 1.74597139106504e-07 9.80158489328836e-08 6.24501285454376e-08 -1.33710364865419e-07 -2.36759528970953e-03 2.89750910581907e-08 2.97471343663399e-08 1.66532808330966e-01 -1.63606928398547e-07 -4.04639502118134e-08 -3.86689184970914e-02 2.83957855942680e-08 -6.06595538970621e-03 -2.42973201301566e-08 3.40215806495495e-03 1.36935459884414e-08 1.02444796828353e-07 -7.39552712569254e-03 3.88458305869657e-10 8.93387066199089e-03 -3.03322629330217e-07 6.01660316253977e-09 -1.41380979926409e-03 8.90246409836459e-10 -2.94523266681592e-03 -1.02444471858870e-08 -3.68188771322223e-03 -2.19710790197554e-08 -2.28481016812697e-07 2.41773146298718e-07 -3.68278936914443e-08 -9.33877916425284e-08 -2.97899347890030e-07 -2.49756137340531e-07 -2.92736180467672e-02 -1.00562523369713e-07 -1.93445331716496e-07 6.49626545383763e-01 2.86178319419409e-07 3.22933603977254e-07 -6.55068139918759e-02 6.22807398422566e-09 -1.57369609834225e-02 -7.83644268127335e-08 -1.17728084284361e-02 6.23880221939923e-08 4.61277133603590e-07 -2.89731579648462e-02 -6.13115823767453e-08 -2.97734070219356e-02 -2.90991330261568e-07 -1.53515181131567e-07 6.69118412878111e-03 7.69446937488293e-08 -5.13356462586129e-03 5.94160708892466e-08 -4.78150471531111e-03 1.50280035757572e-07 9.41825846141110e-08 4.99207266560413e-08 -8.53961632366723e-08 -3.17379838898766e-09 9.65276343239759e-09 1.40210104499217e-03 7.05318428005637e-08 4.63671467050778e-08 8.75916584465337e-03 1.88723950628963e-08 -4.00738800772518e-04 9.74377612735897e-09 1.79282751472386e-03 6.43486055436732e-10 3.27879891869096e-07 1.50879698391719e-07 -1.18702621005497e-07 2.19927587346025e-08 5.51962477895275e-08 6.45465012964696e-03 -2.26520417663249e-07 -1.72320304589860e-07 1.67560620040725e-02 -2.20305156690729e-08 -2.24962036577148e-04 -1.11475625786507e-08 -4.09543876930182e-03 7.20329943074089e-09 9.36063132833753e-09 -4.52733484253742e-09 -3.79506057489952e-08 -1.30474764710192e-07 6.76235644711551e-08 1.91956366271687e-08 -1.11167419863743e-03 3.70971190611315e-09 -1.50299592891474e-08 1.67218345024619e-02 8.26646065933260e-08 1.09917770958769e-08 -1.27344498823105e-02 4.44623616070242e-09 -9.33611498771319e-04 -5.67248984217826e-09 -7.44014882603043e-04 6.54106084303983e-09 -1.42540985136235e-08 -2.31485189965376e-03 1.87623067514204e-08 9.09964823575304e-04 -2.91281332391744e-08 -1.37735537736312e-09 -5.52816701013984e-04 -7.78125930045837e-09 -3.94335195027619e-04 1.44195099072173e-09 -3.84104465744294e-04 1.54245537612861e-09 -6.52240030069906e-07 6.49673722026798e-07 -1.84111497248179e-06 1.12972616624334e-06 -5.43407409196421e-08 -3.35042968540853e-07 -1.49307290030975e-02 1.03227971549250e-07 3.86926620303967e-07 8.12558655774003e-01 6.87508900467770e-08 5.54608710250508e-08 -3.25861201543619e-02 -4.18662095811484e-09 8.78875365320007e-03 -1.05260828258849e-07 5.75850433476181e-03 -9.00987814662402e-09 -2.71442432749963e-08 2.19569703527898e-02 2.17971051035244e-07 1.29505211912713e-02 9.70239065150647e-08 1.98821270440857e-08 4.49886648108304e-03 2.61667219401411e-08 -9.07926491286645e-04 2.96381800012312e-08 -2.15207139777255e-03 7.92470800565747e-08
 2.47776909003235e-03 -3.99734882045576e-04 8.75556342049234e-02 1.82317330491440e-02 -5.01507488608947e-03 -2.00583060243706e-03 -1.54530665181117e-09 1.69180554578528e-02 -2.53945723097881e-02 1.85175967533387e-08 -1.17966077887674e-02 -1.53042198247330e-02 -2.42143625497712e-09 2.24175462960962e-03 -7.54042623219211e-09 -5.01469314806040e-04 -5.83420608006750e-09 -1.02386546128659e-03 1.85768191459063e-03 -2.53767152239220e-08 -1.17542812604123e-03 1.97969907249185e-10 5.05900305601880e-03 3.25207750889473e-03 -2.30490827225729e-09 2.80601918149226e-04 3.06239012783517e-09 3.22204857745240e-04 -4.93016971449442e-09 -2.25485470579984e-05 2.45544438290933e-04 2.65766176656669e-03 2.70433312866476e-02 -8.10471592132941e-02 3.47718239778331e-02 2.60336225444667e-02 -7.90427278868988e-08 -2.64202981371973e-01 -1.16452122811078e-01 2.86178319419409e-07 9.20947669483782e-02 4.20645634496019e-02 -4.64550059192973e-08 3.56907604350749e-03 3.72292486377518e-08 -1.68112918102150e-03 -7.71315198578840e-09 -7.20873282057683e-03 -4.43707293296595e-03 -2.77440509403007e-08 2.48400876875839e-03 2.78649716213437e-09 -1.12838920804599e-03 -2.78438406524195e-05 3.62119579825245e-08 5.23841000623682e-04 1.29464368991673e-08 -6.44189465709013e-05 -2.88825029273890e-08 1.76307753611669e-03 -1.52745228542934e-02 1.55316438625891e-02 -2.25870296842497e-02 9.27850196865792e-04 -1.21986230491149e-03 1.90972838100910e-09 -3.21605267381524e-03 -5.74312287273800e-04 9.99358823139112e-10 -1.01507509658019e-03 1.12692483057264e-09 -8.38524271896299e-06 3.05551838175670e-09 -8.08769585565196e-05 2.61557775382407e-02 -2.47364028011587e-01 5.40781481421261e-02 5.45269389064951e-03 -5.29158886644832e-04 7.41385563125487e-09 7.04659953164490e-03 -1.28836374170023e-03 2.62578875009106e-08 5.71782961836096e-04 -1.59590484811809e-08 5.54795522466113e-04 -2.40096315806000e-08 -1.79495210830324e-03 7.72705401069400e-04 -4.56301217818237e-04 -3.51939293780025e-02 -5.69553045841583e-03 -1.41004567872636e-03 3.00787595884009e-03 -9.38486459815367e-09 1.63998598941585e-02 -7.97150964529417e-02 -1.05009598922852e-07 -2.23120704221148e-04 5.30999547488162e-03 7.81234728344515e-09 3.35186536966789e-04 5.70442836190319e-09 -3.49031398146326e-04 2.27445093438518e-09 -8.50389207667891e-04 2.70046923352143e-03 -1.13426998856099e-08 -3.80604805030384e-04 -2.89607696484717e-09 -3.05013354284505e-04 -5.08377914669992e-05 6.89860476633619e-09 6.88955073680972e-05 -2.29295066145018e-09 -8.15694644310705e-05 1.83337474343818e-09 4.51542600354709e-04 8.25607587585138e-04 -1.47717654724075e-03 -7.71135146845642e-03 -1.23239143467901e-02 -4.71962166832472e-03 -4.91017742569427e-03 1.76946692553168e-08 1.62165435901064e-01 2.06156445531205e-01 2.97785426456041e-07 1.21958194884633e-03 -1.38799441673578e-02 -8.82841752860646e-09 3.16713359982644e-03 -6.62645447445647e-09 -2.15060357588212e-03 -6.39704812378385e-09 -2.25510227649244e-03 6.70426391995405e-03 4.04291670766900e-08 -4.58669610919864e-03 2.12236425635665e-08 -6.18987112723912e-03 -5.23087496593393e-04 -7.65838762936248e-09 -8.57412092953195e-04 -2.16396741628623e-09 -1.67415774270891e-04 4.96604899250561e-09 -2.14584963462344e-03
 -1.97859172939727e-03 4.43797523689720e-03 -1.50749516457289e-01 4.78471487769403e-03 -1.03681447648662e-02 -1.24956022477899e-02 5.36308483392162e-08 -4.23180970348365e-02 1.79120902280412e-01 5.55398693193468e-08 -1.88809492274121e-02 -5.27295355402143e-02 -6.19575300431712e-09 5.91619921737915e-03 -7.27151129739872e-09 1.66189722457058e-03 2.35668979326296e-08 1.61565391253596e-03 3.56997482296450e-03 -2.35290605403146e-08 2.02493066101082e-04 2.09019437023040e-08 1.14831060198910e-02 9.59746778624027e-04 9.91469347246774e-09 -1.02431552083089e-03 -1.97757399684568e-08 4.54116656217346e-04 -2.30406501428759e-08 2.87528455119804e-03 -2.86367546859075e-03 2.93075063649878e-03 5.73583813876530e-02 -5.14577016465384e-02 2.06785033358692e-02 4.18999709539106e-02 -1.20178415327280e-07 -3.76236841956087e-02 -3.02061969806271e-01 3.22933603977254e-07 4.20645634496019e-02 1.08551942183994e-01 -6.23680340825185e-08 1.08584762770614e-02 3.37082691504886e-08 -1.88324424458434e-03 2.53014023799849e-08 3.01056574821776e-03 3.11178974860209e-03 -1.76220804594814e-08 5.83109866760360e-04 9.00794660705166e-09 1.29870407022749e-02 -4.52890842190068e-04 2.31233398685046e-08 1.06729848015143e-03 2.02688586143152e-08 -2.47683774524058e-04 5.01729776871994e-08 9.79318852630395e-04 -1.34520567106561e-02 -8.89693729390907e-04 5.60949885106481e-03 -8.82960754950986e-04 1.35775811889411e-03 2.92485971143402e-09 -8.10711552315310e-03 1.00178578896179e-03 9.41593900409949e-09 3.52282920191991e-04 3.17025243050962e-09 4.56006649722496e-05 6.35983922491323e-09 -5.15818339378523e-04 -1.62975069248561e-02 3.74027622585247e-02 -4.77657946725502e-03 9.28058946490536e-04 -2.13872954126418e-03 -4.50395175620361e-09 6.22423553720374e-03 -3.38583081615342e-03 6.95230761458154e-09 1.43527334044904e-03 -1.11271674810448e-09 2.99488706252039e-04 9.86172753937710e-09 -1.04501312340833e-03 1.66826021411693e-03 1.29156156654292e-04 7.15428474972788e-03 1.16815170123106e-02 -2.91309918366528e-03 1.56542948083755e-03 -3.15320248882127e-08 -2.33413376246579e-02 -6.70321317584495e-02 -1.06432944331090e-08 6.68097961268027e-03 -4.27738614015487e-03 -1.00241210634074e-08 9.82779074146550e-04 1.41807928440573e-09 -4.97156533739619e-04 -6.33427131724214e-10 2.53409607583042e-04 3.59948686517750e-03 9.76611216916993e-09 -2.98856674527381e-04 9.46922545600378e-09 3.09131245756589e-03 -1.11866413001718e-03 -3.66740405411320e-09 1.69162507369949e-04 6.09600899052402e-09 9.25756561088102e-05 3.50929757034506e-09 5.47212060260568e-04 -6.92403547445277e-04 -1.64683276436787e-03 2.92110687667632e-02 -2.17918817587026e-02 -1.15696141419916e-03 -8.79043220330180e-03 3.43785195713027e-08 9.16797589365002e-02 3.03738606729986e-01 3.06890620753070e-07 -1.92603135065135e-02 -1.10016783214778e-02 6.20313396560851e-09 4.26851080720057e-03 -7.67125510338836e-09 -2.64082772920192e-03 -5.95442084613784e-09 -1.83179071068429e-03 9.63472271611314e-03 6.00564618964136e-08 -4.94646095976971e-03 4.84441860574625e-08 -2.52751256514330e-03 7.18410861498954e-04 6.37271879834506e-09 -5.30582271132270e-04 -5.00107460478751e-09 -7.30860671153814e-04 1.19671307489339e-08 -2.46965012058406e-03
 -1.85218787915030e-09 1.33725921993900e-08 1.16541856037209e-08 -7.36098466129744e-09 -7.11477333036413e-09 -7.53090003000207e-09 1.22213036551756e-03 2.62922778986160e-10 1.04797734478983e-08 -3.77822233694388e-02 2.31865559250230e-08 -9.13321305165720e-09 5.86150921110053e-03 -5.81657283942472e-09 2.72560701912615e-05 5.42979763452535e-09 -7.15416308183534e-04 3.09876281607310e-09 -1.45851660858841e-08 -3.49645015495035e-04 2.62479824269869e-09 -1.86797611546786e-03 2.89523055968122e-08 6.71903404204493e-10 -1.13249601208224e-04 2.73854919294039e-09 4.46336647909796e-04 3.53809673069351e-09 4.99126254972920e-04 5.06879417587638e-09 1.45604399853156e-08 -2.46992310527762e-08 -8.93178447096890e-08 1.72780577376435e-08 1.86319097444387e-08 3.34384034750978e-09 2.74981465679742e-03 8.05580428851910e-08 9.18170207921827e-08 -6.55068139918759e-02 -4.64550059192973e-08 -6.23680340825185e-08 7.32018926696754e-03 -3.28468172726022e-09 1.24078196879032e-03 9.32443930955434e-09 1.20310077326708e-03 -6.00472704024317e-09 -4.23952111225447e-08 2.37470567990543e-03 7.94596666767390e-09 3.03770170476499e-03 2.61858408915076e-08 1.51151528799359e-08 -5.54617731832558e-04 -7.66553925435637e-09 5.77061866975942e-04 -6.12241330596211e-09 5.56766381073986e-04 -1.58003419893846e-08 -4.42908183964858e-09 3.55357637348244e-08 6.20779367505505e-09 1.22913161028038e-09 -7.22509978147382e-10 -3.47297489913018e-04 -2.86380040967330e-09 -5.06545204814821e-09 -1.43123072428402e-03 -2.10146272641911e-09 3.08064418261853e-05 -4.75911527662723e-10 -3.08929419091919e-04 6.92130674952247e-10 -2.83791447448941e-08 2.10837923701256e-09 1.34230676691988e-08 -2.58720701460083e-09 -5.24227859075398e-09 -6.45132837898319e-04 1.92237758623229e-08 1.60324189343068e-08 -1.81335361223684e-03 1.85390645316589e-09 6.96142484494767e-06 8.97949982047997e-10 4.28468206317836e-04 -1.57508505588195e-10 6.50636986603565e-09 -7.08808948899459e-09 -7.06872251814471e-09 -2.08427801193061e-10 -8.67075096010241e-09 -1.01773647020233e-08 7.41270398625677e-04 3.18487535088889e-08 -6.87582752830390e-08 -2.95144322546553e-02 -6.16675842528829e-09 -2.50083325346347e-09 2.43562172799742e-03 5.30785270215764e-11 3.88033975532706e-04 2.63060963749567e-09 2.78679725224066e-04 -1.68341584220373e-09 4.45017229968978e-09 9.38929008586589e-04 -8.58889612686363e-09 3.61093438320453e-04 1.13289693663267e-10 4.77004858339617e-10 -9.66089293621548e-05 5.45973277748735e-10 9.41193467221166e-05 3.30444623930538e-10 1.29819531235017e-04 -7.96979068607870e-10 7.28653164680326e-08 -5.78534048536800e-08 9.92959044511665e-08 -7.62740115089073e-08 5.18515459382685e-09 3.27802316662100e-08 1.43471872118021e-03 -5.04771178442532e-08 -1.50437689078506e-07 -7.52446288974577e-02 1.70862645840947e-09 9.63880075663039e-09 3.41837513177191e-03 -1.52797526781843e-09 -8.49853377043519e-04 1.10593292783956e-08 -5.55747433010843e-04 1.98476882509206e-09 -9.84580008645288e-10 -2.07679572825575e-03 -1.88891493500162e-08 -1.18314292653145e-03 -6.71643714996064e-09 -2.01798032602206e-09 -4.11282711329366e-04 -2.30511901661427e-09 9.20447676849672e-05 -2.48459643176511e-09 2.14801824582309e-04 -6.28961101613148e-09
 -1.07555154463419e-04 4.94673513110907e-04 -1.63367157712630e-02 -2.35086206326400e-03 -1.69491893616262e-03 -1.33271946703510e-03 6.71382182491414e-09 -7.57226036851931e-04 2.02970854914372e-02 -1.91490216273069e-08 -2.45988214273615e-03 -5.72032818745213e-03 3.00474267839311e-09 8.59512724721344e-04 -6.40615482198328e-10 1.12076450103712e-04 1.93981351074800e-09 2.96728132687146e-04 4.07872076467740e-04 -2.54667488108410e-09 -2.48461250205629e-05 1.71778959863530e-09 1.69769307153712e-03 1.92352266952515e-04 1.34086381900577e-09 -1.14203358903879e-04 -1.91112040501723e-09 4.50889659000331e-05 -2.75349376204167e-09 2.84984189361508e-04 -1.97460368270960e-04 1.82916417458887e-04 3.60114075018878e-03 -4.25869521533312e-03 2.54208586182252e-03 3.93221001346156e-03 -9.15130524976939e-09 -5.93560485738216e-03 -2.97938737767175e-02 6.22807398422566e-09 3.56907604350749e-03 1.08584762770614e-02 -3.28468172726022e-09 1.45460057175216e-03 3.43768562434178e-09 -2.88291182669314e-04 2.95907460126932e-09 5.62723261703825e-04 6.85021732177060e-04 -2.36605637052113e-09 -3.49088356357794e-04 1.18719205629530e-09 1.96490242628804e-03 -2.38536226106810e-04 2.45083511545650e-09 1.37071437331625e-04 2.12397635967251e-09 2.40828554573293e-07 4.05350951411740e-09 1.55507475116854e-04 -9.87994115720658e-04 -1.19998189976609e-03 2.67292896813702e-03 -2.14401291895515e-04 9.57293010456485e-05 2.31793953103648e-10 -8.81623773618229e-04 -3.44370604830795e-06 6.04510390289440e-10 1.61451803734965e-05 4.15669373585325e-10 4.80758691241312e-06 7.47561954886253e-10 -9.56058768091625e-05 -1.63534320446837e-03 4.55527612411071e-03 1.38250060932647e-03 2.06302860546671e-04 -1.48066332345181e-04 -7.39852805675244e-10 8.32697173348211e-04 -1.29596312713491e-04 6.35525046300313e-10 8.39173670003387e-05 -3.71147925090010e-11 3.92833300397977e-05 9.68529180410840e-10 -1.51400643891309e-04 1.01562249917584e-04 1.32063902491495e-05 4.96832324336936e-03 1.14497308425768e-03 -5.31008142625441e-04 3.11004637293548e-04 -3.72213997546413e-09 3.80514951842237e-03 -1.34652063024295e-02 -2.18536918250990e-08 1.00740450187042e-03 -4.32694078533117e-04 -3.18200556312885e-10 1.14524847111146e-04 7.29622941659607e-10 -7.04405493591624e-05 -4.56028643144138e-10 -5.28830644585242e-05 3.33936372775149e-04 1.83825650324934e-09 -9.63473910610927e-05 2.15368446661254e-09 1.22345286178346e-04 -6.69237335315772e-05 -1.90809061631795e-10 1.91422161646877e-05 1.03693026312247e-09 1.96727498653278e-05 8.89139057124289e-10 8.17616979020996e-05 4.97791167134359e-04 -7.08719749309481e-05 2.11728950843115e-02 -2.32670178583034e-03 3.24461184489479e-04 -8.77525709899363e-04 3.12091058981658e-10 -6.09947223311447e-03 3.29718882519058e-02 8.93545783140302e-09 -2.52508567326783e-03 -1.39258239568238e-03 1.00076601177019e-09 3.70446780066749e-04 -1.28722952030335e-09 -2.50983520534501e-04 -1.03081701018060e-09 -2.73915278666331e-04 6.90604580577207e-04 4.16206277540418e-09 -4.19261635728202e-04 2.63997544959932e-09 -4.14519244503374e-04 -4.15068649869167e-07 1.05649862422341e-09 -4.85502424701144e-05 2.28057527591129e-10 -9.15816974686891e-05 6.05784312812398e-10 -2.47960623638014e-04
 1.46557512184823e-09 -2.03659243411938e-09 2.24287532209028e-08 1.22756042928924e-08 -5.00396060912514e-10 1.25251607880920e-08 -4.18897652770637e-04 -1.05909934295076e-08 -1.53828484814144e-08 6.13093264792996e-03 1.26661412686052e-09 -1.69373049755751e-09 -1.35603790082117e-05 1.67700988216844e-09 4.29978713552507e-04 -9.77473779007526e-10 9.79123431269650e-05 -1.28869627504324e-09 6.18036191790783e-10 7.09649335388523e-04 -1.44734921607139e-09 2.51946741094903e-04 1.08410607905326e-08 3.66766823231686e-10 1.58139407868035e-04 -1.35425177695911e-09 -9.80819054184631e-07 -8.32659036057336e-10 2.72733512569522e-05 -6.01841772132425e-10 -9.46424435398580e-08 -5.65077358548142e-09 1.21119752534983e-07 -5.65285144199384e-08 2.69203461652267e-08 3.32315572066698e-08 8.07003522658980e-04 -9.97494991810074e-08 -1.30052098922792e-07 -1.57369609834225e-02 3.72292486377518e-08 3.37082691504886e-08 1.24078196879032e-03 3.43768562434178e-09 5.48835394154380e-04 -8.60236657183158e-10 2.77463270323377e-04 -5.91135960719616e-09 -1.37462016391710e-08 9.66716093893931e-04 7.70579776520621e-10 7.04095248757841e-04 6.79972954272199e-09 4.74071095740176e-09 -2.20258210417011e-04 -1.37335018656910e-09 9.55888877352039e-05 -1.47580130840761e-09 7.96964326844607e-05 -1.53032191778362e-09 -1.17201055126321e-08 1.11906020035843e-08 -1.07798699822796e-08 4.38617117760038e-10 -6.67903381628010e-10 6.57576513136277e-05 -3.99872489342651e-09 -7.61320379847247e-10 5.31961530251037e-05 -6.90227264337674e-10 1.43585097508512e-05 -4.63854844907086e-10 1.86296271502718e-05 -2.55361132070275e-10 -1.34009921029575e-08 -6.06241475170947e-08 3.85711284573550e-09 5.68256651175019e-10 -2.34868860084189e-09 -1.59140831805862e-04 1.07108550892619e-08 3.49011214560376e-09 -3.45996140239068e-04 1.42262657760501e-09 1.30643303639110e-05 5.44937928531470e-10 9.17068822800729e-05 -1.11561761338237e-09 -3.85015668943524e-09 3.56461477841171e-09 -1.19123128862073e-08 6.22215736460837e-09 -1.86046997125019e-09 4.90291369586493e-09 -2.77776173515971e-04 1.49728354156936e-08 -7.13433353520745e-09 1.30720563859664e-02 -1.50980383129280e-09 2.11824440309678e-09 -2.49185513065602e-04 -3.02461181711834e-10 -1.19714062864354e-04 -9.53683214940760e-10 -8.06060476027105e-05 -5.41466838133145e-11 -4.03274481169964e-10 -2.85597491333289e-04 2.61542874557106e-09 -2.41358539813116e-04 1.64436455238748e-09 -7.21597945952544e-11 8.71762162527236e-05 2.80610087936368e-10 -1.67715935390216e-05 -2.60141711823707e-10 -3.48085462854876e-05 4.21107829486870e-10 3.42107885312048e-08 -2.01055347098290e-08 1.41425014873424e-07 -5.98030370255566e-08 -2.54375808323405e-09 6.13145118853527e-09 3.96009073807366e-04 1.70064649763112e-07 1.12648778013166e-07 -2.29247868145123e-02 -9.75025368253829e-09 -1.96394525127381e-08 7.25233058489399e-04 3.44812016373275e-09 -2.30524891824254e-04 1.01883156490714e-09 -1.51569506256792e-04 -7.58237758212653e-10 7.49046390797381e-09 -5.98390294621183e-04 -9.46038885971437e-09 -3.73172501276725e-04 -4.31152436142293e-09 9.11850012753460e-11 -1.29504199386524e-04 -1.28971975248143e-09 2.17561032512089e-05 -1.10516179837066e-09 5.32024542260960e-05 -3.81308027136115e-09
 3.83969604299361e-04 5.18295282031905e-05 -4.52507182201429e-03 1.38150619518838e-03 1.05128550786089e-04 -6.96511754537156e-04 -3.66882312281921e-10 -1.48805782516766e-03 5.25282902592262e-03 -8.04198059846093e-09 5.78960380599488e-04 -1.40971364291699e-03 3.56870636762029e-09 8.90735642624188e-05 1.10826468135611e-09 7.57225286087167e-05 4.67008521671939e-10 -1.37360068586278e-05 8.98033939109195e-05 2.81567129366917e-09 -3.49221809816475e-06 -1.06046835432258e-09 -1.19085591091359e-04 -8.12468812626147e-05 1.79456776252179e-09 -4.51376325086903e-06 2.74818415342803e-10 -1.32821049814705e-05 -2.23373987395597e-10 -2.08204805825382e-06 -7.87718644505597e-04 2.35680663372932e-04 -2.03723812546495e-02 5.50188620837964e-03 -8.61618507905886e-04 -1.21995463002239e-03 1.59989024859002e-08 3.09708574028958e-03 4.30040104946834e-03 -7.83644268127335e-08 -1.68112918102150e-03 -1.88324424458434e-03 9.32443930955434e-09 -2.88291182669314e-04 -8.60236657183158e-10 4.11292007214103e-04 5.32526122525499e-10 1.12524147758990e-04 -1.19015606388126e-04 2.03342323766422e-09 2.51160422563005e-04 2.22969109420530e-09 -8.94420218258904e-05 4.33215867914758e-05 6.41642839636032e-10 -2.88098136614754e-05 -2.27618325441776e-09 -9.87074387810800e-07 5.75338451650934e-11 -3.44431090908447e-04 2.25759636585396e-04 -1.00028671547714e-03 2.97096865022187e-04 -2.22031067241585e-05 6.95531431795145e-05 2.76350813480820e-11 -4.03779149352663e-05 8.32174161128152e-05 -8.59493698959987e-10 4.86506149219425e-05 2.08961071402829e-10 1.66032889190681e-06 5.50099381434301e-11 6.26209938710857e-06 1.79962905393211e-03 -6.27678964790844e-03 2.38846041400879e-03 1.08394292033439e-04 -3.92127141591739e-06 -1.13902117423546e-09 -1.14113626677804e-04 2.39814535087671e-05 -3.30327552045494e-09 -1.43234593260182e-05 -2.60685309419695e-10 -1.49681091298655e-05 1.59736127722766e-09 3.37271315087153e-05 -1.10029129533964e-04 -1.43343434728643e-06 1.41799782702299e-03 -2.08994304444371e-04 8.70950869394269e-05 -3.97209971224864e-05 -1.84922542639943e-10 -3.12542001221014e-03 1.05278899426766e-03 1.04340109492558e-08 9.72563843104415e-05 4.86568418157536e-06 2.49872122358434e-10 3.05876347772306e-05 -9.61592588605008e-11 -4.94943745812772e-06 -6.19026388146891e-11 3.43180124649943e-05 8.19417844489445e-05 4.84065317112975e-10 -1.05243146958854e-05 3.35364428163803e-10 8.04544837831908e-05 -3.43257121133906e-05 -3.57359053875214e-10 1.21171263736063e-05 1.91888385975713e-10 -3.20692067656711e-06 -4.51915715200465e-11 9.24856747877877e-06 -2.37327240280101e-04 5.22446600454010e-05 -1.17550757267780e-02 2.27943572176284e-03 2.36134309703626e-04 3.88957752325252e-04 -3.51448739538953e-09 -5.80190156729825e-03 -9.56362285105404e-03 -8.98304254526856e-08 9.55599676605836e-04 1.40817100741103e-03 8.30967743107642e-12 -2.09435589589564e-04 -9.16262524110880e-11 1.21352526658327e-04 5.66375041990102e-10 9.92241312859661e-05 -3.64395016536389e-04 -6.81571885922648e-09 2.66248856298630e-04 -5.18483305283275e-09 1.89037561156037e-04 -1.16714560198081e-05 -1.61005606038290e-09 4.16120167259645e-05 6.55974782480345e-10 2.59166863433138e-05 2.98821931670374e-10 9.22066392144591e-05
 -1.21294953967016e-09 2.44668894926158e-09 -5.54291818385881e-08 1.10639744247911e-09 -6.20637627240399e-10 -1.47385866755247e-10 6.48664632760158e-05 -3.93343339981994e-08 5.54136038419972e-08 -3.48669081541127e-03 5.90352149401620e-09 -1.36935078756145e-08 7.44592789354306e-04 9.27941436583846e-10 9.68792053102284e-05 1.02071573626582e-09 -6.99702671718002e-05 1.95059737456460e-09 -6.29742657805847e-10 1.09563824047882e-04 1.07346969618360e-10 -1.83499705343674e-04 9.21940713782353e-09 -2.46494909769406e-10 1.99090955065190e-05 -2.98803392841618e-10 5.67097905187733e-05 3.30755887601912e-10 6.95798101641561e-05 1.46188038160277e-09 -5.44746463972315e-08 -4.30595363449776e-09 4.21243459865720e-08 -1.65717441510620e-08 5.61593740099797e-09 1.52738084656571e-08 5.25996594101073e-04 5.38252643352901e-08 -9.34623170133339e-08 -1.17728084284361e-02 -7.71315198578840e-09 2.53014023799849e-08 1.20310077326708e-03 2.95907460126932e-09 2.77463270323377e-04 5.32526122525499e-10 2.13708205061153e-04 1.04211746670933e-09 -6.49976588466499e-09 5.12851594946820e-04 9.45672940669066e-10 5.40357328132399e-04 9.55003627874060e-09 3.03619363847958e-09 -1.18578422737490e-04 -1.05153183673939e-09 9.43592116838028e-05 -1.19008167980422e-09 8.83185822270492e-05 -2.35484813284223e-09 -6.45038644444550e-09 3.04817327696758e-08 8.28461338005849e-10 1.91822538685816e-10 4.41263401380018e-10 -3.00076844574541e-05 -2.29343885787821e-09 -3.54015063427216e-10 -1.70974127470476e-04 -9.98427080987377e-11 7.04791301681811e-06 -1.76271717086423e-10 -3.53519688290937e-05 -5.33061288129509e-13 -2.10187792401301e-08 8.01287985941734e-08 -1.67447601144357e-08 -1.60944239165697e-09 -1.84931040771178e-09 -1.16845758862341e-04 4.57315324885138e-09 1.88655180283225e-09 -3.06423068230581e-04 9.81128920658062e-10 3.72574462606823e-06 1.62819772256426e-10 7.45652720964981e-05 -1.00114002415496e-10 -2.35318634249034e-09 1.25022018455495e-10 9.37733425921934e-09 7.09084806233226e-09 -2.71477438823171e-09 -4.92320619679135e-10 3.41961817698379e-05 1.76312354982098e-08 -1.09767117915848e-08 -9.24468866329668e-04 2.10237907534193e-09 -3.34338564359608e-09 2.56493321332861e-04 3.00953752049419e-12 2.34821395612078e-05 1.67256709817849e-10 1.80311463320275e-05 1.08048818134473e-10 4.66073468665903e-10 5.77052613661097e-05 -3.86426944248920e-10 -6.37818970754044e-06 1.55019446126985e-09 -2.73559913133381e-10 6.61619032413990e-06 1.00171025123033e-10 8.36011558720450e-06 5.44522081809150e-11 8.99496338613251e-06 -6.45737765991663e-11 2.16346622307262e-08 -1.19845551720587e-08 4.67615884381720e-08 -2.67938082398761e-08 6.10410754662567e-10 3.59031501431833e-09 2.68998633379791e-04 2.99847145059278e-08 5.83822334621962e-08 -1.45760980254956e-02 -9.39561709341198e-09 -2.85722630410154e-09 5.93497633294495e-04 1.32516204155587e-09 -1.58461046462578e-04 1.22893777305773e-09 -1.03801430925803e-04 1.08649883403090e-10 3.28790905829615e-09 -3.94847667514981e-04 -5.15475254255480e-09 -2.31953576483984e-04 -9.23735229119832e-10 2.19512437029315e-10 -8.05841584212506e-05 -5.40664685716623e-10 1.64648075782025e-05 -7.67364104505053e-10 3.89514462947605e-05 -1.91389857924325e-09
 -2.57315790534872e-04 2.45190744756319e-04 -1.44309073509422e-02 -7.95153883088057e-03 2.45850879151233e-04 1.43644047277196e-04 3.81126759782294e-09 -1.50557445923602e-02 1.61179060695357e-02 2.43823459474037e-08 1.07550993432743e-03 -1.81159339335164e-03 -5.45142011941155e-09 2.75966559934872e-04 -9.94594297116733e-10 -1.39297429657076e-05 3.00327175341073e-09 4.84283100412983e-04 1.13553926671562e-04 1.50008531900655e-09 4.03781208300754e-06 5.75544666711276e-10 9.51862635228668e-04 -1.46862955190088e-04 1.50342638797804e-09 -6.71690478486203e-05 -9.62104463818220e-10 7.85220463417396e-06 -1.75739556574889e-10 1.72078212005952e-04 -2.67719815826168e-04 -9.57498464793340e-05 -1.57729313056305e-03 5.19831553944021e-03 -2.58277774078474e-03 -9.18744759048467e-04 -1.39818548902833e-10 2.29038508507782e-02 -1.04379403952243e-03 6.23880221939923e-08 -7.20873282057683e-03 3.01056574821776e-03 -6.00472704024317e-09 5.62723261703825e-04 -5.91135960719616e-09 1.12524147758990e-04 1.04211746670933e-09 2.17021488058067e-03 6.02576382793108e-04 -1.78761623471584e-09 -1.61510557086835e-04 -3.55515005602907e-09 2.46946185775579e-03 -3.34237993824865e-04 -2.57026292903523e-09 -4.70308213681712e-05 -1.08672874410263e-09 1.08505693976308e-05 1.35116566194117e-09 -2.79592803725756e-04 -1.82695734233179e-03 1.25781080071458e-02 6.08156234305427e-04 4.64361217902892e-05 1.45683472302973e-04 1.79804221451715e-10 -1.49345277355173e-04 2.32153421654359e-05 9.07763414577914e-10 8.74431657113976e-05 1.55703979903546e-10 -2.93905588314870e-05 -1.94735573425111e-10 -1.87844808555186e-05 -2.78199692288219e-03 3.57896206004046e-02 -3.82232648677305e-03 -4.17117880308278e-04 5.75273783976382e-05 4.37697857860836e-10 -7.87389387737932e-04 1.01004279409468e-04 1.32477141556555e-10 -5.57155624822464e-05 2.27647938240933e-09 -2.74165540366016e-05 1.99781749321670e-09 1.24818934309968e-04 -1.85770105646565e-04 1.00038624338069e-04 4.01421115389790e-04 2.84344964164479e-03 -2.45896040591606e-04 -5.61537685453570e-05 -1.07086642652271e-09 -8.99316445792407e-04 1.70764063925017e-03 1.80455875783129e-08 9.51726834377443e-04 -1.60361581917455e-03 -3.64352782255487e-09 3.07433040841396e-05 -2.85721073887985e-10 8.96566260265782e-06 -4.04355479458170e-10 1.52662890605231e-04 -3.44641607176444e-05 3.01406413085607e-10 3.47687578650026e-05 7.08768872194866e-10 4.91156764947712e-04 -1.21326036420160e-04 -4.15061492128136e-10 -2.06772572348389e-05 3.46357675951068e-10 3.54553948667858e-05 3.07573260285852e-10 -5.20773427669005e-05 -2.79680406077209e-04 4.55573854418115e-05 -9.29771462034232e-03 1.79646297148352e-03 1.22099013686574e-03 -4.58708518618317e-04 -5.08129113987826e-09 -4.54020948632396e-02 1.92115152235452e-02 7.93361831327840e-08 -1.94871155661349e-03 2.16547504473772e-03 -4.86411096857082e-09 -2.37906443719805e-04 1.12412272707940e-09 8.69555221118693e-05 3.76926947852414e-09 -1.19043499854077e-04 -5.86233127418270e-04 3.22827382902688e-09 1.85159603416645e-04 -4.46724408236789e-09 -3.06093315087236e-04 -1.30410271523096e-04 4.37182521014031e-10 9.81856068480877e-05 5.24835287004080e-10 -5.37238175918388e-05 -2.39984477525746e-09 6.56403478564707e-05
 2.16652107145849e-03 4.59829349217652e-04 -1.05951492661070e-02 -5.20901211784609e-03 -1.02198716959276e-03 -1.70224954204615e-03 8.57817460583123e-09 3.50714340603202e-04 1.86554126036646e-02 -2.41200263545132e-08 -1.92256861346729e-03 -4.08471816927127e-03 -1.32132894663706e-08 3.48426302075079e-04 -8.19193302552671e-09 8.29186949248875e-05 1.79918131113877e-09 5.61335069207520e-05 -1.41180272578431e-04 -1.27983194946461e-08 4.03852954952090e-04 1.66420878454067e-09 4.02619357108024e-04 -1.95050898953938e-04 -1.70747432656567e-09 -9.93048553849668e-05 -2.42115188337621e-09 1.06582950847826e-05 -3.42322318493497e-09 1.64907596008476e-04 -1.79406891988893e-04 -1.92710751244123e-04 -7.30686493168637e-04 5.82306521998052e-03 -7.46326535771828e-04 5.30904201563694e-04 -2.15394538126147e-08 1.44964180534564e-02 -1.01497888828760e-02 4.61277133603590e-07 -4.43707293296595e-03 3.11178974860209e-03 -4.23952111225447e-08 6.85021732177060e-04 -1.37462016391710e-08 -1.19015606388126e-04 -6.49976588466499e-09 6.02576382793108e-04 1.14852884517024e-03 -2.46892049074738e-08 -7.41020470159570e-04 -2.14650807457373e-08 9.02723887806721e-04 -1.36905405251341e-04 5.25785915177734e-09 1.01925747845252e-04 -3.22423394575912e-09 2.18664292006099e-05 1.74856443474244e-09 6.15271156076621e-05 5.23584924486336e-04 -3.19157887713065e-03 2.31904648154128e-03 -1.46780847496863e-04 1.95741932793077e-04 -1.63214270565860e-10 -2.78225882794768e-04 1.95046200917238e-04 3.35539840090489e-09 1.25830749816117e-04 -2.03081312086665e-11 1.12496958924629e-05 8.55838277936476e-10 -4.18749234675749e-05 -3.09945287429180e-03 1.76010705091175e-02 -3.11545559916184e-03 -2.33517099986334e-04 -7.48052294803553e-05 3.48114039885327e-09 2.91176899107738e-04 5.56506222640059e-07 1.05343460265658e-08 1.06228130529840e-05 5.49812853598724e-10 -4.12683574617312e-06 -4.85465262891858e-10 1.62982174450363e-05 -6.17876104267276e-04 -7.03214890539169e-05 -5.16029755208989e-03 5.01001715196727e-04 1.82891312221599e-04 1.96628131239406e-04 2.32711368513234e-09 -1.12833835880464e-02 -7.82556673400121e-03 -1.67632667992924e-07 5.17129235365736e-04 -4.31526064437674e-04 -2.83752671431545e-09 1.78847616540753e-04 1.39894245445345e-09 -1.00557080616874e-04 1.28957473558782e-09 1.98058627125093e-05 4.10024947145653e-04 3.61067164865194e-09 -1.73687720440836e-04 3.81733073760746e-09 7.82609754467579e-05 -8.18186397208032e-05 -1.30310041694478e-09 3.25371213567425e-05 -1.08595995387653e-10 2.50612350473929e-05 2.38845396749060e-10 7.99436103716744e-05 1.92724452271235e-03 1.53777728015843e-04 3.10834769383837e-02 -1.47633935062157e-03 5.00807382186961e-04 4.54642858249972e-06 -1.35513205169650e-08 -1.38282490983397e-02 -2.91127237471663e-03 6.27850402787184e-07 -1.81563985193848e-03 -6.82474590224571e-04 -2.17733229098832e-08 2.54666794844301e-06 6.30239338478667e-09 1.49519976805880e-05 3.02684918141444e-09 3.08697712788009e-05 -1.37441665687569e-04 1.51489391221180e-08 1.47841444234577e-04 1.13900040865392e-08 3.62043385101922e-04 6.55554017074262e-05 5.62256711351639e-09 1.89562513002967e-05 -1.11485456709711e-10 -4.37938521106588e-05 -1.24803392368157e-09 1.37686615307149e-05
 7.65395143681805e-09 -4.09872604408000e-09 5.38113348405262e-08 -2.40565551252969e-08 3.93524984621234e-09 2.31822309712517e-08 -6.46949072331987e-04 -1.31196859307893e-08 -4.28239198771710e-08 8.63498136636958e-03 4.19752058819596e-09 1.64362382840678e-08 2.23017469420205e-04 -8.40964179438352e-10 7.17771176543452e-04 -2.32161718485635e-09 1.33208269771909e-04 -1.41353588333302e-09 -2.97037400951941e-09 1.16809399570180e-03 -1.36458055105830e-09 3.41635154759586e-04 1.26369783997686e-08 -2.05702343281699e-09 2.58819333052652e-04 -1.96205502083758e-09 1.70683956937006e-05 -1.63328665187902e-09 6.63706108575154e-05 -2.11096818740100e-09 6.80509456004357e-08 -1.18263120710525e-08 1.52491933552952e-07 -9.52044009314381e-09 5.21446735183202e-09 1.40435075746998e-08 1.46022884804499e-03 8.81393010954165e-08 2.44355549884339e-08 -2.89731579648462e-02 -2.77440509403007e-08 -1.76220804594814e-08 2.37470567990543e-03 -2.36605637052113e-09 9.66716093893931e-04 2.03342323766422e-09 5.12851594946820e-04 -1.78761623471584e-09 -2.46892049074738e-08 1.71069727517690e-03 2.16540956319269e-09 1.30077905876014e-03 1.28786617577696e-08 7.67307550437552e-09 -3.90336372666638e-04 -4.01314721674614e-09 1.83495277145353e-04 -2.81270318957808e-09 1.56157478260605e-04 -6.45132381131641e-09 -8.56563562749893e-09 2.62622654224262e-08 -7.92326240206995e-09 5.11694384375191e-10 -5.99346995651645e-10 9.50427613298132e-05 -1.84153069910300e-09 -8.95857160568461e-10 2.86863448108541e-05 -4.46284466990403e-10 2.52216773804277e-05 -7.71384349783979e-10 1.81040471124658e-05 -2.51819203847974e-10 -4.03626496805466e-08 1.26731353913991e-07 -4.40743934182275e-08 -4.61914246968690e-09 -2.41422130594089e-09 -2.92267283047399e-04 8.58467479587997e-09 8.80513379826555e-09 -6.52644463198462e-04 1.06199764648777e-09 2.20655273741936e-05 3.13943925591945e-10 1.70798685782867e-04 2.34545603398338e-10 -1.29385276331790e-08 5.70190820837237e-09 -4.46282698773182e-08 1.38590206780614e-08 -6.35375295667104e-10 6.71032031182135e-09 -4.31897047618681e-04 -2.80906001968654e-09 1.78527484265941e-08 2.05499361871823e-02 -3.04934484897256e-09 -5.91930516025233e-11 -3.13246756524699e-04 -5.32356593500471e-10 -1.83262842244875e-04 -1.44262489213605e-09 -1.22665342432084e-04 1.86056698598310e-10 -2.41797907254086e-09 -4.36649941343998e-04 3.64497352585597e-09 -3.87131936187859e-04 1.40036392882408e-09 2.80598704451468e-10 1.41245003204535e-04 4.51591225746712e-10 -2.40086378976011e-05 -2.64797511334999e-10 -5.25741716863585e-05 3.95962133082606e-10 1.05840410293363e-07 -3.44688118144833e-08 3.13638441823748e-08 -7.12645031982937e-08 1.45014799550053e-09 1.63951674095777e-08 7.20132958260207e-04 5.97023524821419e-08 -2.07396777111425e-08 -4.13608809262970e-02 -7.94803120806415e-09 -7.08950825402451e-09 1.35196020378489e-03 9.39338435622208e-10 -4.19818878304577e-04 5.01633368230139e-09 -2.75902879148728e-04 9.80417970505247e-10 3.07435836611758e-09 -1.08433929114211e-03 -1.09003936863659e-08 -6.71530199272162e-04 -2.88266420816989e-09 -1.47426058065658e-10 -2.33073893060445e-04 -1.08821825057538e-09 4.01170662293883e-05 -1.53909865087918e-09 9.76714510002096e-05 -3.83179152423982e-09
 4.08807858349956e-04 -1.80806887869310e-04 2.77911133117111e-03 4.05383083607380e-03 6.10070139763047e-04 1.05339506551808e-05 2.23819782786308e-09 -5.88721007193033e-03 -9.44651184577985e-04 -4.83134841989340e-08 1.44408939442425e-03 -4.36751955199001e-04 6.34415593971531e-09 2.13352374326359e-06 -5.85908971663554e-10 -2.09736869171992e-05 -6.83837322780241e-10 2.24779088927469e-05 3.16997711988311e-04 -4.63092967366021e-10 -3.04626164130813e-04 -3.55544976502471e-09 -7.66773441727111e-05 2.86328821607954e-05 3.35066687162283e-10 1.42077324811778e-05 6.23992413023358e-10 3.57083251707873e-06 8.35837871622259e-10 -6.96145121808213e-05 -4.62909397542192e-04 3.60651132579045e-04 -6.42313609509352e-03 -2.73820181887533e-03 1.26413061246001e-04 3.20960678515644e-04 4.06812573555206e-09 -3.73134038852067e-03 -1.80200398952192e-03 -6.13115823767453e-08 2.48400876875839e-03 5.83109866760360e-04 7.94596666767390e-09 -3.49088356357794e-04 7.70579776520621e-10 2.51160422563005e-04 9.45672940669066e-10 -1.61510557086835e-04 -7.41020470159570e-04 2.16540956319269e-09 7.52867323318916e-04 3.70028099131919e-09 -2.95674040028906e-04 1.77433609892195e-04 5.08085509157755e-10 -4.73522689378689e-05 -2.24326826341950e-11 -3.56034611595426e-05 1.95488870471475e-10 -2.27089765193235e-04 -1.45890348492098e-03 5.72608878633339e-03 -2.70468811474043e-03 1.55531843350328e-04 6.55223523436646e-06 -5.48211470284212e-10 -1.03005725688462e-04 3.36108224582535e-05 -2.30789986905547e-09 -9.61859708525430e-06 3.42334669429826e-11 -1.30042675984978e-06 -5.99601874818436e-10 2.98541969300668e-05 1.70827194249865e-03 -8.27629671900587e-03 1.30007529927736e-03 9.73045126017692e-05 -6.13350999019226e-05 -3.60224248052039e-10 -2.05945058823478e-04 -1.83457769587597e-04 -2.74370980893885e-09 6.04580125665880e-05 -4.65238633463160e-10 -5.96492492004897e-06 3.41391973698139e-10 1.15975862991938e-05 -1.45428196810571e-04 4.25274443584357e-05 6.93125783084070e-03 -4.67716554748260e-04 -3.55899596879824e-05 -1.21206971147861e-04 1.55437808535396e-09 1.06391163604488e-03 5.25034542528604e-03 -5.10965434511136e-08 2.00233522845080e-04 3.43865066028439e-04 3.61959763886542e-09 -2.44599469998836e-05 3.31805901310698e-10 3.25430529912536e-05 -4.21879100629532e-11 5.35614602726930e-05 -2.81906199473947e-05 1.86640606044850e-09 6.93791195535920e-05 1.14318419102987e-09 1.97766761056575e-04 -4.24519796047873e-05 -6.92110591704828e-10 -3.75327113861976e-06 5.53490973285892e-10 -5.95207759155411e-06 1.40729934269941e-10 -2.88565008721991e-05 3.00583481121992e-05 -1.42366734912755e-04 -3.11721166962574e-02 1.50564909919366e-03 -3.39395185499806e-04 -9.64206638335894e-05 3.30858193101711e-09 1.26287248429738e-02 5.05618042331413e-03 -7.01330363214253e-08 1.01310218118756e-03 1.05373152491730e-03 2.45641331543572e-09 3.84332303792817e-05 -4.74035631872285e-10 -2.70497192724274e-05 7.52892254244000e-10 2.70169070908336e-05 2.75748396808841e-04 -9.46402569612508e-10 -1.18521818527839e-04 -1.50939266244566e-09 -7.45384890606819e-05 1.73411479436361e-05 -2.12022696912848e-09 -5.20878963527226e-07 -4.29757188315063e-10 2.10359935092550e-05 6.67859973869608e-10 -2.47001680380793e-05
 -5.17297982153931e-09 3.62027681086942e-09 3.06484368428024e-09 -9.90824937348256e-09 -7.10297768429396e-09 2.47413553593516e-09 1.57252748439719e-04 1.50459226971884e-08 1.61269735927838e-08 -8.67281377424242e-03 -6.59267264350751e-09 -6.06256491821833e-09 1.86951618759900e-03 -1.07714718115376e-09 2.49045164450393e-04 1.01965464248920e-09 -1.74382018322757e-04 -1.28210744614479e-09 -5.09388477766826e-09 2.84654932294447e-04 1.24853756633940e-10 -4.57388456152060e-04 1.44138340824588e-08 -8.36482173508312e-14 5.21175289095783e-05 -9.16977908800496e-11 1.42387077730308e-04 7.30066438500341e-10 1.75083828125428e-04 1.23790072815751e-09 3.78740992275726e-08 -1.09066810704682e-08 9.57807940990262e-08 -2.56372410981353e-08 1.82328755681700e-08 2.17248185781289e-08 1.33164037184221e-03 -3.15944706465543e-09 -4.56858615796716e-08 -2.97734070219356e-02 2.78649716213437e-09 9.00794660705166e-09 3.03770170476499e-03 1.18719205629530e-09 7.04095248757841e-04 2.22969109420530e-09 5.40357328132399e-04 -3.55515005602907e-09 -2.14650807457373e-08 1.30077905876014e-03 3.70028099131919e-09 1.36631778065112e-03 1.42034379969671e-08 7.00783931555242e-09 -3.00714404521624e-04 -3.42933121573957e-09 2.38223800590149e-04 -2.91659612511309e-09 2.22842004906917e-04 -5.85167966272626e-09 -7.21683307838107e-09 -1.46411949574515e-08 7.25914288024404e-10 2.47485057193187e-11 -2.82256685781479e-10 -7.44666807460163e-05 -5.00312061716659e-09 -1.88870668474539e-09 -4.28607129236883e-04 -8.72924179980425e-10 1.78905063667454e-05 -3.36901629575441e-10 -8.85196770969425e-05 -1.60156236817978e-10 -2.53366068954474e-08 2.29109915165738e-08 -1.27460923639652e-08 -1.78229159626575e-09 -2.87564504009543e-09 -2.95542322262010e-04 1.11005496413429e-08 6.64161899092936e-09 -7.74088530257981e-04 1.30650602169449e-09 9.53103454147475e-06 5.65135028509282e-10 1.88468362364860e-04 -4.30375562462652e-10 1.27418533426080e-08 -3.02117380922068e-10 -5.53684704747946e-09 5.38406214145887e-09 -2.63136552259419e-09 -6.13538079915085e-10 8.21350120200630e-05 -2.76622737049636e-08 -2.19722610124515e-08 -2.14570958287370e-03 -3.26155441178174e-09 1.04588551703958e-09 6.40715072568423e-04 2.41438710605727e-10 5.73557373765224e-05 7.15291569098046e-11 4.41936420119804e-05 -4.75859643383532e-10 2.01762218892710e-09 1.41062025365637e-04 -1.54868712948935e-09 -1.92592625137314e-05 1.22302728760232e-09 -5.96722073728425e-11 1.77849690729390e-05 4.29876303872619e-10 2.07671624882094e-05 2.13340435159433e-12 2.21189045953400e-05 1.33178626676719e-10 7.83363765251422e-08 -3.00824211505899e-08 4.04325704356970e-08 -6.01699615970160e-08 5.65717462269376e-11 1.18071482625304e-08 6.80786551611008e-04 7.56847005038628e-08 6.57572318795344e-08 -3.69091556825302e-02 -6.85133792605922e-09 -7.23933789885822e-09 1.50003898925592e-03 1.71592568669483e-09 -4.00999025968000e-04 3.90361816876005e-09 -2.62685816322346e-04 -1.58521658244521e-12 5.03321947637617e-09 -9.99517481267552e-04 -1.18451496317780e-08 -5.87458243534126e-04 -4.98854252865825e-09 -5.48612456891664e-10 -2.04089920538849e-04 -1.38925798715823e-09 4.16360662050127e-05 -1.47959977539251e-09 9.85233787595353e-05 -4.28620819736563e-09
 2.59402427164828e-03 6.40650669869721e-04 -2.29266588401848e-02 -1.23647966769490e-02 -3.12167123064136e-03 -2.33922904213091e-03 7.69287431249060e-09 -3.74132148385190e-04 3.80414498336217e-02 -1.90811132514691e-08 -5.22199763228074e-03 -1.00488605972408e-02 1.21308117345912e-08 1.64307971346511e-03 4.72323308506657e-09 -8.66061874202305e-05 3.30056742940824e-09 9.48419502030005e-04 6.34446990856548e-04 6.28281891929602e-09 -2.91954927218435e-04 3.50041422506245e-10 3.34070748438984e-03 3.12147520762697e-04 5.02441159855017e-09 -1.70360278686746e-04 -2.10052906396422e-09 4.01193004275184e-05 -2.80837968685402e-09 2.65791403180558e-04 -5.17105644115377e-04 2.85911763819208e-04 -3.51041611216918e-03 -1.58591550374412e-03 8.91059577543915e-04 2.31264412991970e-03 1.07425446571373e-08 1.10933584561375e-02 -2.71120430759986e-02 -2.90991330261568e-07 -1.12838920804599e-03 1.29870407022749e-02 2.61858408915076e-08 1.96490242628804e-03 6.79972954272199e-09 -8.94420218258904e-05 9.55003627874060e-09 2.46946185775579e-03 9.02723887806721e-04 1.28786617577696e-08 -2.95674040028906e-04 1.42034379969671e-08 4.78761018122965e-03 -7.59462449526669e-04 -3.62296607497073e-09 4.80772971250077e-05 2.94372595232693e-09 -2.56829157318118e-05 5.41344363561452e-09 -2.71325782954376e-04 -1.88760185146566e-03 4.73757378141961e-03 6.05608436988638e-03 -4.47330580036402e-04 1.46689203258383e-04 4.49872582726265e-10 -1.23456832088202e-03 -6.90610866844045e-05 -1.42477433535413e-09 5.99510327064002e-05 7.59108171771934e-10 1.25559148670562e-05 4.29362478908912e-10 -2.06973005731536e-04 -3.72047332562930e-03 3.16750766859922e-02 -1.73720900508168e-04 -4.25825931560506e-05 1.13257125795251e-05 -3.38064452325991e-09 3.45552743233880e-04 1.78714700936168e-04 -8.28314025620793e-09 -6.07068012484241e-05 2.01323659216942e-09 2.55081279768469e-06 4.48018031756357e-09 -7.88817431262436e-05 4.63053175603221e-04 5.02728959612248e-05 1.33673556113031e-02 2.37483062295681e-03 -1.07072913730395e-03 8.01516714132713e-04 -9.45868233095913e-09 1.51165271496289e-02 -3.31200630022492e-02 7.82529456102326e-08 2.69872576494578e-03 -1.00032862066623e-03 -2.54968927350551e-10 2.39695255056323e-04 1.08352666152243e-09 -1.57735788497409e-04 -2.28653163104244e-09 -1.74136275714278e-04 4.06483493138846e-04 1.72036211176979e-10 -3.15937931593216e-04 2.16385750494042e-09 -1.44001887775740e-04 -3.22262231012052e-05 1.55819709076426e-09 3.03379285000363e-05 2.02375823003464e-09 7.63829418146864e-05 2.11953280012363e-09 1.52192629563463e-04 -6.88538748758874e-04 -5.58227155521329e-05 -7.92577318740967e-04 1.25482336776498e-03 1.66100086861699e-03 -1.36204695121180e-03 3.09634680329043e-09 -5.06780123840705e-02 5.53827850840333e-02 -3.85676233678185e-07 -3.63576288729891e-03 1.40343284898417e-03 1.13089079227778e-08 9.12368310152633e-05 -5.04317839143916e-09 -1.62351088774826e-04 3.72239183915854e-10 -4.25650357213004e-04 1.49801050319476e-04 -5.53288263536422e-09 -2.04012994282893e-04 -1.13659682895860e-08 -7.50023344291673e-04 -1.50613297785571e-04 -2.33260604885265e-09 6.19193291539395e-05 1.36009682024684e-09 -1.33736016300874e-04 -8.17062900331817e-10 -1.83254259378996e-04
 6.14864132841711e-04 -1.11380452893201e-04 1.20378137494555e-03 4.89225558704441e-03 1.46022982414016e-03 4.56920152213778e-04 5.96375234121173e-10 -1.01316330952912e-02 -3.02646056057076e-03 -2.78875936948798e-08 3.66750206868223e-03 7.16329395920562e-04 8.39669402335976e-09 -1.94865369191354e-04 9.85198831715356e-10 6.87290166601806e-05 -3.53735893450516e-10 1.60353220936749e-04 1.92749949976346e-04 3.08788349674182e-09 -3.19436512336710e-05 -1.82690537354254e-09 -3.01213967265463e-04 -9.57283632972177e-05 4.32350164683611e-10 1.32355588400801e-05 8.47570050238348e-10 -1.81824831891719e-06 1.57488789375282e-09 3.00651460510937e-05 -3.59185297708282e-04 7.23293413518982e-05 -2.60270263225358e-03 -1.28983122639015e-03 -2.80210527602667e-04 3.32108913428541e-04 7.43313294649950e-09 2.23245734168861e-03 -3.96475313414411e-03 -1.53515181131567e-07 -2.78438406524195e-05 -4.52890842190068e-04 1.51151528799359e-08 -2.38536226106810e-04 4.74071095740176e-09 4.33215867914758e-05 3.03619363847958e-09 -3.34237993824865e-04 -1.36905405251341e-04 7.67307550437552e-09 1.77433609892195e-04 7.00783931555242e-09 -7.59462449526669e-04 2.89045045585312e-04 -9.96634867921923e-10 2.98591508171054e-05 1.07337181534998e-09 -1.45675526633290e-06 3.02159206482656e-09 9.66470417900065e-07 -9.49078196031276e-04 8.79823263812633e-03 -3.05233334863326e-03 2.52356766623188e-04 3.33584187222966e-05 -3.18467519089783e-10 2.87717540142513e-04 8.93691429228137e-05 -2.03477036532207e-09 1.35009942643428e-05 1.00333304480867e-10 -1.41060288574746e-05 -7.43022777020700e-10 8.17460892380813e-05 3.23999944823325e-04 -2.55860074869568e-03 -2.77635173911152e-04 -2.27243206956035e-05 -1.21458204600403e-04 -1.90611199510398e-09 -8.07097847005826e-05 -1.78990843759487e-04 -4.48904845417540e-09 9.71799748298953e-05 -2.66941685597111e-10 -5.94445317885062e-06 1.49638005243304e-09 1.65135479248924e-05 -5.70049099884173e-05 4.01639312098319e-05 8.66948711630823e-04 -2.45647646447308e-04 1.75509829976534e-05 -2.38122098559436e-04 9.60324818836332e-10 8.05342968921594e-04 9.47137362932937e-03 1.06836675251536e-08 -3.01970692849644e-05 -1.16494122051593e-04 2.21130938586466e-09 -7.45920700880695e-05 -4.05526725678748e-10 6.79134723135494e-05 1.00364457019790e-10 1.06826462724047e-04 -1.40569044052267e-04 6.85717541857498e-10 1.29480710954184e-04 -4.71088950995892e-10 2.83119873126712e-04 -4.98891730432269e-05 -4.02381581897057e-10 -2.10426089130208e-05 7.44461381004547e-11 -1.15421634816455e-05 -2.02943123978828e-10 -6.66875234641152e-05 6.59636436475380e-05 -1.19567342297733e-05 -1.07467160913724e-03 -2.29015773682729e-04 -4.02610487982364e-04 2.08282903171444e-04 4.94221752652866e-09 1.46784168477553e-02 -8.98123021673139e-03 -1.95851190678397e-07 2.76054114176188e-04 -8.12665576249542e-05 8.69397717660105e-09 6.25499039228330e-05 -1.91682067651547e-09 -2.75004083733102e-06 -2.25002297220202e-09 1.22653408708472e-04 1.33330797802578e-04 -5.95608167649884e-09 -2.63081616449979e-05 -7.12711643685492e-10 2.84506136136725e-04 8.79880098970917e-05 -8.53755573381734e-10 -1.81974624636319e-05 -1.41259150938107e-10 1.44060504094277e-05 1.59482125286669e-09 1.31630764440036e-05
 9.53802956733332e-09 1.64987014953244e-09 -2.66870172144014e-08 3.21817492331943e-08 -7.47130774336742e-10 -1.14566221824913e-08 1.40887016055042e-04 -2.79641354004557e-08 5.72437879542567e-08 -1.81230231493941e-03 7.34393879597916e-09 -2.57251345911313e-08 -6.85094798991407e-05 2.70648566684166e-09 -1.60700467341859e-04 1.18580444757593e-09 -2.75368497354416e-05 9.37582076157691e-10 3.31418862239752e-09 -2.60271789688230e-04 -7.62913764096166e-11 -7.05176253664070e-05 4.82336711872905e-10 1.24297107109446e-09 -5.75559148974531e-05 3.37598898519149e-10 -5.23610000574239e-06 4.65430449073732e-10 -1.64359025104877e-05 1.02762047003918e-09 -5.77102213274833e-09 5.36311387829638e-09 -1.57379935194217e-07 -3.18717369227732e-09 1.19946795621465e-08 7.20593689450928e-09 -3.35480304630093e-04 -1.13641338304486e-07 -9.13284848462391e-08 6.69118412878111e-03 3.62119579825245e-08 2.31233398685046e-08 -5.54617731832558e-04 2.45083511545650e-09 -2.20258210417011e-04 6.41642839636032e-10 -1.18578422737490e-04 -2.57026292903523e-09 5.25785915177734e-09 -3.90336372666638e-04 5.08085509157755e-10 -3.00714404521624e-04 -3.62296607497073e-09 -9.96634867921923e-10 8.91050909592708e-05 1.49247444788342e-09 -4.28919914166347e-05 7.05967930409861e-10 -3.67102558575775e-05 7.90377897959177e-10 -5.85238533242053e-09 1.76920243463570e-08 -8.13600822691453e-09 4.75162698522345e-10 3.24755951445186e-10 -2.01651139447184e-05 -1.38524045804066e-09 7.50652878422797e-10 -1.87611454381441e-06 8.29292209191677e-11 -5.74157955778736e-06 1.46579476723518e-10 -3.07050706489728e-06 1.56003217739000e-10 2.87820487862353e-08 -1.75144707041831e-07 5.14991277924821e-08 4.44510550338786e-09 -3.41743536019518e-10 6.74477133372827e-05 2.26554072089407e-09 -2.84143757060501e-09 1.51796583440749e-04 3.24936038041920e-10 -4.95964738731562e-06 1.32442096767950e-10 -3.95792446835944e-05 -8.99938620956805e-10 2.28883898888880e-09 -1.35785949316937e-09 2.05459664266079e-08 -7.26853022547703e-09 -7.80606085609118e-10 -6.17162497660686e-10 9.42916633145636e-05 1.18356055478280e-09 -2.74067364692342e-08 -4.50472679091198e-03 2.97597533772308e-09 1.50606527023204e-09 6.23634207448944e-05 4.27566247687744e-10 3.97766077328219e-05 2.17296312754303e-10 2.65639573635574e-05 -8.21944756767844e-12 2.22825403963797e-09 9.47278062702417e-05 -8.65666815279944e-10 8.54814245596878e-05 8.75147289522205e-10 -5.06944929720447e-10 -3.12994064733125e-05 -2.64659770064120e-11 5.07360568356824e-06 3.90452465097234e-12 1.13523291282633e-05 1.20521890989991e-10 -5.65352080179823e-08 7.73075416479031e-09 3.33665036528493e-08 1.73612000936460e-08 -1.14812893559638e-09 -3.21126431642566e-09 -1.65696474628963e-04 4.48870282713443e-08 2.65061956937865e-08 9.49406490549530e-03 3.62984259168878e-09 -7.75212630841105e-10 -3.13375407651771e-04 5.56940179069443e-10 9.66394475117949e-05 -1.63187044978207e-09 6.35021656123048e-05 -5.15056250457500e-10 7.72308731836715e-10 2.49232118604401e-04 1.79845874719016e-09 1.54022207828517e-04 2.33979660933070e-11 7.26671314698693e-11 5.34598703891254e-05 -3.42607207141567e-11 -9.26906583169501e-06 3.16195501307438e-10 -2.25375248711236e-05 2.50085876787635e-10
 5.88031746422908e-04 3.49086784756353e-05 1.11288259146237e-04 2.74473075081031e-04 -8.66728552146830e-06 -3.12642258567036e-04 1.24112501866931e-09 -1.76183304856588e-03 2.93655267300582e-03 6.81137967080381e-09 2.97910435755075e-04 -1.01501824907772e-03 -2.98453019666939e-09 1.06576647083843e-04 -1.20616191767549e-09 1.65368870126206e-06 5.18864726760713e-10 5.92909476581600e-05 9.10368731360227e-05 -1.52441995661026e-09 1.25934842314291e-06 7.67579504124651e-10 1.57300788665795e-04 2.46674989494388e-06 -9.95570820719270e-12 -1.37980734077212e-05 -4.52382440745883e-10 6.08802602936292e-06 -6.58282551345352e-10 1.79418797461437e-05 8.42634646540715e-06 3.62133515410130e-05 -1.04555001063251e-03 -5.48546755491379e-04 3.35564078875552e-04 5.01835546972076e-04 -3.93528915116364e-09 -7.32434802941447e-04 -4.47743067538021e-03 7.69446937488293e-08 5.23841000623682e-04 1.06729848015143e-03 -7.66553925435637e-09 1.37071437331625e-04 -1.37335018656910e-09 -2.88098136614754e-05 -1.05153183673939e-09 -4.70308213681712e-05 1.01925747845252e-04 -4.01314721674614e-09 -4.73522689378689e-05 -3.42933121573957e-09 4.80772971250077e-05 2.98591508171054e-05 1.49247444788342e-09 3.29861433484459e-05 -4.54609956772382e-10 1.38111490770029e-06 2.60169917648758e-10 2.16413589098630e-05 -4.31735568516188e-04 2.06125576450443e-03 -5.20044257936367e-04 3.63396286836211e-05 2.37581418017453e-05 1.02185850923272e-10 -5.70597879426365e-05 3.94413528174485e-05 7.97124797166158e-10 1.08081898544424e-05 4.07773338239806e-11 4.35390434680783e-07 1.86456657704810e-10 3.99978114205732e-06 -6.45991513699976e-05 -1.03434110519042e-03 3.65368069906593e-04 4.18330555935163e-05 -4.51924572036721e-05 5.52765895414320e-10 1.43562247319253e-04 -4.34533209542473e-05 1.91576866635499e-09 2.84366677915332e-05 -1.93030932356200e-10 5.06044102672601e-06 -2.45686630973215e-10 -2.21591766551346e-05 9.05945942296158e-05 -7.51785643478940e-06 8.44751523945506e-04 -1.99645524026034e-04 -1.82814604917799e-05 4.70261824455629e-05 -5.05166970866553e-12 -5.75544262723283e-04 -1.33584627354360e-03 -1.39262358812363e-08 2.04963497049211e-04 6.20977476488850e-05 -1.04199011819865e-09 2.77127652087793e-05 8.01015919079248e-11 -1.21851491847244e-05 -2.38007461629672e-11 4.02404581655393e-06 8.13227687815003e-05 2.98739351077926e-10 -2.22928019962690e-05 5.62510579368029e-10 4.80796991206619e-05 -2.23735613782354e-05 -1.51178635620930e-10 3.71989475943277e-06 5.04701052492479e-11 3.46268535580699e-06 3.38565953128972e-11 1.10890482210864e-05 9.43393467246037e-05 3.84720716571808e-06 4.95246035955699e-03 -3.66552443678488e-04 -3.59283600866404e-05 -2.44890806422313e-05 -1.88156174402545e-09 2.34543782441219e-03 8.38854511367933e-04 1.00340575557809e-07 -2.44986000289729e-04 -2.71599615845366e-04 -3.55865794821217e-09 5.45341868240079e-05 9.30141128934686e-10 -2.76111453114237e-05 2.22900608821764e-10 -3.29032987416117e-06 8.97748613049309e-05 2.63349143068978e-09 -4.04580211822106e-05 2.39333872817240e-09 3.36061571635612e-05 2.05156652555494e-05 8.00000252898568e-10 -1.13545965666334e-05 -7.77608827495062e-11 -7.61712077462059e-06 9.64788581930331e-11 -2.49565896357024e-05
 3.23204624600411e-09 1.00933341461500e-09 6.87048245639450e-09 -3.94869229489984e-09 -2.06928294393623e-09 5.01644690401723e-09 1.00455201540200e-04 7.60715011576245e-09 -3.33162818809352e-08 -3.06077902474455e-03 -5.23510855123914e-09 1.13862184689532e-08 4.68687852884047e-04 -1.53436365233010e-09 -6.45710184233041e-07 1.90870610437362e-10 -5.78372320279029e-05 -7.77631984455311e-10 -1.74176047895678e-09 -3.26143601110509e-05 -4.29072571600272e-11 -1.50990619841531e-04 2.12459357020893e-09 4.32764337387058e-10 -1.00926271432041e-05 1.51532218879858e-10 3.56888583432217e-05 4.39765713981756e-10 3.97235145128791e-05 6.36095796075969e-10 -2.54400444031542e-08 -3.41606455241709e-09 1.69475425507684e-07 -4.43443953384495e-08 8.30073997849092e-09 1.40965565731050e-08 2.14532605224768e-04 -1.91069019781810e-08 -4.58283167930288e-08 -5.13356462586129e-03 1.29464368991673e-08 2.02688586143152e-08 5.77061866975942e-04 2.12397635967251e-09 9.55888877352039e-05 -2.27618325441776e-09 9.43592116838028e-05 -1.08672874410263e-09 -3.22423394575912e-09 1.83495277145353e-04 -2.24326826341950e-11 2.38223800590149e-04 2.94372595232693e-09 1.07337181534998e-09 -4.28919914166347e-05 -4.54609956772382e-10 4.55052910352710e-05 -5.45827896684056e-10 4.39871707229697e-05 1.31505977374797e-09 -2.50073846019349e-09 -7.92508643109237e-09 -1.20267493599808e-09 8.30939331267198e-11 -3.68356012288683e-10 -2.81967102314548e-05 -1.33505320350519e-09 -1.04899371866209e-09 -1.14769308094332e-04 -4.89823818806871e-10 2.36849649810302e-06 -3.75684923041575e-11 -2.48197696328049e-05 -5.86365343926928e-11 -1.67931751610819e-08 5.47433769676150e-08 -2.27831689532753e-08 -1.31152858199652e-09 -5.84973350173353e-10 -5.05297319801976e-05 1.85494993800392e-09 2.91690479116586e-10 -1.42695698864015e-04 4.56801153779861e-10 4.70706900439241e-07 1.97468343169245e-10 3.36514626795756e-05 -1.80585376441363e-10 2.14944659885599e-09 -4.16292899658233e-10 2.65246479556388e-09 3.82336725735577e-09 -9.34063166419072e-10 -1.56949098327712e-09 6.10857350993131e-05 2.06883117876719e-09 2.07690072033928e-08 -2.44540883948408e-03 -2.44980702863820e-09 -3.88711455789763e-10 1.96352949002863e-04 -2.83775322543550e-10 3.18078522689820e-05 3.42431589956866e-10 2.28086031018772e-05 -4.78855451647601e-11 -2.57999789183328e-10 7.69389479844084e-05 -2.42755390975864e-10 3.04532193408099e-05 4.74774224322149e-10 5.53579008267667e-11 -8.29610242955705e-06 -3.63593714020695e-11 7.63455701574742e-06 8.14607114438854e-12 1.06071026066323e-05 -2.31670602856069e-10 3.79216490727568e-08 -5.28423062862819e-09 4.02621756017152e-08 -2.54870401286707e-08 -2.34260026248094e-09 -1.73762435953080e-09 1.12097151165756e-04 6.89057837116141e-08 1.00037893491765e-07 -5.86483528469097e-03 -7.49324004089653e-09 -1.00364081773613e-08 2.68517902165782e-04 1.94711239168503e-09 -6.64271801472653e-05 -3.52108645491410e-10 -4.34335484649563e-05 -7.50246362262641e-10 4.19946768041565e-09 -1.62098521376814e-04 -4.23142117553473e-09 -9.21349287275370e-05 -2.47600650152876e-09 8.92858653728845e-12 -3.20292616796252e-05 -5.23678032607376e-10 7.21560110422195e-06 -4.13534837278963e-10 1.68228393271020e-05 -1.44911636781331e-09
 -3.18643202217009e-04 -3.60220717251840e-06 -3.94985145006777e-04 1.33402576049534e-04 1.23239805399806e-04 1.79335476862175e-04 -4.73896227149008e-10 -7.95867052825663e-04 -9.77951093504081e-04 1.66773751910074e-08 3.54267221186811e-04 4.23776703547409e-04 -3.60818015748053e-09 -4.12701033203785e-05 -5.82268369884064e-10 1.18234804277804e-05 3.05038189526039e-10 -1.81401473344689e-05 -1.15129190069549e-05 -5.10529040602124e-10 1.19273841670551e-05 8.73054433806387e-10 -4.23934511327390e-05 -2.96134989376174e-06 -1.37495346785882e-10 4.74407523771641e-06 -1.52392961890937e-10 -2.98116476747256e-08 -2.07769863819052e-10 1.00643803817710e-05 -8.04105197369044e-05 -2.01692264000471e-05 -5.27267854957274e-04 3.38282119293797e-04 1.71026455001890e-05 -5.66033156003922e-05 -2.21367584261183e-09 -8.91844011402769e-04 7.27059578160602e-04 5.94160708892466e-08 -6.44189465709013e-05 -2.47683774524058e-04 -6.12241330596211e-09 2.40828554573293e-07 -1.47580130840761e-09 -9.87074387810800e-07 -1.19008167980422e-09 1.08505693976308e-05 2.18664292006099e-05 -2.81270318957808e-09 -3.56034611595426e-05 -2.91659612511309e-09 -2.56829157318118e-05 -1.45675526633290e-06 7.05967930409861e-10 1.38111490770029e-06 -5.45827896684056e-10 6.89554228167567e-06 -7.80751968255830e-10 1.08277261771302e-05 -4.96947733918353e-06 2.56523956881878e-04 -7.15755300282713e-05 1.48308928226279e-05 -7.92648735519351e-06 1.43228814876872e-10 2.94533182777210e-05 -1.44247607953736e-05 8.40395083302076e-10 -5.32590956874384e-06 -3.18437118754726e-11 -4.25068476383125e-06 1.60545006083881e-10 5.71675660977664e-06 2.41280415251500e-04 -8.43936111801757e-04 4.00703478093031e-04 2.57567894607061e-05 6.30372041273259e-06 5.95744780643152e-10 -1.03563202610127e-05 1.28510685887045e-05 1.69424064897486e-09 -2.80143251403678e-06 -5.69375431985054e-11 2.88248442321287e-06 -4.77806008954915e-10 -2.91754278202894e-06 3.21048522227760e-06 7.01340671250368e-06 -5.16879169467611e-04 1.27383495728836e-04 1.53226025358401e-06 -4.11801526131638e-05 1.15375809748665e-10 -1.41022665376342e-04 1.58603578497607e-03 3.07627963858676e-09 -9.37042741198869e-05 -8.08649982775416e-05 -1.29831074630475e-09 -1.60055800231352e-05 -1.64518456151082e-10 1.12168647277195e-05 -1.48090389894569e-11 1.47768931580788e-05 -2.84860053706324e-05 -2.13716190667307e-10 2.49289004842776e-05 -8.01380028113168e-12 4.19390042370753e-05 -4.58042932038467e-06 -1.37730889791685e-10 -3.92735382857620e-06 -7.94859542554574e-11 -3.01041434005365e-06 -9.19641427868856e-11 -1.15947600611116e-05 8.06672707260896e-05 1.15850839438812e-05 2.01198279873747e-03 -4.89154700794013e-05 2.62958654272720e-05 2.54354907463484e-05 -1.94579530576710e-09 -1.60508005417999e-03 -3.93785981891486e-04 7.51629820860776e-08 -1.15371873345969e-06 -4.39786129366498e-05 -3.10068248976122e-09 -1.35276138176672e-05 8.10450734544621e-10 6.21494680555215e-06 4.97950038540448e-10 -8.85292983711897e-06 -5.42408006832601e-05 1.74337320834626e-09 1.11643991602038e-05 8.77414043425559e-10 -3.90083575385751e-05 -1.45410379563862e-05 4.44193363610713e-10 -9.27645343426112e-07 7.46971323758357e-12 4.59373375827697e-07 -2.94956578184932e-10 2.70572337006880e-06
 -1.63594182802504e-09 4.59089349887801e-09 -1.58970504615167e-07 3.00438135994788e-08 1.74608392639634e-09 -1.07725279922896e-08 1.20095772141065e-04 -6.17354875749095e-08 1.40470091096824e-07 -3.41712315828423e-03 8.48767708668744e-09 -3.71796947739759e-08 4.89482094290925e-04 2.11157398701430e-09 -1.63679017430524e-05 2.81492023375095e-09 -6.39160149644161e-05 4.84012067403560e-09 1.13311376519432e-09 -5.99291214472451e-05 1.85631593242277e-09 -1.66726215138928e-04 6.81984760508901e-09 -1.59596829402147e-09 -1.63018369854136e-05 -6.10224962864004e-10 3.72703744044023e-05 3.91517984476454e-10 4.04484977549436e-05 3.07315178466580e-09 1.25211998472978e-08 -7.22622677673129e-10 2.02073286533341e-08 -7.53578101842373e-09 -6.40996049347699e-09 1.89523804286492e-08 1.94368570350516e-04 1.93253271113750e-07 -2.02471373173932e-07 -4.78150471531111e-03 -2.88825029273890e-08 5.01729776871994e-08 5.56766381073986e-04 4.05350951411740e-09 7.96964326844607e-05 5.75338451650934e-11 8.83185822270492e-05 1.35116566194117e-09 1.74856443474244e-09 1.56157478260605e-04 1.95488870471475e-10 2.22842004906917e-04 5.41344363561452e-09 3.02159206482656e-09 -3.67102558575775e-05 2.60169917648758e-10 4.39871707229697e-05 -7.80751968255830e-10 4.29833740573688e-05 -1.12378535666958e-09 1.75750664804868e-09 2.36603667612738e-08 8.66489037889428e-09 -3.42272333533524e-10 2.03235165806427e-09 -3.18180894267684e-05 -1.45702146903808e-09 1.81172703520262e-09 -1.21681728696966e-04 9.17944125966625e-10 1.94699250826224e-06 6.52638097990125e-11 -2.65747174020465e-05 1.92893979680276e-10 -3.95771024774941e-08 1.82443964866547e-07 -5.27314911280192e-08 -3.90346355449186e-09 -2.79163266460252e-09 -4.69095784159589e-05 2.87660671415496e-09 -2.01538538073854e-09 -1.36247115535528e-04 1.62886505737049e-09 1.42455123960024e-08 -2.08546007601157e-10 3.17616357997056e-05 4.16240707388051e-10 4.76658370928173e-09 -4.46195606075523e-10 2.28682551052905e-09 7.10579688831179e-09 -2.57560641225412e-09 -1.53565561160578e-09 7.38702443249716e-05 2.03905241311775e-08 -1.93515334028733e-08 -3.02845179568786e-03 5.86026247155365e-09 -6.68615885178731e-09 2.13952442251246e-04 2.24358236172243e-10 3.75550425382753e-05 2.89082247120030e-10 2.67385851284040e-05 4.30856154915372e-10 7.26637778329414e-10 9.06955521343776e-05 -6.94319173184392e-10 4.05817633073605e-05 1.54676101618813e-09 -5.13781477373925e-10 -1.18373463507668e-05 4.61441986034369e-11 8.57737972305471e-06 1.23110270076843e-10 1.23370177730173e-05 1.58755256306807e-12 1.83062058197671e-08 -4.31865667683222e-09 4.37661813327501e-08 -1.69477786872540e-08 -2.03927573308088e-09 5.77274444904474e-10 1.02497845161734e-04 1.56169717022160e-07 -1.87870018576527e-08 -5.28209167622687e-03 -1.31467594849962e-08 -1.59349450093818e-09 2.53676640778593e-04 2.13337819337668e-09 -6.08900406097552e-05 -1.98574169866128e-11 -3.97824062968617e-05 1.75182878430505e-09 5.64420717610686e-09 -1.47277903592368e-04 -2.39760005875730e-09 -8.25045761269456e-05 6.45171436163769e-09 2.16624194251771e-09 -2.86895735151930e-05 -2.05085107105195e-10 6.73401731961335e-06 -5.07444691354688e-10 1.56095616167882e-05 -8.19531212672102e-10
 -1.09295867249367e-03 -4.05716141038174e-05 2.08004777043837e-03 1.96552538966334e-04 8.28267293912022e-05 9.95870760433309e-04 3.29430978624029e-10 1.85215598114136e-03 -8.22115005438463e-03 1.95754825546122e-09 -2.15559620768438e-04 2.56411015773177e-03 -5.42904645234716e-09 -2.55270320334158e-04 -2.46965325988077e-09 -1.88371846470789e-06 -6.89282587194948e-10 -1.70247822923197e-04 -1.64807823647383e-04 -4.89118137789948e-09 5.69838939772805e-05 9.36479209346005e-10 -2.29698760428211e-04 4.41196552029240e-05 -2.36757664500241e-09 1.55481476227277e-05 -1.91767415151501e-10 1.04974465131841e-05 1.30645250136696e-10 2.60080124108810e-05 9.97198529127087e-04 -2.30556475227777e-04 1.75013500200798e-02 -3.96150006081844e-03 8.56078125852850e-04 1.08289636774155e-03 -1.75173482989994e-08 -5.77954071979333e-03 -1.84612707074121e-03 1.50280035757572e-07 1.76307753611669e-03 9.79318852630395e-04 -1.58003419893846e-08 1.55507475116854e-04 -1.53032191778362e-09 -3.44431090908447e-04 -2.35484813284223e-09 -2.79592803725756e-04 6.15271156076621e-05 -6.45132381131641e-09 -2.27089765193235e-04 -5.85167966272626e-09 -2.71325782954376e-04 9.66470417900065e-07 7.90377897959177e-10 2.16413589098630e-05 1.31505977374797e-09 1.08277261771302e-05 -1.12378535666958e-09 3.36982368994454e-04 2.74410467890821e-04 -2.38018535351356e-03 -8.03416446349039e-05 1.12957995074156e-05 -7.46675611848538e-05 -1.25322787091768e-10 5.75212221702315e-05 -9.96895214330019e-05 1.20004658756519e-09 -5.39771704591854e-05 -2.76408328914784e-10 -6.06787059000379e-06 7.83585042477191e-11 4.22021526884578e-06 -9.05464834892601e-04 1.07157542817925e-03 -1.44055678296468e-03 -3.95652248211644e-05 8.59803371779881e-06 1.82694955623671e-09 1.01664945531257e-04 -3.45842612656537e-05 5.16565501831937e-09 1.46912963630112e-05 -4.72074269205397e-11 1.97164016899929e-05 -2.23069422713277e-09 -3.29354545479876e-05 2.97763225704211e-04 1.13511460674436e-05 -2.95611994599521e-03 3.76730594086644e-04 1.29689770269497e-05 -1.17336872849799e-04 1.66141485200386e-09 3.60811383124077e-04 4.46066461630626e-03 -4.40089092744897e-08 -5.49956909841242e-04 -7.41019709103371e-05 -1.66033119235981e-10 -6.90205956121419e-05 9.31015070225955e-11 3.19574700195902e-05 5.42503476863081e-10 6.14931280447677e-06 -1.33232063408495e-04 3.81509927330507e-10 8.05925997996028e-05 4.87433892515424e-11 1.14883955867984e-05 2.37091631439509e-05 -3.21154269588616e-10 -1.50956653175035e-05 -2.97739569289853e-10 -1.12632576939346e-05 -1.70881485267748e-10 -3.19467514329338e-05 -3.30476647658634e-04 -4.42567089700517e-05 1.21457067776953e-02 -2.31184958961561e-03 -3.04104705604386e-04 -2.53723968404518e-04 5.97746198597122e-10 7.24505628638195e-03 5.67110482444185e-03 1.91183024150165e-07 -5.80598132600519e-04 -1.47069521726202e-03 -3.88095609465514e-09 1.77169341387096e-04 1.28806063731130e-09 -9.92677554868636e-05 4.09943524746878e-11 -8.29136524821945e-05 2.98726843611596e-04 8.42091866397817e-09 -2.29967980322066e-04 6.37007556243948e-09 -1.98871712987224e-04 4.24338502817893e-07 2.01318805084643e-09 -4.48002401064841e-05 -6.41873186620480e-10 -1.46798552547150e-05 -4.85311124142614e-10 -8.00103053189466e-05
 -6.14001713642141e-03 1.66153233110575e-03 -1.19890859143245e-01 1.11540357013054e-02 -7.70253116253828e-03 4.57990547813946e-03 -1.92789163801390e-08 1.31797030221382e-01 -5.29323984399697e-02 -5.44245446677572e-08 -2.50494506586476e-02 2.09136273613679e-02 -3.40861341943503e-09 -1.69431881392070e-03 4.89458174369501e-09 1.84379746610406e-03 -8.56086686999259e-09 -2.14079477724804e-03 -3.21809863156019e-03 -1.37246103208138e-08 1.57806507958804e-03 6.75633744965273e-09 -3.26983879147693e-03 -1.43832967560657e-05 -9.56209727032485e-09 5.58662346463415e-05 -3.51022078137677e-09 -2.14109341743070e-04 -6.53348284898721e-09 9.33043091335065e-04 -1.20890916624161e-03 -1.10269083487243e-03 1.44712303826226e-02 2.75664326782875e-02 -3.73086827750978e-03 -5.57670787992588e-03 9.42371252327719e-10 2.21579708660761e-02 5.63219164274423e-02 9.41825846141110e-08 -1.52745228542934e-02 -1.34520567106561e-02 -4.42908183964858e-09 -9.87994115720658e-04 -1.17201055126321e-08 2.25759636585396e-04 -6.45038644444550e-09 -1.82695734233179e-03 5.23584924486336e-04 -8.56563562749893e-09 -1.45890348492098e-03 -7.21683307838107e-09 -1.88760185146566e-03 -9.49078196031276e-04 -5.85238533242053e-09 -4.31735568516188e-04 -2.50073846019349e-09 -4.96947733918353e-06 1.75750664804868e-09 2.74410467890821e-04 3.33454502832352e-02 -1.77753214892376e-01 5.24039366398225e-02 -3.81003625562236e-03 -3.18896444474312e-04 -8.79669997793294e-10 -2.73558318335419e-04 -1.23706720169214e-03 4.49263498034502e-09 -1.70294043781958e-04 -2.66155828502897e-09 1.30017177568564e-04 4.74021458244937e-09 -5.61721752078296e-04 -5.08088409269877e-03 5.59458325456088e-03 -9.70632689627561e-03 -8.10018013324086e-04 7.71878372911183e-04 8.70182149198924e-10 2.99788602898944e-04 1.15893386709324e-03 1.33787532460776e-09 -6.19605461238609e-04 1.87919629982559e-09 -1.13240162861295e-04 -3.81227294034392e-10 2.36123372753534e-04 5.90849128772667e-04 1.20606547024155e-04 -3.02556793536170e-02 7.82392535684114e-03 -6.87403271635123e-04 -1.32820710633715e-03 -9.51357928712437e-09 4.23222500580092e-02 2.90480783513974e-03 -1.19733192289389e-07 -8.29737972655887e-03 -2.91546789199163e-03 5.08260204175532e-09 -9.09340879102340e-04 1.48365292550395e-09 2.82506353141149e-04 2.32253799885481e-09 -7.22989155322703e-04 -2.54446151993065e-03 5.21930158788318e-09 5.79122949641206e-04 2.76195446611386e-09 -3.32012647453821e-03 1.11802752054872e-03 -3.72666994894619e-09 9.49130762336852e-06 1.28250980863241e-09 -2.12537616206866e-04 1.76252335551619e-09 4.37423834004664e-05 9.89267834062028e-04 2.76545232021391e-04 1.59010839159164e-02 -7.36616539459503e-04 3.75453796496333e-04 1.43786982646434e-03 -5.33359789133279e-09 -1.85690893143651e-03 -6.31401587205830e-02 1.67152187079487e-07 3.65317522925073e-03 -8.49520951082700e-04 -7.14528035567948e-09 -6.52193952283011e-04 3.65982526304614e-09 4.48853443159403e-04 6.38462343499869e-10 4.30119688789421e-04 -6.48812875756870e-04 -3.68025789064672e-09 1.09558704089378e-03 2.87993545841587e-09 1.57367286683592e-03 1.53960289955365e-04 3.11285929462230e-09 1.48327215375048e-04 -8.22355394542829e-11 1.07946411516145e-04 -1.31174092790248e-09 4.02402944639430e-04
 -6.05452846530441e-03 -1.23335898051525e-02 6.11383825014592e-01 3.62960740848397e-02 1.03406613161538e-01 2.01453824992579e-02 8.72021934262463e-08 -1.00933109295473e+00 3.14212845093648e-02 -1.47883143237523e-07 2.70909214671970e-01 -5.99258014066989e-02 2.08576927025984e-08 3.96644535850303e-03 -8.38079350656045e-08 -6.63114153343194e-03 2.24697692335773e-08 3.57641637274790e-02 1.98898804133887e-02 6.28670691554563e-08 -5.95900484238096e-03 -8.42851682522440e-08 2.78726560325723e-02 1.58727469681067e-03 2.44810906279828e-08 1.69547374660312e-03 4.53157744928288e-08 3.16036020606698e-04 7.94274441454754e-08 -9.82965203828728e-04 -6.07375383325467e-03 3.74681506010116e-03 -2.12088065102474e-01 -1.95608751553421e-01 -9.36665465150402e-03 -2.31790227698255e-03 6.24751463165432e-08 1.40246309956991e-01 -2.43311274772621e-01 4.99207266560413e-08 1.55316438625891e-02 -8.89693729390907e-04 3.55357637348244e-08 -1.19998189976609e-03 1.11906020035843e-08 -1.00028671547714e-03 3.04817327696758e-08 1.25781080071458e-02 -3.19157887713065e-03 2.62622654224262e-08 5.72608878633339e-03 -1.46411949574515e-08 4.73757378141961e-03 8.79823263812633e-03 1.76920243463570e-08 2.06125576450443e-03 -7.92508643109237e-09 2.56523956881878e-04 2.36603667612738e-08 -2.38018535351356e-03 -1.77753214892376e-01 1.35542643610530e+00 -3.18290704498623e-01 2.65287104325737e-02 -4.45876048270665e-04 -4.69708884813756e-09 2.71740832596678e-02 6.05931245790095e-03 -4.22814281225125e-08 -1.93358378017307e-04 5.63319918218837e-09 -1.64316992632140e-03 -4.85124194170367e-08 5.91186254923471e-03 1.23445733141818e-02 1.52418899936861e-01 3.91636855045617e-02 1.33223691788958e-03 -4.84514962399758e-03 -4.52337836482818e-09 -8.62367485655287e-03 -4.14901842437004e-03 -2.18482541018858e-08 3.95585016739869e-03 -2.47110072456364e-09 -1.53575821290402e-04 2.23533366657414e-08 -2.78229446777126e-04 -2.97853170585164e-03 1.49085603579617e-03 -1.16558198164086e-01 -9.08083858233550e-03 -1.08821881899288e-02 6.51973879473638e-03 1.13268447046613e-08 3.49996176097588e-01 -1.87208288436529e-02 9.35701218924326e-09 4.77780764551163e-02 -1.95051592711495e-02 -3.67910364830159e-08 -1.19829736087474e-03 1.14531562505757e-08 1.92537809029663e-03 -9.61043666384592e-09 3.95132007684397e-03 -1.48742094180808e-03 -4.70672756399926e-08 1.69045520393202e-03 2.09340591101905e-09 1.53988298160554e-02 -3.52157188966371e-03 2.65232212769720e-08 -1.82413624694407e-03 -1.05223283069912e-08 9.45750769539162e-04 1.73210864674055e-08 -3.14203232694760e-03 -2.83377693951692e-03 8.29266463800355e-04 -2.91889822824318e-02 4.05588741057696e-02 -1.00490327408933e-03 1.25632309329048e-03 -4.23153409177801e-09 -4.91638624424875e-03 1.00571806228590e-02 6.76316315024057e-08 -1.75727043934505e-02 2.60208126300746e-02 2.09393334067849e-09 8.34096301598948e-04 1.69262693075887e-09 -2.09797105167771e-04 -2.07261939122001e-09 1.45382800960426e-03 -4.81204677268566e-03 -7.59280528013513e-09 -1.40645855019930e-03 2.66697436154415e-09 1.04283368791840e-03 4.47650982683430e-04 1.02475800127957e-09 -2.97104629847521e-04 -8.63664598673479e-11 -2.56040022739067e-04 1.18347224338934e-08 5.80958636554682e-04
 -2.47800783073114e-03 3.72077536348538e-03 -2.45091486160664e-01 -1.17409117490403e-03 -2.39107025376904e-02 -3.32597446447841e-05 -1.28160304194729e-08 2.46512463900383e-01 7.98018145316836e-04 -2.83302793686543e-08 -5.68052367884671e-02 1.28755804318334e-02 1.39113722408133e-10 1.48244453059748e-03 1.96755758561246e-08 2.51353533745746e-03 -4.49421533280658e-09 -3.20213598137976e-03 -2.97207338859815e-03 -1.02349341235624e-08 5.51467825832668e-04 2.29480612478575e-08 9.43293466729660e-04 6.08980167275122e-04 -2.48070221668649e-09 -4.42823272819166e-04 -1.52664005913150e-08 -2.38417742172031e-04 -2.45056640105546e-08 1.43529790271527e-03 -2.50811415567888e-05 -7.95748382138878e-04 8.05328639842851e-03 4.28269906579031e-02 -8.84760107943973e-04 -2.45994529194722e-03 9.91117538985857e-09 3.09700672245863e-02 3.14260994436163e-02 -8.53961632366723e-08 -2.25870296842497e-02 5.60949885106481e-03 6.20779367505505e-09 2.67292896813702e-03 -1.07798699822796e-08 2.97096865022187e-04 8.28461338005849e-10 6.08156234305427e-04 2.31904648154128e-03 -7.92326240206995e-09 -2.70468811474043e-03 7.25914288024404e-10 6.05608436988638e-03 -3.05233334863326e-03 -8.13600822691453e-09 -5.20044257936367e-04 -1.20267493599808e-09 -7.15755300282713e-05 8.66489037889428e-09 -8.03416446349039e-05 5.24039366398225e-02 -3.18290704498623e-01 1.05648401351184e-01 -7.92712242509593e-03 -1.54537508129417e-04 9.47880911692924e-10 -5.14184785221215e-03 -2.51744489192569e-03 1.17559072104294e-08 -1.37436295464306e-04 -2.38836880626497e-09 3.41668535292205e-04 1.22101526655062e-08 -1.63142792240430e-03 -1.17100504370256e-02 3.61633552352768e-02 -8.31723675606250e-03 -7.86877254804038e-04 1.28159869542454e-03 -2.14676100795947e-09 2.15713181269770e-03 2.33444224373859e-03 -4.04489468469766e-09 -1.14709578512075e-03 4.95166561943380e-09 -1.39570765993359e-04 4.28737364597284e-09 6.17861296104249e-05 3.60881014725264e-04 3.40395414713380e-04 6.51063713546315e-02 1.08485602978049e-02 -3.15788270896765e-03 -1.14005283029830e-03 -3.20711526367035e-08 9.16321394600635e-02 -5.02151171124657e-02 -2.66924507986912e-08 -7.32601237591501e-03 -1.79044846825820e-03 1.38696321522627e-09 -7.58793044152985e-04 1.84958691609531e-09 3.49479969156178e-05 -6.52030334958481e-09 -1.67711401966523e-03 -3.14079964015971e-03 1.69871410823842e-08 8.50112604705256e-05 1.58984066220202e-08 -6.00598418646225e-03 1.76952131809395e-03 -6.87658210886899e-09 2.06671144217079e-04 1.06397434514884e-08 -1.98715545658420e-04 6.04141773510079e-09 5.51237805847278e-04 5.40247654308622e-04 2.52464210979910e-04 3.99394184452411e-02 -1.15077805374014e-03 3.59720593724143e-03 -2.58394865584783e-04 -1.47574273748168e-08 -8.54546771396103e-02 8.82054013676927e-03 -6.80096173883507e-08 -1.24932219400034e-04 -5.83334179558116e-04 -6.63807826458999e-09 -6.89017275567967e-04 -2.55829819915252e-12 2.87886234475135e-04 2.85173125993697e-09 -2.69849461075190e-04 -2.08671626849213e-04 -7.37322798120202e-09 1.18858873063448e-03 -1.00969106268664e-08 8.65012639298180e-04 -5.72498354385228e-05 2.15826017992692e-09 2.98053394131449e-04 2.58269176605250e-09 -7.65867194897078e-05 -3.70689180559158e-09 1.28655091120494e-04
 -3.04022836984226e-04 -2.85573065629398e-04 1.52119060763842e-02 1.33031503345382e-03 2.42992040750060e-03 6.90743193745308e-04 1.52383443073895e-09 -2.20360968811757e-02 -3.14365869193111e-03 -1.84219016155382e-08 5.80520088821111e-03 1.54770235751389e-04 2.15301763596519e-09 -2.07073154735010e-04 -2.25365706331868e-09 -1.21526764564877e-04 -8.61728479074229e-11 4.07133219456876e-04 2.43290546936218e-04 2.53510161411471e-10 -1.92920313308628e-05 -2.79439383264036e-09 -2.32964856262217e-05 -4.27015392719711e-05 -1.86692473775149e-10 4.98045572959737e-05 1.54855545640635e-09 1.17051942611564e-05 2.45406265435394e-09 -3.84885018402629e-05 1.75916467952185e-05 2.34682922337323e-05 -1.74548490280476e-03 -3.17689092474540e-03 -1.83472334166408e-04 -4.78289226681739e-06 3.30950947393126e-10 -7.74046489164044e-04 -1.84778375287914e-03 -3.17379838898766e-09 9.27850196865792e-04 -8.82960754950986e-04 1.22913161028038e-09 -2.14401291895515e-04 4.38617117760038e-10 -2.22031067241585e-05 1.91822538685816e-10 4.64361217902892e-05 -1.46780847496863e-04 5.11694384375191e-10 1.55531843350328e-04 2.47485057193187e-11 -4.47330580036402e-04 2.52356766623188e-04 4.75162698522345e-10 3.63396286836211e-05 8.30939331267198e-11 1.48308928226279e-05 -3.42272333533524e-10 1.12957995074156e-05 -3.81003625562236e-03 2.65287104325737e-02 -7.92712242509593e-03 6.36540701334108e-04 -9.50140868735306e-06 -3.13999883888787e-10 5.85800780244600e-04 1.51263055999868e-04 -1.51024732371171e-09 -4.97360477897119e-06 1.09082251510575e-10 -3.93354785192970e-05 -1.20295754174987e-09 1.47818445707106e-04 9.28404742437972e-04 -1.13167233803183e-03 8.03033682515982e-04 5.00558630425897e-05 -9.82872722532154e-05 6.11233837047446e-12 -2.52141520383440e-04 -1.54299837891194e-04 -1.29102194044440e-10 9.16834772038223e-05 -2.83795296095224e-10 7.39514576129707e-06 -9.41708096150293e-11 3.02379915856551e-06 1.78417971676279e-04 1.61743902814734e-05 -6.88378660698307e-03 -1.71712844486916e-04 8.70028495691906e-05 -2.12093720021056e-05 2.74613359741866e-09 -1.88169630984450e-03 7.03758044003440e-03 -2.19587913484128e-08 4.19852275998970e-04 -3.39287613897945e-04 7.28051193756937e-10 -2.72887258696222e-05 7.87813649204076e-11 4.95293814118898e-05 7.01451064786029e-10 1.55646062063789e-04 3.71651079538995e-05 -6.05979811932298e-10 8.87686501297070e-05 -7.36357043223073e-10 5.14261608361430e-04 -1.20392232505745e-04 1.83989111201521e-10 -3.69400966916034e-05 -7.22931900813751e-10 7.44603335432458e-06 -2.23270880258553e-10 -8.73339461100222e-05 -9.46756712467965e-05 3.11175905100130e-06 -9.46875453235074e-04 2.48559026151691e-04 -2.18086091031646e-04 8.00506965443991e-05 5.67327217680893e-10 3.93765665015331e-03 -2.30017157367991e-03 8.41788334471316e-10 -5.99897727986730e-05 1.81662660606482e-04 9.94311187933349e-10 2.33309230102449e-05 -4.91811740419542e-12 -3.11307581986528e-06 -2.74666446109563e-10 3.23020423688143e-05 -8.78787175951201e-05 -9.27854188023534e-11 -5.55997350817887e-05 4.13358934770091e-10 -5.30850883152842e-05 -3.02632843168029e-06 -4.38729719371176e-11 -1.86782971300756e-05 -9.71338296896069e-11 5.89917192170434e-06 2.38967494783570e-10 8.85050987224350e-06
 -8.17658542694470e-05 1.17118077741769e-04 -2.69238967882361e-03 -7.58276860065652e-04 -3.46626325499204e-04 -9.85233751784131e-04 2.08278903029758e-09 -1.28458274540483e-03 8.73729177347416e-03 -5.85134238723507e-09 -6.10749920624695e-04 -2.12169929351222e-03 4.64158830848295e-10 1.36555814631743e-04 -1.86867603860355e-10 1.16519565010816e-05 8.75061425089958e-10 -7.38750050490402e-05 4.72429756607587e-05 -3.81484971336448e-10 5.14541714733056e-05 1.43771375880113e-10 -1.58887619137732e-05 -1.17263213516197e-04 5.97255799958117e-10 -4.64693565957564e-05 -6.15219263280677e-10 6.80321776247349e-06 -7.09236595480865e-10 1.18350192064584e-05 1.64469638006329e-04 6.37542779474783e-05 -2.66487359716485e-03 2.09275467208838e-03 -4.34542946537554e-04 2.97073050503451e-04 5.59545610188281e-10 5.78632777640166e-03 -4.50494581672467e-03 9.65276343239759e-09 -1.21986230491149e-03 1.35775811889411e-03 -7.22509978147382e-10 9.57293010456485e-05 -6.67903381628010e-10 6.95531431795145e-05 4.41263401380018e-10 1.45683472302973e-04 1.95741932793077e-04 -5.99346995651645e-10 6.55223523436646e-06 -2.82256685781479e-10 1.46689203258383e-04 3.33584187222966e-05 3.24755951445186e-10 2.37581418017453e-05 -3.68356012288683e-10 -7.92648735519351e-06 2.03235165806427e-09 -7.46675611848538e-05 -3.18896444474312e-04 -4.45876048270665e-04 -1.54537508129417e-04 -9.50140868735306e-06 1.10939350460067e-04 -3.11414865872454e-12 -2.20587309923102e-04 1.26733623806581e-04 3.13217795059544e-11 6.73964836317885e-05 1.56830785071539e-10 9.72822725940498e-06 1.14256265865086e-10 -9.90233804088789e-06 -7.54696866331651e-04 4.53316406555067e-03 -1.30868188011222e-03 -9.62527342630449e-05 -6.21490759196494e-05 -3.33260614817388e-10 2.30795099537338e-05 -9.46320528042523e-05 -5.34733658648747e-10 3.07034402855349e-05 1.69720652380578e-10 -6.41040523820982e-06 1.00838632707152e-09 2.36557881198031e-05 -1.02574627001142e-04 -2.54165136696598e-05 2.04648079905301e-03 -2.73222816637647e-04 1.78604436112001e-04 1.48677150062796e-05 4.40052450154224e-10 -7.82050675416149e-03 -3.88179551635841e-04 -9.96352186964543e-09 2.95053483922431e-04 1.56445190157030e-04 -2.46674824398208e-11 9.75577519006478e-05 -6.67736795495619e-11 -4.50385534459932e-05 1.27700651271481e-10 3.87211647036407e-05 2.30644220970823e-04 8.83626850495029e-10 -7.17980685924093e-05 3.81406328225995e-10 1.26908105180365e-04 -6.61108237160609e-05 -3.17770649711214e-10 2.11993843499834e-05 1.05092047061824e-10 9.74105942882543e-06 -2.02980963272196e-10 3.40187365191115e-05 5.37962011916483e-05 4.11876979755913e-06 -6.65777059032054e-05 -1.14272935250522e-04 3.59081343530685e-05 3.00025442651380e-06 -3.52374356519077e-10 8.77543179738590e-04 -1.19358939938522e-03 1.55229507768928e-08 -2.84028271592567e-04 1.17909279424694e-04 -4.15491791118437e-10 1.16909589681575e-05 2.58042042441116e-10 3.52705890204417e-06 3.78507356789955e-11 4.76667532081163e-05 6.56950842078514e-05 7.82269930433977e-12 3.11382994569382e-05 8.84159781092161e-10 1.88412643933076e-04 5.00782222603907e-05 3.10082838863892e-10 9.65568071995433e-06 -4.26140588445359e-11 -6.76446443470439e-06 3.86708312665664e-10 3.98674922905138e-06
 2.44153270886501e-09 -2.20778440790741e-09 4.39971390495765e-09 -4.61510160351237e-09 -1.59950641431718e-10 2.96631985013819e-09 -2.88460125027237e-04 5.13042158444829e-09 9.75005101963518e-09 6.40726144274019e-03 -3.48948683106259e-09 -2.96412108346639e-09 -6.48849344074357e-04 1.58791064256496e-09 1.55300784429579e-04 -1.09085463367131e-09 1.14630852317105e-04 -5.32245241591467e-10 1.53786830364289e-09 2.99660942372780e-04 -6.87632381049309e-10 2.97940789459038e-04 5.67713744937253e-10 -2.98742071950736e-10 7.06582065580163e-05 -7.89688224888409e-10 -4.93889082544866e-05 -7.90333632984101e-10 -4.47859342049248e-05 -1.07589731103537e-09 -1.09404675200554e-09 9.12361789590964e-10 -1.11033986370491e-08 5.08882400468391e-09 9.30278603273643e-10 1.75812081847320e-09 -4.95852665706263e-06 -7.61298492373200e-09 -8.46768608944326e-09 1.40210104499217e-03 1.90972838100910e-09 2.92485971143402e-09 -3.47297489913018e-04 2.31793953103648e-10 6.57576513136277e-05 2.76350813480820e-11 -3.00076844574541e-05 1.79804221451715e-10 -1.63214270565860e-10 9.50427613298132e-05 -5.48211470284212e-10 -7.44666807460163e-05 4.49872582726265e-10 -3.18467519089783e-10 -2.01651139447184e-05 1.02185850923272e-10 -2.81967102314548e-05 1.43228814876872e-10 -3.18180894267684e-05 -1.25322787091768e-10 -8.79669997793294e-10 -4.69708884813756e-09 9.47880911692924e-10 -3.13999883888787e-10 -3.11414865872454e-12 6.23572563969961e-05 -6.29899660737419e-10 4.65348569389328e-10 1.76797382941798e-04 1.84508626655615e-10 1.90208878592281e-06 -9.42546576189540e-11 4.07927480629081e-05 -2.23032729406345e-10 6.79379236876700e-10 -9.61639604208560e-09 2.57525163701218e-09 2.46814299951063e-10 1.02514419823722e-10 1.22776003666877e-05 6.25430819572887e-10 3.51601782705317e-10 7.18108061763451e-05 -6.05791488294041e-11 4.04489703480598e-06 -1.30984469423864e-11 -1.33035906825503e-05 -1.04141941829355e-10 -4.00359580779138e-09 2.00217760884823e-09 -1.77068172991346e-09 1.30987628101776e-09 6.15958650895304e-10 3.31101752395304e-09 -1.83686852137676e-04 -1.47653994570055e-09 -1.12835382220230e-08 8.05442981774589e-03 1.12274440975732e-09 1.03509734228560e-09 -3.59277256386122e-04 9.01871946860114e-11 -8.66957631696462e-05 -7.65352747668865e-10 -6.02863120588662e-05 5.38758251814231e-11 -4.83439378732341e-10 -2.08278034011987e-04 1.53176077805487e-09 -1.28519347429799e-04 -3.96727430045742e-11 6.59879921814155e-12 4.27055336483689e-05 9.60489431766931e-11 -1.65129209690364e-05 -8.70333420933947e-11 -2.70746286208462e-05 3.52483879348420e-10 -7.08723894008977e-10 -5.67219743623173e-10 9.71435524434771e-09 -2.81408334221692e-09 6.60555040528665e-10 4.91941347133531e-10 -1.18076416266496e-05 -2.92467345780350e-09 5.27150666690521e-09 -1.74414912767189e-04 -6.65483450911669e-10 -1.39680501109247e-09 -1.08499942658791e-04 7.55496256328362e-11 8.48539650711373e-06 -7.01078167707316e-11 5.24641495562485e-06 -6.40571919090218e-11 7.63640126295055e-11 7.83082000952413e-06 2.77132209472338e-10 -7.41950624248141e-06 8.82387562629335e-11 7.46013241201320e-11 -2.49906103292638e-06 6.07829679257543e-11 -2.10124097763947e-06 -3.07135559173495e-11 -4.00865062106773e-06 -6.03054096736121e-11
 -4.17028069528171e-03 -4.20090020254154e-04 1.02056988628157e-02 5.32740845704828e-03 4.64791066396490e-03 3.66619890912549e-03 -4.71789013796478e-09 -2.00273130827463e-02 -2.72835684621661e-02 -1.13661433351719e-08 9.10338171996812e-03 6.32658095360388e-03 -2.98988719820599e-09 -8.37056325245868e-04 -4.09888891427985e-09 1.22552775794284e-04 -2.50910561012392e-09 1.19282929623469e-03 -1.84141119951983e-04 -1.29998006661883e-09 3.11137794138058e-04 -3.63174406513180e-09 -2.03771844432429e-04 6.08037055350696e-05 -3.11919046002172e-09 1.91884936117793e-04 2.92187472472755e-09 -5.40189775322781e-05 4.48341143642251e-09 1.47945187621880e-04 -6.72168947547711e-04 -3.15212115772111e-04 -1.82975219217461e-03 -3.07190562111982e-03 -2.00473392828062e-03 -2.89208468655728e-03 1.16640154273962e-09 1.02661779821500e-02 1.53862902541504e-02 7.05318428005637e-08 -3.21605267381524e-03 -8.10711552315310e-03 -2.86380040967330e-09 -8.81623773618229e-04 -3.99872489342651e-09 -4.03779149352663e-05 -2.29343885787821e-09 -1.49345277355173e-04 -2.78225882794768e-04 -1.84153069910300e-09 -1.03005725688462e-04 -5.00312061716659e-09 -1.23456832088202e-03 2.87717540142513e-04 -1.38524045804066e-09 -5.70597879426365e-05 -1.33505320350519e-09 2.94533182777210e-05 -1.45702146903808e-09 5.75212221702315e-05 -2.73558318335419e-04 2.71740832596678e-02 -5.14184785221215e-03 5.85800780244600e-04 -2.20587309923102e-04 -6.29899660737419e-10 1.97492423167271e-03 -3.94411872145786e-05 -1.12267843376853e-09 -1.08729111022575e-04 -7.20233282259696e-10 -7.19371939181277e-05 -1.79779248079491e-09 2.38422077433332e-04 1.09944616506892e-04 5.77678242920213e-03 -8.56470332739770e-04 -1.75143128650677e-04 3.34189979447904e-05 1.02976134608508e-09 -6.79039876465617e-04 1.45463303606666e-04 1.13839384171907e-09 6.93938581786819e-06 2.50383514450545e-10 -3.70528374991667e-05 -5.48317339077641e-10 8.27904513010022e-05 1.42259921648438e-04 9.40079416532580e-05 -2.85774906314935e-02 1.94967778385354e-03 -5.08032461532650e-04 -1.14461521997543e-04 1.89406559549838e-10 2.77869524221634e-02 6.33134988058477e-03 -3.28162596407802e-08 -6.01327387546889e-04 -2.12830253720025e-03 -4.94731122010703e-10 -4.09196793368077e-04 9.24191524873392e-10 2.30206374004359e-04 1.23192144852351e-09 5.46435303325647e-05 -9.29516550392085e-04 -3.12255168433746e-09 3.47792572110512e-04 -1.17406911477399e-09 -6.36364466605040e-05 1.43898357881508e-04 8.57360899453199e-10 -1.21739084840643e-04 -1.44533393199503e-09 -2.40260801032953e-05 9.15109413133926e-10 -2.19494985629834e-04 2.79669061237921e-04 1.46063433806931e-04 8.59763084639502e-04 2.03905987467704e-03 -1.83081605347417e-04 6.99703433408089e-04 -1.61596558301118e-09 1.67675801296170e-03 -2.64011031016731e-02 1.01683291790774e-07 8.48443441613870e-04 1.05761222673975e-03 -3.35641129660412e-09 -2.26920056144397e-04 1.84290409616369e-09 1.73553982120917e-04 4.23485500399908e-10 2.35745560450575e-04 -6.82429143518314e-04 -3.05087659859096e-10 2.92808951194984e-04 1.34795815470148e-09 4.26907013021764e-04 2.64240734752195e-05 1.07820340920645e-09 2.06408113431669e-05 -2.29957708881788e-10 4.68933422996667e-05 -4.12972739590405e-10 2.05504745001189e-04
 -5.18421766253150e-04 8.43268613469018e-05 5.48747007339404e-03 -1.79649532738647e-03 -5.33007880038657e-05 -1.60397204901915e-03 -1.54476666764560e-10 -4.13196902630938e-03 1.10925648693814e-02 4.30785754924786e-08 -4.50178325119335e-04 -3.84520932861434e-03 -5.38371091203763e-09 1.74551687604968e-04 1.50718822967868e-10 -5.35653643008076e-05 1.71759369664016e-09 6.34046332554816e-05 1.25927479153567e-05 9.79584654846704e-10 1.77147542769356e-04 1.69393032770280e-09 2.71333111440123e-05 -1.18453640048416e-04 1.02258858598402e-09 -3.36200584226860e-05 -6.82416693280345e-10 8.64045645607032e-06 -8.15221943947463e-10 -2.24563618576458e-05 6.24196120425556e-04 1.00469408536610e-04 -4.67574751721037e-03 1.54126152962784e-03 -4.46501769728509e-04 1.55847046527378e-04 3.59100330515145e-10 6.58568904250522e-03 -5.23837979748131e-03 4.63671467050778e-08 -5.74312287273800e-04 1.00178578896179e-03 -5.06545204814821e-09 -3.44370604830795e-06 -7.61320379847247e-10 8.32174161128152e-05 -3.54015063427216e-10 2.32153421654359e-05 1.95046200917238e-04 -8.95857160568461e-10 3.36108224582535e-05 -1.88870668474539e-09 -6.90610866844045e-05 8.93691429228137e-05 7.50652878422797e-10 3.94413528174485e-05 -1.04899371866209e-09 -1.44247607953736e-05 1.81172703520262e-09 -9.96895214330019e-05 -1.23706720169214e-03 6.05931245790095e-03 -2.51744489192569e-03 1.51263055999868e-04 1.26733623806581e-04 4.65348569389328e-10 -3.94411872145786e-05 2.62206884725228e-04 1.20494629229161e-09 8.64250071858610e-05 2.05455978165196e-10 1.03236847082949e-05 2.02669012579426e-10 2.63400500807949e-05 -8.14797623438041e-04 3.31610206204145e-03 -1.49782638117748e-03 -9.42603918726896e-05 -9.50243779016933e-05 -3.37106969918032e-11 8.89929606869646e-05 -1.41297342495674e-04 4.21712305354284e-10 4.86313090410621e-05 2.81525475636026e-12 -7.93660447935319e-06 9.27065038479659e-10 2.07096379425862e-05 -3.11051936559169e-04 -9.00959358301438e-05 -5.68697716022440e-03 -7.73601617460248e-04 3.24078777535452e-04 2.61106303969360e-04 -9.12027146629759e-10 -1.12584643776329e-02 -6.61900065204422e-03 4.51411795754278e-08 5.70477328613347e-04 2.53023857732357e-04 -2.86149250747961e-09 1.73779462160226e-04 -3.03301251907104e-10 -9.22167862115102e-05 1.80658043099638e-10 2.06814463573759e-05 4.64835169667463e-04 -1.93892789166996e-09 -1.72946253624123e-04 -1.19078441709106e-09 9.45557745858478e-05 -8.83176000084793e-05 7.52317697650778e-10 2.83882766971826e-05 -6.36470183483791e-10 2.14807350685377e-05 -4.09858983627249e-10 6.63371651339947e-05 -8.15415807882620e-05 1.64719040615820e-05 -9.69123802534987e-04 1.96524543263991e-04 -6.32577645950549e-05 7.72169264507546e-05 -5.79495748228783e-10 5.21116869607640e-03 -4.65161650062313e-03 4.80107644086667e-08 -1.65775070274546e-04 1.81731443427841e-04 -2.70526092342241e-09 1.83398049927552e-05 7.57606119035662e-10 8.84696671639353e-06 1.24262078747290e-10 9.35576774477224e-05 7.90430534876799e-05 5.35552192144159e-10 4.96866390176354e-05 1.83068032005686e-09 3.19452656002998e-04 8.26313515601718e-05 4.49105878695381e-10 6.68115323404348e-06 -1.51775175259414e-10 -1.72298698967714e-06 5.94823887405985e-10 1.65366416934184e-05
 1.02597583415207e-08 -6.17214751560309e-09 -1.89644116945386e-08 -5.79887137833135e-09 -1.78794467839366e-10 9.91094386083891e-09 -7.85976657133177e-04 2.96569855811965e-08 7.76561745951599e-09 1.83399592703619e-02 -1.16054207806801e-08 8.82065220542023e-10 -2.02600683694522e-03 3.71841304318031e-09 3.66339248137415e-04 -2.69742621581007e-09 3.31388023011579e-04 -1.70279230540112e-09 4.46068653393906e-09 7.40221181658697e-04 -1.81628582787612e-09 8.62027364467199e-04 -1.85549705570470e-09 -9.39007870107402e-10 1.77093763190115e-04 -2.11654358657580e-09 -1.54229218385209e-04 -2.21815335745186e-09 -1.47681202805848e-04 -2.79709351556605e-09 -8.12912130818384e-09 3.75517575435920e-09 -1.43204102334748e-09 1.39428897238820e-08 -1.60991226230295e-09 2.84272674922432e-09 -2.39763304658166e-04 -4.78163243638588e-09 -1.86523113980385e-08 8.75916584465337e-03 9.99358823139112e-10 9.41593900409949e-09 -1.43123072428402e-03 6.04510390289440e-10 5.31961530251037e-05 -8.59493698959987e-10 -1.70974127470476e-04 9.07763414577914e-10 3.35539840090489e-09 2.86863448108541e-05 -2.30789986905547e-09 -4.28607129236883e-04 -1.42477433535413e-09 -2.03477036532207e-09 -1.87611454381441e-06 7.97124797166158e-10 -1.14769308094332e-04 8.40395083302076e-10 -1.21681728696966e-04 1.20004658756519e-09 4.49263498034502e-09 -4.22814281225125e-08 1.17559072104294e-08 -1.51024732371171e-09 3.13217795059544e-11 1.76797382941798e-04 -1.12267843376853e-09 1.20494629229161e-09 5.38287449471085e-04 5.96933992291308e-10 1.96027410848220e-06 -1.66785687162317e-10 1.22433835514047e-04 -6.71322035829163e-10 5.18708080052054e-11 -4.79916466802932e-10 -2.28215815050253e-09 1.87068883702863e-10 7.72703177065436e-10 8.26299940384428e-05 -5.61251362273617e-10 -3.40785484114292e-10 3.20789566614736e-04 -3.61296866274948e-10 9.02318291843537e-06 -1.57670894283272e-10 -6.71008908546797e-05 -9.05235743447998e-11 1.24167201796111e-09 5.53838032038406e-09 6.53370397300266e-09 4.96700739860509e-09 1.85115812665662e-09 7.98746328946705e-09 -4.97432828607763e-04 1.02939926610026e-08 -5.35940252943124e-09 2.15639314528045e-02 1.80418790836666e-09 1.88346725602675e-09 -1.05467160262889e-03 -1.06414775380027e-10 -2.37941257041755e-04 -1.87097392763093e-09 -1.66192811710635e-04 2.39927205042706e-10 -2.55756470019307e-09 -5.72187247460851e-04 4.65687051553605e-09 -3.34973859126402e-04 -5.16067810523387e-10 1.92239072202465e-10 1.09369683671486e-04 1.46327404309862e-10 -4.69963290737242e-05 -2.73306047920569e-10 -7.50240440032404e-05 7.97201759271810e-10 -1.13762234135840e-08 3.47310954469354e-09 2.08812608402624e-08 -1.67865557044856e-09 1.09788348831239e-09 -1.30782713429296e-09 -1.46981242572799e-04 1.23516787260040e-10 9.01629884697423e-09 5.82476745499128e-03 -1.85907052235924e-09 -4.36556027061744e-09 -5.40946128906441e-04 2.33060963169330e-10 9.06033026371634e-05 -9.95865835029412e-10 5.85306229721399e-05 -1.35853469699649e-10 2.29030872991865e-10 1.90778761963787e-04 2.39799072840434e-09 8.04876889090608e-05 1.36305884727489e-09 4.61834839366092e-10 2.81691435523835e-05 3.72862084001342e-10 -1.26188742455822e-05 1.44265257573456e-10 -2.73241368082745e-05 4.90303858104438e-10
 -3.66177398256449e-04 5.33104863561451e-05 -1.78618405552833e-04 -9.42450020197981e-04 -2.59575484437303e-04 -6.98493816655046e-04 2.48958655708862e-10 -1.48186910107200e-04 5.41205809247636e-03 1.63160473823781e-08 -5.34199309908665e-04 -1.37998382794502e-03 -2.10320989889980e-09 8.49413533836472e-05 2.95202147599252e-10 -1.64505878115290e-05 8.16103046307820e-10 -4.83780964741093e-05 6.40471261516827e-06 5.30952729280123e-10 3.73995468123027e-05 9.38133190716681e-10 -3.82877419665419e-05 -7.80709269491308e-05 5.25430336404772e-10 -2.68196054685643e-05 -5.04836857057180e-10 2.40881337471617e-06 -5.76919663481092e-10 -1.68552754725325e-05 2.80712504544108e-04 2.41985827106138e-05 -1.79341122631289e-03 1.58840387777135e-03 -3.89389527221384e-04 -4.55505448408520e-05 4.24932515867996e-10 4.26434515184879e-03 -1.39856927016840e-03 1.88723950628963e-08 -1.01507509658019e-03 3.52282920191991e-04 -2.10146272641911e-09 1.61451803734965e-05 -6.90227264337674e-10 4.86506149219425e-05 -9.98427080987377e-11 8.74431657113976e-05 1.25830749816117e-04 -4.46284466990403e-10 -9.61859708525430e-06 -8.72924179980425e-10 5.99510327064002e-05 1.35009942643428e-05 8.29292209191677e-11 1.08081898544424e-05 -4.89823818806871e-10 -5.32590956874384e-06 9.17944125966625e-10 -5.39771704591854e-05 -1.70294043781958e-04 -1.93358378017307e-04 -1.37436295464306e-04 -4.97360477897119e-06 6.73964836317885e-05 1.84508626655615e-10 -1.08729111022575e-04 8.64250071858610e-05 5.96933992291308e-10 4.49999329190680e-05 8.96921858523828e-11 7.98597489504274e-06 1.85398601578985e-10 -6.70218095656579e-06 -5.22218480354482e-04 3.21752048567985e-03 -9.55743984421888e-04 -7.55264974068829e-05 -2.71544154037015e-05 -4.94075107782598e-11 -4.47493575067527e-06 -3.86402686178277e-05 6.95635414349747e-11 9.31706759005879e-06 1.45698459419679e-10 -6.28958232461122e-06 5.19855178399803e-10 2.05166998026508e-05 -2.23885574577424e-04 -2.65073594660489e-05 1.13172522929857e-03 -3.25925118231218e-04 1.40962857194618e-04 4.11784384038258e-05 -1.72889782384231e-10 -5.23649904216228e-03 -1.24090473296441e-03 1.64976915963502e-08 2.18255656249766e-04 1.71531631268167e-04 -1.15379146295238e-09 7.34455786724927e-05 -2.47537843765638e-10 -3.71483149138349e-05 -1.06723732064015e-10 1.33566520383108e-05 1.63956031838667e-04 -1.99550460036908e-10 -6.80700155713638e-05 -1.58529010581507e-10 3.85075189724791e-05 -3.54880680763985e-05 3.28059914062315e-11 1.57568407083215e-05 -3.61991407643750e-11 8.56658128116257e-06 -2.09308128883011e-10 2.84377881411739e-05 1.80029960177751e-05 1.27927546532307e-05 -4.47007199814011e-05 5.32156045873505e-05 4.05756319866116e-05 4.01874437820043e-05 -6.00311885857623e-10 -1.02020586546656e-04 -2.24228846350305e-03 2.06982033103165e-08 -1.11619549896144e-04 1.33833877861150e-04 -1.12789004177724e-09 -1.42596291218172e-05 3.59902195171601e-10 1.56170461514150e-05 1.64718168072881e-10 4.04799417139495e-05 -5.32908646779786e-06 1.07662422253035e-10 4.81794006350559e-05 5.23928458904880e-10 1.44890388007722e-04 3.07971435838026e-05 2.50222105191900e-10 9.88339499358439e-06 -2.25590645749918e-11 -1.43345061881000e-06 1.35330842987002e-10 1.58426098304169e-05
 4.66816398580998e-09 7.42533361447895e-11 4.27973545453903e-09 -2.97395745950495e-09 -1.00361340148941e-09 -2.18502321916057e-09 -1.17540265968609e-05 -5.16037145407682e-09 2.02141407123731e-08 1.79321356631338e-04 -6.86893665717369e-10 -5.84881563854233e-09 -2.51403565130710e-06 6.18349327927442e-10 1.15952510856135e-05 -1.71053551140326e-10 2.90485507339330e-06 -2.10540875296960e-10 3.48919420796279e-10 1.92817563403573e-05 -1.31547440955348e-10 7.48465703447502e-06 6.44317292660748e-10 -9.52466095222069e-11 4.30972655315728e-06 -1.20797092286761e-10 -1.90039285247956e-07 2.07543747491338e-12 5.53202723004652e-07 -1.23949884595161e-10 -2.57712092346889e-09 1.27789353772156e-10 -1.38512905136638e-08 2.91051642950956e-09 1.05164694252435e-09 1.29142879474828e-09 2.07735284727754e-05 -3.82622202019038e-09 -1.11542832109681e-08 -4.00738800772518e-04 1.12692483057264e-09 3.17025243050962e-09 3.08064418261853e-05 4.15669373585325e-10 1.43585097508512e-05 2.08961071402829e-10 7.04791301681811e-06 1.55703979903546e-10 -2.03081312086665e-11 2.52216773804277e-05 3.42334669429826e-11 1.78905063667454e-05 7.59108171771934e-10 1.00333304480867e-10 -5.74157955778736e-06 4.07773338239806e-11 2.36849649810302e-06 -3.18437118754726e-11 1.94699250826224e-06 -2.76408328914784e-10 -2.66155828502897e-09 5.63319918218837e-09 -2.38836880626497e-09 1.09082251510575e-10 1.56830785071539e-10 1.90208878592281e-06 -7.20233282259696e-10 2.05455978165196e-10 1.96027410848220e-06 8.96921858523828e-11 3.76250505847453e-07 3.69609535193987e-12 6.16030367330206e-07 -3.72539275462124e-11 8.70847071103583e-10 -6.95347295220296e-09 2.99653218444598e-09 2.22985254803657e-10 -1.45443739642140e-10 -4.05883469853375e-06 5.66806519410675e-10 1.73087839423075e-11 -8.67399709643392e-06 6.71702693277085e-11 3.50058621886926e-07 2.78084047667446e-11 2.31817450673341e-06 -6.57920474646805e-11 3.31260589226158e-09 3.35219768692455e-11 9.50569256593472e-09 -1.41953139527108e-09 3.02106097206233e-10 3.92559459847249e-10 -7.76890215653268e-06 -1.65544117733723e-08 -5.76170663114684e-09 3.63634271315140e-04 1.05743442731801e-09 9.64387137879734e-10 -7.61815295506120e-06 2.75493326719542e-10 -3.37331513130196e-06 -1.62534483064597e-10 -2.27770493548290e-06 4.65465598815659e-11 6.79529221215639e-10 -8.05243654203291e-06 -1.62320406452535e-10 -6.64665905327308e-06 3.51648353518905e-10 -1.72690916828450e-10 2.38831297179378e-06 6.20217458008641e-11 -4.87161193657286e-07 2.38060137562046e-11 -9.87066195867610e-07 1.12595414440515e-10 5.76743525129892e-10 -4.72720637268016e-10 8.87905131264019e-09 -9.77367300037166e-10 2.81825926934826e-10 2.11258922008907e-10 1.01626158273382e-05 -4.46005710924747e-09 5.46680027458220e-09 -5.91171558213608e-04 -5.49721812692078e-10 -1.75332321220253e-10 1.83215180015533e-05 4.71068723174248e-11 -5.91048651020017e-06 3.74810512375248e-11 -3.88723922768400e-06 -4.82051569647834e-11 7.20276643169083e-11 -1.53896399518740e-05 -1.58263636334035e-10 -9.63844438826056e-06 -1.31490125395431e-10 -1.87408407300005e-11 -3.34463199659282e-06 -2.29540967330903e-11 5.53471818482819e-07 -4.20607769546195e-11 1.35723101464907e-06 -1.17533477615457e-10
 3.86885309663410e-04 8.48645559435119e-06 6.49092849818618e-04 -4.92371869299056e-04 -2.95076583413065e-04 -2.85944643365843e-04 7.45659016067914e-10 2.05930028653358e-03 1.32260087263515e-03 -1.12570509070622e-08 -6.78545145967300e-04 -4.41185400765226e-04 7.17017968478893e-10 5.05621653089364e-05 -2.72583265666897e-10 -2.26871933742097e-05 -1.78351455500839e-10 -4.68459251602230e-05 -8.69241276396734e-06 -9.01343497749354e-10 -1.07981691060737e-05 -3.66667977301380e-10 -2.20300111127603e-06 -3.52830372673681e-06 -1.09261502245996e-10 -8.24003600755292e-06 -1.03313620407851e-10 3.34597111039501e-07 -2.32385494659414e-10 -2.66395070824004e-05 -2.87389181915417e-05 6.02000703809486e-06 2.54360114315076e-04 1.84506785440151e-04 1.54843878199288e-05 -1.31798893342689e-05 -6.36381313624024e-10 3.23426163185244e-04 3.16109362798211e-05 9.74377612735897e-09 -8.38524271896299e-06 4.56006649722496e-05 -4.75911527662723e-10 4.80758691241312e-06 -4.63854844907086e-10 1.66032889190681e-06 -1.76271717086423e-10 -2.93905588314870e-05 1.12496958924629e-05 -7.71384349783979e-10 -1.30042675984978e-06 -3.36901629575441e-10 1.25559148670562e-05 -1.41060288574746e-05 1.46579476723518e-10 4.35390434680783e-07 -3.75684923041575e-11 -4.25068476383125e-06 6.52638097990125e-11 -6.06787059000379e-06 1.30017177568564e-04 -1.64316992632140e-03 3.41668535292205e-04 -3.93354785192970e-05 9.72822725940498e-06 -9.42546576189540e-11 -7.19371939181277e-05 1.03236847082949e-05 -1.66785687162317e-10 7.98597489504274e-06 3.69609535193987e-12 6.88224273272054e-06 2.64618073850750e-11 -1.39366609523446e-05 -1.54013671620632e-04 1.25516227427167e-04 -2.23039615748065e-04 -1.28386190942278e-05 3.71035591125549e-06 9.74844557156145e-11 3.47000129271485e-05 5.12955473886544e-06 1.24307966172845e-10 -6.03731819445562e-06 -6.20348318100050e-12 -1.33942851205401e-06 -2.03331084482060e-11 5.13964693102828e-07 7.67262870550058e-05 -1.43648863596957e-05 1.35026682936144e-03 -2.68872975957762e-04 3.85786412466481e-05 4.48090853173056e-05 3.17919203909117e-10 -1.11119635657120e-03 -1.73518573086449e-03 -1.76952833869239e-08 7.20911641585112e-05 1.86765905209074e-04 6.38000801276759e-10 3.06094478569494e-05 2.12280895079610e-10 -2.03014594335378e-05 4.90378343057044e-11 -2.01756324137982e-05 5.80031455595631e-05 4.75951362396661e-10 -4.12143744126117e-05 3.83035851085307e-10 -5.83543341882539e-05 4.22242741082012e-06 -2.72953549087780e-11 8.67493018749125e-06 7.65325131595490e-11 3.43368659167969e-06 4.51318385057013e-11 1.99489739661954e-05 -2.30823653214468e-05 -1.45694517726958e-06 -2.09956636769754e-04 -2.08911878067820e-05 -1.31593709393386e-06 -1.41405005922183e-06 -1.10349951017495e-10 6.51951539742795e-04 -2.87904934905394e-04 1.60628207309128e-08 2.22314451507905e-05 -2.53745958871977e-05 -4.05793953172564e-10 2.36472153501572e-06 1.51210503882647e-10 -5.60812931649563e-07 8.41128649167769e-11 4.87926203961496e-06 2.33367292791045e-05 4.38192704207513e-10 4.75158617833903e-06 3.92290058761650e-10 3.16153338184623e-05 8.00025265498584e-06 9.95910839964907e-11 1.26910861326897e-06 -3.43076630514813e-11 2.87435972690178e-07 4.37073781749948e-12 -3.81522538573559e-08
 3.20367902544144e-09 -8.78581795375758e-10 -2.32530885007973e-08 -3.26307984644245e-09 -4.58511235599844e-09 -6.89182602988874e-10 -1.82870105006688e-04 3.74553271343006e-08 2.01095567696727e-08 4.22331481395630e-03 -1.21620593886340e-08 -4.63848235097283e-09 -4.58574211326061e-04 1.58647674821619e-09 8.80546141096989e-05 -4.85634994588969e-10 7.61572419193127e-05 -1.38013513760942e-09 9.21365151517450e-10 1.76010177706855e-04 -4.47602703699373e-10 1.98071982369879e-04 -1.18690400916766e-10 -1.46153223585615e-10 4.19696106885632e-05 -6.19044937002010e-10 -3.49082186667175e-05 -4.99814443038157e-10 -3.30872184016939e-05 -6.42422472342779e-10 -2.22051570292316e-09 1.10911430333183e-09 -1.41203735737488e-08 9.67499068760306e-09 1.86199787002529e-09 2.23605617885170e-09 -4.45549608195014e-05 -1.48363655014842e-08 -1.17139011393763e-08 1.79282751472386e-03 3.05551838175670e-09 6.35983922491323e-09 -3.08929419091919e-04 7.47561954886253e-10 1.86296271502718e-05 5.50099381434301e-11 -3.53519688290937e-05 -1.94735573425111e-10 8.55838277936476e-10 1.81040471124658e-05 -5.99601874818436e-10 -8.85196770969425e-05 4.29362478908912e-10 -7.43022777020700e-10 -3.07050706489728e-06 1.86456657704810e-10 -2.48197696328049e-05 1.60545006083881e-10 -2.65747174020465e-05 7.83585042477191e-11 4.74021458244937e-09 -4.85124194170367e-08 1.22101526655062e-08 -1.20295754174987e-09 1.14256265865086e-10 4.07927480629081e-05 -1.79779248079491e-09 2.02669012579426e-10 1.22433835514047e-04 1.85398601578985e-10 6.16030367330206e-07 2.64618073850750e-11 2.79261045343018e-05 -3.93814029171948e-10 1.47566598484977e-09 -1.96607761254434e-08 3.93950122924158e-09 4.39270803802085e-10 1.99643321078809e-10 1.67843537296692e-05 9.21435003094386e-10 7.17161096062598e-11 6.84264271318835e-05 -1.52426648279361e-10 2.19856125304049e-06 -4.25820034926031e-12 -1.40807842310926e-05 -1.38811451088904e-10 7.00378223063701e-10 1.19218929446725e-09 1.65957904822112e-08 -3.28567421157946e-11 6.05342867476679e-10 2.08002765280555e-09 -1.15887857607227e-04 -1.10271995852792e-08 -1.50216905801299e-08 5.03616716438057e-03 2.08733122882279e-10 1.89058511598294e-09 -2.41627162097871e-04 2.30745618262111e-10 -5.52755626713074e-05 -6.13963539252161e-10 -3.85716982234857e-05 -1.42123314984050e-10 1.79521001663688e-11 -1.32896009946097e-04 7.94876734672870e-10 -7.86918366766388e-05 -5.68029418914480e-10 7.28075009509351e-11 2.57936298270726e-05 1.41155629564057e-10 -1.08350326898739e-05 -6.90336211654708e-11 -1.73933622446812e-05 4.05317984026766e-10 -4.87762516863425e-09 5.27686605173086e-10 1.20422977934459e-08 -1.37802115806711e-09 5.65661452911646e-10 -2.91185085282710e-10 -2.84991386693588e-05 -1.95547924129402e-09 1.11228224411018e-08 1.04253144407740e-03 -1.52802476283322e-10 -1.77110545036893e-09 -1.13683954122199e-04 1.07492558508840e-10 1.77308694818338e-05 -2.52101820794473e-10 1.14225027805061e-05 -1.61265627513598e-10 3.69302619723263e-10 3.59776660795971e-05 4.62662257662525e-10 1.37284182799081e-05 1.33664465800482e-10 7.42193638862754e-11 4.81788497965500e-06 6.93755633092481e-11 -2.59382917737200e-06 6.83788229887181e-12 -5.54332068314651e-06 -2.86735223807373e-11
 -1.16729250399706e-03 -5.51533883393035e-05 1.45428865293379e-03 1.23174004272029e-03 8.34314305639237e-04 4.52832622156916e-04 4.18518119260302e-10 -5.74828496014537e-03 -2.57666762640024e-03 -1.63884959703470e-08 1.82528157909492e-03 6.04077109226515e-04 1.47942562288208e-09 -1.23244602581886e-04 -1.00460670280787e-09 2.60553056218236e-05 -3.44250316614459e-10 1.42757455453472e-04 2.68264983026366e-05 -6.59755304004214e-10 4.13731147819295e-05 -1.25323010562576e-09 -5.74192030394008e-05 -1.48930411215707e-05 -3.96920004335824e-10 2.10933409246496e-05 5.49742274315759e-10 -1.78071363704005e-06 8.24809463595187e-10 3.36483754371651e-05 5.08446208546048e-05 -6.14163755304791e-06 -1.01973693557237e-03 -5.44165678350883e-04 -1.79583669252897e-04 -8.66127833819097e-05 3.16244108477349e-10 6.26261066058029e-04 -1.67320214558350e-05 6.43486055436732e-10 -8.08769585565196e-05 -5.15818339378523e-04 6.92130674952247e-10 -9.56058768091625e-05 -2.55361132070275e-10 6.26209938710857e-06 -5.33061288129509e-13 -1.87844808555186e-05 -4.18749234675749e-05 -2.51819203847974e-10 2.98541969300668e-05 -1.60156236817978e-10 -2.06973005731536e-04 8.17460892380813e-05 1.56003217739000e-10 3.99978114205732e-06 -5.86365343926928e-11 5.71675660977664e-06 1.92893979680276e-10 4.22021526884578e-06 -5.61721752078296e-04 5.91186254923471e-03 -1.63142792240430e-03 1.47818445707106e-04 -9.90233804088789e-06 -2.23032729406345e-10 2.38422077433332e-04 2.63400500807949e-05 -6.71322035829163e-10 -6.70218095656579e-06 -3.72539275462124e-11 -1.39366609523446e-05 -3.93814029171948e-10 4.66895485100820e-05 2.30868723026715e-04 -2.06169755588622e-04 1.17602416277982e-04 1.11394260377370e-06 -2.67819635888306e-05 -3.24933784426286e-11 -8.68972049198863e-05 -3.77027114705513e-05 -1.68678283104851e-10 2.54044505377946e-05 -7.05279571188867e-11 -7.90455245881818e-07 7.86594125972522e-11 6.80182679915720e-06 4.46701515228032e-05 1.66431316700799e-05 -3.89883370542714e-03 2.82841018004926e-04 -2.34405228979127e-05 -5.89541089372003e-05 8.52149092695627e-10 1.38330748852479e-03 3.10347967197548e-03 -2.20350400465394e-08 -6.23373483166927e-05 -3.10256965180057e-04 7.66655032606844e-10 -4.81074850442682e-05 1.84900222477480e-10 3.52336246385702e-05 4.07552391701945e-10 4.62505128336873e-05 -7.90943356374879e-05 2.01622991436128e-10 6.59859095166031e-05 2.01247636329297e-11 1.26001202264287e-04 -1.67697634148969e-05 -1.45008592538857e-10 -1.72254999640559e-05 -1.90677840679923e-10 -4.30882173509004e-06 4.43551479804367e-11 -3.87014061566931e-05 -3.04613891668218e-05 7.74640425256163e-06 -1.42893445601312e-04 1.22456044406001e-04 -7.52717310010785e-05 7.01897987812663e-05 -6.49258140633646e-12 1.74526105398413e-03 -2.48896854934090e-03 6.75871914430188e-09 5.25459275570874e-05 8.62875857615305e-05 2.18727054894499e-10 -4.47657783796638e-06 1.18623352591276e-10 9.37421891626194e-06 -9.09202225603095e-11 2.80392967466303e-05 -4.25253973385785e-05 -1.69005814729745e-10 6.11844667179795e-06 3.26379392884911e-10 3.45253247866273e-05 7.39510058400897e-06 7.90859093823102e-11 -3.28174688446597e-06 -3.79722997090852e-11 4.29668490934505e-06 1.27469416859792e-10 1.31821265732681e-05
 -2.49707025705287e-03 -1.11553364770796e-03 2.21510590616481e-02 2.56639578700241e-02 4.31732285297749e-03 4.95729615156128e-03 -1.09793747312702e-08 -2.51617299045570e-02 -5.26217136049005e-02 -1.11630247906177e-08 1.64411978338586e-02 1.19256610673989e-02 -5.13564044438518e-09 -7.16591517650104e-04 -8.06319739595505e-09 2.10151413415375e-04 -3.63804506358501e-09 -1.57649826035755e-03 1.16051665087689e-03 -1.50697191512326e-09 -1.14476715911396e-03 -5.62977690816523e-09 -1.45475630572798e-03 8.96274165130942e-04 4.29878071512852e-09 4.12870756503562e-04 7.77876751604946e-09 1.19324809831100e-05 1.58430474290866e-09 -3.17414427506101e-04 -1.56459502652841e-03 1.59056007807163e-03 -1.27216397595429e-01 8.30110060410316e-03 9.53803752439311e-03 -2.66721863515233e-03 5.29208145328468e-08 -1.40962239601318e-01 4.24604693388776e-02 3.27879891869096e-07 2.61557775382407e-02 -1.62975069248561e-02 -2.83791447448941e-08 -1.63534320446837e-03 -1.34009921029575e-08 1.79962905393211e-03 -2.10187792401301e-08 -2.78199692288219e-03 -3.09945287429180e-03 -4.03626496805466e-08 1.70827194249865e-03 -2.53366068954474e-08 -3.72047332562930e-03 3.23999944823325e-04 2.87820487862353e-08 -6.45991513699976e-05 -1.67931751610819e-08 2.41280415251500e-04 -3.95771024774941e-08 -9.05464834892601e-04 -5.08088409269877e-03 1.23445733141818e-02 -1.17100504370256e-02 9.28404742437972e-04 -7.54696866331651e-04 6.79379236876700e-10 1.09944616506892e-04 -8.14797623438041e-04 5.18708080052054e-11 -5.22218480354482e-04 8.70847071103583e-10 -1.54013671620632e-04 1.47566598484977e-09 2.30868723026715e-04 3.53667433860561e-02 -1.92845972747081e-01 5.65973657624971e-02 4.09249398904894e-03 3.08872226935035e-04 5.35562170493630e-09 1.04544165452043e-03 5.43530524595073e-04 1.52710978448371e-08 -1.16925099457832e-04 -1.06139977178559e-08 2.37075180231917e-04 -1.29125207145612e-08 -6.15471382594558e-04 -6.69017927739423e-05 2.15811166357070e-04 1.37948626391616e-02 -2.21325427061611e-03 -1.75864275647369e-04 -1.15210290059935e-03 1.35195058670875e-08 3.61475220457945e-03 5.42518466354268e-02 -1.77241933838445e-07 -3.52400937254985e-03 1.33058156168809e-03 -8.31393125505101e-10 -5.60045476729881e-04 -4.48974451031701e-10 4.17594676704985e-04 8.80315129072041e-10 3.42368427519751e-04 -4.69245679434156e-04 4.31736526604233e-09 9.27843232812403e-04 4.34116082333479e-09 1.54744904980858e-03 -1.89972193861656e-04 -5.49728243857550e-09 -8.72791539873904e-05 1.11361154959181e-10 -1.90438270779159e-04 -1.41261373435350e-09 -3.37729980456423e-04 1.27090781036190e-03 1.44208022841710e-04 -1.59227263148007e-02 8.76353765580680e-03 1.46010292325592e-04 1.93673469668571e-03 -5.37031843028365e-08 -2.72691641535938e-02 -6.80294035616770e-03 5.31156353107826e-07 9.26226653841097e-03 1.85061424324488e-03 -4.17138138588497e-08 -7.84000835935837e-04 7.18250698091203e-09 2.49852865406110e-04 7.12375980513498e-09 -6.43362669347275e-04 -2.19375926236938e-03 -1.18868616453630e-08 3.21417820133965e-04 -2.39110534510098e-08 -3.28002819991498e-03 -1.02016967129501e-03 -8.42361451619656e-09 -1.33411814739921e-04 5.59046641431071e-09 2.00255864226705e-04 -4.02004675487863e-09 -6.93101326564669e-05
 -5.91568547180184e-03 3.77530736533891e-03 -2.10338301090478e-01 -1.67226250489309e-01 5.97624676289232e-03 1.26246913491446e-03 9.14868448413588e-08 -1.38415283595071e-01 2.40194492544699e-01 -7.37546278074375e-08 -1.31071997655376e-02 -9.67057207658144e-03 -4.44951137221711e-08 -1.61473137219509e-03 -5.04690245406886e-09 -1.23258421265903e-03 3.20243986735570e-08 1.22755539410271e-02 -5.38425401792932e-03 -2.25482259274347e-09 4.41848649969456e-03 2.62873736527319e-09 4.84172903166143e-03 -8.00649298632180e-03 -2.80769613570228e-08 -1.91492019491548e-03 -3.31566343480419e-08 -2.80542202121300e-04 1.73921982856424e-08 2.21374499863576e-03 -8.17026689516559e-03 -1.11342627897259e-02 6.10552366144799e-01 3.88257018164237e-02 -9.68473600979336e-02 -2.21359144472001e-02 -2.74297145813510e-07 1.00611793009912e+00 -2.61066539856553e-02 1.50879698391719e-07 -2.47364028011587e-01 3.74027622585247e-02 2.10837923701256e-09 4.55527612411071e-03 -6.06241475170947e-08 -6.27678964790844e-03 8.01287985941734e-08 3.57896206004046e-02 1.76010705091175e-02 1.26731353913991e-07 -8.27629671900587e-03 2.29109915165738e-08 3.16750766859922e-02 -2.55860074869568e-03 -1.75144707041831e-07 -1.03434110519042e-03 5.47433769676150e-08 -8.43936111801757e-04 1.82443964866547e-07 1.07157542817925e-03 5.59458325456088e-03 1.52418899936861e-01 3.61633552352768e-02 -1.13167233803183e-03 4.53316406555067e-03 -9.61639604208560e-09 5.77678242920213e-03 3.31610206204145e-03 -4.79916466802932e-10 3.21752048567985e-03 -6.95347295220296e-09 1.25516227427167e-04 -1.96607761254434e-08 -2.06169755588622e-04 -1.92845972747081e-01 1.35564200212818e+00 -3.31184228186755e-01 -2.66091827272451e-02 -1.99668463519183e-04 -6.16453406773035e-09 -2.21882276863532e-02 -1.00806137312833e-03 -5.22845042189401e-08 -1.89603365902465e-04 7.91111969735780e-08 -1.72843288279943e-03 7.30627624255963e-08 5.64161844356749e-03 -3.40111414622535e-03 1.10377813918653e-03 -3.10205392039578e-02 4.26530254627530e-02 -1.99631427213839e-04 -1.53213592119937e-03 -1.66530296502591e-08 3.93787824489818e-04 -5.45363922343363e-03 1.60457110957657e-07 1.89431199421130e-02 -2.66962369242228e-02 -1.60166279872864e-08 7.24643873921878e-04 -3.43890722571209e-09 -2.85472879912762e-04 -3.11402933048940e-09 1.72059080917852e-03 -4.40439269898537e-03 7.69655531772339e-09 -1.18521688792501e-03 -3.67507712245197e-09 6.52816735162423e-04 -2.86608052176903e-04 5.07448172275026e-09 -3.24376390784255e-04 2.52370139744634e-09 1.03955100837760e-03 5.77421374580573e-09 -6.27862667929376e-04 -2.52970721325757e-03 3.95783200595528e-04 -1.12208792300026e-01 -1.32629877298383e-02 1.04476958996314e-02 -8.43981881105033e-03 1.76824199959028e-07 -3.52421563734119e-01 1.76287963191963e-02 -1.27092125342233e-07 -5.36015674314164e-02 2.32211490739262e-02 1.06245648328225e-07 -1.22787900002853e-03 1.66420981437313e-09 1.45664118497728e-03 2.13716354189369e-08 3.67854490674696e-03 -1.29595160759426e-03 1.11899061044902e-07 3.04273068146764e-03 8.21725522285777e-08 1.48228266558019e-02 3.40953320824705e-03 5.35231816635431e-08 2.01319007742438e-03 -2.51807632799518e-08 -9.99049295783709e-04 -1.58271984876202e-08 2.80278938347141e-03
 -1.41335005494071e-04 -8.37911617983193e-04 1.09633794811148e-02 3.78550680932177e-02 2.72649039372443e-03 3.21317224740174e-03 -7.93489000125540e-09 -3.29280059091835e-02 -3.14269732942634e-02 -7.52833557465801e-08 2.39793420691176e-02 -3.07557986276501e-03 2.46809063489503e-08 2.75408086658259e-03 -4.12823659050251e-09 4.21996823321245e-04 -3.40896528434534e-09 7.80740270798608e-04 3.97130458254545e-03 1.04849880698976e-08 -2.37522242187401e-03 -6.17419528648604e-09 5.62574693840349e-03 2.80449752166703e-03 1.72170876332401e-08 4.91253155126666e-04 9.99899196289243e-09 5.92799636992470e-05 -4.78807564617033e-09 1.04827264465335e-04 -8.17880381741881e-04 3.49396085208021e-03 -2.50427596274045e-01 -3.12371990782823e-03 2.45262985948269e-02 2.58600915123021e-03 1.23687423810811e-07 -2.52192971114405e-01 -9.56757544811122e-03 -1.18702621005497e-07 5.40781481421261e-02 -4.77657946725502e-03 1.34230676691988e-08 1.38250060932647e-03 3.85711284573550e-09 2.38846041400879e-03 -1.67447601144357e-08 -3.82232648677305e-03 -3.11545559916184e-03 -4.40743934182275e-08 1.30007529927736e-03 -1.27460923639652e-08 -1.73720900508168e-04 -2.77635173911152e-04 5.14991277924821e-08 3.65368069906593e-04 -2.27831689532753e-08 4.00703478093031e-04 -5.27314911280192e-08 -1.44055678296468e-03 -9.70632689627561e-03 3.91636855045617e-02 -8.31723675606250e-03 8.03033682515982e-04 -1.30868188011222e-03 2.57525163701218e-09 -8.56470332739770e-04 -1.49782638117748e-03 -2.28215815050253e-09 -9.55743984421888e-04 2.99653218444598e-09 -2.23039615748065e-04 3.93950122924158e-09 1.17602416277982e-04 5.65973657624971e-02 -3.31184228186755e-01 1.09682351045420e-01 8.06895320442711e-03 1.83255801109590e-04 -6.20766142718048e-10 5.26803965408940e-03 1.39201718417996e-03 8.93637797372964e-09 -9.98562931960667e-05 -1.91132783614825e-08 4.53845111719765e-04 -1.34071904777125e-08 -1.65342169070733e-03 7.74822746884806e-04 3.24348992270397e-04 4.40303043170144e-02 -4.09089628587776e-03 -3.72635302149440e-03 5.79939302922996e-04 -5.10163944108918e-09 9.08925778311024e-02 -1.12805300749925e-02 -1.24360222224439e-07 1.44274115055531e-04 1.50686540124234e-03 -2.48014500918187e-09 -6.79909770806089e-04 3.64072039169726e-09 4.43212677182227e-04 -4.62874279095114e-09 -3.01512201117056e-04 -3.48740609437057e-04 4.90055531530500e-09 8.07096502495719e-04 1.39288099683523e-08 8.44655366170900e-04 1.51032523196255e-05 -3.55990104580286e-09 -1.19691558528487e-04 4.62583643809335e-09 -2.05049365421436e-04 4.40452043482614e-09 -1.67525124557030e-04 8.41284676624365e-05 4.43856892356289e-04 6.62065499100890e-02 1.42817590307849e-02 1.96734525735497e-03 2.08055733887118e-03 -8.71103434437007e-08 -7.14935436799126e-02 4.52149858607768e-02 2.45455111352155e-08 9.74340410010060e-03 9.42624805474906e-04 -4.34623997984743e-08 -6.21483010030580e-04 1.48559795266535e-10 -6.48436878545722e-05 1.51044160649465e-09 -1.59583293333463e-03 -2.75250286471751e-03 -4.48150660660487e-08 5.02823230133513e-05 -5.22290010809336e-08 -5.63850598504238e-03 -1.64047332156072e-03 -1.60937362154751e-08 -3.22540873669167e-04 1.30464768321808e-08 1.11615274498019e-04 -1.63774793771898e-09 -5.84588457502034e-04
 -7.52665706900525e-06 -1.83506079299955e-05 1.52244143045052e-03 2.66728562597528e-03 -6.59148098628005e-05 3.28794194152854e-05 -4.04600887211016e-10 -1.04196131518447e-03 -1.56335842029448e-03 -1.24755108517363e-09 9.25448059908080e-04 -7.22230507856243e-04 5.00080298499227e-10 2.24548769372443e-04 -6.85978785438239e-10 3.47125158693013e-05 -1.78931527244215e-10 -3.07086334671280e-05 2.60120510124725e-04 -4.62930184299625e-10 -1.32886170417343e-04 -2.84899266815030e-11 4.28985941030039e-04 2.33863249019234e-04 9.72071988672494e-10 3.04819427142246e-05 5.31297312553993e-10 1.26960476448599e-05 -6.72121256885233e-10 2.23838455254408e-05 3.36292525631788e-04 2.74746560038528e-04 -1.51914344949203e-02 -1.50470411675452e-03 2.37276536442550e-03 8.77189198251418e-04 4.89058172739760e-09 -2.19269744017523e-02 -3.96642957666608e-03 2.19927587346025e-08 5.45269389064951e-03 9.28058946490536e-04 -2.58720701460083e-09 2.06302860546671e-04 5.68256651175019e-10 1.08394292033439e-04 -1.60944239165697e-09 -4.17117880308278e-04 -2.33517099986334e-04 -4.61914246968690e-09 9.73045126017692e-05 -1.78229159626575e-09 -4.25825931560506e-05 -2.27243206956035e-05 4.44510550338786e-09 4.18330555935163e-05 -1.31152858199652e-09 2.57567894607061e-05 -3.90346355449186e-09 -3.95652248211644e-05 -8.10018013324086e-04 1.33223691788958e-03 -7.86877254804038e-04 5.00558630425897e-05 -9.62527342630449e-05 2.46814299951063e-10 -1.75143128650677e-04 -9.42603918726896e-05 1.87068883702863e-10 -7.55264974068829e-05 2.22985254803657e-10 -1.28386190942278e-05 4.39270803802085e-10 1.11394260377370e-06 4.09249398904894e-03 -2.66091827272451e-02 8.06895320442711e-03 6.33723356846515e-04 -6.77156993953553e-06 2.80959476713223e-10 5.34612862636145e-04 4.75478224816725e-05 1.76979204172835e-09 8.88069223097266e-06 -1.59532072890904e-09 4.32428749621725e-05 -1.45438635276572e-09 -1.47360437463186e-04 1.38929388248814e-04 2.61164453778025e-06 1.13619112514860e-03 -3.42678554221045e-04 -2.20772773739624e-04 1.00442630006925e-04 -4.27333711560968e-10 4.19029397112729e-03 -2.39623994694228e-03 -1.34220105058581e-08 -5.85012853327993e-05 2.07200911352512e-04 -2.86391939890213e-10 -2.25418258037150e-05 3.35132819287204e-10 1.27741441734988e-05 -1.09350356735555e-10 -3.29766796698821e-05 8.16696068097713e-05 1.26929376679918e-10 3.60095071279249e-05 8.16078929340856e-10 6.35363946147611e-05 -9.07929126402608e-06 -1.57727526358768e-10 -2.08916547423389e-06 1.77874849955923e-10 -1.57294371642849e-05 2.40086143699140e-10 6.18962625249977e-06 -5.51702058425625e-05 -9.60834893331379e-07 6.03364872554768e-03 4.15874123859659e-04 1.81978870931817e-05 2.00877129617226e-05 -5.78172386379186e-09 -7.21000060557493e-04 7.35913311647583e-03 3.84544716247784e-08 5.73560457711472e-04 -3.80130488776651e-04 -4.01970303246608e-09 4.07048714377931e-05 1.54701266994262e-10 -5.62077827004073e-05 2.57168857566184e-11 -1.52511322851033e-04 -6.71590234800412e-06 -1.20574319367522e-09 -1.01198577098494e-04 -2.15816969852563e-09 -4.83764768568047e-04 -1.10977618885211e-04 -9.16417037951197e-10 -4.15865195312635e-05 7.73602137665588e-10 1.26946550448927e-06 -7.94203885426530e-13 -9.03296322762472e-05
 -1.58764028025727e-04 -6.84072667935631e-05 2.63700133557622e-03 -2.01963869917644e-03 -4.03534692497054e-04 3.35331864806633e-04 -1.96843672880489e-09 5.80566249463256e-03 -4.62451928355450e-03 1.64892764571334e-08 -1.25327068035127e-03 1.54642451954084e-03 -3.94826360572348e-09 -1.08058812796659e-04 -9.97621112012965e-12 -6.52384205618856e-05 -4.30588861288060e-10 -1.72141392230788e-04 -1.85148091029038e-04 -5.68248965913931e-10 -1.37001367041191e-05 5.64146684574013e-10 -1.99837992656741e-04 3.10751234867456e-05 -5.51540555813551e-10 2.18427333241617e-05 1.06264932794428e-10 -7.84749083728288e-06 -2.93409309574298e-11 -7.90862632488081e-05 1.61424393290006e-04 -1.13364415378500e-04 2.31638199852622e-03 1.13309464231859e-03 -2.23041277378296e-04 -9.56334527892698e-04 -1.74876579525403e-09 -1.72308811827900e-03 9.04080926483377e-03 5.51962477895275e-08 -5.29158886644832e-04 -2.13872954126418e-03 -5.24227859075398e-09 -1.48066332345181e-04 -2.34868860084189e-09 -3.92127141591739e-06 -1.84931040771178e-09 5.75273783976382e-05 -7.48052294803553e-05 -2.41422130594089e-09 -6.13350999019226e-05 -2.87564504009543e-09 1.13257125795251e-05 -1.21458204600403e-04 -3.41743536019518e-10 -4.51924572036721e-05 -5.84973350173353e-10 6.30372041273259e-06 -2.79163266460252e-09 8.59803371779881e-06 7.71878372911183e-04 -4.84514962399758e-03 1.28159869542454e-03 -9.82872722532154e-05 -6.21490759196494e-05 1.02514419823722e-10 3.34189979447904e-05 -9.50243779016933e-05 7.72703177065436e-10 -2.71544154037015e-05 -1.45443739642140e-10 3.71035591125549e-06 1.99643321078809e-10 -2.67819635888306e-05 3.08872226935035e-04 -1.99668463519183e-04 1.83255801109590e-04 -6.77156993953553e-06 1.11952342607366e-04 1.01495312001422e-09 -1.33993759556094e-04 1.48136552890308e-04 1.95180873809266e-09 -7.65450145031944e-05 1.52042150174604e-10 -9.14618022735640e-07 -1.15899306810958e-09 1.44559825319782e-05 1.07250186844912e-05 -9.59238370238263e-06 -1.46356251124477e-04 -2.45013948556397e-05 5.78021019194376e-05 1.36773119974080e-05 3.65250257760493e-10 1.94624639140790e-04 -7.18784022902376e-04 3.48223694389383e-09 -2.81202930933903e-04 1.39782822803050e-04 -8.00521685938692e-10 -1.01995875039862e-05 -2.53141753538280e-11 -6.67463925803061e-06 -6.74988254410723e-11 -4.44925703283569e-05 -6.43126903011277e-05 -6.51686792718586e-10 -2.00972588154364e-05 -2.61897438374803e-10 -1.71318324276520e-04 4.97404095207324e-05 2.10536728343151e-10 2.18111793726574e-06 -1.75811660277684e-10 -9.43696890320520e-07 -7.98018680015573e-11 5.79059487354315e-06 9.99068241524759e-05 2.21500100984044e-05 -1.62288414258307e-03 3.89588884989240e-04 1.57882638395930e-04 4.48350161206545e-05 -2.13727878843825e-09 -7.85647881112902e-03 -8.31870200482007e-04 6.93562776182484e-08 3.27996142715301e-04 1.79849160716085e-04 -3.37567867054464e-09 -1.04882793927629e-04 8.38663050493767e-10 4.64198532959861e-05 1.10966088853932e-09 -3.53104968268742e-05 -2.29789216848919e-04 1.68359591059540e-09 8.07616328212403e-05 -7.91612317025769e-10 -1.48497512201109e-04 -6.64142902785721e-05 1.10634745271036e-10 1.52441808462545e-05 9.46826013884286e-11 9.82567664060743e-06 -1.05617995327455e-09 3.61607409215106e-05
 5.65846208359095e-10 -1.31371139125224e-09 3.49209831160130e-08 -6.51442982032276e-09 3.25466748063317e-11 1.40816111760829e-09 -1.56271547709539e-05 1.59603985392849e-08 -3.36000931724931e-08 1.48610343645231e-03 -5.04090085288563e-09 8.80152814841288e-09 -3.68454311156945e-04 -5.30075916380726e-10 -6.49641768960875e-05 -7.57441972387611e-10 3.08134617539722e-05 -6.31226515507971e-10 3.25631179173867e-10 -8.22780999025414e-05 -3.48061538397510e-10 8.10000237615377e-05 -4.04728216790199e-09 3.92080132275036e-10 -1.61018590711445e-05 1.94376787951136e-10 -2.80643231277452e-05 -8.44586971284419e-11 -3.55562831345877e-05 -7.05380129877361e-10 -2.64694757076646e-09 1.90673098759649e-09 3.25959484380569e-08 -8.07941256299252e-09 -2.21656760118312e-09 -5.00567598989657e-09 -2.92483617046621e-04 -2.45668371780228e-08 3.49774982242313e-08 6.45465012964696e-03 7.41385563125487e-09 -4.50395175620361e-09 -6.45132837898319e-04 -7.39852805675244e-10 -1.59140831805862e-04 -1.13902117423546e-09 -1.16845758862341e-04 4.37697857860836e-10 3.48114039885327e-09 -2.92267283047399e-04 -3.60224248052039e-10 -2.95542322262010e-04 -3.38064452325991e-09 -1.90611199510398e-09 6.74477133372827e-05 5.52765895414320e-10 -5.05297319801976e-05 5.95744780643152e-10 -4.69095784159589e-05 1.82694955623671e-09 8.70182149198924e-10 -4.52337836482818e-09 -2.14676100795947e-09 6.11233837047446e-12 -3.33260614817388e-10 1.22776003666877e-05 1.02976134608508e-09 -3.37106969918032e-11 8.26299940384428e-05 -4.94075107782598e-11 -4.05883469853375e-06 9.74844557156145e-11 1.67843537296692e-05 -3.24933784426286e-11 5.35562170493630e-09 -6.16453406773035e-09 -6.20766142718048e-10 2.80959476713223e-10 1.01495312001422e-09 6.41791004754813e-05 -3.00611302903901e-09 -1.30221586594967e-09 1.65493749123313e-04 -4.78472954581642e-10 -2.36147507145772e-06 -8.30860166839378e-11 -4.05676089298150e-05 8.16049100516605e-11 -9.39355490662900e-11 -1.26070029869789e-10 -1.46177849541292e-09 -1.98154048458581e-09 9.41256209139380e-10 1.57112557149494e-10 -5.99294143172412e-06 1.86478219678479e-09 2.75120569826117e-09 -5.73285419341507e-05 -4.73023409658486e-10 1.18431797774236e-09 -1.17281485468054e-04 -5.66808615452660e-11 -6.91620712380364e-06 -2.71452699294737e-11 -5.75702816180111e-06 -8.64507151406919e-11 -4.41873156095869e-10 -1.73346475830696e-05 1.44760885093128e-10 1.26780007677582e-05 -7.96875235185793e-10 1.67143535812014e-10 -6.71623486524645e-06 -9.99610000883881e-11 -3.48158682278369e-06 1.21231250490624e-11 -3.08495867607879e-06 -3.22029925957152e-11 -3.33707017358315e-09 6.38920787164806e-09 -4.34329577956235e-08 1.16145622979945e-08 -6.37243451163644e-10 -3.81095082055285e-09 -1.48919872789491e-04 -1.34516116729094e-08 2.01801466092865e-08 8.12727308862924e-03 2.20720970593260e-09 4.19818492227657e-10 -3.22709938408118e-04 -1.92472590883765e-10 8.76167076947331e-05 -1.04536068882406e-09 5.74163253872050e-05 -4.12252455894584e-10 -6.05658905703193e-10 2.19265672397350e-04 1.99042748813430e-09 1.29661402557102e-04 -3.09264298742750e-10 -1.32657013317869e-10 4.50407388500573e-05 2.54293780635751e-10 -9.01715503122393e-06 3.36510678593475e-10 -2.14005828658915e-05 7.91416631231083e-10
 1.16758097308523e-03 3.37795967073149e-04 -1.30377262364928e-03 3.95984752941546e-04 -2.18071520714025e-03 -2.52025652141996e-03 -2.53729844774244e-11 1.18773688703276e-02 1.46478036302804e-02 1.43310790363778e-09 -4.19402208842265e-03 -6.76548182370702e-03 9.79870029113013e-09 8.40935212144738e-04 4.30483378420262e-09 4.79963320093039e-05 4.62109426507932e-10 5.65370179232263e-05 2.55264156462816e-04 3.72251922169747e-09 6.93534702691858e-05 1.74748991617212e-09 1.13315576162166e-03 2.80129509867519e-04 2.70029161249617e-09 -5.94708459575499e-05 -7.01738165819082e-10 2.66881927470206e-05 -2.42375379920231e-09 8.46041618806996e-05 2.02359243250800e-03 3.48366170866325e-04 -9.14580485812708e-03 -3.67207666495628e-03 3.56949597640919e-03 2.93948918827917e-03 1.02209056957077e-08 -1.79525887699550e-02 -2.19414193137379e-02 -2.26520417663249e-07 7.04659953164490e-03 6.22423553720374e-03 1.92237758623229e-08 8.32697173348211e-04 1.07108550892619e-08 -1.14113626677804e-04 4.57315324885138e-09 -7.87389387737932e-04 2.91176899107738e-04 8.58467479587997e-09 -2.05945058823478e-04 1.11005496413429e-08 3.45552743233880e-04 -8.07097847005826e-05 2.26554072089407e-09 1.43562247319253e-04 1.85494993800392e-09 -1.03563202610127e-05 2.87660671415496e-09 1.01664945531257e-04 2.99788602898944e-04 -8.62367485655287e-03 2.15713181269770e-03 -2.52141520383440e-04 2.30795099537338e-05 6.25430819572887e-10 -6.79039876465617e-04 8.89929606869646e-05 -5.61251362273617e-10 -4.47493575067527e-06 5.66806519410675e-10 3.47000129271485e-05 9.21435003094386e-10 -8.68972049198863e-05 1.04544165452043e-03 -2.21882276863532e-02 5.26803965408940e-03 5.34612862636145e-04 -1.33993759556094e-04 -3.00611302903901e-09 1.33689590753871e-03 -7.25754355021674e-05 -4.69519491886368e-09 6.09560554040406e-05 -1.54424119765128e-09 4.32166141359618e-05 1.35188106191328e-09 -2.13017760868892e-04 2.24739236846706e-04 -1.28074420825894e-04 6.59361007999959e-06 -1.46147810789653e-03 -2.18568826215755e-04 6.63033839841157e-04 -5.80854371727368e-09 1.48346515737611e-03 -2.45610048938262e-02 7.58752619436513e-08 7.33187528317001e-04 8.70293348297002e-04 7.74043194536972e-10 2.03816102807295e-04 5.38355608637385e-10 -1.49343409481040e-04 -6.13023070592921e-10 -2.22745701056320e-04 6.08108287071983e-04 -1.66169635246125e-09 -2.87192923428796e-04 -5.15449533613260e-10 -4.16257817958445e-04 2.57636918041651e-05 1.66170169268561e-09 5.49099781655430e-05 3.13560470182792e-10 1.16290357516807e-05 5.82919999709341e-10 1.80846025942831e-04 -5.28129460068409e-04 -2.17523508792345e-05 2.18753360904904e-02 -1.48398213192467e-03 -1.90310839875550e-04 -2.36741009051620e-04 4.04332020652169e-09 1.58117676054293e-02 1.08487380556464e-02 -3.02248661856819e-07 -5.17492935893624e-04 -1.75836397298988e-03 9.98752657040592e-09 3.21795542942870e-04 -4.02632143273903e-09 -1.92269231123014e-04 -4.31825596171781e-09 -1.19650331434757e-04 6.72368938883835e-04 -8.41858538769724e-09 -2.72717412625483e-04 -2.01924744565229e-09 -3.07412261179220e-05 6.64542121447597e-05 -1.42519530517941e-09 -7.45310258612241e-05 7.12706853465797e-10 -3.53692559454938e-05 2.54750551417554e-09 -1.94595411984765e-04
 -7.18465285047943e-04 -1.03714631870869e-04 3.14906727282536e-03 -2.46140262780075e-03 -4.98981937528878e-04 3.09775117244744e-04 -4.76824468506382e-09 7.72491167296018e-03 -4.76096804241969e-03 2.70818323530702e-08 -9.98004409321291e-04 1.31336675829248e-03 3.13239716980985e-09 3.71893590034526e-05 4.21442754834306e-09 -9.32595915809278e-05 -5.99238592395740e-10 3.32775932886476e-05 -1.14452180306082e-04 6.19393920194029e-09 -7.24509527613882e-05 7.42743686342909e-10 9.70178576064174e-05 9.16195254795330e-05 1.12242551574934e-09 2.99315306003805e-05 6.74071079479327e-10 -1.82201924793978e-05 5.43078066302021e-10 -1.03058403677543e-04 3.84050454121635e-04 -1.23208200039819e-04 -2.83869655625869e-03 1.73185776942660e-03 -2.70189074161476e-04 -1.63067122103388e-03 1.28761910591396e-08 -1.01990943105887e-03 1.14048018512591e-02 -1.72320304589860e-07 -1.28836374170023e-03 -3.38583081615342e-03 1.60324189343068e-08 -1.29596312713491e-04 3.49011214560376e-09 2.39814535087671e-05 1.88655180283225e-09 1.01004279409468e-04 5.56506222640059e-07 8.80513379826555e-09 -1.83457769587597e-04 6.64161899092936e-09 1.78714700936168e-04 -1.78990843759487e-04 -2.84143757060501e-09 -4.34533209542473e-05 2.91690479116586e-10 1.28510685887045e-05 -2.01538538073854e-09 -3.45842612656537e-05 1.15893386709324e-03 -4.14901842437004e-03 2.33444224373859e-03 -1.54299837891194e-04 -9.46320528042523e-05 3.51601782705317e-10 1.45463303606666e-04 -1.41297342495674e-04 -3.40785484114292e-10 -3.86402686178277e-05 1.73087839423075e-11 5.12955473886544e-06 7.17161096062598e-11 -3.77027114705513e-05 5.43530524595073e-04 -1.00806137312833e-03 1.39201718417996e-03 4.75478224816725e-05 1.48136552890308e-04 -1.30221586594967e-09 -7.25754355021674e-05 2.83118326517648e-04 -3.60219954960759e-09 -1.11600803465522e-04 2.52378481823423e-10 -6.88408331912363e-06 3.33563112003147e-10 2.70452670747096e-06 2.67857900471882e-04 -5.51376962850240e-06 2.61302583525795e-03 -2.90070881941583e-04 -1.37801783138835e-04 1.23566595518764e-04 -2.35495061973372e-09 7.42852434252650e-03 -5.71742275527365e-03 9.09207059894836e-08 -5.74945329843675e-06 1.74582695169636e-04 -6.42835171352583e-10 -2.30017060871549e-05 -3.79885418294253e-10 -7.47223614487014e-06 -9.64948663169079e-10 -1.10586803956732e-04 -1.53694951466670e-04 -2.23867633439092e-09 -5.80872257439275e-05 -1.37276191250774e-09 -3.72563204756713e-04 1.03999042311813e-04 1.15766014479220e-09 -5.34094783861532e-07 5.86593880847587e-11 4.51882895655146e-06 1.84827515668209e-10 1.73791216554905e-05 -5.72118129405862e-04 8.13426560339201e-05 3.64431302391102e-03 1.06896662524252e-03 3.63267803267141e-04 2.03257271012138e-04 8.17839133524614e-10 -1.37113701662677e-02 -4.75600935750545e-03 -2.33031561012897e-07 4.16551919884959e-04 4.36611400866946e-04 6.34020771878543e-09 -1.84914353188058e-04 -2.16252505479378e-09 9.00030753478401e-05 -9.21048721161886e-10 -2.25238048751387e-05 -4.48586881230783e-04 -8.05385519702028e-09 1.95129923106810e-04 -7.02109498629376e-09 -8.82892363174944e-05 -8.40118298983552e-05 -1.54129683881114e-09 2.71518180356065e-05 7.78706676113247e-10 1.26390138731504e-05 -4.85523127480368e-10 7.37922965355547e-05
 4.07288469072312e-09 -3.54198241351567e-09 4.40164296022857e-08 -6.67065117973980e-09 4.69568802334300e-10 4.86330079286444e-09 -2.31303946474547e-04 2.30256576892403e-08 -5.49180800094681e-08 7.92895718388294e-03 -9.66221210571402e-09 1.59162649652873e-08 -1.33708584520479e-03 2.98443089091802e-11 -5.52915629313445e-05 -1.68776128796314e-09 1.52211315463123e-04 -2.33361549213207e-09 2.23009174314801e-09 -1.13060099471191e-06 -5.00091914561556e-10 3.97851753406484e-04 -9.10635951885530e-09 6.00314165930093e-10 7.81755613666502e-06 -2.19609355188860e-10 -1.01821052671590e-04 -6.49928541055709e-10 -1.17101196425154e-04 -1.54094807964530e-09 -2.80070687457195e-08 5.26934260039783e-09 6.21270996286039e-08 -1.46333768531252e-08 9.68909725937458e-10 -2.07772872158340e-09 -7.20085129870242e-04 -9.33904670007932e-08 1.84952293321892e-08 1.67560620040725e-02 2.62578875009106e-08 6.95230761458154e-09 -1.81335361223684e-03 6.35525046300313e-10 -3.45996140239068e-04 -3.30327552045494e-09 -3.06423068230581e-04 1.32477141556555e-10 1.05343460265658e-08 -6.52644463198462e-04 -2.74370980893885e-09 -7.74088530257981e-04 -8.28314025620793e-09 -4.48904845417540e-09 1.51796583440749e-04 1.91576866635499e-09 -1.42695698864015e-04 1.69424064897486e-09 -1.36247115535528e-04 5.16565501831937e-09 1.33787532460776e-09 -2.18482541018858e-08 -4.04489468469766e-09 -1.29102194044440e-10 -5.34733658648747e-10 7.18108061763451e-05 1.13839384171907e-09 4.21712305354284e-10 3.20789566614736e-04 6.95635414349747e-11 -8.67399709643392e-06 1.24307966172845e-10 6.84264271318835e-05 -1.68678283104851e-10 1.52710978448371e-08 -5.22845042189401e-08 8.93637797372964e-09 1.76979204172835e-09 1.95180873809266e-09 1.65493749123313e-04 -4.69519491886368e-09 -3.60219954960759e-09 4.53611328040544e-04 -8.02704959623867e-10 -3.08066118095310e-06 -7.50595824564577e-11 -1.08317345761587e-04 -2.32374425942084e-10 -5.74683963071416e-09 1.07144444191239e-09 -1.53952828961385e-08 -1.53099492591317e-09 2.67462113989626e-09 1.87261934234238e-09 -1.37590679380621e-04 -1.77728991274775e-08 2.35719439354156e-08 5.24870022177438e-03 -1.62118959457153e-09 1.92587434529526e-09 -5.27803993677420e-04 -1.34182471468401e-10 -7.49568568373284e-05 -4.75859607773015e-10 -5.44456732270967e-05 2.15162031303840e-10 -9.71803134848741e-10 -1.81838811766869e-04 1.78876537257285e-09 -5.49228335176153e-05 -4.84475926419735e-10 4.57152933228315e-11 1.21151568302392e-05 -1.86267650562999e-10 -1.95807984137979e-05 -1.02625958576079e-10 -2.56756137157180e-05 8.88675187982873e-11 -2.84983608590517e-08 1.53333823640447e-08 1.38122559042929e-08 1.68023405666956e-08 -1.62257354665943e-09 -9.09095280878915e-09 -3.72847079154543e-04 -9.80631522155424e-09 6.23216823468889e-08 1.98001907812712e-02 1.05234368130171e-09 -6.47891772898273e-09 -8.63437681728854e-04 3.83483825848841e-10 2.20393163526064e-04 -3.01991258411835e-09 1.44216187932653e-04 -1.25876711358536e-09 -2.84399628375071e-10 5.42577312584662e-04 4.41667054325286e-09 3.12786990481460e-04 -7.89774295137965e-10 -1.19044822673328e-10 1.08705806492485e-04 4.41398051915782e-10 -2.35035903302872e-05 6.83612199061381e-10 -5.51269580032705e-05 1.45298541031410e-09
 2.87651086950361e-04 2.49955107576624e-05 -1.67145120077118e-03 1.78907302272386e-03 4.40739027106223e-04 1.00535035735362e-05 1.19404826060494e-09 -4.91059518003906e-03 1.57205717963550e-03 -7.24589310192986e-09 1.21613272892168e-03 -5.41974105053775e-04 1.75113740017863e-09 1.95899791109963e-05 -2.32630936727019e-10 4.94039423417258e-05 2.93426982025338e-10 1.10067312014115e-04 1.27811645388580e-04 2.04626362674699e-10 -3.00583377335002e-06 -2.36774130449622e-10 8.95211427843964e-05 -1.76544268363215e-05 1.92950782563819e-10 -8.78773031139870e-06 -4.20543170319861e-11 6.01234439347384e-06 1.45374470939983e-10 5.83386368166128e-05 -4.64353399203804e-04 6.53031591823622e-05 -3.56832842102555e-04 -1.25181257823214e-03 1.98585507364079e-04 7.24312947113220e-04 -2.92815873818087e-10 3.45970402753737e-04 -6.00086600883908e-03 -2.20305156690729e-08 5.71782961836096e-04 1.43527334044904e-03 1.85390645316589e-09 8.39173670003387e-05 1.42262657760501e-09 -1.43234593260182e-05 9.81128920658062e-10 -5.57155624822464e-05 1.06228130529840e-05 1.06199764648777e-09 6.04580125665880e-05 1.30650602169449e-09 -6.07068012484241e-05 9.71799748298953e-05 3.24936038041920e-10 2.84366677915332e-05 4.56801153779861e-10 -2.80143251403678e-06 1.62886505737049e-09 1.46912963630112e-05 -6.19605461238609e-04 3.95585016739869e-03 -1.14709578512075e-03 9.16834772038223e-05 3.07034402855349e-05 -6.05791488294041e-11 6.93938581786819e-06 4.86313090410621e-05 -3.61296866274948e-10 9.31706759005879e-06 6.71702693277085e-11 -6.03731819445562e-06 -1.52426648279361e-10 2.54044505377946e-05 -1.16925099457832e-04 -1.89603365902465e-04 -9.98562931960667e-05 8.88069223097266e-06 -7.65450145031944e-05 -4.78472954581642e-10 6.09560554040406e-05 -1.11600803465522e-04 -8.02704959623867e-10 5.70705404691614e-05 -1.21101798479981e-10 2.45626465675266e-06 5.30131733430229e-10 -1.03601444895556e-05 -1.02095660462371e-04 1.71832034564601e-05 -3.83126116820917e-05 1.28509481531952e-04 -4.97191036602421e-05 -5.65494683607887e-05 -5.09567585927139e-11 3.00086618820986e-04 2.30310089943200e-03 -2.37604804502619e-09 1.08052292365900e-04 -1.50869548542249e-04 3.19271195076050e-10 -1.51039582093270e-05 -7.41425523791189e-11 1.90778458315994e-05 5.05925273696560e-11 4.43603090782830e-05 -1.64761336075488e-06 4.12334288196299e-10 4.48413370396777e-05 1.18581061611609e-10 1.56145145831832e-04 -3.57715180927687e-05 -2.36251046856300e-10 -6.79445815706283e-06 9.32776450423248e-11 -2.38347081689585e-06 5.78972297956014e-12 -1.84789267180690e-05 -3.59052342663920e-06 -2.44459219244132e-05 6.30811907906789e-04 -3.79395028885388e-04 -1.46879407197332e-04 -5.14588690362642e-05 1.47235993475121e-09 6.05531391734517e-03 1.26743782169500e-03 -2.84317225984427e-08 -2.16754847032431e-04 -1.79809061606957e-04 1.78246208409574e-09 8.28556329305154e-05 -4.08221594760009e-10 -3.87694226172999e-05 -6.42974729238904e-10 1.58684518628449e-05 1.75205654186751e-04 -3.20260469720071e-10 -7.92235072193899e-05 9.89261542585738e-10 6.14893955838932e-05 4.01260937775600e-05 1.97604449724195e-11 -1.41513378268120e-05 -1.41894846715080e-10 -6.31281520602816e-06 6.38836800544559e-10 -3.06732874899893e-05
 -1.21630617897072e-09 4.52648896398569e-13 -1.45116613106192e-08 -1.17973104565979e-08 -9.35738758792627e-11 1.51025935971648e-09 -2.08163267304333e-05 3.39353357533159e-10 4.88780177606412e-09 4.04134385790144e-04 -2.46709262644059e-09 3.27724232862392e-09 -2.97815101145143e-05 -3.37213619899228e-10 1.49588607408086e-05 -1.52779771208551e-10 7.01420443413281e-06 2.49014867609061e-10 -5.76607826858138e-10 2.66615424780032e-05 1.63480139708109e-10 1.81842298773389e-05 -1.13015660525679e-10 -4.97484660191453e-10 6.11795938956223e-06 -1.37067035402555e-10 -2.26595694939327e-06 -8.61105547848370e-11 -1.53797557873428e-06 -1.24203350979626e-11 -3.78024378360361e-09 -8.87232142103125e-10 3.87958877324720e-08 5.58716144693327e-09 -6.16585738075396e-09 -2.54184946884431e-09 1.45831361594092e-05 5.63016306467338e-08 1.37701933464073e-08 -2.24962036577148e-04 -1.59590484811809e-08 -1.11271674810448e-09 6.96142484494767e-06 -3.71147925090010e-11 1.30643303639110e-05 -2.60685309419695e-10 3.72574462606823e-06 2.27647938240933e-09 5.49812853598724e-10 2.20655273741936e-05 -4.65238633463160e-10 9.53103454147475e-06 2.01323659216942e-09 -2.66941685597111e-10 -4.95964738731562e-06 -1.93030932356200e-10 4.70706900439241e-07 -5.69375431985054e-11 1.42455123960024e-08 -4.72074269205397e-11 1.87919629982559e-09 -2.47110072456364e-09 4.95166561943380e-09 -2.83795296095224e-10 1.69720652380578e-10 4.04489703480598e-06 2.50383514450545e-10 2.81525475636026e-12 9.02318291843537e-06 1.45698459419679e-10 3.50058621886926e-07 -6.20348318100050e-12 2.19856125304049e-06 -7.05279571188867e-11 -1.06139977178559e-08 7.91111969735780e-08 -1.91132783614825e-08 -1.59532072890904e-09 1.52042150174604e-10 -2.36147507145772e-06 -1.54424119765128e-09 2.52378481823423e-10 -3.08066118095310e-06 -1.21101798479981e-10 4.23840825449262e-07 -9.99125357677768e-11 1.07733768968792e-06 3.70215572916443e-10 2.90356790229730e-10 2.57933410351449e-10 -9.54757883172918e-10 3.35729346989405e-09 1.03966742526594e-10 -9.06533457035336e-11 -1.34578901873906e-05 -8.60389330713279e-10 6.21230724077609e-09 6.06478297382335e-04 2.82310201632359e-10 -1.56461184808141e-09 -2.09253173666016e-05 -4.08499156676902e-11 -6.14279615440843e-06 -3.17121559309104e-11 -4.22311086182459e-06 1.01464825883135e-10 -5.51533400537482e-10 -1.47206931713983e-05 1.30408087543115e-10 -1.02786385938305e-05 -4.77694783566893e-11 4.60245714703643e-11 3.54347889312697e-06 -1.49886004020383e-11 -1.05935828810648e-06 3.74786006169618e-11 -1.87106423462683e-06 -4.85178274985057e-11 1.50541958924513e-09 -3.44275936538509e-10 -1.42921847744903e-08 -8.61330443706048e-10 9.29159302913963e-10 -2.44794051094618e-10 6.72948902423731e-06 -3.44831058199398e-08 1.38899586847421e-09 -4.28617249901870e-04 -2.55444875012970e-09 1.76687595285365e-09 8.36988216489340e-06 -2.53428452867998e-10 -3.84400397008430e-06 2.17302608493794e-10 -2.54256591631284e-06 1.54581827432677e-10 -4.26698322829699e-10 -1.06242692729504e-05 2.10718922621086e-10 -7.18556145378953e-06 5.13915038804841e-10 7.27558479588979e-11 -2.49019787880005e-06 1.41404280292338e-10 3.03593945676385e-07 -5.60496669898345e-11 7.93829993631395e-07 1.80744571525254e-10
 -1.75318225846340e-05 5.26965103108360e-06 1.89889269471342e-04 1.47566030380356e-05 -3.60303047290293e-05 2.58878507556605e-05 6.86742111440194e-11 -1.15870147313936e-04 -1.81259609476416e-04 -3.40594575560113e-09 -4.66266071553966e-05 3.88826343602084e-05 8.29195421907304e-10 -1.35553836083479e-06 6.12714708463536e-11 8.38133800388883e-07 -7.43013326798555e-11 -4.13405367370482e-05 1.24231834276585e-06 -9.03275196696776e-12 5.08065070989990e-07 -1.47192202149557e-10 1.94314276306597e-06 1.34801969689779e-05 1.76167666168301e-11 6.03903454516183e-07 9.94113704803255e-11 3.29970944639914e-06 6.52355178886162e-11 4.13290029174612e-06 1.55693210842914e-04 6.05740850940976e-06 2.81662647886580e-04 -2.59896225913046e-04 2.39514017447289e-04 1.91721821091820e-04 6.76407169367486e-11 -2.12102907850844e-03 -6.17084281124963e-04 -1.11475625786507e-08 5.54795522466113e-04 2.99488706252039e-04 8.97949982047997e-10 3.92833300397977e-05 5.44937928531470e-10 -1.49681091298655e-05 1.62819772256426e-10 -2.74165540366016e-05 -4.12683574617312e-06 3.13943925591945e-10 -5.96492492004897e-06 5.65135028509282e-10 2.55081279768469e-06 -5.94445317885062e-06 1.32442096767950e-10 5.06044102672601e-06 1.97468343169245e-10 2.88248442321287e-06 -2.08546007601157e-10 1.97164016899929e-05 -1.13240162861295e-04 -1.53575821290402e-04 -1.39570765993359e-04 7.39514576129707e-06 -6.41040523820982e-06 -1.30984469423864e-11 -3.70528374991667e-05 -7.93660447935319e-06 -1.57670894283272e-10 -6.28958232461122e-06 2.78084047667446e-11 -1.33942851205401e-06 -4.25820034926031e-12 -7.90455245881818e-07 2.37075180231917e-04 -1.72843288279943e-03 4.53845111719765e-04 4.32428749621725e-05 -9.14618022735640e-07 -8.30860166839378e-11 4.32166141359618e-05 -6.88408331912363e-06 -7.50595824564577e-11 2.45626465675266e-06 -9.99125357677768e-11 5.69006638765095e-06 -1.16391440013268e-10 -1.27252637793321e-05 -1.87719810596454e-05 -1.30422094662003e-06 -2.77569379950729e-04 2.34744643563580e-05 1.02778146596656e-05 -3.61387973778887e-06 1.67007981158980e-10 -7.83728811126455e-04 3.94632898913591e-04 -1.48010767890552e-09 -4.95314566374690e-05 1.40983502831558e-05 3.06981808845419e-10 1.58717057160889e-06 6.37834111007654e-12 -4.75760285132858e-07 7.74295684283915e-11 4.65647172168911e-06 2.15186169256829e-05 5.63212213548283e-11 5.57484545022236e-06 -7.60617600745107e-11 2.98084259418985e-05 -7.55096502261638e-06 -1.60523887841652e-11 3.43926581416907e-07 -2.53562958474169e-11 -1.58214897255897e-06 -3.91568412357901e-11 -2.23576252107611e-07 6.22824405505551e-05 -5.96631000960284e-06 1.07234736255583e-03 -1.74303275077519e-04 -1.35427785044698e-05 -3.55197682148235e-05 1.84596153176835e-10 6.57768634229197e-05 1.63652894302987e-03 -1.37912140486397e-08 -3.00155114131836e-05 -1.39870119935311e-04 6.05904107467504e-10 1.78656163953131e-05 -2.34620511369084e-10 -1.37567212837157e-05 -1.68693073108262e-10 -2.32809779957903e-05 2.66834206074695e-05 -2.05206574318668e-10 -2.97164313105120e-05 -2.35539856452629e-10 -6.78372114258787e-05 -1.11686651334632e-05 -1.08296154472802e-10 -6.20849842964501e-06 4.62347880235461e-11 -2.05503093714962e-06 1.71926281233770e-11 -1.57867463853784e-05
 -1.05722186853014e-09 2.04122626862418e-09 -6.74949816628880e-08 4.47888086208993e-09 7.28088931575563e-10 -6.67455485050183e-09 3.62465224268168e-05 -3.44637415053732e-08 8.43233630835355e-08 -1.50493747556524e-03 6.00240336876312e-09 -2.23941518327132e-08 2.86322725628495e-04 1.57737297020090e-09 2.55709572578615e-05 1.08157646374455e-09 -2.95210260378644e-05 2.50839130679306e-09 4.25593511590267e-10 2.28747600196674e-05 8.17471927263480e-10 -7.72892682743925e-05 4.48013766724729e-09 -9.30278744190978e-10 3.36684066527805e-06 -3.17001841710864e-10 2.18055492283653e-05 8.16504731182083e-11 2.59836599253260e-05 1.12324937362388e-09 8.93703392172048e-10 -6.35942985084218e-10 -6.56093865684878e-08 2.04139160615095e-08 -5.99823485073437e-09 1.78913602544268e-09 1.80168613698462e-04 1.02635455198485e-07 -5.66750958901034e-08 -4.09543876930182e-03 -2.40096315806000e-08 9.86172753937710e-09 4.28468206317836e-04 9.68529180410840e-10 9.17068822800729e-05 1.59736127722766e-09 7.45652720964981e-05 1.99781749321670e-09 -4.85465262891858e-10 1.70798685782867e-04 3.41391973698139e-10 1.88468362364860e-04 4.48018031756357e-09 1.49638005243304e-09 -3.95792446835944e-05 -2.45686630973215e-10 3.36514626795756e-05 -4.77806008954915e-10 3.17616357997056e-05 -2.23069422713277e-09 -3.81227294034392e-10 2.23533366657414e-08 4.28737364597284e-09 -9.41708096150293e-11 1.00838632707152e-09 -1.33035906825503e-05 -5.48317339077641e-10 9.27065038479659e-10 -6.71008908546797e-05 5.19855178399803e-10 2.31817450673341e-06 -2.03331084482060e-11 -1.40807842310926e-05 7.86594125972522e-11 -1.29125207145612e-08 7.30627624255963e-08 -1.34071904777125e-08 -1.45438635276572e-09 -1.15899306810958e-09 -4.05676089298150e-05 1.35188106191328e-09 3.33563112003147e-10 -1.08317345761587e-04 5.30131733430229e-10 1.07733768968792e-06 -1.16391440013268e-10 2.61547785242712e-05 2.91198836430310e-10 1.77752167521115e-09 -9.30159289964965e-11 -2.05789660252983e-10 2.74687838277428e-09 -1.08405041581104e-09 3.85683170564766e-11 2.06491875584562e-05 2.56517921433937e-09 -2.45962992439208e-08 -7.08754218318597e-04 3.86509992974765e-09 -3.09508328142015e-09 1.05247253389855e-04 3.32714522054827e-10 1.22575121696033e-05 -3.60652825510138e-11 9.10586713774050e-06 1.66550058757910e-10 7.82053424170679e-10 2.98893275263901e-05 -5.53585235728714e-10 4.08144747461295e-06 7.09184072235835e-10 -2.90902871090141e-10 1.81991847651383e-07 9.24659687962944e-11 3.66446993443476e-06 8.65472304001003e-11 4.39634284074693e-06 1.08539754537074e-10 5.33297898823878e-09 -3.63811830358451e-09 7.37775065335847e-09 -1.53904085795749e-09 1.41034081495578e-09 2.92736325711600e-09 9.25914406186983e-05 -4.31152537623948e-10 -4.37515396187667e-08 -4.97752687660563e-03 -3.63325312310144e-09 4.89841279271271e-09 2.08304564571151e-04 -1.68706832217670e-10 -5.46180876385248e-05 9.30859539052618e-10 -3.57628968939920e-05 1.01954662101883e-09 1.21604486980974e-10 -1.35446649637819e-04 -3.97506614576594e-10 -7.89824760055796e-05 2.86342646450333e-09 6.35780047375498e-10 -2.74435289972743e-05 4.50184954738084e-11 5.73449646890680e-06 -2.48519924486220e-10 1.35194267087759e-05 -1.51856376677820e-10
 1.10988102143032e-05 -1.65194399990607e-05 -4.98783698299467e-04 -4.09527912746502e-04 1.69776167829085e-04 1.03426339322667e-04 -4.00758739347850e-12 -4.48684826977097e-04 -5.20585040312992e-04 -1.96643076895421e-09 1.33359059786917e-04 6.01039083618866e-04 -4.12822824372192e-10 -1.15239954208495e-04 -1.27838159478932e-10 -1.50407090032772e-06 -1.42666435400786e-11 -3.11033211563588e-05 -8.03435417076763e-05 -3.90957487805689e-11 3.15152239950294e-05 -2.75059849539257e-10 -2.33052947834966e-04 -8.09859176945022e-05 -2.58764690418910e-10 -8.59063738975942e-07 9.20642197685136e-12 -6.31509412389052e-06 2.94133587618466e-10 -1.55722236614853e-05 -6.64494617465285e-04 -6.44916583356798e-05 1.36507180289499e-03 1.39959562837113e-03 -8.26676482922768e-04 -5.71472011115266e-04 2.36281522480336e-11 5.67107015952360e-03 3.43298634416565e-03 7.20329943074089e-09 -1.79495210830324e-03 -1.04501312340833e-03 -1.57508505588195e-10 -1.51400643891309e-04 -1.11561761338237e-09 3.37271315087153e-05 -1.00114002415496e-10 1.24818934309968e-04 1.62982174450363e-05 2.34545603398338e-10 1.15975862991938e-05 -4.30375562462652e-10 -7.88817431262436e-05 1.65135479248924e-05 -8.99938620956805e-10 -2.21591766551346e-05 -1.80585376441363e-10 -2.91754278202894e-06 4.16240707388051e-10 -3.29354545479876e-05 2.36123372753534e-04 -2.78229446777126e-04 6.17861296104249e-05 3.02379915856551e-06 2.36557881198031e-05 -1.04141941829355e-10 8.27904513010022e-05 2.07096379425862e-05 -9.05235743447998e-11 2.05166998026508e-05 -6.57920474646805e-11 5.13964693102828e-07 -1.38811451088904e-10 6.80182679915720e-06 -6.15471382594558e-04 5.64161844356749e-03 -1.65342169070733e-03 -1.47360437463186e-04 1.44559825319782e-05 8.16049100516605e-11 -2.13017760868892e-04 2.70452670747096e-06 -2.32374425942084e-10 -1.03601444895556e-05 3.70215572916443e-10 -1.27252637793321e-05 2.91198836430310e-10 4.86565720731540e-05 -6.81130755174255e-05 5.48565311282005e-06 -3.07826989081345e-04 1.16224991437170e-04 9.48937126148960e-05 -8.01917790075005e-05 6.88232710228660e-10 -1.91205735390235e-03 2.71024679495305e-03 -4.65702869031198e-09 -8.08521927297855e-05 -8.03936677740505e-05 1.09187909628546e-10 -6.01951119322178e-06 -1.10468040417786e-10 7.07516488585836e-06 1.21205031001181e-10 2.76352567800321e-05 -4.64912169320819e-05 2.03345581124288e-10 1.25481844234290e-05 -9.84262747381954e-11 2.53988304689504e-05 -3.92837869666722e-06 -1.58725581545141e-10 -1.38761180025736e-06 -7.13205984752057e-11 9.62425299084499e-07 -1.32555639489111e-10 -1.29645423581828e-05 6.84434019640513e-05 1.19271217375801e-05 -3.44490048380000e-03 2.42217034404782e-04 3.03655412843180e-05 7.77918745921754e-05 2.54293746980408e-10 -1.59313519518351e-03 -4.05644047031695e-03 1.01762369155099e-08 7.11664124639957e-05 3.22157331092655e-04 -1.22432702130016e-10 -6.02152410644595e-05 3.18719107458978e-10 4.24045443497582e-05 3.68445656772077e-10 5.20863165442381e-05 -1.02397755778082e-04 1.14237796875912e-10 7.71761069623665e-05 6.04870996872703e-11 1.20886775534015e-04 1.42028988619294e-05 1.56553532504812e-10 1.78812248587550e-05 -1.23922359746550e-10 6.75326153183975e-06 -1.78448655613837e-10 4.51060660029347e-05
 9.77813478965409e-04 3.62939049787372e-04 -9.80481992406693e-03 3.09470043359915e-04 2.46267131814260e-03 3.02112788402410e-03 -3.03074259118648e-08 -1.35795873283782e-03 -4.15089173004039e-03 -2.36304274462740e-07 -6.58636369953061e-04 8.63277713685591e-04 1.24239717976450e-08 6.43045391224427e-04 -1.44329352578791e-08 -2.24448201339809e-04 -9.29334130538463e-09 -2.01390053517257e-04 -6.64888255615922e-05 -6.32820965238842e-08 4.42480163811913e-04 -1.78240219419232e-08 3.90621901725614e-04 2.91257348978622e-04 -1.86053434479697e-08 2.20187271365274e-04 1.85256798081341e-08 -6.01152503203643e-05 1.22646459286763e-08 9.44441258355572e-04 4.13992654441856e-04 -3.02534169476331e-04 -1.83929990947016e-04 1.15390445189142e-03 -1.47026028189961e-04 5.93454476793204e-04 -1.39003698856217e-08 -2.29767562969336e-03 -2.56860386081085e-03 9.36063132833753e-09 7.72705401069400e-04 1.66826021411693e-03 6.50636986603565e-09 1.01562249917584e-04 -3.85015668943524e-09 -1.10029129533964e-04 -2.35318634249034e-09 -1.85770105646565e-04 -6.17876104267276e-04 -1.29385276331790e-08 -1.45428196810571e-04 1.27418533426080e-08 4.63053175603221e-04 -5.70049099884173e-05 2.28883898888880e-09 9.05945942296158e-05 2.14944659885599e-09 3.21048522227760e-06 4.76658370928173e-09 2.97763225704211e-04 5.90849128772667e-04 -2.97853170585164e-03 3.60881014725264e-04 1.78417971676279e-04 -1.02574627001142e-04 -4.00359580779138e-09 1.42259921648438e-04 -3.11051936559169e-04 1.24167201796111e-09 -2.23885574577424e-04 3.31260589226158e-09 7.67262870550058e-05 7.00378223063701e-10 4.46701515228032e-05 -6.69017927739423e-05 -3.40111414622535e-03 7.74822746884806e-04 1.38929388248814e-04 1.07250186844912e-05 -9.39355490662900e-11 2.24739236846706e-04 2.67857900471882e-04 -5.74683963071416e-09 -1.02095660462371e-04 2.90356790229730e-10 -1.87719810596454e-05 1.77752167521115e-09 -6.81130755174255e-05 1.99141650023528e+00 6.96514623609522e-03 -2.11229161621821e-02 4.64749681308616e-03 3.92995371750392e-03 6.86702691642912e-03 4.20692162728197e-08 -5.04533930044890e-04 -2.36487901885928e-05 -3.05802587812794e-07 1.10437425659972e-03 2.17378112306986e-03 2.83338364937227e-08 6.14959991930095e-04 6.89754403860933e-09 -3.26517131268714e-04 1.41290761019766e-07 -4.19332245700240e-04 -1.89149612633814e-03 -2.21154730552602e-08 1.31170995734391e-03 -8.10327800686667e-08 1.42614911154033e-03 1.19182826118761e-05 1.25812887800917e-08 -6.22618932710921e-04 -1.93931121297881e-08 2.30576884199068e-04 3.65778505220927e-09 -6.78128545926773e-04 -3.67332638813927e-05 5.68981094925875e-05 1.91809948371071e-03 -1.30854058844737e-04 -1.07219574238979e-04 -2.07449228614233e-04 -1.98636543999816e-09 1.48320080277483e-03 1.17039267236660e-03 5.43960361245115e-08 7.11283418673337e-05 -4.38697657444121e-04 3.72726732034169e-09 8.52562307414179e-06 -6.14471238292429e-11 -2.14049540586831e-05 9.82428709335142e-11 -2.19017269009414e-05 -8.15865291749474e-06 3.67326139176819e-09 8.36493908892560e-05 1.29366947995726e-09 8.86782878083217e-05 -6.04101717540765e-06 -1.06335158242636e-10 1.60995095675255e-05 5.89545250242230e-10 1.89867996045515e-05 -7.82106699459019e-10 2.56297053907616e-05
 7.87496631510761e-04 -2.11090056855104e-05 -5.93909384231647e-03 2.44711011504801e-03 6.52169493349959e-04 9.91216468391001e-04 -9.82173815418899e-09 -3.95130537675649e-03 -4.21019308275239e-03 2.10510769067505e-07 1.86598480750440e-03 1.80159556295236e-03 -1.96094304854674e-08 -1.07403902840248e-04 5.62149871675642e-09 8.48373601652433e-05 3.77153194486543e-09 1.13766096673502e-04 1.06962805662135e-04 1.14581011524156e-08 -8.96385498881573e-05 9.80617814653516e-09 3.21308832958973e-05 7.81588477155178e-06 2.41795693389045e-09 1.10061774100294e-05 -1.38969680710740e-09 -3.98836809435243e-06 -8.61363914426227e-10 7.69115718571004e-05 1.90248047795909e-04 -3.76872047454893e-06 1.48113459128453e-04 -6.87326857635217e-04 -1.18092217479710e-04 1.28513875997142e-04 1.75795460236331e-09 2.97623294076634e-04 -7.05490465843647e-04 -4.52733484253742e-09 -4.56301217818237e-04 1.29156156654292e-04 -7.08808948899459e-09 1.32063902491495e-05 3.56461477841171e-09 -1.43343434728643e-06 1.25022018455495e-10 1.00038624338069e-04 -7.03214890539169e-05 5.70190820837237e-09 4.25274443584357e-05 -3.02117380922068e-10 5.02728959612248e-05 4.01639312098319e-05 -1.35785949316937e-09 -7.51785643478940e-06 -4.16292899658233e-10 7.01340671250368e-06 -4.46195606075523e-10 1.13511460674436e-05 1.20606547024155e-04 1.49085603579617e-03 3.40395414713380e-04 1.61743902814734e-05 -2.54165136696598e-05 2.00217760884823e-09 9.40079416532580e-05 -9.00959358301438e-05 5.53838032038406e-09 -2.65073594660489e-05 3.35219768692455e-11 -1.43648863596957e-05 1.19218929446725e-09 1.66431316700799e-05 2.15811166357070e-04 1.10377813918653e-03 3.24348992270397e-04 2.61164453778025e-06 -9.59238370238263e-06 -1.26070029869789e-10 -1.28074420825894e-04 -5.51376962850240e-06 1.07144444191239e-09 1.71832034564601e-05 2.57933410351449e-10 -1.30422094662003e-06 -9.30159289964965e-11 5.48565311282005e-06 6.96514623609522e-03 1.02456151370406e-04 2.96879915134044e-03 7.61871560817553e-04 -2.07430260491463e-04 -2.18686382446232e-04 -6.23808243772160e-09 6.51074573040443e-03 7.30911488655581e-03 2.79604406038029e-07 -1.86113764215833e-04 -4.31479004762426e-04 -1.17448813063023e-08 -1.18589932645747e-04 -3.23777016274793e-09 7.80707579877028e-05 -1.86026940275361e-09 5.12036204912301e-05 -3.08982715204833e-04 -6.42313884226435e-09 1.59054259041358e-04 -4.36807395760706e-09 1.40911522481308e-04 8.79243530350006e-06 9.26718901655544e-10 -2.80364670911526e-05 -2.40584143954548e-10 -1.23092829708649e-05 -7.89441333149623e-10 -6.94904908811060e-05 8.54325668974727e-08 -1.09662106674996e-05 -8.69195648582533e-04 -5.52503314414261e-06 3.35937646356416e-06 -2.00029171118930e-05 6.62779041598208e-10 -1.13189708670497e-03 1.43733881801706e-03 -7.25511624580622e-08 -7.45470231716354e-05 1.15426842896092e-04 -8.37857767777485e-10 2.93596114544922e-06 -4.18019321179049e-10 -2.92742217484804e-06 -2.04189967301191e-10 -9.65789955802747e-06 -1.71226334183366e-05 -1.31615641994048e-09 -2.37666225301331e-05 -1.38357141136869e-09 -6.32968888351413e-05 -1.27888142727764e-05 -4.56342876074686e-10 -9.12703335721384e-07 -1.68627291825116e-11 -1.65475316560344e-06 -1.61574870100737e-11 -2.66675500083857e-06
 -1.53345773595381e-02 -1.15001132378927e-02 7.74731268479367e-02 3.70410399238051e-02 -5.41976425830499e-02 -3.47096249308088e-02 1.85151687148821e-07 1.80970744952949e-01 2.61086793097393e-01 -8.12399752794813e-07 5.15975624729979e-03 -2.35715772817494e-02 1.02322088596419e-07 1.98799699797215e-02 5.36174138005827e-08 -1.05997985737877e-02 2.01423985854103e-08 -9.65208282974770e-03 2.69067837920616e-02 6.44612442648145e-08 -3.28424287599801e-02 3.98225824201709e-08 7.83444516393899e-03 -1.57347118939624e-03 6.54250007368783e-08 -3.49002351180179e-03 -5.78728926969709e-08 3.43079234652929e-04 -7.15093297147032e-08 -1.28773058887390e-02 -1.99563401542050e-03 5.28380428397033e-03 -6.26951518957807e-02 -2.85661804461138e-02 9.60673213317092e-03 5.08651058707397e-03 2.01195351413766e-08 -1.98124158851617e-02 -7.31489479265356e-02 -3.79506057489952e-08 -3.51939293780025e-02 7.15428474972788e-03 -7.06872251814471e-09 4.96832324336936e-03 -1.19123128862073e-08 1.41799782702299e-03 9.37733425921934e-09 4.01421115389790e-04 -5.16029755208989e-03 -4.46282698773182e-08 6.93125783084070e-03 -5.53684704747946e-09 1.33673556113031e-02 8.66948711630823e-04 2.05459664266079e-08 8.44751523945506e-04 2.65246479556388e-09 -5.16879169467611e-04 2.28682551052905e-09 -2.95611994599521e-03 -3.02556793536170e-02 -1.16558198164086e-01 6.51063713546315e-02 -6.88378660698307e-03 2.04648079905301e-03 -1.77068172991346e-09 -2.85774906314935e-02 -5.68697716022440e-03 6.53370397300266e-09 1.13172522929857e-03 9.50569256593472e-09 1.35026682936144e-03 1.65957904822112e-08 -3.89883370542714e-03 1.37948626391616e-02 -3.10205392039578e-02 4.40303043170144e-02 1.13619112514860e-03 -1.46356251124477e-04 -1.46177849541292e-09 6.59361007999959e-06 2.61302583525795e-03 -1.53952828961385e-08 -3.83126116820917e-05 -9.54757883172918e-10 -2.77569379950729e-04 -2.05789660252983e-10 -3.07826989081345e-04 -2.11229161621821e-02 2.96879915134044e-03 1.78554886825516e+00 -1.12200604317563e-01 -6.52335937299601e-03 -1.05840384422575e-02 7.97319966082513e-08 1.45528097905154e-01 2.29868288579000e-01 -1.09694727976522e-06 4.54497862170501e-02 7.69460056982585e-02 3.48533552129740e-08 3.36929018673825e-03 -2.69840743817957e-08 -8.16993108203265e-04 -1.13637582446170e-07 -1.07777935545638e-03 -3.41443081708638e-03 2.04347421100796e-07 -3.52090856521141e-03 1.62234826274355e-07 -1.46286347938148e-03 -3.27934622106770e-04 -6.75168635281334e-08 1.43149287567190e-03 1.01125613590433e-07 7.60241651621155e-04 3.19296709573968e-09 1.35084943641360e-03 2.63183349433635e-03 -1.09800428354894e-03 2.32888177271642e-02 -6.79748476776976e-03 3.13963714001947e-03 1.95388076192395e-04 -4.81239416377322e-08 -5.92075882558100e-03 5.35082628542616e-02 1.91423160788159e-07 1.71267927454880e-03 1.77563254007309e-03 1.82757819754951e-08 5.44329418073176e-04 -1.79937591794283e-09 -4.51621482555208e-04 -1.76045734852073e-09 -6.00769980812137e-04 2.28447390437651e-03 -9.28956432320673e-10 -7.15794786342810e-04 -1.38108534409651e-09 -6.88176778887396e-05 3.35832495495191e-05 -3.01769499256388e-09 8.51821206528154e-05 2.44043274108516e-09 -2.41159718091091e-05 2.83894736781926e-09 -6.11988660320486e-04
 -2.02774785219125e-03 1.64285262883236e-03 -1.24756534394623e-01 1.89323262941860e-02 8.41531402029223e-03 1.38971789828620e-02 -1.85757304723867e-08 -4.47196593148543e-02 -5.02737582477695e-02 2.30268294804282e-07 1.26841162078442e-02 2.16331213961464e-02 -2.02624673658995e-08 -2.58165030650386e-03 7.77403973318026e-10 2.32605602382879e-03 4.37905417824678e-09 1.45085355730898e-03 -1.37087099512353e-03 9.74280348351093e-09 1.95723177915789e-03 8.95324808500905e-09 3.69657324904023e-04 1.35377119218425e-04 -3.61387828788797e-09 2.40702267758039e-04 1.50551753880735e-09 -4.31762562305336e-05 6.34866090107117e-09 2.43600117405764e-03 3.15332716738203e-04 -5.56833098993305e-04 1.95619385383459e-02 1.19469416542351e-03 -2.28939227066706e-03 3.72291790252164e-03 -8.48492348645975e-09 1.37652410903635e-02 -1.66227248615378e-02 -1.30474764710192e-07 -5.69553045841583e-03 1.16815170123106e-02 -2.08427801193061e-10 1.14497308425768e-03 6.22215736460837e-09 -2.08994304444371e-04 7.09084806233226e-09 2.84344964164479e-03 5.01001715196727e-04 1.38590206780614e-08 -4.67716554748260e-04 5.38406214145887e-09 2.37483062295681e-03 -2.45647646447308e-04 -7.26853022547703e-09 -1.99645524026034e-04 3.82336725735577e-09 1.27383495728836e-04 7.10579688831179e-09 3.76730594086644e-04 7.82392535684114e-03 -9.08083858233550e-03 1.08485602978049e-02 -1.71712844486916e-04 -2.73222816637647e-04 1.30987628101776e-09 1.94967778385354e-03 -7.73601617460248e-04 4.96700739860509e-09 -3.25925118231218e-04 -1.41953139527108e-09 -2.68872975957762e-04 -3.28567421157946e-11 2.82841018004926e-04 -2.21325427061611e-03 4.26530254627530e-02 -4.09089628587776e-03 -3.42678554221045e-04 -2.45013948556397e-05 -1.98154048458581e-09 -1.46147810789653e-03 -2.90070881941583e-04 -1.53099492591317e-09 1.28509481531952e-04 3.35729346989405e-09 2.34744643563580e-05 2.74687838277428e-09 1.16224991437170e-04 4.64749681308616e-03 7.61871560817553e-04 -1.12200604317563e-01 2.27381910380520e-02 -2.22354019038788e-03 -2.28878209147545e-03 -1.54411855433566e-08 5.27870463663002e-02 6.90736974963092e-02 3.32278255226920e-07 -6.81887083796819e-03 -1.31388752813247e-02 -1.47447608927301e-08 -1.65865529317461e-03 -4.10549889039462e-09 9.61462282582953e-04 4.86301895861384e-09 7.61173049345282e-04 -3.16518900843993e-03 -1.08164281091282e-08 2.18257012974920e-03 -1.10713977113475e-08 1.94659318835278e-03 7.22002892448911e-05 -2.53461637532745e-09 -3.89206196621300e-04 -3.34558793588019e-09 -2.27750768956938e-04 3.75729189880069e-10 -8.48500962621608e-04 -1.71620540393986e-04 -1.49424479415247e-04 -1.21208945303165e-02 -1.43776005492606e-03 8.00886964872161e-04 -1.38772227936905e-03 5.69252853883273e-09 -4.81144529608336e-02 5.41072277453397e-02 -2.38687096660463e-07 -3.70038701290323e-03 1.07522835266239e-03 7.45974038017180e-09 8.62220946621837e-05 -2.68370458387659e-09 -1.25840838478966e-04 1.83666959381920e-09 -4.06877576171610e-04 -5.21058308679167e-05 2.24872625366948e-09 -4.29272039182162e-04 -6.31221360067195e-09 -1.41898030780535e-03 -2.69320098093880e-04 -5.19488231966377e-10 2.62996245880940e-05 3.31936968017830e-12 -1.15494458085217e-04 -2.00890688932378e-09 -1.47931057577292e-04
 1.45441160193933e-03 1.21417244640307e-05 1.81694686372364e-02 -7.63810948924008e-03 -1.56101621899451e-03 -2.43577282742461e-03 -3.38784957312885e-09 7.79736277621966e-03 8.62286171145536e-03 6.94681607776605e-08 -5.15611808032489e-03 -1.42192012495853e-03 -8.56001725873525e-09 -3.92803184150553e-04 1.79740290595480e-09 -2.66849983786373e-04 1.44756176668647e-09 -1.39680064822705e-03 -6.80064201607273e-04 8.86270280139918e-10 3.66505360101998e-04 2.62478038941022e-09 -1.85861056313543e-03 -4.11432532783158e-04 2.09983028588990e-10 -4.92444916269052e-05 -3.21831226022320e-10 2.37939630526531e-05 -3.87237685498806e-10 -3.33007871259363e-04 -1.94577859274372e-04 -2.01680507802691e-04 7.56705888220930e-03 8.28090666057666e-03 -1.16502585095836e-03 -9.74609288808223e-04 -2.70932514767722e-09 1.32490836487719e-03 1.35285085168915e-02 6.76235644711551e-08 -1.41004567872636e-03 -2.91309918366528e-03 -8.67075096010241e-09 -5.31008142625441e-04 -1.86046997125019e-09 8.70950869394269e-05 -2.71477438823171e-09 -2.45896040591606e-04 1.82891312221599e-04 -6.35375295667104e-10 -3.55899596879824e-05 -2.63136552259419e-09 -1.07072913730395e-03 1.75509829976534e-05 -7.80606085609118e-10 -1.82814604917799e-05 -9.34063166419072e-10 1.53226025358401e-06 -2.57560641225412e-09 1.29689770269497e-05 -6.87403271635123e-04 -1.08821881899288e-02 -3.15788270896765e-03 8.70028495691906e-05 1.78604436112001e-04 6.15958650895304e-10 -5.08032461532650e-04 3.24078777535452e-04 1.85115812665662e-09 1.40962857194618e-04 3.02106097206233e-10 3.85786412466481e-05 6.05342867476679e-10 -2.34405228979127e-05 -1.75864275647369e-04 -1.99631427213839e-04 -3.72635302149440e-03 -2.20772773739624e-04 5.78021019194376e-05 9.41256209139380e-10 -2.18568826215755e-04 -1.37801783138835e-04 2.67462113989626e-09 -4.97191036602421e-05 1.03966742526594e-10 1.02778146596656e-05 -1.08405041581104e-09 9.48937126148960e-05 3.92995371750392e-03 -2.07430260491463e-04 -6.52335937299601e-03 -2.22354019038788e-03 1.60533217088872e-03 5.45885853602188e-05 5.34019077859242e-09 -4.88656826734870e-02 5.82446774091087e-03 6.66903597378174e-08 -6.47055266873397e-04 1.67629990590805e-03 -2.14066488933404e-09 3.93167032340214e-04 -1.62679821798114e-09 -2.11180256193539e-04 1.78014663919302e-09 1.19291814038796e-04 1.02118219462375e-03 -2.55799323438183e-09 -3.09173307322756e-04 -4.50608725986137e-09 3.02709936340574e-04 -2.04234601435020e-04 6.08732357849036e-10 9.03260680908315e-05 -2.00581706495740e-09 1.83019163932479e-05 -2.64512956383205e-09 1.26343288793320e-04 2.55933932195229e-04 1.62592749296807e-05 -2.37301311020230e-03 -1.26008959577012e-03 -2.05308502273918e-04 2.00729895885468e-04 -1.91196074672375e-10 2.12773839669623e-03 -1.17414571513464e-02 6.76319752335468e-08 6.52395447878293e-04 -5.74635039931369e-04 -2.66220946622907e-09 -1.10532242619405e-04 1.06639474096703e-09 7.90579768641137e-05 6.45918500800647e-10 6.78793675380675e-05 -1.37538989631242e-04 1.50319914093324e-09 1.36590528412379e-04 9.28447092803861e-10 8.54772379844486e-05 -1.72140326755506e-06 3.83289379533252e-10 1.33042988014124e-05 -2.53787431006010e-10 3.01142109560264e-05 -7.04152338224432e-10 6.02892456377617e-05
 2.30808850205435e-03 7.23041146118221e-05 2.16158488172365e-02 -8.83821779376894e-03 -1.97714809655492e-03 -3.41186300115825e-03 -1.35572648162508e-08 1.01906468622162e-02 1.77162237763478e-02 3.06869240698283e-07 -5.40568096324638e-03 -8.86937884331573e-03 -2.93464802763768e-08 8.96865734601091e-04 8.53122793446579e-09 -3.47011254236780e-04 5.37532681740937e-09 4.92695009073319e-04 -2.25361193659286e-06 1.39196262264741e-08 1.47864232835648e-04 1.33356342018735e-08 1.29811855634690e-03 2.47380342059071e-04 4.73054495010893e-09 -1.79199699093707e-05 -2.48868456680683e-09 7.33366878105565e-06 -3.66004724675781e-09 -1.87493950351070e-04 1.07563732728260e-04 1.75814190070432e-04 -5.85607817535871e-03 -2.64977491061761e-03 1.13102652477769e-03 -1.78670804761677e-04 4.52149802987610e-09 -4.45023378187400e-04 -5.44877323178285e-03 1.91956366271687e-08 3.00787595884009e-03 1.56542948083755e-03 -1.01773647020233e-08 3.11004637293548e-04 4.90291369586493e-09 -3.97209971224864e-05 -4.92320619679135e-10 -5.61537685453570e-05 1.96628131239406e-04 6.71032031182135e-09 -1.21206971147861e-04 -6.13538079915085e-10 8.01516714132713e-04 -2.38122098559436e-04 -6.17162497660686e-10 4.70261824455629e-05 -1.56949098327712e-09 -4.11801526131638e-05 -1.53565561160578e-09 -1.17336872849799e-04 -1.32820710633715e-03 6.51973879473638e-03 -1.14005283029830e-03 -2.12093720021056e-05 1.48677150062796e-05 3.31101752395304e-09 -1.14461521997543e-04 2.61106303969360e-04 7.98746328946705e-09 4.11784384038258e-05 3.92559459847249e-10 4.48090853173056e-05 2.08002765280555e-09 -5.89541089372003e-05 -1.15210290059935e-03 -1.53213592119937e-03 5.79939302922996e-04 1.00442630006925e-04 1.36773119974080e-05 1.57112557149494e-10 6.63033839841157e-04 1.23566595518764e-04 1.87261934234238e-09 -5.65494683607887e-05 -9.06533457035336e-11 -3.61387973778887e-06 3.85683170564766e-11 -8.01917790075005e-05 6.86702691642912e-03 -2.18686382446232e-04 -1.05840384422575e-02 -2.28878209147545e-03 5.45885853602188e-05 1.31361447492149e-03 -1.34157174026560e-08 -4.87292874126983e-04 -4.23194461960608e-02 4.11079485480297e-07 1.78342298348279e-03 1.08494573218558e-03 -1.70589900772833e-08 3.82453788017524e-04 -2.16151773179463e-09 -2.73559887123414e-04 -2.49616326473751e-09 -3.31862519656820e-04 8.92452146781579e-04 -1.42356016433632e-08 -5.95585259078564e-04 -7.13749642260504e-09 -7.99470549005214e-04 6.35707609648886e-05 5.70462239219078e-09 6.49843568922780e-05 -1.63931704296697e-09 6.77450187293106e-05 -2.58879758899478e-10 2.48502185024027e-04 -9.70804300527143e-05 3.77588768656131e-05 1.06549395624061e-03 1.37615522123712e-03 2.42212075620706e-04 -1.35377037723012e-04 5.61134045403902e-10 -7.36184951721291e-04 4.55005550473359e-03 -7.74244584380557e-08 -2.34383830235138e-04 2.13125115720685e-04 -5.12678732661980e-09 3.47286498438668e-05 -4.93204455075812e-10 -3.42489972152013e-05 -1.13255866122381e-10 -2.07703405892999e-05 1.14830377848673e-04 -1.62595217055111e-09 2.89263187135913e-05 -1.98042175054078e-09 1.79394156668271e-04 4.14687195291551e-05 -7.81127828329989e-10 6.92614025370974e-06 2.05195518354782e-10 -1.63958827783091e-05 2.14549327528325e-10 -2.18862014592691e-05
 -1.80674643949302e-08 4.54911600684116e-09 8.04234056661480e-08 -1.02916324170404e-10 1.24437447081011e-09 -9.82965901036555e-09 8.69834483383731e-04 -4.67772192921367e-08 -5.09648829464918e-08 -1.87642688798989e-02 1.54062157466111e-08 2.99176188750990e-08 1.79373321949036e-03 -8.26388495155455e-09 -5.04148569922558e-04 1.63956505693953e-09 -3.33642697879593e-04 -6.00980598004328e-09 -5.37792554455670e-09 -9.51737466942884e-04 1.32166595546864e-09 -8.66736194324587e-04 -1.41785136591192e-08 -1.15881866113276e-09 -2.22802221401774e-04 2.32810459377373e-09 1.36525809108243e-04 2.52790692573547e-09 1.18863826952082e-04 1.11584728290754e-09 5.30440363300915e-10 -2.92457861780256e-09 6.69138702048575e-08 1.81986323982755e-08 -7.90959518247582e-09 -1.15151633292501e-08 -1.27808056306570e-04 -2.82314317640569e-08 1.15821412066008e-07 -1.11167419863743e-03 -9.38486459815367e-09 -3.15320248882127e-08 7.41270398625677e-04 -3.72213997546413e-09 -2.77776173515971e-04 -1.84922542639943e-10 3.41961817698379e-05 -1.07086642652271e-09 2.32711368513234e-09 -4.31897047618681e-04 1.55437808535396e-09 8.21350120200630e-05 -9.45868233095913e-09 9.60324818836332e-10 9.42916633145636e-05 -5.05166970866553e-12 6.10857350993131e-05 1.15375809748665e-10 7.38702443249716e-05 1.66141485200386e-09 -9.51357928712437e-09 1.13268447046613e-08 -3.20711526367035e-08 2.74613359741866e-09 4.40052450154224e-10 -1.83686852137676e-04 1.89406559549838e-10 -9.12027146629759e-10 -4.97432828607763e-04 -1.72889782384231e-10 -7.76890215653268e-06 3.17919203909117e-10 -1.15887857607227e-04 8.52149092695627e-10 1.35195058670875e-08 -1.66530296502591e-08 -5.10163944108918e-09 -4.27333711560968e-10 3.65250257760493e-10 -5.99294143172412e-06 -5.80854371727368e-09 -2.35495061973372e-09 -1.37590679380621e-04 -5.09567585927139e-11 -1.34578901873906e-05 1.67007981158980e-10 2.06491875584562e-05 6.88232710228660e-10 4.20692162728197e-08 -6.23808243772160e-09 7.97319966082513e-08 -1.54411855433566e-08 5.34019077859242e-09 -1.34157174026560e-08 5.55830613636547e-04 -2.08974230332620e-07 1.96793673670117e-07 -2.45288390377261e-02 -7.90555683605732e-09 5.52270664367629e-09 1.03559093048926e-03 6.08906464756695e-10 2.60341623774030e-04 2.13793789395853e-09 1.80572824339811e-04 1.47230911278725e-09 3.65492773796761e-09 6.25093782288820e-04 -4.38914523469197e-09 3.97137757695411e-04 4.58176703772172e-09 -1.37972714198985e-09 -1.33187471947103e-04 -1.36531968652110e-10 4.85298680031964e-05 2.28402828487445e-10 8.08513777434017e-05 -1.31340883986980e-09 -2.30248005973929e-09 4.99397813716537e-09 -1.28684502689032e-08 5.10313274302481e-09 -3.19427081925062e-09 -1.73649685873285e-09 -3.68363182788917e-05 -2.20540837276906e-08 -5.90478271029890e-08 4.50109345242391e-03 6.38291567982684e-09 4.64913852666662e-10 1.72388445271651e-04 -1.01498776410797e-09 1.69929204307548e-05 1.19452074186127e-10 1.20913544698770e-05 -8.99678898774373e-11 -2.54871591898790e-09 8.33005375709011e-05 5.63243271763299e-10 8.59148947623341e-05 -2.11105596865039e-09 -8.63766769529297e-10 2.96063448269541e-05 -1.14585973739225e-10 1.98649409130768e-06 4.24431897578072e-10 1.73879509647661e-06 7.83396906211572e-10
 3.04981932892810e-03 -6.06828764809265e-03 -3.37462217331572e-01 2.47730809606948e-01 6.15960498282610e-02 9.22852719898145e-02 -5.21347308134597e-08 -1.47056834958507e-01 -5.29672719833572e-01 1.43788732730683e-07 1.73779184169948e-01 1.03326167824754e-01 -4.14792978131767e-08 5.61701063055384e-03 -2.49264856534057e-08 6.11233534549442e-03 -3.89099892388253e-08 4.52469454820522e-02 1.67733356584390e-02 4.39817857709016e-08 -1.15014098034516e-02 8.52750139699214e-09 4.74309363291757e-02 1.30870727259172e-02 -1.74896101774383e-08 2.97632136027010e-03 8.07058081564561e-09 -1.33494588209658e-03 1.64699605704440e-08 7.13540703303264e-03 -6.08737012239292e-03 2.42630421182725e-03 -1.62271150765705e-01 -2.68581989093147e-01 1.82041690555643e-02 -9.57351431802591e-03 3.21431620508243e-08 1.87521175128003e-02 -1.29020954178733e-01 3.70971190611315e-09 1.63998598941585e-02 -2.33413376246579e-02 3.18487535088889e-08 3.80514951842237e-03 1.49728354156936e-08 -3.12542001221014e-03 1.76312354982098e-08 -8.99316445792407e-04 -1.12833835880464e-02 -2.80906001968654e-09 1.06391163604488e-03 -2.76622737049636e-08 1.51165271496289e-02 8.05342968921594e-04 1.18356055478280e-09 -5.75544262723283e-04 2.06883117876719e-09 -1.41022665376342e-04 2.03905241311775e-08 3.60811383124077e-04 4.23222500580092e-02 3.49996176097588e-01 9.16321394600635e-02 -1.88169630984450e-03 -7.82050675416149e-03 -1.47653994570055e-09 2.77869524221634e-02 -1.12584643776329e-02 1.02939926610026e-08 -5.23649904216228e-03 -1.65544117733723e-08 -1.11119635657120e-03 -1.10271995852792e-08 1.38330748852479e-03 3.61475220457945e-03 3.93787824489818e-04 9.08925778311024e-02 4.19029397112729e-03 1.94624639140790e-04 1.86478219678479e-09 1.48346515737611e-03 7.42852434252650e-03 -1.77728991274775e-08 3.00086618820986e-04 -8.60389330713279e-10 -7.83728811126455e-04 2.56517921433937e-09 -1.91205735390235e-03 -5.04533930044890e-04 6.51074573040443e-03 1.45528097905154e-01 5.27870463663002e-02 -4.88656826734870e-02 -4.87292874126983e-04 -2.08974230332620e-07 1.66763480328491e+00 -2.04883981874516e-01 3.51885841372472e-07 1.43241172631950e-02 -4.62991035587437e-02 -5.80075430936893e-08 -1.37635516829488e-02 2.73992334471090e-08 7.08651403006927e-03 -6.75828442922874e-08 -5.39522855766207e-03 -3.74039624126438e-02 -1.58451780199090e-08 9.57562765223969e-03 8.66176770852592e-08 -1.71762395328447e-02 8.80761927004367e-03 8.17656370210198e-09 -3.14851862688179e-03 4.67442246504008e-08 -6.10775912045733e-04 7.57378535133610e-08 -4.38217259160351e-03 -6.27465171846369e-04 6.07571942921682e-04 8.98822953628104e-03 5.55095496858395e-02 2.58134833873288e-03 1.89470977756912e-03 -1.20363360053857e-08 3.80844466177964e-02 2.51099167928723e-02 -5.76792383152787e-08 5.06489333374279e-04 2.35452965035850e-02 -2.93240128542957e-08 6.72433450421272e-04 5.87130992414932e-10 -4.13296027711601e-04 -5.36747547522796e-09 5.38860555804680e-04 -1.39919086892513e-03 -1.10233845416949e-08 -6.42237481372823e-04 3.49215702594302e-09 2.88344862157548e-03 4.82475946353959e-04 -2.78549469816793e-10 -1.18480580150350e-04 1.52424899415437e-10 -1.28511991730258e-04 9.85929484522137e-09 4.61843725556621e-04
 1.36180879513692e-02 -4.64435889319261e-03 -4.89103765105602e-01 2.64932248094931e-01 8.05097635011232e-02 1.12989082565599e-01 -1.92940486012007e-08 -5.05708848346053e-01 -6.03238167962950e-01 7.41879823504735e-09 2.07301152579320e-01 2.94863309111952e-01 5.18398192158941e-09 -3.33588931211333e-02 -2.66010545381818e-08 9.03225335051020e-03 3.37164992032592e-09 -1.91892996423750e-02 -9.58005673215660e-04 5.39903952456606e-08 -3.59892762048607e-03 4.52084559248456e-09 -4.99373964238164e-02 -9.40215016258952e-03 -3.89641555175875e-08 1.03947043005890e-03 2.75155205268424e-08 2.92971662423750e-05 8.23069177741375e-08 4.61281329012803e-03 5.51908464431385e-03 -6.42172034353299e-03 2.22546732533253e-01 8.31403135532738e-02 -3.71629170753346e-02 4.41411003191601e-03 -9.01751689182113e-08 -5.75511453856022e-02 2.27507297166160e-01 -1.50299592891474e-08 -7.97150964529417e-02 -6.70321317584495e-02 -6.87582752830390e-08 -1.34652063024295e-02 -7.13433353520745e-09 1.05278899426766e-03 -1.09767117915848e-08 1.70764063925017e-03 -7.82556673400121e-03 1.78527484265941e-08 5.25034542528604e-03 -2.19722610124515e-08 -3.31200630022492e-02 9.47137362932937e-03 -2.74067364692342e-08 -1.33584627354360e-03 2.07690072033928e-08 1.58603578497607e-03 -1.93515334028733e-08 4.46066461630626e-03 2.90480783513974e-03 -1.87208288436529e-02 -5.02151171124657e-02 7.03758044003440e-03 -3.88179551635841e-04 -1.12835382220230e-08 6.33134988058477e-03 -6.61900065204422e-03 -5.35940252943124e-09 -1.24090473296441e-03 -5.76170663114684e-09 -1.73518573086449e-03 -1.50216905801299e-08 3.10347967197548e-03 5.42518466354268e-02 -5.45363922343363e-03 -1.12805300749925e-02 -2.39623994694228e-03 -7.18784022902376e-04 2.75120569826117e-09 -2.45610048938262e-02 -5.71742275527365e-03 2.35719439354156e-08 2.30310089943200e-03 6.21230724077609e-09 3.94632898913591e-04 -2.45962992439208e-08 2.71024679495305e-03 -2.36487901885928e-05 7.30911488655581e-03 2.29868288579000e-01 6.90736974963092e-02 5.82446774091087e-03 -4.23194461960608e-02 1.96793673670117e-07 -2.04883981874516e-01 1.48815126418694e+00 -3.24746888828363e-07 -5.95886622606746e-02 -3.28742321048956e-02 1.23641394468398e-08 -1.13599942283393e-02 -7.32417327461885e-08 8.63868871768642e-03 1.59637964340979e-08 1.28274974656679e-02 -2.51105826901175e-02 1.11736991762369e-07 1.96630315328113e-02 -1.57342402425779e-08 3.30047094563624e-02 -4.07298796399939e-03 -1.09101869838692e-07 -2.22946021437440e-03 8.77161166146213e-09 -2.11265568153408e-03 -4.78961351240530e-08 -8.65443565985130e-03 -1.11169035070794e-03 -1.35886509080385e-03 -5.33499480131099e-02 -4.97229598209209e-02 -1.01986509791441e-02 4.48157374850808e-03 4.68545377543973e-09 2.44668968104073e-02 -1.46006226655734e-01 1.30572526048532e-07 9.54481898250002e-03 -9.59250625431313e-03 8.34951914709096e-08 -1.24067914809943e-03 6.02062857709196e-09 1.12556486930820e-03 -1.73538924113212e-09 2.36057788804623e-04 -5.20934324190003e-03 1.38837306683609e-08 -1.66033271456459e-03 1.06414423929919e-08 -9.23809220199804e-03 -2.11499760195426e-03 5.68228706322144e-09 -4.51491885693227e-04 -7.62611667642716e-09 6.64179154324825e-04 -1.29096440657971e-08 6.46008108953718e-04
 3.12589943511784e-07 -3.03527184837426e-07 8.50401635826621e-07 -5.11212798584139e-07 1.43317538287527e-07 6.47469221394445e-07 -3.83544864795304e-02 3.32598814109610e-08 -2.01417802521879e-07 8.21624867544352e-01 -1.51237007891249e-07 1.05428327925656e-07 -7.74053148210527e-02 1.41298119996394e-07 2.26014517895578e-02 -1.39157747831535e-07 1.45870719990683e-02 -5.81543164255389e-08 1.54457444862954e-07 4.24646992876097e-02 -8.42247787252667e-08 3.78894777479127e-02 9.11971087056334e-08 -5.20863962036629e-08 9.92514974269363e-03 -1.00409099910879e-07 -5.89142270203568e-03 -1.06024931148177e-07 -5.07343961117254e-03 -1.37803517356504e-07 1.16983370286962e-08 2.94731783033158e-08 8.22251602219994e-08 5.09644020328047e-07 3.00580984538164e-08 1.92766031213508e-07 7.11510015432090e-03 7.02467622577119e-08 -1.15392165310328e-07 1.67218345024619e-02 -1.05009598922852e-07 -1.06432944331090e-08 -2.95144322546553e-02 -2.18536918250990e-08 1.30720563859664e-02 1.04340109492558e-08 -9.24468866329668e-04 1.80455875783129e-08 -1.67632667992924e-07 2.05499361871823e-02 -5.10965434511136e-08 -2.14570958287370e-03 7.82529456102326e-08 1.06836675251536e-08 -4.50472679091198e-03 -1.39262358812363e-08 -2.44540883948408e-03 3.07627963858676e-09 -3.02845179568786e-03 -4.40089092744897e-08 -1.19733192289389e-07 9.35701218924326e-09 -2.66924507986912e-08 -2.19587913484128e-08 -9.96352186964543e-09 8.05442981774589e-03 -3.28162596407802e-08 4.51411795754278e-08 2.15639314528045e-02 1.64976915963502e-08 3.63634271315140e-04 -1.76952833869239e-08 5.03616716438057e-03 -2.20350400465394e-08 -1.77241933838445e-07 1.60457110957657e-07 -1.24360222224439e-07 -1.34220105058581e-08 3.48223694389383e-09 -5.73285419341507e-05 7.58752619436513e-08 9.09207059894836e-08 5.24870022177438e-03 -2.37604804502619e-09 6.06478297382335e-04 -1.48010767890552e-09 -7.08754218318597e-04 -4.65702869031198e-09 -3.05802587812794e-07 2.79604406038029e-07 -1.09694727976522e-06 3.32278255226920e-07 6.66903597378174e-08 4.11079485480297e-07 -2.45288390377261e-02 3.51885841372472e-07 -3.24746888828363e-07 1.08407430525857e+00 6.32906052432398e-08 5.50778810500309e-08 -4.51680847954837e-02 -8.35176934700610e-09 -1.14682672237005e-02 -9.04313343278414e-08 -7.94956650688056e-03 1.43752960333739e-08 -1.12085994643802e-07 -2.75322499189056e-02 2.23252363189163e-07 -1.76108372389646e-02 1.13138898399257e-08 5.79047604303511e-09 5.91848833953816e-03 9.80291215906378e-09 -2.12677782662417e-03 -1.34219677724071e-08 -3.55686785520331e-03 3.47317254239891e-08 2.38800210386232e-07 -2.51225599761841e-07 7.91137486553373e-07 -6.93406087653520e-07 7.72145368397426e-08 1.59532024083740e-07 2.37502708094352e-03 -1.59679785834585e-08 -1.04242379308880e-07 -2.39668757640453e-01 -9.59761814611383e-08 -1.72013794011553e-07 -5.99712610421751e-03 6.74127265157415e-09 -1.19057577465209e-03 2.34886350232956e-08 -8.22425187236302e-04 3.95725374213987e-09 8.66851750602138e-09 -4.78108341912549e-03 -1.83681195279601e-08 -4.44686328533864e-03 1.74401191984758e-09 8.17057179433950e-09 -1.53419623816455e-03 2.82586527518523e-09 -4.25135470669698e-05 -1.02085259565424e-08 3.05845695042111e-05 -2.10142334405945e-08
 2.55240017746832e-04 -3.21554295383187e-04 3.69620562132261e-02 -1.07837929086096e-02 -1.97032065479679e-03 -7.05197353519827e-03 1.10217781915548e-08 -1.39749747666891e-02 5.44935469116831e-02 4.84210160237923e-08 2.10902486555722e-04 -2.02059978631508e-02 -6.20747026688840e-09 2.55319501859610e-03 6.88284402341900e-10 -9.13637907233616e-04 5.03248465095226e-09 1.86793161079415e-03 1.75851847872586e-03 4.55707709199644e-09 -9.95492656808834e-04 2.60860963283061e-09 3.66575777984420e-03 1.95669529670711e-04 6.74647499365273e-09 -1.91027250861626e-04 -3.56282562608282e-09 3.36393108960110e-05 -5.17576474633777e-09 -5.56696955706585e-04 -9.15579211924999e-04 7.12060588272182e-04 -2.46162697383272e-02 -7.72714241867714e-03 4.84086521262554e-04 5.55146964447470e-04 5.49524099976711e-09 2.18354058019382e-02 -3.21094508652721e-02 8.26646065933260e-08 -2.23120704221148e-04 6.68097961268027e-03 -6.16675842528829e-09 1.00740450187042e-03 -1.50980383129280e-09 9.72563843104415e-05 2.10237907534193e-09 9.51726834377443e-04 5.17129235365736e-04 -3.04934484897256e-09 2.00233522845080e-04 -3.26155441178174e-09 2.69872576494578e-03 -3.01970692849644e-05 2.97597533772308e-09 2.04963497049211e-04 -2.44980702863820e-09 -9.37042741198869e-05 5.86026247155365e-09 -5.49956909841242e-04 -8.29737972655887e-03 4.77780764551163e-02 -7.32601237591501e-03 4.19852275998970e-04 2.95053483922431e-04 1.12274440975732e-09 -6.01327387546889e-04 5.70477328613347e-04 1.80418790836666e-09 2.18255656249766e-04 1.05743442731801e-09 7.20911641585112e-05 2.08733122882279e-10 -6.23373483166927e-05 -3.52400937254985e-03 1.89431199421130e-02 1.44274115055531e-04 -5.85012853327993e-05 -2.81202930933903e-04 -4.73023409658486e-10 7.33187528317001e-04 -5.74945329843675e-06 -1.62118959457153e-09 1.08052292365900e-04 2.82310201632359e-10 -4.95314566374690e-05 3.86509992974765e-09 -8.08521927297855e-05 1.10437425659972e-03 -1.86113764215833e-04 4.54497862170501e-02 -6.81887083796819e-03 -6.47055266873397e-04 1.78342298348279e-03 -7.90555683605732e-09 1.43241172631950e-02 -5.95886622606746e-02 6.32906052432398e-08 6.50554174773957e-03 3.08564360827156e-03 -6.55060763947946e-09 7.24616188992737e-04 1.55109190856382e-09 -4.04970694374194e-04 -5.15119561705020e-09 -3.63397107320239e-04 1.30769932753603e-03 -1.12293694473662e-09 -1.01704949173295e-03 5.27040756351895e-09 -6.36015550129445e-04 -9.09597914728172e-05 3.44338660843503e-09 1.07453100844824e-04 2.50806113110891e-09 1.72707552099563e-04 2.28862546389891e-09 3.56537560117690e-04 1.90107295142288e-04 6.05315884646391e-05 4.79544865402088e-04 3.42215126062836e-03 7.05417143765201e-04 -2.28945555455804e-04 -3.71807755665748e-09 -3.77210227650388e-03 9.44503717937835e-03 8.68534813955143e-08 -1.89714667388842e-03 1.92009846783167e-03 -7.45486307531874e-09 1.22430845997730e-04 9.50401244318025e-10 -6.72291542869069e-05 7.84822417031701e-10 1.05889786627588e-04 2.43714100969241e-04 1.14113840824238e-09 5.71975059830214e-05 1.89608240640609e-09 7.99864419292234e-04 2.06469584581001e-04 6.52417869488815e-10 4.02008689453247e-05 2.32045800470184e-10 -6.23492279363453e-05 1.52923062184185e-09 -1.95810691046270e-05
 5.28556048461278e-04 -8.26115286635584e-04 6.54008801021481e-02 -1.41906105625030e-02 -7.42320053373742e-03 -8.28446953728338e-03 1.74602772708064e-09 4.32672637941248e-02 2.92994125537355e-02 4.38724872327693e-08 -1.34747754813185e-02 -1.07467871913148e-02 -2.66477717163482e-09 1.42120410924255e-03 7.35807276993953e-09 -1.39103201840895e-03 3.54286960207256e-10 -1.93890940874447e-03 5.06351026706155e-04 3.46865789708298e-09 -1.28269615427704e-03 4.20538784960926e-09 -8.22150639061359e-04 -9.06597976409261e-05 4.01524536439812e-09 -1.96006695783015e-04 -2.83589735551934e-09 4.89114038925982e-05 -5.66729474413148e-09 -1.50579588108654e-03 3.81779304663938e-04 2.46755227963007e-04 4.71707972177496e-03 2.34750055100293e-04 2.26880768359215e-03 -1.02104997401563e-03 6.34790722635938e-10 -1.86388910201703e-02 1.28343641254429e-02 1.09917770958769e-08 5.30999547488162e-03 -4.27738614015487e-03 -2.50083325346347e-09 -4.32694078533117e-04 2.11824440309678e-09 4.86568418157536e-06 -3.34338564359608e-09 -1.60361581917455e-03 -4.31526064437674e-04 -5.91930516025233e-11 3.43865066028439e-04 1.04588551703958e-09 -1.00032862066623e-03 -1.16494122051593e-04 1.50606527023204e-09 6.20977476488850e-05 -3.88711455789763e-10 -8.08649982775416e-05 -6.68615885178731e-09 -7.41019709103371e-05 -2.91546789199163e-03 -1.95051592711495e-02 -1.79044846825820e-03 -3.39287613897945e-04 1.56445190157030e-04 1.03509734228560e-09 -2.12830253720025e-03 2.53023857732357e-04 1.88346725602675e-09 1.71531631268167e-04 9.64387137879734e-10 1.86765905209074e-04 1.89058511598294e-09 -3.10256965180057e-04 1.33058156168809e-03 -2.66962369242228e-02 1.50686540124234e-03 2.07200911352512e-04 1.39782822803050e-04 1.18431797774236e-09 8.70293348297002e-04 1.74582695169636e-04 1.92587434529526e-09 -1.50869548542249e-04 -1.56461184808141e-09 1.40983502831558e-05 -3.09508328142015e-09 -8.03936677740505e-05 2.17378112306986e-03 -4.31479004762426e-04 7.69460056982585e-02 -1.31388752813247e-02 1.67629990590805e-03 1.08494573218558e-03 5.52270664367629e-09 -4.62991035587437e-02 -3.28742321048956e-02 5.50778810500309e-08 3.08564360827156e-03 8.51928145561157e-03 9.98239815038542e-10 1.04540570036149e-03 -9.26347189009445e-10 -6.14416708552561e-04 -4.30877080491038e-09 -4.47387109401041e-04 2.00608709195401e-03 1.80047283514090e-09 -1.28723083096037e-03 1.76511498613844e-09 -1.11175846525775e-03 -6.04303237892068e-05 2.01755953631544e-09 2.69345681932764e-04 1.88802680369795e-09 1.20730968035866e-04 -1.88160526427691e-09 5.43770137431362e-04 4.75588494304511e-04 -5.00535455319509e-05 -4.00367321200088e-04 -1.00606395574052e-03 -4.65377662512107e-04 2.49392499598925e-04 1.60455405614003e-09 2.37892771083011e-02 -1.21362890790038e-02 -1.16712909481374e-08 2.01117496782003e-03 -1.52041345228052e-03 -6.48984982522830e-10 4.76452873111412e-05 -3.65217448700864e-10 -2.44008714643201e-05 -1.13720841795468e-09 1.63966868487182e-05 3.69211373563409e-04 -5.80962273467079e-10 9.61934412926240e-06 8.32275404760477e-10 2.08355578213162e-04 5.27566489547870e-05 -1.09635177132042e-09 -2.89266767122816e-05 -1.82306871088806e-10 5.16776759963867e-05 3.15266041410766e-10 -3.08834902969586e-05
 -1.66124565683497e-08 1.31455751040281e-08 9.61207039533781e-09 8.56084154716247e-09 -1.07442690498870e-08 -2.44901832456453e-08 1.63096659561336e-03 4.07920910599996e-08 -2.11032048725736e-08 -3.70852783851915e-02 -4.93287920758116e-09 3.32231774290226e-09 3.91979696684030e-03 -7.55482665543980e-09 -8.22781238929519e-04 5.53070095626340e-09 -6.66668859332019e-04 -2.35068484041507e-10 -9.83747799237525e-09 -1.62005900316725e-03 3.60182271266103e-09 -1.73344787410401e-03 -1.16514021728969e-09 2.06886703688276e-09 -3.84485890394991e-04 4.21829714534284e-09 2.98379752668696e-04 4.60757524078650e-09 2.78188099136331e-04 5.35895587572006e-09 2.72238949651467e-09 -6.39684966891359e-09 6.96884227430790e-08 -2.89321592467503e-08 5.82352276237819e-09 -3.13628782169008e-09 2.48245504517371e-04 -2.59314435201801e-08 3.95999882655012e-08 -1.27344498823105e-02 7.81234728344515e-09 -1.00241210634074e-08 2.43562172799742e-03 -3.18200556312885e-10 -2.49185513065602e-04 2.49872122358434e-10 2.56493321332861e-04 -3.64352782255487e-09 -2.83752671431545e-09 -3.13246756524699e-04 3.61959763886542e-09 6.40715072568423e-04 -2.54968927350551e-10 2.21130938586466e-09 6.23634207448944e-05 -1.04199011819865e-09 1.96352949002863e-04 -1.29831074630475e-09 2.13952442251246e-04 -1.66033119235981e-10 5.08260204175532e-09 -3.67910364830159e-08 1.38696321522627e-09 7.28051193756937e-10 -2.46674824398208e-11 -3.59277256386122e-04 -4.94731122010703e-10 -2.86149250747961e-09 -1.05467160262889e-03 -1.15379146295238e-09 -7.61815295506120e-06 6.38000801276759e-10 -2.41627162097871e-04 7.66655032606844e-10 -8.31393125505101e-10 -1.60166279872864e-08 -2.48014500918187e-09 -2.86391939890213e-10 -8.00521685938692e-10 -1.17281485468054e-04 7.74043194536972e-10 -6.42835171352583e-10 -5.27803993677420e-04 3.19271195076050e-10 -2.09253173666016e-05 3.06981808845419e-10 1.05247253389855e-04 1.09187909628546e-10 2.83338364937227e-08 -1.17448813063023e-08 3.48533552129740e-08 -1.47447608927301e-08 -2.14066488933404e-09 -1.70589900772833e-08 1.03559093048926e-03 -5.80075430936893e-08 1.23641394468398e-08 -4.51680847954837e-02 -6.55060763947946e-09 9.98239815038542e-10 2.10508424131239e-03 5.66977109858146e-10 4.91854367784828e-04 3.59335336195568e-09 3.42738763826907e-04 -9.35250324375356e-10 5.64512855022428e-09 1.18217362147619e-03 -9.96651941932410e-09 7.11853385415710e-04 -7.04591100734399e-10 -1.04364914517222e-10 -2.34654282164889e-04 -1.69004294146972e-10 9.53143417491902e-05 5.31328549920852e-10 1.54300636562094e-04 -1.28930804276107e-09 1.33555030000572e-08 -1.97703839275515e-09 -3.00981879369143e-08 2.75942214884581e-09 -3.78743390218544e-09 -1.29071797496384e-09 1.78503149966629e-04 3.84324044282431e-08 1.05353924868626e-08 -5.14558783569769e-03 4.38378905663861e-09 2.77309571553569e-09 8.52224455571543e-04 1.39883672655657e-10 -1.13657315055204e-04 7.68976304461554e-10 -7.27175470538906e-05 -2.00159141335809e-10 1.23879796170069e-09 -2.09192139831465e-04 -3.92308967474456e-09 -5.60639821569019e-05 -2.62537068795479e-09 -7.50565959669444e-10 -1.99143899603143e-05 -6.85864987723381e-10 1.85899496303294e-05 -7.60867119479835e-11 3.86286647988110e-05 -7.47284329858225e-10
 -1.21177298942347e-04 4.59840790799312e-05 9.15789603561749e-03 -4.79865007309195e-03 -1.41454947914459e-03 -2.16440265430059e-03 1.85674904520881e-09 4.97513263774679e-03 1.27816739611322e-02 -6.82227652942189e-09 -3.19133319986043e-03 -4.20895987506468e-03 8.35417770454223e-10 3.60344159364901e-04 4.33911855883424e-10 -1.98883824359131e-04 5.23561272610805e-10 -2.34293175568032e-04 -8.42867031227001e-06 -7.70744510059429e-10 1.20589843184973e-05 -1.69003553381592e-10 9.24736012049258e-05 -5.31411383712250e-05 8.57064089236969e-10 -5.36020150385737e-05 -5.35280332351269e-10 1.50260365166277e-05 -1.14338250812436e-09 -1.65037778411932e-04 -5.67556852739530e-06 6.91208135837715e-05 -1.43327984569319e-03 1.57001827145718e-03 1.41474506619053e-04 7.85261090193909e-05 6.43014197203889e-10 1.21159237623406e-03 -1.99959215845765e-03 4.44623616070242e-09 3.35186536966789e-04 9.82779074146550e-04 5.30785270215764e-11 1.14524847111146e-04 -3.02461181711834e-10 3.05876347772306e-05 3.00953752049419e-12 3.07433040841396e-05 1.78847616540753e-04 -5.32356593500471e-10 -2.44599469998836e-05 2.41438710605727e-10 2.39695255056323e-04 -7.45920700880695e-05 4.27566247687744e-10 2.77127652087793e-05 -2.83775322543550e-10 -1.60055800231352e-05 2.24358236172243e-10 -6.90205956121419e-05 -9.09340879102340e-04 -1.19829736087474e-03 -7.58793044152985e-04 -2.72887258696222e-05 9.75577519006478e-05 9.01871946860114e-11 -4.09196793368077e-04 1.73779462160226e-04 -1.06414775380027e-10 7.34455786724927e-05 2.75493326719542e-10 3.06094478569494e-05 2.30745618262111e-10 -4.81074850442682e-05 -5.60045476729881e-04 7.24643873921878e-04 -6.79909770806089e-04 -2.25418258037150e-05 -1.01995875039862e-05 -5.66808615452660e-11 2.03816102807295e-04 -2.30017060871549e-05 -1.34182471468401e-10 -1.51039582093270e-05 -4.08499156676902e-11 1.58717057160889e-06 3.32714522054827e-10 -6.01951119322178e-06 6.14959991930095e-04 -1.18589932645747e-04 3.36929018673825e-03 -1.65865529317461e-03 3.93167032340214e-04 3.82453788017524e-04 6.08906464756695e-10 -1.37635516829488e-02 -1.13599942283393e-02 -8.35176934700610e-09 7.24616188992737e-04 1.04540570036149e-03 5.66977109858146e-10 2.62431805358783e-04 3.67259004051430e-10 -1.55203578023335e-04 1.18974609928358e-10 -6.33487308285886e-05 6.06543805425834e-04 -6.28917785703075e-11 -2.97815335807138e-04 5.90808141735936e-12 -1.14006799851574e-04 -6.04122973191194e-05 7.03380334823994e-10 5.58450274665037e-05 -1.56590651759928e-10 3.18863343243395e-05 -2.46328918988573e-10 1.27448865459648e-04 2.07962297531896e-05 5.81137744483164e-06 5.37876430432763e-04 -2.49374665950671e-05 8.65565366798169e-05 -5.34647454197870e-05 -2.53449328625850e-10 -5.66451053962280e-04 1.07894362753077e-03 6.74186077991900e-09 -1.46805999691678e-04 -6.89648177193872e-05 -6.31726091233656e-10 8.62331540647516e-06 1.30215249619740e-11 -7.37804302410708e-06 9.02763047153460e-11 -9.95150355428604e-07 6.59886337882192e-05 6.81485101815125e-11 2.21988949785831e-05 3.46620412636841e-11 8.42882800529021e-05 2.17603322242273e-05 5.36953668939594e-12 6.43860895125585e-06 7.24381631066434e-11 -6.08404301750311e-06 8.52788771209881e-11 -1.03236544882495e-05
 -6.51061935232151e-09 3.49338716629982e-09 1.23489360981744e-08 -5.03067029274571e-09 -3.36357856877734e-09 -9.92889664068977e-09 4.07816192609997e-04 1.62397870068390e-08 1.68434030424704e-08 -8.87114533164673e-03 -5.00690043244632e-09 -1.27480895035148e-08 8.62529570527142e-04 -2.28784469752288e-10 -2.31622573961838e-04 1.26783553670118e-09 -1.58016908316089e-04 2.32357998277082e-09 -1.89277097833098e-09 -4.39846634305408e-04 1.38396769904779e-09 -4.10557014878367e-04 2.29092998464648e-09 1.22972147343512e-09 -1.03170816337636e-04 1.13113605513158e-09 6.56507212102307e-05 1.10545486450256e-09 5.78705271190498e-05 1.52581510288259e-09 -6.51201819419551e-10 -3.35998225428316e-10 -1.45757107443275e-08 -1.26367473713067e-08 1.86799731024598e-09 -2.63695375476133e-09 -4.10289918340665e-05 2.12164743939727e-10 -6.17734421226062e-09 -9.33611498771319e-04 5.70442836190319e-09 1.41807928440573e-09 3.88033975532706e-04 7.29622941659607e-10 -1.19714062864354e-04 -9.61592588605008e-11 2.34821395612078e-05 -2.85721073887985e-10 1.39894245445345e-09 -1.83262842244875e-04 3.31805901310698e-10 5.73557373765224e-05 1.08352666152243e-09 -4.05526725678748e-10 3.97766077328219e-05 8.01015919079248e-11 3.18078522689820e-05 -1.64518456151082e-10 3.75550425382753e-05 9.31015070225955e-11 1.48365292550395e-09 1.14531562505757e-08 1.84958691609531e-09 7.87813649204076e-11 -6.67736795495619e-11 -8.66957631696462e-05 9.24191524873392e-10 -3.03301251907104e-10 -2.37941257041755e-04 -2.47537843765638e-10 -3.37331513130196e-06 2.12280895079610e-10 -5.52755626713074e-05 1.84900222477480e-10 -4.48974451031701e-10 -3.43890722571209e-09 3.64072039169726e-09 3.35132819287204e-10 -2.53141753538280e-11 -6.91620712380364e-06 5.38355608637385e-10 -3.79885418294253e-10 -7.49568568373284e-05 -7.41425523791189e-11 -6.14279615440843e-06 6.37834111007654e-12 1.22575121696033e-05 -1.10468040417786e-10 6.89754403860933e-09 -3.23777016274793e-09 -2.69840743817957e-08 -4.10549889039462e-09 -1.62679821798114e-09 -2.16151773179463e-09 2.60341623774030e-04 2.73992334471090e-08 -7.32417327461885e-08 -1.14682672237005e-02 1.55109190856382e-09 -9.26347189009445e-10 4.91854367784828e-04 3.67259004051430e-10 1.22202964247035e-04 6.70490241564409e-10 8.48214418644593e-05 -8.18003475347460e-10 1.91202857513577e-09 2.93462363683911e-04 -3.11246253232003e-09 1.84925591420804e-04 -1.82837440216329e-09 2.57128458713782e-10 -6.18602578145673e-05 -6.35096473487827e-11 2.29201717829246e-05 2.21196612904490e-10 3.80112623409507e-05 -5.59816202978964e-11 -2.71654947893378e-10 1.99677359330222e-09 -7.62122906911702e-09 9.84841138563040e-09 -2.10089815818461e-10 -1.46525336336704e-09 -7.68350279879881e-06 -4.94864304345928e-09 7.93400745790507e-09 1.58423348977320e-03 6.99208863149920e-10 2.82400624716329e-09 1.01307767483152e-04 -6.49113794080059e-11 2.33193703508207e-06 -1.55177447852537e-10 1.97511187277397e-06 -5.28291287510519e-11 -2.00781286224435e-11 2.49058544335872e-05 4.97554756833882e-11 3.18714705764112e-05 2.02790365267169e-10 -5.28445189045042e-11 1.09599066185709e-05 -3.59784520610443e-11 1.50699340053110e-06 4.68607577411467e-11 2.18482320189647e-06 1.30984582188006e-10
 8.90971973179372e-05 -3.62044595530437e-05 -5.57834791016928e-03 3.11820076866118e-03 9.65178952886620e-04 1.29407885010507e-03 2.58967741386352e-09 -4.68036209730266e-03 -7.06548149251367e-03 -6.84267998325632e-08 2.33799038310365e-03 2.50815470032762e-03 6.47305851889788e-09 -2.23527828728377e-04 -2.29010839916631e-09 1.17926019969230e-04 -1.43266065209504e-09 1.27044791328404e-04 4.23056992650096e-05 -3.04425812830923e-09 -2.62845933109917e-05 -3.24463380792275e-09 -9.01400760042151e-05 8.37797733267013e-06 -1.24948969169042e-09 2.78555089573525e-05 8.32275204392699e-10 -7.08984503933496e-06 1.18556741120083e-09 9.66856321008432e-05 -7.27712738707264e-06 -3.07239574703745e-05 2.54482685958192e-04 -7.35778033829156e-04 -1.49145010851368e-04 3.33865052732762e-06 -6.87193413155557e-10 -4.08104348830128e-04 6.76623486896067e-04 -5.67248984217826e-09 -3.49031398146326e-04 -4.97156533739619e-04 2.63060963749567e-09 -7.04405493591624e-05 -9.53683214940760e-10 -4.94943745812772e-06 1.67256709817849e-10 8.96566260265782e-06 -1.00557080616874e-04 -1.44262489213605e-09 3.25430529912536e-05 7.15291569098046e-11 -1.57735788497409e-04 6.79134723135494e-05 2.17296312754303e-10 -1.21851491847244e-05 3.42431589956866e-10 1.12168647277195e-05 2.89082247120030e-10 3.19574700195902e-05 2.82506353141149e-04 1.92537809029663e-03 3.49479969156178e-05 4.95293814118898e-05 -4.50385534459932e-05 -7.65352747668865e-10 2.30206374004359e-04 -9.22167862115102e-05 -1.87097392763093e-09 -3.71483149138349e-05 -1.62534483064597e-10 -2.03014594335378e-05 -6.13963539252161e-10 3.52336246385702e-05 4.17594676704985e-04 -2.85472879912762e-04 4.43212677182227e-04 1.27741441734988e-05 -6.67463925803061e-06 -2.71452699294737e-11 -1.49343409481040e-04 -7.47223614487014e-06 -4.75859607773015e-10 1.90778458315994e-05 -3.17121559309104e-11 -4.75760285132858e-07 -3.60652825510138e-11 7.07516488585836e-06 -3.26517131268714e-04 7.80707579877028e-05 -8.16993108203265e-04 9.61462282582953e-04 -2.11180256193539e-04 -2.73559887123414e-04 2.13793789395853e-09 7.08651403006927e-03 8.63868871768642e-03 -9.04313343278414e-08 -4.04970694374194e-04 -6.14416708552561e-04 3.59335336195568e-09 -1.55203578023335e-04 6.70490241564409e-10 9.77011835571517e-05 6.07507062406824e-10 6.24485723216278e-05 -3.56620531276851e-04 2.69765231077391e-09 1.91354941626868e-04 1.59312588848861e-09 1.44526045774362e-04 1.68886838090849e-05 -1.10219210927527e-09 -3.39706853837252e-05 3.25099557078574e-10 -1.92284254499071e-05 3.74799891084178e-10 -8.39506343337813e-05 -3.35054846659916e-05 -4.16214391269654e-06 -3.33290074534545e-04 -1.64251858415200e-05 -5.67285395346836e-05 4.00691618756329e-05 -1.83924784822838e-10 3.19364094740185e-04 -7.97298596892439e-04 1.55192862729154e-08 6.21925157019654e-05 6.40603724984151e-05 1.02397231389105e-09 -5.03655243885444e-06 9.66017656405320e-11 5.46373775989150e-06 4.04955221227126e-13 4.37374205807237e-06 -4.49606070907570e-05 2.37192250654562e-10 -1.38492649333482e-05 3.42500858053386e-10 -4.98592006164343e-05 -1.22150839583807e-05 1.26766223347278e-10 -4.04017663557886e-06 -2.92225588650352e-11 3.50160652185333e-06 -1.03502789518191e-11 6.32168974761877e-06
 -4.36949739512742e-09 3.20387886487205e-09 -1.00773302517744e-08 -2.13614605413909e-09 1.57042814702822e-09 -3.13728362147492e-09 2.82954671268145e-04 -1.05625701186238e-08 -1.14778884730988e-08 -6.17224354787460e-03 -2.51160078902287e-09 2.83994650770327e-09 6.03477186519018e-04 -3.07128070388634e-09 -1.59599247252304e-04 1.70421431378106e-09 -1.10007943197335e-04 -8.26577744183919e-10 -3.65432958430144e-09 -3.03691867873259e-04 3.16085403622705e-09 -2.85834995772394e-04 -3.23053274404631e-09 -1.28281994139105e-11 -7.12821767536957e-05 9.07538471438467e-10 4.59334602017442e-05 8.02021370095526e-10 4.06521454762990e-05 1.80493625513583e-09 -1.18199316930824e-09 -1.03738492553256e-09 1.58018817806905e-08 7.25255036171478e-09 -1.19470696026210e-09 -7.35937375839366e-10 -2.40578633030227e-05 -4.93893946507930e-09 1.32122327149126e-08 -7.44014882603043e-04 2.27445093438518e-09 -6.33427131724214e-10 2.78679725224066e-04 -4.56028643144138e-10 -8.06060476027105e-05 -6.19026388146891e-11 1.80311463320275e-05 -4.04355479458170e-10 1.28957473558782e-09 -1.22665342432084e-04 -4.21879100629532e-11 4.41936420119804e-05 -2.28653163104244e-09 1.00364457019790e-10 2.65639573635574e-05 -2.38007461629672e-11 2.28086031018772e-05 -1.48090389894569e-11 2.67385851284040e-05 5.42503476863081e-10 2.32253799885481e-09 -9.61043666384592e-09 -6.52030334958481e-09 7.01451064786029e-10 1.27700651271481e-10 -6.02863120588662e-05 1.23192144852351e-09 1.80658043099638e-10 -1.66192811710635e-04 -1.06723732064015e-10 -2.27770493548290e-06 4.90378343057044e-11 -3.85716982234857e-05 4.07552391701945e-10 8.80315129072041e-10 -3.11402933048940e-09 -4.62874279095114e-09 -1.09350356735555e-10 -6.74988254410723e-11 -5.75702816180111e-06 -6.13023070592921e-10 -9.64948663169079e-10 -5.44456732270967e-05 5.05925273696560e-11 -4.22311086182459e-06 7.74295684283915e-11 9.10586713774050e-06 1.21205031001181e-10 1.41290761019766e-07 -1.86026940275361e-09 -1.13637582446170e-07 4.86301895861384e-09 1.78014663919302e-09 -2.49616326473751e-09 1.80572824339811e-04 -6.75828442922874e-08 1.59637964340979e-08 -7.94956650688056e-03 -5.15119561705020e-09 -4.30877080491038e-09 3.42738763826907e-04 1.18974609928358e-10 8.48214418644593e-05 6.07507062406824e-10 5.88891575584506e-05 2.63309704939620e-10 1.70200593980619e-09 2.03703985202647e-04 -1.32277106828065e-09 1.28010369325512e-04 1.08100213970053e-09 -3.26644015893728e-10 -4.27841857342575e-05 -1.34169609639163e-10 1.59417136191819e-05 4.15096620050020e-11 2.63977305106585e-05 -3.76485245674305e-10 -1.13848135297088e-09 1.23611038211491e-09 -3.49934338145320e-09 1.29306406698986e-09 -1.07868803328591e-09 -9.17042184852680e-10 -3.09363346486834e-06 3.39317766505646e-09 -4.72664281843460e-09 9.76411856126189e-04 7.08850407358140e-10 -3.38982012479013e-10 7.50709445185375e-05 -6.75166874271754e-11 3.02851339064210e-07 -4.44159220248761e-11 5.08322246392254e-07 -2.54328376589967e-11 -1.02857965186739e-10 1.39782991853192e-05 -9.21551383062888e-11 2.01508196415526e-05 -3.92732211067646e-10 -1.30476211130687e-10 6.92263677510997e-06 -6.89012417077813e-11 1.17993801719717e-06 6.28937850938512e-11 1.83553055012004e-06 8.53427956032255e-11
 6.94944581783944e-05 5.68625034116571e-06 -3.98516995739670e-03 1.80511669680850e-03 9.30291713961784e-04 6.98477615909776e-04 2.79600477162943e-11 -8.75226939754396e-03 -1.57745618648936e-03 1.41486723796467e-08 2.29884922569886e-03 1.50819194838427e-03 -1.35321469141067e-09 -2.55300170489777e-04 -2.98889515084908e-10 8.45076026303014e-05 7.78367689451102e-10 -1.08269462537397e-04 2.04422108377290e-05 1.10262846909849e-09 3.56899817210436e-05 4.77405323550473e-10 -3.63372540515211e-04 -1.19872008713722e-04 1.08362237709703e-10 -3.71476185693765e-07 1.31084908409004e-10 6.30782238904117e-06 6.82129629109160e-10 7.22830391935332e-05 -4.47282664186395e-05 -2.11981259311703e-05 1.38363353826350e-04 1.16418588952269e-03 -4.45742125333519e-04 2.51822773537303e-04 -4.16122558343027e-10 1.22803051061554e-03 -8.09073684238340e-04 6.54106084303983e-09 -8.50389207667891e-04 2.53409607583042e-04 -1.68341584220373e-09 -5.28830644585242e-05 -5.41466838133145e-11 3.43180124649943e-05 1.08048818134473e-10 1.52662890605231e-04 1.98058627125093e-05 1.86056698598310e-10 5.35614602726930e-05 -4.75859643383532e-10 -1.74136275714278e-04 1.06826462724047e-04 -8.21944756767844e-12 4.02404581655393e-06 -4.78855451647601e-11 1.47768931580788e-05 4.30856154915372e-10 6.14931280447677e-06 -7.22989155322703e-04 3.95132007684397e-03 -1.67711401966523e-03 1.55646062063789e-04 3.87211647036407e-05 5.38758251814231e-11 5.46435303325647e-05 2.06814463573759e-05 2.39927205042706e-10 1.33566520383108e-05 4.65465598815659e-11 -2.01756324137982e-05 -1.42123314984050e-10 4.62505128336873e-05 3.42368427519751e-04 1.72059080917852e-03 -3.01512201117056e-04 -3.29766796698821e-05 -4.44925703283569e-05 -8.64507151406919e-11 -2.22745701056320e-04 -1.10586803956732e-04 2.15162031303840e-10 4.43603090782830e-05 1.01464825883135e-10 4.65647172168911e-06 1.66550058757910e-10 2.76352567800321e-05 -4.19332245700240e-04 5.12036204912301e-05 -1.07777935545638e-03 7.61173049345282e-04 1.19291814038796e-04 -3.31862519656820e-04 1.47230911278725e-09 -5.39522855766207e-03 1.28274974656679e-02 1.43752960333739e-08 -3.63397107320239e-04 -4.47387109401041e-04 -9.35250324375356e-10 -6.33487308285886e-05 -8.18003475347460e-10 6.24485723216278e-05 2.63309704939620e-10 1.51961646386690e-04 -9.51205001481845e-05 3.51883030860454e-10 1.57231895502958e-04 -6.25315284279524e-10 4.32813228495973e-04 -8.49349507860398e-05 -8.19935095228678e-10 -1.80058777343320e-05 -1.61154347696038e-10 -1.34661191442925e-05 -5.71735130535827e-10 -7.38493779287102e-05 -2.54155823108503e-05 -9.97744006861054e-06 -5.42633631247965e-04 -3.94472025155317e-04 -5.63165511079348e-05 7.55140588730215e-06 -2.91062867566867e-10 -7.70399719303671e-04 -5.61881409740490e-05 6.08266747890760e-09 -1.38985068172123e-04 1.70850322920274e-05 2.15497618910196e-10 -1.42650795977559e-06 1.36694190902964e-10 5.16511880271995e-06 8.22515524113242e-11 5.86634204102032e-06 -3.73439049173870e-05 1.97393288073990e-10 -1.90655822678144e-05 1.60341811929959e-10 -6.47122312384687e-05 -1.04987197065513e-05 1.10155186497287e-10 -2.33052846577242e-06 -4.42878141539081e-11 -1.54252373954771e-07 -1.73939693784005e-11 5.53379129638518e-07
 -2.35506249152975e-03 2.07676968959940e-04 2.02066445711624e-02 -1.04336030323445e-02 -2.93619673592174e-03 -4.97184927195329e-03 7.03802596990357e-09 7.96833595292022e-03 2.97403068845059e-02 -8.97280715317016e-08 -7.18389643974249e-03 -1.01336516017761e-02 1.00195773246055e-08 7.29127538260725e-04 -1.22636198658478e-09 -3.64797522721889e-04 -1.54623900761887e-12 -6.16187696580431e-04 -1.18266778697046e-04 -5.83340885227384e-09 2.32022533739901e-04 -4.23915170873407e-09 1.34420932841107e-04 -1.10044774056698e-04 1.08139008508358e-09 -1.11003623037606e-04 -2.51181577273374e-10 4.50929450732213e-05 -1.77622691033382e-09 -2.76298967299662e-04 2.76988565252545e-04 2.20416356465942e-04 -5.09447880647988e-03 3.49606281125401e-03 9.24453686383101e-04 9.17645484336570e-04 1.65953998330667e-09 -2.73109013089163e-03 -8.19059161604090e-03 -1.42540985136235e-08 2.70046923352143e-03 3.59948686517750e-03 4.45017229968978e-09 3.33936372775149e-04 -4.03274481169964e-10 8.19417844489445e-05 4.66073468665903e-10 -3.44641607176444e-05 4.10024947145653e-04 -2.41797907254086e-09 -2.81906199473947e-05 2.01762218892710e-09 4.06483493138846e-04 -1.40569044052267e-04 2.22825403963797e-09 8.13227687815003e-05 -2.57999789183328e-10 -2.84860053706324e-05 7.26637778329414e-10 -1.33232063408495e-04 -2.54446151993065e-03 -1.48742094180808e-03 -3.14079964015971e-03 3.71651079538995e-05 2.30644220970823e-04 -4.83439378732341e-10 -9.29516550392085e-04 4.64835169667463e-04 -2.55756470019307e-09 1.63956031838667e-04 6.79529221215639e-10 5.80031455595631e-05 1.79521001663688e-11 -7.90943356374879e-05 -4.69245679434156e-04 -4.40439269898537e-03 -3.48740609437057e-04 8.16696068097713e-05 -6.43126903011277e-05 -4.41873156095869e-10 6.08108287071983e-04 -1.53694951466670e-04 -9.71803134848741e-10 -1.64761336075488e-06 -5.51533400537482e-10 2.15186169256829e-05 7.82053424170679e-10 -4.64912169320819e-05 -1.89149612633814e-03 -3.08982715204833e-04 -3.41443081708638e-03 -3.16518900843993e-03 1.02118219462375e-03 8.92452146781579e-04 3.65492773796761e-09 -3.74039624126438e-02 -2.51105826901175e-02 -1.12085994643802e-07 1.30769932753603e-03 2.00608709195401e-03 5.64512855022428e-09 6.06543805425834e-04 1.91202857513577e-09 -3.56620531276851e-04 1.70200593980619e-09 -9.51205001481845e-05 1.55340454393369e-03 1.45471127525332e-09 -6.49227875372742e-04 5.67471611787511e-10 -6.99219451242130e-05 -1.92061009351019e-04 1.22002443333995e-09 1.26016470629880e-04 -7.93382619657230e-10 6.32197483945650e-05 -5.03379684620955e-10 2.87487374164813e-04 -6.27372012939241e-05 -9.18961577687799e-06 1.75444542767919e-03 -4.14811838313648e-04 8.74809989550060e-05 -2.03138916372971e-04 -3.55397373709979e-10 1.60308073894837e-03 6.28731585867392e-03 7.54015574045486e-09 -3.69056461724429e-04 -4.66119322560074e-04 4.39336358088099e-11 8.07221269193674e-05 -3.14264151807853e-10 -5.67171619969374e-05 -1.11013027214724e-10 -4.32094115524500e-05 2.67618247221377e-04 -4.28586602494605e-11 -3.47372567664389e-05 1.74008496354964e-10 5.45919493223603e-05 3.74508876595830e-05 -2.08248054506905e-10 -4.48219852018574e-06 2.48891145380548e-10 -1.85575032550277e-05 4.94965254577038e-10 -6.95749416404354e-05
 1.90751951538907e-09 8.08470449749552e-09 -1.13018134328751e-07 3.57067553351276e-08 -6.98488169720806e-09 -1.58479745998389e-08 9.79258891593285e-04 -4.61549851590968e-09 3.62090439973662e-08 -2.13146679509919e-02 1.15819367094392e-08 3.44355134168074e-09 2.07494503798979e-03 -2.85156999894816e-09 -5.55337959861947e-04 4.07209846514201e-09 -3.79716049467765e-04 -5.73816038604496e-10 -1.66504766551435e-09 -1.05504320657084e-03 -4.45826845230952e-10 -9.86582900303308e-04 -2.47087944149769e-09 3.16389702107532e-10 -2.47508251938901e-04 2.02126158746413e-09 1.57932941082427e-04 2.76423093193791e-09 1.39339578338166e-04 3.47149652027632e-09 -3.96402922288306e-09 -9.21179353084713e-10 -1.99063895867619e-08 2.24642821822451e-09 -1.29998517573121e-09 6.31318983030993e-10 -9.51738617641614e-05 1.54383605390064e-08 -3.17837786053914e-08 -2.31485189965376e-03 -1.13426998856099e-08 9.76611216916993e-09 9.38929008586589e-04 1.83825650324934e-09 -2.85597491333289e-04 4.84065317112975e-10 5.77052613661097e-05 3.01406413085607e-10 3.61067164865194e-09 -4.36649941343998e-04 1.86640606044850e-09 1.41062025365637e-04 1.72036211176979e-10 6.85717541857498e-10 9.47278062702417e-05 2.98739351077926e-10 7.69389479844084e-05 -2.13716190667307e-10 9.06955521343776e-05 3.81509927330507e-10 5.21930158788318e-09 -4.70672756399926e-08 1.69871410823842e-08 -6.05979811932298e-10 8.83626850495029e-10 -2.08278034011987e-04 -3.12255168433746e-09 -1.93892789166996e-09 -5.72187247460851e-04 -1.99550460036908e-10 -8.05243654203291e-06 4.75951362396661e-10 -1.32896009946097e-04 2.01622991436128e-10 4.31736526604233e-09 7.69655531772339e-09 4.90055531530500e-09 1.26929376679918e-10 -6.51686792718586e-10 -1.73346475830696e-05 -1.66169635246125e-09 -2.23867633439092e-09 -1.81838811766869e-04 4.12334288196299e-10 -1.47206931713983e-05 5.63212213548283e-11 2.98893275263901e-05 2.03345581124288e-10 -2.21154730552602e-08 -6.42313884226435e-09 2.04347421100796e-07 -1.08164281091282e-08 -2.55799323438183e-09 -1.42356016433632e-08 6.25093782288820e-04 -1.58451780199090e-08 1.11736991762369e-07 -2.75322499189056e-02 -1.12293694473662e-09 1.80047283514090e-09 1.18217362147619e-03 -6.28917785703075e-11 2.93462363683911e-04 2.69765231077391e-09 2.03703985202647e-04 3.51883030860454e-10 1.45471127525332e-09 7.04738782191605e-04 -4.86836649280267e-09 4.43823265123321e-04 1.87916609472143e-09 -5.35811587729133e-10 -1.48437070493970e-04 -1.58347598833181e-10 5.50661377469895e-05 2.59298704270008e-10 9.12921651358695e-05 -1.14642593215744e-09 -1.13132501080987e-08 4.33463850275516e-09 1.12178133198239e-08 9.04778822922675e-09 -1.44080974173749e-09 -2.96786400804225e-09 -1.67519364528309e-05 -3.19369806640440e-09 5.49247519428437e-09 3.71093281598642e-03 3.57932623819436e-10 3.43390098931620e-09 2.46890760481823e-04 2.14325676442605e-11 4.60151158370622e-06 -3.51242472785629e-10 4.08849570071996e-06 -2.90268550345094e-11 3.75078612114738e-10 5.72987313083587e-05 -2.68681653930097e-10 7.50413094520377e-05 -5.46216389913610e-11 -1.42562703150482e-10 2.57999221327216e-05 -1.41582964999576e-10 3.72057991212951e-06 1.19779800262180e-10 5.48881648260038e-06 1.65561252419165e-10
 1.32444703073723e-03 -7.08890231270890e-06 -1.30633812951627e-02 6.09719672317428e-03 1.80996597584050e-03 2.55216204639814e-03 -9.01720800258999e-09 -9.34442327583949e-03 -1.33366717713613e-02 1.75886403074717e-07 4.22292339214648e-03 5.08274394697032e-03 -1.72301063067405e-08 -5.01559566762457e-04 3.57281254324980e-09 2.67948094870958e-04 2.87487320752412e-09 9.81077448829569e-05 2.04946835225472e-05 9.15617400753358e-09 5.68228370515438e-06 8.06254638397472e-09 -3.18031955147747e-04 -1.15813331347712e-05 1.10735212051764e-09 4.82493899352367e-05 -6.71694877688760e-10 -8.39505023058896e-06 3.15333186651160e-10 2.22268408788758e-04 5.57054379460629e-05 -6.07733709278979e-05 1.62542773133107e-03 -8.87163084498477e-04 -1.92582469279053e-04 3.28558135279380e-04 -7.18717144288299e-10 -2.15541604315975e-03 4.44343980861248e-04 1.87623067514204e-08 -3.80604805030384e-04 -2.98856674527381e-04 -8.58889612686363e-09 -9.63473910610927e-05 2.61542874557106e-09 -1.05243146958854e-05 -3.86426944248920e-10 3.47687578650026e-05 -1.73687720440836e-04 3.64497352585597e-09 6.93791195535920e-05 -1.54868712948935e-09 -3.15937931593216e-04 1.29480710954184e-04 -8.65666815279944e-10 -2.22928019962690e-05 -2.42755390975864e-10 2.49289004842776e-05 -6.94319173184392e-10 8.05925997996028e-05 5.79122949641206e-04 1.69045520393202e-03 8.50112604705256e-05 8.87686501297070e-05 -7.17980685924093e-05 1.53176077805487e-09 3.47792572110512e-04 -1.72946253624123e-04 4.65687051553605e-09 -6.80700155713638e-05 -1.62320406452535e-10 -4.12143744126117e-05 7.94876734672870e-10 6.59859095166031e-05 9.27843232812403e-04 -1.18521688792501e-03 8.07096502495719e-04 3.60095071279249e-05 -2.00972588154364e-05 1.44760885093128e-10 -2.87192923428796e-04 -5.80872257439275e-05 1.78876537257285e-09 4.48413370396777e-05 1.30408087543115e-10 5.57484545022236e-06 -5.53585235728714e-10 1.25481844234290e-05 1.31170995734391e-03 1.59054259041358e-04 -3.52090856521141e-03 2.18257012974920e-03 -3.09173307322756e-04 -5.95585259078564e-04 -4.38914523469197e-09 9.57562765223969e-03 1.96630315328113e-02 2.23252363189163e-07 -1.01704949173295e-03 -1.28723083096037e-03 -9.96651941932410e-09 -2.97815335807138e-04 -3.11246253232003e-09 1.91354941626868e-04 -1.32277106828065e-09 1.57231895502958e-04 -6.49227875372742e-04 -4.86836649280267e-09 4.01858790551019e-04 -3.76324316035104e-09 3.97415780419074e-04 3.74587129964089e-06 -1.85188150710524e-10 -6.45701133531588e-05 -3.32347704666028e-10 -4.24617516812183e-05 -8.30573581585380e-10 -1.69697755668308e-04 7.42952583938907e-05 -2.40246585202115e-05 -8.66033902331389e-04 -3.87657796187006e-04 -1.36184072165268e-04 1.09880400077035e-05 1.86920213024627e-10 6.63304188402855e-04 8.05318884083498e-04 -2.87775353459509e-08 4.38470996463756e-05 -3.57167074149747e-05 -1.16275176392060e-09 1.21896053249015e-05 -1.10669847009672e-11 -5.08223479083088e-06 -8.40082647742235e-11 -1.55750429075571e-05 -3.37034779925047e-05 -9.61715336065406e-11 -6.49350563277576e-05 -3.99862580306946e-10 -1.73874086282199e-04 -3.31892304932436e-05 -1.80983445634221e-10 -1.25062807679345e-05 -1.25560734461809e-10 3.66537591441042e-06 -1.12471041359891e-10 -7.27257074201082e-06
 4.32520672507157e-09 4.71519429424148e-09 -6.19812413498644e-08 2.37440324761961e-08 -5.56880727291193e-09 -1.39392827327381e-08 6.19838781534277e-04 5.15558733977447e-09 4.68013965169543e-08 -1.30673667860640e-02 8.36125345363022e-09 -1.31146332474022e-08 1.18926232193151e-03 1.08599481435757e-09 -3.78833808484342e-04 2.18672005365018e-09 -2.31186411341123e-04 3.25020016091288e-09 1.18890442137368e-09 -7.04490031717025e-04 -1.38135390271740e-09 -6.00323437661770e-04 3.05197717890672e-09 1.30007764130467e-09 -1.64085707157293e-04 1.30993901120471e-09 9.05125544840998e-05 1.67507017634329e-09 7.58609813674180e-05 2.02028407220385e-09 1.73909306057145e-09 1.31356204700982e-09 -6.67406295142240e-08 -1.24636352082480e-08 6.36942792216741e-10 -2.06537314233830e-09 -1.69052043712660e-04 1.54009426235511e-08 -4.42888619439195e-08 9.09964823575304e-04 -2.89607696484717e-09 9.46922545600378e-09 3.61093438320453e-04 2.15368446661254e-09 -2.41358539813116e-04 3.35364428163803e-10 -6.37818970754044e-06 7.08768872194866e-10 3.81733073760746e-09 -3.87131936187859e-04 1.14318419102987e-09 -1.92592625137314e-05 2.16385750494042e-09 -4.71088950995892e-10 8.54814245596878e-05 5.62510579368029e-10 3.04532193408099e-05 -8.01380028113168e-12 4.05817633073605e-05 4.87433892515424e-11 2.76195446611386e-09 2.09340591101905e-09 1.58984066220202e-08 -7.36357043223073e-10 3.81406328225995e-10 -1.28519347429799e-04 -1.17406911477399e-09 -1.19078441709106e-09 -3.34973859126402e-04 -1.58529010581507e-10 -6.64665905327308e-06 3.83035851085307e-10 -7.86918366766388e-05 2.01247636329297e-11 4.34116082333479e-09 -3.67507712245197e-09 1.39288099683523e-08 8.16078929340856e-10 -2.61897438374803e-10 1.26780007677582e-05 -5.15449533613260e-10 -1.37276191250774e-09 -5.49228335176153e-05 1.18581061611609e-10 -1.02786385938305e-05 -7.60617600745107e-11 4.08144747461295e-06 -9.84262747381954e-11 -8.10327800686667e-08 -4.36807395760706e-09 1.62234826274355e-07 -1.10713977113475e-08 -4.50608725986137e-09 -7.13749642260504e-09 3.97137757695411e-04 8.66176770852592e-08 -1.57342402425779e-08 -1.76108372389646e-02 5.27040756351895e-09 1.76511498613844e-09 7.11853385415710e-04 5.90808141735936e-12 1.84925591420804e-04 1.59312588848861e-09 1.28010369325512e-04 -6.25315284279524e-10 5.67471611787511e-10 4.43823265123321e-04 -3.76324316035104e-09 2.88238964107228e-04 -1.24176049776526e-09 1.85598533991667e-10 -9.73181586995875e-05 -1.19966778374385e-10 3.38917532946736e-05 2.72433969990147e-10 5.71823876026487e-05 -4.42042878276719e-10 -7.37981712899909e-09 5.36511451090870e-09 -2.81840307721741e-09 1.83854812465674e-08 5.11967414382756e-11 -2.87412828104898e-09 -6.58175164415139e-05 -1.31988813064214e-08 8.33977105597484e-09 5.37871462926513e-03 5.78779264701959e-10 5.97580910935670e-09 3.82971754722834e-05 -1.07297826580353e-10 3.53666713314425e-05 -5.85463275048934e-10 2.38617766972943e-05 2.78493855864098e-11 -1.12230259353133e-10 1.17756718096557e-04 9.57763014814919e-10 9.59294941161827e-05 1.08937975330700e-09 8.63144963603746e-11 3.31524310539670e-05 6.41036257490187e-11 -9.60264146175142e-07 1.55463122973151e-10 -4.41368381460713e-06 4.55198431622030e-10
 1.04181738944074e-03 5.39700530486336e-05 -9.52304925561181e-03 4.52560121266674e-03 2.41679715065018e-03 1.44667673424093e-03 2.72756376702517e-09 -2.79467959357770e-02 8.97910852854752e-04 6.40816578487229e-09 6.48841348968083e-03 2.32402728066383e-03 1.54521375281647e-09 -4.89129740956978e-04 -1.22276639580079e-09 1.97076358198429e-04 2.14759550295282e-09 -2.62426648440769e-04 2.37029299138269e-04 2.41596630875755e-09 3.57410942567635e-05 -2.23858846436326e-10 -6.37144254361520e-04 -2.75750425103267e-04 8.51516999684556e-10 -1.89893760643307e-05 5.96183009541491e-10 3.46496732699453e-05 1.89272919906146e-09 2.12267917924806e-04 3.31360623517975e-04 6.79485342238552e-05 -1.91203070500313e-03 1.73338576617734e-03 -3.54377214218250e-04 1.65980204808888e-03 1.50428393782193e-10 -1.92168977912221e-03 -9.12987888673655e-03 -2.91281332391744e-08 -3.05013354284505e-04 3.09131245756589e-03 1.13289693663267e-10 1.22345286178346e-04 1.64436455238748e-09 8.04544837831908e-05 1.55019446126985e-09 4.91156764947712e-04 7.82609754467579e-05 1.40036392882408e-09 1.97766761056575e-04 1.22302728760232e-09 -1.44001887775740e-04 2.83119873126712e-04 8.75147289522205e-10 4.80796991206619e-05 4.74774224322149e-10 4.19390042370753e-05 1.54676101618813e-09 1.14883955867984e-05 -3.32012647453821e-03 1.53988298160554e-02 -6.00598418646225e-03 5.14261608361430e-04 1.26908105180365e-04 -3.96727430045742e-11 -6.36364466605040e-05 9.45557745858478e-05 -5.16067810523387e-10 3.85075189724791e-05 3.51648353518905e-10 -5.83543341882539e-05 -5.68029418914480e-10 1.26001202264287e-04 1.54744904980858e-03 6.52816735162423e-04 8.44655366170900e-04 6.35363946147611e-05 -1.71318324276520e-04 -7.96875235185793e-10 -4.16257817958445e-04 -3.72563204756713e-04 -4.84475926419735e-10 1.56145145831832e-04 -4.77694783566893e-11 2.98084259418985e-05 7.09184072235835e-10 2.53988304689504e-05 1.42614911154033e-03 1.40911522481308e-04 -1.46286347938148e-03 1.94659318835278e-03 3.02709936340574e-04 -7.99470549005214e-04 4.58176703772172e-09 -1.71762395328447e-02 3.30047094563624e-02 1.13138898399257e-08 -6.36015550129445e-04 -1.11175846525775e-03 -7.04591100734399e-10 -1.14006799851574e-04 -1.82837440216329e-09 1.44526045774362e-04 1.08100213970053e-09 4.32813228495973e-04 -6.99219451242130e-05 1.87916609472143e-09 3.97415780419074e-04 -1.24176049776526e-09 1.34576332095804e-03 -2.91147534147994e-04 -2.29075386170458e-09 -4.32083314813782e-05 -3.01888315359516e-10 -2.97064920438237e-05 -1.43770238317707e-09 -1.85155011736081e-04 -5.94824400648039e-05 -5.87850174838133e-05 -7.58802408457925e-05 -1.34062513401452e-03 -1.34056941971407e-04 -1.76327112491963e-04 -2.51502901037131e-10 -2.45464048349700e-03 8.66764664287658e-03 -3.63008219026918e-08 -7.33401645727531e-04 -1.68656992330180e-04 2.86111435599784e-09 8.21937635134149e-05 -5.23920978846363e-10 -4.95642971364477e-05 -2.42014674439631e-10 -6.48512872811043e-05 5.05815562948893e-05 -2.83625916164745e-10 -1.74743109950054e-04 -4.88092023028419e-10 -3.77624295960667e-04 -5.08020992393139e-05 -2.02897586711292e-10 -2.43503260100868e-05 7.29899028498283e-11 -1.66387848435065e-05 2.53227601675983e-10 -6.70116579825762e-05
 1.96294932047287e-05 -3.31628663788495e-05 -6.48866540637725e-04 4.08406509167203e-04 -1.40899225605664e-04 3.95939201675661e-04 -1.46598744114053e-09 5.33302636479510e-03 -4.66922470847065e-03 3.40199966124306e-09 -5.53352975965391e-04 9.31803721302580e-04 -6.66741266432832e-10 -3.11984855211775e-06 3.63698759480475e-10 1.26584815312726e-05 -6.73955109377492e-10 1.31135385761868e-04 -5.58550579994105e-05 -9.50730106699616e-12 -2.24810733777463e-05 2.29993184822530e-10 1.19586519800347e-04 8.62292149130960e-05 -4.39260968277904e-10 2.25013050339322e-05 3.67263874043273e-11 -1.33420468899365e-05 -5.76610525370339e-11 -1.72863473593705e-06 1.85283161493769e-05 -4.52883640685866e-05 1.29413033736512e-03 -9.66360269329267e-04 4.10196170937167e-05 -4.46622557227686e-04 -2.91869040434471e-11 -6.65751921673565e-05 3.16898170268042e-03 -1.37735537736312e-09 -5.08377914669992e-05 -1.11866413001718e-03 4.77004858339617e-10 -6.69237335315772e-05 -7.21597945952544e-11 -3.43257121133906e-05 -2.73559913133381e-10 -1.21326036420160e-04 -8.18186397208032e-05 2.80598704451468e-10 -4.24519796047873e-05 -5.96722073728425e-11 -3.22262231012052e-05 -4.98891730432269e-05 -5.06944929720447e-10 -2.23735613782354e-05 5.53579008267667e-11 -4.58042932038467e-06 -5.13781477373925e-10 2.37091631439509e-05 1.11802752054872e-03 -3.52157188966371e-03 1.76952131809395e-03 -1.20392232505745e-04 -6.61108237160609e-05 6.59879921814155e-12 1.43898357881508e-04 -8.83176000084793e-05 1.92239072202465e-10 -3.54880680763985e-05 -1.72690916828450e-10 4.22242741082012e-06 7.28075009509351e-11 -1.67697634148969e-05 -1.89972193861656e-04 -2.86608052176903e-04 1.51032523196255e-05 -9.07929126402608e-06 4.97404095207324e-05 1.67143535812014e-10 2.57636918041651e-05 1.03999042311813e-04 4.57152933228315e-11 -3.57715180927687e-05 4.60245714703643e-11 -7.55096502261638e-06 -2.90902871090141e-10 -3.92837869666722e-06 1.19182826118761e-05 8.79243530350006e-06 -3.27934622106770e-04 7.22002892448911e-05 -2.04234601435020e-04 6.35707609648886e-05 -1.37972714198985e-09 8.80761927004367e-03 -4.07298796399939e-03 5.79047604303511e-09 -9.09597914728172e-05 -6.04303237892068e-05 -1.04364914517222e-10 -6.04122973191194e-05 2.57128458713782e-10 1.68886838090849e-05 -3.26644015893728e-10 -8.49349507860398e-05 -1.92061009351019e-04 -5.35811587729133e-10 3.74587129964089e-06 1.85598533991667e-10 -2.91147534147994e-04 9.22262512286093e-05 3.55062767911375e-10 -8.24851016969448e-06 1.30241895097580e-10 -3.26726715325054e-06 4.11588608219970e-10 1.79927410217850e-06 2.11882979542070e-05 1.18034740764894e-05 -1.57994031423158e-04 3.19418485805109e-04 1.07705749643665e-05 5.38804849808604e-05 3.29296882546514e-10 3.86786654800304e-04 -2.20711893377725e-03 -3.69737520111280e-09 2.23346539538726e-04 5.85234100040004e-05 -1.36224462659787e-10 -2.45419652853269e-05 9.79461002113661e-12 1.45037039772286e-05 -1.58774871492425e-11 1.17453904848765e-05 -3.93047929843884e-05 -1.58157095563093e-10 3.38641955631128e-05 -1.16679934572040e-10 5.00603204661254e-05 1.36275626749219e-06 -1.57456556253606e-11 3.99579763861291e-06 -2.87815477676322e-11 5.94378784411867e-06 -1.11683588246086e-10 1.94307685107503e-05
 1.16348359293127e-08 -1.81895815739544e-09 8.30571098541124e-08 -2.82255151759256e-08 -2.07850413981204e-09 -1.91522625566773e-09 -2.07634182609676e-04 2.50555106846721e-08 1.29753972200431e-08 4.33303621115502e-03 -1.30086140274551e-08 -1.45255665980331e-08 -3.85421792044139e-04 1.96785246878886e-09 1.29754936728526e-04 -1.76620356154728e-09 7.64864926884972e-05 1.12548243458300e-09 -1.07711778453863e-10 2.39820767869543e-04 3.41115138105322e-10 1.98575264789228e-04 3.18531039781992e-09 4.47887812865482e-10 5.57404292957660e-05 -4.10137741649933e-10 -2.93328990757535e-05 -5.80336209551509e-10 -2.41239279542344e-05 -1.29304864158879e-09 6.13149133858733e-10 -2.31484944314271e-10 1.30469823717351e-08 -9.37195246502455e-09 2.29810273289939e-09 -1.45670735883410e-09 6.79901786796870e-05 -6.54353457515713e-10 9.76017229707696e-09 -5.52816701013984e-04 6.89860476633619e-09 -3.66740405411320e-09 -9.66089293621548e-05 -1.90809061631795e-10 8.71762162527236e-05 -3.57359053875214e-10 6.61619032413990e-06 -4.15061492128136e-10 -1.30310041694478e-09 1.41245003204535e-04 -6.92110591704828e-10 1.77849690729390e-05 1.55819709076426e-09 -4.02381581897057e-10 -3.12994064733125e-05 -1.51178635620930e-10 -8.29610242955705e-06 -1.37730889791685e-10 -1.18373463507668e-05 -3.21154269588616e-10 -3.72666994894619e-09 2.65232212769720e-08 -6.87658210886899e-09 1.83989111201521e-10 -3.17770649711214e-10 4.27055336483689e-05 8.57360899453199e-10 7.52317697650778e-10 1.09369683671486e-04 3.28059914062315e-11 2.38831297179378e-06 -2.72953549087780e-11 2.57936298270726e-05 -1.45008592538857e-10 -5.49728243857550e-09 5.07448172275026e-09 -3.55990104580286e-09 -1.57727526358768e-10 2.10536728343151e-10 -6.71623486524645e-06 1.66170169268561e-09 1.15766014479220e-09 1.21151568302392e-05 -2.36251046856300e-10 3.54347889312697e-06 -1.60523887841652e-11 1.81991847651383e-07 -1.58725581545141e-10 1.25812887800917e-08 9.26718901655544e-10 -6.75168635281334e-08 -2.53461637532745e-09 6.08732357849036e-10 5.70462239219078e-09 -1.33187471947103e-04 8.17656370210198e-09 -1.09101869838692e-07 5.91848833953816e-03 3.44338660843503e-09 2.01755953631544e-09 -2.34654282164889e-04 7.03380334823994e-10 -6.18602578145673e-05 -1.10219210927527e-09 -4.27841857342575e-05 -8.19935095228678e-10 1.22002443333995e-09 -1.48437070493970e-04 -1.85188150710524e-10 -9.73181586995875e-05 -2.29075386170458e-09 3.55062767911375e-10 3.29507960311024e-05 1.57796757609295e-10 -1.12525118635435e-05 8.46346533000720e-11 -1.90920964784842e-05 7.12533845654216e-10 7.88117847396855e-10 -1.91858262489096e-09 2.98813253277376e-09 -1.61414315895575e-09 7.09905338811576e-10 9.30079489524667e-10 2.78125685962365e-05 5.10676054129662e-10 1.81939846735570e-09 -2.11811281433790e-03 -5.23133230794220e-10 -7.60468386816496e-10 -5.10779143276387e-07 3.79270190237871e-11 -1.52357202830754e-05 2.06436225303385e-10 -1.02144675564613e-05 2.34080232292980e-12 8.09272448340901e-11 -4.79545471766564e-05 -2.40439922134419e-10 -3.71912583284444e-05 2.16634523102524e-10 7.13218077246379e-11 -1.28618257447256e-05 2.89324623291844e-12 6.67820548816524e-07 -9.12268881424425e-11 2.30208555927182e-06 -1.51295227085840e-10
 -4.47066879145797e-06 1.79238495506959e-05 1.26794385330071e-03 -9.24794124410095e-04 -4.17911600574500e-04 -4.86705490498421e-04 -6.06514522472642e-11 2.23283537624446e-03 2.63256934820896e-03 5.47133177329169e-09 -9.38529786648585e-04 -8.14060993160966e-04 -1.53315206433307e-10 7.53591004147932e-05 5.39023118467584e-10 -3.55818286231528e-05 2.02280493808077e-10 -9.16125840796907e-05 -1.30681425865112e-05 3.96154171424366e-10 -2.40660886192009e-06 3.75499669672044e-10 -1.53937189749218e-05 -1.32157944703833e-05 3.15039498855161e-10 -1.36843610311260e-05 -2.08217302767009e-10 2.64688660304496e-06 -3.64078708382983e-10 -3.81281136379664e-05 1.36010027952724e-06 1.60840676449953e-05 -3.19071532049493e-04 5.42100474288488e-04 4.86965727543182e-05 1.48736205120387e-05 6.74815121751360e-10 -1.40576112419202e-06 -1.47552178564549e-04 -7.78125930045837e-09 6.88955073680972e-05 1.69162507369949e-04 5.45973277748735e-10 1.91422161646877e-05 2.80610087936368e-10 1.21171263736063e-05 1.00171025123033e-10 -2.06772572348389e-05 3.25371213567425e-05 4.51591225746712e-10 -3.75327113861976e-06 4.29876303872619e-10 3.03379285000363e-05 -2.10426089130208e-05 -2.64659770064120e-11 3.71989475943277e-06 -3.63593714020695e-11 -3.92735382857620e-06 4.61441986034369e-11 -1.50956653175035e-05 9.49130762336852e-06 -1.82413624694407e-03 2.06671144217079e-04 -3.69400966916034e-05 2.11993843499834e-05 9.60489431766931e-11 -1.21739084840643e-04 2.83882766971826e-05 1.46327404309862e-10 1.57568407083215e-05 6.20217458008641e-11 8.67493018749125e-06 1.41155629564057e-10 -1.72254999640559e-05 -8.72791539873904e-05 -3.24376390784255e-04 -1.19691558528487e-04 -2.08916547423389e-06 2.18111793726574e-06 -9.99610000883881e-11 5.49099781655430e-05 -5.34094783861532e-07 -1.86267650562999e-10 -6.79445815706283e-06 -1.49886004020383e-11 3.43926581416907e-07 9.24659687962944e-11 -1.38761180025736e-06 -6.22618932710921e-04 -2.80364670911526e-05 1.43149287567190e-03 -3.89206196621300e-04 9.03260680908315e-05 6.49843568922780e-05 -1.36531968652110e-10 -3.14851862688179e-03 -2.22946021437440e-03 9.80291215906378e-09 1.07453100844824e-04 2.69345681932764e-04 -1.69004294146972e-10 5.58450274665037e-05 -6.35096473487827e-11 -3.39706853837252e-05 -1.34169609639163e-10 -1.80058777343320e-05 1.26016470629880e-04 -1.58347598833181e-10 -6.45701133531588e-05 -1.19966778374385e-10 -4.32083314813782e-05 -8.24851016969448e-06 1.57796757609295e-10 1.43368176651870e-05 2.48151506594721e-12 5.39081716119903e-06 -1.05290028259668e-10 3.05556958077190e-05 -7.62840921630900e-06 -8.42708831028141e-08 3.31403909369366e-05 -3.53320159163601e-05 1.34040251511853e-05 -4.67632804566548e-06 1.37788514082397e-10 1.77554923608877e-04 -1.54771413225026e-05 -1.22379391407855e-08 1.35565056619351e-05 -3.81346824246874e-05 2.17285050913239e-10 6.10411454426689e-07 -1.21989338748525e-10 -7.41668220282870e-07 -7.46242616184550e-11 3.86546911689012e-07 2.04761203635128e-05 -3.83775415249244e-10 7.34245161365226e-06 -2.15595494846503e-10 2.15904827068309e-05 5.17730691438298e-06 -9.16554677315328e-11 1.47016396209387e-06 2.76491792531447e-11 -3.29801151412935e-07 5.52750332960195e-11 -2.38056683606574e-06
 -1.28617493688620e-08 3.90674203197393e-10 -3.54531729276331e-08 1.16340943864909e-08 -2.65852837352189e-09 -1.65143915738614e-09 7.62340353860764e-05 7.55627233678199e-09 1.64030546363885e-08 -1.69755427469867e-03 3.11902049336071e-09 -1.99882432763251e-09 1.72720474050171e-04 1.23931661863535e-09 -4.07691233247527e-05 2.70811901740387e-10 -3.03863164599306e-05 7.10815266191248e-10 1.61610208466128e-09 -7.88267848084468e-05 -1.69756321851228e-09 -7.89814671430177e-05 2.10104490428969e-09 2.67829520748718e-10 -1.85991735834349e-05 -1.31967320943936e-11 1.31471509226852e-05 2.08184864021034e-10 1.19595510166862e-05 1.33231570750066e-10 -1.50418827795019e-09 4.10631216120140e-10 -1.68327410794500e-08 -5.63324528533612e-09 1.22040544393617e-09 1.78868507054581e-09 2.40023346266924e-06 5.18612136090936e-09 -2.43556537755284e-08 -3.94335195027619e-04 -2.29295066145018e-09 6.09600899052402e-09 9.41193467221166e-05 1.03693026312247e-09 -1.67715935390216e-05 1.91888385975713e-10 8.36011558720450e-06 3.46357675951068e-10 -1.08595995387653e-10 -2.40086378976011e-05 5.53490973285892e-10 2.07671624882094e-05 2.02375823003464e-09 7.44461381004547e-11 5.07360568356824e-06 5.04701052492479e-11 7.63455701574742e-06 -7.94859542554574e-11 8.57737972305471e-06 -2.97739569289853e-10 1.28250980863241e-09 -1.05223283069912e-08 1.06397434514884e-08 -7.22931900813751e-10 1.05092047061824e-10 -1.65129209690364e-05 -1.44533393199503e-09 -6.36470183483791e-10 -4.69963290737242e-05 -3.61991407643750e-11 -4.87161193657286e-07 7.65325131595490e-11 -1.08350326898739e-05 -1.90677840679923e-10 1.11361154959181e-10 2.52370139744634e-09 4.62583643809335e-09 1.77874849955923e-10 -1.75811660277684e-10 -3.48158682278369e-06 3.13560470182792e-10 5.86593880847587e-11 -1.95807984137979e-05 9.32776450423248e-11 -1.05935828810648e-06 -2.53562958474169e-11 3.66446993443476e-06 -7.13205984752057e-11 -1.93931121297881e-08 -2.40584143954548e-10 1.01125613590433e-07 -3.34558793588019e-09 -2.00581706495740e-09 -1.63931704296697e-09 4.85298680031964e-05 4.67442246504008e-08 8.77161166146213e-09 -2.12677782662417e-03 2.50806113110891e-09 1.88802680369795e-09 9.53143417491902e-05 -1.56590651759928e-10 2.29201717829246e-05 3.25099557078574e-10 1.59417136191819e-05 -1.61154347696038e-10 -7.93382619657230e-10 5.50661377469895e-05 -3.32347704666028e-10 3.38917532946736e-05 -3.01888315359516e-10 1.30241895097580e-10 -1.12525118635435e-05 2.48151506594721e-12 4.37367103163495e-06 3.42862149725623e-11 7.16129847692632e-06 -7.81469741336463e-11 1.52794425904845e-09 4.39144361711989e-11 -2.41433182051700e-10 1.41782412876714e-09 3.15213627031502e-10 -3.42659307925932e-10 3.67351683135689e-06 -5.24056518977190e-10 1.43490675570007e-08 1.57488515562353e-05 -6.55100761495670e-10 1.15536267737246e-09 2.98558924340137e-05 1.47396210248788e-10 -2.56756117097698e-06 -8.89801268577822e-11 -1.59958940711488e-06 -4.02440067409340e-11 4.42977574643178e-10 -2.88567901492655e-06 -2.11011876528377e-10 1.47575865034418e-06 1.28727875864408e-10 5.41454203558294e-11 4.91968524865731e-07 -9.64297555896502e-12 5.88518844277750e-07 -3.82509865968175e-11 1.13840554907229e-06 -1.02507742138858e-10
 8.24941415342531e-06 -7.77525897319320e-06 1.68550692541102e-03 -7.41700509911208e-04 -1.29884704570206e-04 -2.59311017755176e-04 7.73930557800382e-10 1.67564153986958e-04 1.69271215182212e-03 -1.03894139632652e-08 -2.55499973079724e-04 -6.07581260359180e-04 9.20654866824196e-10 6.48215784394784e-05 -2.53396333517054e-10 -3.74662215665188e-05 -1.01683102426732e-10 2.42051327770148e-05 1.90778423118201e-05 -5.43791077328894e-10 -1.32635842353799e-05 -5.04152655101912e-10 7.16915868795910e-05 -9.60890912248832e-08 -1.47230281367976e-12 -5.88905616579470e-06 1.08279448352298e-12 1.20212767866435e-06 -5.26849221288203e-11 -2.54185411044031e-05 -6.23260466701428e-05 5.18162331268125e-06 -1.41771624621780e-05 -6.19867000230958e-05 -2.93830375326614e-05 -4.09985555467223e-05 -1.15328992535061e-10 8.41085626209476e-04 -3.15124016550497e-04 1.44195099072173e-09 -8.15694644310705e-05 9.25756561088102e-05 3.30444623930538e-10 1.96727498653278e-05 -2.60141711823707e-10 -3.20692067656711e-06 5.44522081809150e-11 3.54553948667858e-05 2.50612350473929e-05 -2.64797511334999e-10 -5.95207759155411e-06 2.13340435159433e-12 7.63829418146864e-05 -1.15421634816455e-05 3.90452465097234e-12 3.46268535580699e-06 8.14607114438854e-12 -3.01041434005365e-06 1.23110270076843e-10 -1.12632576939346e-05 -2.12537616206866e-04 9.45750769539162e-04 -1.98715545658420e-04 7.44603335432458e-06 9.74105942882543e-06 -8.70333420933947e-11 -2.40260801032953e-05 2.14807350685377e-05 -2.73306047920569e-10 8.56658128116257e-06 2.38060137562046e-11 3.43368659167969e-06 -6.90336211654708e-11 -4.30882173509004e-06 -1.90438270779159e-04 1.03955100837760e-03 -2.05049365421436e-04 -1.57294371642849e-05 -9.43696890320520e-07 1.21231250490624e-11 1.16290357516807e-05 4.51882895655146e-06 -1.02625958576079e-10 -2.38347081689585e-06 3.74786006169618e-11 -1.58214897255897e-06 8.65472304001003e-11 9.62425299084499e-07 2.30576884199068e-04 -1.23092829708649e-05 7.60241651621155e-04 -2.27750768956938e-04 1.83019163932479e-05 6.77450187293106e-05 2.28402828487445e-10 -6.10775912045733e-04 -2.11265568153408e-03 -1.34219677724071e-08 1.72707552099563e-04 1.20730968035866e-04 5.31328549920852e-10 3.18863343243395e-05 2.21196612904490e-10 -1.92284254499071e-05 4.15096620050020e-11 -1.34661191442925e-05 6.32197483945650e-05 2.59298704270008e-10 -4.24617516812183e-05 2.72433969990147e-10 -2.97064920438237e-05 -3.26726715325054e-06 8.46346533000720e-11 5.39081716119903e-06 3.42862149725623e-11 6.18950344889847e-06 7.79482072321905e-11 1.54186362019469e-05 -8.99558436718546e-06 2.67838250985288e-06 -3.25888459392487e-05 7.06828709582601e-05 2.70125790807151e-05 -1.08888799430766e-05 -9.66492462105837e-12 -5.20232785630017e-04 2.16786957229118e-04 4.73255829410794e-09 -5.77900307234540e-05 4.30397971108635e-05 -4.29698216747040e-11 -1.19522937704517e-06 2.91243262967567e-11 3.91833794877070e-07 5.66909061820902e-11 1.97012956542591e-06 -8.53256691772850e-07 1.51877696442490e-10 5.97589092336689e-06 7.01420144527377e-11 2.04515946959380e-05 4.12569304166164e-06 4.87151188676540e-11 2.40335610565464e-06 5.39223007278268e-14 -1.58335172318944e-06 -1.26301632672458e-11 1.72264614257085e-06
 -4.80914225062135e-09 1.08987192613540e-09 -1.49768558401884e-08 5.23733113333026e-09 -3.17118652348451e-13 -1.53509069568450e-09 1.26742227729517e-04 1.98604540611838e-09 3.23426966066417e-09 -2.77377538840761e-03 2.83705034712583e-09 -5.86194810323132e-09 2.72968639141679e-04 8.70339187207399e-10 -7.09034900862569e-05 6.11631855136339e-10 -4.94713181258506e-05 2.83696697225444e-09 3.37034680591791e-10 -1.35245714862419e-04 -7.13693519023770e-11 -1.28549364210334e-04 3.66870040396654e-09 9.37274940489107e-10 -3.17701550954465e-05 3.87539456666361e-10 2.07770698236904e-05 2.99719775057348e-10 1.84731447451612e-05 8.01257175760377e-10 -9.42842510457146e-10 1.89382476479166e-10 -1.96335830143255e-08 -1.37231430632412e-08 1.48893726880801e-09 -4.48794790126714e-10 -8.44695809645350e-06 8.10919009762928e-09 -1.90932170549982e-08 -3.84104465744294e-04 1.83337474343818e-09 3.50929757034506e-09 1.29819531235017e-04 8.89139057124289e-10 -3.48085462854876e-05 -4.51915715200465e-11 8.99496338613251e-06 3.07573260285852e-10 2.38845396749060e-10 -5.25741716863585e-05 1.40729934269941e-10 2.21189045953400e-05 2.11953280012363e-09 -2.02943123978828e-10 1.13523291282633e-05 3.38565953128972e-11 1.06071026066323e-05 -9.19641427868856e-11 1.23370177730173e-05 -1.70881485267748e-10 1.76252335551619e-09 1.73210864674055e-08 6.04141773510079e-09 -2.23270880258553e-10 -2.02980963272196e-10 -2.70746286208462e-05 9.15109413133926e-10 -4.09858983627249e-10 -7.50240440032404e-05 -2.09308128883011e-10 -9.87066195867610e-07 4.51318385057013e-11 -1.73933622446812e-05 4.43551479804367e-11 -1.41261373435350e-09 5.77421374580573e-09 4.40452043482614e-09 2.40086143699140e-10 -7.98018680015573e-11 -3.08495867607879e-06 5.82919999709341e-10 1.84827515668209e-10 -2.56756137157180e-05 5.78972297956014e-12 -1.87106423462683e-06 -3.91568412357901e-11 4.39634284074693e-06 -1.32555639489111e-10 3.65778505220927e-09 -7.89441333149623e-10 3.19296709573968e-09 3.75729189880069e-10 -2.64512956383205e-09 -2.58879758899478e-10 8.08513777434017e-05 7.57378535133610e-08 -4.78961351240530e-08 -3.55686785520331e-03 2.28862546389891e-09 -1.88160526427691e-09 1.54300636562094e-04 -2.46328918988573e-10 3.80112623409507e-05 3.74799891084178e-10 2.63977305106585e-05 -5.71735130535827e-10 -5.03379684620955e-10 9.12921651358695e-05 -8.30573581585380e-10 5.71823876026487e-05 -1.43770238317707e-09 4.11588608219970e-10 -1.90920964784842e-05 -1.05290028259668e-10 7.16129847692632e-06 7.79482072321905e-11 1.18370788765992e-05 -7.43289347379471e-11 -6.29669915725225e-10 5.48477709759178e-10 -2.77725426252474e-09 5.86518642406137e-09 4.02188162590932e-10 -5.23289256988357e-10 -2.03825460395175e-07 -5.18682917008103e-09 1.11672973820022e-08 3.72503584169254e-04 -5.43370302908173e-10 2.35317721115498e-09 3.61514412460067e-05 4.68283336160660e-11 -5.59042512380703e-07 -8.01133768939342e-11 -2.27689455323162e-07 1.11803898971197e-12 9.79803807923911e-11 4.51691194329686e-06 -2.47851286176831e-11 7.98935080652343e-06 3.53033430796142e-10 5.48823992016216e-11 2.74073363770326e-06 2.07764989978328e-12 5.99487865892411e-07 -2.53129598317745e-11 9.91023767721262e-07 1.64884165362595e-11
 -4.26313224480607e-04 4.65344061733806e-05 3.61321538043420e-03 -2.36027537740335e-03 -9.60151404513571e-04 -1.15642388264937e-03 -7.83826614592554e-10 5.51829198221003e-03 6.14524483637636e-03 2.56396499535304e-08 -2.26719270690999e-03 -2.27795181537100e-03 -2.34366768277158e-09 2.30743924432626e-04 1.21090238866929e-09 -8.50034230867760e-05 5.98440975632724e-10 -8.88465387611446e-05 -2.37081639175012e-05 9.17717101397466e-10 1.30896729648203e-05 1.41326381873002e-09 1.40180219830446e-04 1.26316438009186e-05 7.28399769875746e-10 -2.54153742647640e-05 -5.84161980868217e-10 4.36468508436426e-06 -1.02599585110581e-09 -7.41958624583413e-05 1.25139799075251e-04 4.50108459897647e-05 -9.56317919696306e-04 5.18171271788057e-04 2.36880085522216e-04 4.55474122778587e-05 6.76231585218577e-10 -1.25820621423151e-05 -1.12384904738839e-03 1.54245537612861e-09 4.51542600354709e-04 5.47212060260568e-04 -7.96979068607870e-10 8.17616979020996e-05 4.21107829486870e-10 9.24856747877877e-06 -6.45737765991663e-11 -5.20773427669005e-05 7.99436103716744e-05 3.95962133082606e-10 -2.88565008721991e-05 1.33178626676719e-10 1.52192629563463e-04 -6.66875234641152e-05 1.20521890989991e-10 1.10890482210864e-05 -2.31670602856069e-10 -1.15947600611116e-05 1.58755256306807e-12 -3.19467514329338e-05 4.37423834004664e-05 -3.14203232694760e-03 5.51237805847278e-04 -8.73339461100222e-05 3.40187365191115e-05 3.52483879348420e-10 -2.19494985629834e-04 6.63371651339947e-05 7.97201759271810e-10 2.84377881411739e-05 1.12595414440515e-10 1.99489739661954e-05 4.05317984026766e-10 -3.87014061566931e-05 -3.37729980456423e-04 -6.27862667929376e-04 -1.67525124557030e-04 6.18962625249977e-06 5.79059487354315e-06 -3.22029925957152e-11 1.80846025942831e-04 1.73791216554905e-05 8.88675187982873e-11 -1.84789267180690e-05 -4.85178274985057e-11 -2.23576252107611e-07 1.08539754537074e-10 -1.29645423581828e-05 -6.78128545926773e-04 -6.94904908811060e-05 1.35084943641360e-03 -8.48500962621608e-04 1.26343288793320e-04 2.48502185024027e-04 -1.31340883986980e-09 -4.38217259160351e-03 -8.65443565985130e-03 3.47317254239891e-08 3.56537560117690e-04 5.43770137431362e-04 -1.28930804276107e-09 1.27448865459648e-04 -5.59816202978964e-11 -8.39506343337813e-05 -3.76485245674305e-10 -7.38493779287102e-05 2.87487374164813e-04 -1.14642593215744e-09 -1.69697755668308e-04 -4.42042878276719e-10 -1.85155011736081e-04 1.79927410217850e-06 7.12533845654216e-10 3.05556958077190e-05 -7.81469741336463e-11 1.54186362019469e-05 -7.43289347379471e-11 7.88317069423525e-05 1.36107755881979e-07 3.24817326947156e-06 5.08736718430557e-04 5.72702184116067e-05 4.69945674503134e-05 -2.84043067860909e-05 1.89592531962189e-11 5.04694379410978e-04 5.94611309036567e-04 -6.98771342867779e-09 -1.85252481808751e-05 -6.76734486297346e-05 -6.57140947626282e-10 1.02652895154637e-05 -6.80868943489999e-11 -7.80467497443708e-06 -4.27386193533538e-11 -1.87583703485962e-06 6.11772712694226e-05 -2.18784177871036e-10 1.18424286976767e-05 -9.60564458229695e-11 6.34379265324013e-05 1.62560258664496e-05 -8.03240134404408e-11 2.67068026511393e-06 4.19868187848728e-11 -3.11239576623956e-06 1.00294560786327e-10 -8.42894302517819e-06
 2.83668181434069e-04 -2.16370620553067e-04 -9.92187795726629e-04 1.03457106611402e-03 6.45381013972212e-04 -1.38339344916208e-03 -1.35068011642703e-08 2.06120376393009e-03 2.90882255830855e-03 7.13949338349553e-08 -1.15006730646100e-03 -1.89793570285398e-03 1.86337829675212e-09 4.79680540519586e-05 1.60507279624301e-08 -9.74503556810217e-05 4.93174453848710e-09 -6.43965926010875e-05 -3.19640581024047e-04 1.56521285012254e-08 6.32872503710048e-05 -2.65074796092136e-08 -7.36110271513285e-04 -9.87065496723776e-05 6.06300533996280e-09 -5.02078217522100e-05 1.85716167193857e-09 -2.98590998242952e-05 6.79293235634375e-09 -1.68426303571963e-04 1.12747541087644e-03 -2.21197356414894e-04 -9.76006915956599e-03 4.34550699645359e-04 -3.22521321277793e-03 -4.99859281029467e-03 -3.87363712323336e-08 3.19084368608197e-03 5.44694243715542e-03 -6.52240030069906e-07 8.25607587585138e-04 -6.92403547445277e-04 7.28653164680326e-08 4.97791167134359e-04 3.42107885312048e-08 -2.37327240280101e-04 2.16346622307262e-08 -2.79680406077209e-04 1.92724452271235e-03 1.05840410293363e-07 3.00583481121992e-05 7.83363765251422e-08 -6.88538748758874e-04 6.59636436475380e-05 -5.65352080179823e-08 9.43393467246037e-05 3.79216490727568e-08 8.06672707260896e-05 1.83062058197671e-08 -3.30476647658634e-04 9.89267834062028e-04 -2.83377693951692e-03 5.40247654308622e-04 -9.46756712467965e-05 5.37962011916483e-05 -7.08723894008977e-10 2.79669061237921e-04 -8.15415807882620e-05 -1.13762234135840e-08 1.80029960177751e-05 5.76743525129892e-10 -2.30823653214468e-05 -4.87762516863425e-09 -3.04613891668218e-05 1.27090781036190e-03 -2.52970721325757e-03 8.41284676624365e-05 -5.51702058425625e-05 9.99068241524759e-05 -3.33707017358315e-09 -5.28129460068409e-04 -5.72118129405862e-04 -2.84983608590517e-08 -3.59052342663920e-06 1.50541958924513e-09 6.22824405505551e-05 5.33297898823878e-09 6.84434019640513e-05 -3.67332638813927e-05 8.54325668974727e-08 2.63183349433635e-03 -1.71620540393986e-04 2.55933932195229e-04 -9.70804300527143e-05 -2.30248005973929e-09 -6.27465171846369e-04 -1.11169035070794e-03 2.38800210386232e-07 1.90107295142288e-04 4.75588494304511e-04 1.33555030000572e-08 2.07962297531896e-05 -2.71654947893378e-10 -3.35054846659916e-05 -1.13848135297088e-09 -2.54155823108503e-05 -6.27372012939241e-05 -1.13132501080987e-08 7.42952583938907e-05 -7.37981712899909e-09 -5.94824400648039e-05 2.11882979542070e-05 7.88117847396855e-10 -7.62840921630900e-06 1.52794425904845e-09 -8.99558436718546e-06 -6.29669915725225e-10 1.36107755881979e-07 1.98928401891755e+00 7.57021616416846e-03 -2.90823366505216e-02 6.39928606865839e-03 -4.76103233149149e-03 -7.48195466985968e-03 2.82780549186682e-07 8.67758279662482e-04 -1.96426467135170e-04 -1.05153744693962e-06 -1.02504480724602e-03 -1.70401147985197e-03 5.17649516317674e-08 5.07962175814043e-04 -4.21293337876721e-08 -3.54520010211449e-04 -2.97435536978203e-08 -3.29713654136208e-04 -2.08674511151633e-03 4.79178158287788e-08 1.25859992164904e-03 2.78597209321431e-08 1.08185549039340e-03 -1.03152796805343e-04 4.65266060126515e-09 4.25365931355007e-04 -2.09668883659648e-08 2.88759168831295e-04 -1.47675492251873e-08 8.19794226678197e-04
 2.46132147971630e-04 -2.75982765142808e-06 6.69681743632000e-04 -6.00273397165918e-04 1.27848467077898e-04 -9.86848895891206e-05 6.71992360851726e-09 -3.74921427562407e-05 3.78545653201415e-04 -3.64710872560670e-08 4.55413073002608e-04 -5.55044874981680e-05 -1.96921440235070e-08 5.94008130855135e-06 -1.17222116293404e-08 -5.17204878670991e-06 -2.15188970947932e-10 7.19010306896800e-05 -3.70593862517327e-05 -1.74512978185739e-08 5.82513380821350e-05 -5.82394600576569e-10 -2.23519006742161e-05 -2.99603289647959e-05 -3.64996517340591e-09 5.64944144171363e-06 -1.32909158399356e-09 -8.79152649186532e-06 -2.41225873466747e-09 -1.32181989185292e-05 7.38775521289248e-04 -4.72539765863507e-05 -5.01064673719146e-03 2.18605154994334e-03 -4.51259079751201e-04 -8.10709882298803e-04 -2.73958016678776e-08 2.64704538636194e-03 3.51959186782637e-03 6.49673722026798e-07 -1.47717654724075e-03 -1.64683276436787e-03 -5.78534048536800e-08 -7.08719749309481e-05 -2.01055347098290e-08 5.22446600454010e-05 -1.19845551720587e-08 4.55573854418115e-05 1.53777728015843e-04 -3.44688118144833e-08 -1.42366734912755e-04 -3.00824211505899e-08 -5.58227155521329e-05 -1.19567342297733e-05 7.73075416479031e-09 3.84720716571808e-06 -5.28423062862819e-09 1.15850839438812e-05 -4.31865667683222e-09 -4.42567089700517e-05 2.76545232021391e-04 8.29266463800355e-04 2.52464210979910e-04 3.11175905100130e-06 4.11876979755913e-06 -5.67219743623173e-10 1.46063433806931e-04 1.64719040615820e-05 3.47310954469354e-09 1.27927546532307e-05 -4.72720637268016e-10 -1.45694517726958e-06 5.27686605173086e-10 7.74640425256163e-06 1.44208022841710e-04 3.95783200595528e-04 4.43856892356289e-04 -9.60834893331379e-07 2.21500100984044e-05 6.38920787164806e-09 -2.17523508792345e-05 8.13426560339201e-05 1.53333823640447e-08 -2.44459219244132e-05 -3.44275936538509e-10 -5.96631000960284e-06 -3.63811830358451e-09 1.19271217375801e-05 5.68981094925875e-05 -1.09662106674996e-05 -1.09800428354894e-03 -1.49424479415247e-04 1.62592749296807e-05 3.77588768656131e-05 4.99397813716537e-09 6.07571942921682e-04 -1.35886509080385e-03 -2.51225599761841e-07 6.05315884646391e-05 -5.00535455319509e-05 -1.97703839275515e-09 5.81137744483164e-06 1.99677359330222e-09 -4.16214391269654e-06 1.23611038211491e-09 -9.97744006861054e-06 -9.18961577687799e-06 4.33463850275516e-09 -2.40246585202115e-05 5.36511451090870e-09 -5.87850174838133e-05 1.18034740764894e-05 -1.91858262489096e-09 -8.42708831028141e-08 4.39144361711989e-11 2.67838250985288e-06 5.48477709759178e-10 3.24817326947156e-06 7.57021616416846e-03 1.02497133345212e-04 5.73398204487787e-03 5.02009792701566e-04 1.41353656383225e-04 1.96982555102117e-04 -1.70084587174197e-08 -5.24994309530422e-03 -7.23894430555769e-03 8.81905538319847e-07 1.11168555189075e-04 2.12770997734712e-04 -3.22397473841273e-08 -9.79119649221208e-05 9.30991674498763e-09 6.15384505164136e-05 5.89483528024863e-09 4.35870290843172e-05 -2.71177554098311e-04 2.16363888599373e-08 1.54144254087493e-04 1.32345862205748e-08 1.28544098843001e-04 -7.18112226184213e-06 5.14905258958832e-09 1.63863360201027e-05 -6.46414185798342e-10 8.29730245985362e-06 -2.37451218552031e-09 5.87388997581913e-05
 -2.07109377200266e-03 5.19229200581115e-03 -6.32240861381521e-02 -2.50374153505932e-02 -8.23060693193759e-03 -3.26685673729951e-03 2.10059539221846e-08 1.95346259059770e-02 7.19645662114638e-02 -2.17930914291874e-08 3.21753427404361e-02 -4.25221414219664e-03 1.28347757515886e-07 4.83152506531748e-03 2.88853099880998e-08 1.43111607853514e-03 6.15908064724255e-09 6.57497331786925e-04 4.17820198019102e-05 4.63588731060534e-08 6.53539015251582e-03 7.51200770358245e-08 8.66692386271846e-03 4.95163385392915e-05 1.27978947078578e-08 -9.94862889672744e-04 -4.13898159474653e-09 3.60067600442698e-04 -1.90430445524786e-08 2.97875824369183e-03 -1.77241616869176e-02 -1.00771356057152e-02 6.87529631583992e-02 3.11619719645520e-02 4.34213843047201e-02 3.35777199921001e-02 3.67006228733391e-08 -1.76818692963485e-01 -2.60844416546540e-01 -1.84111497248179e-06 -7.71135146845642e-03 2.92110687667632e-02 9.92959044511665e-08 2.11728950843115e-02 1.41425014873424e-07 -1.17550757267780e-02 4.67615884381720e-08 -9.29771462034232e-03 3.10834769383837e-02 3.13638441823748e-08 -3.11721166962574e-02 4.04325704356970e-08 -7.92577318740967e-04 -1.07467160913724e-03 3.33665036528493e-08 4.95246035955699e-03 4.02621756017152e-08 2.01198279873747e-03 4.37661813327501e-08 1.21457067776953e-02 1.59010839159164e-02 -2.91889822824318e-02 3.99394184452411e-02 -9.46875453235074e-04 -6.65777059032054e-05 9.71435524434771e-09 8.59763084639502e-04 -9.69123802534987e-04 2.08812608402624e-08 -4.47007199814011e-05 8.87905131264019e-09 -2.09956636769754e-04 1.20422977934459e-08 -1.42893445601312e-04 -1.59227263148007e-02 -1.12208792300026e-01 6.62065499100890e-02 6.03364872554768e-03 -1.62288414258307e-03 -4.34329577956235e-08 2.18753360904904e-02 3.64431302391102e-03 1.38122559042929e-08 6.30811907906789e-04 -1.42921847744903e-08 1.07234736255583e-03 7.37775065335847e-09 -3.44490048380000e-03 1.91809948371071e-03 -8.69195648582533e-04 2.32888177271642e-02 -1.21208945303165e-02 -2.37301311020230e-03 1.06549395624061e-03 -1.28684502689032e-08 8.98822953628104e-03 -5.33499480131099e-02 7.91137486553373e-07 4.79544865402088e-04 -4.00367321200088e-04 -3.00981879369143e-08 5.37876430432763e-04 -7.62122906911702e-09 -3.33290074534545e-04 -3.49934338145320e-09 -5.42633631247965e-04 1.75444542767919e-03 1.12178133198239e-08 -8.66033902331389e-04 -2.81840307721741e-09 -7.58802408457925e-05 -1.57994031423158e-04 2.98813253277376e-09 3.31403909369366e-05 -2.41433182051700e-10 -3.25888459392487e-05 -2.77725426252474e-09 5.08736718430557e-04 -2.90823366505216e-02 5.73398204487787e-03 1.75535151725249e+00 -9.80744321737589e-02 4.57703349203380e-03 6.60975145465163e-03 -8.49792668555372e-08 -1.41792840492588e-01 -2.29226292889350e-01 -2.19587797398720e-06 -4.46934780960955e-02 -7.50421088612737e-02 1.36737453672141e-07 3.49634431209039e-03 -4.79082988495399e-08 -1.43805216777475e-03 -1.21631265105129e-07 -1.67767882243096e-03 -3.88022885731568e-03 -1.34868185557668e-07 1.68362243926222e-04 4.29162032652647e-08 2.16593793682005e-03 2.25093390079683e-04 6.97608153530026e-08 -1.67957210825919e-03 2.92793912064096e-08 -1.03511194804557e-03 2.31420309653030e-08 -1.56497087379716e-03
 3.77707708034544e-04 -6.38120513828403e-04 1.68254219253807e-02 -2.28561318250191e-03 2.92178934546801e-03 -1.86991239064561e-03 1.44164251390880e-08 -1.26948044836913e-02 9.62998494910635e-03 -2.55136944241360e-07 7.26456881407748e-03 -8.21859352434835e-03 -2.06057301864728e-08 1.10951191026484e-03 -2.68300646836489e-08 -2.54287427488992e-04 -4.13529938448060e-09 2.72659904567259e-03 7.80136560408476e-04 -3.16750117787578e-08 -4.82385024900209e-04 -1.89487216118751e-08 2.21326594154642e-03 3.20895055618767e-04 -1.92614496786043e-09 2.25841127792706e-04 2.05278615790353e-09 -1.62214873694953e-04 -2.68087427723360e-09 -3.66136644007315e-04 -3.42664894925600e-04 1.17725635359275e-03 -1.21514957787950e-01 1.93704244760989e-02 -6.90375397029740e-03 -1.36326607612973e-02 2.41811485089556e-08 3.38296487104063e-02 5.53448496073830e-02 1.12972616624334e-06 -1.23239143467901e-02 -2.17918817587026e-02 -7.62740115089073e-08 -2.32670178583034e-03 -5.98030370255566e-08 2.27943572176284e-03 -2.67938082398761e-08 1.79646297148352e-03 -1.47633935062157e-03 -7.12645031982937e-08 1.50564909919366e-03 -6.01699615970160e-08 1.25482336776498e-03 -2.29015773682729e-04 1.73612000936460e-08 -3.66552443678488e-04 -2.54870401286707e-08 -4.89154700794013e-05 -1.69477786872540e-08 -2.31184958961561e-03 -7.36616539459503e-04 4.05588741057696e-02 -1.15077805374014e-03 2.48559026151691e-04 -1.14272935250522e-04 -2.81408334221692e-09 2.03905987467704e-03 1.96524543263991e-04 -1.67865557044856e-09 5.32156045873505e-05 -9.77367300037166e-10 -2.08911878067820e-05 -1.37802115806711e-09 1.22456044406001e-04 8.76353765580680e-03 -1.32629877298383e-02 1.42817590307849e-02 4.15874123859659e-04 3.89588884989240e-04 1.16145622979945e-08 -1.48398213192467e-03 1.06896662524252e-03 1.68023405666956e-08 -3.79395028885388e-04 -8.61330443706048e-10 -1.74303275077519e-04 -1.53904085795749e-09 2.42217034404782e-04 -1.30854058844737e-04 -5.52503314414261e-06 -6.79748476776976e-03 -1.43776005492606e-03 -1.26008959577012e-03 1.37615522123712e-03 5.10313274302481e-09 5.55095496858395e-02 -4.97229598209209e-02 -6.93406087653520e-07 3.42215126062836e-03 -1.00606395574052e-03 2.75942214884581e-09 -2.49374665950671e-05 9.84841138563040e-09 -1.64251858415200e-05 1.29306406698986e-09 -3.94472025155317e-04 -4.14811838313648e-04 9.04778822922675e-09 -3.87657796187006e-04 1.83854812465674e-08 -1.34062513401452e-03 3.19418485805109e-04 -1.61414315895575e-09 -3.53320159163601e-05 1.41782412876714e-09 7.06828709582601e-05 5.86518642406137e-09 5.72702184116067e-05 6.39928606865839e-03 5.02009792701566e-04 -9.80744321737589e-02 2.13948666715211e-02 2.49422649571862e-03 2.41130442237066e-03 -5.92511883207109e-08 -7.31057901252458e-02 -5.78995934541863e-02 1.64814736218433e-06 6.34928082262529e-03 1.24473786604324e-02 -8.10063789310799e-08 -1.74731004033307e-03 2.26711447554393e-08 9.52445871626440e-04 2.22435836392387e-08 5.94443464220670e-04 -3.42510430128272e-03 1.75021636447833e-08 2.03797709924333e-03 -4.22577150722438e-09 1.07403508482865e-03 -2.43406551404389e-04 1.09524765434249e-09 3.66186634807509e-04 2.01089116933472e-09 1.77908929486879e-04 -7.07950800408300e-09 8.32146890310241e-04
 3.62155350476329e-04 1.81867872795777e-04 -7.45772208660115e-03 -7.21341584441940e-03 -1.05871281513057e-03 -7.13123188585230e-04 -1.39438528055217e-09 2.25380186717741e-03 1.16632402016171e-02 4.26522130163665e-08 -1.49981198544944e-03 -2.13205138420906e-03 -2.29507245894535e-09 4.48938554651797e-04 2.55752173504864e-09 -6.23976952339681e-05 1.73681852457375e-09 2.13707509390595e-04 6.39843703190962e-07 5.25419892934120e-09 -6.17667204427379e-06 1.88832500571042e-09 8.02972669160557e-04 1.78496232367329e-05 2.73263709096237e-09 -3.21079948580443e-05 -4.38604983898117e-10 -1.08507034238017e-05 -1.16378870922172e-09 8.54254125712545e-06 -1.05013652146172e-03 -3.50980351075365e-05 -1.59149824287390e-02 7.57268143684326e-03 -1.19593768133450e-03 -2.03895852954085e-03 1.52577031262379e-08 8.18436169655318e-03 8.07654817125776e-03 -5.43407409196421e-08 -4.71962166832472e-03 -1.15696141419916e-03 5.18515459382685e-09 3.24461184489479e-04 -2.54375808323405e-09 2.36134309703626e-04 6.10410754662567e-10 1.22099013686574e-03 5.00807382186961e-04 1.45014799550053e-09 -3.39395185499806e-04 5.65717462269376e-11 1.66100086861699e-03 -4.02610487982364e-04 -1.14812893559638e-09 -3.59283600866404e-05 -2.34260026248094e-09 2.62958654272720e-05 -2.03927573308088e-09 -3.04104705604386e-04 3.75453796496333e-04 -1.00490327408933e-03 3.59720593724143e-03 -2.18086091031646e-04 3.59081343530685e-05 6.60555040528665e-10 -1.83081605347417e-04 -6.32577645950549e-05 1.09788348831239e-09 4.05756319866116e-05 2.81825926934826e-10 -1.31593709393386e-06 5.65661452911646e-10 -7.52717310010785e-05 1.46010292325592e-04 1.04476958996314e-02 1.96734525735497e-03 1.81978870931817e-05 1.57882638395930e-04 -6.37243451163644e-10 -1.90310839875550e-04 3.63267803267141e-04 -1.62257354665943e-09 -1.46879407197332e-04 9.29159302913963e-10 -1.35427785044698e-05 1.41034081495578e-09 3.03655412843180e-05 -1.07219574238979e-04 3.35937646356416e-06 3.13963714001947e-03 8.00886964872161e-04 -2.05308502273918e-04 2.42212075620706e-04 -3.19427081925062e-09 2.58134833873288e-03 -1.01986509791441e-02 7.72145368397426e-08 7.05417143765201e-04 -4.65377662512107e-04 -3.78743390218544e-09 8.65565366798169e-05 -2.10089815818461e-10 -5.67285395346836e-05 -1.07868803328591e-09 -5.63165511079348e-05 8.74809989550060e-05 -1.44080974173749e-09 -1.36184072165268e-04 5.11967414382756e-11 -1.34056941971407e-04 1.07705749643665e-05 7.09905338811576e-10 1.34040251511853e-05 3.15213627031502e-10 2.70125790807151e-05 4.02188162590932e-10 4.69945674503134e-05 -4.76103233149149e-03 1.41353656383225e-04 4.57703349203380e-03 2.49422649571862e-03 1.21496905487611e-03 1.16410595211636e-04 -8.47322653207476e-09 -4.17935384765254e-02 3.56191314186199e-03 -7.05066731697419e-08 -4.96766210763610e-04 1.68446263659165e-03 -2.67941364568638e-09 -3.58407180479399e-04 -9.07825994514571e-11 1.58094679148740e-04 1.88935864645214e-09 -8.91999962505571e-05 -8.63375430457360e-04 -5.92093462496152e-09 3.84458673603913e-04 -9.19189936047260e-09 -2.16752616341054e-04 -1.64680982229305e-04 -8.85236619783415e-10 8.27773190304600e-05 1.54220964809157e-09 -1.76638654792109e-05 -1.78806180055365e-09 1.06522431968017e-04
 -2.45225372633533e-04 -2.03114403544926e-04 4.86703832081130e-03 3.19037209836123e-03 1.20357546144337e-03 3.66124453135891e-05 -7.85025580417167e-09 -2.68140342108230e-04 -6.32717902652410e-03 4.10207427630401e-08 3.22835919543430e-03 1.68929355417683e-03 8.12773047792847e-09 -2.75877276418561e-04 6.71214201544140e-09 3.00815070889387e-05 -2.64703756068263e-10 8.60947466060673e-05 -8.34966706302641e-05 1.29255964654080e-08 9.28932979303117e-05 6.56642874587287e-10 -8.15588664826467e-04 -1.79135407852915e-04 2.81647565081232e-09 5.38647746787404e-05 1.57736727108246e-09 -4.60074410646362e-05 1.68824437225900e-09 -1.29780391843182e-04 -1.69799487189576e-03 -5.13967834765614e-05 -2.30073375224108e-02 8.02401397659065e-03 -1.97084081097149e-03 -3.41068535148290e-03 3.44762178463698e-08 8.14943710528330e-03 1.78145494799578e-02 -3.35042968540853e-07 -4.91017742569427e-03 -8.79043220330180e-03 3.27802316662100e-08 -8.77525709899363e-04 6.13145118853527e-09 3.88957752325252e-04 3.59031501431833e-09 -4.58708518618317e-04 4.54642858249972e-06 1.63951674095777e-08 -9.64206638335894e-05 1.18071482625304e-08 -1.36204695121180e-03 2.08282903171444e-04 -3.21126431642566e-09 -2.44890806422313e-05 -1.73762435953080e-09 2.54354907463484e-05 5.77274444904474e-10 -2.53723968404518e-04 1.43786982646434e-03 1.25632309329048e-03 -2.58394865584783e-04 8.00506965443991e-05 3.00025442651380e-06 4.91941347133531e-10 6.99703433408089e-04 7.72169264507546e-05 -1.30782713429296e-09 4.01874437820043e-05 2.11258922008907e-10 -1.41405005922183e-06 -2.91185085282710e-10 7.01897987812663e-05 1.93673469668571e-03 -8.43981881105033e-03 2.08055733887118e-03 2.00877129617226e-05 4.48350161206545e-05 -3.81095082055285e-09 -2.36741009051620e-04 2.03257271012138e-04 -9.09095280878915e-09 -5.14588690362642e-05 -2.44794051094618e-10 -3.55197682148235e-05 2.92736325711600e-09 7.77918745921754e-05 -2.07449228614233e-04 -2.00029171118930e-05 1.95388076192395e-04 -1.38772227936905e-03 2.00729895885468e-04 -1.35377037723012e-04 -1.73649685873285e-09 1.89470977756912e-03 4.48157374850808e-03 1.59532024083740e-07 -2.28945555455804e-04 2.49392499598925e-04 -1.29071797496384e-09 -5.34647454197870e-05 -1.46525336336704e-09 4.00691618756329e-05 -9.17042184852680e-10 7.55140588730215e-06 -2.03138916372971e-04 -2.96786400804225e-09 1.09880400077035e-05 -2.87412828104898e-09 -1.76327112491963e-04 5.38804849808604e-05 9.30079489524667e-10 -4.67632804566548e-06 -3.42659307925932e-10 -1.08888799430766e-05 -5.23289256988357e-10 -2.84043067860909e-05 -7.48195466985968e-03 1.96982555102117e-04 6.60975145465163e-03 2.41130442237066e-03 1.16410595211636e-04 1.19622895224406e-03 -4.22555900774646e-10 -1.71277570157229e-03 -3.93430568048627e-02 -4.39422188448522e-07 1.80169673598678e-03 1.17830649693920e-03 1.21036726407560e-08 -3.94671458244448e-04 -3.02162201288237e-09 2.75034921447654e-04 -3.13841721492335e-09 3.10882148675590e-04 -8.77165626707802e-04 -2.06986743347089e-08 5.86279486334279e-04 -1.05097041588119e-08 7.15028555283559e-04 4.03958029091778e-05 -2.55867258634886e-09 4.83450159334647e-05 1.32292069672041e-09 6.79588598106846e-05 1.44577000784527e-09 2.49074588199181e-04
 -8.02619853076483e-09 -2.15538100203689e-10 6.46673053339127e-08 -1.77690249202095e-09 -1.06613319747033e-09 9.83128912570800e-09 -4.30936279227307e-05 2.48907050163430e-08 -6.41070650893639e-08 -1.74627385474444e-03 -1.75962839314199e-08 1.32863267201757e-08 6.94181580256145e-04 -3.32400112729106e-09 1.97366405267978e-04 -5.73730112863235e-10 -4.12726607625833e-05 -1.04023563057284e-09 -4.04079546392240e-09 2.78590946201559e-04 7.39061562843583e-11 -1.09437209671380e-04 4.13850241426147e-09 -3.51599185249967e-10 5.78601147305591e-05 -3.66476358234967e-10 5.28832493427120e-05 1.40672680010010e-10 7.19453717718517e-05 4.21505864551121e-11 -3.35870495059428e-08 -7.75932073953335e-09 3.89753843291344e-07 -1.01092269478410e-07 9.40586227674461e-09 2.91582131234521e-08 6.92848278458244e-04 5.89716766228086e-08 -9.48220440492137e-08 -1.49307290030975e-02 1.76946692553168e-08 3.43785195713027e-08 1.43471872118021e-03 3.12091058981658e-10 3.96009073807366e-04 -3.51448739538953e-09 2.68998633379791e-04 -5.08129113987826e-09 -1.35513205169650e-08 7.20132958260207e-04 3.30858193101711e-09 6.80786551611008e-04 3.09634680329043e-09 4.94221752652866e-09 -1.65696474628963e-04 -1.88156174402545e-09 1.12097151165756e-04 -1.94579530576710e-09 1.02497845161734e-04 5.97746198597122e-10 -5.33359789133279e-09 -4.23153409177801e-09 -1.47574273748168e-08 5.67327217680893e-10 -3.52374356519077e-10 -1.18076416266496e-05 -1.61596558301118e-09 -5.79495748228783e-10 -1.46981242572799e-04 -6.00311885857623e-10 1.01626158273382e-05 -1.10349951017495e-10 -2.84991386693588e-05 -6.49258140633646e-12 -5.37031843028365e-08 1.76824199959028e-07 -8.71103434437007e-08 -5.78172386379186e-09 -2.13727878843825e-09 -1.48919872789491e-04 4.04332020652169e-09 8.17839133524614e-10 -3.72847079154543e-04 1.47235993475121e-09 6.72948902423731e-06 1.84596153176835e-10 9.25914406186983e-05 2.54293746980408e-10 -1.98636543999816e-09 6.62779041598208e-10 -4.81239416377322e-08 5.69252853883273e-09 -1.91196074672375e-10 5.61134045403902e-10 -3.68363182788917e-05 -1.20363360053857e-08 4.68545377543973e-09 2.37502708094352e-03 -3.71807755665748e-09 1.60455405614003e-09 1.78503149966629e-04 -2.53449328625850e-10 -7.68350279879881e-06 -1.83924784822838e-10 -3.09363346486834e-06 -2.91062867566867e-10 -3.55397373709979e-10 -1.67519364528309e-05 1.86920213024627e-10 -6.58175164415139e-05 -2.51502901037131e-10 3.29296882546514e-10 2.78125685962365e-05 1.37788514082397e-10 3.67351683135689e-06 -9.66492462105837e-12 -2.03825460395175e-07 1.89592531962189e-11 2.82780549186682e-07 -1.70084587174197e-08 -8.49792668555372e-08 -5.92511883207109e-08 -8.47322653207476e-09 -4.22555900774646e-10 3.50187594533854e-04 3.12497021154238e-07 1.31139153181009e-07 -1.93390323217789e-02 -1.17634410278357e-08 -1.74596475732279e-08 7.35809947792932e-04 4.56203360366634e-09 -2.05604527142603e-04 2.09741524595501e-10 -1.34822553308848e-04 1.59698548858555e-10 1.14920234147890e-08 -5.18262853217674e-04 -1.02467602914884e-08 -3.09821235193787e-04 -1.04340523499159e-09 1.28206513802289e-09 -1.07601460976420e-04 -1.08800589035542e-09 2.08186357927382e-05 -9.14191009194032e-10 4.96811940562801e-05 -3.19645606463823e-09
 5.71214477636968e-03 -2.41655367502470e-03 1.59737846495044e-01 2.69207965306266e-01 1.77081928751746e-02 -1.42910901086226e-02 9.48795116258359e-09 2.01002913261904e-02 -1.27027305101142e-01 3.11467782350223e-08 1.93933149734207e-02 -3.17287785725600e-02 1.05737498974160e-08 -3.34566976697714e-03 -8.81759076363666e-09 3.11617156720000e-03 -1.50162829497209e-08 7.42114109288776e-04 5.67667336988478e-03 -5.95510755986447e-08 -2.47814799033186e-04 2.52133009005446e-08 -1.19588656085205e-02 2.09964322013572e-04 -3.79646440062141e-08 -4.58437055134319e-05 -1.93190929937843e-08 2.70546159267167e-04 -7.97395316208112e-09 5.97158153475562e-04 -4.23353268986370e-03 6.46858561106506e-03 3.32362615959264e-01 -2.64586367948463e-01 4.67235764237279e-02 8.36072151878259e-02 -3.47338444040191e-07 -1.45390559425420e-01 -5.24638979764011e-01 1.03227971549250e-07 1.62165435901064e-01 9.16797589365002e-02 -5.04771178442532e-08 -6.09947223311447e-03 1.70064649763112e-07 -5.80190156729825e-03 2.99847145059278e-08 -4.54020948632396e-02 -1.38282490983397e-02 5.97023524821419e-08 1.26287248429738e-02 7.56847005038628e-08 -5.06780123840705e-02 1.46784168477553e-02 4.48870282713443e-08 2.34543782441219e-03 6.89057837116141e-08 -1.60508005417999e-03 1.56169717022160e-07 7.24505628638195e-03 -1.85690893143651e-03 -4.91638624424875e-03 -8.54546771396103e-02 3.93765665015331e-03 8.77543179738590e-04 -2.92467345780350e-09 1.67675801296170e-03 5.21116869607640e-03 1.23516787260040e-10 -1.02020586546656e-04 -4.46005710924747e-09 6.51951539742795e-04 -1.95547924129402e-09 1.74526105398413e-03 -2.72691641535938e-02 -3.52421563734119e-01 -7.14935436799126e-02 -7.21000060557493e-04 -7.85647881112902e-03 -1.34516116729094e-08 1.58117676054293e-02 -1.37113701662677e-02 -9.80631522155424e-09 6.05531391734517e-03 -3.44831058199398e-08 6.57768634229197e-05 -4.31152537623948e-10 -1.59313519518351e-03 1.48320080277483e-03 -1.13189708670497e-03 -5.92075882558100e-03 -4.81144529608336e-02 2.12773839669623e-03 -7.36184951721291e-04 -2.20540837276906e-08 3.80844466177964e-02 2.44668968104073e-02 -1.59679785834585e-08 -3.77210227650388e-03 2.37892771083011e-02 3.84324044282431e-08 -5.66451053962280e-04 -4.94864304345928e-09 3.19364094740185e-04 3.39317766505646e-09 -7.70399719303671e-04 1.60308073894837e-03 -3.19369806640440e-09 6.63304188402855e-04 -1.31988813064214e-08 -2.45464048349700e-03 3.86786654800304e-04 5.10676054129662e-10 1.77554923608877e-04 -5.24056518977190e-10 -5.20232785630017e-04 -5.18682917008103e-09 5.04694379410978e-04 8.67758279662482e-04 -5.24994309530422e-03 -1.41792840492588e-01 -7.31057901252458e-02 -4.17935384765254e-02 -1.71277570157229e-03 3.12497021154238e-07 1.64606721500711e+00 -2.01353994342476e-01 -3.86015726271926e-07 1.41702903098320e-02 -5.26947258614392e-02 1.43860484276123e-07 1.38804559764647e-02 -1.78907807982625e-08 -5.86655796559789e-03 -9.37449668064306e-08 5.40815042659601e-03 3.54856687333911e-02 9.66016829396809e-08 -1.25425001861049e-02 3.05333446107270e-07 1.79688595790680e-02 8.53533428228392e-03 1.83300648723716e-08 -2.78183854728975e-03 -5.02540054299867e-08 4.03826833776852e-04 9.85279668769340e-08 -3.90229669339508e-03
 -5.38572586887552e-03 6.89382983453905e-03 -2.21609791937249e-01 -9.40373858790771e-02 -3.96239382829606e-02 3.80921043476169e-03 1.06768894845389e-07 -5.86518471975148e-02 2.27748451561640e-01 6.06581155938684e-08 -8.56541727614435e-02 -6.28186582936444e-02 -8.60181880302051e-09 1.31958306499808e-02 -1.10829760123467e-08 -4.47006178189391e-04 3.23196824108818e-08 -1.69382653774526e-03 7.34628753347900e-03 -7.33198306925262e-08 -6.14506399050562e-03 2.19711157964274e-08 3.66164683421239e-02 8.91215914529267e-03 5.44792336337697e-09 -1.47738681068659e-03 -2.61239975037092e-08 1.65618231018916e-03 -2.85407704262552e-08 5.07494582547059e-03 -1.46477941214557e-02 5.43232285301286e-03 4.88011079054272e-01 -2.52971707552031e-01 8.68198575304456e-02 1.15725101969702e-01 -4.80180940326151e-07 -5.04148074828389e-01 -6.02061633839760e-01 3.86926620303967e-07 2.06156445531205e-01 3.03738606729986e-01 -1.50437689078506e-07 3.29718882519058e-02 1.12648778013166e-07 -9.56362285105404e-03 5.83822334621962e-08 1.92115152235452e-02 -2.91127237471663e-03 -2.07396777111425e-08 5.05618042331413e-03 6.57572318795344e-08 5.53827850840333e-02 -8.98123021673139e-03 2.65061956937865e-08 8.38854511367933e-04 1.00037893491765e-07 -3.93785981891486e-04 -1.87870018576527e-08 5.67110482444185e-03 -6.31401587205830e-02 1.00571806228590e-02 8.82054013676927e-03 -2.30017157367991e-03 -1.19358939938522e-03 5.27150666690521e-09 -2.64011031016731e-02 -4.65161650062313e-03 9.01629884697423e-09 -2.24228846350305e-03 5.46680027458220e-09 -2.87904934905394e-04 1.11228224411018e-08 -2.48896854934090e-03 -6.80294035616770e-03 1.76287963191963e-02 4.52149858607768e-02 7.35913311647583e-03 -8.31870200482007e-04 2.01801466092865e-08 1.08487380556464e-02 -4.75600935750545e-03 6.23216823468889e-08 1.26743782169500e-03 1.38899586847421e-09 1.63652894302987e-03 -4.37515396187667e-08 -4.05644047031695e-03 1.17039267236660e-03 1.43733881801706e-03 5.35082628542616e-02 5.41072277453397e-02 -1.17414571513464e-02 4.55005550473359e-03 -5.90478271029890e-08 2.51099167928723e-02 -1.46006226655734e-01 -1.04242379308880e-07 9.44503717937835e-03 -1.21362890790038e-02 1.05353924868626e-08 1.07894362753077e-03 7.93400745790507e-09 -7.97298596892439e-04 -4.72664281843460e-09 -5.61881409740490e-05 6.28731585867392e-03 5.49247519428437e-09 8.05318884083498e-04 8.33977105597484e-09 8.66764664287658e-03 -2.20711893377725e-03 1.81939846735570e-09 -1.54771413225026e-05 1.43490675570007e-08 2.16786957229118e-04 1.11672973820022e-08 5.94611309036567e-04 -1.96426467135170e-04 -7.23894430555769e-03 -2.29226292889350e-01 -5.78995934541863e-02 3.56191314186199e-03 -3.93430568048627e-02 1.31139153181009e-07 -2.01353994342476e-01 1.48203313908833e+00 3.04561519839498e-08 -5.48619468921235e-02 -2.94992568873660e-02 4.39284753538526e-08 1.15973879438173e-02 -4.60266940292972e-08 -9.05059124845959e-03 2.60018173366954e-08 -1.30527425518123e-02 2.48605407367083e-02 2.54879620255070e-07 -1.94630312454905e-02 2.23176359378760e-08 -3.30867508587979e-02 -3.97253049346992e-03 -1.96786634927356e-08 -1.66712161017130e-03 -1.05902012123723e-08 -2.37561997701264e-03 -2.31769129100590e-08 -9.06142799273487e-03
 -1.86707062973843e-08 -3.08688626609372e-09 -2.01394647787487e-07 2.83039696726337e-07 5.81478534766262e-08 -3.28719625853925e-07 6.24706500094734e-03 -7.14358734994936e-08 1.79467097020871e-07 1.17548459476251e-02 -1.03738708947123e-07 -8.66027258014791e-08 -2.99930743556011e-02 3.74790813804938e-09 -1.30598848780007e-02 6.94152223852005e-09 7.68745402246954e-04 3.41058579651571e-08 9.36293922338747e-08 -1.95076835004887e-02 2.37696184384677e-08 2.11855601160208e-03 -4.03210841416484e-07 1.80665956940043e-08 -4.16386466070533e-03 2.55567170496980e-08 -2.28543942063585e-03 1.20412597238077e-08 -3.40811485411223e-03 7.46738846737018e-09 -2.47268012691164e-07 2.99929668685499e-07 -8.58419764035052e-07 -6.30833034412583e-10 -4.03416061965829e-07 -4.12298727272314e-07 -3.85078747509855e-02 -1.15014943003863e-07 -1.66288277745606e-08 8.12558655774003e-01 2.97785426456041e-07 3.06890620753070e-07 -7.52446288974577e-02 8.93545783140302e-09 -2.29247868145123e-02 -8.98304254526856e-08 -1.45760980254956e-02 7.93361831327840e-08 6.27850402787184e-07 -4.13608809262970e-02 -7.01330363214253e-08 -3.69091556825302e-02 -3.85676233678185e-07 -1.95851190678397e-07 9.49406490549530e-03 1.00340575557809e-07 -5.86483528469097e-03 7.51629820860776e-08 -5.28209167622687e-03 1.91183024150165e-07 1.67152187079487e-07 6.76316315024057e-08 -6.80096173883507e-08 8.41788334471316e-10 1.55229507768928e-08 -1.74414912767189e-04 1.01683291790774e-07 4.80107644086667e-08 5.82476745499128e-03 2.06982033103165e-08 -5.91171558213608e-04 1.60628207309128e-08 1.04253144407740e-03 6.75871914430188e-09 5.31156353107826e-07 -1.27092125342233e-07 2.45455111352155e-08 3.84544716247784e-08 6.93562776182484e-08 8.12727308862924e-03 -3.02248661856819e-07 -2.33031561012897e-07 1.98001907812712e-02 -2.84317225984427e-08 -4.28617249901870e-04 -1.37912140486397e-08 -4.97752687660563e-03 1.01762369155099e-08 5.43960361245115e-08 -7.25511624580622e-08 1.91423160788159e-07 -2.38687096660463e-07 6.76319752335468e-08 -7.74244584380557e-08 4.50109345242391e-03 -5.76792383152787e-08 1.30572526048532e-07 -2.39668757640453e-01 8.68534813955143e-08 -1.16712909481374e-08 -5.14558783569769e-03 6.74186077991900e-09 1.58423348977320e-03 1.55192862729154e-08 9.76411856126189e-04 6.08266747890760e-09 7.54015574045486e-09 3.71093281598642e-03 -2.87775353459509e-08 5.37871462926513e-03 -3.63008219026918e-08 -3.69737520111280e-09 -2.11811281433790e-03 -1.22379391407855e-08 1.57488515562353e-05 4.73255829410794e-09 3.72503584169254e-04 -6.98771342867779e-09 -1.05153744693962e-06 8.81905538319847e-07 -2.19587797398720e-06 1.64814736218433e-06 -7.05066731697419e-08 -4.39422188448522e-07 -1.93390323217789e-02 -3.86015726271926e-07 3.04561519839498e-08 1.07901853714299e+00 1.30209225923102e-07 1.42633359309796e-07 -3.95185798809198e-02 -1.60686463519271e-08 1.13337510703661e-02 -1.32692608810418e-07 7.43620199163990e-03 -9.84651763578054e-09 -5.88973386154756e-08 2.87495950339755e-02 2.90709134499188e-07 1.73481293995460e-02 1.26055151149375e-07 2.10213468148996e-08 6.02399882955784e-03 3.33956394223881e-08 -1.13103921868249e-03 4.03534983267765e-08 -2.71250578597220e-03 1.08427869196755e-07
 1.02657461268357e-03 -7.85234991546465e-04 2.46867031096001e-02 8.24356793826746e-03 7.86489729723180e-04 9.29995431214240e-04 -9.94890049971951e-09 2.06147768026605e-02 -3.38818399340526e-02 -4.08479503462200e-08 5.23282686526276e-04 7.33175458496861e-03 2.98110120172868e-12 -9.14391053159486e-04 -9.11003898491215e-10 -1.13052775862295e-04 -5.34163897448868e-09 -8.87385677411141e-04 -4.46360133210434e-04 -1.54281971831874e-09 -2.42742235982823e-04 -5.56215121978995e-09 -2.49311348490102e-03 3.34552454106441e-05 -1.41555705289523e-09 2.16892256451104e-04 3.45832149205573e-09 -8.32977227380326e-05 1.85514591336611e-09 -5.73316958394119e-04 4.41432325787108e-04 2.83858662941407e-04 -3.84020239647584e-02 9.01060039182400e-03 -1.24337728826472e-03 -6.63123311186320e-03 2.68968346712854e-08 -2.00974192656170e-02 5.26790927355366e-02 6.87508900467770e-08 1.21958194884633e-03 -1.92603135065135e-02 1.70862645840947e-09 -2.52508567326783e-03 -9.75025368253829e-09 9.55599676605836e-04 -9.39561709341198e-09 -1.94871155661349e-03 -1.81563985193848e-03 -7.94803120806415e-09 1.01310218118756e-03 -6.85133792605922e-09 -3.63576288729891e-03 2.76054114176188e-04 3.62984259168878e-09 -2.44986000289729e-04 -7.49324004089653e-09 -1.15371873345969e-06 -1.31467594849962e-08 -5.80598132600519e-04 3.65317522925073e-03 -1.75727043934505e-02 -1.24932219400034e-04 -5.99897727986730e-05 -2.84028271592567e-04 -6.65483450911669e-10 8.48443441613870e-04 -1.65775070274546e-04 -1.85907052235924e-09 -1.11619549896144e-04 -5.49721812692078e-10 2.22314451507905e-05 -1.52802476283322e-10 5.25459275570874e-05 9.26226653841097e-03 -5.36015674314164e-02 9.74340410010060e-03 5.73560457711472e-04 3.27996142715301e-04 2.20720970593260e-09 -5.17492935893624e-04 4.16551919884959e-04 1.05234368130171e-09 -2.16754847032431e-04 -2.55444875012970e-09 -3.00155114131836e-05 -3.63325312310144e-09 7.11664124639957e-05 7.11283418673337e-05 -7.45470231716354e-05 1.71267927454880e-03 -3.70038701290323e-03 6.52395447878293e-04 -2.34383830235138e-04 6.38291567982684e-09 5.06489333374279e-04 9.54481898250002e-03 -9.59761814611383e-08 -1.89714667388842e-03 2.01117496782003e-03 4.38378905663861e-09 -1.46805999691678e-04 6.99208863149920e-10 6.21925157019654e-05 7.08850407358140e-10 -1.38985068172123e-04 -3.69056461724429e-04 3.57932623819436e-10 4.38470996463756e-05 5.78779264701959e-10 -7.33401645727531e-04 2.23346539538726e-04 -5.23133230794220e-10 1.35565056619351e-05 -6.55100761495670e-10 -5.77900307234540e-05 -5.43370302908173e-10 -1.85252481808751e-05 -1.02504480724602e-03 1.11168555189075e-04 -4.46934780960955e-02 6.34928082262529e-03 -4.96766210763610e-04 1.80169673598678e-03 -1.17634410278357e-08 1.41702903098320e-02 -5.48619468921235e-02 1.30209225923102e-07 6.54676107238357e-03 2.73583558910763e-03 -1.21910903113918e-08 -7.11188648121422e-04 3.94394220317822e-09 4.30458567485835e-04 3.33468611253727e-09 3.52280365264712e-04 -1.21930660535723e-03 -8.95028765257087e-09 7.72770381182416e-04 -7.83313268090170e-09 3.30743373867830e-04 -1.17866521388773e-04 -3.73406167208638e-09 6.02147620598174e-05 6.91237403616414e-10 1.91456181913924e-04 -9.98421678408468e-10 3.61873111202561e-04
 -5.31156175666638e-04 -2.53431909532666e-04 -5.62682135089434e-03 -1.99271649495269e-03 2.46246197363737e-03 -4.26074399416143e-04 4.99868666783301e-09 -1.86785937453727e-02 1.15308999127615e-02 -1.16253627748456e-07 5.80167057347063e-03 -3.28634004807788e-03 5.41192496934948e-09 3.54250600791427e-04 -5.01413416508632e-09 -3.91143886552609e-05 -4.70552747483056e-10 1.52119015137438e-03 4.45461520193969e-04 -7.51109974863941e-10 -2.94293529172152e-04 -1.06726619576430e-08 8.54174238167121e-04 -1.67125170811321e-04 2.44205447569631e-09 6.59310697833649e-05 1.70487247331625e-09 -9.25371857716929e-05 1.44604727959214e-09 -9.25189565345096e-05 3.17871260896081e-04 5.71983500552614e-04 -6.12110980343376e-02 1.50538235606603e-02 -6.94579758578965e-03 -8.14024817577718e-03 3.91196282383788e-08 4.37095180766188e-02 3.14643060690050e-02 5.54608710250508e-08 -1.38799441673578e-02 -1.10016783214778e-02 9.63880075663039e-09 -1.39258239568238e-03 -1.96394525127381e-08 1.40817100741103e-03 -2.85722630410154e-09 2.16547504473772e-03 -6.82474590224571e-04 -7.08950825402451e-09 1.05373152491730e-03 -7.23933789885822e-09 1.40343284898417e-03 -8.12665576249542e-05 -7.75212630841105e-10 -2.71599615845366e-04 -1.00364081773613e-08 -4.39786129366498e-05 -1.59349450093818e-09 -1.47069521726202e-03 -8.49520951082700e-04 2.60208126300746e-02 -5.83334179558116e-04 1.81662660606482e-04 1.17909279424694e-04 -1.39680501109247e-09 1.05761222673975e-03 1.81731443427841e-04 -4.36556027061744e-09 1.33833877861150e-04 -1.75332321220253e-10 -2.53745958871977e-05 -1.77110545036893e-09 8.62875857615305e-05 1.85061424324488e-03 2.32211490739262e-02 9.42624805474906e-04 -3.80130488776651e-04 1.79849160716085e-04 4.19818492227657e-10 -1.75836397298988e-03 4.36611400866946e-04 -6.47891772898273e-09 -1.79809061606957e-04 1.76687595285365e-09 -1.39870119935311e-04 4.89841279271271e-09 3.22157331092655e-04 -4.38697657444121e-04 1.15426842896092e-04 1.77563254007309e-03 1.07522835266239e-03 -5.74635039931369e-04 2.13125115720685e-04 4.64913852666662e-10 2.35452965035850e-02 -9.59250625431313e-03 -1.72013794011553e-07 1.92009846783167e-03 -1.52041345228052e-03 2.77309571553569e-09 -6.89648177193872e-05 2.82400624716329e-09 6.40603724984151e-05 -3.38982012479013e-10 1.70850322920274e-05 -4.66119322560074e-04 3.43390098931620e-09 -3.57167074149747e-05 5.97580910935670e-09 -1.68656992330180e-04 5.85234100040004e-05 -7.60468386816496e-10 -3.81346824246874e-05 1.15536267737246e-09 4.30397971108635e-05 2.35317721115498e-09 -6.76734486297346e-05 -1.70401147985197e-03 2.12770997734712e-04 -7.50421088612737e-02 1.24473786604324e-02 1.68446263659165e-03 1.17830649693920e-03 -1.74596475732279e-08 -5.26947258614392e-02 -2.94992568873660e-02 1.42633359309796e-07 2.73583558910763e-03 8.46469984183341e-03 -1.59462406040062e-08 -1.08780282060381e-03 5.14605911894123e-09 6.05890167514889e-04 9.02543853681149e-09 4.26250524809554e-04 -2.02612458947958e-03 -9.07428913976838e-09 1.23528017774562e-03 -1.52005808634940e-08 7.98143985465104e-04 -9.59964417506628e-05 -3.54630141447635e-09 2.71721020267812e-04 1.43471180080533e-09 8.62798380042100e-05 -2.54679523612530e-09 5.44842693905890e-04
 -6.28251069094914e-09 4.02045333889586e-09 3.93314781100731e-09 3.62746570877326e-09 -9.02590699096783e-10 1.14615799891083e-08 3.01045740001018e-04 -1.80622705069849e-08 -5.19896045215234e-08 -1.22441789561803e-02 1.02646730492143e-08 2.25076341145348e-08 2.30340861338964e-03 -4.95306086459659e-09 1.95946103860651e-04 1.63920716104704e-09 -2.39676895232614e-04 -1.83870434361115e-09 -6.77676008787578e-09 1.67923675173375e-04 3.98691035620238e-10 -6.27400639634401e-04 1.11743783305867e-08 -7.66635673305799e-10 2.34998484703655e-05 2.88311182432986e-10 1.75420072573604e-04 1.16562512466976e-09 2.08387649539178e-04 1.87909532305457e-09 9.05863434698310e-09 -1.46220844585721e-08 2.46927701805170e-07 -4.87348361081034e-08 1.60499757416118e-08 2.66760973409165e-08 1.43094706135317e-03 3.25690841916156e-08 -4.89399475110663e-08 -3.25861201543619e-02 -8.82841752860646e-09 6.20313396560851e-09 3.41837513177191e-03 1.00076601177019e-09 7.25233058489399e-04 8.30967743107642e-12 5.93497633294495e-04 -4.86411096857082e-09 -2.17733229098832e-08 1.35196020378489e-03 2.45641331543572e-09 1.50003898925592e-03 1.13089079227778e-08 8.69397717660105e-09 -3.13375407651771e-04 -3.55865794821217e-09 2.68517902165782e-04 -3.10068248976122e-09 2.53676640778593e-04 -3.88095609465514e-09 -7.14528035567948e-09 2.09393334067849e-09 -6.63807826458999e-09 9.94311187933349e-10 -4.15491791118437e-10 -1.08499942658791e-04 -3.35641129660412e-09 -2.70526092342241e-09 -5.40946128906441e-04 -1.12789004177724e-09 1.83215180015533e-05 -4.05793953172564e-10 -1.13683954122199e-04 2.18727054894499e-10 -4.17138138588497e-08 1.06245648328225e-07 -4.34623997984743e-08 -4.01970303246608e-09 -3.37567867054464e-09 -3.22709938408118e-04 9.98752657040592e-09 6.34020771878543e-09 -8.63437681728854e-04 1.78246208409574e-09 8.36988216489340e-06 6.05904107467504e-10 2.08304564571151e-04 -1.22432702130016e-10 3.72726732034169e-09 -8.37857767777485e-10 1.82757819754951e-08 7.45974038017180e-09 -2.66220946622907e-09 -5.12678732661980e-09 1.72388445271651e-04 -2.93240128542957e-08 8.34951914709096e-08 -5.99712610421751e-03 -7.45486307531874e-09 -6.48984982522830e-10 8.52224455571543e-04 -6.31726091233656e-10 1.01307767483152e-04 1.02397231389105e-09 7.50709445185375e-05 2.15497618910196e-10 4.39336358088099e-11 2.46890760481823e-04 -1.16275176392060e-09 3.82971754722834e-05 2.86111435599784e-09 -1.36224462659787e-10 -5.10779143276387e-07 2.17285050913239e-10 2.98558924340137e-05 -4.29698216747040e-11 3.61514412460067e-05 -6.57140947626282e-10 5.17649516317674e-08 -3.22397473841273e-08 1.36737453672141e-07 -8.10063789310799e-08 -2.67941364568638e-09 1.21036726407560e-08 7.35809947792932e-04 1.43860484276123e-07 4.39284753538526e-08 -3.95185798809198e-02 -1.21910903113918e-08 -1.59462406040062e-08 1.65911715468563e-03 2.74010755534657e-09 -4.34111178697365e-04 3.88859114947827e-09 -2.84233654908406e-04 2.55965368855627e-10 6.74602937347813e-09 -1.07594125400044e-03 -1.38355659650355e-08 -6.26860452507662e-04 -4.74531301912415e-09 -2.12578260720971e-10 -2.17814754209529e-04 -1.73063606019376e-09 4.56339080194189e-05 -1.62983443044240e-09 1.07541444123305e-04 -4.70070040792000e-09
 -1.44061810937498e-05 7.71420433653059e-05 -1.49519631163796e-03 1.56748597262461e-03 -1.76956931856312e-04 -1.42131909881165e-04 1.41884500073418e-09 -1.27559748462735e-03 2.15760174309281e-03 3.50578759961613e-09 -3.64928150790955e-04 -1.11049801962487e-03 3.02315134346194e-10 1.22210519843706e-04 -3.13631182397626e-11 3.69112470098351e-05 3.84212831792490e-10 3.66152191015455e-05 1.39344776186922e-04 -9.07641626914977e-10 -2.70221937041192e-05 9.19032440197737e-10 3.03342684640092e-04 7.04385145113386e-05 -2.27049194242433e-10 -2.45886687725760e-05 -5.73221873876805e-10 2.05662733160611e-05 -4.31906156132753e-10 8.00443181049413e-05 -2.42334750294252e-04 6.70945312656009e-05 9.16903373498492e-03 -5.00204986122565e-03 1.32317451295970e-03 2.14592420641445e-03 -8.43446917013710e-09 -5.00581365651236e-03 -1.31097293603258e-02 -4.18662095811484e-09 3.16713359982644e-03 4.26851080720057e-03 -1.52797526781843e-09 3.70446780066749e-04 3.44812016373275e-09 -2.09435589589564e-04 1.32516204155587e-09 -2.37906443719805e-04 2.54666794844301e-06 9.39338435622208e-10 3.84332303792817e-05 1.71592568669483e-09 9.12368310152633e-05 6.25499039228330e-05 5.56940179069443e-10 5.45341868240079e-05 1.94711239168503e-09 -1.35276138176672e-05 2.13337819337668e-09 1.77169341387096e-04 -6.52193952283011e-04 8.34096301598948e-04 -6.89017275567967e-04 2.33309230102449e-05 1.16909589681575e-05 7.55496256328362e-11 -2.26920056144397e-04 1.83398049927552e-05 2.33060963169330e-10 -1.42596291218172e-05 4.71068723174248e-11 2.36472153501572e-06 1.07492558508840e-10 -4.47657783796638e-06 -7.84000835935837e-04 -1.22787900002853e-03 -6.21483010030580e-04 4.07048714377931e-05 -1.04882793927629e-04 -1.92472590883765e-10 3.21795542942870e-04 -1.84914353188058e-04 3.83483825848841e-10 8.28556329305154e-05 -2.53428452867998e-10 1.78656163953131e-05 -1.68706832217670e-10 -6.02152410644595e-05 8.52562307414179e-06 2.93596114544922e-06 5.44329418073176e-04 8.62220946621837e-05 -1.10532242619405e-04 3.47286498438668e-05 -1.01498776410797e-09 6.72433450421272e-04 -1.24067914809943e-03 6.74127265157415e-09 1.22430845997730e-04 4.76452873111412e-05 1.39883672655657e-10 8.62331540647516e-06 -6.49113794080059e-11 -5.03655243885444e-06 -6.75166874271754e-11 -1.42650795977559e-06 8.07221269193674e-05 2.14325676442605e-11 1.21896053249015e-05 -1.07297826580353e-10 8.21937635134149e-05 -2.45419652853269e-05 3.79270190237871e-11 6.10411454426689e-07 1.47396210248788e-10 -1.19522937704517e-06 4.68283336160660e-11 1.02652895154637e-05 5.07962175814043e-04 -9.79119649221208e-05 3.49634431209039e-03 -1.74731004033307e-03 -3.58407180479399e-04 -3.94671458244448e-04 4.56203360366634e-09 1.38804559764647e-02 1.15973879438173e-02 -1.60686463519271e-08 -7.11188648121422e-04 -1.08780282060381e-03 2.74010755534657e-09 2.72932049614458e-04 -8.65557412953136e-10 -1.54009367949955e-04 -1.22244937039458e-09 -6.98179886119107e-05 5.96362540611064e-04 3.04517086529562e-09 -3.14933250690389e-04 3.71479266941913e-09 -9.24492045529199e-05 5.97205770287474e-05 3.86058740127761e-10 -4.83178637284319e-05 -5.48113653497647e-10 -2.61253122323107e-05 9.05964183573893e-10 -1.31274457548463e-04
 -1.09837312364974e-09 -5.56844603520698e-10 -4.27496089946908e-09 4.93294266514371e-09 2.28171504922536e-09 -3.06140880470827e-09 1.80356496465700e-05 -3.12088637751440e-09 1.05150948601082e-09 1.18438669159699e-03 1.77722780872783e-09 -1.07852214776016e-10 -4.23247408689607e-04 -7.39335323342869e-11 -1.11820193951684e-04 7.42601398405402e-12 2.70702759806930e-05 5.40691705638871e-10 1.08018273788364e-09 -1.55822722181698e-04 2.77858155062429e-10 7.16280043733284e-05 -5.15733027733590e-09 -2.01605653694618e-10 -3.21515019277304e-05 1.95795972998049e-10 -3.22422653466325e-05 -7.70996302516271e-11 -4.33026810725655e-05 -1.95720705263760e-10 -3.33980216756362e-10 3.42868056318529e-09 -4.66288599001357e-08 1.48190300407723e-08 -8.81320057378403e-09 -9.67271008768469e-09 -4.06328590274988e-04 2.38895501536550e-08 2.62529700030848e-08 8.78875365320007e-03 -6.62645447445647e-09 -7.67125510338836e-09 -8.49853377043519e-04 -1.28722952030335e-09 -2.30524891824254e-04 -9.16262524110880e-11 -1.58461046462578e-04 1.12412272707940e-09 6.30239338478667e-09 -4.19818878304577e-04 -4.74035631872285e-10 -4.00999025968000e-04 -5.04317839143916e-09 -1.91682067651547e-09 9.66394475117949e-05 9.30141128934686e-10 -6.64271801472653e-05 8.10450734544621e-10 -6.08900406097552e-05 1.28806063731130e-09 3.65982526304614e-09 1.69262693075887e-09 -2.55829819915252e-12 -4.91811740419542e-12 2.58042042441116e-10 8.48539650711373e-06 1.84290409616369e-09 7.57606119035662e-10 9.06033026371634e-05 3.59902195171601e-10 -5.91048651020017e-06 1.51210503882647e-10 1.77308694818338e-05 1.18623352591276e-10 7.18250698091203e-09 1.66420981437313e-09 1.48559795266535e-10 1.54701266994262e-10 8.38663050493767e-10 8.76167076947331e-05 -4.02632143273903e-09 -2.16252505479378e-09 2.20393163526064e-04 -4.08221594760009e-10 -3.84400397008430e-06 -2.34620511369084e-10 -5.46180876385248e-05 3.18719107458978e-10 -6.14471238292429e-11 -4.18019321179049e-10 -1.79937591794283e-09 -2.68370458387659e-09 1.06639474096703e-09 -4.93204455075812e-10 1.69929204307548e-05 5.87130992414932e-10 6.02062857709196e-09 -1.19057577465209e-03 9.50401244318025e-10 -3.65217448700864e-10 -1.13657315055204e-04 1.30215249619740e-11 2.33193703508207e-06 9.66017656405320e-11 3.02851339064210e-07 1.36694190902964e-10 -3.14264151807853e-10 4.60151158370622e-06 -1.10669847009672e-11 3.53666713314425e-05 -5.23920978846363e-10 9.79461002113661e-12 -1.52357202830754e-05 -1.21989338748525e-10 -2.56756117097698e-06 2.91243262967567e-11 -5.59042512380703e-07 -6.80868943489999e-11 -4.21293337876721e-08 9.30991674498763e-09 -4.79082988495399e-08 2.26711447554393e-08 -9.07825994514571e-11 -3.02162201288237e-09 -2.05604527142603e-04 -1.78907807982625e-08 -4.60266940292972e-08 1.13337510703661e-02 3.94394220317822e-09 5.14605911894123e-09 -4.34111178697365e-04 -8.65557412953136e-10 1.20754847744076e-04 -9.50832413606851e-10 7.91754912923539e-05 3.64446573919024e-10 -1.90692393704571e-09 3.04044321947026e-04 4.02267881015841e-09 1.81456597513463e-04 2.37112225273748e-09 2.84865456792150e-10 6.30221445603851e-05 4.97285573408509e-10 -1.22582478988517e-05 5.12489043886484e-10 -2.92276431479869e-05 1.53780566426357e-09
 -1.28322804910299e-06 -4.67553588999960e-05 8.33364452947233e-04 -4.80975524309585e-04 2.07829723593974e-04 5.43308041060801e-05 -1.45543011529659e-09 4.01531789918740e-04 -1.27356913785244e-03 -7.17590731292263e-09 4.27283048875916e-04 6.31480733335093e-04 4.13761015948060e-09 -9.10193200972645e-05 1.62324175736614e-09 -1.13771847934408e-05 -3.73661693901262e-10 -3.56586565508354e-07 -8.09029857566580e-05 2.96192355955096e-09 3.19754644078332e-05 -9.31438701205322e-10 -2.28515110122946e-04 -6.29991075822508e-05 5.87874936189955e-10 1.31357076663822e-05 6.21878936176096e-10 -1.37348112600609e-05 7.46747257586068e-10 -4.36551468016915e-05 2.19103208317651e-04 -4.52523871149498e-05 -5.23860695978077e-03 2.97940147990226e-03 -9.04073211371788e-04 -1.27055358818833e-03 9.96494909678536e-09 4.39005203812943e-03 7.28793255101043e-03 -1.05260828258849e-07 -2.15060357588212e-03 -2.64082772920192e-03 1.10593292783956e-08 -2.50983520534501e-04 1.01883156490714e-09 1.21352526658327e-04 1.22893777305773e-09 8.69555221118693e-05 1.49519976805880e-05 5.01633368230139e-09 -2.70497192724274e-05 3.90361816876005e-09 -1.62351088774826e-04 -2.75004083733102e-06 -1.63187044978207e-09 -2.76111453114237e-05 -3.52108645491410e-10 6.21494680555215e-06 -1.98574169866128e-11 -9.92677554868636e-05 4.48853443159403e-04 -2.09797105167771e-04 2.87886234475135e-04 -3.11307581986528e-06 3.52705890204417e-06 -7.01078167707316e-11 1.73553982120917e-04 8.84696671639353e-06 -9.95865835029412e-10 1.56170461514150e-05 3.74810512375248e-11 -5.60812931649563e-07 -2.52101820794473e-10 9.37421891626194e-06 2.49852865406110e-04 1.45664118497728e-03 -6.48436878545722e-05 -5.62077827004073e-05 4.64198532959861e-05 -1.04536068882406e-09 -1.92269231123014e-04 9.00030753478401e-05 -3.01991258411835e-09 -3.87694226172999e-05 2.17302608493794e-10 -1.37567212837157e-05 9.30859539052618e-10 4.24045443497582e-05 -2.14049540586831e-05 -2.92742217484804e-06 -4.51621482555208e-04 -1.25840838478966e-04 7.90579768641137e-05 -3.42489972152013e-05 1.19452074186127e-10 -4.13296027711601e-04 1.12556486930820e-03 2.34886350232956e-08 -6.72291542869069e-05 -2.44008714643201e-05 7.68976304461554e-10 -7.37804302410708e-06 -1.55177447852537e-10 5.46373775989150e-06 -4.44159220248761e-11 5.16511880271995e-06 -5.67171619969374e-05 -3.51242472785629e-10 -5.08223479083088e-06 -5.85463275048934e-10 -4.95642971364477e-05 1.45037039772286e-05 2.06436225303385e-10 -7.41668220282870e-07 -8.89801268577822e-11 3.91833794877070e-07 -8.01133768939342e-11 -7.80467497443708e-06 -3.54520010211449e-04 6.15384505164136e-05 -1.43805216777475e-03 9.52445871626440e-04 1.58094679148740e-04 2.75034921447654e-04 2.09741524595501e-10 -5.86655796559789e-03 -9.05059124845959e-03 -1.32692608810418e-07 4.30458567485835e-04 6.05890167514889e-04 3.88859114947827e-09 -1.54009367949955e-04 -9.50832413606851e-10 9.41691729145917e-05 -4.50007478570218e-10 6.97624901368836e-05 -3.31451987690832e-04 -5.71520296337405e-09 1.94749160209528e-04 -3.92793340455605e-09 1.41593650933982e-04 -1.29795041726697e-05 -8.83363016770533e-10 2.78200599148230e-05 4.04029266850703e-10 1.72956615629419e-05 1.45244941515804e-11 8.47055062373122e-05
 -1.99453004675311e-10 -4.36200173642591e-10 -4.44567089500836e-09 -1.38385109575990e-08 -6.12901981937374e-10 -1.20124855166912e-09 1.33135539786549e-05 2.42627971755038e-09 4.81511395503159e-09 7.44086943306902e-04 -5.64814248330037e-09 1.03895170502394e-09 -2.74331333838264e-04 9.52287006170471e-11 -7.41553073800513e-05 -3.64450962728156e-10 1.71702080039380e-05 -4.38450963868024e-11 3.66131477929550e-10 -1.03763846095353e-04 -2.85317245642398e-10 4.54599997894954e-05 -2.66127302405115e-09 1.11387210330426e-10 -2.14553360326749e-05 1.72399354509723e-10 -2.08982948734354e-05 -4.14603700367143e-11 -2.81779259900324e-05 -3.32676877697301e-10 -1.17350914281733e-09 2.46246055644549e-09 -3.46486607225517e-08 1.54997022769043e-08 -8.10576903824622e-09 -1.02215750050349e-08 -2.66539189496459e-04 1.53897511566590e-08 5.11538812557850e-08 5.75850433476181e-03 -6.39704812378385e-09 -5.95442084613784e-09 -5.55747433010843e-04 -1.03081701018060e-09 -1.51569506256792e-04 5.66375041990102e-10 -1.03801430925803e-04 3.76926947852414e-09 3.02684918141444e-09 -2.75902879148728e-04 7.52892254244000e-10 -2.62685816322346e-04 3.72239183915854e-10 -2.25002297220202e-09 6.35021656123048e-05 2.22900608821764e-10 -4.34335484649563e-05 4.97950038540448e-10 -3.97824062968617e-05 4.09943524746878e-11 6.38462343499869e-10 -2.07261939122001e-09 2.85173125993697e-09 -2.74666446109563e-10 3.78507356789955e-11 5.24641495562485e-06 4.23485500399908e-10 1.24262078747290e-10 5.85306229721399e-05 1.64718168072881e-10 -3.88723922768400e-06 8.41128649167769e-11 1.14225027805061e-05 -9.09202225603095e-11 7.12375980513498e-09 2.13716354189369e-08 1.51044160649465e-09 2.57168857566184e-11 1.10966088853932e-09 5.74163253872050e-05 -4.31825596171781e-09 -9.21048721161886e-10 1.44216187932653e-04 -6.42974729238904e-10 -2.54256591631284e-06 -1.68693073108262e-10 -3.57628968939920e-05 3.68445656772077e-10 9.82428709335142e-11 -2.04189967301191e-10 -1.76045734852073e-09 1.83666959381920e-09 6.45918500800647e-10 -1.13255866122381e-10 1.20913544698770e-05 -5.36747547522796e-09 -1.73538924113212e-09 -8.22425187236302e-04 7.84822417031701e-10 -1.13720841795468e-09 -7.27175470538906e-05 9.02763047153460e-11 1.97511187277397e-06 4.04955221227126e-13 5.08322246392254e-07 8.22515524113242e-11 -1.11013027214724e-10 4.08849570071996e-06 -8.40082647742235e-11 2.38617766972943e-05 -2.42014674439631e-10 -1.58774871492425e-11 -1.02144675564613e-05 -7.46242616184550e-11 -1.59958940711488e-06 5.66909061820902e-11 -2.27689455323162e-07 -4.27386193533538e-11 -2.97435536978203e-08 5.89483528024863e-09 -1.21631265105129e-07 2.22435836392387e-08 1.88935864645214e-09 -3.13841721492335e-09 -1.34822553308848e-04 -9.37449668064306e-08 2.60018173366954e-08 7.43620199163990e-03 3.33468611253727e-09 9.02543853681149e-09 -2.84233654908406e-04 -1.22244937039458e-09 7.91754912923539e-05 -4.50007478570218e-10 5.19147287549210e-05 -2.92103683496441e-10 -2.33430998237813e-09 1.99422658643528e-04 2.81788037186437e-09 1.19079487086961e-04 -3.88665206365644e-10 -3.97021226888065e-10 4.13573946534647e-05 5.12964186655189e-10 -8.03101351805093e-06 3.25205743041217e-10 -1.91536871742548e-05 1.08262765964000e-09
 -6.78194070104990e-05 -2.72098416143944e-05 3.18531672725759e-04 1.33001219867675e-03 4.54258031825508e-04 -2.53827960633908e-04 -2.93833497608078e-10 -1.01769089974076e-03 5.41788826293142e-04 -2.84244489100888e-10 8.93197528946031e-04 -2.81329754360862e-04 1.35879579560173e-10 -6.31146036074657e-05 9.67922476224295e-11 2.77578187581234e-05 3.77629268233045e-11 1.36011749219308e-04 -9.39921947297246e-06 7.53758771943511e-10 6.26521538517990e-05 -1.68118485951770e-10 -2.22107861238294e-04 -1.04877440029706e-04 8.23825402424755e-11 7.19091288331157e-07 -4.26076517591500e-11 -1.49754985382890e-05 1.27122010809230e-10 -1.42538590887704e-05 1.25492200758999e-04 -1.58895178221494e-06 -4.08028775415873e-03 1.76970563004348e-03 -1.02640608089622e-03 -7.98721886425975e-04 3.80012091537704e-09 8.64536799648803e-03 2.05701335407049e-03 -9.00987814662402e-09 -2.25510227649244e-03 -1.83179071068429e-03 1.98476882509206e-09 -2.73915278666331e-04 -7.58237758212653e-10 9.92241312859661e-05 1.08649883403090e-10 -1.19043499854077e-04 3.08697712788009e-05 9.80417970505247e-10 2.70169070908336e-05 -1.58521658244521e-12 -4.25650357213004e-04 1.22653408708472e-04 -5.15056250457500e-10 -3.29032987416117e-06 -7.50246362262641e-10 -8.85292983711897e-06 1.75182878430505e-09 -8.29136524821945e-05 4.30119688789421e-04 1.45382800960426e-03 -2.69849461075190e-04 3.23020423688143e-05 4.76667532081163e-05 -6.40571919090218e-11 2.35745560450575e-04 9.35576774477224e-05 -1.35853469699649e-10 4.04799417139495e-05 -4.82051569647834e-11 4.87926203961496e-06 -1.61265627513598e-10 2.80392967466303e-05 -6.43362669347275e-04 3.67854490674696e-03 -1.59583293333463e-03 -1.52511322851033e-04 -3.53104968268742e-05 -4.12252455894584e-10 -1.19650331434757e-04 -2.25238048751387e-05 -1.25876711358536e-09 1.58684518628449e-05 1.54581827432677e-10 -2.32809779957903e-05 1.01954662101883e-09 5.20863165442381e-05 -2.19017269009414e-05 -9.65789955802747e-06 -6.00769980812137e-04 -4.06877576171610e-04 6.78793675380675e-05 -2.07703405892999e-05 -8.99678898774373e-11 5.38860555804680e-04 2.36057788804623e-04 3.95725374213987e-09 1.05889786627588e-04 1.63966868487182e-05 -2.00159141335809e-10 -9.95150355428604e-07 -5.28291287510519e-11 4.37374205807237e-06 -2.54328376589967e-11 5.86634204102032e-06 -4.32094115524500e-05 -2.90268550345094e-11 -1.55750429075571e-05 2.78493855864098e-11 -6.48512872811043e-05 1.17453904848765e-05 2.34080232292980e-12 3.86546911689012e-07 -4.02440067409340e-11 1.97012956542591e-06 1.11803898971197e-12 -1.87583703485962e-06 -3.29713654136208e-04 4.35870290843172e-05 -1.67767882243096e-03 5.94443464220670e-04 -8.91999962505571e-05 3.10882148675590e-04 1.59698548858555e-10 5.40815042659601e-03 -1.30527425518123e-02 -9.84651763578054e-09 3.52280365264712e-04 4.26250524809554e-04 2.55965368855627e-10 -6.98179886119107e-05 3.64446573919024e-10 6.97624901368836e-05 -2.92103683496441e-10 1.54849933666788e-04 -1.05986042323814e-04 -2.05868993328905e-09 1.54887560204119e-04 6.21077329264424e-10 4.32493512115382e-04 8.12518544995013e-05 2.04456121586338e-10 1.82943974280746e-05 -1.11138763723525e-10 1.76711176162669e-05 5.86892755537093e-10 7.92941650282243e-05
 3.06008175034163e-04 2.27541970072971e-04 -5.52196617210759e-03 3.41136422663914e-03 -1.02920357944921e-03 -9.19344785989569e-04 3.29828112509236e-09 2.87199898775686e-03 7.39261512592561e-03 -1.85193785128846e-10 -2.78981231213089e-03 -3.30631924631433e-03 1.68862591112199e-09 3.10024365357682e-04 4.95356902645464e-10 9.78255003328773e-05 7.37456268644057e-10 -5.97490343194954e-05 2.36958903243036e-04 -2.40909988931996e-09 -5.61167913269965e-05 1.72799086336226e-09 5.23148194669175e-04 1.21800596846217e-04 -4.57135296577389e-10 -7.11722287675189e-05 -1.62652202548486e-09 4.11128780926751e-05 -1.43843100889171e-09 1.52119260080781e-04 -1.81385161697146e-03 2.27123344949659e-04 2.00587316225542e-02 -1.01793520878899e-02 2.57705462258838e-03 4.64296434240348e-03 -1.76068900165480e-08 -7.79687274401344e-03 -2.83154186149255e-02 -2.71442432749963e-08 6.70426391995405e-03 9.63472271611314e-03 -9.84580008645288e-10 6.90604580577207e-04 7.49046390797381e-09 -3.64395016536389e-04 3.28790905829615e-09 -5.86233127418270e-04 -1.37441665687569e-04 3.07435836611758e-09 2.75748396808841e-04 5.03321947637617e-09 1.49801050319476e-04 1.33330797802578e-04 7.72308731836715e-10 8.97748613049309e-05 4.19946768041565e-09 -5.42408006832601e-05 5.64420717610686e-09 2.98726843611596e-04 -6.48812875756870e-04 -4.81204677268566e-03 -2.08671626849213e-04 -8.78787175951201e-05 6.56950842078514e-05 7.63640126295055e-11 -6.82429143518314e-04 7.90430534876799e-05 2.29030872991865e-10 -5.32908646779786e-06 7.20276643169083e-11 2.33367292791045e-05 3.69302619723263e-10 -4.25253973385785e-05 -2.19375926236938e-03 -1.29595160759426e-03 -2.75250286471751e-03 -6.71590234800412e-06 -2.29789216848919e-04 -6.05658905703193e-10 6.72368938883835e-04 -4.48586881230783e-04 -2.84399628375071e-10 1.75205654186751e-04 -4.26698322829699e-10 2.66834206074695e-05 1.21604486980974e-10 -1.02397755778082e-04 -8.15865291749474e-06 -1.71226334183366e-05 2.28447390437651e-03 -5.21058308679167e-05 -1.37538989631242e-04 1.14830377848673e-04 -2.54871591898790e-09 -1.39919086892513e-03 -5.20934324190003e-03 8.66851750602138e-09 2.43714100969241e-04 3.69211373563409e-04 1.23879796170069e-09 6.59886337882192e-05 -2.00781286224435e-11 -4.49606070907570e-05 -1.02857965186739e-10 -3.73439049173870e-05 2.67618247221377e-04 3.75078612114738e-10 -3.37034779925047e-05 -1.12230259353133e-10 5.05815562948893e-05 -3.93047929843884e-05 8.09272448340901e-11 2.04761203635128e-05 4.42977574643178e-10 -8.53256691772850e-07 9.79803807923911e-11 6.11772712694226e-05 -2.08674511151633e-03 -2.71177554098311e-04 -3.88022885731568e-03 -3.42510430128272e-03 -8.63375430457360e-04 -8.77165626707802e-04 1.14920234147890e-08 3.54856687333911e-02 2.48605407367083e-02 -5.88973386154756e-08 -1.21930660535723e-03 -2.02612458947958e-03 6.74602937347813e-09 5.96362540611064e-04 -1.90692393704571e-09 -3.31451987690832e-04 -2.33430998237813e-09 -1.05986042323814e-04 1.45004470720144e-03 6.39023223817745e-09 -6.81963418124274e-04 8.11323711646954e-09 -6.08922637258903e-05 1.73508957070270e-04 3.25323073850206e-10 -9.34794054523322e-05 -1.44835881562439e-09 -5.01618954608425e-05 2.29552936501088e-09 -2.79881696890358e-04
 -2.10374456898592e-09 -5.89040403374564e-10 1.19075350883815e-08 -1.08420406078302e-08 -3.16213881678570e-09 -1.42172682039946e-09 1.08901981248095e-04 1.11083109766526e-08 -2.46676473222093e-08 1.59628070536113e-03 -2.45246905566660e-08 7.58309175398033e-09 -9.30008704784456e-04 -5.69075811468582e-10 -3.17302473215996e-04 -7.91811944384507e-10 4.34560137693590e-05 -5.86751742536984e-10 1.97450049104997e-09 -4.60407432657174e-04 -3.03297802211539e-10 1.16162063290897e-04 -9.30060747077071e-09 1.30501402206158e-09 -9.69322011138262e-05 3.56384692405542e-10 -7.08550943412798e-05 4.46344716713579e-10 -9.98827301263905e-05 2.49362120272791e-10 -3.70036463463192e-08 6.69283559100414e-09 2.73757629653636e-07 -8.21190859473785e-08 -5.19200890464742e-10 1.28518269586699e-08 -1.02825063499160e-03 -3.49123207206810e-08 -9.45430041094760e-08 2.19569703527898e-02 4.04291670766900e-08 6.00564618964136e-08 -2.07679572825575e-03 4.16206277540418e-09 -5.98390294621183e-04 -6.81571885922648e-09 -3.94847667514981e-04 3.22827382902688e-09 1.51489391221180e-08 -1.08433929114211e-03 -9.46402569612508e-10 -9.99517481267552e-04 -5.53288263536422e-09 -5.95608167649884e-09 2.49232118604401e-04 2.63349143068978e-09 -1.62098521376814e-04 1.74337320834626e-09 -1.47277903592368e-04 8.42091866397817e-09 -3.68025789064672e-09 -7.59280528013513e-09 -7.37322798120202e-09 -9.27854188023534e-11 7.82269930433977e-12 7.83082000952413e-06 -3.05087659859096e-10 5.35552192144159e-10 1.90778761963787e-04 1.07662422253035e-10 -1.53896399518740e-05 4.38192704207513e-10 3.59776660795971e-05 -1.69005814729745e-10 -1.18868616453630e-08 1.11899061044902e-07 -4.48150660660487e-08 -1.20574319367522e-09 1.68359591059540e-09 2.19265672397350e-04 -8.41858538769724e-09 -8.05385519702028e-09 5.42577312584662e-04 -3.20260469720071e-10 -1.06242692729504e-05 -2.05206574318668e-10 -1.35446649637819e-04 1.14237796875912e-10 3.67326139176819e-09 -1.31615641994048e-09 -9.28956432320673e-10 2.24872625366948e-09 1.50319914093324e-09 -1.62595217055111e-09 8.33005375709011e-05 -1.10233845416949e-08 1.38837306683609e-08 -4.78108341912549e-03 1.14113840824238e-09 -5.80962273467079e-10 -2.09192139831465e-04 6.81485101815125e-11 2.49058544335872e-05 2.37192250654562e-10 1.39782991853192e-05 1.97393288073990e-10 -4.28586602494605e-11 5.72987313083587e-05 -9.61715336065406e-11 1.17756718096557e-04 -2.83625916164745e-10 -1.58157095563093e-10 -4.79545471766564e-05 -3.83775415249244e-10 -2.88567901492655e-06 1.51877696442490e-10 4.51691194329686e-06 -2.18784177871036e-10 4.79178158287788e-08 2.16363888599373e-08 -1.34868185557668e-07 1.75021636447833e-08 -5.92093462496152e-09 -2.06986743347089e-08 -5.18262853217674e-04 9.66016829396809e-08 2.54879620255070e-07 2.87495950339755e-02 -8.95028765257087e-09 -9.07428913976838e-09 -1.07594125400044e-03 3.04517086529562e-09 3.04044321947026e-04 -5.71520296337405e-09 1.99422658643528e-04 -2.05868993328905e-09 6.39023223817745e-09 7.68508235356385e-04 2.80976600277667e-09 4.61303215985578e-04 -7.80983989616802e-10 7.41842332161152e-10 1.60199318498029e-04 4.58984383292804e-10 -3.05929032750823e-05 6.74662086312338e-10 -7.31628585249771e-05 1.16999921329387e-09
 6.24459393836814e-05 -3.17459279561738e-05 5.40976276829165e-04 -1.42100793031218e-03 1.27604510109467e-04 -3.61143757509568e-04 -1.35606810996693e-09 2.28223689424956e-03 9.08443730267106e-04 3.69980688644332e-08 3.28991459027074e-04 1.04083265838198e-04 -1.16343147188141e-08 -4.91062486664079e-05 -2.26188573743275e-09 -1.50579557498580e-05 6.92588622135210e-10 5.56633686265833e-05 -1.39268012748466e-04 -1.99145823449528e-09 9.46703630254074e-05 1.57836133255264e-09 -2.97093427667077e-04 -1.23945202785104e-04 -1.08556518738837e-10 1.26035285977407e-05 -5.37122599486099e-10 -2.84511679721666e-05 -1.09413747168199e-09 -7.61906106066308e-05 8.55083019427557e-04 -5.99574782087523e-05 -1.35143654055901e-02 6.72176361841719e-03 -1.78386067591499e-03 -2.54257925442769e-03 1.55957369130515e-09 1.01179873521909e-02 1.28638736747854e-02 2.17971051035244e-07 -4.58669610919864e-03 -4.94646095976971e-03 -1.88891493500162e-08 -4.19261635728202e-04 -9.46038885971437e-09 2.66248856298630e-04 -5.15475254255480e-09 1.85159603416645e-04 1.47841444234577e-04 -1.09003936863659e-08 -1.18521818527839e-04 -1.18451496317780e-08 -2.04012994282893e-04 -2.63081616449979e-05 1.79845874719016e-09 -4.04580211822106e-05 -4.23142117553473e-09 1.11643991602038e-05 -2.39760005875730e-09 -2.29967980322066e-04 1.09558704089378e-03 -1.40645855019930e-03 1.18858873063448e-03 -5.55997350817887e-05 3.11382994569382e-05 2.77132209472338e-10 2.92808951194984e-04 4.96866390176354e-05 2.39799072840434e-09 4.81794006350559e-05 -1.58263636334035e-10 4.75158617833903e-06 4.62662257662525e-10 6.11844667179795e-06 3.21417820133965e-04 3.04273068146764e-03 5.02823230133513e-05 -1.01198577098494e-04 8.07616328212403e-05 1.99042748813430e-09 -2.72717412625483e-04 1.95129923106810e-04 4.41667054325286e-09 -7.92235072193899e-05 2.10718922621086e-10 -2.97164313105120e-05 -3.97506614576594e-10 7.71761069623665e-05 8.36493908892560e-05 -2.37666225301331e-05 -7.15794786342810e-04 -4.29272039182162e-04 1.36590528412379e-04 2.89263187135913e-05 5.63243271763299e-10 -6.42237481372823e-04 -1.66033271456459e-03 -1.83681195279601e-08 5.71975059830214e-05 9.61934412926240e-06 -3.92308967474456e-09 2.21988949785831e-05 4.97554756833882e-11 -1.38492649333482e-05 -9.21551383062888e-11 -1.90655822678144e-05 -3.47372567664389e-05 -2.68681653930097e-10 -6.49350563277576e-05 9.57763014814919e-10 -1.74743109950054e-04 3.38641955631128e-05 -2.40439922134419e-10 7.34245161365226e-06 -2.11011876528377e-10 5.97589092336689e-06 -2.47851286176831e-11 1.18424286976767e-05 1.25859992164904e-03 1.54144254087493e-04 1.68362243926222e-04 2.03797709924333e-03 3.84458673603913e-04 5.86279486334279e-04 -1.02467602914884e-08 -1.25425001861049e-02 -1.94630312454905e-02 2.90709134499188e-07 7.72770381182416e-04 1.23528017774562e-03 -1.38355659650355e-08 -3.14933250690389e-04 4.02267881015841e-09 1.94749160209528e-04 2.81788037186437e-09 1.54887560204119e-04 -6.81963418124274e-04 2.80976600277667e-09 4.30013668741183e-04 1.02629222390770e-09 3.76505923469018e-04 -1.00239674526222e-05 1.45478291352394e-09 5.98824730135839e-05 3.23292034718156e-10 3.17850502467994e-05 -1.24134121005931e-09 1.75459534991846e-04
 -1.71883114484228e-09 8.45401256555828e-10 -1.73996878134805e-08 3.89870746776186e-08 2.75001193495643e-09 -7.11651092177012e-09 1.21723400401306e-04 -8.59113407495068e-09 8.81556636882863e-09 -2.85592130180666e-04 -2.35950119824038e-09 -8.19963111767500e-09 -4.33814737439843e-04 -5.24826766356455e-10 -2.21316158865043e-04 9.53380362557144e-10 3.86231379960572e-06 1.60247616480837e-09 1.94036467812019e-09 -3.35594235538173e-04 1.24422225331882e-09 1.19743405956299e-05 -6.96648720134476e-09 -2.23690206420249e-10 -7.21275715746654e-05 8.07105091745235e-11 -3.30601103326713e-05 3.95678408469301e-10 -5.14375435021897e-05 1.16902635849698e-09 -1.81349001502015e-08 4.00687684790336e-09 1.88603704989379e-07 -6.68528305754681e-08 -3.69941396057059e-11 1.86553021507312e-08 -6.18289734635366e-04 4.62831191345809e-08 -1.68429131967647e-07 1.29505211912713e-02 2.12236425635665e-08 4.84441860574625e-08 -1.18314292653145e-03 2.63997544959932e-09 -3.73172501276725e-04 -5.18483305283275e-09 -2.31953576483984e-04 -4.46724408236789e-09 1.13900040865392e-08 -6.71530199272162e-04 -1.50939266244566e-09 -5.87458243534126e-04 -1.13659682895860e-08 -7.12711643685492e-10 1.54022207828517e-04 2.39333872817240e-09 -9.21349287275370e-05 8.77414043425559e-10 -8.25045761269456e-05 6.37007556243948e-09 2.87993545841587e-09 2.66697436154415e-09 -1.00969106268664e-08 4.13358934770091e-10 8.84159781092161e-10 -7.41950624248141e-06 1.34795815470148e-09 1.83068032005686e-09 8.04876889090608e-05 5.23928458904880e-10 -9.63844438826056e-06 3.92290058761650e-10 1.37284182799081e-05 3.26379392884911e-10 -2.39110534510098e-08 8.21725522285777e-08 -5.22290010809336e-08 -2.15816969852563e-09 -7.91612317025769e-10 1.29661402557102e-04 -2.01924744565229e-09 -7.02109498629376e-09 3.12786990481460e-04 9.89261542585738e-10 -7.18556145378953e-06 -2.35539856452629e-10 -7.89824760055796e-05 6.04870996872703e-11 1.29366947995726e-09 -1.38357141136869e-09 -1.38108534409651e-09 -6.31221360067195e-09 9.28447092803861e-10 -1.98042175054078e-09 8.59148947623341e-05 3.49215702594302e-09 1.06414423929919e-08 -4.44686328533864e-03 1.89608240640609e-09 8.32275404760477e-10 -5.60639821569019e-05 3.46620412636841e-11 3.18714705764112e-05 3.42500858053386e-10 2.01508196415526e-05 1.60341811929959e-10 1.74008496354964e-10 7.50413094520377e-05 -3.99862580306946e-10 9.59294941161827e-05 -4.88092023028419e-10 -1.16679934572040e-10 -3.71912583284444e-05 -2.15595494846503e-10 1.47575865034418e-06 7.01420144527377e-11 7.98935080652343e-06 -9.60564458229695e-11 2.78597209321431e-08 1.32345862205748e-08 4.29162032652647e-08 -4.22577150722438e-09 -9.19189936047260e-09 -1.05097041588119e-08 -3.09821235193787e-04 3.05333446107270e-07 2.23176359378760e-08 1.73481293995460e-02 -7.83313268090170e-09 -1.52005808634940e-08 -6.26860452507662e-04 3.71479266941913e-09 1.81456597513463e-04 -3.92793340455605e-09 1.19079487086961e-04 6.21077329264424e-10 8.11323711646954e-09 4.61303215985578e-04 1.02629222390770e-09 2.79259661701995e-04 6.09427907969696e-09 2.46191009463853e-09 9.69649541911774e-05 -7.84478030556194e-11 -1.80153725183176e-05 4.18069503580633e-10 -4.32815393579236e-05 5.79523239823683e-10
 4.07766438163814e-04 8.77398602742521e-05 -2.20806875187264e-03 2.39429996886316e-03 3.69207977969156e-04 -1.74218886983121e-03 9.38693988373015e-10 1.59633320506965e-03 9.74688134392148e-03 1.81154972791969e-08 5.77761851626332e-04 -3.54006645617843e-03 -5.49118186257792e-09 1.60224244860856e-04 -8.70593941175236e-10 8.21625974997507e-05 1.07823926176360e-09 5.16764087401715e-04 3.69020102852138e-05 -5.35949975136617e-10 2.15206593585132e-04 1.60336686449520e-09 -1.31604607326979e-04 -2.63574293014646e-04 2.16468963471384e-10 -4.30726908235281e-05 -1.52278461023418e-09 -3.64736881810525e-05 -1.55164334908978e-09 1.97455028094415e-06 8.49247239963229e-04 3.10575121467247e-05 -9.74859918671145e-03 4.12880579512845e-03 -2.48662754505356e-03 -1.41245633484145e-03 2.62823217858137e-09 2.75298564249890e-02 -2.60699277235664e-03 9.70239065150647e-08 -6.18987112723912e-03 -2.52751256514330e-03 -6.71643714996064e-09 -4.14519244503374e-04 -4.31152436142293e-09 1.89037561156037e-04 -9.23735229119832e-10 -3.06093315087236e-04 3.62043385101922e-04 -2.88266420816989e-09 -7.45384890606819e-05 -4.98854252865825e-09 -7.50023344291673e-04 2.84506136136725e-04 2.33979660933070e-11 3.36061571635612e-05 -2.47600650152876e-09 -3.90083575385751e-05 6.45171436163769e-09 -1.98871712987224e-04 1.57367286683592e-03 1.04283368791840e-03 8.65012639298180e-04 -5.30850883152842e-05 1.88412643933076e-04 8.82387562629335e-11 4.26907013021764e-04 3.19452656002998e-04 1.36305884727489e-09 1.44890388007722e-04 -1.31490125395431e-10 3.16153338184623e-05 1.33664465800482e-10 3.45253247866273e-05 -3.28002819991498e-03 1.48228266558019e-02 -5.63850598504238e-03 -4.83764768568047e-04 -1.48497512201109e-04 -3.09264298742750e-10 -3.07412261179220e-05 -8.82892363174944e-05 -7.89774295137965e-10 6.14893955838932e-05 5.13915038804841e-10 -6.78372114258787e-05 2.86342646450333e-09 1.20886775534015e-04 8.86782878083217e-05 -6.32968888351413e-05 -6.88176778887396e-05 -1.41898030780535e-03 8.54772379844486e-05 1.79394156668271e-04 -2.11105596865039e-09 2.88344862157548e-03 -9.23809220199804e-03 1.74401191984758e-09 7.99864419292234e-04 2.08355578213162e-04 -2.62537068795479e-09 8.42882800529021e-05 2.02790365267169e-10 -4.98592006164343e-05 -3.92732211067646e-10 -6.47122312384687e-05 5.45919493223603e-05 -5.46216389913610e-11 -1.73874086282199e-04 1.08937975330700e-09 -3.77624295960667e-04 5.00603204661254e-05 2.16634523102524e-10 2.15904827068309e-05 1.28727875864408e-10 2.04515946959380e-05 3.53033430796142e-10 6.34379265324013e-05 1.08185549039340e-03 1.28544098843001e-04 2.16593793682005e-03 1.07403508482865e-03 -2.16752616341054e-04 7.15028555283559e-04 -1.04340523499159e-09 1.79688595790680e-02 -3.30867508587979e-02 1.26055151149375e-07 3.30743373867830e-04 7.98143985465104e-04 -4.74531301912415e-09 -9.24492045529199e-05 2.37112225273748e-09 1.41593650933982e-04 -3.88665206365644e-10 4.32493512115382e-04 -6.08922637258903e-05 -7.80983989616802e-10 3.76505923469018e-04 6.09427907969696e-09 1.37723026485138e-03 2.90789813110226e-04 2.04284428358070e-09 4.53361255185661e-05 -5.88394109766146e-10 2.82511701917340e-05 1.78468372106839e-09 1.81378984524260e-04
 -5.04170882891725e-05 4.27240853990633e-05 -1.09194897697514e-03 1.05177180065581e-03 4.68315823902518e-05 -4.38061612484280e-04 4.28562569715876e-10 -1.56089246981068e-04 2.90109199242330e-03 9.44364943879063e-09 5.17034554338720e-06 -1.12155376237031e-03 -1.56909743064721e-09 6.13957523081263e-05 -7.47864541110919e-11 3.20141445823797e-05 4.51122270140462e-10 1.20485355090756e-04 4.55494777852373e-05 -1.62446407241753e-10 4.17847016448103e-05 7.94889424604961e-10 3.65448157780672e-05 -4.59614226653270e-05 2.09457556620716e-11 -1.75186511499172e-05 -5.51500802219902e-10 -2.20360039770867e-06 -4.76276394415500e-10 2.48394263914437e-05 2.31178009561304e-05 3.14421250555561e-05 6.93291437055766e-04 -5.19397256392855e-04 -2.32339131350837e-04 3.14112720486287e-04 -1.91009816802559e-09 5.17738562053885e-03 -4.42690956249098e-03 1.98821270440857e-08 -5.23087496593393e-04 7.18410861498954e-04 -2.01798032602206e-09 -4.15068649869167e-07 9.11850012753460e-11 -1.16714560198081e-05 2.19512437029315e-10 -1.30410271523096e-04 6.55554017074262e-05 -1.47426058065658e-10 1.73411479436361e-05 -5.48612456891664e-10 -1.50613297785571e-04 8.79880098970917e-05 7.26671314698693e-11 2.05156652555494e-05 8.92858653728845e-12 -1.45410379563862e-05 2.16624194251771e-09 4.24338502817893e-07 1.53960289955365e-04 4.47650982683430e-04 -5.72498354385228e-05 -3.02632843168029e-06 5.00782222603907e-05 7.46013241201320e-11 2.64240734752195e-05 8.26313515601718e-05 4.61834839366092e-10 3.07971435838026e-05 -1.87408407300005e-11 8.00025265498584e-06 7.42193638862754e-11 7.39510058400897e-06 -1.02016967129501e-03 3.40953320824705e-03 -1.64047332156072e-03 -1.10977618885211e-04 -6.64142902785721e-05 -1.32657013317869e-10 6.64542121447597e-05 -8.40118298983552e-05 -1.19044822673328e-10 4.01260937775600e-05 7.27558479588979e-11 -1.11686651334632e-05 6.35780047375498e-10 1.42028988619294e-05 -6.04101717540765e-06 -1.27888142727764e-05 3.35832495495191e-05 -2.69320098093880e-04 -1.72140326755506e-06 4.14687195291551e-05 -8.63766769529297e-10 4.82475946353959e-04 -2.11499760195426e-03 8.17057179433950e-09 2.06469584581001e-04 5.27566489547870e-05 -7.50565959669444e-10 2.17603322242273e-05 -5.28445189045042e-11 -1.22150839583807e-05 -1.30476211130687e-10 -1.04987197065513e-05 3.74508876595830e-05 -1.42562703150482e-10 -3.31892304932436e-05 8.63144963603746e-11 -5.08020992393139e-05 1.36275626749219e-06 7.13218077246379e-11 5.17730691438298e-06 5.41454203558294e-11 4.12569304166164e-06 5.48823992016216e-11 1.62560258664496e-05 -1.03152796805343e-04 -7.18112226184213e-06 2.25093390079683e-04 -2.43406551404389e-04 -1.64680982229305e-04 4.03958029091778e-05 1.28206513802289e-09 8.53533428228392e-03 -3.97253049346992e-03 2.10213468148996e-08 -1.17866521388773e-04 -9.59964417506628e-05 -2.12578260720971e-10 5.97205770287474e-05 2.84865456792150e-10 -1.29795041726697e-05 -3.97021226888065e-10 8.12518544995013e-05 1.73508957070270e-04 7.41842332161152e-10 -1.00239674526222e-05 2.46191009463853e-09 2.90789813110226e-04 8.63395161805877e-05 5.23626581383937e-10 -2.93416157937176e-06 -3.27032971524166e-10 -8.49041503677437e-07 6.87215669065235e-10 3.06128633865096e-06
 -2.48089358286029e-09 4.29864986081694e-10 -1.44299110788177e-08 2.40525522923352e-10 9.25905617059726e-10 -1.63794042436888e-09 4.19109672668373e-05 -3.89297488208493e-09 6.90842386721461e-09 -9.12206767636475e-05 1.03300118206593e-09 4.68092234538003e-10 -1.51449431045014e-04 -2.48047413236037e-10 -7.66602694509575e-05 2.43924887873890e-10 1.48348141546477e-06 6.73086762355471e-10 1.37129906575694e-10 -1.16164666579945e-04 8.06817698863355e-10 4.52793665086401e-06 -2.39737042031531e-09 -3.36430578170136e-10 -2.49589224747290e-05 3.37427575845806e-11 -1.15415705107563e-05 8.93994979983678e-11 -1.79175030961797e-05 3.82105751084419e-10 -2.37961634397658e-08 5.29509992975649e-10 4.35081266966108e-08 -2.74572761095694e-09 -4.00663504331739e-09 2.91701326691563e-10 -2.14710022261585e-04 3.75336105445126e-08 -2.44595439611127e-08 4.49886648108304e-03 -7.65838762936248e-09 6.37271879834506e-09 -4.11282711329366e-04 1.05649862422341e-09 -1.29504199386524e-04 -1.61005606038290e-09 -8.05841584212506e-05 4.37182521014031e-10 5.62256711351639e-09 -2.33073893060445e-04 -2.12022696912848e-09 -2.04089920538849e-04 -2.33260604885265e-09 -8.53755573381734e-10 5.34598703891254e-05 8.00000252898568e-10 -3.20292616796252e-05 4.44193363610713e-10 -2.86895735151930e-05 2.01318805084643e-09 3.11285929462230e-09 1.02475800127957e-09 2.15826017992692e-09 -4.38729719371176e-11 3.10082838863892e-10 -2.49906103292638e-06 1.07820340920645e-09 4.49105878695381e-10 2.81691435523835e-05 2.50222105191900e-10 -3.34463199659282e-06 9.95910839964907e-11 4.81788497965500e-06 7.90859093823102e-11 -8.42361451619656e-09 5.35231816635431e-08 -1.60937362154751e-08 -9.16417037951197e-10 1.10634745271036e-10 4.50407388500573e-05 -1.42519530517941e-09 -1.54129683881114e-09 1.08705806492485e-04 1.97604449724195e-11 -2.49019787880005e-06 -1.08296154472802e-10 -2.74435289972743e-05 1.56553532504812e-10 -1.06335158242636e-10 -4.56342876074686e-10 -3.01769499256388e-09 -5.19488231966377e-10 3.83289379533252e-10 -7.81127828329989e-10 2.96063448269541e-05 -2.78549469816793e-10 5.68228706322144e-09 -1.53419623816455e-03 6.52417869488815e-10 -1.09635177132042e-09 -1.99143899603143e-05 5.36953668939594e-12 1.09599066185709e-05 1.26766223347278e-10 6.92263677510997e-06 1.10155186497287e-10 -2.08248054506905e-10 2.57999221327216e-05 -1.80983445634221e-10 3.31524310539670e-05 -2.02897586711292e-10 -1.57456556253606e-11 -1.28618257447256e-05 -9.16554677315328e-11 4.91968524865731e-07 4.87151188676540e-11 2.74073363770326e-06 -8.03240134404408e-11 4.65266060126515e-09 5.14905258958832e-09 6.97608153530026e-08 1.09524765434249e-09 -8.85236619783415e-10 -2.55867258634886e-09 -1.07601460976420e-04 1.83300648723716e-08 -1.96786634927356e-08 6.02399882955784e-03 -3.73406167208638e-09 -3.54630141447635e-09 -2.17814754209529e-04 3.86058740127761e-10 6.30221445603851e-05 -8.83363016770533e-10 4.13573946534647e-05 2.04456121586338e-10 3.25323073850206e-10 1.60199318498029e-04 1.45478291352394e-09 9.69649541911774e-05 2.04284428358070e-09 5.23626581383937e-10 3.36684110658194e-05 1.28382490143810e-10 -6.25852643811870e-06 1.44329669162815e-10 -1.50346829773056e-05 5.82833488475636e-10
 2.70116858652848e-06 3.63000356528150e-06 -4.48167570500604e-04 -5.17713807426894e-04 -3.32710656631483e-05 -7.04238300431039e-05 -2.31441698333701e-10 3.73280993557589e-04 6.90333261444887e-04 8.16542908961241e-09 -1.20291780606583e-04 -6.97798883267984e-05 -1.84935220875796e-09 4.15776313099719e-06 -1.35287544769828e-10 -5.20954948167272e-06 2.10330140651870e-10 1.50149108653008e-05 -2.23409617549325e-05 -2.77021359594068e-11 7.53239337407203e-06 3.16452517390500e-10 -1.51177371716026e-05 -2.09034168151813e-05 5.87934331973814e-11 -1.32088930146787e-06 -1.43941831407241e-10 -3.93533876540762e-06 -1.72526755966045e-10 -8.95391662136454e-06 -1.78631960974593e-04 -8.67441436982597e-06 -1.38094739042627e-03 9.91544116495210e-04 -3.56063106649300e-04 -3.78563890546907e-04 1.91301365618968e-10 2.42868007421224e-03 1.82815904798720e-03 2.61667219401411e-08 -8.57412092953195e-04 -5.30582271132270e-04 -2.30511901661427e-09 -4.85502424701144e-05 -1.28971975248143e-09 4.16120167259645e-05 -5.40664685716623e-10 9.81856068480877e-05 1.89562513002967e-05 -1.08821825057538e-09 -5.20878963527226e-07 -1.38925798715823e-09 6.19193291539395e-05 -1.81974624636319e-05 -3.42607207141567e-11 -1.13545965666334e-05 -5.23678032607376e-10 -9.27645343426112e-07 -2.05085107105195e-10 -4.48002401064841e-05 1.48327215375048e-04 -2.97104629847521e-04 2.98053394131449e-04 -1.86782971300756e-05 9.65568071995433e-06 6.07829679257543e-11 2.06408113431669e-05 6.68115323404348e-06 3.72862084001342e-10 9.88339499358439e-06 -2.29540967330903e-11 1.26910861326897e-06 6.93755633092481e-11 -3.28174688446597e-06 -1.33411814739921e-04 2.01319007742438e-03 -3.22540873669167e-04 -4.15865195312635e-05 1.52441808462545e-05 2.54293780635751e-10 -7.45310258612241e-05 2.71518180356065e-05 4.41398051915782e-10 -1.41513378268120e-05 1.41404280292338e-10 -6.20849842964501e-06 4.50184954738084e-11 1.78812248587550e-05 1.60995095675255e-05 -9.12703335721384e-07 8.51821206528154e-05 2.62996245880940e-05 1.33042988014124e-05 6.92614025370974e-06 -1.14585973739225e-10 -1.18480580150350e-04 -4.51491885693227e-04 2.82586527518523e-09 4.02008689453247e-05 -2.89266767122816e-05 -6.85864987723381e-10 6.43860895125585e-06 -3.59784520610443e-11 -4.04017663557886e-06 -6.89012417077813e-11 -2.33052846577242e-06 -4.48219852018574e-06 -1.41582964999576e-10 -1.25062807679345e-05 6.41036257490187e-11 -2.43503260100868e-05 3.99579763861291e-06 2.89324623291844e-12 1.47016396209387e-06 -9.64297555896502e-12 2.40335610565464e-06 2.07764989978328e-12 2.67068026511393e-06 4.25365931355007e-04 1.63863360201027e-05 -1.67957210825919e-03 3.66186634807509e-04 8.27773190304600e-05 4.83450159334647e-05 -1.08800589035542e-09 -2.78183854728975e-03 -1.66712161017130e-03 3.33956394223881e-08 6.02147620598174e-05 2.71721020267812e-04 -1.73063606019376e-09 -4.83178637284319e-05 4.97285573408509e-10 2.78200599148230e-05 5.12964186655189e-10 1.82943974280746e-05 -9.34794054523322e-05 4.58984383292804e-10 5.98824730135839e-05 -7.84478030556194e-11 4.53361255185661e-05 -2.93416157937176e-06 1.28382490143810e-10 1.25758768055504e-05 1.72643102008319e-11 2.90662116205221e-06 -2.36916412174169e-10 2.56717601461583e-05
 1.46038941306586e-09 2.62772718146724e-10 -5.13996201772498e-09 -3.96326053420844e-09 -7.57766779594783e-10 -7.02035911430696e-10 3.98544882938495e-06 -4.73970067423794e-10 9.70131653975403e-09 -2.47186938825551e-04 1.40959791884714e-09 -2.21991928778154e-09 5.53939870691395e-05 4.91244274176260e-10 8.07583826283638e-06 5.56274051163498e-11 -5.01103825116668e-06 6.94913895259215e-12 4.33612896313266e-11 9.58257017596019e-06 2.43971578345071e-11 -1.31513601981647e-05 1.15490656480870e-09 1.01866308836423e-10 1.79998529779118e-06 9.18341123804007e-12 4.21902990425465e-06 6.26115770842614e-12 5.23380366928484e-06 3.96825136175514e-11 2.19323237134294e-08 -6.60850455459696e-11 -4.72483799460171e-08 1.30512730227464e-08 9.17495247322906e-10 -2.39318160681492e-09 4.07741869637211e-05 -1.33887294970298e-08 1.29821042902929e-08 -9.07926491286645e-04 -2.16396741628623e-09 -5.00107460478751e-09 9.20447676849672e-05 2.28057527591129e-10 2.17561032512089e-05 6.55974782480345e-10 1.64648075782025e-05 5.24835287004080e-10 -1.11485456709711e-10 4.01170662293883e-05 -4.29757188315063e-10 4.16360662050127e-05 1.36009682024684e-09 -1.41259150938107e-10 -9.26906583169501e-06 -7.77608827495062e-11 7.21560110422195e-06 7.46971323758357e-12 6.73401731961335e-06 -6.41873186620480e-10 -8.22355394542829e-11 -8.63664598673479e-11 2.58269176605250e-09 -9.71338296896069e-11 -4.26140588445359e-11 -2.10124097763947e-06 -2.29957708881788e-10 -1.51775175259414e-10 -1.26188742455822e-05 -2.25590645749918e-11 5.53471818482819e-07 -3.43076630514813e-11 -2.59382917737200e-06 -3.79722997090852e-11 5.59046641431071e-09 -2.51807632799518e-08 1.30464768321808e-08 7.73602137665588e-10 9.46826013884286e-11 -9.01715503122393e-06 7.12706853465797e-10 7.78706676113247e-10 -2.35035903302872e-05 -1.41894846715080e-10 3.03593945676385e-07 4.62347880235461e-11 5.73449646890680e-06 -1.23922359746550e-10 5.89545250242230e-10 -1.68627291825116e-11 2.44043274108516e-09 3.31936968017830e-12 -2.53787431006010e-10 2.05195518354782e-10 1.98649409130768e-06 1.52424899415437e-10 -7.62611667642716e-09 -4.25135470669698e-05 2.32045800470184e-10 -1.82306871088806e-10 1.85899496303294e-05 7.24381631066434e-11 1.50699340053110e-06 -2.92225588650352e-11 1.17993801719717e-06 -4.42878141539081e-11 2.48891145380548e-10 3.72057991212951e-06 -1.25560734461809e-10 -9.60264146175142e-07 7.29899028498283e-11 -2.87815477676322e-11 6.67820548816524e-07 2.76491792531447e-11 5.88518844277750e-07 5.39223007278268e-14 5.99487865892411e-07 4.19868187848728e-11 -2.09668883659648e-08 -6.46414185798342e-10 2.92793912064096e-08 2.01089116933472e-09 1.54220964809157e-09 1.32292069672041e-09 2.08186357927382e-05 -5.02540054299867e-08 -1.05902012123723e-08 -1.13103921868249e-03 6.91237403616414e-10 1.43471180080533e-09 4.56339080194189e-05 -5.48113653497647e-10 -1.22582478988517e-05 4.04029266850703e-10 -8.03101351805093e-06 -1.11138763723525e-10 -1.44835881562439e-09 -3.05929032750823e-05 3.23292034718156e-10 -1.80153725183176e-05 -5.88394109766146e-10 -3.27032971524166e-10 -6.25852643811870e-06 1.72643102008319e-11 1.26926801672539e-06 -3.23406478163350e-11 3.00624404647178e-06 2.08627834595644e-11
 8.07450885961144e-05 -2.93296794041899e-05 9.26231016904864e-04 2.31743978470725e-04 7.44880505913307e-05 5.38544748766137e-05 -1.19785224857025e-10 3.58631305160639e-04 -1.20164941119351e-03 -3.45375789370548e-10 1.21454904540579e-04 3.14838195283129e-04 -1.08043470307369e-09 -4.37647612642793e-05 -4.71744367344067e-10 -5.25980255361423e-06 -1.31851353268216e-10 -2.38175521897317e-05 -2.05054905949974e-05 -6.42066075588222e-10 -2.17144568346836e-06 -9.07352800443620e-11 -1.02732362335412e-04 -8.75073005031301e-06 -2.13562570661529e-10 7.02941490546467e-06 4.01000352611575e-11 -3.16751272507349e-06 -1.13168768370190e-12 -1.96251208243863e-05 -1.24688371624504e-04 -4.66086618678239e-06 -8.85741501057728e-04 3.71549823108418e-04 -1.21794323539570e-04 -2.59388664382129e-04 -5.24094099106753e-10 7.16184509465939e-06 1.90866819845624e-03 2.96381800012312e-08 -1.67415774270891e-04 -7.30860671153814e-04 -2.48459643176511e-09 -9.15816974686891e-05 -1.10516179837066e-09 2.59166863433138e-05 -7.67364104505053e-10 -5.37238175918388e-05 -4.37938521106588e-05 -1.53909865087918e-09 2.10359935092550e-05 -1.47959977539251e-09 -1.33736016300874e-04 1.44060504094277e-05 3.16195501307438e-10 -7.61712077462059e-06 -4.13534837278963e-10 4.59373375827697e-07 -5.07444691354688e-10 -1.46798552547150e-05 1.07946411516145e-04 -2.56040022739067e-04 -7.65867194897078e-05 5.89917192170434e-06 -6.76446443470439e-06 -3.07135559173495e-11 4.68933422996667e-05 -1.72298698967714e-06 1.44265257573456e-10 -1.43345061881000e-06 -4.20607769546195e-11 2.87435972690178e-07 6.83788229887181e-12 4.29668490934505e-06 2.00255864226705e-04 -9.99049295783709e-04 1.11615274498019e-04 1.26946550448927e-06 9.82567664060743e-06 3.36510678593475e-10 -3.53692559454938e-05 1.26390138731504e-05 6.83612199061381e-10 -6.31281520602816e-06 -5.60496669898345e-11 -2.05503093714962e-06 -2.48519924486220e-10 6.75326153183975e-06 1.89867996045515e-05 -1.65475316560344e-06 -2.41159718091091e-05 -1.15494458085217e-04 3.01142109560264e-05 -1.63958827783091e-05 4.24431897578072e-10 -1.28511991730258e-04 6.64179154324825e-04 -1.02085259565424e-08 -6.23492279363453e-05 5.16776759963867e-05 -7.60867119479835e-11 -6.08404301750311e-06 4.68607577411467e-11 3.50160652185333e-06 6.28937850938512e-11 -1.54252373954771e-07 -1.85575032550277e-05 1.19779800262180e-10 3.66537591441042e-06 1.55463122973151e-10 -1.66387848435065e-05 5.94378784411867e-06 -9.12268881424425e-11 -3.29801151412935e-07 -3.82509865968175e-11 -1.58335172318944e-06 -2.53129598317745e-11 -3.11239576623956e-06 2.88759168831295e-04 8.29730245985362e-06 -1.03511194804557e-03 1.77908929486879e-04 -1.76638654792109e-05 6.79588598106846e-05 -9.14191009194032e-10 4.03826833776852e-04 -2.37561997701264e-03 4.03534983267765e-08 1.91456181913924e-04 8.62798380042100e-05 -1.62983443044240e-09 -2.61253122323107e-05 5.12489043886484e-10 1.72956615629419e-05 3.25205743041217e-10 1.76711176162669e-05 -5.01618954608425e-05 6.74662086312338e-10 3.17850502467994e-05 4.18069503580633e-10 2.82511701917340e-05 -8.49041503677437e-07 1.44329669162815e-10 2.90662116205221e-06 -3.23406478163350e-11 6.49507536462886e-06 -1.27111461324888e-10 1.61875974126634e-05
 1.55588538587878e-09 7.31453063177966e-10 -1.90088530629074e-08 2.05067312365790e-08 1.19123302707516e-09 -3.44417970066272e-09 4.80497475103232e-06 -1.54816640584958e-08 2.89362830868908e-08 -4.86836281599029e-04 5.24658343766366e-09 -1.26166154569937e-08 1.22039061316098e-04 8.60562638884565e-10 2.19008631878376e-05 6.69409392534996e-10 -1.01201648609425e-05 1.15990238876810e-09 8.74821744789743e-10 2.78841850742481e-05 1.98612875249899e-10 -2.66079225958499e-05 2.15224324061825e-09 -1.55976284618824e-10 5.47403036214126e-06 -1.65497411896508e-10 9.29548265384990e-06 4.67945925576715e-11 1.18022669018064e-05 5.65098336960208e-10 1.41297179913776e-08 2.08360549739650e-10 -2.00278506862752e-08 -9.52490772869041e-09 3.52649929644292e-09 7.78369507192889e-09 9.76014532483678e-05 1.18678328069500e-08 -6.65041248460289e-08 -2.15207139777255e-03 4.96604899250561e-09 1.19671307489339e-08 2.14801824582309e-04 6.05784312812398e-10 5.32024542260960e-05 2.98821931670374e-10 3.89514462947605e-05 -2.39984477525746e-09 -1.24803392368157e-09 9.76714510002096e-05 6.67859973869608e-10 9.85233787595353e-05 -8.17062900331817e-10 1.59482125286669e-09 -2.25375248711236e-05 9.64788581930331e-11 1.68228393271020e-05 -2.94956578184932e-10 1.56095616167882e-05 -4.85311124142614e-10 -1.31174092790248e-09 1.18347224338934e-08 -3.70689180559158e-09 2.38967494783570e-10 3.86708312665664e-10 -4.00865062106773e-06 -4.12972739590405e-10 5.94823887405985e-10 -2.73241368082745e-05 1.35330842987002e-10 1.35723101464907e-06 4.37073781749948e-12 -5.54332068314651e-06 1.27469416859792e-10 -4.02004675487863e-09 -1.58271984876202e-08 -1.63774793771898e-09 -7.94203885426530e-13 -1.05617995327455e-09 -2.14005828658915e-05 2.54750551417554e-09 -4.85523127480368e-10 -5.51269580032705e-05 6.38836800544559e-10 7.93829993631395e-07 1.71926281233770e-11 1.35194267087759e-05 -1.78448655613837e-10 -7.82106699459019e-10 -1.61574870100737e-11 2.83894736781926e-09 -2.00890688932378e-09 -7.04152338224432e-10 2.14549327528325e-10 1.73879509647661e-06 9.85929484522137e-09 -1.29096440657971e-08 3.05845695042111e-05 1.52923062184185e-09 3.15266041410766e-10 3.86286647988110e-05 8.52788771209881e-11 2.18482320189647e-06 -1.03502789518191e-11 1.83553055012004e-06 -1.73939693784005e-11 4.94965254577038e-10 5.48881648260038e-06 -1.12471041359891e-10 -4.41368381460713e-06 2.53227601675983e-10 -1.11683588246086e-10 2.30208555927182e-06 5.52750332960195e-11 1.13840554907229e-06 -1.26301632672458e-11 9.91023767721262e-07 1.00294560786327e-10 -1.47675492251873e-08 -2.37451218552031e-09 2.31420309653030e-08 -7.07950800408300e-09 -1.78806180055365e-09 1.44577000784527e-09 4.96811940562801e-05 9.85279668769340e-08 -2.31769129100590e-08 -2.71250578597220e-03 -9.98421678408468e-10 -2.54679523612530e-09 1.07541444123305e-04 9.05964183573893e-10 -2.92276431479869e-05 1.45244941515804e-11 -1.91536871742548e-05 5.86892755537093e-10 2.29552936501088e-09 -7.31628585249771e-05 -1.24134121005931e-09 -4.32815393579236e-05 1.78468372106839e-09 6.87215669065235e-10 -1.50346829773056e-05 -2.36916412174169e-10 3.00624404647178e-06 -1.27111461324888e-10 7.13616630288329e-06 -4.97638912809752e-10
 -1.47214429017897e-04 -5.65925068483200e-05 1.33854896460942e-03 -3.55042471546374e-04 2.73048776803248e-04 7.14929869513669e-05 -2.89558378614270e-10 1.09400576670829e-04 -1.45830729505731e-03 2.54524103390500e-09 5.09785093778478e-04 5.86599558975084e-04 -3.39629182490128e-09 -9.18719976704556e-05 -1.17857787653964e-09 -1.58998087034715e-05 -1.01205996905090e-10 4.59536812454777e-05 -7.28636282637012e-05 -1.19473655337128e-09 3.13442466525320e-05 -1.34371847823772e-10 -2.04350177121457e-04 -6.21239419080100e-05 -3.99969587131029e-10 1.30148171330960e-05 1.46881281689406e-11 -1.38702101531266e-05 -8.81195400843844e-12 -4.21363928835379e-05 2.27553448223974e-04 -5.49240448275208e-05 -3.59126455657865e-03 2.32276398042742e-03 -9.27655586504478e-04 -1.17899636715859e-03 1.66765621604561e-10 5.34559568837747e-03 6.44357857390818e-03 7.92470800565747e-08 -2.14584963462344e-03 -2.46965012058406e-03 -6.28961101613148e-09 -2.47960623638014e-04 -3.81308027136115e-09 9.22066392144591e-05 -1.91389857924325e-09 6.56403478564707e-05 1.37686615307149e-05 -3.83179152423982e-09 -2.47001680380793e-05 -4.28620819736563e-09 -1.83254259378996e-04 1.31630764440036e-05 2.50085876787635e-10 -2.49565896357024e-05 -1.44911636781331e-09 2.70572337006880e-06 -8.19531212672102e-10 -8.00103053189466e-05 4.02402944639430e-04 5.80958636554682e-04 1.28655091120494e-04 8.85050987224350e-06 3.98674922905138e-06 -6.03054096736121e-11 2.05504745001189e-04 1.65366416934184e-05 4.90303858104438e-10 1.58426098304169e-05 -1.17533477615457e-10 -3.81522538573559e-08 -2.86735223807373e-11 1.31821265732681e-05 -6.93101326564669e-05 2.80278938347141e-03 -5.84588457502034e-04 -9.03296322762472e-05 3.61607409215106e-05 7.91416631231083e-10 -1.94595411984765e-04 7.37922965355547e-05 1.45298541031410e-09 -3.06732874899893e-05 1.80744571525254e-10 -1.57867463853784e-05 -1.51856376677820e-10 4.51060660029347e-05 2.56297053907616e-05 -2.66675500083857e-06 -6.11988660320486e-04 -1.47931057577292e-04 6.02892456377617e-05 -2.18862014592691e-05 7.83396906211572e-10 4.61843725556621e-04 6.46008108953718e-04 -2.10142334405945e-08 -1.95810691046270e-05 -3.08834902969586e-05 -7.47284329858225e-10 -1.03236544882495e-05 1.30984582188006e-10 6.32168974761877e-06 8.53427956032255e-11 5.53379129638518e-07 -6.95749416404354e-05 1.65561252419165e-10 -7.27257074201082e-06 4.55198431622030e-10 -6.70116579825762e-05 1.94307685107503e-05 -1.51295227085840e-10 -2.38056683606574e-06 -1.02507742138858e-10 1.72264614257085e-06 1.64884165362595e-11 -8.42894302517819e-06 8.19794226678197e-04 5.87388997581913e-05 -1.56497087379716e-03 8.32146890310241e-04 1.06522431968017e-04 2.49074588199181e-04 -3.19645606463823e-09 -3.90229669339508e-03 -9.06142799273487e-03 1.08427869196755e-07 3.61873111202561e-04 5.44842693905890e-04 -4.70070040792000e-09 -1.31274457548463e-04 1.53780566426357e-09 8.47055062373122e-05 1.08262765964000e-09 7.92941650282243e-05 -2.79881696890358e-04 1.16999921329387e-09 1.75459534991846e-04 5.79523239823683e-10 1.81378984524260e-04 3.06128633865096e-06 5.82833488475636e-10 2.56717601461583e-05 2.08627834595644e-11 1.61875974126634e-05 -4.97638912809752e-10 8.17505348907773e-05
