Paoks:
 2.00299236127120e+00 7.30889736157521e-03 6.12627482453296e-03 1.75536767692838e-02 1.56348560080089e-03 1.42244307566565e-03 1.93940658665362e-04 -2.14447861973873e-03 2.09650419561159e-03 3.85439259130597e-04 -1.42315364275628e-04 4.86505257584816e-04 1.13576470114914e-04 -8.75773113555254e-06 7.29169736214329e-05 -4.73182339871683e-04 -1.01590896041150e-04 6.77906739036495e-05 -6.28326123899138e-05 7.53050150410269e-05 -2.15250579354227e-04 -6.95274918483853e-06 -1.50830879509387e-04 7.44779803426788e-04 -1.56812208104968e-04 -4.00601666493430e-05 -1.53822419685300e-04 2.77509289821935e-04 1.30281013874637e-04 -2.10970875271871e-05 -6.26695076065043e-04 1.13448997906956e-03 -8.00492969859961e-03 -4.88468444066318e-03 -3.84566748087564e-03 2.26203441604089e-03 6.30232321409554e-04 8.76500226286677e-04 1.46030713205507e-03 1.78471043686739e-04 -4.07450866462305e-03 1.48956302891632e-03 5.64236563420244e-04 -1.49356316790716e-04 -3.92481398830762e-05 2.28005347938736e-04 9.03403651625205e-06 7.63692832781646e-05 3.78996995993786e-03 -1.95144517690067e-04 8.24030595728522e-04 8.80354403793523e-04 -2.88304926640763e-03 8.71958834193329e-04 -2.70394690009948e-04 -4.20200548987076e-04 -2.36864059166601e-04 4.72364965474013e-04 9.71413804965005e-05 8.54990743685377e-05 -5.19534803497413e-05 3.53085955595172e-04 -2.33393856968033e-03 -4.65379492952737e-04 -8.38796306488203e-04 6.19306865353513e-04 1.58272118575021e-04 -5.44090517852420e-03 3.10946901982322e-04 6.49285864268690e-04 -7.21549654001894e-04 3.25429517758386e-04 1.17527279719662e-04 -4.33762710266991e-05 8.98011258495575e-07 3.30330549630742e-05 2.88055966046691e-06 -2.97192752129586e-05 6.45718628473747e-04 -8.35831622349978e-05 -3.10585793614044e-05 6.38860131870033e-05 1.39560585455065e-04 8.20194510807435e-05 -3.46567324003055e-06 -9.02036401323716e-06 5.97107211210102e-06 -4.12508825489462e-05 2.99557688195360e-06 1.29189985793974e-05 2.04039155859134e-04 1.01073251743192e-04 -2.17348496670439e-03 9.54721914441595e-04 -1.36882060944315e-03 -5.33284779171462e-04 4.42287980957394e-05 -3.13926524733849e-03 -7.24640640589430e-04 2.22576328078792e-04 2.51793413232289e-04 1.68704764300318e-04 -2.70415379155865e-05 -1.01533608536790e-04 -1.28129956707261e-05 1.29122571739621e-04 1.17999192327208e-05 -3.42387609186702e-05 3.46015004418140e-04 2.73834944650616e-04 -1.63105035464363e-04 2.09790638423181e-04 -2.06854900857026e-03 3.72796756160135e-05 1.60248131746781e-05 -7.24733848005165e-05 -3.22618151918246e-05 2.50039132026557e-05 1.84109563203939e-05 -2.09721402602954e-04 -7.56177724918994e-03 -4.22357095181487e-03 -2.21757871888645e-03 -3.25624252786059e-05 1.02612789813049e-04 -2.61393631339856e-05 2.18109633626332e-04 -2.90715146750643e-03 3.21905100654429e-03 3.69939291522542e-05 6.32851831256212e-04 -3.01555997119599e-04 -1.04949365816879e-04 2.87916045685890e-04 -7.41564741817169e-03 -4.20727696464480e-03 -2.20821407806547e-03 -1.52452956792303e-05 7.98984932722939e-05 8.38919788208698e-05 -4.24396279307426e-04 -1.96293502388083e-03 -3.74923683989209e-03 -6.00305169598194e-05 -4.81305114754931e-04 -5.21576326100746e-04 -6.85761576672336e-05 1.50091591046299e-04 -9.85588191103680e-03 -2.18597385611636e-03 -2.96640303886388e-03 5.28765775245764e-05 6.34068951028270e-05 -6.63139737879505e-06 4.23100206482905e-03 3.46088948436059e-03 2.27147145120193e-05 -9.25337651671048e-04 3.01253259475397e-05 4.74788856000266e-04 2.70276768937779e-06 -3.09224059528175e-04 -1.64430459458979e-03 3.10703242057010e-04 1.39675911567151e-04 8.81404852213737e-06 5.53909042285052e-06 4.62383498375452e-06 -9.75259517198080e-05 -1.88332883709990e-04 8.28499269256862e-04 -2.80945206635125e-05 4.70831240561893e-05 -1.34756996152306e-04 -1.59108809656113e-05 1.83885850412580e-05 6.31151655829460e-05 1.24980364339128e-03 -5.74317319185243e-04 -3.65976838295505e-05 2.86554688398764e-05 6.89286025413055e-06 -2.47355306376906e-04 -4.94753175217628e-04 -3.62040479897845e-05 9.30230618776997e-06 3.39057080406352e-06 -1.82527689239074e-05 -1.42321206336955e-06 -9.90476778362055e-06 -1.69265277987472e-03 3.07683690056226e-04 1.17384934348418e-04 8.10265632740815e-06 3.89551007192769e-06 -4.56154137862826e-06 -2.63834028902259e-04 1.95138772570471e-06 -8.33648332644283e-04 -3.13928758821188e-05 1.09094921724758e-05 -1.36111107082087e-04 -4.23243092781432e-05 1.22340426198511e-05
 7.30889736157521e-03 1.01878115797231e-03 -3.57971881991643e-02 5.24046982040960e-03 6.43527530829426e-04 -2.00878142577886e-04 -1.00048624431540e-04 1.53126193037576e-03 -1.67887376152721e-03 -4.21202372034411e-04 1.83625102761016e-04 -3.07976201407115e-04 -9.07390278933065e-05 2.50837033943832e-05 -7.00484925308959e-06 4.54079267740328e-05 1.47826735545681e-05 -3.61847541587789e-05 3.62434234263218e-04 -3.43194517835427e-05 9.04348956087653e-05 6.22291767170667e-05 -4.54943055761417e-05 -2.73309051585416e-04 7.46842762989194e-05 2.17722362665185e-04 8.67693183070330e-05 -7.03386830419049e-05 -6.84497576832692e-06 2.54062118889727e-05 7.43423344903168e-04 1.30340157808522e-04 -5.36677813280365e-03 1.87094989593817e-03 1.15750086103824e-03 -1.34846914439024e-03 -2.87744017303783e-04 -1.04083049540874e-02 8.02254738358022e-03 1.99942414611943e-03 4.24312792428674e-03 -2.75916782845960e-03 -7.38384167573148e-04 5.13460541461590e-04 -3.38464049360316e-05 7.64080320334781e-05 1.01303519772118e-04 -2.53772113030538e-04 5.17881896635749e-04 -6.32235476755054e-05 4.80228405262680e-05 7.02137438282280e-05 -9.42594787867950e-06 4.54854864960576e-05 1.85344912910395e-06 -1.88672137845988e-05 1.85350906290164e-06 -6.97493333033242e-06 8.60633591958403e-06 -3.63477553453214e-05 -2.04298350952221e-04 -1.85269910457750e-05 4.29398485606137e-03 -4.22350868981007e-04 -2.08478907150829e-04 -6.68933011122759e-06 2.50083789080552e-05 5.54277847511264e-03 -3.98978087369501e-03 -1.02908220789245e-03 5.71386007745231e-04 3.46081411869933e-04 -1.15246863498604e-05 1.93505681147849e-05 1.70117433879409e-05 -4.08271045550776e-05 2.15665435731602e-06 -7.54251246668369e-05 1.16381901426211e-04 2.32351890235905e-05 -6.48825989136595e-05 2.31863589564058e-05 -1.91842095779049e-04 5.82592142715660e-05 -1.43025834165548e-05 1.70495824123215e-05 -2.01703525660709e-06 2.44007477728896e-05 1.19318636477153e-05 3.07446378391347e-05 1.20096778518577e-04 -7.97745985178451e-05 3.00238282142559e-03 1.25275333806763e-03 -1.91646451086246e-04 1.35827402990873e-04 2.80028079697279e-05 2.85320887203439e-03 1.65677436859760e-03 -5.92165285822904e-05 -3.08468897578922e-04 4.16998203084876e-04 7.14989441170592e-05 1.00742808820890e-04 -2.05629854118642e-06 -1.38351493379187e-05 1.44665867139355e-05 -3.50303555083887e-05 1.25859727872148e-04 -1.90625866198732e-06 9.29733212773572e-06 2.07599137040210e-05 -6.83164104581776e-05 6.23688798662644e-05 -2.19362074331171e-06 -3.12734852469060e-05 -1.15304560807911e-05 -4.28304277919526e-06 1.28802367867129e-05 -7.11582422461093e-05 2.82659424989949e-03 -1.34404491340481e-02 4.89995630882617e-03 7.47119464374608e-05 -2.81953900006060e-04 2.50576187399926e-04 1.66591696970128e-04 -2.47323443283217e-04 9.30270764766439e-05 3.44561218975156e-05 5.60062714586044e-05 7.05430632114092e-06 -2.27135013949412e-05 2.49369793514412e-05 2.76395059014556e-03 -1.33280308369576e-02 4.84102302151080e-03 2.12335154757226e-05 -2.05468792151561e-04 -3.23340681405135e-04 1.42399829857944e-04 -2.23245534112238e-04 -1.93414422519653e-04 1.48250523034162e-05 -6.29211193359851e-05 -2.81430415908688e-05 2.75985492219108e-05 1.44760005750246e-05 2.84180913153562e-03 -1.44542300842854e-02 5.45805861776732e-03 3.46068219076627e-04 2.08812449712069e-04 -8.89001236334513e-06 2.76477137141361e-04 2.17933062535490e-04 3.14056565469512e-06 -5.75325568372362e-05 6.10386628482884e-06 3.37386921252313e-05 5.46385957065381e-06 -5.20013046373065e-05 6.49446992110099e-05 9.82465142174954e-05 -1.84623673129970e-04 1.92655918300571e-05 2.45816310965427e-05 -3.84073448947962e-09 1.02821788406083e-04 4.01640304046983e-05 -3.64975059766799e-05 1.34007391346242e-05 -5.89480622560416e-06 5.10845862852798e-06 -2.29549825745121e-06 -1.87388078533719e-05 -2.51549201437321e-04 -8.03114009151018e-04 -8.45621537721796e-04 5.16222607990611e-05 2.44105442999990e-05 -2.05245173803162e-06 -2.75693050835749e-05 1.35974034298051e-04 1.67716691633525e-05 1.38721584425838e-05 -6.22059657062588e-06 3.73684358688905e-06 -2.43136290176532e-06 4.15514259994734e-05 5.15287506774530e-05 8.73921770619938e-05 -1.81682026752736e-04 1.90859079882523e-05 2.34301878286045e-05 1.43701157654589e-06 1.07822365287701e-04 2.78129304264051e-05 2.25192272610494e-05 1.19913437709729e-05 4.64999370242504e-06 5.51422529183749e-06 1.09362036919428e-05 -1.52276684297622e-05
 6.12627482453296e-03 -3.57971881991643e-02 1.31381881651219e+00 -1.86779891059553e-01 -2.65943918254465e-02 1.09718781869976e-02 4.82327392848929e-03 9.66872724735102e-03 2.23901664741780e-02 1.37056545956592e-03 -1.81886023069526e-02 1.70610271350888e-02 5.67884368952448e-03 5.04624331465652e-04 1.10977269354787e-04 -5.76666293970932e-04 -4.50554173437567e-05 -1.10256002688252e-04 -1.04583220015291e-02 8.88709914258003e-04 -1.73692108936768e-03 -1.34751151950348e-03 -5.16487282833690e-04 9.37422649353845e-03 -2.60148172866580e-03 -7.95928628328269e-03 -3.07480977252166e-03 2.05921164609290e-03 -1.06870893415343e-05 -4.82933700995432e-04 -7.28569410742776e-03 -3.46325395296869e-03 1.73624458833877e-01 -7.98996734048891e-02 -4.16733280561618e-02 3.42066696354373e-02 8.56921524355337e-03 3.45912208959729e-01 -1.80073540449055e-01 -5.56908436012073e-02 -1.44623167375958e-01 6.79802139801822e-02 2.19701629277744e-02 -1.84406079353241e-02 1.76461765185265e-03 -3.36306326421094e-03 -3.48078787906513e-03 6.14850578936510e-03 -1.74993014201174e-02 2.33754425579461e-03 -1.82947236045912e-03 -2.31028482257896e-03 -1.13288667217404e-03 -1.88423648587280e-03 -1.65433961516644e-04 -8.41239301785802e-05 -3.65655867872543e-04 5.13468396968708e-04 -4.27047772251116e-04 1.06802020862488e-03 -9.94325008114278e-04 6.62275569694429e-04 -5.64823713976110e-02 5.03369818292615e-03 7.30827237134222e-03 2.13249273723008e-03 -6.22455556607629e-04 -2.14826360991761e-01 8.03878960959391e-02 3.11116145446356e-02 -1.96728994502686e-02 -3.77884984559688e-03 1.48112582133796e-03 -3.98351728335006e-04 -2.93871709868835e-04 7.19850689423454e-04 -3.68793426256040e-05 1.30865360898544e-03 -2.82873874793514e-03 -4.51421567490320e-04 8.56174108700902e-04 -7.32277790551213e-04 5.01754372804249e-03 -1.37550734460378e-03 4.25337952213860e-04 -2.69198729786679e-04 1.65899302689308e-04 -8.32590308543354e-04 -2.81155779935960e-04 -8.08976823671179e-04 -2.35110184926259e-03 3.54366897910338e-03 -1.16762135642930e-01 -3.76004885742752e-02 8.47049433527715e-03 -7.86451713695517e-03 -1.57946687323473e-03 -1.50579795861414e-01 -3.10676814739591e-02 1.06092190704400e-02 1.87753152920346e-02 -1.67456525736918e-02 -3.62067436145997e-03 -4.55980958293499e-03 2.83450969686429e-04 3.36659493509338e-04 -5.98951411692107e-04 5.19365048551241e-04 -6.54439626326375e-03 4.12936139522331e-04 3.55474792506543e-04 -7.21665292210103e-04 1.98054839380667e-04 -2.82788235758491e-03 1.77157177538607e-04 1.02631401887617e-03 2.89425756692882e-04 5.20264792306938e-04 -4.30787232253260e-04 1.81153517746829e-03 -1.10123610274614e-01 5.22032010629934e-01 -1.87180012305330e-01 -2.01335237087952e-03 1.04021998439824e-02 -9.95552898736254e-03 -4.05228355868979e-03 7.95821047459034e-03 -3.80411656642358e-03 -1.00285545856534e-03 -2.03181402722781e-03 2.36199362018197e-05 4.88159435856843e-04 -9.32214872542114e-04 -1.08187471954959e-01 5.22703268920542e-01 -1.85950591970635e-01 7.14954575102953e-05 7.49796452698847e-03 1.25308870443861e-02 -3.13530873312269e-03 7.20662084232053e-03 6.97193332329659e-03 -4.04353258268760e-04 2.18046607604911e-03 1.17709277611462e-03 -5.53927135648431e-04 -5.08927261472363e-04 -1.13077309238507e-01 5.57703174570602e-01 -2.08735780625406e-01 -1.27682831236016e-02 -8.61601664285705e-03 1.76155484744502e-04 -7.88554937265320e-03 -8.24977104599920e-03 -4.70944205708997e-04 2.03324973448748e-03 -1.66686426937027e-04 -1.17413046537674e-03 -1.47755032565777e-04 1.58540506429663e-03 -8.65437368502451e-04 -1.90032529989437e-02 1.25970013482212e-02 -1.26885137072708e-03 -1.02617594563346e-03 4.67119762797146e-04 -5.11526956869653e-03 -1.56927239779968e-03 1.94743014195054e-03 -6.30090471760005e-04 3.62011997702210e-04 -2.52974959940883e-04 3.92466661872666e-04 6.47625165948646e-04 -1.06692051416494e-03 8.01363082524053e-02 1.33446271540764e-02 -9.08704038414938e-04 -1.47401780725693e-03 -8.70668914387301e-05 7.08933446025053e-04 -4.87356266888608e-03 -5.69566115516930e-04 -6.32105488834625e-04 2.46503315081573e-04 -2.33263118029353e-04 4.33547878007175e-05 -1.38281492505922e-03 -3.07163464326913e-04 -1.93804537318839e-02 1.26755001510437e-02 -1.33854113596655e-03 -9.07324990934259e-04 -4.46522105227967e-04 -5.41965471902638e-03 -1.02025355360945e-03 -1.17612389014796e-03 -5.46477412125836e-04 -2.67189304516944e-04 -2.05500265815936e-04 -7.36469420468793e-04 4.32442522248742e-04
 1.75536767692838e-02 5.24046982040960e-03 -1.86779891059553e-01 8.97567299621168e-02 1.08641246285538e-03 -2.91480801759050e-03 -1.45110831644773e-03 -4.96404826530424e-02 5.27549457240454e-02 1.71964392447103e-02 -8.21831503177027e-05 8.39167173991415e-03 -1.40444594878226e-04 -7.52630248006970e-04 -1.01223625562193e-04 -4.88707915221030e-04 -2.69494012876906e-04 1.09545242213872e-03 -4.43588814020296e-04 2.77515149174699e-04 2.07280980006771e-05 1.70928662094184e-07 -5.69989160504099e-04 -9.90736197504155e-04 3.58224713473995e-04 1.52853499177871e-03 5.49829421447847e-04 -1.32285857276685e-04 1.83773827472596e-04 5.14495711748367e-05 -7.79129211341933e-04 1.44053771429873e-03 -9.48561093407921e-02 2.65974032954109e-02 5.17497205110613e-03 -7.30064329082832e-03 -1.27373124546571e-03 -6.96599771064302e-03 5.95877648901519e-02 7.12212008737500e-03 -2.80384079396817e-02 -1.61831784958542e-02 4.76283266112725e-04 -8.00266833331184e-03 5.82411647878399e-04 1.48218959084430e-03 -5.39969597473326e-04 -1.73022009329842e-03 -9.63315932926280e-03 5.31629432458010e-04 7.67226755759939e-04 -9.63058165058052e-04 -8.45555176548154e-04 1.00699771295963e-03 -5.49337494829413e-04 -2.51219688468770e-04 -1.91518976321078e-05 -1.50580691448538e-04 -2.26036474722177e-04 2.46771713649747e-03 -4.18241435296352e-04 1.09447091493285e-04 3.20215157619062e-02 -2.44744456087578e-05 6.54724102418521e-03 -8.79945640390282e-04 -7.54835978102811e-04 -2.63819702441027e-01 -2.75710394104237e-03 2.17835780474827e-02 -1.08027662854824e-02 5.39298060877696e-04 1.21769433318896e-03 1.66962730817678e-03 -8.15777615233474e-05 -1.04573488389590e-04 2.11635298307163e-04 -1.26150356172165e-04 4.87211515195937e-03 -4.20683084214333e-04 1.44802388626804e-05 6.49372244935506e-04 -1.73190429688790e-04 2.27598995040020e-04 -1.83375111536229e-04 2.60896803220925e-05 7.55421651590022e-05 -2.47059776287400e-04 -1.21633816843038e-04 1.26127467202657e-03 2.18515353069101e-04 1.26574167974824e-03 -3.41747847482257e-02 -4.16084311147567e-02 4.09976184689779e-04 4.68168635313950e-03 3.76440792936281e-04 -8.76429750626441e-02 -7.33899410580489e-02 -2.54883239849528e-04 7.57256908740198e-03 -4.37378423822975e-03 -1.62775725641034e-03 -1.31383703546132e-03 8.47377383531993e-05 1.34229909065252e-03 2.49905230772475e-04 -2.25492891735510e-03 -3.04358711695858e-03 2.54393451429250e-04 1.43081647894665e-03 8.63487060517424e-05 -1.84545681722506e-03 -6.03628125083004e-04 7.55797507687901e-05 -1.54132518600936e-04 -1.82585577404523e-04 4.48561413920530e-04 1.11628411382780e-05 -7.68485323379631e-04 2.08762086500954e-02 -1.10094532998292e-01 3.08313231379761e-02 -2.11192312217932e-04 -1.20791904684902e-03 2.14713965531506e-03 -1.62978306753611e-03 1.36330479480462e-04 2.22037355130110e-03 2.60842430953888e-05 1.92376739661331e-04 -2.59838303782017e-04 1.32207536961668e-04 -5.28158875546079e-05 2.13004463268959e-02 -1.20008917503799e-01 3.24848389463328e-02 -6.14838054256465e-04 -7.88523380081951e-04 -2.42162710800275e-03 -1.94993760049338e-03 2.94921230531055e-04 -2.20843581528027e-03 5.01795251286783e-05 -1.36597356430753e-04 -3.01572102075483e-04 -1.50334794836754e-04 -8.67509327352605e-05 1.88507599598637e-02 -9.12162802760861e-02 1.31249776473315e-02 1.18079545802246e-03 1.46327305478742e-03 1.34987059490126e-04 1.57918903248986e-04 1.00273113850606e-03 2.39567658381503e-04 -6.30875759732987e-05 -5.36182042723377e-05 2.60798672509025e-05 -4.58133489115747e-05 2.83985754897160e-04 -4.79697259798601e-03 4.23443166351407e-02 -4.24916360490971e-03 -1.11543978398671e-03 -3.16637803291010e-04 -6.90412157823058e-04 -3.48411090092050e-03 -1.29974991883687e-03 -1.52441917316545e-03 -2.57621808139903e-04 7.34219014200274e-05 2.80464543034794e-04 4.86852819832177e-04 1.10112412660860e-04 -4.16267503018385e-03 1.27180457887760e-02 1.25239332615377e-02 -6.66725726054686e-04 -5.23242438964530e-04 -7.85263648518187e-06 -1.91731430579202e-03 2.77230762082180e-05 2.53973632984818e-04 2.44913134177430e-04 -6.47114188516693e-06 1.39719461980100e-04 9.81812809371007e-05 -5.16652960460927e-04 -4.92659743796684e-03 4.13065939548625e-02 -4.61203084893885e-03 -9.87675897829346e-04 -4.99743146608151e-04 7.88001299977192e-04 -3.16000554162322e-03 -1.86664827202821e-03 1.73299550651203e-03 -1.91075394430045e-04 -1.99654983451862e-04 4.08828025834695e-04 -4.18561686143673e-04 1.01351756152571e-05
 1.56348560080089e-03 6.43527530829426e-04 -2.65943918254465e-02 1.08641246285538e-03 7.72786501345213e-03 1.50030333705005e-03 3.83324833415691e-04 -7.31583880183263e-02 -1.70418072398062e-02 -4.28275613007432e-03 1.18045141475058e-02 1.18093447771611e-03 3.64540856769867e-04 -1.93187570591618e-03 3.66481691865251e-04 3.33333986249157e-04 -2.09949770604325e-04 -1.15019617472336e-04 -1.68234518363224e-03 1.97824344034108e-04 9.50506521872713e-05 -1.65280254922714e-04 5.08906786224030e-04 9.04236620305697e-05 -5.27700664374741e-05 2.87918457900480e-05 -1.92068327182002e-06 1.30472614748464e-04 3.92676511948276e-05 9.72797843016020e-05 1.02864310675428e-03 -5.51106817456354e-04 4.35944650265820e-02 -7.53787736398478e-03 -2.33689172298257e-03 -2.29258125789017e-03 -1.27643007767325e-04 3.80070134857982e-02 -2.24105600404479e-03 -4.00628772243436e-03 -6.10250740997902e-03 -1.60430315168503e-03 7.51885003261491e-04 -4.87752039251441e-04 3.88456459122603e-04 -4.89277585119903e-04 -1.62081130097770e-04 -8.02801603989074e-04 -8.87942130484674e-04 4.97713111973439e-04 -4.84746840110021e-04 -2.92785118661399e-04 -2.12533886868117e-04 -6.25030693618977e-04 2.90669893956028e-04 9.37211223832850e-05 1.01251592323966e-04 -1.97511666500352e-04 -5.98969660349416e-05 -7.40657105813914e-04 -1.22454013696819e-03 -1.28342182065694e-04 7.76387465390880e-03 -3.57614643389235e-03 -5.87145220677892e-04 7.00424326803743e-04 1.18230117284644e-04 2.79226335568096e-02 -1.98709140920970e-02 -2.36700696441530e-03 -5.81424534994329e-04 1.89550721753221e-03 3.38032711050815e-04 -3.60671356358100e-04 8.94823251803522e-05 -1.59523700943659e-04 -4.33313200776615e-05 -3.13790613241893e-04 -1.08827274976571e-03 2.52002418443905e-04 -2.89045179776440e-04 -1.09021686144901e-04 -1.02211187377252e-03 1.70990897463096e-04 4.54158779161605e-05 4.25136429502650e-05 1.61463901069061e-05 -1.19781234848903e-05 5.83389317525927e-05 -3.11134487898723e-04 1.54598270858488e-03 2.23448508108091e-04 -8.13632027912092e-03 -4.40664346445001e-04 6.78336871236853e-04 -8.08521316767973e-04 3.51269873293761e-05 -9.66812983698441e-03 -4.99990115844574e-04 3.34478287989930e-04 -9.44806761500114e-04 2.14890518428392e-04 3.89883527053869e-04 -4.65745664712873e-04 4.31612027324469e-05 -9.86448846195182e-05 -1.14861504685019e-04 3.44995563495248e-04 -7.82068397922791e-04 -1.48368663758822e-04 1.94223473159327e-04 -1.94308826129622e-04 1.01624671558212e-03 -2.02329329546590e-04 -1.80203214963889e-07 1.34057788767775e-04 4.44905264374959e-05 6.14611894167252e-05 -4.83067556493553e-05 3.37848514395866e-04 3.00474214175979e-03 -1.04181247454285e-02 4.22180484135220e-03 -7.12463589163976e-04 -4.06284483708335e-04 2.04673511818286e-04 -1.84673351673251e-03 -4.97168762042759e-04 -2.66546048109631e-04 -2.54100710859398e-04 8.36328340207641e-05 -2.84476934802858e-06 2.59845175209330e-04 7.21486221652619e-05 1.23069792979184e-03 5.13810294920665e-03 7.09380242831569e-04 -7.47114162448479e-04 -1.47385811448446e-04 -5.61152270281721e-07 -1.79652050365953e-03 -1.68357606653039e-04 5.78566235382420e-04 -1.82309331187382e-04 1.51713871539566e-05 5.93055923840852e-05 -3.16413760254296e-04 -2.58146973625178e-05 1.27929970954017e-02 -8.57362269591923e-02 2.16617762251874e-02 9.61822423979748e-04 1.28211016023078e-03 -1.98296540501012e-05 4.96318086323871e-04 1.83047057457236e-03 -5.71921991410202e-06 -3.69516417610797e-04 -2.01939580738081e-06 1.83650720832452e-04 -1.20513937003242e-05 1.31603056340338e-04 1.99816670335537e-04 -4.32232819735412e-03 1.03729854299548e-03 -7.71897715374079e-05 -4.40185387530992e-05 6.29182812605918e-05 -1.93239639585362e-04 -3.80129305846337e-04 2.90988813200697e-05 -4.42813326636122e-05 3.37748355058529e-05 1.83887596268951e-05 6.05750077623485e-06 6.39946469630569e-05 -5.94610742239644e-04 7.72537786635268e-03 -6.89974652008962e-04 -1.38369596540499e-04 -1.77523923307628e-04 -1.04491520199115e-05 -1.53054475079913e-04 -2.52911276903799e-04 -1.08241681892976e-05 -1.42228271666293e-05 1.48263477974776e-05 -1.22516486673149e-05 9.37071971555174e-06 -8.79341972586136e-05 4.04848721210862e-04 -3.22988359512258e-03 1.13641878814184e-03 -7.85516651026734e-05 -2.09452086325611e-05 -5.05178426035850e-05 -1.40552786941574e-04 -2.40445920915024e-04 3.50836362043739e-05 -4.82025655993300e-05 -2.90968511599427e-05 8.20757154084828e-06 -3.89565810087946e-05 5.15934983234486e-05
 1.42244307566565e-03 -2.00878142577886e-04 1.09718781869976e-02 -2.91480801759050e-03 1.50030333705005e-03 7.86900390697055e-03 -4.09523322667003e-04 -1.09331032093495e-02 -8.43026583367591e-02 2.04539193106865e-03 -7.31541245181033e-04 1.12647533814076e-02 -4.73583638999886e-04 -4.52200399366152e-04 -4.90464791942451e-04 1.63230486341468e-03 3.46677833660719e-04 -1.16975288506846e-03 3.59670034398936e-04 -4.67039267074721e-04 1.11291775942759e-03 2.42770787422793e-04 -4.34304822814892e-04 -9.83365866703764e-05 5.01981822640693e-05 1.60558856709481e-06 6.05951218517787e-06 -1.23376482390957e-04 -1.40314847191177e-05 -1.72959515437275e-04 -1.41037809151250e-03 4.66671188015587e-04 -2.43280531042977e-02 7.71433911919799e-04 1.34386897092560e-04 -1.56563029136611e-03 -9.39280652106545e-05 -2.14310077976634e-02 1.25610389737341e-02 3.54087638520048e-03 9.45881547413630e-03 -1.68066406187059e-03 -1.46836355852909e-03 -1.30697260652087e-04 -6.86720416867228e-05 2.75061658532434e-04 2.63298652386791e-04 -1.16229499875363e-03 2.57257057546287e-04 -3.41195251133705e-04 1.38558574489061e-04 3.17908584722557e-04 -5.97153004948969e-04 3.12043430413015e-04 -3.71492082276394e-05 -1.14037787465976e-04 -8.23455079358176e-05 1.03882507164321e-04 1.81441228314358e-04 -6.79400874913193e-04 3.87657808699568e-04 8.48683772149836e-05 7.68477755513308e-04 7.22809643712736e-04 -4.32248869605074e-04 -2.44530758649025e-05 9.30244570596895e-05 -3.76648151668221e-03 -6.42954753395296e-03 -3.96116437354911e-03 8.48855146855828e-04 -7.10872199889503e-04 -2.26527549329844e-04 1.74781941520776e-04 2.43838881094030e-05 -2.79392640556740e-05 2.12017058717094e-05 -4.13599136550592e-05 1.06321122253055e-03 -4.89407854665555e-05 1.44906212280833e-04 2.07738013608793e-04 -2.45278441378543e-04 1.00741645167700e-04 -7.45480683493760e-05 -2.48772843158159e-05 -2.92756341140530e-05 6.68583504478481e-05 1.09754732728192e-05 2.15175087288974e-04 -7.34076552010285e-04 1.24797950697560e-04 -6.94838487955211e-03 4.20849361891606e-03 6.29097840415786e-04 -1.69619633673629e-03 -4.10947567934412e-04 -6.80936938955831e-03 9.60167558711526e-03 1.56271113989292e-03 1.31345285101959e-03 9.10130773114588e-04 -1.80420683503805e-04 -1.46620172083715e-04 4.24833997122458e-05 -1.22363887089691e-04 -2.80537658493710e-05 -3.75907202281660e-05 -6.77782252771752e-04 9.12431088490134e-05 1.80914208777742e-04 -2.68072521248781e-05 2.29798472759255e-05 -1.69316015292669e-04 6.34819338550947e-06 -4.55667816963760e-06 3.53477092587861e-06 -3.82851175702045e-05 -2.32170303400320e-05 3.77496316486739e-05 -9.68687868541545e-03 6.83698715898977e-02 -1.71710367481922e-02 -3.03602578231029e-04 3.98925843987206e-04 -1.31471751963724e-03 -4.31129462822595e-04 -3.77589885567473e-04 -1.51529440285968e-03 -4.27779459901753e-05 -2.28606187008377e-04 2.64427940919781e-04 8.23509927755857e-05 -8.30017933139918e-06 -7.31544666306570e-03 4.75406360317145e-02 -1.28254800988901e-02 -6.50550886157466e-05 -2.40723263948985e-04 1.17365025971907e-03 -1.10577540185328e-05 -1.36817613551949e-03 1.23532476116836e-03 1.03729872675567e-06 -3.45183599103809e-05 3.40353259460845e-04 1.30375738302762e-05 8.74456738282776e-05 7.19080027443067e-03 -5.92147203442890e-02 1.56156641635152e-02 1.18741682478265e-03 6.58759016032224e-05 1.75304527925559e-05 1.72115038420956e-03 -4.49138211994963e-05 1.04106584759020e-04 -2.25652442386459e-04 4.73896169948156e-06 1.37930187041182e-04 -1.41529384469948e-05 -3.43127929082630e-04 9.17272269331685e-04 -7.77573534839108e-03 3.57787536901979e-03 -1.33939667316934e-05 -1.05315103779767e-04 2.35505813912856e-04 -5.10310824210037e-05 -1.89761841900057e-04 3.55803892677427e-05 -4.66884779092713e-05 8.12859905355858e-05 -4.79709335100445e-05 3.64585769405026e-05 4.76509453820932e-05 -8.65194184055187e-04 8.76079591935054e-03 -3.60766429108845e-03 1.67427641631342e-04 -8.57032713258087e-05 -3.37758764847188e-05 3.28869581633542e-04 -3.13949533483337e-05 -4.99367874943512e-05 -6.44010450649943e-05 2.04852619212512e-05 -8.58329831985430e-05 -2.81093295948982e-05 3.10507257450105e-05 4.73685529973150e-04 -7.60945799769559e-03 3.18920495330784e-03 -6.32185703127751e-05 -3.71577545241935e-05 -2.39988086100577e-04 -1.55366513701561e-04 -2.52504226555940e-04 -2.00259035908654e-04 -4.00997800313710e-05 -6.77149546187475e-05 -6.58039053582072e-05 -5.80586108732048e-05 4.07318848126810e-06
 1.93940658665362e-04 -1.00048624431540e-04 4.82327392848929e-03 -1.45110831644773e-03 3.83324833415691e-04 -4.09523322667003e-04 1.12411161252550e-02 -2.97179520030840e-03 3.51947613334059e-03 -1.00868068932878e-01 3.02135339313598e-04 -9.44723421704628e-04 1.62413102716638e-02 4.31480161367294e-04 2.46035986254040e-03 7.87711833173305e-04 -8.09394157257607e-05 1.69578621335506e-04 2.17416545293364e-04 9.81667511662473e-04 1.95273332415885e-04 9.21777553590907e-04 1.23261543468604e-04 1.28963383347836e-05 8.01679208392487e-05 -2.49830056695124e-05 1.07124676320234e-04 1.11627242820362e-05 -1.25213384165905e-04 -2.71690695453708e-05 -3.31318763700116e-04 1.21871798759929e-04 -7.66006576676686e-03 5.83550082856875e-04 1.48209253491359e-04 5.43384998172779e-05 -9.68887330226289e-04 -6.49345981522803e-03 1.75119523628779e-03 3.20013300404299e-03 2.86944936588486e-03 -3.70545327071297e-04 3.31726518938944e-03 3.28880983084624e-04 1.43824804638758e-03 5.73975558827721e-04 -8.67447900312956e-04 4.90983382807017e-05 6.31053775075889e-04 2.76807711725334e-03 9.60956888837586e-04 -1.09700982751536e-03 1.75861322019706e-04 2.32339580369723e-04 3.48473941919987e-04 -4.61949509006815e-05 1.28903416180734e-04 2.12310968324842e-04 -4.05834161381356e-04 -5.57693196804843e-06 1.74341615151329e-04 1.50227059397679e-05 -6.44735167215644e-04 4.59205944423360e-04 -4.84015508417238e-05 -4.98949999901796e-05 -4.16228984673244e-04 1.00551053183469e-03 -3.26796909849135e-03 3.45178535075203e-02 1.65443940996085e-04 -4.00852118766026e-04 4.56328491436417e-04 2.45627380153201e-05 -2.82397063475845e-04 -4.68189997782834e-05 -4.15970690038552e-06 -9.56789035729765e-06 2.02674513430618e-04 -7.35519395558253e-04 -9.69846119911877e-05 -1.67658089625892e-04 -5.56493346910249e-05 3.23200481362476e-05 4.76138158439120e-05 1.91612076021556e-05 -1.08432403026338e-05 4.58840894445037e-05 -1.64264207749835e-04 4.44084662169022e-05 -2.10209608122209e-04 -1.49390902174213e-05 -1.54306648736348e-05 1.54596036702531e-03 2.29326641639458e-04 -4.27727133948207e-04 1.93990709522099e-03 -2.92345525270373e-04 2.27318389495813e-03 -4.10104741723871e-03 7.64071687537380e-04 -1.39804674185177e-04 2.39183691837572e-03 5.00699740551536e-05 1.98653553714369e-04 3.70975983762763e-05 -2.20368149982135e-05 -1.23670625151932e-05 4.23495698607751e-05 -2.85219972966446e-04 -1.83904066296632e-05 -3.53943366374392e-04 -2.26793381636343e-04 3.53559420428050e-05 1.68723547608140e-04 -3.50161169573251e-05 1.65457758987559e-05 4.14019025326121e-05 -9.60205115587223e-05 -2.09359344555445e-05 8.15569966196309e-03 -8.03744365475606e-02 1.66737585771483e-02 1.78297347755940e-04 -1.39833779005015e-03 4.36434240302226e-04 5.62040843338204e-04 -2.65222367023939e-03 1.12167197061804e-04 8.49012864113510e-05 3.69087726594599e-04 1.63564346999101e-04 -8.16051653061678e-05 2.90287274456859e-04 -1.06171157958875e-02 9.71396724091552e-02 -2.13122036603113e-02 1.10945064969186e-04 1.25483817293548e-03 1.17857896781315e-03 -1.43754736265087e-04 2.44465698434186e-03 1.28727098245278e-03 5.92513433153627e-05 4.92484213741557e-04 1.45162552356363e-04 3.61567465725853e-05 -1.76268392249194e-04 -3.85953677946675e-04 1.34359966609460e-03 -2.55644975564766e-04 -4.16500653966736e-05 9.06740328227287e-06 -1.05359806804159e-03 -2.32041895470125e-06 1.02066516034959e-04 -2.31354212068531e-03 -9.89588141265349e-06 3.11574119012980e-04 2.84431064149745e-05 2.90828643394615e-04 -3.78163651853189e-06 -1.15989898695496e-03 -6.04189288930925e-03 -4.00616388383294e-04 -1.84299776446108e-05 -3.39463654918472e-05 4.24946350277828e-05 -2.40494636849646e-04 -7.01651806008318e-04 6.01758700543498e-04 6.72304603261314e-05 8.65029469529951e-05 8.78510000099149e-06 -5.59530529940598e-05 -2.63108601971249e-05 -1.14880259145768e-04 6.30482732016073e-04 -5.01993137081811e-04 4.20299723334280e-05 4.34325070201373e-06 -9.70429658282816e-06 6.01052280279084e-05 2.28582279800941e-05 -6.29847243925305e-05 -7.90284753853436e-06 3.48371989789477e-05 -5.10992941368327e-06 6.55174411504281e-06 2.08000542252942e-05 1.14086389786386e-03 4.33151306399217e-03 1.06567719323613e-03 2.62594372858680e-05 1.66219192202882e-05 -1.62699137096929e-05 3.72599254297555e-04 6.00599604104416e-04 5.61827692019810e-04 -2.68137433335856e-05 7.45096948451357e-05 1.84693212653752e-05 -8.03310500537493e-05 2.63918057069129e-05
 -2.14447861973873e-03 1.53126193037576e-03 9.66872724735102e-03 -4.96404826530424e-02 -7.31583880183263e-02 -1.09331032093495e-02 -2.97179520030840e-03 9.27664748868749e-01 3.22806756003316e-02 5.93469404221487e-03 -1.29233804654832e-01 -1.49401731989185e-02 -2.91051000641496e-03 2.25957537869132e-02 -3.95236546962581e-03 -4.50024373479105e-04 3.39208245588081e-03 -3.54198363963996e-03 2.81425573265536e-02 -3.60738440434117e-03 3.24279073304547e-03 3.98449543526488e-03 -9.08812807445826e-03 -4.91741910120260e-03 1.22555936203905e-03 5.60162430279309e-04 6.05398311348842e-04 -3.13323798270812e-03 -1.30942724350941e-03 4.44831357265445e-04 -7.17698745257329e-04 8.56289588096145e-03 -3.94813991330818e-01 2.38826579566007e-02 3.26974597826608e-02 -2.59921186026817e-02 -6.42968888224146e-03 -5.18398300557764e-01 3.18981673827051e-01 1.01183335550152e-01 1.56114310232417e-01 -9.14699974079309e-02 -3.02943181675950e-02 2.30528817713891e-02 -3.56423065441640e-03 2.93450324661068e-03 4.57800249544180e-03 -1.06849607832028e-03 2.92162803943391e-02 -6.35721879815328e-03 6.05582706500396e-03 5.62166144168198e-03 3.32082633943642e-03 4.94936771634339e-03 -2.38554299806305e-03 -2.08361272843067e-03 -1.43084435003282e-03 2.07247738939351e-03 5.48710634529120e-04 3.94363852127743e-03 4.23206955663680e-04 2.43279978497290e-05 2.41373656912831e-02 9.37285935516840e-03 -5.48060581989265e-03 8.22573914865423e-04 8.74447250757693e-04 1.45162272591829e-01 -9.14902081560127e-02 -3.59794591845231e-02 2.85995282453431e-02 1.43055373499000e-04 -3.53655801136783e-03 1.77031701929394e-03 2.58528586691896e-04 -9.65586866709733e-04 2.06808152370535e-04 -1.62886904796983e-03 6.05105683249258e-03 -2.88497976702731e-04 -1.96665988898626e-03 6.54597994245928e-04 5.55353434194500e-05 9.33124467763816e-04 -5.59471942899202e-04 5.57248790672756e-04 -7.43957546415841e-05 7.56677645975623e-04 1.34943337686585e-04 1.89664100975703e-03 3.52668503699438e-03 -3.61588470110417e-03 1.51163039520355e-01 8.74222413962605e-02 -9.92057500118571e-03 9.62382628741907e-03 1.50416580999452e-03 1.76376205822413e-01 6.07300057237042e-02 -1.48270440692056e-02 5.06183681500273e-03 2.39779107782291e-02 1.30207890414246e-03 6.74089455442952e-03 -2.09489515454837e-04 1.15773564004792e-03 1.61327151517522e-03 -3.92162035460012e-03 8.83532585697213e-03 1.51891164536579e-03 -3.92042637451752e-04 2.57368741650281e-03 -1.28663180531780e-02 2.25349257622404e-03 2.67109625676230e-05 -1.72997922000873e-03 -6.87510337932718e-04 -2.92050670495855e-04 6.93819044646920e-04 -4.62794680261790e-03 -2.69078906678634e-02 1.08737518469117e-01 -2.19025833146293e-02 9.67847156136386e-03 1.80471969178497e-03 -2.23740733860986e-03 2.64288050395816e-02 -8.24051895950062e-05 -6.31333305908301e-04 3.41052170929310e-03 -2.98095203752520e-04 9.98487459814564e-04 -3.72371587220313e-03 -4.56256777399991e-04 -8.31296756937692e-03 -4.41108455413426e-02 1.39613742351615e-02 9.96449081084955e-03 -6.63512669126155e-04 -8.63508376994816e-04 2.62266129463107e-02 -3.77198234259043e-03 -4.78417022209620e-03 2.17735720779476e-03 -1.13423244454366e-03 -3.32943870826837e-04 4.63006926352982e-03 5.80856674687111e-04 -1.29111214986263e-01 8.28716241488012e-01 -1.80764622312907e-01 -6.92702264709830e-03 -1.34605283318624e-02 -1.75234030471768e-04 1.62470686419355e-03 -1.67779433361343e-02 -3.51528900795920e-04 3.05224365082737e-03 2.22938799775671e-04 -1.47561404938914e-03 2.58101900719247e-04 -2.66393281804888e-03 -1.45531776641110e-03 2.58426935138153e-02 -1.21041097056464e-02 1.47781981979343e-03 9.21126252433376e-04 -4.04709156629761e-04 5.17044756255722e-03 4.16726279958600e-03 -2.04764457883376e-04 6.95009733974682e-04 -3.97565445068405e-04 -7.77632481021281e-05 -5.25341863950382e-05 -1.01529704921504e-03 -1.37232647964573e-03 -1.03315817662914e-01 -3.22988230648877e-02 2.90910106067353e-03 1.82963600247480e-03 -1.46948597817042e-04 -1.16572576626295e-04 5.27805068047826e-03 3.29974622401561e-04 2.04508458508000e-04 -1.96597653937193e-04 8.98883603345033e-05 -2.12728824863887e-04 1.89370869032706e-03 -5.30450452353787e-03 3.55469248273859e-02 -1.65377622459265e-02 1.44068485159558e-03 9.78430940907956e-04 4.57678369284680e-04 4.64421117070230e-03 3.39979170219704e-03 -5.83499587033721e-04 7.12044274633144e-04 4.49643643214271e-04 3.81165563906003e-05 5.65160195972248e-04 -8.94576629593514e-04
 2.09650419561159e-03 -1.67887376152721e-03 2.23901664741780e-02 5.27549457240454e-02 -1.70418072398062e-02 -8.43026583367591e-02 3.51947613334059e-03 3.22806756003316e-02 9.68608790718074e-01 -1.77596114981327e-03 1.32712283333001e-02 -1.16267782718062e-01 4.78712460486769e-03 2.93575493631106e-03 5.26350137755357e-03 -1.85913911410760e-02 -4.14329476000517e-03 1.38304298332949e-02 -9.38780885318301e-03 5.94861167747013e-03 -1.33965753482113e-02 -3.18039125946767e-03 4.25970919905108e-03 2.98063018165420e-03 -9.34238289937885e-04 -6.90361953006120e-04 -3.25677326020112e-04 1.90590596070812e-03 3.56114127776606e-04 2.16519736644189e-03 9.57253471884256e-04 -4.99663447686829e-03 2.51858937100693e-01 -7.77824058417785e-04 -1.02470076812693e-02 2.37625087583624e-02 3.60658715439405e-03 3.29624837779122e-01 -1.68675266813007e-01 -6.78100610388800e-02 -1.55702426077514e-01 2.41462255583970e-02 2.24687702953155e-02 -9.40513543960168e-03 5.87352397993823e-04 -2.36778912309268e-03 -4.38416086780870e-03 1.55657649578831e-02 -1.45345701424654e-02 2.90906350442578e-03 -5.65007678781109e-04 -4.91999056396812e-03 8.19446543015134e-03 -2.81032623458863e-03 2.39067704226787e-04 1.38397221705669e-03 1.07283612180907e-03 -1.18663084993265e-03 -1.75074685858229e-03 8.12264590548299e-03 -3.57983933697867e-03 -1.08426428530906e-03 -8.86767977228720e-02 -9.28836161862912e-04 1.01499220962138e-02 -2.01534333232120e-04 -1.30767572081959e-03 -1.74675892436409e-01 9.46841469354548e-02 4.23084505955153e-02 -2.14768395770103e-02 2.52050354747669e-03 3.51699953198491e-03 -1.02003520592424e-03 -2.05374472580140e-04 6.70183418520767e-04 -1.11807210220066e-04 1.11138357496069e-03 -8.91592890206643e-03 7.42949249322123e-04 -1.08842704846685e-03 -1.98945922284607e-03 3.98212493348024e-03 -1.51808014402445e-03 8.08934838423271e-04 1.14027362400312e-04 4.11733255566746e-04 -1.06086038135301e-03 -1.76375253294996e-04 -1.75713603810032e-03 -8.68369624988086e-04 1.84715945769082e-03 -3.11808792351145e-02 -7.41608430641921e-02 -3.66978198752751e-04 1.02448090380555e-02 1.82086414261189e-03 -6.03997070218758e-02 -5.73770214763327e-02 6.23409279332486e-03 -4.04954974593109e-03 -3.01466173680103e-02 -2.23656254723797e-03 -1.61998110185431e-03 -2.16176852349078e-04 1.01138538396314e-04 -4.91309456970189e-04 7.20328898566591e-04 3.48483263998016e-03 -4.69657975961095e-04 -2.76287930791712e-03 -5.58338626787272e-04 -5.05365661846975e-04 6.50153117546902e-04 3.45729898438203e-05 6.05791144349602e-04 1.10420109382682e-04 8.41629596252678e-04 2.07448161245823e-04 -5.49109590352166e-04 1.00561369144347e-01 -7.19980722430987e-01 1.71105565683421e-01 2.27755275837038e-03 -3.02817978935743e-03 1.39603409982804e-02 1.41785761656659e-03 6.57590336921161e-03 1.74130148287819e-02 4.72990040548700e-05 2.14520662888805e-03 -3.15418462134946e-03 -4.77394192303281e-04 -2.10803946464984e-04 7.50166262216240e-02 -5.06038021954473e-01 1.25302213121351e-01 -2.59605990698950e-04 3.64898723887657e-03 -1.20175759173123e-02 -3.11489628555589e-03 1.71443746499977e-02 -1.36257290483349e-02 -2.38391345619852e-04 8.43830218088038e-04 -3.67668218154008e-03 -6.60391604205100e-04 -1.23843548906610e-03 -8.22475559923587e-02 6.54017468256981e-01 -1.94084587973253e-01 -1.45041129572611e-02 -6.13405833599564e-04 4.82823834339356e-05 -2.04680133570577e-02 6.18439500634333e-04 -9.51436631631416e-04 2.63219692821611e-03 -1.99390107794924e-04 -1.56738399581338e-03 8.56806733193068e-05 4.50503917274839e-03 1.16615395423126e-03 2.39290045563397e-02 -1.50533802351180e-02 -1.28873888711701e-03 2.57569268233438e-04 -1.03866745345135e-03 -3.97603587261165e-03 1.75272666386970e-03 9.74821413702014e-04 4.31180524842286e-05 -5.45581894654314e-04 2.64262203465678e-04 1.01184438485219e-04 -3.24298095658747e-04 -2.81367997329117e-03 1.47822019178801e-02 3.19096668817022e-02 -1.32574683253275e-03 -8.08953032357339e-05 2.38419913399306e-04 -2.89253475362240e-03 -1.21022332447095e-03 3.56767685077234e-04 3.83019644430798e-04 -1.60986377135777e-04 8.22694901840418e-04 2.81680794899243e-04 -7.45294247130262e-04 6.10624917392500e-03 1.08970218122331e-02 -1.00293415565129e-02 -9.61693133261782e-04 -2.19933449670616e-04 1.11888536395248e-03 -3.19509829383881e-03 2.31497397158339e-03 1.21480488190447e-03 6.29964900263204e-05 4.71471155360774e-04 5.16879103362667e-04 -4.89540822531647e-05 -3.88317064276461e-05
 3.85439259130597e-04 -4.21202372034411e-04 1.37056545956592e-03 1.71964392447103e-02 -4.28275613007432e-03 2.04539193106865e-03 -1.00868068932878e-01 5.93469404221487e-03 -1.77596114981327e-03 9.56618776007880e-01 -1.41815142208031e-03 7.87666346668695e-03 -1.52825301896138e-01 -4.16924008361841e-03 -2.16753596017628e-02 -7.53023480677759e-03 -4.71072595498889e-04 -8.07601844813260e-04 -3.41386780544668e-03 -9.13404835509327e-03 -2.33226526475943e-03 -1.13200034229581e-02 -1.00181479917439e-03 4.00518528209008e-04 -1.89369495918782e-03 3.15357984080147e-04 -1.50917627807649e-03 -2.10732107491119e-04 1.44250664142338e-03 4.34210812677498e-05 2.30735267205516e-04 -1.46677869163929e-03 6.99067702433428e-02 -6.96333805478449e-04 -4.31158578645402e-03 5.80727130905469e-03 3.33765853331350e-03 1.02725139800907e-01 -6.69885858653010e-02 9.94573119925537e-02 -4.31848966974476e-02 1.54826773494908e-02 -3.53083080789476e-02 -5.42681330727919e-03 -7.42416583236785e-03 -3.97966113359196e-03 8.78544295017018e-03 1.90397164395496e-03 -7.85943953072313e-03 -1.36219826734736e-02 -6.53060102423521e-03 1.15737389731294e-02 4.31833823759967e-04 -1.68470744823799e-03 -3.68404008174073e-03 1.39535069021978e-03 -2.13424123054740e-03 -2.04895446185966e-03 1.72502783688345e-03 2.14156357010187e-04 -5.18689530999370e-04 -1.06221128346600e-04 -1.35675574479643e-02 -9.57294952275358e-04 1.79055707359835e-03 -3.85259694325652e-05 3.91770802223354e-04 -4.69345949382516e-02 3.45581028448517e-02 -1.01691937116704e-01 -5.55504705111755e-03 1.80450047211193e-03 -7.82634533761403e-03 -2.80470015927095e-04 5.38294376320410e-06 1.63458257587934e-04 5.73185594032722e-06 3.01647942596031e-04 -1.99481574732422e-03 5.43248169565089e-04 -4.34064393164479e-05 1.67471975533737e-03 8.48290367218255e-04 -4.15208383593179e-04 -4.45763725312513e-04 7.08782813433998e-05 -2.04646856523992e-04 -4.33248006103287e-04 2.35973227758698e-04 -4.63000702996763e-04 -4.59644403756532e-04 6.34205545538642e-04 -1.86120852759308e-02 -2.40750289235169e-02 3.08784507710665e-04 9.33007853753408e-04 -3.68241996460216e-03 -3.01417366630085e-02 -5.69448990999949e-03 -5.64401635315748e-02 -3.65986443223260e-03 -5.76449688770984e-03 -8.67408213893602e-03 -8.73276926845011e-04 1.99712227346306e-03 3.42446198490763e-05 1.45986438930981e-03 8.78067146994599e-04 -1.00130722954940e-03 3.98953269712903e-03 -1.77680995700435e-04 5.12616472182630e-03 2.61236645692619e-03 -4.14714130491543e-04 -7.83850864041140e-04 4.00798720618413e-04 -5.63055341213338e-04 -3.30213861252049e-04 1.02084488867535e-03 4.15191671102532e-04 -8.13767432413931e-02 7.40617908122097e-01 -1.63994042030337e-01 -2.21058543335224e-03 1.37631137525734e-02 -4.01812969449443e-03 -5.79535905035127e-03 2.46498478248433e-02 1.02725412805889e-03 -1.12765104119968e-03 -3.36858580962057e-03 -1.76002239108865e-03 1.03239438233463e-03 -2.89208110753856e-03 1.04538820282813e-01 -9.05940404902819e-01 2.02630646056239e-01 -1.06086330407969e-03 -1.16264476992826e-02 -1.11357849878778e-02 1.40182186862423e-04 -2.11757596425532e-02 -1.04385239678693e-02 -4.25973142638214e-04 -4.40715544973415e-03 -1.36062073297364e-03 -3.13567392952060e-04 1.74079617231851e-03 7.20863853753961e-04 7.14189929592138e-03 -7.96781370485371e-03 -3.23717439563400e-04 -1.31659388486934e-04 1.00625972362053e-02 -9.55960198962829e-04 -1.25667225230885e-03 2.27225455115979e-02 2.77787345963899e-04 -2.84962011174616e-03 -2.60519363475575e-04 -3.04559067722703e-03 2.88466204096759e-04 1.85753627750576e-02 -5.13104554641209e-02 2.29206542223377e-02 2.23583769431346e-04 -1.12778952189985e-03 4.23038471026484e-04 1.04168828520605e-03 3.24648671346513e-03 -3.72260164158893e-03 -5.09595658000985e-04 -2.50079869592572e-04 -8.57522470004974e-05 5.25423346123564e-04 5.22490078891081e-04 -1.01277925086127e-04 1.19814409339780e-02 6.90486991269294e-03 -5.30730614865379e-04 -6.26901641662930e-05 -9.15931993097546e-04 -4.47376606765689e-04 -4.67705038730647e-04 -9.43713718782447e-04 5.77017383991975e-05 9.73729191972774e-05 1.37239063611178e-04 -4.37759575927275e-05 -2.61993702740026e-04 -1.52682463237978e-02 4.89254302049482e-02 -2.23804582550725e-02 -6.70233113800957e-04 8.05484459518993e-04 9.14366363996102e-04 -3.60908456054130e-03 -2.72418343969058e-03 -3.16157301917157e-03 1.14171033990205e-04 -1.95714187528032e-04 -9.00823483377037e-08 6.56217878447173e-04 -3.26398502924820e-04
 -1.42315364275628e-04 1.83625102761016e-04 -1.81886023069526e-02 -8.21831503177027e-05 1.18045141475058e-02 -7.31541245181033e-04 3.02135339313598e-04 -1.29233804654832e-01 1.32712283333001e-02 -1.41815142208031e-03 2.25076896637416e-02 -2.24689147618569e-03 -6.00569426918860e-05 -3.21468700323654e-03 6.96402840220926e-04 -3.97121511724941e-04 -5.75869789709322e-04 7.35462808489236e-04 -3.77143140457887e-03 5.39293863439620e-04 -7.21143008730688e-04 -5.95853078275932e-04 1.72590446680345e-03 5.63411271022574e-04 -1.67070818779381e-04 -9.45777838514383e-05 -7.75248047193732e-05 4.14974096908064e-04 1.45993323038651e-04 3.02915491547035e-05 1.43611643283002e-03 -1.46701362749845e-03 1.08850708539826e-01 -1.66501200125257e-02 -4.21161257967236e-03 1.44313559492021e-04 3.92490838376967e-04 6.78443518190837e-02 -3.76343893723693e-02 -1.37193548149594e-02 -1.67897170463918e-02 3.65197669039900e-03 2.88062671638330e-03 -1.68282557387012e-03 5.24098724255928e-04 -1.02092177835167e-03 -5.50781762040197e-04 1.42608979957309e-04 -2.44631644974356e-03 6.56241158563807e-04 -6.98804647049370e-04 -6.76517341928055e-04 7.55759730064712e-04 -1.28687573667762e-03 4.55459734364926e-04 4.46310501511288e-04 2.71053766717851e-04 -2.81490308794175e-04 -1.28325497026207e-04 -6.70861195977084e-04 -2.15847758294993e-04 -3.90866027739327e-04 -3.36872313240760e-02 -4.00623446223196e-03 -6.33256122165421e-05 1.37538894388714e-03 1.62485727174087e-04 1.66681172510438e-02 -2.96498351413277e-02 -3.36464515186674e-03 -2.33656138572898e-03 1.10571788757223e-03 5.12061388107429e-04 -4.55398722061732e-04 1.16046810716236e-04 -1.43836055017724e-04 -5.27913172425422e-05 -2.88893529576119e-04 -1.55705157767118e-03 4.60583383132713e-04 -3.91884769869491e-04 -1.50519544168879e-04 -1.57298283174996e-03 1.06454366899046e-04 8.69177882775208e-05 1.81047959669378e-05 3.46501092922695e-05 -7.53814237862159e-05 5.88337978496254e-05 -4.32068866663468e-04 -1.45156485266693e-04 4.28101505183456e-04 -1.91285956000609e-02 -7.98403438597772e-03 -1.10061155747812e-03 -1.60102020192834e-03 3.04342874281482e-04 5.63598878260201e-03 1.87748296133060e-03 -2.52794856815357e-03 -6.97037353013672e-03 -2.58480550285562e-03 1.05946964129643e-03 -2.04530926290334e-04 3.89233994533649e-05 -3.89900738206100e-04 -2.04029237894368e-04 8.87880392810693e-04 -3.22515802935292e-04 -2.66075903458489e-04 -1.87934816633113e-04 -3.84254267291837e-04 2.22884842723551e-03 -1.62318239424892e-04 -2.51894239436598e-05 2.18064483022611e-04 1.08759242855467e-04 -2.05514249731335e-06 -8.18421264222228e-05 6.15869984397673e-04 7.21169376697651e-03 -3.56285328658688e-02 9.98561687092606e-03 -1.25050646414453e-03 -5.17751857147155e-04 7.51487091210067e-04 -3.42795604012796e-03 -2.27788640922423e-04 2.13748769375495e-04 -4.77616184187402e-04 1.57250579190588e-04 -1.69657821933817e-04 4.88583966271063e-04 9.97569230369435e-05 4.07579139095070e-03 -9.39896011942349e-03 3.98174260375315e-03 -1.38228976277695e-03 1.91892228675174e-05 -3.29924775879706e-04 -3.48010642921290e-03 4.94405046441360e-04 5.10352878141635e-04 -3.34766528705776e-04 9.94106591354073e-05 -3.81657641202432e-05 -6.38738945637712e-04 -8.23942581651828e-05 1.69681510634889e-02 -1.10432622268701e-01 2.54128103761089e-02 8.91667584149786e-04 2.02442930839093e-03 2.02833698219596e-05 -2.20415589402225e-04 2.91924586533993e-03 5.57420595649710e-05 -4.83408066908076e-04 -3.18229322683791e-05 2.33254496596203e-04 -3.19732955549596e-05 4.26782971027637e-04 2.09667228504799e-03 -1.39614109657582e-02 3.77294749405432e-03 9.95313649023284e-05 -1.72605693900717e-04 2.14363044879492e-04 1.08748347673650e-04 -5.22286690156230e-04 1.97536873856005e-05 1.95945329466476e-05 5.24679579551899e-05 9.46738627364971e-06 -1.01677445177602e-04 1.06923973129487e-04 2.25742786145965e-03 -5.31611901394582e-03 5.76728896860349e-03 -4.62419289957241e-04 1.04000136328205e-04 4.08503383404027e-05 -1.14720075087665e-04 1.64551569543632e-05 -2.71867471564440e-05 6.77442255378041e-05 9.24245941714582e-07 4.45836636059346e-05 2.69602593158894e-05 -1.17372095941759e-04 2.04094801696808e-03 -1.01446657403899e-02 3.31752149428495e-03 8.44527996343433e-05 -5.80585147913058e-05 -2.25302706425468e-04 2.13856582129242e-04 -2.49646933453845e-04 -1.23835775524115e-05 -4.12251512239441e-06 -3.72361655720918e-05 -4.97606358827884e-05 5.41022398241136e-05 1.04442555497148e-04
 4.86505257584816e-04 -3.07976201407115e-04 1.70610271350888e-02 8.39167173991415e-03 1.18093447771611e-03 1.12647533814076e-02 -9.44723421704628e-04 -1.49401731989185e-02 -1.16267782718062e-01 7.87666346668695e-03 -2.24689147618569e-03 2.04761335500138e-02 -7.84277334452256e-04 -5.82920355619862e-04 -8.01413932089449e-04 2.38326928890248e-03 4.95983747583588e-04 -1.67515162052993e-03 8.54061077166272e-04 -7.35731125474566e-04 1.83875144329639e-03 3.67156125392302e-04 -8.79490060588653e-04 -2.28663113801347e-04 7.88311396510103e-05 5.58805840515516e-05 1.68450996059483e-05 -2.19788278216711e-04 -1.71772613831514e-05 -2.61091899970667e-04 -1.38224356351982e-03 1.21419862070786e-03 -4.58812205411701e-02 -2.07851062162051e-03 4.77496838361963e-04 -6.20046796144498e-03 -7.39309002769808e-04 -2.46270039361288e-02 4.47137954296520e-02 1.08537746305714e-02 3.23441408893519e-03 -1.16972286937404e-02 -2.68209884309071e-03 -2.09425781563488e-03 2.32132756707184e-04 5.60900494848011e-04 3.08592273772349e-04 -2.70093057867147e-03 -1.89103471795226e-03 -2.92776894487657e-04 6.60255421829794e-04 2.96329555061031e-04 -8.52192162961835e-04 5.84674272341875e-04 -2.28868023072630e-04 -2.57109558206015e-04 -1.82558500910503e-04 1.31257574310177e-04 1.36760222664855e-04 -1.88426126896648e-04 1.09406787005648e-03 3.31726625923649e-05 -6.44527735155942e-03 1.08428956201762e-04 1.06028814685030e-03 7.22801706300884e-04 1.28345297469162e-05 -6.65263167317834e-02 -3.71837433303653e-02 -6.25542223835041e-04 -1.48673997584911e-03 -6.86661847733509e-04 -1.19698742662816e-04 5.96368251359350e-04 5.42231438823334e-05 -2.48137697115312e-04 7.53902932029020e-05 -4.07997359356426e-04 2.35749445267308e-03 -8.79543547840179e-05 -9.08713095688137e-05 4.43354763179576e-04 -1.23407070465997e-03 3.73313974867400e-04 -1.50943028975589e-04 1.26852299408679e-05 -1.36111358450556e-05 9.78102499424261e-06 2.41084442370243e-06 5.40281385821007e-04 2.06855725725305e-04 3.91296460546487e-04 -1.44154672533370e-02 -4.59525986657383e-03 -1.76599233274550e-04 9.84511740419209e-04 -5.58294611226156e-05 -2.26987354645710e-02 -3.08145964633115e-02 -1.93748191625567e-03 2.57003068048393e-03 4.53244779284455e-03 -1.09824199385069e-04 -2.56152298166045e-04 1.25199257376619e-05 7.20781259598641e-04 2.15713491426813e-04 -1.00162548818946e-03 -1.89156793731615e-03 1.43386694918892e-04 1.09528735041449e-03 1.47100875327789e-04 -6.35894699364893e-04 -4.99873817424022e-04 2.91907134229846e-05 -8.53573750694972e-05 -7.55505716133895e-05 9.51816700337773e-05 -4.60998473201913e-05 -9.05810816972231e-05 -1.43831474843335e-02 9.91907939029160e-02 -2.51298309314044e-02 -4.54675645886260e-04 6.81296370852577e-04 -1.85039637582038e-03 -7.84122235586799e-04 -4.65496174021728e-04 -2.09105142508483e-03 -4.14715551106008e-05 -3.47940494460921e-04 3.74834315262818e-04 1.03358061340033e-04 -5.09819885154831e-05 -1.00986805799070e-02 6.21521214030265e-02 -1.72073402074983e-02 -1.03306423319364e-04 -3.48817187362634e-04 1.59451336619520e-03 -1.68802186580449e-04 -2.08549024743183e-03 1.65607869365316e-03 2.73754875079918e-05 -6.91331090174850e-05 4.81242716250923e-04 5.20863080438267e-05 1.20286130023350e-04 9.39008578976515e-03 -8.25538669895482e-02 1.66192549758817e-02 1.56489836369361e-03 -4.84176776208281e-05 6.75991864727451e-05 2.57448240987316e-03 -1.44477989391876e-04 2.43879617466551e-04 -2.67154631337593e-04 -4.10453006578378e-06 1.48851723259713e-04 -4.50941654719521e-05 -4.38792346928798e-04 -2.89472560381472e-03 1.78649163754815e-02 -3.17664314136846e-04 -2.06363297779584e-04 -1.86777853858557e-04 -2.20708222597128e-04 -7.90813774831239e-04 -9.17441634549426e-04 -8.44033077594892e-04 -1.12969253330205e-04 9.80403103521635e-05 9.76757903756252e-05 1.71809215933768e-04 1.16937070870175e-04 4.25766770114522e-04 -8.34631225429582e-03 2.81508575231037e-03 -3.09998732220284e-04 -1.77823829735536e-04 -6.31472115874992e-06 -6.28779997093940e-04 1.25520778885581e-04 9.28029956637037e-05 5.47459551291444e-05 2.31646361958206e-05 -4.64317833108388e-05 1.48032264372230e-05 -1.76433966413803e-04 -3.52232168047571e-03 1.84578855558228e-02 -9.60755740649582e-04 -1.92970707133594e-04 -2.24496774069158e-04 2.19051098697236e-04 -7.70042879093017e-04 -1.27595340242360e-03 5.61937382388259e-04 -8.95945677201705e-05 -1.57604482644752e-04 1.08268718164625e-04 -1.50430720270160e-04 3.94329442811580e-05
 1.13576470114914e-04 -9.07390278933065e-05 5.67884368952448e-03 -1.40444594878226e-04 3.64540856769867e-04 -4.73583638999886e-04 1.62413102716638e-02 -2.91051000641496e-03 4.78712460486769e-03 -1.52825301896138e-01 -6.00569426918860e-05 -7.84277334452256e-04 2.50674580919466e-02 6.27879971126276e-04 3.41678945216228e-03 1.12493157830078e-03 1.33851232154231e-04 1.89063827748305e-04 3.57719729248130e-04 1.41837191011187e-03 2.76048095847772e-04 2.04388885770291e-03 1.05062541443694e-04 6.86754687010481e-06 3.09997408336618e-04 -7.81958292426318e-05 2.70631625981332e-04 7.44374858467873e-05 -2.59386389173572e-04 1.80200021046332e-06 -3.33720343529640e-04 3.00269735825801e-04 -1.65999361102178e-02 1.04280160565339e-03 4.05225518844940e-04 -8.45676060401173e-04 -2.69136685432695e-04 -1.16174178679930e-02 1.29223590706110e-02 -2.48015364216305e-02 3.29525574471206e-03 -2.63344280448007e-03 7.30945987644908e-03 1.92940556540524e-04 1.19437805450088e-03 6.75622906074543e-04 -1.29956389076757e-03 -2.86158063975648e-04 4.57822113048737e-04 2.12218909575306e-03 1.03850872568135e-03 -1.69346176017901e-03 -1.18729925595986e-04 3.25747228359377e-04 4.76935623477652e-04 -2.71460955173868e-04 4.44367070806004e-04 3.20242817970979e-04 -2.63039930864065e-04 1.06863152655528e-04 1.53710826250224e-04 3.74439974323285e-05 2.27513826601381e-03 4.23882625778025e-04 1.54812689127576e-04 -6.13057759647527e-05 -1.85801108609647e-06 -8.47459317903623e-03 -3.20417907446776e-03 1.21209448477803e-02 7.99227651142206e-05 -4.89577078339737e-04 1.68933951577443e-03 1.20227170766941e-04 8.75802257312549e-05 7.73020471257914e-06 1.06925294695683e-05 -1.07844657572404e-05 4.84105155971865e-04 1.14535525983231e-04 8.38891859607568e-05 -2.13941811648906e-04 -1.22289613466087e-05 4.76596256850723e-05 5.78952552168055e-05 -2.98655763720735e-05 5.85615994086453e-05 3.98615582677460e-05 -6.45343129322335e-06 1.16307749601899e-04 5.62881945872518e-05 7.58530446552768e-06 -1.46269058239008e-04 1.28160449239414e-03 4.35485172658282e-04 -5.63240235580054e-05 2.46418188428386e-03 -4.99705253024823e-03 -2.56690817946051e-03 -9.30740870462348e-03 1.86716797404067e-03 3.04889309100368e-04 4.34135114262709e-03 1.42868381291546e-05 5.80060482795656e-05 1.91216236728334e-04 -2.50626528531407e-04 -2.33824825337262e-04 -5.74563557467209e-05 -4.66158432474592e-04 2.12049767761645e-04 -1.12306273849610e-03 -5.48134786408725e-04 -1.05999852510360e-05 6.12796481776343e-05 -4.89265221463024e-05 1.38546237860603e-04 9.33645524425438e-05 -2.11575594464306e-04 -9.82869718735627e-05 1.28903812952783e-02 -1.19033057842246e-01 2.59092889194955e-02 3.51121491536129e-04 -2.15864670812927e-03 6.56435737179140e-04 8.56636429766086e-04 -3.92431559532896e-03 -5.92350630286958e-05 1.73302269581429e-04 5.36504060176987e-04 2.69193335928263e-04 -1.46544274632609e-04 4.49423452687724e-04 -1.67398759425796e-02 1.44295222142778e-01 -3.27417322719001e-02 1.21054507934903e-04 1.92495977808770e-03 1.79290217461283e-03 -1.95868556898238e-04 3.59343603352443e-03 1.67549929715423e-03 6.67212495194921e-05 7.35796972434849e-04 2.07679119164236e-04 4.47835733657027e-05 -2.89238781319130e-04 -6.63328836947990e-04 2.03288010468748e-03 -9.54929899611219e-04 -6.73866748923957e-05 -1.16081671026303e-05 -1.60090193832772e-03 2.71156136093035e-05 1.59222811072178e-04 -3.69327476437773e-03 -1.89076321344107e-05 4.49655219795571e-04 2.20226146112965e-05 4.96954994531463e-04 -4.69048592412616e-06 -1.50236343441918e-03 -4.40850539560423e-03 -3.64112447688543e-04 -1.46890753432353e-04 -1.22878847992886e-04 1.81496289163498e-06 -5.38603543383378e-04 -1.07759110631204e-03 5.51896546835813e-04 4.55374710024675e-05 1.19985573002152e-04 5.05397599335318e-05 -3.72869237751106e-05 -7.21034796689275e-06 -2.78237300885579e-04 1.87147160109247e-04 -3.28360285299024e-04 1.07049526016043e-05 -3.94296045242362e-05 -5.17856038942918e-05 -8.70476489552757e-05 3.02555440126575e-05 -3.11857668422146e-04 3.27980922317992e-06 3.56576333768873e-05 4.85174245725225e-06 -5.03493331512431e-05 -1.21042079949638e-05 1.11556855092693e-04 1.08871783746515e-02 -5.14269780266366e-04 7.16203492078118e-05 7.74148518281083e-05 1.02314886729956e-04 4.05070677941660e-04 7.66674058240956e-04 7.30449839001264e-04 -1.74295761489624e-05 1.04467870008705e-04 3.92105358001387e-05 -1.16510837514713e-04 1.88305347965543e-05
 -8.75773113555254e-06 2.50837033943832e-05 5.04624331465652e-04 -7.52630248006970e-04 -1.93187570591618e-03 -4.52200399366152e-04 4.31480161367294e-04 2.25957537869132e-02 2.93575493631106e-03 -4.16924008361841e-03 -3.21468700323654e-03 -5.82920355619862e-04 6.27879971126276e-04 6.04987948302412e-04 1.86096628366223e-05 -2.02385969441596e-05 6.45250488165021e-05 -9.49282590362051e-06 6.75168470945386e-04 -3.78592905250635e-05 4.91281464698832e-05 1.08061628726159e-04 -1.36405660755095e-04 -1.11111953855963e-04 3.49419639020685e-05 2.53362798053016e-05 1.98622941369812e-05 -6.80221102049205e-05 -2.69458335406410e-05 -2.06725127927911e-05 2.15719916873957e-04 1.52746599622322e-04 -8.79506104945199e-03 9.32820164349148e-04 9.86058680939630e-04 -1.88192795279267e-04 -1.81443986161459e-04 -1.51117567484694e-02 4.73915507944602e-03 2.96482087838486e-03 4.00246954240420e-03 -1.11011031566739e-03 -5.19335472459719e-04 5.14329718072683e-04 -1.37850197469565e-05 8.80117826883253e-05 4.71969809742084e-05 5.48353254785590e-05 6.84891204327314e-04 1.32492642264846e-05 1.40273367531744e-04 6.74235049098400e-05 5.48313196707575e-05 1.11931854657185e-04 -4.82204705027901e-05 -3.67889769765966e-05 -3.34313716511519e-05 7.18448635026313e-05 -1.60846745047630e-05 1.58976819507729e-04 -3.83173756032092e-05 1.48961837265637e-05 1.62008348726802e-03 3.10457452108592e-04 -3.19640027984589e-05 -5.51736894162911e-05 -2.75973105462754e-05 -8.95249019087584e-04 5.31224715002607e-04 1.98737671222869e-03 6.09541475548461e-04 -4.32212675726834e-05 -8.00863832313421e-05 8.21804477078297e-05 -2.70642958848033e-05 -6.88709838181924e-06 9.30864946930201e-06 -2.32442213105299e-06 2.74347569609301e-04 -8.75894229835500e-05 -2.29874621728126e-05 1.88740664966633e-05 9.02632437678647e-05 4.57809003164040e-07 -1.36449341357640e-05 1.00236570258592e-05 -4.61732850135401e-06 1.92954070570007e-05 -1.61112079197045e-05 8.00863557868569e-05 1.29662392798282e-04 -1.22972990686491e-04 4.56659399413285e-03 1.31568750441221e-03 -4.80566005352817e-04 2.10206908774081e-04 7.83960959766781e-05 6.85572232246995e-03 1.51449714215410e-03 -8.37583913859288e-05 -2.44864899963150e-04 2.81530672705659e-04 2.02328220695124e-05 2.33993863899677e-04 -1.25475085535018e-05 1.13034778957354e-05 4.64039518000163e-05 -8.77151696502709e-05 3.21452929385043e-04 1.54873155809512e-05 -4.93565320198698e-05 6.71949850099296e-05 -2.87701876519723e-04 8.51028773670609e-05 1.02423780008802e-05 -5.73444279736226e-05 -1.99362000342959e-05 -2.16152067981711e-05 1.43745800252462e-05 -1.13570410478551e-04 -9.49517200048806e-05 -2.46535388456350e-03 4.37653271781897e-04 2.42848120781052e-04 -1.53121181171682e-05 -1.01069629732742e-05 6.50259092599679e-04 -8.70943753323806e-05 4.49520474770512e-05 8.74047748722504e-05 8.82821119009587e-06 2.17327198758083e-05 -9.12520029304696e-05 3.22945900515695e-06 -4.95179125463248e-04 1.91716309936127e-03 -4.08797912907907e-04 2.45440581520498e-04 4.97038097920553e-05 9.86004666072857e-06 6.06880125172104e-04 6.10114491874830e-05 -1.00188713610571e-04 5.87040848376964e-05 -1.76373582924431e-06 -8.76472314395817e-06 1.08841674502373e-04 7.19940100726233e-06 -3.26033915333810e-03 2.19088625520935e-02 -4.81413707771244e-03 -1.90527121484976e-04 -3.37448045988432e-04 -5.13964340126230e-05 -1.97627161901540e-05 -4.53423391321264e-04 -1.09905489749413e-04 8.49789773755296e-05 1.95342487766390e-05 -3.97842446084025e-05 1.87000386708203e-05 -6.22246188386685e-05 -1.60024690805166e-04 1.12381485185368e-03 -5.23512635291286e-04 6.31718793127683e-05 3.30306979015787e-05 -1.73498742651211e-05 1.81196745484495e-04 1.04819902316538e-04 1.31928525079034e-05 3.21811012592440e-05 -9.99109463144691e-06 -4.20721432651071e-06 -1.69948142706528e-05 -2.92727373051659e-05 2.60002637761529e-04 -4.18365068842189e-03 -1.37925957902333e-04 6.30222977453693e-05 8.53532179688091e-05 9.61681130842053e-06 3.61614962015107e-05 1.71101342995302e-04 2.50176178291831e-05 1.33532144701899e-05 -7.24455661225887e-06 4.91318565583653e-06 -1.09919340758501e-06 5.35648878754304e-05 -2.92529209201557e-06 6.78276747143926e-04 -2.76801330121789e-04 6.11169944003309e-05 1.59785687066259e-05 3.36401473704338e-06 1.91668496319567e-04 1.09082700949875e-04 7.18775998307595e-06 2.41240444007969e-05 1.20717632473801e-05 -4.42722423781226e-06 2.25222921091014e-05 -1.66596420774852e-05
 7.29169736214329e-05 -7.00484925308959e-06 1.10977269354787e-04 -1.01223625562193e-04 3.66481691865251e-04 -4.90464791942451e-04 2.46035986254040e-03 -3.95236546962581e-03 5.26350137755357e-03 -2.16753596017628e-02 6.96402840220926e-04 -8.01413932089449e-04 3.41678945216228e-03 1.86096628366223e-05 5.95511434231858e-04 9.07469734736304e-05 -7.29433195293803e-05 1.04515975711503e-04 -7.59084942586085e-05 2.66835406219541e-04 -1.40694459668621e-05 1.05385776794281e-04 6.78254488429575e-05 2.27396367936597e-05 -3.51944215519738e-06 -6.67302943224471e-06 9.34128865507524e-06 1.32599824885116e-05 -1.49790188140125e-05 1.11655470995768e-05 -5.77281544608423e-05 -2.60853674674228e-05 1.68078295480437e-03 -2.22357439035808e-04 -1.72698905473309e-04 5.55249060693093e-05 -2.82980042839599e-04 2.91797127787162e-03 -1.04436646949690e-03 2.77980939186726e-03 -6.20095491890540e-04 5.05591729802787e-05 5.70376914029258e-04 1.69037746262838e-05 3.82569418632183e-04 1.04748778523920e-04 -2.41014906584534e-04 6.08869735158698e-05 4.26990872195685e-05 7.48249725121856e-04 2.11131892383463e-04 -3.08459152557737e-04 8.34543650022609e-05 1.19676584949526e-05 1.03430038604121e-04 1.37446506915739e-05 1.02930107782303e-05 2.62640721850713e-05 -1.20323865228226e-04 3.54598809458200e-06 2.34681613761961e-06 -8.29852098053985e-06 -2.56788278251568e-04 -6.39092700729065e-05 -3.47348760509284e-07 2.26260051506147e-05 -1.36848110478086e-04 1.57832791755225e-03 -1.38587995816261e-03 1.02258879152261e-02 -1.09996132460561e-04 2.16353445022651e-05 3.11650723074980e-05 -2.83643755971416e-05 -9.57971371006569e-05 -2.15597459470825e-05 -5.50194370474348e-06 -1.43436822268091e-05 -9.00743219157349e-05 -2.32436791383386e-04 -5.71831064407188e-05 -6.20043446531746e-05 -4.85686997034926e-05 9.39316182471115e-06 2.00585165284259e-05 1.13158198969843e-05 -5.78963327715968e-06 4.72203889088833e-06 -5.03447844277133e-05 -2.30330419482014e-05 -4.37842510572066e-05 1.67908644206115e-05 -5.28691479337338e-04 3.96912897763471e-06 7.15697483678392e-05 -1.14954663576075e-05 1.81479944164520e-04 -6.27283074684423e-04 -5.28810841176446e-04 1.97029233275841e-03 8.21965360893635e-05 -5.17424459981617e-05 3.59321259134541e-05 -3.00755812541072e-05 -6.68124682977960e-07 -1.05377159281374e-06 3.70976690327767e-06 1.29987468378449e-05 -2.62512336725911e-05 -9.30941016601477e-05 -2.05600246104165e-05 -1.42480878992951e-05 2.98662765320502e-07 1.63319100567799e-06 5.57247395783982e-05 2.69176284379199e-06 -7.25201146011283e-06 1.67970130339310e-05 -1.23794762818170e-05 1.62731307630512e-05 2.39683143323722e-03 -2.16533334994916e-02 4.65651461273766e-03 9.62507510820116e-06 -3.30563920289871e-04 1.79033882035420e-04 3.52616173156614e-05 -5.46936002590355e-04 1.13666550554090e-04 4.26341474072170e-06 9.49378633936013e-05 1.58938892392798e-05 -8.67921079149925e-06 6.34034838349039e-05 -1.79583520011049e-03 1.84421600678502e-02 -3.81914023357222e-03 -7.24439740131541e-06 2.78340527453921e-04 1.85269462192819e-04 -1.25623805530745e-04 5.99924698526150e-04 2.34083197464136e-04 3.74862645554484e-06 1.09013615186127e-04 1.43103380513964e-05 -1.08115796618218e-05 -4.50554797489751e-05 6.06913670892696e-05 -1.28484976234841e-04 -9.33910629278439e-05 -4.54627079260778e-05 5.98223413469633e-05 -2.25356795614652e-04 -9.23991820716401e-05 1.12073912795308e-04 -4.81043371200763e-04 -4.41289543524641e-06 6.66769157725370e-05 6.91757188814601e-06 5.72028030614726e-05 3.06635568577552e-05 -5.96208890208876e-04 1.14267278329815e-03 -7.89048172713749e-04 -9.27119236111808e-06 3.85019651392194e-05 -1.85904886653077e-05 -6.95365865459752e-05 -9.63724594032196e-05 1.39867293630508e-04 1.48425607504695e-05 5.23533610774801e-06 1.85029677801664e-06 -1.33270452331653e-05 -1.46286288518030e-05 -4.48737197004307e-05 4.25735019092964e-04 5.97286046865294e-05 -7.18904682229168e-06 -1.35107340126763e-05 2.91741320374256e-05 -1.05163214536321e-05 -3.12159366496005e-05 6.76490904635534e-05 -2.36066112976333e-06 1.45426920662379e-06 -5.41081390816303e-07 1.61123861340019e-05 -5.57760795965194e-06 5.84096236663005e-04 -1.24171792281964e-03 7.53132530031533e-04 -1.29043363095670e-05 -3.73768337724354e-05 -2.25225282785862e-05 4.30608273384505e-05 6.18709068381094e-05 1.25569903521443e-04 -1.31512227199571e-05 5.56074217432712e-06 8.27593756301228e-06 -2.40740516451480e-05 1.50983807867604e-05
 -4.73182339871683e-04 4.54079267740328e-05 -5.76666293970932e-04 -4.88707915221030e-04 3.33333986249157e-04 1.63230486341468e-03 7.87711833173305e-04 -4.50024373479105e-04 -1.85913911410760e-02 -7.53023480677759e-03 -3.97121511724941e-04 2.38326928890248e-03 1.12493157830078e-03 -2.02385969441596e-05 9.07469734736304e-05 4.38598905181992e-04 7.00448608095005e-05 -2.79365445388682e-04 2.30037656854509e-04 -3.45413933349577e-05 3.05707826656454e-04 1.17878536517049e-04 -1.37157202555945e-04 -6.93237093424814e-05 2.03654727186639e-05 1.60309092950668e-05 1.26551332429839e-05 -4.65733341784609e-05 -1.71787060547489e-05 -2.80869932993165e-05 1.77510650923664e-04 1.58470839498723e-04 -7.31528498432421e-03 7.26837269701833e-05 1.67444198421978e-04 -7.94100986396656e-04 -2.18310925778149e-04 -5.77864717728976e-03 5.99123650276987e-03 2.91271678047446e-03 2.73731579260613e-03 -1.31828117412057e-03 -3.74526657748803e-04 1.29990497682415e-04 1.31646572289067e-04 1.12056762777730e-04 8.61212482842592e-06 -3.65252907531382e-04 2.36147973374500e-04 1.99375157520284e-04 1.27836411885022e-04 -9.99621751685986e-06 -1.46076333877023e-04 9.28892477064289e-05 2.19473073257106e-05 -4.13403515158977e-05 -2.64467209079955e-05 3.29594185452289e-05 -7.51841004838078e-06 -1.47520409828277e-04 6.43266645173247e-06 1.88700520095769e-05 2.38033938930886e-03 -3.49288194203299e-05 -1.56431292385607e-04 3.68312891054571e-05 -2.49447848996328e-05 1.98192898548849e-03 -3.83481622573620e-03 2.84653643116829e-03 3.20650718852451e-04 4.82740995336711e-06 -5.36635370084946e-05 2.53447484767955e-05 -2.67094335528251e-05 -3.45339429190583e-05 2.20926177396784e-06 -5.07619641469067e-05 1.93974831189447e-04 -9.82943022193588e-05 -1.73495017869637e-05 2.44366908655550e-05 -1.32030924061108e-04 4.96227356649008e-05 -1.21667982449016e-05 6.25967525071540e-06 -9.09521759678041e-06 2.14276299400049e-05 -1.31905940863599e-05 3.88059515953411e-05 1.33472380826398e-04 -1.30916466923925e-05 1.65119716136156e-04 1.37233580465864e-03 1.50185684439487e-04 -1.33858703733830e-04 1.64735912128943e-06 -1.39139070138797e-03 -3.93447640932478e-05 8.89299609006880e-04 4.85287519436295e-04 7.09237778722752e-04 -1.01001795209219e-05 -2.34523252601764e-05 4.23986201355086e-06 2.77486413613656e-05 1.64781382021703e-05 -6.13734726124848e-05 -1.72582272866264e-04 -1.49007464009443e-05 9.00574419208754e-05 1.52733091151287e-05 -6.81595962749199e-05 -3.33669381954195e-05 2.21040017365762e-05 -1.39778387980095e-05 -1.02826260376541e-05 2.41638186111280e-06 -7.39113111014930e-06 -2.55251278768993e-06 -1.33924671559014e-03 7.83825964655058e-03 -2.03765943566376e-03 -2.72548755693378e-05 -4.75472998019260e-05 -2.36645535276046e-04 2.52434263746075e-05 -3.28491209594340e-04 -3.27284211325168e-04 7.48586438488786e-06 -1.37328530382652e-05 7.55412566460154e-05 -1.35807888935301e-06 2.24999533000338e-05 -2.23504580711219e-03 1.70849073396547e-02 -3.97140391715487e-03 2.18317439372032e-05 1.94327061222406e-05 3.17583775257127e-04 6.55208972516531e-05 -1.58187948533880e-04 3.58521322632078e-04 1.09745139646697e-05 1.89158430669785e-05 8.35036116831857e-05 2.13224312484032e-05 8.86566656310100e-06 1.52922948073558e-03 -1.26991909811680e-02 3.54959612741005e-03 2.73119816948490e-04 7.63739214865300e-06 -7.99252481655449e-05 4.15697120962436e-04 -6.44966636826548e-07 -1.49405708635592e-04 -5.02403382639451e-05 2.76587676814311e-05 3.18178188687517e-05 1.80643469773753e-05 -8.52005463996986e-05 -3.86890311964089e-04 8.75152605726891e-04 -1.14839283563279e-04 -5.38076094323353e-06 9.74048929747722e-06 1.63065079887227e-06 -2.17230101971246e-05 -8.54114266891804e-05 1.28943330631667e-05 -4.33240523100620e-06 1.37453719384073e-05 -6.29488238342190e-07 7.39239511569895e-06 1.64280374036830e-06 -2.20824842850217e-04 1.00931545729238e-03 -9.02140757231475e-04 3.13289967857438e-05 -3.26072344892779e-05 3.15863848754975e-06 1.57016902299448e-05 -5.33134457333873e-06 2.49119437986101e-05 -1.08617989686600e-05 4.52163388983143e-06 -1.81657544853389e-05 1.05125534089013e-06 5.03697502976891e-06 -3.06762682167924e-05 -6.03918580400702e-05 4.01971826001987e-04 -1.20740722904353e-05 -1.68156187412646e-05 -1.70226240682823e-05 2.24120390474708e-06 -5.99019544833032e-05 4.29405219026799e-05 -1.25856196122675e-05 -1.16108908236666e-05 9.51283851761387e-07 -2.09369359477692e-05 4.34387641587160e-06
 -1.01590896041150e-04 1.47826735545681e-05 -4.50554173437567e-05 -2.69494012876906e-04 -2.09949770604325e-04 3.46677833660719e-04 -8.09394157257607e-05 3.39208245588081e-03 -4.14329476000517e-03 -4.71072595498889e-04 -5.75869789709322e-04 4.95983747583588e-04 1.33851232154231e-04 6.45250488165021e-05 -7.29433195293803e-05 7.00448608095005e-05 7.05126557550945e-05 -8.19791177786800e-05 1.38284207615509e-04 -4.77771567000317e-05 6.15737199541021e-05 1.38003813709338e-04 -6.12013334873999e-05 -2.93702976594882e-05 3.61783891573810e-05 -3.53674327966091e-06 2.10427374549171e-05 -9.70871604886889e-06 -1.90570366881703e-05 -5.09914860656678e-07 6.40636391806127e-05 6.46010315672429e-05 -3.02731296278317e-03 9.48138952400828e-05 1.74787350869451e-04 -3.07329568684800e-04 1.44903723334832e-04 -3.58457982360708e-03 3.24154823878284e-03 -4.08238493070248e-03 1.17039590208958e-03 -6.98972294287743e-04 2.10077733105264e-04 9.20608242493793e-05 -1.53692661429991e-04 -9.99248326433944e-06 4.34144933041172e-05 -1.11089487506891e-04 1.12323708802368e-04 -3.27102276445045e-04 -3.76384335443794e-05 4.68037534222041e-05 -7.31834444113732e-05 2.36871586332738e-05 -1.80005603441917e-05 -4.32704414384976e-05 3.28184639137593e-05 1.38261439583326e-05 6.05094743707984e-05 -1.34966809284910e-05 -8.45207022728618e-06 6.60600083644883e-06 9.28310298156578e-04 4.00182893515431e-07 -4.50516250085419e-05 3.66567962988641e-06 1.04677113581523e-04 3.41004551369901e-04 -3.53342525487221e-04 -6.27033386808763e-03 1.94412291121558e-04 4.79419332366180e-06 1.36394326804902e-04 2.00351214236576e-05 7.99765996102387e-05 6.66643164764667e-06 3.40049734782836e-06 -8.30856026169394e-06 7.98494632488863e-05 1.82078698461743e-04 3.24721524273282e-05 1.67583794994140e-05 -1.23563999518111e-06 8.10328010576257e-06 -7.62730992822453e-06 -7.46302874256642e-06 9.67667602912141e-06 3.73738458554619e-06 3.77453705647708e-05 1.95535380372328e-05 4.12178149768673e-05 -1.54712690835489e-05 6.01861591114513e-04 5.89773914441207e-04 6.88525214053167e-06 1.17506055742633e-05 3.75890883914548e-05 1.31606065695953e-04 3.19460643436377e-04 -1.52598733541794e-03 1.58676840461401e-04 2.13981930653792e-04 2.98954587116737e-04 2.21013555473167e-05 -1.09872109838826e-05 1.68277311449173e-05 -2.79390699818135e-05 -3.53249799389694e-05 7.41967300887740e-06 1.10865501279489e-05 4.02007699446664e-05 -9.29943614771428e-05 -6.89283282821577e-05 -3.06634699786746e-06 -3.09490462380853e-05 -6.87250828500389e-06 1.71555631657932e-05 -6.84369996698424e-07 -1.05502590257154e-05 -2.41307385571994e-05 -4.35485249403767e-04 3.62532959034963e-03 -6.80855855312470e-04 3.85935744695631e-05 8.16776014644202e-06 -6.90990975560643e-05 9.56446720137845e-05 -3.05680247451790e-05 -1.10469289709193e-04 1.83447025764131e-05 -1.17599330369497e-05 2.13958466272142e-05 -1.42116918225769e-05 1.94813122288675e-06 -5.07466444566827e-04 2.16565635535426e-03 -6.85949305952063e-04 2.96824375462436e-05 -7.41039722431685e-06 5.79624147812770e-05 1.08913685598841e-04 -8.56477566416742e-05 1.37681919620365e-05 5.37524251981435e-06 -5.86082222264840e-06 1.38056142581672e-05 1.83121057487475e-05 3.42866326089938e-06 -1.39493200541107e-04 2.37320385938616e-04 1.12600383789850e-04 3.53666399308472e-05 -4.94145362777919e-05 -6.19292431266544e-06 9.72705743464774e-05 -6.04903989703386e-05 -3.81229553985953e-05 -1.43923850096187e-06 -2.98729317578732e-07 -1.13089432943713e-06 1.07497356319397e-05 -2.87320046639050e-05 1.90289025360297e-04 -6.63694466658918e-04 3.57380240413063e-04 -6.84981436054796e-06 -2.49336643417970e-05 9.66825603515537e-06 7.86354570565340e-06 -1.78474283875197e-05 -4.06662248057090e-05 -5.83419227161616e-06 4.77719715084013e-06 2.99396326004466e-06 5.91321235615484e-06 5.47960817348856e-06 -4.83869001260777e-05 -1.71129465576020e-04 -3.09352024928687e-04 1.52962089490994e-05 7.59135569253873e-07 -1.88490290095046e-05 -3.53997235911711e-06 2.48991344613369e-05 -6.00115310387933e-05 -9.85880889897449e-08 5.51123383905926e-07 -1.16829513959031e-06 -1.48235903026678e-05 6.25436028270579e-06 -3.20963370642246e-04 1.21198403346358e-03 -4.35095775369038e-04 1.56321125748159e-05 2.72058324456793e-05 1.72733737176170e-05 1.54362630553903e-05 1.97713565952198e-05 -2.52058266513604e-05 6.72396281333437e-06 3.82291265017758e-06 -2.14413913369960e-06 3.88529485934786e-06 -8.70290739622842e-06
 6.77906739036495e-05 -3.61847541587789e-05 -1.10256002688252e-04 1.09545242213872e-03 -1.15019617472336e-04 -1.16975288506846e-03 1.69578621335506e-04 -3.54198363963996e-03 1.38304298332949e-02 -8.07601844813260e-04 7.35462808489236e-04 -1.67515162052993e-03 1.89063827748305e-04 -9.49282590362051e-06 1.04515975711503e-04 -2.79365445388682e-04 -8.19791177786800e-05 2.94321975128204e-04 -2.80149412016330e-04 1.00357910147901e-04 -2.54001872832350e-04 -8.40842296290329e-05 2.44893093836662e-04 7.50146448356904e-05 -1.11763927469746e-05 9.67665120915525e-06 -2.65462337768722e-06 5.35641969877655e-05 2.53565835699434e-05 -3.15651089767011e-05 -4.43670074391023e-05 -1.96003985691367e-04 6.72455630937553e-03 5.48106252855491e-04 6.44916604001312e-05 1.36387883935492e-03 1.40146733788725e-04 1.60849650507257e-03 -1.02217212857227e-02 -1.47739658733496e-03 -1.74900901805890e-03 2.87619622682135e-03 6.23702406630235e-04 -2.13305024843953e-04 1.64075188809971e-05 -3.15662617585949e-05 -1.02852997311982e-04 3.99960744891866e-04 -2.70503136815957e-04 1.11153158409305e-04 -6.90567895473274e-05 -9.69543273530269e-05 1.07841704496549e-04 -6.37313786910713e-05 7.00057943980837e-06 6.48337382061314e-05 2.59586810751914e-05 1.18690435575429e-06 -3.03045002811230e-05 1.50543351899361e-04 2.39664964831173e-05 2.83495078218012e-07 -3.47460783447299e-03 3.61449300554688e-04 2.39318771205236e-04 -1.41449989369667e-04 -5.59831844377705e-05 -7.45429534226245e-03 6.68752488998406e-03 2.34712579938401e-03 -3.93547502914644e-04 -2.87859932310390e-04 1.82133455790333e-05 3.13025205928695e-05 -3.57209919672177e-05 5.66680250754362e-05 3.67404032356483e-06 1.06824326397885e-04 4.09247481421486e-05 -5.73381161950268e-05 6.89826767440066e-05 -9.19426244642167e-06 2.12708701432974e-04 -7.24088745210891e-05 8.64973582114517e-06 -1.57346276322794e-05 -3.05122739534596e-07 -1.31010186937187e-05 -2.16760466194180e-05 1.70110995603546e-05 -1.56653798289816e-05 -3.44580284485839e-05 5.42966782799347e-04 -2.22287966771937e-03 -3.61708314098725e-04 -4.98078041940598e-05 5.66038396373765e-05 4.02762117383155e-03 7.36561677529811e-04 -2.13034284970483e-04 -9.15006888157637e-04 -9.96703333763253e-04 7.84257118749742e-06 9.29354657347936e-05 -5.89853522488034e-06 -6.37012883792566e-05 -9.07010091047306e-06 8.50153572612565e-05 2.48193948221101e-04 -2.07882002815481e-05 -1.36763934908825e-04 -1.32172874937466e-05 1.44510834291563e-04 6.41671204467283e-05 -1.13926753586262e-06 -5.90343897674319e-06 5.66152833311068e-06 -2.68281784048050e-05 -5.26567155256608e-07 2.04718500546028e-05 1.69661074591446e-03 -1.19332446245897e-02 2.62840215473051e-03 -1.46327093919843e-05 -5.61670085576187e-05 2.14015448672134e-04 -1.12606733563056e-04 9.44949256165527e-05 2.82473263379060e-04 -1.29502969486140e-05 2.95171759013906e-05 -5.47121843704519e-05 1.68039289957336e-05 6.57052477846631e-06 1.11530263004541e-03 -6.81880788072857e-03 1.52943977394131e-03 -5.15157951386842e-05 6.99119666463990e-05 -1.57903593788276e-04 -1.85453378089870e-04 3.04971309730089e-04 -1.79294418393852e-04 -7.41616663168324e-06 2.58759533401898e-05 -5.09251252704324e-05 -3.78788401017543e-05 -1.56731885328935e-05 -4.54631090975984e-04 6.19240634852275e-03 -1.78075007336315e-03 -1.53088629479041e-04 4.25918518896862e-05 -9.81189338164617e-06 -3.35543440888467e-04 6.32534353706867e-06 -3.27760224825899e-05 3.13786679904751e-05 9.94482059367567e-08 -1.69424025550368e-05 3.38662585861439e-06 6.32309787067233e-05 1.95122768263459e-04 -7.24079732500119e-04 -9.05710631829503e-06 4.07624523202650e-05 2.06186466763493e-06 4.65865045865836e-06 8.19094547260437e-05 4.98679606904360e-05 2.91202186288793e-05 2.21095164234696e-05 -6.03720492308153e-06 -6.17001639963995e-06 -2.85026904377907e-05 -3.83738157894019e-06 5.28688248342547e-04 -2.24201901006814e-03 1.43916546849598e-03 -3.29855615145616e-05 7.28340559939875e-05 1.44025441586533e-05 6.78667943679199e-05 4.53051345174442e-05 7.99446714834941e-07 1.53860888238147e-05 -4.90664244808648e-06 1.35919688424697e-05 4.55799812002285e-06 4.55161220572682e-06 2.89674441735547e-04 -7.99312112956569e-04 9.96882154749247e-05 4.05068289791211e-05 9.77035655038886e-07 -1.37966878249264e-05 9.73469851763740e-05 7.65378641346280e-05 -6.72415552885977e-06 1.52762244002507e-05 8.49268159992354e-06 -1.26244295078184e-05 2.50047280528275e-05 6.54181229485436e-06
 -6.28326123899138e-05 3.62434234263218e-04 -1.04583220015291e-02 -4.43588814020296e-04 -1.68234518363224e-03 3.59670034398936e-04 2.17416545293364e-04 2.81425573265536e-02 -9.38780885318301e-03 -3.41386780544668e-03 -3.77143140457887e-03 8.54061077166272e-04 3.57719729248130e-04 6.75168470945386e-04 -7.59084942586085e-05 2.30037656854509e-04 1.38284207615509e-04 -2.80149412016330e-04 1.18258294302983e-03 -1.62156518001319e-04 3.37826227870460e-04 1.92429722435731e-04 -3.16951953186557e-04 -2.96656233281055e-04 7.07432371707779e-05 8.08149784428902e-05 4.46952822459177e-05 -1.49392140938553e-04 -5.46634096296320e-05 -6.24128698757963e-07 1.00614918345623e-03 3.55314442679922e-04 -1.15681491615589e-02 -8.42364362715812e-04 1.47451799925703e-03 -2.46926976437121e-03 -5.35343870193562e-04 -2.14001437735782e-02 1.89887517945229e-02 6.45529304677956e-03 7.06771598603297e-03 -5.71471870216956e-03 -1.58856667934712e-03 9.76389422451352e-04 1.19817607841274e-05 6.35306680310209e-05 1.82110585346822e-04 -5.52657507920355e-04 1.19924300366884e-03 -6.08993064563330e-05 2.00464847970408e-04 1.79134175575833e-04 -4.11216970902936e-05 1.06835863259365e-04 -5.57510956025875e-05 -9.86309810413918e-05 -6.91698709403527e-05 7.41119483250078e-05 -1.50555912941337e-05 8.72769761624933e-05 -7.12581624654007e-04 -1.83349429520898e-05 6.55111320466604e-03 -7.10938270989684e-04 -2.83376568381510e-04 2.60871732567521e-04 3.46089842281925e-05 7.37330512255342e-03 -1.23277132312726e-02 -1.66127646887802e-05 1.20103838274778e-03 6.45184030832843e-04 -1.05906648786465e-04 6.79379996775356e-05 1.46652114208942e-05 -1.17744476008639e-04 7.67020396513373e-06 -2.03908100007732e-04 2.65842221071891e-04 -2.19896348244101e-05 -1.92407377977474e-04 3.74709834241480e-05 -3.67351413128732e-04 1.26922065671373e-04 -2.85394789682812e-05 4.52059165316530e-05 -2.84768846519456e-06 3.73368388716953e-05 8.64671441273452e-06 7.80163082753205e-05 -5.68967937154880e-04 -1.87829332375522e-04 7.42285857601496e-03 3.18006112558014e-03 -7.76457414645094e-04 8.37554461003482e-04 8.75794971131583e-05 9.22170173504382e-03 -4.23958923775467e-03 -2.93582958928198e-04 -3.05242984462288e-04 2.11486847147302e-03 6.15638284537748e-05 3.25340290220724e-04 -4.37201517271852e-05 1.67720859825475e-04 1.09906410885767e-04 -2.55821434237298e-04 2.15418599027562e-04 5.55543174495126e-06 1.60377705299482e-04 1.40494647396942e-04 -4.44054165984366e-04 5.89332231723905e-05 1.13325770794123e-05 -8.72855900458623e-05 -4.20578037483903e-05 -1.24263524944261e-06 1.98060023479162e-05 -1.56994080661224e-04 -7.97236980945795e-04 3.96368725385696e-03 -2.46488098670819e-04 2.95908647140909e-04 -5.32730688991064e-05 -1.15173559044716e-04 8.49051519936184e-04 -2.77775486312921e-04 -1.97748254973106e-04 1.17013017960019e-04 5.38839141452298e-06 7.59226227735895e-05 -1.23402122705233e-04 8.88934632785852e-06 -6.32530724922784e-04 3.50038385592362e-03 -1.65628876677780e-05 3.17674583114472e-04 -8.28639885095335e-05 3.36225046701687e-05 8.67815902499828e-04 -3.31554936792976e-04 2.59894735862056e-06 7.42549624922785e-05 -5.51681935560801e-05 2.51815529578761e-05 1.62430404289069e-04 3.17565809652884e-05 -2.36650735891372e-03 1.40275345905433e-02 -2.15120388920655e-03 3.41024946773064e-05 -3.44717863745751e-04 -4.54324687506380e-05 3.84474742434366e-04 -3.98439029110405e-04 -6.91891513988057e-05 4.41970491344060e-05 2.30281606253140e-05 -2.01730682194254e-05 1.52119785810271e-05 -1.39834006136231e-04 -1.03952160311986e-03 6.76713783089508e-03 -1.84419635768454e-03 8.17191369964220e-05 6.84698425242760e-05 -1.19062352359624e-04 2.61915755728190e-04 4.42333541111661e-05 -1.63213299236695e-04 3.52166845801120e-05 -2.19982734598265e-05 2.57090733893791e-05 -5.08381225332412e-06 -3.51715415643553e-05 5.10086353738025e-04 -9.57436403589729e-03 -2.03315166006032e-04 2.33409485683127e-05 8.53670235202028e-05 1.95129130411062e-05 -1.60106111816055e-04 2.82504368346108e-04 7.88028543042771e-05 3.54891081303094e-05 -1.18668144853053e-05 7.95440689894042e-06 4.37105150979738e-06 5.75896159715485e-05 -7.99645185762364e-04 5.20280887936990e-03 -1.37092478269756e-03 8.98230801144812e-05 8.65633785172343e-06 9.26186779735951e-05 2.79134689621223e-04 -4.96598968182581e-05 1.20161244625571e-04 2.82206368106953e-05 2.42555028084526e-06 2.93125880635585e-05 2.62033648502891e-05 -1.99429344362337e-05
 7.53050150410269e-05 -3.43194517835427e-05 8.88709914258003e-04 2.77515149174699e-04 1.97824344034108e-04 -4.67039267074721e-04 9.81667511662473e-04 -3.60738440434117e-03 5.94861167747013e-03 -9.13404835509327e-03 5.39293863439620e-04 -7.35731125474566e-04 1.41837191011187e-03 -3.78592905250635e-05 2.66835406219541e-04 -3.45413933349577e-05 -4.77771567000317e-05 1.00357910147901e-04 -1.62156518001319e-04 1.65705622995395e-04 -7.13089109707970e-05 2.61608696747260e-05 3.57638524129538e-05 4.57186107633830e-05 9.23274319521391e-07 -1.43599974520689e-05 8.76114606963286e-07 2.52613571915007e-05 4.00384891926197e-07 2.19655106141671e-05 -1.51848299578171e-04 -2.62791914569501e-05 7.40227467921734e-04 2.99452348218387e-04 -2.43616511597633e-04 3.39603631320365e-04 1.59938183051549e-05 4.34206428425653e-03 -2.20564081788879e-03 -5.48250865020534e-04 -1.40402279505740e-03 5.01374929066205e-04 3.84996306841260e-04 -1.20612152004511e-04 7.16040441842401e-05 4.85869406905190e-05 -1.70935720705629e-04 1.32959060942892e-04 -1.55672381275280e-04 1.58915212737979e-04 8.16913309893085e-05 -2.18848665302539e-04 6.41900992261737e-05 1.52444592789443e-05 6.39672548643917e-05 7.40143752652562e-06 1.47373934857090e-05 -1.57598082839036e-06 -2.33247631450970e-05 1.36312215810139e-05 -5.87748638634750e-05 -5.44936902135492e-06 -2.15210800815391e-03 1.96653792814718e-04 5.16045586306371e-05 -3.40339847412669e-05 -3.34331707914455e-05 -5.31486674458972e-04 1.31091516063143e-03 2.08452334271920e-03 -2.20659908133492e-04 -1.48490284815041e-04 2.85608591511002e-05 -2.14641073330007e-05 -2.00592098872454e-05 1.29524814811055e-05 -3.25659064640328e-06 2.67036692651868e-05 -8.80841858712434e-05 -3.82522919718799e-05 1.34334929322281e-05 -4.32144012662807e-05 5.00584302134502e-05 -1.66511550380268e-05 1.58439172935458e-05 -4.35278564886251e-06 3.55999855709253e-07 -5.23391728161215e-06 -1.07039492202092e-05 -2.20771638296472e-05 3.81944951066374e-04 2.98227186865820e-05 -9.15921974291811e-04 -4.29819499609786e-04 2.08416653897905e-04 -2.74856789724719e-05 -4.00778598878356e-04 -2.40844356067447e-03 2.42978549287793e-05 4.91606103349447e-03 2.27365874447815e-04 -2.50879034912882e-04 -6.34851198602465e-04 -9.12525326521122e-05 -9.63519755648640e-05 -4.03063242166202e-05 -3.26936649612685e-05 1.51194802203838e-05 -5.74435255998245e-05 -7.43088039319833e-05 -4.62665534721072e-05 -1.40954768039983e-05 8.65979192154382e-06 -5.36495708264079e-06 2.11574989259256e-05 1.15751631419543e-05 2.23787563447318e-07 1.23345555735334e-05 -2.34917111946171e-06 1.50783066644474e-05 1.48116417572559e-03 -1.17056993990902e-02 2.61946618639284e-03 -8.42911908285750e-06 -1.50183899529615e-04 1.28586506567810e-04 -4.88390760008655e-05 -1.62416235953315e-04 9.69827353010626e-05 -3.23715286664246e-06 4.30729532969907e-05 -8.33381255670355e-06 -1.05267672147218e-07 2.55255629419210e-05 -5.86876078068112e-04 6.05895047472238e-03 -1.35875807164582e-03 -2.70826106668768e-05 1.40593605991172e-04 4.26632788129311e-05 -1.14016664199325e-04 3.22833306146279e-04 2.13645314978689e-05 -7.08306394388942e-06 5.29493850170142e-05 -7.78043550379346e-06 -2.16351906447925e-05 -2.99935187182036e-05 -5.02355326331276e-05 9.03976015211341e-04 -5.13475390824821e-04 -6.98174168535188e-05 4.92789540804163e-05 -9.54674946963995e-05 -1.35860256029468e-04 7.67535694780611e-05 -2.13030709333926e-04 3.56275068196541e-06 2.47765746439930e-05 -1.19835372684432e-06 2.66696129502918e-05 3.88025340744683e-05 -4.84750526524967e-04 3.23781837071782e-03 -8.81022853164785e-04 -3.29545348446270e-05 6.83511531605119e-05 -1.99112152096827e-05 -9.03230111255778e-05 7.26168803169561e-05 6.61415555243644e-05 -3.95798607953868e-06 -1.37387166246212e-05 -6.06993491837621e-06 6.65091758613290e-07 -1.60949242856475e-05 -3.20722505158693e-04 2.69065369703748e-03 -2.94481375805905e-04 1.34410561835614e-05 -4.06530298457637e-05 4.67411009997572e-05 1.42036889168404e-05 -8.10009419704990e-05 1.01148564567279e-04 -1.15766438744875e-05 -9.57450445979040e-06 -5.38719501685861e-06 1.43193647786906e-05 -1.22381415933127e-05 6.93783833322706e-04 -4.66579356012373e-03 1.17342695735647e-03 -3.64891870388332e-05 -6.20823685270476e-05 -5.46770096388361e-05 -8.34077304171737e-05 -5.47692264558161e-05 -7.31807830149160e-06 -1.39752849811663e-05 -1.44475928873683e-05 -1.88131678653623e-06 -2.34118778461463e-05 1.27862897008342e-05
 -2.15250579354227e-04 9.04348956087653e-05 -1.73692108936768e-03 2.07280980006771e-05 9.50506521872713e-05 1.11291775942759e-03 1.95273332415885e-04 3.24279073304547e-03 -1.33965753482113e-02 -2.33226526475943e-03 -7.21143008730688e-04 1.83875144329639e-03 2.76048095847772e-04 4.91281464698832e-05 -1.40694459668621e-05 3.05707826656454e-04 6.15737199541021e-05 -2.54001872832350e-04 3.37826227870460e-04 -7.13089109707970e-05 2.87790754200278e-04 6.99335600643018e-05 -1.79317172546359e-04 -1.00511555724441e-04 1.77774464146996e-05 1.66924553701411e-05 7.78385235525250e-06 -6.26627880939650e-05 -1.91866178841693e-05 3.45115483484224e-06 9.04930895674690e-04 1.61114644292114e-04 -4.36654851297128e-03 -1.01936013979184e-03 1.86954961084737e-04 -1.60539773595649e-03 -2.90663626438666e-04 -4.70665725906604e-03 1.08161629963939e-02 3.87589094115366e-03 1.94839606586396e-03 -3.05848600373666e-03 -7.86524676349325e-04 1.33822543701037e-04 9.49012628119027e-05 1.21959257258747e-05 3.94263672853781e-05 -4.92016833955535e-04 2.10485269116095e-04 8.15173249657801e-05 4.91767277677120e-05 1.62070491158010e-05 -1.66465508997516e-04 1.64156740601247e-05 5.06566587683165e-06 -5.87791006008608e-05 -4.62871953054154e-05 2.03331843437734e-05 -1.35927594266693e-05 -7.13725424550520e-05 5.74369951132659e-04 3.30291883888431e-06 6.86881247257171e-03 -7.67953711037561e-04 -9.84674899594913e-05 1.89575667494429e-04 1.83008343610694e-06 1.22566816489559e-03 -8.07936209230873e-03 1.06948783857505e-03 2.60924806910813e-04 5.79217123664203e-04 -2.51206741697526e-05 2.34403490245714e-05 2.50432074808004e-06 -8.07429175384691e-05 2.57027273543476e-06 -1.40113640432066e-04 1.36202257095905e-04 -3.29894350612297e-05 -1.17035268751914e-04 2.04846609973376e-05 -2.78838352167869e-04 8.92415455835277e-05 -1.26975827843301e-05 2.72611705346230e-05 -1.63561631872419e-06 1.33077870768435e-05 2.51322848249686e-06 2.98488944220655e-05 -7.80513111117898e-05 3.36665901763087e-05 -4.79359751148294e-04 1.24778146032488e-03 -9.01377104238103e-05 1.62688051070326e-04 -1.74075953435079e-04 -9.87155214641571e-04 -2.65627411047225e-03 2.07711886302187e-03 3.46071332096826e-04 9.49579572318954e-04 -3.15217542854466e-04 -4.84873640311660e-06 -3.81517629234948e-05 7.59070115503036e-05 3.73505385852799e-05 -1.29981011673261e-04 -2.03954525923625e-04 -1.32607769223576e-05 1.48530240205735e-04 6.84229278652067e-05 -1.43233941217590e-04 -5.64423335156486e-05 2.07631093285747e-05 -1.31091510057749e-05 -2.07675098904670e-05 2.29350612426721e-05 3.89244859998745e-06 -3.42532378374464e-05 -1.24897291022053e-03 8.08707139186709e-03 -1.83128113313093e-03 1.44811112411008e-05 2.07715852890613e-06 -1.81402544197733e-04 1.01674240290076e-04 -1.82138473383562e-04 -2.53972017202456e-04 1.68755482635430e-05 -1.70624910560800e-05 5.84053090153472e-05 -1.84726032259669e-05 5.27577010267893e-06 -1.26987521650631e-03 8.88730744230564e-03 -1.94755533996931e-03 5.52941907158274e-05 -3.77194083956396e-05 1.75157942542702e-04 1.60273437359021e-04 -2.42067675587636e-04 1.98791700481443e-04 1.31473061373787e-05 -1.35080712284226e-05 5.55932039678677e-05 3.76700383046508e-05 1.30092263373548e-05 6.13349256710180e-04 -6.78719713362173e-03 1.83599527899255e-03 1.72906001386771e-04 -3.93085193634359e-05 -2.60774000480241e-05 3.54889633623334e-04 -1.60456328945970e-05 -3.22172035686487e-05 -3.07024569563677e-05 1.16446195759702e-05 1.78648972433292e-05 2.98846539834216e-06 -6.69267935827362e-05 -6.05232567261102e-04 3.62403421728639e-03 -6.50745198583829e-04 -1.10492815514398e-05 2.72898458877293e-05 -3.93167152513591e-05 -2.32001595870943e-05 -3.86816147593243e-05 -6.47620599722335e-05 -5.10755109496289e-06 -1.39390032455699e-07 1.05940736439455e-05 1.69654947375764e-05 -4.55234548975764e-06 -8.36612948581173e-05 -1.28152993725540e-03 -3.64721182001293e-04 -1.10980629541687e-06 -2.18151436675340e-05 2.17416822315369e-05 -9.33661130409709e-05 4.34450082362935e-05 7.85218565748188e-05 4.20170113358347e-06 -3.69361561819617e-06 -8.57074234026940e-06 9.09600692759971e-06 -1.05558447885023e-06 -9.25503132670186e-05 -3.27281197678032e-05 3.06551339601358e-04 -1.89600817254795e-05 -4.54305562320732e-05 1.64680312307249e-07 -3.13278388671480e-05 -1.55445136279940e-04 5.02657711079579e-05 -1.00357189040747e-05 -2.26074732794429e-05 1.49407980582981e-05 -1.96818204196054e-05 3.19727699793085e-06
 -6.95274918483853e-06 6.22291767170667e-05 -1.34751151950348e-03 1.70928662094184e-07 -1.65280254922714e-04 2.42770787422793e-04 9.21777553590907e-04 3.98449543526488e-03 -3.18039125946767e-03 -1.13200034229581e-02 -5.95853078275932e-04 3.67156125392302e-04 2.04388885770291e-03 1.08061628726159e-04 1.05385776794281e-04 1.17878536517049e-04 1.38003813709338e-04 -8.40842296290329e-05 1.92429722435731e-04 2.61608696747260e-05 6.99335600643018e-05 4.45439616351752e-04 -7.58791328868348e-05 -4.56356974072647e-05 9.78958363677456e-05 -1.47281860855697e-05 6.86782116285841e-05 2.82363469134135e-06 -6.00613565824304e-05 1.98502083991064e-05 4.14744487195784e-04 1.07005853289362e-04 -3.60472006758506e-03 -2.70184988044654e-04 2.52666098147352e-04 -8.39914329429544e-04 3.39818326840411e-04 -4.92658464744097e-03 7.75261950350416e-03 -1.24228408751075e-02 1.44208451904948e-03 -1.95920002704456e-03 1.25304406633095e-03 1.11259244404791e-04 -2.50627716592518e-04 -3.26423026274977e-05 -1.01337914314530e-05 -2.31696704134934e-04 1.13596381780424e-04 -5.81158098401352e-04 -5.69914666266052e-05 -3.44832396083544e-05 -1.32055256850360e-04 1.35602696390087e-05 -1.57777065144710e-06 -1.07343189314274e-04 1.26660826064074e-04 3.54771055291260e-05 1.07288055868005e-04 3.83607665287167e-06 7.91549550644918e-06 5.51587741128148e-07 2.37795355337186e-03 -2.53920772028918e-04 -3.10453245478350e-05 6.25968093405788e-05 2.50456861541090e-04 -4.24470373015691e-04 -2.07916507755312e-03 -1.40926489231388e-02 2.48202737474682e-04 1.50629136776122e-04 5.11378519254473e-04 3.50195276546387e-05 2.05636394484683e-04 7.55150847389243e-06 6.59315516220840e-06 -3.97037307829689e-05 1.14635598810556e-04 4.72963883837748e-04 4.89328830763027e-05 1.09572122220990e-05 -5.34030502415333e-05 2.58243459272790e-05 -7.81505228669144e-06 -1.48561528918658e-05 3.27744173430438e-05 1.95978814839583e-06 9.34026300785505e-05 2.89110269262976e-05 1.59330356871671e-04 -7.65424565681418e-07 4.71964387553676e-04 7.90264301125343e-04 4.31424262067757e-05 5.59057090559524e-05 4.30196378091145e-04 -1.02816083014460e-03 -2.52741780744695e-07 -5.72519245437528e-03 3.85675960723692e-04 2.86487102337896e-04 1.25255779911868e-03 2.57246805470376e-05 1.02874620001651e-05 6.07590171586745e-05 -9.02285093042635e-05 -8.01438690563175e-05 -4.76408050081925e-06 -2.47704877337383e-06 1.13919002713084e-04 -3.27819332263314e-04 -1.51583641074540e-04 -1.83801093922092e-05 -7.31582725054553e-05 -7.97695572264395e-06 5.58121860933128e-05 1.62762220909810e-05 -4.30723692310343e-05 -5.40547248544642e-05 7.40331848560682e-04 -5.25116193675571e-03 1.62124489555976e-03 9.34469008769556e-05 -1.68477416653172e-04 -2.82392025824280e-06 1.91721124001957e-04 -3.17133025706544e-04 -1.46909711173196e-04 4.11103098027409e-05 2.87887823102691e-05 4.52135960194724e-05 -3.16065571148876e-05 3.62969598150209e-05 -1.62500816187349e-03 1.08657710558141e-02 -2.72661298593529e-03 3.30290471665004e-05 1.25885022802048e-04 1.61171984338923e-04 1.16233325098181e-04 1.52427345152171e-04 7.61175747288501e-05 5.55178192241659e-06 4.12730931106066e-05 2.20541546230584e-05 2.49473231897154e-05 -2.09556791334829e-05 -2.64246006992419e-04 6.71020415992067e-04 -5.71848353630547e-05 2.67585306874648e-05 -5.06268772937498e-05 -1.19330370878077e-04 1.14476428877248e-04 -2.22234871412625e-05 -3.41532407427015e-04 -6.17502509567061e-06 2.69133739576069e-05 -2.69991025770184e-06 5.83662398533098e-05 -2.71954702816583e-05 5.20983461022676e-04 -3.11374359859451e-03 1.07727151192377e-03 -4.04556124722791e-05 -9.35619238586069e-05 2.73184240472132e-05 -6.52481885263443e-05 -1.67002071550361e-04 -5.71458531253269e-05 -1.27299984066872e-05 2.38918592294656e-05 1.64848348699915e-05 1.39639666553055e-05 1.91114746703208e-05 -1.40865516244703e-04 -2.89310270483530e-04 -4.17064580210218e-04 1.13597788538842e-05 -4.54179853242357e-06 -6.16470908212538e-05 -5.92137913645113e-05 5.59553651929140e-05 -1.95014062927053e-04 5.96944310075002e-06 6.80885626351010e-06 6.10813729988423e-06 -4.00349253698791e-05 3.04213924759680e-06 -8.45453951802568e-04 4.91141991099114e-03 -1.36961693185399e-03 3.40151548290669e-05 8.32462126593132e-05 6.91209853011278e-05 3.95135680112157e-05 1.27917340828606e-04 1.74121073055155e-05 1.47460420340308e-05 2.33523274609561e-05 4.11745859903428e-06 1.04127808898214e-06 -1.97237283015484e-05
 -1.50830879509387e-04 -4.54943055761417e-05 -5.16487282833690e-04 -5.69989160504099e-04 5.08906786224030e-04 -4.34304822814892e-04 1.23261543468604e-04 -9.08812807445826e-03 4.25970919905108e-03 -1.00181479917439e-03 1.72590446680345e-03 -8.79490060588653e-04 1.05062541443694e-04 -1.36405660755095e-04 6.78254488429575e-05 -1.37157202555945e-04 -6.12013334873999e-05 2.44893093836662e-04 -3.16951953186557e-04 3.57638524129538e-05 -1.79317172546359e-04 -7.58791328868348e-05 4.68649088978298e-04 7.25168289368439e-05 4.33335995916930e-06 1.41944418487896e-05 -1.20816791819724e-06 6.72903290796981e-05 3.58902723411956e-05 -1.14163954459835e-04 -1.18398733250844e-03 -3.55279230224421e-04 1.37454536966322e-02 -3.87410761394401e-04 2.49476586026044e-04 1.71804848613810e-03 2.07477772933109e-04 -3.24617698950622e-03 -1.54148184376861e-02 -2.64745518493358e-03 3.72457724949834e-04 4.73047014465695e-03 7.30019617827883e-04 6.24721291571053e-06 -9.34843740296772e-06 -1.24828347460577e-04 -7.29478052074279e-05 2.76850765338354e-04 2.14526609748220e-05 6.68893842964070e-05 -2.52388158622221e-04 -5.40481807298348e-05 -5.06801155860904e-05 -1.70796119638659e-04 2.40710946148225e-05 9.38891706807529e-05 3.85584255755963e-05 2.52726741206334e-05 -1.42799867480275e-05 8.32779300408217e-05 -8.53439368041516e-05 1.36654834907165e-05 -1.51704502254943e-03 7.88736855264186e-05 9.66755632055912e-05 -1.59121282594440e-04 -2.14702016340742e-05 -3.98907103277136e-03 8.17052039483066e-03 8.07394629291073e-04 -4.69879658175884e-05 -2.14959284115022e-04 1.79757486156024e-05 3.72862140842544e-05 -2.49466152741276e-05 7.12968021514782e-05 4.28410269945139e-06 1.28883698644652e-04 1.12659237249432e-04 -2.84740323945862e-05 1.17758945088043e-04 1.18214387821346e-05 1.90435918409917e-04 -8.09851094911454e-05 2.58926553707826e-06 -2.63214928063391e-05 -4.67937140381761e-06 -4.88591852311243e-07 -1.63260526995152e-05 3.22063252596409e-05 -2.57899610285097e-03 -9.44679026257679e-05 1.06920665996514e-03 -1.69238331750667e-03 -1.12604300850869e-03 -7.68632518579324e-05 1.19806624257206e-04 1.45176905166178e-02 1.73823345538344e-04 -1.57361935377232e-03 -2.43206160843701e-03 -6.57753589350288e-04 2.48077313419513e-04 3.32345599833180e-04 -3.69425371370165e-05 -8.05290264481828e-05 4.91573455285687e-06 1.56438260067333e-04 4.95413907541749e-04 -5.88123337617999e-05 -1.55597526953157e-04 -2.62160847600293e-05 3.81019609680434e-04 1.05807513810746e-04 -1.45104400473168e-05 -1.15274264350767e-05 1.93695955515162e-05 -7.50273395860065e-05 -9.46959133486467e-06 7.96071259652648e-05 9.45389461808112e-04 -5.91343212532252e-03 1.24605679598401e-03 -9.37658070557184e-05 -4.54440783437511e-05 9.73205645891440e-05 -2.87241856584769e-04 1.12968091626872e-05 9.97853685149153e-05 -3.23233335862921e-05 1.37234739045735e-05 -3.19908836919449e-05 4.75476108670200e-05 2.44840006547030e-05 4.33867175959511e-04 -1.87039621567086e-03 2.75540600199021e-04 -1.13233642828963e-04 3.85968349562436e-05 -3.93479068122365e-05 -3.15565876242065e-04 1.37749563062697e-04 -1.76175744787662e-05 -1.81020219638875e-05 2.00143170224527e-05 -1.63433558712403e-05 -6.67658813735289e-05 2.52554675541932e-06 1.13076523753395e-03 -4.20439844210735e-03 1.58959890826433e-03 5.13002724308812e-05 1.26041672491765e-04 -1.36815379449413e-05 -1.69094033766180e-04 7.95689667624381e-05 -2.93031185820417e-05 -1.47244853389483e-05 2.52973348929568e-06 6.56327367239441e-06 4.38228985204809e-06 2.09055891674096e-05 3.25436205321348e-04 -1.00855656258576e-03 7.30257882771546e-05 1.62373617097029e-04 -7.98054139991041e-06 2.61697330928838e-06 4.09395938467951e-04 3.95295858963221e-05 -4.21604352174832e-05 5.56881494753591e-05 -8.39186853983262e-06 -5.09951969176842e-06 -7.70277631507373e-05 1.97053595772486e-06 2.06610573677083e-03 -1.11772910815644e-02 3.43210544058056e-03 -1.17965088815748e-04 2.11902032906962e-04 3.65409260092169e-05 1.38097715238016e-04 1.90159596044160e-04 -4.16037235248453e-06 4.13261892520272e-05 -1.03934208514371e-05 1.74881410864865e-05 3.17210030498662e-06 2.70182828328854e-05 2.85786671666262e-04 -7.30180322001712e-04 2.98435963433350e-05 1.64513060359790e-04 4.22061357500894e-06 -2.98725957120853e-05 4.29532515127992e-04 6.25087868359636e-05 -2.64379234607366e-05 4.21205537839271e-05 7.67325543399179e-06 -3.10844218849020e-05 7.77131745438388e-05 1.85390699027485e-05
 7.44779803426788e-04 -2.73309051585416e-04 9.37422649353845e-03 -9.90736197504155e-04 9.04236620305697e-05 -9.83365866703764e-05 1.28963383347836e-05 -4.91741910120260e-03 2.98063018165420e-03 4.00518528209008e-04 5.63411271022574e-04 -2.28663113801347e-04 6.86754687010481e-06 -1.11111953855963e-04 2.27396367936597e-05 -6.93237093424814e-05 -2.93702976594882e-05 7.50146448356904e-05 -2.96656233281055e-04 4.57186107633830e-05 -1.00511555724441e-04 -4.56356974072647e-05 7.25168289368439e-05 1.17557177787112e-04 -2.74630238737450e-05 -5.96227412534641e-05 -2.54574512383320e-05 4.57444275675886e-05 1.23648119732054e-05 -5.70771750979565e-06 -7.42923435039436e-04 -8.86774359100895e-05 2.16340948835964e-03 1.98292071620812e-04 -5.19360915954639e-04 9.14237617098649e-04 1.90330796253725e-04 6.08975349064681e-03 -6.02743228127746e-03 -1.95724270355650e-03 -2.22276901163869e-03 1.93640240040391e-03 5.15216058524783e-04 -2.79173022279622e-04 -1.24349293860045e-05 -5.12103808361049e-06 -5.94282166863218e-05 2.02339502854824e-04 -3.14047379261197e-04 7.11277876412278e-06 -3.33548802170363e-05 -5.15357112780651e-05 1.86451196005399e-05 -7.90672593344718e-06 8.44873732182160e-06 2.44552665226110e-05 1.55414119410300e-05 -1.01033281698052e-05 6.35419231019350e-06 3.11962112025660e-07 8.09234907538526e-05 1.08313834159006e-05 -2.95012682907391e-03 3.94285897504444e-04 9.62970945173645e-05 -9.05311068554976e-05 -1.30836525688776e-05 -2.44741840761162e-03 4.35474721749709e-03 1.05643010184514e-04 -3.36816148607248e-04 -3.09367997796028e-04 1.54853179787544e-05 -1.75893858989328e-05 -7.99308257517493e-06 4.25554971076236e-05 -2.03005754473580e-06 7.52304106614161e-05 -7.93293849886252e-05 -1.85364044705291e-06 7.24776194186506e-05 -1.40483385910786e-05 1.53329653631309e-04 -4.64022554875603e-05 9.40177864062522e-06 -1.66542440646770e-05 2.90416933357226e-07 -1.23609779086260e-05 -4.86524140845192e-06 -2.19122733293965e-05 4.11459871666893e-05 7.21266628611542e-05 -2.74237450858135e-03 -6.53692068010377e-04 1.82261951538680e-04 -1.79362758273591e-04 -3.84047188199219e-05 -2.01043431209548e-03 5.85515103118670e-04 2.00537685162785e-04 1.22655830141629e-04 -5.09662182818558e-04 -4.43621208591844e-05 -7.52096755662153e-05 2.02425269483938e-06 -3.23144507153153e-05 -2.64624340520551e-05 6.10661896060790e-05 -4.18829848424452e-05 -2.49372657122264e-06 -4.70567659419875e-05 -3.46736238365296e-05 9.15648308215837e-05 -2.11057743282266e-05 -1.35504682586724e-06 2.88787864345403e-05 1.35035355969408e-05 -4.32326286238058e-07 -5.62018454643141e-06 4.34746818119912e-05 -3.30300281156677e-04 1.20967167286761e-03 -7.80951672076725e-04 -6.18004683720598e-05 6.27982593911479e-05 -1.82797378747538e-05 -1.73487533882633e-04 1.03219770488465e-04 3.68348359788435e-05 -2.59000091647486e-05 -9.97094575319854e-06 -1.84787967169998e-05 2.50639091651866e-05 -5.89425313067525e-06 -4.32732876461711e-04 1.88547016864455e-03 -9.64219907582395e-04 -5.78702630808805e-05 6.58514368131320e-05 5.38827350338492e-05 -1.78506896972207e-04 1.29806181263798e-04 2.00570417087292e-05 -1.53829336219716e-05 2.51772100898713e-05 -2.92193444448707e-06 -3.48012858165917e-05 -1.02460488658039e-05 -2.88998929101246e-04 1.52646775356633e-03 -9.79949795610977e-04 -9.35332402682044e-05 1.23244532145077e-05 6.64429570269780e-06 -1.50765173419976e-04 1.46634687104699e-05 2.28006177040898e-06 7.79223841061381e-06 -4.72593703766601e-06 -5.32492178396430e-06 -2.19178442979113e-06 3.80399167654042e-05 2.60070074887043e-04 -1.57124670463764e-03 4.62516304350271e-04 -1.64978476989946e-05 -2.03565673177449e-05 2.82665043856861e-05 -6.26246955693615e-05 -6.48435167283912e-06 4.76320595494434e-05 -8.81403903630906e-06 4.54267707598560e-06 -7.48253416125170e-06 -7.29403843667752e-07 9.07796757641151e-06 7.06684315502061e-05 1.50379441975683e-03 3.72680865266379e-04 -2.18925317819545e-05 -1.19685752595267e-05 1.85021002405217e-07 4.40124803513046e-05 -8.20103990213755e-05 -1.72287828736522e-05 -9.54556312525678e-06 2.76361295242820e-06 -1.61002320971902e-06 -2.86239266397033e-07 -1.88209266802126e-05 2.46491326388245e-04 -1.56254121777826e-03 4.28950941466281e-04 -1.84406239662050e-05 -1.06545848352957e-05 -2.73324050642642e-05 -6.83754649066604e-05 1.08262371842053e-05 -3.79223785782220e-05 -7.49693927604271e-06 -8.44275225161211e-07 -8.76519831655148e-06 -5.73733735541134e-06 6.72721098644972e-06
 -1.56812208104968e-04 7.46842762989194e-05 -2.60148172866580e-03 3.58224713473995e-04 -5.27700664374741e-05 5.01981822640693e-05 8.01679208392487e-05 1.22555936203905e-03 -9.34238289937885e-04 -1.89369495918782e-03 -1.67070818779381e-04 7.88311396510103e-05 3.09997408336618e-04 3.49419639020685e-05 -3.51944215519738e-06 2.03654727186639e-05 3.61783891573810e-05 -1.11763927469746e-05 7.07432371707779e-05 9.23274319521391e-07 1.77774464146996e-05 9.78958363677456e-05 4.33335995916930e-06 -2.74630238737450e-05 3.51881855214080e-05 1.25677273633875e-05 2.17895545557766e-05 -1.05430997623137e-06 -9.71532534141462e-06 -4.22539113608721e-06 2.57792930259576e-04 1.63494748038804e-05 -8.07196902631314e-04 1.24033214967938e-04 2.12861805589113e-04 -1.40531171832115e-04 1.16051511004010e-04 -2.90179627055588e-03 1.33718417521444e-03 -3.27593825006636e-03 8.02796008747927e-04 -2.64348377543273e-04 2.02054670549024e-04 6.09064165784143e-05 -1.20113683939607e-04 -1.52615699662970e-05 -1.27266870729949e-05 -5.65739358816043e-05 6.22121282446863e-05 -2.46456194340931e-04 -4.43657653582708e-05 -2.50543181800099e-05 -5.26682909584611e-05 -7.89235375984073e-07 3.48463721348628e-06 -2.49288541866383e-05 2.88697280637289e-05 1.10341810612974e-05 4.26056026492594e-05 1.39961768257930e-05 -8.05583343923738e-06 2.51782993503468e-06 7.15257084220340e-04 -4.08206746873924e-05 -3.50907699135189e-06 -7.39255644770988e-06 7.60746483804511e-05 -7.49513998287812e-04 2.57059853792399e-04 -4.70157503734836e-03 1.03781249240495e-04 2.19251617232941e-05 1.10360205710122e-04 2.14371238633682e-05 5.94796932540028e-05 8.95435427994872e-06 3.23352564098621e-06 4.35768638389070e-07 7.37768342598607e-05 1.39042309003353e-04 2.81961102444624e-05 6.43456793616520e-06 5.34184554338145e-06 1.11385138337695e-06 -3.24390361847609e-06 -6.66259046146961e-06 7.59473292952055e-06 2.02438087203816e-06 2.77056579524055e-05 1.94532883765383e-05 -5.32913835223729e-05 -2.62690832655993e-05 8.52150747561161e-04 5.71268679578558e-05 -1.12237394861135e-04 5.20128881842953e-05 -1.62730038197267e-04 1.28282068974695e-03 -9.85213292141951e-05 7.42972463909019e-04 -1.30490883551113e-04 8.81662805350119e-05 -5.85359772505413e-05 3.74170646631479e-05 -5.92282185412964e-05 -3.83779745050610e-06 -2.66106965062191e-05 -2.32896558079372e-05 4.67667906465925e-05 -2.16726125386140e-05 8.74905710705739e-06 -6.31612813087067e-05 -2.49158386720377e-05 1.16281203160857e-05 -2.05668415948883e-05 -9.55163672473666e-06 1.12720877196926e-05 -4.71454097666188e-06 -6.56475949023783e-06 -1.55967211723191e-05 3.23073658055650e-04 -1.37124932609582e-03 5.66004711842087e-04 2.56475222087356e-05 -4.57099477925093e-05 1.02064550684181e-05 4.40238830111040e-05 -5.04943202331096e-05 -3.95197369711236e-05 1.35188158411168e-05 4.20899372214594e-06 9.32739141565377e-06 -9.21826371016681e-06 9.48354434902785e-06 -1.73050630652808e-04 8.64031763951649e-04 -2.38101259861992e-04 8.43619365599132e-06 8.91756493215264e-06 1.07055438872377e-05 4.16021191343883e-05 -6.66475720902907e-06 -2.48084466950370e-05 1.67299852397961e-06 1.38029353099892e-06 2.12208351938606e-06 4.51883830895420e-06 -2.75186990831234e-06 1.31035320996699e-04 -5.50655440297773e-04 3.37922851714619e-04 3.18394906921948e-05 -3.25307721955360e-06 -2.20128689172166e-05 3.70980966757225e-05 -1.09967685535697e-05 -6.57745453172847e-05 -3.09776672759919e-06 3.89469230195021e-06 3.18172644112493e-08 1.33694275108877e-05 -1.26203750926784e-05 -6.65955435194960e-05 1.38899501619267e-03 -2.01503449183185e-04 3.75771702381140e-06 1.35365097633373e-05 -1.04456694550014e-05 3.42812594002135e-05 3.74540088813766e-05 -4.02696613300106e-05 1.10822389990206e-06 -6.07169328580357e-06 1.45147292338029e-06 -2.20294771922825e-06 -3.62086657493878e-06 6.56296613581633e-05 -8.16071531569546e-04 3.19842879554596e-05 5.80665184589194e-06 1.30476338574957e-05 1.00634257431457e-05 3.37351984591147e-06 3.23527218808600e-05 2.58676921571266e-06 3.93208757305156e-06 -6.61952947584051e-06 -1.94419677463886e-08 -4.86544330145230e-06 6.39349326044858e-06 -2.50240212573473e-05 -7.28533589118984e-04 1.78325584118648e-05 1.96113685317265e-05 -3.78674289830346e-06 -4.47273301004857e-06 3.25068285331583e-05 -2.30130970320184e-05 -2.63724350201829e-05 7.00505188819303e-06 -4.60718990900224e-06 -3.80766171417250e-06 5.52805507378659e-06 -1.30830637188652e-06
 -4.00601666493430e-05 2.17722362665185e-04 -7.95928628328269e-03 1.52853499177871e-03 2.87918457900480e-05 1.60558856709481e-06 -2.49830056695124e-05 5.60162430279309e-04 -6.90361953006120e-04 3.15357984080147e-04 -9.45777838514383e-05 5.58805840515516e-05 -7.81958292426318e-05 2.53362798053016e-05 -6.67302943224471e-06 1.60309092950668e-05 -3.53674327966091e-06 9.67665120915525e-06 8.08149784428902e-05 -1.43599974520689e-05 1.66924553701411e-05 -1.47281860855697e-05 1.41944418487896e-05 -5.96227412534641e-05 1.25677273633875e-05 5.97954735929999e-05 1.78157420147690e-05 -1.62532657520420e-05 5.63107188663691e-06 -1.39146204100095e-05 9.86022971335509e-05 1.78484928809864e-05 -2.07219894798887e-03 8.68271162399514e-04 3.65760911738452e-04 -2.46776499255452e-05 -8.76235340976468e-05 -3.83619475269141e-03 7.84293813174014e-05 1.53339920624374e-03 1.11534446530283e-03 2.58886956990954e-05 -2.00049139620379e-04 6.89388723980910e-05 2.27420135692959e-05 4.31834404219949e-05 2.17306300982594e-05 -9.06740165872537e-06 7.97014051033973e-05 6.41670691560956e-05 1.95019783833685e-05 2.18078492962208e-05 -3.44335564207095e-06 2.61174417152596e-05 -8.59217973959829e-06 8.39922386637420e-06 -9.54323242912615e-06 5.50144967791206e-06 -9.79479285703759e-06 1.62055121417802e-05 1.01191196711607e-05 5.17727238978530e-06 6.77781967433756e-04 7.99028695173037e-05 1.02256164560953e-05 -5.90907122840764e-05 -3.14508460117520e-05 -1.51138349250773e-03 8.12070096182481e-04 1.71311146580021e-03 7.32493269404027e-05 -3.74874409784440e-05 -4.83189564397971e-05 2.88071321358581e-05 -2.42861662289378e-05 2.34305738109242e-06 3.18615315326310e-06 1.09945019733424e-05 1.11950466845419e-04 -6.25778310302155e-05 6.61831728920465e-06 1.62377044938667e-05 1.57984415739103e-05 -1.05201483624038e-06 -6.06447551288338e-06 7.15039597557077e-07 -4.79874273665480e-06 6.26919165192047e-06 -1.20756875835573e-05 2.88101351861901e-05 -8.24621918301484e-05 -3.09014459866224e-05 8.72198627708169e-04 -1.26112371779297e-04 -1.15673618124276e-04 -5.79349467253361e-06 4.76611336550859e-05 1.43533910957616e-03 5.64482484479994e-04 -1.95059042415559e-04 -1.79280233059766e-04 -6.69054891607857e-05 9.02224587072284e-06 4.88584820374286e-05 1.30041825121730e-05 -1.11457591152371e-05 1.48932170840057e-05 -3.31679760953110e-06 6.58773439885834e-05 6.00132055659585e-06 -1.94111134782843e-05 2.84615875909276e-05 -2.49565679700287e-06 2.66835434328927e-05 5.69022616842040e-06 -1.36169910983453e-05 -7.37381113160835e-06 -1.00080265267726e-05 5.04260584507279e-06 -1.62543706540764e-05 5.44080505575206e-04 -2.58840606766992e-03 8.67663598051899e-04 1.23355100038442e-05 -4.93149656165486e-05 4.66895824052227e-05 2.93762393007313e-05 -3.79237501456391e-05 3.39413235548048e-05 7.27842219724903e-06 7.37505716835932e-06 -1.13474773268344e-07 -2.04084776803434e-06 3.87173775528837e-06 6.70740143069530e-04 -3.17932772864437e-03 1.07834168446583e-03 6.96973801759551e-06 -4.92696063555707e-05 -6.94865654028367e-05 2.56944534829169e-05 -4.66473441269973e-05 -3.77305861262892e-05 7.22137930147007e-06 -1.26873096129636e-05 -4.27375414842872e-06 6.06028323087241e-06 6.15945690292662e-06 6.90774972657717e-04 -3.11553521251206e-03 1.20042795449203e-03 8.51840129012491e-05 3.80149032361173e-05 1.33725220864006e-06 5.31939209796333e-05 7.29107483057022e-06 1.44772320489430e-05 -7.56188690825856e-06 1.46781711069246e-06 6.30830853042045e-06 -1.69398199728250e-06 -1.63524585536065e-05 3.32977672088765e-05 -2.48902045878527e-04 6.57479292998486e-06 1.65007595331419e-05 3.06810237123320e-06 3.29836406235658e-06 4.30450469796143e-05 9.63062095362905e-06 -2.38244290547278e-06 8.21636924357960e-06 4.65195244614567e-07 -1.27023451356809e-06 -5.52838399332417e-06 -4.28183437399361e-06 5.47222479003346e-05 -6.54181851349046e-04 6.35314059780048e-05 1.04744174947476e-05 2.20055741636327e-05 4.32831816232286e-07 2.08657682477675e-05 4.53421456070219e-05 5.76857907464324e-06 5.28863976058039e-06 -6.75144850528265e-07 9.25667853755446e-07 1.13219037093652e-06 1.26162332245226e-05 3.97174580873092e-05 1.61295894941812e-04 -6.02093174319719e-06 1.07141832073010e-05 4.83901645938863e-06 -3.15602843246258e-06 4.45992098413280e-05 1.69374455197103e-05 1.26644103990707e-05 4.56718158588129e-06 1.60844201992957e-06 -1.59031643666098e-06 6.27922943897599e-06 -2.32209609073980e-06
 -1.53822419685300e-04 8.67693183070330e-05 -3.07480977252166e-03 5.49829421447847e-04 -1.92068327182002e-06 6.05951218517787e-06 1.07124676320234e-04 6.05398311348842e-04 -3.25677326020112e-04 -1.50917627807649e-03 -7.75248047193732e-05 1.68450996059483e-05 2.70631625981332e-04 1.98622941369812e-05 9.34128865507524e-06 1.26551332429839e-05 2.10427374549171e-05 -2.65462337768722e-06 4.46952822459177e-05 8.76114606963286e-07 7.78385235525250e-06 6.86782116285841e-05 -1.20816791819724e-06 -2.54574512383320e-05 2.17895545557766e-05 1.78157420147690e-05 1.81279089880089e-05 -2.85840734820058e-06 -7.52587941430189e-06 -2.50082858065755e-07 1.40812725584646e-04 1.63320309056031e-05 -8.78550553254991e-04 2.28320379583412e-04 1.61653799779848e-04 -1.28085962832654e-04 4.60049315664835e-05 -1.99786478599561e-03 1.11224290213700e-03 -1.89670360433400e-03 5.64211152448623e-04 -2.81360089840069e-04 1.61439254454671e-04 3.44987374526705e-05 -4.91640144331194e-05 1.45017161206714e-06 2.98427799733802e-06 -3.09127128201384e-05 3.40915451189097e-05 -1.04191824478877e-04 -1.31549313285979e-05 -1.29351158855345e-06 -1.92869633475422e-05 5.06049531608472e-06 -2.30170740956374e-06 -1.43194038724169e-05 2.07652416016658e-05 6.78361661768903e-06 1.89883153214268e-05 7.02361371290303e-06 4.78755764773531e-06 4.34214862951817e-07 5.11837154709055e-04 -2.30110041107915e-05 1.65292258530573e-06 -9.27993793637400e-06 3.83699002002629e-05 -6.87737614673482e-04 4.60849998438210e-05 -2.26426079684758e-03 5.80523538773918e-05 1.57631758946460e-05 7.74632393319958e-05 1.56567337797301e-05 3.16800284154151e-05 3.78880753632241e-06 2.27006131451861e-06 -1.39027903438255e-06 5.56797571936488e-05 7.23615206414572e-05 1.22919902580898e-05 7.04217307676255e-06 -8.50025337320465e-07 2.24048401895976e-06 -3.11048667978850e-06 -2.88335394862709e-06 4.67188715733718e-06 1.87887533676736e-06 1.41981374529339e-05 1.42927224575780e-05 -2.41591774951740e-05 -8.94589530875371e-06 3.10086566663496e-04 4.33212747922472e-05 -3.61098345996131e-05 -1.37492274553534e-05 5.67114212169787e-05 3.42110478846612e-04 4.51348916870774e-04 -8.36321202903924e-04 -2.75604475703460e-05 -3.03415483884464e-05 1.82455539885803e-04 1.97167788112044e-05 7.19231270943097e-08 -1.78240705912622e-06 -1.46725020631483e-05 -9.01006534207555e-06 2.67006033140448e-05 4.43321432156378e-07 5.71557229958908e-06 -5.02230494896734e-05 -1.93745989043604e-05 6.94022717779709e-06 -1.23214263516132e-05 -5.20831656718587e-06 8.12373840985353e-06 -1.18970737450895e-06 -5.45937839810772e-06 -1.44343694880616e-05 3.64453662905761e-04 -1.94525413519873e-03 6.33699959403821e-04 1.84367746420573e-05 -4.44624902636449e-05 2.24239644332815e-05 3.36034438377813e-05 -5.33640493242784e-05 -7.18647448035368e-06 8.49471707674010e-06 7.13888206738684e-06 5.42900900141138e-06 -5.03821000575806e-06 6.85060163573069e-06 2.98400989209893e-05 1.53065097027090e-04 3.55454176353976e-05 4.12191661809260e-06 2.36877999422445e-06 -6.47049810833316e-06 2.05677738105156e-05 1.08115314854626e-05 -1.26362708994280e-05 2.09199649589808e-06 1.78559808840502e-06 6.20723548731443e-08 4.04400523554228e-06 -1.93787195264887e-06 2.02428098579342e-04 -9.33605322255156e-04 3.92412407377234e-04 3.03797540175589e-05 9.14227914903040e-06 -1.66520539694119e-05 2.78569154466368e-05 4.50773995737637e-06 -4.78592467788426e-05 -3.64956557415110e-06 3.72552242159177e-06 1.53931769848897e-06 8.95007177947861e-06 -7.45595644023012e-06 1.31791435238130e-04 -6.60249652973393e-04 2.14096884612675e-04 -1.58470561637126e-06 -1.34631689545750e-05 9.08907621217276e-06 4.92282325810608e-06 -1.43391988966879e-05 -9.59158888562941e-06 4.33034471844037e-07 3.44939124253232e-06 1.29232192630772e-06 2.34988833924673e-07 1.33387926371185e-06 -2.17092612231625e-05 -1.04075694332342e-04 -6.91084915520539e-05 8.10211581704471e-06 7.25319510107265e-06 -8.81683082081706e-06 2.28241380811734e-06 2.51949647558555e-05 -2.92500256969323e-05 2.43769431285544e-06 6.91794689997667e-08 1.27471499478202e-06 -6.58963206255158e-06 5.54107903822451e-06 -8.48040750258723e-05 4.90227294900800e-04 -1.58924194974534e-04 9.04755963569656e-06 1.43227183215512e-05 4.70744618663206e-06 1.89441336412544e-05 2.60662693212476e-05 -2.37447518706583e-06 4.47223676378133e-06 3.56837241169352e-06 -1.46117440107257e-06 2.69359823726041e-06 -4.16627916524543e-06
 2.77509289821935e-04 -7.03386830419049e-05 2.05921164609290e-03 -1.32285857276685e-04 1.30472614748464e-04 -1.23376482390957e-04 1.11627242820362e-05 -3.13323798270812e-03 1.90590596070812e-03 -2.10732107491119e-04 4.14974096908064e-04 -2.19788278216711e-04 7.44374858467873e-05 -6.80221102049205e-05 1.32599824885116e-05 -4.65733341784609e-05 -9.70871604886889e-06 5.35641969877655e-05 -1.49392140938553e-04 2.52613571915007e-05 -6.26627880939650e-05 2.82363469134135e-06 6.72903290796981e-05 4.57444275675886e-05 -1.05430997623137e-06 -1.62532657520420e-05 -2.85840734820058e-06 2.78035934945707e-05 5.61268880650684e-06 -8.70671795257618e-06 -3.26092788323939e-04 -5.73115289041460e-05 1.11713797095239e-03 3.16513639683187e-04 -1.58925781760030e-04 5.36947463700336e-04 1.46038712534189e-04 2.48534918064936e-03 -3.60822244538629e-03 -2.32176125345739e-03 -9.24814872899217e-04 1.24519769787441e-03 4.01096183219324e-04 -1.02881959757870e-04 -4.65847687484451e-05 -6.55143668858967e-06 -2.81325161557192e-05 9.63562675740569e-05 -1.35918762452340e-04 -6.63422688847093e-05 -4.69809040834406e-05 -2.88578851718476e-05 -1.98849716173422e-05 -7.78441196914784e-06 5.36190622587006e-06 9.88276957804191e-06 2.24269274662932e-05 -7.31182347746275e-06 1.55688393955314e-05 8.97943326054746e-06 -1.13742353067778e-05 9.72018543395551e-06 -1.19744873534321e-03 2.19356364818130e-04 4.18412335783019e-05 -7.42507098988402e-05 1.58628337686550e-05 -8.94804614578696e-04 3.12211409882302e-03 -1.43551975301779e-03 -1.37180304879309e-04 -1.81966899543214e-04 4.49932388421487e-05 -8.48566261961353e-06 1.34347838812126e-05 3.16928547575751e-05 -8.03362269790269e-07 5.08759248229897e-05 -4.43573529520367e-05 4.33263666276377e-05 6.10946480251637e-05 -6.99581440262779e-06 9.99291352129344e-05 -2.92942222930506e-05 4.81620049940574e-06 -1.35613524324040e-05 2.09983823650664e-06 -6.05530405347012e-06 5.99209308993465e-06 -1.10953608900099e-05 -2.58373788414297e-05 1.82633621472762e-06 -3.43620025749087e-04 -4.76574199657315e-04 3.74887873194087e-05 1.65455726375467e-05 -7.90601867312891e-06 -4.95432191858502e-06 -5.98227052627393e-04 -2.95175012362304e-04 -4.57397372615180e-05 -1.42075383127086e-04 5.44747951127822e-05 -1.28252019440112e-05 -1.20577505437613e-05 -1.72746342012987e-06 -1.79931622976384e-05 2.53156298031620e-05 1.98342281754070e-05 -1.11544603220305e-05 -1.54847076667463e-05 -4.12857962281162e-05 6.28815124848639e-05 3.24750987952379e-06 -1.09089801524418e-05 9.40185342390379e-06 1.16329958353217e-05 -5.59672644121395e-06 -6.47464035888040e-06 2.63974875727126e-05 1.76722061527862e-04 -1.10524110565991e-03 1.85538280455296e-04 -3.06798119264164e-05 2.65722446143128e-07 2.15553129696071e-05 -9.88026709399436e-05 3.16436704964244e-05 2.72088649985167e-05 -1.13118645205140e-05 1.31611472692747e-06 -1.13240118807808e-05 1.38581438722411e-05 2.47535148391624e-06 -2.93522236665030e-05 -6.64203398358380e-05 -1.58073689143601e-04 -4.01451048362050e-05 2.63109114951206e-05 1.38000496112547e-06 -1.08282555033953e-04 6.66486563067841e-05 -1.36695961205921e-05 -9.10819193848065e-06 1.07555583869970e-05 -6.36000958211800e-06 -2.19986062120532e-05 -5.24565319594602e-06 1.57237372383777e-04 -5.56036657471795e-04 6.74622918773438e-06 -2.11098808125479e-05 3.26168264349492e-05 -1.51112097242848e-06 -8.08148408251551e-05 2.98570783180481e-05 -1.48288086339984e-05 -5.31144043615755e-07 -1.65070176038621e-06 -1.63109524135356e-06 2.69589644881343e-06 1.82815076990983e-05 2.78403691892952e-05 7.17491096316367e-05 -1.10748911111404e-05 -5.59394416082963e-07 -4.91044360513640e-06 -5.44848466998824e-06 -1.61162343866999e-06 -3.64699650834235e-06 -6.58613776865570e-06 -2.14482258767433e-06 -1.69406802142087e-06 4.99054324568202e-07 -4.61939753572510e-06 5.05029667268862e-06 1.75712256093677e-04 -2.76098857514863e-04 4.24857619417380e-04 -2.39558775683388e-05 2.88044796128998e-06 3.41277156557847e-07 1.44629362936607e-05 -3.31267836540110e-05 -1.84861513109981e-05 -3.59702880054202e-07 8.73935795960081e-08 1.58502303287427e-06 -2.20595113166195e-06 -1.01304353436487e-05 -5.61169123062909e-05 1.98714118041369e-04 -1.39122297265736e-04 8.33247548247636e-06 2.88245895824487e-06 8.79863483188929e-06 3.57332731454538e-06 5.07152452022034e-06 -9.15396111994530e-06 8.52915699298338e-07 2.38191341338543e-06 -2.13607892476168e-06 4.66098630246047e-06 3.82797279604697e-06
 1.30281013874637e-04 -6.84497576832692e-06 -1.06870893415343e-05 1.83773827472596e-04 3.92676511948276e-05 -1.40314847191177e-05 -1.25213384165905e-04 -1.30942724350941e-03 3.56114127776606e-04 1.44250664142338e-03 1.45993323038651e-04 -1.71772613831514e-05 -2.59386389173572e-04 -2.69458335406410e-05 -1.49790188140125e-05 -1.71787060547489e-05 -1.90570366881703e-05 2.53565835699434e-05 -5.46634096296320e-05 4.00384891926197e-07 -1.91866178841693e-05 -6.00613565824304e-05 3.58902723411956e-05 1.23648119732054e-05 -9.71532534141462e-06 5.63107188663691e-06 -7.52587941430189e-06 5.61268880650684e-06 1.15475184277657e-05 -1.22219155530515e-05 -1.19156324500514e-04 -2.90382929938601e-05 2.99680608993177e-04 3.12004560477986e-04 -8.07455350410209e-06 3.10325707623423e-04 -4.23939150162079e-06 3.60762556483022e-04 -2.32095519702622e-03 1.14447981647471e-03 -2.21737249595445e-04 7.49448213081832e-04 -8.40391214040806e-05 -4.53181079224517e-05 1.39389952222497e-05 1.11111378148690e-05 -9.27877806641652e-06 5.71425670584454e-05 -4.88866629531424e-05 5.09153550612550e-05 -7.35292861642307e-06 -6.87723204230234e-06 1.13931181939011e-06 2.47231238366493e-06 8.03848032487575e-07 1.81517755104524e-05 -1.27133730935635e-05 -3.08543583869887e-06 -7.64184660047359e-06 7.79188776376743e-06 1.26574212898422e-05 6.00959008023777e-06 -5.90060183078343e-04 1.40205022086864e-04 2.82181642588810e-05 -4.83765094535901e-05 -3.24151927557865e-05 -1.07330655969531e-03 1.63981330228349e-03 1.56240934260451e-03 -6.71494008341244e-05 -1.01064743892382e-04 -6.51629529556813e-05 3.75182356892121e-06 -2.65946628105282e-05 1.16470332314162e-05 1.66114978621822e-07 2.71201854329177e-05 1.30706150083961e-05 -5.89488220052510e-05 1.99177211350283e-05 1.27922335228948e-06 4.97407362468768e-05 -1.46447552950943e-05 8.76246206833878e-07 -3.32584945684635e-06 -4.77222002822588e-06 -8.77005040427933e-07 -1.24710849297702e-05 3.26687721803459e-06 -5.09108279372502e-05 -4.03891365567093e-06 -8.62325279356501e-05 -3.12798307365654e-04 -4.08628260720332e-05 -9.84022441014966e-06 -1.09635288594213e-04 6.28281743771172e-04 -1.06330528283762e-04 1.11759842363170e-03 -1.29689179857458e-04 -1.01698658231201e-04 -2.28502108098673e-04 6.26176532670296e-06 -1.60176045195746e-05 -1.44636027771965e-05 7.85450791611749e-06 1.56546168929033e-05 2.15598051317207e-05 -6.39232064009098e-06 -2.63393253039312e-05 3.83692690012353e-05 3.96382341986808e-05 8.45151396588361e-06 7.54409437757172e-06 6.76869996950773e-07 -5.32373012835861e-06 -7.44246843360662e-06 4.87391060781750e-06 1.26112880911879e-05 -4.24366798054450e-05 5.05714451582009e-04 -1.81432718277390e-04 -2.11642319136182e-05 2.01369949181875e-05 2.59907846603780e-06 -5.39189539759824e-05 4.86538100582450e-05 2.16786795652406e-05 -7.25459329639136e-06 -5.02512855837045e-06 -7.77902588227007e-06 8.18440032917215e-06 -3.32973225651722e-06 2.17957950466677e-04 -1.48675721023735e-03 3.17857673402251e-04 -1.45739050211569e-05 -1.44447713033843e-05 -1.94841946792363e-05 -4.24346242060534e-05 -1.42757186712720e-05 -1.54467025301922e-05 -1.95196792081582e-06 -3.56616382246568e-06 -2.94952023665094e-06 -9.23231502988411e-06 2.54829607911299e-06 1.95163362768502e-04 -8.18226475917084e-04 2.09052148303457e-04 7.64840875699897e-06 1.74652293898548e-05 1.46331593276224e-05 -2.40377621358650e-05 2.25951778242599e-06 4.13175742069693e-05 -3.48626365108727e-07 -3.67556760702540e-06 8.93739482577018e-07 -6.81732378923007e-06 3.71151226487133e-06 -8.99533064854356e-05 7.85940012102189e-04 -2.07666849784406e-04 1.05685296465157e-05 1.71699436025474e-05 -6.30470843233611e-06 2.27680182362471e-05 3.55992932332371e-05 1.73723314581247e-06 3.03057231408134e-06 -5.13708178090583e-06 -3.27255742602054e-06 -5.25567168226563e-06 -2.85973966905347e-06 1.18430735842324e-04 -3.32352279135974e-04 2.56309897124245e-04 -7.53039435640651e-06 8.84814420760168e-06 1.41451525272216e-05 2.23407030399206e-05 -6.94083110416681e-06 3.19803757359115e-05 1.99471186215176e-07 -2.55619950141341e-06 -1.00553536894022e-06 5.90973780018684e-06 -8.73244331289462e-07 1.54856845997767e-04 -1.06527416356989e-03 2.61699794404680e-04 1.51031973049219e-06 -1.65197601648041e-05 -1.44055276493414e-05 5.30797029987922e-06 -2.65215608911061e-05 -1.02883461926105e-05 -7.38334132477539e-07 -5.05660362793083e-06 -3.15957923504423e-06 2.62329251163439e-06 4.63031162077102e-06
 -2.10970875271871e-05 2.54062118889727e-05 -4.82933700995432e-04 5.14495711748367e-05 9.72797843016020e-05 -1.72959515437275e-04 -2.71690695453708e-05 4.44831357265445e-04 2.16519736644189e-03 4.34210812677498e-05 3.02915491547035e-05 -2.61091899970667e-04 1.80200021046332e-06 -2.06725127927911e-05 1.11655470995768e-05 -2.80869932993165e-05 -5.09914860656678e-07 -3.15651089767011e-05 -6.24128698757963e-07 2.19655106141671e-05 3.45115483484224e-06 1.98502083991064e-05 -1.14163954459835e-04 -5.70771750979565e-06 -4.22539113608721e-06 -1.39146204100095e-05 -2.50082858065755e-07 -8.70671795257618e-06 -1.22219155530515e-05 5.86458760864023e-05 -3.64015750622913e-04 6.61979922320296e-05 -5.62807112269199e-04 -4.66911075161672e-04 -2.71658592200273e-04 -6.98373421787870e-04 -3.61728476540231e-05 4.12486915134051e-03 4.91666434955235e-03 -2.83526221584398e-04 -9.18987406405529e-04 -1.85677852964226e-03 -1.13895259043856e-04 -2.08840567069587e-05 -6.86736978418031e-06 -1.04540784056160e-05 -1.37381654309532e-06 -6.94563875780990e-05 -5.43100799050048e-05 -5.56782811113367e-05 4.96185810471782e-05 -1.65133100185714e-05 6.08638574335141e-05 2.42754918577349e-06 1.00341862589791e-05 -2.40475983965199e-05 2.02026621836844e-06 -1.92756758289988e-05 5.06521196264906e-06 -3.57803502071316e-05 6.22209035421759e-07 -2.31130567241951e-05 2.32552458269524e-04 -2.73573953264942e-04 -4.86729962125225e-05 1.13687667133611e-04 3.15801190648909e-05 3.14200415200781e-03 -4.06576797686308e-03 -1.53490118985503e-03 -3.64065461365931e-05 2.18791424941231e-04 4.66724205515620e-05 -4.00856861641320e-05 2.90151035625848e-05 -3.29151123993903e-05 -4.54318612850784e-06 -6.52714446193064e-05 -1.47003357009731e-04 6.69544385758343e-05 -6.83447841448808e-05 -2.03328695834203e-05 -1.24246642723830e-04 3.37505506486559e-05 5.17264989061043e-06 1.24093619634241e-05 6.42933231375566e-06 -4.32593688216320e-06 1.60991033626828e-05 -3.79433496548989e-05 2.67703598800804e-04 8.54806814611328e-05 -2.06481876633769e-03 6.99081888918792e-04 3.39919916561530e-04 -2.48559580448559e-05 -8.03500420542797e-05 -4.81575883415699e-03 4.94887702968400e-04 8.39127068510978e-04 6.20295667793835e-04 7.58962847762918e-05 -9.58852015679991e-05 -1.23934523397949e-04 -8.60026593579181e-08 5.96132212116799e-06 -1.79564740068648e-05 -2.09599426583707e-05 -1.67757364925681e-04 7.71909881921680e-06 3.79848550309183e-05 -1.67594213890628e-05 -8.01475791058403e-05 -4.72782287524079e-05 2.50788445385187e-06 2.11711076487317e-05 1.39573562705745e-06 3.28805725721021e-05 2.29831371038882e-06 -1.80106718249312e-05 2.53315654545743e-04 -1.46507245898111e-03 5.26276669294598e-04 1.78416295018465e-05 -1.62808193819911e-05 3.56062960480548e-05 3.86693747464838e-05 3.63753476116488e-06 1.62398549027358e-05 1.65211481660416e-06 8.56286727512715e-06 -1.26460355555187e-06 -9.53522759023214e-06 -5.65954656323847e-06 1.84507771726672e-04 -1.22598515284165e-03 4.37444712574613e-04 8.90040103964692e-06 -5.52961973723167e-07 -3.70563350864963e-05 3.29807431881573e-05 1.62676807743693e-05 -3.09877040493460e-05 -4.12236510048628e-06 -3.11480207511457e-06 -7.93941689388748e-06 7.35395839184933e-06 -8.45890858052953e-06 -3.13682530418695e-04 1.14892747301589e-03 -5.47225570755398e-04 -4.71581659850151e-05 4.59116070463885e-06 2.95553867934683e-06 -7.05188370795321e-06 6.22246201385350e-05 -7.94876160263459e-07 -6.04333090369569e-07 -2.31146691359720e-06 -8.51011102464103e-07 1.59148042713931e-07 1.87277449256613e-05 1.04229829773914e-04 -5.61424469563203e-04 2.30310662359281e-04 -5.74592521785962e-05 -5.26418447277392e-06 1.71795460679971e-05 -1.41418023714190e-04 -6.77826780026331e-06 2.73817947113333e-05 -1.92694036672396e-05 2.19654056798282e-06 1.28816884135421e-06 2.44401418409161e-05 -8.09192445275142e-07 -6.20941447924384e-04 3.56546526421216e-03 -9.79743356247255e-04 2.55763093773511e-05 -6.46425093804036e-05 -7.27184745899806e-06 -6.01308578178163e-05 -5.95975136701870e-05 5.03785017874158e-06 -1.20513065701904e-05 1.39469210435814e-06 -2.38251891068505e-06 -6.04265668962599e-07 -1.08833563449064e-05 1.57460329483511e-04 -1.20911914943259e-03 3.29919838084083e-04 -5.80276394625028e-05 -9.60841221942451e-06 -1.35657816253719e-05 -1.49268390744732e-04 -1.96538677396130e-05 -1.08720685967867e-05 -1.40813671541199e-05 -3.78893395012982e-06 8.29542023649551e-06 -2.56997344297124e-05 -5.30496726947120e-06
 -6.26695076065043e-04 7.43423344903168e-04 -7.28569410742776e-03 -7.79129211341933e-04 1.02864310675428e-03 -1.41037809151250e-03 -3.31318763700116e-04 -7.17698745257329e-04 9.57253471884256e-04 2.30735267205516e-04 1.43611643283002e-03 -1.38224356351982e-03 -3.33720343529640e-04 2.15719916873957e-04 -5.77281544608423e-05 1.77510650923664e-04 6.40636391806127e-05 -4.43670074391023e-05 1.00614918345623e-03 -1.51848299578171e-04 9.04930895674690e-04 4.14744487195784e-04 -1.18398733250844e-03 -7.42923435039436e-04 2.57792930259576e-04 9.86022971335509e-05 1.40812725584646e-04 -3.26092788323939e-04 -1.19156324500514e-04 -3.64015750622913e-04 1.99694364879653e+00 7.09319744605562e-03 -1.20099794882403e-02 1.13768107182359e-02 1.47003737228133e-04 3.53417875216443e-03 4.18236071587128e-04 -1.58487153956604e-04 -1.32087468455080e-02 -1.67752612259660e-03 9.12910373369760e-05 3.22612718247543e-03 4.12038217095548e-04 1.49252780203704e-05 -3.17987599280837e-06 -2.99488375115250e-04 -3.81031099416837e-05 3.37333568886362e-04 1.38197998969697e-05 3.41525742395373e-04 -9.82603362286986e-04 -6.56884852756419e-05 -9.16843550537462e-04 -1.07854526154706e-03 1.37721183849093e-04 3.07526371549219e-04 9.59785061223309e-05 -1.43259824909548e-05 -1.08478662224226e-04 -3.77265944322885e-05 1.33200381041247e-03 4.25532190280386e-04 -1.96145196561576e-02 -4.75314085710477e-04 -1.19575986914994e-05 1.44296479770604e-03 1.85846363556065e-04 -9.85774434495486e-07 1.79047313877489e-02 2.22692738492686e-03 -4.96689017156865e-05 -7.01296912799372e-04 -8.24198268901078e-05 -1.08896377402650e-05 -9.33733503029973e-05 2.49923405329008e-04 8.14843364136800e-06 3.36191718388062e-04 6.75791436737925e-06 -3.95801762234050e-04 6.94840246124079e-04 -4.58559776307999e-05 1.83722797308600e-03 -1.67731375275308e-04 4.56776517309688e-05 2.82579829602879e-04 8.44126787536500e-05 2.31553671040594e-05 2.73191761093766e-05 2.44824967908377e-05 -6.66237910776538e-04 7.61753685564336e-04 -7.48617041752403e-03 -7.65852261277180e-04 -1.03038941289460e-03 -1.36335635375827e-03 -2.49888790382207e-05 8.18484162426094e-04 6.41392711272393e-04 -9.24582539533053e-05 -1.46865052241885e-03 -1.31917417830219e-03 2.83827336744886e-07 -2.06319579897173e-04 -1.37578534918731e-05 1.84588389639584e-04 7.89792640199276e-06 -3.66941233040454e-05 -1.00723573470782e-03 4.61979938726721e-05 9.22844187030839e-04 1.72391027175238e-04 -1.22744128162443e-03 -7.78473987731053e-04 -1.28231999419800e-06 1.39100744869386e-04 -5.47145012101209e-05 3.67674940343728e-04 -7.47635984096283e-05 3.64618741040563e-04 -9.35992533526204e-05 -3.33918873830411e-03 5.23254945185407e-04 5.76501802035230e-05 -8.94406999039609e-05 2.78186203140835e-05 1.82194255877988e-04 -1.94720968001736e-04 2.37753103876084e-04 2.12305927003591e-05 -1.44410871038375e-05 1.00449978818651e-05 -1.34772597989340e-05 3.51794289259330e-05 -1.62141686958152e-04 -3.32814616692545e-03 5.03858231080585e-04 4.37469101473049e-05 -7.37860079538713e-05 -5.70356693037502e-05 1.33232158805437e-04 -1.37555113626216e-04 -3.38780330392353e-04 1.82106767144044e-05 -5.94928977401460e-06 3.39369034752929e-06 6.33651667546266e-06 3.10667200011933e-05 1.50516429340135e-03 -2.35115985923264e-03 1.11446410072571e-03 1.87169584142765e-04 -1.21361170474362e-04 -3.31425487434658e-05 -1.48477884210633e-04 -5.69693177997275e-04 -6.26059787772179e-05 1.20261687463345e-04 3.92702968915498e-05 -9.80631121816005e-05 2.28921334772096e-05 -2.26411870088166e-04 -1.02578766007219e-04 -3.27801422177555e-03 5.22171704944277e-04 -4.44797419630101e-05 -8.94565752991377e-05 3.52031694464866e-05 -1.35776307732797e-04 -1.96915670216440e-04 2.77821679686767e-04 -1.74603240120655e-05 -8.51625202795533e-06 5.27231832445079e-06 -8.49350817953868e-07 3.04292435076684e-05 1.59600089937880e-03 -2.72448067059908e-03 1.24546891171586e-03 -2.01704043671399e-04 -1.24230224932557e-04 3.76949957646401e-06 1.42341950351323e-04 -5.87797590923068e-04 -7.87910185695443e-05 -1.16146437867223e-04 5.93811530099805e-05 -9.49808666628936e-05 -6.35494233674087e-06 -2.36795117801447e-04 -8.18288730709666e-05 -3.15662359583521e-03 5.05051242218465e-04 -5.60406398435705e-05 -7.88044143838394e-05 -4.36255717923932e-05 -1.72229235262978e-04 -1.14646277508186e-04 -2.71508203110507e-04 -1.39419626894912e-05 3.06150513490334e-06 1.28596000728377e-05 -1.18046067229539e-05 3.25732707341512e-05
 1.13448997906956e-03 1.30340157808522e-04 -3.46325395296869e-03 1.44053771429873e-03 -5.51106817456354e-04 4.66671188015587e-04 1.21871798759929e-04 8.56289588096145e-03 -4.99663447686829e-03 -1.46677869163929e-03 -1.46701362749845e-03 1.21419862070786e-03 3.00269735825801e-04 1.52746599622322e-04 -2.60853674674228e-05 1.58470839498723e-04 6.46010315672429e-05 -1.96003985691367e-04 3.55314442679922e-04 -2.62791914569501e-05 1.61114644292114e-04 1.07005853289362e-04 -3.55279230224421e-04 -8.86774359100895e-05 1.63494748038804e-05 1.78484928809864e-05 1.63320309056031e-05 -5.73115289041460e-05 -2.90382929938601e-05 6.61979922320296e-05 7.09319744605562e-03 4.20988034283383e-04 -1.55693629332034e-02 1.13236638192694e-03 2.80946721923919e-05 -1.32817938876795e-03 -1.67212652069417e-04 -1.20751009654647e-04 1.21828748764999e-02 1.62109643456920e-03 5.68188337928105e-05 -4.14072052720666e-03 -5.31105863102840e-04 1.03408865597349e-05 -2.19090660083315e-05 2.29516032791488e-04 6.32378612644666e-05 -2.14187029965879e-04 6.11151719772431e-06 -1.14732201329750e-04 3.83514629172794e-04 3.96162549717482e-05 1.75926018828007e-04 2.44665208173278e-04 -3.48833422755355e-05 -5.93999195394580e-05 -1.66961734694675e-05 -6.59178961921819e-06 2.76258080590867e-05 1.71137544395598e-06 -3.32086119297102e-04 -3.35440342233158e-05 -8.74181232558510e-03 6.88624585200767e-04 -7.35069017295171e-06 1.26657742842362e-04 2.01011106520059e-05 2.59925128353811e-04 -8.11570917882093e-03 -9.59004032552358e-04 2.18875501050539e-05 -5.08824754993846e-04 -6.51732572072324e-05 8.04478788007587e-07 1.87991382614951e-05 -4.30506653535590e-05 3.41404374125251e-07 -7.35874246553885e-05 3.11454777933049e-07 2.54751747733178e-05 -4.19664298215100e-05 1.01944873517199e-05 -1.95591396800610e-04 6.61219041508875e-05 -7.60836355175486e-06 6.71686958994147e-06 1.00381470974614e-06 1.15449552791678e-07 1.05270827427018e-05 -3.27434534329524e-07 1.25987220499774e-03 1.20228880552145e-04 -2.92592934097849e-03 1.46496103260162e-03 5.77618066180832e-04 5.05266012458384e-04 5.87158032344135e-06 -8.44939463485463e-03 -4.70059679368626e-03 3.15221310194891e-04 1.46916033077206e-03 1.22118563694569e-03 -1.83628852146804e-05 -1.55812990635215e-04 3.14627996800081e-06 1.55463550133193e-04 2.39123898403625e-05 -1.92461111123801e-04 -3.26511466092034e-04 3.15704613050389e-05 1.62515029117039e-04 1.90089693101075e-05 -3.45125512585193e-04 -8.06952713466308e-05 1.12870447470531e-05 1.23687886301027e-05 -1.05046498890737e-05 5.54187905391796e-05 5.12679351140524e-06 -6.97550013682362e-05 -4.43163291627676e-04 2.75825860397903e-03 -3.36902014646241e-04 9.27502685550013e-05 -1.49948830758651e-05 -6.15518890084157e-05 2.80250874155173e-04 -1.09455388583699e-04 -1.10608040676577e-04 3.98765216009223e-05 -2.47780232785798e-06 3.45443109626153e-05 -4.53774045454499e-05 -9.48508125227542e-06 -4.33498147092250e-04 2.78478006295039e-03 -3.34838968070029e-04 1.01624810705096e-04 -2.61812315007494e-05 3.86780170897519e-05 2.92857628671126e-04 -1.28159679204263e-04 3.33523642117617e-05 2.36113480236185e-05 -1.43581312914903e-05 1.69948475859576e-05 6.23566662317737e-05 -8.51343135625922e-07 -6.14281064032888e-04 1.86824898062738e-03 -9.12797129708575e-04 1.72375985393722e-05 -1.06434093244604e-04 -1.60306124194932e-05 1.92901671172915e-04 -8.28419820893740e-05 -3.26924891894995e-05 1.02057680283956e-05 6.44003645570978e-06 -5.23246149754610e-06 5.26094877949539e-06 -3.58017507904736e-05 -4.41610105665404e-04 2.82560476274719e-03 -3.66293447947141e-04 -1.00255460216277e-04 -8.67266204672582e-06 -4.42774551236221e-05 -2.74973529483498e-04 -9.51148699687827e-05 -6.48718063411038e-05 -3.60639469123874e-05 2.67647019742702e-06 1.98779266319000e-05 5.30295070991149e-05 -1.32961888644526e-06 -6.77752308252621e-04 2.11718902793133e-03 -1.07093081352171e-03 -9.37152444048259e-06 -1.07630114635588e-04 -1.21741374832381e-05 -1.96432412829945e-04 -7.23382028071999e-05 1.61042894217351e-05 -9.14172116944019e-06 4.96900229034792e-06 -2.55091271386951e-06 1.47930420772930e-06 -3.21995866300918e-05 -4.05155398105791e-04 2.67853482529658e-03 -3.42054983918712e-04 -9.15829307579968e-05 -2.38723793167051e-05 5.64922428705382e-05 -2.60282294023917e-04 -1.19393706726978e-04 1.00953275388681e-04 -2.73986390042225e-05 -6.97449275862571e-06 3.76451085909852e-05 -4.85248460259704e-05 -1.12929185327039e-05
 -8.00492969859961e-03 -5.36677813280365e-03 1.73624458833877e-01 -9.48561093407921e-02 4.35944650265820e-02 -2.43280531042977e-02 -7.66006576676686e-03 -3.94813991330818e-01 2.51858937100693e-01 6.99067702433428e-02 1.08850708539826e-01 -4.58812205411701e-02 -1.65999361102178e-02 -8.79506104945199e-03 1.68078295480437e-03 -7.31528498432421e-03 -3.02731296278317e-03 6.72455630937553e-03 -1.15681491615589e-02 7.40227467921734e-04 -4.36654851297128e-03 -3.60472006758506e-03 1.37454536966322e-02 2.16340948835964e-03 -8.07196902631314e-04 -2.07219894798887e-03 -8.78550553254991e-04 1.11713797095239e-03 2.99680608993177e-04 -5.62807112269199e-04 -1.20099794882403e-02 -1.55693629332034e-02 1.36423082871677e+00 -3.07083752116688e-01 -2.63931857918550e-03 -4.46669188987222e-02 -5.67800988578191e-03 5.49808638340421e-04 -4.40372446424983e-02 -5.23316577476562e-03 1.12933220156264e-04 -7.22226028811396e-02 -9.28279046701784e-03 6.47126891772862e-04 4.59420525192379e-03 -1.96547399124298e-02 -3.10905700299101e-03 -3.29761632991064e-03 6.32511312467391e-04 2.11728241573498e-03 -1.19741498376518e-02 -2.43196542163903e-03 7.41750582593982e-03 -1.92572810706246e-02 2.59174584346510e-03 2.48838688711818e-03 6.53155640540096e-04 4.70355021995051e-04 -2.49373584376464e-03 -3.05371443262751e-04 -1.04171537091033e-02 -4.78997591767120e-03 6.22626326123023e-02 -9.46743899280420e-02 3.24215155115781e-04 2.60166542654721e-02 3.26298319473660e-03 -6.87347125988461e-03 -5.80751039538820e-01 -7.24196409724286e-02 3.13358038573183e-04 5.71054747399810e-02 6.90437636644524e-03 2.03440054382444e-04 2.31763212681876e-03 -5.04165445526132e-03 6.78627055024118e-05 -9.41073717178134e-03 5.03642295202912e-04 5.82063630157109e-03 -1.27691431471809e-02 8.48616294053832e-05 -2.33327223958234e-02 3.39970256033795e-03 -4.76219305524949e-05 2.12761245069855e-03 7.05515516381039e-04 -5.37290170445066e-05 9.29620502275359e-04 1.29440241889091e-04 -7.69838225120354e-03 -5.60921254778711e-03 1.74358143654734e-01 -9.40381502610058e-02 -4.59595048674317e-02 -2.64524301378938e-02 1.19506172958591e-04 4.01217820130497e-01 2.52400219008579e-01 -6.92251509542595e-03 -1.10584038412623e-01 -4.54098382421011e-02 5.05490124777014e-03 9.08307123690025e-03 -7.99748561503444e-06 -7.51938140202304e-03 -6.82754436541637e-04 6.76931318577883e-03 1.01924886749014e-02 -1.08387048462353e-03 -4.45506417127382e-03 -6.67063435533371e-04 1.32521198268662e-02 2.00014544947229e-03 -4.97843992210830e-04 -2.02449524735274e-03 -3.48273172524866e-04 -1.10866645021157e-03 -1.98009236138243e-04 6.42171560897046e-04 1.94840150547871e-02 -1.23561535185941e-01 2.87658468291048e-02 -3.63428842050205e-03 1.83544684160545e-04 3.43277692141810e-03 -1.08881734987380e-02 1.96612627272142e-03 2.13391571132208e-03 -1.91262187825103e-03 5.93122172795072e-04 -9.19563813992089e-04 1.51639764187916e-03 2.87716808319137e-04 1.85481249015521e-02 -1.23819204287013e-01 2.85660938229747e-02 -4.17537276864292e-03 8.77287479639221e-04 -2.61043705847493e-03 -1.09972384308868e-02 2.22812906379645e-03 1.45895077734381e-05 -1.45615692618979e-03 7.18638267786590e-05 -5.80305497128264e-04 -2.18797099337495e-03 -1.52160795554288e-04 3.80367543852941e-03 -8.90991255990681e-02 7.40353852339946e-03 -1.90854115609071e-03 4.49204918775504e-03 7.85108704569849e-04 -1.82946983306914e-03 1.09523735191234e-02 1.66557325816982e-03 -1.35139144924160e-03 -3.67383617651133e-04 6.70512790422982e-04 -3.22674878440770e-04 2.19259242440351e-03 1.90408739539255e-02 -1.23067059535463e-01 2.83310544936893e-02 4.22125585280841e-03 1.48704712499711e-04 2.72302115619140e-03 1.07012781860238e-02 1.95186467581787e-03 3.75694002424847e-04 1.90645916632477e-03 2.68382118199832e-04 -4.98047846155051e-04 -1.70713203013586e-03 -5.91551535894363e-05 3.32986564959055e-03 -9.04987253941494e-02 7.90569109638692e-03 1.89778842420418e-03 4.51562323268977e-03 4.04289933098834e-04 2.10303213550234e-03 1.08900776992244e-02 9.61541982920635e-04 1.32003182737688e-03 -4.76675853811185e-04 5.17575203833008e-04 6.47691129276822e-05 2.12939091204993e-03 1.71002869009705e-02 -1.22763102352654e-01 2.83554187916815e-02 3.67586225788759e-03 8.93054966664274e-04 -3.36556832611552e-03 1.03414044167948e-02 1.88653055184653e-03 -2.86916305570213e-03 1.52385994784032e-03 -3.48979655375222e-04 -1.37572428973205e-03 1.74804438181168e-03 2.25610350928710e-04
 -4.88468444066318e-03 1.87094989593817e-03 -7.98996734048891e-02 2.65974032954109e-02 -7.53787736398478e-03 7.71433911919799e-04 5.83550082856875e-04 2.38826579566007e-02 -7.77824058417785e-04 -6.96333805478449e-04 -1.66501200125257e-02 -2.07851062162051e-03 1.04280160565339e-03 9.32820164349148e-04 -2.22357439035808e-04 7.26837269701833e-05 9.48138952400828e-05 5.48106252855491e-04 -8.42364362715812e-04 2.99452348218387e-04 -1.01936013979184e-03 -2.70184988044654e-04 -3.87410761394401e-04 1.98292071620812e-04 1.24033214967938e-04 8.68271162399514e-04 2.28320379583412e-04 3.16513639683187e-04 3.12004560477986e-04 -4.66911075161672e-04 1.13768107182359e-02 1.13236638192694e-03 -3.07083752116688e-01 1.05775487168411e-01 4.10358346071850e-04 3.29624712141988e-02 4.21382356288004e-03 4.72295351071644e-03 -1.44318655726659e-01 -1.94782797273490e-02 -1.95376514925385e-03 7.29019433193048e-02 9.30779539724142e-03 -5.54107839693384e-04 -1.72988084714282e-03 4.92198474987801e-03 2.97401774557425e-04 5.11919621874346e-03 -5.36311278628947e-04 9.18503093682650e-05 6.69266800991233e-04 3.22770942730473e-04 -2.92800581813801e-03 4.35104676562819e-03 -4.87553896555709e-04 1.53914251340462e-04 7.54099360737524e-05 -1.02876417676219e-04 6.94946434311244e-04 1.18694262009621e-04 1.35882525427436e-03 1.79509688217843e-03 1.03592800156496e-02 3.00107016912352e-02 6.13489299471385e-05 -1.09740971217871e-02 -1.42324920017729e-03 -3.22536075936922e-03 3.00769941074137e-01 3.61054172175435e-02 -7.15524465862800e-04 -1.82110457451422e-02 -2.17082003094037e-03 -9.34268886088497e-05 -1.10294360357654e-03 2.44214167350363e-03 -2.90034724501512e-05 4.49321508220250e-03 -2.10918381472212e-04 -2.38033668533268e-03 5.23078373122180e-03 -1.19288830655851e-04 1.05045137978808e-02 -2.08607467895525e-03 1.13489888138074e-04 -8.90326342232901e-04 -2.77759326237372e-04 1.08144533814196e-05 -4.77288330404693e-04 -5.13960690903257e-05 -6.78112004946387e-03 2.31254363171987e-03 -8.60581745205260e-02 2.44659088220782e-02 8.25125300832002e-03 1.42048249657585e-03 -5.71136002034669e-04 -3.28276320656664e-02 -8.84088521646293e-03 3.52477794390385e-03 1.77941784207914e-02 -1.96628480990725e-03 -2.08818545204495e-03 -1.14887492501904e-03 -6.63892947682253e-05 2.35083496005366e-04 -1.71641453216628e-04 4.38905248332138e-04 7.58913982684422e-04 7.21020511825064e-05 -1.09168210529862e-03 -6.24424082804801e-05 -3.06411140939391e-04 1.27887224610351e-04 1.29187905480596e-04 9.46545301248113e-04 3.61535356851196e-04 -2.30828803235024e-04 8.45151883848422e-05 5.21256258779757e-04 6.89905993148572e-03 -3.25389417461743e-02 6.77975714621202e-03 1.92134802234508e-04 -3.55106519587946e-04 4.14109658391129e-04 3.59218345294877e-04 7.16514384348678e-04 1.26204902787794e-03 1.83879762029294e-04 -6.79448552545774e-05 -2.14814616882354e-04 4.31529349863456e-05 6.20895064817622e-06 7.18432142926485e-03 -3.54311668307358e-02 7.33399886997574e-03 1.09244299835923e-04 -2.66215226678912e-04 -5.43870005870023e-04 1.38579110510317e-04 9.20245658647212e-04 -1.11827527621139e-03 2.09869376213857e-04 9.03790080280762e-05 -1.54655924983933e-04 -4.54030511405841e-05 2.43653724233234e-05 1.05301320103890e-02 -9.19135671174922e-03 1.41669160489560e-02 7.49741122775228e-04 2.53783599028950e-04 -2.50332914244111e-05 -1.90423125239697e-03 -2.24230621975492e-03 -5.20100364656681e-05 2.91123866526551e-04 2.57936825714761e-05 -1.22779838886204e-04 3.80795269536491e-05 -2.36905531345135e-04 6.52176126868766e-03 -2.90602483655523e-02 6.23569148121079e-03 -2.17216334988194e-04 -3.61626173397835e-04 3.60406117484328e-04 -4.23167963947955e-04 5.83512050261477e-04 1.19189581108673e-03 -2.24434163664249e-04 -4.99151197157210e-05 -1.60995400632901e-04 -7.47753716547099e-05 6.05333971212481e-06 1.07674006308559e-02 -8.23569342785531e-03 1.56585274631581e-02 -8.43512143883170e-04 1.56357908816666e-04 1.15191653264437e-04 1.77805499771919e-03 -2.45932879317998e-03 -4.29655093102996e-04 -3.10918143886941e-04 8.08401670510795e-05 -1.05054124273660e-04 -2.53394752059671e-05 -2.95862454725755e-04 7.18867080170804e-03 -3.20173999403213e-02 6.87351216363985e-03 -2.92678006948866e-04 -3.06586386258020e-04 -4.06543972725829e-04 -6.29428528879080e-04 8.78589374029732e-04 -7.78081974380111e-04 -2.22065715467563e-04 1.57285167453883e-04 -1.00533100430645e-04 -3.02513196676090e-05 2.63694172411847e-05
 -3.84566748087564e-03 1.15750086103824e-03 -4.16733280561618e-02 5.17497205110613e-03 -2.33689172298257e-03 1.34386897092560e-04 1.48209253491359e-04 3.26974597826608e-02 -1.02470076812693e-02 -4.31158578645402e-03 -4.21161257967236e-03 4.77496838361963e-04 4.05225518844940e-04 9.86058680939630e-04 -1.72698905473309e-04 1.67444198421978e-04 1.74787350869451e-04 6.44916604001312e-05 1.47451799925703e-03 -2.43616511597633e-04 1.86954961084737e-04 2.52666098147352e-04 2.49476586026044e-04 -5.19360915954639e-04 2.12861805589113e-04 3.65760911738452e-04 1.61653799779848e-04 -1.58925781760030e-04 -8.07455350410209e-06 -2.71658592200273e-04 1.47003737228133e-04 2.80946721923919e-05 -2.63931857918550e-03 4.10358346071850e-04 5.00921063979062e-03 4.38671155092488e-04 -3.43254023744980e-04 -6.32493637722977e-02 -1.66946318312847e-03 3.19193437379690e-03 1.80588389263253e-02 9.52336163642393e-04 -1.39884533555180e-03 1.48961198679059e-03 -2.59023224368663e-04 -7.66174553817580e-06 1.74115737409697e-04 6.77213957854399e-05 1.80482211619951e-03 -3.91225806783997e-04 -2.56393690208328e-05 2.47975429235517e-04 2.62619778141172e-05 3.23669937538708e-05 -1.01106448813160e-04 2.56602348138233e-06 -8.93578728410132e-06 1.86156243270086e-04 3.56021843658753e-05 3.19973925298143e-04 7.71322381200141e-05 1.54060920396923e-05 -6.52549789468535e-04 4.14738348271183e-04 -2.30569052922216e-05 -1.22512247470599e-04 5.07519487260326e-05 -1.52345013312597e-02 3.37875822126363e-03 -1.91508351011093e-03 1.89877651538867e-03 -2.64267914040031e-04 -1.44396251355245e-04 4.25606065509474e-04 -6.72831809704596e-06 2.56526217151129e-05 5.11504419619059e-05 5.92935214625852e-05 1.59278982910948e-03 -7.27492127187073e-05 4.15661662352578e-05 1.99932687715627e-04 1.29936131649842e-04 -3.14453587918144e-05 -8.27491835910323e-05 -2.45531920609771e-06 -1.79679571309729e-05 8.89073936124066e-05 -2.04754287749423e-05 4.20711185801654e-04 4.51551567310493e-03 -1.40121444756612e-03 4.39364022046899e-02 -5.01247379650979e-03 -2.12725995794142e-03 4.05410076545465e-05 3.18087003212073e-05 3.20372623597882e-02 9.62599350528713e-03 -1.43016965427348e-03 -3.82079963742858e-03 -2.61007901812037e-04 2.63206671712573e-04 9.73033308489585e-04 -7.49963934564456e-05 -2.06254717405015e-04 8.07934375183238e-05 -6.45849489400151e-05 1.43798819081287e-03 -4.70312192105572e-06 -3.04934248216757e-04 9.21919698864681e-05 -1.37331650334110e-04 5.65916693227663e-04 -7.53469910181529e-05 -4.10895750443472e-04 -8.23543397631880e-05 -2.31523911229854e-04 7.23420548445223e-06 -2.30055754928000e-04 1.91058666647275e-03 -9.20805609167747e-03 3.63141637441281e-03 3.70313672340894e-04 -2.64220571855519e-04 8.58408672420994e-05 9.72047406983215e-04 -3.53056480349787e-04 -1.00199115639607e-05 1.66434993148212e-04 1.69870331894265e-05 5.91646263417465e-05 -1.20556770641326e-04 5.59158554164700e-05 1.77604227302882e-03 -9.76572751952065e-03 3.48316499342999e-03 3.31857829186040e-04 -2.13444087885191e-04 -2.12690592853145e-04 9.50748594694949e-04 -3.81599608557368e-04 -2.92049224582815e-04 1.13682375995494e-04 -7.90869946310355e-05 -1.81342759826901e-06 1.58588080938262e-04 6.92571856359507e-05 2.87091937789028e-04 6.93427826698581e-03 2.39088529565124e-03 4.07005738390216e-04 -2.69484489584877e-04 -7.76129863048454e-05 4.66371619275491e-04 -6.79741639700237e-04 -1.38172942631548e-04 4.99432558650243e-05 3.38771066732356e-05 -7.63148334114865e-06 3.89825194496672e-05 -2.56139965767593e-04 -1.98562757509275e-03 1.12001681034503e-02 -3.99971396466280e-03 3.27736418161508e-04 2.68760662104510e-04 -1.73488858778331e-04 9.65484751952561e-04 4.41353561319019e-04 -2.23972777906022e-04 1.48796348127820e-04 -4.70417961933889e-05 -2.26984484421327e-05 -1.17524632119343e-04 -7.42273404308891e-05 -6.70204282810409e-04 -5.66596295907724e-03 -2.69866100724059e-03 4.05654988588688e-04 2.56437782535239e-04 -2.35800177132972e-06 4.41550859296728e-04 6.80050485592539e-04 1.03035387712123e-05 5.82460370123740e-05 -3.25736312517643e-05 -3.05397497003175e-06 -2.41088771880991e-05 2.30740689968320e-04 -2.16390522199268e-03 1.00354096634741e-02 -3.94303025227141e-03 3.66485498863977e-04 2.20069196638671e-04 1.59079951089240e-04 9.87097182340821e-04 3.32513216867931e-04 3.14482765825885e-05 1.34957635616943e-04 3.73206389977395e-05 -5.64500392168026e-05 1.52489276677985e-04 -3.44697385585638e-05
 2.26203441604089e-03 -1.34846914439024e-03 3.42066696354373e-02 -7.30064329082832e-03 -2.29258125789017e-03 -1.56563029136611e-03 5.43384998172779e-05 -2.59921186026817e-02 2.37625087583624e-02 5.80727130905469e-03 1.44313559492021e-04 -6.20046796144498e-03 -8.45676060401173e-04 -1.88192795279267e-04 5.55249060693093e-05 -7.94100986396656e-04 -3.07329568684800e-04 1.36387883935492e-03 -2.46926976437121e-03 3.39603631320365e-04 -1.60539773595649e-03 -8.39914329429544e-04 1.71804848613810e-03 9.14237617098649e-04 -1.40531171832115e-04 -2.46776499255452e-05 -1.28085962832654e-04 5.36947463700336e-04 3.10325707623423e-04 -6.98373421787870e-04 3.53417875216443e-03 -1.32817938876795e-03 -4.46669188987222e-02 3.29624712141988e-02 4.38671155092488e-04 2.64025174537273e-02 3.14763192348309e-03 -1.71911156927564e-03 -1.56858552270789e-01 -1.70328219036668e-02 7.72669660197844e-04 5.84450862958453e-02 7.04369258488954e-03 -5.28904542278350e-05 -8.12320059054268e-04 1.22541845989533e-03 -2.85663435103004e-04 5.00315529527498e-03 -4.78704255363513e-05 4.27339132842081e-04 -4.92485322728838e-04 3.12571393878382e-06 -4.81161594863749e-04 1.03644016628831e-03 -4.33900775193690e-05 5.97036376559426e-04 1.57268428433255e-04 -1.15962797941566e-05 2.23939899634511e-04 6.34623705493602e-06 6.17537454002653e-03 7.58322869904613e-04 -4.36759711241890e-02 1.55794406026851e-02 -4.47525828447505e-05 -4.90239560316861e-03 -7.19860713830175e-04 1.27344885889940e-03 1.66320802693488e-01 2.41077161991345e-02 -1.79288627934255e-04 -1.06364592729162e-02 -1.42258692408119e-03 -5.82153307039808e-05 -7.08043679941264e-04 1.43341824261539e-03 -1.67654224922242e-05 2.65763489869728e-03 -7.27874989048978e-05 -1.37839374670250e-03 2.72894556924388e-03 -8.33663840647057e-05 5.74322125972730e-03 -1.43243367022582e-03 9.13977718373968e-05 -5.14647282977740e-04 -1.67249903731087e-04 2.09376232169123e-05 -3.38827660064935e-04 -1.71207573505969e-05 2.67770720078774e-03 -1.51139919465875e-03 3.51393626178947e-02 -7.29794350860641e-03 2.39908378365467e-03 -1.70285827852162e-03 -3.05214957107835e-04 2.69729324141875e-02 2.28535367365022e-02 3.16387153650595e-04 -9.34337945316696e-05 -6.16551417825428e-03 -6.47444405780691e-04 2.57898206057538e-04 -9.48720345824130e-07 -7.86871744043132e-04 -1.99483654966629e-04 1.35278096745901e-03 2.53282540035375e-03 -1.06452214523387e-04 -1.68604516771400e-03 -5.53982925518180e-05 1.72629050042545e-03 9.40512061399765e-04 -8.19221650661312e-05 -3.74029230248417e-05 1.17989333501964e-04 -5.75565129912855e-04 -2.64279010907538e-05 7.23826424254816e-04 5.46092568310088e-04 -6.81445754029112e-03 -2.54382111613655e-03 -4.28061835798460e-04 3.26447793493961e-04 9.17708488398497e-05 -1.11337825955365e-03 1.09715060950699e-03 9.29158267317316e-04 -1.35276079553298e-04 -9.12522149719125e-05 -2.82418783165106e-04 2.48971286755055e-04 3.29542725052071e-05 7.46909784326732e-04 -6.77284789159170e-03 -2.32607066222759e-03 -4.13335507415357e-04 3.13433838536799e-04 6.77576233648316e-05 -1.25362522190030e-03 1.28106418516975e-03 -3.56317419796219e-04 -1.88733643694581e-05 1.96883416615735e-04 -1.25383510794129e-04 -3.37471402915481e-04 1.95305987525348e-05 2.63353770106925e-03 1.32536984943412e-02 1.95549903306830e-03 -2.09619921659074e-04 1.94197088409408e-04 5.18440598371047e-05 -2.10350289707342e-03 -1.09264841733234e-03 1.15640194539737e-04 1.87899042422251e-04 -1.51765574020380e-05 -7.69654393519104e-05 -1.03466546571359e-05 5.91339997006314e-05 1.62186636722018e-04 -5.92027850803129e-03 -2.89242007435442e-03 4.42985398690958e-04 3.20120726051933e-04 -5.00986085974484e-07 1.21340705657720e-03 1.01500075509689e-03 7.69207953040123e-04 1.02749587668603e-04 -1.00985834517743e-04 -1.97777555410358e-04 -3.27886225178321e-04 -1.26402861209756e-05 2.92716793187648e-03 1.23184045704005e-02 2.35406872979477e-03 1.95956962260384e-04 2.00172207997993e-04 1.26516901816320e-05 2.14903323175504e-03 -1.14028399152187e-03 -3.45760746770430e-04 -1.89807904561894e-04 2.93221570217794e-05 -8.54090875974407e-05 -3.51973913524160e-05 5.84180561071985e-05 4.09681338877257e-04 -5.69712941438390e-03 -2.60505573216127e-03 4.33173385985738e-04 3.12323425803895e-04 -1.23865292731796e-06 1.09154951692820e-03 1.26967152808153e-03 -6.58126520083609e-04 6.86747266062230e-05 1.77492727853721e-04 -2.41429706547209e-04 2.55115112410493e-04 7.27596489860824e-05
 6.30232321409554e-04 -2.87744017303783e-04 8.56921524355337e-03 -1.27373124546571e-03 -1.27643007767325e-04 -9.39280652106545e-05 -9.68887330226289e-04 -6.42968888224146e-03 3.60658715439405e-03 3.33765853331350e-03 3.92490838376967e-04 -7.39309002769808e-04 -2.69136685432695e-04 -1.81443986161459e-04 -2.82980042839599e-04 -2.18310925778149e-04 1.44903723334832e-04 1.40146733788725e-04 -5.35343870193562e-04 1.59938183051549e-05 -2.90663626438666e-04 3.39818326840411e-04 2.07477772933109e-04 1.90330796253725e-04 1.16051511004010e-04 -8.76235340976468e-05 4.60049315664835e-05 1.46038712534189e-04 -4.23939150162079e-06 -3.61728476540231e-05 4.18236071587128e-04 -1.67212652069417e-04 -5.67800988578191e-03 4.21382356288004e-03 -3.43254023744980e-04 3.14763192348309e-03 1.56920604011262e-03 3.89049597676837e-03 -1.61468885849850e-02 -2.78060620604673e-02 -1.72526736736930e-03 6.94170618721746e-03 2.79286200479849e-03 -2.63550550712417e-04 -1.01842459337472e-03 -5.26384434165642e-05 -7.13747120758548e-05 4.91901388949402e-04 -4.21026647634816e-04 -1.81915427932854e-03 -4.78306151270557e-04 -7.66694287221378e-05 -3.36541547861795e-04 6.93515556742304e-05 -8.84668852527767e-06 -6.32731952311648e-05 2.25849396075703e-04 -1.87091341643927e-05 3.54899504061664e-04 2.89397149397998e-06 7.61425189772524e-04 1.02498427835580e-04 -5.36067606035930e-03 1.91054547169003e-03 5.15318261026978e-05 -6.49840283075024e-04 4.58310842412576e-04 -2.01696832607803e-03 2.50121319951331e-02 -3.23990843710759e-02 -1.29998263545571e-04 -1.38884104077978e-03 5.84454340879358e-04 -5.36227855698692e-06 3.46663594414589e-04 2.73444907893291e-04 3.76758310871788e-06 3.81805611222433e-04 -7.30125262897701e-05 8.87580930753671e-04 5.75970921044245e-04 -9.91023484778925e-06 8.55615067022139e-04 -2.11868644918498e-04 1.31808588786079e-05 -1.23788260918668e-04 3.88721343263932e-05 -2.46340597783757e-05 1.66943266974294e-04 -1.82509726628291e-05 -9.33952555002239e-05 -3.70953785611567e-05 -2.86903499420617e-04 -5.46400669425478e-04 4.73917072155401e-04 -8.67973133923072e-05 -1.02387356760650e-03 1.43286413707525e-05 1.54969140918708e-03 2.41632520539091e-03 3.62476129989775e-04 -7.36938021229955e-04 -2.79138088417682e-04 -7.58138667017887e-05 -3.02774874720325e-04 -1.06064361819227e-04 -2.49493195164263e-04 1.11938139411125e-04 2.21504182059020e-04 -7.87129542206556e-05 -1.20131562799253e-04 -4.80380652026094e-04 1.85201900808133e-04 4.45457348822943e-05 -1.65131378628850e-04 4.87442553043371e-05 1.22241823110832e-04 -5.10977262460785e-05 -4.89754487908082e-05 8.36362249659768e-05 1.88739145650420e-04 4.38624242917364e-03 -5.83750823963512e-04 -4.36312071048876e-05 6.97695890906302e-05 -1.59186573247622e-05 -2.84551621039278e-04 3.55133712249251e-04 -9.44623150143257e-05 -4.93557792711325e-06 -4.44967084040726e-05 -3.18987090182860e-05 3.20207374917290e-05 4.25854191298922e-06 -5.17967405257135e-04 -3.93368121297265e-03 -8.15927165140706e-04 -1.39251977066382e-04 6.32510035407973e-05 2.40913564204928e-05 -2.47533442222647e-04 5.97176512906334e-05 -2.85267342992978e-04 -4.17360721071405e-05 1.64334060730812e-05 -2.92047417007182e-05 -8.34309392276052e-05 -2.06867921812497e-05 3.22620952404337e-04 8.49918216764634e-04 -1.10437786006494e-06 -6.51123736170242e-05 4.83385478587738e-05 3.17954624880131e-05 -3.21768293265174e-04 -5.80203375614925e-05 -7.65878024818708e-05 1.01011232230588e-05 -3.20616420253346e-05 -2.21074197313553e-05 3.67231675179552e-05 3.39028761023113e-05 6.47403645009017e-04 2.29388299767456e-03 2.26704581984122e-04 -3.39756414900171e-05 1.44396209632289e-05 9.40769029951122e-06 5.40109783393331e-05 2.77507903472944e-04 -1.19668945431360e-04 -3.87350468554600e-05 -3.46996979163482e-05 -1.66358243309790e-05 -1.18221554517052e-05 1.53591735755953e-05 4.39653422695901e-04 2.24428244071088e-03 5.51908234456155e-04 -1.42396368554437e-05 -6.01412725883291e-06 1.82212736425648e-05 2.20321149103564e-04 -2.08800759986481e-04 -1.36888984553858e-04 -2.86977689403138e-05 -2.17986926420071e-05 -1.01884862305211e-05 -4.55007676806601e-05 -2.57458843186698e-05 -9.27043834527473e-05 -5.95403004845775e-03 -6.07843928153600e-05 6.50721852247787e-05 1.83431340314760e-05 -3.36656996583648e-05 -2.95712495913014e-05 -1.92719136855710e-05 -3.45049540573816e-04 2.00095586072577e-05 -5.88871498655058e-06 -4.84009196656515e-05 3.40339793054751e-05 1.25688001019326e-06
 8.76500226286677e-04 -1.04083049540874e-02 3.45912208959729e-01 -6.96599771064302e-03 3.80070134857982e-02 -2.14310077976634e-02 -6.49345981522803e-03 -5.18398300557764e-01 3.29624837779122e-01 1.02725139800907e-01 6.78443518190837e-02 -2.46270039361288e-02 -1.16174178679930e-02 -1.51117567484694e-02 2.91797127787162e-03 -5.77864717728976e-03 -3.58457982360708e-03 1.60849650507257e-03 -2.14001437735782e-02 4.34206428425653e-03 -4.70665725906604e-03 -4.92658464744097e-03 -3.24617698950622e-03 6.08975349064681e-03 -2.90179627055588e-03 -3.83619475269141e-03 -1.99786478599561e-03 2.48534918064936e-03 3.60762556483022e-04 4.12486915134051e-03 -1.58487153956604e-04 -1.20751009654647e-04 5.49808638340421e-04 4.72295351071644e-03 -6.32493637722977e-02 -1.71911156927564e-03 3.89049597676837e-03 9.78856585993854e-01 5.27231822736857e-03 -3.33101458924297e-02 -2.88751729138619e-01 -4.45467819753979e-03 2.13151547486715e-02 -2.17765299227192e-02 3.91049199721276e-03 7.78868673062946e-04 -2.53165211504054e-03 -3.40694171500055e-04 -3.02311080722414e-02 6.96719161358452e-03 8.09638273822005e-04 -4.22374394140480e-03 -7.84375791565022e-04 1.45887467089387e-04 1.33802852984605e-03 8.05008742130555e-06 2.11870414920511e-04 -3.92256667070108e-03 -1.07568458752743e-03 -2.33164573929790e-03 -1.80625491580725e-04 2.30767647014466e-07 2.98431910535235e-03 -2.72456642934808e-03 2.65539920028361e-03 8.67034565591534e-04 -1.46037480151339e-03 1.99722655259153e-01 -1.92601532867660e-02 5.32113443189267e-02 -3.26928082876299e-02 1.53419381033656e-03 1.44552695069647e-03 -6.53830776879124e-03 -2.84290699248272e-04 -1.44337809228710e-04 -7.89723380415764e-04 -3.84967868399274e-04 -2.60027050326640e-02 3.89648976412077e-04 -6.14261180401101e-05 -3.28744196320942e-03 -7.02425456548532e-04 2.32845787812293e-04 1.34163833369900e-03 -5.91712504144418e-05 2.28876995626462e-04 -1.49121867368144e-03 1.44283525535486e-04 -6.63893576248829e-03 -2.25083373672819e-03 1.20232559402696e-02 -3.53344310825270e-01 2.74760646345851e-03 3.89173460922823e-02 2.06994305823479e-02 3.03062472933955e-05 -5.32329333243647e-01 -3.36991015218922e-01 1.98260296623681e-02 6.85773569326310e-02 2.35264760522198e-02 -5.89554692538198e-03 -1.56324639189547e-02 5.67967141147749e-04 6.63002073477815e-03 -3.21818070686541e-04 -1.82511503694553e-03 -2.14527008465392e-02 -5.73914488366406e-04 6.82537787007517e-03 -1.70595877086931e-04 1.07198870955960e-03 -6.54526787337755e-03 6.86217910500728e-04 4.30590954580589e-03 5.34962566069517e-04 3.30142793584167e-03 -1.67835980620800e-04 3.71775208634157e-03 9.50103509668482e-03 -8.23199102574345e-02 1.30462287624253e-02 -5.33236906206892e-03 1.62407957984449e-03 3.48344896234495e-03 -1.49362754728930e-02 5.73873900602519e-03 4.54867145410732e-03 -2.36003027728082e-03 5.04005087433862e-04 -1.69466137791799e-03 1.74375748083070e-03 -7.12508086892726e-04 1.32776399787469e-02 -9.28256000202723e-02 1.99410079292269e-02 -5.56988482221403e-03 1.78360555428001e-03 -2.24021240240689e-03 -1.54611212898289e-02 6.47924788437884e-03 -1.83572164081246e-04 -1.67180583886135e-03 6.80604722946448e-04 -1.07715001283787e-03 -2.55372399580592e-03 -1.02105172124952e-03 1.11894678898304e-02 -1.30826795920929e-01 -2.59748129939150e-02 -5.95740632219976e-03 6.07646296614459e-03 1.53300387276221e-03 -1.00660581154618e-02 1.17310199640740e-02 3.03866863055982e-03 -5.25368240032582e-04 -5.90133245387219e-04 -1.14854754400962e-04 -7.01501190031666e-04 4.39754158172917e-03 -1.59516098854172e-02 9.36729477996412e-02 -1.92897201327725e-02 -5.66843512018857e-03 -1.11482297479797e-03 -2.65721557734625e-03 -1.59466743698064e-02 -6.27090999905667e-03 -8.00685050490031e-04 -2.32216483610164e-03 -1.52500466822852e-04 1.09878216390018e-03 2.01584954445751e-03 9.71479524783514e-04 -8.04098589405984e-03 1.31104721000993e-01 2.63587204019116e-02 -5.89660700735772e-03 -6.27942312502792e-03 -1.14283454332478e-04 -9.68246163126823e-03 -1.27189872507382e-02 4.18558983220253e-04 -7.30228778814750e-04 4.60696870310265e-04 2.07406296483638e-04 5.52394379193949e-04 -4.18083256939162e-03 -9.26172720552396e-03 8.45395411878474e-02 -1.35843817880967e-02 -5.36118141588282e-03 -2.17459389979267e-03 3.15955556499623e-03 -1.54895708146878e-02 -6.60686697739455e-03 3.84534676853183e-03 -1.97828967556554e-03 -2.27170938474053e-04 1.94339735736293e-03 -2.22325484537570e-03 6.39032516492757e-04
 1.46030713205507e-03 8.02254738358022e-03 -1.80073540449055e-01 5.95877648901519e-02 -2.24105600404479e-03 1.25610389737341e-02 1.75119523628779e-03 3.18981673827051e-01 -1.68675266813007e-01 -6.69885858653010e-02 -3.76343893723693e-02 4.47137954296520e-02 1.29223590706110e-02 4.73915507944602e-03 -1.04436646949690e-03 5.99123650276987e-03 3.24154823878284e-03 -1.02217212857227e-02 1.89887517945229e-02 -2.20564081788879e-03 1.08161629963939e-02 7.75261950350416e-03 -1.54148184376861e-02 -6.02743228127746e-03 1.33718417521444e-03 7.84293813174014e-05 1.11224290213700e-03 -3.60822244538629e-03 -2.32095519702622e-03 4.91666434955235e-03 -1.32087468455080e-02 1.21828748764999e-02 -4.40372446424983e-02 -1.44318655726659e-01 -1.66946318312847e-03 -1.56858552270789e-01 -1.61468885849850e-02 5.27231822736857e-03 1.03471237068214e+00 5.03462397782886e-02 -5.80510860553153e-03 -3.57407366428890e-01 -3.71700627648644e-02 -1.25905514567405e-04 2.33300938912408e-03 -4.14531309038470e-03 2.34446479799469e-03 -3.04124000057581e-02 -4.48573950293418e-04 -6.76795462102862e-03 4.85076876444870e-03 4.27088676482847e-04 4.18481578674694e-04 -2.30496634476592e-03 -4.35815565070574e-04 -5.08326890819696e-03 -7.14489269525530e-04 -1.87536770126660e-05 -2.99763831667740e-04 1.95158969648772e-04 -7.20066371004309e-03 -3.38097159295293e-03 3.11963215658065e-01 -7.89368659364443e-02 4.70269444887799e-04 2.52771592074983e-02 5.03751898957944e-03 -1.87217268916399e-02 -9.00599512240823e-01 -2.09684217383153e-01 1.18961200026422e-03 5.71846976104677e-02 9.88254039619931e-03 4.52122332727661e-04 4.96001958315660e-03 -7.78449500564359e-03 1.20396669204598e-04 -1.47257896936166e-02 5.95289375570898e-04 9.69415490827282e-03 -1.42049113430938e-02 4.07525480948391e-04 -2.96948876872541e-02 8.13785673982030e-03 -5.59795221005116e-04 2.74615372754113e-03 1.07914335075498e-03 -1.60157721225954e-04 2.39287636540461e-03 1.53321669058671e-04 7.14405558843313e-04 8.72666322451522e-03 -1.83290564887591e-01 5.60365862045478e-02 1.76460966787725e-03 1.49423966913682e-02 1.16923989617062e-03 -3.27590523307432e-01 -1.70977039282261e-01 -4.88030330443284e-03 3.77614966538870e-02 4.46266658788685e-02 4.38660046475902e-03 -5.22588324510742e-03 8.44623400773328e-06 6.36506585665642e-03 7.04553178575022e-04 -1.04122589506620e-02 -1.91327161745529e-02 1.15639932866317e-03 1.18063618640212e-02 -8.41045500022360e-04 -1.55629585870886e-02 -6.20160167970660e-03 1.73985747612761e-04 2.23773587651856e-04 -5.90407142793976e-04 3.98973901892983e-03 5.07058748132815e-05 -5.15631714433416e-03 -1.03683123726532e-02 7.64681166002906e-02 6.59005225016861e-03 4.35339399272967e-03 -1.79007534847298e-03 -1.55809454143986e-03 1.12980182164820e-02 -6.76765899714062e-03 -6.17523354868179e-03 1.54187340675796e-03 3.91526784832271e-04 2.00634140194139e-03 -2.21949352938114e-03 -3.29421526383201e-04 -1.59391830713108e-02 8.89770843541138e-02 -1.51642953658291e-03 4.15858973218702e-03 -1.44387446595491e-03 6.10162541889037e-04 1.19391742085380e-02 -7.39007884608562e-03 1.34774782731422e-03 5.08270410189924e-04 -1.10234303047160e-03 8.27556587558200e-04 2.88062927555943e-03 -2.15884984291900e-04 -3.57300547210067e-02 4.62853464943364e-02 -4.51548121753394e-02 -7.07594340026239e-05 -3.64293371756494e-03 -6.50394509943490e-04 1.26587496759001e-02 2.88353843487492e-03 -1.92555156605843e-03 -4.72805799389798e-04 1.70712097855613e-04 9.31385625953298e-05 3.09707861002277e-04 -7.72775844383101e-04 -8.33977933849892e-03 7.56797212041643e-02 7.87324430634549e-03 -4.61201939684294e-03 -1.74271153944595e-03 -7.69826247736563e-04 -1.18599734340393e-02 -6.26970186773767e-03 -4.65419073757246e-03 -1.32692933237345e-03 5.68312209224180e-04 1.30646094066674e-03 2.76565874201027e-03 1.02585920692177e-04 -3.73804153558956e-02 4.73810872916083e-02 -4.60771256821959e-02 -1.88507830508168e-06 -3.64184543898024e-03 -6.57754349630344e-04 -1.35377358856785e-02 3.39995132331457e-03 1.07820822881067e-03 5.64295101628580e-04 -2.89266785292458e-05 2.91715961280594e-04 -1.72380212222183e-05 -8.21830651048920e-04 -1.43940895491149e-02 8.88649770353090e-02 -1.64709010089990e-03 -4.05408766921842e-03 -1.44856716092885e-03 1.43228357285909e-03 -1.09566056848986e-02 -7.36009331031413e-03 4.33526657043680e-03 -8.04493796903616e-04 -9.06571163827232e-04 1.83620090607274e-03 -2.25179757839864e-03 -6.72488992227891e-04
 1.78471043686739e-04 1.99942414611943e-03 -5.56908436012073e-02 7.12212008737500e-03 -4.00628772243436e-03 3.54087638520048e-03 3.20013300404299e-03 1.01183335550152e-01 -6.78100610388800e-02 9.94573119925537e-02 -1.37193548149594e-02 1.08537746305714e-02 -2.48015364216305e-02 2.96482087838486e-03 2.77980939186726e-03 2.91271678047446e-03 -4.08238493070248e-03 -1.47739658733496e-03 6.45529304677956e-03 -5.48250865020534e-04 3.87589094115366e-03 -1.24228408751075e-02 -2.64745518493358e-03 -1.95724270355650e-03 -3.27593825006636e-03 1.53339920624374e-03 -1.89670360433400e-03 -2.32176125345739e-03 1.14447981647471e-03 -2.83526221584398e-04 -1.67752612259660e-03 1.62109643456920e-03 -5.23316577476562e-03 -1.94782797273490e-02 3.19193437379690e-03 -1.70328219036668e-02 -2.78060620604673e-02 -3.33101458924297e-02 5.03462397782886e-02 6.37280653800978e-01 2.28679286485593e-02 -3.69849027721524e-02 -6.26435080364160e-02 3.87306822623902e-03 1.86699139273860e-02 3.60898631853407e-03 8.62801002936396e-04 -1.34000852399718e-03 7.29869797657859e-03 3.70488787065979e-02 8.96000940055485e-03 1.34591185778801e-03 5.73376645366883e-03 9.64508186141835e-04 1.81809718141409e-04 2.65471846033890e-03 -5.80154658140103e-03 1.25879080825948e-05 -6.75391669742394e-03 -4.58504126734235e-04 -6.57214189312951e-04 -6.02377007128083e-04 3.95755009060411e-02 -9.49160750004739e-03 -1.30348417605405e-03 4.13086123679404e-03 -1.17605801124847e-02 5.31964855636802e-02 -2.09228592681956e-01 7.47889935936524e-01 8.25289027571277e-04 9.40852638278937e-03 -1.93481874575784e-02 -3.15442418395060e-04 -9.34455944928046e-03 -3.18218173897252e-03 -1.58640492598344e-04 -3.06750262756550e-03 4.31629598085602e-04 -2.29222639490594e-02 -7.16188928856951e-03 -9.15659449108228e-05 -6.99443506896187e-03 1.80217997640105e-03 -4.49718232799009e-05 1.72644414786015e-03 -1.33049349945874e-03 4.92187661450255e-04 -4.38665136148342e-03 8.50729104382768e-05 2.49478510386953e-04 -8.83656895861837e-05 1.09565939617570e-02 8.73643554559100e-03 -4.15262017763321e-03 -6.87275172134712e-04 2.41706259907925e-03 2.17503323715889e-02 -3.63641779284242e-03 1.15297829225378e-01 -4.05029668147199e-03 6.87715566142525e-03 -2.58496110754227e-02 5.15883884361637e-04 3.26737856017040e-03 5.92720708614985e-06 5.14133540930559e-03 -1.85780994700547e-04 -2.32753191145707e-03 8.24191464734506e-04 -1.10739669982976e-03 1.33040140054483e-02 -9.63034378659651e-04 1.04759353893476e-04 3.88847459089514e-03 -6.25217319477484e-04 -2.80850850822458e-03 1.60958536788697e-04 1.54492042592306e-03 -2.22036527529949e-04 -2.47092856038821e-02 6.90065842391127e-02 -3.44782224487910e-02 -4.35344184211586e-04 2.06763774733099e-03 -1.17872051770452e-03 2.80045819240329e-03 -4.16445481801620e-04 2.85686759899142e-03 -3.25819072306890e-04 -3.67860890513464e-05 -3.10998459502639e-05 -1.75067914961153e-04 -6.00337508871535e-04 2.01778920088024e-02 -3.18550066792308e-02 3.16241497020089e-02 2.36903452810047e-03 -2.50431398467294e-03 -1.18159762481529e-03 3.75949921755965e-03 -3.29162325407422e-03 3.81513065517931e-03 7.77537498118625e-04 -7.20686192499682e-04 3.73714319977952e-04 1.10440247242101e-03 6.99780298304660e-04 -5.76532313934791e-03 1.85216810216900e-02 -2.83252254044519e-03 6.75831594636882e-04 -1.19060791220452e-03 1.05753015029468e-03 3.12984148138107e-03 -1.57686630061824e-03 5.99417159640890e-03 2.25720656518757e-04 1.87784413606332e-04 2.88032103058088e-04 -1.39688645139498e-03 -6.22879288648228e-04 -2.33167240295010e-02 5.23727625599383e-02 -3.14321075037844e-02 1.32978434832981e-03 2.29294781478797e-03 -7.46620190655079e-04 9.27185017398237e-04 5.89418426486202e-04 3.60550016255451e-03 7.91470478430254e-04 -9.32539010714625e-05 -2.69097254978822e-04 -1.84321885346989e-04 -7.80657658610490e-04 -4.41780034142337e-03 -6.96218137690225e-03 -8.19413501278242e-03 6.45637768557427e-04 1.80222716245565e-05 1.25841560816872e-03 -4.22830716751641e-04 9.78443143219008e-04 6.27546598172773e-03 1.52458204021916e-05 1.29177733169884e-04 -1.90046954525540e-04 1.43954969898660e-03 4.59220641540668e-04 2.19783943485354e-02 -4.88791333412324e-02 3.53973717695398e-02 -1.56845924776653e-03 -2.17494547509640e-03 -1.37086089061836e-03 -1.17024673783521e-04 -2.04125079622842e-03 3.88867037836245e-03 -6.40836251890723e-04 -4.21954700824165e-04 4.39942493981916e-04 -5.89904111244409e-04 3.92852595653831e-04
 -4.07450866462305e-03 4.24312792428674e-03 -1.44623167375958e-01 -2.80384079396817e-02 -6.10250740997902e-03 9.45881547413630e-03 2.86944936588486e-03 1.56114310232417e-01 -1.55702426077514e-01 -4.31848966974476e-02 -1.67897170463918e-02 3.23441408893519e-03 3.29525574471206e-03 4.00246954240420e-03 -6.20095491890540e-04 2.73731579260613e-03 1.17039590208958e-03 -1.74900901805890e-03 7.06771598603297e-03 -1.40402279505740e-03 1.94839606586396e-03 1.44208451904948e-03 3.72457724949834e-04 -2.22276901163869e-03 8.02796008747927e-04 1.11534446530283e-03 5.64211152448623e-04 -9.24814872899217e-04 -2.21737249595445e-04 -9.18987406405529e-04 9.12910373369760e-05 5.68188337928105e-05 1.12933220156264e-04 -1.95376514925385e-03 1.80588389263253e-02 7.72669660197844e-04 -1.72526736736930e-03 -2.88751729138619e-01 -5.80510860553153e-03 2.28679286485593e-02 1.13582712770931e-01 2.29405409234879e-03 -9.60850896760170e-03 1.26849218943297e-02 -1.21977444822475e-03 -2.11790064325042e-04 1.48069608060112e-03 2.84327560619006e-04 1.57906645856497e-02 -1.59303441138070e-03 -1.95378929635436e-05 2.03583335050431e-03 5.98179943510391e-04 7.03420631858790e-05 6.20541666266592e-05 3.94668016608405e-05 -1.16691623262898e-04 9.74469554610464e-04 4.42306636842147e-04 -1.77480707277131e-03 5.32666339248585e-05 -8.54530831219630e-06 -1.42187794167814e-03 1.47882894592201e-03 -6.18789398966550e-03 -4.44596613612509e-04 6.74465231980247e-04 1.49886691273154e-01 5.59452593007441e-03 -1.54317423395486e-02 1.78010759174027e-02 -6.96103348280725e-04 -1.68463693675257e-03 6.35569771952842e-04 -4.70053406800513e-05 3.45597841808515e-05 6.55889536712704e-05 1.04076141648873e-04 4.18252189408987e-03 -3.57412576647958e-04 -1.87301194427932e-05 5.34213508993573e-04 1.19071964318814e-04 -4.63208643071205e-05 -2.91922929384017e-04 3.94333788066659e-05 -1.68491510607163e-04 6.93037822088991e-04 -1.73997844187841e-05 1.02227132624977e-03 5.89913045981170e-03 -4.85939221732124e-03 1.45407716986361e-01 2.99303471632464e-02 -6.62258410543602e-03 -9.52840350933828e-03 -2.65314542029325e-04 1.65184222537023e-01 1.58761803486524e-01 -5.69100716436862e-04 -1.71824832485976e-02 -2.90812654267765e-03 2.23038870250952e-03 4.23300570769039e-03 8.17983189376272e-05 -2.89318848462937e-03 -1.15406896713301e-04 1.89948893574749e-03 7.04256223184476e-03 1.07686791322981e-04 -2.73102756671488e-03 1.38039368647150e-04 4.88476797266045e-04 2.36777411046959e-03 -1.82132082910598e-04 -1.23069968785523e-03 -1.38626173284300e-04 -1.14393156327501e-03 9.06961714721317e-05 -7.20751916553435e-04 -4.35689428759102e-03 4.21914098045961e-02 -4.03570081692569e-03 1.63311450346822e-03 -9.78861932939771e-04 -1.43169983748005e-03 5.29166632661115e-03 -2.88568253954304e-03 -2.45361191462354e-03 6.89626372400990e-04 -4.73892802866916e-05 7.02166769818624e-04 -5.65412542785258e-04 3.19817426063325e-04 -5.64419123950337e-03 5.62362998945109e-02 -7.27038587586427e-03 1.80577160090361e-03 -1.00705922840216e-03 9.83506082092383e-04 5.59710239365755e-03 -3.00566564399181e-03 1.10816777613962e-03 4.58696004456656e-04 -3.37441845274771e-04 4.61140480888219e-04 8.46340548700129e-04 3.87228239802483e-04 4.04337805649957e-03 -1.27581072489981e-02 3.36835956681238e-02 2.95513347215858e-03 -1.21788241698340e-03 -5.49967332831138e-04 4.21438877163744e-03 -2.53014450277858e-03 -9.16717543765442e-04 -1.84939889811711e-04 2.31191277733737e-04 2.44183390517495e-04 2.22152860860014e-04 -1.63061359791843e-03 6.32130498869474e-03 -5.42841805150448e-02 6.45300205970536e-03 1.88510773114041e-03 7.55467691642200e-04 1.21677455752716e-03 5.84076412649827e-03 2.66286996946536e-03 1.52130224493350e-03 6.95911527372681e-04 8.45039229770490e-06 -5.10672051335762e-04 -7.11961547507038e-04 -3.95395329236988e-04 -4.41001086781175e-03 9.28165853057087e-03 -3.26268375313433e-02 2.86012824130235e-03 1.33755296589671e-03 -1.40874961971460e-04 4.11424557711911e-03 2.91523013709208e-03 -3.24702964175541e-04 -1.26495619043668e-04 -8.16290212964726e-05 -2.46052363772955e-04 -2.40986098057587e-04 1.57292068526474e-03 4.96827078026185e-03 -4.71392985903173e-02 5.25604528804144e-03 1.68012570795874e-03 1.15060895681341e-03 -1.27335166481418e-03 5.50716423103930e-03 3.32660245279593e-03 -2.02716311119147e-03 5.66611466176943e-04 2.33574120818769e-04 -7.44759171794462e-04 6.99633481803076e-04 -2.60556804303258e-04
 1.48956302891632e-03 -2.75916782845960e-03 6.79802139801822e-02 -1.61831784958542e-02 -1.60430315168503e-03 -1.68066406187059e-03 -3.70545327071297e-04 -9.14699974079309e-02 2.41462255583970e-02 1.54826773494908e-02 3.65197669039900e-03 -1.16972286937404e-02 -2.63344280448007e-03 -1.11011031566739e-03 5.05591729802787e-05 -1.31828117412057e-03 -6.98972294287743e-04 2.87619622682135e-03 -5.71471870216956e-03 5.01374929066205e-04 -3.05848600373666e-03 -1.95920002704456e-03 4.73047014465695e-03 1.93640240040391e-03 -2.64348377543273e-04 2.58886956990954e-05 -2.81360089840069e-04 1.24519769787441e-03 7.49448213081832e-04 -1.85677852964226e-03 3.22612718247543e-03 -4.14072052720666e-03 -7.22226028811396e-02 7.29019433193048e-02 9.52336163642393e-04 5.84450862958453e-02 6.94170618721746e-03 -4.45467819753979e-03 -3.57407366428890e-01 -3.69849027721524e-02 2.29405409234879e-03 1.40709703230913e-01 1.65862241026603e-02 -1.93587383984849e-05 -1.43216418180160e-03 1.88977719181906e-03 -6.12735865315287e-04 9.30424942996872e-03 3.70328640252266e-05 1.74045982690632e-03 -3.29734151901353e-03 -5.47186484725253e-05 -3.95262305074322e-03 1.34547683927017e-03 -3.09183201852234e-06 1.22675802401450e-03 2.76677662074491e-04 -1.34122457278041e-05 3.38222278256807e-04 -3.02784725402033e-05 -4.46418509586755e-04 2.06773038193182e-03 1.43457093346071e-02 2.76109491515361e-02 -1.71227147102871e-04 -1.16717494186698e-02 -1.71254934349532e-03 4.69192881804574e-03 3.98049367684875e-01 5.73784100349318e-02 -2.55806553308948e-04 -1.80477863714354e-02 -2.57605604070376e-03 -1.33350521340973e-04 -1.58904258989644e-03 3.18468899951280e-03 -3.96774854991412e-05 5.86760790394950e-03 -1.79424139214077e-04 -3.17203999915872e-03 6.18005688003295e-03 -2.00356509222584e-04 1.31976055198959e-02 -3.17454719471739e-03 2.09871296836807e-04 -1.10670834365547e-03 -3.67089587392655e-04 4.87410312817139e-05 -7.45784453550681e-04 -3.95024041077517e-05 2.08674460118952e-03 -3.11795663270910e-03 7.11099862297459e-02 -1.56324513971966e-02 1.93624282145826e-03 -2.39681321012988e-03 -6.50927446639741e-04 9.39573198696688e-02 2.44919363606049e-02 -1.50495634421225e-03 -3.57165511366068e-03 -1.18453715642381e-02 -1.63940546357610e-03 1.24203275720247e-03 -2.29405213778999e-04 -1.37193761889043e-03 -2.75502661371147e-04 2.89216184771965e-03 5.88574722596527e-03 -5.06734334135513e-04 -3.20436862682429e-03 1.50485766381516e-05 4.71178078743809e-03 1.99278062239082e-03 -1.81715865658419e-04 -3.36428812577937e-06 2.90932363191178e-04 -1.34300648806601e-03 -9.03021994633466e-05 1.91567706015710e-03 -4.93636047989238e-04 -1.10380107745876e-04 -9.27912248153725e-03 -1.38213082946575e-03 7.12858426820189e-04 -7.83512481588398e-05 -3.65961931159977e-03 2.23001858673518e-03 1.67562337634323e-03 -4.18789123283505e-04 -2.35559219350744e-04 -5.85089112664285e-04 7.13884875621281e-04 1.48208045158253e-04 4.58980285127369e-04 -5.20836034921785e-03 -7.85124745488656e-03 -1.28450788462395e-03 5.22965125657256e-04 4.32530688698078e-04 -3.81531828649475e-03 2.30445756525628e-03 -3.69320238763848e-04 -1.06902225209962e-04 3.97268991790262e-04 -1.80985607593867e-04 -9.23691130784128e-04 1.13471761860121e-04 1.38630809358198e-02 -1.83543935725340e-02 1.92993069290796e-02 2.96051125301954e-04 9.82261721325283e-04 1.42841416048881e-04 -4.30522192122766e-03 -1.96819476128223e-03 3.77084809108900e-04 2.30029282098199e-04 -3.17657806615167e-05 -9.71457219248535e-05 -4.41816663412757e-05 5.37880919402075e-05 -1.52511139986912e-03 1.69660121056186e-03 -1.02210770910157e-02 1.36391629447013e-03 7.13134047804873e-04 -3.39975018300826e-04 3.80602602752431e-03 2.03508429469714e-03 1.20852529320340e-03 3.30780047544662e-04 -2.68895022141954e-04 -3.56786807081824e-04 -8.84830663893732e-04 2.26847284693186e-05 1.45328976449188e-02 -1.86001500196784e-02 1.95446418620363e-02 -2.59399847187350e-04 9.81218057160701e-04 2.04195677276417e-04 4.59733606440115e-03 -2.18092494379476e-03 -6.01559043005274e-04 -2.63178589856599e-04 3.49875849736051e-05 -1.47767705164122e-04 -3.20722723763283e-05 7.01143267961770e-05 -2.32209425683658e-04 -4.86760350361720e-03 -7.97563743033152e-03 1.37224604195380e-03 5.22987328663610e-04 1.76237769597314e-04 3.55705623107531e-03 2.29268445880457e-03 -1.33056281939991e-03 2.19781094026716e-04 3.44171113513680e-04 -5.09892635087398e-04 7.43090778083915e-04 2.62996340505215e-04
 5.64236563420244e-04 -7.38384167573148e-04 2.19701629277744e-02 4.76283266112725e-04 7.51885003261491e-04 -1.46836355852909e-03 3.31726518938944e-03 -3.02943181675950e-02 2.24687702953155e-02 -3.53083080789476e-02 2.88062671638330e-03 -2.68209884309071e-03 7.30945987644908e-03 -5.19335472459719e-04 5.70376914029258e-04 -3.74526657748803e-04 2.10077733105264e-04 6.23702406630235e-04 -1.58856667934712e-03 3.84996306841260e-04 -7.86524676349325e-04 1.25304406633095e-03 7.30019617827883e-04 5.15216058524783e-04 2.02054670549024e-04 -2.00049139620379e-04 1.61439254454671e-04 4.01096183219324e-04 -8.40391214040806e-05 -1.13895259043856e-04 4.12038217095548e-04 -5.31105863102840e-04 -9.28279046701784e-03 9.30779539724142e-03 -1.39884533555180e-03 7.04369258488954e-03 2.79286200479849e-03 2.13151547486715e-02 -3.71700627648644e-02 -6.26435080364160e-02 -9.60850896760170e-03 1.65862241026603e-02 1.01241241483488e-02 -1.27368715412191e-03 -9.14586884018373e-04 6.88031131229617e-05 -2.32744749424491e-04 1.01920115056036e-03 -1.71751295998584e-03 -1.50310718243621e-03 -8.02585339935922e-04 -2.21327039363139e-04 -8.68704515081619e-04 9.57228877263322e-05 -4.34246746756062e-05 -1.28808446626237e-04 6.58265065093118e-04 -4.90207790306178e-06 3.68195541935781e-04 1.99072900957257e-04 -7.77437929053464e-05 2.73122764370267e-04 1.98430484171010e-03 3.31966970787018e-03 6.42881143684131e-04 -1.50460409934740e-03 6.24116271950062e-04 -1.82667113327239e-02 5.58107281462678e-02 -4.24261322903358e-02 -1.49301024103670e-03 -2.48615864810723e-03 2.00174001222585e-03 -3.11601843204967e-06 5.57701421845060e-04 5.64276136208128e-04 7.39736824306254e-06 8.21241576822087e-04 -2.57050774514108e-04 1.42750392929910e-03 1.17244204425782e-03 -4.32765157009385e-05 1.88333461287016e-03 -4.49353743698226e-04 4.17128130034880e-05 -2.48549458704639e-04 9.97099062076025e-05 -7.87776493184149e-05 2.42019215636997e-04 -6.18257207171281e-05 -2.82814181336348e-04 6.41912927283779e-05 -4.80788564059594e-03 -4.67452824477307e-03 1.28585589694884e-03 1.96567356457036e-04 3.60517718876719e-03 -7.61959504539411e-03 -7.13476952058491e-03 -4.08374605830811e-02 2.00333781601319e-03 -2.15473795738298e-03 7.43988013788098e-03 -1.43036420673928e-04 4.32946747364070e-04 2.78660455479599e-04 -4.12492543523779e-04 1.94515143735688e-04 3.28254232203032e-04 4.68940935961817e-05 1.24302177381333e-04 -1.54027451406726e-03 4.31438886994511e-04 1.27367921907855e-05 -3.36375933571246e-04 1.33937726982459e-04 3.29125076882815e-04 -3.73245335955180e-05 -2.28301825652387e-04 2.32195792862170e-04 4.89337390479816e-03 -3.61680851203224e-02 7.69764871871734e-03 -1.44428288109250e-04 -4.80734404485127e-04 3.66350661061125e-04 -7.55415184429808e-04 -5.20187412787377e-04 2.71077403361986e-04 -4.62200260214083e-05 1.20461508988607e-04 -5.86602209552008e-05 1.21850433353084e-04 1.30067889139653e-04 -3.90520029514601e-03 2.67940029132156e-02 -8.80688552131353e-03 -4.47831232308624e-04 7.27012633240777e-04 4.00682155775761e-04 -1.25045941338763e-03 1.64509073809752e-03 8.68765604127640e-05 -8.17892315236438e-05 2.93306083003751e-04 -4.51420230429253e-05 -2.18756324244202e-04 -1.20261910830364e-04 1.45660411802933e-03 -1.75699157665726e-03 -6.54131603249062e-04 -2.67698195283777e-04 2.96871818650584e-04 -3.53837874992741e-04 -1.02201626373787e-03 1.66683363338701e-04 -1.15304675736825e-03 1.79864598995264e-05 6.35249278427076e-05 -4.63729293116399e-05 1.90546604890218e-04 1.84148216855298e-04 3.63713222747345e-03 -2.63982855084900e-02 6.41429052256825e-03 -1.36523539306031e-04 -6.30132514495335e-04 1.17174107140528e-04 -3.46727727318991e-04 -1.06780093568679e-03 -4.22150354903073e-05 -6.46398060685588e-05 1.31692367907937e-04 6.60596224435357e-05 -2.44272469676600e-05 1.86193003414733e-04 2.32309350067166e-03 -3.37658745692181e-03 5.61132485228587e-03 -3.40987654401959e-04 4.25922595587630e-05 -3.83384920055262e-04 1.01381119512971e-04 -4.00218013722014e-04 -1.27472310272967e-03 6.61041493077023e-06 9.11096262155776e-05 5.75293052238434e-05 -1.86696312399377e-04 -1.46768166673877e-04 -4.95326826360695e-03 3.58580223607240e-02 -9.88874810084322e-03 2.08426512457530e-04 5.24134763059289e-04 5.46466363024634e-04 2.38946017599578e-04 1.04695688182381e-03 1.78559898914747e-04 5.34498256820862e-05 2.11565749982150e-04 8.06450660739276e-06 8.16325920820138e-05 -3.46256504900399e-05
 -1.49356316790716e-04 5.13460541461590e-04 -1.84406079353241e-02 -8.00266833331184e-03 -4.87752039251441e-04 -1.30697260652087e-04 3.28880983084624e-04 2.30528817713891e-02 -9.40513543960168e-03 -5.42681330727919e-03 -1.68282557387012e-03 -2.09425781563488e-03 1.92940556540524e-04 5.14329718072683e-04 1.69037746262838e-05 1.29990497682415e-04 9.20608242493793e-05 -2.13305024843953e-04 9.76389422451352e-04 -1.20612152004511e-04 1.33822543701037e-04 1.11259244404791e-04 6.24721291571053e-06 -2.79173022279622e-04 6.09064165784143e-05 6.89388723980910e-05 3.44987374526705e-05 -1.02881959757870e-04 -4.53181079224517e-05 -2.08840567069587e-05 1.49252780203704e-05 1.03408865597349e-05 6.47126891772862e-04 -5.54107839693384e-04 1.48961198679059e-03 -5.28904542278350e-05 -2.63550550712417e-04 -2.17765299227192e-02 -1.25905514567405e-04 3.87306822623902e-03 1.26849218943297e-02 -1.93587383984849e-05 -1.27368715412191e-03 2.38421368103869e-03 -1.44198051577693e-04 -3.64448155523350e-05 2.67231993608766e-04 1.97362363289618e-05 2.70830849906607e-03 -9.36131637921149e-05 2.36382956355195e-05 3.02276972708568e-04 9.94150804617740e-05 6.53382960915744e-06 5.78286121924296e-05 8.36069995139052e-06 -1.79400394387044e-05 4.19898976128162e-05 3.05498267428688e-05 -3.25711699255921e-04 1.43819990476168e-05 -5.30625493886652e-06 3.61333387025892e-04 8.19401233503465e-05 -1.37359618295395e-03 -2.34216157136496e-05 1.03715843174475e-04 5.13525575912154e-02 -6.37170069784672e-04 -2.13195004378095e-03 2.91514531620973e-03 6.20420433883480e-06 -3.47382713800559e-04 -2.10759730243993e-04 -1.30498541118537e-05 -7.10596483288789e-06 -2.82628352086089e-05 -1.30756538958199e-05 -5.40949841714115e-04 -2.20061841531738e-05 -1.95022582659454e-05 -6.95874416723022e-05 -4.05132932258686e-05 9.52123416806239e-06 5.81202067619300e-06 8.85600806513249e-06 -2.58523968573943e-05 8.47785183369157e-05 1.14611535068219e-05 -1.29418868851226e-04 2.51024443716325e-04 -5.94322202355729e-04 1.86687986820900e-02 8.22747831553306e-03 -5.63424336078867e-04 1.00120697261022e-04 8.06522274541483e-05 2.39771220259153e-02 9.56524345746276e-03 -6.19835422417639e-04 -1.73717412842399e-03 2.18425332731065e-03 3.92817785315365e-04 5.27131663190534e-04 -4.13353140268693e-05 -1.30302497266365e-04 4.13754473403516e-05 2.23587921607360e-04 9.28643492836019e-04 -6.01580871905201e-05 -2.04612881643249e-04 9.62787489555616e-05 7.62790249585604e-05 2.84605065491330e-04 -1.63574592691158e-05 -8.38670332697984e-05 -8.34384311410889e-06 -1.13254296895116e-04 2.05938877625536e-05 1.88259935143701e-06 3.56098109636894e-04 -1.65009282902955e-03 1.90217899244658e-03 2.63785839936562e-04 -1.94095762087317e-04 -1.13216054920018e-05 8.47408539170246e-04 -3.98077583972992e-04 -2.07986892116905e-04 9.33517235711428e-05 4.91701567227438e-05 5.86268741470298e-05 -1.01237682014886e-04 4.83296118551543e-05 7.23031310700632e-05 2.19113170347250e-03 1.22554206959473e-03 2.62500641250355e-04 -1.31442154819437e-04 -4.81379469450564e-05 8.43181588546690e-04 -3.24762815197847e-04 4.83557698062829e-05 4.93192217597311e-05 -6.64667937658345e-05 2.13363224570656e-06 1.20261398521992e-04 4.46585468945990e-05 -8.46627626047488e-04 7.60642401940523e-03 2.78356714867988e-03 1.83361775556288e-04 -1.45207355317197e-04 -6.09104766884057e-05 2.77624117918035e-04 -1.77471375261184e-04 -8.12511286483894e-05 -9.57392469366295e-06 2.94965213638511e-05 1.14026616838346e-05 2.29573199327614e-05 -1.59235376179173e-04 -3.00291746479268e-04 2.29443611017682e-05 -1.75946229855573e-03 2.67827159530801e-04 1.67028629865431e-04 -2.77973437605847e-05 8.79180398831782e-04 3.26693252795165e-04 9.92294375801586e-05 8.49930431950703e-05 -4.76405473260612e-05 -2.36101940788882e-05 -1.03097233517824e-04 -6.10788156640391e-05 7.72947395774945e-04 -8.03549829487170e-03 -2.71900874361442e-03 1.73562757787089e-04 1.54270438798752e-04 9.72453737742252e-06 2.61511787128602e-04 2.23778154560664e-04 6.89410279753712e-06 -7.59091970612263e-06 -1.12432572467457e-05 -1.23118256544048e-05 -1.44538471442698e-05 1.54492577633167e-04 -1.00368975776339e-04 -4.53687677507314e-04 -1.39707886559732e-03 2.64155026985644e-04 1.43918836445483e-04 5.09010252269248e-06 8.60209193370771e-04 3.68234242543539e-04 -1.44804525347841e-04 6.66724283719739e-05 5.61916283497040e-05 -4.02173410236799e-05 1.13223422767767e-04 -2.31675566264221e-05
 -3.92481398830762e-05 -3.38464049360316e-05 1.76461765185265e-03 5.82411647878399e-04 3.88456459122603e-04 -6.86720416867228e-05 1.43824804638758e-03 -3.56423065441640e-03 5.87352397993823e-04 -7.42416583236785e-03 5.24098724255928e-04 2.32132756707184e-04 1.19437805450088e-03 -1.37850197469565e-05 3.82569418632183e-04 1.31646572289067e-04 -1.53692661429991e-04 1.64075188809971e-05 1.19817607841274e-05 7.16040441842401e-05 9.49012628119027e-05 -2.50627716592518e-04 -9.34843740296772e-06 -1.24349293860045e-05 -1.20113683939607e-04 2.27420135692959e-05 -4.91640144331194e-05 -4.65847687484451e-05 1.39389952222497e-05 -6.86736978418031e-06 -3.17987599280837e-06 -2.19090660083315e-05 4.59420525192379e-03 -1.72988084714282e-03 -2.59023224368663e-04 -8.12320059054268e-04 -1.01842459337472e-03 3.91049199721276e-03 2.33300938912408e-03 1.86699139273860e-02 -1.21977444822475e-03 -1.43216418180160e-03 -9.14586884018373e-04 -1.44198051577693e-04 9.20047654794749e-04 9.02663034446051e-05 -5.91264011642474e-06 -1.13369922120209e-04 -6.82694115025438e-05 1.74741990968987e-03 2.99867212911073e-04 1.53285761527384e-05 1.51130908248831e-04 -4.52359560336110e-05 1.01851694881881e-05 8.08913075587807e-05 -1.33248847846314e-04 7.69953282738771e-06 -3.11347631648618e-04 1.09409559855893e-06 1.23895397145697e-04 -2.05774866466769e-05 5.38325577014327e-03 -8.93650897324007e-04 9.81715084503491e-05 2.20200451118256e-04 -4.33498152220206e-04 -2.19437871665272e-03 -8.97543398270674e-03 2.92533085945127e-02 -3.49966774417916e-04 6.73951275065522e-04 -3.60009314842903e-04 -1.18689046133837e-05 -3.18231540181745e-04 -1.30038096608453e-04 -5.26009992283505e-06 -1.44453910330166e-04 -1.81184990840005e-05 -7.90434489499958e-04 -2.93832955504892e-04 -7.84842231272730e-06 -3.15331602399334e-04 7.89731312929928e-05 1.77006395591280e-06 6.73105531686356e-05 -3.26298078380972e-05 6.69331998008897e-06 -1.57043603845072e-04 -7.32860635673997e-06 -9.27693635495188e-05 7.03568691234134e-05 -1.81445222219909e-03 -7.43203761710640e-04 -5.23395212981810e-05 -1.31561883866081e-04 1.53144472955555e-03 -2.44106676597556e-03 -1.29371324527845e-03 -8.02725276206660e-03 1.19647180762724e-04 -1.60738326866392e-04 1.25236592063753e-03 -1.28915240700614e-05 3.85606968812102e-04 9.77236287021972e-05 1.76762971274910e-04 2.24095253637628e-06 -1.78526967958871e-04 8.55551727778534e-05 6.69852088011472e-05 2.64122713111689e-04 6.50637809101678e-06 -4.24880913276368e-05 1.24459661409934e-04 -6.52243610172205e-06 -6.82940763716225e-05 3.18969873923305e-05 1.40952061305533e-05 8.29246160552781e-06 1.01110104269173e-04 -7.63198355952619e-03 6.90074507843389e-04 -5.48748109301511e-05 -7.53425717606613e-05 3.55151204018898e-05 -2.26260944707741e-05 -3.30589683246571e-04 1.72917929383191e-04 -3.13118168423312e-05 4.83709496018979e-05 5.37018319700545e-06 1.76183945291908e-05 9.69644479348601e-06 -3.29524419097354e-04 9.39589109372652e-03 -1.26696286488612e-03 1.16557486612896e-05 8.02331457749566e-05 8.71610606103652e-05 -1.28260118085138e-04 2.72840912601274e-04 3.37880855430131e-04 1.72370886232192e-05 4.65693289258926e-05 2.44732331025406e-05 1.39993206046042e-05 9.85992522682617e-08 1.33786247366717e-04 -2.22010733794252e-03 -4.36466176638989e-05 -7.29865271943229e-06 3.25311050913336e-05 -7.00847032642709e-05 4.54647147247176e-05 8.40949430120882e-05 -5.93169762747070e-05 -5.71216865738463e-06 3.70763790918728e-05 1.53207621609567e-05 -1.65321936660682e-05 1.72389624232487e-05 6.30684139369087e-05 -7.79234703253236e-03 1.01109166744985e-03 1.29319281418847e-05 -1.12562542587756e-04 3.36772231789715e-05 -1.25009147227337e-04 -4.20650163969098e-04 1.87065225503729e-04 2.51913511806033e-05 5.72445658054564e-05 1.38317938811287e-05 -1.85388457054218e-08 1.90572430870160e-05 -2.50573536393918e-05 -7.03377478859853e-04 5.16125938417582e-04 -4.15092592215264e-05 2.14969770782383e-06 -7.37341940965280e-05 -1.05269658131621e-04 4.65795599094491e-05 -6.06653321167342e-05 1.47288469846700e-05 3.99753455833694e-05 1.21010690810647e-05 2.02174232938562e-05 -8.43514319741875e-06 -3.72461742191401e-04 9.66798578106914e-03 -9.97381662049082e-04 -4.70297712610745e-05 5.35283722191079e-05 8.62645677659185e-05 3.18833454204933e-05 2.08082185723486e-04 3.31139606099597e-04 -1.99744393374755e-05 3.89549149144567e-05 3.70289895978728e-05 -2.35413127644381e-05 2.46152620693825e-06
 2.28005347938736e-04 7.64080320334781e-05 -3.36306326421094e-03 1.48218959084430e-03 -4.89277585119903e-04 2.75061658532434e-04 5.73975558827721e-04 2.93450324661068e-03 -2.36778912309268e-03 -3.97966113359196e-03 -1.02092177835167e-03 5.60900494848011e-04 6.75622906074543e-04 8.80117826883253e-05 1.04748778523920e-04 1.12056762777730e-04 -9.99248326433944e-06 -3.15662617585949e-05 6.35306680310209e-05 4.85869406905190e-05 1.21959257258747e-05 -3.26423026274977e-05 -1.24828347460577e-04 -5.12103808361049e-06 -1.52615699662970e-05 4.31834404219949e-05 1.45017161206714e-06 -6.55143668858967e-06 1.11111378148690e-05 -1.04540784056160e-05 -2.99488375115250e-04 2.29516032791488e-04 -1.96547399124298e-02 4.92198474987801e-03 -7.66174553817580e-06 1.22541845989533e-03 -5.26384434165642e-05 7.78868673062946e-04 -4.14531309038470e-03 3.60898631853407e-03 -2.11790064325042e-04 1.88977719181906e-03 6.88031131229617e-05 -3.64448155523350e-05 9.02663034446051e-05 3.98183341104444e-04 5.05279610586197e-06 2.46623251906746e-04 -2.02394970583238e-05 3.12249190163282e-04 3.69965747363903e-04 -1.45793623418422e-06 1.12435692003723e-04 3.43930753648566e-04 -2.33680759121163e-05 2.44476986027086e-05 -2.53283808945998e-05 -2.69084331234690e-06 -1.34064954876699e-05 6.52420275477528e-06 -2.08109224420984e-04 4.44414554378308e-05 -1.03534446020249e-02 2.07758941224373e-03 1.47668696741953e-05 -4.07463314251786e-04 -1.54916641545589e-04 -2.79791562662555e-04 8.48523126751099e-03 7.85637465682016e-03 -9.14431979760639e-05 -1.43787332997613e-03 -2.78170291298623e-04 -7.94147090439172e-06 -1.24128412723786e-04 8.51586397654228e-05 -2.75620387064654e-06 1.84056186294524e-04 -1.20018831612141e-05 -2.87198955743201e-04 1.98223014486504e-04 -4.12534949653635e-06 3.42273383656486e-04 -6.80124750104168e-05 4.18741763589912e-06 -3.66930045842175e-05 -2.41965034681243e-05 3.24923862738037e-06 -5.84631067360590e-05 -3.97909756569749e-06 2.16862014627788e-04 1.04699555815445e-04 -4.05763204725560e-03 1.24018853159523e-03 6.04196053236656e-04 3.21283692403991e-04 1.76157707718286e-04 -4.31371202513466e-03 -3.14799794281282e-03 -1.18773444972883e-04 1.19819561887509e-03 5.46799448430442e-04 -1.74441024054461e-06 -9.48989869055265e-05 4.33188733303111e-05 8.79038306772190e-05 3.85283322001724e-05 -4.34780465547280e-05 -7.77055289030055e-05 1.18412475107502e-05 -9.11365108588728e-06 6.86894241860010e-05 -1.19248146727678e-04 -7.89965050229346e-06 3.84105910741196e-05 3.64126895672147e-05 -3.73181104555614e-06 3.92972561760901e-06 8.18985067538338e-06 1.29076212513472e-05 2.03212294471742e-04 -2.67743966523336e-03 4.28388494724208e-04 2.27570352083338e-05 -5.26042050409239e-05 -1.98679979480081e-06 1.07766700525545e-04 -1.14768788252161e-04 2.97124159130906e-05 1.64326833966066e-05 8.74986788870830e-06 6.18738430222594e-06 -9.80490405327957e-06 4.56159348635944e-06 -2.44564106922752e-04 3.96381436439557e-03 -6.77532667028319e-04 3.96959530476393e-05 2.40472203089988e-05 4.68176009035406e-05 7.87086658960904e-05 8.45692017572092e-05 6.97422895434975e-05 2.21091435089834e-05 1.95970137658835e-05 8.95262185312045e-06 1.94299343454279e-05 -2.28305667140791e-06 3.22988730609781e-04 -5.82248322589866e-04 3.22356028590438e-04 4.65668312025418e-05 -2.22954251926675e-05 -4.22378337264898e-05 -8.22525222435685e-06 -1.19557108674238e-04 -6.69415061205262e-05 1.55520984127241e-05 1.69761698671690e-05 -3.21583472976489e-06 5.33759475298211e-06 -2.30539521070307e-05 -1.67579773301816e-04 1.47539691523099e-04 -1.80473820922735e-04 -3.37047820163793e-05 -9.99719669860395e-06 -1.81628610845539e-05 -1.29071249468807e-04 -6.77155762157464e-05 5.40566694051231e-05 -1.51891126561976e-05 2.38426970014519e-06 2.05287037122079e-06 9.99342898601419e-06 -1.88636501208325e-06 2.87857901510740e-04 -1.68878224158724e-04 4.10431897579896e-04 -5.50972973915064e-05 -3.49773863279173e-05 1.42685983070720e-06 -2.18094849036628e-06 -1.39776325558552e-04 6.51846575797017e-06 -1.56821326815025e-05 1.04073780921633e-05 -4.88308327821899e-06 8.20402348796951e-06 -2.83827972405230e-05 1.18432232173045e-04 1.17735874030489e-03 4.66112332100802e-05 -4.60344613302860e-05 -2.27173545810235e-05 2.14674436001115e-05 -9.97311405692790e-05 1.02242702227546e-05 8.46855586871376e-05 -2.45590351234110e-05 1.00584657281395e-05 1.61819629234414e-05 -2.23774786427705e-05 2.32524321201009e-06
 9.03403651625205e-06 1.01303519772118e-04 -3.48078787906513e-03 -5.39969597473326e-04 -1.62081130097770e-04 2.63298652386791e-04 -8.67447900312956e-04 4.57800249544180e-03 -4.38416086780870e-03 8.78544295017018e-03 -5.50781762040197e-04 3.08592273772349e-04 -1.29956389076757e-03 4.71969809742084e-05 -2.41014906584534e-04 8.61212482842592e-06 4.34144933041172e-05 -1.02852997311982e-04 1.82110585346822e-04 -1.70935720705629e-04 3.94263672853781e-05 -1.01337914314530e-05 -7.29478052074279e-05 -5.94282166863218e-05 -1.27266870729949e-05 2.17306300982594e-05 2.98427799733802e-06 -2.81325161557192e-05 -9.27877806641652e-06 -1.37381654309532e-06 -3.81031099416837e-05 6.32378612644666e-05 -3.10905700299101e-03 2.97401774557425e-04 1.74115737409697e-04 -2.85663435103004e-04 -7.13747120758548e-05 -2.53165211504054e-03 2.34446479799469e-03 8.62801002936396e-04 1.48069608060112e-03 -6.12735865315287e-04 -2.32744749424491e-04 2.67231993608766e-04 -5.91264011642474e-06 5.05279610586197e-06 2.42541413027137e-04 -7.41041564328588e-05 2.94338860699303e-04 -5.10210031573507e-06 -5.02150472552744e-06 3.07172471878353e-04 6.85088291905497e-06 3.05036875622303e-05 -7.94062506860511e-05 -1.43635893865773e-06 -3.97673461761987e-06 -1.27506197907386e-05 3.50339976735130e-06 -5.21161090671162e-05 1.82887264346924e-05 3.76872568655055e-06 5.59384353925435e-04 4.14721633796883e-05 -1.68906106678597e-04 -1.88003816316215e-06 1.09736353449040e-05 6.36608239714485e-03 -1.04846160807988e-03 -1.99661653015422e-04 3.60853757753170e-04 -1.16583678699682e-05 -4.35588530222687e-05 -2.66582776446777e-05 3.09691413474279e-08 -8.78778679568211e-06 -2.86103956613910e-06 -1.48616700396627e-05 -7.66022042285519e-05 -5.04347246258813e-06 -8.71738874571178e-06 3.19103999640728e-05 -3.10872844226411e-05 1.36512929147722e-05 -1.26242268034379e-05 3.61884349998969e-06 -2.80519156354511e-06 7.92802149635780e-06 2.59001692303380e-06 -1.90747304387412e-05 5.53275749318353e-05 -2.89568847721665e-05 1.01858816284229e-03 1.34521126942783e-03 5.89139357909184e-05 7.15015716558562e-05 1.02401672972777e-03 1.04494163718070e-03 3.23588120367090e-04 -1.02134582485385e-02 1.57571734995360e-04 4.38731806974231e-04 1.51863637221060e-03 6.97041466882123e-05 2.31846702531848e-04 8.33013599595574e-05 4.70977336465237e-05 1.09370242971354e-05 6.47345702737892e-05 1.21808583415162e-04 6.36443223045091e-05 -1.70616811080410e-05 -2.30911015827769e-05 8.65923828026557e-06 -2.33158321403568e-05 7.84617415756313e-07 6.99536064448595e-06 -6.03448335848195e-06 -2.25581855026626e-06 -1.00022312046212e-05 -1.18212888314110e-03 9.31560173981610e-03 -1.93955472036884e-03 2.87786364850163e-05 1.18618375971700e-04 -8.44679108875713e-05 1.19193616159247e-04 1.08010424327445e-04 -4.53784201190180e-05 5.19995077968222e-06 -2.71128286538341e-05 4.03058057614414e-06 -3.30479194735612e-06 -2.49341216391995e-05 9.89002728643525e-04 -7.44642292372736e-03 2.05556670421964e-03 3.72224483922117e-05 -1.52569081998536e-04 -9.01456984514863e-05 1.44968980643449e-04 -2.83966467522591e-04 -1.05499904576139e-05 1.06185056603305e-05 -5.47106273657860e-05 -2.31730336678852e-06 3.17241084044816e-05 3.12867238874411e-05 7.50403815783685e-06 -2.16581536967555e-04 5.94831340105152e-04 6.06966135081589e-05 -3.70275691469491e-05 9.53636695243084e-05 1.09012111974031e-04 -5.14659166298160e-05 2.12099757725915e-04 -2.54008196670896e-06 -2.25344864353685e-05 8.47792642993834e-07 -2.73378140457926e-05 -3.51111883805799e-05 9.25214806890299e-04 -7.83065864725387e-03 1.69204342213368e-03 2.39329017425720e-05 -1.36437264444018e-04 4.53269102056266e-05 5.69409594543885e-05 -2.09740874867298e-04 -2.14626893755209e-05 3.16446681075401e-07 3.22449014734359e-05 1.26905988488573e-05 3.15363772943431e-06 2.92515584561949e-05 2.41906259161501e-04 -2.15821510657070e-03 -4.42132893237321e-05 -1.86247608688567e-05 2.48092445259931e-05 -1.05186779101640e-04 -4.04641769622912e-05 5.23092583186514e-05 -2.23707697383144e-04 7.91942083856691e-06 2.69173731478345e-05 1.10397792134671e-05 -2.76640394801031e-05 1.03045466912528e-05 -1.21051502585189e-03 9.68072778581930e-03 -2.36792709408897e-03 3.62577368779326e-05 1.36203400513451e-04 1.21317810628133e-04 1.06222590825328e-04 2.11930441305400e-04 6.86784907209935e-05 1.35971287161525e-05 4.63117336411363e-05 1.27624544940022e-05 2.62288493005833e-05 -2.47793337077957e-05
 7.63692832781646e-05 -2.53772113030538e-04 6.14850578936510e-03 -1.73022009329842e-03 -8.02801603989074e-04 -1.16229499875363e-03 4.90983382807017e-05 -1.06849607832028e-03 1.55657649578831e-02 1.90397164395496e-03 1.42608979957309e-04 -2.70093057867147e-03 -2.86158063975648e-04 5.48353254785590e-05 6.08869735158698e-05 -3.65252907531382e-04 -1.11089487506891e-04 3.99960744891866e-04 -5.52657507920355e-04 1.32959060942892e-04 -4.92016833955535e-04 -2.31696704134934e-04 2.76850765338354e-04 2.02339502854824e-04 -5.65739358816043e-05 -9.06740165872537e-06 -3.09127128201384e-05 9.63562675740569e-05 5.71425670584454e-05 -6.94563875780990e-05 3.37333568886362e-04 -2.14187029965879e-04 -3.29761632991064e-03 5.11919621874346e-03 6.77213957854399e-05 5.00315529527498e-03 4.91901388949402e-04 -3.40694171500055e-04 -3.04124000057581e-02 -1.34000852399718e-03 2.84327560619006e-04 9.30424942996872e-03 1.01920115056036e-03 1.97362363289618e-05 -1.13369922120209e-04 2.46623251906746e-04 -7.41041564328588e-05 1.39135773511679e-03 3.88868057354755e-05 1.49928779805423e-04 1.82116281207851e-04 1.32804108714456e-05 4.99952574302872e-04 2.14815212035316e-04 -5.53237944211433e-06 1.69336029211825e-04 3.22164446214665e-05 2.48724370242501e-07 2.09380139435728e-05 -9.52098086557310e-06 -5.44894935368849e-04 3.69799174048350e-05 -2.39118401948556e-02 3.45510534364733e-03 -2.82937923463807e-05 -7.33915368581068e-04 -1.59200750341557e-04 1.16130589752715e-03 2.55904489532039e-02 7.07406913098255e-03 -1.30189549923155e-05 -2.45726586612838e-03 -3.74301217299032e-04 -1.75956701498807e-05 -1.62905611426408e-04 2.45246465361121e-04 -4.06402485019025e-06 4.71142988564773e-04 -2.39422361474615e-05 -3.12017148462113e-04 3.94800051504011e-04 -2.05190037379066e-05 9.42954296590141e-04 -2.68253497327811e-04 1.85416536607117e-05 -8.20263874380226e-05 -3.23915261687512e-05 6.92587154251641e-06 -8.05900429741149e-05 -6.76888531788457e-06 1.53610132289859e-04 -2.87701039782958e-04 6.53863371481297e-03 -1.45920851235378e-03 8.04930323323823e-04 -1.20198266196951e-03 7.46720017032616e-05 1.68126343270664e-03 1.60901437252033e-02 -1.60482899677492e-04 -1.63807439633264e-04 -2.64312591556239e-03 2.26176720749022e-05 -2.04416644593699e-05 1.06884679836787e-04 -3.67189318343773e-04 -7.79796651349942e-05 4.14833393551814e-04 5.65929635151027e-04 5.01187123625849e-05 -5.47270647789277e-04 -1.78035625270394e-05 2.97865566352426e-04 2.17130350649992e-04 -5.87734501538932e-07 -1.48617203949217e-05 1.45952421871502e-05 -1.06939509660004e-04 9.07118880726082e-06 7.56803555835896e-05 1.14746775767961e-03 -8.82738914812221e-03 1.25493954987709e-03 -1.37946204526349e-05 4.53659126717768e-05 1.66639464389732e-04 -4.35948598885027e-05 2.95869723254858e-04 3.81691096926023e-04 -2.00508380592083e-05 3.06704074883986e-06 -8.39809953855819e-05 2.93205454163507e-05 -9.32106853566627e-06 1.27402083371824e-03 -7.97206308434318e-03 1.37984800738497e-03 -3.17835069127496e-05 8.31450611132121e-05 -1.43821807427855e-04 -1.24228132894709e-04 4.34829184582523e-04 -2.04100783315722e-04 4.92154768098315e-07 4.47839628847369e-05 -6.21812118763321e-05 -4.70969713707322e-05 -1.15750838812930e-05 -1.01777416082671e-03 1.25058954527883e-02 -2.43539874638066e-03 -2.23421271180897e-04 -1.32577978158291e-05 1.98194033416323e-05 -5.60027237045787e-04 -2.15513592226935e-04 4.03025236647059e-05 6.82476409311567e-05 -7.20569095274980e-06 -2.34601118943108e-05 -6.02877454039203e-06 5.44189449068808e-05 1.33946853333758e-03 -1.03796606280636e-02 1.59976380573920e-03 5.02355296558701e-05 2.42834146800225e-05 1.74884232539490e-04 1.15028095927540e-04 2.72573183206681e-04 3.72996157228776e-04 1.97812637089863e-05 3.97237461807081e-06 -7.41310008281945e-05 -5.15886393189924e-05 -1.53106786437031e-05 -1.04196409667696e-03 1.23743312830343e-02 -2.50804423534457e-03 2.23746601240476e-04 -7.60440639477457e-06 -4.08931079725073e-05 5.52003884069107e-04 -1.96188143255105e-04 -1.14234792801178e-04 -6.56472103433728e-05 1.26595251902231e-05 -2.22001069295672e-05 -1.69830654973195e-05 5.86539308435212e-05 1.10597731706650e-03 -6.55260738255673e-03 1.00019346985993e-03 1.50099636421333e-05 1.07575120255551e-04 -1.33519650882073e-04 7.64495283435218e-05 4.79775793779795e-04 -2.30921640088080e-04 1.07723712582669e-05 4.91253807935653e-05 -7.78753313478222e-05 2.77282565222656e-05 -1.02293919667414e-05
 3.78996995993786e-03 5.17881896635749e-04 -1.74993014201174e-02 -9.63315932926280e-03 -8.87942130484674e-04 2.57257057546287e-04 6.31053775075889e-04 2.92162803943391e-02 -1.45345701424654e-02 -7.85943953072313e-03 -2.44631644974356e-03 -1.89103471795226e-03 4.57822113048737e-04 6.84891204327314e-04 4.26990872195685e-05 2.36147973374500e-04 1.12323708802368e-04 -2.70503136815957e-04 1.19924300366884e-03 -1.55672381275280e-04 2.10485269116095e-04 1.13596381780424e-04 2.14526609748220e-05 -3.14047379261197e-04 6.22121282446863e-05 7.97014051033973e-05 3.40915451189097e-05 -1.35918762452340e-04 -4.88866629531424e-05 -5.43100799050048e-05 1.38197998969697e-05 6.11151719772431e-06 6.32511312467391e-04 -5.36311278628947e-04 1.80482211619951e-03 -4.78704255363513e-05 -4.21026647634816e-04 -3.02311080722414e-02 -4.48573950293418e-04 7.29869797657859e-03 1.57906645856497e-02 3.70328640252266e-05 -1.71751295998584e-03 2.70830849906607e-03 -6.82694115025438e-05 -2.02394970583238e-05 2.94338860699303e-04 3.88868057354755e-05 3.20728382954905e-03 7.19817351917381e-05 6.01583154687454e-05 3.55133487334936e-04 1.37846662789619e-04 9.46466182163053e-06 5.90592610975089e-05 2.38240816316600e-05 -4.91554476184567e-05 9.36123199703629e-05 8.21581143452390e-06 -3.68547215377149e-04 3.14846163148325e-05 -4.82187590665354e-06 1.15753931303313e-03 8.16234261592775e-05 -1.53193913612876e-03 -3.86827557788549e-05 5.93107050070079e-05 5.44454493515370e-02 -7.78375649387004e-04 1.50155001013347e-03 3.39922132426370e-03 4.29720035451470e-05 -4.64687818990943e-04 -1.83922690827826e-04 -6.24055503344700e-05 -1.74735264545135e-05 -2.59378341401023e-05 -1.73061247366689e-05 -3.78891957913421e-04 -1.52013729196577e-04 -4.93641385307879e-05 -5.30707021234893e-05 -4.80184086851968e-05 1.20164952596930e-05 -2.56150375708244e-06 1.76436802496214e-05 -3.60983902766338e-05 1.05392329874283e-04 -1.29537658577725e-05 -9.10912200317961e-05 -4.38524021797247e-03 -5.65679282656802e-04 1.68443545309641e-02 1.00926351221552e-02 -9.85497748299753e-04 -3.85342083581442e-04 1.40977804245692e-04 3.03085968733700e-02 1.56351082860217e-02 -4.60955084734557e-04 -2.48440453194789e-03 1.84529810355066e-03 4.18212246968598e-04 6.90540823245065e-04 -1.54546710793115e-05 -2.39683459544012e-04 5.79740734402582e-05 3.03079027999290e-04 1.13999419886892e-03 -4.81592846344166e-05 -3.15350804395727e-04 1.46712934325784e-04 8.55694579646309e-05 3.16490307534998e-04 8.06017821556193e-06 -8.52450232583196e-05 -1.27564399391869e-05 -1.39382735676811e-04 3.10711715464033e-05 -2.58503444447292e-05 -2.63259754769532e-04 1.12536107205685e-03 9.86918558806378e-04 3.16694565490775e-04 -1.87528351433043e-04 -1.03148320603503e-04 1.03613487621974e-03 -5.01081204114877e-04 -2.85302101907205e-04 1.12995595636904e-04 4.35226327697689e-05 8.52102356388252e-05 -1.20841284380134e-04 5.52221481840862e-05 -6.36583540234859e-04 7.49265275782730e-03 -2.29790030510118e-05 3.41818113716448e-04 -1.21915163118397e-04 5.19592037367734e-05 1.03860128890879e-03 -3.70499819680056e-04 1.46773244855700e-04 6.84300670148685e-05 -6.40291572104443e-05 2.71035706463577e-05 1.53727076420934e-04 5.51809087326720e-05 -1.36453323727332e-03 1.03872070296770e-02 2.79306345854100e-03 2.21685959949112e-04 -2.37742720057362e-04 -8.89949401787120e-05 4.06473418708824e-04 -3.04582151835594e-04 -1.21628701374322e-04 -6.71998872126829e-06 4.16775810255412e-05 1.70573685179105e-05 2.77168755306025e-05 -2.09141218199054e-04 4.89560313981844e-04 -5.09874407260471e-03 -5.36103926672672e-04 3.45307776570151e-04 1.43989031641391e-04 7.43617129604777e-05 1.07705154710285e-03 3.86495252095846e-04 2.06771553049804e-04 1.13050279020603e-04 -3.70332229279445e-05 -4.60449559374671e-05 -1.31347637364660e-04 -7.43161908420618e-05 1.27941113030426e-03 -1.05886787671333e-02 -2.72175407583506e-03 2.18199266606798e-04 2.53138577345518e-04 1.92302785525575e-05 4.09821508934257e-04 3.55553064136185e-04 1.82461019903113e-05 -8.30470430194465e-06 -1.24527288801012e-05 -1.87731185572064e-05 -1.57762323801959e-05 2.07407985022918e-04 8.19688346078286e-04 -5.12136859795785e-03 -1.01483445503414e-05 3.10327992202279e-04 1.39805023692168e-04 -1.14526388033961e-04 1.04645071819373e-03 4.80537167530137e-04 -2.18195344600727e-04 8.04712089542537e-05 5.88929949104656e-05 -7.05475995056767e-05 1.33074529393806e-04 -2.91761785106738e-05
 -1.95144517690067e-04 -6.32235476755054e-05 2.33754425579461e-03 5.31629432458010e-04 4.97713111973439e-04 -3.41195251133705e-04 2.76807711725334e-03 -6.35721879815328e-03 2.90906350442578e-03 -1.36219826734736e-02 6.56241158563807e-04 -2.92776894487657e-04 2.12218909575306e-03 1.32492642264846e-05 7.48249725121856e-04 1.99375157520284e-04 -3.27102276445045e-04 1.11153158409305e-04 -6.08993064563330e-05 1.58915212737979e-04 8.15173249657801e-05 -5.81158098401352e-04 6.68893842964070e-05 7.11277876412278e-06 -2.46456194340931e-04 6.41670691560956e-05 -1.04191824478877e-04 -6.63422688847093e-05 5.09153550612550e-05 -5.56782811113367e-05 3.41525742395373e-04 -1.14732201329750e-04 2.11728241573498e-03 9.18503093682650e-05 -3.91225806783997e-04 4.27339132842081e-04 -1.81915427932854e-03 6.96719161358452e-03 -6.76795462102862e-03 3.70488787065979e-02 -1.59303441138070e-03 1.74045982690632e-03 -1.50310718243621e-03 -9.36131637921149e-05 1.74741990968987e-03 3.12249190163282e-04 -5.10210031573507e-06 1.49928779805423e-04 7.19817351917381e-05 3.51092674551598e-03 5.59027048591090e-04 5.34523620921302e-05 2.16928210495518e-04 2.80414022072668e-05 1.93329098214668e-05 1.99908694656169e-04 -2.68030354273119e-04 7.86772768313256e-06 -5.98684250159227e-04 -2.45241493914125e-05 3.17391359066577e-04 3.33038370854274e-05 9.83032805725450e-03 -4.91575446254615e-04 6.86536130198843e-05 -2.72399236661998e-05 -9.30189452602511e-04 8.19917133347717e-04 -3.22493305863029e-03 6.05336673933481e-02 -4.86587816800925e-04 5.34884720926710e-04 -8.92384960033328e-04 -5.75868587655684e-05 -7.01938290232175e-04 -1.40700231709083e-04 -1.58097798298636e-05 -6.72544253457027e-05 -1.33207668430387e-04 -1.71264554985191e-03 -3.55449424734169e-04 -3.61214651439127e-05 -1.23966500656252e-04 4.19952538594038e-05 1.36514013619678e-05 9.40310039250250e-05 -8.25089474393982e-05 2.08644233567122e-05 -3.41690745918219e-04 -3.77567907658789e-05 6.51966550239296e-04 3.03145787009582e-05 -8.42211107823436e-04 -8.75282613028172e-04 1.69652535889426e-04 -2.97986199085818e-04 2.88763066272241e-03 -2.31755905531897e-03 -7.96471681520813e-04 -1.46014336599730e-02 4.59684709036443e-04 -5.15130588560648e-04 2.20273174369185e-03 -8.45187728494119e-06 7.41108861301519e-04 1.36979954691858e-04 3.43806693511373e-04 1.07628549961768e-04 -1.37288284144918e-04 1.52947518636396e-04 -1.35515421492259e-06 5.60604444799813e-04 1.15329764387952e-04 -3.71316969383635e-06 2.48201270302939e-04 -7.54754548729290e-06 -1.30160067048902e-04 1.91774088972072e-05 3.44760713770491e-05 7.02121819033494e-05 4.17236656873427e-04 -1.63048748340496e-02 1.54706959321287e-03 -1.11145425067047e-04 -1.42247123169819e-04 9.65967395298498e-05 -4.14427823776421e-05 -5.73455731901263e-04 4.25113336116860e-04 -6.14797799224030e-05 9.32533177263931e-05 -1.07739455179907e-05 4.15344083827705e-05 2.14627943068090e-05 -2.39434177948637e-04 1.60349634565385e-02 -1.95729997433967e-03 2.25691284647047e-05 1.47496710695769e-04 1.31097057191716e-04 -2.55575495889818e-04 5.90965094526699e-04 6.03507598496127e-04 3.92729830242811e-05 9.33914258359879e-05 3.24677432491944e-05 1.60954723936131e-05 6.11988018509713e-06 4.64249411011121e-04 -2.62996423622371e-03 3.65638614686294e-04 -1.50230077083101e-05 7.34138741706396e-05 -1.28387138089067e-04 -6.42678677352454e-05 6.08892756700771e-05 -8.40248366061986e-05 5.65008646569208e-06 7.20451331312995e-05 2.35787852419678e-05 -3.62470380920038e-05 2.70338345344683e-05 2.61997933275316e-05 -1.49722801385404e-02 1.42094451084062e-03 6.51258808514834e-05 -1.71524561114467e-04 5.50615582721450e-05 -1.17776968345536e-04 -7.00568689240811e-04 4.45312193772530e-04 5.79141034068061e-05 9.61857391625482e-05 1.03755798392963e-05 -2.69347910646215e-05 2.77821127757986e-05 2.23971748795107e-04 -7.22838724722303e-04 1.00866797551245e-03 -6.18800246638423e-05 1.68339870581770e-05 -1.32274070105045e-04 -3.84886807291543e-05 -1.57945288232992e-05 -1.13634423209153e-04 1.00212482073549e-05 7.87424229430921e-05 1.49160965712652e-05 4.16135207803355e-05 -7.41664287366429e-06 -5.43512902887793e-04 1.75265445937320e-02 -2.01651375619130e-03 -6.13335863038896e-05 1.18583213344173e-04 1.61999015216230e-04 1.63605892804311e-04 5.02063450363115e-04 5.84319764686136e-04 -3.66637008764175e-05 8.99152445158180e-05 5.58569192146237e-05 -2.63616905877215e-05 9.91460591904806e-06
 8.24030595728522e-04 4.80228405262680e-05 -1.82947236045912e-03 7.67226755759939e-04 -4.84746840110021e-04 1.38558574489061e-04 9.60956888837586e-04 6.05582706500396e-03 -5.65007678781109e-04 -6.53060102423521e-03 -6.98804647049370e-04 6.60255421829794e-04 1.03850872568135e-03 1.40273367531744e-04 2.11131892383463e-04 1.27836411885022e-04 -3.76384335443794e-05 -6.90567895473274e-05 2.00464847970408e-04 8.16913309893085e-05 4.91767277677120e-05 -5.69914666266052e-05 -2.52388158622221e-04 -3.33548802170363e-05 -4.43657653582708e-05 1.95019783833685e-05 -1.31549313285979e-05 -4.69809040834406e-05 -7.35292861642307e-06 4.96185810471782e-05 -9.82603362286986e-04 3.83514629172794e-04 -1.19741498376518e-02 6.69266800991233e-04 -2.56393690208328e-05 -4.92485322728838e-04 -4.78306151270557e-04 8.09638273822005e-04 4.85076876444870e-03 8.96000940055485e-03 -1.95378929635436e-05 -3.29734151901353e-03 -8.02585339935922e-04 2.36382956355195e-05 2.99867212911073e-04 3.69965747363903e-04 -5.02150472552744e-06 1.82116281207851e-04 6.01583154687454e-05 5.59027048591090e-04 7.43916092278553e-04 -9.70184250908406e-06 6.46937945731864e-04 3.18506457373593e-04 -8.12976459865040e-06 4.56037826091496e-05 -5.37930082755193e-05 2.10759016557690e-06 -8.06188482731761e-05 -5.19916182660610e-06 -1.47441673827879e-04 -9.37047441198331e-05 -2.52193340313180e-02 1.66819718151635e-03 -6.78110106314226e-06 1.80804615433375e-04 -1.74679033118863e-04 9.28831191490223e-04 -1.05040645932471e-02 1.20728141521466e-02 -5.88033561872739e-05 -1.36895622237654e-03 -3.83479442277561e-04 -1.35864033800600e-05 -1.46989098067124e-04 -4.76435915581837e-05 -3.52678161246336e-06 -3.28159201761891e-05 -2.21086022329615e-05 -3.49785385578559e-04 -9.17019991203075e-05 -8.34232471400324e-08 -2.56215029992206e-04 4.55487525466417e-05 -1.40023832900804e-06 8.83243584130403e-06 -2.27892747868710e-05 7.05512096659855e-06 -7.27587709922872e-05 -7.58871795465357e-06 1.03801930514092e-03 4.30822247007855e-05 -1.63868060294862e-03 7.74546667849935e-04 6.23157642148329e-04 1.99445822730163e-04 3.98350471785671e-04 -7.04750971661439e-03 -9.93545788588056e-04 -4.64126894467804e-04 8.77715152270170e-04 7.35412540518847e-04 1.90129301629520e-04 -1.17834227051449e-04 1.20415633812980e-04 7.37206346367074e-05 7.09393636505170e-05 -7.05933821512884e-05 -1.90494350265156e-04 4.50712549222087e-05 -1.32535670785292e-06 1.31820600269833e-04 -2.37739737299560e-04 -1.89531880240055e-05 6.66252148884517e-05 -3.52322062230549e-06 -3.73500713321091e-05 3.17808778571234e-05 1.58426709877516e-05 -4.83701675277112e-05 2.62516391444855e-04 -5.07668144308539e-03 9.97044080194375e-04 6.54167525474744e-05 -8.03127476498292e-05 2.28411096645545e-05 2.67716647295424e-04 -2.36783344341637e-04 2.66336933563720e-05 2.32324889132727e-05 2.92004510047618e-05 1.91735166612243e-05 -3.35948007185049e-05 6.65446561943071e-07 -4.48414331065145e-04 6.63317688156437e-03 -8.34702828135883e-04 9.36787787520649e-05 5.60450337323071e-05 5.20519533381847e-05 2.15474814894373e-04 1.21729256065968e-04 1.48788836286780e-04 2.82894944277834e-05 2.47049884787815e-05 1.31416563903637e-05 5.27977390248639e-05 -1.03703863948300e-05 -7.70986880957545e-04 3.27061687465814e-03 -1.44879049258393e-03 -2.97581103890482e-05 -8.26456378579379e-05 -6.75829222739711e-05 9.57574364022726e-05 -5.01964936516751e-05 -1.02066079532574e-04 1.73821014523363e-05 2.65349162262864e-05 4.91787375887991e-07 4.58018984920819e-06 -1.28415789190395e-05 -2.90144588507091e-04 -9.21070274271974e-04 3.02235573818958e-05 -6.34311465258168e-05 -7.10943026734269e-06 5.06154030269109e-06 -2.57361937125115e-04 -1.40245457621467e-04 8.60898166271703e-05 -1.31790389240916e-05 1.65117048283934e-05 4.10234077889327e-06 3.20775009559167e-05 -9.69449634760337e-06 -8.84717247976378e-04 3.80718157998876e-03 -1.57285884401457e-03 2.87913659021702e-05 -9.52181831647396e-05 -2.14044810948685e-05 -1.07385292961355e-04 -5.59008422485434e-05 3.11656709479890e-05 -1.52275934579784e-05 1.49974548698607e-05 -2.62873549579756e-06 1.33303657520281e-05 -1.22997296183497e-05 7.82328265039594e-05 2.39462208779903e-03 1.71713199963433e-04 -9.30742564442297e-05 -4.98948147709968e-06 1.87215833351394e-05 -1.97583640039744e-04 2.65975266545815e-05 1.74037855756532e-04 -3.04531098608948e-05 1.05736390255791e-05 2.80161119143250e-05 -4.90240744879314e-05 -8.44150201101564e-06
 8.80354403793523e-04 7.02137438282280e-05 -2.31028482257896e-03 -9.63058165058052e-04 -2.92785118661399e-04 3.17908584722557e-04 -1.09700982751536e-03 5.62166144168198e-03 -4.91999056396812e-03 1.15737389731294e-02 -6.76517341928055e-04 2.96329555061031e-04 -1.69346176017901e-03 6.74235049098400e-05 -3.08459152557737e-04 -9.99621751685986e-06 4.68037534222041e-05 -9.69543273530269e-05 1.79134175575833e-04 -2.18848665302539e-04 1.62070491158010e-05 -3.44832396083544e-05 -5.40481807298348e-05 -5.15357112780651e-05 -2.50543181800099e-05 2.18078492962208e-05 -1.29351158855345e-06 -2.88578851718476e-05 -6.87723204230234e-06 -1.65133100185714e-05 -6.56884852756419e-05 3.96162549717482e-05 -2.43196542163903e-03 3.22770942730473e-04 2.47975429235517e-04 3.12571393878382e-06 -7.66694287221378e-05 -4.22374394140480e-03 4.27088676482847e-04 1.34591185778801e-03 2.03583335050431e-03 -5.47186484725253e-05 -2.21327039363139e-04 3.02276972708568e-04 1.53285761527384e-05 -1.45793623418422e-06 3.07172471878353e-04 1.32804108714456e-05 3.55133487334936e-04 5.34523620921302e-05 -9.70184250908406e-06 4.07175927277310e-04 4.99563799019653e-05 2.86636561245443e-05 -1.07186994435494e-04 1.53348689076212e-05 -5.05234169557455e-06 -8.02200972451404e-06 -4.44279250419962e-06 -6.23356000569053e-05 1.85165298093112e-04 5.55779340344203e-06 -5.86501478545757e-04 1.85825711217908e-04 -1.85535477214176e-04 -2.74028970539589e-05 -6.65432980765656e-06 6.38918620064376e-03 8.11741934541965e-05 1.03071183319670e-03 4.30482876750992e-04 -1.14000730396174e-04 -7.36259074039073e-05 -1.81013280304292e-05 -1.80981245185951e-05 4.92347652409574e-07 -1.80906363191849e-06 6.45852849161095e-06 -3.47834602827291e-05 -4.73624355510918e-05 -5.64380210234150e-07 4.89727899057735e-05 1.31614903202302e-05 -4.81646604197293e-07 -1.78422456851505e-05 2.20151373845790e-06 -5.75688746200839e-06 1.11734726438314e-05 -7.13124979685395e-06 -9.32141184825401e-06 -4.19163532926308e-05 -6.62771241983921e-05 1.96350177755843e-03 1.28548471072832e-03 5.72301641370391e-05 -1.40503341342843e-04 1.42997168371185e-03 1.91550859389455e-03 2.81552863630325e-03 -1.40539426319873e-02 3.49294971579128e-05 1.18585307468366e-04 2.09813116183560e-03 1.06514632807937e-04 3.36011910163622e-04 5.88557138810068e-05 5.63745477961671e-05 6.04116781478393e-05 1.43264546554688e-04 1.73983723827500e-04 2.66538951570083e-05 -2.67640214321066e-05 7.64742156973834e-06 3.04114683645105e-05 -2.92491233017059e-05 -6.79669201741327e-06 8.72597841876077e-06 -1.97749644543321e-05 -3.59495626782582e-06 -1.14559183887868e-05 -1.64930419465482e-03 1.23447693874957e-02 -2.79634469213970e-03 2.97914442845994e-05 1.75065629503457e-04 -1.17571292210926e-04 1.37409286295014e-04 1.65788996224978e-04 -3.23567319806750e-05 2.07441039949385e-06 -3.89848412653542e-05 2.59284623610313e-07 1.37124958525628e-06 -3.41529324536449e-05 1.23079902856876e-03 -9.37681373183204e-03 2.45722032616408e-03 4.42292947433087e-05 -1.82577372062137e-04 -1.04399389093821e-04 1.63632190175929e-04 -3.26384690425945e-04 -7.69695055493735e-06 1.39206987552101e-05 -6.37071460790679e-05 -3.18121416648253e-06 3.64656388144074e-05 4.06585697685021e-05 -1.62592769721813e-04 9.65895394900133e-04 4.08261046587396e-04 5.57942443165598e-05 -6.00842549585102e-05 1.25552704191211e-04 1.08197219468744e-04 -9.55037851314402e-05 2.78891071579848e-04 2.43314264537208e-06 -2.96124893607649e-05 7.16175057599145e-08 -3.68017301063471e-05 -4.22853752638246e-05 1.47316395053383e-03 -1.23846423402802e-02 2.68205173834252e-03 4.17039749057116e-05 -1.91842038622688e-04 9.39110176753678e-05 9.02656096045714e-05 -2.70146979917291e-04 1.83829323652254e-05 5.82682079700623e-06 4.95378679138600e-05 7.50665513860085e-06 -2.19588605287512e-06 3.97999209485066e-05 1.87799355163797e-04 -1.52180420226892e-03 -2.90240525614423e-04 6.26826239273706e-06 4.22965225336521e-05 -1.48785914077933e-04 1.22678235714500e-05 7.79883211288917e-05 -3.17562117332693e-04 6.47386614789944e-06 3.81392488196353e-05 1.26634757272744e-05 -3.95644958688691e-05 2.41992483674826e-05 -1.47480658524659e-03 1.22274485239230e-02 -2.95411979171274e-03 5.20201899552716e-05 1.95450591685757e-04 1.38275814772952e-04 1.57220759538690e-04 3.42409889348472e-04 6.86552851346425e-05 2.13002355092646e-05 6.58335403726899e-05 5.55322391670542e-06 3.80669024642806e-05 -3.43197247800691e-05
 -2.88304926640763e-03 -9.42594787867950e-06 -1.13288667217404e-03 -8.45555176548154e-04 -2.12533886868117e-04 -5.97153004948969e-04 1.75861322019706e-04 3.32082633943642e-03 8.19446543015134e-03 4.31833823759967e-04 7.55759730064712e-04 -8.52192162961835e-04 -1.18729925595986e-04 5.48313196707575e-05 8.34543650022609e-05 -1.46076333877023e-04 -7.31834444113732e-05 1.07841704496549e-04 -4.11216970902936e-05 6.41900992261737e-05 -1.66465508997516e-04 -1.32055256850360e-04 -5.06801155860904e-05 1.86451196005399e-05 -5.26682909584611e-05 -3.44335564207095e-06 -1.92869633475422e-05 -1.98849716173422e-05 1.13931181939011e-06 6.08638574335141e-05 -9.16843550537462e-04 1.75926018828007e-04 7.41750582593982e-03 -2.92800581813801e-03 2.62619778141172e-05 -4.81161594863749e-04 -3.36541547861795e-04 -7.84375791565022e-04 4.18481578674694e-04 5.73376645366883e-03 5.98179943510391e-04 -3.95262305074322e-03 -8.68704515081619e-04 9.94150804617740e-05 1.51130908248831e-04 1.12435692003723e-04 6.85088291905497e-06 4.99952574302872e-04 1.37846662789619e-04 2.16928210495518e-04 6.46937945731864e-04 4.99563799019653e-05 1.07043506189204e-03 9.52503472350516e-05 3.96198399175568e-07 1.15201931536676e-04 -1.23983179397227e-05 5.12965461385207e-06 -4.78821817440804e-05 -2.41210837302304e-05 -2.13998764739827e-03 -2.08891877243654e-04 -3.58635333746846e-02 1.19165020648827e-03 -5.18626211682736e-05 4.92790374628876e-04 -5.89923605764911e-05 2.16464907658625e-03 -1.68475567371205e-02 6.24347687281922e-03 7.41291336497778e-05 -1.23301861693907e-03 -3.17117923924084e-04 -1.10633157590696e-05 -7.44947240168285e-05 -7.54368836894497e-05 -1.86765106904169e-06 -9.61133299013673e-05 -7.25809548477509e-06 -1.49161921571179e-04 -2.17062455919708e-04 1.47963456314896e-05 -4.93331894093386e-04 5.08473460340162e-05 -5.07250308048430e-06 2.19558006812774e-05 -1.04079049825915e-05 7.63203517983974e-06 -4.04087336112006e-05 -4.22761935318544e-06 -3.56992978383824e-03 -5.10910044278732e-05 2.63794190870296e-04 -2.23443993483549e-04 1.86957215525167e-04 -7.05864002108338e-04 3.77226451829162e-04 -1.68916942944852e-03 1.03316581360248e-02 -1.55269203758389e-03 -8.78641994043972e-04 -8.22387909951850e-04 4.21014948538361e-04 6.87946087368424e-06 1.55484460246273e-04 -1.80589387084781e-04 7.89686401102592e-06 1.51587818154663e-04 1.09910584415164e-04 8.58675897841518e-05 -2.35198941267042e-04 5.75685152489088e-05 -1.98169817732545e-05 5.10352392912448e-05 3.40801395843954e-05 -2.44520240656957e-05 -2.46825327056761e-05 -2.26293820942129e-06 1.89711857265864e-05 -6.46910917134180e-05 7.92926098526334e-04 -6.28331369982453e-03 1.52056552433621e-03 5.25497533174993e-05 -1.81958188098946e-05 1.26646180718309e-04 1.88612439875349e-04 5.15902103794790e-06 1.35615572640950e-04 1.10276101391690e-06 2.27767248676921e-05 -1.88024551175435e-05 -1.66553807574752e-05 -1.66403184357046e-05 1.05140223711649e-03 -4.71088109019540e-03 1.74888837929834e-03 4.96440770979348e-05 8.90923969757467e-06 -1.36307943956207e-04 1.43621508926466e-04 1.21189675754741e-04 -2.00106147620610e-05 6.94798675587746e-06 3.78116629435513e-06 -2.50942178705740e-05 2.56614863189720e-05 -1.07227294041467e-05 -1.32014123071970e-03 7.13221538461629e-03 -2.43485281314874e-03 -1.28463868972042e-04 -4.52081226474198e-05 5.68835032203446e-06 -4.38218168079330e-05 5.34219615081230e-05 3.69825712641229e-05 1.91072582390075e-05 -1.16247057559943e-07 1.60401770904438e-06 -1.05218329928932e-05 3.19263421745324e-05 1.19790036909754e-03 -9.25546039360220e-03 2.16372907111716e-03 -6.96913923413160e-06 -4.54917103538795e-05 1.66183355995961e-04 -1.00360641718467e-04 1.26947982366011e-06 1.75981048872003e-04 1.04029277172989e-05 2.71342523128342e-05 -2.78765996300118e-05 7.70024379596172e-06 -1.43335374599334e-05 -1.40986290267806e-03 7.28053853516145e-03 -2.86810224630826e-03 1.54527279986271e-04 -3.04157756913453e-05 -4.80073841507506e-05 7.57319188304375e-05 9.89208939421741e-05 -3.49169728910169e-05 -1.84928874736297e-05 1.07869688831182e-05 -4.40244962689476e-07 -4.21377386225797e-06 5.14397486308140e-05 8.85114204967752e-04 -3.11869926479616e-03 1.29009837771132e-03 -5.19152432657647e-05 5.50257018085224e-05 -1.13847238176908e-04 -8.59845451934020e-05 2.17094223942088e-04 3.17489353661349e-06 -4.94610801137728e-07 2.00480299789083e-05 -2.04325062415179e-05 -1.67800436596845e-05 -2.49759827246468e-05
 8.71958834193329e-04 4.54854864960576e-05 -1.88423648587280e-03 1.00699771295963e-03 -6.25030693618977e-04 3.12043430413015e-04 2.32339580369723e-04 4.94936771634339e-03 -2.81032623458863e-03 -1.68470744823799e-03 -1.28687573667762e-03 5.84674272341875e-04 3.25747228359377e-04 1.11931854657185e-04 1.19676584949526e-05 9.28892477064289e-05 2.36871586332738e-05 -6.37313786910713e-05 1.06835863259365e-04 1.52444592789443e-05 1.64156740601247e-05 1.35602696390087e-05 -1.70796119638659e-04 -7.90672593344718e-06 -7.89235375984073e-07 2.61174417152596e-05 5.06049531608472e-06 -7.78441196914784e-06 2.47231238366493e-06 2.42754918577349e-06 -1.07854526154706e-03 2.44665208173278e-04 -1.92572810706246e-02 4.35104676562819e-03 3.23669937538708e-05 1.03644016628831e-03 6.93515556742304e-05 1.45887467089387e-04 -2.30496634476592e-03 9.64508186141835e-04 7.03420631858790e-05 1.34547683927017e-03 9.57228877263322e-05 6.53382960915744e-06 -4.52359560336110e-05 3.43930753648566e-04 3.05036875622303e-05 2.14815212035316e-04 9.46466182163053e-06 2.80414022072668e-05 3.18506457373593e-04 2.86636561245443e-05 9.52503472350516e-05 3.28874064028431e-04 -3.23526460573840e-05 -1.11739038950317e-06 -8.97841382917823e-06 -6.94661042926229e-06 3.14105173970387e-05 -4.11010965700731e-06 2.43923710495185e-04 4.11766130434777e-05 -1.01965283958627e-02 1.96836366176632e-03 -1.86398794116419e-05 -3.54118463772946e-04 -7.25721520432158e-05 7.60815705416854e-04 7.55997551505628e-03 2.83117245778882e-03 -1.84948553790570e-06 -1.35274261997121e-03 -2.02466212629233e-04 -9.33824243083980e-06 -6.31561827872312e-05 8.38197908478099e-05 -2.10171897610767e-06 1.65932913685857e-04 -1.98042037415603e-05 -1.42477637082235e-04 1.97914140664425e-04 -1.07901867198994e-06 3.24254838334956e-04 -6.24445403761669e-05 1.97211317710592e-06 -3.83877215565578e-05 -1.64950590336081e-05 2.61541575590458e-06 -2.85913059339147e-05 -5.70029289904968e-06 1.05894641514532e-03 3.71121148611100e-05 -1.58059015566697e-03 1.13749250554867e-03 7.19653735005372e-04 3.20907038930578e-04 2.16851143661446e-05 -5.32718673106344e-03 -2.55217406907066e-03 2.79309566946815e-04 1.37561604948109e-03 6.06162504420378e-04 -6.71656387786723e-05 -1.19920511525629e-04 1.18205217761935e-05 7.96653190347654e-05 1.26806166831780e-05 -5.74627749847457e-05 -9.01643945680026e-05 1.71026085159390e-05 3.56516056335621e-06 2.60470439669115e-05 -1.56879149851782e-04 -1.58567277615481e-06 1.36894921963443e-05 2.18568524382338e-05 1.20832972776474e-06 3.83001833394396e-06 4.85513959627538e-06 3.10944741372690e-07 -1.70000535474364e-04 6.40650071688920e-04 -2.11515518347620e-04 4.30237548453758e-05 -9.18929546984850e-06 -3.47182459167689e-05 1.50158274756487e-04 -4.02031462529189e-05 -1.20822348313943e-05 2.34634962243418e-05 -4.41146257501517e-06 8.29238929509488e-06 -1.80807536553723e-05 -2.91372785301373e-06 -2.66726526698029e-04 2.34559196065540e-03 -4.79830428345068e-04 5.37474643201904e-05 2.64774738402748e-06 3.89116647702087e-05 1.43353354072226e-04 8.15145775219624e-06 1.81820831259315e-05 2.07014970148351e-05 6.24070958557747e-06 6.31924761419015e-06 2.68075966075259e-05 1.81143035672453e-07 -7.29551710104456e-05 1.42251353642387e-03 -2.09334093843652e-04 2.09565638004034e-05 -5.87664708676528e-05 -1.85581024080084e-05 4.47357803779418e-06 -1.48902554728712e-04 -3.19758187158821e-05 2.03545507402837e-05 7.81202138482090e-06 -7.89992526909822e-06 4.38405908139089e-06 -2.74673490098870e-05 -2.72770779257665e-04 1.32122557582225e-03 -3.94435681824013e-04 -5.07524515538091e-05 7.91408491784760e-06 -2.97607484367102e-05 -1.45421201249736e-04 -1.84783586030573e-05 2.26583736262354e-05 -2.32375427170069e-05 -3.42235208495562e-06 1.40002333085465e-06 1.87307805254583e-05 -2.26546329475619e-06 -1.56113609217433e-04 2.02519984405996e-03 -4.17676828258528e-04 -1.25933215095458e-05 -6.76346887877920e-05 -5.88157524452610e-06 -6.26197344209324e-07 -1.58798111429366e-04 -7.98101174255371e-06 -2.23422011738930e-05 7.72963669496346e-06 -8.30649895785131e-06 1.00080057135443e-06 -2.55261015942300e-05 -1.48347338781097e-04 1.39509927244156e-03 -2.80871354110870e-04 -4.96747863804624e-05 -6.29113734433716e-06 3.73763775230312e-05 -1.37361121795421e-04 -5.33957978746707e-07 4.40453798960765e-05 -2.19091699934938e-05 8.36033921379401e-06 1.44728049001504e-05 -2.37493035215846e-05 -2.73780979916987e-06
 -2.70394690009948e-04 1.85344912910395e-06 -1.65433961516644e-04 -5.49337494829413e-04 2.90669893956028e-04 -3.71492082276394e-05 3.48473941919987e-04 -2.38554299806305e-03 2.39067704226787e-04 -3.68404008174073e-03 4.55459734364926e-04 -2.28868023072630e-04 4.76935623477652e-04 -4.82204705027901e-05 1.03430038604121e-04 2.19473073257106e-05 -1.80005603441917e-05 7.00057943980837e-06 -5.57510956025875e-05 6.39672548643917e-05 5.06566587683165e-06 -1.57777065144710e-06 2.40710946148225e-05 8.44873732182160e-06 3.48463721348628e-06 -8.59217973959829e-06 -2.30170740956374e-06 5.36190622587006e-06 8.03848032487575e-07 1.00341862589791e-05 1.37721183849093e-04 -3.48833422755355e-05 2.59174584346510e-03 -4.87553896555709e-04 -1.01106448813160e-04 -4.33900775193690e-05 -8.84668852527767e-06 1.33802852984605e-03 -4.35815565070574e-04 1.81809718141409e-04 6.20541666266592e-05 -3.09183201852234e-06 -4.34246746756062e-05 5.78286121924296e-05 1.01851694881881e-05 -2.33680759121163e-05 -7.94062506860511e-05 -5.53237944211433e-06 5.90592610975089e-05 1.93329098214668e-05 -8.12976459865040e-06 -1.07186994435494e-04 3.96198399175568e-07 -3.23526460573840e-05 4.74699787750863e-05 1.81905631295751e-06 -1.41267972573066e-06 -1.24997403307665e-06 -2.28002465535671e-06 -4.29566268604434e-05 -4.31399981784068e-05 -7.19584122399808e-06 4.13249370884883e-04 -1.71076456637930e-04 -7.44797208612720e-05 3.45813116158452e-05 5.55801730664945e-06 3.10057657328412e-03 -7.19218245540027e-04 1.93437020815605e-06 6.33754831636462e-05 1.09209457555185e-04 -7.62633305512871e-06 -2.58511417122942e-05 1.88952105496150e-07 -7.35489631953349e-06 -3.51561243603046e-06 -1.39711810747237e-05 -7.27117618353809e-05 3.62277581115388e-06 -1.82736599814735e-05 -2.51286988928399e-05 -3.62960903314174e-05 5.05777272207261e-06 7.90800825507982e-06 3.07659818277302e-06 -5.35952649558332e-07 2.84632498008341e-06 1.56908535352820e-06 -1.97146248432351e-05 -6.28369882547274e-05 -1.30256263806871e-05 3.98046997488727e-04 2.55044206783173e-04 2.84781382100786e-05 -8.25478784902577e-05 -4.34031730346927e-04 2.50011437095285e-04 9.19072758270472e-04 4.39093654907476e-03 -1.01061709445005e-04 -5.19409211146473e-06 -6.23466928130960e-04 -2.77107214344690e-05 -9.36384879650739e-05 -5.11184527937074e-05 -2.07140875960681e-05 2.58642602521422e-05 -1.31564431226329e-05 -5.56124527497415e-05 -3.23399298478140e-05 1.49540368793090e-05 4.00533150899802e-05 2.76681903042139e-06 1.08394989679323e-05 1.86871727179042e-06 -3.26988457516031e-06 2.52941113400170e-07 2.40537796558974e-06 1.51248456916590e-05 4.74273550694216e-04 -3.39819539855540e-03 8.50739703106802e-04 -1.58527682271724e-05 -6.42265169906959e-05 2.88334950401189e-05 -4.18511601022724e-05 -7.78350195662798e-05 -1.42536469610819e-05 -4.51878202173986e-06 1.48756091950465e-05 3.61594364133050e-06 1.62806835342886e-06 1.33932546895590e-05 -3.84049458904667e-04 3.42667100929790e-03 -7.43960716548602e-04 -1.68961431504475e-05 4.33104131074060e-05 3.71253219490936e-05 -4.54433343982030e-05 7.30757983670865e-05 3.28445550158890e-05 -7.14834604992596e-06 1.60116473799624e-05 4.40965284281263e-06 -1.26088388780305e-05 -9.99831142141997e-06 2.84753058439067e-04 -1.98540762384375e-03 6.07427154675288e-04 1.45344832405959e-05 4.18816971171702e-05 -3.88769471912078e-05 -2.06474217658798e-06 6.94551943706438e-05 -7.97525416068775e-05 -1.19378158287421e-05 9.96773931261408e-06 6.76838362800119e-06 1.03457017335258e-05 7.35584618698193e-06 -3.67840105486299e-04 2.83264300107421e-03 -7.30738396750735e-04 3.61173893428271e-08 6.74290533549493e-05 -1.26285923444400e-05 1.75489240117659e-05 1.02258050834376e-04 2.84138449932051e-05 1.60942443545078e-06 -1.51811327838395e-05 -7.67099302406357e-06 -5.19219317204982e-06 -1.47043845844486e-05 -1.78295445775985e-04 1.33824422173268e-03 -4.40657680204916e-04 2.46784497524917e-05 -1.64830552276754e-05 4.23298842183864e-05 3.12148053205097e-05 -2.83831910197516e-05 9.48042187461011e-05 -8.21910893145958e-06 -1.07101349219701e-05 -7.66343970804307e-06 1.08691229265524e-05 3.69365294928540e-06 5.54112671704099e-04 -4.50667715082713e-03 1.00942811770393e-03 -8.33853967604396e-06 -4.76660065032478e-05 -5.74182363106369e-05 -8.26851398870194e-06 -6.88192717987927e-05 -4.50622001654560e-05 -5.12541424981099e-06 -1.66346373343411e-05 -7.83640821298138e-06 -7.92857851094301e-06 9.46096326043122e-06
 -4.20200548987076e-04 -1.88672137845988e-05 -8.41239301785802e-05 -2.51219688468770e-04 9.37211223832850e-05 -1.14037787465976e-04 -4.61949509006815e-05 -2.08361272843067e-03 1.38397221705669e-03 1.39535069021978e-03 4.46310501511288e-04 -2.57109558206015e-04 -2.71460955173868e-04 -3.67889769765966e-05 1.37446506915739e-05 -4.13403515158977e-05 -4.32704414384976e-05 6.48337382061314e-05 -9.86309810413918e-05 7.40143752652562e-06 -5.87791006008608e-05 -1.07343189314274e-04 9.38891706807529e-05 2.44552665226110e-05 -2.49288541866383e-05 8.39922386637420e-06 -1.43194038724169e-05 9.88276957804191e-06 1.81517755104524e-05 -2.40475983965199e-05 3.07526371549219e-04 -5.93999195394580e-05 2.48838688711818e-03 1.53914251340462e-04 2.56602348138233e-06 5.97036376559426e-04 -6.32731952311648e-05 8.05008742130555e-06 -5.08326890819696e-03 2.65471846033890e-03 3.94668016608405e-05 1.22675802401450e-03 -1.28808446626237e-04 8.36069995139052e-06 8.08913075587807e-05 2.44476986027086e-05 -1.43635893865773e-06 1.69336029211825e-04 2.38240816316600e-05 1.99908694656169e-04 4.56037826091496e-05 1.53348689076212e-05 1.15201931536676e-04 -1.11739038950317e-06 1.81905631295751e-06 5.24004326173344e-05 -1.78520875091929e-05 2.87369771710545e-07 -3.17903652858751e-05 1.67413861387140e-07 -1.00250327222910e-04 -9.33422286240600e-06 -4.47740284292196e-03 3.41672051691930e-04 5.43898960469498e-08 -4.15544788892949e-05 -7.31734341153834e-05 1.30063209218493e-04 1.50789232577777e-03 4.39392486353489e-03 -1.91672648829240e-05 -2.95863362371483e-04 -1.41738386397167e-04 -3.36115407216632e-06 -6.45036115835959e-05 1.44658321370746e-05 -1.14045452561702e-06 4.28975744721153e-05 -2.22424851807491e-06 -1.42016986146048e-04 1.31035295869580e-05 2.31593638835449e-06 4.18674475702816e-05 -2.39244121499764e-05 1.43703895010929e-06 -3.40311009570873e-06 -1.05880068998851e-05 2.19324036422271e-06 -3.12184398852758e-05 -7.22818792733384e-07 -5.36762868220075e-04 -1.42126311843703e-05 -2.01715122471351e-04 -2.44723009619319e-04 -1.47452241594395e-04 -1.31658397596339e-04 9.61682703339326e-05 2.66715183112744e-03 1.42816159427412e-03 -2.89648757774682e-04 -5.27073959447871e-04 -2.74590435981807e-04 6.97930150855912e-06 5.74354382741275e-05 3.35863157797160e-05 -4.34023600625023e-05 2.16192535351875e-05 7.04960535011812e-05 1.12473145674019e-04 6.35208493751116e-06 -7.95765846885744e-05 5.87300335988875e-05 1.01532073133507e-04 3.02369754214575e-05 1.68028528564542e-05 9.05021014863133e-07 -7.39119116152866e-06 -1.96879455024629e-05 7.13724178381349e-06 2.30532372292562e-05 7.25352428285350e-05 -6.82529005453501e-04 1.16741815220559e-05 -3.08432825687843e-05 1.63826839277950e-05 2.19733459007497e-05 -6.46046506181835e-05 3.88351519659942e-05 5.58344428681647e-05 -1.36067296836737e-05 1.78538610407568e-08 -1.38949688312128e-05 1.44329093128865e-05 -2.29763989178578e-06 4.03748368078642e-04 -1.88992085994797e-03 5.31500992424462e-04 -2.09843792248840e-05 -1.21895340450910e-05 -3.47699758068134e-05 -6.60947825585892e-05 1.91954654729878e-05 5.61814208078996e-06 -1.82065207251882e-06 -1.84262436607997e-07 -6.06058181264062e-06 -1.35082967132289e-05 4.21900466972406e-06 2.32146394375693e-04 -7.27395073120737e-04 2.92082574845375e-04 6.18050871793433e-06 2.98903307629046e-05 1.46628462156873e-05 -5.03263486986201e-05 1.38420023403545e-05 5.16139252303288e-05 -5.70224824069252e-07 -2.14157824138554e-06 3.16045334065836e-06 -1.01623256668274e-05 7.19441654120651e-06 2.03738583381360e-04 -1.71631557071508e-03 2.64142096503469e-04 3.95096300003288e-05 -3.56574783059267e-06 2.37607221771962e-05 8.00350274365182e-05 1.20426653434094e-05 4.11573950348481e-05 1.40902247818316e-05 1.88151960119309e-06 -7.98978219392036e-06 -1.78500477689670e-05 -1.87918377860853e-06 3.19018310494423e-04 -1.28523990749776e-03 4.40712524914452e-04 -9.99297902875860e-06 3.99831682065356e-05 4.20849233124917e-06 5.87024721018254e-05 2.74619560636066e-05 9.77969066603259e-06 2.94495939795390e-06 1.53620804515331e-06 1.63651242814654e-06 5.38252121401311e-06 1.02430674530691e-05 2.74421877483021e-04 -8.11003295187322e-04 2.97338337640710e-04 2.06812733323514e-05 1.74787526519230e-06 -2.68657316706020e-05 7.60448824023120e-05 4.33355175700229e-05 -2.55886217035838e-06 4.43706949296955e-06 4.48287402093563e-06 -9.63275911966073e-06 1.33873899539412e-05 3.42903151759515e-06
 -2.36864059166601e-04 1.85350906290164e-06 -3.65655867872543e-04 -1.91518976321078e-05 1.01251592323966e-04 -8.23455079358176e-05 1.28903416180734e-04 -1.43084435003282e-03 1.07283612180907e-03 -2.13424123054740e-03 2.71053766717851e-04 -1.82558500910503e-04 4.44367070806004e-04 -3.34313716511519e-05 1.02930107782303e-05 -2.64467209079955e-05 3.28184639137593e-05 2.59586810751914e-05 -6.91698709403527e-05 1.47373934857090e-05 -4.62871953054154e-05 1.26660826064074e-04 3.85584255755963e-05 1.55414119410300e-05 2.88697280637289e-05 -9.54323242912615e-06 2.07652416016658e-05 2.24269274662932e-05 -1.27133730935635e-05 2.02026621836844e-06 9.59785061223309e-05 -1.66961734694675e-05 6.53155640540096e-04 7.54099360737524e-05 -8.93578728410132e-06 1.57268428433255e-04 2.25849396075703e-04 2.11870414920511e-04 -7.14489269525530e-04 -5.80154658140103e-03 -1.16691623262898e-04 2.76677662074491e-04 6.58265065093118e-04 -1.79400394387044e-05 -1.33248847846314e-04 -2.53283808945998e-05 -3.97673461761987e-06 3.22164446214665e-05 -4.91554476184567e-05 -2.68030354273119e-04 -5.37930082755193e-05 -5.05234169557455e-06 -1.23983179397227e-05 -8.97841382917823e-06 -1.41267972573066e-06 -1.78520875091929e-05 5.99029589341420e-05 1.08831423901119e-06 5.04709176056205e-05 9.45149949918198e-07 -3.45061021494642e-05 -1.53988436536313e-06 -1.53123539472109e-03 1.15227246770593e-04 4.37206310146740e-06 -2.31554575836994e-05 9.89768317285372e-05 -1.05435112101473e-04 1.35640941698780e-03 -5.98947782446606e-03 3.87708861622255e-06 -1.28907284626152e-04 1.85496424082843e-04 6.40240724518171e-07 7.87218795623643e-05 2.65704763815079e-05 1.10557694682945e-06 2.57588553083378e-05 -9.82777838166216e-06 1.94270622710655e-04 5.74435993712664e-05 1.36919885842506e-06 4.44774397766345e-05 -1.48880055137260e-05 2.64742999226674e-07 -1.49965537612234e-05 1.19777654420960e-05 -3.43180183252572e-06 3.60902500665364e-05 -2.37972574474504e-06 -1.98486162820429e-05 -9.92934520144408e-06 1.65651616708905e-04 -1.20326479909690e-04 3.91300808055269e-05 -2.29503365971126e-05 1.79515869844403e-04 -2.91936735108126e-05 4.11736221622609e-04 -2.66114467100669e-03 -2.22246431187955e-05 -1.02300650034151e-04 5.27186993791812e-04 6.74028833219909e-06 1.06097534456977e-05 2.64477418096652e-06 -4.39818545612046e-05 1.40690547742896e-05 4.05242402724438e-05 2.19665848120804e-06 6.81695021190956e-06 -1.37828451894757e-04 1.97536695894193e-05 5.15217636621898e-06 -3.55208356389435e-05 3.57763780233572e-06 2.74112746083821e-05 -2.56651053050109e-06 -1.73655608603001e-05 2.40820374873606e-06 4.43637743332599e-04 -2.38404945320836e-03 7.30554080755935e-04 4.15242296380522e-06 -4.53707785417351e-05 3.10671390330173e-05 -2.22934273257112e-05 -4.19075140007422e-05 -1.02390363239919e-05 2.03945366000580e-06 8.67475926996224e-06 4.16466840511298e-07 3.12415333275552e-06 9.70929646410749e-06 -1.65527988670221e-04 9.02839539158541e-04 -3.24876175197108e-04 -2.59850678553471e-05 3.39775614565946e-05 9.97359408777984e-06 -4.97055766049536e-05 6.96067837670086e-05 -1.47345871957641e-05 -6.82326978990796e-06 1.25347348570239e-05 -3.91073543280061e-06 -1.07518317214796e-05 -8.00242010211871e-06 1.47983631312386e-04 -6.70150259782149e-04 1.80211610965778e-04 2.86569903388446e-07 2.37561352716467e-05 -2.18457732009910e-05 -3.05980369316274e-05 3.35919008964356e-05 -8.19941109785511e-05 -4.41739484181663e-06 2.26224193882804e-06 -8.47976772711981e-07 1.59263129182116e-05 7.54169214022535e-06 3.50342215672095e-04 -1.96499460951319e-03 5.69979392209546e-04 -9.02882387251415e-06 -4.21859803189290e-05 1.82425802642956e-05 -9.30878030586605e-06 -5.29866789453759e-05 -1.88207239017240e-05 -4.65304568726168e-06 8.15294121917075e-06 3.83765931325694e-06 -2.22065363870948e-07 1.09881148226655e-05 3.56871528018164e-05 1.82325393206733e-05 4.76997197838988e-05 -5.62841147571453e-06 3.93220328219630e-06 -2.76125072669221e-05 3.12449782388426e-06 2.78360729427408e-06 -9.27088861187306e-05 1.42630921844610e-06 3.43187373404664e-06 4.02378655604260e-06 -1.69843720835349e-05 -1.82865332982631e-06 -3.23175786807280e-04 1.84942382265686e-03 -6.10364799597233e-04 2.02264712765785e-05 4.17465042839579e-05 2.69097551600001e-05 2.42478965557827e-05 6.91882831663402e-05 -1.13869292983057e-05 7.85973232726175e-06 1.27258574845860e-05 -2.87576189533115e-06 7.75928588098937e-06 -6.24727838696506e-06
 4.72364965474013e-04 -6.97493333033242e-06 5.13468396968708e-04 -1.50580691448538e-04 -1.97511666500352e-04 1.03882507164321e-04 2.12310968324842e-04 2.07247738939351e-03 -1.18663084993265e-03 -2.04895446185966e-03 -2.81490308794175e-04 1.31257574310177e-04 3.20242817970979e-04 7.18448635026313e-05 2.62640721850713e-05 3.29594185452289e-05 1.38261439583326e-05 1.18690435575429e-06 7.41119483250078e-05 -1.57598082839036e-06 2.03331843437734e-05 3.54771055291260e-05 2.52726741206334e-05 -1.01033281698052e-05 1.10341810612974e-05 5.50144967791206e-06 6.78361661768903e-06 -7.31182347746275e-06 -3.08543583869887e-06 -1.92756758289988e-05 -1.43259824909548e-05 -6.59178961921819e-06 4.70355021995051e-04 -1.02876417676219e-04 1.86156243270086e-04 -1.15962797941566e-05 -1.87091341643927e-05 -3.92256667070108e-03 -1.87536770126660e-05 1.25879080825948e-05 9.74469554610464e-04 -1.34122457278041e-05 -4.90207790306178e-06 4.19898976128162e-05 7.69953282738771e-06 -2.69084331234690e-06 -1.27506197907386e-05 2.48724370242501e-07 9.36123199703629e-05 7.86772768313256e-06 2.10759016557690e-06 -8.02200972451404e-06 5.12965461385207e-06 -6.94661042926229e-06 -1.24997403307665e-06 2.87369771710545e-07 1.08831423901119e-06 2.56510610103752e-05 -1.65493119241871e-06 2.08323441054564e-05 -6.69476583272080e-06 -1.51437439403878e-06 1.05724169644545e-04 -2.77054176344888e-05 2.08178253508132e-05 4.41426205704151e-06 4.71720016536694e-07 -2.15837652831859e-03 -1.27828824605718e-04 2.15061062408274e-04 8.51635838165138e-05 1.66801464496286e-05 1.48501688176813e-05 3.51464463578605e-05 -4.87088755996132e-07 -1.59597074832394e-06 4.23162185508975e-06 -1.69862195190780e-06 1.33778882406428e-04 -7.00943254418797e-06 -5.33754097081198e-06 1.34254652284168e-05 -5.41566150939402e-06 3.97573313302588e-07 -5.18412608391923e-06 1.10983877143899e-06 5.10652425249765e-08 4.86791870154052e-06 -2.49748718846092e-06 3.37468611518757e-05 -6.28558995865275e-04 1.24082471555798e-05 -6.35054022355809e-04 1.46245594345398e-04 -2.55714324787233e-04 -1.48682006580840e-04 1.70084321668380e-05 2.62446175293060e-03 1.67118698159378e-03 -5.50944554997384e-05 -3.93018388305723e-04 -2.13008772742930e-04 4.49477218923665e-05 7.74382844271790e-05 -3.42889818202804e-06 -3.44248661411988e-05 -8.00583565733469e-07 1.09262928291119e-05 8.72836475547829e-05 -1.63626267861795e-06 -3.36850460754712e-05 -8.96145396834855e-06 -4.39881893895283e-06 1.31741534680934e-05 2.52113252913883e-06 -6.97561201669802e-06 1.70667413344890e-06 -1.01913288605651e-05 -4.16505375621870e-07 -1.79941566546533e-05 -4.29999065279807e-05 -2.96206637439200e-04 -4.55221398218203e-05 2.24337209672737e-05 -1.38132262729513e-05 -2.07901151128610e-05 6.07806030520164e-05 -5.36487570165291e-05 -2.23462627666837e-05 9.73782362797757e-06 3.82042900509677e-07 1.00359918749808e-05 -7.47670939671451e-06 6.09111836269771e-06 -3.71366304273922e-04 2.60840242161080e-03 -6.99792760400737e-04 2.46665105951033e-05 2.50816565131992e-05 4.59479959219424e-05 5.37161490086714e-05 2.32806557456910e-05 2.88854642535182e-05 7.20799689272442e-06 8.60101770109196e-06 9.02095311399172e-06 9.92347755965004e-06 1.30868559004745e-07 -2.25675522064022e-04 1.38921236879673e-03 -2.36698520842537e-04 5.76710627167923e-06 -3.81272416818472e-05 -2.33901137304325e-05 3.48546120396013e-05 -5.70668230695442e-05 -5.22187093772083e-05 4.29597497504818e-06 7.03282612677663e-06 -2.86152999130453e-07 7.65912145454342e-06 -1.53294975361087e-05 2.53157340656551e-04 -1.40302548372724e-03 4.21577951345586e-04 2.73585420919909e-05 -1.25568121637930e-05 3.16731015713452e-05 6.60427840628840e-05 9.84851508036132e-06 1.98665553195554e-05 1.16728982833292e-05 5.16180168143260e-06 -6.00158543838263e-06 -1.05877487021969e-05 -3.34424221916209e-06 2.46721759408035e-04 -1.55887728925119e-03 2.83155611767397e-04 7.59217857830377e-06 4.64377142346024e-05 5.57928300769813e-06 4.13446817595170e-05 7.36795867153351e-05 1.13927065005866e-06 6.12372444352868e-06 -2.34857354005809e-06 5.75561346694397e-07 -1.50828020302672e-06 1.74661936146663e-05 2.73085831213438e-04 -1.40339766671760e-03 4.53751256687153e-04 2.30045765875916e-05 -4.21582147874647e-06 -3.90991294135087e-05 7.06329547998990e-05 2.79660649108019e-05 -2.07097602555823e-05 7.91254108939441e-06 -1.41784870227996e-06 -1.12679137196704e-05 8.32126686785190e-06 -1.44219867587564e-06
 9.71413804965005e-05 8.60633591958403e-06 -4.27047772251116e-04 -2.26036474722177e-04 -5.98969660349416e-05 1.81441228314358e-04 -4.05834161381356e-04 5.48710634529120e-04 -1.75074685858229e-03 1.72502783688345e-03 -1.28325497026207e-04 1.36760222664855e-04 -2.63039930864065e-04 -1.60846745047630e-05 -1.20323865228226e-04 -7.51841004838078e-06 6.05094743707984e-05 -3.03045002811230e-05 -1.50555912941337e-05 -2.33247631450970e-05 -1.35927594266693e-05 1.07288055868005e-04 -1.42799867480275e-05 6.35419231019350e-06 4.26056026492594e-05 -9.79479285703759e-06 1.89883153214268e-05 1.55688393955314e-05 -7.64184660047359e-06 5.06521196264906e-06 -1.08478662224226e-04 2.76258080590867e-05 -2.49373584376464e-03 6.94946434311244e-04 3.56021843658753e-05 2.23939899634511e-04 3.54899504061664e-04 -1.07568458752743e-03 -2.99763831667740e-04 -6.75391669742394e-03 4.42306636842147e-04 3.38222278256807e-04 3.68195541935781e-04 3.05498267428688e-05 -3.11347631648618e-04 -1.34064954876699e-05 3.50339976735130e-06 2.09380139435728e-05 8.21581143452390e-06 -5.98684250159227e-04 -8.06188482731761e-05 -4.44279250419962e-06 -4.78821817440804e-05 3.14105173970387e-05 -2.28002465535671e-06 -3.17903652858751e-05 5.04709176056205e-05 -1.65493119241871e-06 1.11320961865883e-04 -2.19836130515370e-05 1.31997891633553e-05 6.38370620223867e-06 -2.47068601851307e-03 3.67713341745562e-04 -4.56223777389866e-05 -7.52082496512458e-05 1.53955317137870e-04 9.38760120015603e-04 2.76397224895369e-03 -1.02283883344508e-02 1.18945400307021e-04 -2.85013265291967e-04 1.36235746069827e-04 2.46946267794349e-06 1.13201786103238e-04 4.46942877529211e-05 1.64931563026293e-06 4.90153505345388e-05 1.05217770453186e-05 2.79078147808018e-04 1.05509654856149e-04 4.50439842786979e-06 9.90055638022119e-05 -2.43046314200605e-05 -1.20674630328955e-06 -2.45166420798617e-05 1.15468409249333e-05 -1.59084651448523e-06 5.56171983033390e-05 1.97264027955155e-06 -2.46527602947627e-05 8.55853759473022e-07 -2.42316737494260e-04 4.70232610626521e-04 9.42634928090424e-05 -1.55258671116015e-05 -4.72478353505107e-04 -6.96244544964270e-05 8.45277508066977e-04 2.29163034083997e-03 8.25099631770217e-05 5.07542587139605e-05 -3.28890790636142e-04 -1.62288445668614e-05 -1.18471667940002e-04 -3.45725271194670e-05 -6.64044672864032e-05 1.61604547112713e-06 2.62014919117647e-05 -2.41821929466245e-05 -1.63254873518220e-05 -1.08822230182564e-04 -6.70616993607162e-06 3.43212271430393e-06 -4.28877617964736e-05 8.33539298115236e-06 2.71475870624815e-05 -7.43435428981469e-06 -7.41343699527639e-06 -2.11083609353540e-06 -1.25278657411991e-04 3.17627652131921e-03 -3.90072299860837e-04 1.18174251978757e-05 1.95538021978786e-05 -3.13425487650194e-05 -4.01282887764968e-06 8.21301087165762e-05 -8.83240486966677e-05 9.18100997968981e-06 -1.73062189241030e-05 4.50365599489132e-06 -3.73291504945055e-06 -1.61928074342583e-06 -1.00924429755651e-04 -1.52616564636553e-03 2.38973307973120e-05 -9.37702384396745e-06 -2.12545608587875e-05 1.47157978513519e-06 3.19414398812240e-05 -9.49558574307156e-05 -7.86855152522892e-05 -6.87404287880337e-06 -1.16795306729508e-05 -7.65967169874335e-07 -5.70747161945158e-06 -1.07311956767645e-06 1.42481261211434e-04 -8.03834713833980e-04 3.80987762860439e-04 2.63686892810885e-05 -2.11980092108605e-06 1.59578335778309e-05 1.79131184939711e-05 -1.45382218247661e-05 8.17496664723606e-07 -4.45828353040874e-06 -1.05001337606321e-05 -1.48611945861688e-06 8.27687041357692e-06 -9.81462660252212e-06 1.05892864296835e-04 1.67486686853322e-03 -5.60861697675499e-05 -1.33019702891972e-05 2.33716387727599e-05 4.15322029761008e-06 1.61888817043463e-05 1.17274651862975e-04 -5.13041778946372e-05 -1.24486621417517e-05 -1.39313694740741e-05 -5.47857065089437e-06 3.47765556546792e-06 -3.28942162291450e-06 -5.34528363350654e-05 8.38220220225004e-04 -3.20130049903504e-04 1.66563584066716e-05 -8.76970407256595e-06 1.79931785278149e-05 3.82258573872396e-05 -2.57940991414047e-05 4.06515081244446e-06 -8.08275176731823e-06 -1.11933799885513e-05 -5.71021749361398e-06 -9.61029743426556e-06 1.24492341484278e-06 1.50496843952214e-04 -3.32615107679452e-03 4.15221845341261e-04 8.03126341308679e-06 -1.45173661810349e-05 -3.54138613295802e-05 -3.04344811339862e-05 -6.06671838311221e-05 -1.13577702848346e-04 4.02686861316132e-06 -1.22635320954856e-05 -1.33787206088414e-05 3.43626221636444e-06 -2.06711205665036e-06
 8.54990743685377e-05 -3.63477553453214e-05 1.06802020862488e-03 2.46771713649747e-03 -7.40657105813914e-04 -6.79400874913193e-04 -5.57693196804843e-06 3.94363852127743e-03 8.12264590548299e-03 2.14156357010187e-04 -6.70861195977084e-04 -1.88426126896648e-04 1.06863152655528e-04 1.58976819507729e-04 3.54598809458200e-06 -1.47520409828277e-04 -1.34966809284910e-05 1.50543351899361e-04 8.72769761624933e-05 1.36312215810139e-05 -7.13725424550520e-05 3.83607665287167e-06 8.32779300408217e-05 3.11962112025660e-07 1.39961768257930e-05 1.62055121417802e-05 7.02361371290303e-06 8.97943326054746e-06 7.79188776376743e-06 -3.57803502071316e-05 -3.77265944322885e-05 1.71137544395598e-06 -3.05371443262751e-04 1.18694262009621e-04 3.19973925298143e-04 6.34623705493602e-06 2.89397149397998e-06 -2.33164573929790e-03 1.95158969648772e-04 -4.58504126734235e-04 -1.77480707277131e-03 -3.02784725402033e-05 1.99072900957257e-04 -3.25711699255921e-04 1.09409559855893e-06 6.52420275477528e-06 -5.21161090671162e-05 -9.52098086557310e-06 -3.68547215377149e-04 -2.45241493914125e-05 -5.19916182660610e-06 -6.23356000569053e-05 -2.41210837302304e-05 -4.11010965700731e-06 -4.29566268604434e-05 1.67413861387140e-07 9.45149949918198e-07 2.08323441054564e-05 -2.19836130515370e-05 2.76104848163337e-04 8.94608666516313e-07 1.35502575138681e-06 -1.44494362568695e-04 -2.15594261963308e-05 4.30520315868539e-04 9.23858315948067e-06 -2.78358163806528e-05 -1.56527469743139e-02 1.00438083425518e-04 4.23601311664495e-04 -5.23492729090391e-04 -3.55176108499431e-06 7.25188140978547e-05 1.05475703596021e-04 2.91897830462652e-06 9.78515056015136e-07 1.34116379907451e-05 3.34343705179351e-06 2.53469662887573e-04 4.78626621157183e-06 4.63441247527914e-06 2.86876240003395e-05 1.04950637416216e-05 -2.49469013014941e-06 -7.32775636040135e-06 -1.73048048992075e-06 6.77546862521237e-06 -1.92941637193014e-05 -5.43044128763679e-06 7.49817402210807e-05 -1.20424611130730e-04 4.57677098196423e-05 -1.25627230221972e-03 -2.42226292924151e-03 -7.24131293017193e-04 7.14271725273989e-04 4.19809085962853e-05 3.65512660686469e-03 -8.29157506645138e-03 -5.06935825370487e-04 -6.70075329569354e-04 2.10431221988639e-04 -4.76398056303266e-05 1.47385656535671e-04 -5.49596691553691e-05 1.41186747229438e-04 4.86528140627339e-05 -1.55565035189100e-04 8.31232843678009e-05 -1.88318840266709e-05 7.80913385216919e-05 2.85012152057663e-05 -9.51186443393385e-05 -8.21211950035943e-08 -1.96324148831969e-06 -1.87246636436309e-05 -7.20957360792785e-06 4.43145284227817e-06 2.24641001228024e-08 -3.81886669608041e-05 6.13183799507538e-04 -5.12701825291159e-03 1.06088306570780e-03 4.68227000558287e-05 4.30633286959451e-06 9.63267610451017e-05 5.36407364495346e-05 7.01896478652052e-05 1.46675425569350e-04 1.94671135842197e-05 7.05276905651863e-06 -2.29418909392429e-05 -1.52489085281959e-05 -2.59165706953211e-06 4.50770409325267e-04 -4.44011808690300e-03 8.26068257624803e-04 2.80140344678675e-05 4.28123820697784e-05 -8.78480255969915e-05 2.07816313621017e-05 1.15995563736801e-04 -1.54417531518364e-04 1.37288382217433e-05 5.19940780860515e-06 -2.88629600302556e-05 9.77059522640718e-06 -4.99925163406198e-06 -1.20596104637696e-03 9.16144290332778e-03 -3.10400617251977e-03 -1.46819769692942e-04 -9.31464212619811e-05 -2.97428948637661e-06 -1.61183471579522e-04 -1.37955024373537e-04 -1.78970967826210e-05 4.69471411991296e-05 -1.97935374907868e-07 -2.91103199082025e-05 2.41467403592878e-06 2.33734837032499e-05 -6.05543318843817e-04 5.59684319020112e-03 -1.07607621449455e-03 2.34620474450404e-05 -3.61961479075231e-06 -1.05151193793360e-04 2.12970221381830e-05 -4.67006594831953e-05 -1.76216238914003e-04 1.49724711347253e-05 -1.31524743552842e-05 2.77439539223289e-05 -5.22720733643674e-06 1.31260107074386e-07 1.19707903159919e-03 -9.12351962755174e-03 3.07931082888121e-03 -1.44795131156802e-04 9.17090061703363e-05 3.37279863721607e-05 -1.61659960475579e-04 1.31808835562967e-04 4.87132463013330e-05 4.73554349914398e-05 -1.05282574489180e-05 2.56027113514675e-05 1.27630016598520e-05 -2.54660261422455e-05 -4.77725025753858e-04 4.01263981942026e-03 -7.95162627451212e-04 4.14782710088951e-05 -4.62607493445875e-05 7.98003814989618e-05 5.05630773673978e-05 -1.38438247709996e-04 1.25133034774017e-04 1.34144002342459e-05 -9.73475438768009e-06 2.55215776520929e-05 1.73231825094785e-05 8.63457389896725e-06
 -5.19534803497413e-05 -2.04298350952221e-04 -9.94325008114278e-04 -4.18241435296352e-04 -1.22454013696819e-03 3.87657808699568e-04 1.74341615151329e-04 4.23206955663680e-04 -3.57983933697867e-03 -5.18689530999370e-04 -2.15847758294993e-04 1.09406787005648e-03 1.53710826250224e-04 -3.83173756032092e-05 2.34681613761961e-06 6.43266645173247e-06 -8.45207022728618e-06 2.39664964831173e-05 -7.12581624654007e-04 -5.87748638634750e-05 5.74369951132659e-04 7.91549550644918e-06 -8.53439368041516e-05 8.09234907538526e-05 -8.05583343923738e-06 1.01191196711607e-05 4.78755764773531e-06 -1.13742353067778e-05 1.26574212898422e-05 6.22209035421759e-07 1.33200381041247e-03 -3.32086119297102e-04 -1.04171537091033e-02 1.35882525427436e-03 7.71322381200141e-05 6.17537454002653e-03 7.61425189772524e-04 -1.80625491580725e-04 -7.20066371004309e-03 -6.57214189312951e-04 5.32666339248585e-05 -4.46418509586755e-04 -7.77437929053464e-05 1.43819990476168e-05 1.23895397145697e-04 -2.08109224420984e-04 1.82887264346924e-05 -5.44894935368849e-04 3.14846163148325e-05 3.17391359066577e-04 -1.47441673827879e-04 1.85165298093112e-04 -2.13998764739827e-03 2.43923710495185e-04 -4.31399981784068e-05 -1.00250327222910e-04 -3.45061021494642e-05 -6.69476583272080e-06 1.31997891633553e-05 8.94608666516313e-07 1.98884511911308e+00 7.73711237967838e-03 -3.05272411914695e-02 7.44505260191676e-03 9.09571907468152e-05 8.55821701138263e-03 1.06055326435667e-03 9.75242219637346e-05 1.98232296792094e-04 3.31855608307495e-04 3.06506006538485e-05 1.71990639646967e-03 2.13079579790039e-04 4.35020470433226e-06 7.78824937951253e-05 1.35637467957939e-05 5.89870379668070e-05 -6.17055148896810e-04 -4.15900616242448e-05 -5.20616128250594e-04 9.79171086940358e-04 -5.89597182631292e-05 2.31458466459752e-03 -7.65392606861384e-04 3.46727409573729e-05 -4.44661476203680e-04 -1.41036449578806e-04 -6.21483934217410e-06 -2.17739542215564e-04 -3.03982291989212e-05 -1.60606618953340e-04 -2.00576586845587e-04 -8.52470100841991e-04 -3.76907181674726e-04 1.24957617814678e-03 3.62289959807387e-04 -5.85572749585136e-05 -4.15688929925296e-04 -3.39865241194790e-03 -3.74527259272288e-04 2.48397355244765e-04 1.07194459647073e-03 1.13609561106109e-04 4.07594398697797e-05 -5.82238864445027e-06 9.96901985177238e-07 3.63337764776723e-06 2.76290591117591e-05 7.10410551497915e-04 -1.83129211404683e-04 5.49920604234509e-04 1.96121767491381e-04 -7.43963811755977e-05 8.32845412848457e-05 -7.57506846640961e-06 8.89278068170778e-06 1.08047106846561e-06 5.24488227234435e-06 1.49389637237586e-05 -2.97905574011477e-07 -6.54237391882503e-04 1.48151470061365e-03 -2.57356028528857e-04 -2.54662068392053e-05 -1.70204458121263e-06 -1.21103647274829e-06 1.12264351414317e-04 -3.42800367760913e-04 -1.41279110197355e-04 5.44961258514524e-05 -2.15214209548643e-06 5.04392306108529e-05 1.47972915543629e-05 1.95494894041749e-05 -6.34745717814812e-04 1.54932940575060e-03 -2.66647014354055e-04 -2.35135840354462e-05 -2.63760571596201e-06 6.20247636183480e-06 1.29100839590268e-04 -3.62010685396653e-04 3.45323362168039e-05 5.22998255202755e-05 -3.44337221523786e-05 4.44032668122843e-05 1.26630493753446e-05 1.59293415461681e-05 1.74575194587404e-03 -2.85950915489564e-03 9.04789999433786e-04 7.59110319294987e-05 7.44824551485950e-06 -6.64788823592686e-06 -4.19434828028829e-04 -2.55229721224643e-04 8.85011064035344e-06 -1.92387448815069e-05 1.22492070949979e-05 -4.19786812675770e-05 -1.02949716529442e-05 -8.53492802351760e-07 -6.65723889024011e-04 1.44481960991312e-03 -2.68216501996064e-04 2.55177440253273e-05 -6.15397167622225e-07 -5.44114959801148e-06 -1.30036502160928e-04 -3.42643780507605e-04 -1.08876945220567e-04 -5.34689738248061e-05 8.66138446122117e-06 5.21697726029376e-05 -1.69972709873177e-06 1.85354026601816e-05 1.76748436011063e-03 -2.74900307608535e-03 8.63099762415790e-04 -7.09224490472688e-05 6.28005400020338e-06 7.90036283016712e-06 4.33911612062935e-04 -2.63040880666848e-04 -7.09137070269127e-05 1.81025378311989e-05 7.36383764316065e-06 -4.44266766100383e-05 -5.05706706167513e-06 2.69785760793458e-06 -6.42740853473709e-04 1.48138652549506e-03 -2.49804892172568e-04 2.51544869237644e-05 -6.89816540700699e-07 6.46523243002827e-07 -1.12146585520370e-04 -3.59284944751635e-04 5.60995519601109e-05 -5.74646913247526e-05 -2.19970387018076e-05 4.60496077052703e-05 1.36307277090581e-06 1.51188151991610e-05
 3.53085955595172e-04 -1.85269910457750e-05 6.62275569694429e-04 1.09447091493285e-04 -1.28342182065694e-04 8.48683772149836e-05 1.50227059397679e-05 2.43279978497290e-05 -1.08426428530906e-03 -1.06221128346600e-04 -3.90866027739327e-04 3.31726625923649e-05 3.74439974323285e-05 1.48961837265637e-05 -8.29852098053985e-06 1.88700520095769e-05 6.60600083644883e-06 2.83495078218012e-07 -1.83349429520898e-05 -5.44936902135492e-06 3.30291883888431e-06 5.51587741128148e-07 1.36654834907165e-05 1.08313834159006e-05 2.51782993503468e-06 5.17727238978530e-06 4.34214862951817e-07 9.72018543395551e-06 6.00959008023777e-06 -2.31130567241951e-05 4.25532190280386e-04 -3.35440342233158e-05 -4.78997591767120e-03 1.79509688217843e-03 1.54060920396923e-05 7.58322869904613e-04 1.02498427835580e-04 2.30767647014466e-07 -3.38097159295293e-03 -6.02377007128083e-04 -8.54530831219630e-06 2.06773038193182e-03 2.73122764370267e-04 -5.30625493886652e-06 -2.05774866466769e-05 4.44414554378308e-05 3.76872568655055e-06 3.69799174048350e-05 -4.82187590665354e-06 3.33038370854274e-05 -9.37047441198331e-05 5.55779340344203e-06 -2.08891877243654e-04 4.11766130434777e-05 -7.19584122399808e-06 -9.33422286240600e-06 -1.53988436536313e-06 -1.51437439403878e-06 6.38370620223867e-06 1.35502575138681e-06 7.73711237967838e-03 9.02027347551194e-05 5.54578596036062e-03 3.05630548163102e-04 -7.43323025046317e-07 -2.09405691712360e-04 -2.42980298300108e-05 -2.39995363775225e-06 7.58151001222231e-03 7.01435332050441e-04 -3.50825396681535e-06 -8.13593242134445e-05 -4.18464233437399e-06 -1.49942292480670e-06 -1.94027341494350e-05 5.00648645292235e-05 -3.31399036167302e-07 8.65784367167763e-05 -4.52073950536867e-06 -4.89329857578704e-05 1.13194201767138e-04 -5.54038523448990e-06 2.63155631455683e-04 -4.83400564597929e-05 3.11773064078950e-06 -1.76050376756784e-05 -5.04625767438253e-06 2.97810697250518e-07 -9.06906680968119e-06 -8.71166836780992e-07 4.28654660172888e-04 -1.99796215846602e-05 5.94225723218746e-04 9.11242357115750e-05 1.38783654853190e-04 8.84055322297987e-05 -3.16081145945090e-06 -8.07832594650284e-05 -1.19890615440045e-03 -1.28203952592697e-04 4.01633107041859e-04 2.73311383637525e-05 -3.23563427849497e-05 -1.60630367910908e-05 -5.60729044798905e-06 2.22269070749736e-05 3.47133047572954e-07 -1.73511429009608e-06 2.10364252055404e-05 -7.83273136447809e-06 7.88916409902357e-06 3.48988551504060e-07 1.25128973277289e-05 1.00963613481945e-05 -2.55399023756623e-06 5.88386287942232e-06 4.71754522955957e-06 -9.67139381769375e-06 -2.26023625949340e-06 2.33725309852702e-05 -1.66706632968271e-04 9.38508772453394e-04 -3.60718622141029e-04 -7.62047348714393e-06 1.06622041234696e-05 -2.38154828359406e-05 -2.05966587952323e-05 1.49419274010615e-05 5.18902008141983e-06 8.57312980660189e-07 -5.75346625880577e-06 -1.59616011613882e-06 4.38527760354325e-06 2.27163570325022e-06 -1.62184631108727e-04 8.47579504469879e-04 -3.57010470545930e-04 -3.59396184924541e-06 3.78062403898863e-06 2.65111218702729e-05 -2.03398670291939e-05 1.20831908268974e-05 2.10893980860008e-07 2.95014918030790e-06 3.91383929213111e-06 2.30617946986230e-06 -4.67321249178726e-06 3.06243515258353e-06 1.99088853419006e-04 -2.09444260407858e-04 3.30337471051806e-04 1.34727588478130e-05 -2.10122854556757e-06 -1.23677095403706e-06 -4.12901738535662e-05 -6.19798002401184e-05 -3.59000122658810e-06 5.52672217869134e-06 1.10976386317446e-06 -3.77209904528103e-06 9.40856592094490e-07 -8.11606545653257e-06 -1.80863137099604e-04 9.66064457209190e-04 -3.70246660917080e-04 2.66460322696207e-06 9.31761613269189e-06 -2.55791945082401e-05 1.87616401562215e-05 8.62755386399759e-06 3.31638663283326e-06 -2.45269443137414e-06 -4.57050875920440e-06 2.94827915302773e-07 -5.02459790463811e-06 2.53776730441863e-06 2.23170801377908e-04 -2.84038585087861e-04 3.70571584242296e-04 -1.55149598334731e-05 -1.85454820023682e-06 1.34231168334105e-06 4.03781278552026e-05 -6.53703764121653e-05 -1.22944093457628e-05 -5.34452884242722e-06 1.93604343742014e-06 -3.43314008856608e-06 -7.31388162844727e-07 -8.78474284668326e-06 -1.77397464283676e-04 9.13592810554974e-04 -3.69417374816758e-04 8.08247797955423e-06 3.25653938538800e-06 2.63675892441547e-05 1.85906613091388e-05 1.08612366994167e-05 -4.10822664017699e-06 -1.91167231148412e-06 4.31542183408612e-06 8.54777371408631e-07 4.22451084641799e-06 3.98426482817406e-06
 -2.33393856968033e-03 4.29398485606137e-03 -5.64823713976110e-02 3.20215157619062e-02 7.76387465390880e-03 7.68477755513308e-04 -6.44735167215644e-04 2.41373656912831e-02 -8.86767977228720e-02 -1.35675574479643e-02 -3.36872313240760e-02 -6.44527735155942e-03 2.27513826601381e-03 1.62008348726802e-03 -2.56788278251568e-04 2.38033938930886e-03 9.28310298156578e-04 -3.47460783447299e-03 6.55111320466604e-03 -2.15210800815391e-03 6.86881247257171e-03 2.37795355337186e-03 -1.51704502254943e-03 -2.95012682907391e-03 7.15257084220340e-04 6.77781967433756e-04 5.11837154709055e-04 -1.19744873534321e-03 -5.90060183078343e-04 2.32552458269524e-04 -1.96145196561576e-02 -8.74181232558510e-03 6.22626326123023e-02 1.03592800156496e-02 -6.52549789468535e-04 -4.36759711241890e-02 -5.36067606035930e-03 2.98431910535235e-03 3.11963215658065e-01 3.95755009060411e-02 -1.42187794167814e-03 1.43457093346071e-02 1.98430484171010e-03 3.61333387025892e-04 5.38325577014327e-03 -1.03534446020249e-02 5.59384353925435e-04 -2.39118401948556e-02 1.15753931303313e-03 9.83032805725450e-03 -2.52193340313180e-02 -5.86501478545757e-04 -3.58635333746846e-02 -1.01965283958627e-02 4.13249370884883e-04 -4.47740284292196e-03 -1.53123539472109e-03 1.05724169644545e-04 -2.47068601851307e-03 -1.44494362568695e-04 -3.05272411914695e-02 5.54578596036062e-03 1.74006791457611e+00 -1.07960386841688e-01 -2.88696839219327e-04 -6.80573545622840e-03 -9.05610436994416e-04 3.21424087313815e-03 2.58135189329475e-01 3.31497985607443e-02 1.45555410852487e-03 9.63038276372353e-02 1.21537094062994e-02 1.12951624939616e-04 8.56397888221871e-04 -1.83672576723948e-03 8.35373428046326e-06 -4.07378632009333e-03 -1.35730109427096e-04 1.28910921739795e-07 -3.19805929034036e-03 -9.11894700166597e-04 5.39333598611541e-03 1.45871045903980e-03 9.42426296629737e-05 1.62782858133937e-03 5.10102462407398e-04 -1.45387867350517e-05 5.82389902087330e-04 2.80966446846104e-05 -2.82936834616019e-03 4.52818641739533e-03 -5.65824089381300e-02 3.00870383705333e-02 -8.18629351205572e-03 5.55056350894393e-04 1.00655532955549e-03 -2.57070372113408e-02 -8.82117130817970e-02 -8.53366152823785e-03 3.27619458991656e-02 -7.32796854209702e-03 -4.09321471529081e-03 -1.70434211473913e-03 5.32156590359031e-05 2.46517770026670e-03 5.22934253972665e-04 -3.52735734900788e-03 -6.81568798093894e-03 -7.02946992596400e-04 7.26897632218986e-03 5.14918064057551e-04 -1.82620553577831e-03 -3.02084116494656e-03 2.59976388233893e-04 7.36709911208486e-04 -1.07101157386789e-04 1.35648487495224e-03 -1.03015588524792e-04 -3.52193942779420e-04 -7.90624690941180e-03 3.84445377719146e-02 -1.31940143856080e-02 3.33247413615325e-04 -4.87448222774725e-04 -1.35121286519027e-03 -8.37248036202561e-04 -1.37984173928326e-03 6.94770504461617e-05 1.11808235499614e-04 5.05226918248922e-05 5.41062974330542e-04 -1.67053420842514e-04 2.43500734096314e-04 -7.58303066830254e-03 3.82528917365223e-02 -1.31694526244419e-02 5.54660030976229e-04 -8.07176000189549e-04 1.10448575236341e-03 -7.21227933226318e-04 -1.34813479647972e-03 -1.68797288332360e-04 4.09651853239527e-05 -3.58419013937862e-04 4.09167896194928e-04 2.94478747892084e-04 2.58345574690482e-04 1.06875059796487e-02 -4.94055351883331e-02 3.50907067821402e-02 9.53367646924811e-04 4.27061395568603e-04 -4.60572878662655e-05 1.64379966331396e-03 -4.57971511840777e-04 -2.81528265627140e-04 -3.03176829332300e-04 1.02106316170904e-04 -3.25653439360368e-05 1.64501103967001e-05 -3.74590957882210e-04 -7.88478486991835e-03 3.79238963669212e-02 -1.33400399349759e-02 -5.67711795848167e-04 -4.90666672708175e-04 -1.26688821472673e-03 8.67934037415090e-04 -1.43992040173038e-03 1.77841011923239e-05 -9.50817441555119e-05 9.19236834000874e-05 4.66398922993875e-04 2.65056266070818e-04 3.12520492568315e-04 1.06269965531480e-02 -4.88795160841265e-02 3.47823743134345e-02 -8.76104046906418e-04 4.52385650349680e-04 1.26589005456512e-04 -1.78072090667257e-03 -5.57979993407792e-04 1.28046381907639e-04 3.07926663419313e-04 1.76839370227745e-05 -3.12280520160284e-05 6.00029222759842e-05 -3.60695062250133e-04 -7.72326770900200e-03 3.83334245952674e-02 -1.33537090024768e-02 -3.46866033088389e-04 -7.87221991622943e-04 1.21183095163108e-03 8.37477631488084e-04 -1.29914890472312e-03 -3.38479076991068e-04 -9.17709043704875e-05 -3.12718031320804e-04 4.95003753838650e-04 -1.71852159296495e-04 2.09022626547830e-04
 -4.65379492952737e-04 -4.22350868981007e-04 5.03369818292615e-03 -2.44744456087578e-05 -3.57614643389235e-03 7.22809643712736e-04 4.59205944423360e-04 9.37285935516840e-03 -9.28836161862912e-04 -9.57294952275358e-04 -4.00623446223196e-03 1.08428956201762e-04 4.23882625778025e-04 3.10457452108592e-04 -6.39092700729065e-05 -3.49288194203299e-05 4.00182893515431e-07 3.61449300554688e-04 -7.10938270989684e-04 1.96653792814718e-04 -7.67953711037561e-04 -2.53920772028918e-04 7.88736855264186e-05 3.94285897504444e-04 -4.08206746873924e-05 7.99028695173037e-05 -2.30110041107915e-05 2.19356364818130e-04 1.40205022086864e-04 -2.73573953264942e-04 -4.75314085710477e-04 6.88624585200767e-04 -9.46743899280420e-02 3.00107016912352e-02 4.14738348271183e-04 1.55794406026851e-02 1.91054547169003e-03 -2.72456642934808e-03 -7.89368659364443e-02 -9.49160750004739e-03 1.47882894592201e-03 2.76109491515361e-02 3.31966970787018e-03 8.19401233503465e-05 -8.93650897324007e-04 2.07758941224373e-03 4.14721633796883e-05 3.45510534364733e-03 8.16234261592775e-05 -4.91575446254615e-04 1.66819718151635e-03 1.85825711217908e-04 1.19165020648827e-03 1.96836366176632e-03 -1.71076456637930e-04 3.41672051691930e-04 1.15227246770593e-04 -2.77054176344888e-05 3.67713341745562e-04 -2.15594261963308e-05 7.44505260191676e-03 3.05630548163102e-04 -1.07960386841688e-01 1.69692292073444e-02 -1.36731336424700e-04 -3.12286064089296e-03 -4.04115528761733e-04 4.47588225476203e-03 8.82181625391075e-02 1.09831262673778e-02 6.69957252758630e-05 -1.22959706642289e-02 -1.56501683605284e-03 -5.34354481553435e-05 -4.49462167488293e-04 9.65559314868482e-04 -1.25479006991165e-05 1.82193107381566e-03 -6.75667976723256e-05 -8.55768674353791e-04 1.99527564557309e-03 5.90272285582576e-06 3.38254397876113e-03 -8.55909535314544e-04 3.52446221988778e-05 -4.13300436435428e-04 -1.33811396221157e-04 1.94448852797959e-05 -2.13198483058591e-04 -2.12311074090471e-05 -4.44210514770985e-04 -5.09317469973982e-04 6.18165899188646e-03 1.68937808760757e-03 3.77071911443495e-03 4.88806696578729e-04 -1.87720550815356e-04 -6.70721677229659e-03 2.98308819870803e-03 7.34583153854259e-04 3.98077887077572e-03 1.35536253253845e-04 -2.62983015540358e-04 -2.46097466932360e-04 -3.83867359871107e-06 -9.68220106825157e-05 -8.58554218084547e-05 4.28021862128888e-04 9.30039726932011e-04 4.78930573411653e-05 -8.69006617263782e-04 -3.49536525001908e-05 1.44026694115203e-04 4.42165332310217e-04 -2.25945179673783e-05 7.21247019115952e-05 8.41153960980087e-05 -2.56602742463700e-04 6.12400394832888e-06 2.84393493028513e-04 -3.06471830765677e-04 1.90558691783029e-03 -1.78407039935088e-03 7.03225341606198e-06 1.27979151662159e-04 -8.19168936257028e-05 1.84933842694644e-04 3.90536579780285e-04 2.32382550890069e-04 4.32624111058356e-05 -7.13421645200939e-05 -8.83406556532344e-05 3.01421706301759e-05 -9.61220468061496e-06 -2.23171531940329e-04 1.91045831388298e-03 -1.73028406459654e-03 2.73417967883416e-05 1.04752831855080e-04 1.10988264003854e-04 1.31850256636069e-04 4.44005192833634e-04 -1.24293356212967e-04 6.81430172753855e-05 9.13229885851903e-05 -3.68900887500144e-05 -3.61970046783608e-05 6.12526567971682e-06 7.05898087961475e-04 1.08597106416184e-02 -3.88012824036345e-04 2.05932073873909e-05 -1.60624668844111e-04 -2.15032855770414e-05 -8.18079884958707e-04 -1.00191148299980e-03 -3.46709171941090e-05 1.55033702824922e-04 9.12267590967280e-06 -5.95797471691889e-05 1.49568232194787e-05 -8.70011706181526e-05 -3.85723377935079e-05 -5.57553895133266e-04 -1.32721370770938e-03 1.22242233044795e-05 1.29159396968875e-04 -3.04556064250597e-05 -3.08677011708816e-05 4.15267868679993e-04 3.34257269479640e-04 -4.84178759922181e-05 -5.73931382265552e-05 -8.68852742478078e-05 -6.90347250010035e-05 -2.01974220522545e-05 7.99226597626052e-04 1.12934756146921e-02 -1.11035205836193e-03 2.84469613780796e-05 -1.42140860268036e-04 -2.14355266773492e-05 9.27992489876439e-04 -9.91178644582012e-04 -2.15763971462151e-04 -1.66461658583445e-04 3.58555961578161e-05 -6.33767277097636e-05 -2.57668185637759e-05 -5.33559965828642e-05 6.69566504486575e-05 -1.25950517081846e-04 -1.34536343645011e-03 2.03658640394951e-05 1.23398918158165e-04 6.53564750055621e-05 -6.88352628790170e-05 5.39003500638750e-04 -1.55312545858247e-04 -4.30091493955490e-05 1.10420767060167e-04 -6.47914875075020e-05 3.13715472372962e-05 4.23821434811310e-06
 -8.38796306488203e-04 -2.08478907150829e-04 7.30827237134222e-03 6.54724102418521e-03 -5.87145220677892e-04 -4.32248869605074e-04 -4.84015508417238e-05 -5.48060581989265e-03 1.01499220962138e-02 1.79055707359835e-03 -6.33256122165421e-05 1.06028814685030e-03 1.54812689127576e-04 -3.19640027984589e-05 -3.47348760509284e-07 -1.56431292385607e-04 -4.50516250085419e-05 2.39318771205236e-04 -2.83376568381510e-04 5.16045586306371e-05 -9.84674899594913e-05 -3.10453245478350e-05 9.66755632055912e-05 9.62970945173645e-05 -3.50907699135189e-06 1.02256164560953e-05 1.65292258530573e-06 4.18412335783019e-05 2.82181642588810e-05 -4.86729962125225e-05 -1.19575986914994e-05 -7.35069017295171e-06 3.24215155115781e-04 6.13489299471385e-05 -2.30569052922216e-05 -4.47525828447505e-05 5.15318261026978e-05 2.65539920028361e-03 4.70269444887799e-04 -1.30348417605405e-03 -6.18789398966550e-03 -1.71227147102871e-04 6.42881143684131e-04 -1.37359618295395e-03 9.81715084503491e-05 1.47668696741953e-05 -1.68906106678597e-04 -2.82937923463807e-05 -1.53193913612876e-03 6.86536130198843e-05 -6.78110106314226e-06 -1.85535477214176e-04 -5.18626211682736e-05 -1.86398794116419e-05 -7.44797208612720e-05 5.43898960469498e-08 4.37206310146740e-06 2.08178253508132e-05 -4.56223777389866e-05 4.30520315868539e-04 9.09571907468152e-05 -7.43323025046317e-07 -2.88696839219327e-04 -1.36731336424700e-04 1.08074904758851e-03 4.74027718764922e-05 -8.66920078721550e-05 -4.18718650778682e-02 -4.69488079594899e-04 2.48247830826095e-03 -1.76722303723972e-03 4.08997808355823e-05 2.22974679798762e-04 2.46535460356667e-04 -2.04332738719635e-06 -4.98154096497067e-06 3.16732585846959e-05 -2.45384395157262e-06 6.78568306883060e-04 -2.01778238348172e-05 -8.76677615259835e-06 8.32801124089587e-05 -1.01919121555619e-06 -1.30215912771374e-06 -1.86920477114281e-05 -1.08615507546601e-06 1.67599879000258e-05 -5.02885433102919e-05 -1.84885413324671e-05 1.78138638019338e-04 1.05238918920360e-03 2.37372818493843e-04 -7.25899119474916e-03 -6.71293011568193e-03 -6.10169793787478e-04 4.64541852214164e-04 8.44039389417487e-05 -5.72220697916625e-03 -1.02978486219143e-02 -7.67629069239255e-04 -1.75727426522715e-04 -1.08030430528023e-03 -1.19717683225254e-04 -3.66944595637968e-05 -1.06734708712524e-05 1.55896606579389e-04 3.31369265908560e-05 -2.44675691503645e-04 -2.67592357708943e-04 2.07736488133455e-05 1.36841168274293e-04 -1.21316782313912e-05 -1.26865200043101e-04 -9.70147927374884e-05 5.82425278453672e-06 -1.13800235198380e-05 -1.12219500402743e-05 4.04108245550066e-05 -9.87578369831650e-06 -5.94649709147602e-05 4.29771358068196e-04 -4.25389141862567e-03 1.34290699473224e-04 -6.30424568651460e-05 7.78000271301628e-05 8.29566148234167e-05 -2.96510127689600e-04 2.04343074010773e-04 2.21547760193502e-04 -1.70572479318998e-05 -1.72634247193986e-05 -3.98725076952805e-05 2.85520833506111e-05 -2.05885205213749e-05 3.41603390796790e-04 -4.35043342866320e-03 4.86280895856475e-05 -7.70833049874361e-05 9.52872493396799e-05 -4.48398906071071e-05 -3.28260844228187e-04 2.43997277654601e-04 -1.48120348075657e-04 -1.88796797455262e-06 3.62674145841179e-05 -1.99045316404105e-05 -3.69358190700799e-05 -2.08942513997260e-05 -5.98708467082156e-04 4.43421681506342e-03 -3.87425180193990e-03 -1.78073137893202e-04 -3.60576580161381e-05 1.34972132211572e-05 -2.16331173553441e-04 -9.21592644492940e-05 -7.55247639291801e-07 4.82433070995521e-05 -9.20012966665854e-06 -2.95149958791847e-05 -5.27823329964996e-06 7.55052179581699e-05 -3.92675062128161e-04 4.49102006625643e-03 -5.09650409843436e-05 -7.98608636279022e-05 -7.98159194232828e-05 -7.07832652907799e-05 -3.35435813647376e-04 -1.92840565944042e-04 -2.00484309772790e-04 -1.31125711975335e-05 1.61352449351819e-05 3.15198119571831e-05 3.53659249249411e-05 2.61825924067406e-05 6.00784351844034e-04 -4.48542255758968e-03 3.83329417971073e-03 -1.73135839677527e-04 3.65041552283246e-05 1.95430179280265e-05 -2.27109249281024e-04 9.16608250490216e-05 3.27276754102693e-05 5.27987447757014e-05 -4.70704601972724e-06 2.89134103280891e-05 1.59828562280234e-05 -7.46924763191716e-05 -4.62464249407938e-04 4.39961123223729e-03 -1.56272063644335e-04 -6.40522064162041e-05 -9.11438226946448e-05 6.56530341631741e-05 -2.91136321332436e-04 -2.58676328056156e-04 1.85190196790852e-04 -9.23409508518629e-06 -3.34577401159566e-05 3.37629588722194e-05 -2.89944426036910e-05 1.54912011272344e-05
 6.19306865353513e-04 -6.68933011122759e-06 2.13249273723008e-03 -8.79945640390282e-04 7.00424326803743e-04 -2.44530758649025e-05 -4.98949999901796e-05 8.22573914865423e-04 -2.01534333232120e-04 -3.85259694325652e-05 1.37538894388714e-03 7.22801706300884e-04 -6.13057759647527e-05 -5.51736894162911e-05 2.26260051506147e-05 3.68312891054571e-05 3.66567962988641e-06 -1.41449989369667e-04 2.60871732567521e-04 -3.40339847412669e-05 1.89575667494429e-04 6.25968093405788e-05 -1.59121282594440e-04 -9.05311068554976e-05 -7.39255644770988e-06 -5.90907122840764e-05 -9.27993793637400e-06 -7.42507098988402e-05 -4.83765094535901e-05 1.13687667133611e-04 1.44296479770604e-03 1.26657742842362e-04 2.60166542654721e-02 -1.09740971217871e-02 -1.22512247470599e-04 -4.90239560316861e-03 -6.49840283075024e-04 8.67034565591534e-04 2.52771592074983e-02 4.13086123679404e-03 -4.44596613612509e-04 -1.16717494186698e-02 -1.50460409934740e-03 -2.34216157136496e-05 2.20200451118256e-04 -4.07463314251786e-04 -1.88003816316215e-06 -7.33915368581068e-04 -3.86827557788549e-05 -2.72399236661998e-05 1.80804615433375e-04 -2.74028970539589e-05 4.92790374628876e-04 -3.54118463772946e-04 3.45813116158452e-05 -4.15544788892949e-05 -2.31554575836994e-05 4.41426205704151e-06 -7.52082496512458e-05 9.23858315948067e-06 8.55821701138263e-03 -2.09405691712360e-04 -6.80573545622840e-03 -3.12286064089296e-03 4.74027718764922e-05 1.39093462141100e-03 1.59104406492602e-04 -1.28023760298925e-03 -4.10061658827374e-02 -3.65609214369896e-03 -4.16526556312508e-05 1.87786222664338e-03 2.07539307577647e-04 1.44663170459730e-05 1.29803581260927e-04 -3.21236207014906e-04 4.20799118208300e-06 -5.86507945186262e-04 2.21122328965658e-05 2.67495446828149e-04 -6.56349795358291e-04 2.11185745938958e-05 -1.38805414101475e-03 2.91017669240057e-04 -1.73142482871825e-05 1.10753899889547e-04 3.25939857215366e-05 -5.58841468465996e-06 5.61642832437384e-05 5.29058684418570e-06 7.15158593898904e-04 8.38096768893039e-06 1.61608318735186e-03 -1.29625195134441e-03 -7.62132978596896e-04 6.41865704780224e-05 8.27277193411116e-05 -1.38708441081552e-03 -1.30693050371092e-03 -4.29123205627700e-05 -1.37545186310584e-03 7.24294305162813e-04 1.88347244764086e-04 4.22483661385845e-05 1.70439564326577e-05 5.24058480347807e-05 3.78854254926947e-05 -1.57744711572180e-04 -3.12456948228232e-04 1.62848586650668e-05 2.13929490952402e-04 3.12749883624324e-05 -1.66908671065426e-04 -1.01620753384963e-04 7.48929811494682e-06 -6.19095121234641e-05 -4.23911464671528e-05 7.70313498081114e-05 1.26666350083806e-06 -1.16940199108723e-04 -3.57286020584688e-04 1.63019352326961e-03 9.88351897751290e-05 2.97502645875312e-05 -5.35178915999054e-06 -5.87573284859083e-06 9.46931846857204e-05 -1.42203615476229e-04 -1.45061619426939e-04 -1.00297808898997e-06 1.71247421645019e-05 3.55852321265471e-05 -2.82863993037726e-05 -8.81241021101055e-06 -3.14925387570851e-04 1.67093278258114e-03 1.66753214329568e-04 3.34068742134455e-05 -1.02611405835515e-05 -4.28872481216489e-06 1.18431983150691e-04 -1.69848444411127e-04 9.59659648788712e-05 -1.23571023160109e-05 -2.53030730558723e-05 1.58730235718256e-05 3.73902948368615e-05 -7.05537600951043e-06 -1.19831126331564e-03 3.88401478589664e-04 -1.78764122234127e-03 -6.09038821549684e-05 -3.99114194752422e-05 1.53936922783203e-06 3.18576262400465e-04 2.81724515241873e-04 8.57205279588554e-06 -3.42768774547388e-05 -1.74410364316794e-06 1.50351129869816e-05 -5.35016741728178e-06 2.24109809294081e-05 -3.87979967807448e-04 2.07730471804385e-03 5.22898733873924e-05 -3.81777163777658e-05 -1.09578421620533e-05 -1.09055613135105e-05 -1.42019126255260e-04 -1.50907324900089e-04 -1.50550105511426e-04 3.56738544045352e-06 1.59918759773503e-05 2.94067956219087e-05 4.28070920207852e-05 -1.19699578734230e-06 -1.19430641122465e-03 -1.51817263019198e-05 -1.51947572150836e-03 4.06213972134132e-05 -4.02465419421348e-05 -9.39641958396734e-06 -3.56486388403563e-04 2.93571369205862e-04 7.66786201461663e-05 4.07881531490203e-05 -8.13327001748572e-06 1.78266342910326e-05 8.49600026088761e-06 1.30390167566866e-05 -3.94998788850989e-04 2.29449270189802e-03 5.65931988027844e-05 -3.99774638471528e-05 -1.57541378735025e-05 1.34179154505298e-05 -1.15750165142326e-04 -1.96915580020489e-04 1.34751681802219e-04 4.72804436929590e-06 -2.99567775912015e-05 3.20977222611434e-05 -3.01477119130245e-05 -1.06370511482661e-05
 1.58272118575021e-04 2.50083789080552e-05 -6.22455556607629e-04 -7.54835978102811e-04 1.18230117284644e-04 9.30244570596895e-05 -4.16228984673244e-04 8.74447250757693e-04 -1.30767572081959e-03 3.91770802223354e-04 1.62485727174087e-04 1.28345297469162e-05 -1.85801108609647e-06 -2.75973105462754e-05 -1.36848110478086e-04 -2.49447848996328e-05 1.04677113581523e-04 -5.59831844377705e-05 3.46089842281925e-05 -3.34331707914455e-05 1.83008343610694e-06 2.50456861541090e-04 -2.14702016340742e-05 -1.30836525688776e-05 7.60746483804511e-05 -3.14508460117520e-05 3.83699002002629e-05 1.58628337686550e-05 -3.24151927557865e-05 3.15801190648909e-05 1.85846363556065e-04 2.01011106520059e-05 3.26298319473660e-03 -1.42324920017729e-03 5.07519487260326e-05 -7.19860713830175e-04 4.58310842412576e-04 -1.46037480151339e-03 5.03751898957944e-03 -1.17605801124847e-02 6.74465231980247e-04 -1.71254934349532e-03 6.24116271950062e-04 1.03715843174475e-04 -4.33498152220206e-04 -1.54916641545589e-04 1.09736353449040e-05 -1.59200750341557e-04 5.93107050070079e-05 -9.30189452602511e-04 -1.74679033118863e-04 -6.65432980765656e-06 -5.89923605764911e-05 -7.25721520432158e-05 5.55801730664945e-06 -7.31734341153834e-05 9.89768317285372e-05 4.71720016536694e-07 1.53955317137870e-04 -2.78358163806528e-05 1.06055326435667e-03 -2.42980298300108e-05 -9.05610436994416e-04 -4.04115528761733e-04 -8.66920078721550e-05 1.59104406492602e-04 3.00522032532159e-04 2.65595368817243e-03 -3.33346291445601e-03 -1.80308248785783e-02 2.37693598874716e-04 2.04349400259253e-04 3.75996727320739e-04 -2.63206223446603e-06 2.29708165143329e-04 4.04631783455906e-06 2.53560145063779e-06 -5.23989918886468e-05 -2.23789703441880e-05 5.51383837008600e-04 2.83144338406472e-05 4.18841534031881e-06 -1.16254452486704e-04 2.25090093813879e-05 -3.71728130614673e-06 -1.39865565923795e-05 3.10831859456505e-05 -3.82135421041931e-06 1.10456673963939e-04 -5.41670223208258e-06 -7.45125802475680e-06 -2.05019637573755e-05 9.12323999796610e-04 5.16682001193393e-04 -6.50358830938361e-05 2.51179854048256e-05 -4.19844252485098e-04 5.08092981579534e-04 7.67631371759342e-04 6.85327416947309e-04 -1.82276909827019e-04 2.28321937472944e-04 4.20731541207759e-05 1.09541029176347e-05 -1.38130462529931e-04 -1.98836872439943e-05 -1.03119816457857e-04 -2.57573813519673e-05 1.77782789944707e-05 -3.00790628335819e-05 4.55004583345043e-05 -2.27317689179888e-04 -3.18763702004311e-05 -9.86533179028577e-06 -7.94062052535093e-05 -1.69058811665748e-06 4.48847403638234e-05 4.67529920786952e-06 -2.18737796016316e-05 -2.48578996247851e-05 1.03600105373566e-04 2.35674797776378e-03 1.47613110934693e-04 3.66613167187202e-05 -1.58680919717901e-05 -1.57895946493429e-05 2.96317731909579e-05 3.13410839628106e-05 -1.45623451477783e-04 1.66851996498475e-05 -8.85978714895629e-06 1.46765249005274e-05 -1.30848483217643e-05 5.40942013963264e-06 -3.21685410631928e-04 -9.20117333302837e-04 -1.32512059086355e-04 -1.21171952798756e-05 -5.83179509740343e-06 4.93255046807190e-06 5.63630721717340e-05 -1.06406783738897e-04 -9.61976663889569e-05 -1.43941261489070e-05 -1.33270127732974e-05 -1.98954756085120e-06 -2.20529850399496e-06 -6.96624655710985e-06 -9.02687695393155e-05 -4.36711896861812e-04 1.82170614128026e-04 1.30467106489150e-05 -3.61680427757085e-06 2.44214159079928e-06 6.22284287537436e-05 5.27897480141243e-05 -6.13909376766685e-05 -1.39594064091977e-05 -1.07706332951173e-05 -1.17894863866309e-06 2.18675243375426e-05 -5.55918838445895e-06 2.32113135632411e-04 1.46870115036368e-03 1.72450217957728e-04 -2.25305307304788e-05 1.43316508238700e-06 4.22774779485571e-06 1.91275901714073e-05 8.13690524233795e-05 -1.13228403685526e-04 -1.51099151163277e-05 -1.07437367891450e-05 4.20601565061960e-06 9.75147700604437e-06 2.70871446624753e-06 -1.98217032528378e-04 3.51933974951645e-04 -5.95606610306666e-04 2.33544604087031e-05 -9.03721709995700e-06 4.20119232138901e-07 -2.75771768090191e-05 3.59642048674406e-05 -4.87926764994660e-05 1.17220042598431e-06 -1.34519490838258e-05 1.85898652819905e-07 -2.30767191142178e-05 5.66642816014219e-06 -2.23544552532162e-04 -1.78226011381990e-03 -1.36101770274700e-04 2.79109114232506e-05 1.42597613082222e-05 -8.66921770654340e-06 -6.94796472343569e-06 -5.58814420752509e-05 -1.21310463962285e-04 1.46946743323376e-05 -9.79936738400492e-06 -1.03998219042457e-05 8.64665235214002e-06 -9.42742819342748e-06
 -5.44090517852420e-03 5.54277847511264e-03 -2.14826360991761e-01 -2.63819702441027e-01 2.79226335568096e-02 -3.76648151668221e-03 1.00551053183469e-03 1.45162272591829e-01 -1.74675892436409e-01 -4.69345949382516e-02 1.66681172510438e-02 -6.65263167317834e-02 -8.47459317903623e-03 -8.95249019087584e-04 1.57832791755225e-03 1.98192898548849e-03 3.41004551369901e-04 -7.45429534226245e-03 7.37330512255342e-03 -5.31486674458972e-04 1.22566816489559e-03 -4.24470373015691e-04 -3.98907103277136e-03 -2.44741840761162e-03 -7.49513998287812e-04 -1.51138349250773e-03 -6.87737614673482e-04 -8.94804614578696e-04 -1.07330655969531e-03 3.14200415200781e-03 -9.85774434495486e-07 2.59925128353811e-04 -6.87347125988461e-03 -3.22536075936922e-03 -1.52345013312597e-02 1.27344885889940e-03 -2.01696832607803e-03 1.99722655259153e-01 -1.87217268916399e-02 5.31964855636802e-02 1.49886691273154e-01 4.69192881804574e-03 -1.82667113327239e-02 5.13525575912154e-02 -2.19437871665272e-03 -2.79791562662555e-04 6.36608239714485e-03 1.16130589752715e-03 5.44454493515370e-02 8.19917133347717e-04 9.28831191490223e-04 6.38918620064376e-03 2.16464907658625e-03 7.60815705416854e-04 3.10057657328412e-03 1.30063209218493e-04 -1.05435112101473e-04 -2.15837652831859e-03 9.38760120015603e-04 -1.56527469743139e-02 9.75242219637346e-05 -2.39995363775225e-06 3.21424087313815e-03 4.47588225476203e-03 -4.18718650778682e-02 -1.28023760298925e-03 2.65595368817243e-03 1.76943221734395e+00 3.44092791032935e-03 -6.20713145103318e-02 6.15101549915289e-02 -1.28098866276280e-03 -8.80421840959625e-03 -1.22198410717187e-02 -2.25692178508207e-04 7.56695294328192e-05 -1.55536887467051e-03 -1.12163319723386e-04 -3.76736313104100e-02 5.66552537986093e-04 1.80415960603792e-04 -4.65683582963282e-03 -4.54872407893813e-04 1.73306481330151e-04 1.25336186149988e-03 5.14746753726883e-05 -5.97722514778188e-04 1.45099816532817e-03 6.88065088355898e-04 -9.61198238542849e-03 5.97047525285944e-03 -6.58724836047221e-03 2.18051040821177e-01 2.67650213856803e-01 2.90646259257852e-02 1.99593742056660e-03 1.41392890647532e-03 1.51036946018535e-01 1.79876546125619e-01 -2.73549445912929e-03 2.01962968544762e-02 6.68852054728845e-02 8.39980672647525e-03 -8.82859971498414e-04 5.00702772788703e-04 -1.53320526705930e-03 -4.17368947216834e-04 7.75249719334458e-03 6.70521221781947e-03 -1.37272716440564e-03 -2.05991206470850e-03 1.16076608279840e-03 4.63523131444154e-03 2.40798047073095e-03 -6.07980634244273e-05 1.59276586853824e-03 5.21245436283131e-04 -6.22488670150830e-04 3.68003264101406e-04 3.52610578075203e-03 -1.18297872563288e-03 4.01021790519080e-02 2.70538689449608e-02 1.99068508184018e-03 -3.29478017094693e-03 -2.00287330590190e-04 9.80676671682768e-03 -6.57117799972328e-03 -5.32975292639714e-03 3.05394689207881e-04 1.29466699935339e-03 7.31595615915565e-04 -1.00626553635841e-03 6.86666020848129e-04 1.34097157812092e-03 7.05326594889652e-02 2.77688611725350e-02 2.13267476590646e-03 -3.02620768491708e-03 -9.18357551638845e-04 1.01423282029849e-02 -6.36452615457338e-03 3.97915307771295e-03 -2.34588351747668e-04 -1.35484837926803e-03 -1.31128465915878e-04 1.02729953461644e-03 5.26143366050435e-04 8.39775337403873e-03 -6.98188846926229e-02 1.11173559591815e-01 3.15276595676237e-03 2.25096867931875e-03 -1.58527521209747e-04 2.85934605051695e-03 6.16397737634456e-03 8.01917320700128e-04 -1.50264431004612e-03 2.43997403204432e-04 7.47343348918195e-04 1.87491265883568e-05 -1.39775011932720e-03 -1.37819165004939e-03 -7.18652295355057e-02 -2.84088398995535e-02 2.23197332501470e-03 3.09842223332778e-03 -6.07481431428703e-05 1.04874876888760e-02 4.74817288128505e-03 5.63273222331825e-03 1.16384994932443e-04 -9.93910395439460e-04 -4.20749154374536e-04 -1.05857185709359e-03 -7.86401368832820e-04 -7.94968915443016e-03 7.04927194824334e-02 -1.09982696349073e-01 2.96602304133151e-03 -2.28771091644160e-03 -6.35385729622845e-04 3.28394476306603e-03 -6.25703812911218e-03 -1.02327400340749e-03 -1.71759298544202e-03 2.78285220882511e-04 -6.83666074115014e-04 -3.27802026077339e-04 1.42716808826443e-03 1.63718737771679e-03 -4.11761714189004e-02 -2.75051042007977e-02 2.05557959399353e-03 3.12585131483119e-03 5.54608446696977e-04 9.61930170126490e-03 7.74764333332580e-03 -4.04839600470144e-03 1.48575198794480e-05 1.49806432027169e-03 -2.34762230962256e-04 9.75123348368299e-04 -3.53822489867471e-04
 3.10946901982322e-04 -3.98978087369501e-03 8.03878960959391e-02 -2.75710394104237e-03 -1.98709140920970e-02 -6.42954753395296e-03 -3.26796909849135e-03 -9.14902081560127e-02 9.46841469354548e-02 3.45581028448517e-02 -2.96498351413277e-02 -3.71837433303653e-02 -3.20417907446776e-03 5.31224715002607e-04 -1.38587995816261e-03 -3.83481622573620e-03 -3.53342525487221e-04 6.68752488998406e-03 -1.23277132312726e-02 1.31091516063143e-03 -8.07936209230873e-03 -2.07916507755312e-03 8.17052039483066e-03 4.35474721749709e-03 2.57059853792399e-04 8.12070096182481e-04 4.60849998438210e-05 3.12211409882302e-03 1.63981330228349e-03 -4.06576797686308e-03 1.79047313877489e-02 -8.11570917882093e-03 -5.80751039538820e-01 3.00769941074137e-01 3.37875822126363e-03 1.66320802693488e-01 2.50121319951331e-02 -1.92601532867660e-02 -9.00599512240823e-01 -2.09228592681956e-01 5.59452593007441e-03 3.98049367684875e-01 5.58107281462678e-02 -6.37170069784672e-04 -8.97543398270674e-03 8.48523126751099e-03 -1.04846160807988e-03 2.55904489532039e-02 -7.78375649387004e-04 -3.22493305863029e-03 -1.05040645932471e-02 8.11741934541965e-05 -1.68475567371205e-02 7.55997551505628e-03 -7.19218245540027e-04 1.50789232577777e-03 1.35640941698780e-03 -1.27828824605718e-04 2.76397224895369e-03 1.00438083425518e-04 1.98232296792094e-04 7.58151001222231e-03 2.58135189329475e-01 8.82181625391075e-02 -4.69488079594899e-04 -4.10061658827374e-02 -3.33346291445601e-03 3.44092791032935e-03 1.32468663656007e+00 2.56589121165117e-02 -1.18084279410667e-04 -5.16815929097456e-02 -3.68702242670924e-03 -2.53527487981544e-04 -2.95439052264753e-03 1.03677686752862e-02 -8.21244988504642e-05 1.84772370371184e-02 -3.53886109489086e-04 -5.59459927547667e-03 2.06943237155647e-02 -7.69689475029155e-04 4.49193307192661e-02 -9.79502255059915e-03 6.16874664533461e-04 -3.56767580666410e-03 -8.30260927539051e-04 7.18017612563513e-05 -1.30275314185061e-03 -5.89392045005567e-05 6.49440547077536e-04 -4.44072708974831e-03 8.21517072254454e-02 -9.60905241717602e-04 2.06282837336480e-02 -7.31027549246241e-03 -6.59973039000701e-03 9.65148135924606e-02 9.58310816644758e-02 1.65926296282137e-02 2.99108385728950e-02 -3.72068707343094e-02 -8.19559314663352e-03 -5.37805741785939e-04 -1.41289954769715e-03 -3.53109999127143e-03 -2.08417840761238e-03 6.56750110038462e-03 1.28045199405084e-02 -9.43678071082638e-04 -8.13382799819029e-03 -2.18650088340617e-03 8.04849310372714e-03 4.34664687216975e-03 -9.15251971368987e-04 1.08981936598728e-03 1.42311128094647e-03 -2.99868245392314e-03 -2.54214035066030e-04 4.20087684692994e-03 8.84642571060128e-03 -3.80193939789918e-02 -1.06440684578294e-02 -1.64901949400389e-03 1.26044633033983e-03 3.71039900322244e-04 -5.57015427529676e-03 7.07508578988654e-03 5.38339097970453e-03 -3.17674566462866e-04 -7.03669758104206e-04 -1.53230916781952e-03 1.23279082496319e-03 2.68575672219387e-04 7.27035985875131e-03 -7.80869210058144e-02 -9.76570246949837e-03 -2.01067747641599e-03 1.15815965135751e-03 1.30136217492044e-04 -6.28571484986024e-03 6.85506852923567e-03 -4.33057900948107e-03 5.49878297577332e-05 9.80780021604434e-04 -7.72170134855913e-04 -1.81602043398035e-03 1.41531894010895e-04 2.74887461398944e-02 5.57341066974446e-02 3.49426080056526e-02 -4.83814402031983e-05 1.24502030422120e-03 2.97207380274998e-04 -1.29264999211374e-02 -8.72042578040131e-03 9.32423954675690e-06 1.24712331904408e-03 -1.31991399656289e-04 -6.24991571466127e-04 1.79259694597169e-04 -1.13077657564201e-04 7.83078228942304e-03 -3.69522686183397e-02 -1.16690227520884e-02 1.70143965524640e-03 1.27591397933778e-03 6.67119220778592e-05 6.26291237450307e-03 6.78648505004531e-03 4.61378833011362e-03 1.03313184411425e-04 -7.02511657164182e-04 -1.12218368759714e-03 -1.68266095471885e-03 3.48561120515466e-05 2.89506996424079e-02 5.54865874331666e-02 3.52695958666239e-02 1.20899963512967e-04 1.22759172258879e-03 2.87341989804031e-04 1.32425382121420e-02 -9.18844612664693e-03 -2.68913485484957e-03 -1.34631777145385e-03 1.32164144374043e-04 -6.20337138391742e-04 -3.99012473765815e-04 -1.09491903409380e-04 7.01533707550492e-03 -7.87993980513396e-02 -9.89320101188262e-03 2.05564956017938e-03 1.16174124071170e-03 -2.67304086372294e-04 5.02578982849881e-03 6.99156855524237e-03 -5.74368690680532e-03 1.91351338926826e-04 9.51528417480373e-04 -1.39572127855463e-03 1.33962084182559e-03 4.08646355441880e-04
 6.49285864268690e-04 -1.02908220789245e-03 3.11116145446356e-02 2.17835780474827e-02 -2.36700696441530e-03 -3.96116437354911e-03 3.45178535075203e-02 -3.59794591845231e-02 4.23084505955153e-02 -1.01691937116704e-01 -3.36464515186674e-03 -6.25542223835041e-04 1.21209448477803e-02 1.98737671222869e-03 1.02258879152261e-02 2.84653643116829e-03 -6.27033386808763e-03 2.34712579938401e-03 -1.66127646887802e-05 2.08452334271920e-03 1.06948783857505e-03 -1.40926489231388e-02 8.07394629291073e-04 1.05643010184514e-04 -4.70157503734836e-03 1.71311146580021e-03 -2.26426079684758e-03 -1.43551975301779e-03 1.56240934260451e-03 -1.53490118985503e-03 2.22692738492686e-03 -9.59004032552358e-04 -7.24196409724286e-02 3.61054172175435e-02 -1.91508351011093e-03 2.41077161991345e-02 -3.23990843710759e-02 5.32113443189267e-02 -2.09684217383153e-01 7.47889935936524e-01 -1.54317423395486e-02 5.73784100349318e-02 -4.24261322903358e-02 -2.13195004378095e-03 2.92533085945127e-02 7.85637465682016e-03 -1.99661653015422e-04 7.07406913098255e-03 1.50155001013347e-03 6.05336673933481e-02 1.20728141521466e-02 1.03071183319670e-03 6.24347687281922e-03 2.83117245778882e-03 1.93437020815605e-06 4.39392486353489e-03 -5.98947782446606e-03 2.15061062408274e-04 -1.02283883344508e-02 4.23601311664495e-04 3.31855608307495e-04 7.01435332050441e-04 3.31497985607443e-02 1.09831262673778e-02 2.48247830826095e-03 -3.65609214369896e-03 -1.80308248785783e-02 -6.20713145103318e-02 2.56589121165117e-02 1.13077280977792e+00 -9.06863068237724e-03 -4.07180563973480e-03 -2.20808860073307e-02 -2.22555022208944e-04 -1.39119125965660e-02 -1.70175245631849e-03 -2.00377453767943e-04 6.41841118875426e-04 6.74903694765149e-04 -3.36554138550339e-02 -4.81668336770124e-03 -2.83130207688597e-04 1.10344924749511e-03 -1.28506262988237e-04 1.59923693015453e-04 1.39533270773423e-03 -1.82638946383109e-03 4.36905574628655e-04 -6.72361439083372e-03 1.14655178370162e-04 -5.49796631882061e-04 -3.14038475150897e-06 -1.07725982167971e-02 -2.13272447519052e-02 2.17609612233862e-03 -5.88210021692657e-03 3.46358054166524e-02 -1.26943471293244e-02 8.88273867536070e-03 -1.08204377976455e-01 4.54157872765863e-03 -1.25604611794589e-02 1.09695019155224e-02 1.82014104831881e-04 1.04161492447514e-02 8.49842743494007e-04 6.49428110082323e-03 2.09602933917745e-03 -8.30456962689977e-04 2.31926729453531e-03 -2.45555424145221e-03 1.33824660929659e-02 1.78112053055681e-03 7.09555653935961e-04 4.92892505736365e-03 -3.39164757343152e-04 -2.85641269105829e-03 -1.66347702825942e-04 1.20961416413170e-03 1.09118138637505e-03 -5.39101686253766e-03 -1.76391042813974e-01 -5.88364977341160e-04 -1.81824755726983e-03 -1.77729017065366e-04 8.22263638992413e-04 -1.37320218543460e-05 -5.43988773659187e-03 7.92572059826480e-03 -9.55500894330684e-04 9.30920432550550e-04 -4.83329148428442e-04 6.14067720806052e-04 -1.02390947136566e-04 1.01257577646614e-02 1.51745106813775e-01 -7.53700304273890e-03 1.18346541178571e-03 9.07735131331598e-04 8.09726069351873e-04 -2.25759667296512e-03 7.05826926963968e-03 8.23299758161613e-03 9.20143778407890e-04 1.00061242991184e-03 4.09550415755320e-04 4.72939263367779e-04 3.95199101142629e-04 2.47757089013332e-03 1.25268938567463e-02 -5.93734860740749e-03 -3.80475601214717e-04 1.05864842887208e-04 -9.20463284425842e-04 -1.54496274404020e-03 -1.87177005918511e-03 2.14838994011627e-03 5.46387750763551e-04 9.20517188311266e-04 2.76213044715103e-04 -1.15296407742376e-03 1.27674147957786e-04 -8.44437107530352e-03 -1.65786361169406e-01 3.94023290916260e-03 1.60922085351218e-03 -8.55002222430083e-04 5.79048440204814e-04 -8.04798499012458e-04 -7.11102169586259e-03 7.85680295940833e-03 1.12108753435112e-03 1.06390013656198e-03 -2.32527590100030e-04 -6.13314004346714e-04 -7.74692433286706e-05 3.73819162156030e-03 8.78400181290189e-04 1.53605721197126e-02 -3.95447026973458e-04 4.94161629656793e-04 -8.47033399071961e-04 1.34335602929541e-03 -6.42688642291290e-04 1.63672624789987e-03 -2.81000437980488e-05 1.01585920660849e-03 2.22998040267405e-05 1.21779735592579e-03 1.16656838206140e-04 8.74593121603840e-03 1.61139969165832e-01 -1.16304870734827e-03 -1.44991773458538e-03 2.77756018328540e-04 8.30119895898619e-04 1.83875024785891e-03 5.79001558198246e-03 8.33725933496242e-03 -7.60802645684008e-04 9.35306030228150e-04 6.44199554868240e-04 -5.05102376919699e-04 3.71065503014111e-04
 -7.21549654001894e-04 5.71386007745231e-04 -1.96728994502686e-02 -1.08027662854824e-02 -5.81424534994329e-04 8.48855146855828e-04 1.65443940996085e-04 2.85995282453431e-02 -2.14768395770103e-02 -5.55504705111755e-03 -2.33656138572898e-03 -1.48673997584911e-03 7.99227651142206e-05 6.09541475548461e-04 -1.09996132460561e-04 3.20650718852451e-04 1.94412291121558e-04 -3.93547502914644e-04 1.20103838274778e-03 -2.20659908133492e-04 2.60924806910813e-04 2.48202737474682e-04 -4.69879658175884e-05 -3.36816148607248e-04 1.03781249240495e-04 7.32493269404027e-05 5.80523538773918e-05 -1.37180304879309e-04 -6.71494008341244e-05 -3.64065461365931e-05 -4.96689017156865e-05 2.18875501050539e-05 3.13358038573183e-04 -7.15524465862800e-04 1.89877651538867e-03 -1.79288627934255e-04 -1.29998263545571e-04 -3.26928082876299e-02 1.18961200026422e-03 8.25289027571277e-04 1.78010759174027e-02 -2.55806553308948e-04 -1.49301024103670e-03 2.91514531620973e-03 -3.49966774417916e-04 -9.14431979760639e-05 3.60853757753170e-04 -1.30189549923155e-05 3.39922132426370e-03 -4.86587816800925e-04 -5.88033561872739e-05 4.30482876750992e-04 7.41291336497778e-05 -1.84948553790570e-06 6.33754831636462e-05 -1.91672648829240e-05 3.87708861622255e-06 8.51635838165138e-05 1.18945400307021e-04 -5.23492729090391e-04 3.06506006538485e-05 -3.50825396681535e-06 1.45555410852487e-03 6.69957252758630e-05 -1.76722303723972e-03 -4.16526556312508e-05 2.37693598874716e-04 6.15101549915289e-02 -1.18084279410667e-04 -9.06863068237724e-03 3.81927374836592e-03 4.81864772257889e-05 -3.06844046601550e-04 -2.08341002998573e-04 6.08760994625346e-05 3.90525915725864e-06 -2.75400442422791e-05 -1.25791956436380e-05 -4.04664329396581e-04 1.41987925618242e-04 5.06301028963965e-06 -4.52929067231727e-05 -2.57081318174926e-05 8.13196301165343e-06 -7.55731226849617e-06 4.31261639763996e-06 -2.44097334765052e-05 1.16437274208713e-04 4.91047303174260e-05 -1.03244318441920e-04 7.46652884441319e-04 -6.53010150746924e-04 2.00889847423089e-02 1.11865123253004e-02 -5.83742169691421e-04 -8.46856275182696e-04 -6.72924003615326e-05 2.84174756370854e-02 2.16105154467895e-02 -6.20706614721733e-04 -2.12162385983539e-03 1.64222387579118e-03 5.46268100358328e-04 6.22988365223721e-04 -3.95302494888630e-05 -3.44522680298325e-04 -2.70568160039257e-05 3.73635952076927e-04 1.13433517824232e-03 -3.22834439193841e-05 -3.48929058680212e-04 1.69950019631376e-06 1.15136043409574e-04 3.35734444763035e-04 -4.40991187082454e-05 -9.55008489595516e-05 1.35556658925070e-05 -1.52715298972196e-04 1.85996660039045e-05 -2.69874068580017e-05 -8.25924680343922e-04 7.87790996570736e-03 -1.47049625469465e-04 3.14047208879052e-04 -1.63688023675198e-04 -1.96760337500642e-04 1.03028620240235e-03 -4.62253851278008e-04 -4.59485046163230e-04 1.14897551465128e-04 1.89396160759281e-05 1.06802691344231e-04 -1.18004375066567e-04 5.29034676524329e-05 -8.55393693095982e-04 7.60553848463039e-03 -2.21826245540895e-04 3.26007670810682e-04 -1.84584587794725e-04 9.23464345087101e-05 1.08177264554064e-03 -5.55467615634838e-04 1.60026054851692e-04 5.79475216281268e-05 -8.34607382096812e-05 4.49553168814549e-05 1.51216865094708e-04 6.15994212976759e-05 -5.54646533998213e-04 4.51693806130455e-03 4.87613381772733e-03 3.42892861605081e-04 -2.01669100183629e-04 -6.41814910308983e-05 5.47830444918822e-04 -2.67319182665080e-04 -9.96059571268815e-05 -3.49888498407991e-05 2.99373801594850e-05 3.08508967957383e-05 3.33791446620119e-05 -2.39536842786479e-04 9.70676981784512e-04 -7.84532639352299e-03 2.53638881318053e-04 3.20589236401138e-04 1.43076455886876e-04 1.39562300869402e-04 1.08155492325849e-03 4.57776673901771e-04 2.46419152766501e-04 9.66267608276173e-05 -2.99643941978823e-05 -6.37426019657728e-05 -1.22392928171257e-04 -6.89528035665037e-05 2.57180930950687e-04 -3.95402388866486e-03 -5.09979577445062e-03 3.43716794887618e-04 1.92736380803304e-04 -1.38545308984910e-05 5.15954408052141e-04 3.14418293193593e-04 -6.26316080789580e-05 -3.36644016298260e-05 -1.22456479797386e-05 -3.39146811060343e-05 -4.02297189705858e-05 2.30362949481537e-04 7.08742247555871e-04 -7.25509699941252e-03 9.60230104539309e-06 3.05653522450970e-04 1.96423875423605e-04 -1.49352877752301e-04 1.01197719143496e-03 5.50235183252436e-04 -3.76524892880777e-04 8.45158195447996e-05 6.03247173147111e-05 -9.68493234572214e-05 1.31058346062416e-04 -4.25214106150096e-05
 3.25429517758386e-04 3.46081411869933e-04 -3.77884984559688e-03 5.39298060877696e-04 1.89550721753221e-03 -7.10872199889503e-04 -4.00852118766026e-04 1.43055373499000e-04 2.52050354747669e-03 1.80450047211193e-03 1.10571788757223e-03 -6.86661847733509e-04 -4.89577078339737e-04 -4.32212675726834e-05 2.16353445022651e-05 4.82740995336711e-06 4.79419332366180e-06 -2.87859932310390e-04 6.45184030832843e-04 -1.48490284815041e-04 5.79217123664203e-04 1.50629136776122e-04 -2.14959284115022e-04 -3.09367997796028e-04 2.19251617232941e-05 -3.74874409784440e-05 1.57631758946460e-05 -1.81966899543214e-04 -1.01064743892382e-04 2.18791424941231e-04 -7.01296912799372e-04 -5.08824754993846e-04 5.71054747399810e-02 -1.82110457451422e-02 -2.64267914040031e-04 -1.06364592729162e-02 -1.38884104077978e-03 1.53419381033656e-03 5.71846976104677e-02 9.40852638278937e-03 -6.96103348280725e-04 -1.80477863714354e-02 -2.48615864810723e-03 6.20420433883480e-06 6.73951275065522e-04 -1.43787332997613e-03 -1.16583678699682e-05 -2.45726586612838e-03 4.29720035451470e-05 5.34884720926710e-04 -1.36895622237654e-03 -1.14000730396174e-04 -1.23301861693907e-03 -1.35274261997121e-03 1.09209457555185e-04 -2.95863362371483e-04 -1.28907284626152e-04 1.66801464496286e-05 -2.85013265291967e-04 -3.55176108499431e-06 1.71990639646967e-03 -8.13593242134445e-05 9.63038276372353e-02 -1.22959706642289e-02 4.08997808355823e-05 1.87786222664338e-03 2.04349400259253e-04 -1.28098866276280e-03 -5.16815929097456e-02 -4.07180563973480e-03 4.81864772257889e-05 9.35169916813438e-03 1.09294803041514e-03 2.72416190885622e-05 2.65683944673247e-04 -6.49901506133575e-04 6.80292787937010e-06 -1.22840217866433e-03 2.31674067390501e-05 4.56980936464972e-04 -1.35112483533117e-03 -2.95641248976915e-05 -2.00458922237692e-03 5.61707694585406e-04 -1.90194647986184e-05 2.96858717947609e-04 8.82323964228937e-05 -9.02681253288805e-06 1.29311752732537e-04 9.14766170463036e-06 4.03713879058795e-04 4.00638620034387e-04 -4.48120710633580e-03 -2.55866133026081e-05 -2.08264288590593e-03 -6.12266348015135e-04 -4.56552937430023e-05 -5.52122413696517e-04 1.26600529681908e-03 1.67490400517877e-03 -1.26001154284570e-03 -6.79697395062867e-04 -2.89020060861168e-04 1.78393183422030e-05 1.88760290584082e-05 2.37818656173569e-05 5.32413469599782e-05 -3.06557915072195e-04 -7.59030112860746e-04 -1.29954604319388e-05 6.02173993680359e-04 8.41202346489138e-05 -2.35816088004146e-04 -3.28311803699365e-04 3.69957874347417e-05 -3.50686484174725e-05 -7.00141834739304e-05 1.97258396757032e-04 9.52497612887672e-06 -2.26551614635977e-04 9.22226642389347e-05 -1.24136658760947e-03 9.91754502815536e-04 6.25361555315805e-05 -6.31482707629277e-05 5.17483623471170e-05 3.85281363163584e-05 -1.94546195742556e-04 -7.06367500165335e-05 -9.87114648390685e-06 4.45180758988467e-05 5.78451962311503e-05 -4.56502617335909e-05 -4.65307542827918e-06 4.00287350546417e-04 -3.50006121921058e-03 1.61858881220375e-03 5.91634635922562e-05 -8.90878437717017e-05 -1.09350497903429e-04 7.10960091650513e-05 -2.74940674082827e-04 -5.00704889695708e-06 -3.05219621511319e-05 -7.01720116888181e-05 1.69992696792748e-05 5.64472736560179e-05 -2.45632215432658e-06 -1.34082434123070e-03 -7.17259373227722e-04 -9.34624270584306e-04 -9.77837780724298e-05 3.01083333045940e-05 2.81060055342834e-05 4.90286175533219e-04 5.32120263678108e-04 5.77535391812452e-05 -7.56359395108006e-05 -7.50547571838709e-06 2.68318568186714e-05 -1.57494083972481e-05 5.37267069847880e-05 1.01352951233721e-04 -6.96960596520940e-04 9.34888542401414e-04 -6.21761324858358e-05 -6.55908231576827e-05 4.86953424684460e-05 -7.74954558807579e-05 -1.88807302210239e-04 -9.82307331055445e-05 1.76339800026084e-05 3.82280935007582e-05 4.46666930620979e-05 6.66125793751407e-05 4.18213939587128e-06 -1.41144383037589e-03 -1.08379542410520e-03 -6.91080611115344e-04 8.12637850375333e-05 2.95190476841738e-05 1.00015095173539e-05 -5.50113405869730e-04 5.49276800189210e-04 1.66081723242492e-04 8.34247561155304e-05 -2.12539918294731e-05 2.80110242723038e-05 1.88061601371187e-05 4.28952339543266e-05 3.43683924955211e-04 -2.85628077817709e-03 1.48916297359157e-03 -8.60985324062178e-05 -9.46138783677790e-05 -8.11342923189929e-05 -9.20896372578089e-05 -3.07168443118759e-04 2.99489748617415e-05 1.27484957396750e-05 -7.65989155596279e-05 4.10560919848560e-05 -4.89152020366328e-05 -9.32335068573969e-06
 1.17527279719662e-04 -1.15246863498604e-05 1.48112582133796e-03 1.21769433318896e-03 3.38032711050815e-04 -2.26527549329844e-04 4.56328491436417e-04 -3.53655801136783e-03 3.51699953198491e-03 -7.82634533761403e-03 5.12061388107429e-04 -1.19698742662816e-04 1.68933951577443e-03 -8.00863832313421e-05 3.11650723074980e-05 -5.36635370084946e-05 1.36394326804902e-04 1.82133455790333e-05 -1.05906648786465e-04 2.85608591511002e-05 -2.51206741697526e-05 5.11378519254473e-04 1.79757486156024e-05 1.54853179787544e-05 1.10360205710122e-04 -4.83189564397971e-05 7.74632393319958e-05 4.49932388421487e-05 -6.51629529556813e-05 4.66724205515620e-05 -8.24198268901078e-05 -6.51732572072324e-05 6.90437636644524e-03 -2.17082003094037e-03 -1.44396251355245e-04 -1.42258692408119e-03 5.84454340879358e-04 1.44552695069647e-03 9.88254039619931e-03 -1.93481874575784e-02 -1.68463693675257e-03 -2.57605604070376e-03 2.00174001222585e-03 -3.47382713800559e-04 -3.60009314842903e-04 -2.78170291298623e-04 -4.35588530222687e-05 -3.74301217299032e-04 -4.64687818990943e-04 -8.92384960033328e-04 -3.83479442277561e-04 -7.36259074039073e-05 -3.17117923924084e-04 -2.02466212629233e-04 -7.62633305512871e-06 -1.41738386397167e-04 1.85496424082843e-04 1.48501688176813e-05 1.36235746069827e-04 7.25188140978547e-05 2.13079579790039e-04 -4.18464233437399e-06 1.21537094062994e-02 -1.56501683605284e-03 2.22974679798762e-04 2.07539307577647e-04 3.75996727320739e-04 -8.80421840959625e-03 -3.68702242670924e-03 -2.20808860073307e-02 -3.06844046601550e-04 1.09294803041514e-03 8.93623896635070e-04 5.71066142451338e-05 3.31681816023432e-04 -1.52254717279931e-05 1.15224674814450e-05 -1.16318575814032e-04 1.17199886829273e-04 7.72633990218482e-04 -9.99169796623146e-06 1.59295943172442e-05 -1.49778587685263e-04 4.68660363986232e-05 -6.95123520525836e-06 -4.83215861587549e-06 6.11006577794876e-05 -2.29388501896077e-05 1.50657092704049e-04 3.04812127966667e-05 -2.44418144733731e-05 1.23425097390281e-04 -2.79503993776284e-03 -1.14331606239321e-03 -1.16800267966662e-04 -6.22659345114522e-05 5.59882953738849e-04 -3.97500371394808e-03 -8.30407089524761e-04 -8.54577516255389e-03 2.57192065182834e-04 -4.99931921023938e-04 1.68052652949586e-03 -4.17197919725735e-05 2.55470174439785e-05 6.79515080543441e-05 -1.45292203348174e-04 -9.29283486076700e-05 -1.38318808062899e-04 1.32749940099624e-05 1.89929327047819e-04 -4.81556334447468e-04 -8.54971792670429e-05 -8.43158289028298e-05 -1.16009768727859e-04 1.32799202355267e-05 8.39739959199370e-05 4.54496615761779e-05 -6.18463740935912e-05 -5.51225541591408e-05 1.21344781777755e-03 -6.88907731133594e-03 2.07791347233666e-03 3.48063324226619e-05 -1.39210689257170e-04 7.51315092662036e-05 -6.12948756870349e-05 -1.63138055403972e-04 -6.33370761598855e-05 1.27876164938838e-05 2.67689778622853e-05 1.77569613749751e-05 -2.68738555103802e-06 2.72810471924823e-05 -9.96333699098362e-04 4.83160131938293e-03 -1.72624402143249e-03 -6.61515349042004e-05 1.35790547983630e-04 7.28170270976187e-05 -1.48886125762066e-04 2.22692241924455e-04 -4.76946041262906e-05 -2.33543672044018e-05 4.23698772460765e-05 -2.06897556988774e-06 -1.97875926879378e-05 -3.35668952246659e-05 -1.20521057479486e-04 -4.96697587243506e-04 -6.54146741407914e-04 -5.49655652747971e-05 3.30579907229548e-05 -7.96895210226432e-05 -1.60806506033327e-05 1.32397579595038e-04 -3.05277653609818e-04 -1.40277225293856e-05 7.83178187827925e-06 -6.69543542314241e-06 5.65613482006619e-05 3.63704688518996e-05 1.10655287175159e-03 -5.63216731116630e-03 2.13983434971020e-03 -8.82666042139314e-05 -1.75176055281647e-04 5.73586525142403e-05 -1.85679795357547e-04 -2.59430298662893e-04 -1.17665551782051e-04 -2.81902855017643e-05 3.91431957558248e-05 2.77463611474792e-05 3.12396479860396e-05 4.42971169107784e-05 -2.04809375964321e-04 4.05316751874775e-04 4.10304509464440e-04 -3.00026376165146e-05 -6.77079722631501e-06 -9.16142877540221e-05 -1.41194432211398e-04 7.43202168713368e-05 -2.87339375079430e-04 2.03260748620779e-05 8.49480446061243e-06 1.92015884850486e-05 -5.45303072462224e-05 -2.16948323169142e-05 -1.15479758690435e-03 6.45366288529027e-03 -1.77135297219135e-03 1.57445567063089e-05 1.00708606924711e-04 9.08342021035897e-05 -6.62355938149366e-05 1.13964024642230e-04 -2.97412579304315e-06 1.88611626744930e-05 2.11022644717170e-05 7.74208460314758e-06 -2.03763501803892e-06 -2.23467453016187e-05
 -4.33762710266991e-05 1.93505681147849e-05 -3.98351728335006e-04 1.66962730817678e-03 -3.60671356358100e-04 1.74781941520776e-04 2.45627380153201e-05 1.77031701929394e-03 -1.02003520592424e-03 -2.80470015927095e-04 -4.55398722061732e-04 5.96368251359350e-04 1.20227170766941e-04 8.21804477078297e-05 -2.83643755971416e-05 2.53447484767955e-05 2.00351214236576e-05 3.13025205928695e-05 6.79379996775356e-05 -2.14641073330007e-05 2.34403490245714e-05 3.50195276546387e-05 3.72862140842544e-05 -1.75893858989328e-05 2.14371238633682e-05 2.88071321358581e-05 1.56567337797301e-05 -8.48566261961353e-06 3.75182356892121e-06 -4.00856861641320e-05 -1.08896377402650e-05 8.04478788007587e-07 2.03440054382444e-04 -9.34268886088497e-05 4.25606065509474e-04 -5.82153307039808e-05 -5.36227855698692e-06 -6.53830776879124e-03 4.52122332727661e-04 -3.15442418395060e-04 6.35569771952842e-04 -1.33350521340973e-04 -3.11601843204967e-06 -2.10759730243993e-04 -1.18689046133837e-05 -7.94147090439172e-06 -2.66582776446777e-05 -1.75956701498807e-05 -1.83922690827826e-04 -5.75868587655684e-05 -1.35864033800600e-05 -1.81013280304292e-05 -1.10633157590696e-05 -9.33824243083980e-06 -2.58511417122942e-05 -3.36115407216632e-06 6.40240724518171e-07 3.51464463578605e-05 2.46946267794349e-06 1.05475703596021e-04 4.35020470433226e-06 -1.49942292480670e-06 1.12951624939616e-04 -5.34354481553435e-05 2.46535460356667e-04 1.44663170459730e-05 -2.63206223446603e-06 -1.22198410717187e-02 -2.53527487981544e-04 -2.22555022208944e-04 -2.08341002998573e-04 2.72416190885622e-05 5.71066142451338e-05 1.12699641709522e-04 7.91120430625374e-06 -2.29092623992300e-06 1.41768806827735e-05 -2.99108346928581e-06 3.81471101800368e-04 5.23775619736224e-06 -5.58880176213395e-06 4.77289840069806e-05 -5.12198503147604e-06 5.77437180455955e-07 -1.54888447468284e-05 8.04714464768262e-07 3.30633685804042e-06 -9.71809710757812e-07 -2.75553103422473e-06 9.69422929254994e-05 6.19105918284767e-05 -1.66952420334705e-05 3.47315571457018e-04 -1.65770480235400e-03 -3.84923355669031e-04 -1.54172787205686e-04 -2.06043837290055e-05 1.71337452539938e-03 9.51169277292126e-04 -2.81847528682113e-05 -4.84451136631828e-04 -5.71573733287081e-04 -2.51267291985463e-05 8.46612645036339e-05 -7.11922683348332e-06 -3.08681121314725e-05 1.11451418556224e-06 -3.80739103842728e-05 6.35385806846775e-05 1.24613640979681e-05 -2.28877613905957e-05 -1.14671346311410e-05 -3.64558399048106e-05 1.67231171021047e-05 -4.10453575553565e-06 -3.24116259508292e-05 -5.38640109427700e-06 -1.26359204365540e-05 -1.79011772756213e-06 -4.37799482955865e-05 -7.98539108706760e-05 4.90406728400207e-04 -3.07946493542952e-04 1.51751342119467e-05 1.31380416854891e-05 -2.31911769131545e-05 1.61130289307120e-05 8.93221919372618e-06 9.48549104365606e-08 1.04753454540698e-05 -1.18594270035391e-05 6.11351262833905e-06 -2.85266522400034e-06 -6.40363598741785e-07 -1.22189588263331e-04 2.99091147962355e-04 -3.53796461298337e-04 1.57566222508241e-05 9.26920304138923e-06 2.36939236688960e-05 1.89094590487293e-05 -2.89178617074677e-07 -1.91124650140811e-05 9.88008123653194e-06 4.90418028561461e-06 8.32016498436897e-06 7.22049572870642e-06 1.98045398422798e-06 -9.03122183985716e-05 8.59088390181389e-04 -5.01821879460685e-04 1.62112814086354e-05 -4.59382527224033e-05 -7.42858941840126e-06 4.60112576148679e-05 -9.77729498556127e-05 -2.29073833224867e-05 1.06830911534962e-05 1.48703170548368e-06 -3.21294991377328e-06 4.01223388367769e-06 -1.55576330697325e-05 1.31747780898310e-04 -2.56653191509700e-04 3.59190089685938e-04 1.39786401806293e-05 -1.55291023206109e-05 2.01149883071964e-05 1.43097090597360e-05 3.86816461103003e-06 -2.81420955458151e-05 1.08193633201085e-05 8.13358134390962e-06 -4.02269636517625e-06 -3.01823260185080e-06 3.97833119371896e-08 5.07395022748353e-05 -8.78498385352360e-04 4.70735985475499e-04 1.72427535144718e-05 4.60569678470352e-05 4.00063202009371e-06 3.28000493471806e-05 1.08792300334008e-04 3.21072975794803e-06 1.39963039547350e-05 -4.30235003498959e-06 2.60388664189258e-06 -1.51428129411464e-06 1.41322303131508e-05 6.85713906572692e-05 -4.52228330194079e-04 3.17323253636136e-04 1.33095547649364e-05 -8.53001389334226e-06 -2.58880900635789e-05 1.57797210385377e-05 -1.42736987383243e-05 -1.22358096614551e-06 1.01331982255073e-05 -9.15460621083253e-06 -1.00184369596984e-05 4.47973747847585e-06 -1.62475345612270e-06
 8.98011258495575e-07 1.70117433879409e-05 -2.93871709868835e-04 -8.15777615233474e-05 8.94823251803522e-05 2.43838881094030e-05 -2.82397063475845e-04 2.58528586691896e-04 -2.05374472580140e-04 5.38294376320410e-06 1.16046810716236e-04 5.42231438823334e-05 8.75802257312549e-05 -2.70642958848033e-05 -9.57971371006569e-05 -2.67094335528251e-05 7.99765996102387e-05 -3.57209919672177e-05 1.46652114208942e-05 -2.00592098872454e-05 2.50432074808004e-06 2.05636394484683e-04 -2.49466152741276e-05 -7.99308257517493e-06 5.94796932540028e-05 -2.42861662289378e-05 3.16800284154151e-05 1.34347838812126e-05 -2.65946628105282e-05 2.90151035625848e-05 -9.33733503029973e-05 1.87991382614951e-05 2.31763212681876e-03 -1.10294360357654e-03 -6.72831809704596e-06 -7.08043679941264e-04 3.46663594414589e-04 -2.84290699248272e-04 4.96001958315660e-03 -9.34455944928046e-03 -4.70053406800513e-05 -1.58904258989644e-03 5.57701421845060e-04 -1.30498541118537e-05 -3.18231540181745e-04 -1.24128412723786e-04 3.09691413474279e-08 -1.62905611426408e-04 -6.24055503344700e-05 -7.01938290232175e-04 -1.46989098067124e-04 -1.80981245185951e-05 -7.44947240168285e-05 -6.31561827872312e-05 1.88952105496150e-07 -6.45036115835959e-05 7.87218795623643e-05 -4.87088755996132e-07 1.13201786103238e-04 2.91897830462652e-06 7.78824937951253e-05 -1.94027341494350e-05 8.56397888221871e-04 -4.49462167488293e-04 -2.04332738719635e-06 1.29803581260927e-04 2.29708165143329e-04 -2.25692178508207e-04 -2.95439052264753e-03 -1.39119125965660e-02 6.08760994625346e-05 2.65683944673247e-04 3.31681816023432e-04 7.91120430625374e-06 1.82855492908199e-04 -2.99760982663462e-06 3.30846838508051e-06 -5.25729026884322e-05 2.69066618851737e-06 4.35812133634967e-04 1.10589536677483e-05 5.26775314722272e-06 -1.04789146291434e-04 2.41433161142096e-05 -3.32500909094248e-06 -8.14569085358188e-06 2.68178748134288e-05 -7.07880562341265e-06 8.71489123175187e-05 1.31344097945927e-06 -9.16191077738606e-06 2.37303721334018e-05 -3.88210022304923e-04 1.32776310274235e-04 -5.97892665315594e-05 7.06946230100975e-05 -2.67147988752567e-04 -6.08370064840224e-04 -4.01293784088797e-04 4.40163864338525e-05 -3.61477596612435e-05 1.48676586938464e-04 1.02498938212952e-04 -8.42401237610445e-06 -9.81579438725524e-05 7.72437395305314e-06 -7.79611943877105e-05 -4.49996068479089e-05 -3.38578959452054e-05 -1.97631760481974e-05 6.33191649601730e-05 -1.85857775034297e-04 -4.58691521205516e-05 -2.55630083405957e-05 -6.10021552605537e-05 3.66511432921066e-06 3.58736856443734e-05 1.29665638939283e-05 -1.87894031510673e-05 -2.50580202281860e-05 1.75445095206731e-04 1.03624869686172e-03 2.66935250314964e-04 2.68158612097309e-05 -1.71048128799161e-05 -6.47263795332785e-07 7.62537266285714e-06 2.14356200664044e-05 -9.65716939725631e-05 1.21900380126197e-05 -4.77748531834578e-06 9.94021488711714e-06 -9.34904359543680e-06 3.70979751092727e-06 -2.37140309631028e-04 -7.69865768201434e-04 -1.15087757277636e-04 -1.42464345115615e-05 4.70474113897561e-06 6.52987763934165e-07 2.08177842094706e-05 -5.68521894115213e-05 -8.00803677783419e-05 -1.16787987418822e-05 -6.90092767762670e-06 -2.92945119305149e-06 -2.93652589012461e-06 -8.11518840180989e-06 -1.03500821979656e-04 -1.80394526766231e-04 -9.48971870414033e-05 -3.48481344861913e-06 -1.08120765154688e-06 -9.51017578451549e-07 3.66285905249435e-05 4.75423438774590e-05 -5.78394468594198e-05 -8.93175945951979e-06 -7.90462735920935e-06 -2.66803521611448e-06 1.79218178476213e-05 2.78490214220679e-06 1.95062559219235e-04 1.07958258625308e-03 2.22626272559026e-04 -3.05238061624744e-05 -1.41472091213075e-05 1.08955979193737e-07 -2.69166331913458e-05 2.81539123232516e-05 -9.98096900591724e-05 -1.51454749935281e-05 -4.89915456085541e-06 7.75017281521109e-06 1.32435804396170e-05 5.84971670461649e-06 -1.18002929009817e-04 -2.17364440386409e-05 -1.83452531082113e-04 2.86989756637485e-07 -9.39009980674428e-06 -3.07429807169873e-06 -5.46206863590049e-05 2.85131567364482e-05 -4.56086809571573e-05 4.62718990207159e-06 -9.22824295518029e-06 2.98858211513602e-06 -1.78913814891161e-05 -3.87195163632067e-06 -2.40431037387583e-04 -6.76345602198025e-04 -1.90510723916771e-04 1.17299387444938e-05 7.07446985709687e-06 3.90892210268473e-06 -3.69716738572662e-05 -5.64224689963668e-05 -7.29138335205341e-05 9.09661001031662e-06 -8.33099639696931e-06 -2.58967070960722e-06 1.97438627914621e-06 -7.18819646395859e-06
 3.30330549630742e-05 -4.08271045550776e-05 7.19850689423454e-04 -1.04573488389590e-04 -1.59523700943659e-04 -2.79392640556740e-05 -4.68189997782834e-05 -9.65586866709733e-04 6.70183418520767e-04 1.63458257587934e-04 -1.43836055017724e-04 -2.48137697115312e-04 7.73020471257914e-06 -6.88709838181924e-06 -2.15597459470825e-05 -3.45339429190583e-05 6.66643164764667e-06 5.66680250754362e-05 -1.17744476008639e-04 1.29524814811055e-05 -8.07429175384691e-05 7.55150847389243e-06 7.12968021514782e-05 4.25554971076236e-05 8.95435427994872e-06 2.34305738109242e-06 3.78880753632241e-06 3.16928547575751e-05 1.16470332314162e-05 -3.29151123993903e-05 2.49923405329008e-04 -4.30506653535590e-05 -5.04165445526132e-03 2.44214167350363e-03 2.56526217151129e-05 1.43341824261539e-03 2.73444907893291e-04 -1.44337809228710e-04 -7.78449500564359e-03 -3.18218173897252e-03 3.45597841808515e-05 3.18468899951280e-03 5.64276136208128e-04 -7.10596483288789e-06 -1.30038096608453e-04 8.51586397654228e-05 -8.78778679568211e-06 2.45246465361121e-04 -1.74735264545135e-05 -1.40700231709083e-04 -4.76435915581837e-05 4.92347652409574e-07 -7.54368836894497e-05 8.38197908478099e-05 -7.35489631953349e-06 1.44658321370746e-05 2.65704763815079e-05 -1.59597074832394e-06 4.46942877529211e-05 9.78515056015136e-07 1.35637467957939e-05 5.00648645292235e-05 -1.83672576723948e-03 9.65559314868482e-04 -4.98154096497067e-06 -3.21236207014906e-04 4.04631783455906e-06 7.56695294328192e-05 1.03677686752862e-02 -1.70175245631849e-03 3.90525915725864e-06 -6.49901506133575e-04 -1.52254717279931e-05 -2.29092623992300e-06 -2.99760982663462e-06 9.34567003664745e-05 -4.01985396438436e-07 1.62175651539217e-04 -5.63774562984462e-06 1.00435491408713e-05 1.89857404148024e-04 -3.59349016524263e-06 3.57896762157770e-04 -8.38475028303693e-05 4.61798245033181e-06 -3.62091638016523e-05 -4.86223051684327e-06 -3.32419119152946e-07 -9.04364947532489e-07 -1.23835979734547e-06 3.27493903621358e-05 -4.35304366402486e-05 7.04495847152906e-04 -3.39188353482607e-05 1.82193072138161e-04 -2.52074157767024e-05 -7.57881808991268e-05 8.84939870505585e-04 6.06267902182772e-04 -3.78712619237139e-06 1.75743802337833e-04 -2.24609639069630e-04 -1.78268106809196e-05 8.08542713588948e-07 -2.41947412693511e-05 -2.67310875717145e-05 -2.76990032839084e-05 5.46109078298249e-05 1.18879183335043e-04 -9.94903242546914e-06 -7.15746078367600e-05 -4.61632948399040e-05 6.78744436918704e-05 3.96311657950061e-05 -1.68289388282907e-05 8.94204432148612e-06 1.78305673711328e-05 -2.70003868655790e-05 -5.14819750235551e-06 3.55252169388801e-05 1.04389483910101e-04 -2.05324273162874e-04 -3.78930742746225e-05 -1.33149396281089e-05 7.47132608032635e-06 3.42330767398232e-06 -4.85235942053945e-05 5.83820217693188e-05 2.72319106849994e-05 -1.57748295171844e-06 -6.51805686886970e-06 -1.19943528367036e-05 1.03032951486996e-05 3.04717058510197e-06 1.10244378940650e-05 -5.52770995944504e-04 -1.33159534132638e-04 -2.21369725180190e-05 1.30065676965771e-05 3.83080074748506e-06 -5.33785344343602e-05 5.19633101531144e-05 -3.98704891849147e-05 -1.24748780852486e-06 8.75167105849833e-06 -6.74044469891089e-06 -1.70450295377359e-05 -2.59169787843310e-07 2.50387130735896e-04 1.99753085632253e-04 3.00840725063933e-04 3.26644182102913e-06 1.21392085885478e-05 8.35056890134011e-07 -1.04015936237369e-04 -6.43618058390532e-05 -1.04988835390204e-05 8.88537412195586e-06 -1.84258487305166e-06 -5.12320397605967e-06 4.34097931678756e-06 -8.71273255157620e-07 9.03729222636413e-05 -1.52918727015133e-04 -6.54935932025660e-05 1.27831302400022e-05 8.36939188552678e-06 -3.21795223127279e-07 4.96028542791566e-05 5.62818226718716e-05 2.03923712393318e-05 -9.31077681237123e-07 -6.73938164393250e-06 -8.27713665721385e-06 -1.35494645850524e-05 1.19750399319184e-06 2.62953855419163e-04 2.29122461265368e-04 2.91199916172908e-04 -4.08961233847070e-06 9.80080421396465e-06 1.42343172200625e-06 1.03846231715158e-04 -7.34350411344548e-05 -3.15848539911730e-05 -1.05603795883494e-05 1.94884417009371e-07 -4.31890253727024e-06 -5.96915335712929e-06 -2.26284528473077e-06 5.70644977828612e-06 -5.42958353907340e-04 -1.47541660273821e-04 2.21673922030369e-05 1.31069173719276e-05 7.74981874384586e-07 4.09644294097591e-05 5.23442878669336e-05 -5.15142911912025e-05 3.07523061187762e-06 8.23400733289006e-06 -1.21356763692562e-05 1.27610088525010e-05 2.47463625720491e-06
 2.88055966046691e-06 2.15665435731602e-06 -3.68793426256040e-05 2.11635298307163e-04 -4.33313200776615e-05 2.12017058717094e-05 -4.15970690038552e-06 2.06808152370535e-04 -1.11807210220066e-04 5.73185594032722e-06 -5.27913172425422e-05 7.53902932029020e-05 1.06925294695683e-05 9.30864946930201e-06 -5.50194370474348e-06 2.20926177396784e-06 3.40049734782836e-06 3.67404032356483e-06 7.67020396513373e-06 -3.25659064640328e-06 2.57027273543476e-06 6.59315516220840e-06 4.28410269945139e-06 -2.03005754473580e-06 3.23352564098621e-06 3.18615315326310e-06 2.27006131451861e-06 -8.03362269790269e-07 1.66114978621822e-07 -4.54318612850784e-06 8.14843364136800e-06 3.41404374125251e-07 6.78627055024118e-05 -2.90034724501512e-05 5.11504419619059e-05 -1.67654224922242e-05 3.76758310871788e-06 -7.89723380415764e-04 1.20396669204598e-04 -1.58640492598344e-04 6.55889536712704e-05 -3.96774854991412e-05 7.39736824306254e-06 -2.82628352086089e-05 -5.26009992283505e-06 -2.75620387064654e-06 -2.86103956613910e-06 -4.06402485019025e-06 -2.59378341401023e-05 -1.58097798298636e-05 -3.52678161246336e-06 -1.80906363191849e-06 -1.86765106904169e-06 -2.10171897610767e-06 -3.51561243603046e-06 -1.14045452561702e-06 1.10557694682945e-06 4.23162185508975e-06 1.64931563026293e-06 1.34116379907451e-05 5.89870379668070e-05 -3.31399036167302e-07 8.35373428046326e-06 -1.25479006991165e-05 3.16732585846959e-05 4.20799118208300e-06 2.53560145063779e-06 -1.55536887467051e-03 -8.21244988504642e-05 -2.00377453767943e-04 -2.75400442422791e-05 6.80292787937010e-06 1.15224674814450e-05 1.41768806827735e-05 3.30846838508051e-06 -4.01985396438436e-07 1.81904352078811e-06 -1.18881048165111e-06 4.74369465426291e-05 6.19366486715360e-06 -7.44384127160395e-07 6.14110626758548e-06 -2.30072378018308e-06 4.07646842042715e-07 -1.99698692723229e-06 1.38437438491452e-08 7.75446879579600e-07 -3.00031022248996e-07 7.45218912928055e-07 1.20623454392701e-05 1.66964902183383e-05 -1.24424356790795e-06 2.27101884927537e-05 -2.11255983920127e-04 -4.80624003350137e-05 -1.83981344710310e-05 -2.26867475688720e-06 1.84333981694579e-04 1.07373925743706e-04 -3.89863012456451e-05 -5.97742005682918e-05 -7.11257367176537e-05 3.25898024865988e-06 1.01028807095539e-05 -1.21326072498039e-06 -3.42494330233248e-06 -7.43071713734636e-07 -5.33777335630237e-06 6.84766164631415e-06 1.79635789568533e-06 -1.74135815443167e-06 -3.93033675286708e-06 -5.07703395744915e-06 1.51260104072579e-06 -1.34525561160008e-06 -3.89399150802206e-06 -1.88792001291240e-07 -1.30053894927828e-06 -4.85851270706888e-07 -5.76851674747983e-06 -1.06960806825725e-05 9.66030378828375e-05 -4.11310849953153e-05 1.98922215923781e-06 2.06581987599163e-06 -2.89064601695413e-06 1.40696834333157e-06 2.41187981882595e-06 -7.72425668030856e-07 1.32816624692753e-06 -1.64251457239708e-06 7.51358572293038e-07 -3.48064306221185e-07 -1.86346435280578e-07 -1.31395465266155e-05 -1.29159122108765e-05 -3.67010761683377e-05 1.53225034049996e-06 8.98841327749848e-07 2.42754301432196e-06 1.93913241264996e-06 -1.07007429229738e-06 -3.71309219103529e-06 1.03088309171042e-06 4.16816457472425e-07 9.04970240771808e-07 7.85567139275058e-07 1.79268620668076e-07 -1.33546696608245e-05 1.06934479202748e-04 -6.87328450845392e-05 1.63420368890178e-06 -5.63914273301002e-06 -4.89812694444275e-07 5.81240204865554e-06 -1.13203364847017e-05 -2.65942336570025e-06 1.24320071420894e-06 -4.39807843821586e-08 -4.61015931943617e-07 5.86978037181040e-07 -1.71235074391462e-06 2.28273123465177e-05 -4.91549249765769e-05 5.58855273061958e-05 1.15864213600485e-06 -2.77982949600269e-06 2.73837582477342e-06 6.63736898003643e-07 -2.61642296640741e-07 -4.85605260187244e-06 1.07716290365605e-06 1.12025712526192e-06 -3.39953774115795e-07 -9.77293708464338e-08 2.50081585620658e-07 4.39330855453158e-06 -1.06445440538414e-04 5.88942661377948e-05 1.90180542696031e-06 5.53787280499105e-06 6.80194750870773e-08 2.91536500441655e-06 1.38951000940491e-05 -9.71903782396997e-07 1.85287888386006e-06 -5.46808831177007e-07 4.36019499264838e-07 -4.88443881702804e-07 1.57783060384518e-06 1.61404077587261e-06 -3.13580956844580e-05 3.04435094150768e-05 1.64421953713509e-06 -6.22316778195777e-07 -2.77633622556478e-06 9.14573947638040e-07 -2.07008652556385e-06 -7.12326059033475e-07 1.35949731615699e-06 -1.13549615866870e-06 -1.20187086709913e-06 5.61674990738846e-07 -3.52564838311434e-07
 -2.97192752129586e-05 -7.54251246668369e-05 1.30865360898544e-03 -1.26150356172165e-04 -3.13790613241893e-04 -4.13599136550592e-05 -9.56789035729765e-06 -1.62886904796983e-03 1.11138357496069e-03 3.01647942596031e-04 -2.88893529576119e-04 -4.07997359356426e-04 -1.07844657572404e-05 -2.32442213105299e-06 -1.43436822268091e-05 -5.07619641469067e-05 -8.30856026169394e-06 1.06824326397885e-04 -2.03908100007732e-04 2.67036692651868e-05 -1.40113640432066e-04 -3.97037307829689e-05 1.28883698644652e-04 7.52304106614161e-05 4.35768638389070e-07 1.09945019733424e-05 -1.39027903438255e-06 5.08759248229897e-05 2.71201854329177e-05 -6.52714446193064e-05 3.36191718388062e-04 -7.35874246553885e-05 -9.41073717178134e-03 4.49321508220250e-03 5.92935214625852e-05 2.65763489869728e-03 3.81805611222433e-04 -3.84967868399274e-04 -1.47257896936166e-02 -3.06750262756550e-03 1.04076141648873e-04 5.86760790394950e-03 8.21241576822087e-04 -1.30756538958199e-05 -1.44453910330166e-04 1.84056186294524e-04 -1.48616700396627e-05 4.71142988564773e-04 -1.73061247366689e-05 -6.72544253457027e-05 -3.28159201761891e-05 6.45852849161095e-06 -9.61133299013673e-05 1.65932913685857e-04 -1.39711810747237e-05 4.28975744721153e-05 2.57588553083378e-05 -1.69862195190780e-06 4.90153505345388e-05 3.34343705179351e-06 -6.17055148896810e-04 8.65784367167763e-05 -4.07378632009333e-03 1.82193107381566e-03 -2.45384395157262e-06 -5.86507945186262e-04 -5.23989918886468e-05 -1.12163319723386e-04 1.84772370371184e-02 6.41841118875426e-04 -1.25791956436380e-05 -1.22840217866433e-03 -1.16318575814032e-04 -2.99108346928581e-06 -5.25729026884322e-05 1.62175651539217e-04 -1.18881048165111e-06 2.94295626254905e-04 3.00042487084916e-07 -9.52162958139208e-05 3.24945345111511e-04 -5.64304598543742e-06 6.39580617394671e-04 -1.50583864182626e-04 8.23042233073141e-06 -6.07483525730817e-05 -1.54370237061860e-05 1.32724720683102e-06 -2.42951612303953e-05 2.05450730656509e-07 -3.15944654227146e-05 -8.35898067658023e-05 1.34644503416126e-03 -1.35428152161118e-04 3.24611159212333e-04 -6.23266427014874e-05 -6.13381182464836e-05 1.71120725978324e-03 1.17269865353282e-03 -2.75692180735263e-05 2.94316799312213e-04 -4.26549128314748e-04 -5.48775422898932e-05 6.20312443261622e-06 -1.62680195580951e-05 -4.86060072107953e-05 -2.73320539032062e-05 1.04831458809545e-04 2.16214361070591e-04 -1.10314209140034e-05 -1.42071792122430e-04 -3.16148370787586e-05 1.26921884415368e-04 7.61406327169549e-05 -1.34031506729074e-05 1.32717804639954e-05 2.12444888688052e-05 -5.05898961459051e-05 -3.97988462912003e-06 6.63332262015719e-05 1.21981722623130e-04 -5.24348048383639e-04 -1.58799725033542e-04 -2.91652964512268e-05 1.84878100205557e-05 4.33741105571982e-06 -8.31344404069407e-05 9.56653116326007e-05 6.97744786080538e-05 -5.41333291355867e-06 -1.06428002311378e-05 -2.28869765603794e-05 1.99210765679131e-05 4.03848207579697e-06 7.55275631173590e-05 -7.34175288559001e-04 -2.08590757256332e-04 -3.35110601388484e-05 2.09142118304413e-05 7.42448606098953e-06 -9.42735449928619e-05 1.02117444279457e-04 -4.72718423367768e-05 1.29177295628822e-06 1.68441279372087e-05 -1.04510984555145e-05 -2.80552604430503e-05 1.78207207616161e-06 4.52167078748998e-04 4.10654355787051e-04 5.22903063497165e-04 7.66773682989836e-06 1.89888012239630e-05 1.74520344899388e-06 -1.85597768971084e-04 -1.26588965135333e-04 -2.96086544799765e-06 1.79906407144697e-05 -1.16688904698268e-06 -8.16806995967529e-06 2.86616923689886e-06 -3.08218188456390e-06 1.09069198752242e-04 -5.44498190117442e-04 -1.58849800486940e-04 3.02440080822466e-05 1.77736731108322e-05 1.67851958448241e-10 9.18378218935221e-05 8.99572506841743e-05 5.91037061798121e-05 2.49484256956768e-06 -1.02051516988531e-05 -1.63912282241172e-05 -2.67098906319326e-05 4.36091471292573e-07 4.79849849488576e-04 3.88614526548971e-04 5.43436260648981e-04 -6.42702317341240e-06 1.99353916353621e-05 3.13400893599884e-06 1.93748883533909e-04 -1.31068189880486e-04 -4.27312307707310e-05 -1.92317135320677e-05 2.66667458546759e-06 -8.19107057833870e-06 -5.75898565100844e-06 -2.46277207202346e-06 7.13460232715160e-05 -7.49042465410196e-04 -1.99258445415799e-04 3.54326267029684e-05 2.09044873165528e-05 -1.60804589612125e-07 7.96714153363165e-05 1.04432714635472e-04 -6.87744130262586e-05 3.17822199457348e-06 1.62688035115073e-05 -2.04302527440145e-05 2.15396971218505e-05 5.90431183903628e-06
 6.45718628473747e-04 1.16381901426211e-04 -2.82873874793514e-03 4.87211515195937e-03 -1.08827274976571e-03 1.06321122253055e-03 2.02674513430618e-04 6.05105683249258e-03 -8.91592890206643e-03 -1.99481574732422e-03 -1.55705157767118e-03 2.35749445267308e-03 4.84105155971865e-04 2.74347569609301e-04 -9.00743219157349e-05 1.93974831189447e-04 7.98494632488863e-05 4.09247481421486e-05 2.65842221071891e-04 -8.80841858712434e-05 1.36202257095905e-04 1.14635598810556e-04 1.12659237249432e-04 -7.93293849886252e-05 7.37768342598607e-05 1.11950466845419e-04 5.56797571936488e-05 -4.43573529520367e-05 1.30706150083961e-05 -1.47003357009731e-04 6.75791436737925e-06 3.11454777933049e-07 5.03642295202912e-04 -2.10918381472212e-04 1.59278982910948e-03 -7.27874989048978e-05 -7.30125262897701e-05 -2.60027050326640e-02 5.95289375570898e-04 4.31629598085602e-04 4.18252189408987e-03 -1.79424139214077e-04 -2.57050774514108e-04 -5.40949841714115e-04 -1.81184990840005e-05 -1.20018831612141e-05 -7.66022042285519e-05 -2.39422361474615e-05 -3.78891957913421e-04 -1.33207668430387e-04 -2.21086022329615e-05 -3.47834602827291e-05 -7.25809548477509e-06 -1.98042037415603e-05 -7.27117618353809e-05 -2.22424851807491e-06 -9.82777838166216e-06 1.33778882406428e-04 1.05217770453186e-05 2.53469662887573e-04 -4.15900616242448e-05 -4.52073950536867e-06 -1.35730109427096e-04 -6.75667976723256e-05 6.78568306883060e-04 2.21122328965658e-05 -2.23789703441880e-05 -3.76736313104100e-02 -3.53886109489086e-04 6.74903694765149e-04 -4.04664329396581e-04 2.31674067390501e-05 1.17199886829273e-04 3.81471101800368e-04 2.69066618851737e-06 -5.63774562984462e-06 4.74369465426291e-05 3.00042487084916e-07 1.36269255752520e-03 -4.52291042539465e-05 -1.96850934821113e-05 1.69143922808572e-04 -1.61628734320616e-06 -2.87527684280885e-06 -5.64012598522562e-05 4.01124200134634e-06 3.93485174313524e-06 1.22003633792964e-05 -2.01801324177452e-05 3.40571965944273e-04 -7.26180711912618e-04 -1.21000174236574e-04 2.76323162062767e-03 -4.84549196348238e-03 -1.16965051431374e-03 -1.02926559835116e-03 -1.37455399951447e-04 6.34263929444736e-03 9.08387480771390e-03 8.27275027340449e-04 -1.68281625324466e-03 -2.33318407852056e-03 -1.72725151520026e-04 2.87016765805673e-04 -3.14622692805311e-06 -2.17715974235355e-04 -1.25884879863433e-05 -4.49664936306261e-05 2.67999140010046e-04 5.25403112131751e-05 -1.64853363890265e-04 -2.85584063643041e-05 -8.11344729637723e-05 8.54784080607726e-05 -5.83385763440267e-06 -1.21928252534482e-04 -2.25091026933599e-05 -6.15868031451983e-05 -2.72724919577259e-06 -1.49688739101922e-04 -6.23827445129943e-04 4.21394076755054e-03 -1.69249227884408e-03 4.50784635181509e-05 3.78086440009588e-05 -1.45018172374748e-04 7.75065705180010e-05 -3.19371151703106e-05 -7.78248580046158e-05 3.48458600336246e-05 -4.72004514648027e-05 3.88750226240446e-05 -7.45032744292011e-06 2.25043462936253e-06 -7.73964150457133e-04 4.35158064346124e-03 -1.93235144338925e-03 6.36307310493902e-05 1.42699195107982e-05 1.47927970812609e-04 1.04575774589487e-04 -6.20214725191754e-05 2.22229547422424e-05 3.60855005954255e-05 1.69462219681579e-05 5.01031604448830e-05 2.91454373943049e-05 1.27316133318882e-05 2.48935936958396e-04 -1.02545754135408e-03 -1.81676303374516e-04 1.52978042690694e-04 -1.41296615717082e-04 -3.63981598198387e-05 2.78236419153372e-04 -3.33000193185516e-04 -8.92399316751344e-05 1.79574934717435e-05 9.96339131887940e-06 4.19442929621349e-06 1.50181891585155e-05 -8.35537062995954e-05 8.08579823341178e-04 -3.96004974555594e-03 1.85851900234669e-03 6.26381963420187e-05 -4.20066209630183e-05 1.38364265350049e-04 9.93168255256606e-05 7.46943659794626e-05 6.38189633793327e-06 4.20011937706043e-05 3.53053942809993e-05 -3.53362106954671e-05 -1.77706479923541e-05 -6.54483278506119e-06 -3.60524807822404e-04 1.03492865851740e-03 1.08871353729742e-04 1.57717530607169e-04 1.45818322545495e-04 6.18862113451327e-06 2.53004760122260e-04 3.66428711102119e-04 6.97770217053712e-06 2.73433407388273e-05 -1.25149009873193e-05 -6.03677399513179e-06 -9.84685713805036e-06 7.99958486127031e-05 6.97721860752606e-04 -4.85295053068006e-03 1.88649183320510e-03 4.20621600554527e-05 -1.20635703448959e-05 -1.61366226402223e-04 8.45072711157809e-05 3.66197493459271e-05 -7.91407526666391e-05 3.48153772986944e-05 -2.96402044472531e-05 -5.76953499896861e-05 1.34811040281408e-05 -1.02034216109516e-05
 -8.35831622349978e-05 2.32351890235905e-05 -4.51421567490320e-04 -4.20683084214333e-04 2.52002418443905e-04 -4.89407854665555e-05 -7.35519395558253e-04 -2.88497976702731e-04 7.42949249322123e-04 5.43248169565089e-04 4.60583383132713e-04 -8.79543547840179e-05 1.14535525983231e-04 -8.75894229835500e-05 -2.32436791383386e-04 -9.82943022193588e-05 1.82078698461743e-04 -5.73381161950268e-05 -2.19896348244101e-05 -3.82522919718799e-05 -3.29894350612297e-05 4.72963883837748e-04 -2.84740323945862e-05 -1.85364044705291e-06 1.39042309003353e-04 -6.25778310302155e-05 7.23615206414572e-05 4.33263666276377e-05 -5.89488220052510e-05 6.69544385758343e-05 -3.95801762234050e-04 2.54751747733178e-05 5.82063630157109e-03 -2.38033668533268e-03 -7.27492127187073e-05 -1.37839374670250e-03 8.87580930753671e-04 3.89648976412077e-04 9.69415490827282e-03 -2.29222639490594e-02 -3.57412576647958e-04 -3.17203999915872e-03 1.42750392929910e-03 -2.20061841531738e-05 -7.90434489499958e-04 -2.87198955743201e-04 -5.04347246258813e-06 -3.12017148462113e-04 -1.52013729196577e-04 -1.71264554985191e-03 -3.49785385578559e-04 -4.73624355510918e-05 -1.49161921571179e-04 -1.42477637082235e-04 3.62277581115388e-06 -1.42016986146048e-04 1.94270622710655e-04 -7.00943254418797e-06 2.79078147808018e-04 4.78626621157183e-06 -5.20616128250594e-04 -4.89329857578704e-05 1.28910921739795e-07 -8.55768674353791e-04 -2.01778238348172e-05 2.67495446828149e-04 5.51383837008600e-04 5.66552537986093e-04 -5.59459927547667e-03 -3.36554138550339e-02 1.41987925618242e-04 4.56980936464972e-04 7.72633990218482e-04 5.23775619736224e-06 4.35812133634967e-04 1.00435491408713e-05 6.19366486715360e-06 -9.52162958139208e-05 -4.52291042539465e-05 1.04769954649002e-03 5.77993356469365e-05 6.28949010538465e-06 -2.02614085409243e-04 4.15778379728452e-05 -4.77556212841026e-06 -2.66655228796824e-05 6.28859197745533e-05 -1.82348432184312e-05 2.08457676755093e-04 -9.41714099731555e-06 5.46347670274041e-05 5.12794217241481e-05 -9.44111242912056e-04 3.40043396513668e-04 -1.26356565229196e-04 1.95905228354432e-04 -6.85793395044207e-04 -9.01078593551050e-04 -1.05929793400635e-03 3.96697658724562e-04 -1.67154255423819e-04 3.57668164617064e-04 1.94078873668053e-04 -1.65768888959688e-05 -2.47790691257880e-04 1.17737473645127e-05 -1.91208618312460e-04 -8.60613553215538e-05 -4.63669502481334e-05 -5.42985817766938e-05 1.28913948689133e-04 -4.46753560624430e-04 -7.49693060179530e-05 -5.16139142530044e-05 -1.48580317264940e-04 1.41199855112483e-05 8.94295161568612e-05 2.52897801034248e-05 -4.46267993768336e-05 -4.56500906772646e-05 5.33398265945793e-04 1.94079196277440e-03 7.88875778432170e-04 5.48754133428606e-05 -3.82642906002292e-05 1.61465010293829e-05 -9.91491429769877e-06 8.01748408171038e-05 -2.11608327886122e-04 2.51186658697225e-05 -1.06324025374709e-05 1.60934670585146e-05 -1.79316711917186e-05 8.60835969700957e-06 -4.21428856996063e-04 -2.91737101946197e-03 -3.49138709467445e-05 -4.68902179626889e-05 1.14956342151586e-05 -1.81969673389330e-05 2.10963568996779e-05 -1.21280779253137e-04 -2.12411756723759e-04 -3.12408068633146e-05 -1.64269938448794e-05 -1.34856321149851e-05 -1.51198967587532e-05 -2.02455102287708e-05 -2.12939385668379e-04 -2.62939244231014e-04 -2.26830951572676e-04 -1.95028053394515e-05 1.12530553470960e-05 3.44791965023196e-06 4.33438083652997e-05 1.24901837211205e-04 -1.26787921768583e-04 -2.03020945244455e-05 -2.11378778989603e-05 -7.48236958558477e-06 4.16394032968513e-05 1.40987980979035e-05 4.64010390428901e-04 2.83108218916558e-03 4.35551784856880e-04 -6.62321913641748e-05 -2.65619665174387e-05 -3.75996046717499e-06 -4.37834450521670e-05 8.84013237724587e-05 -2.38503680867492e-04 -3.54608426832207e-05 -1.60018198336738e-05 1.72834865584226e-05 2.69192853977902e-05 1.30956724663823e-05 -1.61889750043780e-04 -4.38718866506884e-04 -2.77472484300683e-04 -9.63102115972174e-06 -1.75266564120180e-05 -2.11786197750876e-06 -1.18372847723977e-04 5.38852790174213e-05 -1.04961812495216e-04 1.02666614784003e-05 -2.33053489076927e-05 7.70386421390604e-06 -4.19822494640046e-05 -1.10920768286859e-05 -5.26234129233716e-04 -2.02895834344707e-03 -4.34995627940910e-04 3.52944628869551e-05 1.51214701563012e-05 7.16952000827271e-06 -7.38578579728379e-05 -1.34493437339417e-04 -1.86772935849635e-04 2.26595757060685e-05 -1.90754868451861e-05 -8.35065940569685e-06 9.30915354314775e-06 -1.53186363894272e-05
 -3.10585793614044e-05 -6.48825989136595e-05 8.56174108700902e-04 1.44802388626804e-05 -2.89045179776440e-04 1.44906212280833e-04 -9.69846119911877e-05 -1.96665988898626e-03 -1.08842704846685e-03 -4.34064393164479e-05 -3.91884769869491e-04 -9.08713095688137e-05 8.38891859607568e-05 -2.29874621728126e-05 -5.71831064407188e-05 -1.73495017869637e-05 3.24721524273282e-05 6.89826767440066e-05 -1.92407377977474e-04 1.34334929322281e-05 -1.17035268751914e-04 4.89328830763027e-05 1.17758945088043e-04 7.24776194186506e-05 2.81961102444624e-05 6.61831728920465e-06 1.22919902580898e-05 6.10946480251637e-05 1.99177211350283e-05 -6.83447841448808e-05 6.94840246124079e-04 -4.19664298215100e-05 -1.27691431471809e-02 5.23078373122180e-03 4.15661662352578e-05 2.72894556924388e-03 5.75970921044245e-04 -6.14261180401101e-05 -1.42049113430938e-02 -7.16188928856951e-03 -1.87301194427932e-05 6.18005688003295e-03 1.17244204425782e-03 -1.95022582659454e-05 -2.93832955504892e-04 1.98223014486504e-04 -8.71738874571178e-06 3.94800051504011e-04 -4.93641385307879e-05 -3.55449424734169e-04 -9.17019991203075e-05 -5.64380210234150e-07 -2.17062455919708e-04 1.97914140664425e-04 -1.82736599814735e-05 1.31035295869580e-05 5.74435993712664e-05 -5.33754097081198e-06 1.05509654856149e-04 4.63441247527914e-06 9.79171086940358e-04 1.13194201767138e-04 -3.19805929034036e-03 1.99527564557309e-03 -8.76677615259835e-06 -6.56349795358291e-04 2.83144338406472e-05 1.80415960603792e-04 2.06943237155647e-02 -4.81668336770124e-03 5.06301028963965e-06 -1.35112483533117e-03 -9.99169796623146e-06 -5.58880176213395e-06 1.10589536677483e-05 1.89857404148024e-04 -7.44384127160395e-07 3.24945345111511e-04 -1.96850934821113e-05 5.77993356469365e-05 4.05079468782793e-04 -5.47966571725548e-06 7.13326299943787e-04 -1.61838372415493e-04 8.49485830180971e-06 -7.74076323053768e-05 -8.55712913161263e-06 -1.96115721827396e-06 6.92051790187977e-06 -4.39639613486890e-06 7.56737881099975e-06 -6.32019467238667e-05 6.68984432383212e-04 1.75176016035331e-04 3.53157007497680e-04 1.91104959541366e-04 -1.97159427611371e-04 1.61662723550610e-03 -1.66063384157632e-03 1.28589053627348e-04 4.91001523249658e-04 9.08883620938746e-07 -6.30338300128352e-05 7.85006691346303e-07 -7.70832650144319e-05 5.64024824426801e-06 -4.98313422077064e-05 5.92688861888345e-05 1.91062566171308e-04 -3.27195858126862e-05 -8.43339823776440e-05 -1.00037007476205e-04 1.07291258854377e-04 6.20451447513828e-05 -3.82663626377716e-05 2.41998035492186e-05 3.93132662882379e-05 -4.81663536307687e-05 -1.31418081236475e-05 7.56919476092444e-05 3.75276718563523e-05 1.02677386717325e-03 -3.20880581942972e-04 -2.95646086329950e-05 1.13651563469161e-05 -2.13116121601115e-05 -1.02450369810771e-04 8.84083606084241e-05 -7.78725145585883e-08 2.29679242338976e-07 -1.63213893994579e-05 -1.49791996289964e-05 1.93154061598596e-05 8.53498917527943e-06 -2.13596213605471e-04 2.60998025748779e-04 -5.94076436869583e-04 -4.58862271987682e-05 1.94303397382872e-05 3.65409932723518e-05 -1.00635633849619e-04 5.42618385838668e-05 -5.56399985481391e-05 -1.91382848339385e-06 1.45660043710669e-05 -5.57325614905672e-06 -3.21480584425168e-05 1.17620472023868e-06 7.54160776061037e-04 -1.48765719858511e-03 1.06829770293540e-03 4.44802205392097e-05 2.74749299028928e-05 -2.66459593389738e-06 -1.59660116195957e-04 -1.26162179288393e-04 -3.24060159172357e-05 1.15890948433661e-05 -2.57236763235490e-06 -8.97369854544883e-06 1.12040605253994e-05 -1.20626355656768e-05 -7.66051658937089e-05 1.76560097113547e-03 -5.36610818918391e-04 2.10073556543411e-05 2.06626609574233e-05 -3.71239624470943e-05 9.16619836463115e-05 8.89567737609838e-05 -1.69763294626134e-05 -6.56221650720033e-06 -1.83937846802664e-05 -6.84146817688432e-06 -2.34543542816128e-05 4.67467895541561e-06 8.16189828111455e-04 -1.57139446966764e-03 1.11368808173343e-03 -5.19507554575090e-05 1.97795258807641e-05 1.16644263282729e-05 1.53844143988658e-04 -1.55370072163232e-04 -5.24335857598684e-05 -1.55818113431797e-05 -1.31616431384541e-06 -6.96389641350088e-06 -1.03464418612345e-05 -1.79564897508771e-05 -1.94804778592139e-04 4.25066749018131e-06 -5.63110750865012e-04 4.89679164018755e-05 1.19641883620691e-05 2.94895802924394e-05 7.84970375159339e-05 3.97988333387037e-05 -7.51124402851040e-05 3.97904349897556e-06 1.21713934463344e-05 -1.42678880443548e-05 2.49483457125661e-05 8.19871359138521e-06
 6.38860131870033e-05 2.31863589564058e-05 -7.32277790551213e-04 6.49372244935506e-04 -1.09021686144901e-04 2.07738013608793e-04 -1.67658089625892e-04 6.54597994245928e-04 -1.98945922284607e-03 1.67471975533737e-03 -1.50519544168879e-04 4.43354763179576e-04 -2.13941811648906e-04 1.88740664966633e-05 -6.20043446531746e-05 2.44366908655550e-05 1.67583794994140e-05 -9.19426244642167e-06 3.74709834241480e-05 -4.32144012662807e-05 2.04846609973376e-05 1.09572122220990e-05 1.18214387821346e-05 -1.40483385910786e-05 6.43456793616520e-06 1.62377044938667e-05 7.04217307676255e-06 -6.99581440262779e-06 1.27922335228948e-06 -2.03328695834203e-05 -4.58559776307999e-05 1.01944873517199e-05 8.48616294053832e-05 -1.19288830655851e-04 1.99932687715627e-04 -8.33663840647057e-05 -9.91023484778925e-06 -3.28744196320942e-03 4.07525480948391e-04 -9.15659449108228e-05 5.34213508993573e-04 -2.00356509222584e-04 -4.32765157009385e-05 -6.95874416723022e-05 -7.84842231272730e-06 -4.12534949653635e-06 3.19103999640728e-05 -2.05190037379066e-05 -5.30707021234893e-05 -3.61214651439127e-05 -8.34232471400324e-08 4.89727899057735e-05 1.47963456314896e-05 -1.07901867198994e-06 -2.51286988928399e-05 2.31593638835449e-06 1.36919885842506e-06 1.34254652284168e-05 4.50439842786979e-06 2.86876240003395e-05 -5.89597182631292e-05 -5.54038523448990e-06 -9.11894700166597e-04 5.90272285582576e-06 8.32801124089587e-05 2.11185745938958e-05 4.18841534031881e-06 -4.65683582963282e-03 -7.69689475029155e-04 -2.83130207688597e-04 -4.52929067231727e-05 -2.95641248976915e-05 1.59295943172442e-05 4.77289840069806e-05 5.26775314722272e-06 -3.59349016524263e-06 6.14110626758548e-06 -5.64304598543742e-06 1.69143922808572e-04 6.28949010538465e-06 -5.47966571725548e-06 3.06927563893411e-05 -2.62808073891024e-05 4.21423178253323e-06 -1.00682862098182e-05 3.99603747410878e-07 9.48706956859886e-07 9.87109132261871e-07 -1.99889003015506e-07 4.21100099705056e-05 -1.07031114241305e-04 -7.09018769639674e-06 3.27203983062536e-05 -5.63811137216271e-04 -1.68550193144988e-04 -1.03182498200299e-04 1.79123450239395e-04 9.21229746614098e-04 8.01641982329263e-04 -1.93859836369850e-03 -2.52599074311736e-04 -2.19918805644979e-04 2.80985634072338e-04 4.96569867906573e-05 4.18612081248826e-05 -6.76419348008410e-06 6.55584925012761e-06 -7.07994062944508e-06 3.44284882580611e-05 2.95784958058321e-05 -3.40086878297837e-06 -1.27014734838948e-05 -4.85289763506581e-06 6.85791150324751e-06 -6.64767420833244e-06 -1.33392202663261e-05 -1.42993798787946e-07 -7.78749581834268e-06 -1.90322252511061e-06 -1.85679787823132e-05 -3.18307657796213e-04 2.52867743390331e-03 -6.41406078818340e-04 2.47826943930969e-07 3.19027764119671e-05 -3.51964481249198e-05 5.16040207200579e-07 2.45021655036318e-05 -2.19745386726708e-05 1.79588795526835e-06 -1.26333270598999e-05 4.63049197137094e-06 2.59725978483302e-06 -5.11608083701732e-06 9.63948695237280e-05 -9.74794004804759e-04 1.39815799666257e-04 3.56094097815748e-06 -2.70387884482183e-05 2.38684882796970e-06 1.12885543603770e-05 -6.47697484035351e-05 3.50251176917293e-06 4.12050760825184e-06 -7.76606114552668e-06 6.38716218759901e-06 4.75491891389914e-06 7.01206322142590e-06 1.33847285616423e-04 -9.38174241882371e-04 1.68068628079593e-04 3.54309400778278e-05 -1.45951224410721e-05 1.62288076058251e-05 5.71628214072485e-05 -3.56579417237052e-05 3.34756646975587e-05 -8.50494884158953e-07 -4.25593850953524e-06 1.67768927636395e-06 -3.99287288892388e-06 -1.37899427154615e-05 2.94636886475990e-04 -1.95169050924189e-03 6.09777318904293e-04 1.12108275568579e-05 -3.69487241408070e-05 2.58407797687420e-05 1.49837214044908e-05 -4.18998962228392e-05 -1.51905724965300e-05 4.62051965802723e-06 1.15543743747272e-05 -6.02566827433304e-07 -9.26567334809735e-07 6.76672713982746e-06 6.25116062765318e-05 -6.59298819288960e-04 1.90379593567013e-04 4.67356685976993e-06 2.62630685219702e-05 -1.84637208895674e-05 1.29935682421623e-05 6.20311011988914e-05 -4.22880334582652e-05 7.51708936725535e-06 3.29276613680916e-06 2.67519712443202e-06 -6.27277780059947e-06 8.59844238757323e-06 -1.52739099564473e-04 1.32189523802748e-03 -1.97076399896146e-04 1.20155196834559e-05 2.09655001103335e-05 3.14873945033531e-06 2.36543857658571e-05 3.04970002197716e-05 7.91572365009969e-06 6.87400146701097e-06 3.40247033148621e-06 -4.10483948004967e-06 6.59542084336018e-06 -5.02874432196180e-06
 1.39560585455065e-04 -1.91842095779049e-04 5.01754372804249e-03 -1.73190429688790e-04 -1.02211187377252e-03 -2.45278441378543e-04 -5.56493346910249e-05 5.55353434194500e-05 3.98212493348024e-03 8.48290367218255e-04 -1.57298283174996e-03 -1.23407070465997e-03 -1.22289613466087e-05 9.02632437678647e-05 -4.85686997034926e-05 -1.32030924061108e-04 -1.23563999518111e-06 2.12708701432974e-04 -3.67351413128732e-04 5.00584302134502e-05 -2.78838352167869e-04 -5.34030502415333e-05 1.90435918409917e-04 1.53329653631309e-04 5.34184554338145e-06 1.57984415739103e-05 -8.50025337320465e-07 9.99291352129344e-05 4.97407362468768e-05 -1.24246642723830e-04 1.83722797308600e-03 -1.95591396800610e-04 -2.33327223958234e-02 1.05045137978808e-02 1.29936131649842e-04 5.74322125972730e-03 8.55615067022139e-04 -7.02425456548532e-04 -2.96948876872541e-02 -6.99443506896187e-03 1.19071964318814e-04 1.31976055198959e-02 1.88333461287016e-03 -4.05132932258686e-05 -3.15331602399334e-04 3.42273383656486e-04 -3.10872844226411e-05 9.42954296590141e-04 -4.80184086851968e-05 -1.23966500656252e-04 -2.56215029992206e-04 1.31614903202302e-05 -4.93331894093386e-04 3.24254838334956e-04 -3.62960903314174e-05 4.18674475702816e-05 4.44774397766345e-05 -5.41566150939402e-06 9.90055638022119e-05 1.04950637416216e-05 2.31458466459752e-03 2.63155631455683e-04 5.39333598611541e-03 3.38254397876113e-03 -1.01919121555619e-06 -1.38805414101475e-03 -1.16254452486704e-04 -4.54872407893813e-04 4.49193307192661e-02 1.10344924749511e-03 -2.57081318174926e-05 -2.00458922237692e-03 -1.49778587685263e-04 -5.12198503147604e-06 -1.04789146291434e-04 3.57896762157770e-04 -2.30072378018308e-06 6.39580617394671e-04 -1.61628734320616e-06 -2.02614085409243e-04 7.13326299943787e-04 -2.62808073891024e-05 1.56585640265219e-03 -3.39454503745686e-04 2.05340209837763e-05 -1.24170584559042e-04 -2.89979557739330e-05 2.15709432169454e-06 -4.73037762982848e-05 6.37828209697276e-07 1.50407812782138e-04 -2.14028312498231e-04 4.96084953146009e-03 -3.13014430384282e-04 1.03120211576161e-03 -2.51219285155690e-04 -1.93541517832692e-04 4.17361338545169e-05 3.80321138809973e-03 4.18307478297180e-04 1.57240678869723e-03 -1.27147894875867e-03 -2.46483934089851e-04 -8.67054789464867e-05 -2.65366456610776e-05 -1.14034263147594e-04 -7.55842584583714e-05 2.02220024367659e-04 3.82918775531776e-04 -1.29192669663655e-05 -2.77073797812962e-04 -7.78168487483242e-05 1.86421756295796e-04 1.53074343743178e-04 -3.27222251998620e-05 2.26446583164132e-05 4.27149271808198e-05 -9.64680645755502e-05 -8.95585307870070e-06 1.25632018497391e-04 1.01540411534629e-04 -7.13103170152704e-04 -6.15479201249425e-04 -2.41724201076023e-05 6.15598705600209e-05 -2.30696396549270e-06 -9.67282774172565e-05 2.54551823177911e-04 1.92798819334907e-04 -2.65726456081585e-07 -2.68919665918610e-05 -5.06533042119123e-05 2.88770967061448e-05 3.54542390880619e-06 4.77614083987320e-05 -1.84250912584503e-03 -6.06164845796045e-04 -3.40635868945098e-05 5.75916254284392e-05 2.01499695116725e-05 -1.28919342875605e-04 2.64473704917340e-04 -1.57078347779863e-04 9.32239180697422e-06 3.78702092483355e-05 -2.73346396998443e-05 -4.54264163510064e-05 2.13933439841746e-06 2.62772909406950e-04 5.87331109461384e-03 -1.67852879594831e-05 -6.05620981780171e-05 -1.91227057402058e-05 6.81601073389893e-06 -4.62051109944520e-04 -3.71171738933239e-04 -1.11682598043171e-05 6.03262891769047e-05 -3.44953040769504e-06 -2.96944914245550e-05 7.71894112833034e-06 -5.11630566438547e-06 1.03257678882959e-04 -8.88060830627471e-04 -5.67945596358769e-04 2.28458175496833e-05 5.42939585418184e-05 -5.71330571652378e-06 1.18483792119419e-04 2.34241711835670e-04 1.75183607403715e-04 -6.82995348641454e-06 -2.31357175981276e-05 -3.96029214416042e-05 -4.27952268670568e-05 -9.36252734846908e-08 3.24575817956264e-04 5.66452658396057e-03 1.03135433956455e-04 5.65135267969710e-05 -1.60111922074973e-05 -7.81608497050588e-06 4.57520490320549e-04 -3.74795911817737e-04 -1.11074058488856e-04 -6.00789163304161e-05 8.89633794003229e-06 -2.64447013171319e-05 -1.73622247206800e-05 -6.51467318624823e-06 -9.83781677355299e-06 -1.40872737944571e-03 -6.99736679333957e-04 3.89508823668580e-05 5.97790850274293e-05 1.72568579978655e-05 8.13457257165670e-05 2.70547976413434e-04 -1.80244079406522e-04 -6.13885134048708e-08 3.84052906840470e-05 -4.24342021059065e-05 3.09425130063522e-05 8.05423466383532e-06
 8.20194510807435e-05 5.82592142715660e-05 -1.37550734460378e-03 2.27598995040020e-04 1.70990897463096e-04 1.00741645167700e-04 3.23200481362476e-05 9.33124467763816e-04 -1.51808014402445e-03 -4.15208383593179e-04 1.06454366899046e-04 3.73313974867400e-04 4.76596256850723e-05 4.57809003164040e-07 9.39316182471115e-06 4.96227356649008e-05 8.10328010576257e-06 -7.24088745210891e-05 1.26922065671373e-04 -1.66511550380268e-05 8.92415455835277e-05 2.58243459272790e-05 -8.09851094911454e-05 -4.64022554875603e-05 1.11385138337695e-06 -1.05201483624038e-06 2.24048401895976e-06 -2.92942222930506e-05 -1.46447552950943e-05 3.37505506486559e-05 -1.67731375275308e-04 6.61219041508875e-05 3.39970256033795e-03 -2.08607467895525e-03 -3.14453587918144e-05 -1.43243367022582e-03 -2.11868644918498e-04 2.32845787812293e-04 8.13785673982030e-03 1.80217997640105e-03 -4.63208643071205e-05 -3.17454719471739e-03 -4.49353743698226e-04 9.52123416806239e-06 7.89731312929928e-05 -6.80124750104168e-05 1.36512929147722e-05 -2.68253497327811e-04 1.20164952596930e-05 4.19952538594038e-05 4.55487525466417e-05 -4.81646604197293e-07 5.08473460340162e-05 -6.24445403761669e-05 5.05777272207261e-06 -2.39244121499764e-05 -1.48880055137260e-05 3.97573313302588e-07 -2.43046314200605e-05 -2.49469013014941e-06 -7.65392606861384e-04 -4.83400564597929e-05 1.45871045903980e-03 -8.55909535314544e-04 -1.30215912771374e-06 2.91017669240057e-04 2.25090093813879e-05 1.73306481330151e-04 -9.79502255059915e-03 -1.28506262988237e-04 8.13196301165343e-06 5.61707694585406e-04 4.68660363986232e-05 5.77437180455955e-07 2.41433161142096e-05 -8.38475028303693e-05 4.07646842042715e-07 -1.50583864182626e-04 -2.87527684280885e-06 4.15778379728452e-05 -1.61838372415493e-04 4.21423178253323e-06 -3.39454503745686e-04 8.14017037688843e-05 -4.74852566435342e-06 3.02446440952835e-05 7.04185742724674e-06 -5.25540502302058e-07 1.14760756728922e-05 -8.61429102138219e-07 1.00062860923411e-04 6.41130934724907e-05 -1.37796181911134e-03 2.65215220682217e-04 -1.65191489034292e-04 1.11771081276755e-04 4.73096096063821e-05 -1.01398922458988e-03 -1.52898699652069e-03 -7.83762424087889e-05 -9.73452478448014e-05 3.88471730371521e-04 4.24821609295904e-05 -3.33491029313836e-06 7.08788890110836e-06 4.66186229839553e-05 2.02458768016003e-05 -7.03942305567505e-05 -1.30584649790256e-04 4.56661246296282e-06 9.06340863133869e-05 2.08515364977289e-05 -7.93897206274925e-05 -4.65771271592779e-05 9.09772771787839e-06 -2.39525636113871e-06 -1.07635470378688e-05 2.89303441273494e-05 2.21935303280687e-06 -3.39612518542322e-05 -9.26265934687719e-05 5.14790781360070e-04 5.77528421895003e-05 1.51688192167366e-05 -1.51066225212680e-05 -9.27738873062926e-06 4.80809751419089e-05 -6.87455340681812e-05 -5.15263834039754e-05 4.28656251092081e-06 5.66011482201644e-06 1.53407446141980e-05 -1.11717417056448e-05 -1.24025758248533e-06 -8.63683930056727e-05 8.72579196261622e-04 3.80693564287112e-05 1.91373558279174e-05 -1.50262660643978e-05 3.81198687270651e-06 5.59198147201803e-05 -6.91515364105707e-05 3.83850193140193e-05 6.36827924911679e-07 -9.69261923723339e-06 8.48125501315273e-06 1.67380991952738e-05 -1.33696225826793e-07 -1.13243647661196e-04 -1.06530973141908e-03 -4.90059848131471e-05 1.45282316135683e-05 -7.14018878636304e-06 -3.71998429995916e-06 1.19380222610783e-04 6.79954351733839e-05 -2.38069430468328e-06 -1.19435328844233e-05 1.81621984513411e-06 5.50845453380936e-06 -1.07369276395944e-06 -3.07883179909007e-06 -1.01442106358027e-04 6.22744904268751e-04 2.93361071335396e-05 -1.69811923826455e-05 -1.24641941295646e-05 -7.54766532529581e-06 -5.38734585094832e-05 -6.32712574878097e-05 -4.33407232833236e-05 -2.63446649307196e-06 5.24901001929018e-06 1.15308370547114e-05 1.52701707616692e-05 5.21711327974335e-07 -1.28766617548743e-04 -1.01172464761579e-03 -7.80625777205887e-05 -1.43259446254249e-05 -8.55085752641681e-06 3.84901420061795e-07 -1.21331032936263e-04 6.78806077657491e-05 2.55713784230385e-05 1.20737700886741e-05 -1.13978772528921e-06 5.17359585736546e-06 4.10555524984329e-06 -3.12325749223399e-06 -6.84509591122713e-05 7.44049474935784e-04 6.30969295296108e-05 -1.90394153326864e-05 -1.63148812679703e-05 6.57385260333244e-06 -4.38643984397774e-05 -7.17717095498123e-05 5.01300154315147e-05 -3.30374985972185e-06 -9.22213845373220e-06 1.43123985421067e-05 -1.22719818300105e-05 -2.33381514587516e-06
 -3.46567324003055e-06 -1.43025834165548e-05 4.25337952213860e-04 -1.83375111536229e-04 4.54158779161605e-05 -7.45480683493760e-05 4.76138158439120e-05 -5.59471942899202e-04 8.08934838423271e-04 -4.45763725312513e-04 8.69177882775208e-05 -1.50943028975589e-04 5.78952552168055e-05 -1.36449341357640e-05 2.00585165284259e-05 -1.21667982449016e-05 -7.62730992822453e-06 8.64973582114517e-06 -2.85394789682812e-05 1.58439172935458e-05 -1.26975827843301e-05 -7.81505228669144e-06 2.58926553707826e-06 9.40177864062522e-06 -3.24390361847609e-06 -6.06447551288338e-06 -3.11048667978850e-06 4.81620049940574e-06 8.76246206833878e-07 5.17264989061043e-06 4.56776517309688e-05 -7.60836355175486e-06 -4.76219305524949e-05 1.13489888138074e-04 -8.27491835910323e-05 9.13977718373968e-05 1.31808588786079e-05 1.34163833369900e-03 -5.59795221005116e-04 -4.49718232799009e-05 -2.91922929384017e-04 2.09871296836807e-04 4.17128130034880e-05 5.81202067619300e-06 1.77006395591280e-06 4.18741763589912e-06 -1.26242268034379e-05 1.85416536607117e-05 -2.56150375708244e-06 1.36514013619678e-05 -1.40023832900804e-06 -1.78422456851505e-05 -5.07250308048430e-06 1.97211317710592e-06 7.90800825507982e-06 1.43703895010929e-06 2.64742999226674e-07 -5.18412608391923e-06 -1.20674630328955e-06 -7.32775636040135e-06 3.46727409573729e-05 3.11773064078950e-06 9.42426296629737e-05 3.52446221988778e-05 -1.86920477114281e-05 -1.73142482871825e-05 -3.71728130614673e-06 1.25336186149988e-03 6.16874664533461e-04 1.59923693015453e-04 -7.55731226849617e-06 -1.90194647986184e-05 -6.95123520525836e-06 -1.54888447468284e-05 -3.32500909094248e-06 4.61798245033181e-06 -1.99698692723229e-06 8.23042233073141e-06 -5.64012598522562e-05 -4.77556212841026e-06 8.49485830180971e-06 -1.00682862098182e-05 2.05340209837763e-05 -4.74852566435342e-06 3.63721009436366e-06 -1.51669558892855e-06 -5.46749561369841e-07 -1.03373321781910e-06 -7.68319886741550e-07 -1.40720576263000e-05 -2.44729567069791e-05 5.96108870735811e-06 -1.72256031631473e-04 1.25631877860201e-04 5.82142005468426e-05 3.51143733294782e-05 -5.73679611509143e-05 -3.35484709763914e-04 -3.52560665995827e-04 6.11841722076043e-04 7.99233137476923e-05 5.23044023813030e-05 -9.23408359898534e-05 -1.79862787280783e-05 -1.35113287189160e-05 2.50055640046474e-06 -2.47685805233469e-06 4.53271768298544e-06 -1.11080117339125e-05 -9.86667005944679e-06 -9.05341942960750e-07 3.55970722174755e-06 7.88898112833856e-06 -2.66101500590285e-06 2.15497884889765e-06 5.89557568425516e-06 6.84082866036506e-07 2.07450710148695e-06 4.35706268742118e-07 8.80998282918133e-06 1.08303283964301e-04 -8.46274892987512e-04 1.98554695850935e-04 -4.22358651205625e-06 -8.27449808538843e-06 1.28277244786194e-05 -1.21864416215183e-05 -1.90156621504483e-06 1.11663021182376e-05 -2.07385440504616e-06 3.70824465274251e-06 -2.93373651797350e-06 9.51423018584783e-07 1.40791552728573e-06 -1.79854452362809e-05 2.15516265753124e-04 -3.83626914336165e-05 -5.40055689796544e-06 9.87084600804221e-06 -1.70356135514640e-06 -1.58592624247179e-05 2.56944820334274e-05 -2.36836800279333e-06 -2.09332548463651e-06 3.24564045392356e-06 -2.65448804217551e-06 -3.83800020726037e-06 -2.52597260237715e-06 -1.69302017541924e-05 1.93356362246192e-04 -4.78418441189066e-05 -1.27759161338765e-05 8.30414118662765e-06 -4.18625674424006e-06 -2.65409412571728e-05 1.36012001824761e-05 -8.70618665801305e-06 3.35266754374548e-07 9.76950273158715e-07 -6.55257949656006e-07 9.03615311040018e-07 6.29561349213670e-06 -8.81281698659401e-05 6.10561135155131e-04 -1.88168798411124e-04 -3.69031430898691e-06 1.08349383988774e-05 -8.41710457840882e-06 -6.42557788174348e-06 1.24777818877108e-05 4.76163094490211e-06 -1.74246699419660e-06 -3.76080349648022e-06 1.80911280135218e-07 -6.20017928971931e-08 -1.64475261068637e-06 7.96581329726821e-06 1.48734204001457e-04 7.37054877280003e-06 -5.30897800714737e-06 -7.70670000461991e-06 6.34557998616841e-06 -2.79182104606354e-06 -2.37421781724234e-05 1.30667261142301e-05 -2.40780563299054e-06 -9.51083295659804e-07 -6.94417245668300e-07 2.20128587438292e-06 -4.16046723400277e-06 5.49131777814262e-05 -4.35558444593234e-04 6.91359651113949e-05 -3.98609073877999e-06 -7.65432647036217e-06 -1.01071230750885e-06 -9.25136981107019e-06 -1.07997005445926e-05 -2.40922756960664e-06 -2.48372962471607e-06 -1.07513499284787e-06 1.24316478850384e-06 -1.91957802491797e-06 2.15908811628451e-06
 -9.02036401323716e-06 1.70495824123215e-05 -2.69198729786679e-04 2.60896803220925e-05 4.25136429502650e-05 -2.48772843158159e-05 1.91612076021556e-05 5.57248790672756e-04 1.14027362400312e-04 7.08782813433998e-05 1.81047959669378e-05 1.26852299408679e-05 -2.98655763720735e-05 1.00236570258592e-05 1.13158198969843e-05 6.25967525071540e-06 -7.46302874256642e-06 -1.57346276322794e-05 4.52059165316530e-05 -4.35278564886251e-06 2.72611705346230e-05 -1.48561528918658e-05 -2.63214928063391e-05 -1.66542440646770e-05 -6.66259046146961e-06 7.15039597557077e-07 -2.88335394862709e-06 -1.35613524324040e-05 -3.32584945684635e-06 1.24093619634241e-05 2.82579829602879e-04 6.71686958994147e-06 2.12761245069855e-03 -8.90326342232901e-04 -2.45531920609771e-06 -5.14647282977740e-04 -1.23788260918668e-04 -5.91712504144418e-05 2.74615372754113e-03 1.72644414786015e-03 3.94333788066659e-05 -1.10670834365547e-03 -2.48549458704639e-04 8.85600806513249e-06 6.73105531686356e-05 -3.66930045842175e-05 3.61884349998969e-06 -8.20263874380226e-05 1.76436802496214e-05 9.40310039250250e-05 8.83243584130403e-06 2.20151373845790e-06 2.19558006812774e-05 -3.83877215565578e-05 3.07659818277302e-06 -3.40311009570873e-06 -1.49965537612234e-05 1.10983877143899e-06 -2.45166420798617e-05 -1.73048048992075e-06 -4.44661476203680e-04 -1.76050376756784e-05 1.62782858133937e-03 -4.13300436435428e-04 -1.08615507546601e-06 1.10753899889547e-04 -1.39865565923795e-05 5.14746753726883e-05 -3.56767580666410e-03 1.39533270773423e-03 4.31261639763996e-06 2.96858717947609e-04 -4.83215861587549e-06 8.04714464768262e-07 -8.14569085358188e-06 -3.62091638016523e-05 1.38437438491452e-08 -6.07483525730817e-05 4.01124200134634e-06 -2.66655228796824e-05 -7.74076323053768e-05 3.99603747410878e-07 -1.24170584559042e-04 3.02446440952835e-05 -1.51669558892855e-06 1.58237138827636e-05 8.78690155597870e-07 8.25766066566700e-07 -3.96374133508342e-06 9.26835140412259e-07 -1.02807781460774e-05 1.40961418362847e-05 -1.45628939095907e-04 1.46999364456642e-05 -6.11700407663144e-05 -4.00633373360212e-05 4.21028570928007e-05 -3.54635429765960e-04 3.30707853192866e-04 8.14989195726222e-06 -5.35794507022568e-05 -8.10355072912208e-06 -1.82142757119250e-06 -2.22908303773195e-06 1.76442757035216e-05 -3.93975469543070e-07 1.23197818951565e-05 -1.21194762238804e-05 -3.95990815755875e-05 7.08905826860137e-06 1.75298715361854e-05 2.65376792260875e-05 -2.31799303215811e-05 -1.26236949051557e-05 9.56089518363754e-06 -4.14021056354316e-06 -8.85598614810954e-06 9.56734284971990e-06 3.36664984224288e-06 -1.44062497970169e-05 -2.65174805934360e-05 -1.26255377543875e-04 2.88848719622436e-05 6.61578721499191e-06 -9.51638935129352e-07 2.33510530979936e-06 2.35639452030910e-05 -1.65235220062162e-05 3.01916172669699e-06 2.56523344934391e-07 2.89181831142191e-06 2.97536280195559e-06 -4.09930026362478e-06 -1.92084682126638e-06 5.29432458442440e-05 -8.11367780799789e-05 1.29094661954340e-04 1.14288171438147e-05 -5.92483410339560e-06 -7.32408769752381e-06 2.35001040385093e-05 -1.20995048553769e-05 1.12759384550063e-05 1.22260438626863e-06 -3.34573409720839e-06 1.33660585955782e-06 7.27067012677438e-06 4.47032859605271e-07 -1.44068726472683e-04 3.47585026482619e-04 -1.87884757106054e-04 -7.62127749107916e-06 -6.85929261517257e-06 1.20702233879390e-06 3.09341187635223e-05 1.84236984731395e-05 9.60463919215092e-06 -1.58356894628598e-06 6.61225190594708e-07 1.57980353356685e-06 -2.87994324075614e-06 1.15032655559371e-06 6.12198830218820e-06 -3.56551620332596e-04 8.76072151428428e-05 -3.83790867348159e-06 -3.21676823510404e-06 6.76789787288467e-06 -1.66685227080972e-05 -1.62335182704489e-05 7.76012132313811e-06 1.43665864789458e-06 3.54762550140397e-06 1.03250907904831e-06 4.44258201413025e-06 -1.17107313318403e-06 -1.55494572326943e-04 3.47729942823471e-04 -2.12789005936699e-04 1.08732880377982e-05 -4.07770600513648e-06 -2.04114218402749e-06 -2.69184539825871e-05 2.65726365068972e-05 1.18857299976389e-05 2.44090972580759e-06 5.75114223898659e-07 9.16912115205639e-07 2.55025569918316e-06 3.56119126557914e-06 4.65157820140504e-05 -1.00242640786648e-05 1.14818353131643e-04 -1.07027870771360e-05 -3.05129476204625e-06 -5.73679709052828e-06 -1.49313719952176e-05 -5.83154182761312e-06 1.49177946694219e-05 -1.29636200820484e-06 -2.21366039745240e-06 2.96397334481724e-06 -5.17192922449697e-06 -1.41537059802080e-06
 5.97107211210102e-06 -2.01703525660709e-06 1.65899302689308e-04 7.55421651590022e-05 1.61463901069061e-05 -2.92756341140530e-05 -1.08432403026338e-05 -7.43957546415841e-05 4.11733255566746e-04 -2.04646856523992e-04 3.46501092922695e-05 -1.36111358450556e-05 5.85615994086453e-05 -4.61732850135401e-06 -5.78963327715968e-06 -9.09521759678041e-06 9.67667602912141e-06 -3.05122739534596e-07 -2.84768846519456e-06 3.55999855709253e-07 -1.63561631872419e-06 3.27744173430438e-05 -4.67937140381761e-06 2.90416933357226e-07 7.59473292952055e-06 -4.79874273665480e-06 4.67188715733718e-06 2.09983823650664e-06 -4.77222002822588e-06 6.42933231375566e-06 8.44126787536500e-05 1.00381470974614e-06 7.05515516381039e-04 -2.77759326237372e-04 -1.79679571309729e-05 -1.67249903731087e-04 3.88721343263932e-05 2.28876995626462e-04 1.07914335075498e-03 -1.33049349945874e-03 -1.68491510607163e-04 -3.67089587392655e-04 9.97099062076025e-05 -2.58523968573943e-05 -3.26298078380972e-05 -2.41965034681243e-05 -2.80519156354511e-06 -3.23915261687512e-05 -3.60983902766338e-05 -8.25089474393982e-05 -2.27892747868710e-05 -5.75688746200839e-06 -1.04079049825915e-05 -1.64950590336081e-05 -5.35952649558332e-07 -1.05880068998851e-05 1.19777654420960e-05 5.10652425249765e-08 1.15468409249333e-05 6.77546862521237e-06 -1.41036449578806e-04 -5.04625767438253e-06 5.10102462407398e-04 -1.33811396221157e-04 1.67599879000258e-05 3.25939857215366e-05 3.10831859456505e-05 -5.97722514778188e-04 -8.30260927539051e-04 -1.82638946383109e-03 -2.44097334765052e-05 8.82323964228937e-05 6.11006577794876e-05 3.30633685804042e-06 2.68178748134288e-05 -4.86223051684327e-06 7.75446879579600e-07 -1.54370237061860e-05 3.93485174313524e-06 6.28859197745533e-05 -8.55712913161263e-06 9.48706956859886e-07 -2.89979557739330e-05 7.04185742724674e-06 -5.46749561369841e-07 8.78690155597870e-07 4.81648582974378e-06 -2.08355953265188e-06 1.24278633708779e-05 1.20174019856632e-06 -1.60212645868173e-05 1.20294143663520e-05 -2.70332830125776e-04 -7.72199491958123e-05 -1.40130859044213e-05 7.27200226032371e-06 2.44756393730830e-06 -3.65081759864751e-04 -1.40999510779752e-04 -3.06168991905567e-04 7.31527931416399e-06 -1.27096228539325e-05 6.72636702689178e-05 -5.11158174752533e-06 -5.50776072135922e-06 5.02414721114048e-06 -1.04273391596332e-05 -1.03755974461961e-05 -1.63853954393058e-05 -2.00556669292076e-08 1.52076810868340e-05 -3.03846353826516e-05 -1.14908190934176e-05 -8.17640036516271e-06 -8.24941288923318e-06 1.02804494373245e-06 5.13354704477186e-06 4.74835586323637e-06 -3.43072896272422e-06 -6.03732579289425e-06 6.71573900020350e-05 -2.72557661339846e-04 1.17125681656070e-04 4.12392370374076e-06 -5.13721555973783e-06 5.64498983579361e-06 -8.87914454603045e-07 -1.13708041451576e-06 -5.54787522177604e-06 1.26657957891148e-06 9.48399096150408e-07 7.79271519260806e-07 -1.25536769145297e-06 5.65084542552457e-07 -3.41376064393872e-05 -5.02725209858264e-05 -3.04647230110342e-05 -2.94531400198885e-06 5.98653275342025e-06 -8.84601980191798e-07 -3.67737389416542e-06 6.33784841432979e-06 -1.11242536871201e-05 -1.89377425918968e-06 8.70836063091623e-07 -1.14627366380880e-06 -5.31730708294292e-07 -2.30761609526517e-06 -6.30935481077941e-05 2.22182628916736e-04 -1.43693368187604e-04 -8.93411556525854e-06 -6.49932945169196e-07 -2.06381776618817e-06 -4.49098302391709e-07 1.07309502551391e-05 -1.37066605213568e-05 -4.25468856250655e-07 -6.34310928930821e-07 -9.34536275789529e-07 3.02545714130194e-06 3.51689085434975e-06 5.64156287500436e-05 -1.18046126144986e-04 1.06459848256253e-04 -7.85466448430084e-06 -8.71948637511080e-06 2.15697774923454e-06 -1.63810535262182e-05 -1.02490161827980e-05 -1.32966132691467e-05 -2.62618040088918e-06 1.37690782785878e-06 2.14414439572876e-06 3.40666833102394e-06 2.17830051924296e-06 -3.38859551516656e-05 4.44203892417271e-05 4.39997834035728e-06 -1.91480472064912e-06 -2.22222384322159e-06 -3.71780605317579e-06 -1.63717066610394e-05 6.90454465022845e-06 -1.26748064151551e-05 1.65505608920992e-06 -4.13012940840892e-07 1.42145319932208e-06 -3.01880857482503e-06 -1.87221706979825e-06 -5.88287056534790e-05 2.06579343361814e-04 -6.88905058546243e-05 -1.11483625456281e-06 2.96842387789244e-06 3.77454543359524e-06 -1.25248328505937e-05 -3.58942728502228e-06 -2.98303265681267e-06 9.82907696193641e-07 -3.61517647220646e-07 9.53772934600119e-07 -1.03252779310874e-06 -1.50608788805536e-06
 -4.12508825489462e-05 2.44007477728896e-05 -8.32590308543354e-04 -2.47059776287400e-04 -1.19781234848903e-05 6.68583504478481e-05 4.58840894445037e-05 7.56677645975623e-04 -1.06086038135301e-03 -4.33248006103287e-04 -7.53814237862159e-05 9.78102499424261e-06 3.98615582677460e-05 1.92954070570007e-05 4.72203889088833e-06 2.14276299400049e-05 3.73738458554619e-06 -1.31010186937187e-05 3.73368388716953e-05 -5.23391728161215e-06 1.33077870768435e-05 1.95978814839583e-06 -4.88591852311243e-07 -1.23609779086260e-05 2.02438087203816e-06 6.26919165192047e-06 1.87887533676736e-06 -6.05530405347012e-06 -8.77005040427933e-07 -4.32593688216320e-06 2.31553671040594e-05 1.15449552791678e-07 -5.37290170445066e-05 1.08144533814196e-05 8.89073936124066e-05 2.09376232169123e-05 -2.46340597783757e-05 -1.49121867368144e-03 -1.60157721225954e-04 4.92187661450255e-04 6.93037822088991e-04 4.87410312817139e-05 -7.87776493184149e-05 8.47785183369157e-05 6.69331998008897e-06 3.24923862738037e-06 7.92802149635780e-06 6.92587154251641e-06 1.05392329874283e-04 2.08644233567122e-05 7.05512096659855e-06 1.11734726438314e-05 7.63203517983974e-06 2.61541575590458e-06 2.84632498008341e-06 2.19324036422271e-06 -3.43180183252572e-06 4.86791870154052e-06 -1.59084651448523e-06 -1.92941637193014e-05 -6.21483934217410e-06 2.97810697250518e-07 -1.45387867350517e-05 1.94448852797959e-05 -5.02885433102919e-05 -5.58841468465996e-06 -3.82135421041931e-06 1.45099816532817e-03 7.18017612563513e-05 4.36905574628655e-04 1.16437274208713e-04 -9.02681253288805e-06 -2.29388501896077e-05 -9.71809710757812e-07 -7.07880562341265e-06 -3.32419119152946e-07 -3.00031022248996e-07 1.32724720683102e-06 1.22003633792964e-05 -1.82348432184312e-05 -1.96115721827396e-06 9.87109132261871e-07 2.15709432169454e-06 -5.25540502302058e-07 -1.03373321781910e-06 8.25766066566700e-07 -2.08355953265188e-06 4.81740013690588e-06 -3.11288517924332e-06 2.54061948925487e-06 4.87944820335653e-05 -2.97681959420343e-05 8.87034696652893e-04 2.53454249093931e-04 -8.95656411493459e-06 -7.68454261059299e-05 3.45205776268346e-06 8.06461025582437e-04 1.16016151544525e-03 6.84253948447268e-05 -6.83552401861726e-05 -2.26436263882164e-05 4.71035012274287e-06 1.83549942485448e-05 4.66453795484604e-06 -2.09104648951713e-05 4.06436864298326e-07 1.68882452066671e-05 3.69748226044237e-05 7.73176313140065e-07 -1.97858744876548e-05 6.47269525284086e-06 6.28937904075123e-06 1.40598062665896e-05 1.61933850518958e-06 -6.43519816477813e-06 -1.93955640963736e-06 -6.64247537176851e-06 1.13772114608788e-06 -2.00718130280324e-06 -2.89088114040168e-05 1.76378212295938e-04 -2.17884443328856e-05 7.44276618958588e-06 -7.95922386861795e-06 -9.36095299865972e-06 2.96666840247795e-05 -2.37149364531587e-05 -1.43539950948877e-05 3.04664437189570e-06 5.61976858128542e-07 4.50677638596403e-06 -2.74513121493678e-06 2.25578523430928e-06 -5.31562711734894e-05 6.30970594354232e-04 -9.14453009422955e-05 1.02453343639368e-05 -4.87634564487786e-06 9.51432459949575e-06 3.07353753687889e-05 -1.38676705795710e-05 1.52938156149557e-05 2.59578949379884e-06 -1.03491985681361e-06 3.62564663845891e-06 4.70948119743979e-06 2.18691576601523e-06 5.56025796779639e-05 -3.05606078050978e-04 2.78561106051998e-04 2.01903039632835e-05 -3.88091942184346e-06 -4.86369641030239e-06 2.66594627684728e-05 -1.05318016085287e-05 -6.64973054726502e-06 -2.15206179742251e-06 2.13137584262120e-06 2.36664463741150e-06 1.05510957987531e-06 -9.70059761435751e-06 3.69576401852766e-05 -4.66005921337290e-04 4.41904956596366e-05 1.04951965240810e-05 5.98759509608024e-06 9.52742659899211e-06 3.21006415345046e-05 1.58555556794975e-05 1.86766460808097e-05 3.96804548718916e-06 4.43319355347811e-07 -3.98434625458270e-06 -4.24846416822796e-06 -2.73286936356735e-06 -6.55647788780155e-05 3.73202539703530e-04 -2.88055164624424e-04 2.10803667891978e-05 4.12468120170416e-06 -1.23599270333180e-06 2.94448398977633e-05 1.03449988410841e-05 -3.58636253074312e-07 -2.52861575780241e-06 1.08587172647800e-07 -2.36701072047292e-06 -9.28939044527114e-07 9.72441767397500e-06 5.74026550978602e-05 -4.03297833984277e-04 7.02117888707868e-05 7.29053880167926e-06 7.07957322559811e-06 -1.00486034081358e-05 3.01809701869433e-05 2.47319787934550e-05 -1.21570054657339e-05 2.24640328748555e-06 1.83355591158912e-06 -4.74393305495060e-06 2.94146799320908e-06 -1.37057520107793e-06
 2.99557688195360e-06 1.19318636477153e-05 -2.81155779935960e-04 -1.21633816843038e-04 5.83389317525927e-05 1.09754732728192e-05 -1.64264207749835e-04 1.34943337686585e-04 -1.76375253294996e-04 2.35973227758698e-04 5.88337978496254e-05 2.41084442370243e-06 -6.45343129322335e-06 -1.61112079197045e-05 -5.03447844277133e-05 -1.31905940863599e-05 3.77453705647708e-05 -2.16760466194180e-05 8.64671441273452e-06 -1.07039492202092e-05 2.51322848249686e-06 9.34026300785505e-05 -1.63260526995152e-05 -4.86524140845192e-06 2.77056579524055e-05 -1.20756875835573e-05 1.41981374529339e-05 5.99209308993465e-06 -1.24710849297702e-05 1.60991033626828e-05 2.73191761093766e-05 1.05270827427018e-05 9.29620502275359e-04 -4.77288330404693e-04 -2.04754287749423e-05 -3.38827660064935e-04 1.66943266974294e-04 1.44283525535486e-04 2.39287636540461e-03 -4.38665136148342e-03 -1.73997844187841e-05 -7.45784453550681e-04 2.42019215636997e-04 1.14611535068219e-05 -1.57043603845072e-04 -5.84631067360590e-05 2.59001692303380e-06 -8.05900429741149e-05 -1.29537658577725e-05 -3.41690745918219e-04 -7.27587709922872e-05 -7.13124979685395e-06 -4.04087336112006e-05 -2.85913059339147e-05 1.56908535352820e-06 -3.12184398852758e-05 3.60902500665364e-05 -2.49748718846092e-06 5.56171983033390e-05 -5.43044128763679e-06 -2.17739542215564e-04 -9.06906680968119e-06 5.82389902087330e-04 -2.13198483058591e-04 -1.84885413324671e-05 5.61642832437384e-05 1.10456673963939e-04 6.88065088355898e-04 -1.30275314185061e-03 -6.72361439083372e-03 4.91047303174260e-05 1.29311752732537e-04 1.50657092704049e-04 -2.75553103422473e-06 8.71489123175187e-05 -9.04364947532489e-07 7.45218912928055e-07 -2.42951612303953e-05 -2.01801324177452e-05 2.08457676755093e-04 6.92051790187977e-06 -1.99889003015506e-07 -4.73037762982848e-05 1.14760756728922e-05 -7.68319886741550e-07 -3.96374133508342e-06 1.24278633708779e-05 -3.11288517924332e-06 4.21582209115129e-05 -4.79691428691106e-06 2.12241124296508e-05 1.33352069357699e-05 -2.26956186304922e-04 1.98566609407616e-04 -9.78922579720216e-06 4.79907220263387e-05 -1.57595812315251e-04 -3.30636257498296e-04 -2.76421681026640e-04 2.77179817551995e-04 1.22730449417495e-05 1.17942014692587e-04 4.24610362191947e-06 -8.67042415197846e-06 -5.26925244034381e-05 4.61134298859881e-06 -3.72140876112755e-05 -2.05939537583795e-05 -1.99584118041050e-05 -1.16833256877674e-05 3.12558659963309e-05 -8.42493032238673e-05 -2.09832376461154e-05 -1.31827569913627e-05 -2.86789184508607e-05 3.85918864352733e-06 1.70043211370587e-05 6.70822866350620e-06 -8.09985380155396e-06 -9.63533276458201e-06 6.94688981320611e-05 6.88371294504470e-04 1.06710929403906e-04 1.24599169576927e-05 -6.52927028959805e-06 -9.37913402603990e-07 4.12165895062436e-06 1.52367006498813e-05 -4.86583036388489e-05 5.62848344024379e-06 -2.63032458240580e-06 4.50264366643622e-06 -4.70706991427909e-06 1.30281153926894e-06 -8.54457630324513e-05 -5.89899857991876e-04 1.30225804200619e-05 -6.56978407377916e-06 -2.39635751267495e-06 -3.40657045149254e-06 1.34193325160410e-05 -3.66417899234176e-05 -4.10202917319119e-05 -5.98951770889618e-06 -5.22344975590935e-06 -1.90062065676153e-06 -1.38755443094885e-06 -3.41522096681036e-06 -3.26255535685425e-05 -1.89159419516798e-04 1.73208722030491e-05 4.19760664234800e-08 1.69495210682070e-06 2.10679674022937e-06 1.78946386705888e-05 2.63857223694701e-05 -2.09682309289980e-05 -5.00735334443740e-06 -4.46406111283528e-06 -1.03411933171022e-06 7.71696536250502e-06 1.12416923627848e-06 6.64615219008142e-05 7.48841937554220e-04 4.03004622213748e-05 -1.48615082592474e-05 -2.17234718112027e-06 -2.70261535199390e-06 -1.03876561516846e-05 2.16306555403202e-05 -4.79906907524135e-05 -7.93455907180599e-06 -4.06145426540119e-06 3.63138038061557e-06 6.45076148079640e-06 1.94618305935016e-06 -5.21871434555826e-05 -3.01452392180693e-06 -1.12053307532156e-04 -7.48299912710635e-07 -6.86607257182045e-06 9.96652366589141e-07 -2.72722751517228e-05 7.00071020331040e-06 -1.59279598025562e-05 1.27335934523430e-06 -4.93445895018785e-06 9.24968276087022e-07 -7.79530429509265e-06 -2.47378199098619e-06 -9.49688095604291e-05 -5.36006288108621e-04 -6.15373707763694e-05 4.62549950496109e-06 5.96215852843874e-07 6.85502156146699e-07 -1.93292934971316e-05 -3.33955463075595e-05 -3.88522760123869e-05 3.62129511031091e-06 -4.75175260642420e-06 -9.56832972157664e-07 6.92235757345801e-07 -3.00604184894277e-06
 1.29189985793974e-05 3.07446378391347e-05 -8.08976823671179e-04 1.26127467202657e-03 -3.11134487898723e-04 2.15175087288974e-04 4.44084662169022e-05 1.89664100975703e-03 -1.75713603810032e-03 -4.63000702996763e-04 -4.32068866663468e-04 5.40281385821007e-04 1.16307749601899e-04 8.00863557868569e-05 -2.30330419482014e-05 3.88059515953411e-05 1.95535380372328e-05 1.70110995603546e-05 7.80163082753205e-05 -2.20771638296472e-05 2.98488944220655e-05 2.89110269262976e-05 3.22063252596409e-05 -2.19122733293965e-05 1.94532883765383e-05 2.88101351861901e-05 1.42927224575780e-05 -1.10953608900099e-05 3.26687721803459e-06 -3.79433496548989e-05 2.44824967908377e-05 -3.27434534329524e-07 1.29440241889091e-04 -5.13960690903257e-05 4.20711185801654e-04 -1.71207573505969e-05 -1.82509726628291e-05 -6.63893576248829e-03 1.53321669058671e-04 8.50729104382768e-05 1.02227132624977e-03 -3.95024041077517e-05 -6.18257207171281e-05 -1.29418868851226e-04 -7.32860635673997e-06 -3.97909756569749e-06 -1.90747304387412e-05 -6.76888531788457e-06 -9.10912200317961e-05 -3.77567907658789e-05 -7.58871795465357e-06 -9.32141184825401e-06 -4.22761935318544e-06 -5.70029289904968e-06 -1.97146248432351e-05 -7.22818792733384e-07 -2.37972574474504e-06 3.37468611518757e-05 1.97264027955155e-06 7.49817402210807e-05 -3.03982291989212e-05 -8.71166836780992e-07 2.80966446846104e-05 -2.12311074090471e-05 1.78138638019338e-04 5.29058684418570e-06 -5.41670223208258e-06 -9.61198238542849e-03 -5.89392045005567e-05 1.14655178370162e-04 -1.03244318441920e-04 9.14766170463036e-06 3.04812127966667e-05 9.69422929254994e-05 1.31344097945927e-06 -1.23835979734547e-06 1.20623454392701e-05 2.05450730656509e-07 3.40571965944273e-04 -9.41714099731555e-06 -4.39639613486890e-06 4.21100099705056e-05 6.37828209697276e-07 -8.61429102138219e-07 -1.40720576263000e-05 9.26835140412259e-07 1.20174019856632e-06 2.54061948925487e-06 -4.79691428691106e-06 8.59012989784527e-05 3.78791091775702e-06 -3.29540754362489e-05 8.19544694379027e-04 -1.25586467676160e-03 -3.30731913901222e-04 -2.05253887269565e-04 -3.39661191456774e-05 1.95997205758361e-03 1.78876769603696e-03 1.85933173173693e-04 -4.61422501840741e-04 -5.34256375935510e-04 -4.55731821446846e-05 8.26092120974685e-05 -5.14391164903556e-06 -4.57086782832692e-05 -6.62803366901840e-08 -1.83524394539222e-05 7.80313595309082e-05 1.09443106596448e-05 -3.69209429126941e-05 -4.52357136945102e-06 -2.43433251527256e-05 2.36006079410122e-05 -2.01100813123900e-06 -3.17733105204675e-05 -5.99511090788175e-06 -1.57929085920320e-05 -4.86702078313623e-07 -3.84565467704515e-05 -1.12512003458965e-04 7.34543825757505e-04 -3.34559413159936e-04 1.59170693242279e-05 8.22116574399707e-06 -2.95009900050163e-05 2.87957786880520e-05 -5.23816435483428e-06 -1.21116612069655e-05 1.03980911070291e-05 -1.08125271730410e-05 8.45841961454086e-06 -3.54777217050239e-06 6.94661293771059e-07 -1.52731925647517e-04 7.42849440597449e-04 -3.93919814777021e-04 1.91775946867382e-05 4.07661221973920e-06 2.93106323309695e-05 3.38298556453792e-05 -1.22438579437707e-05 -4.52457043048246e-06 9.92272187175792e-06 3.55982681379092e-06 1.03248561758584e-05 8.59567912467486e-06 3.25833348259059e-06 -1.48233482767089e-05 3.50676055035702e-04 -1.98717547609002e-04 3.01585710591616e-05 -4.07901446265580e-05 -8.96473783490972e-06 5.98355348226077e-05 -9.07022913919371e-05 -2.22991796958514e-05 7.10108086075865e-06 2.47084756165995e-06 -6.73486566229429e-07 3.87887402892465e-06 -2.02341638563095e-05 1.50521690946387e-04 -5.81151058594165e-04 3.59030023191719e-04 1.88048914848315e-05 -8.22567121152571e-06 2.64170616231415e-05 3.32998212451893e-05 1.90882509442247e-05 -8.43807306860121e-06 1.17581700796291e-05 7.24057798066912e-06 -7.15441848072603e-06 -5.47745186462565e-06 -2.10816883962951e-06 -1.65047860396943e-05 -3.31649849774940e-04 1.76758595081102e-04 3.16833510035142e-05 4.16972225927109e-05 3.67617168173848e-06 5.37380313992309e-05 9.85706692311683e-05 4.98523492238973e-06 9.43518020690376e-06 -3.86274000666428e-06 -4.06521077914118e-08 -1.74512393881333e-06 1.91902521636633e-05 1.34087726634823e-04 -9.38283509947112e-04 3.90806130785914e-04 1.50126991219492e-05 -4.30825969759981e-06 -3.39086112125698e-05 3.07000382914388e-05 2.97839431519138e-06 -1.40020438757966e-05 9.86738237296958e-06 -7.43951168444933e-06 -1.28998228853361e-05 5.32023135677119e-06 -2.12840904955928e-06
 2.04039155859134e-04 1.20096778518577e-04 -2.35110184926259e-03 2.18515353069101e-04 1.54598270858488e-03 -7.34076552010285e-04 -2.10209608122209e-04 3.52668503699438e-03 -8.68369624988086e-04 -4.59644403756532e-04 -1.45156485266693e-04 2.06855725725305e-04 5.62881945872518e-05 1.29662392798282e-04 -4.37842510572066e-05 1.33472380826398e-04 4.12178149768673e-05 -1.56653798289816e-05 -5.68967937154880e-04 3.81944951066374e-04 -7.80513111117898e-05 1.59330356871671e-04 -2.57899610285097e-03 4.11459871666893e-05 -5.32913835223729e-05 -8.24621918301484e-05 -2.41591774951740e-05 -2.58373788414297e-05 -5.09108279372502e-05 2.67703598800804e-04 -6.66237910776538e-04 1.25987220499774e-03 -7.69838225120354e-03 -6.78112004946387e-03 4.51551567310493e-03 2.67770720078774e-03 -9.33952555002239e-05 -2.25083373672819e-03 7.14405558843313e-04 2.49478510386953e-04 5.89913045981170e-03 2.08674460118952e-03 -2.82814181336348e-04 2.51024443716325e-04 -9.27693635495188e-05 2.16862014627788e-04 5.53275749318353e-05 1.53610132289859e-04 -4.38524021797247e-03 6.51966550239296e-04 1.03801930514092e-03 -4.19163532926308e-05 -3.56992978383824e-03 1.05894641514532e-03 -6.28369882547274e-05 -5.36762868220075e-04 -1.98486162820429e-05 -6.28558995865275e-04 -2.46527602947627e-05 -1.20424611130730e-04 -1.60606618953340e-04 4.28654660172888e-04 -2.82936834616019e-03 -4.44210514770985e-04 1.05238918920360e-03 7.15158593898904e-04 -7.45125802475680e-06 5.97047525285944e-03 6.49440547077536e-04 -5.49796631882061e-04 7.46652884441319e-04 4.03713879058795e-04 -2.44418144733731e-05 6.19105918284767e-05 -9.16191077738606e-06 3.27493903621358e-05 1.66964902183383e-05 -3.15944654227146e-05 -7.26180711912618e-04 5.46347670274041e-05 7.56737881099975e-06 -1.07031114241305e-04 1.50407812782138e-04 1.00062860923411e-04 -2.44729567069791e-05 -1.02807781460774e-05 -1.60212645868173e-05 4.87944820335653e-05 2.12241124296508e-05 3.78791091775702e-06 2.00901807937700e+00 6.32669896245874e-03 2.25157562327160e-02 2.16253172126705e-02 -3.38536200880476e-03 4.10513316750980e-04 3.26023920666452e-04 1.96153348651285e-03 1.81709470643222e-03 -2.28653962629349e-05 2.53673512031100e-04 3.85674841849266e-04 1.61869934363717e-05 -2.63785108572199e-04 1.61660178069508e-04 -4.07138449896331e-04 -6.75695334665511e-05 -9.90804875866624e-05 -4.37642762492283e-04 7.91416321496768e-05 1.77799025645264e-04 3.62152756607822e-06 -5.44218355170742e-04 1.10151284042577e-03 -1.45264682244268e-04 -5.42120757714325e-04 -1.06271794582586e-04 -2.90914323627141e-04 1.81193081244813e-05 1.08939800610643e-04 -2.01184629003292e-03 3.65542123858298e-04 2.50186941832914e-04 -1.76054865403727e-05 2.62594003836811e-06 9.90720314157775e-06 2.76354451341366e-04 -2.67001838390423e-04 9.73533290090132e-04 4.82388379243188e-05 5.34092623864444e-05 -1.60432181792316e-04 -2.79530941222782e-05 3.04466214282525e-05 -1.93944614073467e-03 3.77053996659534e-04 2.71823475702050e-04 -1.77487629896958e-05 7.33286720097950e-06 -4.57390341047042e-06 8.11700874371707e-05 5.43846678231192e-06 -1.00350516408161e-03 4.19544429570215e-05 1.03812059326019e-05 -1.67689488517050e-04 -2.20359416964575e-05 2.62996544682067e-05 4.22522376760860e-04 1.52410353193557e-03 -7.10930801274391e-04 3.36467316019229e-05 4.09044130182085e-05 1.07446466471657e-06 2.25905281151594e-04 -7.10134563560322e-04 -1.12304118751981e-04 -5.40951236672218e-06 7.40707692407155e-06 -1.82137639782129e-05 -1.90969278051115e-06 -1.25227229248300e-05 -1.30522431159746e-02 -6.94755557342331e-04 -4.65562789993451e-03 3.70458348130082e-05 6.65997077068526e-05 4.77120000149213e-06 4.36889695491636e-04 -4.48391212957154e-03 4.92842101535245e-03 7.52207765442389e-05 1.18267379756681e-03 -5.17644596773418e-04 -5.18704181120988e-05 5.52788806062161e-04 -1.54793281363386e-02 1.20230570206469e-03 -5.17213326715576e-03 -1.41124575855974e-04 1.36038542932785e-04 2.83783541315050e-05 -6.08535259662703e-03 4.99747709669120e-03 1.18746522013660e-03 1.54053279145394e-03 -2.56978544750996e-04 7.97409753246934e-04 3.68611594159323e-04 -4.52629109524670e-04 -1.32035659765182e-02 -5.97880882534578e-04 -4.70174419605209e-03 3.60327935298159e-05 5.38046388697534e-05 -1.46793598423878e-05 -6.13528104810358e-04 -3.20403968941191e-03 -5.91726655161895e-03 -1.03448301217198e-04 -1.00106770083762e-03 -9.77706474863054e-04 -2.72923904044195e-04 2.85904102502655e-04
 1.01073251743192e-04 -7.97745985178451e-05 3.54366897910338e-03 1.26574167974824e-03 2.23448508108091e-04 1.24797950697560e-04 -1.49390902174213e-05 -3.61588470110417e-03 1.84715945769082e-03 6.34205545538642e-04 4.28101505183456e-04 3.91296460546487e-04 7.58530446552768e-06 -1.22972990686491e-04 1.67908644206115e-05 -1.30916466923925e-05 -1.54712690835489e-05 -3.44580284485839e-05 -1.87829332375522e-04 2.98227186865820e-05 3.36665901763087e-05 -7.65424565681418e-07 -9.44679026257679e-05 7.21266628611542e-05 -2.62690832655993e-05 -3.09014459866224e-05 -8.94589530875371e-06 1.82633621472762e-06 -4.03891365567093e-06 8.54806814611328e-05 7.61753685564336e-04 1.20228880552145e-04 -5.60921254778711e-03 2.31254363171987e-03 -1.40121444756612e-03 -1.51139919465875e-03 -3.70953785611567e-05 1.20232559402696e-02 8.72666322451522e-03 -8.83656895861837e-05 -4.85939221732124e-03 -3.11795663270910e-03 6.41912927283779e-05 -5.94322202355729e-04 7.03568691234134e-05 1.04699555815445e-04 -2.89568847721665e-05 -2.87701039782958e-04 -5.65679282656802e-04 3.03145787009582e-05 4.30822247007855e-05 -6.62771241983921e-05 -5.10910044278732e-05 3.71121148611100e-05 -1.30256263806871e-05 -1.42126311843703e-05 -9.92934520144408e-06 1.24082471555798e-05 8.55853759473022e-07 4.57677098196423e-05 -2.00576586845587e-04 -1.99796215846602e-05 4.52818641739533e-03 -5.09317469973982e-04 2.37372818493843e-04 8.38096768893039e-06 -2.05019637573755e-05 -6.58724836047221e-03 -4.44072708974831e-03 -3.14038475150897e-06 -6.53010150746924e-04 4.00638620034387e-04 1.23425097390281e-04 -1.66952420334705e-05 2.37303721334018e-05 -4.35304366402486e-05 -1.24424356790795e-06 -8.35898067658023e-05 -1.21000174236574e-04 5.12794217241481e-05 -6.32019467238667e-05 -7.09018769639674e-06 -2.14028312498231e-04 6.41130934724907e-05 5.96108870735811e-06 1.40961418362847e-05 1.20294143663520e-05 -2.97681959420343e-05 1.33352069357699e-05 -3.29540754362489e-05 6.32669896245874e-03 1.34363791920093e-03 -4.18119456830439e-02 6.05901527382767e-03 -8.13219393727762e-04 -2.73320913219111e-04 3.46304486332099e-05 -1.34869766096805e-03 -1.49487515726254e-03 4.16068028160884e-05 -3.22263353044315e-04 -4.06048361727954e-04 -4.45337318966405e-05 -2.57964224238914e-05 -8.71455118768237e-06 4.07290472637564e-05 -9.38077040568230e-08 -2.71353829885170e-05 -3.68104786873161e-04 2.11102603212843e-05 8.62568036785724e-05 -3.12915391769504e-05 -6.69545103845045e-05 -3.19806863756584e-04 6.68567185287864e-05 2.71236185119477e-04 6.51813291973916e-05 1.10815175620977e-04 2.04191842485712e-05 -3.31710016349522e-05 2.06051851956050e-05 2.08093704523022e-04 -2.71205374097111e-04 -2.83027517636912e-05 3.14675375255082e-05 2.28759103036497e-06 -1.27457744848583e-04 3.68012723896139e-05 -8.57253158609993e-06 -1.70878160838786e-05 -4.97530249115135e-06 2.51415675269063e-06 1.09758675276758e-05 -1.90436876134240e-05 2.84722552129479e-05 9.74278830376320e-05 -2.41062064932428e-04 -2.73905707936736e-05 2.77820365848352e-05 9.20633416794967e-06 -1.17179558262587e-04 3.52253701591713e-05 3.59069110026233e-05 -1.22821832586540e-05 1.01998611246256e-05 8.50776317563465e-06 -9.87999430207793e-06 -2.01250422777248e-05 -1.47292886134262e-04 -1.21263373144111e-03 -8.42611533805144e-04 -5.81741040543337e-05 3.14894978057583e-05 1.09401400440703e-05 9.19915910716819e-06 1.35618153447958e-04 1.21607813759302e-05 -1.46786709177172e-05 -6.66776740403859e-06 4.83992228555276e-06 -6.15342436923412e-06 5.05750207249247e-05 3.36185881738548e-03 -1.57564750460212e-02 5.71319299305921e-03 -2.36693066019406e-05 -3.12594774664879e-04 3.01645251445145e-04 -1.48175947712323e-04 -2.61770792707292e-04 1.38315296479511e-04 -2.23489795017621e-05 6.14259401382267e-05 -2.25458506091766e-06 1.86073814408553e-05 2.62118455451065e-05 3.38845836695042e-03 -1.67838210827488e-02 6.35472864811627e-03 -3.84832214976709e-04 2.41456310629884e-04 6.69988681981099e-05 -2.69600409441964e-04 2.33067396415350e-04 6.01631394438536e-05 5.74060393401983e-05 -6.79188685935941e-06 3.70480249889466e-05 1.87246543848661e-05 -5.10441227013716e-05 3.38043656114209e-03 -1.59229873449676e-02 5.72921003745668e-03 -8.60090578317914e-05 -2.33227666117936e-04 -3.58913785489147e-04 -1.84114861906849e-04 -2.29044768443267e-04 -1.61731763729984e-04 -3.32783274180932e-05 -5.54102227056541e-05 -1.66238360959644e-05 -3.19864367581518e-05 6.70417184349982e-06
 -2.17348496670439e-03 3.00238282142559e-03 -1.16762135642930e-01 -3.41747847482257e-02 -8.13632027912092e-03 -6.94838487955211e-03 -1.54306648736348e-05 1.51163039520355e-01 -3.11808792351145e-02 -1.86120852759308e-02 -1.91285956000609e-02 -1.44154672533370e-02 -1.46269058239008e-04 4.56659399413285e-03 -5.28691479337338e-04 1.65119716136156e-04 6.01861591114513e-04 5.42966782799347e-04 7.42285857601496e-03 -9.15921974291811e-04 -4.79359751148294e-04 4.71964387553676e-04 1.06920665996514e-03 -2.74237450858135e-03 8.52150747561161e-04 8.72198627708169e-04 3.10086566663496e-04 -3.43620025749087e-04 -8.62325279356501e-05 -2.06481876633769e-03 -7.48617041752403e-03 -2.92592934097849e-03 1.74358143654734e-01 -8.60581745205260e-02 4.39364022046899e-02 3.51393626178947e-02 -2.86903499420617e-04 -3.53344310825270e-01 -1.83290564887591e-01 1.09565939617570e-02 1.45407716986361e-01 7.11099862297459e-02 -4.80788564059594e-03 1.86687986820900e-02 -1.81445222219909e-03 -4.05763204725560e-03 1.01858816284229e-03 6.53863371481297e-03 1.68443545309641e-02 -8.42211107823436e-04 -1.63868060294862e-03 1.96350177755843e-03 2.63794190870296e-04 -1.58059015566697e-03 3.98046997488727e-04 -2.01715122471351e-04 1.65651616708905e-04 -6.35054022355809e-04 -2.42316737494260e-04 -1.25627230221972e-03 -8.52470100841991e-04 5.94225723218746e-04 -5.65824089381300e-02 6.18165899188646e-03 -7.25899119474916e-03 1.61608318735186e-03 9.12323999796610e-04 2.18051040821177e-01 8.21517072254454e-02 -1.07725982167971e-02 2.00889847423089e-02 -4.48120710633580e-03 -2.79503993776284e-03 3.47315571457018e-04 -3.88210022304923e-04 7.04495847152906e-04 2.27101884927537e-05 1.34644503416126e-03 2.76323162062767e-03 -9.44111242912056e-04 6.68984432383212e-04 3.27203983062536e-05 4.96084953146009e-03 -1.37796181911134e-03 -1.72256031631473e-04 -1.45628939095907e-04 -2.70332830125776e-04 8.87034696652893e-04 -2.26956186304922e-04 8.19544694379027e-04 2.25157562327160e-02 -4.18119456830439e-02 1.34002095901699e+00 -1.90182938162943e-01 2.79440009011156e-02 1.12887641516706e-02 -1.36252281136641e-03 -1.04549771297424e-02 2.12394444856164e-02 3.57675825126988e-03 1.87844653124516e-02 1.66754323678674e-02 4.73927496049707e-04 -4.07251798810664e-04 2.86152414164496e-04 -5.36460179412704e-04 6.95367558532708e-05 -2.70319923959968e-04 9.39102996800394e-03 -5.91548486664076e-04 -1.40911353543663e-03 1.10012479107707e-03 3.58302404965333e-04 9.72815370415340e-03 -2.12393260628522e-03 -8.72646948091004e-03 -2.21051400946948e-03 -3.09659815868199e-03 -6.30277515247738e-04 6.50327964731073e-04 5.01415190964258e-04 -1.99307375153756e-02 1.35642348361664e-02 1.40465760152600e-03 -1.10637085232995e-03 2.59353216193131e-04 5.23034093805362e-03 -1.24349124979268e-03 6.65949440694209e-04 6.87026050662276e-04 2.65077506942828e-04 -6.89225060781300e-05 -5.96840572864211e-04 5.37486278089703e-04 3.75873896038681e-04 -1.91292478368493e-02 1.31573966277431e-02 1.30272754309315e-03 -9.20416265877964e-04 -7.50675529289815e-04 4.79187007029941e-03 -1.13182160117057e-03 -1.83285692729378e-03 4.32490280639487e-04 -4.22643793908019e-04 -3.89285573910353e-04 5.71213900193297e-04 5.85171304798750e-04 -3.57548862297273e-03 8.10394747816910e-02 1.22160357666052e-02 9.95469500122264e-04 -1.45908558986977e-03 -3.12171832580203e-04 -2.19259838569289e-04 -4.28357224653560e-03 -3.92899917256783e-04 5.86377531664084e-04 2.00565773368021e-04 -2.51481820901252e-04 1.91664960391768e-04 -1.46853472700544e-03 -1.13121973228206e-01 5.28689289328346e-01 -1.88825517282624e-01 6.24984400580020e-05 1.01032455615932e-02 -1.00916378582540e-02 3.10295705326737e-03 7.52003830310316e-03 -4.25079076708261e-03 5.25860639153857e-04 -1.86252860913902e-03 1.71037018378268e-04 -2.60483089773880e-04 -7.83111818093172e-04 -1.17036412914059e-01 5.63343878007674e-01 -2.11632765541373e-01 1.24381590250973e-02 -8.48453401247555e-03 -2.22246948687145e-03 6.51058954641816e-03 -7.35503743327914e-03 -1.61743523859998e-03 -1.69135728287914e-03 1.97397975190193e-04 -1.07974142910455e-03 -5.33518693316619e-04 1.38438018449886e-03 -1.13158412977862e-01 5.28433626064786e-01 -1.88395797276142e-01 2.14645388799737e-03 7.36530311811195e-03 1.19938725766344e-02 4.18613933691297e-03 6.30450982606267e-03 5.05297815742497e-03 9.20401826288328e-04 1.60788307541478e-03 6.92098465233298e-04 7.00609782183852e-04 -2.33879293733483e-04
 9.54721914441595e-04 1.25275333806763e-03 -3.76004885742752e-02 -4.16084311147567e-02 -4.40664346445001e-04 4.20849361891606e-03 1.54596036702531e-03 8.74222413962605e-02 -7.41608430641921e-02 -2.40750289235169e-02 -7.98403438597772e-03 -4.59525986657383e-03 1.28160449239414e-03 1.31568750441221e-03 3.96912897763471e-06 1.37233580465864e-03 5.89773914441207e-04 -2.22287966771937e-03 3.18006112558014e-03 -4.29819499609786e-04 1.24778146032488e-03 7.90264301125343e-04 -1.69238331750667e-03 -6.53692068010377e-04 5.71268679578558e-05 -1.26112371779297e-04 4.33212747922472e-05 -4.76574199657315e-04 -3.12798307365654e-04 6.99081888918792e-04 -7.65852261277180e-04 1.46496103260162e-03 -9.40381502610058e-02 2.44659088220782e-02 -5.01247379650979e-03 -7.29794350860641e-03 -5.46400669425478e-04 2.74760646345851e-03 5.60365862045478e-02 8.73643554559100e-03 2.99303471632464e-02 -1.56324513971966e-02 -4.67452824477307e-03 8.22747831553306e-03 -7.43203761710640e-04 1.24018853159523e-03 1.34521126942783e-03 -1.45920851235378e-03 1.00926351221552e-02 -8.75282613028172e-04 7.74546667849935e-04 1.28548471072832e-03 -2.23443993483549e-04 1.13749250554867e-03 2.55044206783173e-04 -2.44723009619319e-04 -1.20326479909690e-04 1.46245594345398e-04 4.70232610626521e-04 -2.42226292924151e-03 -3.76907181674726e-04 9.11242357115750e-05 3.00870383705333e-02 1.68937808760757e-03 -6.71293011568193e-03 -1.29625195134441e-03 5.16682001193393e-04 2.67650213856803e-01 -9.60905241717602e-04 -2.13272447519052e-02 1.11865123253004e-02 -2.55866133026081e-05 -1.14331606239321e-03 -1.65770480235400e-03 1.32776310274235e-04 -3.39188353482607e-05 -2.11255983920127e-04 -1.35428152161118e-04 -4.84549196348238e-03 3.40043396513668e-04 1.75176016035331e-04 -5.63811137216271e-04 -3.13014430384282e-04 2.65215220682217e-04 1.25631877860201e-04 1.46999364456642e-05 -7.72199491958123e-05 2.53454249093931e-04 1.98566609407616e-04 -1.25586467676160e-03 2.16253172126705e-02 6.05901527382767e-03 -1.90182938162943e-01 9.25946483309737e-02 -1.74699016395832e-03 -3.08875775405292e-03 -3.84387765335792e-05 5.89898327661990e-02 5.63778354133459e-02 1.59193317182243e-03 -4.99371807038893e-04 8.83412782881470e-03 1.26327499301458e-03 9.39771928128838e-04 -1.18290112334306e-04 -5.44369726219297e-04 -8.99227011113141e-05 1.20007943639711e-03 7.96506464344651e-04 -2.81639017629428e-05 -4.40030171228240e-04 -3.25995459982129e-05 -3.64503691329532e-04 -9.68093226673379e-04 3.37335467876809e-04 1.61069291579090e-03 4.78792350241419e-04 2.70146960877173e-04 2.12094200439673e-04 -1.87582829529927e-05 -4.50980412814727e-03 3.60893126635334e-02 -3.44029800430502e-03 1.00307181288909e-03 -4.42926007191210e-04 -8.51750845216717e-04 3.34488246412873e-03 -1.69080971978302e-03 -1.90425003630771e-03 3.14501040585169e-04 8.39910204533075e-05 4.26797101418154e-04 -4.10299448015556e-04 6.93051920892648e-05 -5.23089762558525e-03 4.71298876070643e-02 -5.37712198797636e-03 1.12250560243504e-03 -4.44653604500160e-04 6.30434833475171e-04 3.57144535403535e-03 -1.69744697334895e-03 1.17909737920723e-03 1.33238933209471e-04 -2.20018600382427e-04 2.26875379566152e-04 5.41565794308030e-04 7.85963170032580e-05 -3.74240470480840e-03 1.19859128788933e-02 1.37098564973913e-02 7.41146625632631e-04 -5.33241855704281e-04 -2.15981204118686e-04 1.80941678449616e-03 -4.33938586835412e-05 -3.34071631408738e-04 -2.15392366230599e-04 9.46433532572458e-05 1.32726759305000e-04 8.06251566242218e-05 -5.47081652362657e-04 2.20915957459766e-02 -1.18034682020107e-01 3.20102141592890e-02 6.81531718965077e-04 -1.24245811056445e-03 2.12589154519841e-03 2.27573320660892e-03 2.30264000871355e-05 2.04274899781831e-03 4.22766706372034e-05 1.97060770352014e-04 -2.13644598342165e-04 -2.17933742334166e-04 -9.93840064187839e-05 1.98132531362532e-02 -9.67337444641665e-02 1.41758972757552e-02 -1.15983209717023e-03 1.53834085243721e-03 3.08259733712432e-04 8.61651607504913e-05 1.13035697880017e-03 1.02286201225797e-04 1.53965719512970e-05 -2.51498969556136e-05 2.93598637797421e-05 -2.23265396825965e-05 3.40143079566781e-04 2.24985414446577e-02 -1.18042605583853e-01 3.25851032776138e-02 2.51194366126284e-04 -7.00914374145951e-04 -2.46209943004361e-03 1.81847275167999e-03 6.99413341573976e-04 -2.18510511954226e-03 -5.64791638934237e-05 -3.62118754863315e-05 -3.25869616014295e-04 1.31232294333318e-04 -1.10617878054482e-04
 -1.36882060944315e-03 -1.91646451086246e-04 8.47049433527715e-03 4.09976184689779e-04 6.78336871236853e-04 6.29097840415786e-04 2.29326641639458e-04 -9.92057500118571e-03 -3.66978198752751e-04 3.08784507710665e-04 -1.10061155747812e-03 -1.76599233274550e-04 4.35485172658282e-04 -4.80566005352817e-04 7.15697483678392e-05 1.50185684439487e-04 6.88525214053167e-06 -3.61708314098725e-04 -7.76457414645094e-04 2.08416653897905e-04 -9.01377104238103e-05 4.31424262067757e-05 -1.12604300850869e-03 1.82261951538680e-04 -1.12237394861135e-04 -1.15673618124276e-04 -3.61098345996131e-05 3.74887873194087e-05 -4.08628260720332e-05 3.39919916561530e-04 -1.03038941289460e-03 5.77618066180832e-04 -4.59595048674317e-02 8.25125300832002e-03 -2.12725995794142e-03 2.39908378365467e-03 4.73917072155401e-04 3.89173460922823e-02 1.76460966787725e-03 -4.15262017763321e-03 -6.62258410543602e-03 1.93624282145826e-03 1.28585589694884e-03 -5.63424336078867e-04 -5.23395212981810e-05 6.04196053236656e-04 5.89139357909184e-05 8.04930323323823e-04 -9.85497748299753e-04 1.69652535889426e-04 6.23157642148329e-04 5.72301641370391e-05 1.86957215525167e-04 7.19653735005372e-04 2.84781382100786e-05 -1.47452241594395e-04 3.91300808055269e-05 -2.55714324787233e-04 9.42634928090424e-05 -7.24131293017193e-04 1.24957617814678e-03 1.38783654853190e-04 -8.18629351205572e-03 3.77071911443495e-03 -6.10169793787478e-04 -7.62132978596896e-04 -6.50358830938361e-05 2.90646259257852e-02 2.06282837336480e-02 2.17609612233862e-03 -5.83742169691421e-04 -2.08264288590593e-03 -1.16800267966662e-04 -3.84923355669031e-04 -5.97892665315594e-05 1.82193072138161e-04 -4.80624003350137e-05 3.24611159212333e-04 -1.16965051431374e-03 -1.26356565229196e-04 3.53157007497680e-04 -1.68550193144988e-04 1.03120211576161e-03 -1.65191489034292e-04 5.82142005468426e-05 -6.11700407663144e-05 -1.40130859044213e-05 -8.95656411493459e-06 -9.78922579720216e-06 -3.30731913901222e-04 -3.38536200880476e-03 -8.13219393727762e-04 2.79440009011156e-02 -1.74699016395832e-03 7.84067398691116e-03 -1.33590223486326e-03 2.91638625776371e-04 -7.30393703477548e-02 1.60421056023213e-02 -1.10838495993039e-03 1.20021070755957e-02 -1.19933803273034e-03 3.88905116430519e-04 -1.93717611299588e-03 4.47124239608571e-04 -1.01915429647469e-04 -2.60780503937654e-04 1.13951794522119e-04 -1.65615922296882e-03 2.38430249665786e-04 4.25642506312149e-05 -2.51699280779970e-04 -5.11176030865172e-04 -8.36163211223191e-05 -3.84729899269056e-05 -2.89954770652115e-05 -2.19388351663029e-05 1.34019761815907e-04 -3.47241053342793e-05 8.55230626950743e-05 -6.93495962026114e-04 4.11953479001653e-03 -1.37323885039885e-03 -8.98174016272812e-05 4.24738323025636e-05 -6.01290285410838e-05 -1.12416047474975e-04 1.72540880606905e-04 1.11031228220951e-04 -5.22037574155592e-05 -8.31356695876748e-06 -2.16534080998693e-05 2.46682170686403e-05 -5.68707237544743e-05 -4.64516413411005e-04 5.19068156957265e-03 -1.21554445108822e-03 -8.58524689597351e-05 3.00909656149801e-05 9.07524336273679e-05 -1.73826770470604e-04 3.43507596345972e-04 9.36282440318732e-05 -3.52989527624196e-05 5.47082833084864e-05 -2.51141483434836e-06 -2.07617138680200e-05 -5.25873773094005e-05 9.54930149681659e-04 -8.45817354497333e-03 9.87643408295084e-04 -1.29344804833109e-04 1.71173359436651e-04 3.44216516438464e-05 -2.35241154224728e-04 1.86394967436549e-04 2.33112071259838e-05 1.47330675329594e-07 -1.43688573460982e-05 8.10117944672788e-06 -7.83757038185638e-06 9.53628417848946e-05 -1.66042146673543e-03 -3.42309817044345e-03 -1.27742638642755e-03 -7.45188823149103e-04 1.54508565891010e-04 -2.62656359702117e-06 -1.84629075840050e-03 -2.55468010414689e-05 5.99377870099605e-04 -2.60629630123495e-04 2.90413660669960e-05 -4.75568512116879e-05 2.61142052373600e-04 3.63134950431206e-05 -1.25766519348875e-02 8.41844100234264e-02 -2.12409603250570e-02 9.02034232282309e-04 -1.26552422902061e-03 -3.47373189758791e-04 3.57270628341281e-04 -1.77013803218298e-03 -4.59347542107365e-04 -3.46851214640785e-04 1.05217802650332e-04 -1.39884321276235e-04 -7.69529287977770e-05 -1.31494094736644e-04 -3.29239144678884e-03 1.37546646328555e-02 -4.98874819820289e-03 -6.88800502664122e-04 3.73026467340383e-04 3.65437189268062e-04 -1.81755076836281e-03 6.19940093982338e-04 3.48351336104296e-05 -1.83172476007476e-04 1.09195860209220e-04 6.79408542111322e-05 -2.98445896615782e-04 -6.37583668515730e-05
 -5.33284779171462e-04 1.35827402990873e-04 -7.86451713695517e-03 4.68168635313950e-03 -8.08521316767973e-04 -1.69619633673629e-03 -4.27727133948207e-04 9.62382628741907e-03 1.02448090380555e-02 9.33007853753408e-04 -1.60102020192834e-03 9.84511740419209e-04 -5.63240235580054e-05 2.10206908774081e-04 -1.14954663576075e-05 -1.33858703733830e-04 1.17506055742633e-05 -4.98078041940598e-05 8.37554461003482e-04 -2.74856789724719e-05 1.62688051070326e-04 5.59057090559524e-05 -7.68632518579324e-05 -1.79362758273591e-04 5.20128881842953e-05 -5.79349467253361e-06 -1.37492274553534e-05 1.65455726375467e-05 -9.84022441014966e-06 -2.48559580448559e-05 -1.36335635375827e-03 5.05266012458384e-04 -2.64524301378938e-02 1.42048249657585e-03 4.05410076545465e-05 -1.70285827852162e-03 -8.67973133923072e-05 2.06994305823479e-02 1.49423966913682e-02 -6.87275172134712e-04 -9.52840350933828e-03 -2.39681321012988e-03 1.96567356457036e-04 1.00120697261022e-04 -1.31561883866081e-04 3.21283692403991e-04 7.15015716558562e-05 -1.20198266196951e-03 -3.85342083581442e-04 -2.97986199085818e-04 1.99445822730163e-04 -1.40503341342843e-04 -7.05864002108338e-04 3.20907038930578e-04 -8.25478784902577e-05 -1.31658397596339e-04 -2.29503365971126e-05 -1.48682006580840e-04 -1.55258671116015e-05 7.14271725273989e-04 3.62289959807387e-04 8.84055322297987e-05 5.55056350894393e-04 4.88806696578729e-04 4.64541852214164e-04 6.41865704780224e-05 2.51179854048256e-05 1.99593742056660e-03 -7.31027549246241e-03 -5.88210021692657e-03 -8.46856275182696e-04 -6.12266348015135e-04 -6.22659345114522e-05 -1.54172787205686e-04 7.06946230100975e-05 -2.52074157767024e-05 -1.83981344710310e-05 -6.23266427014874e-05 -1.02926559835116e-03 1.95905228354432e-04 1.91104959541366e-04 -1.03182498200299e-04 -2.51219285155690e-04 1.11771081276755e-04 3.51143733294782e-05 -4.00633373360212e-05 7.27200226032371e-06 -7.68454261059299e-05 4.79907220263387e-05 -2.05253887269565e-04 4.10513316750980e-04 -2.73320913219111e-04 1.12887641516706e-02 -3.08875775405292e-03 -1.33590223486326e-03 7.83027039145897e-03 -3.04151258981038e-04 9.67427523677657e-03 -8.38088433162389e-02 1.32649007694986e-03 7.60241941925680e-04 1.09712137393851e-02 -8.11639270238410e-04 3.09354541027425e-04 -5.69231035578612e-04 1.62619139153150e-03 3.93671898951222e-04 -1.19117566819481e-03 -3.61875172815235e-04 -3.44065294920608e-04 1.24582727048381e-03 3.39277863453604e-04 -5.44115563292644e-04 -1.05914824291343e-04 -3.84407697471344e-05 -2.71327454915668e-05 -4.87134630128181e-05 1.01168000542425e-04 -1.58051906036978e-05 1.43121523500980e-04 9.88664974597586e-04 -7.73239858375080e-03 3.74761477434825e-03 8.96609923712319e-05 -1.08127858383840e-04 2.38958027274592e-04 1.60080280428767e-04 -1.26067705585938e-04 9.60978403295816e-06 7.56569653218578e-05 6.70508917203515e-05 -2.93620146350830e-05 -7.79906832528591e-05 2.75060201020793e-05 6.00501469565042e-04 -9.02634124747692e-03 3.45650034471165e-03 4.86526281553108e-05 -4.54332853987221e-05 -2.70840373057628e-04 1.65173310064975e-04 -2.83566213267416e-04 -2.99183359863164e-04 2.71223991204556e-05 -8.19075133415760e-05 -8.72747965220237e-05 4.67378785037856e-05 1.59816347280880e-05 -1.36509103627595e-03 1.09387314497656e-02 -4.31365675643127e-03 -1.87860955999147e-04 -1.16064474229850e-04 1.67448263096069e-06 -2.70792692292992e-04 -4.29592345128131e-05 3.17396854090142e-05 7.09679709021777e-05 5.80113546610654e-06 -9.21673701305306e-05 -2.32927869432494e-06 2.62493248854123e-05 -9.87674175744430e-03 6.87059356220268e-02 -1.72046925838961e-02 3.29506525929056e-05 3.77753532646268e-04 -1.34084667087707e-03 1.01893564920739e-04 -3.97990370280496e-04 -1.55348465513383e-03 -1.54238283701024e-05 -2.18769131961350e-04 2.90654062612532e-04 2.10688625047718e-05 1.80520046707434e-06 7.11093287588005e-03 -5.74640337968766e-02 1.51083404490784e-02 -1.13601790755223e-03 4.57193153747150e-05 2.40915764324500e-04 -1.61074137082868e-03 -1.25371922942679e-04 4.48979465977260e-04 2.07188462704141e-04 -4.90550523089599e-05 1.13933696170088e-04 1.06121525173467e-04 -3.36368440353094e-04 -7.52157765754334e-03 4.68909692554543e-02 -1.26574548802664e-02 2.44116717065513e-04 -2.45385694212758e-04 1.13315480250485e-03 2.89243659586030e-04 -1.40253323895107e-03 1.15429074534853e-03 -7.50670193774308e-07 -3.15062551107406e-05 3.33344458078287e-04 7.28755113138253e-05 9.79244014857286e-05
 4.42287980957394e-05 2.80028079697279e-05 -1.57946687323473e-03 3.76440792936281e-04 3.51269873293761e-05 -4.10947567934412e-04 1.93990709522099e-03 1.50416580999452e-03 1.82086414261189e-03 -3.68241996460216e-03 3.04342874281482e-04 -5.58294611226156e-05 2.46418188428386e-03 7.83960959766781e-05 1.81479944164520e-04 1.64735912128943e-06 3.75890883914548e-05 5.66038396373765e-05 8.75794971131583e-05 -4.00778598878356e-04 -1.74075953435079e-04 4.30196378091145e-04 1.19806624257206e-04 -3.84047188199219e-05 -1.62730038197267e-04 4.76611336550859e-05 5.67114212169787e-05 -7.90601867312891e-06 -1.09635288594213e-04 -8.03500420542797e-05 -2.49888790382207e-05 5.87158032344135e-06 1.19506172958591e-04 -5.71136002034669e-04 3.18087003212073e-05 -3.05214957107835e-04 -1.02387356760650e-03 3.03062472933955e-05 1.16923989617062e-03 2.41706259907925e-03 -2.65314542029325e-04 -6.50927446639741e-04 3.60517718876719e-03 8.06522274541483e-05 1.53144472955555e-03 1.76157707718286e-04 1.02401672972777e-03 7.46720017032616e-05 1.40977804245692e-04 2.88763066272241e-03 3.98350471785671e-04 1.42997168371185e-03 3.77226451829162e-04 2.16851143661446e-05 -4.34031730346927e-04 9.61682703339326e-05 1.79515869844403e-04 1.70084321668380e-05 -4.72478353505107e-04 4.19809085962853e-05 -5.85572749585136e-05 -3.16081145945090e-06 1.00655532955549e-03 -1.87720550815356e-04 8.44039389417487e-05 8.27277193411116e-05 -4.19844252485098e-04 1.41392890647532e-03 -6.59973039000701e-03 3.46358054166524e-02 -6.72924003615326e-05 -4.56552937430023e-05 5.59882953738849e-04 -2.06043837290055e-05 -2.67147988752567e-04 -7.57881808991268e-05 -2.26867475688720e-06 -6.13381182464836e-05 -1.37455399951447e-04 -6.85793395044207e-04 -1.97159427611371e-04 1.79123450239395e-04 -1.93541517832692e-04 4.73096096063821e-05 -5.73679611509143e-05 4.21028570928007e-05 2.44756393730830e-06 3.45205776268346e-06 -1.57595812315251e-04 -3.39661191456774e-05 3.26023920666452e-04 3.46304486332099e-05 -1.36252281136641e-03 -3.84387765335792e-05 2.91638625776371e-04 -3.04151258981038e-04 1.19310325365873e-02 -2.45054578824883e-03 4.48215070943536e-04 -1.04534826975059e-01 9.02029787917083e-04 -6.52357244057804e-04 1.69595170552011e-02 4.28789629608359e-04 2.50059694539092e-03 7.50250727531352e-04 3.48140365995026e-04 1.78807248124041e-04 3.20695992393863e-04 9.19144102640602e-04 4.96130269253634e-04 -6.76058968241609e-04 4.98668762700920e-05 -1.08363121714935e-05 -7.97372004157055e-05 1.24251973475080e-05 1.04090113590709e-04 2.38964604869384e-05 -1.48641061943720e-04 -1.88992647217172e-05 -1.01536487968457e-03 -6.14860113082118e-03 -2.69606179959831e-04 4.86693092991047e-05 -2.85638094026698e-05 4.15709672351916e-05 3.25244164441276e-04 -7.75267600859261e-04 4.46053423731471e-04 -3.99981335467591e-05 9.61669672124505e-05 4.31219156380802e-06 6.72060536125117e-05 -2.68329458575801e-06 1.64072594223468e-03 3.20261489138236e-03 1.50736516979140e-03 -1.04789500209869e-05 6.74200511823729e-06 -2.53391788030855e-05 -2.28509480594138e-04 5.37701021199244e-04 7.48541538986452e-04 5.64208404127405e-05 5.88858842449454e-05 2.47829412991878e-06 8.94720820649849e-05 5.77058339572611e-05 -3.42991779264029e-04 2.02500194118885e-03 -7.46448627473234e-04 -1.23644278866060e-05 -2.65671362394563e-05 3.06077229818020e-06 1.18088618374182e-05 1.13340787934326e-05 -5.43755777635253e-05 1.19754286146134e-05 3.37432275555972e-05 -5.53013402857796e-07 -1.62817946289661e-05 -4.16107781701775e-06 8.58773440182465e-03 -8.45269334217203e-02 1.78210797732579e-02 7.03451136191407e-05 -1.50900984690959e-03 5.26049479249206e-04 -2.70203057339390e-04 -2.92837347511927e-03 3.22671059521646e-04 4.30210323995887e-05 4.33195533453483e-04 1.39284308052426e-04 3.08497323915698e-06 3.23749377388172e-04 2.10513251567812e-03 -1.47943678626871e-02 4.01028319419312e-03 -3.30513680548868e-04 2.38269995004048e-04 -1.03437343710621e-03 -4.25075429133053e-04 4.43695788213220e-04 -2.28229996011492e-03 1.12604574621817e-04 2.96636066906767e-04 1.45049106308661e-04 -2.45772051259312e-04 -1.00120833261054e-05 -1.04052418377341e-02 9.84319779777465e-02 -2.10876156181545e-02 2.44172676353888e-04 1.25654963177282e-03 1.15094260751163e-03 8.42784612035919e-04 2.48106850862376e-03 1.29435782823717e-03 9.02547900019415e-05 4.88524900472959e-04 1.41891997088589e-04 1.40522891469693e-04 -1.74418195900324e-04
 -3.13926524733849e-03 2.85320887203439e-03 -1.50579795861414e-01 -8.76429750626441e-02 -9.66812983698441e-03 -6.80936938955831e-03 -2.92345525270373e-04 1.76376205822413e-01 -6.03997070218758e-02 -3.01417366630085e-02 5.63598878260201e-03 -2.26987354645710e-02 -4.99705253024823e-03 6.85572232246995e-03 -6.27283074684423e-04 -1.39139070138797e-03 1.31606065695953e-04 4.02762117383155e-03 9.22170173504382e-03 -2.40844356067447e-03 -9.87155214641571e-04 -1.02816083014460e-03 1.45176905166178e-02 -2.01043431209548e-03 1.28282068974695e-03 1.43533910957616e-03 3.42110478846612e-04 -4.95432191858502e-06 6.28281743771172e-04 -4.81575883415699e-03 8.18484162426094e-04 -8.44939463485463e-03 4.01217820130497e-01 -3.28276320656664e-02 3.20372623597882e-02 2.69729324141875e-02 1.43286413707525e-05 -5.32329333243647e-01 -3.27590523307432e-01 2.17503323715889e-02 1.65184222537023e-01 9.39573198696688e-02 -7.61959504539411e-03 2.39771220259153e-02 -2.44106676597556e-03 -4.31371202513466e-03 1.04494163718070e-03 1.68126343270664e-03 3.03085968733700e-02 -2.31755905531897e-03 -7.04750971661439e-03 1.91550859389455e-03 -1.68916942944852e-03 -5.32718673106344e-03 2.50011437095285e-04 2.66715183112744e-03 -2.91936735108126e-05 2.62446175293060e-03 -6.96244544964270e-05 3.65512660686469e-03 -4.15688929925296e-04 -8.07832594650284e-05 -2.57070372113408e-02 -6.70721677229659e-03 -5.72220697916625e-03 -1.38708441081552e-03 5.08092981579534e-04 1.51036946018535e-01 9.65148135924606e-02 -1.26943471293244e-02 2.84174756370854e-02 -5.52122413696517e-04 -3.97500371394808e-03 1.71337452539938e-03 -6.08370064840224e-04 8.84939870505585e-04 1.84333981694579e-04 1.71120725978324e-03 6.34263929444736e-03 -9.01078593551050e-04 1.61662723550610e-03 9.21229746614098e-04 4.17361338545169e-05 -1.01398922458988e-03 -3.35484709763914e-04 -3.54635429765960e-04 -3.65081759864751e-04 8.06461025582437e-04 -3.30636257498296e-04 1.95997205758361e-03 1.96153348651285e-03 -1.34869766096805e-03 -1.04549771297424e-02 5.89898327661990e-02 -7.30393703477548e-02 9.67427523677657e-03 -2.45054578824883e-03 9.29194625238834e-01 -3.19913617929853e-02 -8.98796885296857e-04 -1.28905335697485e-01 1.78709074732407e-02 -2.62830218868998e-04 2.28136841126273e-02 -4.50164667365568e-03 -1.63945626914862e-03 2.26615175720492e-03 3.52727081335635e-03 2.76586350820081e-02 -2.99057000758011e-03 -5.10908590102586e-03 2.65980864978887e-03 9.64536661633878e-03 4.97667280858799e-03 -9.90351383303719e-05 -6.77059193565025e-04 3.82892177711040e-04 -3.36695026974740e-03 3.38630654336331e-04 8.85679103130085e-04 7.20317006623243e-03 -3.62704971877489e-02 1.70043274715949e-02 1.53602281869529e-03 -1.20490054755297e-03 2.16117870582228e-04 4.24106296085245e-03 -2.78996276903433e-03 -1.75528176079553e-03 7.83358991327282e-04 2.18056081665135e-04 1.94155451501854e-04 -3.49379645615797e-04 1.01583772615052e-03 3.65871411563549e-03 -2.57519970137921e-02 1.17730370569618e-02 1.54431444697671e-03 -8.32678022179409e-04 -6.38155796659843e-04 4.72025262531422e-03 -3.94934400265712e-03 -4.18561526079430e-04 5.47743667495309e-04 -6.66135328893397e-04 -6.27429472801569e-05 2.74429852210305e-04 9.12642004634666e-04 -2.43048736651009e-03 1.04240330175920e-01 3.13228616435914e-02 3.03517226326353e-03 -1.72526305824252e-03 -6.47296998746991e-04 1.02294385786453e-03 -4.26821650328597e-03 -5.38939538874558e-04 2.42714792060481e-05 3.10992794706902e-04 -9.52323197716908e-06 2.26957923698501e-04 -2.06013497919485e-03 1.11552261026318e-02 3.16353734063201e-02 -1.06475985744478e-02 1.00114831975783e-02 6.33502388102151e-04 -4.23012224474960e-04 2.67937252511062e-02 4.66078021350679e-03 -3.85758784002597e-03 3.31167953975155e-03 -8.70225807367196e-04 -8.14317360392741e-05 -3.92017873042819e-03 -7.89144170960632e-04 1.27324581457715e-01 -8.16624481657854e-01 1.77215146874772e-01 -6.51514731153288e-03 1.32280968967444e-02 3.23744753180488e-03 3.04654167584468e-03 1.59679945690550e-02 3.43149712546284e-03 2.77960773743996e-03 -9.98642793729008e-04 1.00399715235756e-03 4.83792897481873e-04 2.56805803711689e-03 2.65737786245811e-02 -1.23637400372082e-01 2.44689142125507e-02 9.55415102161562e-03 -1.47392699328491e-03 -3.01481491462495e-03 2.62376153677871e-02 -4.62936543758639e-04 -2.48945381015995e-03 2.42116858098905e-03 -1.98040772395761e-04 -1.40217892619508e-03 4.24669395594224e-03 5.75056007474728e-04
 -7.24640640589430e-04 1.65677436859760e-03 -3.10676814739591e-02 -7.33899410580489e-02 -4.99990115844574e-04 9.60167558711526e-03 2.27318389495813e-03 6.07300057237042e-02 -5.73770214763327e-02 -5.69448990999949e-03 1.87748296133060e-03 -3.08145964633115e-02 -2.56690817946051e-03 1.51449714215410e-03 -5.28810841176446e-04 -3.93447640932478e-05 3.19460643436377e-04 7.36561677529811e-04 -4.23958923775467e-03 2.42978549287793e-05 -2.65627411047225e-03 -2.52741780744695e-07 1.73823345538344e-04 5.85515103118670e-04 -9.85213292141951e-05 5.64482484479994e-04 4.51348916870774e-04 -5.98227052627393e-04 -1.06330528283762e-04 4.94887702968400e-04 6.41392711272393e-04 -4.70059679368626e-03 2.52400219008579e-01 -8.84088521646293e-03 9.62599350528713e-03 2.28535367365022e-02 1.54969140918708e-03 -3.36991015218922e-01 -1.70977039282261e-01 -3.63641779284242e-03 1.58761803486524e-01 2.44919363606049e-02 -7.13476952058491e-03 9.56524345746276e-03 -1.29371324527845e-03 -3.14799794281282e-03 3.23588120367090e-04 1.60901437252033e-02 1.56351082860217e-02 -7.96471681520813e-04 -9.93545788588056e-04 2.81552863630325e-03 1.03316581360248e-02 -2.55217406907066e-03 9.19072758270472e-04 1.42816159427412e-03 4.11736221622609e-04 1.67118698159378e-03 8.45277508066977e-04 -8.29157506645138e-03 -3.39865241194790e-03 -1.19890615440045e-03 -8.82117130817970e-02 2.98308819870803e-03 -1.02978486219143e-02 -1.30693050371092e-03 7.67631371759342e-04 1.79876546125619e-01 9.58310816644758e-02 8.88273867536070e-03 2.16105154467895e-02 1.26600529681908e-03 -8.30407089524761e-04 9.51169277292126e-04 -4.01293784088797e-04 6.06267902182772e-04 1.07373925743706e-04 1.17269865353282e-03 9.08387480771390e-03 -1.05929793400635e-03 -1.66063384157632e-03 8.01641982329263e-04 3.80321138809973e-03 -1.52898699652069e-03 -3.52560665995827e-04 3.30707853192866e-04 -1.40999510779752e-04 1.16016151544525e-03 -2.76421681026640e-04 1.78876769603696e-03 1.81709470643222e-03 -1.49487515726254e-03 2.12394444856164e-02 5.63778354133459e-02 1.60421056023213e-02 -8.38088433162389e-02 4.48215070943536e-04 -3.19913617929853e-02 9.70554276856093e-01 4.23553023929757e-03 -1.11997362060970e-02 -1.12841443357341e-01 6.92504496776005e-03 -1.70087956618730e-03 5.45961707247242e-03 -1.86705543110088e-02 -4.47733678458454e-03 1.37756182007590e-02 8.76219083572021e-03 3.58000310440656e-03 -1.52341720610001e-02 -3.54140138578086e-03 5.04244323298312e-03 3.05037313812427e-03 7.49910726328776e-05 -4.85849672715820e-04 4.44648708264563e-04 -1.66411028106565e-03 3.14897680195239e-04 -2.01894380991813e-03 5.92753982622380e-04 2.36228742654576e-02 -1.62586042321249e-02 1.07771700710299e-03 2.52973283324888e-04 -1.28510321008948e-03 3.79258390903944e-03 1.22800075094601e-03 6.08751651616602e-04 -1.37210325903614e-04 -4.44506561228937e-04 2.66348707296605e-04 1.09427523675367e-04 -2.15825813090879e-04 5.85407625148642e-03 1.10950023866717e-02 -9.17614990288342e-03 1.15079053777015e-03 -2.52997915462103e-04 8.66902814711308e-04 3.50764438740469e-03 2.34616626933184e-03 8.29436704122214e-04 2.02438678992424e-05 4.56115302719661e-04 4.84029761646365e-04 2.22072068679491e-04 -5.29633509844733e-05 -1.47086876562067e-03 1.49288933335275e-02 3.31356700995804e-02 1.34373937640688e-03 -1.08960290553224e-04 -1.75609635271008e-05 2.32632648892333e-03 -1.43421858322438e-03 -3.49561470763290e-04 -3.57287232211450e-04 -4.87799769427166e-05 8.07522421195802e-04 1.33222540694228e-04 -7.62363107823106e-04 1.02473774686673e-01 -7.15356163139371e-01 1.70508055960283e-01 3.42426722828799e-04 -2.67321528100587e-03 1.41073590218225e-02 1.81695907417748e-03 7.38833142710989e-03 1.71881286877220e-02 4.28618412107367e-04 1.95775310385575e-03 -3.32889362514621e-03 -5.17204921223671e-04 -4.53958956836947e-04 -8.58574096636293e-02 6.53417531604531e-01 -1.94809275511972e-01 1.42309470332153e-02 -6.07516510673371e-04 -2.62570060717371e-03 1.90395314247910e-02 1.63836486234238e-03 -4.77145811743257e-03 -2.47240327167135e-03 4.18816810675938e-04 -1.33234104476093e-03 -1.27098516659695e-03 4.41922391734741e-03 7.88687595254232e-02 -5.13936997024608e-01 1.26767247504456e-01 -1.81862782724500e-03 3.55529023823992e-03 -1.20083755851568e-02 -6.32299958274579e-04 1.72018469170436e-02 -1.35815334385167e-02 3.16197109336085e-04 6.34728910251097e-04 -3.79876755554752e-03 -3.90355872963578e-04 -1.28585037878004e-03
 2.22576328078792e-04 -5.92165285822904e-05 1.06092190704400e-02 -2.54883239849528e-04 3.34478287989930e-04 1.56271113989292e-03 -4.10104741723871e-03 -1.48270440692056e-02 6.23409279332486e-03 -5.64401635315748e-02 -2.52794856815357e-03 -1.93748191625567e-03 -9.30740870462348e-03 -8.37583913859288e-05 1.97029233275841e-03 8.89299609006880e-04 -1.52598733541794e-03 -2.13034284970483e-04 -2.93582958928198e-04 4.91606103349447e-03 2.07711886302187e-03 -5.72519245437528e-03 -1.57361935377232e-03 2.00537685162785e-04 7.42972463909019e-04 -1.95059042415559e-04 -8.36321202903924e-04 -2.95175012362304e-04 1.11759842363170e-03 8.39127068510978e-04 -9.24582539533053e-05 3.15221310194891e-04 -6.92251509542595e-03 3.52477794390385e-03 -1.43016965427348e-03 3.16387153650595e-04 2.41632520539091e-03 1.98260296623681e-02 -4.88030330443284e-03 1.15297829225378e-01 -5.69100716436862e-04 -1.50495634421225e-03 -4.08374605830811e-02 -6.19835422417639e-04 -8.02725276206660e-03 -1.18773444972883e-04 -1.02134582485385e-02 -1.60482899677492e-04 -4.60955084734557e-04 -1.46014336599730e-02 -4.64126894467804e-04 -1.40539426319873e-02 -1.55269203758389e-03 2.79309566946815e-04 4.39093654907476e-03 -2.89648757774682e-04 -2.66114467100669e-03 -5.50944554997384e-05 2.29163034083997e-03 -5.06935825370487e-04 -3.74527259272288e-04 -1.28203952592697e-04 -8.53366152823785e-03 7.34583153854259e-04 -7.67629069239255e-04 -4.29123205627700e-05 6.85327416947309e-04 -2.73549445912929e-03 1.65926296282137e-02 -1.08204377976455e-01 -6.20706614721733e-04 1.67490400517877e-03 -8.54577516255389e-03 -2.81847528682113e-05 4.40163864338525e-05 -3.78712619237139e-06 -3.89863012456451e-05 -2.75692180735263e-05 8.27275027340449e-04 3.96697658724562e-04 1.28589053627348e-04 -1.93859836369850e-03 4.18307478297180e-04 -7.83762424087889e-05 6.11841722076043e-04 8.14989195726222e-06 -3.06168991905567e-04 6.84253948447268e-05 2.77179817551995e-04 1.85933173173693e-04 -2.28653962629349e-05 4.16068028160884e-05 3.57675825126988e-03 1.59193317182243e-03 -1.10838495993039e-03 1.32649007694986e-03 -1.04534826975059e-01 -8.98796885296857e-04 4.23553023929757e-03 9.61289815100549e-01 -5.25336695260675e-03 4.60463103784296e-03 -1.55519796443608e-01 -4.44531902841419e-03 -2.14118452280781e-02 -6.84713127307119e-03 -2.18336520240468e-03 -1.47545828903288e-03 -3.97114075953328e-03 -8.34870605648482e-03 -4.84962762107577e-03 8.41663115499589e-03 -8.47304121843679e-04 1.22325436185580e-05 1.76502658803560e-03 -1.51511180383289e-04 -1.49627707747109e-03 -2.49516417092560e-05 1.56172104485531e-03 1.53642308697429e-04 1.66609719832076e-02 -4.45318856354072e-02 1.92923313065716e-02 -4.63881051124842e-04 -9.58795508389261e-04 3.65622384007600e-04 -2.18867663462523e-03 4.24284249303307e-03 -2.61995133627502e-03 2.99373286734855e-04 -3.89678390782789e-04 4.39185678107363e-06 -6.70392358291527e-04 1.89874540712057e-04 -1.93286691223951e-02 5.58505682734753e-02 -2.64080149226387e-02 5.10522177159015e-04 9.30936032660432e-04 8.91303584048487e-04 2.05356075200878e-03 -2.07730538386768e-03 -4.82634940111621e-03 -3.36799739133481e-04 -7.31075444880039e-05 1.02233296631611e-04 -6.39555757681145e-04 -6.39071349469845e-04 1.16151995500333e-03 -8.62862823157376e-03 2.55758569231001e-03 -2.09129487218713e-04 2.83277565688144e-04 -9.41762979521942e-04 -1.89996067120381e-04 1.24073351894826e-04 -7.77122437101930e-04 -4.58417670316531e-05 6.30892326695639e-05 8.29230618863920e-05 1.57686924175752e-04 1.47131350289301e-04 -8.22169678562773e-02 7.54727063602833e-01 -1.65149613482100e-01 -6.62326352846187e-04 1.39419347604352e-02 -4.68314915747447e-03 1.53750301993482e-03 2.56068989149554e-02 -1.10272015756416e-03 -2.32700532591005e-04 -3.78874816206122e-03 -1.32373426422597e-03 -4.19570159365811e-05 -3.08668681833473e-03 -2.31100834081066e-02 1.56698803441862e-01 -4.17643381654999e-02 3.26524579962921e-03 -2.45444667573650e-03 9.48884659834500e-03 3.78062230034898e-03 -4.27659928232980e-03 2.17058505861444e-02 -1.09719749616636e-03 -2.57497809508900e-03 -1.35697273383880e-03 2.52382589271821e-03 1.21738887847158e-04 1.00699820291918e-01 -8.96489630979893e-01 2.00010794126263e-01 -2.81534618170358e-03 -1.17452668442063e-02 -1.07387155074289e-02 -8.00688817145854e-03 -2.19112268780195e-02 -1.02454824801592e-02 -1.05516385959983e-03 -4.38545435075855e-03 -1.15034940115045e-03 -1.59697960170510e-03 1.67457187784465e-03
 2.51793413232289e-04 -3.08468897578922e-04 1.87753152920346e-02 7.57256908740198e-03 -9.44806761500114e-04 1.31345285101959e-03 7.64071687537380e-04 5.06183681500273e-03 -4.04954974593109e-03 -3.65986443223260e-03 -6.97037353013672e-03 2.57003068048393e-03 1.86716797404067e-03 -2.44864899963150e-04 8.21965360893635e-05 4.85287519436295e-04 1.58676840461401e-04 -9.15006888157637e-04 -3.05242984462288e-04 2.27365874447815e-04 3.46071332096826e-04 3.85675960723692e-04 -2.43206160843701e-03 1.22655830141629e-04 -1.30490883551113e-04 -1.79280233059766e-04 -2.75604475703460e-05 -4.57397372615180e-05 -1.29689179857458e-04 6.20295667793835e-04 -1.46865052241885e-03 1.46916033077206e-03 -1.10584038412623e-01 1.77941784207914e-02 -3.82079963742858e-03 -9.34337945316696e-05 3.62476129989775e-04 6.85773569326310e-02 3.77614966538870e-02 -4.05029668147199e-03 -1.71824832485976e-02 -3.57165511366068e-03 2.00333781601319e-03 -1.73717412842399e-03 1.19647180762724e-04 1.19819561887509e-03 1.57571734995360e-04 -1.63807439633264e-04 -2.48440453194789e-03 4.59684709036443e-04 8.77715152270170e-04 3.49294971579128e-05 -8.78641994043972e-04 1.37561604948109e-03 -1.01061709445005e-04 -5.27073959447871e-04 -2.22246431187955e-05 -3.93018388305723e-04 8.25099631770217e-05 -6.70075329569354e-04 2.48397355244765e-04 4.01633107041859e-04 3.27619458991656e-02 3.98077887077572e-03 -1.75727426522715e-04 -1.37545186310584e-03 -1.82276909827019e-04 2.01962968544762e-02 2.99108385728950e-02 4.54157872765863e-03 -2.12162385983539e-03 -1.26001154284570e-03 2.57192065182834e-04 -4.84451136631828e-04 -3.61477596612435e-05 1.75743802337833e-04 -5.97742005682918e-05 2.94316799312213e-04 -1.68281625324466e-03 -1.67154255423819e-04 4.91001523249658e-04 -2.52599074311736e-04 1.57240678869723e-03 -9.73452478448014e-05 7.99233137476923e-05 -5.35794507022568e-05 7.31527931416399e-06 -6.83552401861726e-05 1.22730449417495e-05 -4.61422501840741e-04 2.53673512031100e-04 -3.22263353044315e-04 1.87844653124516e-02 -4.99371807038893e-04 1.20021070755957e-02 7.60241941925680e-04 9.02029787917083e-04 -1.28905335697485e-01 -1.11997362060970e-02 -5.25336695260675e-03 2.25605161043361e-02 1.72701055207039e-03 7.58043244908776e-04 -3.23987217371031e-03 6.37219115987397e-04 6.94029866663208e-04 -2.27569179518396e-04 -6.83692265261754e-04 -3.61752613508190e-03 3.73598136706788e-04 9.56583403148036e-04 -3.15071594764362e-04 -1.72684166525218e-03 -5.48741632864144e-04 -1.40039011876131e-05 9.64875540211351e-05 -3.61802644613341e-05 4.20405072047350e-04 -5.62361363238584e-05 -1.50744566293918e-05 -2.56321367109615e-03 1.16549118117197e-02 -3.73428137450245e-03 6.48884863096991e-05 1.16552987578861e-04 -2.40493222453607e-04 2.82520799462929e-04 1.17747339425235e-04 8.81964517439681e-05 1.34175257453206e-05 -2.28238203722163e-05 2.57030889020864e-05 -6.26286800861264e-05 -1.09436673401700e-04 -2.54691566317611e-03 1.61866028631151e-02 -4.18450075188908e-03 9.12729631699970e-05 1.10888100179157e-04 2.95591998525252e-04 1.71693015673470e-04 4.61488440645557e-04 1.27562998310658e-04 6.94096011946005e-06 7.86848708012836e-05 2.24082282058394e-05 1.00076115305900e-04 -8.90924470053348e-05 -1.51239092780157e-03 2.98751691608991e-03 -4.80988561036947e-03 -4.27113768201506e-04 -1.02056903702963e-04 9.19286885203488e-06 -2.34429465421512e-04 -1.17751698742268e-04 -8.87631711603453e-05 8.61761792407279e-05 -4.65771404370836e-06 -5.33933129866534e-05 1.36348998170485e-06 1.22730804878223e-04 -4.45472379693627e-03 9.77743803753092e-03 -4.22425281612677e-03 -1.37336959109562e-03 7.89218927330341e-05 -3.31657428440338e-04 -3.48886057839875e-03 -6.16632489105515e-04 4.58452172329692e-04 -4.83900372482476e-04 4.86160028550219e-05 5.63126708610497e-05 5.27187086086508e-04 9.74021020674631e-05 -1.66605443413001e-02 1.08949224766026e-01 -2.51887461303074e-02 8.41082547570966e-04 -1.97777725720534e-03 -4.96190868449350e-04 -3.84785562584164e-04 -2.79044683370747e-03 -6.30808901490232e-04 -4.48060432562201e-04 1.66941481547301e-04 -1.64597892663364e-04 -8.63131382612373e-05 -4.04349508023041e-04 -7.04069935122659e-03 3.73074052962953e-02 -1.02666529872578e-02 -1.22169240730990e-03 3.60315970690839e-04 8.95519982787212e-04 -3.32633404092228e-03 3.04329498561223e-04 5.33662023977289e-04 -3.46911517537634e-04 1.23558488423416e-04 2.71166907344132e-04 -5.52622811306563e-04 -8.43735136986680e-05
 1.68704764300318e-04 4.16998203084876e-04 -1.67456525736918e-02 -4.37378423822975e-03 2.14890518428392e-04 9.10130773114588e-04 -1.39804674185177e-04 2.39779107782291e-02 -3.01466173680103e-02 -5.76449688770984e-03 -2.58480550285562e-03 4.53244779284455e-03 3.04889309100368e-04 2.81530672705659e-04 -5.17424459981617e-05 7.09237778722752e-04 2.13981930653792e-04 -9.96703333763253e-04 2.11486847147302e-03 -2.50879034912882e-04 9.49579572318954e-04 2.86487102337896e-04 -6.57753589350288e-04 -5.09662182818558e-04 8.81662805350119e-05 -6.69054891607857e-05 -3.03415483884464e-05 -1.42075383127086e-04 -1.01698658231201e-04 7.58962847762918e-05 -1.31917417830219e-03 1.22118563694569e-03 -4.54098382421011e-02 -1.96628480990725e-03 -2.61007901812037e-04 -6.16551417825428e-03 -7.36938021229955e-04 2.35264760522198e-02 4.46266658788685e-02 6.87715566142525e-03 -2.90812654267765e-03 -1.18453715642381e-02 -2.15473795738298e-03 2.18425332731065e-03 -1.60738326866392e-04 5.46799448430442e-04 4.38731806974231e-04 -2.64312591556239e-03 1.84529810355066e-03 -5.15130588560648e-04 7.35412540518847e-04 1.18585307468366e-04 -8.22387909951850e-04 6.06162504420378e-04 -5.19409211146473e-06 -2.74590435981807e-04 -1.02300650034151e-04 -2.13008772742930e-04 5.07542587139605e-05 2.10431221988639e-04 1.07194459647073e-03 2.73311383637525e-05 -7.32796854209702e-03 1.35536253253845e-04 -1.08030430528023e-03 7.24294305162813e-04 2.28321937472944e-04 6.68852054728845e-02 -3.72068707343094e-02 -1.25604611794589e-02 1.64222387579118e-03 -6.79697395062867e-04 -4.99931921023938e-04 -5.71573733287081e-04 1.48676586938464e-04 -2.24609639069630e-04 -7.11257367176537e-05 -4.26549128314748e-04 -2.33318407852056e-03 3.57668164617064e-04 9.08883620938746e-07 -2.19918805644979e-04 -1.27147894875867e-03 3.88471730371521e-04 5.23044023813030e-05 -8.10355072912208e-06 -1.27096228539325e-05 -2.26436263882164e-05 1.17942014692587e-04 -5.34256375935510e-04 3.85674841849266e-04 -4.06048361727954e-04 1.66754323678674e-02 8.83412782881470e-03 -1.19933803273034e-03 1.09712137393851e-02 -6.52357244057804e-04 1.78709074732407e-02 -1.12841443357341e-01 4.60463103784296e-03 1.72701055207039e-03 1.98043836285328e-02 -1.10117965632920e-03 4.51165720305493e-04 -8.36704244148353e-04 2.32145983797429e-03 5.89152807923459e-04 -1.61954968165081e-03 -7.10406492147286e-04 -5.24408401745028e-04 1.93312248534876e-03 5.80612264801301e-04 -8.76840486045270e-04 -2.13315740640791e-04 -2.20153939847686e-05 9.51952185688614e-06 -7.32934772466958e-05 1.61875747962110e-04 -8.06088054421036e-06 2.39699442663056e-04 -2.66093997912604e-03 1.71530796269227e-02 -1.08383693182518e-05 1.92902227382429e-04 -1.96160767211515e-04 -2.34109277029725e-04 7.55362911093384e-04 -8.56004390889699e-04 -9.61888952864588e-04 1.45523569813173e-04 7.30226226107361e-05 1.45898864074560e-04 -1.74302543004095e-04 7.00148463908420e-05 -3.06729467876304e-03 1.65156841740939e-02 -4.48954347263684e-04 2.47883253163965e-04 -2.42096514526640e-04 1.39826409288768e-04 9.47044750357229e-04 -1.28872215313031e-03 3.41631192107198e-04 5.23788692230016e-05 -1.85552274207993e-04 3.70615924223282e-05 1.83045985292665e-04 7.17371444625565e-05 8.00064877365370e-06 -7.18145566883560e-03 2.68488740282985e-03 3.22582255678550e-04 -1.88591710145642e-04 -6.42649361325723e-05 7.19199708273595e-04 1.60775819410214e-04 -1.51229568522533e-05 -4.97717108101678e-05 4.08970762000124e-05 -4.49577357512451e-05 7.94384397238015e-06 -1.87944984929318e-04 -1.41028898251919e-02 9.53479332788845e-02 -2.43559748832602e-02 1.18127306925871e-04 6.09638122844733e-04 -1.83938942491744e-03 4.63585729917454e-04 -5.52812846213043e-04 -2.09932299072089e-03 -3.00236871289474e-05 -3.13623280765311e-04 4.02727341748141e-04 2.89207135661955e-05 -2.40442564418051e-05 9.73856828625862e-03 -8.21249429793649e-02 1.63615507856665e-02 -1.49723856038184e-03 -1.98243405391035e-05 3.46409789122949e-04 -2.31926716468816e-03 -1.87380038672433e-04 7.10860095607577e-04 2.41748545954086e-04 -6.42928915782711e-05 1.15875506850910e-04 1.44474946847981e-04 -4.07034895415235e-04 -1.01206002491575e-02 6.10133270524267e-02 -1.67724413528354e-02 3.82815489576548e-04 -3.30222040633146e-04 1.50230325295252e-03 6.78552053784646e-04 -2.02130347024429e-03 1.52484294120451e-03 -1.94384627042721e-05 -4.67891225113912e-05 4.66892048993180e-04 9.37769710833722e-05 1.23804651322017e-04
 -2.70415379155865e-05 7.14989441170592e-05 -3.62067436145997e-03 -1.62775725641034e-03 3.89883527053869e-04 -1.80420683503805e-04 2.39183691837572e-03 1.30207890414246e-03 -2.23656254723797e-03 -8.67408213893602e-03 1.05946964129643e-03 -1.09824199385069e-04 4.34135114262709e-03 2.02328220695124e-05 3.59321259134541e-05 -1.01001795209219e-05 2.98954587116737e-04 7.84257118749742e-06 6.15638284537748e-05 -6.34851198602465e-04 -3.15217542854466e-04 1.25255779911868e-03 2.48077313419513e-04 -4.43621208591844e-05 -5.85359772505413e-05 9.02224587072284e-06 1.82455539885803e-04 5.44747951127822e-05 -2.28502108098673e-04 -9.58852015679991e-05 2.83827336744886e-07 -1.83628852146804e-05 5.05490124777014e-03 -2.08818545204495e-03 2.63206671712573e-04 -6.47444405780691e-04 -2.79138088417682e-04 -5.89554692538198e-03 4.38660046475902e-03 -2.58496110754227e-02 2.23038870250952e-03 -1.63940546357610e-03 7.43988013788098e-03 3.92817785315365e-04 1.25236592063753e-03 -1.74441024054461e-06 1.51863637221060e-03 2.26176720749022e-05 4.18212246968598e-04 2.20273174369185e-03 1.90129301629520e-04 2.09813116183560e-03 4.21014948538361e-04 -6.71656387786723e-05 -6.23466928130960e-04 6.97930150855912e-06 5.27186993791812e-04 4.49477218923665e-05 -3.28890790636142e-04 -4.76398056303266e-05 1.13609561106109e-04 -3.23563427849497e-05 -4.09321471529081e-03 -2.62983015540358e-04 -1.19717683225254e-04 1.88347244764086e-04 4.20731541207759e-05 8.39980672647525e-03 -8.19559314663352e-03 1.09695019155224e-02 5.46268100358328e-04 -2.89020060861168e-04 1.68052652949586e-03 -2.51267291985463e-05 1.02498938212952e-04 -1.78268106809196e-05 3.25898024865988e-06 -5.48775422898932e-05 -1.72725151520026e-04 1.94078873668053e-04 -6.30338300128352e-05 2.80985634072338e-04 -2.46483934089851e-04 4.24821609295904e-05 -9.23408359898534e-05 -1.82142757119250e-06 6.72636702689178e-05 4.71035012274287e-06 4.24610362191947e-06 -4.55731821446846e-05 1.61869934363717e-05 -4.45337318966405e-05 4.73927496049707e-04 1.26327499301458e-03 3.88905116430519e-04 -8.11639270238410e-04 1.69595170552011e-02 -2.62830218868998e-04 6.92504496776005e-03 -1.55519796443608e-01 7.58043244908776e-04 -1.10117965632920e-03 2.56709531801152e-02 7.02611272569963e-04 3.44122211539251e-03 9.74605402670720e-04 2.46779907306721e-04 3.28281403521111e-04 6.94975642158584e-04 1.29838797593041e-03 7.12583863857106e-04 -1.60154143400221e-03 1.28668917840223e-04 1.60162944807484e-05 -3.08374728836198e-04 1.81171023589826e-05 2.78217086804567e-04 7.75179320752852e-06 -2.81687983973512e-04 -4.96598780094734e-05 -9.95939600906720e-04 -5.95528106332171e-03 2.10854300678840e-04 1.27700124462502e-04 -1.28080377772314e-04 1.66000235875201e-05 4.84238836126946e-04 -1.16292427107527e-03 3.26652476159444e-04 -2.80624573124776e-05 1.27096630264725e-04 4.19842119455219e-05 8.81267940097598e-05 2.52873816500564e-05 1.20618375104251e-03 7.39455487459205e-03 6.48467005654631e-04 -7.71115387558559e-05 4.98940728695259e-05 5.61917390049620e-05 -3.08003457790098e-04 6.82672835584117e-04 9.69978837366728e-04 4.97142658116582e-05 8.79569734304673e-05 1.07951098994129e-05 1.06270593101168e-04 6.62983898095334e-05 2.95150487843596e-05 -1.29576307581738e-03 6.63514967143397e-04 7.93300895238630e-05 -4.43671019687613e-06 -3.31805736848869e-05 1.25355877063100e-04 1.09895721021255e-04 -3.24063034466408e-04 -2.14206555204974e-05 3.74817698057994e-05 4.09297645710895e-06 4.10582945161396e-05 -3.09995784602348e-05 1.38987663080827e-02 -1.26885686079567e-01 2.78301059049334e-02 8.64327071457307e-05 -2.26925595498099e-03 8.61610384861078e-04 -2.73291853368082e-04 -4.16525309755141e-03 3.24478775474387e-04 3.93249120467910e-05 6.32170936921380e-04 1.97472893210027e-04 2.34996784580896e-06 4.91922247445432e-04 2.84974799795352e-03 -1.99636174775269e-02 4.49168308421730e-03 -4.04126245496630e-04 3.67362229170843e-04 -1.55531463026111e-03 -5.14010043454693e-04 7.18265354445478e-04 -3.58152729816790e-03 1.56739438050885e-04 4.16765290163594e-04 2.08822454082264e-04 -4.30725190335607e-04 1.73275836838464e-05 -1.57013868531999e-02 1.40999006183988e-01 -3.14076999493191e-02 4.61573006370036e-04 1.94046236925493e-03 1.64858295362546e-03 1.34521832887336e-03 3.72208372229394e-03 1.58842207986671e-03 1.75275925342456e-04 7.21200573437504e-04 1.59590228932048e-04 2.44470708891043e-04 -2.81870642417171e-04
 -1.01533608536790e-04 1.00742808820890e-04 -4.55980958293499e-03 -1.31383703546132e-03 -4.65745664712873e-04 -1.46620172083715e-04 5.00699740551536e-05 6.74089455442952e-03 -1.61998110185431e-03 -8.73276926845011e-04 -2.04530926290334e-04 -2.56152298166045e-04 1.42868381291546e-05 2.33993863899677e-04 -3.00755812541072e-05 -2.34523252601764e-05 2.21013555473167e-05 9.29354657347936e-05 3.25340290220724e-04 -9.12525326521122e-05 -4.84873640311660e-06 2.57246805470376e-05 3.32345599833180e-04 -7.52096755662153e-05 3.74170646631479e-05 4.88584820374286e-05 1.97167788112044e-05 -1.28252019440112e-05 6.26176532670296e-06 -1.23934523397949e-04 -2.06319579897173e-04 -1.55812990635215e-04 9.08307123690025e-03 -1.14887492501904e-03 9.73033308489585e-04 2.57898206057538e-04 -7.58138667017887e-05 -1.56324639189547e-02 -5.22588324510742e-03 5.15883884361637e-04 4.23300570769039e-03 1.24203275720247e-03 -1.43036420673928e-04 5.27131663190534e-04 -1.28915240700614e-05 -9.48989869055265e-05 6.97041466882123e-05 -2.04416644593699e-05 6.90540823245065e-04 -8.45187728494119e-06 -1.17834227051449e-04 1.06514632807937e-04 6.87946087368424e-06 -1.19920511525629e-04 -2.77107214344690e-05 5.74354382741275e-05 6.74028833219909e-06 7.74382844271790e-05 -1.62288445668614e-05 1.47385656535671e-04 4.07594398697797e-05 -1.60630367910908e-05 -1.70434211473913e-03 -2.46097466932360e-04 -3.66944595637968e-05 4.22483661385845e-05 1.09541029176347e-05 -8.82859971498414e-04 -5.37805741785939e-04 1.82014104831881e-04 6.22988365223721e-04 1.78393183422030e-05 -4.17197919725735e-05 8.46612645036339e-05 -8.42401237610445e-06 8.08542713588948e-07 1.01028807095539e-05 6.20312443261622e-06 2.87016765805673e-04 -1.65768888959688e-05 7.85006691346303e-07 4.96569867906573e-05 -8.67054789464867e-05 -3.33491029313836e-06 -1.79862787280783e-05 -2.22908303773195e-06 -5.11158174752533e-06 1.83549942485448e-05 -8.67042415197846e-06 8.26092120974685e-05 -2.63785108572199e-04 -2.57964224238914e-05 -4.07251798810664e-04 9.39771928128838e-04 -1.93717611299588e-03 3.09354541027425e-04 4.28789629608359e-04 2.28136841126273e-02 -1.70087956618730e-03 -4.44531902841419e-03 -3.23987217371031e-03 4.51165720305493e-04 7.02611272569963e-04 6.08046082265781e-04 -1.62019920642467e-05 1.30297945237268e-05 7.68310360245089e-05 4.04166015586051e-05 6.82038409400809e-04 -2.85612657112593e-05 -7.86058638137714e-05 3.41348491482932e-05 1.71356051756358e-04 1.16549276723217e-04 -8.72761697714374e-06 -2.94416604776806e-05 9.95723705935205e-06 -7.68879022477911e-05 2.16287781298896e-06 -1.07725247198610e-05 1.09115728388202e-04 -9.30626393888271e-04 3.90273858866439e-04 6.59774214163729e-05 -2.82752045065901e-05 2.05885119262944e-06 1.76108846940277e-04 -1.05294961130628e-04 -3.41432888291057e-05 2.90538945812702e-05 6.25794351744018e-06 1.05630610592125e-05 -1.61945389651356e-05 2.27182109868413e-05 1.49601343123278e-04 -8.70922748205146e-04 4.03776083652661e-04 6.13923084154984e-05 -2.30912507028144e-05 -2.03690617487678e-05 1.67024867460376e-04 -9.84848697283231e-05 -2.97725227246932e-07 2.26854628580011e-05 -1.74336322432660e-05 9.70964373712829e-08 2.40938603039752e-05 2.53924834187049e-05 -3.45777728478122e-04 4.12988540785126e-03 1.49346773181042e-04 6.73256846322572e-05 -8.22554421818607e-05 -1.75330700502284e-05 6.34903071839343e-05 -1.47927402832541e-04 -2.36115222835677e-05 8.53165057784795e-06 9.22077323516755e-06 -4.14282355057566e-06 6.87030896709771e-06 -5.85820753659016e-05 5.73672729210110e-04 -1.91494496309156e-03 4.59165606477245e-04 2.44176183061203e-04 -5.32480838124767e-05 2.90067162278724e-06 6.25981787187089e-04 -1.94026414469122e-05 -1.24721499650619e-04 8.40632933801215e-05 -2.21330958426489e-06 8.63936147513202e-06 -9.02355309321264e-05 -6.67524663721418e-06 3.22289088351442e-03 -2.16315417918304e-02 4.72532096502223e-03 -1.78684065209673e-04 3.45382241158414e-04 3.83721968471945e-05 1.85498812019136e-05 4.62925952771517e-04 -3.67564691575510e-06 8.19639540607179e-05 -1.46531526578341e-05 3.41963160317352e-05 1.65500177885798e-06 6.36698430081311e-05 1.23702243521777e-04 1.67409845058031e-03 -3.23012644722779e-04 2.44086773239833e-04 8.63435366017405e-06 -1.92705304734183e-05 6.62718913493343e-04 5.72362483983420e-05 1.62087794102416e-05 6.59820965933156e-05 1.05358305195036e-05 -2.40676067176311e-05 1.08187858702980e-04 4.38092287140842e-06
 -1.28129956707261e-05 -2.05629854118642e-06 2.83450969686429e-04 8.47377383531993e-05 4.31612027324469e-05 4.24833997122458e-05 1.98653553714369e-04 -2.09489515454837e-04 -2.16176852349078e-04 1.99712227346306e-03 3.89233994533649e-05 1.25199257376619e-05 5.80060482795656e-05 -1.25475085535018e-05 -6.68124682977960e-07 4.23986201355086e-06 -1.09872109838826e-05 -5.89853522488034e-06 -4.37201517271852e-05 -9.63519755648640e-05 -3.81517629234948e-05 1.02874620001651e-05 -3.69425371370165e-05 2.02425269483938e-06 -5.92282185412964e-05 1.30041825121730e-05 7.19231270943097e-08 -1.20577505437613e-05 -1.60176045195746e-05 -8.60026593579181e-08 -1.37578534918731e-05 3.14627996800081e-06 -7.99748561503444e-06 -6.63892947682253e-05 -7.49963934564456e-05 -9.48720345824130e-07 -3.02774874720325e-04 5.67967141147749e-04 8.44623400773328e-06 3.26737856017040e-03 8.17983189376272e-05 -2.29405213778999e-04 4.32946747364070e-04 -4.13353140268693e-05 3.85606968812102e-04 4.33188733303111e-05 2.31846702531848e-04 1.06884679836787e-04 -1.54546710793115e-05 7.41108861301519e-04 1.20415633812980e-04 3.36011910163622e-04 1.55484460246273e-04 1.18205217761935e-05 -9.36384879650739e-05 3.35863157797160e-05 1.06097534456977e-05 -3.42889818202804e-06 -1.18471667940002e-04 -5.49596691553691e-05 -5.82238864445027e-06 -5.60729044798905e-06 5.32156590359031e-05 -3.83867359871107e-06 -1.06734708712524e-05 1.70439564326577e-05 -1.38130462529931e-04 5.00702772788703e-04 -1.41289954769715e-03 1.04161492447514e-02 -3.95302494888630e-05 1.88760290584082e-05 2.55470174439785e-05 -7.11922683348332e-06 -9.81579438725524e-05 -2.41947412693511e-05 -1.21326072498039e-06 -1.62680195580951e-05 -3.14622692805311e-06 -2.47790691257880e-04 -7.70832650144319e-05 4.18612081248826e-05 -2.65366456610776e-05 7.08788890110836e-06 -1.35113287189160e-05 1.76442757035216e-05 -5.50776072135922e-06 4.66453795484604e-06 -5.26925244034381e-05 -5.14391164903556e-06 1.61660178069508e-04 -8.71455118768237e-06 2.86152414164496e-04 -1.18290112334306e-04 4.47124239608571e-04 -5.69231035578612e-04 2.50059694539092e-03 -4.50164667365568e-03 5.45961707247242e-03 -2.14118452280781e-02 6.37219115987397e-04 -8.36704244148353e-04 3.44122211539251e-03 -1.62019920642467e-05 5.88651127544766e-04 5.96132918954959e-05 6.33610511138197e-05 1.03478409241106e-04 -8.83979481799317e-06 2.35133056139525e-04 3.32528899264975e-05 -1.03188179745052e-04 1.26497229276331e-05 -3.14828890230252e-06 -1.82037387825958e-06 -1.12384360735892e-06 9.15881396285086e-06 6.99445035223991e-06 -2.25835106737592e-05 -1.31968915119637e-05 -5.76157928652585e-04 1.27806417008142e-03 -8.40913044085929e-04 -5.14892395660685e-06 4.49030900225242e-05 -1.89171949199346e-05 4.98248177372002e-05 -8.41289666704950e-05 1.16254405772041e-04 -1.87294324858305e-05 7.34737785177830e-06 -3.24398345210370e-06 2.08099776134807e-05 -1.48819062510682e-05 6.45925384781244e-04 -1.13869294156147e-03 7.23669213645086e-04 -1.20628303790318e-06 -3.23303938168363e-05 -2.14659648522176e-05 -5.01320640127320e-05 8.06038652132144e-05 1.60778294300769e-04 1.08915922647119e-05 5.67267899047884e-06 2.99542263968470e-06 1.92080595221663e-05 1.52615181882956e-05 -1.36158416280237e-05 -2.86784392207091e-04 -2.42135862212593e-05 -8.53228818201880e-07 1.00087423184043e-06 3.13968766495381e-05 1.83932845748881e-05 3.32350620786983e-06 6.81958883848364e-05 1.06370974840228e-06 -4.31080707298624e-07 5.49031588856294e-06 -1.68938540045326e-05 1.72459924336576e-06 2.20589358273410e-03 -2.13854857479274e-02 4.54744453230076e-03 -1.76479878335392e-05 -3.21701317919812e-04 1.82718309244960e-04 -1.48555050035266e-04 -5.78555883360806e-04 1.83564220370733e-04 -4.57079029633512e-08 1.03284619430220e-04 9.45467682044438e-06 1.33564455030667e-05 6.68895359702500e-05 -5.87258033451642e-04 4.04702321192178e-03 -9.85166281637027e-04 3.86964509306787e-05 -1.05399429732866e-05 -2.40516233449628e-04 8.38194423657271e-06 3.06412557364558e-05 -4.93091588029910e-04 -2.19356830979208e-06 6.93470990601750e-05 1.76080996675137e-05 -5.42062681920175e-05 1.18985750754175e-05 -1.83052461648052e-03 1.83063461504121e-02 -3.76710940357720e-03 -5.14964427585786e-06 2.82091870144077e-04 1.87049449091406e-04 5.74009666395497e-05 5.99361077750121e-04 2.15681463574161e-04 8.14460141480628e-06 1.04246443700802e-04 1.59409497822348e-05 9.32374944272557e-06 -4.38786485988699e-05
 1.29122571739621e-04 -1.38351493379187e-05 3.36659493509338e-04 1.34229909065252e-03 -9.86448846195182e-05 -1.22363887089691e-04 3.70975983762763e-05 1.15773564004792e-03 1.01138538396314e-04 3.42446198490763e-05 -3.89900738206100e-04 7.20781259598641e-04 1.91216236728334e-04 1.13034778957354e-05 -1.05377159281374e-06 2.77486413613656e-05 1.68277311449173e-05 -6.37012883792566e-05 1.67720859825475e-04 -4.03063242166202e-05 7.59070115503036e-05 6.07590171586745e-05 -8.05290264481828e-05 -3.23144507153153e-05 -3.83779745050610e-06 -1.11457591152371e-05 -1.78240705912622e-06 -1.72746342012987e-06 -1.44636027771965e-05 5.96132212116799e-06 1.84588389639584e-04 1.55463550133193e-04 -7.51938140202304e-03 2.35083496005366e-04 -2.06254717405015e-04 -7.86871744043132e-04 -1.06064361819227e-04 6.63002073477815e-03 6.36506585665642e-03 5.92720708614985e-06 -2.89318848462937e-03 -1.37193761889043e-03 2.78660455479599e-04 -1.30302497266365e-04 9.77236287021972e-05 8.79038306772190e-05 8.33013599595574e-05 -3.67189318343773e-04 -2.39683459544012e-04 1.36979954691858e-04 7.37206346367074e-05 5.88557138810068e-05 -1.80589387084781e-04 7.96653190347654e-05 -5.11184527937074e-05 -4.34023600625023e-05 2.64477418096652e-06 -3.44248661411988e-05 -3.45725271194670e-05 1.41186747229438e-04 9.96901985177238e-07 2.22269070749736e-05 2.46517770026670e-03 -9.68220106825157e-05 1.55896606579389e-04 5.24058480347807e-05 -1.98836872439943e-05 -1.53320526705930e-03 -3.53109999127143e-03 8.49842743494007e-04 -3.44522680298325e-04 2.37818656173569e-05 6.79515080543441e-05 -3.08681121314725e-05 7.72437395305314e-06 -2.67310875717145e-05 -3.42494330233248e-06 -4.86060072107953e-05 -2.17715974235355e-04 1.17737473645127e-05 5.64024824426801e-06 -6.76419348008410e-06 -1.14034263147594e-04 4.66186229839553e-05 2.50055640046474e-06 -3.93975469543070e-07 5.02414721114048e-06 -2.09104648951713e-05 4.61134298859881e-06 -4.57086782832692e-05 -4.07138449896331e-04 4.07290472637564e-05 -5.36460179412704e-04 -5.44369726219297e-04 -1.01915429647469e-04 1.62619139153150e-03 7.50250727531352e-04 -1.63945626914862e-03 -1.86705543110088e-02 -6.84713127307119e-03 6.94029866663208e-04 2.32145983797429e-03 9.74605402670720e-04 1.30297945237268e-05 5.96132918954959e-05 4.25577269448920e-04 1.04020718465717e-04 -2.81180418969136e-04 -2.18483862765461e-04 2.87373508989423e-07 3.56930654565070e-04 1.53683844371319e-05 -1.64092866593507e-04 -7.61023843255702e-05 -9.34982368882080e-06 1.30568542564174e-05 -1.60275551556193e-06 4.56572520030409e-05 -1.53415231336009e-05 2.28466886807471e-05 -2.67754448060488e-04 5.11054743245161e-04 5.85709940189973e-05 6.92003272193184e-06 -4.93153350431037e-07 5.52849849060702e-06 1.86923499691065e-05 -8.05594454022755e-05 -1.42144832908714e-05 8.85329620104676e-06 1.20976780732559e-05 3.08889862537116e-06 -8.91972427206501e-06 5.90012262043928e-07 -1.12788745806831e-04 3.56825615973748e-04 2.20429447142171e-04 2.47755100250958e-06 -4.81793616159196e-06 -9.87724452837990e-06 -5.58813304541476e-06 -4.86397950571990e-05 3.26851521381386e-05 7.00808481970133e-06 -1.07163055836086e-05 -5.99946643966786e-06 1.61375316116858e-05 5.19925748443450e-06 -2.28275541517575e-04 8.09776756995007e-04 -9.22160918766091e-04 -3.21862069112132e-05 -2.75461823044852e-05 2.74276078089677e-06 -6.32925892367958e-06 8.82646274562210e-06 4.46360727185019e-06 9.92830819972400e-06 2.47966254106614e-06 -1.71111050569068e-05 -2.80381929318071e-06 6.63652890332906e-06 -1.43622828269819e-03 8.38360677499017e-03 -2.11799504021492e-03 -2.69576492419798e-05 -4.70922045743861e-05 -2.38247503946142e-04 -1.07514972279002e-04 -3.35141798066110e-04 -3.10636813451810e-04 -1.50094230393140e-05 -9.24968358677209e-06 7.48873587390424e-05 2.25136254306243e-05 2.93705905668746e-05 1.48669277417439e-03 -1.19607418000159e-02 3.41290467721701e-03 -2.75747529228148e-04 -5.81709306519851e-06 -2.48343475320760e-05 -4.15911791958410e-04 -3.35067090670517e-05 -6.49397060380983e-05 4.74266433168657e-05 1.28902918515490e-05 3.19415098616362e-05 5.57607629504932e-06 -8.83779796489472e-05 -2.28333506840566e-03 1.65768364252710e-02 -3.90835394373757e-03 2.93171602659275e-05 1.75624334991315e-05 3.14752932492198e-04 9.24049952152412e-06 -1.72851435107756e-04 3.45697900055753e-04 -5.54743251502521e-06 2.01482556637446e-05 8.77151493260546e-05 6.20027918437822e-06 8.83205196153147e-06
 1.17999192327208e-05 1.44665867139355e-05 -5.98951411692107e-04 2.49905230772475e-04 -1.14861504685019e-04 -2.80537658493710e-05 -2.20368149982135e-05 1.61327151517522e-03 -4.91309456970189e-04 1.45986438930981e-03 -2.04029237894368e-04 2.15713491426813e-04 -2.50626528531407e-04 4.64039518000163e-05 3.70976690327767e-06 1.64781382021703e-05 -2.79390699818135e-05 -9.07010091047306e-06 1.09906410885767e-04 -3.26936649612685e-05 3.73505385852799e-05 -9.02285093042635e-05 4.91573455285687e-06 -2.64624340520551e-05 -2.66106965062191e-05 1.48932170840057e-05 -1.46725020631483e-05 -1.79931622976384e-05 7.85450791611749e-06 -1.79564740068648e-05 7.89792640199276e-06 2.39123898403625e-05 -6.82754436541637e-04 -1.71641453216628e-04 8.07934375183238e-05 -1.99483654966629e-04 -2.49493195164263e-04 -3.21818070686541e-04 7.04553178575022e-04 5.14133540930559e-03 -1.15406896713301e-04 -2.75502661371147e-04 -4.12492543523779e-04 4.13754473403516e-05 1.76762971274910e-04 3.85283322001724e-05 4.70977336465237e-05 -7.79796651349942e-05 5.79740734402582e-05 3.43806693511373e-04 7.09393636505170e-05 5.63745477961671e-05 7.89686401102592e-06 1.26806166831780e-05 -2.07140875960681e-05 2.16192535351875e-05 -4.39818545612046e-05 -8.00583565733469e-07 -6.64044672864032e-05 4.86528140627339e-05 3.63337764776723e-06 3.47133047572954e-07 5.22934253972665e-04 -8.58554218084547e-05 3.31369265908560e-05 3.78854254926947e-05 -1.03119816457857e-04 -4.17368947216834e-04 -2.08417840761238e-03 6.49428110082323e-03 -2.70568160039257e-05 5.32413469599782e-05 -1.45292203348174e-04 1.11451418556224e-06 -7.79611943877105e-05 -2.76990032839084e-05 -7.43071713734636e-07 -2.73320539032062e-05 -1.25884879863433e-05 -1.91208618312460e-04 -4.98313422077064e-05 6.55584925012761e-06 -7.55842584583714e-05 2.02458768016003e-05 -2.47685805233469e-06 1.23197818951565e-05 -1.04273391596332e-05 4.06436864298326e-07 -3.72140876112755e-05 -6.62803366901840e-08 -6.75695334665511e-05 -9.38077040568230e-08 6.95367558532708e-05 -8.99227011113141e-05 -2.60780503937654e-04 3.93671898951222e-04 3.48140365995026e-04 2.26615175720492e-03 -4.47733678458454e-03 -2.18336520240468e-03 -2.27569179518396e-04 5.89152807923459e-04 2.46779907306721e-04 7.68310360245089e-05 6.33610511138197e-05 1.04020718465717e-04 7.68382692298104e-05 -5.59835481223187e-05 1.41461917341503e-05 1.51487562975843e-05 6.42341322724886e-05 1.09875130113214e-04 -1.77937766856048e-05 -1.44437563347788e-06 2.59388735618597e-05 -5.83433236852214e-06 -2.09391862652519e-05 1.54708735367193e-06 8.04539739232865e-06 4.69034569608718e-06 -3.18783590184213e-04 1.05008744408030e-03 -3.65523983219172e-04 1.19913099484793e-06 2.61124504017587e-05 -9.90264873204824e-06 3.57476969447237e-05 -1.52099635250169e-05 2.56613855226192e-05 3.59742372920879e-07 9.17409655944162e-07 -1.12573655861737e-06 -2.36158787207796e-06 -4.52643625074857e-06 2.48180295580511e-04 -9.79893484279120e-04 5.01610604787838e-04 2.22827101770767e-05 -3.01636291380131e-05 -2.23663359806281e-05 3.55031167113487e-05 -5.24231549063465e-05 3.48862165682262e-05 1.01137694616542e-05 -1.18294233407954e-05 5.95135060721118e-09 1.38424968125819e-05 1.12613063763532e-05 -1.36195303841742e-04 8.78344152911012e-04 -2.62229437509797e-04 2.07051655951565e-06 -2.43334660275600e-05 1.54302976846983e-05 2.02885062507203e-05 -3.07165833832790e-05 6.38777674232017e-05 6.24616494004547e-06 9.62661477830517e-07 -2.74948105620841e-06 -1.36548004900114e-05 -8.40255066413800e-06 -3.66328896618032e-04 1.32963639948598e-03 -5.17964567616711e-04 3.25489988721704e-05 -1.25338970696651e-05 -5.59433157243440e-05 5.01380578569595e-05 -9.75855832015849e-05 -5.52129073888227e-05 1.23002933009530e-05 6.09450008751117e-07 1.67818316298827e-05 -6.49612563291858e-06 3.53546451467131e-06 6.76089486561114e-04 -5.20127193763096e-03 1.29298772109448e-03 -8.05298201287190e-05 3.87129571816682e-05 -2.16907994130489e-06 -9.52799971964955e-05 5.10249846522983e-05 1.09837792885890e-05 2.07361407346566e-05 5.36334110939407e-06 1.09085792618435e-05 1.04839638247854e-05 -1.03206017285251e-05 -4.58064426649451e-04 4.62246257552217e-03 -8.90601271235070e-04 2.36207556707830e-05 1.25895627635659e-06 7.20937182641179e-05 7.96019626924910e-05 -2.56413928959072e-05 1.21214175344192e-04 2.02143326774117e-06 7.26044179093471e-06 2.17384207063885e-05 1.09812612856929e-05 4.12022247702495e-06
 -3.42387609186702e-05 -3.50303555083887e-05 5.19365048551241e-04 -2.25492891735510e-03 3.44995563495248e-04 -3.75907202281660e-05 -1.23670625151932e-05 -3.92162035460012e-03 7.20328898566591e-04 8.78067146994599e-04 8.87880392810693e-04 -1.00162548818946e-03 -2.33824825337262e-04 -8.77151696502709e-05 1.29987468378449e-05 -6.13734726124848e-05 -3.53249799389694e-05 8.50153572612565e-05 -2.55821434237298e-04 1.51194802203838e-05 -1.29981011673261e-04 -8.01438690563175e-05 1.56438260067333e-04 6.10661896060790e-05 -2.32896558079372e-05 -3.31679760953110e-06 -9.01006534207555e-06 2.53156298031620e-05 1.56546168929033e-05 -2.09599426583707e-05 -3.66941233040454e-05 -1.92461111123801e-04 6.76931318577883e-03 4.38905248332138e-04 -6.45849489400151e-05 1.35278096745901e-03 1.11938139411125e-04 -1.82511503694553e-03 -1.04122589506620e-02 -1.85780994700547e-04 1.89948893574749e-03 2.89216184771965e-03 1.94515143735688e-04 2.23587921607360e-04 2.24095253637628e-06 -4.34780465547280e-05 1.09370242971354e-05 4.14833393551814e-04 3.03079027999290e-04 1.07628549961768e-04 -7.05933821512884e-05 6.04116781478393e-05 1.51587818154663e-04 -5.74627749847457e-05 2.58642602521422e-05 7.04960535011812e-05 1.40690547742896e-05 1.09262928291119e-05 1.61604547112713e-06 -1.55565035189100e-04 2.76290591117591e-05 -1.73511429009608e-06 -3.52735734900788e-03 4.28021862128888e-04 -2.44675691503645e-04 -1.57744711572180e-04 -2.57573813519673e-05 7.75249719334458e-03 6.56750110038462e-03 2.09602933917745e-03 3.73635952076927e-04 -3.06557915072195e-04 -9.29283486076700e-05 -3.80739103842728e-05 -4.49996068479089e-05 5.46109078298249e-05 -5.33777335630237e-06 1.04831458809545e-04 -4.49664936306261e-05 -8.60613553215538e-05 5.92688861888345e-05 -7.07994062944508e-06 2.02220024367659e-04 -7.03942305567505e-05 4.53271768298544e-06 -1.21194762238804e-05 -1.03755974461961e-05 1.68882452066671e-05 -2.05939537583795e-05 -1.83524394539222e-05 -9.90804875866624e-05 -2.71353829885170e-05 -2.70319923959968e-04 1.20007943639711e-03 1.13951794522119e-04 -1.19117566819481e-03 1.78807248124041e-04 3.52727081335635e-03 1.37756182007590e-02 -1.47545828903288e-03 -6.83692265261754e-04 -1.61954968165081e-03 3.28281403521111e-04 4.04166015586051e-05 1.03478409241106e-04 -2.81180418969136e-04 -5.59835481223187e-05 2.95927505747075e-04 2.75910658415298e-04 3.96257921222634e-05 -2.79615261545059e-04 -4.25700015179647e-05 2.50503578117207e-04 7.44020386867911e-05 2.09909540882806e-06 1.45979291505858e-05 1.71924855988543e-05 -4.88065843070592e-05 3.22335701413067e-06 3.57152630372411e-05 1.53874979559668e-04 -5.56669896869892e-04 -9.06800228777454e-05 -4.08065690726104e-05 8.40495847082369e-06 1.00505467383872e-05 -8.33498295839917e-05 4.89608285677529e-05 5.11999022088090e-05 -2.47384297643372e-05 -1.77899418723469e-06 -1.45925308007522e-05 2.70588859766666e-05 1.54465710272694e-06 3.66933448305641e-04 -1.05139244323749e-03 2.02902683735063e-04 -3.98555712738292e-05 -4.63687500783634e-06 -1.12032957930490e-05 -9.54051069173815e-05 7.32141941730619e-05 2.92652108670459e-05 -1.12998947089640e-05 1.02553783173217e-05 -2.36847128309371e-06 -2.84070279021417e-05 2.31349882526415e-06 5.29251674348799e-04 -2.17540436462153e-03 1.43096913545145e-03 3.43056922232628e-05 7.12306727487024e-05 1.17334103540882e-05 -6.66479219405061e-05 4.47178195291825e-05 2.98839096099158e-05 -1.49603093106894e-05 -3.34254479844373e-06 1.59581156287013e-05 -4.25756946793870e-06 4.31978368612334e-06 1.68301830302262e-03 -1.19367416982455e-02 2.59015031330178e-03 5.85275795430583e-05 -5.16808945970491e-05 2.07326234097155e-04 1.62018156355426e-04 9.31330889895293e-05 2.70071203081796e-04 1.93289841271048e-05 2.62855071692685e-05 -5.00131446573994e-05 -3.51579314769703e-05 -1.23750652128391e-06 -4.30034694667988e-04 5.90059363866938e-03 -1.69504647437880e-03 1.44129418746907e-04 4.51904257728515e-05 -3.67859203113980e-05 3.24617662216353e-04 1.43390936669751e-05 -9.46192579628588e-05 -3.06183054912836e-05 9.12721600796164e-06 -1.43970766739615e-05 -1.74596598356164e-05 6.27317462935733e-05 1.18305572474591e-03 -6.87175969033793e-03 1.58599572667686e-03 2.39230294799540e-05 6.70461158435503e-05 -1.67417634581673e-04 1.35345873069584e-04 3.06819184634888e-04 -2.04044564704515e-04 1.22498777117545e-05 2.19420996883607e-05 -6.22733913543030e-05 2.11780384108281e-05 -1.12952137306323e-05
 3.46015004418140e-04 1.25859727872148e-04 -6.54439626326375e-03 -3.04358711695858e-03 -7.82068397922791e-04 -6.77782252771752e-04 4.23495698607751e-05 8.83532585697213e-03 3.48483263998016e-03 -1.00130722954940e-03 -3.22515802935292e-04 -1.89156793731615e-03 -5.74563557467209e-05 3.21452929385043e-04 -2.62512336725911e-05 -1.72582272866264e-04 7.41967300887740e-06 2.48193948221101e-04 2.15418599027562e-04 -5.74435255998245e-05 -2.03954525923625e-04 -4.76408050081925e-06 4.95413907541749e-04 -4.18829848424452e-05 4.67667906465925e-05 6.58773439885834e-05 2.67006033140448e-05 1.98342281754070e-05 2.15598051317207e-05 -1.67757364925681e-04 -1.00723573470782e-03 -3.26511466092034e-04 1.01924886749014e-02 7.58913982684422e-04 1.43798819081287e-03 2.53282540035375e-03 2.21504182059020e-04 -2.14527008465392e-02 -1.91327161745529e-02 -2.32753191145707e-03 7.04256223184476e-03 5.88574722596527e-03 3.28254232203032e-04 9.28643492836019e-04 -1.78526967958871e-04 -7.77055289030055e-05 6.47345702737892e-05 5.65929635151027e-04 1.13999419886892e-03 -1.37288284144918e-04 -1.90494350265156e-04 1.43264546554688e-04 1.09910584415164e-04 -9.01643945680026e-05 -1.31564431226329e-05 1.12473145674019e-04 4.05242402724438e-05 8.72836475547829e-05 2.62014919117647e-05 8.31232843678009e-05 7.10410551497915e-04 2.10364252055404e-05 -6.81568798093894e-03 9.30039726932011e-04 -2.67592357708943e-04 -3.12456948228232e-04 1.77782789944707e-05 6.70521221781947e-03 1.28045199405084e-02 -8.30456962689977e-04 1.13433517824232e-03 -7.59030112860746e-04 -1.38318808062899e-04 6.35385806846775e-05 -3.38578959452054e-05 1.18879183335043e-04 6.84766164631415e-06 2.16214361070591e-04 2.67999140010046e-04 -4.63669502481334e-05 1.91062566171308e-04 3.44284882580611e-05 3.82918775531776e-04 -1.30584649790256e-04 -1.11080117339125e-05 -3.95990815755875e-05 -1.63853954393058e-05 3.69748226044237e-05 -1.99584118041050e-05 7.80313595309082e-05 -4.37642762492283e-04 -3.68104786873161e-04 9.39102996800394e-03 7.96506464344651e-04 -1.65615922296882e-03 -3.61875172815235e-04 3.20695992393863e-04 2.76586350820081e-02 8.76219083572021e-03 -3.97114075953328e-03 -3.61752613508190e-03 -7.10406492147286e-04 6.94975642158584e-04 6.82038409400809e-04 -8.83979481799317e-06 -2.18483862765461e-04 1.41461917341503e-05 2.75910658415298e-04 1.12471470241620e-03 -2.78897538006701e-05 -3.69763500042455e-04 -1.50630184694404e-05 3.47030865224871e-04 2.87252025977721e-04 -3.53178911530291e-05 -7.61030363467347e-05 2.00162776203399e-05 -1.54846654764764e-04 2.10099806022749e-06 1.99870982360385e-05 8.97745924117390e-04 -5.64287651584901e-03 1.51177739997945e-03 9.83170735890184e-05 -5.85361574696084e-05 8.37916628136382e-05 2.55658821326026e-04 -2.86633486678660e-05 9.45672919765252e-05 3.55014468817203e-05 1.44872215735792e-05 -1.70671230156368e-05 -1.57391595860385e-05 3.17666821868025e-05 7.71973582706912e-04 -4.81377393249053e-03 1.26776134443145e-03 7.16073773996639e-05 -1.24830858683108e-05 -9.86617540134096e-05 2.12931473492257e-04 3.61758219237788e-05 -1.23001058820739e-04 2.59435558334129e-05 -9.34876835367803e-06 -2.83934931255011e-05 1.30386275747971e-05 2.69610488723812e-05 -5.80575582097311e-04 9.17751635508836e-03 1.71565586925155e-04 2.89715965367747e-05 -8.44491945398618e-05 -2.05964389731926e-05 -1.33670205264058e-04 -2.57961857322110e-04 -3.94434829714653e-05 3.03443083206090e-05 8.97401410532663e-06 -1.01199933360083e-05 1.41591749973935e-05 -6.32406368071884e-05 9.93839911472703e-04 -5.51931561217070e-03 6.08592657811080e-04 3.06653182071783e-04 1.22080756261600e-05 6.94608033371164e-05 8.42694269209741e-04 2.16643135469757e-04 4.65976016995669e-05 1.06998851924494e-04 -1.31912550249640e-05 -3.29738632887304e-05 -1.31794200301483e-04 -2.47717268031431e-05 2.43863235532569e-03 -1.47110297968697e-02 2.42823067477883e-03 9.45988956353814e-06 3.49130747920588e-04 1.80307171613383e-05 3.68411164289126e-04 4.02335920300015e-04 -6.79176590546406e-05 4.50903521378217e-05 -1.43909566726913e-05 1.66282011705561e-05 -1.56342744282791e-05 1.26065544501178e-04 4.22407987713638e-04 -1.60263992975527e-03 -3.33257803132446e-04 3.03874879409448e-04 9.99381098243471e-05 -7.25607686558204e-05 8.48936048762831e-04 3.50526989378285e-04 -1.53631914303079e-04 8.87176738864950e-05 4.06969037432851e-05 -7.41731120285292e-05 1.43115730316250e-04 -5.41059470445737e-06
 2.73834944650616e-04 -1.90625866198732e-06 4.12936139522331e-04 2.54393451429250e-04 -1.48368663758822e-04 9.12431088490134e-05 -2.85219972966446e-04 1.51891164536579e-03 -4.69657975961095e-04 3.98953269712903e-03 -2.66075903458489e-04 1.43386694918892e-04 -4.66158432474592e-04 1.54873155809512e-05 -9.30941016601477e-05 -1.49007464009443e-05 1.10865501279489e-05 -2.07882002815481e-05 5.55543174495126e-06 -7.43088039319833e-05 -1.32607769223576e-05 -2.47704877337383e-06 -5.88123337617999e-05 -2.49372657122264e-06 -2.16726125386140e-05 6.00132055659585e-06 4.43321432156378e-07 -1.11544603220305e-05 -6.39232064009098e-06 7.71909881921680e-06 4.61979938726721e-05 3.15704613050389e-05 -1.08387048462353e-03 7.21020511825064e-05 -4.70312192105572e-06 -1.06452214523387e-04 -7.87129542206556e-05 -5.73914488366406e-04 1.15639932866317e-03 8.24191464734506e-04 1.07686791322981e-04 -5.06734334135513e-04 4.68940935961817e-05 -6.01580871905201e-05 8.55551727778534e-05 1.18412475107502e-05 1.21808583415162e-04 5.01187123625849e-05 -4.81592846344166e-05 1.52947518636396e-04 4.50712549222087e-05 1.73983723827500e-04 8.58675897841518e-05 1.71026085159390e-05 -5.56124527497415e-05 6.35208493751116e-06 2.19665848120804e-06 -1.63626267861795e-06 -2.41821929466245e-05 -1.88318840266709e-05 -1.83129211404683e-04 -7.83273136447809e-06 -7.02946992596400e-04 4.78930573411653e-05 2.07736488133455e-05 1.62848586650668e-05 -3.00790628335819e-05 -1.37272716440564e-03 -9.43678071082638e-04 2.31926729453531e-03 -3.22834439193841e-05 -1.29954604319388e-05 1.32749940099624e-05 1.24613640979681e-05 -1.97631760481974e-05 -9.94903242546914e-06 1.79635789568533e-06 -1.10314209140034e-05 5.25403112131751e-05 -5.42985817766938e-05 -3.27195858126862e-05 2.95784958058321e-05 -1.29192669663655e-05 4.56661246296282e-06 -9.86667005944679e-06 7.08905826860137e-06 -2.00556669292076e-08 7.73176313140065e-07 -1.16833256877674e-05 1.09443106596448e-05 7.91416321496768e-05 2.11102603212843e-05 -5.91548486664076e-04 -2.81639017629428e-05 2.38430249665786e-04 -3.44065294920608e-04 9.19144102640602e-04 -2.99057000758011e-03 3.58000310440656e-03 -8.34870605648482e-03 3.73598136706788e-04 -5.24408401745028e-04 1.29838797593041e-03 -2.85612657112593e-05 2.35133056139525e-04 2.87373508989423e-07 1.51487562975843e-05 3.96257921222634e-05 -2.78897538006701e-05 1.16104873945038e-04 1.68164360890668e-06 -4.55604381826433e-05 -2.86138870618136e-05 -9.31451765627325e-06 -7.50197120820474e-06 8.65732016976561e-07 4.60711887006147e-06 5.48244562572730e-06 -5.59006114113769e-06 -2.34245093340256e-05 -5.86410180638686e-04 3.69909941342634e-03 -1.05174292743973e-03 9.10988249940239e-06 7.14506129117661e-05 -3.51886499360945e-05 4.37866865443143e-05 5.89456054363799e-05 3.52013115414510e-05 -4.35055661246936e-06 -1.29870378997951e-05 -2.76049375342982e-06 4.89814101081873e-06 -1.83504088151160e-05 5.13052693935427e-04 -3.29348239761359e-03 8.27781007342037e-04 1.25191873072369e-05 -4.96634889407252e-05 -3.62608819187708e-05 2.74251466167759e-05 -4.66753132788293e-05 1.60082495391231e-05 5.79130587861019e-06 -1.25876112261286e-05 -1.03770041395558e-06 1.47406540777784e-05 1.04862886968095e-05 -2.26153226631895e-04 1.07600188864747e-03 -3.98267403532422e-04 -1.14771803711646e-05 -2.67019306879314e-05 4.54784129763549e-05 2.34372513971265e-05 -3.41331914745222e-05 9.42403777341608e-05 5.75887905317337e-06 -1.04837417591818e-05 -3.12884746693199e-07 -1.43940019794216e-05 -2.97739311513199e-06 1.12911662811222e-03 -9.57550500822013e-03 2.23332071535982e-03 -2.08622900900078e-05 -1.39397919332861e-04 9.96934166698263e-05 -9.04850582644678e-05 -2.02515584970112e-04 7.68906188194306e-05 -6.25591302305953e-06 4.38004914646853e-05 -1.32257251897442e-06 1.37433225500702e-05 2.72611447994844e-05 -4.77357429093166e-04 3.16229958754746e-03 -7.95800776016494e-04 4.14559946535304e-05 -1.41876465015239e-05 -1.02097759335142e-04 1.80240870591373e-05 1.37745546373881e-05 -2.05204337278187e-04 -5.47664525756572e-06 2.72498894163414e-05 4.82038855281379e-06 -2.51736816599321e-05 8.80455373540068e-06 -6.31098854311115e-04 6.22103679286583e-03 -1.24891167531092e-03 -1.91550472118658e-05 1.13442705062819e-04 5.24456459804898e-05 -3.27236554919360e-05 2.36625688786654e-04 4.61953820657793e-05 2.18760094711572e-06 3.79898605881805e-05 1.24463093706296e-06 -9.10978687221891e-07 -2.27499496080917e-05
 -1.63105035464363e-04 9.29733212773572e-06 3.55474792506543e-04 1.43081647894665e-03 1.94223473159327e-04 1.80914208777742e-04 -1.83904066296632e-05 -3.92042637451752e-04 -2.76287930791712e-03 -1.77680995700435e-04 -1.87934816633113e-04 1.09528735041449e-03 2.12049767761645e-04 -4.93565320198698e-05 -2.05600246104165e-05 9.00574419208754e-05 4.02007699446664e-05 -1.36763934908825e-04 1.60377705299482e-04 -4.62665534721072e-05 1.48530240205735e-04 1.13919002713084e-04 -1.55597526953157e-04 -4.70567659419875e-05 8.74905710705739e-06 -1.94111134782843e-05 5.71557229958908e-06 -1.54847076667463e-05 -2.63393253039312e-05 3.79848550309183e-05 9.22844187030839e-04 1.62515029117039e-04 -4.45506417127382e-03 -1.09168210529862e-03 -3.04934248216757e-04 -1.68604516771400e-03 -1.20131562799253e-04 6.82537787007517e-03 1.18063618640212e-02 -1.10739669982976e-03 -2.73102756671488e-03 -3.20436862682429e-03 1.24302177381333e-04 -2.04612881643249e-04 6.69852088011472e-05 -9.11365108588728e-06 6.36443223045091e-05 -5.47270647789277e-04 -3.15350804395727e-04 -1.35515421492259e-06 -1.32535670785292e-06 2.66538951570083e-05 -2.35198941267042e-04 3.56516056335621e-06 -3.23399298478140e-05 -7.95765846885744e-05 6.81695021190956e-06 -3.36850460754712e-05 -1.63254873518220e-05 7.80913385216919e-05 5.49920604234509e-04 7.88916409902357e-06 7.26897632218986e-03 -8.69006617263782e-04 1.36841168274293e-04 2.13929490952402e-04 4.55004583345043e-05 -2.05991206470850e-03 -8.13382799819029e-03 -2.45555424145221e-03 -3.48929058680212e-04 6.02173993680359e-04 1.89929327047819e-04 -2.28877613905957e-05 6.33191649601730e-05 -7.15746078367600e-05 -1.74135815443167e-06 -1.42071792122430e-04 -1.64853363890265e-04 1.28913948689133e-04 -8.43339823776440e-05 -3.40086878297837e-06 -2.77073797812962e-04 9.06340863133869e-05 -9.05341942960750e-07 1.75298715361854e-05 1.52076810868340e-05 -1.97858744876548e-05 3.12558659963309e-05 -3.69209429126941e-05 1.77799025645264e-04 8.62568036785724e-05 -1.40911353543663e-03 -4.40030171228240e-04 4.25642506312149e-05 1.24582727048381e-03 4.96130269253634e-04 -5.10908590102586e-03 -1.52341720610001e-02 -4.84962762107577e-03 9.56583403148036e-04 1.93312248534876e-03 7.12583863857106e-04 -7.86058638137714e-05 3.32528899264975e-05 3.56930654565070e-04 6.42341322724886e-05 -2.79615261545059e-04 -3.69763500042455e-04 1.68164360890668e-06 3.72383002506196e-04 -2.54629240474174e-05 -1.95355175263713e-04 -1.16062831759030e-04 -1.46140999097591e-05 1.32201514229859e-05 -5.39445631526193e-07 6.53939493650275e-05 -1.71743797688728e-05 -2.33168389168014e-06 -4.61937193991138e-04 2.59402814434667e-03 -3.46249302151090e-04 -3.73931958733490e-06 -1.28791428736690e-06 -3.43385231596245e-05 -1.70028334150314e-05 -9.40985393787830e-05 -8.97302878776133e-05 4.67406294527279e-06 5.12715730118713e-06 1.83308566748005e-05 -7.94473214687582e-06 -1.29452423786950e-06 -4.14800256506839e-04 2.08057371221265e-03 -2.87556035514032e-04 -7.69681301045585e-06 -1.16561803631028e-05 3.14492421452749e-05 -1.82759065975145e-05 -1.02013789319741e-04 6.22937749026077e-05 -1.06081979273992e-06 -1.22738004937717e-05 9.06467734826459e-06 1.47079229461486e-05 9.91234540318761e-07 7.11527574839778e-05 -2.60873757032559e-03 -2.41300370595255e-04 7.94298322273224e-06 -3.86446040928489e-06 1.29269371441661e-06 1.01194042323738e-04 7.89272745742499e-05 -9.07746995584648e-06 -9.36683946275657e-06 4.86286762412918e-07 -6.48242095421185e-06 2.62859078884169e-07 4.77822545115434e-06 -1.20751159597263e-03 7.24197112529287e-03 -1.57603214487591e-03 -6.97955902593544e-05 -4.49143044042274e-05 -1.87159282669265e-04 -2.01014522717982e-04 -3.01046993512378e-04 -2.71535172100809e-04 -2.81313766205746e-05 -1.82333450070813e-06 6.51050108450100e-05 4.12751502112367e-05 2.84682611773873e-05 6.48514894168640e-04 -6.94275784790451e-03 2.01935057103693e-03 -1.98627217068675e-04 -5.55379222456117e-05 -2.56860141298553e-05 -3.99051375373898e-04 -4.15401732939184e-05 -4.88731824159911e-05 3.43137588989877e-05 9.86900483957529e-06 2.21688238348613e-05 1.88503941645657e-06 -8.06556639269111e-05 -1.90968648758478e-03 1.29573601744513e-02 -2.97635559119385e-03 -1.78408470548582e-05 2.92018963236713e-06 2.49863360584157e-04 -1.12148798414192e-04 -2.04480794151152e-04 2.74064378819252e-04 -1.34115957583592e-05 4.51917088526429e-06 7.75266755122389e-05 -1.69016514313535e-05 4.91978045474595e-06
 2.09790638423181e-04 2.07599137040210e-05 -7.21665292210103e-04 8.63487060517424e-05 -1.94308826129622e-04 -2.68072521248781e-05 -3.53943366374392e-04 2.57368741650281e-03 -5.58338626787272e-04 5.12616472182630e-03 -3.84254267291837e-04 1.47100875327789e-04 -1.12306273849610e-03 6.71949850099296e-05 -1.42480878992951e-05 1.52733091151287e-05 -9.29943614771428e-05 -1.32172874937466e-05 1.40494647396942e-04 -1.40954768039983e-05 6.84229278652067e-05 -3.27819332263314e-04 -2.62160847600293e-05 -3.46736238365296e-05 -6.31612813087067e-05 2.84615875909276e-05 -5.02230494896734e-05 -4.12857962281162e-05 3.83692690012353e-05 -1.67594213890628e-05 1.72391027175238e-04 1.90089693101075e-05 -6.67063435533371e-04 -6.24424082804801e-05 9.21919698864681e-05 -5.53982925518180e-05 -4.80380652026094e-04 -1.70595877086931e-04 -8.41045500022360e-04 1.33040140054483e-02 1.38039368647150e-04 1.50485766381516e-05 -1.54027451406726e-03 9.62787489555616e-05 2.64122713111689e-04 6.86894241860010e-05 -1.70616811080410e-05 -1.78035625270394e-05 1.46712934325784e-04 5.60604444799813e-04 1.31820600269833e-04 -2.67640214321066e-05 5.75685152489088e-05 2.60470439669115e-05 1.49540368793090e-05 5.87300335988875e-05 -1.37828451894757e-04 -8.96145396834855e-06 -1.08822230182564e-04 2.85012152057663e-05 1.96121767491381e-04 3.48988551504060e-07 5.14918064057551e-04 -3.49536525001908e-05 -1.21316782313912e-05 3.12749883624324e-05 -2.27317689179888e-04 1.16076608279840e-03 -2.18650088340617e-03 1.33824660929659e-02 1.69950019631376e-06 8.41202346489138e-05 -4.81556334447468e-04 -1.14671346311410e-05 -1.85857775034297e-04 -4.61632948399040e-05 -3.93033675286708e-06 -3.16148370787586e-05 -2.85584063643041e-05 -4.46753560624430e-04 -1.00037007476205e-04 -1.27014734838948e-05 -7.78168487483242e-05 2.08515364977289e-05 3.55970722174755e-06 2.65376792260875e-05 -3.03846353826516e-05 6.47269525284086e-06 -8.42493032238673e-05 -4.52357136945102e-06 3.62152756607822e-06 -3.12915391769504e-05 1.10012479107707e-03 -3.25995459982129e-05 -2.51699280779970e-04 3.39277863453604e-04 -6.76058968241609e-04 2.65980864978887e-03 -3.54140138578086e-03 8.41663115499589e-03 -3.15071594764362e-04 5.80612264801301e-04 -1.60154143400221e-03 3.41348491482932e-05 -1.03188179745052e-04 1.53683844371319e-05 1.09875130113214e-04 -4.25700015179647e-05 -1.50630184694404e-05 -4.55604381826433e-05 -2.54629240474174e-05 3.51462488466720e-04 -6.07103156861951e-06 1.42958315782714e-05 8.12936893468194e-05 -1.50011544814889e-05 -6.68111242644677e-05 -5.59179293151154e-06 4.35386428575325e-05 1.32019209660118e-05 -6.47407765154118e-04 3.44664391207820e-03 -1.03826259533202e-03 -1.56631967710944e-05 8.51062368675647e-05 -2.63922954200147e-05 2.60225489322965e-05 1.15041964435950e-04 4.97999588759465e-05 -4.81808623220951e-06 -1.38191024821416e-05 -1.10434465065092e-05 -6.20403561888542e-06 -1.80423300714608e-05 6.50510821102220e-04 -3.95528015543530e-03 1.27469323292784e-03 4.83063073090767e-05 -8.21913840232350e-05 -6.68123706265710e-05 9.36894586084843e-05 -1.57773224269624e-04 -1.43858130316742e-05 1.35149168585905e-05 -3.28135428036777e-05 -2.40964675448124e-06 1.58208443651408e-05 1.81729195369810e-05 -2.25016770839423e-04 1.63385491204566e-03 -3.24864717189975e-04 -3.03883596118185e-06 -3.44509362577394e-05 5.08361311745406e-05 1.91459033045605e-05 -6.20199199947472e-05 1.95903018471853e-04 1.19057277265673e-05 -5.80570070836055e-06 -6.56467157594315e-07 -3.70255656562015e-05 -1.14922070096609e-05 -1.34399339186407e-03 8.83127219719474e-03 -2.42751902687805e-03 4.59866771497731e-05 1.53602056347589e-04 -1.03916993667159e-04 9.66229274252660e-05 1.94666230274294e-04 -1.71666328582337e-05 1.82862125111235e-05 -3.99865999568461e-05 -3.78865106817933e-06 -1.13265786762460e-05 -3.50254780522242e-05 3.21970016592192e-04 -2.85401165047004e-03 5.82989592517191e-04 -2.59463428976927e-05 1.11418335564455e-05 9.97485875501863e-05 -2.69859737820555e-05 -9.23273434930091e-07 2.82962938371965e-04 5.09529185145732e-06 -1.76797116363653e-05 -6.31287723741443e-06 4.94359004639107e-05 -7.74796530172129e-07 7.46282727614303e-04 -4.86257577033019e-03 1.36907274119032e-03 -1.91576926674524e-05 -1.26270536364749e-04 -4.88347680819838e-05 2.21631352691863e-06 -2.41518889984759e-04 3.49237082271311e-05 -1.38319611012707e-05 -3.75281640968695e-05 1.05351604922024e-05 -6.14626861379470e-06 2.34844585844763e-05
 -2.06854900857026e-03 -6.83164104581776e-05 1.98054839380667e-04 -1.84545681722506e-03 1.01624671558212e-03 2.29798472759255e-05 -2.26793381636343e-04 -1.28663180531780e-02 -5.05365661846975e-04 2.61236645692619e-03 2.22884842723551e-03 -6.35894699364893e-04 -5.48134786408725e-04 -2.87701876519723e-04 2.98662765320502e-07 -6.81595962749199e-05 -6.89283282821577e-05 1.44510834291563e-04 -4.44054165984366e-04 8.65979192154382e-06 -1.43233941217590e-04 -1.51583641074540e-04 3.81019609680434e-04 9.15648308215837e-05 -2.49158386720377e-05 -2.49565679700287e-06 -1.93745989043604e-05 6.28815124848639e-05 3.96382341986808e-05 -8.01475791058403e-05 -1.22744128162443e-03 -3.45125512585193e-04 1.32521198268662e-02 -3.06411140939391e-04 -1.37331650334110e-04 1.72629050042545e-03 1.85201900808133e-04 1.07198870955960e-03 -1.55629585870886e-02 -9.63034378659651e-04 4.88476797266045e-04 4.71178078743809e-03 4.31438886994511e-04 7.62790249585604e-05 6.50637809101678e-06 -1.19248146727678e-04 -2.30911015827769e-05 2.97865566352426e-04 8.55694579646309e-05 1.15329764387952e-04 -2.37739737299560e-04 7.64742156973834e-06 -1.98169817732545e-05 -1.56879149851782e-04 4.00533150899802e-05 1.01532073133507e-04 1.97536695894193e-05 -4.39881893895283e-06 -6.70616993607162e-06 -9.51186443393385e-05 -7.43963811755977e-05 1.25128973277289e-05 -1.82620553577831e-03 1.44026694115203e-04 -1.26865200043101e-04 -1.66908671065426e-04 -3.18763702004311e-05 4.63523131444154e-03 8.04849310372714e-03 1.78112053055681e-03 1.15136043409574e-04 -2.35816088004146e-04 -8.54971792670429e-05 -3.64558399048106e-05 -4.58691521205516e-05 6.78744436918704e-05 -5.07703395744915e-06 1.26921884415368e-04 -8.11344729637723e-05 -7.49693060179530e-05 1.07291258854377e-04 -4.85289763506581e-06 1.86421756295796e-04 -7.93897206274925e-05 7.88898112833856e-06 -2.31799303215811e-05 -1.14908190934176e-05 6.28937904075123e-06 -2.09832376461154e-05 -2.43433251527256e-05 -5.44218355170742e-04 -6.69545103845045e-05 3.58302404965333e-04 -3.64503691329532e-04 -5.11176030865172e-04 -5.44115563292644e-04 4.98668762700920e-05 9.64536661633878e-03 5.04244323298312e-03 -8.47304121843679e-04 -1.72684166525218e-03 -8.76840486045270e-04 1.28668917840223e-04 1.71356051756358e-04 1.26497229276331e-05 -1.64092866593507e-04 -1.77937766856048e-05 2.50503578117207e-04 3.47030865224871e-04 -2.86138870618136e-05 -1.95355175263713e-04 -6.07103156861951e-06 4.39244461995701e-04 8.14734403989821e-05 -5.70024533248248e-06 1.26372084107789e-05 1.79464144695678e-05 -6.79172900545049e-05 -3.41376044831941e-06 1.09838058612187e-04 1.84122486133922e-04 2.87863313991745e-04 -2.00352519780633e-04 -1.48839551589694e-04 1.53172770510819e-05 1.84692011831290e-05 -3.84299472517722e-04 7.80865656378305e-05 2.20553102614294e-05 -5.58695962630326e-05 -5.37794864214229e-06 -2.68654454130994e-05 6.61616125407633e-05 1.09987735088186e-05 5.09097179972437e-04 -2.06320141119697e-03 3.87235034234831e-04 -1.45770500746567e-04 -2.42949242505567e-05 -1.77004320646273e-05 -3.67815639407614e-04 9.10590061692669e-06 5.73488686372526e-05 -3.08480047717400e-05 5.15127695236016e-06 -1.71488681716507e-06 -7.91307666802907e-05 8.97599865927473e-06 1.92949981768851e-03 -1.04364852999236e-02 3.37841246141156e-03 1.28391987149186e-04 1.94073986760261e-04 2.87065333097814e-05 -8.93635007103584e-05 1.76072137078598e-04 7.75106750923183e-05 -4.25460074429951e-05 -8.67548047932265e-06 2.39766868556770e-05 -1.20085177321238e-05 1.79647600369335e-05 7.38036232362192e-04 -4.72992399269706e-03 8.73875691401208e-04 1.24256253166026e-04 -1.16174627214734e-05 7.39282356365798e-05 3.25003000410691e-04 6.34321418612068e-05 7.69283708144802e-05 3.62711395989303e-05 2.13143804729511e-06 -2.36843247084735e-05 -6.25154216551804e-05 5.78696945186719e-06 1.11910153136492e-03 -3.93375236590636e-03 1.38281114870296e-03 -3.10676121463851e-05 1.27036629476080e-04 1.34218437980212e-05 2.17856737366011e-04 6.74880793846784e-05 -2.31205298578762e-05 7.59744273240122e-06 -1.88682633612485e-06 6.40540160711508e-07 -8.55373157497201e-07 3.04636628244705e-05 6.29245973979683e-04 -3.61411698604993e-03 6.93329149379587e-04 1.05103208455877e-04 2.16157099969609e-05 -8.45712255141140e-05 3.04742881489049e-04 1.12493698680985e-04 -1.13069429136769e-04 2.44529794996245e-05 8.15834709334366e-06 -4.41603138520165e-05 5.56252689445853e-05 1.41462788449723e-05
 3.72796756160135e-05 6.23688798662644e-05 -2.82788235758491e-03 -6.03628125083004e-04 -2.02329329546590e-04 -1.69316015292669e-04 3.53559420428050e-05 2.25349257622404e-03 6.50153117546902e-04 -4.14714130491543e-04 -1.62318239424892e-04 -4.99873817424022e-04 -1.05999852510360e-05 8.51028773670609e-05 1.63319100567799e-06 -3.33669381954195e-05 -3.06634699786746e-06 6.41671204467283e-05 5.89332231723905e-05 -5.36495708264079e-06 -5.64423335156486e-05 -1.83801093922092e-05 1.05807513810746e-04 -2.11057743282266e-05 1.16281203160857e-05 2.66835434328927e-05 6.94022717779709e-06 3.24750987952379e-06 8.45151396588361e-06 -4.72782287524079e-05 -7.78473987731053e-04 -8.06952713466308e-05 2.00014544947229e-03 1.27887224610351e-04 5.65916693227663e-04 9.40512061399765e-04 4.45457348822943e-05 -6.54526787337755e-03 -6.20160167970660e-03 1.04759353893476e-04 2.36777411046959e-03 1.99278062239082e-03 1.27367921907855e-05 2.84605065491330e-04 -4.24880913276368e-05 -7.89965050229346e-06 8.65923828026557e-06 2.17130350649992e-04 3.16490307534998e-04 -3.71316969383635e-06 -1.89531880240055e-05 3.04114683645105e-05 5.10352392912448e-05 -1.58567277615481e-06 2.76681903042139e-06 3.02369754214575e-05 5.15217636621898e-06 1.31741534680934e-05 3.43212271430393e-06 -8.21211950035943e-08 8.32845412848457e-05 1.00963613481945e-05 -3.02084116494656e-03 4.42165332310217e-04 -9.70147927374884e-05 -1.01620753384963e-04 -9.86533179028577e-06 2.40798047073095e-03 4.34664687216975e-03 7.09555653935961e-04 3.35734444763035e-04 -3.28311803699365e-04 -8.43158289028298e-05 1.67231171021047e-05 -2.55630083405957e-05 3.96311657950061e-05 1.51260104072579e-06 7.61406327169549e-05 8.54784080607726e-05 -5.16139142530044e-05 6.20451447513828e-05 6.85791150324751e-06 1.53074343743178e-04 -4.65771271592779e-05 -2.66101500590285e-06 -1.26236949051557e-05 -8.17640036516271e-06 1.40598062665896e-05 -1.31827569913627e-05 2.36006079410122e-05 1.10151284042577e-03 -3.19806863756584e-04 9.72815370415340e-03 -9.68093226673379e-04 -8.36163211223191e-05 -1.05914824291343e-04 -1.08363121714935e-05 4.97667280858799e-03 3.05037313812427e-03 1.22325436185580e-05 -5.48741632864144e-04 -2.13315740640791e-04 1.60162944807484e-05 1.16549276723217e-04 -3.14828890230252e-06 -7.61023843255702e-05 -1.44437563347788e-06 7.44020386867911e-05 2.87252025977721e-04 -9.31451765627325e-06 -1.16062831759030e-04 1.42958315782714e-05 8.14734403989821e-05 1.23325624751123e-04 -1.44617977868052e-05 -6.61410087817375e-05 -1.08644647035216e-05 -5.34143931061129e-05 -6.15130947353933e-07 9.58497130796807e-06 2.97297934708564e-04 -1.90520248628403e-03 5.17434561256568e-04 2.35289015329639e-05 -2.48551273726489e-05 2.72462536637222e-05 7.29625656235558e-05 -8.53276684776268e-06 3.87404825328654e-05 9.79352773198702e-06 4.89763971509155e-06 -6.37169339392456e-06 -4.47030681922445e-06 9.49319717915382e-06 2.49420205597969e-04 -1.35600469912230e-03 4.14797232933702e-04 1.89679049681453e-05 -9.35527215034664e-06 -3.09479778456609e-05 6.13698822904861e-05 1.44395667786019e-05 -4.06606089104342e-05 8.10858823777825e-06 -2.39314779302932e-06 -8.79683733470764e-06 3.21722038667808e-06 8.05697158818737e-06 9.46065575724200e-06 1.72182125700346e-03 3.18213042851967e-04 2.19918690533062e-05 -1.40963448880965e-05 -7.28724422569012e-06 -3.62288877868378e-05 -7.85651759483753e-05 -9.25291987947085e-06 9.17100599309072e-06 3.52046973885127e-06 -1.82186034319007e-06 3.40623917360158e-06 -2.11059568866699e-05 -4.22455008822864e-04 1.64748481478736e-03 -9.26923204920253e-04 5.87590138492075e-05 7.06541803435053e-05 -3.19345017342288e-05 1.77964585015123e-04 1.13081025883915e-04 1.61757962940083e-05 2.39249251058857e-05 -1.33702715985917e-05 -1.19870177177508e-05 -2.84891484878132e-05 -1.23676062030643e-05 -3.53797077342918e-04 1.67841885647778e-03 -1.04553029488446e-03 9.49441862184831e-05 1.23045103106393e-05 -5.81791757073482e-06 1.45016383209717e-04 2.18082723013272e-05 -1.11338400683904e-05 -6.27110343268020e-06 -2.23907427645064e-06 -6.06800634820731e-06 -4.72310681773658e-06 3.66255346512703e-05 -3.93742776961483e-04 1.50554738085515e-03 -8.56897523722901e-04 6.38843697890301e-05 5.84155663900697e-05 3.38579680639347e-05 1.75908772434591e-04 1.15621210685594e-04 -2.26470223192394e-05 2.05355788217662e-05 1.57228026380569e-05 -1.65234326488437e-05 2.91946091628103e-05 -2.04584739296747e-06
 1.60248131746781e-05 -2.19362074331171e-06 1.77157177538607e-04 7.55797507687901e-05 -1.80203214963889e-07 6.34819338550947e-06 1.68723547608140e-04 2.67109625676230e-05 3.45729898438203e-05 -7.83850864041140e-04 -2.51894239436598e-05 2.91907134229846e-05 6.12796481776343e-05 1.02423780008802e-05 5.57247395783982e-05 2.21040017365762e-05 -3.09490462380853e-05 -1.13926753586262e-06 1.13325770794123e-05 2.11574989259256e-05 2.07631093285747e-05 -7.31582725054553e-05 -1.45104400473168e-05 -1.35504682586724e-06 -2.05668415948883e-05 5.69022616842040e-06 -1.23214263516132e-05 -1.09089801524418e-05 7.54409437757172e-06 2.50788445385187e-06 -1.28231999419800e-06 1.12870447470531e-05 -4.97843992210830e-04 1.29187905480596e-04 -7.53469910181529e-05 -8.19221650661312e-05 -1.65131378628850e-04 6.86217910500728e-04 1.73985747612761e-04 3.88847459089514e-03 -1.82132082910598e-04 -1.81715865658419e-04 -3.36375933571246e-04 -1.63574592691158e-05 1.24459661409934e-04 3.84105910741196e-05 -2.33158321403568e-05 -5.87734501538932e-07 8.06017821556193e-06 2.48201270302939e-04 6.66252148884517e-05 -2.92491233017059e-05 3.40801395843954e-05 1.36894921963443e-05 1.08394989679323e-05 1.68028528564542e-05 -3.55208356389435e-05 2.52113252913883e-06 -4.28877617964736e-05 -1.96324148831969e-06 -7.57506846640961e-06 -2.55399023756623e-06 2.59976388233893e-04 -2.25945179673783e-05 5.82425278453672e-06 7.48929811494682e-06 -7.94062052535093e-05 -6.07980634244273e-05 -9.15251971368987e-04 4.92892505736365e-03 -4.40991187082454e-05 3.69957874347417e-05 -1.16009768727859e-04 -4.10453575553565e-06 -6.10021552605537e-05 -1.68289388282907e-05 -1.34525561160008e-06 -1.34031506729074e-05 -5.83385763440267e-06 -1.48580317264940e-04 -3.82663626377716e-05 -6.64767420833244e-06 -3.27222251998620e-05 9.09772771787839e-06 2.15497884889765e-06 9.56089518363754e-06 -8.24941288923318e-06 1.61933850518958e-06 -2.86789184508607e-05 -2.01100813123900e-06 -1.45264682244268e-04 6.68567185287864e-05 -2.12393260628522e-03 3.37335467876809e-04 -3.84729899269056e-05 -3.84407697471344e-05 -7.97372004157055e-05 -9.90351383303719e-05 7.49910726328776e-05 1.76502658803560e-03 -1.40039011876131e-05 -2.20153939847686e-05 -3.08374728836198e-04 -8.72761697714374e-06 -1.82037387825958e-06 -9.34982368882080e-06 2.59388735618597e-05 2.09909540882806e-06 -3.53178911530291e-05 -7.50197120820474e-06 -1.46140999097591e-05 8.12936893468194e-05 -5.70024533248248e-06 -1.44617977868052e-05 3.10756361736545e-05 1.10918977614344e-05 -1.41885588177157e-05 6.36788407014566e-06 1.06127401891295e-05 1.34663954835149e-07 3.90017821837866e-06 -8.73148612590016e-04 4.30798653371612e-05 -5.82212511166009e-06 -5.04148821729977e-06 2.35864149873806e-06 4.67532038794579e-06 -2.52996904683542e-05 2.18589264660028e-05 -2.88115045400107e-06 4.08974469204436e-06 3.39554981650537e-07 -6.25553442735913e-07 -5.62646168275422e-07 -3.15392428088866e-05 1.12609537785723e-03 -1.44421501263215e-04 1.08612471809729e-05 7.26430122227668e-06 9.43425866082906e-06 4.94013838443054e-06 2.32554857579188e-05 3.47628609683697e-05 3.61983755229178e-06 4.25311895857723e-06 3.82446426884884e-06 3.39671393817493e-06 -5.86313323272176e-07 -3.28126213974600e-05 6.49599583620118e-05 -7.09389324604189e-05 -3.47974302754171e-06 -1.51827070373765e-06 -8.12060647050072e-06 6.41251836093287e-06 2.90077860658063e-07 4.62109125362637e-06 9.27517054865590e-07 4.85179323261695e-06 2.23235669627663e-06 -4.69282434619174e-06 1.35243666130281e-06 -5.82515610226576e-05 1.65622485237684e-04 -6.92572305476877e-05 4.62809875035464e-06 1.31838445503039e-05 8.17204816602670e-06 -7.04045218143716e-06 1.33896747160584e-05 4.02049199256137e-05 3.70145498340827e-06 -8.08290637599121e-07 -3.93212076816979e-06 -1.27750834692074e-06 -7.08881544986136e-06 1.10327028119721e-04 -4.70913841403957e-04 2.10351029841375e-04 -1.04327904146445e-05 7.79698296164276e-06 2.13527497273151e-05 -2.50521022431308e-06 3.62401929065635e-06 6.26979992679602e-05 -3.34635524524220e-08 -1.68921422964551e-06 -1.45757207519713e-06 1.23668926452924e-05 -7.23026070267868e-08 4.56761943197946e-04 -2.19007161783552e-03 7.70396834518355e-04 -1.80860158782971e-05 -3.77414831356537e-05 -4.07259957135683e-05 -1.80538520642914e-05 -3.54654699454668e-05 8.96702754861262e-06 -7.61986644395103e-06 -8.65190605150545e-06 9.05516342881328e-08 -8.29913016553481e-06 5.21094084843946e-06
 -7.24733848005165e-05 -3.12734852469060e-05 1.02631401887617e-03 -1.54132518600936e-04 1.34057788767775e-04 -4.55667816963760e-06 -3.50161169573251e-05 -1.72997922000873e-03 6.05791144349602e-04 4.00798720618413e-04 2.18064483022611e-04 -8.53573750694972e-05 -4.89265221463024e-05 -5.73444279736226e-05 2.69176284379199e-06 -1.39778387980095e-05 -6.87250828500389e-06 -5.90343897674319e-06 -8.72855900458623e-05 1.15751631419543e-05 -1.31091510057749e-05 -7.97695572264395e-06 -1.15274264350767e-05 2.88787864345403e-05 -9.55163672473666e-06 -1.36169910983453e-05 -5.20831656718587e-06 9.40185342390379e-06 6.76869996950773e-07 2.11711076487317e-05 1.39100744869386e-04 1.23687886301027e-05 -2.02449524735274e-03 9.46545301248113e-04 -4.10895750443472e-04 -3.74029230248417e-05 4.87442553043371e-05 4.30590954580589e-03 2.23773587651856e-04 -6.25217319477484e-04 -1.23069968785523e-03 -3.36428812577937e-06 1.33937726982459e-04 -8.38670332697984e-05 -6.52243610172205e-06 3.64126895672147e-05 7.84617415756313e-07 -1.48617203949217e-05 -8.52450232583196e-05 -7.54754548729290e-06 -3.52322062230549e-06 -6.79669201741327e-06 -2.44520240656957e-05 2.18568524382338e-05 1.86871727179042e-06 9.05021014863133e-07 3.57763780233572e-06 -6.97561201669802e-06 8.33539298115236e-06 -1.87246636436309e-05 8.89278068170778e-06 5.88386287942232e-06 7.36709911208486e-04 7.21247019115952e-05 -1.13800235198380e-05 -6.19095121234641e-05 -1.69058811665748e-06 1.59276586853824e-03 1.08981936598728e-03 -3.39164757343152e-04 -9.55008489595516e-05 -3.50686484174725e-05 1.32799202355267e-05 -3.24116259508292e-05 3.66511432921066e-06 8.94204432148612e-06 -3.89399150802206e-06 1.32717804639954e-05 -1.21928252534482e-04 1.41199855112483e-05 2.41998035492186e-05 -1.33392202663261e-05 2.26446583164132e-05 -2.39525636113871e-06 5.89557568425516e-06 -4.14021056354316e-06 1.02804494373245e-06 -6.43519816477813e-06 3.85918864352733e-06 -3.17733105204675e-05 -5.42120757714325e-04 2.71236185119477e-04 -8.72646948091004e-03 1.61069291579090e-03 -2.89954770652115e-05 -2.71327454915668e-05 1.24251973475080e-05 -6.77059193565025e-04 -4.85849672715820e-04 -1.51511180383289e-04 9.64875540211351e-05 9.51952185688614e-06 1.81171023589826e-05 -2.94416604776806e-05 -1.12384360735892e-06 1.30568542564174e-05 -5.83433236852214e-06 1.45979291505858e-05 -7.61030363467347e-05 8.65732016976561e-07 1.32201514229859e-05 -1.50011544814889e-05 1.26372084107789e-05 -6.61410087817375e-05 1.10918977614344e-05 6.73333028451713e-05 1.88831092279989e-05 2.17965255539414e-05 3.14449736150709e-06 1.21691582548457e-05 1.98066172750848e-05 1.13972265734861e-04 -4.32851631558787e-05 -1.63662530729987e-05 7.30143774441965e-06 4.37096806929008e-06 -5.10944132234403e-05 1.97553763036350e-05 -1.61845702572804e-07 -8.00829834715474e-06 -2.21162901455371e-07 -3.17947397536749e-06 6.65571827158486e-06 -3.64917510887701e-06 4.58697805790958e-05 -2.04855008390073e-04 1.65288503116021e-05 -1.78321142863716e-05 3.88090900287169e-06 -2.49401447455445e-06 -4.92142458671378e-05 1.29581454699565e-05 8.49737242397850e-06 -6.18388829871635e-06 2.18797732813064e-06 -8.87348417373157e-07 -8.61688300367318e-06 -4.50436507328281e-06 9.39922887627042e-05 -8.18091131693355e-04 8.95463069490991e-05 -1.16120588837217e-05 2.49327626542677e-05 6.20797704876483e-06 -2.71588126600319e-05 4.69967086860273e-05 1.01616900226842e-05 -5.43450998433163e-06 -2.71779404925142e-06 1.46442146000515e-06 -2.01375715616713e-06 1.48134078652887e-05 7.08871690587862e-04 -3.35853327955405e-03 1.12518932655038e-03 -7.22886539564997e-06 -6.26539330472339e-05 5.83336099608029e-05 -2.91067769255343e-05 -4.68215882471972e-05 3.36143179484816e-05 -8.23545695765115e-06 9.22886501883645e-06 -1.57842813286153e-07 2.64137352106655e-06 6.34269837399155e-06 7.52895720626760e-04 -3.17805140444715e-03 1.27396719399721e-03 -8.63942489820152e-05 3.92437687580279e-05 1.12766790310814e-05 -4.05953354341745e-05 9.74246307652850e-07 3.40022487273006e-07 5.06257264918407e-06 4.75984523859095e-07 5.59202170996911e-06 2.31323998797555e-06 -1.51642088789240e-05 6.73813404391760e-04 -3.13130571195217e-03 1.05170660080253e-03 -1.77027557198714e-05 -4.22240511370282e-05 -6.57257766476074e-05 -3.66335774609391e-05 -3.07092457215911e-05 -3.61701799038658e-05 -8.96770460531159e-06 -6.42847124606808e-06 -2.01457634675732e-06 -5.25769100394435e-06 1.98270362844288e-06
 -3.22618151918246e-05 -1.15304560807911e-05 2.89425756692882e-04 -1.82585577404523e-04 4.44905264374959e-05 3.53477092587861e-06 1.65457758987559e-05 -6.87510337932718e-04 1.10420109382682e-04 -5.63055341213338e-04 1.08759242855467e-04 -7.55505716133895e-05 1.38546237860603e-04 -1.99362000342959e-05 -7.25201146011283e-06 -1.02826260376541e-05 1.71555631657932e-05 5.66152833311068e-06 -4.20578037483903e-05 2.23787563447318e-07 -2.07675098904670e-05 5.58121860933128e-05 1.93695955515162e-05 1.35035355969408e-05 1.12720877196926e-05 -7.37381113160835e-06 8.12373840985353e-06 1.16329958353217e-05 -5.32373012835861e-06 1.39573562705745e-06 -5.47145012101209e-05 -1.05046498890737e-05 -3.48273172524866e-04 3.61535356851196e-04 -8.23543397631880e-05 1.17989333501964e-04 1.22241823110832e-04 5.34962566069517e-04 -5.90407142793976e-04 -2.80850850822458e-03 -1.38626173284300e-04 2.90932363191178e-04 3.29125076882815e-04 -8.34384311410889e-06 -6.82940763716225e-05 -3.73181104555614e-06 6.99536064448595e-06 1.45952421871502e-05 -1.27564399391869e-05 -1.30160067048902e-04 -3.73500713321091e-05 8.72597841876077e-06 -2.46825327056761e-05 1.20832972776474e-06 -3.26988457516031e-06 -7.39119116152866e-06 2.74112746083821e-05 1.70667413344890e-06 2.71475870624815e-05 -7.20957360792785e-06 1.08047106846561e-06 4.71754522955957e-06 -1.07101157386789e-04 8.41153960980087e-05 -1.12219500402743e-05 -4.23911464671528e-05 4.48847403638234e-05 5.21245436283131e-04 1.42311128094647e-03 -2.85641269105829e-03 1.35556658925070e-05 -7.00141834739304e-05 8.39739959199370e-05 -5.38640109427700e-06 3.58736856443734e-05 1.78305673711328e-05 -1.88792001291240e-07 2.12444888688052e-05 -2.25091026933599e-05 8.94295161568612e-05 3.93132662882379e-05 -1.42993798787946e-07 4.27149271808198e-05 -1.07635470378688e-05 6.84082866036506e-07 -8.85598614810954e-06 5.13354704477186e-06 -1.93955640963736e-06 1.70043211370587e-05 -5.99511090788175e-06 -1.06271794582586e-04 6.51813291973916e-05 -2.21051400946948e-03 4.78792350241419e-04 -2.19388351663029e-05 -4.87134630128181e-05 1.04090113590709e-04 3.82892177711040e-04 4.44648708264563e-04 -1.49627707747109e-03 -3.61802644613341e-05 -7.32934772466958e-05 2.78217086804567e-04 9.95723705935205e-06 9.15881396285086e-06 -1.60275551556193e-06 -2.09391862652519e-05 1.71924855988543e-05 2.00162776203399e-05 4.60711887006147e-06 -5.39445631526193e-07 -6.68111242644677e-05 1.79464144695678e-05 -1.08644647035216e-05 -1.41885588177157e-05 1.88831092279989e-05 1.83026405853828e-05 9.03161942455718e-07 -6.89188517998074e-06 4.17930710997386e-06 9.78544237798708e-05 -3.02651010846009e-04 1.24799758004057e-04 -3.52441310412114e-07 -9.97498582300390e-06 3.16571084142074e-06 -1.54484580119235e-05 -8.00286050757222e-06 -1.27869024428647e-05 -2.59492107230549e-07 9.60400970434100e-07 6.33794088339990e-07 2.89025441414671e-06 2.86627832864120e-06 -8.72518333923012e-05 3.92866963529438e-04 -1.79051052634418e-04 -1.25575392476104e-05 1.18624898069008e-05 9.18909035513517e-06 -2.41440887407002e-05 2.08231957197664e-05 -1.46186211372257e-06 -3.60165138004955e-06 4.61869734120087e-06 -4.25868763414610e-07 -5.53052860384030e-06 -2.83441316881429e-06 7.42354617199089e-05 -3.75069110746885e-04 1.39637577548046e-04 1.85113047441675e-06 1.03080896902723e-05 -5.31747082232103e-06 -1.38156731641517e-05 1.31244348267413e-05 -2.78011218447530e-05 -2.96987767118351e-06 -3.17571625059544e-07 2.34534280093814e-08 6.02618673614569e-06 2.86921358938822e-06 4.17697686068350e-04 -2.23750003199705e-03 6.64519226895217e-04 1.11661571669229e-06 -4.00678870037205e-05 3.03748283819547e-05 8.04294165751647e-06 -3.44093288919780e-05 4.73646451475581e-06 -2.34352144475774e-06 7.30869528422659e-06 2.26766880950843e-07 -2.00595446779130e-06 7.03342020416764e-06 2.74285792435791e-04 -1.11152530186130e-03 3.98103431729876e-04 -2.36558590345903e-05 2.09734308224057e-05 -1.12839257593006e-05 3.55372001902108e-06 1.07614703505064e-05 -4.83846369475594e-05 2.39546930507977e-06 2.00066438884950e-06 3.14697246137471e-06 -8.25993442634706e-06 -1.31333848691516e-06 4.33383252973249e-05 -4.13831915924175e-05 7.00396757965439e-06 1.08387616143095e-05 1.15805545845369e-05 -9.01635542312850e-06 1.98283779325006e-05 3.49824004072329e-05 -2.28749112355135e-05 3.08377229619790e-06 5.17357680829440e-06 -4.44207488274138e-06 5.34232052852913e-06 -3.00205211221570e-06
 2.50039132026557e-05 -4.28304277919526e-06 5.20264792306938e-04 4.48561413920530e-04 6.14611894167252e-05 -3.82851175702045e-05 4.14019025326121e-05 -2.92050670495855e-04 8.41629596252678e-04 -3.30213861252049e-04 -2.05514249731335e-06 9.51816700337773e-05 9.33645524425438e-05 -2.16152067981711e-05 1.67970130339310e-05 2.41638186111280e-06 -6.84369996698424e-07 -2.68281784048050e-05 -1.24263524944261e-06 1.23345555735334e-05 2.29350612426721e-05 1.62762220909810e-05 -7.50273395860065e-05 -4.32326286238058e-07 -4.71454097666188e-06 -1.00080265267726e-05 -1.18970737450895e-06 -5.59672644121395e-06 -7.44246843360662e-06 3.28805725721021e-05 3.67674940343728e-04 5.54187905391796e-05 -1.10866645021157e-03 -2.30828803235024e-04 -2.31523911229854e-04 -5.75565129912855e-04 -5.10977262460785e-05 3.30142793584167e-03 3.98973901892983e-03 1.60958536788697e-04 -1.14393156327501e-03 -1.34300648806601e-03 -3.73245335955180e-05 -1.13254296895116e-04 3.18969873923305e-05 3.92972561760901e-06 -6.03448335848195e-06 -1.06939509660004e-04 -1.39382735676811e-04 1.91774088972072e-05 3.17808778571234e-05 -1.97749644543321e-05 -2.26293820942129e-06 3.83001833394396e-06 2.52941113400170e-07 -1.96879455024629e-05 -2.56651053050109e-06 -1.01913288605651e-05 -7.43435428981469e-06 4.43145284227817e-06 5.24488227234435e-06 -9.67139381769375e-06 1.35648487495224e-03 -2.56602742463700e-04 4.04108245550066e-05 7.70313498081114e-05 4.67529920786952e-06 -6.22488670150830e-04 -2.99868245392314e-03 -1.66347702825942e-04 -1.52715298972196e-04 1.97258396757032e-04 4.54496615761779e-05 -1.26359204365540e-05 1.29665638939283e-05 -2.70003868655790e-05 -1.30053894927828e-06 -5.05898961459051e-05 -6.15868031451983e-05 2.52897801034248e-05 -4.81663536307687e-05 -7.78749581834268e-06 -9.64680645755502e-05 2.89303441273494e-05 2.07450710148695e-06 9.56734284971990e-06 4.74835586323637e-06 -6.64247537176851e-06 6.70822866350620e-06 -1.57929085920320e-05 -2.90914323627141e-04 1.10815175620977e-04 -3.09659815868199e-03 2.70146960877173e-04 1.34019761815907e-04 1.01168000542425e-04 2.38964604869384e-05 -3.36695026974740e-03 -1.66411028106565e-03 -2.49516417092560e-05 4.20405072047350e-04 1.61875747962110e-04 7.75179320752852e-06 -7.68879022477911e-05 6.99445035223991e-06 4.56572520030409e-05 1.54708735367193e-06 -4.88065843070592e-05 -1.54846654764764e-04 5.48244562572730e-06 6.53939493650275e-05 -5.59179293151154e-06 -6.79172900545049e-05 -5.34143931061129e-05 6.36788407014566e-06 2.17965255539414e-05 9.03161942455718e-07 2.93735085501535e-05 7.91353720856121e-08 -1.18176595176119e-05 5.60401893350372e-05 -5.72583811053662e-04 1.60224467924274e-04 2.34318048563769e-06 -5.66964520460580e-06 1.08227151674241e-05 -1.11197183779938e-06 -1.13394098996317e-05 3.24584404237411e-06 -7.42250016718362e-07 4.19090030873679e-06 1.62910086221145e-06 -3.46369944340401e-06 -3.66542520319041e-06 -2.92939531160944e-05 2.35102204192504e-04 -7.94923412548144e-06 2.27507781046168e-07 8.41527791088959e-06 -3.13809894086604e-06 -5.79129822760878e-06 1.54472056755809e-05 3.16985444273967e-06 -2.17296892113773e-06 1.56845615403509e-06 -5.49591531915890e-07 3.56588550993899e-06 -5.87284812835897e-06 -1.52209549699982e-04 1.78741585651191e-04 -4.23644476442238e-04 -2.77757690330820e-05 1.32072111816745e-06 -1.84224299537456e-06 5.98022628064080e-06 3.91703812272644e-05 -7.82092045236991e-06 -6.82375858626460e-07 -3.94125121505792e-08 -1.15713139919706e-06 -3.90406585326870e-09 1.32610292169101e-05 2.95741217407625e-05 -3.65823534295053e-05 1.71636289365186e-04 -4.04105537523562e-05 -2.15326364330312e-05 -3.31573364870183e-07 -1.14469483923077e-04 -5.41864186188285e-05 -9.93368471672187e-06 -1.36796463090435e-05 4.46716185063230e-06 7.91118359009506e-06 1.85782812584261e-05 4.18876724769616e-06 -1.09815531162366e-04 4.65875904426125e-04 6.85299524917840e-05 -2.61984000537180e-05 -2.96012826152098e-05 -2.69189291835540e-06 -8.34590316723919e-05 -2.72347955696341e-05 3.68555783998886e-06 9.62934628876173e-08 1.96326913111491e-06 2.38376913107120e-06 1.94214914507740e-06 -1.83697410538577e-05 2.39356292966595e-05 2.12776804902454e-04 1.25661438663747e-04 -3.93314216853908e-05 -1.85236099442578e-05 5.15578186572017e-06 -1.06949922546750e-04 -4.67811326166998e-05 2.91590383984637e-05 -1.12049755394162e-05 -4.72058552078728e-06 1.29697685174684e-05 -1.85050883767181e-05 -7.89916143758095e-07
 1.84109563203939e-05 1.28802367867129e-05 -4.30787232253260e-04 1.11628411382780e-05 -4.83067556493553e-05 -2.32170303400320e-05 -9.60205115587223e-05 6.93819044646920e-04 2.07448161245823e-04 1.02084488867535e-03 -8.18421264222228e-05 -4.60998473201913e-05 -2.11575594464306e-04 1.43745800252462e-05 -1.23794762818170e-05 -7.39113111014930e-06 -1.05502590257154e-05 -5.26567155256608e-07 1.98060023479162e-05 -2.34917111946171e-06 3.89244859998745e-06 -4.30723692310343e-05 -9.46959133486467e-06 -5.62018454643141e-06 -6.56475949023783e-06 5.04260584507279e-06 -5.45937839810772e-06 -6.47464035888040e-06 4.87391060781750e-06 2.29831371038882e-06 -7.47635984096283e-05 5.12679351140524e-06 -1.98009236138243e-04 8.45151883848422e-05 7.23420548445223e-06 -2.64279010907538e-05 -4.89754487908082e-05 -1.67835980620800e-04 5.07058748132815e-05 1.54492042592306e-03 9.06961714721317e-05 -9.03021994633466e-05 -2.28301825652387e-04 2.05938877625536e-05 1.40952061305533e-05 8.18985067538338e-06 -2.25581855026626e-06 9.07118880726082e-06 3.10711715464033e-05 3.44760713770491e-05 1.58426709877516e-05 -3.59495626782582e-06 1.89711857265864e-05 4.85513959627538e-06 2.40537796558974e-06 7.13724178381349e-06 -1.73655608603001e-05 -4.16505375621870e-07 -7.41343699527639e-06 2.24641001228024e-08 1.49389637237586e-05 -2.26023625949340e-06 -1.03015588524792e-04 6.12400394832888e-06 -9.87578369831650e-06 1.26666350083806e-06 -2.18737796016316e-05 3.68003264101406e-04 -2.54214035066030e-04 1.20961416413170e-03 1.85996660039045e-05 9.52497612887672e-06 -6.18463740935912e-05 -1.79011772756213e-06 -1.87894031510673e-05 -5.14819750235551e-06 -4.85851270706888e-07 -3.97988462912003e-06 -2.72724919577259e-06 -4.46267993768336e-05 -1.31418081236475e-05 -1.90322252511061e-06 -8.95585307870070e-06 2.21935303280687e-06 4.35706268742118e-07 3.36664984224288e-06 -3.43072896272422e-06 1.13772114608788e-06 -8.09985380155396e-06 -4.86702078313623e-07 1.81193081244813e-05 2.04191842485712e-05 -6.30277515247738e-04 2.12094200439673e-04 -3.47241053342793e-05 -1.58051906036978e-05 -1.48641061943720e-04 3.38630654336331e-04 3.14897680195239e-04 1.56172104485531e-03 -5.62361363238584e-05 -8.06088054421036e-06 -2.81687983973512e-04 2.16287781298896e-06 -2.25835106737592e-05 -1.53415231336009e-05 8.04539739232865e-06 3.22335701413067e-06 2.10099806022749e-06 -5.59006114113769e-06 -1.71743797688728e-05 4.35386428575325e-05 -3.41376044831941e-06 -6.15130947353933e-07 1.06127401891295e-05 3.14449736150709e-06 -6.89188517998074e-06 7.91353720856121e-08 7.44217359825049e-06 -2.82023019650276e-06 -4.82840857193588e-05 4.45596629919726e-04 -1.00882654288648e-04 3.10195857508147e-06 1.29592616152203e-05 4.41760136610029e-07 1.33518686721846e-05 2.91557437156070e-05 8.90775665927217e-06 6.78632286329943e-07 -2.79926013379965e-06 -2.24178508985896e-06 -2.44819183172143e-06 -3.79146036447456e-06 1.65773187774878e-04 -1.17540842259932e-03 3.14789966518535e-04 9.88468880089211e-06 -1.56709590908419e-05 -1.93712642295522e-05 2.52566102790031e-05 -2.70615042626243e-05 -1.74214130001889e-05 1.74750784328985e-06 -6.44229083795752e-06 -2.01049417852035e-06 3.21368792426962e-06 2.01756754433656e-06 -7.52234345669983e-05 5.54935062818942e-04 -9.65725268228853e-05 -4.00862295705598e-06 -6.61170726295999e-06 1.01541177082643e-05 5.97982649649566e-07 -9.97723872935776e-06 3.19337718081252e-05 2.24995407950194e-06 -2.18242380037236e-06 -2.04492681953506e-07 -5.19709123941609e-06 -1.05652935120723e-06 -4.86961629227704e-05 6.51001113156062e-04 -1.42579960934028e-04 5.12786631365233e-06 1.86477736232482e-05 1.37658305396023e-06 1.39009376405102e-05 4.49234031913852e-05 9.84862868511311e-06 1.77292473771866e-06 -5.18493981849976e-06 -3.72078812062687e-06 -1.14377072595448e-06 -6.35322736149619e-06 2.69483495866062e-05 -1.33188771968229e-04 7.13992994879286e-06 2.82636653745014e-06 4.89354762690903e-06 1.65329925452144e-05 7.21673039813572e-06 4.87225740801786e-06 4.32463583247170e-05 -7.11313819672911e-07 -3.75235870644065e-06 -1.52601694522650e-06 6.38373389506601e-06 3.14454802404872e-06 2.70442478820543e-04 -1.82231673985692e-03 4.70337029508445e-04 -6.38934336111132e-06 -2.28118427857005e-05 -2.77491799141623e-05 -8.07077275623423e-06 -3.22291497941595e-05 -1.83680200888819e-05 -2.10778754985779e-06 -7.32069225031873e-06 -2.53594568644345e-06 -1.77255735231575e-06 2.11866712566513e-06
 -2.09721402602954e-04 -7.11582422461093e-05 1.81153517746829e-03 -7.68485323379631e-04 3.37848514395866e-04 3.77496316486739e-05 -2.09359344555445e-05 -4.62794680261790e-03 -5.49109590352166e-04 4.15191671102532e-04 6.15869984397673e-04 -9.05810816972231e-05 -9.82869718735627e-05 -1.13570410478551e-04 1.62731307630512e-05 -2.55251278768993e-06 -2.41307385571994e-05 2.04718500546028e-05 -1.56994080661224e-04 1.50783066644474e-05 -3.42532378374464e-05 -5.40547248544642e-05 7.96071259652648e-05 4.34746818119912e-05 -1.55967211723191e-05 -1.62543706540764e-05 -1.44343694880616e-05 2.63974875727126e-05 1.26112880911879e-05 -1.80106718249312e-05 3.64618741040563e-04 -6.97550013682362e-05 6.42171560897046e-04 5.21256258779757e-04 -2.30055754928000e-04 7.23826424254816e-04 8.36362249659768e-05 3.71775208634157e-03 -5.15631714433416e-03 -2.22036527529949e-04 -7.20751916553435e-04 1.91567706015710e-03 2.32195792862170e-04 1.88259935143701e-06 8.29246160552781e-06 1.29076212513472e-05 -1.00022312046212e-05 7.56803555835896e-05 -2.58503444447292e-05 7.02121819033494e-05 -4.83701675277112e-05 -1.14559183887868e-05 -6.46910917134180e-05 3.10944741372690e-07 1.51248456916590e-05 2.30532372292562e-05 2.40820374873606e-06 -1.79941566546533e-05 -2.11083609353540e-06 -3.81886669608041e-05 -2.97905574011477e-07 2.33725309852702e-05 -3.52193942779420e-04 2.84393493028513e-04 -5.94649709147602e-05 -1.16940199108723e-04 -2.48578996247851e-05 3.52610578075203e-03 4.20087684692994e-03 1.09118138637505e-03 -2.69874068580017e-05 -2.26551614635977e-04 -5.51225541591408e-05 -4.37799482955865e-05 -2.50580202281860e-05 3.55252169388801e-05 -5.76851674747983e-06 6.63332262015719e-05 -1.49688739101922e-04 -4.56500906772646e-05 7.56919476092444e-05 -1.85679787823132e-05 1.25632018497391e-04 -3.39612518542322e-05 8.80998282918133e-06 -1.44062497970169e-05 -6.03732579289425e-06 -2.00718130280324e-06 -9.63533276458201e-06 -3.84565467704515e-05 1.08939800610643e-04 -3.31710016349522e-05 6.50327964731073e-04 -1.87582829529927e-05 8.55230626950743e-05 1.43121523500980e-04 -1.88992647217172e-05 8.85679103130085e-04 -2.01894380991813e-03 1.53642308697429e-04 -1.50744566293918e-05 2.39699442663056e-04 -4.96598780094734e-05 -1.07725247198610e-05 -1.31968915119637e-05 2.28466886807471e-05 4.69034569608718e-06 3.57152630372411e-05 1.99870982360385e-05 -2.34245093340256e-05 -2.33168389168014e-06 1.32019209660118e-05 1.09838058612187e-04 9.58497130796807e-06 1.34663954835149e-07 1.21691582548457e-05 4.17930710997386e-06 -1.18176595176119e-05 -2.82023019650276e-06 5.79128393075156e-05 -1.10452129571361e-04 7.72661602047724e-04 -2.59973458454460e-04 -5.81082389963630e-05 1.06319809271203e-05 -7.76503892702105e-06 -1.40781161606105e-04 1.91309158583913e-05 -4.90511762435806e-06 -1.97406817169673e-05 -1.14934593658246e-06 -8.82650660542336e-06 2.16482246829987e-05 3.68606186493332e-06 -8.41728583991697e-05 8.04206258464541e-04 -2.31735038204949e-04 -5.21246042838813e-05 3.72253442234942e-06 1.88908999280411e-05 -1.34103072747916e-04 1.06796443914374e-05 3.83873768387063e-05 -1.10995457241621e-05 4.77595361478255e-06 4.38633341696571e-07 -2.74833409221033e-05 1.32434613153884e-06 6.05957437461227e-04 -3.44116039441863e-03 9.88840610079402e-04 2.76866406417169e-05 6.22797379700417e-05 5.98395578381683e-06 -5.25609117638123e-05 5.77259393310241e-05 2.01367041628474e-05 -1.16645375488962e-05 -1.40310136247777e-06 4.37386960146767e-06 -4.05891777759476e-06 9.83920409415386e-06 -2.99082374235733e-04 1.62983728392647e-03 -5.89437259285261e-04 1.66576468978872e-05 2.06168398210294e-05 -3.86507790022385e-05 4.63843695801616e-05 -3.05647535721303e-07 -1.38021935223801e-05 5.69033703882107e-07 -8.91358888035280e-06 3.13219297691085e-06 -1.15942292046844e-05 3.70410596443393e-06 3.81056753153157e-04 -1.34584051473001e-03 5.82287019835478e-04 -4.49028674637424e-05 -4.55708604723711e-07 9.55752904125159e-06 1.24447537761135e-05 -6.65605790064550e-05 7.29010743720835e-06 -2.03862733188667e-06 9.17302856541090e-07 -7.91457828424627e-07 4.21310852896984e-06 -1.51438505317849e-05 -1.65562231255304e-04 9.16984615371593e-04 -3.70566491844264e-04 1.92319365476009e-05 -1.96566691795446e-06 2.98075001509388e-05 4.65226707930283e-05 -1.90319877455239e-05 1.16553276091984e-05 -1.72687799498101e-06 3.07169655984991e-06 2.78493026818031e-06 9.40067543845785e-06 9.98051010869174e-06
 -7.56177724918994e-03 2.82659424989949e-03 -1.10123610274614e-01 2.08762086500954e-02 3.00474214175979e-03 -9.68687868541545e-03 8.15569966196309e-03 -2.69078906678634e-02 1.00561369144347e-01 -8.13767432413931e-02 7.21169376697651e-03 -1.43831474843335e-02 1.28903812952783e-02 -9.49517200048806e-05 2.39683143323722e-03 -1.33924671559014e-03 -4.35485249403767e-04 1.69661074591446e-03 -7.97236980945795e-04 1.48116417572559e-03 -1.24897291022053e-03 7.40331848560682e-04 9.45389461808112e-04 -3.30300281156677e-04 3.23073658055650e-04 5.44080505575206e-04 3.64453662905761e-04 1.76722061527862e-04 -4.24366798054450e-05 2.53315654545743e-04 -9.35992533526204e-05 -4.43163291627676e-04 1.94840150547871e-02 6.89905993148572e-03 1.91058666647275e-03 5.46092568310088e-04 1.88739145650420e-04 9.50103509668482e-03 -1.03683123726532e-02 -2.47092856038821e-02 -4.35689428759102e-03 -4.93636047989238e-04 4.89337390479816e-03 3.56098109636894e-04 1.01110104269173e-04 2.03212294471742e-04 -1.18212888314110e-03 1.14746775767961e-03 -2.63259754769532e-04 4.17236656873427e-04 2.62516391444855e-04 -1.64930419465482e-03 7.92926098526334e-04 -1.70000535474364e-04 4.74273550694216e-04 7.25352428285350e-05 4.43637743332599e-04 -4.29999065279807e-05 -1.25278657411991e-04 6.13183799507538e-04 -6.54237391882503e-04 -1.66706632968271e-04 -7.90624690941180e-03 -3.06471830765677e-04 4.29771358068196e-04 -3.57286020584688e-04 1.03600105373566e-04 -1.18297872563288e-03 8.84642571060128e-03 -5.39101686253766e-03 -8.25924680343922e-04 9.22226642389347e-05 1.21344781777755e-03 -7.98539108706760e-05 1.75445095206731e-04 1.04389483910101e-04 -1.06960806825725e-05 1.21981722623130e-04 -6.23827445129943e-04 5.33398265945793e-04 3.75276718563523e-05 -3.18307657796213e-04 1.01540411534629e-04 -9.26265934687719e-05 1.08303283964301e-04 -2.65174805934360e-05 6.71573900020350e-05 -2.89088114040168e-05 6.94688981320611e-05 -1.12512003458965e-04 -2.01184629003292e-03 2.06051851956050e-05 5.01415190964258e-04 -4.50980412814727e-03 -6.93495962026114e-04 9.88664974597586e-04 -1.01536487968457e-03 7.20317006623243e-03 5.92753982622380e-04 1.66609719832076e-02 -2.56321367109615e-03 -2.66093997912604e-03 -9.95939600906720e-04 1.09115728388202e-04 -5.76157928652585e-04 -2.67754448060488e-04 -3.18783590184213e-04 1.53874979559668e-04 8.97745924117390e-04 -5.86410180638686e-04 -4.61937193991138e-04 -6.47407765154118e-04 1.84122486133922e-04 2.97297934708564e-04 3.90017821837866e-06 1.98066172750848e-05 9.78544237798708e-05 5.60401893350372e-05 -4.82840857193588e-05 -1.10452129571361e-04 2.83229234868981e-02 -1.86497190689655e-01 4.90878778663066e-02 3.16967942799055e-04 -2.44352556347835e-03 2.74596867949966e-03 1.21991497226880e-04 -1.90956174779783e-03 1.98951706096016e-03 9.40450177985635e-05 6.73663085398019e-04 -2.18271382461757e-04 -7.06464154279914e-05 3.22364595892861e-04 8.33535998516527e-03 -2.17827757297872e-02 1.12179382418193e-02 -2.73784988175435e-04 7.71564000190729e-04 -1.37160091611674e-03 -8.66334508929763e-04 3.07658272762967e-03 -1.17400583377728e-03 -3.84513568773147e-05 3.11913377652166e-04 -3.69735505672821e-04 -1.65194056663185e-04 -2.68157541240393e-04 4.96647407493744e-03 -4.06270534544781e-03 3.79323215030663e-03 -2.01332640036963e-04 1.10629549975717e-03 -8.62399641807768e-04 -1.52614285917515e-03 1.36769788629507e-03 -2.03732599888785e-03 -1.29254338547423e-05 2.16453982049612e-04 -1.57563182112673e-06 2.94159209472239e-04 4.00765028955245e-04 -1.10710061397348e-03 1.25868006548584e-02 -4.62663372469667e-03 -7.99711122678239e-05 3.03642824964927e-04 -1.25694391305542e-04 -9.85890672740480e-05 3.49293623157080e-04 2.36360458733656e-04 7.56460123613661e-05 -1.00674589801172e-04 2.56824952483131e-05 -8.11022273785668e-05 -1.37026003003939e-04 -2.31883743826298e-05 -2.02704379843853e-03 2.39557380605717e-03 -4.95132084263760e-05 1.06971336446710e-04 2.31249832687028e-04 -1.43188074879193e-04 1.78152330923973e-04 3.37330427587519e-04 6.76042691166303e-05 -8.30137166356365e-05 7.55482365613803e-05 3.99750547902240e-05 3.01487803175529e-05 3.96090123619266e-03 -1.91046652932985e-02 3.67049665864261e-03 4.22292406010457e-05 -1.73250100877877e-04 -1.70879560186103e-04 2.68126369099839e-04 2.55179195121832e-04 1.86695346132277e-04 3.07312698182554e-05 1.95917805173285e-05 1.70119492034259e-05 -8.33925761968747e-06 2.43189327198346e-05
 -4.22357095181487e-03 -1.34404491340481e-02 5.22032010629934e-01 -1.10094532998292e-01 -1.04181247454285e-02 6.83698715898977e-02 -8.03744365475606e-02 1.08737518469117e-01 -7.19980722430987e-01 7.40617908122097e-01 -3.56285328658688e-02 9.91907939029160e-02 -1.19033057842246e-01 -2.46535388456350e-03 -2.16533334994916e-02 7.83825964655058e-03 3.62532959034963e-03 -1.19332446245897e-02 3.96368725385696e-03 -1.17056993990902e-02 8.08707139186709e-03 -5.25116193675571e-03 -5.91343212532252e-03 1.20967167286761e-03 -1.37124932609582e-03 -2.58840606766992e-03 -1.94525413519873e-03 -1.10524110565991e-03 5.05714451582009e-04 -1.46507245898111e-03 -3.33918873830411e-03 2.75825860397903e-03 -1.23561535185941e-01 -3.25389417461743e-02 -9.20805609167747e-03 -6.81445754029112e-03 4.38624242917364e-03 -8.23199102574345e-02 7.64681166002906e-02 6.90065842391127e-02 4.21914098045961e-02 -1.10380107745876e-04 -3.61680851203224e-02 -1.65009282902955e-03 -7.63198355952619e-03 -2.67743966523336e-03 9.31560173981610e-03 -8.82738914812221e-03 1.12536107205685e-03 -1.63048748340496e-02 -5.07668144308539e-03 1.23447693874957e-02 -6.28331369982453e-03 6.40650071688920e-04 -3.39819539855540e-03 -6.82529005453501e-04 -2.38404945320836e-03 -2.96206637439200e-04 3.17627652131921e-03 -5.12701825291159e-03 1.48151470061365e-03 9.38508772453394e-04 3.84445377719146e-02 1.90558691783029e-03 -4.25389141862567e-03 1.63019352326961e-03 2.35674797776378e-03 4.01021790519080e-02 -3.80193939789918e-02 -1.76391042813974e-01 7.87790996570736e-03 -1.24136658760947e-03 -6.88907731133594e-03 4.90406728400207e-04 1.03624869686172e-03 -2.05324273162874e-04 9.66030378828375e-05 -5.24348048383639e-04 4.21394076755054e-03 1.94079196277440e-03 1.02677386717325e-03 2.52867743390331e-03 -7.13103170152704e-04 5.14790781360070e-04 -8.46274892987512e-04 -1.26255377543875e-04 -2.72557661339846e-04 1.76378212295938e-04 6.88371294504470e-04 7.34543825757505e-04 3.65542123858298e-04 2.08093704523022e-04 -1.99307375153756e-02 3.60893126635334e-02 4.11953479001653e-03 -7.73239858375080e-03 -6.14860113082118e-03 -3.62704971877489e-02 2.36228742654576e-02 -4.45318856354072e-02 1.16549118117197e-02 1.71530796269227e-02 -5.95528106332171e-03 -9.30626393888271e-04 1.27806417008142e-03 5.11054743245161e-04 1.05008744408030e-03 -5.56669896869892e-04 -5.64287651584901e-03 3.69909941342634e-03 2.59402814434667e-03 3.44664391207820e-03 2.87863313991745e-04 -1.90520248628403e-03 -8.73148612590016e-04 1.13972265734861e-04 -3.02651010846009e-04 -5.72583811053662e-04 4.45596629919726e-04 7.72661602047724e-04 -1.86497190689655e-01 1.34904250365138e+00 -3.33582998486103e-01 -2.81693559667854e-03 1.72957914974925e-02 -1.80045011758068e-02 -3.60122432230162e-03 1.74098213523128e-02 -1.45281748287926e-02 -7.97697477216277e-04 -5.10447506123710e-03 1.21788240739493e-03 7.98615202166036e-04 -2.50735845229919e-03 -2.27094047926738e-02 -1.12002501465719e-01 -1.29366150154025e-02 6.59814689987175e-04 -8.72859085891676e-03 5.48735351656810e-03 4.81618621328164e-03 -2.71262637659054e-02 4.04696398225724e-03 -9.19423728091496e-05 -3.33516302419016e-03 2.13999314483084e-03 6.41777634360780e-04 2.09065127463342e-03 -1.35726773180975e-03 -1.51643383397072e-01 3.02414659116388e-02 4.47991489143122e-03 -4.93176371812986e-03 7.77770928553155e-03 1.18315250272501e-02 -6.71289688661871e-03 1.77172002865509e-02 -5.78360387025476e-04 -2.13016997393440e-03 2.83019667365919e-04 -2.34913337129689e-03 -2.84127729757013e-03 1.25834675411682e-02 -4.92691055997858e-02 3.17011369221548e-02 4.75125355073960e-04 -1.37679805525873e-03 1.09963473571147e-03 1.80079761860236e-03 1.16097960117350e-03 -3.40397863175318e-03 -7.46080042368503e-04 2.67191872084089e-04 -3.08409192653947e-04 6.25708121941942e-04 8.15871364535589e-04 -7.04956157420626e-04 2.66010102010723e-02 -2.09583387572705e-02 5.99190206456063e-04 -6.80127791111610e-04 -9.87256364626677e-04 1.61239865491907e-03 -1.03686088783365e-03 -1.43609746381103e-03 -5.05050196980823e-04 2.39022015693483e-04 -5.98000383247592e-04 -3.48470226052853e-04 -6.41783577992635e-05 -1.96361349967611e-02 2.89241216118709e-02 -9.55790700964923e-03 -2.43004055112707e-04 5.87969822610125e-04 -5.96994641731184e-05 -2.60950160407859e-03 -4.22172468429453e-03 -4.16556973914595e-03 -9.74283320971356e-05 -5.88998639089553e-04 -4.17299830251713e-04 2.54127031503871e-04 -2.03084432905487e-04
 -2.21757871888645e-03 4.89995630882617e-03 -1.87180012305330e-01 3.08313231379761e-02 4.22180484135220e-03 -1.71710367481922e-02 1.66737585771483e-02 -2.19025833146293e-02 1.71105565683421e-01 -1.63994042030337e-01 9.98561687092606e-03 -2.51298309314044e-02 2.59092889194955e-02 4.37653271781897e-04 4.65651461273766e-03 -2.03765943566376e-03 -6.80855855312470e-04 2.62840215473051e-03 -2.46488098670819e-04 2.61946618639284e-03 -1.83128113313093e-03 1.62124489555976e-03 1.24605679598401e-03 -7.80951672076725e-04 5.66004711842087e-04 8.67663598051899e-04 6.33699959403821e-04 1.85538280455296e-04 -1.81432718277390e-04 5.26276669294598e-04 5.23254945185407e-04 -3.36902014646241e-04 2.87658468291048e-02 6.77975714621202e-03 3.63141637441281e-03 -2.54382111613655e-03 -5.83750823963512e-04 1.30462287624253e-02 6.59005225016861e-03 -3.44782224487910e-02 -4.03570081692569e-03 -9.27912248153725e-03 7.69764871871734e-03 1.90217899244658e-03 6.90074507843389e-04 4.28388494724208e-04 -1.93955472036884e-03 1.25493954987709e-03 9.86918558806378e-04 1.54706959321287e-03 9.97044080194375e-04 -2.79634469213970e-03 1.52056552433621e-03 -2.11515518347620e-04 8.50739703106802e-04 1.16741815220559e-05 7.30554080755935e-04 -4.55221398218203e-05 -3.90072299860837e-04 1.06088306570780e-03 -2.57356028528857e-04 -3.60718622141029e-04 -1.31940143856080e-02 -1.78407039935088e-03 1.34290699473224e-04 9.88351897751290e-05 1.47613110934693e-04 2.70538689449608e-02 -1.06440684578294e-02 -5.88364977341160e-04 -1.47049625469465e-04 9.91754502815536e-04 2.07791347233666e-03 -3.07946493542952e-04 2.66935250314964e-04 -3.78930742746225e-05 -4.11310849953153e-05 -1.58799725033542e-04 -1.69249227884408e-03 7.88875778432170e-04 -3.20880581942972e-04 -6.41406078818340e-04 -6.15479201249425e-04 5.77528421895003e-05 1.98554695850935e-04 2.88848719622436e-05 1.17125681656070e-04 -2.17884443328856e-05 1.06710929403906e-04 -3.34559413159936e-04 2.50186941832914e-04 -2.71205374097111e-04 1.35642348361664e-02 -3.44029800430502e-03 -1.37323885039885e-03 3.74761477434825e-03 -2.69606179959831e-04 1.70043274715949e-02 -1.62586042321249e-02 1.92923313065716e-02 -3.73428137450245e-03 -1.08383693182518e-05 2.10854300678840e-04 3.90273858866439e-04 -8.40913044085929e-04 5.85709940189973e-05 -3.65523983219172e-04 -9.06800228777454e-05 1.51177739997945e-03 -1.05174292743973e-03 -3.46249302151090e-04 -1.03826259533202e-03 -2.00352519780633e-04 5.17434561256568e-04 4.30798653371612e-05 -4.32851631558787e-05 1.24799758004057e-04 1.60224467924274e-04 -1.00882654288648e-04 -2.59973458454460e-04 4.90878778663066e-02 -3.33582998486103e-01 8.77580993462456e-02 8.46588001748163e-04 -4.51437056528629e-03 4.74226472554545e-03 1.15344440696949e-03 -4.17909532979179e-03 3.28562569474602e-03 2.68810235578982e-04 1.27964735918752e-03 -2.85280202204718e-04 -2.61403000148481e-04 6.20867409135302e-04 1.11289903088181e-02 -1.19199732091766e-02 1.49655070240663e-02 -1.63819786976025e-04 1.55650326597446e-03 -2.09688759736425e-03 -7.28901594892757e-04 5.53799241435006e-03 -1.66301082442349e-03 -2.55756273141609e-06 5.81218698311811e-04 -6.09376618877369e-04 -1.19400486604272e-04 -4.72498388974533e-04 4.61278995141906e-03 1.30426004442207e-02 1.97833358379076e-03 -5.40509445670195e-04 1.56455864914965e-03 -1.73091409658151e-03 -2.38608191759566e-03 2.21613829984390e-03 -4.01499727129175e-03 1.64694210389431e-05 4.58031614420762e-04 -2.89239376653807e-05 5.69787395706716e-04 6.17248011495188e-04 -4.61737107764395e-03 3.22594030784780e-02 -1.19951989765355e-02 -1.05643908247073e-04 5.66462636754327e-04 -5.37314998573538e-04 -9.54809056358664e-05 1.57589883660318e-04 2.14939218160929e-04 1.56528084483735e-04 -1.83551574595959e-04 1.35164241957252e-04 -1.31791855085503e-04 -2.45273879845877e-04 5.41074638931498e-04 -1.66526074520349e-02 4.11326265773919e-03 -2.16988876463550e-04 1.43460241329985e-04 3.42244053820293e-04 -8.02870712347659e-04 4.18910782069953e-04 5.24973882188356e-04 1.63786716959729e-04 -1.21572406444303e-04 1.62142352065559e-04 7.37403997754238e-05 3.23675296939701e-05 3.70139530808658e-03 -9.09959569935070e-03 5.47472552957340e-04 1.73744846865466e-04 -1.82642037101335e-04 1.37066145351779e-04 8.03474571967068e-04 5.12016568341805e-04 8.57896766183935e-04 6.25531082225606e-05 9.89223745580503e-05 1.45834888198981e-04 -7.02543854393781e-06 3.06086396966920e-05
 -3.25624252786059e-05 7.47119464374608e-05 -2.01335237087952e-03 -2.11192312217932e-04 -7.12463589163976e-04 -3.03602578231029e-04 1.78297347755940e-04 9.67847156136386e-03 2.27755275837038e-03 -2.21058543335224e-03 -1.25050646414453e-03 -4.54675645886260e-04 3.51121491536129e-04 2.42848120781052e-04 9.62507510820116e-06 -2.72548755693378e-05 3.85935744695631e-05 -1.46327093919843e-05 2.95908647140909e-04 -8.42911908285750e-06 1.44811112411008e-05 9.34469008769556e-05 -9.37658070557184e-05 -6.18004683720598e-05 2.56475222087356e-05 1.23355100038442e-05 1.84367746420573e-05 -3.06798119264164e-05 -2.11642319136182e-05 1.78416295018465e-05 5.76501802035230e-05 9.27502685550013e-05 -3.63428842050205e-03 1.92134802234508e-04 3.70313672340894e-04 -4.28061835798460e-04 -4.36312071048876e-05 -5.33236906206892e-03 4.35339399272967e-03 -4.35344184211586e-04 1.63311450346822e-03 -1.38213082946575e-03 -1.44428288109250e-04 2.63785839936562e-04 -5.48748109301511e-05 2.27570352083338e-05 2.87786364850163e-05 -1.37946204526349e-05 3.16694565490775e-04 -1.11145425067047e-04 6.54167525474744e-05 2.97914442845994e-05 5.25497533174993e-05 4.30237548453758e-05 -1.58527682271724e-05 -3.08432825687843e-05 4.15242296380522e-06 2.24337209672737e-05 1.18174251978757e-05 4.68227000558287e-05 -2.54662068392053e-05 -7.62047348714393e-06 3.33247413615325e-04 7.03225341606198e-06 -6.30424568651460e-05 2.97502645875312e-05 3.66613167187202e-05 1.99068508184018e-03 -1.64901949400389e-03 -1.81824755726983e-03 3.14047208879052e-04 6.25361555315805e-05 3.48063324226619e-05 1.51751342119467e-05 2.68158612097309e-05 -1.33149396281089e-05 1.98922215923781e-06 -2.91652964512268e-05 4.50784635181509e-05 5.48754133428606e-05 -2.95646086329950e-05 2.47826943930969e-07 -2.41724201076023e-05 1.51688192167366e-05 -4.22358651205625e-06 6.61578721499191e-06 4.12392370374076e-06 7.44276618958588e-06 1.24599169576927e-05 1.59170693242279e-05 -1.76054865403727e-05 -2.83027517636912e-05 1.40465760152600e-03 1.00307181288909e-03 -8.98174016272812e-05 8.96609923712319e-05 4.86693092991047e-05 1.53602281869529e-03 1.07771700710299e-03 -4.63881051124842e-04 6.48884863096991e-05 1.92902227382429e-04 1.27700124462502e-04 6.59774214163729e-05 -5.14892395660685e-06 6.92003272193184e-06 1.19913099484793e-06 -4.08065690726104e-05 9.83170735890184e-05 9.10988249940239e-06 -3.73931958733490e-06 -1.56631967710944e-05 -1.48839551589694e-04 2.35289015329639e-05 -5.82212511166009e-06 -1.63662530729987e-05 -3.52441310412114e-07 2.34318048563769e-06 3.10195857508147e-06 -5.81082389963630e-05 3.16967942799055e-04 -2.81693559667854e-03 8.46588001748163e-04 1.17896395247927e-04 -3.93897122766327e-05 3.09801920128534e-05 3.02161293687919e-04 -5.89793601827535e-05 2.15966654587881e-05 4.07652103366230e-05 1.24900742084411e-05 9.70313338558791e-06 -4.39710581938440e-05 3.05536007489396e-06 -2.28244070261623e-05 -2.80315583528997e-04 2.20841857719118e-04 1.03843752151081e-04 1.61633150738536e-05 -2.78306236502130e-05 2.74431577685447e-04 3.02573152057099e-05 -6.98973993143501e-05 2.19998608077549e-05 -3.73716874583609e-06 -9.81715556135725e-06 4.87343102521152e-05 -1.15591993832549e-06 -1.35089370824968e-03 8.96884904701789e-03 -1.92409904989653e-03 -8.18397707288349e-05 -1.25630268441758e-04 -2.55019258608140e-05 -2.44623567620573e-06 -1.44647157878162e-04 -6.59181565879872e-05 3.11864916993726e-05 7.81872904373410e-06 -1.56780937578456e-05 1.24788798277225e-05 -2.04624052792670e-05 8.38554968406950e-05 -2.81157944272446e-04 1.08737436921103e-05 6.47888848712908e-06 2.46387925302067e-06 4.27650660474009e-06 3.66500851381791e-05 3.33437179881002e-05 5.88999444945300e-06 6.39283528869390e-06 -2.35551575621828e-06 3.35562848444010e-07 1.10665550549967e-06 -1.12642348711865e-05 -1.04164608195999e-04 -6.96467543221925e-04 -4.74670277050050e-04 3.68795541407045e-05 1.64438810486921e-05 -5.97543626468456e-06 -1.08756206815601e-05 6.29651516266639e-05 -1.18167470778354e-05 2.63393596747123e-06 -2.33972937289968e-06 2.79436008768124e-06 -5.78308176122953e-06 2.17066289349640e-05 -2.40110366092927e-05 2.86407890990278e-04 -1.76799791285894e-04 1.38037054353051e-05 1.67950831698322e-05 3.18477258645522e-06 4.63198211746238e-05 5.97218934193313e-05 -5.73288346813451e-06 8.63714724834748e-06 7.73315660368856e-06 7.08319850674282e-07 4.07313097088644e-06 -1.20411842854744e-05
 1.02612789813049e-04 -2.81953900006060e-04 1.04021998439824e-02 -1.20791904684902e-03 -4.06284483708335e-04 3.98925843987206e-04 -1.39833779005015e-03 1.80471969178497e-03 -3.02817978935743e-03 1.37631137525734e-02 -5.17751857147155e-04 6.81296370852577e-04 -2.15864670812927e-03 -1.53121181171682e-05 -3.30563920289871e-04 -4.75472998019260e-05 8.16776014644202e-06 -5.61670085576187e-05 -5.32730688991064e-05 -1.50183899529615e-04 2.07715852890613e-06 -1.68477416653172e-04 -4.54440783437511e-05 6.27982593911479e-05 -4.57099477925093e-05 -4.93149656165486e-05 -4.44624902636449e-05 2.65722446143128e-07 2.01369949181875e-05 -1.62808193819911e-05 -8.94406999039609e-05 -1.49948830758651e-05 1.83544684160545e-04 -3.55106519587946e-04 -2.64220571855519e-04 3.26447793493961e-04 6.97695890906302e-05 1.62407957984449e-03 -1.79007534847298e-03 2.06763774733099e-03 -9.78861932939771e-04 7.12858426820189e-04 -4.80734404485127e-04 -1.94095762087317e-04 -7.53425717606613e-05 -5.26042050409239e-05 1.18618375971700e-04 4.53659126717768e-05 -1.87528351433043e-04 -1.42247123169819e-04 -8.03127476498292e-05 1.75065629503457e-04 -1.81958188098946e-05 -9.18929546984850e-06 -6.42265169906959e-05 1.63826839277950e-05 -4.53707785417351e-05 -1.38132262729513e-05 1.95538021978786e-05 4.30633286959451e-06 -1.70204458121263e-06 1.06622041234696e-05 -4.87448222774725e-04 1.27979151662159e-04 7.78000271301628e-05 -5.35178915999054e-06 -1.58680919717901e-05 -3.29478017094693e-03 1.26044633033983e-03 -1.77729017065366e-04 -1.63688023675198e-04 -6.31482707629277e-05 -1.39210689257170e-04 1.31380416854891e-05 -1.71048128799161e-05 7.47132608032635e-06 2.06581987599163e-06 1.84878100205557e-05 3.78086440009588e-05 -3.82642906002292e-05 1.13651563469161e-05 3.19027764119671e-05 6.15598705600209e-05 -1.51066225212680e-05 -8.27449808538843e-06 -9.51638935129352e-07 -5.13721555973783e-06 -7.95922386861795e-06 -6.52927028959805e-06 8.22116574399707e-06 2.62594003836811e-06 3.14675375255082e-05 -1.10637085232995e-03 -4.42926007191210e-04 4.24738323025636e-05 -1.08127858383840e-04 -2.85638094026698e-05 -1.20490054755297e-03 2.52973283324888e-04 -9.58795508389261e-04 1.16552987578861e-04 -1.96160767211515e-04 -1.28080377772314e-04 -2.82752045065901e-05 4.49030900225242e-05 -4.93153350431037e-07 2.61124504017587e-05 8.40495847082369e-06 -5.85361574696084e-05 7.14506129117661e-05 -1.28791428736690e-06 8.51062368675647e-05 1.53172770510819e-05 -2.48551273726489e-05 -5.04148821729977e-06 7.30143774441965e-06 -9.97498582300390e-06 -5.66964520460580e-06 1.29592616152203e-05 1.06319809271203e-05 -2.44352556347835e-03 1.72957914974925e-02 -4.51437056528629e-03 -3.93897122766327e-05 2.97535601812737e-04 -1.89190503093419e-04 -7.48791584291478e-05 3.97453105821273e-04 -6.19569496062216e-05 -1.84348341438906e-05 -7.35174748645533e-05 -1.35958453231973e-05 1.48379958515469e-05 -5.00132114460777e-05 3.97396094231141e-04 -7.22064631294217e-03 1.01349346104028e-03 5.80844738028371e-06 -1.19310798048845e-04 -1.97505251510279e-05 3.01006069482060e-05 -3.00321765161974e-04 -5.41940183850086e-05 -2.45966025414290e-06 -4.88006138696297e-05 2.45106511409627e-06 2.13593360976912e-06 2.66470991692621e-05 -8.35265394990599e-04 3.92726721632132e-03 -1.51327886908041e-03 -6.90078911686516e-05 -9.66957527510637e-05 1.45092448081630e-04 -7.24064271487715e-06 -1.32882419416426e-04 3.27478394021365e-04 1.93604724041418e-05 -4.05241537329726e-05 -1.07785935844721e-05 -4.58560381405695e-05 -4.13608600968608e-06 3.10298267606226e-04 -1.43753146922843e-03 5.89080983360918e-04 9.20845940981902e-07 -3.00712438810880e-05 2.05154420672285e-05 -9.96926339911417e-06 2.77340205709022e-05 -3.04994906030324e-05 -9.92673494412289e-06 3.45858510695210e-06 -5.92213403752256e-06 9.85653672177274e-06 1.24474778148701e-05 -1.57746390052683e-07 6.89277578216423e-04 1.08222777053064e-04 -3.23322492445452e-06 -4.48083055512109e-06 -1.67677535426702e-05 1.98095396379649e-05 -2.66534461712264e-05 -2.06398812408844e-05 -4.77243351309012e-06 4.71032298019073e-06 -2.49411732488155e-06 -9.90420367392194e-07 -7.83948685707584e-06 -2.08186041910690e-04 5.73642755352927e-04 -1.42515704697897e-04 -1.75168530172463e-05 6.50028017769587e-06 1.55079225301933e-06 -8.04229783425031e-05 -3.93091930257114e-05 -5.48014533302993e-05 -2.12612361994371e-06 -5.30533492630340e-06 -4.55187824851083e-06 3.82810338024372e-06 -2.84357635336321e-06
 -2.61393631339856e-05 2.50576187399926e-04 -9.95552898736254e-03 2.14713965531506e-03 2.04673511818286e-04 -1.31471751963724e-03 4.36434240302226e-04 -2.23740733860986e-03 1.39603409982804e-02 -4.01812969449443e-03 7.51487091210067e-04 -1.85039637582038e-03 6.56435737179140e-04 -1.01069629732742e-05 1.79033882035420e-04 -2.36645535276046e-04 -6.90990975560643e-05 2.14015448672134e-04 -1.15173559044716e-04 1.28586506567810e-04 -1.81402544197733e-04 -2.82392025824280e-06 9.73205645891440e-05 -1.82797378747538e-05 1.02064550684181e-05 4.66895824052227e-05 2.24239644332815e-05 2.15553129696071e-05 2.59907846603780e-06 3.56062960480548e-05 2.78186203140835e-05 -6.15518890084157e-05 3.43277692141810e-03 4.14109658391129e-04 8.58408672420994e-05 9.17708488398497e-05 -1.59186573247622e-05 3.48344896234495e-03 -1.55809454143986e-03 -1.17872051770452e-03 -1.43169983748005e-03 -7.83512481588398e-05 3.66350661061125e-04 -1.13216054920018e-05 3.55151204018898e-05 -1.98679979480081e-06 -8.44679108875713e-05 1.66639464389732e-04 -1.03148320603503e-04 9.65967395298498e-05 2.28411096645545e-05 -1.17571292210926e-04 1.26646180718309e-04 -3.47182459167689e-05 2.88334950401189e-05 2.19733459007497e-05 3.10671390330173e-05 -2.07901151128610e-05 -3.13425487650194e-05 9.63267610451017e-05 -1.21103647274829e-06 -2.38154828359406e-05 -1.35121286519027e-03 -8.19168936257028e-05 8.29566148234167e-05 -5.87573284859083e-06 -1.57895946493429e-05 -2.00287330590190e-04 3.71039900322244e-04 8.22263638992413e-04 -1.96760337500642e-04 5.17483623471170e-05 7.51315092662036e-05 -2.31911769131545e-05 -6.47263795332785e-07 3.42330767398232e-06 -2.89064601695413e-06 4.33741105571982e-06 -1.45018172374748e-04 1.61465010293829e-05 -2.13116121601115e-05 -3.51964481249198e-05 -2.30696396549270e-06 -9.27738873062926e-06 1.28277244786194e-05 2.33510530979936e-06 5.64498983579361e-06 -9.36095299865972e-06 -9.37913402603990e-07 -2.95009900050163e-05 9.90720314157775e-06 2.28759103036497e-06 2.59353216193131e-04 -8.51750845216717e-04 -6.01290285410838e-05 2.38958027274592e-04 4.15709672351916e-05 2.16117870582228e-04 -1.28510321008948e-03 3.65622384007600e-04 -2.40493222453607e-04 -2.34109277029725e-04 1.66000235875201e-05 2.05885119262944e-06 -1.89171949199346e-05 5.52849849060702e-06 -9.90264873204824e-06 1.00505467383872e-05 8.37916628136382e-05 -3.51886499360945e-05 -3.43385231596245e-05 -2.63922954200147e-05 1.84692011831290e-05 2.72462536637222e-05 2.35864149873806e-06 4.37096806929008e-06 3.16571084142074e-06 1.08227151674241e-05 4.41760136610029e-07 -7.76503892702105e-06 2.74596867949966e-03 -1.80045011758068e-02 4.74226472554545e-03 3.09801920128534e-05 -1.89190503093419e-04 3.06813596389464e-04 4.30075224179935e-06 -7.16864332296794e-05 2.78081302765834e-04 3.56585405618120e-06 6.32684338876271e-05 -4.18394749948927e-05 -5.24014465741823e-06 1.79696373689748e-05 1.53121004613679e-03 -7.60408276531421e-03 2.43819787678839e-03 -2.79245915863329e-05 4.39441447308456e-05 -2.27176218931083e-04 -9.23304172214164e-05 2.87322862293892e-04 -1.95428611521265e-04 -5.15839554443836e-06 1.55873920197982e-05 -5.70682875981767e-05 -1.68821451265242e-05 -2.27764231906192e-05 2.45778181747013e-05 2.88071660365437e-03 -6.64966619947701e-04 -9.28356780927317e-05 9.77397794949976e-05 -4.17835388630004e-05 -2.38406803127670e-04 1.33360475297007e-04 -1.01999472030287e-04 1.21556488465838e-05 9.63206835674454e-06 -8.58266777270574e-06 1.40789875250690e-05 6.02406644171825e-05 -1.25696664438823e-04 1.15863305038030e-03 -5.24530604510502e-04 -1.11113142324090e-05 1.89071843485706e-05 -2.93022524615468e-05 -2.82726675221102e-05 1.27629943163373e-05 4.65085937986883e-06 6.26558245305679e-06 -1.09550089450414e-05 8.40338474909437e-06 -4.45432342156581e-06 -9.71644007438121e-06 3.38027247752584e-05 -6.95950677934865e-04 5.06045068969240e-04 -2.67179925657541e-05 6.50401558302090e-06 1.11626403234635e-05 -5.84128221224766e-05 8.25009590707570e-06 1.86225725266599e-05 1.12064900815274e-05 -4.76213590402855e-06 1.38733680340322e-05 5.67904303914273e-06 -5.87151836939057e-06 1.30426366234274e-04 2.38350229053491e-04 -1.81909778281181e-04 -1.03687244036115e-06 -4.04039031023384e-06 2.14877627046053e-05 6.68955870431483e-06 3.30881984263349e-05 4.84202276905699e-05 3.01046231739558e-06 8.35683355367815e-06 1.12177359691981e-05 2.11521802217419e-06 7.98357280424395e-07
 2.18109633626332e-04 1.66591696970128e-04 -4.05228355868979e-03 -1.62978306753611e-03 -1.84673351673251e-03 -4.31129462822595e-04 5.62040843338204e-04 2.64288050395816e-02 1.41785761656659e-03 -5.79535905035127e-03 -3.42795604012796e-03 -7.84122235586799e-04 8.56636429766086e-04 6.50259092599679e-04 3.52616173156614e-05 2.52434263746075e-05 9.56446720137845e-05 -1.12606733563056e-04 8.49051519936184e-04 -4.88390760008655e-05 1.01674240290076e-04 1.91721124001957e-04 -2.87241856584769e-04 -1.73487533882633e-04 4.40238830111040e-05 2.93762393007313e-05 3.36034438377813e-05 -9.88026709399436e-05 -5.39189539759824e-05 3.86693747464838e-05 1.82194255877988e-04 2.80250874155173e-04 -1.08881734987380e-02 3.59218345294877e-04 9.72047406983215e-04 -1.11337825955365e-03 -2.84551621039278e-04 -1.49362754728930e-02 1.12980182164820e-02 2.80045819240329e-03 5.29166632661115e-03 -3.65961931159977e-03 -7.55415184429808e-04 8.47408539170246e-04 -2.26260944707741e-05 1.07766700525545e-04 1.19193616159247e-04 -4.35948598885027e-05 1.03613487621974e-03 -4.14427823776421e-05 2.67716647295424e-04 1.37409286295014e-04 1.88612439875349e-04 1.50158274756487e-04 -4.18511601022724e-05 -6.46046506181835e-05 -2.22934273257112e-05 6.07806030520164e-05 -4.01282887764968e-06 5.36407364495346e-05 1.12264351414317e-04 -2.05966587952323e-05 -8.37248036202561e-04 1.84933842694644e-04 -2.96510127689600e-04 9.46931846857204e-05 2.96317731909579e-05 9.80676671682768e-03 -5.57015427529676e-03 -1.37320218543460e-05 1.03028620240235e-03 3.85281363163584e-05 -6.12948756870349e-05 1.61130289307120e-05 7.62537266285714e-06 -4.85235942053945e-05 1.40696834333157e-06 -8.31344404069407e-05 7.75065705180010e-05 -9.91491429769877e-06 -1.02450369810771e-04 5.16040207200579e-07 -9.67282774172565e-05 4.80809751419089e-05 -1.21864416215183e-05 2.35639452030910e-05 -8.87914454603045e-07 2.96666840247795e-05 4.12165895062436e-06 2.87957786880520e-05 2.76354451341366e-04 -1.27457744848583e-04 5.23034093805362e-03 3.34488246412873e-03 -1.12416047474975e-04 1.60080280428767e-04 3.25244164441276e-04 4.24106296085245e-03 3.79258390903944e-03 -2.18867663462523e-03 2.82520799462929e-04 7.55362911093384e-04 4.84238836126946e-04 1.76108846940277e-04 4.98248177372002e-05 1.86923499691065e-05 3.57476969447237e-05 -8.33498295839917e-05 2.55658821326026e-04 4.37866865443143e-05 -1.70028334150314e-05 2.60225489322965e-05 -3.84299472517722e-04 7.29625656235558e-05 4.67532038794579e-06 -5.10944132234403e-05 -1.54484580119235e-05 -1.11197183779938e-06 1.33518686721846e-05 -1.40781161606105e-04 1.21991497226880e-04 -3.60122432230162e-03 1.15344440696949e-03 3.02161293687919e-04 -7.48791584291478e-05 4.30075224179935e-06 8.34159053889538e-04 -2.05013076718363e-04 -4.46404117441494e-06 1.04630770094666e-04 2.59715068846002e-05 3.94733475236384e-05 -1.15613017759481e-04 6.37931579280979e-06 -4.31461165016669e-04 2.52758776107940e-03 -4.13763307645579e-05 2.94028547760346e-04 2.47482009569233e-05 -9.21012499240278e-06 7.74898077557579e-04 1.10550477289492e-05 -7.28928302190845e-05 6.40372319427358e-05 -1.32110746763073e-05 -7.29298471886742e-06 1.40296923762876e-04 6.61445200305366e-06 -3.43931093143713e-03 2.20208432527323e-02 -4.43579559058979e-03 -1.67088124389357e-04 -3.47266128742592e-04 -6.56372886187268e-05 8.35030905189634e-05 -4.00780369481390e-04 -1.44482649313169e-04 7.44435732642318e-05 2.45397214086886e-05 -3.37060020443183e-05 2.53668139740761e-05 -7.75329726672817e-05 1.53729956667488e-04 -1.90515503970902e-03 5.89842270666777e-05 3.24274655312745e-05 7.77080098922089e-06 1.77678479049125e-05 1.23303285014993e-04 5.32007708988203e-05 5.98514705324281e-05 2.11050213395356e-05 1.71652464518384e-07 -2.67356636298812e-06 -5.21875577154568e-07 -2.94403454612476e-05 -4.18270347988392e-04 -1.01334612533660e-03 -1.86113056143713e-03 1.21675723449598e-04 3.01741087472874e-05 -3.02256404611096e-05 -1.84297266471998e-06 1.50159722590353e-04 -3.93684985833650e-05 -9.07599445128195e-07 1.55383956541156e-06 1.72992654159627e-06 -1.34658101752959e-05 6.53523245495208e-05 -1.76140225608048e-04 2.08543413888381e-03 -6.83655392844906e-04 3.68819482180412e-05 6.53307709934200e-05 1.93833723380874e-05 1.56749852539092e-04 2.04901127063853e-04 1.31327154059760e-05 1.93746502291783e-05 2.87326211028869e-05 2.46010173083931e-06 1.00945519853855e-05 -3.27267200152054e-05
 -2.90715146750643e-03 -2.47323443283217e-04 7.95821047459034e-03 1.36330479480462e-04 -4.97168762042759e-04 -3.77589885567473e-04 -2.65222367023939e-03 -8.24051895950062e-05 6.57590336921161e-03 2.46498478248433e-02 -2.27788640922423e-04 -4.65496174021728e-04 -3.92431559532896e-03 -8.70943753323806e-05 -5.46936002590355e-04 -3.28491209594340e-04 -3.05680247451790e-05 9.44949256165527e-05 -2.77775486312921e-04 -1.62416235953315e-04 -1.82138473383562e-04 -3.17133025706544e-04 1.12968091626872e-05 1.03219770488465e-04 -5.04943202331096e-05 -3.79237501456391e-05 -5.33640493242784e-05 3.16436704964244e-05 4.86538100582450e-05 3.63753476116488e-06 -1.94720968001736e-04 -1.09455388583699e-04 1.96612627272142e-03 7.16514384348678e-04 -3.53056480349787e-04 1.09715060950699e-03 3.55133712249251e-04 5.73873900602519e-03 -6.76765899714062e-03 -4.16445481801620e-04 -2.88568253954304e-03 2.23001858673518e-03 -5.20187412787377e-04 -3.98077583972992e-04 -3.30589683246571e-04 -1.14768788252161e-04 1.08010424327445e-04 2.95869723254858e-04 -5.01081204114877e-04 -5.73455731901263e-04 -2.36783344341637e-04 1.65788996224978e-04 5.15902103794790e-06 -4.02031462529189e-05 -7.78350195662798e-05 3.88351519659942e-05 -4.19075140007422e-05 -5.36487570165291e-05 8.21301087165762e-05 7.01896478652052e-05 -3.42800367760913e-04 1.49419274010615e-05 -1.37984173928326e-03 3.90536579780285e-04 2.04343074010773e-04 -1.42203615476229e-04 3.13410839628106e-05 -6.57117799972328e-03 7.07508578988654e-03 -5.43988773659187e-03 -4.62253851278008e-04 -1.94546195742556e-04 -1.63138055403972e-04 8.93221919372618e-06 2.14356200664044e-05 5.83820217693188e-05 2.41187981882595e-06 9.56653116326007e-05 -3.19371151703106e-05 8.01748408171038e-05 8.84083606084241e-05 2.45021655036318e-05 2.54551823177911e-04 -6.87455340681812e-05 -1.90156621504483e-06 -1.65235220062162e-05 -1.13708041451576e-06 -2.37149364531587e-05 1.52367006498813e-05 -5.23816435483428e-06 -2.67001838390423e-04 3.68012723896139e-05 -1.24349124979268e-03 -1.69080971978302e-03 1.72540880606905e-04 -1.26067705585938e-04 -7.75267600859261e-04 -2.78996276903433e-03 1.22800075094601e-03 4.24284249303307e-03 1.17747339425235e-04 -8.56004390889699e-04 -1.16292427107527e-03 -1.05294961130628e-04 -8.41289666704950e-05 -8.05594454022755e-05 -1.52099635250169e-05 4.89608285677529e-05 -2.86633486678660e-05 5.89456054363799e-05 -9.40985393787830e-05 1.15041964435950e-04 7.80865656378305e-05 -8.53276684776268e-06 -2.52996904683542e-05 1.97553763036350e-05 -8.00286050757222e-06 -1.13394098996317e-05 2.91557437156070e-05 1.91309158583913e-05 -1.90956174779783e-03 1.74098213523128e-02 -4.17909532979179e-03 -5.89793601827535e-05 3.97453105821273e-04 -7.16864332296794e-05 -2.05013076718363e-04 8.00083255144504e-04 1.06466921814193e-04 -3.18949543562185e-05 -9.58570202902804e-05 -6.94401458141078e-05 2.75924811825897e-05 -8.12511334415639e-05 2.46703973612418e-03 -2.39516627795925e-02 4.71642592713871e-03 -3.79586805490154e-05 -2.21459189212819e-04 -2.84345515056969e-04 -5.06850696054409e-05 -3.77826820251591e-04 -3.78109253260056e-04 -1.78506772583191e-05 -9.01864551604728e-05 -5.25845660526467e-05 -2.75952665816040e-05 2.80549734999100e-05 -1.00773253166800e-03 7.51971630382129e-03 -2.56604627449265e-03 -1.72962871053543e-04 -5.31451830437218e-05 2.57658466487799e-04 -2.47185600802620e-04 -1.20882584984703e-04 5.60920112559764e-04 4.16978522401192e-05 -7.83759951887660e-05 -2.61271680313237e-05 -7.35170024805807e-05 4.64733754076202e-05 2.69466504713324e-04 1.90794432312854e-03 -8.64293780585077e-06 -2.34080712542857e-05 3.90954231747466e-05 7.24816284451947e-06 -3.39445508625363e-05 2.71541047025230e-04 -6.45638949015951e-05 -2.24841188239097e-05 -2.77853720605524e-05 -1.81619099859704e-05 1.59322754527349e-05 -6.05657122321177e-07 -3.22145207221247e-04 3.78250971018420e-03 -2.99419693515572e-05 2.08333724903378e-05 -2.96972538550461e-05 2.55628315393249e-05 7.13989111992760e-05 -1.02354476480296e-04 6.80425228636845e-05 -1.50578640122905e-05 -1.20734452775921e-05 -4.77543053417985e-06 7.55341154519751e-06 -1.53133772316879e-05 3.19829904746759e-04 -5.13574892237846e-03 7.53392508260490e-04 -5.03595922252687e-05 -4.32552934459622e-05 -5.44010157714399e-05 -2.15211190444480e-04 -1.49152841621906e-04 -1.91701334440680e-04 -4.32977315325904e-06 -2.73223411750294e-05 -1.63670363167845e-05 3.71330071398494e-06 8.56746850446499e-07
 3.21905100654429e-03 9.30270764766439e-05 -3.80411656642358e-03 2.22037355130110e-03 -2.66546048109631e-04 -1.51529440285968e-03 1.12167197061804e-04 -6.31333305908301e-04 1.74130148287819e-02 1.02725412805889e-03 2.13748769375495e-04 -2.09105142508483e-03 -5.92350630286958e-05 4.49520474770512e-05 1.13666550554090e-04 -3.27284211325168e-04 -1.10469289709193e-04 2.82473263379060e-04 -1.97748254973106e-04 9.69827353010626e-05 -2.53972017202456e-04 -1.46909711173196e-04 9.97853685149153e-05 3.68348359788435e-05 -3.95197369711236e-05 3.39413235548048e-05 -7.18647448035368e-06 2.72088649985167e-05 2.16786795652406e-05 1.62398549027358e-05 2.37753103876084e-04 -1.10608040676577e-04 2.13391571132208e-03 1.26204902787794e-03 -1.00199115639607e-05 9.29158267317316e-04 -9.44623150143257e-05 4.54867145410732e-03 -6.17523354868179e-03 2.85686759899142e-03 -2.45361191462354e-03 1.67562337634323e-03 2.71077403361986e-04 -2.07986892116905e-04 1.72917929383191e-04 2.97124159130906e-05 -4.53784201190180e-05 3.81691096926023e-04 -2.85302101907205e-04 4.25113336116860e-04 2.66336933563720e-05 -3.23567319806750e-05 1.35615572640950e-04 -1.20822348313943e-05 -1.42536469610819e-05 5.58344428681647e-05 -1.02390363239919e-05 -2.23462627666837e-05 -8.83240486966677e-05 1.46675425569350e-04 -1.41279110197355e-04 5.18902008141983e-06 6.94770504461617e-05 2.32382550890069e-04 2.21547760193502e-04 -1.45061619426939e-04 -1.45623451477783e-04 -5.32975292639714e-03 5.38339097970453e-03 7.92572059826480e-03 -4.59485046163230e-04 -7.06367500165335e-05 -6.33370761598855e-05 9.48549104365606e-08 -9.65716939725631e-05 2.72319106849994e-05 -7.72425668030856e-07 6.97744786080538e-05 -7.78248580046158e-05 -2.11608327886122e-04 -7.78725145585883e-08 -2.19745386726708e-05 1.92798819334907e-04 -5.15263834039754e-05 1.11663021182376e-05 3.01916172669699e-06 -5.54787522177604e-06 -1.43539950948877e-05 -4.86583036388489e-05 -1.21116612069655e-05 9.73533290090132e-04 -8.57253158609993e-06 6.65949440694209e-04 -1.90425003630771e-03 1.11031228220951e-04 9.60978403295816e-06 4.46053423731471e-04 -1.75528176079553e-03 6.08751651616602e-04 -2.61995133627502e-03 8.81964517439681e-05 -9.61888952864588e-04 3.26652476159444e-04 -3.41432888291057e-05 1.16254405772041e-04 -1.42144832908714e-05 2.56613855226192e-05 5.11999022088090e-05 9.45672919765252e-05 3.52013115414510e-05 -8.97302878776133e-05 4.97999588759465e-05 2.20553102614294e-05 3.87404825328654e-05 2.18589264660028e-05 -1.61845702572804e-07 -1.27869024428647e-05 3.24584404237411e-06 8.90775665927217e-06 -4.90511762435806e-06 1.98951706096016e-03 -1.45281748287926e-02 3.28562569474602e-03 2.15966654587881e-05 -6.19569496062216e-05 2.78081302765834e-04 -4.46404117441494e-06 1.06466921814193e-04 4.05183724320538e-04 -7.26484967239995e-06 4.29780143277042e-05 -6.65315518006458e-05 3.49757149191507e-06 -5.99395929004896e-06 1.97659400063575e-03 -1.15150455949150e-02 3.07424550213891e-03 -1.32299935537077e-05 2.97885462105269e-05 -2.64474053010493e-04 -1.05334772287911e-04 3.21819177149595e-04 -2.38719188703016e-04 2.20078540361843e-06 1.20238589886051e-05 -6.98442462131092e-05 -1.42836480583122e-05 -1.42816994133427e-05 -8.68699551074861e-04 9.11438162067110e-03 -2.58584730083020e-03 -2.07398609674492e-04 2.96671114446113e-05 1.27668694306206e-05 -3.67085014550725e-04 7.57037071663630e-06 3.20891352996763e-05 4.43580284846994e-05 -2.48213429419147e-06 -2.19330794406003e-05 -9.46811675374461e-06 7.57879978540739e-05 2.38903717235733e-04 -2.89210883009137e-03 2.32863501558364e-04 -1.61068695348406e-05 -2.67033179117138e-05 8.47929100327681e-06 -8.24571971403895e-05 -3.85367399668448e-05 8.97502949159640e-05 6.97053144436927e-06 6.37523956779435e-06 -8.12272574186523e-07 -2.23509550118014e-06 5.37325968271805e-07 -2.45971953729447e-04 2.06091182996456e-03 3.40462942706074e-04 2.55723980913645e-06 -3.33281033143076e-06 -2.91881927609918e-05 4.97031626745359e-06 -3.53808956125602e-05 -4.56872895532685e-05 2.94841136471519e-06 9.86492390056657e-06 1.40360462095042e-05 3.81925662005643e-06 -6.57174298534203e-06 -5.92621395778449e-05 2.80085804810511e-03 -6.37278297362548e-04 -2.58128906834715e-05 3.70782074298358e-05 4.26515146081878e-05 -4.31384219486742e-05 1.56024071897506e-04 6.64371350735810e-05 -6.36432400902806e-07 2.56037374470729e-05 8.37413829288231e-06 -6.04892362929061e-08 -4.32086906682560e-06
 3.69939291522542e-05 3.44561218975156e-05 -1.00285545856534e-03 2.60842430953888e-05 -2.54100710859398e-04 -4.27779459901753e-05 8.49012864113510e-05 3.41052170929310e-03 4.72990040548700e-05 -1.12765104119968e-03 -4.77616184187402e-04 -4.14715551106008e-05 1.73302269581429e-04 8.74047748722504e-05 4.26341474072170e-06 7.48586438488786e-06 1.83447025764131e-05 -1.29502969486140e-05 1.17013017960019e-04 -3.23715286664246e-06 1.68755482635430e-05 4.11103098027409e-05 -3.23233335862921e-05 -2.59000091647486e-05 1.35188158411168e-05 7.27842219724903e-06 8.49471707674010e-06 -1.13118645205140e-05 -7.25459329639136e-06 1.65211481660416e-06 2.12305927003591e-05 3.98765216009223e-05 -1.91262187825103e-03 1.83879762029294e-04 1.66434993148212e-04 -1.35276079553298e-04 -4.93557792711325e-06 -2.36003027728082e-03 1.54187340675796e-03 -3.25819072306890e-04 6.89626372400990e-04 -4.18789123283505e-04 -4.62200260214083e-05 9.33517235711428e-05 -3.13118168423312e-05 1.64326833966066e-05 5.19995077968222e-06 -2.00508380592083e-05 1.12995595636904e-04 -6.14797799224030e-05 2.32324889132727e-05 2.07441039949385e-06 1.10276101391690e-06 2.34634962243418e-05 -4.51878202173986e-06 -1.36067296836737e-05 2.03945366000580e-06 9.73782362797757e-06 9.18100997968981e-06 1.94671135842197e-05 5.44961258514524e-05 8.57312980660189e-07 1.11808235499614e-04 4.32624111058356e-05 -1.70572479318998e-05 -1.00297808898997e-06 1.66851996498475e-05 3.05394689207881e-04 -3.17674566462866e-04 -9.55500894330684e-04 1.14897551465128e-04 -9.87114648390685e-06 1.27876164938838e-05 1.04753454540698e-05 1.21900380126197e-05 -1.57748295171844e-06 1.32816624692753e-06 -5.41333291355867e-06 3.48458600336246e-05 2.51186658697225e-05 2.29679242338976e-07 1.79588795526835e-06 -2.65726456081585e-07 4.28656251092081e-06 -2.07385440504616e-06 2.56523344934391e-07 1.26657957891148e-06 3.04664437189570e-06 5.62848344024379e-06 1.03980911070291e-05 4.82388379243188e-05 -1.70878160838786e-05 6.87026050662276e-04 3.14501040585169e-04 -5.22037574155592e-05 7.56569653218578e-05 -3.99981335467591e-05 7.83358991327282e-04 -1.37210325903614e-04 2.99373286734855e-04 1.34175257453206e-05 1.45523569813173e-04 -2.80624573124776e-05 2.90538945812702e-05 -1.87294324858305e-05 8.85329620104676e-06 3.59742372920879e-07 -2.47384297643372e-05 3.55014468817203e-05 -4.35055661246936e-06 4.67406294527279e-06 -4.81808623220951e-06 -5.58695962630326e-05 9.79352773198702e-06 -2.88115045400107e-06 -8.00829834715474e-06 -2.59492107230549e-07 -7.42250016718362e-07 6.78632286329943e-07 -1.97406817169673e-05 9.40450177985635e-05 -7.97697477216277e-04 2.68810235578982e-04 4.07652103366230e-05 -1.84348341438906e-05 3.56585405618120e-06 1.04630770094666e-04 -3.18949543562185e-05 -7.26484967239995e-06 1.58550257586729e-05 3.57315924596832e-06 6.18513735303554e-06 -1.58885204282847e-05 2.86315121419598e-06 -9.88326013319391e-05 4.83694297933957e-04 -7.42618455365501e-05 3.65377748379069e-05 6.50262651592118e-06 1.56527242355934e-06 9.84821213139393e-05 1.21218728752575e-06 -1.85713063280281e-05 8.34306196283924e-06 -9.11340491168846e-07 -6.63018346843523e-07 1.71649259512344e-05 -9.60243719634506e-08 -3.81181358910239e-04 2.56960889389924e-03 -5.05925870489232e-04 -1.44538829154321e-05 -4.35019556595090e-05 -1.32027480221839e-05 1.37667101518762e-05 -5.54657044863913e-05 -3.22649331553753e-05 9.40670064979427e-06 3.88565582919025e-06 -4.85587862618456e-06 5.97019907648189e-06 -1.16050313033839e-05 -8.04227689903985e-05 7.67290315728473e-04 -1.85155728029520e-04 4.07528281766773e-06 1.00167588818081e-05 -9.34934117118154e-06 1.98841248647878e-05 2.06063170833269e-05 -1.14469877201668e-05 2.49707685682053e-06 -3.64803010446690e-06 1.09001801468138e-06 -3.34928077741183e-07 -5.17539464595028e-06 1.77551184444832e-05 -6.41079483492802e-04 -7.28678695881734e-05 7.99456011855013e-06 7.39260292962167e-06 4.34756520275005e-06 -6.40293908251412e-06 2.28657831401247e-05 7.57038365476261e-06 1.97580629759213e-06 -2.57366025004835e-06 4.78902470925039e-07 -7.95664920774686e-07 6.43785688282630e-06 -2.03167540700584e-05 -1.94263012467901e-05 -4.80477027252548e-05 8.14249832515908e-06 -9.81023106816818e-07 2.67609020217218e-06 2.09756491416159e-05 2.56838660263753e-07 -6.06793183959978e-07 3.17014931493494e-06 -2.55801544926727e-09 8.33251675550471e-07 1.86777693548498e-06 -2.63286269032292e-06
 6.32851831256212e-04 5.60062714586044e-05 -2.03181402722781e-03 1.92376739661331e-04 8.36328340207641e-05 -2.28606187008377e-04 3.69087726594599e-04 -2.98095203752520e-04 2.14520662888805e-03 -3.36858580962057e-03 1.57250579190588e-04 -3.47940494460921e-04 5.36504060176987e-04 8.82821119009587e-06 9.49378633936013e-05 -1.37328530382652e-05 -1.17599330369497e-05 2.95171759013906e-05 5.38839141452298e-06 4.30729532969907e-05 -1.70624910560800e-05 2.87887823102691e-05 1.37234739045735e-05 -9.97094575319854e-06 4.20899372214594e-06 7.37505716835932e-06 7.13888206738684e-06 1.31611472692747e-06 -5.02512855837045e-06 8.56286727512715e-06 -1.44410871038375e-05 -2.47780232785798e-06 5.93122172795072e-04 -6.79448552545774e-05 1.69870331894265e-05 -9.12522149719125e-05 -4.44967084040726e-05 5.04005087433862e-04 3.91526784832271e-04 -3.67860890513464e-05 -4.73892802866916e-05 -2.35559219350744e-04 1.20461508988607e-04 4.91701567227438e-05 4.83709496018979e-05 8.74986788870830e-06 -2.71128286538341e-05 3.06704074883986e-06 4.35226327697689e-05 9.32533177263931e-05 2.92004510047618e-05 -3.89848412653542e-05 2.27767248676921e-05 -4.41146257501517e-06 1.48756091950465e-05 1.78538610407568e-08 8.67475926996224e-06 3.82042900509677e-07 -1.73062189241030e-05 7.05276905651863e-06 -2.15214209548643e-06 -5.75346625880577e-06 5.05226918248922e-05 -7.13421645200939e-05 -1.72634247193986e-05 1.71247421645019e-05 -8.85978714895629e-06 1.29466699935339e-03 -7.03669758104206e-04 9.30920432550550e-04 1.89396160759281e-05 4.45180758988467e-05 2.67689778622853e-05 -1.18594270035391e-05 -4.77748531834578e-06 -6.51805686886970e-06 -1.64251457239708e-06 -1.06428002311378e-05 -4.72004514648027e-05 -1.06324025374709e-05 -1.63213893994579e-05 -1.26333270598999e-05 -2.68919665918610e-05 5.66011482201644e-06 3.70824465274251e-06 2.89181831142191e-06 9.48399096150408e-07 5.61976858128542e-07 -2.63032458240580e-06 -1.08125271730410e-05 5.34092623864444e-05 -4.97530249115135e-06 2.65077506942828e-04 8.39910204533075e-05 -8.31356695876748e-06 6.70508917203515e-05 9.61669672124505e-05 2.18056081665135e-04 -4.44506561228937e-04 -3.89678390782789e-04 -2.28238203722163e-05 7.30226226107361e-05 1.27096630264725e-04 6.25794351744018e-06 7.34737785177830e-06 1.20976780732559e-05 9.17409655944162e-07 -1.77899418723469e-06 1.44872215735792e-05 -1.29870378997951e-05 5.12715730118713e-06 -1.38191024821416e-05 -5.37794864214229e-06 4.89763971509155e-06 4.08974469204436e-06 -2.21162901455371e-07 9.60400970434100e-07 4.19090030873679e-06 -2.79926013379965e-06 -1.14934593658246e-06 6.73663085398019e-04 -5.10447506123710e-03 1.27964735918752e-03 1.24900742084411e-05 -7.35174748645533e-05 6.32684338876271e-05 2.59715068846002e-05 -9.58570202902804e-05 4.29780143277042e-05 3.57315924596832e-06 2.23334354887133e-05 -1.09979082379399e-06 -4.41315505272383e-06 1.15609146546822e-05 -1.24102879170782e-05 1.29770524390882e-03 -9.31970324849524e-05 3.97700748322609e-07 3.52866437239027e-05 -9.50447048029322e-06 -9.36071466498302e-06 9.94252153621302e-05 5.66610254628025e-06 6.97331267314203e-07 1.30850677384886e-05 -5.65257203406397e-06 1.46362580654154e-07 -7.50194369606292e-06 1.66555436529952e-05 2.54406952780368e-04 5.03875261849373e-06 -1.00762156566029e-05 1.93034244711068e-05 -3.48471317435829e-05 -2.65312215882681e-05 3.66616494815245e-05 -7.73909035948527e-05 -8.66817689720783e-07 1.01441536967429e-05 3.58381557438833e-07 1.00152903869026e-05 8.03602969236466e-06 -7.54025664631311e-05 6.93404415249856e-05 -1.38072839850363e-04 -4.18952756733694e-07 9.51183343143234e-07 -8.56191980808981e-06 -3.53384054849617e-06 -2.69311180519446e-05 1.09773899961435e-05 3.14193515412050e-06 4.34594880538396e-07 3.70060070071840e-06 -2.30175309079022e-06 -1.79473269476501e-06 2.70278922380149e-05 -4.35683046698904e-04 6.17301766067207e-05 -7.23102447454141e-06 9.87048424109038e-07 -1.09451734434811e-06 -2.08067018556476e-05 5.05880482226917e-06 -3.49369946719396e-06 2.76143070994323e-06 8.00770587385484e-07 2.96663871687322e-06 5.79842406063653e-07 -4.33419881992280e-07 -2.45429421741925e-05 6.94139315855608e-04 -1.49902642553391e-04 4.07929863176789e-06 4.62565252661231e-06 1.26797085049708e-05 2.24931009155596e-05 2.42274525490466e-05 3.07024215490453e-05 3.91084225761831e-07 5.19111766716520e-06 4.61511379116729e-06 -4.62063848378141e-07 2.47375718198558e-07
 -3.01555997119599e-04 7.05430632114092e-06 2.36199362018197e-05 -2.59838303782017e-04 -2.84476934802858e-06 2.64427940919781e-04 1.63564346999101e-04 9.98487459814564e-04 -3.15418462134946e-03 -1.76002239108865e-03 -1.69657821933817e-04 3.74834315262818e-04 2.69193335928263e-04 2.17327198758083e-05 1.58938892392798e-05 7.55412566460154e-05 2.13958466272142e-05 -5.47121843704519e-05 7.59226227735895e-05 -8.33381255670355e-06 5.84053090153472e-05 4.52135960194724e-05 -3.19908836919449e-05 -1.84787967169998e-05 9.32739141565377e-06 -1.13474773268344e-07 5.42900900141138e-06 -1.13240118807808e-05 -7.77902588227007e-06 -1.26460355555187e-06 1.00449978818651e-05 3.45443109626153e-05 -9.19563813992089e-04 -2.14814616882354e-04 5.91646263417465e-05 -2.82418783165106e-04 -3.18987090182860e-05 -1.69466137791799e-03 2.00634140194139e-03 -3.10998459502639e-05 7.02166769818624e-04 -5.85089112664285e-04 -5.86602209552008e-05 5.86268741470298e-05 5.37018319700545e-06 6.18738430222594e-06 4.03058057614414e-06 -8.39809953855819e-05 8.52102356388252e-05 -1.07739455179907e-05 1.91735166612243e-05 2.59284623610313e-07 -1.88024551175435e-05 8.29238929509488e-06 3.61594364133050e-06 -1.38949688312128e-05 4.16466840511298e-07 1.00359918749808e-05 4.50365599489132e-06 -2.29418909392429e-05 5.04392306108529e-05 -1.59616011613882e-06 5.41062974330542e-04 -8.83406556532344e-05 -3.98725076952805e-05 3.55852321265471e-05 1.46765249005274e-05 7.31595615915565e-04 -1.53230916781952e-03 -4.83329148428442e-04 1.06802691344231e-04 5.78451962311503e-05 1.77569613749751e-05 6.11351262833905e-06 9.94021488711714e-06 -1.19943528367036e-05 7.51358572293038e-07 -2.28869765603794e-05 3.88750226240446e-05 1.60934670585146e-05 -1.49791996289964e-05 4.63049197137094e-06 -5.06533042119123e-05 1.53407446141980e-05 -2.93373651797350e-06 2.97536280195559e-06 7.79271519260806e-07 4.50677638596403e-06 4.50264366643622e-06 8.45841961454086e-06 -1.60432181792316e-04 2.51415675269063e-06 -6.89225060781300e-05 4.26797101418154e-04 -2.16534080998693e-05 -2.93620146350830e-05 4.31219156380802e-06 1.94155451501854e-04 2.66348707296605e-04 4.39185678107363e-06 2.57030889020864e-05 1.45898864074560e-04 4.19842119455219e-05 1.05630610592125e-05 -3.24398345210370e-06 3.08889862537116e-06 -1.12573655861737e-06 -1.45925308007522e-05 -1.70671230156368e-05 -2.76049375342982e-06 1.83308566748005e-05 -1.10434465065092e-05 -2.68654454130994e-05 -6.37169339392456e-06 3.39554981650537e-07 -3.17947397536749e-06 6.33794088339990e-07 1.62910086221145e-06 -2.24178508985896e-06 -8.82650660542336e-06 -2.18271382461757e-04 1.21788240739493e-03 -2.85280202204718e-04 9.70313338558791e-06 -1.35958453231973e-05 -4.18394749948927e-05 3.94733475236384e-05 -6.94401458141078e-05 -6.65315518006458e-05 6.18513735303554e-06 -1.09979082379399e-06 1.62075433933332e-05 -5.69931376293086e-06 4.99206503111445e-06 -4.65911586030755e-04 3.33140191730275e-03 -7.79143020499149e-04 1.51060973977160e-05 8.93159564844541e-06 5.96618455539440e-05 4.38887814761671e-05 -2.58161054558953e-05 5.97623035687655e-05 3.45009188672790e-06 3.52842379255305e-06 1.48176244911269e-05 9.26379609937634e-06 8.07067031850295e-07 8.17371561048225e-05 -1.18301377884816e-03 3.81190443709681e-04 3.74404570161760e-05 -1.46569967837095e-05 -1.88573458623896e-05 7.94466090902463e-05 -1.09772061923757e-05 -4.10414781157834e-05 -6.54710224190766e-06 5.84809032409363e-06 4.11280750207918e-06 6.03598990543745e-06 -1.72573770762798e-05 -1.05677530745762e-06 -1.16078971567352e-04 7.68445797430105e-05 1.33171971675087e-06 -2.61520751916628e-06 5.83771192535692e-06 6.14309858315950e-06 -1.37219344093026e-05 -3.97171164132515e-07 3.38559826327554e-07 3.00008073202166e-06 1.44625497696903e-07 1.09702514171190e-06 -4.37662114721834e-07 -1.84942155941358e-05 -1.61306288750087e-04 -1.79066958179690e-04 8.09619976996438e-06 9.75565619357667e-07 -3.90193720644231e-07 -1.58540373071318e-06 1.73438030512110e-05 -6.11232811143262e-07 -3.39908906750622e-07 2.58308008567615e-08 -2.31638575031542e-06 -1.65721156391915e-06 4.64281769577758e-06 1.13676677132705e-05 -1.44960233402215e-04 9.31763086329755e-05 2.65533403491471e-06 -8.30605709204647e-07 -7.02966288375344e-06 1.22827410470041e-05 -4.04713264822971e-06 1.69525638236034e-06 5.50136062512884e-08 -1.66499921238031e-06 -7.68050693961063e-07 -2.17673277909907e-06 -1.09064954880264e-06
 -1.04949365816879e-04 -2.27135013949412e-05 4.88159435856843e-04 1.32207536961668e-04 2.59845175209330e-04 8.23509927755857e-05 -8.16051653061678e-05 -3.72371587220313e-03 -4.77394192303281e-04 1.03239438233463e-03 4.88583966271063e-04 1.03358061340033e-04 -1.46544274632609e-04 -9.12520029304696e-05 -8.67921079149925e-06 -1.35807888935301e-06 -1.42116918225769e-05 1.68039289957336e-05 -1.23402122705233e-04 -1.05267672147218e-07 -1.84726032259669e-05 -3.16065571148876e-05 4.75476108670200e-05 2.50639091651866e-05 -9.21826371016681e-06 -2.04084776803434e-06 -5.03821000575806e-06 1.38581438722411e-05 8.18440032917215e-06 -9.53522759023214e-06 -1.34772597989340e-05 -4.53774045454499e-05 1.51639764187916e-03 4.31529349863456e-05 -1.20556770641326e-04 2.48971286755055e-04 3.20207374917290e-05 1.74375748083070e-03 -2.21949352938114e-03 -1.75067914961153e-04 -5.65412542785258e-04 7.13884875621281e-04 1.21850433353084e-04 -1.01237682014886e-04 1.76183945291908e-05 -9.80490405327957e-06 -3.30479194735612e-06 2.93205454163507e-05 -1.20841284380134e-04 4.15344083827705e-05 -3.35948007185049e-05 1.37124958525628e-06 -1.66553807574752e-05 -1.80807536553723e-05 1.62806835342886e-06 1.44329093128865e-05 3.12415333275552e-06 -7.47670939671451e-06 -3.73291504945055e-06 -1.52489085281959e-05 1.47972915543629e-05 4.38527760354325e-06 -1.67053420842514e-04 3.01421706301759e-05 2.85520833506111e-05 -2.82863993037726e-05 -1.30848483217643e-05 -1.00626553635841e-03 1.23279082496319e-03 6.14067720806052e-04 -1.18004375066567e-04 -4.56502617335909e-05 -2.68738555103802e-06 -2.85266522400034e-06 -9.34904359543680e-06 1.03032951486996e-05 -3.48064306221185e-07 1.99210765679131e-05 -7.45032744292011e-06 -1.79316711917186e-05 1.93154061598596e-05 2.59725978483302e-06 2.88770967061448e-05 -1.11717417056448e-05 9.51423018584783e-07 -4.09930026362478e-06 -1.25536769145297e-06 -2.74513121493678e-06 -4.70706991427909e-06 -3.54777217050239e-06 -2.79530941222782e-05 1.09758675276758e-05 -5.96840572864211e-04 -4.10299448015556e-04 2.46682170686403e-05 -7.79906832528591e-05 6.72060536125117e-05 -3.49379645615797e-04 1.09427523675367e-04 -6.70392358291527e-04 -6.26286800861264e-05 -1.74302543004095e-04 8.81267940097598e-05 -1.61945389651356e-05 2.08099776134807e-05 -8.91972427206501e-06 -2.36158787207796e-06 2.70588859766666e-05 -1.57391595860385e-05 4.89814101081873e-06 -7.94473214687582e-06 -6.20403561888542e-06 6.61616125407633e-05 -4.47030681922445e-06 -6.25553442735913e-07 6.65571827158486e-06 2.89025441414671e-06 -3.46369944340401e-06 -2.44819183172143e-06 2.16482246829987e-05 -7.06464154279914e-05 7.98615202166036e-04 -2.61403000148481e-04 -4.39710581938440e-05 1.48379958515469e-05 -5.24014465741823e-06 -1.15613017759481e-04 2.75924811825897e-05 3.49757149191507e-06 -1.58885204282847e-05 -4.41315505272383e-06 -5.69931376293086e-06 1.80760479946069e-05 -1.41592711928884e-06 9.87061287267520e-05 -4.34694659082502e-04 4.30219691649384e-05 -4.15323554500723e-05 -7.91378146196433e-06 1.42381499888666e-06 -1.10124188739913e-04 -3.36327875547049e-06 1.99347209108125e-05 -8.26029559160733e-06 1.54745549544278e-06 1.74177856007951e-06 -1.93851720482272e-05 8.45571856794997e-07 5.24928245457660e-04 -3.27480422825229e-03 7.33074423412605e-04 2.99543453289143e-05 4.99358027931011e-05 1.18580570436008e-05 -9.59815132156435e-06 5.20056205206710e-05 2.73156841847317e-05 -1.09315835650991e-05 -3.64536755502771e-06 5.62672858193632e-06 -4.79875718524813e-06 8.66271945722588e-06 1.17144121224683e-04 -9.64069696070482e-04 2.43607535325548e-04 6.49538072475020e-07 -1.51853887265866e-05 1.05079707762340e-05 -7.51518218358496e-06 -2.65634732409781e-05 6.37210376863082e-06 -1.25045493533332e-06 4.70311985377267e-06 -1.01123115320910e-06 -2.05577953234526e-06 6.68593497042242e-06 6.27745753114690e-05 2.57371874197218e-04 2.10393335535471e-04 -1.22877955926900e-05 5.25687339933225e-07 -6.43259174076755e-06 1.52671924471777e-05 -1.67488517079352e-05 -1.79182672510253e-05 -5.30360452796720e-07 2.91177762161576e-06 -1.29044210266778e-08 -8.54848457585735e-07 -5.74125732859613e-06 -2.24260362297669e-05 3.12550053480297e-04 -3.24859128168406e-05 -8.74645165728581e-07 5.47401568081465e-06 5.50063290927066e-07 -5.01198649210394e-06 7.29855275901461e-06 5.01496501853693e-07 -1.22830914382961e-06 1.38592842582309e-06 -2.16101915740629e-06 1.39564999445109e-06 2.58302740307281e-06
 2.87916045685890e-04 2.49369793514412e-05 -9.32214872542114e-04 -5.28158875546079e-05 7.21486221652619e-05 -8.30017933139918e-06 2.90287274456859e-04 -4.56256777399991e-04 -2.10803946464984e-04 -2.89208110753856e-03 9.97569230369435e-05 -5.09819885154831e-05 4.49423452687724e-04 3.22945900515695e-06 6.34034838349039e-05 2.24999533000338e-05 1.94813122288675e-06 6.57052477846631e-06 8.88934632785852e-06 2.55255629419210e-05 5.27577010267893e-06 3.62969598150209e-05 2.44840006547030e-05 -5.89425313067525e-06 9.48354434902785e-06 3.87173775528837e-06 6.85060163573069e-06 2.47535148391624e-06 -3.32973225651722e-06 -5.65954656323847e-06 3.51794289259330e-05 -9.48508125227542e-06 2.87716808319137e-04 6.20895064817622e-06 5.59158554164700e-05 3.29542725052071e-05 4.25854191298922e-06 -7.12508086892726e-04 -3.29421526383201e-04 -6.00337508871535e-04 3.19817426063325e-04 1.48208045158253e-04 1.30067889139653e-04 4.83296118551543e-05 9.69644479348601e-06 4.56159348635944e-06 -2.49341216391995e-05 -9.32106853566627e-06 5.52221481840862e-05 2.14627943068090e-05 6.65446561943071e-07 -3.41529324536449e-05 -1.66403184357046e-05 -2.91372785301373e-06 1.33932546895590e-05 -2.29763989178578e-06 9.70929646410749e-06 6.09111836269771e-06 -1.61928074342583e-06 -2.59165706953211e-06 1.95494894041749e-05 2.27163570325022e-06 2.43500734096314e-04 -9.61220468061496e-06 -2.05885205213749e-05 -8.81241021101055e-06 5.40942013963264e-06 6.86666020848129e-04 2.68575672219387e-04 -1.02390947136566e-04 5.29034676524329e-05 -4.65307542827918e-06 2.72810471924823e-05 -6.40363598741785e-07 3.70979751092727e-06 3.04717058510197e-06 -1.86346435280578e-07 4.03848207579697e-06 2.25043462936253e-06 8.60835969700957e-06 8.53498917527943e-06 -5.11608083701732e-06 3.54542390880619e-06 -1.24025758248533e-06 1.40791552728573e-06 -1.92084682126638e-06 5.65084542552457e-07 2.25578523430928e-06 1.30281153926894e-06 6.94661293771059e-07 3.04466214282525e-05 -1.90436876134240e-05 5.37486278089703e-04 6.93051920892648e-05 -5.68707237544743e-05 2.75060201020793e-05 -2.68329458575801e-06 1.01583772615052e-03 -2.15825813090879e-04 1.89874540712057e-04 -1.09436673401700e-04 7.00148463908420e-05 2.52873816500564e-05 2.27182109868413e-05 -1.48819062510682e-05 5.90012262043928e-07 -4.52643625074857e-06 1.54465710272694e-06 3.17666821868025e-05 -1.83504088151160e-05 -1.29452423786950e-06 -1.80423300714608e-05 1.09987735088186e-05 9.49319717915382e-06 -5.62646168275422e-07 -3.64917510887701e-06 2.86627832864120e-06 -3.66542520319041e-06 -3.79146036447456e-06 3.68606186493332e-06 3.22364595892861e-04 -2.50735845229919e-03 6.20867409135302e-04 3.05536007489396e-06 -5.00132114460777e-05 1.79696373689748e-05 6.37931579280979e-06 -8.12511334415639e-05 -5.99395929004896e-06 2.86315121419598e-06 1.15609146546822e-05 4.99206503111445e-06 -1.41592711928884e-06 1.10838833977846e-05 -2.59725287240009e-04 2.44482184806056e-03 -5.10638547052007e-04 -2.63523214776989e-06 2.94213575270411e-05 2.72198591487368e-05 -1.05583249246005e-05 5.36664234539900e-05 2.77604069564503e-05 2.92731286603217e-07 1.14479482749307e-05 3.38696366001390e-06 -1.89365190065606e-06 -4.11911491270120e-06 1.60019096496829e-04 -8.55917277197867e-04 3.40998551177028e-04 1.78691688322826e-05 1.31477952958428e-05 -3.07091491184802e-05 7.61183217771560e-06 1.53925992778767e-05 -6.91674690776858e-05 -4.42839566071988e-06 8.64322977777483e-06 2.31033252344757e-06 9.77248681552907e-06 -2.98273396207556e-06 -1.03588027346364e-04 5.57302722662580e-04 -1.90307095401524e-04 8.97754607846607e-06 8.87197837133160e-06 -8.70801538372939e-06 2.66642399545105e-05 -2.78971307739418e-06 2.00170042384375e-07 4.37013220636098e-06 -1.64544388588064e-06 1.03578094476303e-06 -5.86249940905594e-06 -2.10663323223217e-06 1.08913240724138e-04 -7.43327999697458e-04 1.21187380347576e-04 -4.56494110032899e-06 9.51886407906368e-06 5.89947754229413e-06 4.44039200646606e-06 1.04938226757103e-05 5.01847267169050e-06 2.21621665036272e-06 -1.49757207103680e-06 2.70365210386633e-07 2.04077212144034e-07 2.38922132550528e-06 1.10233244324941e-05 -2.61263066049672e-05 -1.28376908323273e-05 1.36960866255898e-05 -1.34318779444455e-06 1.36777234863112e-06 4.04751111041655e-05 4.94915057143502e-06 8.36473116995864e-06 2.39614645356633e-06 7.87286353941082e-07 -6.89992761472226e-07 3.15190440747675e-06 2.04971834855184e-06
 -7.41564741817169e-03 2.76395059014556e-03 -1.08187471954959e-01 2.13004463268959e-02 1.23069792979184e-03 -7.31544666306570e-03 -1.06171157958875e-02 -8.31296756937692e-03 7.50166262216240e-02 1.04538820282813e-01 4.07579139095070e-03 -1.00986805799070e-02 -1.67398759425796e-02 -4.95179125463248e-04 -1.79583520011049e-03 -2.23504580711219e-03 -5.07466444566827e-04 1.11530263004541e-03 -6.32530724922784e-04 -5.86876078068112e-04 -1.26987521650631e-03 -1.62500816187349e-03 4.33867175959511e-04 -4.32732876461711e-04 -1.73050630652808e-04 6.70740143069530e-04 2.98400989209893e-05 -2.93522236665030e-05 2.17957950466677e-04 1.84507771726672e-04 -1.62141686958152e-04 -4.33498147092250e-04 1.85481249015521e-02 7.18432142926485e-03 1.77604227302882e-03 7.46909784326732e-04 -5.17967405257135e-04 1.32776399787469e-02 -1.59391830713108e-02 2.01778920088024e-02 -5.64419123950337e-03 4.58980285127369e-04 -3.90520029514601e-03 7.23031310700632e-05 -3.29524419097354e-04 -2.44564106922752e-04 9.89002728643525e-04 1.27402083371824e-03 -6.36583540234859e-04 -2.39434177948637e-04 -4.48414331065145e-04 1.23079902856876e-03 1.05140223711649e-03 -2.66726526698029e-04 -3.84049458904667e-04 4.03748368078642e-04 -1.65527988670221e-04 -3.71366304273922e-04 -1.00924429755651e-04 4.50770409325267e-04 -6.34745717814812e-04 -1.62184631108727e-04 -7.58303066830254e-03 -2.23171531940329e-04 3.41603390796790e-04 -3.14925387570851e-04 -3.21685410631928e-04 1.34097157812092e-03 7.27035985875131e-03 1.01257577646614e-02 -8.55393693095982e-04 4.00287350546417e-04 -9.96333699098362e-04 -1.22189588263331e-04 -2.37140309631028e-04 1.10244378940650e-05 -1.31395465266155e-05 7.55275631173590e-05 -7.73964150457133e-04 -4.21428856996063e-04 -2.13596213605471e-04 9.63948695237280e-05 4.77614083987320e-05 -8.63683930056727e-05 -1.79854452362809e-05 5.29432458442440e-05 -3.41376064393872e-05 -5.31562711734894e-05 -8.54457630324513e-05 -1.52731925647517e-04 -1.93944614073467e-03 2.84722552129479e-05 3.75873896038681e-04 -5.23089762558525e-03 -4.64516413411005e-04 6.00501469565042e-04 1.64072594223468e-03 3.65871411563549e-03 5.85407625148642e-03 -1.93286691223951e-02 -2.54691566317611e-03 -3.06729467876304e-03 1.20618375104251e-03 1.49601343123278e-04 6.45925384781244e-04 -1.12788745806831e-04 2.48180295580511e-04 3.66933448305641e-04 7.71973582706912e-04 5.13052693935427e-04 -4.14800256506839e-04 6.50510821102220e-04 5.09097179972437e-04 2.49420205597969e-04 -3.15392428088866e-05 4.58697805790958e-05 -8.72518333923012e-05 -2.92939531160944e-05 1.65773187774878e-04 -8.41728583991697e-05 8.33535998516527e-03 -2.27094047926738e-02 1.11289903088181e-02 -2.28244070261623e-05 3.97396094231141e-04 1.53121004613679e-03 -4.31461165016669e-04 2.46703973612418e-03 1.97659400063575e-03 -9.88326013319391e-05 -1.24102879170782e-05 -4.65911586030755e-04 9.87061287267520e-05 -2.59725287240009e-04 2.72381079384547e-02 -1.82035472010023e-01 4.80425345871023e-02 -2.36358283088511e-04 -1.61713276291840e-03 -3.22616024611966e-03 -2.95448635649403e-04 -1.37233643121829e-03 -2.54737799214825e-03 -3.92753437911162e-05 -5.67981189818952e-04 -5.28274896975533e-04 -7.88993858412685e-05 1.43047503069297e-04 4.55267422656912e-03 -2.92841910489434e-03 3.57078674269567e-03 -3.21976990263534e-05 8.19452474031524e-04 1.10157518676659e-03 -1.12617404181392e-03 7.54353786206764e-04 2.53063944837350e-03 4.18538005705464e-05 -3.06103300438263e-04 -2.75634585542507e-05 -3.41497800940055e-04 2.84568022983744e-04 4.31111686387690e-03 -2.19420465293049e-02 4.35293963408326e-03 6.94175376166029e-05 -2.45767597192707e-04 1.46698339096519e-04 2.04781137098371e-04 2.42384675575914e-04 -1.84092543166624e-04 2.05305362418007e-05 -1.86114164813123e-05 1.33907535370902e-05 1.08424712967134e-05 1.80205507092410e-05 -6.18883297528478e-05 -1.40423474701054e-03 2.14513209277777e-03 -7.64666906811777e-05 1.55772635376214e-04 -2.11171946464152e-04 -1.77978203891306e-04 2.68722465449248e-04 -2.93505177574585e-04 7.93056671579492e-05 2.90885041737156e-05 1.05497130154231e-04 -2.61464999477141e-06 4.83892525448201e-05 -1.04569001923985e-03 1.41831921764073e-02 -4.85081013088491e-03 -4.98075840255693e-05 2.94897207234525e-04 2.16770960294374e-04 -8.84754662195605e-05 4.41261668157080e-04 -3.01940993814583e-05 5.85668169816936e-05 1.06111057892535e-04 4.37661630161168e-05 1.38260144402090e-04 -8.91440370782322e-05
 -4.20727696464480e-03 -1.33280308369576e-02 5.22703268920542e-01 -1.20008917503799e-01 5.13810294920665e-03 4.75406360317145e-02 9.71396724091552e-02 -4.41108455413426e-02 -5.06038021954473e-01 -9.05940404902819e-01 -9.39896011942349e-03 6.21521214030265e-02 1.44295222142778e-01 1.91716309936127e-03 1.84421600678502e-02 1.70849073396547e-02 2.16565635535426e-03 -6.81880788072857e-03 3.50038385592362e-03 6.05895047472238e-03 8.88730744230564e-03 1.08657710558141e-02 -1.87039621567086e-03 1.88547016864455e-03 8.64031763951649e-04 -3.17932772864437e-03 1.53065097027090e-04 -6.64203398358380e-05 -1.48675721023735e-03 -1.22598515284165e-03 -3.32814616692545e-03 2.78478006295039e-03 -1.23819204287013e-01 -3.54311668307358e-02 -9.76572751952065e-03 -6.77284789159170e-03 -3.93368121297265e-03 -9.28256000202723e-02 8.89770843541138e-02 -3.18550066792308e-02 5.62362998945109e-02 -5.20836034921785e-03 2.67940029132156e-02 2.19113170347250e-03 9.39589109372652e-03 3.96381436439557e-03 -7.44642292372736e-03 -7.97206308434318e-03 7.49265275782730e-03 1.60349634565385e-02 6.63317688156437e-03 -9.37681373183204e-03 -4.71088109019540e-03 2.34559196065540e-03 3.42667100929790e-03 -1.88992085994797e-03 9.02839539158541e-04 2.60840242161080e-03 -1.52616564636553e-03 -4.44011808690300e-03 1.54932940575060e-03 8.47579504469879e-04 3.82528917365223e-02 1.91045831388298e-03 -4.35043342866320e-03 1.67093278258114e-03 -9.20117333302837e-04 7.05326594889652e-02 -7.80869210058144e-02 1.51745106813775e-01 7.60553848463039e-03 -3.50006121921058e-03 4.83160131938293e-03 2.99091147962355e-04 -7.69865768201434e-04 -5.52770995944504e-04 -1.29159122108765e-05 -7.34175288559001e-04 4.35158064346124e-03 -2.91737101946197e-03 2.60998025748779e-04 -9.74794004804759e-04 -1.84250912584503e-03 8.72579196261622e-04 2.15516265753124e-04 -8.11367780799789e-05 -5.02725209858264e-05 6.30970594354232e-04 -5.89899857991876e-04 7.42849440597449e-04 3.77053996659534e-04 9.74278830376320e-05 -1.91292478368493e-02 4.71298876070643e-02 5.19068156957265e-03 -9.02634124747692e-03 3.20261489138236e-03 -2.57519970137921e-02 1.10950023866717e-02 5.58505682734753e-02 1.61866028631151e-02 1.65156841740939e-02 7.39455487459205e-03 -8.70922748205146e-04 -1.13869294156147e-03 3.56825615973748e-04 -9.79893484279120e-04 -1.05139244323749e-03 -4.81377393249053e-03 -3.29348239761359e-03 2.08057371221265e-03 -3.95528015543530e-03 -2.06320141119697e-03 -1.35600469912230e-03 1.12609537785723e-03 -2.04855008390073e-04 3.92866963529438e-04 2.35102204192504e-04 -1.17540842259932e-03 8.04206258464541e-04 -2.17827757297872e-02 -1.12002501465719e-01 -1.19199732091766e-02 -2.80315583528997e-04 -7.22064631294217e-03 -7.60408276531421e-03 2.52758776107940e-03 -2.39516627795925e-02 -1.15150455949150e-02 4.83694297933957e-04 1.29770524390882e-03 3.33140191730275e-03 -4.34694659082502e-04 2.44482184806056e-03 -1.82035472010023e-01 1.34891427070533e+00 -3.33593163215744e-01 1.02916033613088e-03 1.20719621408587e-02 2.20434318758144e-02 -3.44613882436134e-04 1.40252874305432e-02 2.06630543315034e-02 3.41693264102920e-04 4.63595059210661e-03 3.76151976479563e-03 3.79236530646819e-04 -1.19670168586416e-03 -6.08016216211392e-05 -1.52054308742429e-01 2.99560380556024e-02 2.92870436919969e-03 -2.66517953543148e-03 -9.47192502506060e-03 8.70989676545289e-03 -1.78449185806415e-03 -2.08971536606109e-02 -9.26333879998643e-04 2.76945159505141e-03 6.69851111183188e-04 2.67426402780020e-03 -1.91053981107644e-03 -2.11728745768562e-02 3.07886595623276e-02 -1.12035228405699e-02 -2.13778307596215e-04 5.79079102541673e-04 1.89712239743863e-04 -1.67941070313897e-03 -5.21463178728221e-03 4.11844492006238e-03 1.65079970908285e-04 7.07882794888598e-04 -1.22836624186788e-04 -3.10979245173975e-04 -5.05841461465515e-05 -9.56440216017575e-04 2.56786256617035e-02 -2.03373510933349e-02 7.42173611192940e-04 -8.74829998069316e-04 6.84248291120872e-04 1.79182043736070e-03 -1.39472620615587e-03 7.73427412451143e-04 -5.60440036148039e-04 1.56709316751479e-04 -6.75987553243927e-04 1.89351270999353e-05 -5.17559874683198e-05 1.10143386291904e-02 -4.94408040586858e-02 3.15097557652420e-02 2.47560046761537e-04 -1.11996229386622e-03 -1.47455891204926e-03 2.29641438100964e-03 7.45232020143153e-04 2.54203630277631e-03 -5.01325691810380e-04 -1.69456262272439e-04 -2.23089436216250e-04 -1.05238506629805e-03 5.52363814044374e-04
 -2.20821407806547e-03 4.84102302151080e-03 -1.85950591970635e-01 3.24848389463328e-02 7.09380242831569e-04 -1.28254800988901e-02 -2.13122036603113e-02 1.39613742351615e-02 1.25302213121351e-01 2.02630646056239e-01 3.98174260375315e-03 -1.72073402074983e-02 -3.27417322719001e-02 -4.08797912907907e-04 -3.81914023357222e-03 -3.97140391715487e-03 -6.85949305952063e-04 1.52943977394131e-03 -1.65628876677780e-05 -1.35875807164582e-03 -1.94755533996931e-03 -2.72661298593529e-03 2.75540600199021e-04 -9.64219907582395e-04 -2.38101259861992e-04 1.07834168446583e-03 3.55454176353976e-05 -1.58073689143601e-04 3.17857673402251e-04 4.37444712574613e-04 5.03858231080585e-04 -3.34838968070029e-04 2.85660938229747e-02 7.33399886997574e-03 3.48316499342999e-03 -2.32607066222759e-03 -8.15927165140706e-04 1.99410079292269e-02 -1.51642953658291e-03 3.16241497020089e-02 -7.27038587586427e-03 -7.85124745488656e-03 -8.80688552131353e-03 1.22554206959473e-03 -1.26696286488612e-03 -6.77532667028319e-04 2.05556670421964e-03 1.37984800738497e-03 -2.29790030510118e-05 -1.95729997433967e-03 -8.34702828135883e-04 2.45722032616408e-03 1.74888837929834e-03 -4.79830428345068e-04 -7.43960716548602e-04 5.31500992424462e-04 -3.24876175197108e-04 -6.99792760400737e-04 2.38973307973120e-05 8.26068257624803e-04 -2.66647014354055e-04 -3.57010470545930e-04 -1.31694526244419e-02 -1.73028406459654e-03 4.86280895856475e-05 1.66753214329568e-04 -1.32512059086355e-04 2.77688611725350e-02 -9.76570246949837e-03 -7.53700304273890e-03 -2.21826245540895e-04 1.61858881220375e-03 -1.72624402143249e-03 -3.53796461298337e-04 -1.15087757277636e-04 -1.33159534132638e-04 -3.67010761683377e-05 -2.08590757256332e-04 -1.93235144338925e-03 -3.49138709467445e-05 -5.94076436869583e-04 1.39815799666257e-04 -6.06164845796045e-04 3.80693564287112e-05 -3.83626914336165e-05 1.29094661954340e-04 -3.04647230110342e-05 -9.14453009422955e-05 1.30225804200619e-05 -3.93919814777021e-04 2.71823475702050e-04 -2.41062064932428e-04 1.31573966277431e-02 -5.37712198797636e-03 -1.21554445108822e-03 3.45650034471165e-03 1.50736516979140e-03 1.17730370569618e-02 -9.17614990288342e-03 -2.64080149226387e-02 -4.18450075188908e-03 -4.48954347263684e-04 6.48467005654631e-04 4.03776083652661e-04 7.23669213645086e-04 2.20429447142171e-04 5.01610604787838e-04 2.02902683735063e-04 1.26776134443145e-03 8.27781007342037e-04 -2.87556035514032e-04 1.27469323292784e-03 3.87235034234831e-04 4.14797232933702e-04 -1.44421501263215e-04 1.65288503116021e-05 -1.79051052634418e-04 -7.94923412548144e-06 3.14789966518535e-04 -2.31735038204949e-04 1.12179382418193e-02 -1.29366150154025e-02 1.49655070240663e-02 2.20841857719118e-04 1.01349346104028e-03 2.43819787678839e-03 -4.13763307645579e-05 4.71642592713871e-03 3.07424550213891e-03 -7.42618455365501e-05 -9.31970324849524e-05 -7.79143020499149e-04 4.30219691649384e-05 -5.10638547052007e-04 4.80425345871023e-02 -3.33593163215744e-01 8.77065028626745e-02 -1.40637136742229e-04 -3.11928322343680e-03 -5.82094459127864e-03 4.20182617776071e-04 -3.35137642543816e-03 -4.82326755340784e-03 -4.12369453112519e-05 -1.17106930547571e-03 -9.53771697784783e-04 5.13396023428533e-06 3.02078472809881e-04 3.77332481455862e-03 1.63928529820931e-02 1.19381758338224e-03 -2.46816316616753e-04 1.02768278412487e-03 2.12787009330500e-03 -1.69585862981248e-03 1.06191541617502e-03 4.85075152034656e-03 1.20750876381386e-04 -5.95230122089591e-04 -9.66982853114392e-05 -6.35919587785254e-04 4.12346905877601e-04 4.23783389760224e-03 -1.13530820985931e-02 1.32582759016942e-03 1.31716315840067e-04 -1.68914399651511e-04 -1.67212769477935e-04 5.73180391651417e-04 7.43873452756875e-04 -9.32076849670017e-04 1.35107827565834e-05 -1.48926009240381e-04 9.68989940780008e-05 5.91039409828605e-05 -7.15779214645275e-06 3.76638078499714e-04 -1.50650411914167e-02 3.61740899103405e-03 -2.48501853288748e-04 2.04758251416505e-04 -2.70838606154154e-04 -8.56100155163582e-04 5.33426605866831e-04 -2.64416456917154e-04 1.78095004971081e-04 4.84260425987979e-06 1.99524538970213e-04 1.36506697258953e-05 5.29091997850736e-05 -4.24531746390359e-03 3.21838674591773e-02 -1.19501547085326e-02 -6.44420468830700e-06 4.47152120383847e-04 6.60488663300099e-04 -1.07948227094214e-04 1.71296421350245e-04 -2.22489586237557e-05 1.21968059189348e-04 1.40484902299569e-04 1.59120106341141e-04 2.70746066499028e-04 -1.59732239687477e-04
 -1.52452956792303e-05 2.12335154757226e-05 7.14954575102953e-05 -6.14838054256465e-04 -7.47114162448479e-04 -6.50550886157466e-05 1.10945064969186e-04 9.96449081084955e-03 -2.59605990698950e-04 -1.06086330407969e-03 -1.38228976277695e-03 -1.03306423319364e-04 1.21054507934903e-04 2.45440581520498e-04 -7.24439740131541e-06 2.18317439372032e-05 2.96824375462436e-05 -5.15157951386842e-05 3.17674583114472e-04 -2.70826106668768e-05 5.52941907158274e-05 3.30290471665004e-05 -1.13233642828963e-04 -5.78702630808805e-05 8.43619365599132e-06 6.96973801759551e-06 4.12191661809260e-06 -4.01451048362050e-05 -1.45739050211569e-05 8.90040103964692e-06 4.37469101473049e-05 1.01624810705096e-04 -4.17537276864292e-03 1.09244299835923e-04 3.31857829186040e-04 -4.13335507415357e-04 -1.39251977066382e-04 -5.56988482221403e-03 4.15858973218702e-03 2.36903452810047e-03 1.80577160090361e-03 -1.28450788462395e-03 -4.47831232308624e-04 2.62500641250355e-04 1.16557486612896e-05 3.96959530476393e-05 3.72224483922117e-05 -3.17835069127496e-05 3.41818113716448e-04 2.25691284647047e-05 9.36787787520649e-05 4.42292947433087e-05 4.96440770979348e-05 5.37474643201904e-05 -1.68961431504475e-05 -2.09843792248840e-05 -2.59850678553471e-05 2.46665105951033e-05 -9.37702384396745e-06 2.80140344678675e-05 -2.35135840354462e-05 -3.59396184924541e-06 5.54660030976229e-04 2.73417967883416e-05 -7.70833049874361e-05 3.34068742134455e-05 -1.21171952798756e-05 2.13267476590646e-03 -2.01067747641599e-03 1.18346541178571e-03 3.26007670810682e-04 5.91634635922562e-05 -6.61515349042004e-05 1.57566222508241e-05 -1.42464345115615e-05 -2.21369725180190e-05 1.53225034049996e-06 -3.35110601388484e-05 6.36307310493902e-05 -4.68902179626889e-05 -4.58862271987682e-05 3.56094097815748e-06 -3.40635868945098e-05 1.91373558279174e-05 -5.40055689796544e-06 1.14288171438147e-05 -2.94531400198885e-06 1.02453343639368e-05 -6.56978407377916e-06 1.91775946867382e-05 -1.77487629896958e-05 -2.73905707936736e-05 1.30272754309315e-03 1.12250560243504e-03 -8.58524689597351e-05 4.86526281553108e-05 -1.04789500209869e-05 1.54431444697671e-03 1.15079053777015e-03 5.10522177159015e-04 9.12729631699970e-05 2.47883253163965e-04 -7.71115387558559e-05 6.13923084154984e-05 -1.20628303790318e-06 2.47755100250958e-06 2.22827101770767e-05 -3.98555712738292e-05 7.16073773996639e-05 1.25191873072369e-05 -7.69681301045585e-06 4.83063073090767e-05 -1.45770500746567e-04 1.89679049681453e-05 1.08612471809729e-05 -1.78321142863716e-05 -1.25575392476104e-05 2.27507781046168e-07 9.88468880089211e-06 -5.21246042838813e-05 -2.73784988175435e-04 6.59814689987175e-04 -1.63819786976025e-04 1.03843752151081e-04 5.80844738028371e-06 -2.79245915863329e-05 2.94028547760346e-04 -3.79586805490154e-05 -1.32299935537077e-05 3.65377748379069e-05 3.97700748322609e-07 1.51060973977160e-05 -4.15323554500723e-05 -2.63523214776989e-06 -2.36358283088511e-04 1.02916033613088e-03 -1.40637136742229e-04 1.12728025932192e-04 2.27623663668433e-06 1.03673711050495e-05 2.89491011134629e-04 -2.64473380309026e-05 -2.09416080530846e-05 2.46294642167445e-05 -7.85977198002638e-06 1.39339787905418e-06 5.24126706013100e-05 4.92073087374099e-06 -1.35912575934296e-03 8.45410987847158e-03 -1.82596352847047e-03 -6.67029480620293e-05 -1.43530734512271e-04 -1.34788493360862e-05 3.95120301747893e-05 -1.71949941903152e-04 -2.20132245151025e-05 3.01031839689365e-05 6.57495526581822e-06 -1.31715557376226e-05 3.90426502169736e-06 -3.08084697397022e-05 -4.55213070338942e-05 2.10675136773517e-04 -1.38935791133907e-04 1.37433411408685e-05 1.67017778193163e-05 2.16478919752508e-06 4.54926127709949e-05 4.76134951202403e-05 2.00716571345045e-05 8.10306569723808e-06 -3.33090872473253e-06 -3.09359071129563e-06 3.37303197598222e-07 -1.38373651560222e-05 -1.08777267753600e-04 -5.54873534387109e-04 -5.45263650116195e-04 4.15223371440717e-05 1.38744967453307e-05 3.40590066848478e-06 2.57528354812144e-06 5.53149734763799e-05 2.29665137270159e-05 -2.62763525261991e-07 -2.26695628519301e-06 -1.19534408656238e-06 9.43709600591754e-07 2.26249363337255e-05 1.00912111709490e-04 -4.62032639543865e-04 1.09592953620939e-04 6.17712762631352e-06 8.98880374980613e-07 -1.14194995765917e-05 3.91533495348403e-05 3.18704484665748e-05 -4.27008470920665e-06 4.42134201337616e-06 2.13786894918551e-06 -2.50617050489084e-07 7.01180254034912e-07 -8.59430300271212e-06
 7.98984932722939e-05 -2.05468792151561e-04 7.49796452698847e-03 -7.88523380081951e-04 -1.47385811448446e-04 -2.40723263948985e-04 1.25483817293548e-03 -6.63512669126155e-04 3.64898723887657e-03 -1.16264476992826e-02 1.91892228675174e-05 -3.48817187362634e-04 1.92495977808770e-03 4.97038097920553e-05 2.78340527453921e-04 1.94327061222406e-05 -7.41039722431685e-06 6.99119666463990e-05 -8.28639885095335e-05 1.40593605991172e-04 -3.77194083956396e-05 1.25885022802048e-04 3.85968349562436e-05 6.58514368131320e-05 8.91756493215264e-06 -4.92696063555707e-05 2.36877999422445e-06 2.63109114951206e-05 -1.44447713033843e-05 -5.52961973723167e-07 -7.37860079538713e-05 -2.61812315007494e-05 8.77287479639221e-04 -2.66215226678912e-04 -2.13444087885191e-04 3.13433838536799e-04 6.32510035407973e-05 1.78360555428001e-03 -1.44387446595491e-03 -2.50431398467294e-03 -1.00705922840216e-03 5.22965125657256e-04 7.27012633240777e-04 -1.31442154819437e-04 8.02331457749566e-05 2.40472203089988e-05 -1.52569081998536e-04 8.31450611132121e-05 -1.21915163118397e-04 1.47496710695769e-04 5.60450337323071e-05 -1.82577372062137e-04 8.90923969757467e-06 2.64774738402748e-06 4.33104131074060e-05 -1.21895340450910e-05 3.39775614565946e-05 2.50816565131992e-05 -2.12545608587875e-05 4.28123820697784e-05 -2.63760571596201e-06 3.78062403898863e-06 -8.07176000189549e-04 1.04752831855080e-04 9.52872493396799e-05 -1.02611405835515e-05 -5.83179509740343e-06 -3.02620768491708e-03 1.15815965135751e-03 9.07735131331598e-04 -1.84584587794725e-04 -8.90878437717017e-05 1.35790547983630e-04 9.26920304138923e-06 4.70474113897561e-06 1.30065676965771e-05 8.98841327749848e-07 2.09142118304413e-05 1.42699195107982e-05 1.14956342151586e-05 1.94303397382872e-05 -2.70387884482183e-05 5.75916254284392e-05 -1.50262660643978e-05 9.87084600804221e-06 -5.92483410339560e-06 5.98653275342025e-06 -4.87634564487786e-06 -2.39635751267495e-06 4.07661221973920e-06 7.33286720097950e-06 2.77820365848352e-05 -9.20416265877964e-04 -4.44653604500160e-04 3.00909656149801e-05 -4.54332853987221e-05 6.74200511823729e-06 -8.32678022179409e-04 -2.52997915462103e-04 9.30936032660432e-04 1.10888100179157e-04 -2.42096514526640e-04 4.98940728695259e-05 -2.30912507028144e-05 -3.23303938168363e-05 -4.81793616159196e-06 -3.01636291380131e-05 -4.63687500783634e-06 -1.24830858683108e-05 -4.96634889407252e-05 -1.16561803631028e-05 -8.21913840232350e-05 -2.42949242505567e-05 -9.35527215034664e-06 7.26430122227668e-06 3.88090900287169e-06 1.18624898069008e-05 8.41527791088959e-06 -1.56709590908419e-05 3.72253442234942e-06 7.71564000190729e-04 -8.72859085891676e-03 1.55650326597446e-03 1.61633150738536e-05 -1.19310798048845e-04 4.39441447308456e-05 2.47482009569233e-05 -2.21459189212819e-04 2.97885462105269e-05 6.50262651592118e-06 3.52866437239027e-05 8.93159564844541e-06 -7.91378146196433e-06 2.94213575270411e-05 -1.61713276291840e-03 1.20719621408587e-02 -3.11928322343680e-03 2.27623663668433e-06 2.00265391604457e-04 1.65427647534646e-04 -5.76211662639713e-05 3.67288660528407e-04 1.10712615800092e-04 5.00152067677420e-07 7.12094838811838e-05 1.02328510743006e-05 -6.86869918791200e-06 -2.96347736593604e-05 -8.23916517458903e-04 4.78960681937552e-03 -1.68456903624113e-03 -1.14017714897223e-04 -4.09195076840418e-05 -1.21554767238108e-04 -1.12001724134100e-04 -2.75874731589317e-05 -2.87202419580126e-04 1.66924185609858e-05 3.23209390363271e-05 -8.78510006927671e-06 3.76406333831635e-05 2.34368899151085e-05 -1.85384625685311e-04 5.85869413338470e-04 -1.88560865532233e-04 -1.68930447918351e-05 6.04601571467843e-06 -2.19556703991801e-06 -6.33507774866575e-05 -3.83500088139569e-05 5.56636267883584e-05 1.83107808282538e-06 3.64278972141825e-06 -3.96490928967952e-07 -3.72948823198567e-06 -2.78205058305545e-06 6.57515986117084e-06 4.30699706073404e-04 2.20411022467032e-04 -5.90479229879662e-06 -4.99712189713624e-06 1.34759272723415e-05 7.31466876280307e-06 -2.58409364383754e-05 8.46722669941769e-06 -2.42608836520967e-06 -1.28134526758863e-06 -9.87683637442829e-08 1.12095600660771e-06 -8.80078887582394e-06 2.45396077120916e-04 -1.04162417356678e-03 4.07684412437630e-04 -3.61131530624971e-06 -1.96367182483890e-05 -1.63153942962216e-05 -7.73560114409471e-06 2.79156517566014e-05 2.79736822954568e-05 -4.06536880749438e-06 4.56258095426329e-07 -1.51752925224163e-06 -1.25670690120008e-05 7.00220528903111e-06
 8.38919788208698e-05 -3.23340681405135e-04 1.25308870443861e-02 -2.42162710800275e-03 -5.61152270281721e-07 1.17365025971907e-03 1.17857896781315e-03 -8.63508376994816e-04 -1.20175759173123e-02 -1.11357849878778e-02 -3.29924775879706e-04 1.59451336619520e-03 1.79290217461283e-03 9.86004666072857e-06 1.85269462192819e-04 3.17583775257127e-04 5.79624147812770e-05 -1.57903593788276e-04 3.36225046701687e-05 4.26632788129311e-05 1.75157942542702e-04 1.61171984338923e-04 -3.93479068122365e-05 5.38827350338492e-05 1.07055438872377e-05 -6.94865654028367e-05 -6.47049810833316e-06 1.38000496112547e-06 -1.94841946792363e-05 -3.70563350864963e-05 -5.70356693037502e-05 3.86780170897519e-05 -2.61043705847493e-03 -5.43870005870023e-04 -2.12690592853145e-04 6.77576233648316e-05 2.40913564204928e-05 -2.24021240240689e-03 6.10162541889037e-04 -1.18159762481529e-03 9.83506082092383e-04 4.32530688698078e-04 4.00682155775761e-04 -4.81379469450564e-05 8.71610606103652e-05 4.68176009035406e-05 -9.01456984514863e-05 -1.43821807427855e-04 5.19592037367734e-05 1.31097057191716e-04 5.20519533381847e-05 -1.04399389093821e-04 -1.36307943956207e-04 3.89116647702087e-05 3.71253219490936e-05 -3.47699758068134e-05 9.97359408777984e-06 4.59479959219424e-05 1.47157978513519e-06 -8.78480255969915e-05 6.20247636183480e-06 2.65111218702729e-05 1.10448575236341e-03 1.10988264003854e-04 -4.48398906071071e-05 -4.28872481216489e-06 4.93255046807190e-06 -9.18357551638845e-04 1.30136217492044e-04 8.09726069351873e-04 9.23464345087101e-05 -1.09350497903429e-04 7.28170270976187e-05 2.36939236688960e-05 6.52987763934165e-07 3.83080074748506e-06 2.42754301432196e-06 7.42448606098953e-06 1.47927970812609e-04 -1.81969673389330e-05 3.65409932723518e-05 2.38684882796970e-06 2.01499695116725e-05 3.81198687270651e-06 -1.70356135514640e-06 -7.32408769752381e-06 -8.84601980191798e-07 9.51432459949575e-06 -3.40657045149254e-06 2.93106323309695e-05 -4.57390341047042e-06 9.20633416794967e-06 -7.50675529289815e-04 6.30434833475171e-04 9.07524336273679e-05 -2.70840373057628e-04 -2.53391788030855e-05 -6.38155796659843e-04 8.66902814711308e-04 8.91303584048487e-04 2.95591998525252e-04 1.39826409288768e-04 5.61917390049620e-05 -2.03690617487678e-05 -2.14659648522176e-05 -9.87724452837990e-06 -2.23663359806281e-05 -1.12032957930490e-05 -9.86617540134096e-05 -3.62608819187708e-05 3.14492421452749e-05 -6.68123706265710e-05 -1.77004320646273e-05 -3.09479778456609e-05 9.43425866082906e-06 -2.49401447455445e-06 9.18909035513517e-06 -3.13809894086604e-06 -1.93712642295522e-05 1.88908999280411e-05 -1.37160091611674e-03 5.48735351656810e-03 -2.09688759736425e-03 -2.78306236502130e-05 -1.97505251510279e-05 -2.27176218931083e-04 -9.21012499240278e-06 -2.84345515056969e-04 -2.64474053010493e-04 1.56527242355934e-06 -9.50447048029322e-06 5.96618455539440e-05 1.42381499888666e-06 2.72198591487368e-05 -3.22616024611966e-03 2.20434318758144e-02 -5.82094459127864e-03 1.03673711050495e-05 1.65427647534646e-04 4.07148097963321e-04 -1.18275104369355e-05 1.09680306119746e-04 3.57138197380837e-04 3.48243849543956e-06 6.42555605500093e-05 7.44294869452497e-05 3.18350242893762e-06 -1.03926914605033e-05 1.46744140425532e-05 -3.30940702842643e-03 5.75566482345870e-04 6.70856193736115e-05 -6.99783394198781e-05 -1.16729347473725e-04 1.88244018657626e-04 -7.83265186955606e-05 -2.60814907547101e-04 -1.66103056877828e-05 3.38431557104599e-05 1.16393703834100e-05 3.36021230187970e-05 -4.40290494278903e-05 -1.93086432562169e-04 -7.66250480436403e-05 1.33441902518543e-04 -1.90184506287068e-06 -1.67023462841212e-06 1.96815450887616e-05 -2.12727522847104e-05 -6.87468690218985e-05 5.57265496197529e-05 -1.55997449267460e-06 1.44008454917965e-05 -6.95270497553170e-06 -3.18343220770655e-06 4.77039169515130e-06 -1.11926802177128e-05 9.19836526607049e-04 -3.53978994174018e-04 1.93793148392860e-05 -1.27882816652265e-05 7.68436257172131e-06 6.39625739785989e-05 -3.00490428548963e-05 5.49588885258097e-07 -1.28407394863115e-05 2.92077628675062e-06 -1.52676929499461e-05 -3.09130884157554e-06 -9.46106781434972e-07 1.57771848793719e-04 -1.36833747362788e-03 6.39004957183345e-04 3.31140928427113e-06 -1.82490245280466e-05 -3.81643650329419e-05 1.72578936050766e-05 -7.63923670858112e-06 3.14354227193529e-07 -7.87616676548745e-06 -7.91618082631762e-06 -1.12901342019552e-05 -1.55779108601065e-05 8.84146468258903e-06
 -4.24396279307426e-04 1.42399829857944e-04 -3.13530873312269e-03 -1.94993760049338e-03 -1.79652050365953e-03 -1.10577540185328e-05 -1.43754736265087e-04 2.62266129463107e-02 -3.11489628555589e-03 1.40182186862423e-04 -3.48010642921290e-03 -1.68802186580449e-04 -1.95868556898238e-04 6.06880125172104e-04 -1.25623805530745e-04 6.55208972516531e-05 1.08913685598841e-04 -1.85453378089870e-04 8.67815902499828e-04 -1.14016664199325e-04 1.60273437359021e-04 1.16233325098181e-04 -3.15565876242065e-04 -1.78506896972207e-04 4.16021191343883e-05 2.56944534829169e-05 2.05677738105156e-05 -1.08282555033953e-04 -4.24346242060534e-05 3.29807431881573e-05 1.33232158805437e-04 2.92857628671126e-04 -1.09972384308868e-02 1.38579110510317e-04 9.50748594694949e-04 -1.25362522190030e-03 -2.47533442222647e-04 -1.54611212898289e-02 1.19391742085380e-02 3.75949921755965e-03 5.59710239365755e-03 -3.81531828649475e-03 -1.25045941338763e-03 8.43181588546690e-04 -1.28260118085138e-04 7.87086658960904e-05 1.44968980643449e-04 -1.24228132894709e-04 1.03860128890879e-03 -2.55575495889818e-04 2.15474814894373e-04 1.63632190175929e-04 1.43621508926466e-04 1.43353354072226e-04 -4.54433343982030e-05 -6.60947825585892e-05 -4.97055766049536e-05 5.37161490086714e-05 3.19414398812240e-05 2.07816313621017e-05 1.29100839590268e-04 -2.03398670291939e-05 -7.21227933226318e-04 1.31850256636069e-04 -3.28260844228187e-04 1.18431983150691e-04 5.63630721717340e-05 1.01423282029849e-02 -6.28571484986024e-03 -2.25759667296512e-03 1.08177264554064e-03 7.10960091650513e-05 -1.48886125762066e-04 1.89094590487293e-05 2.08177842094706e-05 -5.33785344343602e-05 1.93913241264996e-06 -9.42735449928619e-05 1.04575774589487e-04 2.10963568996779e-05 -1.00635633849619e-04 1.12885543603770e-05 -1.28919342875605e-04 5.59198147201803e-05 -1.58592624247179e-05 2.35001040385093e-05 -3.67737389416542e-06 3.07353753687889e-05 1.34193325160410e-05 3.38298556453792e-05 8.11700874371707e-05 -1.17179558262587e-04 4.79187007029941e-03 3.57144535403535e-03 -1.73826770470604e-04 1.65173310064975e-04 -2.28509480594138e-04 4.72025262531422e-03 3.50764438740469e-03 2.05356075200878e-03 1.71693015673470e-04 9.47044750357229e-04 -3.08003457790098e-04 1.67024867460376e-04 -5.01320640127320e-05 -5.58813304541476e-06 3.55031167113487e-05 -9.54051069173815e-05 2.12931473492257e-04 2.74251466167759e-05 -1.82759065975145e-05 9.36894586084843e-05 -3.67815639407614e-04 6.13698822904861e-05 4.94013838443054e-06 -4.92142458671378e-05 -2.41440887407002e-05 -5.79129822760878e-06 2.52566102790031e-05 -1.34103072747916e-04 -8.66334508929763e-04 4.81618621328164e-03 -7.28901594892757e-04 2.74431577685447e-04 3.01006069482060e-05 -9.23304172214164e-05 7.74898077557579e-04 -5.06850696054409e-05 -1.05334772287911e-04 9.84821213139393e-05 -9.36071466498302e-06 4.38887814761671e-05 -1.10124188739913e-04 -1.05583249246005e-05 -2.95448635649403e-04 -3.44613882436134e-04 4.20182617776071e-04 2.89491011134629e-04 -5.76211662639713e-05 -1.18275104369355e-05 7.98428269387103e-04 -2.18967816898348e-04 -9.64941103093178e-05 5.96078435164456e-05 -4.54164110742489e-05 2.54032233109890e-06 1.37583440128345e-04 2.00012593715478e-05 -3.13327036462808e-03 1.93293413941487e-02 -3.72794069541405e-03 -1.11130172664421e-04 -3.50187355464621e-04 -5.25566199289739e-06 1.70076082460113e-04 -4.11435042474724e-04 5.85398374236985e-08 6.42971783384433e-05 6.78186347723689e-06 -2.88232491531497e-05 6.85371970373733e-06 -9.46173817097506e-05 -1.28561627760895e-04 1.56047492787420e-03 -5.27478305203658e-04 3.92930340339962e-05 6.35978777041938e-05 -9.59726854294722e-07 1.63220260070583e-04 1.85906789698034e-04 9.95471916250375e-06 1.66796020450350e-05 -1.80704753884139e-05 -8.73449261504774e-06 1.69646388597023e-06 -3.86206377896379e-05 -3.88783847116427e-04 -1.12327987511837e-03 -1.93310841970805e-03 1.25842646940298e-04 2.63109709065161e-05 1.17973345807206e-05 1.24450824111176e-05 1.42902993795983e-04 5.95409124849130e-05 -4.38826087741797e-06 -1.07013992587724e-05 -6.16986817601382e-06 -2.87064919361869e-06 6.55912836702227e-05 1.74592872780382e-04 -1.97948136551467e-03 1.87910133438623e-04 2.86725125136723e-05 1.01315584494719e-05 -3.10980234270745e-05 1.16988521829402e-04 5.48825716824731e-05 -6.19731327544581e-05 1.59089443126221e-05 2.40139802874253e-06 -4.61364446738253e-06 8.68876935149294e-06 -2.57787778080558e-05
 -1.96293502388083e-03 -2.23245534112238e-04 7.20662084232053e-03 2.94921230531055e-04 -1.68357606653039e-04 -1.36817613551949e-03 2.44465698434186e-03 -3.77198234259043e-03 1.71443746499977e-02 -2.11757596425532e-02 4.94405046441360e-04 -2.08549024743183e-03 3.59343603352443e-03 6.10114491874830e-05 5.99924698526150e-04 -1.58187948533880e-04 -8.56477566416742e-05 3.04971309730089e-04 -3.31554936792976e-04 3.22833306146279e-04 -2.42067675587636e-04 1.52427345152171e-04 1.37749563062697e-04 1.29806181263798e-04 -6.66475720902907e-06 -4.66473441269973e-05 1.08115314854626e-05 6.66486563067841e-05 -1.42757186712720e-05 1.62676807743693e-05 -1.37555113626216e-04 -1.28159679204263e-04 2.22812906379645e-03 9.20245658647212e-04 -3.81599608557368e-04 1.28106418516975e-03 5.97176512906334e-05 6.47924788437884e-03 -7.39007884608562e-03 -3.29162325407422e-03 -3.00566564399181e-03 2.30445756525628e-03 1.64509073809752e-03 -3.24762815197847e-04 2.72840912601274e-04 8.45692017572092e-05 -2.83966467522591e-04 4.34829184582523e-04 -3.70499819680056e-04 5.90965094526699e-04 1.21729256065968e-04 -3.26384690425945e-04 1.21189675754741e-04 8.15145775219624e-06 7.30757983670865e-05 1.91954654729878e-05 6.96067837670086e-05 2.32806557456910e-05 -9.49558574307156e-05 1.15995563736801e-04 -3.62010685396653e-04 1.20831908268974e-05 -1.34813479647972e-03 4.44005192833634e-04 2.43997277654601e-04 -1.69848444411127e-04 -1.06406783738897e-04 -6.36452615457338e-03 6.85506852923567e-03 7.05826926963968e-03 -5.55467615634838e-04 -2.74940674082827e-04 2.22692241924455e-04 -2.89178617074677e-07 -5.68521894115213e-05 5.19633101531144e-05 -1.07007429229738e-06 1.02117444279457e-04 -6.20214725191754e-05 -1.21280779253137e-04 5.42618385838668e-05 -6.47697484035351e-05 2.64473704917340e-04 -6.91515364105707e-05 2.56944820334274e-05 -1.20995048553769e-05 6.33784841432979e-06 -1.38676705795710e-05 -3.66417899234176e-05 -1.22438579437707e-05 5.43846678231192e-06 3.52253701591713e-05 -1.13182160117057e-03 -1.69744697334895e-03 3.43507596345972e-04 -2.83566213267416e-04 5.37701021199244e-04 -3.94934400265712e-03 2.34616626933184e-03 -2.07730538386768e-03 4.61488440645557e-04 -1.28872215313031e-03 6.82672835584117e-04 -9.84848697283231e-05 8.06038652132144e-05 -4.86397950571990e-05 -5.24231549063465e-05 7.32141941730619e-05 3.61758219237788e-05 -4.66753132788293e-05 -1.02013789319741e-04 -1.57773224269624e-04 9.10590061692669e-06 1.44395667786019e-05 2.32554857579188e-05 1.29581454699565e-05 2.08231957197664e-05 1.54472056755809e-05 -2.70615042626243e-05 1.06796443914374e-05 3.07658272762967e-03 -2.71262637659054e-02 5.53799241435006e-03 3.02573152057099e-05 -3.00321765161974e-04 2.87322862293892e-04 1.10550477289492e-05 -3.77826820251591e-04 3.21819177149595e-04 1.21218728752575e-06 9.94252153621302e-05 -2.58161054558953e-05 -3.36327875547049e-06 5.36664234539900e-05 -1.37233643121829e-03 1.40252874305432e-02 -3.35137642543816e-03 -2.64473380309026e-05 3.67288660528407e-04 1.09680306119746e-04 -2.18967816898348e-04 8.93306429310125e-04 7.41080602865655e-05 -9.92544805207810e-07 1.39515505838189e-04 -2.52149862391259e-05 -2.87592693793356e-05 -6.37791271604137e-05 -1.34106147517739e-03 1.06305359314523e-02 -3.43582790958537e-03 -2.79141912515263e-04 6.40691484989956e-06 -2.18336249344724e-04 -4.25501039111238e-04 1.23809053815702e-05 -5.15773131894017e-04 4.55072761328875e-05 5.90012458574720e-05 -2.15935822433358e-05 6.45413284451003e-05 9.10037088731426e-05 2.31725604292179e-04 -4.28856713128086e-03 5.37973170763812e-04 -5.12189599595463e-05 -3.98325740695674e-05 4.49012149244170e-05 -1.92403056285481e-04 -1.39463537882949e-04 2.11489878292625e-04 4.33012394126269e-06 2.32262256893168e-05 -5.68898124019067e-06 -6.78620213122036e-06 1.62465723131976e-06 -4.39868354502593e-04 4.56188641732641e-03 -4.24426714381582e-05 2.34789911230027e-05 -2.92893622483023e-05 -2.55091294286087e-05 6.20623714192655e-05 -9.67725366738385e-05 -8.12141556761207e-05 -1.25908374049073e-05 1.26240604906082e-05 5.90225726917584e-06 -5.26506515451161e-06 -1.36589063098225e-05 3.72576936448690e-04 7.12185637769397e-04 1.37999532713981e-04 -3.17466862675254e-05 2.77429744128226e-05 -2.00179385786594e-06 -4.49310681766206e-05 2.50919578921115e-04 9.08764902466787e-05 -9.01653956180433e-06 3.13547692998692e-05 -1.47540331055164e-06 -2.46617809230916e-05 3.31087609168596e-06
 -3.74923683989209e-03 -1.93414422519653e-04 6.97193332329659e-03 -2.20843581528027e-03 5.78566235382420e-04 1.23532476116836e-03 1.28727098245278e-03 -4.78417022209620e-03 -1.36257290483349e-02 -1.04385239678693e-02 5.10352878141635e-04 1.65607869365316e-03 1.67549929715423e-03 -1.00188713610571e-04 2.34083197464136e-04 3.58521322632078e-04 1.37681919620365e-05 -1.79294418393852e-04 2.59894735862056e-06 2.13645314978689e-05 1.98791700481443e-04 7.61175747288501e-05 -1.76175744787662e-05 2.00570417087292e-05 -2.48084466950370e-05 -3.77305861262892e-05 -1.26362708994280e-05 -1.36695961205921e-05 -1.54467025301922e-05 -3.09877040493460e-05 -3.38780330392353e-04 3.33523642117617e-05 1.45895077734381e-05 -1.11827527621139e-03 -2.92049224582815e-04 -3.56317419796219e-04 -2.85267342992978e-04 -1.83572164081246e-04 1.34774782731422e-03 3.81513065517931e-03 1.10816777613962e-03 -3.69320238763848e-04 8.68765604127640e-05 4.83557698062829e-05 3.37880855430131e-04 6.97422895434975e-05 -1.05499904576139e-05 -2.04100783315722e-04 1.46773244855700e-04 6.03507598496127e-04 1.48788836286780e-04 -7.69695055493735e-06 -2.00106147620610e-05 1.81820831259315e-05 3.28445550158890e-05 5.61814208078996e-06 -1.47345871957641e-05 2.88854642535182e-05 -7.86855152522892e-05 -1.54417531518364e-04 3.45323362168039e-05 2.10893980860008e-07 -1.68797288332360e-04 -1.24293356212967e-04 -1.48120348075657e-04 9.59659648788712e-05 -9.61976663889569e-05 3.97915307771295e-03 -4.33057900948107e-03 8.23299758161613e-03 1.60026054851692e-04 -5.00704889695708e-06 -4.76946041262906e-05 -1.91124650140811e-05 -8.00803677783419e-05 -3.98704891849147e-05 -3.71309219103529e-06 -4.72718423367768e-05 2.22229547422424e-05 -2.12411756723759e-04 -5.56399985481391e-05 3.50251176917293e-06 -1.57078347779863e-04 3.83850193140193e-05 -2.36836800279333e-06 1.12759384550063e-05 -1.11242536871201e-05 1.52938156149557e-05 -4.10202917319119e-05 -4.52457043048246e-06 -1.00350516408161e-03 3.59069110026233e-05 -1.83285692729378e-03 1.17909737920723e-03 9.36282440318732e-05 -2.99183359863164e-04 7.48541538986452e-04 -4.18561526079430e-04 8.29436704122214e-04 -4.82634940111621e-03 1.27562998310658e-04 3.41631192107198e-04 9.69978837366728e-04 -2.97725227246932e-07 1.60778294300769e-04 3.26851521381386e-05 3.48862165682262e-05 2.92652108670459e-05 -1.23001058820739e-04 1.60082495391231e-05 6.22937749026077e-05 -1.43858130316742e-05 5.73488686372526e-05 -4.06606089104342e-05 3.47628609683697e-05 8.49737242397850e-06 -1.46186211372257e-06 3.16985444273967e-06 -1.74214130001889e-05 3.83873768387063e-05 -1.17400583377728e-03 4.04696398225724e-03 -1.66301082442349e-03 -6.98973993143501e-05 -5.41940183850086e-05 -1.95428611521265e-04 -7.28928302190845e-05 -3.78109253260056e-04 -2.38719188703016e-04 -1.85713063280281e-05 5.66610254628025e-06 5.97623035687655e-05 1.99347209108125e-05 2.77604069564503e-05 -2.54737799214825e-03 2.06630543315034e-02 -4.82326755340784e-03 -2.09416080530846e-05 1.10712615800092e-04 3.57138197380837e-04 -9.64941103093178e-05 7.41080602865655e-05 4.64299580375163e-04 9.82046003086110e-07 5.53062716915443e-05 7.83437235756769e-05 -1.45922741672356e-06 -1.39161862628341e-06 1.06469511932569e-03 -1.00685410028624e-02 2.49123409961916e-03 1.66040349644753e-04 2.71838342280528e-05 -1.05048944359238e-04 2.59878633997382e-04 5.98045009216957e-05 -2.04282837801763e-04 -4.37353108028242e-05 3.62075287860909e-05 2.87503168956304e-05 1.96994118908669e-05 -4.31064499410786e-05 2.69775063273035e-04 -5.54194098680069e-03 1.14154479122472e-03 1.64176988675015e-05 -8.30999299088116e-05 5.48530400397087e-05 -1.65187768407058e-05 -2.66896155811910e-04 9.56436255283025e-05 6.16456881125898e-06 4.07593750654293e-05 2.45457302372307e-06 -6.44317492329760e-06 2.09055588482863e-05 1.90638333858693e-04 -5.65636128344584e-04 -1.30434222620526e-04 -1.63165661132458e-05 1.31412265250583e-06 -4.58887090460362e-05 1.52580911176370e-05 5.12702201584414e-06 -9.15771831006775e-05 -4.73648301516070e-06 2.26996579603447e-05 -6.98427336154273e-06 -6.54042207056559e-06 -1.09359941119056e-07 -2.14532357630394e-04 3.93018572161735e-03 -2.76009262742721e-04 8.44366577843291e-06 4.19150934376662e-05 1.46140683456670e-05 8.58659978573759e-05 1.16597171253189e-04 1.17001985693515e-04 -8.81192028129788e-06 1.89937340023456e-05 2.81049300668385e-06 -9.63496550270432e-06 2.87816529302271e-06
 -6.00305169598194e-05 1.48250523034162e-05 -4.04353258268760e-04 5.01795251286783e-05 -1.82309331187382e-04 1.03729872675567e-06 5.92513433153627e-05 2.17735720779476e-03 -2.38391345619852e-04 -4.25973142638214e-04 -3.34766528705776e-04 2.73754875079918e-05 6.67212495194921e-05 5.87040848376964e-05 3.74862645554484e-06 1.09745139646697e-05 5.37524251981435e-06 -7.41616663168324e-06 7.42549624922785e-05 -7.08306394388942e-06 1.31473061373787e-05 5.55178192241659e-06 -1.81020219638875e-05 -1.53829336219716e-05 1.67299852397961e-06 7.22137930147007e-06 2.09199649589808e-06 -9.10819193848065e-06 -1.95196792081582e-06 -4.12236510048628e-06 1.82106767144044e-05 2.36113480236185e-05 -1.45615692618979e-03 2.09869376213857e-04 1.13682375995494e-04 -1.88733643694581e-05 -4.17360721071405e-05 -1.67180583886135e-03 5.08270410189924e-04 7.77537498118625e-04 4.58696004456656e-04 -1.06902225209962e-04 -8.17892315236438e-05 4.93192217597311e-05 1.72370886232192e-05 2.21091435089834e-05 1.06185056603305e-05 4.92154768098315e-07 6.84300670148685e-05 3.92729830242811e-05 2.82894944277834e-05 1.39206987552101e-05 6.94798675587746e-06 2.07014970148351e-05 -7.14834604992596e-06 -1.82065207251882e-06 -6.82326978990796e-06 7.20799689272442e-06 -6.87404287880337e-06 1.37288382217433e-05 5.22998255202755e-05 2.95014918030790e-06 4.09651853239527e-05 6.81430172753855e-05 -1.88796797455262e-06 -1.23571023160109e-05 -1.43941261489070e-05 -2.34588351747668e-04 5.49878297577332e-05 9.20143778407890e-04 5.79475216281268e-05 -3.05219621511319e-05 -2.33543672044018e-05 9.88008123653194e-06 -1.16787987418822e-05 -1.24748780852486e-06 1.03088309171042e-06 1.29177295628822e-06 3.60855005954255e-05 -3.12408068633146e-05 -1.91382848339385e-06 4.12050760825184e-06 9.32239180697422e-06 6.36827924911679e-07 -2.09332548463651e-06 1.22260438626863e-06 -1.89377425918968e-06 2.59578949379884e-06 -5.98951770889618e-06 9.92272187175792e-06 4.19544429570215e-05 -1.22821832586540e-05 4.32490280639487e-04 1.33238933209471e-04 -3.52989527624196e-05 2.71223991204556e-05 5.64208404127405e-05 5.47743667495309e-04 2.02438678992424e-05 -3.36799739133481e-04 6.94096011946005e-06 5.23788692230016e-05 4.97142658116582e-05 2.26854628580011e-05 1.08915922647119e-05 7.00808481970133e-06 1.01137694616542e-05 -1.12998947089640e-05 2.59435558334129e-05 5.79130587861019e-06 -1.06081979273992e-06 1.35149168585905e-05 -3.08480047717400e-05 8.10858823777825e-06 3.61983755229178e-06 -6.18388829871635e-06 -3.60165138004955e-06 -2.17296892113773e-06 1.74750784328985e-06 -1.10995457241621e-05 -3.84513568773147e-05 -9.19423728091496e-05 -2.55756273141609e-06 2.19998608077549e-05 -2.45966025414290e-06 -5.15839554443836e-06 6.40372319427358e-05 -1.78506772583191e-05 2.20078540361843e-06 8.34306196283924e-06 6.97331267314203e-07 3.45009188672790e-06 -8.26029559160733e-06 2.92731286603217e-07 -3.92753437911162e-05 3.41693264102920e-04 -4.12369453112519e-05 2.46294642167445e-05 5.00152067677420e-07 3.48243849543956e-06 5.96078435164456e-05 -9.92544805207810e-07 9.82046003086110e-07 6.88709358844363e-06 -6.55474447269458e-07 1.00039079117514e-06 1.17639123950497e-05 1.87059163086548e-06 -2.29728263259066e-04 1.58600250584514e-03 -3.15048475545281e-04 -6.58851935624832e-06 -3.02602538435907e-05 -5.15776753319226e-06 1.05436753017037e-05 -4.50424088077116e-05 -8.01030988801213e-06 6.98320801387061e-06 2.54271278939410e-06 -2.75476287481905e-06 9.73850751314556e-07 -8.93163844444071e-06 -1.46627611548549e-05 -9.44945335482316e-05 -1.88154414623293e-05 6.28257655251864e-06 -9.91454595816285e-07 -1.62172332145224e-06 1.39157620101798e-05 -3.69589658759756e-06 2.82831050680063e-06 3.27931951413710e-06 8.24528950106287e-07 2.25819515279226e-07 -1.27012891143208e-06 -1.87897421971776e-06 3.10047651496395e-05 -4.55945591966123e-04 -1.63754019551135e-06 4.39090067439518e-06 7.81037253763784e-06 -2.28781973787256e-06 1.49010597814227e-06 1.65669770890031e-05 -2.16900852283909e-06 1.51996168881722e-06 7.36649118414497e-07 5.28803734967599e-07 -4.97793931712006e-08 4.75370688459569e-06 -3.97466988481890e-05 5.04518327876735e-04 -9.75207712283781e-05 4.93594946312956e-06 4.52273281434467e-06 5.41132073850538e-06 1.91857959523895e-05 1.57545009511725e-05 1.12790785529031e-05 1.69815672832152e-06 2.58510025879744e-06 8.97245501204187e-07 1.71636139825825e-06 -1.89386121750957e-06
 -4.81305114754931e-04 -6.29211193359851e-05 2.18046607604911e-03 -1.36597356430753e-04 1.51713871539566e-05 -3.45183599103809e-05 4.92484213741557e-04 -1.13423244454366e-03 8.43830218088038e-04 -4.40715544973415e-03 9.94106591354073e-05 -6.91331090174850e-05 7.35796972434849e-04 -1.76373582924431e-06 1.09013615186127e-04 1.89158430669785e-05 -5.86082222264840e-06 2.58759533401898e-05 -5.51681935560801e-05 5.29493850170142e-05 -1.35080712284226e-05 4.12730931106066e-05 2.00143170224527e-05 2.51772100898713e-05 1.38029353099892e-06 -1.26873096129636e-05 1.78559808840502e-06 1.07555583869970e-05 -3.56616382246568e-06 -3.11480207511457e-06 -5.94928977401460e-06 -1.43581312914903e-05 7.18638267786590e-05 9.03790080280762e-05 -7.90869946310355e-05 1.96883416615735e-04 1.64334060730812e-05 6.80604722946448e-04 -1.10234303047160e-03 -7.20686192499682e-04 -3.37441845274771e-04 3.97268991790262e-04 2.93306083003751e-04 -6.64667937658345e-05 4.65693289258926e-05 1.95970137658835e-05 -5.47106273657860e-05 4.47839628847369e-05 -6.40291572104443e-05 9.33914258359879e-05 2.47049884787815e-05 -6.37071460790679e-05 3.78116629435513e-06 6.24070958557747e-06 1.60116473799624e-05 -1.84262436607997e-07 1.25347348570239e-05 8.60101770109196e-06 -1.16795306729508e-05 5.19940780860515e-06 -3.44337221523786e-05 3.91383929213111e-06 -3.58419013937862e-04 9.13229885851903e-05 3.62674145841179e-05 -2.53030730558723e-05 -1.33270127732974e-05 -1.35484837926803e-03 9.80780021604434e-04 1.00061242991184e-03 -8.34607382096812e-05 -7.01720116888181e-05 4.23698772460765e-05 4.90418028561461e-06 -6.90092767762670e-06 8.75167105849833e-06 4.16816457472425e-07 1.68441279372087e-05 1.69462219681579e-05 -1.64269938448794e-05 1.45660043710669e-05 -7.76606114552668e-06 3.78702092483355e-05 -9.69261923723339e-06 3.24564045392356e-06 -3.34573409720839e-06 8.70836063091623e-07 -1.03491985681361e-06 -5.22344975590935e-06 3.55982681379092e-06 1.03812059326019e-05 1.01998611246256e-05 -4.22643793908019e-04 -2.20018600382427e-04 5.47082833084864e-05 -8.19075133415760e-05 5.88858842449454e-05 -6.66135328893397e-04 4.56115302719661e-04 -7.31075444880039e-05 7.86848708012836e-05 -1.85552274207993e-04 8.79569734304673e-05 -1.74336322432660e-05 5.67267899047884e-06 -1.07163055836086e-05 -1.18294233407954e-05 1.02553783173217e-05 -9.34876835367803e-06 -1.25876112261286e-05 -1.22738004937717e-05 -3.28135428036777e-05 5.15127695236016e-06 -2.39314779302932e-06 4.25311895857723e-06 2.18797732813064e-06 4.61869734120087e-06 1.56845615403509e-06 -6.44229083795752e-06 4.77595361478255e-06 3.11913377652166e-04 -3.33516302419016e-03 5.81218698311811e-04 -3.73716874583609e-06 -4.88006138696297e-05 1.55873920197982e-05 -1.32110746763073e-05 -9.01864551604728e-05 1.20238589886051e-05 -9.11340491168846e-07 1.30850677384886e-05 3.52842379255305e-06 1.54745549544278e-06 1.14479482749307e-05 -5.67981189818952e-04 4.63595059210661e-03 -1.17106930547571e-03 -7.85977198002638e-06 7.12094838811838e-05 6.42555605500093e-05 -4.54164110742489e-05 1.39515505838189e-04 5.53062716915443e-05 -6.55474447269458e-07 2.79904701047094e-05 5.94857767889972e-06 -6.06233056719547e-06 -1.06460601634755e-05 -7.93139833656405e-05 4.46144139381917e-04 -2.59138633504020e-04 -2.24960342242656e-05 1.26823688960954e-06 -4.57641924796844e-05 -3.38750847648019e-05 1.39647743454788e-06 -1.06319619775042e-04 2.27541690955421e-06 1.24854695308304e-05 -4.76936018767173e-07 1.34709460052295e-05 8.01813761389327e-06 1.85450615340049e-05 -6.07601389806772e-04 1.10741552042709e-04 -7.90769760841733e-06 -5.96987420677187e-06 1.02226934247376e-05 -3.16871305696961e-05 -2.76577104637470e-05 3.55549464173571e-05 2.39966061866462e-07 5.16213357640852e-06 -1.88487792312606e-06 -1.41463560877101e-06 9.47625001590089e-07 -5.62426999269488e-05 7.59345776271036e-04 -1.96170367947283e-05 4.26985526001428e-06 -5.00012153307038e-06 -1.31505263833842e-06 1.76728641800040e-05 -1.62561588625458e-05 -9.36445011851360e-06 -3.07040904826268e-06 1.75941853610361e-06 -1.08365372295533e-06 -9.03629948273166e-07 -2.46037222501102e-06 9.91222626983638e-05 -2.57341810949505e-04 1.54428719074667e-04 -4.67719974110657e-06 -5.96989641741597e-07 -8.38536527415771e-06 -6.79135318619491e-06 2.96327227735109e-05 1.14529011857965e-05 -2.44253243921763e-06 2.43723820693544e-06 -2.14581497097090e-06 -5.69040555209821e-06 2.00933470974797e-06
 -5.21576326100746e-04 -2.81430415908688e-05 1.17709277611462e-03 -3.01572102075483e-04 5.93055923840852e-05 3.40353259460845e-04 1.45162552356363e-04 -3.32943870826837e-04 -3.67668218154008e-03 -1.36062073297364e-03 -3.81657641202432e-05 4.81242716250923e-04 2.07679119164236e-04 -8.76472314395817e-06 1.43103380513964e-05 8.35036116831857e-05 1.38056142581672e-05 -5.09251252704324e-05 2.51815529578761e-05 -7.78043550379346e-06 5.55932039678677e-05 2.20541546230584e-05 -1.63433558712403e-05 -2.92193444448707e-06 2.12208351938606e-06 -4.27375414842872e-06 6.20723548731443e-08 -6.36000958211800e-06 -2.94952023665094e-06 -7.93941689388748e-06 3.39369034752929e-06 1.69948475859576e-05 -5.80305497128264e-04 -1.54655924983933e-04 -1.81342759826901e-06 -1.25383510794129e-04 -2.92047417007182e-05 -1.07715001283787e-03 8.27556587558200e-04 3.73714319977952e-04 4.61140480888219e-04 -1.80985607593867e-04 -4.51420230429253e-05 2.13363224570656e-06 2.44732331025406e-05 8.95262185312045e-06 -2.31730336678852e-06 -6.21812118763321e-05 2.71035706463577e-05 3.24677432491944e-05 1.31416563903637e-05 -3.18121416648253e-06 -2.50942178705740e-05 6.31924761419015e-06 4.40965284281263e-06 -6.06058181264062e-06 -3.91073543280061e-06 9.02095311399172e-06 -7.65967169874335e-07 -2.88629600302556e-05 4.44032668122843e-05 2.30617946986230e-06 4.09167896194928e-04 -3.68900887500144e-05 -1.99045316404105e-05 1.58730235718256e-05 -1.98954756085120e-06 -1.31128465915878e-04 -7.72170134855913e-04 4.09550415755320e-04 4.49553168814549e-05 1.69992696792748e-05 -2.06897556988774e-06 8.32016498436897e-06 -2.92945119305149e-06 -6.74044469891089e-06 9.04970240771808e-07 -1.04510984555145e-05 5.01031604448830e-05 -1.34856321149851e-05 -5.57325614905672e-06 6.38716218759901e-06 -2.73346396998443e-05 8.48125501315273e-06 -2.65448804217551e-06 1.33660585955782e-06 -1.14627366380880e-06 3.62564663845891e-06 -1.90062065676153e-06 1.03248561758584e-05 -1.67689488517050e-04 8.50776317563465e-06 -3.89285573910353e-04 2.26875379566152e-04 -2.51141483434836e-06 -8.72747965220237e-05 2.47829412991878e-06 -6.27429472801569e-05 4.84029761646365e-04 1.02233296631611e-04 2.24082282058394e-05 3.70615924223282e-05 1.07951098994129e-05 9.70964373712829e-08 2.99542263968470e-06 -5.99946643966786e-06 5.95135060721118e-09 -2.36847128309371e-06 -2.83934931255011e-05 -1.03770041395558e-06 9.06467734826459e-06 -2.40964675448124e-06 -1.71488681716507e-06 -8.79683733470764e-06 3.82446426884884e-06 -8.87348417373157e-07 -4.25868763414610e-07 -5.49591531915890e-07 -2.01049417852035e-06 4.38633341696571e-07 -3.69735505672821e-04 2.13999314483084e-03 -6.09376618877369e-04 -9.81715556135725e-06 2.45106511409627e-06 -5.70682875981767e-05 -7.29298471886742e-06 -5.25845660526467e-05 -6.98442462131092e-05 -6.63018346843523e-07 -5.65257203406397e-06 1.48176244911269e-05 1.74177856007951e-06 3.38696366001390e-06 -5.28274896975533e-04 3.76151976479563e-03 -9.53771697784783e-04 1.39339787905418e-06 1.02328510743006e-05 7.44294869452497e-05 2.54032233109890e-06 -2.52149862391259e-05 7.83437235756769e-05 1.00039079117514e-06 5.94857767889972e-06 1.80939985770548e-05 2.08555606709833e-06 1.37285897141689e-06 2.25590829990768e-04 -2.17062108073338e-03 5.55713170630265e-04 4.46182672830556e-05 -3.75010251200277e-06 -1.43760110643123e-05 7.57048750636950e-05 -4.98730483931816e-06 -2.81143612097432e-05 -8.98787557165007e-06 4.74619915285922e-06 5.89454316500372e-06 3.29162589246433e-06 -1.49832943829533e-05 2.43789425059495e-05 -4.08727342721352e-04 1.53853261329110e-04 1.66241761173901e-06 -4.70616129067069e-06 1.16692029987925e-05 3.68135336164286e-07 -1.66646123145988e-05 9.77231434098330e-06 -2.57977309790711e-08 4.70594334160967e-06 -2.00365022684134e-06 1.91525759365847e-07 1.29936993084850e-06 -1.48045425161816e-05 1.81208543459715e-04 -1.28101638411444e-04 7.09458153337955e-06 -1.52321939324825e-07 9.21377721467842e-08 1.35945644929718e-05 6.08476761989446e-06 1.12193601245442e-06 -2.05172528035338e-06 9.41975572159178e-07 -3.64050387952057e-06 -5.28410996445416e-07 2.58949358029484e-06 6.26631248540556e-05 -4.23602974729639e-04 2.04500910380218e-04 -9.73542239383622e-07 -3.81421533797096e-06 -1.40154783974290e-05 3.49151376941596e-06 -5.91783374047645e-06 -1.54377342644220e-06 -1.65547630364213e-06 -2.83096766643408e-06 -2.90849600329359e-06 -3.23238072823373e-06 8.61167517328782e-07
 -6.85761576672336e-05 2.75985492219108e-05 -5.53927135648431e-04 -1.50334794836754e-04 -3.16413760254296e-04 1.30375738302762e-05 3.61567465725853e-05 4.63006926352982e-03 -6.60391604205100e-04 -3.13567392952060e-04 -6.38738945637712e-04 5.20863080438267e-05 4.47835733657027e-05 1.08841674502373e-04 -1.08115796618218e-05 2.13224312484032e-05 1.83121057487475e-05 -3.78788401017543e-05 1.62430404289069e-04 -2.16351906447925e-05 3.76700383046508e-05 2.49473231897154e-05 -6.67658813735289e-05 -3.48012858165917e-05 4.51883830895420e-06 6.06028323087241e-06 4.04400523554228e-06 -2.19986062120532e-05 -9.23231502988411e-06 7.35395839184933e-06 6.33651667546266e-06 6.23566662317737e-05 -2.18797099337495e-03 -4.54030511405841e-05 1.58588080938262e-04 -3.37471402915481e-04 -8.34309392276052e-05 -2.55372399580592e-03 2.88062927555943e-03 1.10440247242101e-03 8.46340548700129e-04 -9.23691130784128e-04 -2.18756324244202e-04 1.20261398521992e-04 1.39993206046042e-05 1.94299343454279e-05 3.17241084044816e-05 -4.70969713707322e-05 1.53727076420934e-04 1.60954723936131e-05 5.27977390248639e-05 3.64656388144074e-05 2.56614863189720e-05 2.68075966075259e-05 -1.26088388780305e-05 -1.35082967132289e-05 -1.07518317214796e-05 9.92347755965004e-06 -5.70747161945158e-06 9.77059522640718e-06 1.26630493753446e-05 -4.67321249178726e-06 2.94478747892084e-04 -3.61970046783608e-05 -3.69358190700799e-05 3.73902948368615e-05 -2.20529850399496e-06 1.02729953461644e-03 -1.81602043398035e-03 4.72939263367779e-04 1.51216865094708e-04 5.64472736560179e-05 -1.97875926879378e-05 7.22049572870642e-06 -2.93652589012461e-06 -1.70450295377359e-05 7.85567139275058e-07 -2.80552604430503e-05 2.91454373943049e-05 -1.51198967587532e-05 -3.21480584425168e-05 4.75491891389914e-06 -4.54264163510064e-05 1.67380991952738e-05 -3.83800020726037e-06 7.27067012677438e-06 -5.31730708294292e-07 4.70948119743979e-06 -1.38755443094885e-06 8.59567912467486e-06 -2.20359416964575e-05 -9.87999430207793e-06 5.71213900193297e-04 5.41565794308030e-04 -2.07617138680200e-05 4.67378785037856e-05 8.94720820649849e-05 2.74429852210305e-04 2.22072068679491e-04 -6.39555757681145e-04 1.00076115305900e-04 1.83045985292665e-04 1.06270593101168e-04 2.40938603039752e-05 1.92080595221663e-05 1.61375316116858e-05 1.38424968125819e-05 -2.84070279021417e-05 1.30386275747971e-05 1.47406540777784e-05 1.47079229461486e-05 1.58208443651408e-05 -7.91307666802907e-05 3.21722038667808e-06 3.39671393817493e-06 -8.61688300367318e-06 -5.53052860384030e-06 3.56588550993899e-06 3.21368792426962e-06 -2.74833409221033e-05 -1.65194056663185e-04 6.41777634360780e-04 -1.19400486604272e-04 4.87343102521152e-05 2.13593360976912e-06 -1.68821451265242e-05 1.40296923762876e-04 -2.75952665816040e-05 -1.42836480583122e-05 1.71649259512344e-05 1.46362580654154e-07 9.26379609937634e-06 -1.93851720482272e-05 -1.89365190065606e-06 -7.88993858412685e-05 3.79236530646819e-04 5.13396023428533e-06 5.24126706013100e-05 -6.86869918791200e-06 3.18350242893762e-06 1.37583440128345e-04 -2.87592693793356e-05 -1.45922741672356e-06 1.17639123950497e-05 -6.06233056719547e-06 2.08555606709833e-06 2.65698449176143e-05 3.39726752568758e-06 -5.57882825162984e-04 3.29409034732787e-03 -7.10549102457246e-04 -1.96774227481665e-05 -6.33663755069481e-05 -4.00384801251106e-06 3.88441124018009e-05 -7.05011041897372e-05 -5.87196646143163e-06 1.13538944215098e-05 2.66828194429125e-06 -4.92746072198255e-06 1.19293260804722e-06 -1.63148002636536e-05 1.66565376879474e-05 -3.56022878264631e-04 5.19919393474692e-05 1.63319890568206e-06 -5.04111715401097e-06 1.50956290583767e-06 5.90873875443526e-06 -8.55945269248893e-06 1.77248110622526e-06 2.05604562123794e-06 2.10103843432789e-06 1.47674987021522e-06 3.34719319704946e-06 -3.18954636613154e-06 -7.98190197611515e-05 -2.70705064098125e-04 -2.83405677263046e-04 1.59484605066860e-05 2.11727678151547e-06 -8.01561856627336e-06 -1.64008824610747e-05 2.86793510986103e-05 -7.80237194135029e-06 1.04433075494634e-06 1.45692428516011e-06 6.03582827367552e-07 -1.75608292878223e-06 8.65596723945826e-06 -8.87086968205337e-05 8.39721273077165e-04 -1.73928510387865e-04 7.87209306405378e-07 1.02636889312426e-05 9.20873879748185e-06 1.20869241414417e-05 2.35702886225950e-05 1.45352855450372e-05 1.77049442045432e-06 4.02190402448859e-06 3.42815208036700e-06 -6.79332953393852e-07 -5.92489515791028e-06
 1.50091591046299e-04 1.44760005750246e-05 -5.08927261472363e-04 -8.67509327352605e-05 -2.58146973625178e-05 8.74456738282776e-05 -1.76268392249194e-04 5.80856674687111e-04 -1.23843548906610e-03 1.74079617231851e-03 -8.23942581651828e-05 1.20286130023350e-04 -2.89238781319130e-04 7.19940100726233e-06 -4.50554797489751e-05 8.86566656310100e-06 3.42866326089938e-06 -1.56731885328935e-05 3.17565809652884e-05 -2.99935187182036e-05 1.30092263373548e-05 -2.09556791334829e-05 2.52554675541932e-06 -1.02460488658039e-05 -2.75186990831234e-06 6.15945690292662e-06 -1.93787195264887e-06 -5.24565319594602e-06 2.54829607911299e-06 -8.45890858052953e-06 3.10667200011933e-05 -8.51343135625922e-07 -1.52160795554288e-04 2.43653724233234e-05 6.92571856359507e-05 1.95305987525348e-05 -2.06867921812497e-05 -1.02105172124952e-03 -2.15884984291900e-04 6.99780298304660e-04 3.87228239802483e-04 1.13471761860121e-04 -1.20261910830364e-04 4.46585468945990e-05 9.85992522682617e-08 -2.28305667140791e-06 3.12867238874411e-05 -1.15750838812930e-05 5.51809087326720e-05 6.11988018509713e-06 -1.03703863948300e-05 4.06585697685021e-05 -1.07227294041467e-05 1.81143035672453e-07 -9.99831142141997e-06 4.21900466972406e-06 -8.00242010211871e-06 1.30868559004745e-07 -1.07311956767645e-06 -4.99925163406198e-06 1.59293415461681e-05 3.06243515258353e-06 2.58345574690482e-04 6.12526567971682e-06 -2.08942513997260e-05 -7.05537600951043e-06 -6.96624655710985e-06 5.26143366050435e-04 1.41531894010895e-04 3.95199101142629e-04 6.15994212976759e-05 -2.45632215432658e-06 -3.35668952246659e-05 1.98045398422798e-06 -8.11518840180989e-06 -2.59169787843310e-07 1.79268620668076e-07 1.78207207616161e-06 1.27316133318882e-05 -2.02455102287708e-05 1.17620472023868e-06 7.01206322142590e-06 2.13933439841746e-06 -1.33696225826793e-07 -2.52597260237715e-06 4.47032859605271e-07 -2.30761609526517e-06 2.18691576601523e-06 -3.41522096681036e-06 3.25833348259059e-06 2.62996544682067e-05 -2.01250422777248e-05 5.85171304798750e-04 7.85963170032580e-05 -5.25873773094005e-05 1.59816347280880e-05 5.77058339572611e-05 9.12642004634666e-04 -5.29633509844733e-05 -6.39071349469845e-04 -8.90924470053348e-05 7.17371444625565e-05 6.62983898095334e-05 2.53924834187049e-05 1.52615181882956e-05 5.19925748443450e-06 1.12613063763532e-05 2.31349882526415e-06 2.69610488723812e-05 1.04862886968095e-05 9.91234540318761e-07 1.81729195369810e-05 8.97599865927473e-06 8.05697158818737e-06 -5.86313323272176e-07 -4.50436507328281e-06 -2.83441316881429e-06 -5.87284812835897e-06 2.01756754433656e-06 1.32434613153884e-06 -2.68157541240393e-04 2.09065127463342e-03 -4.72498388974533e-04 -1.15591993832549e-06 2.66470991692621e-05 -2.27764231906192e-05 6.61445200305366e-06 2.80549734999100e-05 -1.42816994133427e-05 -9.60243719634506e-08 -7.50194369606292e-06 8.07067031850295e-07 8.45571856794997e-07 -4.11911491270120e-06 1.43047503069297e-04 -1.19670168586416e-03 3.02078472809881e-04 4.92073087374099e-06 -2.96347736593604e-05 -1.03926914605033e-05 2.00012593715478e-05 -6.37791271604137e-05 -1.39161862628341e-06 1.87059163086548e-06 -1.06460601634755e-05 1.37285897141689e-06 3.39726752568758e-06 6.78123789384135e-06 7.28858119830719e-05 -4.32210020847878e-04 2.28811958500245e-04 2.02053503635456e-05 -5.27114992434539e-06 1.80306996384286e-05 2.53202728520825e-05 -1.50116785369476e-05 4.48988697927094e-05 -1.30049350430155e-06 -4.12998012586213e-06 9.78254086562522e-07 -6.12970041131648e-06 -8.96156084194152e-06 1.98643156335022e-05 -2.39432662718085e-04 2.62533216100066e-05 1.27011619805900e-05 -3.95863572050930e-06 -1.92547768733886e-06 3.36694242785808e-05 -3.57842505463908e-06 -1.02476836569514e-05 3.04456290809534e-06 5.06798395179154e-07 4.21761595159042e-07 -3.03950235736796e-06 1.28856195335754e-06 9.46875552316523e-05 -6.98391118659540e-04 8.05031632406908e-05 -2.45680236812755e-06 1.05078678597961e-05 -4.78708038030243e-06 4.77149430012520e-06 1.46647593057552e-05 -8.69326224781997e-06 2.20582354837826e-06 1.24005120321994e-06 5.18043838217553e-07 -7.22578493820926e-07 3.64231878636100e-06 -1.12688484511697e-04 7.74676611754131e-04 -2.07473753906254e-04 1.06900734077406e-05 9.38303971064762e-06 1.00178901976660e-05 2.98876152546387e-05 7.86130151774041e-06 2.90964321525809e-06 2.95605644452915e-06 2.42388220825224e-06 -1.21082987399250e-07 6.20159314454469e-06 -1.05859088822990e-06
 -9.85588191103680e-03 2.84180913153562e-03 -1.13077309238507e-01 1.88507599598637e-02 1.27929970954017e-02 7.19080027443067e-03 -3.85953677946675e-04 -1.29111214986263e-01 -8.22475559923587e-02 7.20863853753961e-04 1.69681510634889e-02 9.39008578976515e-03 -6.63328836947990e-04 -3.26033915333810e-03 6.06913670892696e-05 1.52922948073558e-03 -1.39493200541107e-04 -4.54631090975984e-04 -2.36650735891372e-03 -5.02355326331276e-05 6.13349256710180e-04 -2.64246006992419e-04 1.13076523753395e-03 -2.88998929101246e-04 1.31035320996699e-04 6.90774972657717e-04 2.02428098579342e-04 1.57237372383777e-04 1.95163362768502e-04 -3.13682530418695e-04 1.50516429340135e-03 -6.14281064032888e-04 3.80367543852941e-03 1.05301320103890e-02 2.87091937789028e-04 2.63353770106925e-03 3.22620952404337e-04 1.11894678898304e-02 -3.57300547210067e-02 -5.76532313934791e-03 4.04337805649957e-03 1.38630809358198e-02 1.45660411802933e-03 -8.46627626047488e-04 1.33786247366717e-04 3.22988730609781e-04 7.50403815783685e-06 -1.01777416082671e-03 -1.36453323727332e-03 4.64249411011121e-04 -7.70986880957545e-04 -1.62592769721813e-04 -1.32014123071970e-03 -7.29551710104456e-05 2.84753058439067e-04 2.32146394375693e-04 1.47983631312386e-04 -2.25675522064022e-04 1.42481261211434e-04 -1.20596104637696e-03 1.74575194587404e-03 1.99088853419006e-04 1.06875059796487e-02 7.05898087961475e-04 -5.98708467082156e-04 -1.19831126331564e-03 -9.02687695393155e-05 8.39775337403873e-03 2.74887461398944e-02 2.47757089013332e-03 -5.54646533998213e-04 -1.34082434123070e-03 -1.20521057479486e-04 -9.03122183985716e-05 -1.03500821979656e-04 2.50387130735896e-04 -1.33546696608245e-05 4.52167078748998e-04 2.48935936958396e-04 -2.12939385668379e-04 7.54160776061037e-04 1.33847285616423e-04 2.62772909406950e-04 -1.13243647661196e-04 -1.69302017541924e-05 -1.44068726472683e-04 -6.30935481077941e-05 5.56025796779639e-05 -3.26255535685425e-05 -1.48233482767089e-05 4.22522376760860e-04 -1.47292886134262e-04 -3.57548862297273e-03 -3.74240470480840e-03 9.54930149681659e-04 -1.36509103627595e-03 -3.42991779264029e-04 -2.43048736651009e-03 -1.47086876562067e-03 1.16151995500333e-03 -1.51239092780157e-03 8.00064877365370e-06 2.95150487843596e-05 -3.45777728478122e-04 -1.36158416280237e-05 -2.28275541517575e-04 -1.36195303841742e-04 5.29251674348799e-04 -5.80575582097311e-04 -2.26153226631895e-04 7.11527574839778e-05 -2.25016770839423e-04 1.92949981768851e-03 9.46065575724200e-06 -3.28126213974600e-05 9.39922887627042e-05 7.42354617199089e-05 -1.52209549699982e-04 -7.52234345669983e-05 6.05957437461227e-04 4.96647407493744e-03 -1.35726773180975e-03 4.61278995141906e-03 -1.35089370824968e-03 -8.35265394990599e-04 2.45778181747013e-05 -3.43931093143713e-03 -1.00773253166800e-03 -8.68699551074861e-04 -3.81181358910239e-04 1.66555436529952e-05 8.17371561048225e-05 5.24928245457660e-04 1.60019096496829e-04 4.55267422656912e-03 -6.08016216211392e-05 3.77332481455862e-03 -1.35912575934296e-03 -8.23916517458903e-04 1.46744140425532e-05 -3.13327036462808e-03 -1.34106147517739e-03 1.06469511932569e-03 -2.29728263259066e-04 -7.93139833656405e-05 2.25590829990768e-04 -5.57882825162984e-04 7.28858119830719e-05 3.41758586589834e-02 -2.09322479784280e-01 5.80895896063307e-02 3.18452188984003e-03 2.59261250917968e-03 1.66615699519555e-05 1.78806347335912e-03 2.63531410329884e-03 1.90499744456471e-04 -7.52482955394893e-04 -2.23019875611206e-06 4.03714403412497e-04 -3.06228349808880e-05 -1.48244370397336e-04 -1.70717826743427e-04 -1.51970943085360e-03 6.74501930817331e-04 6.96573098294612e-05 -6.74508154188501e-07 4.30849678851095e-05 2.26728344861159e-04 -4.18737956091570e-04 -1.73503910074965e-04 -3.22931388843870e-05 4.32531194367832e-05 -6.99888064867803e-06 -7.72330052284008e-05 1.05427397611054e-04 1.34402084527888e-03 5.12906238208623e-03 1.98039036894063e-03 -2.27678247761424e-04 -7.35760598096033e-05 2.53485194364002e-05 4.60864925966059e-04 -3.76160773340061e-04 -5.11751314018618e-05 -2.41370907793530e-05 1.97043025899060e-05 -6.88040214698222e-05 1.53607165404869e-06 -8.40553991654893e-05 7.85703407933845e-05 -3.46886860406781e-03 1.21882475836662e-03 6.01688719049055e-05 -1.73694495613951e-05 -7.50602064942073e-05 2.39274513365322e-04 -4.47005770115326e-04 2.08230870256535e-05 -4.67404328334240e-05 -5.62401827773466e-05 -5.08881525690445e-05 2.71971358150648e-05 1.00794052033623e-04
 -2.18597385611636e-03 -1.44542300842854e-02 5.57703174570602e-01 -9.12162802760861e-02 -8.57362269591923e-02 -5.92147203442890e-02 1.34359966609460e-03 8.28716241488012e-01 6.54017468256981e-01 7.14189929592138e-03 -1.10432622268701e-01 -8.25538669895482e-02 2.03288010468748e-03 2.19088625520935e-02 -1.28484976234841e-04 -1.26991909811680e-02 2.37320385938616e-04 6.19240634852275e-03 1.40275345905433e-02 9.03976015211341e-04 -6.78719713362173e-03 6.71020415992067e-04 -4.20439844210735e-03 1.52646775356633e-03 -5.50655440297773e-04 -3.11553521251206e-03 -9.33605322255156e-04 -5.56036657471795e-04 -8.18226475917084e-04 1.14892747301589e-03 -2.35115985923264e-03 1.86824898062738e-03 -8.90991255990681e-02 -9.19135671174922e-03 6.93427826698581e-03 1.32536984943412e-02 8.49918216764634e-04 -1.30826795920929e-01 4.62853464943364e-02 1.85216810216900e-02 -1.27581072489981e-02 -1.83543935725340e-02 -1.75699157665726e-03 7.60642401940523e-03 -2.22010733794252e-03 -5.82248322589866e-04 -2.16581536967555e-04 1.25058954527883e-02 1.03872070296770e-02 -2.62996423622371e-03 3.27061687465814e-03 9.65895394900133e-04 7.13221538461629e-03 1.42251353642387e-03 -1.98540762384375e-03 -7.27395073120737e-04 -6.70150259782149e-04 1.38921236879673e-03 -8.03834713833980e-04 9.16144290332778e-03 -2.85950915489564e-03 -2.09444260407858e-04 -4.94055351883331e-02 1.08597106416184e-02 4.43421681506342e-03 3.88401478589664e-04 -4.36711896861812e-04 -6.98188846926229e-02 5.57341066974446e-02 1.25268938567463e-02 4.51693806130455e-03 -7.17259373227722e-04 -4.96697587243506e-04 8.59088390181389e-04 -1.80394526766231e-04 1.99753085632253e-04 1.06934479202748e-04 4.10654355787051e-04 -1.02545754135408e-03 -2.62939244231014e-04 -1.48765719858511e-03 -9.38174241882371e-04 5.87331109461384e-03 -1.06530973141908e-03 1.93356362246192e-04 3.47585026482619e-04 2.22182628916736e-04 -3.05606078050978e-04 -1.89159419516798e-04 3.50676055035702e-04 1.52410353193557e-03 -1.21263373144111e-03 8.10394747816910e-02 1.19859128788933e-02 -8.45817354497333e-03 1.09387314497656e-02 2.02500194118885e-03 1.04240330175920e-01 1.49288933335275e-02 -8.62862823157376e-03 2.98751691608991e-03 -7.18145566883560e-03 -1.29576307581738e-03 4.12988540785126e-03 -2.86784392207091e-04 8.09776756995007e-04 8.78344152911012e-04 -2.17540436462153e-03 9.17751635508836e-03 1.07600188864747e-03 -2.60873757032559e-03 1.63385491204566e-03 -1.04364852999236e-02 1.72182125700346e-03 6.49599583620118e-05 -8.18091131693355e-04 -3.75069110746885e-04 1.78741585651191e-04 5.54935062818942e-04 -3.44116039441863e-03 -4.06270534544781e-03 -1.51643383397072e-01 1.30426004442207e-02 8.96884904701789e-03 3.92726721632132e-03 2.88071660365437e-03 2.20208432527323e-02 7.51971630382129e-03 9.11438162067110e-03 2.56960889389924e-03 2.54406952780368e-04 -1.18301377884816e-03 -3.27480422825229e-03 -8.55917277197867e-04 -2.92841910489434e-03 -1.52054308742429e-01 1.63928529820931e-02 8.45410987847158e-03 4.78960681937552e-03 -3.30940702842643e-03 1.93293413941487e-02 1.06305359314523e-02 -1.00685410028624e-02 1.58600250584514e-03 4.46144139381917e-04 -2.17062108073338e-03 3.29409034732787e-03 -4.32210020847878e-04 -2.09322479784280e-01 1.36651941525503e+00 -3.62162335682707e-01 -2.02825656718718e-02 -1.55724387263716e-02 -3.92511586762246e-05 -1.51917974219836e-02 -1.79461392419348e-02 -1.05007885122946e-03 5.17869403016423e-03 1.68020878603251e-06 -2.76281947291474e-03 2.20360309569586e-04 1.10954234311326e-03 6.71777052556029e-05 2.52011925218244e-02 -1.52534280786665e-02 5.33163132532560e-04 6.23589841826585e-04 -7.80733699129900e-04 1.47799664583092e-03 4.52801041680179e-03 1.29129737632140e-03 5.69120848265102e-04 -5.83991826978184e-04 -6.60687416499910e-05 -8.72945880086243e-05 -8.50203506807160e-04 1.92189633142191e-03 -7.56567830850933e-02 4.47911553199082e-03 1.23158366106877e-03 1.58467873212212e-03 7.17313010277846e-05 -8.55810393985551e-04 2.38335748920904e-03 2.32206805683071e-04 2.42301800285379e-04 -2.01632461529345e-04 5.25207019861876e-04 3.40270104105540e-06 7.87320243680629e-04 -1.86237805157434e-04 2.61942543803590e-02 -1.61173122778658e-02 6.64545140126142e-04 4.57691605745198e-04 8.13719023976475e-04 1.35818487261001e-03 4.48828383596232e-03 -5.19855575494296e-04 5.87517970234229e-04 6.31918002459969e-04 1.34559516886453e-04 4.31811547030530e-04 -5.94509442350799e-04
 -2.96640303886388e-03 5.45805861776732e-03 -2.08735780625406e-01 1.31249776473315e-02 2.16617762251874e-02 1.56156641635152e-02 -2.55644975564766e-04 -1.80764622312907e-01 -1.94084587973253e-01 -7.96781370485371e-03 2.54128103761089e-02 1.66192549758817e-02 -9.54929899611219e-04 -4.81413707771244e-03 -9.33910629278439e-05 3.54959612741005e-03 1.12600383789850e-04 -1.78075007336315e-03 -2.15120388920655e-03 -5.13475390824821e-04 1.83599527899255e-03 -5.71848353630547e-05 1.58959890826433e-03 -9.79949795610977e-04 3.37922851714619e-04 1.20042795449203e-03 3.92412407377234e-04 6.74622918773438e-06 2.09052148303457e-04 -5.47225570755398e-04 1.11446410072571e-03 -9.12797129708575e-04 7.40353852339946e-03 1.41669160489560e-02 2.39088529565124e-03 1.95549903306830e-03 -1.10437786006494e-06 -2.59748129939150e-02 -4.51548121753394e-02 -2.83252254044519e-03 3.36835956681238e-02 1.92993069290796e-02 -6.54131603249062e-04 2.78356714867988e-03 -4.36466176638989e-05 3.22356028590438e-04 5.94831340105152e-04 -2.43539874638066e-03 2.79306345854100e-03 3.65638614686294e-04 -1.44879049258393e-03 4.08261046587396e-04 -2.43485281314874e-03 -2.09334093843652e-04 6.07427154675288e-04 2.92082574845375e-04 1.80211610965778e-04 -2.36698520842537e-04 3.80987762860439e-04 -3.10400617251977e-03 9.04789999433786e-04 3.30337471051806e-04 3.50907067821402e-02 -3.88012824036345e-04 -3.87425180193990e-03 -1.78764122234127e-03 1.82170614128026e-04 1.11173559591815e-01 3.49426080056526e-02 -5.93734860740749e-03 4.87613381772733e-03 -9.34624270584306e-04 -6.54146741407914e-04 -5.01821879460685e-04 -9.48971870414033e-05 3.00840725063933e-04 -6.87328450845392e-05 5.22903063497165e-04 -1.81676303374516e-04 -2.26830951572676e-04 1.06829770293540e-03 1.68068628079593e-04 -1.67852879594831e-05 -4.90059848131471e-05 -4.78418441189066e-05 -1.87884757106054e-04 -1.43693368187604e-04 2.78561106051998e-04 1.73208722030491e-05 -1.98717547609002e-04 -7.10930801274391e-04 -8.42611533805144e-04 1.22160357666052e-02 1.37098564973913e-02 9.87643408295084e-04 -4.31365675643127e-03 -7.46448627473234e-04 3.13228616435914e-02 3.31356700995804e-02 2.55758569231001e-03 -4.80988561036947e-03 2.68488740282985e-03 6.63514967143397e-04 1.49346773181042e-04 -2.42135862212593e-05 -9.22160918766091e-04 -2.62229437509797e-04 1.43096913545145e-03 1.71565586925155e-04 -3.98267403532422e-04 -2.41300370595255e-04 -3.24864717189975e-04 3.37841246141156e-03 3.18213042851967e-04 -7.09389324604189e-05 8.95463069490991e-05 1.39637577548046e-04 -4.23644476442238e-04 -9.65725268228853e-05 9.88840610079402e-04 3.79323215030663e-03 3.02414659116388e-02 1.97833358379076e-03 -1.92409904989653e-03 -1.51327886908041e-03 -6.64966619947701e-04 -4.43579559058979e-03 -2.56604627449265e-03 -2.58584730083020e-03 -5.05925870489232e-04 5.03875261849373e-06 3.81190443709681e-04 7.33074423412605e-04 3.40998551177028e-04 3.57078674269567e-03 2.99560380556024e-02 1.19381758338224e-03 -1.82596352847047e-03 -1.68456903624113e-03 5.75566482345870e-04 -3.72794069541405e-03 -3.43582790958537e-03 2.49123409961916e-03 -3.15048475545281e-04 -2.59138633504020e-04 5.55713170630265e-04 -7.10549102457246e-04 2.28811958500245e-04 5.80895896063307e-02 -3.62162335682707e-01 1.08747280754820e-01 6.12182721675900e-03 4.09395872704155e-03 -7.06648253958706e-05 4.38198293086879e-03 4.20520228008556e-03 1.99575090007289e-04 -1.40635786658646e-03 4.62376962472742e-05 7.76080521923203e-04 -1.34090178779765e-05 -6.69236800014513e-04 1.95786005059716e-03 -2.04954101302535e-02 3.70658111561523e-03 5.40064054610129e-04 1.24737729491487e-04 4.22126873559227e-04 1.82733046947472e-03 -1.76557819119017e-04 1.96172546674579e-04 5.98946276310212e-05 7.04517649215136e-05 -1.19445406588422e-04 -2.76986915449953e-04 9.39148272575869e-05 2.32472598397530e-03 6.22888000985240e-03 -5.28007819294529e-03 1.39860646240024e-04 1.09801919488658e-04 1.92195606820234e-05 1.51722271649484e-03 -2.03860952466705e-04 -1.45994706363385e-04 -1.14173296116720e-04 2.58605389767935e-05 -1.91211104600559e-04 -5.33099067305281e-05 1.91861416487949e-04 2.21137299472344e-03 -2.29847460338464e-02 4.57767031013144e-03 4.55205133365559e-04 1.89833541592865e-04 -5.05149064033153e-04 1.70977666394987e-03 -6.18911869290369e-05 -5.93166439817608e-04 9.84146736489533e-06 -3.98631091594876e-05 -2.39235824925900e-04 1.85860154791341e-04 1.11055043684726e-04
 5.28765775245764e-05 3.46068219076627e-04 -1.27682831236016e-02 1.18079545802246e-03 9.61822423979748e-04 1.18741682478265e-03 -4.16500653966736e-05 -6.92702264709830e-03 -1.45041129572611e-02 -3.23717439563400e-04 8.91667584149786e-04 1.56489836369361e-03 -6.73866748923957e-05 -1.90527121484976e-04 -4.54627079260778e-05 2.73119816948490e-04 3.53666399308472e-05 -1.53088629479041e-04 3.41024946773064e-05 -6.98174168535188e-05 1.72906001386771e-04 2.67585306874648e-05 5.13002724308812e-05 -9.35332402682044e-05 3.18394906921948e-05 8.51840129012491e-05 3.03797540175589e-05 -2.11098808125479e-05 7.64840875699897e-06 -4.71581659850151e-05 1.87169584142765e-04 1.72375985393722e-05 -1.90854115609071e-03 7.49741122775228e-04 4.07005738390216e-04 -2.09619921659074e-04 -6.51123736170242e-05 -5.95740632219976e-03 -7.07594340026239e-05 6.75831594636882e-04 2.95513347215858e-03 2.96051125301954e-04 -2.67698195283777e-04 1.83361775556288e-04 -7.29865271943229e-06 4.65668312025418e-05 6.06966135081589e-05 -2.23421271180897e-04 2.21685959949112e-04 -1.50230077083101e-05 -2.97581103890482e-05 5.57942443165598e-05 -1.28463868972042e-04 2.09565638004034e-05 1.45344832405959e-05 6.18050871793433e-06 2.86569903388446e-07 5.76710627167923e-06 2.63686892810885e-05 -1.46819769692942e-04 7.59110319294987e-05 1.34727588478130e-05 9.53367646924811e-04 2.05932073873909e-05 -1.78073137893202e-04 -6.09038821549684e-05 1.30467106489150e-05 3.15276595676237e-03 -4.83814402031983e-05 -3.80475601214717e-04 3.42892861605081e-04 -9.77837780724298e-05 -5.49655652747971e-05 1.62112814086354e-05 -3.48481344861913e-06 3.26644182102913e-06 1.63420368890178e-06 7.66773682989836e-06 1.52978042690694e-04 -1.95028053394515e-05 4.44802205392097e-05 3.54309400778278e-05 -6.05620981780171e-05 1.45282316135683e-05 -1.27759161338765e-05 -7.62127749107916e-06 -8.93411556525854e-06 2.01903039632835e-05 4.19760664234800e-08 3.01585710591616e-05 3.36467316019229e-05 -5.81741040543337e-05 9.95469500122264e-04 7.41146625632631e-04 -1.29344804833109e-04 -1.87860955999147e-04 -1.23644278866060e-05 3.03517226326353e-03 1.34373937640688e-03 -2.09129487218713e-04 -4.27113768201506e-04 3.22582255678550e-04 7.93300895238630e-05 6.73256846322572e-05 -8.53228818201880e-07 -3.21862069112132e-05 2.07051655951565e-06 3.43056922232628e-05 2.89715965367747e-05 -1.14771803711646e-05 7.94298322273224e-06 -3.03883596118185e-06 1.28391987149186e-04 2.19918690533062e-05 -3.47974302754171e-06 -1.16120588837217e-05 1.85113047441675e-06 -2.77757690330820e-05 -4.00862295705598e-06 2.76866406417169e-05 -2.01332640036963e-04 4.47991489143122e-03 -5.40509445670195e-04 -8.18397707288349e-05 -6.90078911686516e-05 -9.28356780927317e-05 -1.67088124389357e-04 -1.72962871053543e-04 -2.07398609674492e-04 -1.44538829154321e-05 -1.00762156566029e-05 3.74404570161760e-05 2.99543453289143e-05 1.78691688322826e-05 -3.21976990263534e-05 2.92870436919969e-03 -2.46816316616753e-04 -6.67029480620293e-05 -1.14017714897223e-04 6.70856193736115e-05 -1.11130172664421e-04 -2.79141912515263e-04 1.66040349644753e-04 -6.58851935624832e-06 -2.24960342242656e-05 4.46182672830556e-05 -1.96774227481665e-05 2.02053503635456e-05 3.18452188984003e-03 -2.02825656718718e-02 6.12182721675900e-03 3.85475102482162e-04 1.81206961558384e-04 -5.10315585433373e-06 3.49285538080404e-04 1.65474683222778e-04 1.30324040062358e-05 -7.70943155749328e-05 4.24130795969587e-06 4.39728779427556e-05 -2.96348789042953e-07 -6.60876686591885e-05 6.71283707827871e-05 -7.13438307571140e-04 2.35153660899239e-04 4.30154985717089e-05 7.67646520762083e-07 1.97730460701076e-05 1.28514394717879e-04 -2.40918542141250e-05 -2.47825190669461e-05 8.40476973494329e-06 6.79184523609613e-06 -4.24140716063715e-06 -1.51541362431637e-05 4.26304943794601e-06 2.59640867215240e-04 -1.29089094253583e-03 -1.14680281029714e-04 6.29548598747729e-06 2.90772012798401e-05 1.87769409012788e-06 7.02469949544903e-05 5.31362031314669e-05 -3.59732374714095e-06 2.05476635446677e-06 1.98852440478993e-07 -9.70518644395360e-06 -3.40822794621099e-06 1.86995512174966e-05 1.73565519511942e-05 -5.60177891687375e-04 1.96897410078286e-04 3.78729994543720e-05 8.39504351288036e-06 -2.49292253213298e-05 1.23810179020811e-04 -2.67763320859162e-05 -1.46484409664905e-05 5.10094115241460e-06 -5.77805552858736e-06 -1.24351796920976e-05 1.35421462537478e-05 3.62733047374254e-06
 6.34068951028270e-05 2.08812449712069e-04 -8.61601664285705e-03 1.46327305478742e-03 1.28211016023078e-03 6.58759016032224e-05 9.06740328227287e-06 -1.34605283318624e-02 -6.13405833599564e-04 -1.31659388486934e-04 2.02442930839093e-03 -4.84176776208281e-05 -1.16081671026303e-05 -3.37448045988432e-04 5.98223413469633e-05 7.63739214865300e-06 -4.94145362777919e-05 4.25918518896862e-05 -3.44717863745751e-04 4.92789540804163e-05 -3.93085193634359e-05 -5.06268772937498e-05 1.26041672491765e-04 1.23244532145077e-05 -3.25307721955360e-06 3.80149032361173e-05 9.14227914903040e-06 3.26168264349492e-05 1.74652293898548e-05 4.59116070463885e-06 -1.21361170474362e-04 -1.06434093244604e-04 4.49204918775504e-03 2.53783599028950e-04 -2.69484489584877e-04 1.94197088409408e-04 4.83385478587738e-05 6.07646296614459e-03 -3.64293371756494e-03 -1.19060791220452e-03 -1.21788241698340e-03 9.82261721325283e-04 2.96871818650584e-04 -1.45207355317197e-04 3.25311050913336e-05 -2.22954251926675e-05 -3.70275691469491e-05 -1.32577978158291e-05 -2.37742720057362e-04 7.34138741706396e-05 -8.26456378579379e-05 -6.00842549585102e-05 -4.52081226474198e-05 -5.87664708676528e-05 4.18816971171702e-05 2.98903307629046e-05 2.37561352716467e-05 -3.81272416818472e-05 -2.11980092108605e-06 -9.31464212619811e-05 7.44824551485950e-06 -2.10122854556757e-06 4.27061395568603e-04 -1.60624668844111e-04 -3.60576580161381e-05 -3.99114194752422e-05 -3.61680427757085e-06 2.25096867931875e-03 1.24502030422120e-03 1.05864842887208e-04 -2.01669100183629e-04 3.01083333045940e-05 3.30579907229548e-05 -4.59382527224033e-05 -1.08120765154688e-06 1.21392085885478e-05 -5.63914273301002e-06 1.89888012239630e-05 -1.41296615717082e-04 1.12530553470960e-05 2.74749299028928e-05 -1.45951224410721e-05 -1.91227057402058e-05 -7.14018878636304e-06 8.30414118662765e-06 -6.85929261517257e-06 -6.49932945169196e-07 -3.88091942184346e-06 1.69495210682070e-06 -4.07901446265580e-05 4.09044130182085e-05 3.14894978057583e-05 -1.45908558986977e-03 -5.33241855704281e-04 1.71173359436651e-04 -1.16064474229850e-04 -2.65671362394563e-05 -1.72526305824252e-03 -1.08960290553224e-04 2.83277565688144e-04 -1.02056903702963e-04 -1.88591710145642e-04 -4.43671019687613e-06 -8.22554421818607e-05 1.00087423184043e-06 -2.75461823044852e-05 -2.43334660275600e-05 7.12306727487024e-05 -8.44491945398618e-05 -2.67019306879314e-05 -3.86446040928489e-06 -3.44509362577394e-05 1.94073986760261e-04 -1.40963448880965e-05 -1.51827070373765e-06 2.49327626542677e-05 1.03080896902723e-05 1.32072111816745e-06 -6.61170726295999e-06 6.22797379700417e-05 1.10629549975717e-03 -4.93176371812986e-03 1.56455864914965e-03 -1.25630268441758e-04 -9.66957527510637e-05 9.77397794949976e-05 -3.47266128742592e-04 -5.31451830437218e-05 2.96671114446113e-05 -4.35019556595090e-05 1.93034244711068e-05 -1.46569967837095e-05 4.99358027931011e-05 1.31477952958428e-05 8.19452474031524e-04 -2.66517953543148e-03 1.02768278412487e-03 -1.43530734512271e-04 -4.09195076840418e-05 -6.99783394198781e-05 -3.50187355464621e-04 6.40691484989956e-06 2.71838342280528e-05 -3.02602538435907e-05 1.26823688960954e-06 -3.75010251200277e-06 -6.33663755069481e-05 -5.27114992434539e-06 2.59261250917968e-03 -1.55724387263716e-02 4.09395872704155e-03 1.81206961558384e-04 2.55758568337824e-04 1.81148505971653e-06 2.18909831890552e-05 3.08179360834330e-04 9.51870555985138e-06 -5.92881630453289e-05 -2.21485153744732e-06 2.98675551739189e-05 -2.75424235228911e-06 2.88134726662072e-05 7.17625168417906e-05 -6.28082731137976e-04 1.21243156573548e-04 -1.37524686598410e-05 -3.24202447380130e-06 8.61407323960720e-06 -3.45289542043603e-05 -3.84979135281264e-05 8.86897808622771e-06 -7.45724793852873e-06 2.29290273104577e-06 7.37447124561545e-07 -2.43242096191477e-06 9.42984055003782e-06 -2.13530739958207e-05 1.49663320579955e-03 1.51064370507048e-04 -2.87589581770854e-05 -2.43477760521294e-05 1.68298523752574e-06 7.77145999057808e-06 -6.45823485889512e-05 -3.28737212944470e-06 -3.60715393840060e-06 1.80213666406812e-06 -1.57967855170131e-06 2.04393738158007e-06 -1.69827662431192e-05 1.38952848486079e-04 -8.57802986154894e-04 2.09042771205207e-04 -1.37850640014703e-05 -5.02704750050297e-06 -9.40985881923489e-06 -2.90276457981660e-05 -2.77105117057481e-05 5.53128210383877e-07 -8.05309495166767e-06 -2.82361527622836e-06 -7.91654599980508e-07 -3.67822873068036e-06 9.55088332193608e-06
 -6.63139737879505e-06 -8.89001236334513e-06 1.76155484744502e-04 1.34987059490126e-04 -1.98296540501012e-05 1.75304527925559e-05 -1.05359806804159e-03 -1.75234030471768e-04 4.82823834339356e-05 1.00625972362053e-02 2.02833698219596e-05 6.75991864727451e-05 -1.60090193832772e-03 -5.13964340126230e-05 -2.25356795614652e-04 -7.99252481655449e-05 -6.19292431266544e-06 -9.81189338164617e-06 -4.54324687506380e-05 -9.54674946963995e-05 -2.60774000480241e-05 -1.19330370878077e-04 -1.36815379449413e-05 6.64429570269780e-06 -2.20128689172166e-05 1.33725220864006e-06 -1.66520539694119e-05 -1.51112097242848e-06 1.46331593276224e-05 2.95553867934683e-06 -3.31425487434658e-05 -1.60306124194932e-05 7.85108704569849e-04 -2.50332914244111e-05 -7.76129863048454e-05 5.18440598371047e-05 3.17954624880131e-05 1.53300387276221e-03 -6.50394509943490e-04 1.05753015029468e-03 -5.49967332831138e-04 1.42841416048881e-04 -3.53837874992741e-04 -6.09104766884057e-05 -7.00847032642709e-05 -4.22378337264898e-05 9.53636695243084e-05 1.98194033416323e-05 -8.89949401787120e-05 -1.28387138089067e-04 -6.75829222739711e-05 1.25552704191211e-04 5.68835032203446e-06 -1.85581024080084e-05 -3.88769471912078e-05 1.46628462156873e-05 -2.18457732009910e-05 -2.33901137304325e-05 1.59578335778309e-05 -2.97428948637661e-06 -6.64788823592686e-06 -1.23677095403706e-06 -4.60572878662655e-05 -2.15032855770414e-05 1.34972132211572e-05 1.53936922783203e-06 2.44214159079928e-06 -1.58527521209747e-04 2.97207380274998e-04 -9.20463284425842e-04 -6.41814910308983e-05 2.81060055342834e-05 -7.96895210226432e-05 -7.42858941840126e-06 -9.51017578451549e-07 8.35056890134011e-07 -4.89812694444275e-07 1.74520344899388e-06 -3.63981598198387e-05 3.44791965023196e-06 -2.66459593389738e-06 1.62288076058251e-05 6.81601073389893e-06 -3.71998429995916e-06 -4.18625674424006e-06 1.20702233879390e-06 -2.06381776618817e-06 -4.86369641030239e-06 2.10679674022937e-06 -8.96473783490972e-06 1.07446466471657e-06 1.09401400440703e-05 -3.12171832580203e-04 -2.15981204118686e-04 3.44216516438464e-05 1.67448263096069e-06 3.06077229818020e-06 -6.47296998746991e-04 -1.75609635271008e-05 -9.41762979521942e-04 9.19286885203488e-06 -6.42649361325723e-05 -3.31805736848869e-05 -1.75330700502284e-05 3.13968766495381e-05 2.74276078089677e-06 1.54302976846983e-05 1.17334103540882e-05 -2.05964389731926e-05 4.54784129763549e-05 1.29269371441661e-06 5.08361311745406e-05 2.87065333097814e-05 -7.28724422569012e-06 -8.12060647050072e-06 6.20797704876483e-06 -5.31747082232103e-06 -1.84224299537456e-06 1.01541177082643e-05 5.98395578381683e-06 -8.62399641807768e-04 7.77770928553155e-03 -1.73091409658151e-03 -2.55019258608140e-05 1.45092448081630e-04 -4.17835388630004e-05 -6.56372886187268e-05 2.57658466487799e-04 1.27668694306206e-05 -1.32027480221839e-05 -3.48471317435829e-05 -1.88573458623896e-05 1.18580570436008e-05 -3.07091491184802e-05 1.10157518676659e-03 -9.47192502506060e-03 2.12787009330500e-03 -1.34788493360862e-05 -1.21554767238108e-04 -1.16729347473725e-04 -5.25566199289739e-06 -2.18336249344724e-04 -1.05048944359238e-04 -5.15776753319226e-06 -4.57641924796844e-05 -1.43760110643123e-05 -4.00384801251106e-06 1.80306996384286e-05 1.66615699519555e-05 -3.92511586762246e-05 -7.06648253958706e-05 -5.10315585433373e-06 1.81148505971653e-06 1.06290521899490e-04 -1.23942257406219e-05 -6.47070418406834e-06 2.39704248742234e-04 2.23575676075265e-06 -3.00336695517607e-05 -2.43165548772889e-06 -3.23488943562949e-05 4.72185687563307e-06 2.31112970080681e-04 -9.15352375057639e-04 3.18381806302701e-04 -6.35596710368589e-07 -1.76070506685205e-05 7.42167508553777e-06 1.79256985706711e-06 2.21623279601365e-05 -3.43767850519926e-05 -6.47914949329314e-06 -8.37911279534142e-07 -5.14616425865608e-07 6.64716982087792e-06 6.98852902663495e-06 -2.85009574705781e-05 3.45858143027427e-04 2.91677394652915e-05 -5.65803822021349e-06 -4.53911204092257e-06 -1.41122727247450e-05 -7.32619319375537e-06 -1.09985089785018e-05 -1.87470568915462e-05 -2.39735398008790e-07 2.46961699306163e-06 1.56792208379591e-06 -1.35121391403843e-06 -3.95969083319782e-06 -1.91144389246469e-04 8.16834724375082e-04 -2.98592587283738e-04 -9.65310987837919e-06 1.29428449518427e-05 1.33710865241129e-05 -4.34304336008228e-05 -1.94415074585887e-05 -2.94359046130143e-05 4.18585173569615e-07 -2.41074618557767e-07 8.42866463193792e-07 5.93703587795039e-06 -4.02523361670426e-06
 4.23100206482905e-03 2.76477137141361e-04 -7.88554937265320e-03 1.57918903248986e-04 4.96318086323871e-04 1.72115038420956e-03 -2.32041895470125e-06 1.62470686419355e-03 -2.04680133570577e-02 -9.55960198962829e-04 -2.20415589402225e-04 2.57448240987316e-03 2.71156136093035e-05 -1.97627161901540e-05 -9.23991820716401e-05 4.15697120962436e-04 9.72705743464774e-05 -3.35543440888467e-04 3.84474742434366e-04 -1.35860256029468e-04 3.54889633623334e-04 1.14476428877248e-04 -1.69094033766180e-04 -1.50765173419976e-04 3.70980966757225e-05 5.31939209796333e-05 2.78569154466368e-05 -8.08148408251551e-05 -2.40377621358650e-05 -7.05188370795321e-06 -1.48477884210633e-04 1.92901671172915e-04 -1.82946983306914e-03 -1.90423125239697e-03 4.66371619275491e-04 -2.10350289707342e-03 -3.21768293265174e-04 -1.00660581154618e-02 1.26587496759001e-02 3.12984148138107e-03 4.21438877163744e-03 -4.30522192122766e-03 -1.02201626373787e-03 2.77624117918035e-04 4.54647147247176e-05 -8.22525222435685e-06 1.09012111974031e-04 -5.60027237045787e-04 4.06473418708824e-04 -6.42678677352454e-05 9.57574364022726e-05 1.08197219468744e-04 -4.38218168079330e-05 4.47357803779418e-06 -2.06474217658798e-06 -5.03263486986201e-05 -3.05980369316274e-05 3.48546120396013e-05 1.79131184939711e-05 -1.61183471579522e-04 -4.19434828028829e-04 -4.12901738535662e-05 1.64379966331396e-03 -8.18079884958707e-04 -2.16331173553441e-04 3.18576262400465e-04 6.22284287537436e-05 2.85934605051695e-03 -1.29264999211374e-02 -1.54496274404020e-03 5.47830444918822e-04 4.90286175533219e-04 -1.60806506033327e-05 4.60112576148679e-05 3.66285905249435e-05 -1.04015936237369e-04 5.81240204865554e-06 -1.85597768971084e-04 2.78236419153372e-04 4.33438083652997e-05 -1.59660116195957e-04 5.71628214072485e-05 -4.62051109944520e-04 1.19380222610783e-04 -2.65409412571728e-05 3.09341187635223e-05 -4.49098302391709e-07 2.66594627684728e-05 1.78946386705888e-05 5.98355348226077e-05 2.25905281151594e-04 9.19915910716819e-06 -2.19259838569289e-04 1.80941678449616e-03 -2.35241154224728e-04 -2.70792692292992e-04 1.18088618374182e-05 1.02294385786453e-03 2.32632648892333e-03 -1.89996067120381e-04 -2.34429465421512e-04 7.19199708273595e-04 1.25355877063100e-04 6.34903071839343e-05 1.83932845748881e-05 -6.32925892367958e-06 2.02885062507203e-05 -6.66479219405061e-05 -1.33670205264058e-04 2.34372513971265e-05 1.01194042323738e-04 1.91459033045605e-05 -8.93635007103584e-05 -3.62288877868378e-05 6.41251836093287e-06 -2.71588126600319e-05 -1.38156731641517e-05 5.98022628064080e-06 5.97982649649566e-07 -5.25609117638123e-05 -1.52614285917515e-03 1.18315250272501e-02 -2.38608191759566e-03 -2.44623567620573e-06 -7.24064271487715e-06 -2.38406803127670e-04 8.35030905189634e-05 -2.47185600802620e-04 -3.67085014550725e-04 1.37667101518762e-05 -2.65312215882681e-05 7.94466090902463e-05 -9.59815132156435e-06 7.61183217771560e-06 -1.12617404181392e-03 8.70989676545289e-03 -1.69585862981248e-03 3.95120301747893e-05 -1.12001724134100e-04 1.88244018657626e-04 1.70076082460113e-04 -4.25501039111238e-04 2.59878633997382e-04 1.05436753017037e-05 -3.38750847648019e-05 7.57048750636950e-05 3.88441124018009e-05 2.53202728520825e-05 1.78806347335912e-03 -1.51917974219836e-02 4.38198293086879e-03 3.49285538080404e-04 2.18909831890552e-05 -1.23942257406219e-05 5.79530642074916e-04 7.19901775878913e-05 -7.31524934413341e-07 -7.05702877556528e-05 8.01474485003213e-06 4.23493114247612e-05 1.25355726216697e-06 -1.03809684273482e-04 1.61442520037458e-04 -1.53768269468962e-03 7.69721595706834e-04 1.49887216493493e-05 -2.25291230403696e-05 5.03563285649670e-05 4.67795908738540e-05 -7.19575566147928e-05 -3.43206822745047e-05 2.11095249317711e-06 2.06615857049277e-05 -1.19683864825902e-06 1.12059223002042e-05 1.52629130146256e-06 -3.03425659842661e-04 -2.59152798118061e-04 -1.23149298945097e-03 5.59416757042821e-05 5.93845159780141e-06 -9.34146168601452e-06 -2.59487552816364e-05 1.45477656095285e-04 1.13890954179782e-05 4.61639699980491e-06 5.29756684090441e-07 -1.19531528716500e-05 -5.33843517728535e-06 3.22837703931091e-05 3.33853469563131e-05 -8.16138108865678e-04 6.05762683632533e-04 2.56969874303525e-06 -1.42123688509968e-06 -4.95222971938481e-05 3.89665836525991e-05 -7.35563589692632e-05 -1.77712381698167e-06 7.08661845038736e-07 -1.74827706877163e-05 -5.67409945825195e-06 -9.49216214969791e-06 -8.28092692833455e-06
 3.46088948436059e-03 2.17933062535490e-04 -8.24977104599920e-03 1.00273113850606e-03 1.83047057457236e-03 -4.49138211994963e-05 1.02066516034959e-04 -1.67779433361343e-02 6.18439500634333e-04 -1.25667225230885e-03 2.91924586533993e-03 -1.44477989391876e-04 1.59222811072178e-04 -4.53423391321264e-04 1.12073912795308e-04 -6.44966636826548e-07 -6.04903989703386e-05 6.32534353706867e-06 -3.98439029110405e-04 7.67535694780611e-05 -1.60456328945970e-05 -2.22234871412625e-05 7.95689667624381e-05 1.46634687104699e-05 -1.09967685535697e-05 7.29107483057022e-06 4.50773995737637e-06 2.98570783180481e-05 2.25951778242599e-06 6.22246201385350e-05 -5.69693177997275e-04 -8.28419820893740e-05 1.09523735191234e-02 -2.24230621975492e-03 -6.79741639700237e-04 -1.09264841733234e-03 -5.80203375614925e-05 1.17310199640740e-02 2.88353843487492e-03 -1.57686630061824e-03 -2.53014450277858e-03 -1.96819476128223e-03 1.66683363338701e-04 -1.77471375261184e-04 8.40949430120882e-05 -1.19557108674238e-04 -5.14659166298160e-05 -2.15513592226935e-04 -3.04582151835594e-04 6.08892756700771e-05 -5.01964936516751e-05 -9.55037851314402e-05 5.34219615081230e-05 -1.48902554728712e-04 6.94551943706438e-05 1.38420023403545e-05 3.35919008964356e-05 -5.70668230695442e-05 -1.45382218247661e-05 -1.37955024373537e-04 -2.55229721224643e-04 -6.19798002401184e-05 -4.57971511840777e-04 -1.00191148299980e-03 -9.21592644492940e-05 2.81724515241873e-04 5.27897480141243e-05 6.16397737634456e-03 -8.72042578040131e-03 -1.87177005918511e-03 -2.67319182665080e-04 5.32120263678108e-04 1.32397579595038e-04 -9.77729498556127e-05 4.75423438774590e-05 -6.43618058390532e-05 -1.13203364847017e-05 -1.26588965135333e-04 -3.33000193185516e-04 1.24901837211205e-04 -1.26162179288393e-04 -3.56579417237052e-05 -3.71171738933239e-04 6.79954351733839e-05 1.36012001824761e-05 1.84236984731395e-05 1.07309502551391e-05 -1.05318016085287e-05 2.63857223694701e-05 -9.07022913919371e-05 -7.10134563560322e-04 1.35618153447958e-04 -4.28357224653560e-03 -4.33938586835412e-05 1.86394967436549e-04 -4.29592345128131e-05 1.13340787934326e-05 -4.26821650328597e-03 -1.43421858322438e-03 1.24073351894826e-04 -1.17751698742268e-04 1.60775819410214e-04 1.09895721021255e-04 -1.47927402832541e-04 3.32350620786983e-06 8.82646274562210e-06 -3.07165833832790e-05 4.47178195291825e-05 -2.57961857322110e-04 -3.41331914745222e-05 7.89272745742499e-05 -6.20199199947472e-05 1.76072137078598e-04 -7.85651759483753e-05 2.90077860658063e-07 4.69967086860273e-05 1.31244348267413e-05 3.91703812272644e-05 -9.97723872935776e-06 5.77259393310241e-05 1.36769788629507e-03 -6.71289688661871e-03 2.21613829984390e-03 -1.44647157878162e-04 -1.32882419416426e-04 1.33360475297007e-04 -4.00780369481390e-04 -1.20882584984703e-04 7.57037071663630e-06 -5.54657044863913e-05 3.66616494815245e-05 -1.09772061923757e-05 5.20056205206710e-05 1.53925992778767e-05 7.54353786206764e-04 -1.78449185806415e-03 1.06191541617502e-03 -1.71949941903152e-04 -2.75874731589317e-05 -7.83265186955606e-05 -4.11435042474724e-04 1.23809053815702e-05 5.98045009216957e-05 -4.50424088077116e-05 1.39647743454788e-06 -4.98730483931816e-06 -7.05011041897372e-05 -1.50116785369476e-05 2.63531410329884e-03 -1.79461392419348e-02 4.20520228008556e-03 1.65474683222778e-04 3.08179360834330e-04 -6.47070418406834e-06 7.19901775878913e-05 4.90106235278820e-04 -1.39332662549337e-05 -8.23424616099242e-05 -1.58055360040381e-06 3.88195447329123e-05 -8.27106739341512e-07 5.52749400254540e-05 1.24332976547506e-04 -9.01077349333762e-04 3.54626393673189e-04 -4.82662167929324e-05 -2.46938415799886e-05 1.31018603717332e-05 -1.30015826825736e-04 -1.13907785359193e-04 -1.40464071380894e-05 -1.85478075833805e-05 7.39173995381205e-06 1.23823231830008e-05 1.50642535299321e-05 1.43021275394920e-05 -2.04343343099418e-04 1.59224467801367e-03 -2.79047888821293e-05 -5.72252826395030e-05 -5.55326579014534e-05 -1.68054814897574e-06 -1.22339451983105e-04 -5.49036663806923e-05 4.15370725013836e-06 1.53646696835262e-06 2.19938666101730e-06 3.86341461135218e-06 3.68599832599704e-06 -3.18057078713857e-05 1.68535079675892e-04 -7.91515314561875e-04 3.65517203409689e-04 -4.43508524035705e-05 -1.88215744194487e-05 -8.58962385815892e-06 -1.09355629683103e-04 -8.74367422910684e-05 3.40827738239811e-05 -1.62566054121661e-05 -8.83518710601830e-06 1.35213064489029e-05 -2.01645964506784e-05 9.06449789440888e-06
 2.27147145120193e-05 3.14056565469512e-06 -4.70944205708997e-04 2.39567658381503e-04 -5.71921991410202e-06 1.04106584759020e-04 -2.31354212068531e-03 -3.51528900795920e-04 -9.51436631631416e-04 2.27225455115979e-02 5.57420595649710e-05 2.43879617466551e-04 -3.69327476437773e-03 -1.09905489749413e-04 -4.81043371200763e-04 -1.49405708635592e-04 -3.81229553985953e-05 -3.27760224825899e-05 -6.91891513988057e-05 -2.13030709333926e-04 -3.22172035686487e-05 -3.41532407427015e-04 -2.93031185820417e-05 2.28006177040898e-06 -6.57745453172847e-05 1.44772320489430e-05 -4.78592467788426e-05 -1.48288086339984e-05 4.13175742069693e-05 -7.94876160263459e-07 -6.26059787772179e-05 -3.26924891894995e-05 1.66557325816982e-03 -5.20100364656681e-05 -1.38172942631548e-04 1.15640194539737e-04 -7.65878024818708e-05 3.03866863055982e-03 -1.92555156605843e-03 5.99417159640890e-03 -9.16717543765442e-04 3.77084809108900e-04 -1.15304675736825e-03 -8.12511286483894e-05 -5.93169762747070e-05 -6.69415061205262e-05 2.12099757725915e-04 4.03025236647059e-05 -1.21628701374322e-04 -8.40248366061986e-05 -1.02066079532574e-04 2.78891071579848e-04 3.69825712641229e-05 -3.19758187158821e-05 -7.97525416068775e-05 5.16139252303288e-05 -8.19941109785511e-05 -5.22187093772083e-05 8.17496664723606e-07 -1.78970967826210e-05 8.85011064035344e-06 -3.59000122658810e-06 -2.81528265627140e-04 -3.46709171941090e-05 -7.55247639291801e-07 8.57205279588554e-06 -6.13909376766685e-05 8.01917320700128e-04 9.32423954675690e-06 2.14838994011627e-03 -9.96059571268815e-05 5.77535391812452e-05 -3.05277653609818e-04 -2.29073833224867e-05 -5.78394468594198e-05 -1.04988835390204e-05 -2.65942336570025e-06 -2.96086544799765e-06 -8.92399316751344e-05 -1.26787921768583e-04 -3.24060159172357e-05 3.34756646975587e-05 -1.11682598043171e-05 -2.38069430468328e-06 -8.70618665801305e-06 9.60463919215092e-06 -1.37066605213568e-05 -6.64973054726502e-06 -2.09682309289980e-05 -2.22991796958514e-05 -1.12304118751981e-04 1.21607813759302e-05 -3.92899917256783e-04 -3.34071631408738e-04 2.33112071259838e-05 3.17396854090142e-05 -5.43755777635253e-05 -5.38939538874558e-04 -3.49561470763290e-04 -7.77122437101930e-04 -8.87631711603453e-05 -1.51229568522533e-05 -3.24063034466408e-04 -2.36115222835677e-05 6.81958883848364e-05 4.46360727185019e-06 6.38777674232017e-05 2.98839096099158e-05 -3.94434829714653e-05 9.42403777341608e-05 -9.07746995584648e-06 1.95903018471853e-04 7.75106750923183e-05 -9.25291987947085e-06 4.62109125362637e-06 1.01616900226842e-05 -2.78011218447530e-05 -7.82092045236991e-06 3.19337718081252e-05 2.01367041628474e-05 -2.03732599888785e-03 1.77172002865509e-02 -4.01499727129175e-03 -6.59181565879872e-05 3.27478394021365e-04 -1.01999472030287e-04 -1.44482649313169e-04 5.60920112559764e-04 3.20891352996763e-05 -3.22649331553753e-05 -7.73909035948527e-05 -4.10414781157834e-05 2.73156841847317e-05 -6.91674690776858e-05 2.53063944837350e-03 -2.08971536606109e-02 4.85075152034656e-03 -2.20132245151025e-05 -2.87202419580126e-04 -2.60814907547101e-04 5.85398374236985e-08 -5.15773131894017e-04 -2.04282837801763e-04 -8.01030988801213e-06 -1.06319619775042e-04 -2.81143612097432e-05 -5.87196646143163e-06 4.48988697927094e-05 1.90499744456471e-04 -1.05007885122946e-03 1.99575090007289e-04 1.30324040062358e-05 9.51870555985138e-06 2.39704248742234e-04 -7.31524934413341e-07 -1.39332662549337e-05 5.64192539413035e-04 2.10000807573703e-06 -6.48734494125757e-05 -1.63764764878327e-06 -7.93078886282006e-05 3.57308357657218e-06 2.79842976586245e-04 -9.17503050251570e-04 3.12655221099582e-04 1.50285098120070e-05 -1.22761343124817e-05 2.66362169725861e-06 3.66905779079704e-05 7.23552394843593e-05 -6.35771935806729e-05 -7.81719135596008e-06 -6.87227102962384e-06 -3.00076350648303e-06 9.48341957522548e-06 8.73136324190160e-06 2.39963583500157e-05 1.19789234366289e-04 1.37909660358477e-04 -1.54936009743127e-05 -3.88722400661407e-06 -1.46602241103580e-05 -1.12745677137705e-05 -1.97331555443588e-05 1.12127776594157e-05 2.87849968841153e-08 3.97550434164581e-06 1.54243438578649e-06 7.38205247295672e-06 -5.66262579037877e-06 -2.50580596155802e-04 1.03858541913956e-03 -3.80588401523482e-04 -2.22484550597102e-05 8.40905599520380e-06 1.78096501877712e-05 -7.54874619890670e-05 -7.26018697795317e-05 -4.84996869859947e-05 -1.96053943541882e-06 -5.38059487390575e-06 3.19869806543339e-06 1.29606466972404e-05 -4.10462696699343e-06
 -9.25337651671048e-04 -5.75325568372362e-05 2.03324973448748e-03 -6.30875759732987e-05 -3.69516417610797e-04 -2.25652442386459e-04 -9.89588141265349e-06 3.05224365082737e-03 2.63219692821611e-03 2.77787345963899e-04 -4.83408066908076e-04 -2.67154631337593e-04 -1.89076321344107e-05 8.49789773755296e-05 -4.41289543524641e-06 -5.02403382639451e-05 -1.43923850096187e-06 3.13786679904751e-05 4.41970491344060e-05 3.56275068196541e-06 -3.07024569563677e-05 -6.17502509567061e-06 -1.47244853389483e-05 7.79223841061381e-06 -3.09776672759919e-06 -7.56188690825856e-06 -3.64956557415110e-06 -5.31144043615755e-07 -3.48626365108727e-07 -6.04333090369569e-07 1.20261687463345e-04 1.02057680283956e-05 -1.35139144924160e-03 2.91123866526551e-04 4.99432558650243e-05 1.87899042422251e-04 1.01011232230588e-05 -5.25368240032582e-04 -4.72805799389798e-04 2.25720656518757e-04 -1.84939889811711e-04 2.30029282098199e-04 1.79864598995264e-05 -9.57392469366295e-06 -5.71216865738463e-06 1.55520984127241e-05 -2.54008196670896e-06 6.82476409311567e-05 -6.71998872126829e-06 5.65008646569208e-06 1.73821014523363e-05 2.43314264537208e-06 1.91072582390075e-05 2.03545507402837e-05 -1.19378158287421e-05 -5.70224824069252e-07 -4.41739484181663e-06 4.29597497504818e-06 -4.45828353040874e-06 4.69471411991296e-05 -1.92387448815069e-05 5.52672217869134e-06 -3.03176829332300e-04 1.55033702824922e-04 4.82433070995521e-05 -3.42768774547388e-05 -1.39594064091977e-05 -1.50264431004612e-03 1.24712331904408e-03 5.46387750763551e-04 -3.49888498407991e-05 -7.56359395108006e-05 -1.40277225293856e-05 1.06830911534962e-05 -8.93175945951979e-06 8.88537412195586e-06 1.24320071420894e-06 1.79906407144697e-05 1.79574934717435e-05 -2.03020945244455e-05 1.15890948433661e-05 -8.50494884158953e-07 6.03262891769047e-05 -1.19435328844233e-05 3.35266754374548e-07 -1.58356894628598e-06 -4.25468856250655e-07 -2.15206179742251e-06 -5.00735334443740e-06 7.10108086075865e-06 -5.40951236672218e-06 -1.46786709177172e-05 5.86377531664084e-04 -2.15392366230599e-04 1.47330675329594e-07 7.09679709021777e-05 1.19754286146134e-05 2.42714792060481e-05 -3.57287232211450e-04 -4.58417670316531e-05 8.61761792407279e-05 -4.97717108101678e-05 -2.14206555204974e-05 8.53165057784795e-06 1.06370974840228e-06 9.92830819972400e-06 6.24616494004547e-06 -1.49603093106894e-05 3.03443083206090e-05 5.75887905317337e-06 -9.36683946275657e-06 1.19057277265673e-05 -4.25460074429951e-05 9.17100599309072e-06 9.27517054865590e-07 -5.43450998433163e-06 -2.96987767118351e-06 -6.82375858626460e-07 2.24995407950194e-06 -1.16645375488962e-05 -1.29254338547423e-05 -5.78360387025476e-04 1.64694210389431e-05 3.11864916993726e-05 1.93604724041418e-05 1.21556488465838e-05 7.44435732642318e-05 4.16978522401192e-05 4.43580284846994e-05 9.40670064979427e-06 -8.66817689720783e-07 -6.54710224190766e-06 -1.09315835650991e-05 -4.42839566071988e-06 4.18538005705464e-05 -9.26333879998643e-04 1.20750876381386e-04 3.01031839689365e-05 1.66924185609858e-05 -1.66103056877828e-05 6.42971783384433e-05 4.55072761328875e-05 -4.37353108028242e-05 6.98320801387061e-06 2.27541690955421e-06 -8.98787557165007e-06 1.13538944215098e-05 -1.30049350430155e-06 -7.52482955394893e-04 5.17869403016423e-03 -1.40635786658646e-03 -7.70943155749328e-05 -5.92881630453289e-05 2.23575676075265e-06 -7.05702877556528e-05 -8.23424616099242e-05 2.10000807573703e-06 2.25736139179173e-05 -5.17388104676924e-07 -1.18817314480666e-05 -2.43003383574561e-07 4.74362819699298e-06 -6.86972116781576e-05 4.83328572725087e-04 -1.63225506205604e-04 -1.26262862983401e-06 4.93622507080966e-06 -1.09503337487634e-05 -6.21369756175873e-06 1.61341679377572e-05 -4.12331317407494e-07 1.18681646509524e-06 -2.95661722823013e-06 4.41146222836389e-07 6.14438973880841e-07 -2.70284732190619e-06 -8.80617294212444e-06 -9.99107015240160e-05 6.72789757492226e-05 3.03809859342618e-06 1.54262015070445e-06 -1.52836159683447e-07 -9.86270737010749e-07 -2.70570455622494e-06 7.92143245396507e-07 3.38221092338690e-07 -2.23686359092147e-07 1.75991704251130e-06 6.12613273962775e-07 -1.19269809016653e-07 -6.41205827192291e-05 5.17124089840435e-04 -1.62773315178945e-04 -3.48793063692101e-07 1.82838194511830e-06 1.20050747629484e-05 -5.86336952390806e-06 1.37433586672299e-05 7.24687245771427e-06 1.24938053867673e-06 2.76628892156044e-06 2.17957728869339e-06 7.21710318910971e-07 -1.59389370888428e-06
 3.01253259475397e-05 6.10386628482884e-06 -1.66686426937027e-04 -5.36182042723377e-05 -2.01939580738081e-06 4.73896169948156e-06 3.11574119012980e-04 2.22938799775671e-04 -1.99390107794924e-04 -2.84962011174616e-03 -3.18229322683791e-05 -4.10453006578378e-06 4.49655219795571e-04 1.95342487766390e-05 6.66769157725370e-05 2.76587676814311e-05 -2.98729317578732e-07 9.94482059367567e-08 2.30281606253140e-05 2.47765746439930e-05 1.16446195759702e-05 2.69133739576069e-05 2.52973348929568e-06 -4.72593703766601e-06 3.89469230195021e-06 1.46781711069246e-06 3.72552242159177e-06 -1.65070176038621e-06 -3.67556760702540e-06 -2.31146691359720e-06 3.92702968915498e-05 6.44003645570978e-06 -3.67383617651133e-04 2.57936825714761e-05 3.38771066732356e-05 -1.51765574020380e-05 -3.20616420253346e-05 -5.90133245387219e-04 1.70712097855613e-04 1.87784413606332e-04 2.31191277733737e-04 -3.17657806615167e-05 6.35249278427076e-05 2.94965213638511e-05 3.70763790918728e-05 1.69761698671690e-05 -2.25344864353685e-05 -7.20569095274980e-06 4.16775810255412e-05 7.20451331312995e-05 2.65349162262864e-05 -2.96124893607649e-05 -1.16247057559943e-07 7.81202138482090e-06 9.96773931261408e-06 -2.14157824138554e-06 2.26224193882804e-06 7.03282612677663e-06 -1.05001337606321e-05 -1.97935374907868e-07 1.22492070949979e-05 1.10976386317446e-06 1.02106316170904e-04 9.12267590967280e-06 -9.20012966665854e-06 -1.74410364316794e-06 -1.07706332951173e-05 2.43997403204432e-04 -1.31991399656289e-04 9.20517188311266e-04 2.99373801594850e-05 -7.50547571838709e-06 7.83178187827925e-06 1.48703170548368e-06 -7.90462735920935e-06 -1.84258487305166e-06 -4.39807843821586e-08 -1.16688904698268e-06 9.96339131887940e-06 -2.11378778989603e-05 -2.57236763235490e-06 -4.25593850953524e-06 -3.44953040769504e-06 1.81621984513411e-06 9.76950273158715e-07 6.61225190594708e-07 -6.34310928930821e-07 2.13137584262120e-06 -4.46406111283528e-06 2.47084756165995e-06 7.40707692407155e-06 -6.66776740403859e-06 2.00565773368021e-04 9.46433532572458e-05 -1.43688573460982e-05 5.80113546610654e-06 3.37432275555972e-05 3.10992794706902e-04 -4.87799769427166e-05 6.30892326695639e-05 -4.65771404370836e-06 4.08970762000124e-05 3.74817698057994e-05 9.22077323516755e-06 -4.31080707298624e-07 2.47966254106614e-06 9.62661477830517e-07 -3.34254479844373e-06 8.97401410532663e-06 -1.04837417591818e-05 4.86286762412918e-07 -5.80570070836055e-06 -8.67548047932265e-06 3.52046973885127e-06 4.85179323261695e-06 -2.71779404925142e-06 -3.17571625059544e-07 -3.94125121505792e-08 -2.18242380037236e-06 -1.40310136247777e-06 2.16453982049612e-04 -2.13016997393440e-03 4.58031614420762e-04 7.81872904373410e-06 -4.05241537329726e-05 9.63206835674454e-06 2.45397214086886e-05 -7.83759951887660e-05 -2.48213429419147e-06 3.88565582919025e-06 1.01441536967429e-05 5.84809032409363e-06 -3.64536755502771e-06 8.64322977777483e-06 -3.06103300438263e-04 2.76945159505141e-03 -5.95230122089591e-04 6.57495526581822e-06 3.23209390363271e-05 3.38431557104599e-05 6.78186347723689e-06 5.90012458574720e-05 3.62075287860909e-05 2.54271278939410e-06 1.24854695308304e-05 4.74619915285922e-06 2.66828194429125e-06 -4.12998012586213e-06 -2.23019875611206e-06 1.68020878603251e-06 4.62376962472742e-05 4.24130795969587e-06 -2.21485153744732e-06 -3.00336695517607e-05 8.01474485003213e-06 -1.58055360040381e-06 -6.48734494125757e-05 -5.17388104676924e-07 9.02787823715391e-06 9.50749078537029e-07 8.31173341351179e-06 -3.05544013847681e-06 -7.37529039254132e-05 1.48434207806598e-04 -9.31218061714007e-05 2.72078587703331e-06 3.74149003826504e-06 -2.90987610751075e-06 3.74529393917820e-06 -1.30447770061613e-05 1.22614846219986e-05 2.90312723643249e-06 9.70706502507961e-07 4.49970746958231e-07 -2.57079281432295e-06 -1.85749342744749e-06 2.46874418352437e-05 -2.37598012577340e-04 5.59882204342067e-06 7.43676512107218e-07 2.77052399907519e-06 2.41052289862287e-06 1.48328561330122e-06 5.14434448718560e-06 3.94519377837474e-06 4.59321787229461e-07 1.57559721763328e-07 -2.67675075648674e-07 7.84603170444908e-07 1.70192237828432e-06 3.13190521078728e-05 5.94365181375875e-05 3.15636879525494e-05 3.86717499172258e-06 -1.44258120580449e-06 -2.99331952613611e-07 1.90888711261133e-05 1.10829250456006e-05 1.53362232399374e-05 -8.07313200574335e-08 1.31589624056156e-06 5.34133164794698e-07 -1.12576151643143e-06 1.04957227392007e-06
 4.74788856000266e-04 3.37386921252313e-05 -1.17413046537674e-03 2.60798672509025e-05 1.83650720832452e-04 1.37930187041182e-04 2.84431064149745e-05 -1.47561404938914e-03 -1.56738399581338e-03 -2.60519363475575e-04 2.33254496596203e-04 1.48851723259713e-04 2.20226146112965e-05 -3.97842446084025e-05 6.91757188814601e-06 3.18178188687517e-05 -1.13089432943713e-06 -1.69424025550368e-05 -2.01730682194254e-05 -1.19835372684432e-06 1.78648972433292e-05 -2.69991025770184e-06 6.56327367239441e-06 -5.32492178396430e-06 3.18172644112493e-08 6.30830853042045e-06 1.53931769848897e-06 -1.63109524135356e-06 8.93739482577018e-07 -8.51011102464103e-07 -9.80631121816005e-05 -5.23246149754610e-06 6.70512790422982e-04 -1.22779838886204e-04 -7.63148334114865e-06 -7.69654393519104e-05 -2.21074197313553e-05 -1.14854754400962e-04 9.31385625953298e-05 2.88032103058088e-04 2.44183390517495e-04 -9.71457219248535e-05 -4.63729293116399e-05 1.14026616838346e-05 1.53207621609567e-05 -3.21583472976489e-06 8.47792642993834e-07 -2.34601118943108e-05 1.70573685179105e-05 2.35787852419678e-05 4.91787375887991e-07 7.16175057599145e-08 1.60401770904438e-06 -7.89992526909822e-06 6.76838362800119e-06 3.16045334065836e-06 -8.47976772711981e-07 -2.86152999130453e-07 -1.48611945861688e-06 -2.91103199082025e-05 -4.19786812675770e-05 -3.77209904528103e-06 -3.25653439360368e-05 -5.95797471691889e-05 -2.95149958791847e-05 1.50351129869816e-05 -1.17894863866309e-06 7.47343348918195e-04 -6.24991571466127e-04 2.76213044715103e-04 3.08508967957383e-05 2.68318568186714e-05 -6.69543542314241e-06 -3.21294991377328e-06 -2.66803521611448e-06 -5.12320397605967e-06 -4.61015931943617e-07 -8.16806995967529e-06 4.19442929621349e-06 -7.48236958558477e-06 -8.97369854544883e-06 1.67768927636395e-06 -2.96944914245550e-05 5.50845453380936e-06 -6.55257949656006e-07 1.57980353356685e-06 -9.34536275789529e-07 2.36664463741150e-06 -1.03411933171022e-06 -6.73486566229429e-07 -1.82137639782129e-05 4.83992228555276e-06 -2.51481820901252e-04 1.32726759305000e-04 8.10117944672788e-06 -9.21673701305306e-05 -5.53013402857796e-07 -9.52323197716908e-06 8.07522421195802e-04 8.29230618863920e-05 -5.33933129866534e-05 -4.49577357512451e-05 4.09297645710895e-06 -4.14282355057566e-06 5.49031588856294e-06 -1.71111050569068e-05 -2.74948105620841e-06 1.59581156287013e-05 -1.01199933360083e-05 -3.12884746693199e-07 -6.48242095421185e-06 -6.56467157594315e-07 2.39766868556770e-05 -1.82186034319007e-06 2.23235669627663e-06 1.46442146000515e-06 2.34534280093814e-08 -1.15713139919706e-06 -2.04492681953506e-07 4.37386960146767e-06 -1.57563182112673e-06 2.83019667365919e-04 -2.89239376653807e-05 -1.56780937578456e-05 -1.07785935844721e-05 -8.58266777270574e-06 -3.37060020443183e-05 -2.61271680313237e-05 -2.19330794406003e-05 -4.85587862618456e-06 3.58381557438833e-07 4.11280750207918e-06 5.62672858193632e-06 2.31033252344757e-06 -2.75634585542507e-05 6.69851111183188e-04 -9.66982853114392e-05 -1.31715557376226e-05 -8.78510006927671e-06 1.16393703834100e-05 -2.88232491531497e-05 -2.15935822433358e-05 2.87503168956304e-05 -2.75476287481905e-06 -4.76936018767173e-07 5.89454316500372e-06 -4.92746072198255e-06 9.78254086562522e-07 4.03714403412497e-04 -2.76281947291474e-03 7.76080521923203e-04 4.39728779427556e-05 2.98675551739189e-05 -2.43165548772889e-06 4.23493114247612e-05 3.88195447329123e-05 -1.63764764878327e-06 -1.18817314480666e-05 9.50749078537029e-07 7.03694796418547e-06 -1.28712215424244e-07 -4.21137764684570e-06 8.31094964022739e-05 -6.76225011368532e-04 1.73867148859984e-04 1.91697832092191e-06 -2.92164412691596e-06 1.42652238485640e-05 4.69672653821263e-06 -4.51695836892352e-06 1.38627078705738e-05 3.36787680542499e-07 2.95944697549750e-06 -2.60862056382221e-06 -9.48188113965501e-07 6.10421903680769e-07 -5.20425183683544e-05 4.66916663985837e-04 -1.62487546315341e-04 8.27699175377573e-06 -8.75259933858504e-07 -9.05119438932360e-07 1.41562578693600e-05 3.36803675665876e-06 2.68055562823469e-08 -1.78400779451978e-06 5.59747024823189e-07 -2.00884506418782e-06 -2.84579731939519e-07 3.32768596863691e-06 9.58707707656641e-05 -5.97565996016870e-04 1.86711849434947e-04 -1.66719354491135e-06 1.53288901797905e-07 -1.46499964670679e-05 3.45465057254107e-06 3.67067560258175e-06 -8.54336641201109e-06 -8.34830823144874e-07 -1.15940263665150e-06 -3.38665883536037e-06 -1.04863469145171e-06 2.87240959164243e-07
 2.70276768937779e-06 5.46385957065381e-06 -1.47755032565777e-04 -4.58133489115747e-05 -1.20513937003242e-05 -1.41529384469948e-05 2.90828643394615e-04 2.58101900719247e-04 8.56806733193068e-05 -3.04559067722703e-03 -3.19732955549596e-05 -4.50941654719521e-05 4.96954994531463e-04 1.87000386708203e-05 5.72028030614726e-05 1.80643469773753e-05 1.07497356319397e-05 3.38662585861439e-06 1.52119785810271e-05 2.66696129502918e-05 2.98846539834216e-06 5.83662398533098e-05 4.38228985204809e-06 -2.19178442979113e-06 1.33694275108877e-05 -1.69398199728250e-06 8.95007177947861e-06 2.69589644881343e-06 -6.81732378923007e-06 1.59148042713931e-07 2.28921334772096e-05 5.26094877949539e-06 -3.22674878440770e-04 3.80795269536491e-05 3.89825194496672e-05 -1.03466546571359e-05 3.67231675179552e-05 -7.01501190031666e-04 3.09707861002277e-04 -1.39688645139498e-03 2.22152860860014e-04 -4.41816663412757e-05 1.90546604890218e-04 2.29573199327614e-05 -1.65321936660682e-05 5.33759475298211e-06 -2.73378140457926e-05 -6.02877454039203e-06 2.77168755306025e-05 -3.62470380920038e-05 4.58018984920819e-06 -3.68017301063471e-05 -1.05218329928932e-05 4.38405908139089e-06 1.03457017335258e-05 -1.01623256668274e-05 1.59263129182116e-05 7.65912145454342e-06 8.27687041357692e-06 2.41467403592878e-06 -1.02949716529442e-05 9.40856592094490e-07 1.64501103967001e-05 1.49568232194787e-05 -5.27823329964996e-06 -5.35016741728178e-06 2.18675243375426e-05 1.87491265883568e-05 1.79259694597169e-04 -1.15296407742376e-03 3.33791446620119e-05 -1.57494083972481e-05 5.65613482006619e-05 4.01223388367769e-06 1.79218178476213e-05 4.34097931678756e-06 5.86978037181040e-07 2.86616923689886e-06 1.50181891585155e-05 4.16394032968513e-05 1.12040605253994e-05 -3.99287288892388e-06 7.71894112833034e-06 -1.07369276395944e-06 9.03615311040018e-07 -2.87994324075614e-06 3.02545714130194e-06 1.05510957987531e-06 7.71696536250502e-06 3.87887402892465e-06 -1.90969278051115e-06 -6.15342436923412e-06 1.91664960391768e-04 8.06251566242218e-05 -7.83757038185638e-06 -2.32927869432494e-06 -1.62817946289661e-05 2.26957923698501e-04 1.33222540694228e-04 1.57686924175752e-04 1.36348998170485e-06 7.94384397238015e-06 4.10582945161396e-05 6.87030896709771e-06 -1.68938540045326e-05 -2.80381929318071e-06 -1.36548004900114e-05 -4.25756946793870e-06 1.41591749973935e-05 -1.43940019794216e-05 2.62859078884169e-07 -3.70255656562015e-05 -1.20085177321238e-05 3.40623917360158e-06 -4.69282434619174e-06 -2.01375715616713e-06 6.02618673614569e-06 -3.90406585326870e-09 -5.19709123941609e-06 -4.05891777759476e-06 2.94159209472239e-04 -2.34913337129689e-03 5.69787395706716e-04 1.24788798277225e-05 -4.58560381405695e-05 1.40789875250690e-05 2.53668139740761e-05 -7.35170024805807e-05 -9.46811675374461e-06 5.97019907648189e-06 1.00152903869026e-05 6.03598990543745e-06 -4.79875718524813e-06 9.77248681552907e-06 -3.41497800940055e-04 2.67426402780020e-03 -6.35919587785254e-04 3.90426502169736e-06 3.76406333831635e-05 3.36021230187970e-05 6.85371970373733e-06 6.45413284451003e-05 1.96994118908669e-05 9.73850751314556e-07 1.34709460052295e-05 3.29162589246433e-06 1.19293260804722e-06 -6.12970041131648e-06 -3.06228349808880e-05 2.20360309569586e-04 -1.34090178779765e-05 -2.96348789042953e-07 -2.75424235228911e-06 -3.23488943562949e-05 1.25355726216697e-06 -8.27106739341512e-07 -7.93078886282006e-05 -2.43003383574561e-07 8.31173341351179e-06 -1.28712215424244e-07 1.19126680187518e-05 -1.72983210714167e-06 -2.69404534021989e-05 2.14761005638761e-04 -4.62112948700311e-05 -1.66695169667485e-06 2.83001164431536e-06 -4.29476360455462e-07 6.48289794525018e-07 -2.04392108791497e-06 3.72384504796419e-06 7.94183020595666e-07 -2.01827822070744e-08 2.51675259631419e-07 -1.54482321572405e-06 -1.45670188045266e-06 -1.90709465617384e-06 -3.90494139193115e-05 -4.10316446888695e-05 4.06420857280015e-06 1.57796206819637e-06 2.37181848459368e-06 4.40374829341017e-06 4.52574474450533e-06 -3.86763180424716e-06 -8.26826568310136e-08 -1.32191555638027e-06 -3.22046927158979e-07 -2.20044063831904e-06 1.79141076650342e-06 2.61714573612929e-05 -2.54742591040981e-04 4.12455083004013e-05 5.82262183554721e-06 -1.35231527069118e-08 -3.05082986812537e-06 1.39910813906504e-05 9.54482597559726e-06 -8.79547387013889e-07 1.38101686418859e-06 5.53415527202978e-07 -1.40788907499851e-06 -5.69640585340707e-07 2.18810985046434e-08
 -3.09224059528175e-04 -5.20013046373065e-05 1.58540506429663e-03 2.83985754897160e-04 1.31603056340338e-04 -3.43127929082630e-04 -3.78163651853189e-06 -2.66393281804888e-03 4.50503917274839e-03 2.88466204096759e-04 4.26782971027637e-04 -4.38792346928798e-04 -4.69048592412616e-06 -6.22246188386685e-05 3.06635568577552e-05 -8.52005463996986e-05 -2.87320046639050e-05 6.32309787067233e-05 -1.39834006136231e-04 3.88025340744683e-05 -6.69267935827362e-05 -2.71954702816583e-05 2.09055891674096e-05 3.80399167654042e-05 -1.26203750926784e-05 -1.63524585536065e-05 -7.45595644023012e-06 1.82815076990983e-05 3.71151226487133e-06 1.87277449256613e-05 -2.26411870088166e-04 -3.58017507904736e-05 2.19259242440351e-03 -2.36905531345135e-04 -2.56139965767593e-04 5.91339997006314e-05 3.39028761023113e-05 4.39754158172917e-03 -7.72775844383101e-04 -6.22879288648228e-04 -1.63061359791843e-03 5.37880919402075e-05 1.84148216855298e-04 -1.59235376179173e-04 1.72389624232487e-05 -2.30539521070307e-05 -3.51111883805799e-05 5.44189449068808e-05 -2.09141218199054e-04 2.70338345344683e-05 -1.28415789190395e-05 -4.22853752638246e-05 3.19263421745324e-05 -2.74673490098870e-05 7.35584618698193e-06 7.19441654120651e-06 7.54169214022535e-06 -1.53294975361087e-05 -9.81462660252212e-06 2.33734837032499e-05 -8.53492802351760e-07 -8.11606545653257e-06 -3.74590957882210e-04 -8.70011706181526e-05 7.55052179581699e-05 2.24109809294081e-05 -5.55918838445895e-06 -1.39775011932720e-03 -1.13077657564201e-04 1.27674147957786e-04 -2.39536842786479e-04 5.37267069847880e-05 3.63704688518996e-05 -1.55576330697325e-05 2.78490214220679e-06 -8.71273255157620e-07 -1.71235074391462e-06 -3.08218188456390e-06 -8.35537062995954e-05 1.40987980979035e-05 -1.20626355656768e-05 -1.37899427154615e-05 -5.11630566438547e-06 -3.07883179909007e-06 6.29561349213670e-06 1.15032655559371e-06 3.51689085434975e-06 -9.70059761435751e-06 1.12416923627848e-06 -2.02341638563095e-05 -1.25227229248300e-05 5.05750207249247e-05 -1.46853472700544e-03 -5.47081652362657e-04 9.53628417848946e-05 2.62493248854123e-05 -4.16107781701775e-06 -2.06013497919485e-03 -7.62363107823106e-04 1.47131350289301e-04 1.22730804878223e-04 -1.87944984929318e-04 -3.09995784602348e-05 -5.85820753659016e-05 1.72459924336576e-06 6.63652890332906e-06 -8.40255066413800e-06 4.31978368612334e-06 -6.32406368071884e-05 -2.97739311513199e-06 4.77822545115434e-06 -1.14922070096609e-05 1.79647600369335e-05 -2.11059568866699e-05 1.35243666130281e-06 1.48134078652887e-05 2.86921358938822e-06 1.32610292169101e-05 -1.05652935120723e-06 9.83920409415386e-06 4.00765028955245e-04 -2.84127729757013e-03 6.17248011495188e-04 -2.04624052792670e-05 -4.13608600968608e-06 6.02406644171825e-05 -7.75329726672817e-05 4.64733754076202e-05 7.57879978540739e-05 -1.16050313033839e-05 8.03602969236466e-06 -1.72573770762798e-05 8.66271945722588e-06 -2.98273396207556e-06 2.84568022983744e-04 -1.91053981107644e-03 4.12346905877601e-04 -3.08084697397022e-05 2.34368899151085e-05 -4.40290494278903e-05 -9.46173817097506e-05 9.10037088731426e-05 -4.31064499410786e-05 -8.93163844444071e-06 8.01813761389327e-06 -1.49832943829533e-05 -1.63148002636536e-05 -8.96156084194152e-06 -1.48244370397336e-04 1.10954234311326e-03 -6.69236800014513e-04 -6.60876686591885e-05 2.88134726662072e-05 4.72185687563307e-06 -1.03809684273482e-04 5.52749400254540e-05 3.57308357657218e-06 4.74362819699298e-06 -3.05544013847681e-06 -4.21137764684570e-06 -1.72983210714167e-06 3.37961853577571e-05 2.47759965087026e-05 -3.08848280349874e-05 3.78679322881218e-05 -2.43727599259025e-05 -7.34695078751662e-06 -1.69732968797464e-06 -7.32950765936406e-05 -1.59563780072815e-05 5.45974550226804e-06 -7.15648152724315e-06 8.56271002215013e-08 2.70668378270726e-06 6.99898592538333e-06 3.26354964275173e-06 -8.89105818180701e-05 8.92882940985176e-04 1.79044232847379e-04 -1.83260383262341e-05 -1.92137401677451e-05 -1.03774122882488e-08 -3.26913332743299e-05 -3.74659312991391e-05 1.04735617703292e-06 -6.73030934410667e-07 6.55980514820795e-07 3.34784212117821e-06 2.26939610835101e-06 -1.51648471538569e-05 5.20434657532341e-05 -1.17079873060514e-04 6.17769245607033e-05 -2.30426461964703e-05 -9.08094413157737e-06 3.46946774372814e-06 -6.97273984712298e-05 -1.36465414546547e-05 9.62212045954485e-06 -5.84702819386189e-06 -9.86203977002220e-07 5.15490006527639e-06 -8.35310196699360e-06 2.30592283299488e-06
 -1.64430459458979e-03 6.49446992110099e-05 -8.65437368502451e-04 -4.79697259798601e-03 1.99816670335537e-04 9.17272269331685e-04 -1.15989898695496e-03 -1.45531776641110e-03 1.16615395423126e-03 1.85753627750576e-02 2.09667228504799e-03 -2.89472560381472e-03 -1.50236343441918e-03 -1.60024690805166e-04 -5.96208890208876e-04 -3.86890311964089e-04 1.90289025360297e-04 1.95122768263459e-04 -1.03952160311986e-03 -4.84750526524967e-04 -6.05232567261102e-04 5.20983461022676e-04 3.25436205321348e-04 2.60070074887043e-04 -6.65955435194960e-05 3.32977672088765e-05 1.31791435238130e-04 2.78403691892952e-05 -8.99533064854356e-05 1.04229829773914e-04 -1.02578766007219e-04 -4.41610105665404e-04 1.90408739539255e-02 6.52176126868766e-03 -1.98562757509275e-03 1.62186636722018e-04 6.47403645009017e-04 -1.59516098854172e-02 -8.33977933849892e-03 -2.33167240295010e-02 6.32130498869474e-03 -1.52511139986912e-03 3.63713222747345e-03 -3.00291746479268e-04 6.30684139369087e-05 -1.67579773301816e-04 9.25214806890299e-04 1.33946853333758e-03 4.89560313981844e-04 2.61997933275316e-05 -2.90144588507091e-04 1.47316395053383e-03 1.19790036909754e-03 -2.72770779257665e-04 -3.67840105486299e-04 2.03738583381360e-04 3.50342215672095e-04 2.53157340656551e-04 1.05892864296835e-04 -6.05543318843817e-04 -6.65723889024011e-04 -1.80863137099604e-04 -7.88478486991835e-03 -3.85723377935079e-05 -3.92675062128161e-04 -3.87979967807448e-04 2.32113135632411e-04 -1.37819165004939e-03 7.83078228942304e-03 -8.44437107530352e-03 9.70676981784512e-04 1.01352951233721e-04 1.10655287175159e-03 1.31747780898310e-04 1.95062559219235e-04 9.03729222636413e-05 2.28273123465177e-05 1.09069198752242e-04 8.08579823341178e-04 4.64010390428901e-04 -7.66051658937089e-05 2.94636886475990e-04 1.03257678882959e-04 -1.01442106358027e-04 -8.81281698659401e-05 6.12198830218820e-06 5.64156287500436e-05 3.69576401852766e-05 6.64615219008142e-05 1.50521690946387e-04 -1.30522431159746e-02 3.36185881738548e-03 -1.13121973228206e-01 2.20915957459766e-02 -1.66042146673543e-03 -9.87674175744430e-03 8.58773440182465e-03 1.11552261026318e-02 1.02473774686673e-01 -8.22169678562773e-02 -4.45472379693627e-03 -1.41028898251919e-02 1.38987663080827e-02 5.73672729210110e-04 2.20589358273410e-03 -1.43622828269819e-03 -3.66328896618032e-04 1.68301830302262e-03 9.93839911472703e-04 1.12911662811222e-03 -1.20751159597263e-03 -1.34399339186407e-03 7.38036232362192e-04 -4.22455008822864e-04 -5.82515610226576e-05 7.08871690587862e-04 4.17697686068350e-04 2.95741217407625e-05 -4.86961629227704e-05 -2.99082374235733e-04 -1.10710061397348e-03 1.25834675411682e-02 -4.61737107764395e-03 8.38554968406950e-05 3.10298267606226e-04 -1.25696664438823e-04 1.53729956667488e-04 2.69466504713324e-04 2.38903717235733e-04 -8.04227689903985e-05 -7.54025664631311e-05 -1.05677530745762e-06 1.17144121224683e-04 -1.03588027346364e-04 4.31111686387690e-03 -2.11728745768562e-02 4.23783389760224e-03 -4.55213070338942e-05 -1.85384625685311e-04 -1.93086432562169e-04 -1.28561627760895e-04 2.31725604292179e-04 2.69775063273035e-04 -1.46627611548549e-05 1.85450615340049e-05 2.43789425059495e-05 1.66565376879474e-05 1.98643156335022e-05 -1.70717826743427e-04 6.71777052556029e-05 1.95786005059716e-03 6.71283707827871e-05 7.17625168417906e-05 2.31112970080681e-04 1.61442520037458e-04 1.24332976547506e-04 2.79842976586245e-04 -6.86972116781576e-05 -7.37529039254132e-05 8.31094964022739e-05 -2.69404534021989e-05 2.47759965087026e-05 2.86453354329069e-02 -1.85896531824371e-01 4.90817312651366e-02 2.09613910204526e-04 -2.35640998375314e-03 2.79030419235746e-03 2.00556150157996e-04 -1.78385457748290e-03 2.07064526149514e-03 4.83475649115013e-05 6.57070777995254e-04 -2.58160426795673e-04 -7.49293498165247e-05 2.75075848389666e-04 4.67968246109618e-03 -2.86697760693433e-03 3.51640642494540e-03 9.49542213887167e-05 1.07441938441167e-03 -8.65237723204705e-04 1.25573346456431e-03 1.39166153174883e-03 -2.26404906833757e-03 8.69729717885789e-06 2.21259533958630e-04 8.28189724203879e-05 -3.26787742863013e-04 3.84915731988575e-04 9.74053654757366e-03 -2.72450110154770e-02 1.26442082564422e-02 2.00316531427583e-05 7.58545126577554e-04 -1.44384428079963e-03 5.74296538843573e-04 3.14546995910822e-03 -1.19353914441101e-03 1.00684420143491e-04 3.01512920040412e-04 -3.99075781150352e-04 1.20836251955010e-04 -2.69363869074798e-04
 3.10703242057010e-04 9.82465142174954e-05 -1.90032529989437e-02 4.23443166351407e-02 -4.32232819735412e-03 -7.77573534839108e-03 -6.04189288930925e-03 2.58426935138153e-02 2.39290045563397e-02 -5.13104554641209e-02 -1.39614109657582e-02 1.78649163754815e-02 -4.40850539560423e-03 1.12381485185368e-03 1.14267278329815e-03 8.75152605726891e-04 -6.63694466658918e-04 -7.24079732500119e-04 6.76713783089508e-03 3.23781837071782e-03 3.62403421728639e-03 -3.11374359859451e-03 -1.00855656258576e-03 -1.57124670463764e-03 1.38899501619267e-03 -2.48902045878527e-04 -6.60249652973393e-04 7.17491096316367e-05 7.85940012102189e-04 -5.61424469563203e-04 -3.27801422177555e-03 2.82560476274719e-03 -1.23067059535463e-01 -2.90602483655523e-02 1.12001681034503e-02 -5.92027850803129e-03 2.29388299767456e-03 9.36729477996412e-02 7.56797212041643e-02 5.23727625599383e-02 -5.42841805150448e-02 1.69660121056186e-03 -2.63982855084900e-02 2.29443611017682e-05 -7.79234703253236e-03 1.47539691523099e-04 -7.83065864725387e-03 -1.03796606280636e-02 -5.09874407260471e-03 -1.49722801385404e-02 -9.21070274271974e-04 -1.23846423402802e-02 -9.25546039360220e-03 1.32122557582225e-03 2.83264300107421e-03 -1.71631557071508e-03 -1.96499460951319e-03 -1.40302548372724e-03 1.67486686853322e-03 5.59684319020112e-03 1.44481960991312e-03 9.66064457209190e-04 3.79238963669212e-02 -5.57553895133266e-04 4.49102006625643e-03 2.07730471804385e-03 1.46870115036368e-03 -7.18652295355057e-02 -3.69522686183397e-02 -1.65786361169406e-01 -7.84532639352299e-03 -6.96960596520940e-04 -5.63216731116630e-03 -2.56653191509700e-04 1.07958258625308e-03 -1.52918727015133e-04 -4.91549249765769e-05 -5.44498190117442e-04 -3.96004974555594e-03 2.83108218916558e-03 1.76560097113547e-03 -1.95169050924189e-03 -8.88060830627471e-04 6.22744904268751e-04 6.10561135155131e-04 -3.56551620332596e-04 -1.18046126144986e-04 -4.66005921337290e-04 7.48841937554220e-04 -5.81151058594165e-04 -6.94755557342331e-04 -1.57564750460212e-02 5.28689289328346e-01 -1.18034682020107e-01 -3.42309817044345e-03 6.87059356220268e-02 -8.45269334217203e-02 3.16353734063201e-02 -7.15356163139371e-01 7.54727063602833e-01 9.77743803753092e-03 9.53479332788845e-02 -1.26885686079567e-01 -1.91494496309156e-03 -2.13854857479274e-02 8.38360677499017e-03 1.32963639948598e-03 -1.19367416982455e-02 -5.51931561217070e-03 -9.57550500822013e-03 7.24197112529287e-03 8.83127219719474e-03 -4.72992399269706e-03 1.64748481478736e-03 1.65622485237684e-04 -3.35853327955405e-03 -2.23750003199705e-03 -3.65823534295053e-05 6.51001113156062e-04 1.62983728392647e-03 1.25868006548584e-02 -4.92691055997858e-02 3.22594030784780e-02 -2.81157944272446e-04 -1.43753146922843e-03 1.15863305038030e-03 -1.90515503970902e-03 1.90794432312854e-03 -2.89210883009137e-03 7.67290315728473e-04 6.93404415249856e-05 -1.16078971567352e-04 -9.64069696070482e-04 5.57302722662580e-04 -2.19420465293049e-02 3.07886595623276e-02 -1.13530820985931e-02 2.10675136773517e-04 5.85869413338470e-04 -7.66250480436403e-05 1.56047492787420e-03 -4.28856713128086e-03 -5.54194098680069e-03 -9.44945335482316e-05 -6.07601389806772e-04 -4.08727342721352e-04 -3.56022878264631e-04 -2.39432662718085e-04 -1.51970943085360e-03 2.52011925218244e-02 -2.04954101302535e-02 -7.13438307571140e-04 -6.28082731137976e-04 -9.15352375057639e-04 -1.53768269468962e-03 -9.01077349333762e-04 -9.17503050251570e-04 4.83328572725087e-04 1.48434207806598e-04 -6.76225011368532e-04 2.14761005638761e-04 -3.08848280349874e-05 -1.85896531824371e-01 1.34946688157320e+00 -3.32475147776706e-01 -7.45546586488979e-04 1.69737296225704e-02 -1.83045674491833e-02 1.35800859757407e-03 1.79113974787267e-02 -1.60796859083142e-02 -3.03806083051640e-04 -5.22566577728859e-03 1.54956114977936e-03 2.65636587332716e-04 -2.40046084828367e-03 -5.19579338936951e-05 -1.51136366401586e-01 2.90708219024422e-02 -3.06146484591345e-03 -4.69303719142639e-03 8.56302742030236e-03 -8.76264743474131e-03 -7.01018296255249e-03 1.98102774234827e-02 3.75090051289694e-04 -2.32467444456939e-03 -4.85623125871391e-04 2.62872312565957e-03 -2.59159285849210e-03 -2.64122388443664e-02 -1.11754526582892e-01 -1.39255121371214e-02 2.26707203203033e-04 -8.91854870780084e-03 5.33363849778316e-03 -3.92790145117560e-03 -2.78417912128321e-02 3.78742082681126e-03 -5.97745410500147e-04 -3.32832445109631e-03 2.17452584681844e-03 -6.11042556297161e-04 2.14089778676162e-03
 1.39675911567151e-04 -1.84623673129970e-04 1.25970013482212e-02 -4.24916360490971e-03 1.03729854299548e-03 3.57787536901979e-03 -4.00616388383294e-04 -1.21041097056464e-02 -1.50533802351180e-02 2.29206542223377e-02 3.77294749405432e-03 -3.17664314136846e-04 -3.64112447688543e-04 -5.23512635291286e-04 -7.89048172713749e-04 -1.14839283563279e-04 3.57380240413063e-04 -9.05710631829503e-06 -1.84419635768454e-03 -8.81022853164785e-04 -6.50745198583829e-04 1.07727151192377e-03 7.30257882771546e-05 4.62516304350271e-04 -2.01503449183185e-04 6.57479292998486e-06 2.14096884612675e-04 -1.10748911111404e-05 -2.07666849784406e-04 2.30310662359281e-04 5.22171704944277e-04 -3.66293447947141e-04 2.83310544936893e-02 6.23569148121079e-03 -3.99971396466280e-03 -2.89242007435442e-03 2.26704581984122e-04 -1.92897201327725e-02 7.87324430634549e-03 -3.14321075037844e-02 6.45300205970536e-03 -1.02210770910157e-02 6.41429052256825e-03 -1.75946229855573e-03 1.01109166744985e-03 -1.80473820922735e-04 1.69204342213368e-03 1.59976380573920e-03 -5.36103926672672e-04 1.42094451084062e-03 3.02235573818958e-05 2.68205173834252e-03 2.16372907111716e-03 -3.94435681824013e-04 -7.30738396750735e-04 2.64142096503469e-04 5.69979392209546e-04 4.21577951345586e-04 -5.60861697675499e-05 -1.07607621449455e-03 -2.68216501996064e-04 -3.70246660917080e-04 -1.33400399349759e-02 -1.32721370770938e-03 -5.09650409843436e-05 5.22898733873924e-05 1.72450217957728e-04 -2.84088398995535e-02 -1.16690227520884e-02 3.94023290916260e-03 2.53638881318053e-04 9.34888542401414e-04 2.13983434971020e-03 3.59190089685938e-04 2.22626272559026e-04 -6.54935932025660e-05 5.58855273061958e-05 -1.58849800486940e-04 1.85851900234669e-03 4.35551784856880e-04 -5.36610818918391e-04 6.09777318904293e-04 -5.67945596358769e-04 2.93361071335396e-05 -1.88168798411124e-04 8.76072151428428e-05 1.06459848256253e-04 4.41904956596366e-05 4.03004622213748e-05 3.59030023191719e-04 -4.65562789993451e-03 5.71319299305921e-03 -1.88825517282624e-01 3.20102141592890e-02 -1.27742638642755e-03 -1.72046925838961e-02 1.78210797732579e-02 -1.06475985744478e-02 1.70508055960283e-01 -1.65149613482100e-01 -4.22425281612677e-03 -2.43559748832602e-02 2.78301059049334e-02 4.59165606477245e-04 4.54744453230076e-03 -2.11799504021492e-03 -5.17964567616711e-04 2.59015031330178e-03 6.08592657811080e-04 2.23332071535982e-03 -1.57603214487591e-03 -2.42751902687805e-03 8.73875691401208e-04 -9.26923204920253e-04 -6.92572305476877e-05 1.12518932655038e-03 6.64519226895217e-04 1.71636289365186e-04 -1.42579960934028e-04 -5.89437259285261e-04 -4.62663372469667e-03 3.17011369221548e-02 -1.19951989765355e-02 1.08737436921103e-05 5.89080983360918e-04 -5.24530604510502e-04 5.89842270666777e-05 -8.64293780585077e-06 2.32863501558364e-04 -1.85155728029520e-04 -1.38072839850363e-04 7.68445797430105e-05 2.43607535325548e-04 -1.90307095401524e-04 4.35293963408326e-03 -1.12035228405699e-02 1.32582759016942e-03 -1.38935791133907e-04 -1.88560865532233e-04 1.33441902518543e-04 -5.27478305203658e-04 5.37973170763812e-04 1.14154479122472e-03 -1.88154414623293e-05 1.10741552042709e-04 1.53853261329110e-04 5.19919393474692e-05 2.62533216100066e-05 6.74501930817331e-04 -1.52534280786665e-02 3.70658111561523e-03 2.35153660899239e-04 1.21243156573548e-04 3.18381806302701e-04 7.69721595706834e-04 3.54626393673189e-04 3.12655221099582e-04 -1.63225506205604e-04 -9.31218061714007e-05 1.73867148859984e-04 -4.62112948700311e-05 3.78679322881218e-05 4.90817312651366e-02 -3.32475147776706e-01 8.73069001105375e-02 6.89742116226312e-05 -4.38984923608390e-03 4.81957964770389e-03 -6.55714390632279e-04 -4.17915267856258e-03 3.62752114287689e-03 7.97663769271089e-06 1.28973958358560e-03 -3.86487100441569e-04 9.59049152523216e-06 5.88624225427563e-04 4.06442749868739e-03 1.48663065697731e-02 1.77875005434620e-03 2.76953016996027e-04 1.47677659212583e-03 -1.81248927054568e-03 1.74028564785455e-03 2.22729172728346e-03 -4.41193339547294e-03 4.29590413519518e-06 4.79176046561939e-04 1.49183401352801e-04 -6.08762707332029e-04 5.61667327840390e-04 1.23604058197667e-02 -1.32838725582441e-02 1.54643134292897e-02 -2.09932021982599e-04 1.59587810321614e-03 -2.03710103559772e-03 3.34282023742367e-04 5.71234433531107e-03 -1.44876680452394e-03 1.13288634145243e-04 5.93547658118493e-04 -5.87677200521706e-04 7.70262843380438e-05 -4.98717043906459e-04
 8.81404852213737e-06 1.92655918300571e-05 -1.26885137072708e-03 -1.11543978398671e-03 -7.71897715374079e-05 -1.33939667316934e-05 -1.84299776446108e-05 1.47781981979343e-03 -1.28873888711701e-03 2.23583769431346e-04 9.95313649023284e-05 -2.06363297779584e-04 -1.46890753432353e-04 6.31718793127683e-05 -9.27119236111808e-06 -5.38076094323353e-06 -6.84981436054796e-06 4.07624523202650e-05 8.17191369964220e-05 -3.29545348446270e-05 -1.10492815514398e-05 -4.04556124722791e-05 1.62373617097029e-04 -1.64978476989946e-05 3.75771702381140e-06 1.65007595331419e-05 -1.58470561637126e-06 -5.59394416082963e-07 1.05685296465157e-05 -5.74592521785962e-05 -4.44797419630101e-05 -1.00255460216277e-04 4.22125585280841e-03 -2.17216334988194e-04 3.27736418161508e-04 4.42985398690958e-04 -3.39756414900171e-05 -5.66843512018857e-03 -4.61201939684294e-03 1.32978434832981e-03 1.88510773114041e-03 1.36391629447013e-03 -1.36523539306031e-04 2.67827159530801e-04 1.29319281418847e-05 -3.37047820163793e-05 2.39329017425720e-05 5.02355296558701e-05 3.45307776570151e-04 6.51258808514834e-05 -6.34311465258168e-05 4.17039749057116e-05 -6.96913923413160e-06 -5.07524515538091e-05 3.61173893428271e-08 3.95096300003288e-05 -9.02882387251415e-06 2.73585420919909e-05 -1.33019702891972e-05 2.34620474450404e-05 2.55177440253273e-05 2.66460322696207e-06 -5.67711795848167e-04 1.22242233044795e-05 -7.98608636279022e-05 -3.81777163777658e-05 -2.25305307304788e-05 2.23197332501470e-03 1.70143965524640e-03 1.60922085351218e-03 3.20589236401138e-04 -6.21761324858358e-05 -8.82666042139314e-05 1.39786401806293e-05 -3.05238061624744e-05 1.27831302400022e-05 1.15864213600485e-06 3.02440080822466e-05 6.26381963420187e-05 -6.62321913641748e-05 2.10073556543411e-05 1.12108275568579e-05 2.28458175496833e-05 -1.69811923826455e-05 -3.69031430898691e-06 -3.83790867348159e-06 -7.85466448430084e-06 1.04951965240810e-05 -1.48615082592474e-05 1.88048914848315e-05 3.70458348130082e-05 -2.36693066019406e-05 6.24984400580020e-05 6.81531718965077e-04 -7.45188823149103e-04 3.29506525929056e-05 7.03451136191407e-05 1.00114831975783e-02 3.42426722828799e-04 -6.62326352846187e-04 -1.37336959109562e-03 1.18127306925871e-04 8.64327071457307e-05 2.44176183061203e-04 -1.76479878335392e-05 -2.69576492419798e-05 3.25489988721704e-05 5.85275795430583e-05 3.06653182071783e-04 -2.08622900900078e-05 -6.97955902593544e-05 4.59866771497731e-05 1.24256253166026e-04 5.87590138492075e-05 4.62809875035464e-06 -7.22886539564997e-06 1.11661571669229e-06 -4.04105537523562e-05 5.12786631365233e-06 1.66576468978872e-05 -7.99711122678239e-05 4.75125355073960e-04 -1.05643908247073e-04 6.47888848712908e-06 9.20845940981902e-07 -1.11113142324090e-05 3.24274655312745e-05 -2.34080712542857e-05 -1.61068695348406e-05 4.07528281766773e-06 -4.18952756733694e-07 1.33171971675087e-06 6.49538072475020e-07 8.97754607846607e-06 6.94175376166029e-05 -2.13778307596215e-04 1.31716315840067e-04 1.37433411408685e-05 -1.68930447918351e-05 -1.90184506287068e-06 3.92930340339962e-05 -5.12189599595463e-05 1.64176988675015e-05 6.28257655251864e-06 -7.90769760841733e-06 1.66241761173901e-06 1.63319890568206e-06 1.27011619805900e-05 6.96573098294612e-05 5.33163132532560e-04 5.40064054610129e-04 4.30154985717089e-05 -1.37524686598410e-05 -6.35596710368589e-07 1.49887216493493e-05 -4.82662167929324e-05 1.50285098120070e-05 -1.26262862983401e-06 2.72078587703331e-06 1.91697832092191e-06 -1.66695169667485e-06 -2.43727599259025e-05 2.09613910204526e-04 -7.45546586488979e-04 6.89742116226312e-05 1.13050355155961e-04 -1.45076497740697e-06 7.06354435761616e-06 2.95103872130708e-04 3.58385994039180e-05 -1.81661426403824e-05 3.72265989351171e-05 -5.22890974840037e-06 -3.53435564358203e-06 -4.44283318240199e-05 -6.61694031885030e-06 1.34252326252451e-03 -8.34522133157603e-03 1.79867312984378e-03 -6.29928368333327e-05 1.42174748650278e-04 2.65316329893299e-05 5.42032175888473e-05 1.64396400666243e-04 2.36525495442099e-05 2.72004872990686e-05 -7.22438319182122e-06 9.59787233717595e-06 4.75572029566506e-06 3.01543291336596e-05 2.77902874473813e-04 -9.40278763627716e-04 2.09288448678602e-04 1.02487582594269e-04 -5.25066675731088e-06 -3.22986714578415e-05 2.91966027792674e-04 2.57843604192529e-05 -2.31305232896957e-05 2.54471576315177e-05 2.24042052741048e-06 -1.69473423897259e-05 4.67820788647091e-05 5.59299654953547e-06
 5.53909042285052e-06 2.45816310965427e-05 -1.02617594563346e-03 -3.16637803291010e-04 -4.40185387530992e-05 -1.05315103779767e-04 -3.39463654918472e-05 9.21126252433376e-04 2.57569268233438e-04 -1.12778952189985e-03 -1.72605693900717e-04 -1.86777853858557e-04 -1.22878847992886e-04 3.30306979015787e-05 3.85019651392194e-05 9.74048929747722e-06 -2.49336643417970e-05 2.06186466763493e-06 6.84698425242760e-05 6.83511531605119e-05 2.72898458877293e-05 -9.35619238586069e-05 -7.98054139991041e-06 -2.03565673177449e-05 1.35365097633373e-05 3.06810237123320e-06 -1.34631689545750e-05 -4.91044360513640e-06 1.71699436025474e-05 -5.26418447277392e-06 -8.94565752991377e-05 -8.67266204672582e-06 1.48704712499711e-04 -3.61626173397835e-04 2.68760662104510e-04 3.20120726051933e-04 1.44396209632289e-05 -1.11482297479797e-03 -1.74271153944595e-03 2.29294781478797e-03 7.55467691642200e-04 7.13134047804873e-04 -6.30132514495335e-04 1.67028629865431e-04 -1.12562542587756e-04 -9.99719669860395e-06 -1.36437264444018e-04 2.42834146800225e-05 1.43989031641391e-04 -1.71524561114467e-04 -7.10943026734269e-06 -1.91842038622688e-04 -4.54917103538795e-05 7.91408491784760e-06 6.74290533549493e-05 -3.56574783059267e-06 -4.21859803189290e-05 -1.25568121637930e-05 2.33716387727599e-05 -3.61961479075231e-06 -6.15397167622225e-07 9.31761613269189e-06 -4.90666672708175e-04 1.29159396968875e-04 -7.98159194232828e-05 -1.09578421620533e-05 1.43316508238700e-06 3.09842223332778e-03 1.27591397933778e-03 -8.55002222430083e-04 1.43076455886876e-04 -6.55908231576827e-05 -1.75176055281647e-04 -1.55291023206109e-05 -1.41472091213075e-05 8.36939188552678e-06 -2.77982949600269e-06 1.77736731108322e-05 -4.20066209630183e-05 -2.65619665174387e-05 2.06626609574233e-05 -3.69487241408070e-05 5.42939585418184e-05 -1.24641941295646e-05 1.08349383988774e-05 -3.21676823510404e-06 -8.71948637511080e-06 5.98759509608024e-06 -2.17234718112027e-06 -8.22567121152571e-06 6.65997077068526e-05 -3.12594774664879e-04 1.01032455615932e-02 -1.24245811056445e-03 1.54508565891010e-04 3.77753532646268e-04 -1.50900984690959e-03 6.33502388102151e-04 -2.67321528100587e-03 1.39419347604352e-02 7.89218927330341e-05 6.09638122844733e-04 -2.26925595498099e-03 -5.32480838124767e-05 -3.21701317919812e-04 -4.70922045743861e-05 -1.25338970696651e-05 -5.16808945970491e-05 1.22080756261600e-05 -1.39397919332861e-04 -4.49143044042274e-05 1.53602056347589e-04 -1.16174627214734e-05 7.06541803435053e-05 1.31838445503039e-05 -6.26539330472339e-05 -4.00678870037205e-05 -2.15326364330312e-05 1.86477736232482e-05 2.06168398210294e-05 3.03642824964927e-04 -1.37679805525873e-03 5.66462636754327e-04 2.46387925302067e-06 -3.00712438810880e-05 1.89071843485706e-05 7.77080098922089e-06 3.90954231747466e-05 -2.67033179117138e-05 1.00167588818081e-05 9.51183343143234e-07 -2.61520751916628e-06 -1.51853887265866e-05 8.87197837133160e-06 -2.45767597192707e-04 5.79079102541673e-04 -1.68914399651511e-04 1.67017778193163e-05 6.04601571467843e-06 -1.67023462841212e-06 6.35978777041938e-05 -3.98325740695674e-05 -8.30999299088116e-05 -9.91454595816285e-07 -5.96987420677187e-06 -4.70616129067069e-06 -5.04111715401097e-06 -3.95863572050930e-06 -6.74508154188501e-07 6.23589841826585e-04 1.24737729491487e-04 7.67646520762083e-07 -3.24202447380130e-06 -1.76070506685205e-05 -2.25291230403696e-05 -2.46938415799886e-05 -1.22761343124817e-05 4.93622507080966e-06 3.74149003826504e-06 -2.92164412691596e-06 2.83001164431536e-06 -7.34695078751662e-06 -2.35640998375314e-03 1.69737296225704e-02 -4.38984923608390e-03 -1.45076497740697e-06 2.90174070571562e-04 -1.87918036920960e-04 6.48164904933991e-05 4.11134413629599e-04 -8.91675074588748e-05 1.67049440751446e-06 -7.66200295900476e-05 -8.47422259426642e-06 -5.20434875012055e-06 -5.09253672241441e-05 -8.54628479506805e-04 4.05675407480745e-03 -1.55160439055029e-03 9.29419137687315e-05 -9.19710514909355e-05 1.30683809343477e-04 5.37385682282178e-05 -1.27523385966320e-04 3.20090175716872e-04 -2.19115485727093e-05 -3.67337594122197e-05 -2.37753666038419e-05 3.75936544958959e-05 4.73353523170875e-07 4.11355159064755e-04 -7.54114513382251e-03 1.09194859064581e-03 -1.30135561891798e-05 -1.24567882129745e-04 -2.95123658988987e-05 -5.75602134376724e-05 -3.09809869063235e-04 -6.94233210750952e-05 -9.00658259155663e-06 -5.08517242845995e-05 -2.77113083664011e-07 -1.35104882022793e-05 2.70189911088921e-05
 4.62383498375452e-06 -3.84073448947962e-09 4.67119762797146e-04 -6.90412157823058e-04 6.29182812605918e-05 2.35505813912856e-04 4.24946350277828e-05 -4.04709156629761e-04 -1.03866745345135e-03 4.23038471026484e-04 2.14363044879492e-04 -2.20708222597128e-04 1.81496289163498e-06 -1.73498742651211e-05 -1.85904886653077e-05 1.63065079887227e-06 9.66825603515537e-06 4.65865045865836e-06 -1.19062352359624e-04 -1.99112152096827e-05 -3.93167152513591e-05 2.73184240472132e-05 2.61697330928838e-06 2.82665043856861e-05 -1.04456694550014e-05 3.29836406235658e-06 9.08907621217276e-06 -5.44848466998824e-06 -6.30470843233611e-06 1.71795460679971e-05 3.52031694464866e-05 -4.42774551236221e-05 2.72302115619140e-03 3.60406117484328e-04 -1.73488858778331e-04 -5.00986085974484e-07 9.40769029951122e-06 -2.65721557734625e-03 -7.69826247736563e-04 -7.46620190655079e-04 1.21677455752716e-03 -3.39975018300826e-04 1.17174107140528e-04 -2.77973437605847e-05 3.36772231789715e-05 -1.81628610845539e-05 4.53269102056266e-05 1.74884232539490e-04 7.43617129604777e-05 5.50615582721450e-05 5.06154030269109e-06 9.39110176753678e-05 1.66183355995961e-04 -2.97607484367102e-05 -1.26285923444400e-05 2.37607221771962e-05 1.82425802642956e-05 3.16731015713452e-05 4.15322029761008e-06 -1.05151193793360e-04 -5.44114959801148e-06 -2.55791945082401e-05 -1.26688821472673e-03 -3.04556064250597e-05 -7.07832652907799e-05 -1.09055613135105e-05 4.22774779485571e-06 -6.07481431428703e-05 6.67119220778592e-05 5.79048440204814e-04 1.39562300869402e-04 4.86953424684460e-05 5.73586525142403e-05 2.01149883071964e-05 1.08955979193737e-07 -3.21795223127279e-07 2.73837582477342e-06 1.67851958448241e-10 1.38364265350049e-04 -3.75996046717499e-06 -3.71239624470943e-05 2.58407797687420e-05 -5.71330571652378e-06 -7.54766532529581e-06 -8.41710457840882e-06 6.76789787288467e-06 2.15697774923454e-06 9.52742659899211e-06 -2.70261535199390e-06 2.64170616231415e-05 4.77120000149213e-06 3.01645251445145e-04 -1.00916378582540e-02 2.12589154519841e-03 -2.62656359702117e-06 -1.34084667087707e-03 5.26049479249206e-04 -4.23012224474960e-04 1.41073590218225e-02 -4.68314915747447e-03 -3.31657428440338e-04 -1.83938942491744e-03 8.61610384861078e-04 2.90067162278724e-06 1.82718309244960e-04 -2.38247503946142e-04 -5.59433157243440e-05 2.07326234097155e-04 6.94608033371164e-05 9.96934166698263e-05 -1.87159282669265e-04 -1.03916993667159e-04 7.39282356365798e-05 -3.19345017342288e-05 8.17204816602670e-06 5.83336099608029e-05 3.03748283819547e-05 -3.31573364870183e-07 1.37658305396023e-06 -3.86507790022385e-05 -1.25694391305542e-04 1.09963473571147e-03 -5.37314998573538e-04 4.27650660474009e-06 2.05154420672285e-05 -2.93022524615468e-05 1.77678479049125e-05 7.24816284451947e-06 8.47929100327681e-06 -9.34934117118154e-06 -8.56191980808981e-06 5.83771192535692e-06 1.05079707762340e-05 -8.70801538372939e-06 1.46698339096519e-04 1.89712239743863e-04 -1.67212769477935e-04 2.16478919752508e-06 -2.19556703991801e-06 1.96815450887616e-05 -9.59726854294722e-07 4.49012149244170e-05 5.48530400397087e-05 -1.62172332145224e-06 1.02226934247376e-05 1.16692029987925e-05 1.50956290583767e-06 -1.92547768733886e-06 4.30849678851095e-05 -7.80733699129900e-04 4.22126873559227e-04 1.97730460701076e-05 8.61407323960720e-06 7.42167508553777e-06 5.03563285649670e-05 1.31018603717332e-05 2.66362169725861e-06 -1.09503337487634e-05 -2.90987610751075e-06 1.42652238485640e-05 -4.29476360455462e-07 -1.69732968797464e-06 2.79030419235746e-03 -1.83045674491833e-02 4.81957964770389e-03 7.06354435761616e-06 -1.87918036920960e-04 3.10270174961434e-04 -9.71943014553703e-06 -7.94146219648302e-05 2.85589385213892e-04 3.44674408866734e-06 6.30086206979317e-05 -4.37171765500096e-05 -4.49916252164412e-06 1.51883538993430e-05 -2.65168032687587e-04 4.50391224554200e-03 -1.01746034300614e-03 9.81454674424255e-05 6.97368532566998e-05 -6.81157264839559e-05 2.08235438727874e-04 1.11525633690977e-04 -1.63553070446800e-04 -1.65726244038837e-05 1.69711130960975e-05 -4.40055598363353e-06 -2.70498026265938e-05 5.39290262288831e-05 1.53412230920688e-03 -7.24766169985735e-03 2.36969709419043e-03 -3.02193476489822e-05 5.18305570137175e-05 -2.18538088855307e-04 -7.40967776608424e-06 3.04353328621723e-04 -1.87348976572567e-04 3.03103262095142e-06 1.68456915017103e-05 -5.59918158274659e-05 -3.96571827426642e-06 -2.53393528780399e-05
 -9.75259517198080e-05 1.02821788406083e-04 -5.11526956869653e-03 -3.48411090092050e-03 -1.93239639585362e-04 -5.10310824210037e-05 -2.40494636849646e-04 5.17044756255722e-03 -3.97603587261165e-03 1.04168828520605e-03 1.08748347673650e-04 -7.90813774831239e-04 -5.38603543383378e-04 1.81196745484495e-04 -6.95365865459752e-05 -2.17230101971246e-05 7.86354570565340e-06 8.19094547260437e-05 2.61915755728190e-04 -9.03230111255778e-05 -2.32001595870943e-05 -6.52481885263443e-05 4.09395938467951e-04 -6.26246955693615e-05 3.42812594002135e-05 4.30450469796143e-05 4.92282325810608e-06 -1.61162343866999e-06 2.27680182362471e-05 -1.41418023714190e-04 -1.35776307732797e-04 -2.74973529483498e-04 1.07012781860238e-02 -4.23167963947955e-04 9.65484751952561e-04 1.21340705657720e-03 5.40109783393331e-05 -1.59466743698064e-02 -1.18599734340393e-02 9.27185017398237e-04 5.84076412649827e-03 3.80602602752431e-03 -3.46727727318991e-04 8.79180398831782e-04 -1.25009147227337e-04 -1.29071249468807e-04 5.69409594543885e-05 1.15028095927540e-04 1.07705154710285e-03 -1.17776968345536e-04 -2.57361937125115e-04 9.02656096045714e-05 -1.00360641718467e-04 -1.45421201249736e-04 1.75489240117659e-05 8.00350274365182e-05 -9.30878030586605e-06 6.60427840628840e-05 1.61888817043463e-05 2.12970221381830e-05 -1.30036502160928e-04 1.87616401562215e-05 8.67934037415090e-04 -3.08677011708816e-05 -3.35435813647376e-04 -1.42019126255260e-04 1.91275901714073e-05 1.04874876888760e-02 6.26291237450307e-03 -8.04798499012458e-04 1.08155492325849e-03 -7.74954558807579e-05 -1.85679795357547e-04 1.43097090597360e-05 -2.69166331913458e-05 4.96028542791566e-05 6.63736898003643e-07 9.18378218935221e-05 9.93168255256606e-05 -4.37834450521670e-05 9.16619836463115e-05 1.49837214044908e-05 1.18483792119419e-04 -5.38734585094832e-05 -6.42557788174348e-06 -1.66685227080972e-05 -1.63810535262182e-05 3.21006415345046e-05 -1.03876561516846e-05 3.32998212451893e-05 4.36889695491636e-04 -1.48175947712323e-04 3.10295705326737e-03 2.27573320660892e-03 -1.84629075840050e-03 1.01893564920739e-04 -2.70203057339390e-04 2.67937252511062e-02 1.81695907417748e-03 1.53750301993482e-03 -3.48886057839875e-03 4.63585729917454e-04 -2.73291853368082e-04 6.25981787187089e-04 -1.48555050035266e-04 -1.07514972279002e-04 5.01380578569595e-05 1.62018156355426e-04 8.42694269209741e-04 -9.04850582644678e-05 -2.01014522717982e-04 9.66229274252660e-05 3.25003000410691e-04 1.77964585015123e-04 -7.04045218143716e-06 -2.91067769255343e-05 8.04294165751647e-06 -1.14469483923077e-04 1.39009376405102e-05 4.63843695801616e-05 -9.85890672740480e-05 1.80079761860236e-03 -9.54809056358664e-05 3.66500851381791e-05 -9.96926339911417e-06 -2.82726675221102e-05 1.23303285014993e-04 -3.39445508625363e-05 -8.24571971403895e-05 1.98841248647878e-05 -3.53384054849617e-06 6.14309858315950e-06 -7.51518218358496e-06 2.66642399545105e-05 2.04781137098371e-04 -1.67941070313897e-03 5.73180391651417e-04 4.54926127709949e-05 -6.33507774866575e-05 -2.12727522847104e-05 1.63220260070583e-04 -1.92403056285481e-04 -1.65187768407058e-05 1.39157620101798e-05 -3.16871305696961e-05 3.68135336164286e-07 5.90873875443526e-06 3.36694242785808e-05 2.26728344861159e-04 1.47799664583092e-03 1.82733046947472e-03 1.28514394717879e-04 -3.45289542043603e-05 1.79256985706711e-06 4.67795908738540e-05 -1.30015826825736e-04 3.66905779079704e-05 -6.21369756175873e-06 3.74529393917820e-06 4.69672653821263e-06 6.48289794525018e-07 -7.32950765936406e-05 2.00556150157996e-04 1.35800859757407e-03 -6.55714390632279e-04 2.95103872130708e-04 6.48164904933991e-05 -9.71943014553703e-06 8.22910972087093e-04 2.34747322424831e-04 -6.61901998288076e-05 9.42147018599346e-05 -3.45392412292448e-05 -1.50538556863850e-05 -1.18275855176388e-04 -2.99055680076998e-05 3.21497144859675e-03 -2.00805398484140e-02 3.88976604038013e-03 -1.17884836787078e-04 3.47530205607666e-04 9.48176607615050e-05 1.84918979276663e-04 3.92476514673438e-04 1.10508633933969e-04 6.01214876026305e-05 -2.96756564365608e-05 1.67681613752304e-05 1.23569142717845e-05 8.78732487100592e-05 8.33989709939589e-04 -5.21975096642062e-03 7.83141208213325e-04 2.75745795030020e-04 -2.74558925198898e-05 -1.02399490455600e-04 7.71167263412730e-04 2.18758663212952e-05 -1.39291722879761e-04 6.91520260254129e-05 -3.89401845539654e-06 -5.23118369493385e-05 1.24892070652976e-04 1.59781870550769e-05
 -1.88332883709990e-04 4.01640304046983e-05 -1.56927239779968e-03 -1.29974991883687e-03 -3.80129305846337e-04 -1.89761841900057e-04 -7.01651806008318e-04 4.16726279958600e-03 1.75272666386970e-03 3.24648671346513e-03 -5.22286690156230e-04 -9.17441634549426e-04 -1.07759110631204e-03 1.04819902316538e-04 -9.63724594032196e-05 -8.54114266891804e-05 -1.78474283875197e-05 4.98679606904360e-05 4.42333541111661e-05 7.26168803169561e-05 -3.86816147593243e-05 -1.67002071550361e-04 3.95295858963221e-05 -6.48435167283912e-06 3.74540088813766e-05 9.63062095362905e-06 -1.43391988966879e-05 -3.64699650834235e-06 3.55992932332371e-05 -6.77826780026331e-06 -1.96915670216440e-04 -9.51148699687827e-05 1.95186467581787e-03 5.83512050261477e-04 4.41353561319019e-04 1.01500075509689e-03 2.77507903472944e-04 -6.27090999905667e-03 -6.26970186773767e-03 5.89418426486202e-04 2.66286996946536e-03 2.03508429469714e-03 -1.06780093568679e-03 3.26693252795165e-04 -4.20650163969098e-04 -6.77155762157464e-05 -2.09740874867298e-04 2.72573183206681e-04 3.86495252095846e-04 -7.00568689240811e-04 -1.40245457621467e-04 -2.70146979917291e-04 1.26947982366011e-06 -1.84783586030573e-05 1.02258050834376e-04 1.20426653434094e-05 -5.29866789453759e-05 9.84851508036132e-06 1.17274651862975e-04 -4.67006594831953e-05 -3.42643780507605e-04 8.62755386399759e-06 -1.43992040173038e-03 4.15267868679993e-04 -1.92840565944042e-04 -1.50907324900089e-04 8.13690524233795e-05 4.74817288128505e-03 6.78648505004531e-03 -7.11102169586259e-03 4.57776673901771e-04 -1.88807302210239e-04 -2.59430298662893e-04 3.86816461103003e-06 2.81539123232516e-05 5.62818226718716e-05 -2.61642296640741e-07 8.99572506841743e-05 7.46943659794626e-05 8.84013237724587e-05 8.89567737609838e-05 -4.18998962228392e-05 2.34241711835670e-04 -6.32712574878097e-05 1.24777818877108e-05 -1.62335182704489e-05 -1.02490161827980e-05 1.58555556794975e-05 2.16306555403202e-05 1.90882509442247e-05 -4.48391212957154e-03 -2.61770792707292e-04 7.52003830310316e-03 2.30264000871355e-05 -2.55468010414689e-05 -3.97990370280496e-04 -2.92837347511927e-03 4.66078021350679e-03 7.38833142710989e-03 2.56068989149554e-02 -6.16632489105515e-04 -5.52812846213043e-04 -4.16525309755141e-03 -1.94026414469122e-05 -5.78555883360806e-04 -3.35141798066110e-04 -9.75855832015849e-05 9.31330889895293e-05 2.16643135469757e-04 -2.02515584970112e-04 -3.01046993512378e-04 1.94666230274294e-04 6.34321418612068e-05 1.13081025883915e-04 1.33896747160584e-05 -4.68215882471972e-05 -3.44093288919780e-05 -5.41864186188285e-05 4.49234031913852e-05 -3.05647535721303e-07 3.49293623157080e-04 1.16097960117350e-03 1.57589883660318e-04 3.33437179881002e-05 2.77340205709022e-05 1.27629943163373e-05 5.32007708988203e-05 2.71541047025230e-04 -3.85367399668448e-05 2.06063170833269e-05 -2.69311180519446e-05 -1.37219344093026e-05 -2.65634732409781e-05 -2.78971307739418e-06 2.42384675575914e-04 -5.21463178728221e-03 7.43873452756875e-04 4.76134951202403e-05 -3.83500088139569e-05 -6.87468690218985e-05 1.85906789698034e-04 -1.39463537882949e-04 -2.66896155811910e-04 -3.69589658759756e-06 -2.76577104637470e-05 -1.66646123145988e-05 -8.55945269248893e-06 -3.57842505463908e-06 -4.18737956091570e-04 4.52801041680179e-03 -1.76557819119017e-04 -2.40918542141250e-05 -3.84979135281264e-05 2.21623279601365e-05 -7.19575566147928e-05 -1.13907785359193e-04 7.23552394843593e-05 1.61341679377572e-05 -1.30447770061613e-05 -4.51695836892352e-06 -2.04392108791497e-06 -1.59563780072815e-05 -1.78385457748290e-03 1.79113974787267e-02 -4.17915267856258e-03 3.58385994039180e-05 4.11134413629599e-04 -7.94146219648302e-05 2.34747322424831e-04 8.82881298401459e-04 2.14033773158385e-05 1.06155855070839e-05 -1.13188816612518e-04 -6.05307353024863e-05 -2.62832694555396e-05 -9.53681919892620e-05 -1.10069202507001e-03 7.85251095278782e-03 -2.71913445336669e-03 2.24938811709893e-04 -4.61212808741416e-05 2.35448991894512e-04 3.31333071258120e-04 -1.04628448094017e-04 5.27000394548164e-04 -5.04743674883485e-05 -7.12706832170979e-05 -4.79264774991341e-05 5.06620001072450e-05 5.67837387006030e-05 2.74477137208920e-03 -2.58131648776039e-02 5.14802435617271e-03 -2.06083259461634e-05 -2.43833915355633e-04 -3.18407249102896e-04 -6.56579182242483e-05 -4.06624103193356e-04 -4.04754485226833e-04 -4.11224563021867e-06 -9.87704920935589e-05 -6.39124944822522e-05 -9.47400576269106e-06 3.16561134399710e-05
 8.28499269256862e-04 -3.64975059766799e-05 1.94743014195054e-03 -1.52441917316545e-03 2.90988813200697e-05 3.55803892677427e-05 6.01758700543498e-04 -2.04764457883376e-04 9.74821413702014e-04 -3.72260164158893e-03 1.97536873856005e-05 -8.44033077594892e-04 5.51896546835813e-04 1.31928525079034e-05 1.39867293630508e-04 1.28943330631667e-05 -4.06662248057090e-05 2.91202186288793e-05 -1.63213299236695e-04 6.61415555243644e-05 -6.47620599722335e-05 -5.71458531253269e-05 -4.21604352174832e-05 4.76320595494434e-05 -4.02696613300106e-05 -2.38244290547278e-06 -9.59158888562941e-06 -6.58613776865570e-06 1.73723314581247e-06 2.73817947113333e-05 2.77821679686767e-04 -6.48718063411038e-05 3.75694002424847e-04 1.19189581108673e-03 -2.23972777906022e-04 7.69207953040123e-04 -1.19668945431360e-04 -8.00685050490031e-04 -4.65419073757246e-03 3.60550016255451e-03 1.52130224493350e-03 1.20852529320340e-03 -4.22150354903073e-05 9.92294375801586e-05 1.87065225503729e-04 5.40566694051231e-05 -2.14626893755209e-05 3.72996157228776e-04 2.06771553049804e-04 4.45312193772530e-04 8.60898166271703e-05 1.83829323652254e-05 1.75981048872003e-04 2.26583736262354e-05 2.84138449932051e-05 4.11573950348481e-05 -1.88207239017240e-05 1.98665553195554e-05 -5.13041778946372e-05 -1.76216238914003e-04 -1.08876945220567e-04 3.31638663283326e-06 1.77841011923239e-05 3.34257269479640e-04 -2.00484309772790e-04 -1.50550105511426e-04 -1.13228403685526e-04 5.63273222331825e-03 4.61378833011362e-03 7.85680295940833e-03 2.46419152766501e-04 -9.82307331055445e-05 -1.17665551782051e-04 -2.81420955458151e-05 -9.98096900591724e-05 2.03923712393318e-05 -4.85605260187244e-06 5.91037061798121e-05 6.38189633793327e-06 -2.38503680867492e-04 -1.69763294626134e-05 -1.51905724965300e-05 1.75183607403715e-04 -4.33407232833236e-05 4.76163094490211e-06 7.76012132313811e-06 -1.32966132691467e-05 1.86766460808097e-05 -4.79906907524135e-05 -8.43807306860121e-06 4.92842101535245e-03 1.38315296479511e-04 -4.25079076708261e-03 2.04274899781831e-03 5.99377870099605e-04 -1.55348465513383e-03 3.22671059521646e-04 -3.85758784002597e-03 1.71881286877220e-02 -1.10272015756416e-03 4.58452172329692e-04 -2.09932299072089e-03 3.24478775474387e-04 -1.24721499650619e-04 1.83564220370733e-04 -3.10636813451810e-04 -5.52129073888227e-05 2.70071203081796e-04 4.65976016995669e-05 7.68906188194306e-05 -2.71535172100809e-04 -1.71666328582337e-05 7.69283708144802e-05 1.61757962940083e-05 4.02049199256137e-05 3.36143179484816e-05 4.73646451475581e-06 -9.93368471672187e-06 9.84862868511311e-06 -1.38021935223801e-05 2.36360458733656e-04 -3.40397863175318e-03 2.14939218160929e-04 5.88999444945300e-06 -3.04994906030324e-05 4.65085937986883e-06 5.98514705324281e-05 -6.45638949015951e-05 8.97502949159640e-05 -1.14469877201668e-05 1.09773899961435e-05 -3.97171164132515e-07 6.37210376863082e-06 2.00170042384375e-07 -1.84092543166624e-04 4.11844492006238e-03 -9.32076849670017e-04 2.00716571345045e-05 5.56636267883584e-05 5.57265496197529e-05 9.95471916250375e-06 2.11489878292625e-04 9.56436255283025e-05 2.82831050680063e-06 3.55549464173571e-05 9.77231434098330e-06 1.77248110622526e-06 -1.02476836569514e-05 -1.73503910074965e-04 1.29129737632140e-03 1.96172546674579e-04 -2.47825190669461e-05 8.86897808622771e-06 -3.43767850519926e-05 -3.43206822745047e-05 -1.40464071380894e-05 -6.35771935806729e-05 -4.12331317407494e-07 1.22614846219986e-05 1.38627078705738e-05 3.72384504796419e-06 5.45974550226804e-06 2.07064526149514e-03 -1.60796859083142e-02 3.62752114287689e-03 -1.81661426403824e-05 -8.91675074588748e-05 2.85589385213892e-04 -6.61901998288076e-05 2.14033773158385e-05 4.30860714015932e-04 8.73436763219131e-07 5.26145461422503e-05 -6.21674634960088e-05 -4.03893314346691e-06 -1.73069387211308e-06 -1.45896921715341e-03 1.24564422621660e-02 -3.23086709131242e-03 2.20425499449048e-04 -2.95025136619921e-05 -5.89596634858413e-05 3.15356023699690e-04 -4.25458871329384e-05 -9.78829134989039e-05 -5.03879049962142e-05 1.89161595451231e-05 -2.21494993338881e-05 -1.59138024335311e-05 6.03490456853718e-05 1.70643044555075e-03 -9.09394095238267e-03 2.60058337726804e-03 -7.52356086544230e-05 5.50072831439352e-05 -2.26573151794671e-04 -7.78063904159070e-05 3.64325055132219e-04 -2.09612514726254e-04 -1.27711995441223e-05 1.94423187733260e-05 -6.25564510418120e-05 -2.64302184725456e-05 -1.98166691293094e-05
 -2.80945206635125e-05 1.34007391346242e-05 -6.30090471760005e-04 -2.57621808139903e-04 -4.42813326636122e-05 -4.66884779092713e-05 6.72304603261314e-05 6.95009733974682e-04 4.31180524842286e-05 -5.09595658000985e-04 1.95945329466476e-05 -1.12969253330205e-04 4.55374710024675e-05 3.21811012592440e-05 1.48425607504695e-05 -4.33240523100620e-06 -5.83419227161616e-06 2.21095164234696e-05 3.52166845801120e-05 -3.95798607953868e-06 -5.10755109496289e-06 -1.27299984066872e-05 5.56881494753591e-05 -8.81403903630906e-06 1.10822389990206e-06 8.21636924357960e-06 4.33034471844037e-07 -2.14482258767433e-06 3.03057231408134e-06 -1.92694036672396e-05 -1.74603240120655e-05 -3.60639469123874e-05 1.90645916632477e-03 -2.24434163664249e-04 1.48796348127820e-04 1.02749587668603e-04 -3.87350468554600e-05 -2.32216483610164e-03 -1.32692933237345e-03 7.91470478430254e-04 6.95911527372681e-04 3.30780047544662e-04 -6.46398060685588e-05 8.49930431950703e-05 2.51913511806033e-05 -1.51891126561976e-05 3.16446681075401e-07 1.97812637089863e-05 1.13050279020603e-04 5.79141034068061e-05 -1.31790389240916e-05 5.82682079700623e-06 1.04029277172989e-05 -2.32375427170069e-05 1.60942443545078e-06 1.40902247818316e-05 -4.65304568726168e-06 1.16728982833292e-05 -1.24486621417517e-05 1.49724711347253e-05 -5.34689738248061e-05 -2.45269443137414e-06 -9.50817441555119e-05 -4.84178759922181e-05 -1.31125711975335e-05 3.56738544045352e-06 -1.51099151163277e-05 1.16384994932443e-04 1.03313184411425e-04 1.12108753435112e-03 9.66267608276173e-05 1.76339800026084e-05 -2.81902855017643e-05 1.08193633201085e-05 -1.51454749935281e-05 -9.31077681237123e-07 1.07716290365605e-06 2.49484256956768e-06 4.20011937706043e-05 -3.54608426832207e-05 -6.56221650720033e-06 4.62051965802723e-06 -6.82995348641454e-06 -2.63446649307196e-06 -1.74246699419660e-06 1.43665864789458e-06 -2.62618040088918e-06 3.96804548718916e-06 -7.93455907180599e-06 1.17581700796291e-05 7.52207765442389e-05 -2.23489795017621e-05 5.25860639153857e-04 4.22766706372034e-05 -2.60629630123495e-04 -1.54238283701024e-05 4.30210323995887e-05 3.31167953975155e-03 4.28618412107367e-04 -2.32700532591005e-04 -4.83900372482476e-04 -3.00236871289474e-05 3.93249120467910e-05 8.40632933801215e-05 -4.57079029633512e-08 -1.50094230393140e-05 1.23002933009530e-05 1.93289841271048e-05 1.06998851924494e-04 -6.25591302305953e-06 -2.81313766205746e-05 1.82862125111235e-05 3.62711395989303e-05 2.39249251058857e-05 3.70145498340827e-06 -8.23545695765115e-06 -2.34352144475774e-06 -1.36796463090435e-05 1.77292473771866e-06 5.69033703882107e-07 7.56460123613661e-05 -7.46080042368503e-04 1.56528084483735e-04 6.39283528869390e-06 -9.92673494412289e-06 6.26558245305679e-06 2.11050213395356e-05 -2.24841188239097e-05 6.97053144436927e-06 2.49707685682053e-06 3.14193515412050e-06 3.38559826327554e-07 -1.25045493533332e-06 4.37013220636098e-06 2.05305362418007e-05 1.65079970908285e-04 1.35107827565834e-05 8.10306569723808e-06 1.83107808282538e-06 -1.55997449267460e-06 1.66796020450350e-05 4.33012394126269e-06 6.16456881125898e-06 3.27931951413710e-06 2.39966061866462e-07 -2.57977309790711e-08 2.05604562123794e-06 3.04456290809534e-06 -3.22931388843870e-05 5.69120848265102e-04 5.98946276310212e-05 8.40476973494329e-06 -7.45724793852873e-06 -6.47914949329314e-06 2.11095249317711e-06 -1.85478075833805e-05 -7.81719135596008e-06 1.18681646509524e-06 2.90312723643249e-06 3.36787680542499e-07 7.94183020595666e-07 -7.15648152724315e-06 4.83475649115013e-05 -3.03806083051640e-04 7.97663769271089e-06 3.72265989351171e-05 1.67049440751446e-06 3.44674408866734e-06 9.42147018599346e-05 1.06155855070839e-05 8.73436763219131e-07 1.40169188731507e-05 -7.45163040064260e-07 -1.80727650263887e-06 -1.48140653234293e-05 -3.18210947341017e-06 3.56760189179074e-04 -2.37866838603782e-03 4.78105091840130e-04 -1.07543101066986e-05 4.55932792144459e-05 7.39739026100072e-06 2.15293543696411e-05 6.14653764374895e-05 8.72776594917425e-06 9.12136938928577e-06 -2.17331071217325e-06 3.15476041636803e-06 1.83181682044527e-06 1.26047965139475e-05 9.03760080084633e-05 -2.15014909063939e-04 6.45837303090754e-05 3.28459074384993e-05 8.10391865881342e-07 -1.06747671248139e-05 9.73951835345432e-05 1.80941165327663e-05 -1.72629148276784e-06 8.95490175858191e-06 1.38251580846840e-06 -5.87241982863698e-06 1.45873252809641e-05 1.38402187395625e-06
 4.70831240561893e-05 -5.89480622560416e-06 3.62011997702210e-04 7.34219014200274e-05 3.37748355058529e-05 8.12859905355858e-05 8.65029469529951e-05 -3.97565445068405e-04 -5.45581894654314e-04 -2.50079869592572e-04 5.24679579551899e-05 9.80403103521635e-05 1.19985573002152e-04 -9.99109463144691e-06 5.23533610774801e-06 1.37453719384073e-05 4.77719715084013e-06 -6.03720492308153e-06 -2.19982734598265e-05 -1.37387166246212e-05 -1.39390032455699e-07 2.38918592294656e-05 -8.39186853983262e-06 4.54267707598560e-06 -6.07169328580357e-06 4.65195244614567e-07 3.44939124253232e-06 -1.69406802142087e-06 -5.13708178090583e-06 2.19654056798282e-06 -8.51625202795533e-06 2.67647019742702e-06 2.68382118199832e-04 -4.99151197157210e-05 -4.70417961933889e-05 -1.00985834517743e-04 -3.46996979163482e-05 -1.52500466822852e-04 5.68312209224180e-04 -9.32539010714625e-05 8.45039229770490e-06 -2.68895022141954e-04 1.31692367907937e-04 -4.76405473260612e-05 5.72445658054564e-05 2.38426970014519e-06 3.22449014734359e-05 3.97237461807081e-06 -3.70332229279445e-05 9.61857391625482e-05 1.65117048283934e-05 4.95378679138600e-05 2.71342523128342e-05 -3.42235208495562e-06 -1.51811327838395e-05 1.88151960119309e-06 8.15294121917075e-06 5.16180168143260e-06 -1.39313694740741e-05 -1.31524743552842e-05 8.66138446122117e-06 -4.57050875920440e-06 9.19236834000874e-05 -5.73931382265552e-05 1.61352449351819e-05 1.59918759773503e-05 -1.07437367891450e-05 -9.93910395439460e-04 -7.02511657164182e-04 1.06390013656198e-03 -2.99643941978823e-05 3.82280935007582e-05 3.91431957558248e-05 8.13358134390962e-06 -4.89915456085541e-06 -6.73938164393250e-06 1.12025712526192e-06 -1.02051516988531e-05 3.53053942809993e-05 -1.60018198336738e-05 -1.83937846802664e-05 1.15543743747272e-05 -2.31357175981276e-05 5.24901001929018e-06 -3.76080349648022e-06 3.54762550140397e-06 1.37690782785878e-06 4.43319355347811e-07 -4.06145426540119e-06 7.24057798066912e-06 1.18267379756681e-03 6.14259401382267e-05 -1.86252860913902e-03 1.97060770352014e-04 2.90413660669960e-05 -2.18769131961350e-04 4.33195533453483e-04 -8.70225807367196e-04 1.95775310385575e-03 -3.78874816206122e-03 4.86160028550219e-05 -3.13623280765311e-04 6.32170936921380e-04 -2.21330958426489e-06 1.03284619430220e-04 -9.24968358677209e-06 6.09450008751117e-07 2.62855071692685e-05 -1.31912550249640e-05 4.38004914646853e-05 -1.82333450070813e-06 -3.99865999568461e-05 2.13143804729511e-06 -1.33702715985917e-05 -8.08290637599121e-07 9.22886501883645e-06 7.30869528422659e-06 4.46716185063230e-06 -5.18493981849976e-06 -8.91358888035280e-06 -1.00674589801172e-04 2.67191872084089e-04 -1.83551574595959e-04 -2.35551575621828e-06 3.45858510695210e-06 -1.09550089450414e-05 1.71652464518384e-07 -2.77853720605524e-05 6.37523956779435e-06 -3.64803010446690e-06 4.34594880538396e-07 3.00008073202166e-06 4.70311985377267e-06 -1.64544388588064e-06 -1.86114164813123e-05 7.07882794888598e-04 -1.48926009240381e-04 -3.33090872473253e-06 3.64278972141825e-06 1.44008454917965e-05 -1.80704753884139e-05 2.32262256893168e-05 4.07593750654293e-05 8.24528950106287e-07 5.16213357640852e-06 4.70594334160967e-06 2.10103843432789e-06 5.06798395179154e-07 4.32531194367832e-05 -5.83991826978184e-04 7.04517649215136e-05 6.79184523609613e-06 2.29290273104577e-06 -8.37911279534142e-07 2.06615857049277e-05 7.39173995381205e-06 -6.87227102962384e-06 -2.95661722823013e-06 9.70706502507961e-07 2.95944697549750e-06 -2.01827822070744e-08 8.56271002215013e-08 6.57070777995254e-04 -5.22566577728859e-03 1.28973958358560e-03 -5.22890974840037e-06 -7.66200295900476e-05 6.30086206979317e-05 -3.45392412292448e-05 -1.13188816612518e-04 5.26145461422503e-05 -7.45163040064260e-07 2.48438639605677e-05 -1.91219886136410e-06 3.11445094044847e-06 1.36571047353596e-05 -5.31169326032169e-05 6.19995531286068e-04 -7.53436010531195e-05 5.15804830470785e-06 1.03085275074366e-05 -4.21627965307061e-05 6.25396994038858e-06 2.86132194180222e-05 -9.21770000544002e-05 1.38010045586453e-06 1.16615631923265e-05 3.70460679393736e-06 -1.12050788016365e-05 4.51546989314873e-06 -1.00393057780399e-04 1.90432297405484e-03 -2.44845148554501e-04 -5.10220711945934e-06 4.24258061843418e-05 1.73894417634846e-06 1.35396083669823e-07 1.07314661115588e-04 1.22178811620805e-05 1.07259643019185e-06 1.47691198112956e-05 -3.37321957229256e-06 -7.14643698494044e-07 -8.68625417149392e-06
 -1.34756996152306e-04 5.10845862852798e-06 -2.52974959940883e-04 2.80464543034794e-04 1.83887596268951e-05 -4.79709335100445e-05 8.78510000099149e-06 -7.77632481021281e-05 2.64262203465678e-04 -8.57522470004974e-05 9.46738627364971e-06 9.76757903756252e-05 5.05397599335318e-05 -4.20721432651071e-06 1.85029677801664e-06 -6.29488238342190e-07 2.99396326004466e-06 -6.17001639963995e-06 2.57090733893791e-05 -6.06993491837621e-06 1.05940736439455e-05 1.64848348699915e-05 -5.09951969176842e-06 -7.48253416125170e-06 1.45147292338029e-06 -1.27023451356809e-06 1.29232192630772e-06 4.99054324568202e-07 -3.27255742602054e-06 1.28816884135421e-06 5.27231832445079e-06 1.98779266319000e-05 -4.98047846155051e-04 -1.60995400632901e-04 -2.26984484421327e-05 -1.97777555410358e-04 -1.66358243309790e-05 1.09878216390018e-03 1.30646094066674e-03 -2.69097254978822e-04 -5.10672051335762e-04 -3.56786807081824e-04 6.60596224435357e-05 -2.36101940788882e-05 1.38317938811287e-05 2.05287037122079e-06 1.26905988488573e-05 -7.41310008281945e-05 -4.60449559374671e-05 1.03755798392963e-05 4.10234077889327e-06 7.50665513860085e-06 -2.78765996300118e-05 1.40002333085465e-06 -7.67099302406357e-06 -7.98978219392036e-06 3.83765931325694e-06 -6.00158543838263e-06 -5.47857065089437e-06 2.77439539223289e-05 5.21697726029376e-05 2.94827915302773e-07 4.66398922993875e-04 -8.68852742478078e-05 3.15198119571831e-05 2.94067956219087e-05 4.20601565061960e-06 -4.20749154374536e-04 -1.12218368759714e-03 -2.32527590100030e-04 -6.37426019657728e-05 4.46666930620979e-05 2.77463611474792e-05 -4.02269636517625e-06 7.75017281521109e-06 -8.27713665721385e-06 -3.39953774115795e-07 -1.63912282241172e-05 -3.53362106954671e-05 1.72834865584226e-05 -6.84146817688432e-06 -6.02566827433304e-07 -3.96029214416042e-05 1.15308370547114e-05 1.80911280135218e-07 1.03250907904831e-06 2.14414439572876e-06 -3.98434625458270e-06 3.63138038061557e-06 -7.15441848072603e-06 -5.17644596773418e-04 -2.25458506091766e-06 1.71037018378268e-04 -2.13644598342165e-04 -4.75568512116879e-05 2.90654062612532e-04 1.39284308052426e-04 -8.14317360392741e-05 -3.32889362514621e-03 -1.32373426422597e-03 5.63126708610497e-05 4.02727341748141e-04 1.97472893210027e-04 8.63936147513202e-06 9.45467682044438e-06 7.48873587390424e-05 1.67818316298827e-05 -5.00131446573994e-05 -3.29738632887304e-05 -1.32257251897442e-06 6.51050108450100e-05 -3.78865106817933e-06 -2.36843247084735e-05 -1.19870177177508e-05 -3.93212076816979e-06 -1.57842813286153e-07 2.26766880950843e-07 7.91118359009506e-06 -3.72078812062687e-06 3.13219297691085e-06 2.56824952483131e-05 -3.08409192653947e-04 1.35164241957252e-04 3.35562848444010e-07 -5.92213403752256e-06 8.40338474909437e-06 -2.67356636298812e-06 -1.81619099859704e-05 -8.12272574186523e-07 1.09001801468138e-06 3.70060070071840e-06 1.44625497696903e-07 -1.01123115320910e-06 1.03578094476303e-06 1.33907535370902e-05 -1.22836624186788e-04 9.68989940780008e-05 -3.09359071129563e-06 -3.96490928967952e-07 -6.95270497553170e-06 -8.73449261504774e-06 -5.68898124019067e-06 2.45457302372307e-06 2.25819515279226e-07 -1.88487792312606e-06 -2.00365022684134e-06 1.47674987021522e-06 4.21761595159042e-07 -6.99888064867803e-06 -6.60687416499910e-05 -1.19445406588422e-04 -4.24140716063715e-06 7.37447124561545e-07 -5.14616425865608e-07 -1.19683864825902e-06 1.23823231830008e-05 -3.00076350648303e-06 4.41146222836389e-07 4.49970746958231e-07 -2.60862056382221e-06 2.51675259631419e-07 2.70668378270726e-06 -2.58160426795673e-04 1.54956114977936e-03 -3.86487100441569e-04 -3.53435564358203e-06 -8.47422259426642e-06 -4.37171765500096e-05 -1.50538556863850e-05 -6.05307353024863e-05 -6.21674634960088e-05 -1.80727650263887e-06 -1.91219886136410e-06 1.41755770190404e-05 3.50541177837088e-06 5.37084490394405e-06 2.60926459526255e-04 -2.21391555272417e-03 6.14205520337570e-04 -4.85212615927479e-05 7.00591095967291e-07 -5.14525191684651e-06 -7.62144348728274e-05 1.09963860663746e-06 -1.40690897380355e-05 9.57450129756705e-06 1.98845564354734e-06 6.26657235284624e-06 3.50988700044117e-07 -1.48090377637979e-05 -4.34333314408603e-04 3.10786503349783e-03 -7.45261728650951e-04 8.28676247248777e-06 5.44857443122913e-06 5.86465326011293e-05 8.08146200541694e-06 -2.96711629170708e-05 6.46151777645178e-05 4.10249524616111e-07 3.95993509009265e-06 1.59041668265115e-05 2.38911486853355e-06 1.35716415098570e-06
 -1.59108809656113e-05 -2.29549825745121e-06 3.92466661872666e-04 4.86852819832177e-04 6.05750077623485e-06 3.64585769405026e-05 -5.59530529940598e-05 -5.25341863950382e-05 1.01184438485219e-04 5.25423346123564e-04 -1.01677445177602e-04 1.71809215933768e-04 -3.72869237751106e-05 -1.69948142706528e-05 -1.33270452331653e-05 7.39239511569895e-06 5.91321235615484e-06 -2.85026904377907e-05 -5.08381225332412e-06 6.65091758613290e-07 1.69654947375764e-05 1.39639666553055e-05 -7.70277631507373e-05 -7.29403843667752e-07 -2.20294771922825e-06 -5.52838399332417e-06 2.34988833924673e-07 -4.61939753572510e-06 -5.25567168226563e-06 2.44401418409161e-05 -8.49350817953868e-07 5.30295070991149e-05 -1.70713203013586e-03 -7.47753716547099e-05 -1.17524632119343e-04 -3.27886225178321e-04 -1.18221554517052e-05 2.01584954445751e-03 2.76565874201027e-03 -1.84321885346989e-04 -7.11961547507038e-04 -8.84830663893732e-04 -2.44272469676600e-05 -1.03097233517824e-04 -1.85388457054218e-08 9.99342898601419e-06 3.15363772943431e-06 -5.15886393189924e-05 -1.31347637364660e-04 -2.69347910646215e-05 3.20775009559167e-05 -2.19588605287512e-06 7.70024379596172e-06 1.87307805254583e-05 -5.19219317204982e-06 -1.78500477689670e-05 -2.22065363870948e-07 -1.05877487021969e-05 3.47765556546792e-06 -5.22720733643674e-06 -1.69972709873177e-06 -5.02459790463811e-06 2.65056266070818e-04 -6.90347250010035e-05 3.53659249249411e-05 4.28070920207852e-05 9.75147700604437e-06 -1.05857185709359e-03 -1.68266095471885e-03 -6.13314004346714e-04 -1.22392928171257e-04 6.66125793751407e-05 3.12396479860396e-05 -3.01823260185080e-06 1.32435804396170e-05 -1.35494645850524e-05 -9.77293708464338e-08 -2.67098906319326e-05 -1.77706479923541e-05 2.69192853977902e-05 -2.34543542816128e-05 -9.26567334809735e-07 -4.27952268670568e-05 1.52701707616692e-05 -6.20017928971931e-08 4.44258201413025e-06 3.40666833102394e-06 -4.24846416822796e-06 6.45076148079640e-06 -5.47745186462565e-06 -5.18704181120988e-05 1.86073814408553e-05 -2.60483089773880e-04 -2.17933742334166e-04 2.61142052373600e-04 2.10688625047718e-05 3.08497323915698e-06 -3.92017873042819e-03 -5.17204921223671e-04 -4.19570159365811e-05 5.27187086086508e-04 2.89207135661955e-05 2.34996784580896e-06 -9.02355309321264e-05 1.33564455030667e-05 2.25136254306243e-05 -6.49612563291858e-06 -3.51579314769703e-05 -1.31794200301483e-04 1.37433225500702e-05 4.12751502112367e-05 -1.13265786762460e-05 -6.25154216551804e-05 -2.84891484878132e-05 -1.27750834692074e-06 2.64137352106655e-06 -2.00595446779130e-06 1.85782812584261e-05 -1.14377072595448e-06 -1.15942292046844e-05 -8.11022273785668e-05 6.25708121941942e-04 -1.31791855085503e-04 1.10665550549967e-06 9.85653672177274e-06 -4.45432342156581e-06 -5.21875577154568e-07 1.59322754527349e-05 -2.23509550118014e-06 -3.34928077741183e-07 -2.30175309079022e-06 1.09702514171190e-06 -2.05577953234526e-06 -5.86249940905594e-06 1.08424712967134e-05 -3.10979245173975e-04 5.91039409828605e-05 3.37303197598222e-07 -3.72948823198567e-06 -3.18343220770655e-06 1.69646388597023e-06 -6.78620213122036e-06 -6.44317492329760e-06 -1.27012891143208e-06 -1.41463560877101e-06 1.91525759365847e-07 3.34719319704946e-06 -3.03950235736796e-06 -7.72330052284008e-05 -8.72945880086243e-05 -2.76986915449953e-04 -1.51541362431637e-05 -2.43242096191477e-06 6.64716982087792e-06 1.12059223002042e-05 1.50642535299321e-05 9.48341957522548e-06 6.14438973880841e-07 -2.57079281432295e-06 -9.48188113965501e-07 -1.54482321572405e-06 6.99898592538333e-06 -7.49293498165247e-05 2.65636587332716e-04 9.59049152523216e-06 -4.44283318240199e-05 -5.20434875012055e-06 -4.49916252164412e-06 -1.18275855176388e-04 -2.62832694555396e-05 -4.03893314346691e-06 -1.48140653234293e-05 3.11445094044847e-06 3.50541177837088e-06 1.93115071527385e-05 3.56389917869447e-06 -4.92239808329027e-04 2.82346065112717e-03 -6.31965714334098e-04 1.83869975536320e-05 -5.33327254579994e-05 -1.24419843486630e-05 -3.87631761819972e-05 -5.29200375353515e-05 -1.10361414329320e-05 -8.18334049743979e-06 3.28016798110329e-06 -2.50822599428852e-06 -1.79021125843048e-06 -1.25270461492271e-05 -1.61965014164261e-04 8.02670509320969e-04 -1.54317437838737e-04 -4.05781941096921e-05 2.40732819832131e-06 1.82072021558645e-05 -1.16464136449615e-04 -1.79284925926707e-05 1.80324236169568e-05 -9.81378786224365e-06 -1.11616408613522e-06 9.13091921719706e-06 -1.83930846146052e-05 -3.06761776835708e-06
 1.83885850412580e-05 -1.87388078533719e-05 6.47625165948646e-04 1.10112412660860e-04 6.39946469630569e-05 4.76509453820932e-05 -2.63108601971249e-05 -1.01529704921504e-03 -3.24298095658747e-04 5.22490078891081e-04 1.06923973129487e-04 1.16937070870175e-04 -7.21034796689275e-06 -2.92727373051659e-05 -1.46286288518030e-05 1.64280374036830e-06 5.47960817348856e-06 -3.83738157894019e-06 -3.51715415643553e-05 -1.60949242856475e-05 -4.55234548975764e-06 1.91114746703208e-05 1.97053595772486e-06 9.07796757641151e-06 -3.62086657493878e-06 -4.28183437399361e-06 1.33387926371185e-06 5.05029667268862e-06 -2.85973966905347e-06 -8.09192445275142e-07 3.04292435076684e-05 -1.32961888644526e-06 -5.91551535894363e-05 6.05333971212481e-06 -7.42273404308891e-05 -1.26402861209756e-05 1.53591735755953e-05 9.71479524783514e-04 1.02585920692177e-04 -7.80657658610490e-04 -3.95395329236988e-04 2.26847284693186e-05 1.86193003414733e-04 -6.10788156640391e-05 1.90572430870160e-05 -1.88636501208325e-06 2.92515584561949e-05 -1.53106786437031e-05 -7.43161908420618e-05 2.77821127757986e-05 -9.69449634760337e-06 3.97999209485066e-05 -1.43335374599334e-05 -2.26546329475619e-06 -1.47043845844486e-05 -1.87918377860853e-06 1.09881148226655e-05 -3.34424221916209e-06 -3.28942162291450e-06 1.31260107074386e-07 1.85354026601816e-05 2.53776730441863e-06 3.12520492568315e-04 -2.01974220522545e-05 2.61825924067406e-05 -1.19699578734230e-06 2.70871446624753e-06 -7.86401368832820e-04 3.48561120515466e-05 -7.74692433286706e-05 -6.89528035665037e-05 4.18213939587128e-06 4.42971169107784e-05 3.97833119371896e-08 5.84971670461649e-06 1.19750399319184e-06 2.50081585620658e-07 4.36091471292573e-07 -6.54483278506119e-06 1.30956724663823e-05 4.67467895541561e-06 6.76672713982746e-06 -9.36252734846908e-08 5.21711327974335e-07 -1.64475261068637e-06 -1.17107313318403e-06 2.17830051924296e-06 -2.73286936356735e-06 1.94618305935016e-06 -2.10816883962951e-06 5.52788806062161e-04 2.62118455451065e-05 -7.83111818093172e-04 -9.93840064187839e-05 3.63134950431206e-05 1.80520046707434e-06 3.23749377388172e-04 -7.89144170960632e-04 -4.53958956836947e-04 -3.08668681833473e-03 9.74021020674631e-05 -2.40442564418051e-05 4.91922247445432e-04 -6.67524663721418e-06 6.68895359702500e-05 2.93705905668746e-05 3.53546451467131e-06 -1.23750652128391e-06 -2.47717268031431e-05 2.72611447994844e-05 2.84682611773873e-05 -3.50254780522242e-05 5.78696945186719e-06 -1.23676062030643e-05 -7.08881544986136e-06 6.34269837399155e-06 7.03342020416764e-06 4.18876724769616e-06 -6.35322736149619e-06 3.70410596443393e-06 -1.37026003003939e-04 8.15871364535589e-04 -2.45273879845877e-04 -1.12642348711865e-05 1.24474778148701e-05 -9.71644007438121e-06 -2.94403454612476e-05 -6.05657122321177e-07 5.37325968271805e-07 -5.17539464595028e-06 -1.79473269476501e-06 -4.37662114721834e-07 6.68593497042242e-06 -2.10663323223217e-06 1.80205507092410e-05 -5.05841461465515e-05 -7.15779214645275e-06 -1.38373651560222e-05 -2.78205058305545e-06 4.77039169515130e-06 -3.86206377896379e-05 1.62465723131976e-06 2.09055588482863e-05 -1.87897421971776e-06 9.47625001590089e-07 1.29936993084850e-06 -3.18954636613154e-06 1.28856195335754e-06 1.05427397611054e-04 -8.50203506807160e-04 9.39148272575869e-05 4.26304943794601e-06 9.42984055003782e-06 6.98852902663495e-06 1.52629130146256e-06 1.43021275394920e-05 8.73136324190160e-06 -2.70284732190619e-06 -1.85749342744749e-06 6.10421903680769e-07 -1.45670188045266e-06 3.26354964275173e-06 2.75075848389666e-04 -2.40046084828367e-03 5.88624225427563e-04 -6.61694031885030e-06 -5.09253672241441e-05 1.51883538993430e-05 -2.99055680076998e-05 -9.53681919892620e-05 -1.73069387211308e-06 -3.18210947341017e-06 1.36571047353596e-05 5.37084490394405e-06 3.56389917869447e-06 1.28823698557032e-05 7.72765704751608e-05 -3.69152057380264e-04 2.33583912194549e-04 -2.02259711922394e-05 1.77380944859654e-06 -3.07251809027158e-05 -2.46858827678616e-05 2.35093307117141e-06 -7.15843976938466e-05 3.65473755668179e-06 8.59509126120345e-06 4.59237070650159e-06 -8.08085680009523e-06 -6.79693238165008e-06 -3.36466528661969e-04 2.87705251848308e-03 -6.14228984561025e-04 1.58689575076083e-06 3.30321017523750e-05 3.51760910770954e-05 -5.31923792601428e-07 5.29072777957440e-05 3.18918172946275e-05 8.55162133698506e-07 1.17790295619950e-05 4.87902688931343e-06 1.78855372838258e-06 -4.26452254537904e-06
 6.31151655829460e-05 -2.51549201437321e-04 -1.06692051416494e-03 -4.16267503018385e-03 -5.94610742239644e-04 -8.65194184055187e-04 -1.14880259145768e-04 -1.37232647964573e-03 -2.81367997329117e-03 -1.01277925086127e-04 2.25742786145965e-03 4.25766770114522e-04 -2.78237300885579e-04 2.60002637761529e-04 -4.48737197004307e-05 -2.20824842850217e-04 -4.83869001260777e-05 5.28688248342547e-04 5.10086353738025e-04 -3.20722505158693e-04 -8.36612948581173e-05 -1.40865516244703e-04 2.06610573677083e-03 7.06684315502061e-05 6.56296613581633e-05 5.47222479003346e-05 -2.17092612231625e-05 1.75712256093677e-04 1.18430735842324e-04 -6.20941447924384e-04 1.59600089937880e-03 -6.77752308252621e-04 3.32986564959055e-03 1.07674006308559e-02 -6.70204282810409e-04 2.92716793187648e-03 4.39653422695901e-04 -8.04098589405984e-03 -3.73804153558956e-02 -4.41780034142337e-03 -4.41001086781175e-03 1.45328976449188e-02 2.32309350067166e-03 7.72947395774945e-04 -2.50573536393918e-05 2.87857901510740e-04 2.41906259161501e-04 -1.04196409667696e-03 1.27941113030426e-03 2.23971748795107e-04 -8.84717247976378e-04 1.87799355163797e-04 -1.40986290267806e-03 -1.56113609217433e-04 -1.78295445775985e-04 3.19018310494423e-04 3.56871528018164e-05 2.46721759408035e-04 -5.34528363350654e-05 1.19707903159919e-03 1.76748436011063e-03 2.23170801377908e-04 1.06269965531480e-02 7.99226597626052e-04 6.00784351844034e-04 -1.19430641122465e-03 -1.98217032528378e-04 -7.94968915443016e-03 2.89506996424079e-02 3.73819162156030e-03 2.57180930950687e-04 -1.41144383037589e-03 -2.04809375964321e-04 5.07395022748353e-05 -1.18002929009817e-04 2.62953855419163e-04 4.39330855453158e-06 4.79849849488576e-04 -3.60524807822404e-04 -1.61889750043780e-04 8.16189828111455e-04 6.25116062765318e-05 3.24575817956264e-04 -1.28766617548743e-04 7.96581329726821e-06 -1.55494572326943e-04 -3.38859551516656e-05 -6.55647788780155e-05 -5.21871434555826e-05 -1.65047860396943e-05 -1.54793281363386e-02 3.38845836695042e-03 -1.17036412914059e-01 1.98132531362532e-02 -1.25766519348875e-02 7.11093287588005e-03 2.10513251567812e-03 1.27324581457715e-01 -8.58574096636293e-02 -2.31100834081066e-02 -1.66605443413001e-02 9.73856828625862e-03 2.84974799795352e-03 3.22289088351442e-03 -5.87258033451642e-04 1.48669277417439e-03 6.76089486561114e-04 -4.30034694667988e-04 2.43863235532569e-03 -4.77357429093166e-04 6.48514894168640e-04 3.21970016592192e-04 1.11910153136492e-03 -3.53797077342918e-04 1.10327028119721e-04 7.52895720626760e-04 2.74285792435791e-04 -1.09815531162366e-04 2.69483495866062e-05 3.81056753153157e-04 -2.31883743826298e-05 -7.04956157420626e-04 5.41074638931498e-04 -1.04164608195999e-04 -1.57746390052683e-07 3.38027247752584e-05 -4.18270347988392e-04 -3.22145207221247e-04 -2.45971953729447e-04 1.77551184444832e-05 2.70278922380149e-05 -1.84942155941358e-05 6.27745753114690e-05 1.08913240724138e-04 -6.18883297528478e-05 -9.56440216017575e-04 3.76638078499714e-04 -1.08777267753600e-04 6.57515986117084e-06 -1.11926802177128e-05 -3.88783847116427e-04 -4.39868354502593e-04 1.90638333858693e-04 3.10047651496395e-05 -5.62426999269488e-05 -1.48045425161816e-05 -7.98190197611515e-05 9.46875552316523e-05 1.34402084527888e-03 1.92189633142191e-03 2.32472598397530e-03 2.59640867215240e-04 -2.13530739958207e-05 -2.85009574705781e-05 -3.03425659842661e-04 -2.04343343099418e-04 2.39963583500157e-05 -8.80617294212444e-06 2.46874418352437e-05 -5.20425183683544e-05 -1.90709465617384e-06 -8.89105818180701e-05 4.67968246109618e-03 -5.19579338936951e-05 4.06442749868739e-03 1.34252326252451e-03 -8.54628479506805e-04 -2.65168032687587e-04 3.21497144859675e-03 -1.10069202507001e-03 -1.45896921715341e-03 3.56760189179074e-04 -5.31169326032169e-05 2.60926459526255e-04 -4.92239808329027e-04 7.72765704751608e-05 3.54407023052474e-02 -2.12638617691434e-01 5.95670512157330e-02 -3.21414889996465e-03 2.58108746147388e-03 6.18878684280909e-04 -1.47525299031068e-03 2.36571656405029e-03 4.06181311337913e-04 6.91013334404180e-04 -1.12441646595857e-04 3.42336281893124e-04 1.47381693745003e-04 -1.67016730759015e-04 4.44760691895275e-03 1.01176741813928e-03 3.81885237241149e-03 1.33763106587927e-03 -8.19838856665177e-04 -1.66668600171000e-04 3.45945804721002e-03 -1.35011364193192e-03 5.33273064607938e-04 2.34130308048177e-04 -8.21414478666225e-05 7.62026713223071e-05 5.99934845929958e-04 1.79135164534351e-04
 1.24980364339128e-03 -8.03114009151018e-04 8.01363082524053e-02 1.27180457887760e-02 7.72537786635268e-03 8.76079591935054e-03 6.30482732016073e-04 -1.03315817662914e-01 1.47822019178801e-02 1.19814409339780e-02 -5.31611901394582e-03 -8.34631225429582e-03 1.87147160109247e-04 -4.18365068842189e-03 4.25735019092964e-04 1.00931545729238e-03 -1.71129465576020e-04 -2.24201901006814e-03 -9.57436403589729e-03 2.69065369703748e-03 -1.28152993725540e-03 -2.89310270483530e-04 -1.11772910815644e-02 1.50379441975683e-03 -8.16071531569546e-04 -6.54181851349046e-04 -1.04075694332342e-04 -2.76098857514863e-04 -3.32352279135974e-04 3.56546526421216e-03 -2.72448067059908e-03 2.11718902793133e-03 -9.04987253941494e-02 -8.23569342785531e-03 -5.66596295907724e-03 1.23184045704005e-02 2.24428244071088e-03 1.31104721000993e-01 4.73810872916083e-02 -6.96218137690225e-03 9.28165853057087e-03 -1.86001500196784e-02 -3.37658745692181e-03 -8.03549829487170e-03 -7.03377478859853e-04 -1.68878224158724e-04 -2.15821510657070e-03 1.23743312830343e-02 -1.05886787671333e-02 -7.22838724722303e-04 3.80718157998876e-03 -1.52180420226892e-03 7.28053853516145e-03 2.02519984405996e-03 1.33824422173268e-03 -1.28523990749776e-03 1.82325393206733e-05 -1.55887728925119e-03 8.38220220225004e-04 -9.12351962755174e-03 -2.74900307608535e-03 -2.84038585087861e-04 -4.88795160841265e-02 1.12934756146921e-02 -4.48542255758968e-03 -1.51817263019198e-05 3.51933974951645e-04 7.04927194824334e-02 5.54865874331666e-02 8.78400181290189e-04 -3.95402388866486e-03 -1.08379542410520e-03 4.05316751874775e-04 -8.78498385352360e-04 -2.17364440386409e-05 2.29122461265368e-04 -1.06445440538414e-04 3.88614526548971e-04 1.03492865851740e-03 -4.38718866506884e-04 -1.57139446966764e-03 -6.59298819288960e-04 5.66452658396057e-03 -1.01172464761579e-03 1.48734204001457e-04 3.47729942823471e-04 4.44203892417271e-05 3.73202539703530e-04 -3.01452392180693e-06 -3.31649849774940e-04 1.20230570206469e-03 -1.67838210827488e-02 5.63343878007674e-01 -9.67337444641665e-02 8.41844100234264e-02 -5.74640337968766e-02 -1.47943678626871e-02 -8.16624481657854e-01 6.53417531604531e-01 1.56698803441862e-01 1.08949224766026e-01 -8.21249429793649e-02 -1.99636174775269e-02 -2.16315417918304e-02 4.04702321192178e-03 -1.19607418000159e-02 -5.20127193763096e-03 5.90059363866938e-03 -1.47110297968697e-02 3.16229958754746e-03 -6.94275784790451e-03 -2.85401165047004e-03 -3.93375236590636e-03 1.67841885647778e-03 -4.70913841403957e-04 -3.17805140444715e-03 -1.11152530186130e-03 4.65875904426125e-04 -1.33188771968229e-04 -1.34584051473001e-03 -2.02704379843853e-03 2.66010102010723e-02 -1.66526074520349e-02 -6.96467543221925e-04 6.89277578216423e-04 -6.95950677934865e-04 -1.01334612533660e-03 3.78250971018420e-03 2.06091182996456e-03 -6.41079483492802e-04 -4.35683046698904e-04 -1.61306288750087e-04 2.57371874197218e-04 -7.43327999697458e-04 -1.40423474701054e-03 2.56786256617035e-02 -1.50650411914167e-02 -5.54873534387109e-04 4.30699706073404e-04 9.19836526607049e-04 -1.12327987511837e-03 4.56188641732641e-03 -5.65636128344584e-04 -4.55945591966123e-04 7.59345776271036e-04 1.81208543459715e-04 -2.70705064098125e-04 -6.98391118659540e-04 5.12906238208623e-03 -7.56567830850933e-02 6.22888000985240e-03 -1.29089094253583e-03 1.49663320579955e-03 3.45858143027427e-04 -2.59152798118061e-04 1.59224467801367e-03 1.19789234366289e-04 -9.99107015240160e-05 -2.37598012577340e-04 4.66916663985837e-04 -3.90494139193115e-05 8.92882940985176e-04 -2.86697760693433e-03 -1.51136366401586e-01 1.48663065697731e-02 -8.34522133157603e-03 4.05675407480745e-03 4.50391224554200e-03 -2.00805398484140e-02 7.85251095278782e-03 1.24564422621660e-02 -2.37866838603782e-03 6.19995531286068e-04 -2.21391555272417e-03 2.82346065112717e-03 -3.69152057380264e-04 -2.12638617691434e-01 1.36753262046266e+00 -3.63515140300646e-01 1.99769988562269e-02 -1.54767889442661e-02 -3.81088533741630e-03 1.31557027036165e-02 -1.67142566340684e-02 -3.27455336128381e-03 -4.83773228727303e-03 8.04480804251806e-04 -2.36649506164665e-03 -1.03165515045292e-03 1.11146331876693e-03 -2.06586373073930e-03 -1.51586638782413e-01 1.50212743268016e-02 -8.82578293805435e-03 4.64978459165769e-03 -1.90942921570591e-03 -2.22507066354969e-02 1.05223256428298e-02 -6.20898267770972e-03 -1.66737841173243e-03 5.49472369035487e-04 -1.16553108838114e-03 -3.78895120099954e-03 -1.07383864281859e-03
 -5.74317319185243e-04 -8.45621537721796e-04 1.33446271540764e-02 1.25239332615377e-02 -6.89974652008962e-04 -3.60766429108845e-03 -5.01993137081811e-04 -3.22988230648877e-02 3.19096668817022e-02 6.90486991269294e-03 5.76728896860349e-03 2.81508575231037e-03 -3.28360285299024e-04 -1.37925957902333e-04 5.97286046865294e-05 -9.02140757231475e-04 -3.09352024928687e-04 1.43916546849598e-03 -2.03315166006032e-04 -2.94481375805905e-04 -3.64721182001293e-04 -4.17064580210218e-04 3.43210544058056e-03 3.72680865266379e-04 3.19842879554596e-05 6.35314059780048e-05 -6.91084915520539e-05 4.24857619417380e-04 2.56309897124245e-04 -9.79743356247255e-04 1.24546891171586e-03 -1.07093081352171e-03 7.90569109638692e-03 1.56585274631581e-02 -2.69866100724059e-03 2.35406872979477e-03 5.51908234456155e-04 2.63587204019116e-02 -4.60771256821959e-02 -8.19413501278242e-03 -3.26268375313433e-02 1.95446418620363e-02 5.61132485228587e-03 -2.71900874361442e-03 5.16125938417582e-04 4.10431897579896e-04 -4.42132893237321e-05 -2.50804423534457e-03 -2.72175407583506e-03 1.00866797551245e-03 -1.57285884401457e-03 -2.90240525614423e-04 -2.86810224630826e-03 -4.17676828258528e-04 -4.40657680204916e-04 4.40712524914452e-04 4.76997197838988e-05 2.83155611767397e-04 -3.20130049903504e-04 3.07931082888121e-03 8.63099762415790e-04 3.70571584242296e-04 3.47823743134345e-02 -1.11035205836193e-03 3.83329417971073e-03 -1.51947572150836e-03 -5.95606610306666e-04 -1.09982696349073e-01 3.52695958666239e-02 1.53605721197126e-02 -5.09979577445062e-03 -6.91080611115344e-04 4.10304509464440e-04 4.70735985475499e-04 -1.83452531082113e-04 2.91199916172908e-04 5.88942661377948e-05 5.43436260648981e-04 1.08871353729742e-04 -2.77472484300683e-04 1.11368808173343e-03 1.90379593567013e-04 1.03135433956455e-04 -7.80625777205887e-05 7.37054877280003e-06 -2.12789005936699e-04 4.39997834035728e-06 -2.88055164624424e-04 -1.12053307532156e-04 1.76758595081102e-04 -5.17213326715576e-03 6.35472864811627e-03 -2.11632765541373e-01 1.41758972757552e-02 -2.12409603250570e-02 1.51083404490784e-02 4.01028319419312e-03 1.77215146874772e-01 -1.94809275511972e-01 -4.17643381654999e-02 -2.51887461303074e-02 1.63615507856665e-02 4.49168308421730e-03 4.72532096502223e-03 -9.85166281637027e-04 3.41290467721701e-03 1.29298772109448e-03 -1.69504647437880e-03 2.42823067477883e-03 -7.95800776016494e-04 2.01935057103693e-03 5.82989592517191e-04 1.38281114870296e-03 -1.04553029488446e-03 2.10351029841375e-04 1.27396719399721e-03 3.98103431729876e-04 6.85299524917840e-05 7.13992994879286e-06 5.82287019835478e-04 2.39557380605717e-03 -2.09583387572705e-02 4.11326265773919e-03 -4.74670277050050e-04 1.08222777053064e-04 5.06045068969240e-04 -1.86113056143713e-03 -2.99419693515572e-05 3.40462942706074e-04 -7.28678695881734e-05 6.17301766067207e-05 -1.79066958179690e-04 2.10393335535471e-04 1.21187380347576e-04 2.14513209277777e-03 -2.03373510933349e-02 3.61740899103405e-03 -5.45263650116195e-04 2.20411022467032e-04 -3.53978994174018e-04 -1.93310841970805e-03 -4.24426714381582e-05 -1.30434222620526e-04 -1.63754019551135e-06 -1.96170367947283e-05 -1.28101638411444e-04 -2.83405677263046e-04 8.05031632406908e-05 1.98039036894063e-03 4.47911553199082e-03 -5.28007819294529e-03 -1.14680281029714e-04 1.51064370507048e-04 2.91677394652915e-05 -1.23149298945097e-03 -2.79047888821293e-05 1.37909660358477e-04 6.72789757492226e-05 5.59882204342067e-06 -1.62487546315341e-04 -4.10316446888695e-05 1.79044232847379e-04 3.51640642494540e-03 2.90708219024422e-02 1.77875005434620e-03 1.79867312984378e-03 -1.55160439055029e-03 -1.01746034300614e-03 3.88976604038013e-03 -2.71913445336669e-03 -3.23086709131242e-03 4.78105091840130e-04 -7.53436010531195e-05 6.14205520337570e-04 -6.31965714334098e-04 2.33583912194549e-04 5.95670512157330e-02 -3.63515140300646e-01 1.09602112824481e-01 -6.04269316839901e-03 4.06869410802490e-03 1.06245775082542e-03 -3.77310400081272e-03 3.76602982975791e-03 8.20618506847878e-04 1.30401911419747e-03 -1.84678577517672e-04 6.71823507810086e-04 3.19465730611351e-04 -6.55668742668498e-04 3.19885737185766e-03 3.14362223324179e-02 1.19598032008383e-03 1.89383785322117e-03 -1.62656529657528e-03 3.31728576271545e-04 4.49609366688811e-03 -3.34099767660738e-03 1.76637123609659e-03 2.99620835613503e-04 -2.29321703477337e-04 3.56331228233939e-04 8.42032386149441e-04 3.66420008952836e-04
 -3.65976838295505e-05 5.16222607990611e-05 -9.08704038414938e-04 -6.66725726054686e-04 -1.38369596540499e-04 1.67427641631342e-04 4.20299723334280e-05 2.90910106067353e-03 -1.32574683253275e-03 -5.30730614865379e-04 -4.62419289957241e-04 -3.09998732220284e-04 1.07049526016043e-05 6.30222977453693e-05 -7.18904682229168e-06 3.13289967857438e-05 1.52962089490994e-05 -3.29855615145616e-05 2.33409485683127e-05 1.34410561835614e-05 -1.10980629541687e-06 1.13597788538842e-05 -1.17965088815748e-04 -2.18925317819545e-05 5.80665184589194e-06 1.04744174947476e-05 8.10211581704471e-06 -2.39558775683388e-05 -7.53039435640651e-06 2.55763093773511e-05 -2.01704043671399e-04 -9.37152444048259e-06 1.89778842420418e-03 -8.43512143883170e-04 4.05654988588688e-04 1.95956962260384e-04 -1.42396368554437e-05 -5.89660700735772e-03 -1.88507830508168e-06 6.45637768557427e-04 2.86012824130235e-03 -2.59399847187350e-04 -3.40987654401959e-04 1.73562757787089e-04 -4.15092592215264e-05 -5.50972973915064e-05 -1.86247608688567e-05 2.23746601240476e-04 2.18199266606798e-04 -6.18800246638423e-05 2.87913659021702e-05 6.26826239273706e-06 1.54527279986271e-04 -1.25933215095458e-05 2.46784497524917e-05 -9.99297902875860e-06 -5.62841147571453e-06 7.59217857830377e-06 1.66563584066716e-05 -1.44795131156802e-04 -7.09224490472688e-05 -1.55149598334731e-05 -8.76104046906418e-04 2.84469613780796e-05 -1.73135839677527e-04 4.06213972134132e-05 2.33544604087031e-05 2.96602304133151e-03 1.20899963512967e-04 -3.95447026973458e-04 3.43716794887618e-04 8.12637850375333e-05 -3.00026376165146e-05 1.72427535144718e-05 2.86989756637485e-07 -4.08961233847070e-06 1.90180542696031e-06 -6.42702317341240e-06 1.57717530607169e-04 -9.63102115972174e-06 -5.19507554575090e-05 4.67356685976993e-06 5.65135267969710e-05 -1.43259446254249e-05 -5.30897800714737e-06 1.08732880377982e-05 -1.91480472064912e-06 2.10803667891978e-05 -7.48299912710635e-07 3.16833510035142e-05 -1.41124575855974e-04 -3.84832214976709e-04 1.24381590250973e-02 -1.15983209717023e-03 9.02034232282309e-04 -1.13601790755223e-03 -3.30513680548868e-04 -6.51514731153288e-03 1.42309470332153e-02 3.26524579962921e-03 8.41082547570966e-04 -1.49723856038184e-03 -4.04126245496630e-04 -1.78684065209673e-04 3.86964509306787e-05 -2.75747529228148e-04 -8.05298201287190e-05 1.44129418746907e-04 9.45988956353814e-06 4.14559946535304e-05 -1.98627217068675e-04 -2.59463428976927e-05 -3.10676121463851e-05 9.49441862184831e-05 -1.04327904146445e-05 -8.63942489820152e-05 -2.36558590345903e-05 -2.61984000537180e-05 2.82636653745014e-06 -4.49028674637424e-05 -4.95132084263760e-05 5.99190206456063e-04 -2.16988876463550e-04 3.68795541407045e-05 -3.23322492445452e-06 -2.67179925657541e-05 1.21675723449598e-04 2.08333724903378e-05 2.55723980913645e-06 7.99456011855013e-06 -7.23102447454141e-06 8.09619976996438e-06 -1.22877955926900e-05 -4.56494110032899e-06 -7.64666906811777e-05 7.42173611192940e-04 -2.48501853288748e-04 4.15223371440717e-05 -5.90479229879662e-06 1.93793148392860e-05 1.25842646940298e-04 2.34789911230027e-05 -1.63165661132458e-05 4.39090067439518e-06 4.26985526001428e-06 7.09458153337955e-06 1.59484605066860e-05 -2.45680236812755e-06 -2.27678247761424e-04 1.23158366106877e-03 1.39860646240024e-04 6.29548598747729e-06 -2.87589581770854e-05 -5.65803822021349e-06 5.59416757042821e-05 -5.72252826395030e-05 -1.54936009743127e-05 3.03809859342618e-06 7.43676512107218e-07 8.27699175377573e-06 4.06420857280015e-06 -1.83260383262341e-05 9.49542213887167e-05 -3.06146484591345e-03 2.76953016996027e-04 -6.29928368333327e-05 9.29419137687315e-05 9.81454674424255e-05 -1.17884836787078e-04 2.24938811709893e-04 2.20425499449048e-04 -1.07543101066986e-05 5.15804830470785e-06 -4.85212615927479e-05 1.83869975536320e-05 -2.02259711922394e-05 -3.21414889996465e-03 1.99769988562269e-02 -6.04269316839901e-03 3.73831679587980e-04 -1.76318647065145e-04 -4.73906173477726e-05 3.09729469580100e-04 -1.38651424869368e-04 -2.97334776015270e-05 -7.02012943015251e-05 5.15070556153201e-06 -3.94293036830507e-05 -1.79963495333550e-05 6.28452545664101e-05 2.58575092502344e-04 -4.64205311163349e-03 6.33731075752773e-04 -7.92922873858953e-05 8.60378065030489e-05 -8.00500500820571e-05 -1.69708332815980e-04 2.27337890886511e-04 -1.59327448191347e-04 -5.63634345936956e-06 9.07106276780200e-06 -4.09641014752201e-05 -3.37452714807891e-05 -2.08135446473340e-05
 2.86554688398764e-05 2.44105442999990e-05 -1.47401780725693e-03 -5.23242438964530e-04 -1.77523923307628e-04 -8.57032713258087e-05 4.34325070201373e-06 1.82963600247480e-03 -8.08953032357339e-05 -6.26901641662930e-05 1.04000136328205e-04 -1.77823829735536e-04 -3.94296045242362e-05 8.53532179688091e-05 -1.35107340126763e-05 -3.26072344892779e-05 7.59135569253873e-07 7.28340559939875e-05 8.53670235202028e-05 -4.06530298457637e-05 -2.18151436675340e-05 -4.54179853242357e-06 2.11902032906962e-04 -1.19685752595267e-05 1.30476338574957e-05 2.20055741636327e-05 7.25319510107265e-06 2.88044796128998e-06 8.84814420760168e-06 -6.46425093804036e-05 -1.24230224932557e-04 -1.07630114635588e-04 4.51562323268977e-03 1.56357908816666e-04 2.56437782535239e-04 2.00172207997993e-04 -6.01412725883291e-06 -6.27942312502792e-03 -3.64184543898024e-03 1.80222716245565e-05 1.33755296589671e-03 9.81218057160701e-04 4.25922595587630e-05 1.54270438798752e-04 2.14969770782383e-06 -3.49773863279173e-05 2.48092445259931e-05 -7.60440639477457e-06 2.53138577345518e-04 1.68339870581770e-05 -9.52181831647396e-05 4.22965225336521e-05 -3.04157756913453e-05 -6.76346887877920e-05 -1.64830552276754e-05 3.99831682065356e-05 3.93220328219630e-06 4.64377142346024e-05 -8.76970407256595e-06 9.17090061703363e-05 6.28005400020338e-06 -1.85454820023682e-06 4.52385650349680e-04 -1.42140860268036e-04 3.65041552283246e-05 -4.02465419421348e-05 -9.03721709995700e-06 -2.28771091644160e-03 1.22759172258879e-03 4.94161629656793e-04 1.92736380803304e-04 2.95190476841738e-05 -6.77079722631501e-06 4.60569678470352e-05 -9.39009980674428e-06 9.80080421396465e-06 5.53787280499105e-06 1.99353916353621e-05 1.45818322545495e-04 -1.75266564120180e-05 1.97795258807641e-05 2.62630685219702e-05 -1.60111922074973e-05 -8.55085752641681e-06 -7.70670000461991e-06 -4.07770600513648e-06 -2.22222384322159e-06 4.12468120170416e-06 -6.86607257182045e-06 4.16972225927109e-05 1.36038542932785e-04 2.41456310629884e-04 -8.48453401247555e-03 1.53834085243721e-03 -1.26552422902061e-03 4.57193153747150e-05 2.38269995004048e-04 1.32280968967444e-02 -6.07516510673371e-04 -2.45444667573650e-03 -1.97777725720534e-03 -1.98243405391035e-05 3.67362229170843e-04 3.45382241158414e-04 -1.05399429732866e-05 -5.81709306519851e-06 3.87129571816682e-05 4.51904257728515e-05 3.49130747920588e-04 -1.41876465015239e-05 -5.55379222456117e-05 1.11418335564455e-05 1.27036629476080e-04 1.23045103106393e-05 7.79698296164276e-06 3.92437687580279e-05 2.09734308224057e-05 -2.96012826152098e-05 4.89354762690903e-06 -4.55708604723711e-07 1.06971336446710e-04 -6.80127791111610e-04 1.43460241329985e-04 1.64438810486921e-05 -4.48083055512109e-06 6.50401558302090e-06 3.01741087472874e-05 -2.96972538550461e-05 -3.33281033143076e-06 7.39260292962167e-06 9.87048424109038e-07 9.75565619357667e-07 5.25687339933225e-07 9.51886407906368e-06 1.55772635376214e-04 -8.74829998069316e-04 2.04758251416505e-04 1.38744967453307e-05 -4.99712189713624e-06 -1.27882816652265e-05 2.63109709065161e-05 -2.92893622483023e-05 1.31412265250583e-06 7.81037253763784e-06 -5.00012153307038e-06 -1.52321939324825e-07 2.11727678151547e-06 1.05078678597961e-05 -7.35760598096033e-05 1.58467873212212e-03 1.09801919488658e-04 2.90772012798401e-05 -2.43477760521294e-05 -4.53911204092257e-06 5.93845159780141e-06 -5.55326579014534e-05 -3.88722400661407e-06 1.54262015070445e-06 2.77052399907519e-06 -8.75259933858504e-07 1.57796206819637e-06 -1.92137401677451e-05 1.07441938441167e-03 -4.69303719142639e-03 1.47677659212583e-03 1.42174748650278e-04 -9.19710514909355e-05 6.97368532566998e-05 3.47530205607666e-04 -4.61212808741416e-05 -2.95025136619921e-05 4.55932792144459e-05 1.03085275074366e-05 7.00591095967291e-07 -5.33327254579994e-05 1.77380944859654e-06 2.58108746147388e-03 -1.54767889442661e-02 4.06869410802490e-03 -1.76318647065145e-04 2.52594648458921e-04 3.64037123494205e-05 -3.83126273302561e-06 2.97610592315938e-04 5.50367420777426e-06 5.55155659277120e-05 -9.48422404253569e-06 2.54314385780953e-05 4.24422309500993e-06 2.78966835362549e-05 8.28314854170636e-04 -2.73737499726259e-03 1.04945404126943e-03 1.27733128502503e-04 -3.98477500310439e-05 -9.19625451026339e-05 3.57649601209882e-04 5.74758048770896e-06 -3.73811495724988e-05 3.22948938965436e-05 -3.48468834815892e-06 -2.21104114856868e-05 5.94271661545726e-05 5.41882432564305e-06
 6.89286025413055e-06 -2.05245173803162e-06 -8.70668914387301e-05 -7.85263648518187e-06 -1.04491520199115e-05 -3.37758764847188e-05 -9.70429658282816e-06 -1.46948597817042e-04 2.38419913399306e-04 -9.15931993097546e-04 4.08503383404027e-05 -6.31472115874992e-06 -5.17856038942918e-05 9.61681130842053e-06 2.91741320374256e-05 3.15863848754975e-06 -1.88490290095046e-05 1.44025441586533e-05 1.95129130411062e-05 4.67411009997572e-05 2.17416822315369e-05 -6.16470908212538e-05 3.65409260092169e-05 1.85021002405217e-07 1.00634257431457e-05 4.32831816232286e-07 -8.81683082081706e-06 3.41277156557847e-07 1.41451525272216e-05 -7.27184745899806e-06 3.76949957646401e-06 -1.21741374832381e-05 4.04289933098834e-04 1.15191653264437e-04 -2.35800177132972e-06 1.26516901816320e-05 1.82212736425648e-05 -1.14283454332478e-04 -6.57754349630344e-04 1.25841560816872e-03 -1.40874961971460e-04 2.04195677276417e-04 -3.83384920055262e-04 9.72453737742252e-06 -7.37341940965280e-05 1.42685983070720e-06 -1.05186779101640e-04 -4.08931079725073e-05 1.92302785525575e-05 -1.32274070105045e-04 -2.14044810948685e-05 -1.48785914077933e-04 -4.80073841507506e-05 -5.88157524452610e-06 4.23298842183864e-05 4.20849233124917e-06 -2.76125072669221e-05 5.57928300769813e-06 1.79931785278149e-05 3.37279863721607e-05 7.90036283016712e-06 1.34231168334105e-06 1.26589005456512e-04 -2.14355266773492e-05 1.95430179280265e-05 -9.39641958396734e-06 4.20119232138901e-07 -6.35385729622845e-04 2.87341989804031e-04 -8.47033399071961e-04 -1.38545308984910e-05 1.00015095173539e-05 -9.16142877540221e-05 4.00063202009371e-06 -3.07429807169873e-06 1.42343172200625e-06 6.80194750870773e-08 3.13400893599884e-06 6.18862113451327e-06 -2.11786197750876e-06 1.16644263282729e-05 -1.84637208895674e-05 -7.81608497050588e-06 3.84901420061795e-07 6.34557998616841e-06 -2.04114218402749e-06 -3.71780605317579e-06 -1.23599270333180e-06 9.96652366589141e-07 3.67617168173848e-06 2.83783541315050e-05 6.69988681981099e-05 -2.22246948687145e-03 3.08259733712432e-04 -3.47373189758791e-04 2.40915764324500e-04 -1.03437343710621e-03 3.23744753180488e-03 -2.62570060717371e-03 9.48884659834500e-03 -4.96190868449350e-04 3.46409789122949e-04 -1.55531463026111e-03 3.83721968471945e-05 -2.40516233449628e-04 -2.48343475320760e-05 -2.16907994130489e-06 -3.67859203113980e-05 1.80307171613383e-05 -1.02097759335142e-04 -2.56860141298553e-05 9.97485875501863e-05 1.34218437980212e-05 -5.81791757073482e-06 2.13527497273151e-05 1.12766790310814e-05 -1.12839257593006e-05 -2.69189291835540e-06 1.65329925452144e-05 9.55752904125159e-06 2.31249832687028e-04 -9.87256364626677e-04 3.42244053820293e-04 -5.97543626468456e-06 -1.67677535426702e-05 1.11626403234635e-05 -3.02256404611096e-05 2.55628315393249e-05 -2.91881927609918e-05 4.34756520275005e-06 -1.09451734434811e-06 -3.90193720644231e-07 -6.43259174076755e-06 5.89947754229413e-06 -2.11171946464152e-04 6.84248291120872e-04 -2.70838606154154e-04 3.40590066848478e-06 1.34759272723415e-05 7.68436257172131e-06 1.17973345807206e-05 -2.55091294286087e-05 -4.58887090460362e-05 -2.28781973787256e-06 -1.31505263833842e-06 9.21377721467842e-08 -8.01561856627336e-06 -4.78708038030243e-06 2.53485194364002e-05 7.17313010277846e-05 1.92195606820234e-05 1.87769409012788e-06 1.68298523752574e-06 -1.41122727247450e-05 -9.34146168601452e-06 -1.68054814897574e-06 -1.46602241103580e-05 -1.52836159683447e-07 2.41052289862287e-06 -9.05119438932360e-07 2.37181848459368e-06 -1.03774122882488e-08 -8.65237723204705e-04 8.56302742030236e-03 -1.81248927054568e-03 2.65316329893299e-05 1.30683809343477e-04 -6.81157264839559e-05 9.48176607615050e-05 2.35448991894512e-04 -5.89596634858413e-05 7.39739026100072e-06 -4.21627965307061e-05 -5.14525191684651e-06 -1.24419843486630e-05 -3.07251809027158e-05 6.18878684280909e-04 -3.81088533741630e-03 1.06245775082542e-03 -4.73906173477726e-05 3.64037123494205e-05 1.15522314900684e-04 -1.05051207137102e-05 1.89393885264640e-05 2.41730049494487e-04 7.87611107237240e-06 -3.01416149996751e-05 -4.71004920433593e-06 3.10733483200109e-05 -4.11086218507684e-06 1.07171003331036e-03 -8.79697858685851e-03 2.04525943084418e-03 5.72887377174786e-06 -1.42711111419794e-04 -1.04831773169049e-04 5.18954162343673e-06 -2.71236742682740e-04 -8.03441607079019e-05 -4.66213981864173e-06 -4.81406785523184e-05 -7.50512260024382e-06 -1.70666227206067e-06 2.26496140380387e-05
 -2.47355306376906e-04 -2.75693050835749e-05 7.08933446025053e-04 -1.91731430579202e-03 -1.53054475079913e-04 3.28869581633542e-04 6.01052280279084e-05 -1.16572576626295e-04 -2.89253475362240e-03 -4.47376606765689e-04 -1.14720075087665e-04 -6.28779997093940e-04 -8.70476489552757e-05 3.61614962015107e-05 -1.05163214536321e-05 1.57016902299448e-05 -3.53997235911711e-06 6.78667943679199e-05 -1.60106111816055e-04 1.42036889168404e-05 -9.33661130409709e-05 -5.92137913645113e-05 1.38097715238016e-04 4.40124803513046e-05 3.37351984591147e-06 2.08657682477675e-05 2.28241380811734e-06 1.44629362936607e-05 2.23407030399206e-05 -6.01308578178163e-05 1.42341950351323e-04 -1.96432412829945e-04 2.10303213550234e-03 1.77805499771919e-03 4.41550859296728e-04 2.14903323175504e-03 2.20321149103564e-04 -9.68246163126823e-03 -1.35377358856785e-02 -4.22830716751641e-04 4.11424557711911e-03 4.59733606440115e-03 1.01381119512971e-04 2.61511787128602e-04 -1.05269658131621e-04 -2.18094849036628e-06 -4.04641769622912e-05 5.52003884069107e-04 4.09821508934257e-04 -3.84886807291543e-05 -1.07385292961355e-04 1.22678235714500e-05 7.57319188304375e-05 -6.26197344209324e-07 3.12148053205097e-05 5.87024721018254e-05 3.12449782388426e-06 4.13446817595170e-05 3.82258573872396e-05 -1.61659960475579e-04 4.33911612062935e-04 4.03781278552026e-05 -1.78072090667257e-03 9.27992489876439e-04 -2.27109249281024e-04 -3.56486388403563e-04 -2.75771768090191e-05 3.28394476306603e-03 1.32425382121420e-02 1.34335602929541e-03 5.15954408052141e-04 -5.50113405869730e-04 -1.41194432211398e-04 3.28000493471806e-05 -5.46206863590049e-05 1.03846231715158e-04 2.91536500441655e-06 1.93748883533909e-04 2.53004760122260e-04 -1.18372847723977e-04 1.53844143988658e-04 1.29935682421623e-05 4.57520490320549e-04 -1.21331032936263e-04 -2.79182104606354e-06 -2.69184539825871e-05 -1.63717066610394e-05 2.94448398977633e-05 -2.72722751517228e-05 5.37380313992309e-05 -6.08535259662703e-03 -2.69600409441964e-04 6.51058954641816e-03 8.61651607504913e-05 3.57270628341281e-04 -1.61074137082868e-03 -4.25075429133053e-04 3.04654167584468e-03 1.90395314247910e-02 3.78062230034898e-03 -3.84785562584164e-04 -2.31926716468816e-03 -5.14010043454693e-04 1.85498812019136e-05 8.38194423657271e-06 -4.15911791958410e-04 -9.52799971964955e-05 3.24617662216353e-04 3.68411164289126e-04 1.80240870591373e-05 -3.99051375373898e-04 -2.69859737820555e-05 2.17856737366011e-04 1.45016383209717e-04 -2.50521022431308e-06 -4.05953354341745e-05 3.55372001902108e-06 -8.34590316723919e-05 7.21673039813572e-06 1.24447537761135e-05 -1.43188074879193e-04 1.61239865491907e-03 -8.02870712347659e-04 -1.08756206815601e-05 1.98095396379649e-05 -5.84128221224766e-05 -1.84297266471998e-06 7.13989111992760e-05 4.97031626745359e-06 -6.40293908251412e-06 -2.08067018556476e-05 -1.58540373071318e-06 1.52671924471777e-05 4.44039200646606e-06 -1.77978203891306e-04 1.79182043736070e-03 -8.56100155163582e-04 2.57528354812144e-06 7.31466876280307e-06 6.39625739785989e-05 1.24450824111176e-05 6.20623714192655e-05 1.52580911176370e-05 1.49010597814227e-06 1.76728641800040e-05 1.35945644929718e-05 -1.64008824610747e-05 4.77149430012520e-06 4.60864925966059e-04 -8.55810393985551e-04 1.51722271649484e-03 7.02469949544903e-05 7.77145999057808e-06 -7.32619319375537e-06 -2.59487552816364e-05 -1.22339451983105e-04 -1.12745677137705e-05 -9.86270737010749e-07 1.48328561330122e-06 1.41562578693600e-05 4.40374829341017e-06 -3.26913332743299e-05 1.25573346456431e-03 -8.76264743474131e-03 1.74028564785455e-03 5.42032175888473e-05 5.37385682282178e-05 2.08235438727874e-04 1.84918979276663e-04 3.31333071258120e-04 3.15356023699690e-04 2.15293543696411e-05 6.25396994038858e-06 -7.62144348728274e-05 -3.87631761819972e-05 -2.46858827678616e-05 -1.47525299031068e-03 1.31557027036165e-02 -3.77310400081272e-03 3.09729469580100e-04 -3.83126273302561e-06 -1.05051207137102e-05 5.50749215477296e-04 -5.79451732359758e-05 -2.74293920950802e-05 -6.52009353024406e-05 -6.40391336056175e-07 -4.09994547887371e-05 -1.80110148411986e-05 9.62896198333146e-05 1.57246799991781e-03 -1.17431454454078e-02 2.43840936148012e-03 1.10951468410038e-05 5.57138130762880e-05 -2.31714582984554e-04 1.01760366514485e-04 3.24848289564258e-04 -2.98599515183399e-04 1.37341593155532e-05 1.07654614290641e-05 -8.74946895513118e-05 1.37601214220699e-05 -1.17855526351736e-05
 -4.94753175217628e-04 1.35974034298051e-04 -4.87356266888608e-03 2.77230762082180e-05 -2.52911276903799e-04 -3.13949533483337e-05 2.28582279800941e-05 5.27805068047826e-03 -1.21022332447095e-03 -4.67705038730647e-04 1.64551569543632e-05 1.25520778885581e-04 3.02555440126575e-05 1.71101342995302e-04 -3.12159366496005e-05 -5.33134457333873e-06 2.48991344613369e-05 4.53051345174442e-05 2.82504368346108e-04 -8.10009419704990e-05 4.34450082362935e-05 5.59553651929140e-05 1.90159596044160e-04 -8.20103990213755e-05 3.23527218808600e-05 4.53421456070219e-05 2.51949647558555e-05 -3.31267836540110e-05 -6.94083110416681e-06 -5.95975136701870e-05 -5.87797590923068e-04 -7.23382028071999e-05 1.08900776992244e-02 -2.45932879317998e-03 6.80050485592539e-04 -1.14028399152187e-03 -2.08800759986481e-04 -1.27189872507382e-02 3.39995132331457e-03 9.78443143219008e-04 2.91523013709208e-03 -2.18092494379476e-03 -4.00218013722014e-04 2.23778154560664e-04 4.65795599094491e-05 -1.39776325558552e-04 5.23092583186514e-05 -1.96188143255105e-04 3.55553064136185e-04 -1.57945288232992e-05 -5.59008422485434e-05 7.79883211288917e-05 9.89208939421741e-05 -1.58798111429366e-04 -2.83831910197516e-05 2.74619560636066e-05 2.78360729427408e-06 7.36795867153351e-05 -2.57940991414047e-05 1.31808835562967e-04 -2.63040880666848e-04 -6.53703764121653e-05 -5.57979993407792e-04 -9.91178644582012e-04 9.16608250490216e-05 2.93571369205862e-04 3.59642048674406e-05 -6.25703812911218e-03 -9.18844612664693e-03 -6.42688642291290e-04 3.14418293193593e-04 5.49276800189210e-04 7.43202168713368e-05 1.08792300334008e-04 2.85131567364482e-05 -7.34350411344548e-05 1.38951000940491e-05 -1.31068189880486e-04 3.66428711102119e-04 5.38852790174213e-05 -1.55370072163232e-04 6.20311011988914e-05 -3.74795911817737e-04 6.78806077657491e-05 -2.37421781724234e-05 2.65726365068972e-05 6.90454465022845e-06 1.03449988410841e-05 7.00071020331040e-06 9.85706692311683e-05 4.99747709669120e-03 2.33067396415350e-04 -7.35503743327914e-03 1.13035697880017e-03 -1.77013803218298e-03 -1.25371922942679e-04 4.43695788213220e-04 1.59679945690550e-02 1.63836486234238e-03 -4.27659928232980e-03 -2.79044683370747e-03 -1.87380038672433e-04 7.18265354445478e-04 4.62925952771517e-04 3.06412557364558e-05 -3.35067090670517e-05 5.10249846522983e-05 1.43390936669751e-05 4.02335920300015e-04 1.37745546373881e-05 -4.15401732939184e-05 -9.23273434930091e-07 6.74880793846784e-05 2.18082723013272e-05 3.62401929065635e-06 9.74246307652850e-07 1.07614703505064e-05 -2.72347955696341e-05 4.87225740801786e-06 -6.65605790064550e-05 1.78152330923973e-04 -1.03686088783365e-03 4.18910782069953e-04 6.29651516266639e-05 -2.66534461712264e-05 8.25009590707570e-06 1.50159722590353e-04 -1.02354476480296e-04 -3.53808956125602e-05 2.28657831401247e-05 5.05880482226917e-06 1.73438030512110e-05 -1.67488517079352e-05 1.04938226757103e-05 2.68722465449248e-04 -1.39472620615587e-03 5.33426605866831e-04 5.53149734763799e-05 -2.58409364383754e-05 -3.00490428548963e-05 1.42902993795983e-04 -9.67725366738385e-05 5.12702201584414e-06 1.65669770890031e-05 -1.62561588625458e-05 6.08476761989446e-06 2.86793510986103e-05 1.46647593057552e-05 -3.76160773340061e-04 2.38335748920904e-03 -2.03860952466705e-04 5.31362031314669e-05 -6.45823485889512e-05 -1.09985089785018e-05 1.45477656095285e-04 -5.49036663806923e-05 -1.97331555443588e-05 -2.70570455622494e-06 5.14434448718560e-06 3.36803675665876e-06 4.52574474450533e-06 -3.74659312991391e-05 1.39166153174883e-03 -7.01018296255249e-03 2.22729172728346e-03 1.64396400666243e-04 -1.27523385966320e-04 1.11525633690977e-04 3.92476514673438e-04 -1.04628448094017e-04 -4.25458871329384e-05 6.14653764374895e-05 2.86132194180222e-05 1.09963860663746e-06 -5.29200375353515e-05 2.35093307117141e-06 2.36571656405029e-03 -1.67142566340684e-02 3.76602982975791e-03 -1.38651424869368e-04 2.97610592315938e-04 1.89393885264640e-05 -5.79451732359758e-05 4.94470765505266e-04 -1.29125303146041e-05 7.91974442244517e-05 -1.13114810705096e-05 3.49479768569032e-05 -7.10706611774221e-07 5.75285894844460e-05 7.52484001292040e-04 -1.94098700333928e-03 1.08164434399974e-03 1.48603743042194e-04 -1.74769683371430e-05 -1.09536019816515e-04 4.19440525187128e-04 2.70413070222799e-05 -3.06944809871567e-05 4.73843722335945e-05 -6.96308742299285e-06 -2.84305406335441e-05 6.55601225990560e-05 -5.03546238653894e-06
 -3.62040479897845e-05 1.67716691633525e-05 -5.69566115516930e-04 2.53973632984818e-04 -1.08241681892976e-05 -4.99367874943512e-05 -6.29847243925305e-05 3.29974622401561e-04 3.56767685077234e-04 -9.43713718782447e-04 -2.71867471564440e-05 9.28029956637037e-05 -3.11857668422146e-04 2.50176178291831e-05 6.76490904635534e-05 2.49119437986101e-05 -6.00115310387933e-05 7.99446714834941e-07 7.88028543042771e-05 1.01148564567279e-04 7.85218565748188e-05 -1.95014062927053e-04 -4.16037235248453e-06 -1.72287828736522e-05 2.58676921571266e-06 5.76857907464324e-06 -2.92500256969323e-05 -1.84861513109981e-05 3.19803757359115e-05 5.03785017874158e-06 -7.87910185695443e-05 1.61042894217351e-05 9.61541982920635e-04 -4.29655093102996e-04 1.03035387712123e-05 -3.45760746770430e-04 -1.36888984553858e-04 4.18558983220253e-04 1.07820822881067e-03 6.27546598172773e-03 -3.24702964175541e-04 -6.01559043005274e-04 -1.27472310272967e-03 6.89410279753712e-06 -6.06653321167342e-05 6.51846575797017e-06 -2.23707697383144e-04 -1.14234792801178e-04 1.82461019903113e-05 -1.13634423209153e-04 3.11656709479890e-05 -3.17562117332693e-04 -3.49169728910169e-05 -7.98101174255371e-06 9.48042187461011e-05 9.77969066603259e-06 -9.27088861187306e-05 1.13927065005866e-06 4.06515081244446e-06 4.87132463013330e-05 -7.09137070269127e-05 -1.22944093457628e-05 1.28046381907639e-04 -2.15763971462151e-04 3.27276754102693e-05 7.66786201461663e-05 -4.87926764994660e-05 -1.02327400340749e-03 -2.68913485484957e-03 1.63672624789987e-03 -6.26316080789580e-05 1.66081723242492e-04 -2.87339375079430e-04 3.21072975794803e-06 -4.56086809571573e-05 -3.15848539911730e-05 -9.71903782396997e-07 -4.27312307707310e-05 6.97770217053712e-06 -1.04961812495216e-04 -5.24335857598684e-05 -4.22880334582652e-05 -1.11074058488856e-04 2.55713784230385e-05 1.30667261142301e-05 1.18857299976389e-05 -1.26748064151551e-05 -3.58636253074312e-07 -1.59279598025562e-05 4.98523492238973e-06 1.18746522013660e-03 6.01631394438536e-05 -1.61743523859998e-03 1.02286201225797e-04 -4.59347542107365e-04 4.48979465977260e-04 -2.28229996011492e-03 3.43149712546284e-03 -4.77145811743257e-03 2.17058505861444e-02 -6.30808901490232e-04 7.10860095607577e-04 -3.58152729816790e-03 -3.67564691575510e-06 -4.93091588029910e-04 -6.49397060380983e-05 1.09837792885890e-05 -9.46192579628588e-05 -6.79176590546406e-05 -2.05204337278187e-04 -4.88731824159911e-05 2.82962938371965e-04 -2.31205298578762e-05 -1.11338400683904e-05 6.26979992679602e-05 3.40022487273006e-07 -4.83846369475594e-05 3.68555783998886e-06 4.32463583247170e-05 7.29010743720835e-06 3.37330427587519e-04 -1.43609746381103e-03 5.24973882188356e-04 -1.18167470778354e-05 -2.06398812408844e-05 1.86225725266599e-05 -3.93684985833650e-05 6.80425228636845e-05 -4.56872895532685e-05 7.57038365476261e-06 -3.49369946719396e-06 -6.11232811143262e-07 -1.79182672510253e-05 5.01847267169050e-06 -2.93505177574585e-04 7.73427412451143e-04 -2.64416456917154e-04 2.29665137270159e-05 8.46722669941769e-06 5.49588885258097e-07 5.95409124849130e-05 -8.12141556761207e-05 -9.15771831006775e-05 -2.16900852283909e-06 -9.36445011851360e-06 1.12193601245442e-06 -7.80237194135029e-06 -8.69326224781997e-06 -5.11751314018618e-05 2.32206805683071e-04 -1.45994706363385e-04 -3.59732374714095e-06 -3.28737212944470e-06 -1.87470568915462e-05 1.13890954179782e-05 4.15370725013836e-06 1.12127776594157e-05 7.92143245396507e-07 3.94519377837474e-06 2.68055562823469e-08 -3.86763180424716e-06 1.04735617703292e-06 -2.26404906833757e-03 1.98102774234827e-02 -4.41193339547294e-03 2.36525495442099e-05 3.20090175716872e-04 -1.63553070446800e-04 1.10508633933969e-04 5.27000394548164e-04 -9.78829134989039e-05 8.72776594917425e-06 -9.21770000544002e-05 -1.40690897380355e-05 -1.10361414329320e-05 -7.15843976938466e-05 4.06181311337913e-04 -3.27455336128381e-03 8.20618506847878e-04 -2.97334776015270e-05 5.50367420777426e-06 2.41730049494487e-04 -2.74293920950802e-05 -1.29125303146041e-05 5.52229515486372e-04 3.04183726735927e-06 -6.22083233736853e-05 -1.78071538504473e-05 7.25370332908780e-05 -8.44646569825125e-06 2.17344220088925e-03 -1.84833576846773e-02 4.30908419303689e-03 -3.33461225693914e-05 -3.02364799439102e-04 -2.11030239387186e-04 -9.40061121768187e-05 -5.92949433093632e-04 -1.48680915372315e-04 -2.05627319546133e-05 -1.06177456899840e-04 -9.51139552205858e-06 -2.41457875788991e-05 4.70869725771862e-05
 9.30230618776997e-06 1.38721584425838e-05 -6.32105488834625e-04 2.44913134177430e-04 -1.42228271666293e-05 -6.44010450649943e-05 -7.90284753853436e-06 2.04508458508000e-04 3.83019644430798e-04 5.77017383991975e-05 6.77442255378041e-05 5.47459551291444e-05 3.27980922317992e-06 1.33532144701899e-05 -2.36066112976333e-06 -1.08617989686600e-05 -9.85880889897449e-08 1.53860888238147e-05 3.54891081303094e-05 -1.15766438744875e-05 4.20170113358347e-06 5.96944310075002e-06 4.13261892520272e-05 -9.54556312525678e-06 3.93208757305156e-06 5.28863976058039e-06 2.43769431285544e-06 -3.59702880054202e-07 1.99471186215176e-07 -1.20513065701904e-05 -1.16146437867223e-04 -9.14172116944019e-06 1.32003182737688e-03 -3.10918143886941e-04 5.82460370123740e-05 -1.89807904561894e-04 -2.86977689403138e-05 -7.30228778814750e-04 5.64295101628580e-04 1.52458204021916e-05 -1.26495619043668e-04 -2.63178589856599e-04 6.61041493077023e-06 -7.59091970612263e-06 1.47288469846700e-05 -1.56821326815025e-05 7.91942083856691e-06 -6.56472103433728e-05 -8.30470430194465e-06 1.00212482073549e-05 -1.52275934579784e-05 6.47386614789944e-06 -1.84928874736297e-05 -2.23422011738930e-05 -8.21910893145958e-06 2.94495939795390e-06 1.42630921844610e-06 6.12372444352868e-06 -8.08275176731823e-06 4.73554349914398e-05 1.81025378311989e-05 -5.34452884242722e-06 3.07926663419313e-04 -1.66461658583445e-04 5.27987447757014e-05 4.07881531490203e-05 1.17220042598431e-06 -1.71759298544202e-03 -1.34631777145385e-03 -2.81000437980488e-05 -3.36644016298260e-05 8.34247561155304e-05 2.03260748620779e-05 1.39963039547350e-05 4.62718990207159e-06 -1.05603795883494e-05 1.85287888386006e-06 -1.92317135320677e-05 2.73433407388273e-05 1.02666614784003e-05 -1.55818113431797e-05 7.51708936725535e-06 -6.00789163304161e-05 1.20737700886741e-05 -2.40780563299054e-06 2.44090972580759e-06 1.65505608920992e-06 -2.52861575780241e-06 1.27335934523430e-06 9.43518020690376e-06 1.54053279145394e-03 5.74060393401983e-05 -1.69135728287914e-03 1.53965719512970e-05 -3.46851214640785e-04 2.07188462704141e-04 1.12604574621817e-04 2.77960773743996e-03 -2.47240327167135e-03 -1.09719749616636e-03 -4.48060432562201e-04 2.41748545954086e-04 1.56739438050885e-04 8.19639540607179e-05 -2.19356830979208e-06 4.74266433168657e-05 2.07361407346566e-05 -3.06183054912836e-05 4.50903521378217e-05 -5.47664525756572e-06 3.43137588989877e-05 5.09529185145732e-06 7.59744273240122e-06 -6.27110343268020e-06 -3.34635524524220e-08 5.06257264918407e-06 2.39546930507977e-06 9.62934628876173e-08 -7.11313819672911e-07 -2.03862733188667e-06 6.76042691166303e-05 -5.05050196980823e-04 1.63786716959729e-04 2.63393596747123e-06 -4.77243351309012e-06 1.12064900815274e-05 -9.07599445128195e-07 -1.50578640122905e-05 2.94841136471519e-06 1.97580629759213e-06 2.76143070994323e-06 -3.39908906750622e-07 -5.30360452796720e-07 2.21621665036272e-06 7.93056671579492e-05 -5.60440036148039e-04 1.78095004971081e-04 -2.62763525261991e-07 -2.42608836520967e-06 -1.28407394863115e-05 -4.38826087741797e-06 -1.25908374049073e-05 -4.73648301516070e-06 1.51996168881722e-06 -3.07040904826268e-06 -2.05172528035338e-06 1.04433075494634e-06 2.20582354837826e-06 -2.41370907793530e-05 2.42301800285379e-04 -1.14173296116720e-04 2.05476635446677e-06 -3.60715393840060e-06 -2.39735398008790e-07 4.61639699980491e-06 1.53646696835262e-06 2.87849968841153e-08 3.38221092338690e-07 4.59321787229461e-07 -1.78400779451978e-06 -8.26826568310136e-08 -6.73030934410667e-07 8.69729717885789e-06 3.75090051289694e-04 4.29590413519518e-06 2.72004872990686e-05 -2.19115485727093e-05 -1.65726244038837e-05 6.01214876026305e-05 -5.04743674883485e-05 -5.03879049962142e-05 9.12136938928577e-06 1.38010045586453e-06 9.57450129756705e-06 -8.18334049743979e-06 3.65473755668179e-06 6.91013334404180e-04 -4.83773228727303e-03 1.30401911419747e-03 -7.02012943015251e-05 5.55155659277120e-05 7.87611107237240e-06 -6.52009353024406e-05 7.91974442244517e-05 3.04183726735927e-06 2.15451816525742e-05 -2.20069231359064e-06 1.08971538594225e-05 2.90610597767475e-06 -4.34289570404260e-06 -1.01114971659729e-04 1.28415903180413e-03 -2.03700877483634e-04 3.09575355062552e-05 -1.04535739217594e-05 1.63091697422058e-05 7.43084921050318e-05 -3.65772435801440e-05 3.19425280426562e-05 7.17292810854362e-06 -1.77943109723408e-06 5.41894359328681e-06 1.30189377232496e-05 2.89234421847408e-06
 3.39057080406352e-06 -6.22059657062588e-06 2.46503315081573e-04 -6.47114188516693e-06 1.48263477974776e-05 2.04852619212512e-05 3.48371989789477e-05 -1.96597653937193e-04 -1.60986377135777e-04 9.73729191972774e-05 9.24245941714582e-07 2.31646361958206e-05 3.56576333768873e-05 -7.24455661225887e-06 1.45426920662379e-06 4.52163388983143e-06 5.51123383905926e-07 -4.90664244808648e-06 -1.18668144853053e-05 -9.57450445979040e-06 -3.69361561819617e-06 6.80885626351010e-06 -1.03934208514371e-05 2.76361295242820e-06 -6.61952947584051e-06 -6.75144850528265e-07 6.91794689997667e-08 8.73935795960081e-08 -2.55619950141341e-06 1.39469210435814e-06 5.93811530099805e-05 4.96900229034792e-06 -4.76675853811185e-04 8.08401670510795e-05 -3.25736312517643e-05 2.93221570217794e-05 -2.17986926420071e-05 4.60696870310265e-04 -2.89266785292458e-05 1.29177733169884e-04 -8.16290212964726e-05 3.49875849736051e-05 9.11096262155776e-05 -1.12432572467457e-05 3.99753455833694e-05 1.04073780921633e-05 2.69173731478345e-05 1.26595251902231e-05 -1.24527288801012e-05 7.87424229430921e-05 1.49974548698607e-05 3.81392488196353e-05 1.07869688831182e-05 7.72963669496346e-06 -1.07101349219701e-05 1.53620804515331e-06 3.43187373404664e-06 -2.34857354005809e-06 -1.11933799885513e-05 -1.05282574489180e-05 7.36383764316065e-06 1.93604343742014e-06 1.76839370227745e-05 3.58555961578161e-05 -4.70704601972724e-06 -8.13327001748572e-06 -1.34519490838258e-05 2.78285220882511e-04 1.32164144374043e-04 1.01585920660849e-03 -1.22456479797386e-05 -2.12539918294731e-05 8.49480446061243e-06 -4.30235003498959e-06 -9.22824295518029e-06 1.94884417009371e-07 -5.46808831177007e-07 2.66667458546759e-06 -1.25149009873193e-05 -2.33053489076927e-05 -1.31616431384541e-06 3.29276613680916e-06 8.89633794003229e-06 -1.13978772528921e-06 -9.51083295659804e-07 5.75114223898659e-07 -4.13012940840892e-07 1.08587172647800e-07 -4.93445895018785e-06 -3.86274000666428e-06 -2.56978544750996e-04 -6.79188685935941e-06 1.97397975190193e-04 -2.51498969556136e-05 1.05217802650332e-04 -4.90550523089599e-05 2.96636066906767e-04 -9.98642793729008e-04 4.18816810675938e-04 -2.57497809508900e-03 1.66941481547301e-04 -6.42928915782711e-05 4.16765290163594e-04 -1.46531526578341e-05 6.93470990601750e-05 1.28902918515490e-05 5.36334110939407e-06 9.12721600796164e-06 -1.43909566726913e-05 2.72498894163414e-05 9.86900483957529e-06 -1.76797116363653e-05 -1.88682633612485e-06 -2.23907427645064e-06 -1.68921422964551e-06 4.75984523859095e-07 2.00066438884950e-06 1.96326913111491e-06 -3.75235870644065e-06 9.17302856541090e-07 -8.30137166356365e-05 2.39022015693483e-04 -1.21572406444303e-04 -2.33972937289968e-06 4.71032298019073e-06 -4.76213590402855e-06 1.55383956541156e-06 -1.20734452775921e-05 9.86492390056657e-06 -2.57366025004835e-06 8.00770587385484e-07 2.58308008567615e-08 2.91177762161576e-06 -1.49757207103680e-06 2.90885041737156e-05 1.56709316751479e-04 4.84260425987979e-06 -2.26695628519301e-06 -1.28134526758863e-06 2.92077628675062e-06 -1.07013992587724e-05 1.26240604906082e-05 2.26996579603447e-05 7.36649118414497e-07 1.75941853610361e-06 9.41975572159178e-07 1.45692428516011e-06 1.24005120321994e-06 1.97043025899060e-05 -2.01632461529345e-04 2.58605389767935e-05 1.98852440478993e-07 1.80213666406812e-06 2.46961699306163e-06 5.29756684090441e-07 2.19938666101730e-06 3.97550434164581e-06 -2.23686359092147e-07 1.57559721763328e-07 5.59747024823189e-07 -1.32191555638027e-06 6.55980514820795e-07 2.21259533958630e-04 -2.32467444456939e-03 4.79176046561939e-04 -7.22438319182122e-06 -3.67337594122197e-05 1.69711130960975e-05 -2.96756564365608e-05 -7.12706832170979e-05 1.89161595451231e-05 -2.17331071217325e-06 1.16615631923265e-05 1.98845564354734e-06 3.28016798110329e-06 8.59509126120345e-06 -1.12441646595857e-04 8.04480804251806e-04 -1.84678577517672e-04 5.15070556153201e-06 -9.48422404253569e-06 -3.01416149996751e-05 -6.40391336056175e-07 -1.13114810705096e-05 -6.22083233736853e-05 -2.20069231359064e-06 8.83054216477088e-06 1.33081477105954e-06 -7.05269233915635e-06 -1.19898462208513e-06 -2.70180286056074e-04 2.43829129031634e-03 -5.31013163570040e-04 -3.60274697735332e-06 3.52811093861329e-05 2.89551124639901e-05 -3.49693592743222e-06 7.05548779391914e-05 2.94695596431647e-05 -2.43342291358455e-07 1.31599167979362e-05 3.44203807412300e-06 -4.67857638897426e-07 -5.14564763426377e-06
 -1.82527689239074e-05 3.73684358688905e-06 -2.33263118029353e-04 1.39719461980100e-04 -1.22516486673149e-05 -8.58329831985430e-05 -5.10992941368327e-06 8.98883603345033e-05 8.22694901840418e-04 1.37239063611178e-04 4.45836636059346e-05 -4.64317833108388e-05 4.85174245725225e-06 4.91318565583653e-06 -5.41081390816303e-07 -1.81657544853389e-05 -1.16829513959031e-06 1.35919688424697e-05 7.95440689894042e-06 -5.38719501685861e-06 -8.57074234026940e-06 6.10813729988423e-06 1.74881410864865e-05 -1.61002320971902e-06 -1.94419677463886e-08 9.25667853755446e-07 1.27471499478202e-06 1.58502303287427e-06 -1.00553536894022e-06 -2.38251891068505e-06 -9.49808666628936e-05 -2.55091271386951e-06 5.17575203833008e-04 -1.05054124273660e-04 -3.05397497003175e-06 -8.54090875974407e-05 -1.01884862305211e-05 2.07406296483638e-04 2.91715961280594e-04 -1.90046954525540e-04 -2.46052363772955e-04 -1.47767705164122e-04 5.75293052238434e-05 -1.23118256544048e-05 1.21010690810647e-05 -4.88308327821899e-06 1.10397792134671e-05 -2.22001069295672e-05 -1.87731185572064e-05 1.49160965712652e-05 -2.62873549579756e-06 1.26634757272744e-05 -4.40244962689476e-07 -8.30649895785131e-06 -7.66343970804307e-06 1.63651242814654e-06 4.02378655604260e-06 5.75561346694397e-07 -5.71021749361398e-06 2.56027113514675e-05 -4.44266766100383e-05 -3.43314008856608e-06 -3.12280520160284e-05 -6.33767277097636e-05 2.89134103280891e-05 1.78266342910326e-05 1.85898652819905e-07 -6.83666074115014e-04 -6.20337138391742e-04 2.22998040267405e-05 -3.39146811060343e-05 2.80110242723038e-05 1.92015884850486e-05 2.60388664189258e-06 2.98858211513602e-06 -4.31890253727024e-06 4.36019499264838e-07 -8.19107057833870e-06 -6.03677399513179e-06 7.70386421390604e-06 -6.96389641350088e-06 2.67519712443202e-06 -2.64447013171319e-05 5.17359585736546e-06 -6.94417245668300e-07 9.16912115205639e-07 1.42145319932208e-06 -2.36701072047292e-06 9.24968276087022e-07 -4.06521077914118e-08 7.97409753246934e-04 3.70480249889466e-05 -1.07974142910455e-03 2.93598637797421e-05 -1.39884321276235e-04 1.13933696170088e-04 1.45049106308661e-04 1.00399715235756e-03 -1.33234104476093e-03 -1.35697273383880e-03 -1.64597892663364e-04 1.15875506850910e-04 2.08822454082264e-04 3.41963160317352e-05 1.76080996675137e-05 3.19415098616362e-05 1.09085792618435e-05 -1.43970766739615e-05 1.66282011705561e-05 4.82038855281379e-06 2.21688238348613e-05 -6.31287723741443e-06 6.40540160711508e-07 -6.06800634820731e-06 -1.45757207519713e-06 5.59202170996911e-06 3.14697246137471e-06 2.38376913107120e-06 -1.52601694522650e-06 -7.91457828424627e-07 7.55482365613803e-05 -5.98000383247592e-04 1.62142352065559e-04 2.79436008768124e-06 -2.49411732488155e-06 1.38733680340322e-05 1.72992654159627e-06 -4.77543053417985e-06 1.40360462095042e-05 4.78902470925039e-07 2.96663871687322e-06 -2.31638575031542e-06 -1.29044210266778e-08 2.70365210386633e-07 1.05497130154231e-04 -6.75987553243927e-04 1.99524538970213e-04 -1.19534408656238e-06 -9.87683637442829e-08 -1.52676929499461e-05 -6.16986817601382e-06 5.90225726917584e-06 -6.98427336154273e-06 5.28803734967599e-07 -1.08365372295533e-06 -3.64050387952057e-06 6.03582827367552e-07 5.18043838217553e-07 -6.88040214698222e-05 5.25207019861876e-04 -1.91211104600559e-04 -9.70518644395360e-06 -1.57967855170131e-06 1.56792208379591e-06 -1.19531528716500e-05 3.86341461135218e-06 1.54243438578649e-06 1.75991704251130e-06 -2.67675075648674e-07 -2.00884506418782e-06 -3.22046927158979e-07 3.34784212117821e-06 8.28189724203879e-05 -4.85623125871391e-04 1.49183401352801e-04 9.59787233717595e-06 -2.37753666038419e-05 -4.40055598363353e-06 1.67681613752304e-05 -4.79264774991341e-05 -2.21494993338881e-05 3.15476041636803e-06 3.70460679393736e-06 6.26657235284624e-06 -2.50822599428852e-06 4.59237070650159e-06 3.42336281893124e-04 -2.36649506164665e-03 6.71823507810086e-04 -3.94293036830507e-05 2.54314385780953e-05 -4.71004920433593e-06 -4.09994547887371e-05 3.49479768569032e-05 -1.78071538504473e-05 1.08971538594225e-05 1.33081477105954e-06 6.90435277393580e-06 -6.37063856091609e-07 -4.33080494687231e-06 -1.30056094877405e-04 1.39384531001190e-03 -2.73079588728084e-04 1.36584506937908e-05 4.20386778520287e-06 1.83303987291458e-05 3.20837445062515e-05 6.02787393243958e-07 2.50932428695758e-05 3.33545779032474e-06 3.20258467349976e-06 4.70066248920947e-06 6.31222846479368e-06 -1.76832575928835e-07
 -1.42321206336955e-06 -2.43136290176532e-06 4.33547878007175e-05 9.81812809371007e-05 9.37071971555174e-06 -2.81093295948982e-05 6.55174411504281e-06 -2.12728824863887e-04 2.81680794899243e-04 -4.37759575927275e-05 2.69602593158894e-05 1.48032264372230e-05 -5.03493331512431e-05 -1.09919340758501e-06 1.61123861340019e-05 1.05125534089013e-06 -1.48235903026678e-05 4.55799812002285e-06 4.37105150979738e-06 1.43193647786906e-05 9.09600692759971e-06 -4.00349253698791e-05 3.17210030498662e-06 -2.86239266397033e-07 -4.86544330145230e-06 1.13219037093652e-06 -6.58963206255158e-06 -2.20595113166195e-06 5.90973780018684e-06 -6.04265668962599e-07 -6.35494233674087e-06 1.47930420772930e-06 6.47691129276822e-05 -2.53394752059671e-05 -2.41088771880991e-05 -3.51973913524160e-05 -4.55007676806601e-05 5.52394379193949e-04 -1.72380212222183e-05 1.43954969898660e-03 -2.40986098057587e-04 -3.20722723763283e-05 -1.86696312399377e-04 -1.44538471442698e-05 2.02174232938562e-05 8.20402348796951e-06 -2.76640394801031e-05 -1.69830654973195e-05 -1.57762323801959e-05 4.16135207803355e-05 1.33303657520281e-05 -3.95644958688691e-05 -4.21377386225797e-06 1.00080057135443e-06 1.08691229265524e-05 5.38252121401311e-06 -1.69843720835349e-05 -1.50828020302672e-06 -9.61029743426556e-06 1.27630016598520e-05 -5.05706706167513e-06 -7.31388162844727e-07 6.00029222759842e-05 -2.57668185637759e-05 1.59828562280234e-05 8.49600026088761e-06 -2.30767191142178e-05 -3.27802026077339e-04 -3.99012473765815e-04 1.21779735592579e-03 -4.02297189705858e-05 1.88061601371187e-05 -5.45303072462224e-05 -1.51428129411464e-06 -1.78913814891161e-05 -5.96915335712929e-06 -4.88443881702804e-07 -5.75898565100844e-06 -9.84685713805036e-06 -4.19822494640046e-05 -1.03464418612345e-05 -6.27277780059947e-06 -1.73622247206800e-05 4.10555524984329e-06 2.20128587438292e-06 2.55025569918316e-06 -3.01880857482503e-06 -9.28939044527114e-07 -7.79530429509265e-06 -1.74512393881333e-06 3.68611594159323e-04 1.87246543848661e-05 -5.33518693316619e-04 -2.23265396825965e-05 -7.69529287977770e-05 1.06121525173467e-04 -2.45772051259312e-04 4.83792897481873e-04 -1.27098516659695e-03 2.52382589271821e-03 -8.63131382612373e-05 1.44474946847981e-04 -4.30725190335607e-04 1.65500177885798e-06 -5.42062681920175e-05 5.57607629504932e-06 1.04839638247854e-05 -1.74596598356164e-05 -1.56342744282791e-05 -2.51736816599321e-05 1.88503941645657e-06 4.94359004639107e-05 -8.55373157497201e-07 -4.72310681773658e-06 1.23668926452924e-05 2.31323998797555e-06 -8.25993442634706e-06 1.94214914507740e-06 6.38373389506601e-06 4.21310852896984e-06 3.99750547902240e-05 -3.48470226052853e-04 7.37403997754238e-05 -5.78308176122953e-06 -9.90420367392194e-07 5.67904303914273e-06 -1.34658101752959e-05 7.55341154519751e-06 3.81925662005643e-06 -7.95664920774686e-07 5.79842406063653e-07 -1.65721156391915e-06 -8.54848457585735e-07 2.04077212144034e-07 -2.61464999477141e-06 1.89351270999353e-05 1.36506697258953e-05 9.43709600591754e-07 1.12095600660771e-06 -3.09130884157554e-06 -2.87064919361869e-06 -5.26506515451161e-06 -6.54042207056559e-06 -4.97793931712006e-08 -9.03629948273166e-07 -5.28410996445416e-07 -1.75608292878223e-06 -7.22578493820926e-07 1.53607165404869e-06 3.40270104105540e-06 -5.33099067305281e-05 -3.40822794621099e-06 2.04393738158007e-06 -1.35121391403843e-06 -5.33843517728535e-06 3.68599832599704e-06 7.38205247295672e-06 6.12613273962775e-07 7.84603170444908e-07 -2.84579731939519e-07 -2.20044063831904e-06 2.26939610835101e-06 -3.26787742863013e-04 2.62872312565957e-03 -6.08762707332029e-04 4.75572029566506e-06 3.75936544958959e-05 -2.70498026265938e-05 1.23569142717845e-05 5.06620001072450e-05 -1.59138024335311e-05 1.83181682044527e-06 -1.12050788016365e-05 3.50988700044117e-07 -1.79021125843048e-06 -8.08085680009523e-06 1.47381693745003e-04 -1.03165515045292e-03 3.19465730611351e-04 -1.79963495333550e-05 4.24422309500993e-06 3.10733483200109e-05 -1.80110148411986e-05 -7.10706611774221e-07 7.25370332908780e-05 2.90610597767475e-06 -7.05269233915635e-06 -6.37063856091609e-07 1.10896325383860e-05 -4.56227155968926e-06 2.41237731102818e-04 -1.85853140674755e-03 4.72509891766833e-04 -4.04986412967823e-06 -4.06080025108685e-05 -1.90783730659272e-05 -9.29321505769764e-06 -8.10103702638604e-05 -3.21403377726887e-06 -3.46348048960409e-06 -1.29585161317716e-05 1.77123376388200e-06 -2.85118312721505e-06 7.18798807416766e-06
 -9.90476778362055e-06 4.15514259994734e-05 -1.38281492505922e-03 -5.16652960460927e-04 -8.79341972586136e-05 3.10507257450105e-05 2.08000542252942e-05 1.89370869032706e-03 -7.45294247130262e-04 -2.61993702740026e-04 -1.17372095941759e-04 -1.76433966413803e-04 -1.21042079949638e-05 5.35648878754304e-05 -5.57760795965194e-06 5.03697502976891e-06 6.25436028270579e-06 4.55161220572682e-06 5.75896159715485e-05 -1.22381415933127e-05 -1.05558447885023e-06 3.04213924759680e-06 2.70182828328854e-05 -1.88209266802126e-05 6.39349326044858e-06 1.26162332245226e-05 5.54107903822451e-06 -1.01304353436487e-05 -8.73244331289462e-07 -1.08833563449064e-05 -2.36795117801447e-04 -3.21995866300918e-05 2.12939091204993e-03 -2.95862454725755e-04 2.30740689968320e-04 5.84180561071985e-05 -2.57458843186698e-05 -4.18083256939162e-03 -8.21830651048920e-04 4.59220641540668e-04 1.57292068526474e-03 7.01143267961770e-05 -1.46768166673877e-04 1.54492577633167e-04 -8.43514319741875e-06 -2.83827972405230e-05 1.03045466912528e-05 5.86539308435212e-05 2.07407985022918e-04 -7.41664287366429e-06 -1.22997296183497e-05 2.41992483674826e-05 5.14397486308140e-05 -2.55261015942300e-05 3.69365294928540e-06 1.02430674530691e-05 -1.82865332982631e-06 1.74661936146663e-05 1.24492341484278e-06 -2.54660261422455e-05 2.69785760793458e-06 -8.78474284668326e-06 -3.60695062250133e-04 -5.33559965828642e-05 -7.46924763191716e-05 1.30390167566866e-05 5.66642816014219e-06 1.42716808826443e-03 -1.09491903409380e-04 1.16656838206140e-04 2.30362949481537e-04 4.28952339543266e-05 -2.16948323169142e-05 1.41322303131508e-05 -3.87195163632067e-06 -2.26284528473077e-06 1.57783060384518e-06 -2.46277207202346e-06 7.99958486127031e-05 -1.10920768286859e-05 -1.79564897508771e-05 8.59844238757323e-06 -6.51467318624823e-06 -3.12325749223399e-06 -4.16046723400277e-06 3.56119126557914e-06 -1.87221706979825e-06 9.72441767397500e-06 -2.47378199098619e-06 1.91902521636633e-05 -4.52629109524670e-04 -5.10441227013716e-05 1.38438018449886e-03 3.40143079566781e-04 -1.31494094736644e-04 -3.36368440353094e-04 -1.00120833261054e-05 2.56805803711689e-03 4.41922391734741e-03 1.21738887847158e-04 -4.04349508023041e-04 -4.07034895415235e-04 1.73275836838464e-05 6.36698430081311e-05 1.18985750754175e-05 -8.83779796489472e-05 -1.03206017285251e-05 6.27317462935733e-05 1.26065544501178e-04 8.80455373540068e-06 -8.06556639269111e-05 -7.74796530172129e-07 3.04636628244705e-05 3.66255346512703e-05 -7.23026070267868e-08 -1.51642088789240e-05 -1.31333848691516e-06 -1.83697410538577e-05 3.14454802404872e-06 -1.51438505317849e-05 3.01487803175529e-05 -6.41783577992635e-05 3.23675296939701e-05 2.17066289349640e-05 -7.83948685707584e-06 -5.87151836939057e-06 6.53523245495208e-05 -1.53133772316879e-05 -6.57174298534203e-06 6.43785688282630e-06 -4.33419881992280e-07 4.64281769577758e-06 -5.74125732859613e-06 2.38922132550528e-06 4.83892525448201e-05 -5.17559874683198e-05 5.29091997850736e-05 2.26249363337255e-05 -8.80078887582394e-06 -9.46106781434972e-07 6.55912836702227e-05 -1.36589063098225e-05 -1.09359941119056e-07 4.75370688459569e-06 -2.46037222501102e-06 2.58949358029484e-06 8.65596723945826e-06 3.64231878636100e-06 -8.40553991654893e-05 7.87320243680629e-04 1.91861416487949e-04 1.86995512174966e-05 -1.69827662431192e-05 -3.95969083319782e-06 3.22837703931091e-05 -3.18057078713857e-05 -5.66262579037877e-06 -1.19269809016653e-07 1.70192237828432e-06 3.32768596863691e-06 1.79141076650342e-06 -1.51648471538569e-05 3.84915731988575e-04 -2.59159285849210e-03 5.61667327840390e-04 3.01543291336596e-05 4.73353523170875e-07 5.39290262288831e-05 8.78732487100592e-05 5.67837387006030e-05 6.03490456853718e-05 1.26047965139475e-05 4.51546989314873e-06 -1.48090377637979e-05 -1.25270461492271e-05 -6.79693238165008e-06 -1.67016730759015e-04 1.11146331876693e-03 -6.55668742668498e-04 6.28452545664101e-05 2.78966835362549e-05 -4.11086218507684e-06 9.62896198333146e-05 5.75285894844460e-05 -8.44646569825125e-06 -4.34289570404260e-06 -1.19898462208513e-06 -4.33080494687231e-06 -4.56227155968926e-06 3.15760638669114e-05 3.46358090138296e-04 -2.25807212491569e-03 5.07775100246921e-04 1.97702495453306e-05 1.73381191656522e-05 -5.41120608531738e-05 7.59830900800768e-05 8.04727847425759e-05 -5.97908348198657e-05 9.48116858488785e-06 3.20010200508658e-06 -1.96773812355123e-05 1.00619774862058e-05 -5.63488215516538e-06
 -1.69265277987472e-03 5.15287506774530e-05 -3.07163464326913e-04 -4.92659743796684e-03 4.04848721210862e-04 4.73685529973150e-04 1.14086389786386e-03 -5.30450452353787e-03 6.10624917392500e-03 -1.52682463237978e-02 2.04094801696808e-03 -3.52232168047571e-03 1.11556855092693e-04 -2.92529209201557e-06 5.84096236663005e-04 -3.06762682167924e-05 -3.20963370642246e-04 2.89674441735547e-04 -7.99645185762364e-04 6.93783833322706e-04 -9.25503132670186e-05 -8.45453951802568e-04 2.85786671666262e-04 2.46491326388245e-04 -2.50240212573473e-05 3.97174580873092e-05 -8.48040750258723e-05 -5.61169123062909e-05 1.54856845997767e-04 1.57460329483511e-04 -8.18288730709666e-05 -4.05155398105791e-04 1.71002869009705e-02 7.18867080170804e-03 -2.16390522199268e-03 4.09681338877257e-04 -9.27043834527473e-05 -9.26172720552396e-03 -1.43940895491149e-02 2.19783943485354e-02 4.96827078026185e-03 -2.32209425683658e-04 -4.95326826360695e-03 -1.00368975776339e-04 -3.72461742191401e-04 1.18432232173045e-04 -1.21051502585189e-03 1.10597731706650e-03 8.19688346078286e-04 -5.43512902887793e-04 7.82328265039594e-05 -1.47480658524659e-03 8.85114204967752e-04 -1.48347338781097e-04 5.54112671704099e-04 2.74421877483021e-04 -3.23175786807280e-04 2.73085831213438e-04 1.50496843952214e-04 -4.77725025753858e-04 -6.42740853473709e-04 -1.77397464283676e-04 -7.72326770900200e-03 6.69566504486575e-05 -4.62464249407938e-04 -3.94998788850989e-04 -2.23544552532162e-04 1.63718737771679e-03 7.01533707550492e-03 8.74593121603840e-03 7.08742247555871e-04 3.43683924955211e-04 -1.15479758690435e-03 6.85713906572692e-05 -2.40431037387583e-04 5.70644977828612e-06 1.61404077587261e-06 7.13460232715160e-05 6.97721860752606e-04 -5.26234129233716e-04 -1.94804778592139e-04 -1.52739099564473e-04 -9.83781677355299e-06 -6.84509591122713e-05 5.49131777814262e-05 4.65157820140504e-05 -5.88287056534790e-05 5.74026550978602e-05 -9.49688095604291e-05 1.34087726634823e-04 -1.32035659765182e-02 3.38043656114209e-03 -1.13158412977862e-01 2.24985414446577e-02 -3.29239144678884e-03 -7.52157765754334e-03 -1.04052418377341e-02 2.65737786245811e-02 7.88687595254232e-02 1.00699820291918e-01 -7.04069935122659e-03 -1.01206002491575e-02 -1.57013868531999e-02 1.23702243521777e-04 -1.83052461648052e-03 -2.28333506840566e-03 -4.58064426649451e-04 1.18305572474591e-03 4.22407987713638e-04 -6.31098854311115e-04 -1.90968648758478e-03 7.46282727614303e-04 6.29245973979683e-04 -3.93742776961483e-04 4.56761943197946e-04 6.73813404391760e-04 4.33383252973249e-05 2.39356292966595e-05 2.70442478820543e-04 -1.65562231255304e-04 3.96090123619266e-03 -1.96361349967611e-02 3.70139530808658e-03 -2.40110366092927e-05 -2.08186041910690e-04 1.30426366234274e-04 -1.76140225608048e-04 3.19829904746759e-04 -5.92621395778449e-05 -2.03167540700584e-05 -2.45429421741925e-05 1.13676677132705e-05 -2.24260362297669e-05 1.10233244324941e-05 -1.04569001923985e-03 1.10143386291904e-02 -4.24531746390359e-03 1.00912111709490e-04 2.45396077120916e-04 1.57771848793719e-04 1.74592872780382e-04 3.72576936448690e-04 -2.14532357630394e-04 -3.97466988481890e-05 9.91222626983638e-05 6.26631248540556e-05 -8.87086968205337e-05 -1.12688484511697e-04 7.85703407933845e-05 -1.86237805157434e-04 2.21137299472344e-03 1.73565519511942e-05 1.38952848486079e-04 -1.91144389246469e-04 3.33853469563131e-05 1.68535079675892e-04 -2.50580596155802e-04 -6.41205827192291e-05 3.13190521078728e-05 9.58707707656641e-05 2.61714573612929e-05 5.20434657532341e-05 9.74053654757366e-03 -2.64122388443664e-02 1.23604058197667e-02 2.77902874473813e-04 4.11355159064755e-04 1.53412230920688e-03 8.33989709939589e-04 2.74477137208920e-03 1.70643044555075e-03 9.03760080084633e-05 -1.00393057780399e-04 -4.34333314408603e-04 -1.61965014164261e-04 -3.36466528661969e-04 4.44760691895275e-03 -2.06586373073930e-03 3.19885737185766e-03 2.58575092502344e-04 8.28314854170636e-04 1.07171003331036e-03 1.57246799991781e-03 7.52484001292040e-04 2.17344220088925e-03 -1.01114971659729e-04 -2.70180286056074e-04 -1.30056094877405e-04 2.41237731102818e-04 3.46358090138296e-04 2.82284068783443e-02 -1.85046414629869e-01 4.87820799042258e-02 -3.62168530688818e-04 -1.62160863334706e-03 -3.24874492056608e-03 -3.99323981852610e-04 -1.26896641567682e-03 -2.53098935470134e-03 -1.01309456229191e-04 -5.25428312198274e-04 -5.22251797471746e-04 -1.40300809966492e-04 1.12920510054564e-04
 3.07683690056226e-04 8.73921770619938e-05 -1.93804537318839e-02 4.13065939548625e-02 -3.22988359512258e-03 -7.60945799769559e-03 4.33151306399217e-03 3.55469248273859e-02 1.08970218122331e-02 4.89254302049482e-02 -1.01446657403899e-02 1.84578855558228e-02 1.08871783746515e-02 6.78276747143926e-04 -1.24171792281964e-03 -6.03918580400702e-05 1.21198403346358e-03 -7.99312112956569e-04 5.20280887936990e-03 -4.66579356012373e-03 -3.27281197678032e-05 4.91141991099114e-03 -7.30180322001712e-04 -1.56254121777826e-03 -7.28533589118984e-04 1.61295894941812e-04 4.90227294900800e-04 1.98714118041369e-04 -1.06527416356989e-03 -1.20911914943259e-03 -3.15662359583521e-03 2.67853482529658e-03 -1.22763102352654e-01 -3.20173999403213e-02 1.00354096634741e-02 -5.69712941438390e-03 -5.95403004845775e-03 8.45395411878474e-02 8.88649770353090e-02 -4.88791333412324e-02 -4.71392985903173e-02 -4.86760350361720e-03 3.58580223607240e-02 -4.53687677507314e-04 9.66798578106914e-03 1.17735874030489e-03 9.68072778581930e-03 -6.55260738255673e-03 -5.12136859795785e-03 1.75265445937320e-02 2.39462208779903e-03 1.22274485239230e-02 -3.11869926479616e-03 1.39509927244156e-03 -4.50667715082713e-03 -8.11003295187322e-04 1.84942382265686e-03 -1.40339766671760e-03 -3.32615107679452e-03 4.01263981942026e-03 1.48138652549506e-03 9.13592810554974e-04 3.83334245952674e-02 -1.25950517081846e-04 4.39961123223729e-03 2.29449270189802e-03 -1.78226011381990e-03 -4.11761714189004e-02 -7.87993980513396e-02 1.61139969165832e-01 -7.25509699941252e-03 -2.85628077817709e-03 6.45366288529027e-03 -4.52228330194079e-04 -6.76345602198025e-04 -5.42958353907340e-04 -3.13580956844580e-05 -7.49042465410196e-04 -4.85295053068006e-03 -2.02895834344707e-03 4.25066749018131e-06 1.32189523802748e-03 -1.40872737944571e-03 7.44049474935784e-04 -4.35558444593234e-04 -1.00242640786648e-05 2.06579343361814e-04 -4.03297833984277e-04 -5.36006288108621e-04 -9.38283509947112e-04 -5.97880882534578e-04 -1.59229873449676e-02 5.28433626064786e-01 -1.18042605583853e-01 1.37546646328555e-02 4.68909692554543e-02 9.84319779777465e-02 -1.23637400372082e-01 -5.13936997024608e-01 -8.96489630979893e-01 3.73074052962953e-02 6.10133270524267e-02 1.40999006183988e-01 1.67409845058031e-03 1.83063461504121e-02 1.65768364252710e-02 4.62246257552217e-03 -6.87175969033793e-03 -1.60263992975527e-03 6.22103679286583e-03 1.29573601744513e-02 -4.86257577033019e-03 -3.61411698604993e-03 1.50554738085515e-03 -2.19007161783552e-03 -3.13130571195217e-03 -4.13831915924175e-05 2.12776804902454e-04 -1.82231673985692e-03 9.16984615371593e-04 -1.91046652932985e-02 2.89241216118709e-02 -9.09959569935070e-03 2.86407890990278e-04 5.73642755352927e-04 2.38350229053491e-04 2.08543413888381e-03 -5.13574892237846e-03 2.80085804810511e-03 -1.94263012467901e-05 6.94139315855608e-04 -1.44960233402215e-04 3.12550053480297e-04 -2.61263066049672e-05 1.41831921764073e-02 -4.94408040586858e-02 3.21838674591773e-02 -4.62032639543865e-04 -1.04162417356678e-03 -1.36833747362788e-03 -1.97948136551467e-03 7.12185637769397e-04 3.93018572161735e-03 5.04518327876735e-04 -2.57341810949505e-04 -4.23602974729639e-04 8.39721273077165e-04 7.74676611754131e-04 -3.46886860406781e-03 2.61942543803590e-02 -2.29847460338464e-02 -5.60177891687375e-04 -8.57802986154894e-04 8.16834724375082e-04 -8.16138108865678e-04 -7.91515314561875e-04 1.03858541913956e-03 5.17124089840435e-04 5.94365181375875e-05 -5.97565996016870e-04 -2.54742591040981e-04 -1.17079873060514e-04 -2.72450110154770e-02 -1.11754526582892e-01 -1.32838725582441e-02 -9.40278763627716e-04 -7.54114513382251e-03 -7.24766169985735e-03 -5.21975096642062e-03 -2.58131648776039e-02 -9.09394095238267e-03 -2.15014909063939e-04 1.90432297405484e-03 3.10786503349783e-03 8.02670509320969e-04 2.87705251848308e-03 1.01176741813928e-03 -1.51586638782413e-01 3.14362223324179e-02 -4.64205311163349e-03 -2.73737499726259e-03 -8.79697858685851e-03 -1.17431454454078e-02 -1.94098700333928e-03 -1.84833576846773e-02 1.28415903180413e-03 2.43829129031634e-03 1.39384531001190e-03 -1.85853140674755e-03 -2.25807212491569e-03 -1.85046414629869e-01 1.35001491291232e+00 -3.32831649987122e-01 2.91863939752822e-03 1.21296828472382e-02 2.17388454922584e-02 5.60166566728028e-03 1.37940606601401e-02 1.98537769280845e-02 7.82324485067368e-04 4.42161776623094e-03 3.66842924994672e-03 1.28575116836127e-03 -1.04138832459853e-03
 1.17384934348418e-04 -1.81682026752736e-04 1.26755001510437e-02 -4.61203084893885e-03 1.13641878814184e-03 3.18920495330784e-03 1.06567719323613e-03 -1.65377622459265e-02 -1.00293415565129e-02 -2.23804582550725e-02 3.31752149428495e-03 -9.60755740649582e-04 -5.14269780266366e-04 -2.76801330121789e-04 7.53132530031533e-04 4.01971826001987e-04 -4.35095775369038e-04 9.96882154749247e-05 -1.37092478269756e-03 1.17342695735647e-03 3.06551339601358e-04 -1.36961693185399e-03 2.98435963433350e-05 4.28950941466281e-04 1.78325584118648e-05 -6.02093174319719e-06 -1.58924194974534e-04 -1.39122297265736e-04 2.61699794404680e-04 3.29919838084083e-04 5.05051242218465e-04 -3.42054983918712e-04 2.83554187916815e-02 6.87351216363985e-03 -3.94303025227141e-03 -2.60505573216127e-03 -6.07843928153600e-05 -1.35843817880967e-02 -1.64709010089990e-03 3.53973717695398e-02 5.25604528804144e-03 -7.97563743033152e-03 -9.88874810084322e-03 -1.39707886559732e-03 -9.97381662049082e-04 4.66112332100802e-05 -2.36792709408897e-03 1.00019346985993e-03 -1.01483445503414e-05 -2.01651375619130e-03 1.71713199963433e-04 -2.95411979171274e-03 1.29009837771132e-03 -2.80871354110870e-04 1.00942811770393e-03 2.97338337640710e-04 -6.10364799597233e-04 4.53751256687153e-04 4.15221845341261e-04 -7.95162627451212e-04 -2.49804892172568e-04 -3.69417374816758e-04 -1.33537090024768e-02 -1.34536343645011e-03 -1.56272063644335e-04 5.65931988027844e-05 -1.36101770274700e-04 -2.75051042007977e-02 -9.89320101188262e-03 -1.16304870734827e-03 9.60230104539309e-06 1.48916297359157e-03 -1.77135297219135e-03 3.17323253636136e-04 -1.90510723916771e-04 -1.47541660273821e-04 3.04435094150768e-05 -1.99258445415799e-04 1.88649183320510e-03 -4.34995627940910e-04 -5.63110750865012e-04 -1.97076399896146e-04 -6.99736679333957e-04 6.30969295296108e-05 6.91359651113949e-05 1.14818353131643e-04 -6.88905058546243e-05 7.02117888707868e-05 -6.15373707763694e-05 3.90806130785914e-04 -4.70174419605209e-03 5.72921003745668e-03 -1.88395797276142e-01 3.25851032776138e-02 -4.98874819820289e-03 -1.26574548802664e-02 -2.10876156181545e-02 2.44689142125507e-02 1.26767247504456e-01 2.00010794126263e-01 -1.02666529872578e-02 -1.67724413528354e-02 -3.14076999493191e-02 -3.23012644722779e-04 -3.76710940357720e-03 -3.90835394373757e-03 -8.90601271235070e-04 1.58599572667686e-03 -3.33257803132446e-04 -1.24891167531092e-03 -2.97635559119385e-03 1.36907274119032e-03 6.93329149379587e-04 -8.56897523722901e-04 7.70396834518355e-04 1.05170660080253e-03 7.00396757965439e-06 1.25661438663747e-04 4.70337029508445e-04 -3.70566491844264e-04 3.67049665864261e-03 -9.55790700964923e-03 5.47472552957340e-04 -1.76799791285894e-04 -1.42515704697897e-04 -1.81909778281181e-04 -6.83655392844906e-04 7.53392508260490e-04 -6.37278297362548e-04 -4.80477027252548e-05 -1.49902642553391e-04 9.31763086329755e-05 -3.24859128168406e-05 -1.28376908323273e-05 -4.85081013088491e-03 3.15097557652420e-02 -1.19501547085326e-02 1.09592953620939e-04 4.07684412437630e-04 6.39004957183345e-04 1.87910133438623e-04 1.37999532713981e-04 -2.76009262742721e-04 -9.75207712283781e-05 1.54428719074667e-04 2.04500910380218e-04 -1.73928510387865e-04 -2.07473753906254e-04 1.21882475836662e-03 -1.61173122778658e-02 4.57767031013144e-03 1.96897410078286e-04 2.09042771205207e-04 -2.98592587283738e-04 6.05762683632533e-04 3.65517203409689e-04 -3.80588401523482e-04 -1.62773315178945e-04 3.15636879525494e-05 1.86711849434947e-04 4.12455083004013e-05 6.17769245607033e-05 1.26442082564422e-02 -1.39255121371214e-02 1.54643134292897e-02 2.09288448678602e-04 1.09194859064581e-03 2.36969709419043e-03 7.83141208213325e-04 5.14802435617271e-03 2.60058337726804e-03 6.45837303090754e-05 -2.44845148554501e-04 -7.45261728650951e-04 -1.54317437838737e-04 -6.14228984561025e-04 3.81885237241149e-03 1.50212743268016e-02 1.19598032008383e-03 6.33731075752773e-04 1.04945404126943e-03 2.04525943084418e-03 2.43840936148012e-03 1.08164434399974e-03 4.30908419303689e-03 -2.03700877483634e-04 -5.31013163570040e-04 -2.73079588728084e-04 4.72509891766833e-04 5.07775100246921e-04 4.87820799042258e-02 -3.32831649987122e-01 8.73497019136757e-02 -8.88110929096152e-04 -3.11498988203756e-03 -5.68812619136641e-03 -1.60417165908967e-03 -3.23683345431611e-03 -4.50076983568081e-03 -2.43955636585255e-04 -1.08440633366747e-03 -8.79493382744043e-04 -3.91143976196528e-04 2.39536973311778e-04
 8.10265632740815e-06 1.90859079882523e-05 -1.33854113596655e-03 -9.87675897829346e-04 -7.85516651026734e-05 -6.32185703127751e-05 2.62594372858680e-05 1.44068485159558e-03 -9.61693133261782e-04 -6.70233113800957e-04 8.44527996343433e-05 -1.92970707133594e-04 7.16203492078118e-05 6.11169944003309e-05 -1.29043363095670e-05 -1.20740722904353e-05 1.56321125748159e-05 4.05068289791211e-05 8.98230801144812e-05 -3.64891870388332e-05 -1.89600817254795e-05 3.40151548290669e-05 1.64513060359790e-04 -1.84406239662050e-05 1.96113685317265e-05 1.07141832073010e-05 9.04755963569656e-06 8.33247548247636e-06 1.51031973049219e-06 -5.80276394625028e-05 -5.60406398435705e-05 -9.15829307579968e-05 3.67586225788759e-03 -2.92678006948866e-04 3.66485498863977e-04 4.33173385985738e-04 6.50721852247787e-05 -5.36118141588282e-03 -4.05408766921842e-03 -1.56845924776653e-03 1.68012570795874e-03 1.37224604195380e-03 2.08426512457530e-04 2.64155026985644e-04 -4.70297712610745e-05 -4.60344613302860e-05 3.62577368779326e-05 1.50099636421333e-05 3.10327992202279e-04 -6.13335863038896e-05 -9.30742564442297e-05 5.20201899552716e-05 -5.19152432657647e-05 -4.96747863804624e-05 -8.33853967604396e-06 2.06812733323514e-05 2.02264712765785e-05 2.30045765875916e-05 8.03126341308679e-06 4.14782710088951e-05 2.51544869237644e-05 8.08247797955423e-06 -3.46866033088389e-04 2.03658640394951e-05 -6.40522064162041e-05 -3.99774638471528e-05 2.79109114232506e-05 2.05557959399353e-03 2.05564956017938e-03 -1.44991773458538e-03 3.05653522450970e-04 -8.60985324062178e-05 1.57445567063089e-05 1.33095547649364e-05 1.17299387444938e-05 2.21673922030369e-05 1.64421953713509e-06 3.54326267029684e-05 4.20621600554527e-05 3.52944628869551e-05 4.89679164018755e-05 1.20155196834559e-05 3.89508823668580e-05 -1.90394153326864e-05 -3.98609073877999e-06 -1.07027870771360e-05 -1.11483625456281e-06 7.29053880167926e-06 4.62549950496109e-06 1.50126991219492e-05 3.60327935298159e-05 -8.60090578317914e-05 2.14645388799737e-03 2.51194366126284e-04 -6.88800502664122e-04 2.44116717065513e-04 2.44172676353888e-04 9.55415102161562e-03 -1.81862782724500e-03 -2.81534618170358e-03 -1.22169240730990e-03 3.82815489576548e-04 4.61573006370036e-04 2.44086773239833e-04 -5.14964427585786e-06 2.93171602659275e-05 2.36207556707830e-05 2.39230294799540e-05 3.03874879409448e-04 -1.91550472118658e-05 -1.78408470548582e-05 -1.91576926674524e-05 1.05103208455877e-04 6.38843697890301e-05 -1.80860158782971e-05 -1.77027557198714e-05 1.08387616143095e-05 -3.93314216853908e-05 -6.38934336111132e-06 1.92319365476009e-05 4.22292406010457e-05 -2.43004055112707e-04 1.73744846865466e-04 1.38037054353051e-05 -1.75168530172463e-05 -1.03687244036115e-06 3.68819482180412e-05 -5.03595922252687e-05 -2.58128906834715e-05 8.14249832515908e-06 4.07929863176789e-06 2.65533403491471e-06 -8.74645165728581e-07 1.36960866255898e-05 -4.98075840255693e-05 2.47560046761537e-04 -6.44420468830700e-06 6.17712762631352e-06 -3.61131530624971e-06 3.31140928427113e-06 2.86725125136723e-05 -3.17466862675254e-05 8.44366577843291e-06 4.93594946312956e-06 -4.67719974110657e-06 -9.73542239383622e-07 7.87209306405378e-07 1.06900734077406e-05 6.01688719049055e-05 6.64545140126142e-04 4.55205133365559e-04 3.78729994543720e-05 -1.37850640014703e-05 -9.65310987837919e-06 2.56969874303525e-06 -4.43508524035705e-05 -2.22484550597102e-05 -3.48793063692101e-07 3.86717499172258e-06 -1.66719354491135e-06 5.82262183554721e-06 -2.30426461964703e-05 2.00316531427583e-05 2.26707203203033e-04 -2.09932021982599e-04 1.02487582594269e-04 -1.30135561891798e-05 -3.02193476489822e-05 2.75745795030020e-04 -2.06083259461634e-05 -7.52356086544230e-05 3.28459074384993e-05 -5.10220711945934e-06 8.28676247248777e-06 -4.05781941096921e-05 1.58689575076083e-06 1.33763106587927e-03 -8.82578293805435e-03 1.89383785322117e-03 -7.92922873858953e-05 1.27733128502503e-04 5.72887377174786e-06 1.10951468410038e-05 1.48603743042194e-04 -3.33461225693914e-05 3.09575355062552e-05 -3.60274697735332e-06 1.36584506937908e-05 -4.04986412967823e-06 1.97702495453306e-05 -3.62168530688818e-04 2.91863939752822e-03 -8.88110929096152e-04 1.17172533256892e-04 2.86235481662013e-05 4.03256153727984e-05 3.04117328723570e-04 4.47074535299207e-05 2.13107063365580e-05 2.96940932785000e-05 1.29552240492554e-05 -5.81779410093596e-06 5.14121933338136e-05 2.92726570799287e-06
 3.89551007192769e-06 2.34301878286045e-05 -9.07324990934259e-04 -4.99743146608151e-04 -2.09452086325611e-05 -3.71577545241935e-05 1.66219192202882e-05 9.78430940907956e-04 -2.19933449670616e-04 8.05484459518993e-04 -5.80585147913058e-05 -2.24496774069158e-04 7.74148518281083e-05 1.59785687066259e-05 -3.73768337724354e-05 -1.68156187412646e-05 2.72058324456793e-05 9.77035655038886e-07 8.65633785172343e-06 -6.20823685270476e-05 -4.54305562320732e-05 8.32462126593132e-05 4.22061357500894e-06 -1.06545848352957e-05 -3.78674289830346e-06 4.83901645938863e-06 1.43227183215512e-05 2.88245895824487e-06 -1.65197601648041e-05 -9.60841221942451e-06 -7.88044143838394e-05 -2.38723793167051e-05 8.93054966664274e-04 -3.06586386258020e-04 2.20069196638671e-04 3.12323425803895e-04 1.83431340314760e-05 -2.17459389979267e-03 -1.44856716092885e-03 -2.17494547509640e-03 1.15060895681341e-03 5.22987328663610e-04 5.24134763059289e-04 1.43918836445483e-04 5.35283722191079e-05 -2.27173545810235e-05 1.36203400513451e-04 1.07575120255551e-04 1.39805023692168e-04 1.18583213344173e-04 -4.98948147709968e-06 1.95450591685757e-04 5.50257018085224e-05 -6.29113734433716e-06 -4.76660065032478e-05 1.74787526519230e-06 4.17465042839579e-05 -4.21582147874647e-06 -1.45173661810349e-05 -4.62607493445875e-05 -6.89816540700699e-07 3.25653938538800e-06 -7.87221991622943e-04 1.23398918158165e-04 -9.11438226946448e-05 -1.57541378735025e-05 1.42597613082222e-05 3.12585131483119e-03 1.16174124071170e-03 2.77756018328540e-04 1.96423875423605e-04 -9.46138783677790e-05 1.00708606924711e-04 -8.53001389334226e-06 7.07446985709687e-06 1.31069173719276e-05 -6.22316778195777e-07 2.09044873165528e-05 -1.20635703448959e-05 1.51214701563012e-05 1.19641883620691e-05 2.09655001103335e-05 5.97790850274293e-05 -1.63148812679703e-05 -7.65432647036217e-06 -3.05129476204625e-06 2.96842387789244e-06 7.07957322559811e-06 5.96215852843874e-07 -4.30825969759981e-06 5.38046388697534e-05 -2.33227666117936e-04 7.36530311811195e-03 -7.00914374145951e-04 3.73026467340383e-04 -2.45385694212758e-04 1.25654963177282e-03 -1.47392699328491e-03 3.55529023823992e-03 -1.17452668442063e-02 3.60315970690839e-04 -3.30222040633146e-04 1.94046236925493e-03 8.63435366017405e-06 2.82091870144077e-04 1.75624334991315e-05 1.25895627635659e-06 6.70461158435503e-05 9.99381098243471e-05 1.13442705062819e-04 2.92018963236713e-06 -1.26270536364749e-04 2.16157099969609e-05 5.84155663900697e-05 -3.77414831356537e-05 -4.22240511370282e-05 1.15805545845369e-05 -1.85236099442578e-05 -2.28118427857005e-05 -1.96566691795446e-06 -1.73250100877877e-04 5.87969822610125e-04 -1.82642037101335e-04 1.67950831698322e-05 6.50028017769587e-06 -4.04039031023384e-06 6.53307709934200e-05 -4.32552934459622e-05 3.70782074298358e-05 -9.81023106816818e-07 4.62565252661231e-06 -8.30605709204647e-07 5.47401568081465e-06 -1.34318779444455e-06 2.94897207234525e-04 -1.11996229386622e-03 4.47152120383847e-04 8.98880374980613e-07 -1.96367182483890e-05 -1.82490245280466e-05 1.01315584494719e-05 2.77429744128226e-05 4.19150934376662e-05 4.52273281434467e-06 -5.96989641741597e-07 -3.81421533797096e-06 1.02636889312426e-05 9.38303971064762e-06 -1.73694495613951e-05 4.57691605745198e-04 1.89833541592865e-04 8.39504351288036e-06 -5.02704750050297e-06 1.29428449518427e-05 -1.42123688509968e-06 -1.88215744194487e-05 8.40905599520380e-06 1.82838194511830e-06 -1.44258120580449e-06 1.53288901797905e-07 -1.35231527069118e-08 -9.08094413157737e-06 7.58545126577554e-04 -8.91854870780084e-03 1.59587810321614e-03 -5.25066675731088e-06 -1.24567882129745e-04 5.18305570137175e-05 -2.74558925198898e-05 -2.43833915355633e-04 5.50072831439352e-05 8.10391865881342e-07 4.24258061843418e-05 5.44857443122913e-06 2.40732819832131e-06 3.30321017523750e-05 -8.19838856665177e-04 4.64978459165769e-03 -1.62656529657528e-03 8.60378065030489e-05 -3.98477500310439e-05 -1.42711111419794e-04 5.57138130762880e-05 -1.74769683371430e-05 -3.02364799439102e-04 -1.04535739217594e-05 3.52811093861329e-05 4.20386778520287e-06 -4.06080025108685e-05 1.73381191656522e-05 -1.62160863334706e-03 1.21296828472382e-02 -3.11498988203756e-03 2.86235481662013e-05 2.01731626716480e-04 1.60645803465435e-04 8.48751518109199e-05 3.68749526231047e-04 9.80584346514054e-05 1.58496170157012e-05 6.64299988065934e-05 5.95458106822594e-06 1.74710846645125e-05 -2.76727207126100e-05
 -4.56154137862826e-06 1.43701157654589e-06 -4.46522105227967e-04 7.88001299977192e-04 -5.05178426035850e-05 -2.39988086100577e-04 -1.62699137096929e-05 4.57678369284680e-04 1.11888536395248e-03 9.14366363996102e-04 -2.25302706425468e-04 2.19051098697236e-04 1.02314886729956e-04 3.36401473704338e-06 -2.25225282785862e-05 -1.70226240682823e-05 1.72733737176170e-05 -1.37966878249264e-05 9.26186779735951e-05 -5.46770096388361e-05 1.64680312307249e-07 6.91209853011278e-05 -2.98725957120853e-05 -2.73324050642642e-05 -4.47273301004857e-06 -3.15602843246258e-06 4.70744618663206e-06 8.79863483188929e-06 -1.44055276493414e-05 -1.35657816253719e-05 -4.36255717923932e-05 5.64922428705382e-05 -3.36556832611552e-03 -4.06543972725829e-04 1.59079951089240e-04 -1.23865292731796e-06 -3.36656996583648e-05 3.15955556499623e-03 1.43228357285909e-03 -1.37086089061836e-03 -1.27335166481418e-03 1.76237769597314e-04 5.46466363024634e-04 5.09010252269248e-06 8.62645677659185e-05 2.14674436001115e-05 1.21317810628133e-04 -1.33519650882073e-04 -1.14526388033961e-04 1.61999015216230e-04 1.87215833351394e-05 1.38275814772952e-04 -1.13847238176908e-04 3.73763775230312e-05 -5.74182363106369e-05 -2.68657316706020e-05 2.69097551600001e-05 -3.90991294135087e-05 -3.54138613295802e-05 7.98003814989618e-05 6.46523243002827e-07 2.63675892441547e-05 1.21183095163108e-03 6.53564750055621e-05 6.56530341631741e-05 1.34179154505298e-05 -8.66921770654340e-06 5.54608446696977e-04 -2.67304086372294e-04 8.30119895898619e-04 -1.49352877752301e-04 -8.11342923189929e-05 9.08342021035897e-05 -2.58880900635789e-05 3.90892210268473e-06 7.74981874384586e-07 -2.77633622556478e-06 -1.60804589612125e-07 -1.61366226402223e-04 7.16952000827271e-06 2.94895802924394e-05 3.14873945033531e-06 1.72568579978655e-05 6.57385260333244e-06 -1.01071230750885e-06 -5.73679709052828e-06 3.77454543359524e-06 -1.00486034081358e-05 6.85502156146699e-07 -3.39086112125698e-05 -1.46793598423878e-05 -3.58913785489147e-04 1.19938725766344e-02 -2.46209943004361e-03 3.65437189268062e-04 1.13315480250485e-03 1.15094260751163e-03 -3.01481491462495e-03 -1.20083755851568e-02 -1.07387155074289e-02 8.95519982787212e-04 1.50230325295252e-03 1.64858295362546e-03 -1.92705304734183e-05 1.87049449091406e-04 3.14752932492198e-04 7.20937182641179e-05 -1.67417634581673e-04 -7.25607686558204e-05 5.24456459804898e-05 2.49863360584157e-04 -4.88347680819838e-05 -8.45712255141140e-05 3.38579680639347e-05 -4.07259957135683e-05 -6.57257766476074e-05 -9.01635542312850e-06 5.15578186572017e-06 -2.77491799141623e-05 2.98075001509388e-05 -1.70879560186103e-04 -5.96994641731184e-05 1.37066145351779e-04 3.18477258645522e-06 1.55079225301933e-06 2.14877627046053e-05 1.93833723380874e-05 -5.44010157714399e-05 4.26515146081878e-05 2.67609020217218e-06 1.26797085049708e-05 -7.02966288375344e-06 5.50063290927066e-07 1.36777234863112e-06 2.16770960294374e-04 -1.47455891204926e-03 6.60488663300099e-04 -1.14194995765917e-05 -1.63153942962216e-05 -3.81643650329419e-05 -3.10980234270745e-05 -2.00179385786594e-06 1.46140683456670e-05 5.41132073850538e-06 -8.38536527415771e-06 -1.40154783974290e-05 9.20873879748185e-06 1.00178901976660e-05 -7.50602064942073e-05 8.13719023976475e-04 -5.05149064033153e-04 -2.49292253213298e-05 -9.40985881923489e-06 1.33710865241129e-05 -4.95222971938481e-05 -8.58962385815892e-06 1.78096501877712e-05 1.20050747629484e-05 -2.99331952613611e-07 -1.46499964670679e-05 -3.05082986812537e-06 3.46946774372814e-06 -1.44384428079963e-03 5.33363849778316e-03 -2.03710103559772e-03 -3.22986714578415e-05 -2.95123658988987e-05 -2.18538088855307e-04 -1.02399490455600e-04 -3.18407249102896e-04 -2.26573151794671e-04 -1.06747671248139e-05 1.73894417634846e-06 5.86465326011293e-05 1.82072021558645e-05 3.51760910770954e-05 -1.66668600171000e-04 -1.90942921570591e-03 3.31728576271545e-04 -8.00500500820571e-05 -9.19625451026339e-05 -1.04831773169049e-04 -2.31714582984554e-04 -1.09536019816515e-04 -2.11030239387186e-04 1.63091697422058e-05 2.89551124639901e-05 1.83303987291458e-05 -1.90783730659272e-05 -5.41120608531738e-05 -3.24874492056608e-03 2.17388454922584e-02 -5.68812619136641e-03 4.03256153727984e-05 1.60645803465435e-04 3.94349354559138e-04 4.46564786926298e-05 9.34883734056123e-05 3.35815463353915e-04 7.31107399868807e-06 5.80334784153208e-05 7.25866514375881e-05 1.49297677446014e-05 -7.03803611700955e-06
 -2.63834028902259e-04 1.07822365287701e-04 -5.41965471902638e-03 -3.16000554162322e-03 -1.40552786941574e-04 -1.55366513701561e-04 3.72599254297555e-04 4.64421117070230e-03 -3.19509829383881e-03 -3.60908456054130e-03 2.13856582129242e-04 -7.70042879093017e-04 4.05070677941660e-04 1.91668496319567e-04 4.30608273384505e-05 2.24120390474708e-06 1.54362630553903e-05 9.73469851763740e-05 2.79134689621223e-04 -8.34077304171737e-05 -3.13278388671480e-05 3.95135680112157e-05 4.29532515127992e-04 -6.83754649066604e-05 3.25068285331583e-05 4.45992098413280e-05 1.89441336412544e-05 3.57332731454538e-06 5.30797029987922e-06 -1.49268390744732e-04 -1.72229235262978e-04 -2.60282294023917e-04 1.03414044167948e-02 -6.29428528879080e-04 9.87097182340821e-04 1.09154951692820e-03 -2.95712495913014e-05 -1.54895708146878e-02 -1.09566056848986e-02 -1.17024673783521e-04 5.50716423103930e-03 3.55705623107531e-03 2.38946017599578e-04 8.60209193370771e-04 3.18833454204933e-05 -9.97311405692790e-05 1.06222590825328e-04 7.64495283435218e-05 1.04645071819373e-03 1.63605892804311e-04 -1.97583640039744e-04 1.57220759538690e-04 -8.59845451934020e-05 -1.37361121795421e-04 -8.26851398870194e-06 7.60448824023120e-05 2.42478965557827e-05 7.06329547998990e-05 -3.04344811339862e-05 5.05630773673978e-05 -1.12146585520370e-04 1.85906613091388e-05 8.37477631488084e-04 -6.88352628790170e-05 -2.91136321332436e-04 -1.15750165142326e-04 -6.94796472343569e-06 9.61930170126490e-03 5.02578982849881e-03 1.83875024785891e-03 1.01197719143496e-03 -9.20896372578089e-05 -6.62355938149366e-05 1.57797210385377e-05 -3.69716738572662e-05 4.09644294097591e-05 9.14573947638040e-07 7.96714153363165e-05 8.45072711157809e-05 -7.38578579728379e-05 7.84970375159339e-05 2.36543857658571e-05 8.13457257165670e-05 -4.38643984397774e-05 -9.25136981107019e-06 -1.49313719952176e-05 -1.25248328505937e-05 3.01809701869433e-05 -1.93292934971316e-05 3.07000382914388e-05 -6.13528104810358e-04 -1.84114861906849e-04 4.18613933691297e-03 1.81847275167999e-03 -1.81755076836281e-03 2.89243659586030e-04 8.42784612035919e-04 2.62376153677871e-02 -6.32299958274579e-04 -8.00688817145854e-03 -3.32633404092228e-03 6.78552053784646e-04 1.34521832887336e-03 6.62718913493343e-04 5.74009666395497e-05 9.24049952152412e-06 7.96019626924910e-05 1.35345873069584e-04 8.48936048762831e-04 -3.27236554919360e-05 -1.12148798414192e-04 2.21631352691863e-06 3.04742881489049e-04 1.75908772434591e-04 -1.80538520642914e-05 -3.66335774609391e-05 1.98283779325006e-05 -1.06949922546750e-04 -8.07077275623423e-06 4.65226707930283e-05 2.68126369099839e-04 -2.60950160407859e-03 8.03474571967068e-04 4.63198211746238e-05 -8.04229783425031e-05 6.68955870431483e-06 1.56749852539092e-04 -2.15211190444480e-04 -4.31384219486742e-05 2.09756491416159e-05 2.24931009155596e-05 1.22827410470041e-05 -5.01198649210394e-06 4.04751111041655e-05 -8.84754662195605e-05 2.29641438100964e-03 -1.07948227094214e-04 3.91533495348403e-05 -7.73560114409471e-06 1.72578936050766e-05 1.16988521829402e-04 -4.49310681766206e-05 8.58659978573759e-05 1.91857959523895e-05 -6.79135318619491e-06 3.49151376941596e-06 1.20869241414417e-05 2.98876152546387e-05 2.39274513365322e-04 1.35818487261001e-03 1.70977666394987e-03 1.23810179020811e-04 -2.90276457981660e-05 -4.34304336008228e-05 3.89665836525991e-05 -1.09355629683103e-04 -7.54874619890670e-05 -5.86336952390806e-06 1.90888711261133e-05 3.45465057254107e-06 1.39910813906504e-05 -6.97273984712298e-05 5.74296538843573e-04 -3.92790145117560e-03 3.34282023742367e-04 2.91966027792674e-04 -5.75602134376724e-05 -7.40967776608424e-06 7.71167263412730e-04 -6.56579182242483e-05 -7.78063904159070e-05 9.73951835345432e-05 1.35396083669823e-07 8.08146200541694e-06 -1.16464136449615e-04 -5.31923792601428e-07 3.45945804721002e-03 -2.22507066354969e-02 4.49609366688811e-03 -1.69708332815980e-04 3.57649601209882e-04 5.18954162343673e-06 1.01760366514485e-04 4.19440525187128e-04 -9.40061121768187e-05 7.43084921050318e-05 -3.49693592743222e-06 3.20837445062515e-05 -9.29321505769764e-06 7.59830900800768e-05 -3.99323981852610e-04 5.60166566728028e-03 -1.60417165908967e-03 3.04117328723570e-04 8.48751518109199e-05 4.46564786926298e-05 8.53223429156489e-04 2.24145228076394e-04 3.69278029109894e-05 7.69500972946197e-05 4.22129267660705e-05 -2.77828013941270e-05 1.34988465906080e-04 3.63655602934270e-06
 1.95138772570471e-06 2.78129304264051e-05 -1.02025355360945e-03 -1.86664827202821e-03 -2.40445920915024e-04 -2.52504226555940e-04 6.00599604104416e-04 3.39979170219704e-03 2.31497397158339e-03 -2.72418343969058e-03 -2.49646933453845e-04 -1.27595340242360e-03 7.66674058240956e-04 1.09082700949875e-04 6.18709068381094e-05 -5.99019544833032e-05 1.97713565952198e-05 7.65378641346280e-05 -4.96598968182581e-05 -5.47692264558161e-05 -1.55445136279940e-04 1.27917340828606e-04 6.25087868359636e-05 1.08262371842053e-05 -2.30130970320184e-05 1.69374455197103e-05 2.60662693212476e-05 5.07152452022034e-06 -2.65215608911061e-05 -1.96538677396130e-05 -1.14646277508186e-04 -1.19393706726978e-04 1.88653055184653e-03 8.78589374029732e-04 3.32513216867931e-04 1.26967152808153e-03 -1.92719136855710e-05 -6.60686697739455e-03 -7.36009331031413e-03 -2.04125079622842e-03 3.32660245279593e-03 2.29268445880457e-03 1.04695688182381e-03 3.68234242543539e-04 2.08082185723486e-04 1.02242702227546e-05 2.11930441305400e-04 4.79775793779795e-04 4.80537167530137e-04 5.02063450363115e-04 2.65975266545815e-05 3.42409889348472e-04 2.17094223942088e-04 -5.33957978746707e-07 -6.88192717987927e-05 4.33355175700229e-05 6.91882831663402e-05 2.79660649108019e-05 -6.06671838311221e-05 -1.38438247709996e-04 -3.59284944751635e-04 1.08612366994167e-05 -1.29914890472312e-03 5.39003500638750e-04 -2.58676328056156e-04 -1.96915580020489e-04 -5.58814420752509e-05 7.74764333332580e-03 6.99156855524237e-03 5.79001558198246e-03 5.50235183252436e-04 -3.07168443118759e-04 1.13964024642230e-04 -1.42736987383243e-05 -5.64224689963668e-05 5.23442878669336e-05 -2.07008652556385e-06 1.04432714635472e-04 3.66197493459271e-05 -1.34493437339417e-04 3.97988333387037e-05 3.04970002197716e-05 2.70547976413434e-04 -7.17717095498123e-05 -1.07997005445926e-05 -5.83154182761312e-06 -3.58942728502228e-06 2.47319787934550e-05 -3.33955463075595e-05 2.97839431519138e-06 -3.20403968941191e-03 -2.29044768443267e-04 6.30450982606267e-03 6.99413341573976e-04 6.19940093982338e-04 -1.40253323895107e-03 2.48106850862376e-03 -4.62936543758639e-04 1.72018469170436e-02 -2.19112268780195e-02 3.04329498561223e-04 -2.02130347024429e-03 3.72208372229394e-03 5.72362483983420e-05 5.99361077750121e-04 -1.72851435107756e-04 -2.56413928959072e-05 3.06819184634888e-04 3.50526989378285e-04 2.36625688786654e-04 -2.04480794151152e-04 -2.41518889984759e-04 1.12493698680985e-04 1.15621210685594e-04 -3.54654699454668e-05 -3.07092457215911e-05 3.49824004072329e-05 -4.67811326166998e-05 -3.22291497941595e-05 -1.90319877455239e-05 2.55179195121832e-04 -4.22172468429453e-03 5.12016568341805e-04 5.97218934193313e-05 -3.93091930257114e-05 3.30881984263349e-05 2.04901127063853e-04 -1.49152841621906e-04 1.56024071897506e-04 2.56838660263753e-07 2.42274525490466e-05 -4.04713264822971e-06 7.29855275901461e-06 4.94915057143502e-06 4.41261668157080e-04 7.45232020143153e-04 1.71296421350245e-04 3.18704484665748e-05 2.79156517566014e-05 -7.63923670858112e-06 5.48825716824731e-05 2.50919578921115e-04 1.16597171253189e-04 1.57545009511725e-05 2.96327227735109e-05 -5.91783374047645e-06 2.35702886225950e-05 7.86130151774041e-06 -4.47005770115326e-04 4.48828383596232e-03 -6.18911869290369e-05 -2.67763320859162e-05 -2.77105117057481e-05 -1.94415074585887e-05 -7.35563589692632e-05 -8.74367422910684e-05 -7.26018697795317e-05 1.37433586672299e-05 1.10829250456006e-05 3.67067560258175e-06 9.54482597559726e-06 -1.36465414546547e-05 3.14546995910822e-03 -2.78417912128321e-02 5.71234433531107e-03 2.57843604192529e-05 -3.09809869063235e-04 3.04353328621723e-04 2.18758663212952e-05 -4.06624103193356e-04 3.64325055132219e-04 1.80941165327663e-05 1.07314661115588e-04 -2.96711629170708e-05 -1.79284925926707e-05 5.29072777957440e-05 -1.35011364193192e-03 1.05223256428298e-02 -3.34099767660738e-03 2.27337890886511e-04 5.74758048770896e-06 -2.71236742682740e-04 3.24848289564258e-04 2.70413070222799e-05 -5.92949433093632e-04 -3.65772435801440e-05 7.05548779391914e-05 6.02787393243958e-07 -8.10103702638604e-05 8.04727847425759e-05 -1.26896641567682e-03 1.37940606601401e-02 -3.23683345431611e-03 4.47074535299207e-05 3.68749526231047e-04 9.34883734056123e-05 2.24145228076394e-04 9.08170284311442e-04 3.84220738925891e-05 3.08342976696554e-05 1.32142104420135e-04 -3.54258122966316e-05 3.41472398646164e-05 -6.07308367846600e-05
 -8.33648332644283e-04 2.25192272610494e-05 -1.17612389014796e-03 1.73299550651203e-03 3.50836362043739e-05 -2.00259035908654e-04 5.61827692019810e-04 -5.83499587033721e-04 1.21480488190447e-03 -3.16157301917157e-03 -1.23835775524115e-05 5.61937382388259e-04 7.30449839001264e-04 7.18775998307595e-06 1.25569903521443e-04 4.29405219026799e-05 -2.52058266513604e-05 -6.72415552885977e-06 1.20161244625571e-04 -7.31807830149160e-06 5.02657711079579e-05 1.74121073055155e-05 -2.64379234607366e-05 -3.79223785782220e-05 -2.63724350201829e-05 1.26644103990707e-05 -2.37447518706583e-06 -9.15396111994530e-06 -1.02883461926105e-05 -1.08720685967867e-05 -2.71508203110507e-04 1.00953275388681e-04 -2.86916305570213e-03 -7.78081974380111e-04 3.14482765825885e-05 -6.58126520083609e-04 -3.45049540573816e-04 3.84534676853183e-03 4.33526657043680e-03 3.88867037836245e-03 -2.02716311119147e-03 -1.33056281939991e-03 1.78559898914747e-04 -1.44804525347841e-04 3.31139606099597e-04 8.46855586871376e-05 6.86784907209935e-05 -2.30921640088080e-04 -2.18195344600727e-04 5.84319764686136e-04 1.74037855756532e-04 6.86552851346425e-05 3.17489353661349e-06 4.40453798960765e-05 -4.50622001654560e-05 -2.55886217035838e-06 -1.13869292983057e-05 -2.07097602555823e-05 -1.13577702848346e-04 1.25133034774017e-04 5.60995519601109e-05 -4.10822664017699e-06 -3.38479076991068e-04 -1.55312545858247e-04 1.85190196790852e-04 1.34751681802219e-04 -1.21310463962285e-04 -4.04839600470144e-03 -5.74368690680532e-03 8.33725933496242e-03 -3.76524892880777e-04 2.99489748617415e-05 -2.97412579304315e-06 -1.22358096614551e-06 -7.29138335205341e-05 -5.15142911912025e-05 -7.12326059033475e-07 -6.87744130262586e-05 -7.91407526666391e-05 -1.86772935849635e-04 -7.51124402851040e-05 7.91572365009969e-06 -1.80244079406522e-04 5.01300154315147e-05 -2.40922756960664e-06 1.49177946694219e-05 -2.98303265681267e-06 -1.21570054657339e-05 -3.88522760123869e-05 -1.40020438757966e-05 -5.91726655161895e-03 -1.61731763729984e-04 5.05297815742497e-03 -2.18510511954226e-03 3.48351336104296e-05 1.15429074534853e-03 1.29435782823717e-03 -2.48945381015995e-03 -1.35815334385167e-02 -1.02454824801592e-02 5.33662023977289e-04 1.52484294120451e-03 1.58842207986671e-03 1.62087794102416e-05 2.15681463574161e-04 3.45697900055753e-04 1.21214175344192e-04 -2.04044564704515e-04 -1.53631914303079e-04 4.61953820657793e-05 2.74064378819252e-04 3.49237082271311e-05 -1.13069429136769e-04 -2.26470223192394e-05 8.96702754861262e-06 -3.61701799038658e-05 -2.28749112355135e-05 2.91590383984637e-05 -1.83680200888819e-05 1.16553276091984e-05 1.86695346132277e-04 -4.16556973914595e-03 8.57896766183935e-04 -5.73288346813451e-06 -5.48014533302993e-05 4.84202276905699e-05 1.31327154059760e-05 -1.91701334440680e-04 6.64371350735810e-05 -6.06793183959978e-07 3.07024215490453e-05 1.69525638236034e-06 5.01496501853693e-07 8.36473116995864e-06 -3.01940993814583e-05 2.54203630277631e-03 -2.22489586237557e-05 -4.27008470920665e-06 2.79736822954568e-05 3.14354227193529e-07 -6.19731327544581e-05 9.08764902466787e-05 1.17001985693515e-04 1.12790785529031e-05 1.14529011857965e-05 -1.54377342644220e-06 1.45352855450372e-05 2.90964321525809e-06 2.08230870256535e-05 -5.19855575494296e-04 -5.93166439817608e-04 -1.46484409664905e-05 5.53128210383877e-07 -2.94359046130143e-05 -1.77712381698167e-06 3.40827738239811e-05 -4.84996869859947e-05 7.24687245771427e-06 1.53362232399374e-05 -8.54336641201109e-06 -8.79547387013889e-07 9.62212045954485e-06 -1.19353914441101e-03 3.78742082681126e-03 -1.44876680452394e-03 -2.31305232896957e-05 -6.94233210750952e-05 -1.87348976572567e-04 -1.39291722879761e-04 -4.04754485226833e-04 -2.09612514726254e-04 -1.72629148276784e-06 1.22178811620805e-05 6.46151777645178e-05 1.80324236169568e-05 3.18918172946275e-05 5.33273064607938e-04 -6.20898267770972e-03 1.76637123609659e-03 -1.59327448191347e-04 -3.73811495724988e-05 -8.03441607079019e-05 -2.98599515183399e-04 -3.06944809871567e-05 -1.48680915372315e-04 3.19425280426562e-05 2.94695596431647e-05 2.50932428695758e-05 -3.21403377726887e-06 -5.97908348198657e-05 -2.53098935470134e-03 1.98537769280845e-02 -4.50076983568081e-03 2.13107063365580e-05 9.80584346514054e-05 3.35815463353915e-04 3.69278029109894e-05 3.84220738925891e-05 4.23949534363102e-04 -1.29196817315586e-06 4.81899611446711e-05 8.25663879037195e-05 3.60453305504137e-06 -8.53229398824970e-07
 -3.13928758821188e-05 1.19913437709729e-05 -5.46477412125836e-04 -1.91075394430045e-04 -4.82025655993300e-05 -4.00997800313710e-05 -2.68137433335856e-05 7.12044274633144e-04 6.29964900263204e-05 1.14171033990205e-04 -4.12251512239441e-06 -8.95945677201705e-05 -1.74295761489624e-05 2.41240444007969e-05 -1.31512227199571e-05 -1.25856196122675e-05 6.72396281333437e-06 1.52762244002507e-05 2.82206368106953e-05 -1.39752849811663e-05 -1.00357189040747e-05 1.47460420340308e-05 4.21205537839271e-05 -7.49693927604271e-06 7.00505188819303e-06 4.56718158588129e-06 4.47223676378133e-06 8.52915699298338e-07 -7.38334132477539e-07 -1.40813671541199e-05 -1.39419626894912e-05 -2.73986390042225e-05 1.52385994784032e-03 -2.22065715467563e-04 1.34957635616943e-04 6.86747266062230e-05 2.00095586072577e-05 -1.97828967556554e-03 -8.04493796903616e-04 -6.40836251890723e-04 5.66611466176943e-04 2.19781094026716e-04 5.34498256820862e-05 6.66724283719739e-05 -1.99744393374755e-05 -2.45590351234110e-05 1.35971287161525e-05 1.07723712582669e-05 8.04712089542537e-05 -3.66637008764175e-05 -3.04531098608948e-05 2.13002355092646e-05 -4.94610801137728e-07 -2.19091699934938e-05 -5.12541424981099e-06 4.43706949296955e-06 7.85973232726175e-06 7.91254108939441e-06 4.02686861316132e-06 1.34144002342459e-05 -5.74646913247526e-05 -1.91167231148412e-06 -9.17709043704875e-05 -4.30091493955490e-05 -9.23409508518629e-06 4.72804436929590e-06 1.46946743323376e-05 1.48575198794480e-05 1.91351338926826e-04 -7.60802645684008e-04 8.45158195447996e-05 1.27484957396750e-05 1.88611626744930e-05 1.01331982255073e-05 9.09661001031662e-06 3.07523061187762e-06 1.35949731615699e-06 3.17822199457348e-06 3.48153772986944e-05 2.26595757060685e-05 3.97904349897556e-06 6.87400146701097e-06 -6.13885134048708e-08 -3.30374985972185e-06 -2.48372962471607e-06 -1.29636200820484e-06 9.82907696193641e-07 2.24640328748555e-06 3.62129511031091e-06 9.86738237296958e-06 -1.03448301217198e-04 -3.32783274180932e-05 9.20401826288328e-04 -5.64791638934237e-05 -1.83172476007476e-04 -7.50670193774308e-07 9.02547900019415e-05 2.42116858098905e-03 3.16197109336085e-04 -1.05516385959983e-03 -3.46911517537634e-04 -1.94384627042721e-05 1.75275925342456e-04 6.59820965933156e-05 8.14460141480628e-06 -5.54743251502521e-06 2.02143326774117e-06 1.22498777117545e-05 8.87176738864950e-05 2.18760094711572e-06 -1.34115957583592e-05 -1.38319611012707e-05 2.44529794996245e-05 2.05355788217662e-05 -7.61986644395103e-06 -8.96770460531159e-06 3.08377229619790e-06 -1.12049755394162e-05 -2.10778754985779e-06 -1.72687799498101e-06 3.07312698182554e-05 -9.74283320971356e-05 6.25531082225606e-05 8.63714724834748e-06 -2.12612361994371e-06 3.01046231739558e-06 1.93746502291783e-05 -4.32977315325904e-06 -6.36432400902806e-07 3.17014931493494e-06 3.91084225761831e-07 5.50136062512884e-08 -1.22830914382961e-06 2.39614645356633e-06 5.85668169816936e-05 -5.01325691810380e-04 1.21968059189348e-04 4.42134201337616e-06 -4.06536880749438e-06 -7.87616676548745e-06 1.59089443126221e-05 -9.01653956180433e-06 -8.81192028129788e-06 1.69815672832152e-06 -2.44253243921763e-06 -1.65547630364213e-06 1.77049442045432e-06 2.95605644452915e-06 -4.67404328334240e-05 5.87517970234229e-04 9.84146736489533e-06 5.10094115241460e-06 -8.05309495166767e-06 4.18585173569615e-07 7.08661845038736e-07 -1.62566054121661e-05 -1.96053943541882e-06 1.24938053867673e-06 -8.07313200574335e-08 -8.34830823144874e-07 1.38101686418859e-06 -5.84702819386189e-06 1.00684420143491e-04 -5.97745410500147e-04 1.13288634145243e-04 2.54471576315177e-05 -9.00658259155663e-06 3.03103262095142e-06 6.91520260254129e-05 -4.11224563021867e-06 -1.27711995441223e-05 8.95490175858191e-06 1.07259643019185e-06 4.10249524616111e-07 -9.81378786224365e-06 8.55162133698506e-07 2.34130308048177e-04 -1.66737841173243e-03 2.99620835613503e-04 -5.63634345936956e-06 3.22948938965436e-05 -4.66213981864173e-06 1.37341593155532e-05 4.73843722335945e-05 -2.05627319546133e-05 7.17292810854362e-06 -2.43342291358455e-07 3.33545779032474e-06 -3.46348048960409e-06 9.48116858488785e-06 -1.01309456229191e-04 7.82324485067368e-04 -2.43955636585255e-04 2.96940932785000e-05 1.58496170157012e-05 7.31107399868807e-06 7.69500972946197e-05 3.08342976696554e-05 -1.29196817315586e-06 9.30540240944432e-06 4.99354287625961e-06 -3.79278054158778e-06 1.36184526086196e-05 -1.60331157746607e-06
 1.09094921724758e-05 4.64999370242504e-06 -2.67189304516944e-04 -1.99654983451862e-04 -2.90968511599427e-05 -6.77149546187475e-05 7.45096948451357e-05 4.49643643214271e-04 4.71471155360774e-04 -1.95714187528032e-04 -3.72361655720918e-05 -1.57604482644752e-04 1.04467870008705e-04 1.20717632473801e-05 5.56074217432712e-06 -1.16108908236666e-05 3.82291265017758e-06 8.49268159992354e-06 2.42555028084526e-06 -1.44475928873683e-05 -2.26074732794429e-05 2.33523274609561e-05 7.67325543399179e-06 -8.44275225161211e-07 -4.60718990900224e-06 1.60844201992957e-06 3.56837241169352e-06 2.38191341338543e-06 -5.05660362793083e-06 -3.78893395012982e-06 3.06150513490334e-06 -6.97449275862571e-06 -3.48979655375222e-04 1.57285167453883e-04 3.73206389977395e-05 1.77492727853721e-04 -5.88871498655058e-06 -2.27170938474053e-04 -9.06571163827232e-04 -4.21954700824165e-04 2.33574120818769e-04 3.44171113513680e-04 2.11565749982150e-04 5.61916283497040e-05 3.89549149144567e-05 1.00584657281395e-05 4.63117336411363e-05 4.91253807935653e-05 5.88929949104656e-05 8.99152445158180e-05 1.05736390255791e-05 6.58335403726899e-05 2.00480299789083e-05 8.36033921379401e-06 -1.66346373343411e-05 4.48287402093563e-06 1.27258574845860e-05 -1.41784870227996e-06 -1.22635320954856e-05 -9.73475438768009e-06 -2.19970387018076e-05 4.31542183408612e-06 -3.12718031320804e-04 1.10420767060167e-04 -3.34577401159566e-05 -2.99567775912015e-05 -9.79936738400492e-06 1.49806432027169e-03 9.51528417480373e-04 9.35306030228150e-04 6.03247173147111e-05 -7.65989155596279e-05 2.11022644717170e-05 -9.15460621083253e-06 -8.33099639696931e-06 8.23400733289006e-06 -1.13549615866870e-06 1.62688035115073e-05 -2.96402044472531e-05 -1.90754868451861e-05 1.21713934463344e-05 3.40247033148621e-06 3.84052906840470e-05 -9.22213845373220e-06 -1.07513499284787e-06 -2.21366039745240e-06 -3.61517647220646e-07 1.83355591158912e-06 -4.75175260642420e-06 -7.43951168444933e-06 -1.00106770083762e-03 -5.54102227056541e-05 1.60788307541478e-03 -3.62118754863315e-05 1.09195860209220e-04 -3.15062551107406e-05 4.88524900472959e-04 -1.98040772395761e-04 6.34728910251097e-04 -4.38545435075855e-03 1.23558488423416e-04 -4.67891225113912e-05 7.21200573437504e-04 1.05358305195036e-05 1.04246443700802e-04 2.01482556637446e-05 7.26044179093471e-06 2.19420996883607e-05 4.06969037432851e-05 3.79898605881805e-05 4.51917088526429e-06 -3.75281640968695e-05 8.15834709334366e-06 1.57228026380569e-05 -8.65190605150545e-06 -6.42847124606808e-06 5.17357680829440e-06 -4.72058552078728e-06 -7.32069225031873e-06 3.07169655984991e-06 1.95917805173285e-05 -5.88998639089553e-04 9.89223745580503e-05 7.73315660368856e-06 -5.30533492630340e-06 8.35683355367815e-06 2.87326211028869e-05 -2.73223411750294e-05 2.56037374470729e-05 -2.55801544926727e-09 5.19111766716520e-06 -1.66499921238031e-06 1.38592842582309e-06 7.87286353941082e-07 1.06111057892535e-04 -1.69456262272439e-04 1.40484902299569e-04 2.13786894918551e-06 4.56258095426329e-07 -7.91618082631762e-06 2.40139802874253e-06 3.13547692998692e-05 1.89937340023456e-05 2.58510025879744e-06 2.43723820693544e-06 -2.83096766643408e-06 4.02190402448859e-06 2.42388220825224e-06 -5.62401827773466e-05 6.31918002459969e-04 -3.98631091594876e-05 -5.77805552858736e-06 -2.82361527622836e-06 -2.41074618557767e-07 -1.74827706877163e-05 -8.83518710601830e-06 -5.38059487390575e-06 2.76628892156044e-06 1.31589624056156e-06 -1.15940263665150e-06 5.53415527202978e-07 -9.86203977002220e-07 3.01512920040412e-04 -3.32832445109631e-03 5.93547658118493e-04 2.24042052741048e-06 -5.08517242845995e-05 1.68456915017103e-05 -3.89401845539654e-06 -9.87704920935589e-05 1.94423187733260e-05 1.38251580846840e-06 1.47691198112956e-05 3.95993509009265e-06 -1.11616408613522e-06 1.17790295619950e-05 -8.21414478666225e-05 5.49472369035487e-04 -2.29321703477337e-04 9.07106276780200e-06 -3.48468834815892e-06 -4.81406785523184e-05 1.07654614290641e-05 -6.96308742299285e-06 -1.06177456899840e-04 -1.77943109723408e-06 1.31599167979362e-05 3.20258467349976e-06 -1.29585161317716e-05 3.20010200508658e-06 -5.25428312198274e-04 4.42161776623094e-03 -1.08440633366747e-03 1.29552240492554e-05 6.64299988065934e-05 5.80334784153208e-05 4.22129267660705e-05 1.32142104420135e-04 4.81899611446711e-05 4.99354287625961e-06 2.52225584310296e-05 4.69053010890021e-06 7.62121222155204e-06 -8.82602704282520e-06
 -1.36111107082087e-04 5.51422529183749e-06 -2.05500265815936e-04 4.08828025834695e-04 8.20757154084828e-06 -6.58039053582072e-05 1.84693212653752e-05 3.81165563906003e-05 5.16879103362667e-04 -9.00823483377037e-08 -4.97606358827884e-05 1.08268718164625e-04 3.92105358001387e-05 -4.42722423781226e-06 8.27593756301228e-06 9.51283851761387e-07 -2.14413913369960e-06 -1.26244295078184e-05 2.93125880635585e-05 -1.88131678653623e-06 1.49407980582981e-05 4.11745859903428e-06 -3.10844218849020e-05 -8.76519831655148e-06 -3.80766171417250e-06 -1.59031643666098e-06 -1.46117440107257e-06 -2.13607892476168e-06 -3.15957923504423e-06 8.29542023649551e-06 1.28596000728377e-05 3.76451085909852e-05 -1.37572428973205e-03 -1.00533100430645e-04 -5.64500392168026e-05 -2.41429706547209e-04 -4.84009196656515e-05 1.94339735736293e-03 1.83620090607274e-03 4.39942493981916e-04 -7.44759171794462e-04 -5.09892635087398e-04 8.06450660739276e-06 -4.02173410236799e-05 3.70289895978728e-05 1.61819629234414e-05 1.27624544940022e-05 -7.78753313478222e-05 -7.05475995056767e-05 5.58569192146237e-05 2.80161119143250e-05 5.55322391670542e-06 -2.04325062415179e-05 1.44728049001504e-05 -7.83640821298138e-06 -9.63275911966073e-06 -2.87576189533115e-06 -1.12679137196704e-05 -1.33787206088414e-05 2.55215776520929e-05 4.60496077052703e-05 8.54777371408631e-07 4.95003753838650e-04 -6.47914875075020e-05 3.37629588722194e-05 3.20977222611434e-05 -1.03998219042457e-05 -2.34762230962256e-04 -1.39572127855463e-03 6.44199554868240e-04 -9.68493234572214e-05 4.10560919848560e-05 7.74208460314758e-06 -1.00184369596984e-05 -2.58967070960722e-06 -1.21356763692562e-05 -1.20187086709913e-06 -2.04302527440145e-05 -5.76953499896861e-05 -8.35065940569685e-06 -1.42678880443548e-05 -4.10483948004967e-06 -4.24342021059065e-05 1.43123985421067e-05 1.24316478850384e-06 2.96397334481724e-06 9.53772934600119e-07 -4.74393305495060e-06 -9.56832972157664e-07 -1.28998228853361e-05 -9.77706474863054e-04 -1.66238360959644e-05 6.92098465233298e-04 -3.25869616014295e-04 6.79408542111322e-05 3.33344458078287e-04 1.41891997088589e-04 -1.40217892619508e-03 -3.79876755554752e-03 -1.15034940115045e-03 2.71166907344132e-04 4.66892048993180e-04 1.59590228932048e-04 -2.40676067176311e-05 1.59409497822348e-05 8.77151493260546e-05 2.17384207063885e-05 -6.22733913543030e-05 -7.41731120285292e-05 1.24463093706296e-06 7.75266755122389e-05 1.05351604922024e-05 -4.41603138520165e-05 -1.65234326488437e-05 9.05516342881328e-08 -2.01457634675732e-06 -4.44207488274138e-06 1.29697685174684e-05 -2.53594568644345e-06 2.78493026818031e-06 1.70119492034259e-05 -4.17299830251713e-04 1.45834888198981e-04 7.08319850674282e-07 -4.55187824851083e-06 1.12177359691981e-05 2.46010173083931e-06 -1.63670363167845e-05 8.37413829288231e-06 8.33251675550471e-07 4.61511379116729e-06 -7.68050693961063e-07 -2.16101915740629e-06 -6.89992761472226e-07 4.37661630161168e-05 -2.23089436216250e-04 1.59120106341141e-04 -2.50617050489084e-07 -1.51752925224163e-06 -1.12901342019552e-05 -4.61364446738253e-06 -1.47540331055164e-06 2.81049300668385e-06 8.97245501204187e-07 -2.14581497097090e-06 -2.90849600329359e-06 3.42815208036700e-06 -1.21082987399250e-07 -5.08881525690445e-05 1.34559516886453e-04 -2.39235824925900e-04 -1.24351796920976e-05 -7.91654599980508e-07 8.42866463193792e-07 -5.67409945825195e-06 1.35213064489029e-05 3.19869806543339e-06 2.17957728869339e-06 5.34133164794698e-07 -3.38665883536037e-06 -1.40788907499851e-06 5.15490006527639e-06 -3.99075781150352e-04 2.17452584681844e-03 -5.87677200521706e-04 -1.69473423897259e-05 -2.77113083664011e-07 -5.59918158274659e-05 -5.23118369493385e-05 -6.39124944822522e-05 -6.25564510418120e-05 -5.87241982863698e-06 -3.37321957229256e-06 1.59041668265115e-05 9.13091921719706e-06 4.87902688931343e-06 7.62026713223071e-05 -1.16553108838114e-03 3.56331228233939e-04 -4.09641014752201e-05 -2.21104114856868e-05 -7.50512260024382e-06 -8.74946895513118e-05 -2.84305406335441e-05 -9.51139552205858e-06 5.41894359328681e-06 3.44203807412300e-06 4.70066248920947e-06 1.77123376388200e-06 -1.96773812355123e-05 -5.22251797471746e-04 3.66842924994672e-03 -8.79493382744043e-04 -5.81779410093596e-06 5.95458106822594e-06 7.25866514375881e-05 -2.77828013941270e-05 -3.54258122966316e-05 8.25663879037195e-05 -3.79278054158778e-06 4.69053010890021e-06 2.11644574792504e-05 -3.94902184083002e-06 1.33617281157523e-06
 -4.23243092781432e-05 1.09362036919428e-05 -7.36469420468793e-04 -4.18561686143673e-04 -3.89565810087946e-05 -5.80586108732048e-05 -8.03310500537493e-05 5.65160195972248e-04 -4.89540822531647e-05 6.56217878447173e-04 5.41022398241136e-05 -1.50430720270160e-04 -1.16510837514713e-04 2.25222921091014e-05 -2.40740516451480e-05 -2.09369359477692e-05 3.88529485934786e-06 2.50047280528275e-05 2.62033648502891e-05 -2.34118778461463e-05 -1.96818204196054e-05 1.04127808898214e-06 7.77131745438388e-05 -5.73733735541134e-06 5.52805507378659e-06 6.27922943897599e-06 2.69359823726041e-06 4.66098630246047e-06 2.62329251163439e-06 -2.56997344297124e-05 -1.18046067229539e-05 -4.85248460259704e-05 1.74804438181168e-03 -3.02513196676090e-05 1.52489276677985e-04 2.55115112410493e-04 3.40339793054751e-05 -2.22325484537570e-03 -2.25179757839864e-03 -5.89904111244409e-04 6.99633481803076e-04 7.43090778083915e-04 8.16325920820138e-05 1.13223422767767e-04 -2.35413127644381e-05 -2.23774786427705e-05 2.62288493005833e-05 2.77282565222656e-05 1.33074529393806e-04 -2.63616905877215e-05 -4.90240744879314e-05 3.80669024642806e-05 -1.67800436596845e-05 -2.37493035215846e-05 -7.92857851094301e-06 1.33873899539412e-05 7.75928588098937e-06 8.32126686785190e-06 3.43626221636444e-06 1.73231825094785e-05 1.36307277090581e-06 4.22451084641799e-06 -1.71852159296495e-04 3.13715472372962e-05 -2.89944426036910e-05 -3.01477119130245e-05 8.64665235214002e-06 9.75123348368299e-04 1.33962084182559e-03 -5.05102376919699e-04 1.31058346062416e-04 -4.89152020366328e-05 -2.03763501803892e-06 4.47973747847585e-06 1.97438627914621e-06 1.27610088525010e-05 5.61674990738846e-07 2.15396971218505e-05 1.34811040281408e-05 9.30915354314775e-06 2.49483457125661e-05 6.59542084336018e-06 3.09425130063522e-05 -1.22719818300105e-05 -1.91957802491797e-06 -5.17192922449697e-06 -1.03252779310874e-06 2.94146799320908e-06 6.92235757345801e-07 5.32023135677119e-06 -2.72923904044195e-04 -3.19864367581518e-05 7.00609782183852e-04 1.31232294333318e-04 -2.98445896615782e-04 7.28755113138253e-05 1.40522891469693e-04 4.24669395594224e-03 -3.90355872963578e-04 -1.59697960170510e-03 -5.52622811306563e-04 9.37769710833722e-05 2.44470708891043e-04 1.08187858702980e-04 9.32374944272557e-06 6.20027918437822e-06 1.09812612856929e-05 2.11780384108281e-05 1.43115730316250e-04 -9.10978687221891e-07 -1.69016514313535e-05 -6.14626861379470e-06 5.56252689445853e-05 2.91946091628103e-05 -8.29913016553481e-06 -5.25769100394435e-06 5.34232052852913e-06 -1.85050883767181e-05 -1.77255735231575e-06 9.40067543845785e-06 -8.33925761968747e-06 2.54127031503871e-04 -7.02543854393781e-06 4.07313097088644e-06 3.82810338024372e-06 2.11521802217419e-06 1.00945519853855e-05 3.71330071398494e-06 -6.04892362929061e-08 1.86777693548498e-06 -4.62063848378141e-07 -2.17673277909907e-06 1.39564999445109e-06 3.15190440747675e-06 1.38260144402090e-04 -1.05238506629805e-03 2.70746066499028e-04 7.01180254034912e-07 -1.25670690120008e-05 -1.55779108601065e-05 8.68876935149294e-06 -2.46617809230916e-05 -9.63496550270432e-06 1.71636139825825e-06 -5.69040555209821e-06 -3.23238072823373e-06 -6.79332953393852e-07 6.20159314454469e-06 2.71971358150648e-05 4.31811547030530e-04 1.85860154791341e-04 1.35421462537478e-05 -3.67822873068036e-06 5.93703587795039e-06 -9.49216214969791e-06 -2.01645964506784e-05 1.29606466972404e-05 7.21710318910971e-07 -1.12576151643143e-06 -1.04863469145171e-06 -5.69640585340707e-07 -8.35310196699360e-06 1.20836251955010e-04 -6.11042556297161e-04 7.70262843380438e-05 4.67820788647091e-05 -1.35104882022793e-05 -3.96571827426642e-06 1.24892070652976e-04 -9.47400576269106e-06 -2.64302184725456e-05 1.45873252809641e-05 -7.14643698494044e-07 2.38911486853355e-06 -1.83930846146052e-05 1.78855372838258e-06 5.99934845929958e-04 -3.78895120099954e-03 8.42032386149441e-04 -3.37452714807891e-05 5.94271661545726e-05 -1.70666227206067e-06 1.37601214220699e-05 6.55601225990560e-05 -2.41457875788991e-05 1.30189377232496e-05 -4.67857638897426e-07 6.31222846479368e-06 -2.85118312721505e-06 1.00619774862058e-05 -1.40300809966492e-04 1.28575116836127e-03 -3.91143976196528e-04 5.14121933338136e-05 1.74710846645125e-05 1.49297677446014e-05 1.34988465906080e-04 3.41472398646164e-05 3.60453305504137e-06 1.36184526086196e-05 7.62121222155204e-06 -3.94902184083002e-06 2.41838893177011e-05 1.05964765683302e-07
 1.22340426198511e-05 -1.52276684297622e-05 4.32442522248742e-04 1.01351756152571e-05 5.15934983234486e-05 4.07318848126810e-06 2.63918057069129e-05 -8.94576629593514e-04 -3.88317064276461e-05 -3.26398502924820e-04 1.04442555497148e-04 3.94329442811580e-05 1.88305347965543e-05 -1.66596420774852e-05 1.50983807867604e-05 4.34387641587160e-06 -8.70290739622842e-06 6.54181229485436e-06 -1.99429344362337e-05 1.27862897008342e-05 3.19727699793085e-06 -1.97237283015484e-05 1.85390699027485e-05 6.72721098644972e-06 -1.30830637188652e-06 -2.32209609073980e-06 -4.16627916524543e-06 3.82797279604697e-06 4.63031162077102e-06 -5.30496726947120e-06 3.25732707341512e-05 -1.12929185327039e-05 2.25610350928710e-04 2.63694172411847e-05 -3.44697385585638e-05 7.27596489860824e-05 1.25688001019326e-06 6.39032516492757e-04 -6.72488992227891e-04 3.92852595653831e-04 -2.60556804303258e-04 2.62996340505215e-04 -3.46256504900399e-05 -2.31675566264221e-05 2.46152620693825e-06 2.32524321201009e-06 -2.47793337077957e-05 -1.02293919667414e-05 -2.91761785106738e-05 9.91460591904806e-06 -8.44150201101564e-06 -3.43197247800691e-05 -2.49759827246468e-05 -2.73780979916987e-06 9.46096326043122e-06 3.42903151759515e-06 -6.24727838696506e-06 -1.44219867587564e-06 -2.06711205665036e-06 8.63457389896725e-06 1.51188151991610e-05 3.98426482817406e-06 2.09022626547830e-04 4.23821434811310e-06 1.54912011272344e-05 -1.06370511482661e-05 -9.42742819342748e-06 -3.53822489867471e-04 4.08646355441880e-04 3.71065503014111e-04 -4.25214106150096e-05 -9.32335068573969e-06 -2.23467453016187e-05 -1.62475345612270e-06 -7.18819646395859e-06 2.47463625720491e-06 -3.52564838311434e-07 5.90431183903628e-06 -1.02034216109516e-05 -1.53186363894272e-05 8.19871359138521e-06 -5.02874432196180e-06 8.05423466383532e-06 -2.33381514587516e-06 2.15908811628451e-06 -1.41537059802080e-06 -1.50608788805536e-06 -1.37057520107793e-06 -3.00604184894277e-06 -2.12840904955928e-06 2.85904102502655e-04 6.70417184349982e-06 -2.33879293733483e-04 -1.10617878054482e-04 -6.37583668515730e-05 9.79244014857286e-05 -1.74418195900324e-04 5.75056007474728e-04 -1.28585037878004e-03 1.67457187784465e-03 -8.43735136986680e-05 1.23804651322017e-04 -2.81870642417171e-04 4.38092287140842e-06 -4.38786485988699e-05 8.83205196153147e-06 4.12022247702495e-06 -1.12952137306323e-05 -5.41059470445737e-06 -2.27499496080917e-05 4.91978045474595e-06 2.34844585844763e-05 1.41462788449723e-05 -2.04584739296747e-06 5.21094084843946e-06 1.98270362844288e-06 -3.00205211221570e-06 -7.89916143758095e-07 2.11866712566513e-06 9.98051010869174e-06 2.43189327198346e-05 -2.03084432905487e-04 3.06086396966920e-05 -1.20411842854744e-05 -2.84357635336321e-06 7.98357280424395e-07 -3.27267200152054e-05 8.56746850446499e-07 -4.32086906682560e-06 -2.63286269032292e-06 2.47375718198558e-07 -1.09064954880264e-06 2.58302740307281e-06 2.04971834855184e-06 -8.91440370782322e-05 5.52363814044374e-04 -1.59732239687477e-04 -8.59430300271212e-06 7.00220528903111e-06 8.84146468258903e-06 -2.57787778080558e-05 3.31087609168596e-06 2.87816529302271e-06 -1.89386121750957e-06 2.00933470974797e-06 8.61167517328782e-07 -5.92489515791028e-06 -1.05859088822990e-06 1.00794052033623e-04 -5.94509442350799e-04 1.11055043684726e-04 3.62733047374254e-06 9.55088332193608e-06 -4.02523361670426e-06 -8.28092692833455e-06 9.06449789440888e-06 -4.10462696699343e-06 -1.59389370888428e-06 1.04957227392007e-06 2.87240959164243e-07 2.18810985046434e-08 2.30592283299488e-06 -2.69363869074798e-04 2.14089778676162e-03 -4.98717043906459e-04 5.59299654953547e-06 2.70189911088921e-05 -2.53393528780399e-05 1.59781870550769e-05 3.16561134399710e-05 -1.98166691293094e-05 1.38402187395625e-06 -8.68625417149392e-06 1.35716415098570e-06 -3.06761776835708e-06 -4.26452254537904e-06 1.79135164534351e-04 -1.07383864281859e-03 3.66420008952836e-04 -2.08135446473340e-05 5.41882432564305e-06 2.26496140380387e-05 -1.17855526351736e-05 -5.03546238653894e-06 4.70869725771862e-05 2.89234421847408e-06 -5.14564763426377e-06 -1.76832575928835e-07 7.18798807416766e-06 -5.63488215516538e-06 1.12920510054564e-04 -1.04138832459853e-03 2.39536973311778e-04 2.92726570799287e-06 -2.76727207126100e-05 -7.03803611700955e-06 3.63655602934270e-06 -6.07308367846600e-05 -8.53229398824970e-07 -1.60331157746607e-06 -8.82602704282520e-06 1.33617281157523e-06 1.05964765683302e-07 6.43487071989194e-06
