Paoks:
 1.99859861648466e+00 3.34684255510186e-03 3.79076417034820e-03 3.92503327632174e-03 -3.74028010022127e-03 -9.03078762681343e-05 6.80419681404838e-05 4.87724596623196e-03 4.78226222915733e-04 -7.38659825457435e-04 -3.02501151585825e-04 -1.72795330159563e-04 5.27491453160518e-05 -2.15002411141565e-05 -2.45579526485372e-05 -3.14364197223754e-04 -2.85138946583211e-05 -2.09839834855111e-04 2.82883147438616e-05 5.90617062105951e-05 -2.72833978828201e-04 3.30927115269633e-05 -6.61552563524682e-04 2.43508088515454e-06 -2.63359261357219e-05 -2.53094362790634e-05 2.83103448999632e-05 -2.01952928900482e-04 -1.17973634243451e-05 8.24686167331503e-04 1.42705843861318e-03 1.29499458390434e-04 -1.22038640734944e-02 -1.71495387460808e-04 1.87466115799443e-04 -7.26741279548996e-06 6.68726234283445e-06 -4.32597605609987e-03 7.33879011681867e-06 -1.96836904293391e-04 1.08879422014047e-03 -1.65879350037252e-05 -4.40298222060336e-06 -3.77531331702198e-06 9.09423650088075e-07 -2.44061670545099e-05 2.07340581051612e-06 6.62180026663729e-05 5.63538937601508e-06 -1.95315225351768e-06 5.82372142349250e-05 2.31165986073963e-05 -1.80691185022738e-04 -4.94188185833846e-06 1.50133663533789e-07 5.31801375409801e-07 3.00599098421436e-06 -2.65582240433107e-04 -3.63323275681606e-06 3.40274060467021e-04 2.04522494800804e-03 4.30375300142863e-04 -1.86701140552318e-02 -3.11198418156873e-03 -9.91821888015878e-04 1.72267729607668e-03 -2.58023467519363e-05 3.67160862599444e-03 -3.61934043327762e-03 -2.65501331759511e-04 -4.14281194986639e-04 8.32160113788449e-04 2.23287557714797e-05 9.90830614087143e-05 4.67394338422903e-06 1.20488678849857e-04 -9.95938505117576e-07 9.85579526242878e-05 6.04606669695877e-04 3.73544008973304e-05 3.75587567887172e-04 -2.65912950864208e-05 5.71318864696209e-04 -1.58763388194050e-04 1.01550830289468e-05 -2.35343487787227e-04 8.06663583820569e-06 1.09940127190262e-04 8.38524275393058e-06 4.66840946022394e-04 2.02839313603741e-03 4.46486015343332e-04 -1.90507934789331e-02 -3.15592556092745e-03 -9.96710535498847e-04 -1.74663780684423e-03 1.83387756901388e-05 3.33135373571021e-03 3.24987795196148e-03 -4.65658557859149e-04 -4.16154137942290e-04 -8.54495155463669e-04 4.24302185152797e-05 -1.02544511708626e-04 -9.00380288009583e-06 1.22508184758033e-04 -3.76904767988364e-06 9.57286520124572e-05 -6.46136359980291e-04 -2.07560503874908e-07 3.93531405412511e-04 -4.85401598422679e-06 6.00749312622371e-04 1.63897968729512e-04 3.49226266787880e-06 2.34650785779873e-04 -6.31351404590798e-06 1.07638190189730e-04 -7.77692231616286e-06 4.79015830537658e-04 -1.02700259788148e-03 1.69441408392000e-03 -5.72237345907761e-03 2.18785318532850e-03 -1.08458509889272e-03 3.74889979960496e-06 1.94439558211963e-05 5.25952480033959e-03 -5.94036015185220e-06 -9.88460553760068e-06 -1.73999121758184e-03 -1.27466051777448e-06 -6.11948992070173e-06 -1.42674843560691e-06 1.27047922937340e-06 2.87619122756219e-04 -9.99497883307101e-07 -5.80917725773379e-04 -2.08028780977542e-07 -1.33571863663937e-07 6.82910580439822e-04 -6.62085771368622e-06 -1.09472356083417e-03 2.65823528973462e-06 -4.80322623996948e-07 -2.13763858325253e-06 -2.15341614139038e-06 -4.89654446241869e-04 3.12669217242502e-06 6.04408733788556e-04
 3.34684255510186e-03 2.56760199776359e-04 1.32234324631317e-02 -3.09355527777247e-03 4.84481120427657e-04 3.93800879630438e-05 -1.89315576256778e-05 -4.88587469169456e-03 -4.75942103228108e-04 7.82836031222040e-04 2.35929275025789e-03 1.62688224954383e-04 -1.01547685525718e-04 1.85501931782450e-05 -4.53256927667768e-06 -4.19710087142988e-05 1.70314745131860e-06 -1.46864926639552e-04 3.26987374678931e-05 -8.35581405750751e-06 2.65660944032943e-04 4.42918949304270e-06 1.53069841627412e-04 7.66115960510629e-08 1.80929134775075e-06 4.04758140746615e-06 -9.40208109140776e-06 -5.03586991067119e-06 2.11386661707625e-07 4.79526574503879e-05 -1.52674139812129e-03 -3.88944917949984e-05 -4.96934564302729e-03 -9.88878010689888e-04 1.37723656203962e-04 -4.10579161751036e-06 -7.25649757971352e-06 -1.93830814166655e-04 1.63675115288399e-04 5.55233896756058e-04 6.23038445746818e-04 -8.93536081843163e-06 7.14517726391717e-06 1.31661748716155e-07 7.84504081825618e-08 -2.09895166308366e-05 -5.11693693263187e-06 3.71104123026304e-05 5.90403192730248e-06 -9.18629384520872e-07 1.67931196969589e-05 -2.20484245213711e-05 -3.56032787068309e-05 -1.22820005843325e-06 2.25818791802383e-07 -1.85962059107776e-07 -3.21232891176379e-06 -2.57700909141579e-06 5.70831569142336e-06 9.05047093741225e-06 -1.79746022512810e-03 -1.35009283225066e-04 -9.43134557397409e-03 -1.26400998853736e-03 -1.91582091073472e-04 2.19606740067543e-04 -3.84216717818290e-06 4.62472488543616e-03 -7.34045211243793e-03 1.70893409285239e-04 -4.44501868624049e-07 3.75046608456271e-04 -3.03417454724909e-05 -1.10612867197911e-04 -5.32590508590069e-06 -7.20490360954604e-05 2.39531820150209e-06 -9.61222592369147e-05 -2.91263698431219e-04 -1.33449515076524e-05 -1.89775471918774e-04 9.81829418297077e-06 -2.57844461053745e-04 2.07176265340209e-05 -4.43251414353358e-06 3.85601033590618e-05 -2.99062940797233e-06 -1.19277242856426e-05 -1.62318520509187e-06 -7.29671254662654e-05 -1.77264600385836e-03 -1.35133205899980e-04 -8.90469065747266e-03 -1.33575799776834e-03 -1.91120574394282e-04 -2.43257448916170e-04 -9.63129843465455e-06 4.67209173879248e-03 8.02051431410270e-03 4.25763391380062e-04 -4.25644776366092e-05 -4.25628172772261e-04 -1.40636459236157e-05 1.21848368235689e-04 7.12571167166365e-06 -7.93644696981340e-05 2.70623273421934e-06 -1.04720206260977e-04 3.10220982181415e-04 2.16550840276384e-05 -2.03136296942758e-04 1.55299008812550e-05 -2.66525250319682e-04 -2.10986772023685e-05 3.41469505542942e-06 -4.18104273082022e-05 -3.22244773477903e-06 -1.46090373608893e-05 -2.10954286530186e-06 -8.15948152433812e-05 -1.80984467872799e-03 7.58472192354925e-05 -5.26706304789580e-05 -5.47547806503486e-04 1.73118550279782e-04 -1.87282739202080e-05 -4.31899098488705e-05 3.88458028848096e-04 6.78477318112956e-05 1.09022444288175e-04 2.53331529792351e-04 -2.08169977370116e-05 -3.50589600983120e-05 -9.98535878501851e-06 1.31861126286643e-06 -1.52736383298067e-05 -8.33906221028865e-06 -2.60203342649047e-05 -1.74551849553669e-05 -3.35125025119689e-06 3.14554780973524e-04 -1.03354108245138e-05 -4.09918218047627e-04 1.14529876360388e-05 9.31039503110829e-07 -3.97735605050704e-06 -1.64529600293407e-06 -1.65105302087235e-04 3.61906575938223e-06 1.34667418789840e-04
 3.79076417034820e-03 1.32234324631317e-02 1.65141148772509e+00 -3.42639492631210e-01 2.33951451634185e-02 5.57236783348015e-04 -2.39172061183566e-04 -3.92720613706999e-02 8.85565457772172e-04 -1.84042842789176e-03 9.39128228809855e-02 1.18333981246297e-03 7.55538332981717e-05 1.95288099250155e-04 -7.58620312573186e-05 -1.58168534724055e-02 -5.28115827660275e-06 -5.84972139279915e-03 -6.84756419405148e-04 1.94368259872261e-04 -1.03616110812969e-02 -7.20951582420890e-05 7.97733670669446e-03 -1.05096161564508e-04 4.06822511363336e-05 1.31223533081945e-04 -1.18831812289175e-04 -1.26565323933123e-03 -4.05631883594194e-05 1.68223073321117e-02 -2.39979947901873e-03 -4.88779172507884e-03 -1.46875784073409e-02 -9.51193426653219e-02 1.04792887430874e-02 2.40751505384453e-04 8.74123217589476e-05 -4.52591078013175e-01 3.63841473122600e-04 -4.94426386717060e-04 1.30094522561545e-01 -7.65534217500496e-04 2.14878420248793e-04 -1.56825703639154e-05 7.38660814612468e-06 -6.64106452101237e-03 2.40496415764127e-06 1.13646618055916e-02 -2.34638622654149e-05 -2.79009986484732e-05 -3.79347689964457e-03 -3.74618364447685e-05 1.05996456415690e-02 2.67375724753684e-05 1.28936213633901e-05 -8.43285893481679e-05 -3.19252882910881e-05 2.42382701878684e-03 -3.45312461899632e-05 -3.79512466605835e-03 -3.92036911802688e-03 -6.85098287529298e-03 -2.26616754829916e-02 -1.26492383214207e-01 -1.25906038222540e-02 2.22891480998997e-02 -1.27256825043397e-04 2.87662385169997e-01 -5.10747751395468e-01 -7.50907532291532e-04 -3.78443958979255e-02 6.33286760726815e-02 1.39091175911503e-04 -1.16029761624308e-02 1.77678655010617e-05 -7.37784914573296e-03 -8.12285086180856e-06 -8.02209359506394e-03 -2.24026169805166e-02 1.94895429393523e-04 -1.41870408296667e-02 -3.54671138882682e-05 -1.47775966545950e-02 3.19106182685473e-04 -1.04801142637301e-04 2.90816488249643e-03 3.13164452159202e-05 -1.58327946512566e-03 -4.87299275304728e-05 -5.56344194232614e-03 -4.11801170848483e-03 -6.64350961588804e-03 -2.41278284614435e-02 -1.23571323686379e-01 -1.25801855721502e-02 -2.18297507864602e-02 -1.11712559829243e-04 2.86655440470741e-01 5.10325317690609e-01 -1.31859124395628e-03 -3.73127921428416e-02 -6.27705507381448e-02 2.37135175856489e-04 1.15998528033847e-02 -4.02732732326758e-06 -7.40364880448770e-03 -5.47379196346092e-05 -7.98581452737974e-03 2.24304228857122e-02 7.72443614814131e-06 -1.40930012198357e-02 7.89120247216587e-05 -1.48365773629269e-02 -3.07515876678331e-04 -8.72527219696747e-05 -2.81722564563874e-03 1.92994786795762e-05 -1.50296472782236e-03 6.89795774091187e-05 -5.50869729730105e-03 1.10825728054449e-02 6.55978526469467e-05 -1.29106079947484e-01 5.24363444046220e-02 -1.01486108945954e-01 -3.63773285174276e-04 2.99511803118813e-04 2.73619282732904e-01 1.23268683991100e-03 -6.36601549336743e-04 -9.43259694390272e-02 -6.03838823459507e-04 2.33563118180610e-04 -2.77951630852325e-04 4.19864973311129e-05 1.04422246283134e-02 9.81641695442595e-05 -2.43608687913236e-02 -1.51867409363362e-04 -3.55115009766277e-05 2.03174706421050e-02 7.92421668066282e-05 -2.59695089619606e-02 2.28541872483768e-04 -2.62672145175393e-05 -1.12944517282892e-04 1.47156944266371e-04 -1.50040751248746e-02 -1.11363216343355e-04 1.42760592078809e-02
 3.92503327632174e-03 -3.09355527777247e-03 -3.42639492631210e-01 1.07121044064641e-01 -7.73609884607681e-03 -3.85979282958956e-04 3.75198981552315e-05 1.01383793712836e-01 8.04360451665869e-04 -1.12787433009678e-03 -3.08140064609676e-02 -8.09975510271819e-04 4.80623191367512e-04 -1.46808845291464e-04 4.85624596852706e-05 3.83617167743165e-03 -1.36978995462202e-04 5.91002197977826e-03 -1.76421302946445e-05 3.56170569045126e-05 5.50109134940055e-04 -3.79111484073860e-04 6.30766469021008e-03 4.28783974850211e-05 -1.15988753700463e-05 -3.44458587949124e-06 4.67509902390471e-05 -1.54167774577667e-04 -7.97413816694330e-05 -3.37285640867441e-03 2.05929136048311e-03 8.19006769939256e-04 -9.74683976486800e-02 1.95262322532863e-02 -1.54927473969880e-03 -5.20993809571916e-05 3.07664511358286e-04 -4.96425103340639e-02 -9.91929064997162e-04 -9.83676650379985e-03 2.08199278740745e-03 1.91994356866340e-04 -6.74391678149853e-04 1.90273072434627e-05 2.66130236345292e-07 6.37706181236286e-04 5.07524253157035e-05 -9.18119401151303e-04 1.51644794021561e-05 2.23239421324595e-05 8.33006618405919e-04 1.13336910048362e-04 -1.59973197529057e-03 -6.14845589078608e-06 -1.28113596768342e-06 1.98342552732940e-05 3.93698017069871e-05 2.89690083926337e-04 -7.57830530826872e-05 -7.46758129958368e-04 8.54644877110966e-04 1.84495020924223e-03 -1.03249386805878e-02 3.03272052303739e-02 5.55405001414577e-03 -4.11612931449089e-03 -3.37131795607582e-05 -1.45916002239568e-01 1.19747162343046e-01 2.98903233809203e-03 5.28252169795113e-04 -1.83898608020973e-02 1.33769141852065e-04 3.20251623328127e-03 -1.81204777893456e-05 2.01401823066382e-03 1.06827618798611e-05 2.02401667352152e-03 6.37808599031605e-03 -7.14871149457504e-05 3.62988890852931e-03 -1.89422413037924e-05 3.51697196320176e-03 -4.28588559071896e-05 1.48624800792391e-05 -9.38421085423734e-04 -9.50084434944602e-06 3.65837646333285e-04 -8.45365129553914e-06 1.73891941916877e-03 7.60934024708966e-04 1.81255909845459e-03 -1.59828535611207e-02 2.92726356947339e-02 5.32330115980726e-03 3.88918667545732e-03 -3.71037265755990e-06 -1.42383033726618e-01 -1.21928474328752e-01 1.28575279443865e-03 6.45484309609435e-04 1.82196972282656e-02 1.83164108109995e-05 -3.21587149521223e-03 2.06777796538416e-07 2.03300179166566e-03 1.17124272963936e-05 2.05763598770062e-03 -6.44811527427601e-03 -1.36038288427342e-05 3.70334172350724e-03 -6.05269111462586e-05 3.65314541527904e-03 5.97705997442588e-05 9.63621964320733e-06 9.37997561573646e-04 3.73810654597662e-06 3.68573480975072e-04 -2.50904623475026e-05 1.77124621179451e-03 1.19855192737351e-01 5.91602683099887e-03 -5.90384363012097e-02 4.09535566678555e-02 -4.76260232952935e-02 1.18381762342442e-04 9.99430496783796e-04 9.61897689256936e-02 -1.82669824519039e-04 -2.91186488562043e-03 -4.45246573474829e-02 6.28227311218325e-05 1.16328793858919e-03 9.04592209518381e-05 -1.58969928892999e-06 5.04650615324995e-03 2.34742322066785e-04 -8.82915437063622e-03 -6.61534979077530e-06 1.65269363529653e-05 -2.70081223112407e-03 2.23422987948095e-04 4.07839790490025e-03 -4.73928262098679e-05 1.07786608260247e-05 -3.22458805522365e-06 8.90146889979008e-05 -3.24888384272691e-04 -7.21311043732984e-05 9.74307646128279e-04
 -3.74028010022127e-03 4.84481120427657e-04 2.33951451634185e-02 -7.73609884607681e-03 3.53911333776650e-03 -1.77356130919202e-05 1.69358695076328e-05 -5.17366199910505e-02 4.24828441969848e-04 -4.32777588383342e-04 1.48181123801066e-02 -8.74860127215297e-05 2.46979953877815e-05 -5.33042443846167e-06 -7.30311125423648e-06 -1.24929977972770e-04 9.64945954022217e-06 -1.58219024946818e-03 1.73116096643483e-05 -1.41517776016212e-05 4.05016328788435e-04 1.48486502760313e-05 -2.09681453928858e-03 7.21949454427432e-06 2.16095372063429e-06 -5.39063245114967e-06 3.02416414685316e-06 2.54439332301152e-04 1.10861077265997e-05 1.64632946507649e-04 5.41772571272462e-03 1.04943320085742e-05 -3.59733675554572e-02 -2.14788267409656e-03 2.81832634718069e-04 -1.03382485518620e-05 -1.43167715752831e-05 3.04578470094674e-02 5.12940483402114e-04 3.11253667026563e-04 -3.13660765687862e-03 3.33476936312997e-06 4.62785729688452e-05 -1.38553765421118e-06 2.40758782953885e-07 2.32734212869848e-04 4.92361147668731e-07 -4.84590856797171e-04 -8.59619271999953e-06 1.01795654706024e-07 5.35121428647604e-04 7.86117243383705e-06 -1.11099478427025e-03 -2.77978840760308e-06 2.02103771144117e-07 -1.96630360967580e-06 3.60828465796437e-06 -2.53640734553772e-04 8.54035559495471e-06 4.40170208145919e-04 -2.73196447728908e-03 -2.57312628892949e-04 3.94145283070091e-03 -4.58729801294359e-03 -9.67892399338233e-04 5.79835256386071e-04 7.49108437183665e-06 1.63449861998903e-02 -2.44000473448055e-02 -4.42886063649700e-04 3.53951709042432e-04 2.94134013137719e-03 5.28166041448611e-06 -4.12172652940091e-04 7.00547686621884e-06 -3.02397881135648e-04 -2.95652106457261e-06 -4.84544773811248e-04 -5.64569505921831e-04 1.92274322292177e-05 -6.74017672067886e-04 -3.11557260720220e-06 -1.18259927305716e-03 2.18320401689068e-04 -1.98605172835921e-06 2.09056891171732e-04 3.79824324367648e-06 -2.29630934066187e-05 6.92591624204737e-06 -3.20507998292834e-04 -2.66944884881466e-03 -2.47083948313746e-04 4.31599833020980e-03 -4.42131441663047e-03 -9.43171545318477e-04 -5.47048571261055e-04 -2.43146405155879e-06 1.63712257401288e-02 2.36554228449911e-02 -2.39154038702537e-04 4.08485046378079e-04 -2.93023918307751e-03 1.59258141690218e-05 4.03814750707318e-04 -2.16484433529993e-06 -2.96884202111342e-04 -2.81947148210197e-06 -4.78468950522995e-04 5.57699640842542e-04 -1.14948568203117e-05 -6.69542058693772e-04 -4.73636072700705e-06 -1.16305829980035e-03 -2.13510273941067e-04 -1.26305106270447e-06 -2.03374092880267e-04 1.32363233179381e-06 -2.45874595378050e-05 5.36171046568550e-06 -3.16452503564448e-04 1.51889712326043e-02 -1.06746624871063e-03 1.01388137540966e-02 -7.13647856568131e-03 5.76250161399213e-03 -6.48079316243211e-05 -5.33614571346112e-05 -1.31764769964666e-02 1.38466444483120e-04 1.55484260814847e-04 6.56309063558266e-03 -6.79756137670151e-05 -6.62979403509307e-05 -2.51018269805522e-05 3.44318575158534e-06 -6.07859573863256e-04 -8.24654721131017e-06 1.20900854611844e-03 1.18041389192988e-05 -4.22019329736594e-06 1.76346004913422e-04 -9.13228202978464e-06 -3.61298747707964e-04 5.53100363954136e-06 1.32413039206292e-06 -3.28044460574097e-06 -8.15088310815160e-06 1.89420214766099e-04 -4.09039812527336e-06 -2.41588139313339e-04
 -9.03078762681343e-05 3.93800879630438e-05 5.57236783348015e-04 -3.85979282958956e-04 -1.77356130919202e-05 9.54645553772599e-03 -1.75259652512125e-06 -1.86241925376319e-04 -1.02172437164496e-01 -1.00726812667616e-04 1.28086785448673e-04 3.55956286053891e-02 1.44522393147681e-05 2.59009669104947e-03 -5.37376427136686e-06 -4.28970148455977e-06 -1.09372664268417e-05 -4.12282281565245e-05 2.66510317907584e-03 -2.98287796209369e-05 -2.24047195019992e-05 -3.28850093987451e-05 -9.23302949690952e-05 2.24427397325071e-04 9.12824755570627e-06 5.37976720205665e-04 -3.27339545046025e-06 -1.63260375703547e-07 3.20466538216612e-07 1.83018094275787e-05 -1.63660389131981e-05 -2.58070956861621e-06 4.21770440272060e-04 3.81826307252827e-05 -1.41387870580491e-05 -6.08699674456729e-04 1.52086157305151e-05 3.82329534906279e-04 1.65351146533598e-02 -3.20990849539822e-04 -3.91245098478425e-05 -1.20210834882750e-04 -2.89746229672027e-05 1.38518199305829e-04 -8.94166861615032e-06 -1.28015475983853e-06 2.75090716068156e-06 -3.48735923696551e-06 1.39783459955426e-03 1.82429464758821e-05 -8.08979287771896e-07 -3.30199775055367e-06 2.33920381048153e-05 -1.82989842190935e-04 -1.42370149724819e-06 7.48921450776437e-05 -4.94938129503152e-06 -5.04086502588759e-06 -8.36719305975174e-06 -1.46060339206855e-06 6.27277464106814e-03 5.74661275546084e-04 -1.70988490347320e-02 6.25944493077156e-03 4.45682283754492e-04 -1.86938492352431e-03 1.00449274657179e-05 -2.77107281912996e-02 6.55324263834087e-02 -1.49308311055846e-04 2.53230691461413e-03 -2.95343179269562e-03 -1.35426111630302e-05 1.21327843500260e-03 -1.91758043224008e-06 7.48127135961436e-04 -1.12788302523704e-06 7.39834116771634e-04 2.69689104523318e-03 -2.51995981473621e-06 1.52284673377741e-03 -4.82583919633888e-06 1.16354805072242e-03 2.69805414798535e-06 7.15117961689490e-06 -4.48556712164156e-04 -5.55034717419994e-06 2.94069674801600e-04 3.95206980947967e-06 9.99919605274304e-04 -6.26113755486959e-03 -5.52964941297980e-04 1.94644168496583e-02 -6.00935039259901e-03 -4.93085399860548e-04 -1.83609104438016e-03 -1.51206934464279e-05 2.90035582286784e-02 6.51404835687377e-02 2.04399670006089e-04 -2.50792683763824e-03 -2.98284697091088e-03 1.33947349663810e-05 1.23328891461075e-03 6.74640696531394e-06 -7.58342307769024e-04 -1.83043212207266e-06 -7.33855496610706e-04 2.71925110073349e-03 -3.91567547709296e-06 -1.54301883742595e-03 3.79539873831836e-06 -1.16639992846823e-03 9.57783552006923e-06 -4.00004512399780e-06 -4.58630078548322e-04 7.05227902247687e-07 -2.92187007234446e-04 5.43512458776773e-06 -1.00883637296000e-03 -1.20562709815873e-04 -2.95299359399073e-05 1.25493581078604e-04 -6.84708938660700e-05 2.30621622872959e-04 -3.19317991157535e-03 4.02700839536494e-05 -3.95483798110154e-04 1.00368823109862e-02 -8.07140871471707e-05 1.11580038727534e-04 -2.41569689076524e-03 3.49873593950172e-05 -1.02511298091883e-03 8.99044593997038e-06 -1.66845802539448e-05 1.04246464352429e-05 1.89551226047747e-05 -2.50497700680327e-03 1.22764383690650e-05 1.43144214460470e-06 -1.03688158067507e-05 3.93545560684619e-05 1.24029516103581e-03 -7.48557102892655e-06 -3.75405284683167e-04 2.25085864296765e-06 -1.05546073144630e-05 4.34562479945701e-06 -1.03675750529848e-05
 6.80419681404838e-05 -1.89315576256778e-05 -2.39172061183566e-04 3.75198981552315e-05 1.69358695076328e-05 -1.75259652512125e-06 6.59362416241893e-04 -2.33381578973328e-04 5.05679823832830e-05 -2.60426288362470e-02 4.75032672111179e-05 1.88716277532697e-06 2.94324489448544e-03 2.77690197290957e-06 -3.57845063585675e-06 -1.76467879978482e-07 2.43344433002058e-04 -2.56101218849204e-07 -1.25871237827182e-05 -1.35050721418152e-05 9.92172430618500e-06 6.58649547965859e-04 1.60593860611353e-05 8.51056435118949e-08 2.28673856328393e-07 -5.63081287627373e-07 2.31117606704342e-04 9.35545629815395e-06 1.57613119688318e-04 -1.37009908476713e-06 1.48230421983852e-05 -1.00265100738620e-06 5.93797553007009e-05 -3.46561286637749e-05 -6.93667238559483e-06 6.64467684956110e-06 -9.84276840638843e-05 2.14279028790716e-04 -1.64741035876143e-05 -1.11081247665920e-05 -2.57554030426283e-05 -9.72763068863000e-06 6.70447995479799e-04 4.36985095121318e-07 -2.35383137500423e-06 7.23314272859510e-06 8.14839146784208e-05 -1.74022786186803e-06 -7.48634705400781e-06 7.98605970906140e-06 -7.49573584371481e-06 6.01641068649857e-04 -1.44373922270283e-05 -3.47944784923704e-07 -2.55368522594577e-06 -3.30145402414788e-06 5.40794539886618e-05 -1.66990245817075e-06 -6.45917316522302e-05 2.26334343577034e-06 -2.13061250867977e-05 3.01329834665365e-06 -5.33587251277537e-05 -1.10710396029476e-05 4.91632813478515e-06 6.94330733728204e-06 2.01755244575678e-04 -4.67308768969844e-05 -1.11936689227538e-05 -1.53974565128795e-02 -5.76577310710899e-07 3.27326313561724e-06 5.74380745248814e-04 2.48343535624752e-06 2.45440636061956e-04 4.38463465696214e-07 -1.21498877042826e-04 -1.58612804183531e-06 4.15126900382011e-06 7.44273724531772e-04 -1.01660814166118e-06 -3.89881112433682e-04 4.09950821165912e-06 7.35578604531803e-07 1.31525887238374e-04 8.05329109953265e-07 1.00494075991852e-04 -1.45046376593562e-06 1.01180388594758e-04 3.63218510531601e-06 -1.50723652052203e-05 -4.01979988079899e-07 6.57978850258297e-05 1.27639277250650e-05 1.13862756043158e-05 6.42539352330476e-06 1.98412123528046e-04 -2.97896076133906e-04 6.99106781769213e-05 -1.50475652988679e-02 -9.02263840607072e-06 8.28692783493522e-06 6.00675106150595e-04 -2.80762814867613e-06 -2.43970657798635e-04 3.24400441573515e-06 -1.21140344743168e-04 -1.28077894583571e-06 -1.21377640685306e-05 -7.29252407037189e-04 4.80453662251945e-06 -3.85030226798596e-04 -5.10112178395136e-06 -3.01427624648260e-06 -1.24586026918605e-04 2.69085771388808e-06 1.00648480819608e-04 1.78264854048441e-06 9.64167657859666e-05 2.31296016838170e-06 -5.56216328785322e-06 -3.64016897101617e-05 1.43335988188137e-04 -7.31751144144159e-05 4.42067673648067e-05 5.35014161640494e-06 -3.15279399538888e-04 -1.52600820450099e-04 -7.54996168748303e-06 1.89438521113014e-03 6.37989811838782e-05 1.97388735514379e-06 -1.10108564538805e-03 -8.12927158312531e-07 -6.04306576351499e-06 -6.84647130278772e-06 -2.13169085170857e-04 1.60852520750965e-05 -1.63491620568586e-06 -9.50292822368207e-06 -1.22930544912958e-05 -1.71500191271111e-04 2.09370239172759e-05 1.33726251275286e-06 4.47151562589951e-07 1.76323641655954e-06 -6.26366257935597e-05 7.58457326887583e-06 6.61998099657926e-05 -1.79730731092611e-05
 4.87724596623196e-03 -4.88587469169456e-03 -3.92720613706999e-02 1.01383793712836e-01 -5.17366199910505e-02 -1.86241925376319e-04 -2.33381578973328e-04 1.04068070487495e+00 -2.40637130098156e-04 3.21504351836147e-04 -2.27391546518483e-01 -5.45450738062352e-04 3.54435844014936e-04 9.00365355046628e-05 7.70628440468699e-05 4.23480153926627e-04 -1.58300396166849e-05 1.96869562585979e-02 -7.60213292306589e-05 2.01949976781182e-04 -7.63531026486612e-03 2.85898334317847e-04 2.45788758371250e-02 -7.18810858737689e-05 -5.05647666774836e-05 9.78496032679511e-05 -2.91256123512789e-05 -5.94982095685711e-03 -8.34730688438750e-05 -6.53323790686254e-04 -1.08749261004935e-02 -2.64609481215172e-03 1.66892001952262e-01 -3.09268153286589e-02 4.01634280415660e-03 7.81969715176413e-05 1.58462541525057e-04 -7.63805838528383e-01 1.47246537779298e-04 -1.05079913783626e-04 1.32175597383291e-01 5.31736644751093e-05 -2.78689260777146e-04 -1.58941617061059e-05 1.77888805094219e-06 -6.71877223880110e-03 -3.07856111180298e-05 1.25690369058893e-02 6.94771759415040e-05 -9.36312039597897e-06 -8.71038981154012e-03 4.65189888096451e-05 1.49884184377480e-02 8.81818340226788e-05 2.18813840525613e-05 -5.52834154753568e-05 -2.12006666593144e-05 5.49664257263164e-03 -1.15824942950111e-04 -8.90501013436051e-03 3.33038108329172e-03 2.98447560707617e-03 -9.48759194797627e-02 6.83862113772844e-02 1.10746003544291e-02 -9.61495954602300e-03 -5.04961467764503e-05 -2.52696023299851e-02 4.20169804160418e-01 1.20356929960612e-04 -1.11097011151464e-02 -4.51692900136450e-02 -4.55200832310382e-05 3.53665795612672e-03 -4.47093774840520e-05 4.12071631948211e-03 -1.20346290577826e-06 8.99420136675537e-03 -8.60131719676930e-04 -4.63849911037345e-05 8.05906898007760e-03 -9.30860167279855e-05 2.29339833861037e-02 -5.91293779129133e-03 8.32945632894465e-05 -3.10960702931917e-03 -3.75551045924262e-05 -3.10429796762558e-04 -1.17726138936174e-04 3.65906731660433e-03 3.35074118261668e-03 2.99536631467837e-03 -9.49507130941762e-02 6.74726456041607e-02 1.06669472127787e-02 9.43835759348731e-03 8.27150372060127e-05 -2.55426533065501e-02 -4.20150938512991e-01 -1.69381267986229e-04 -1.12398381243767e-02 4.51143374809686e-02 7.77543335589740e-06 -3.54240896276127e-03 -3.95029751488557e-05 4.13791630643089e-03 5.69923298005341e-06 9.01393275769749e-03 6.27117944319375e-04 4.35494778900759e-05 8.19925129810102e-03 2.28853966889342e-05 2.27971855555759e-02 5.86683329277194e-03 -2.18439462030259e-05 3.07058463482364e-03 -7.29347913964580e-06 -2.06269315364351e-04 -6.04446704085940e-05 3.72827573285321e-03 -1.58214592076877e-03 2.08756094921914e-02 -3.00500777205471e-01 1.97540472297123e-01 -2.28807595425675e-01 -5.91164855521851e-04 5.79978070538058e-04 5.02564474672699e-01 1.34695769006135e-03 -1.12422678721864e-03 -2.15408861596095e-01 -4.24663869583633e-04 4.41728915536955e-04 -8.10457776205783e-05 -1.66756579311181e-06 2.27818124445533e-02 4.66499440315866e-05 -4.57946216673960e-02 -4.75468412179932e-05 -3.33815192590143e-06 2.32329396778952e-03 -1.01845564299934e-05 -3.98625519125156e-03 2.13927022717068e-05 -1.79558851370559e-05 1.97417404242269e-05 2.02145649224464e-04 -1.05942271321022e-02 3.43819496898586e-06 1.44103682588995e-02
 4.78226222915733e-04 -4.75942103228108e-04 8.85565457772172e-04 8.04360451665869e-04 4.24828441969848e-04 -1.02172437164496e-01 5.05679823832830e-05 -2.40637130098156e-04 1.15019104081399e+00 -4.47009695770725e-05 -1.24890469065560e-03 -3.86738183019413e-01 -2.76245778200555e-05 -2.25556971200966e-02 -3.87757998312588e-06 -1.57895009837259e-04 7.47094137942418e-05 6.72738039842699e-05 -1.26130235619028e-02 2.58699640480322e-04 1.23607949366047e-05 2.58973377914258e-04 3.98453577692550e-05 -2.51209840823566e-03 -9.80990243838832e-05 -6.28259075632473e-03 6.65244668165019e-05 9.06345610016224e-06 6.04066950225750e-06 -7.04343379246639e-05 1.52567155632505e-04 -2.93175419107661e-05 4.50436856322200e-04 -1.13211645005731e-03 7.20134405212918e-05 3.83921112349246e-03 -1.37203029974211e-04 1.59631353618234e-05 5.21755571734610e-02 1.48412524088470e-04 -4.80382546296634e-05 3.63741118619684e-03 1.93466734105867e-04 -2.99674168390810e-03 1.37976563823926e-04 1.34590944721276e-05 -1.56129226205854e-05 4.17691553951367e-05 -1.76118356605046e-02 -2.48984022696800e-04 -2.96195644905984e-05 1.10374183312874e-04 -2.78912515747748e-04 3.72009927658413e-03 2.87916787542415e-05 -1.08201561711730e-03 7.83400919012780e-05 3.73357442501986e-05 6.48484915137794e-05 7.53587569914235e-05 -8.86803714674144e-03 -6.40687658440895e-03 1.68741791628867e-01 -7.82667181489785e-02 -8.11176516233613e-03 1.94850594341998e-02 -1.05164501809007e-04 4.08159321670941e-01 -6.41267953383926e-01 1.17073191596815e-04 -2.73917432884688e-02 3.87685993766887e-02 1.45186755509225e-04 -1.39501042227586e-02 2.83083228687465e-05 -8.33999248486252e-03 -3.62422122166353e-06 -7.15070621231273e-03 -3.02570405753984e-02 6.38663599710005e-05 -1.66889892026762e-02 2.20298299081628e-06 -9.46367896929291e-03 -9.40265966522226e-04 -5.90878862035144e-05 4.74477439766548e-03 6.00351915277093e-05 -3.24547812165695e-03 -4.90552804743541e-05 -1.04997855469695e-02 9.28739594894891e-03 6.19448587032483e-03 -1.67708518173803e-01 7.51548048167309e-02 8.27239000660017e-03 1.93633029949805e-02 1.72497984955047e-04 -4.08935927534777e-01 -6.40677535966314e-01 -1.59012745231331e-04 2.72539601272761e-02 3.76253044480827e-02 3.10789461491361e-05 -1.39667644329165e-02 -6.70693766840324e-05 8.35132590841737e-03 2.89511453867044e-05 7.07038036602893e-03 -3.02710244499546e-02 1.10143405946915e-04 1.68027524651198e-02 -4.46470397008762e-05 9.61086414981690e-03 -9.59344177685669e-04 5.23840914472214e-05 4.79803838542303e-03 -6.02341911513339e-06 3.18176561928867e-03 -6.67519385268142e-05 1.05143073304754e-02 4.61560615190450e-04 -3.40270120791468e-04 2.08839477301791e-03 -1.17596398152016e-03 -2.79840741301087e-04 1.25947518331066e-02 1.19855674444253e-04 -1.01242713495156e-03 -4.34370169051511e-02 -2.64297212831931e-04 8.74198015812978e-04 4.22334567920024e-03 3.37516089438545e-05 3.22181157484824e-03 -6.41577551285448e-06 -1.18010249922122e-04 6.27846803914709e-05 2.58874963229578e-04 1.85988675009037e-02 -4.36392310330358e-05 -1.25515030835914e-04 6.84058737525302e-05 2.59772222201531e-05 -8.49096515072093e-03 -4.22937475485892e-05 2.86996921960816e-03 1.86683310521623e-05 1.61484832448604e-04 -6.66536346571986e-05 -1.38781365855295e-04
 -7.38659825457435e-04 7.82836031222040e-04 -1.84042842789176e-03 -1.12787433009678e-03 -4.32777588383342e-04 -1.00726812667616e-04 -2.60426288362470e-02 3.21504351836147e-04 -4.47009695770725e-05 1.06687847073405e+00 -5.70326157898799e-04 -4.69201212126134e-04 -1.24210379388265e-01 -3.34034645434583e-05 -6.00538509875389e-05 1.00900676309776e-04 -6.05244774339548e-03 9.65861315525929e-05 8.21136944761214e-04 -7.13335331367638e-05 -7.60365704223666e-05 -1.53173251859398e-02 -4.54486499428857e-04 -4.93817551302790e-05 6.78624177373299e-05 2.90679964700471e-05 -1.00284369308524e-02 -3.14732111879024e-04 -4.42550062037104e-03 -9.85585164387111e-05 -2.44833399944377e-04 8.33913984655622e-05 -1.16182177846477e-03 3.13217415872746e-03 -3.96328976082631e-05 -2.62697398420077e-04 -1.10394786752743e-03 -5.37256928388997e-04 2.20090713310464e-04 2.43800612115920e-01 -1.10427929177440e-03 1.43666599959869e-04 -1.64311311438191e-02 -3.41658199367989e-05 9.92247429617058e-05 -2.05030434198826e-04 -4.54256516876906e-03 -1.31092344601033e-04 2.61859512204225e-04 -3.87987671349005e-04 3.78452904673814e-04 -2.60318726894332e-02 5.19432481397484e-04 6.41780203615376e-06 1.13222873134200e-04 1.34724447029120e-04 -2.92901426502552e-03 7.24819322020497e-06 4.00348300780331e-03 -1.79748002898611e-05 9.75533227857773e-05 -1.31124572418496e-04 3.37603790285608e-04 9.53195032858690e-04 -1.18161873008314e-04 -3.88657175553534e-04 -6.60607024545682e-03 -2.46544466475259e-04 -2.14157098728858e-06 5.52406108774131e-01 3.39968902236547e-04 -3.92874919007976e-04 -2.75038181183732e-02 -5.10027105407709e-05 -9.48714959760568e-03 -1.29826403568386e-05 4.74019822135097e-03 2.78849926281961e-05 -2.24447539909028e-05 -2.87079277318620e-02 1.20987774247737e-05 1.59271309555724e-02 -3.31547588059112e-04 2.54649475538410e-05 -5.14025217084801e-03 -1.75559885138227e-05 -4.01264247192740e-03 6.57168551977777e-05 -3.82855294773878e-03 -1.41279161098383e-04 -1.88631565631922e-04 5.11361383567546e-05 -4.74386310792170e-04 5.91080996324632e-04 -1.40579624100752e-04 -1.64992339395365e-04 -6.75073927785806e-03 9.91719258489456e-05 7.53260710253567e-05 5.52960475054689e-01 3.81301856616584e-04 2.02348791401030e-04 -2.77933137827587e-02 -7.02279007626204e-06 9.53511147552416e-03 -9.26116365115712e-05 4.78190492039962e-03 -2.23245922473878e-05 1.38143182612096e-04 2.83692571007313e-02 -1.61507167110781e-04 1.59358543986130e-02 -5.65740759747002e-05 -6.87280220356203e-06 4.90763412707770e-03 -1.14845707687087e-04 -4.04383252488880e-03 -4.94368512293513e-05 -3.66989960060344e-03 -5.73171968295505e-05 -5.41856171250733e-04 1.43085298212349e-03 -2.90403101890371e-03 1.16494966885402e-03 4.24155085525155e-04 3.06062574381654e-04 -1.01807979719574e-02 7.67340280239691e-04 -4.69205947927311e-04 -4.93742677335467e-03 -4.48665784079910e-04 2.20789483957166e-04 1.52837570865299e-02 1.50573669976454e-04 1.34991874965223e-04 2.08363513937933e-04 1.92193529884513e-03 -2.01870345659086e-04 -1.25737909069870e-04 5.01917055392274e-05 7.55807160901441e-05 -8.69733420724734e-05 -4.98594531181631e-04 7.31031891366252e-06 -1.05187118325753e-04 3.95686740391089e-05 8.42912067207660e-04 -1.26907644857013e-04 3.95039585386991e-04 4.16995713234725e-04
 -3.02501151585825e-04 2.35929275025789e-03 9.39128228809855e-02 -3.08140064609676e-02 1.48181123801066e-02 1.28086785448673e-04 4.75032672111179e-05 -2.27391546518483e-01 -1.24890469065560e-03 -5.70326157898799e-04 6.49310075766085e-02 6.63357318210320e-04 -4.79160323560829e-05 1.34097901682091e-05 -5.40103073377699e-05 -2.58048779554976e-04 3.46038278159608e-05 -5.85345773014293e-03 5.10932254464464e-05 -1.22610946172981e-04 2.44618944813418e-03 3.23090337780061e-05 -6.19844964659584e-03 3.23552672528142e-05 2.14296190631049e-05 -6.51973062266721e-06 -4.96435077720477e-07 1.09128804393090e-03 3.89353359304673e-05 4.76436520742864e-04 2.36809791087978e-03 -2.64483083872198e-06 -1.29407829628775e-01 -7.85401159847671e-03 7.24029335664452e-04 -3.59419858243340e-05 -5.17592547459300e-05 1.34755036720242e-01 1.17696846267408e-03 1.59204145839260e-03 -1.35875282412209e-02 -5.12577255938421e-05 1.58878948101716e-04 5.90575059001371e-06 5.52897935735174e-09 1.07862945730064e-03 -1.36964134031913e-06 -2.14022008886181e-03 1.41204277219464e-05 -2.32713923265018e-06 2.22162639524260e-03 -3.19834861925807e-06 -4.31681038190918e-03 -2.54398884105168e-05 -1.72011763137132e-07 6.24221524683115e-07 6.40942469839972e-06 -1.06801974004031e-03 3.75579464432905e-05 1.81457364622146e-03 7.34689812455937e-04 -1.22258519543483e-03 -1.77720084220735e-02 -2.01885661222945e-02 -3.75700399122940e-03 2.94235661794056e-03 3.01758834907626e-05 5.22367353772004e-02 -1.16615291111596e-01 -2.00501678256603e-03 1.48137933210510e-03 1.14443005932819e-02 -5.71469159668439e-05 -1.57466795211528e-03 2.41771660023207e-05 -1.25250485169159e-03 -9.95762298976252e-06 -2.20338799622396e-03 -2.06842674206817e-03 7.03257727015972e-05 -2.86803247721688e-03 -6.83767096087254e-06 -5.62746303919069e-03 1.10348995469387e-03 -1.45703122376727e-05 8.64025239646683e-04 1.01259253720055e-05 -5.74286852620945e-05 2.98007725709491e-05 -1.28470736613924e-03 8.22697008135467e-04 -1.21734854647288e-03 -1.86343407282440e-02 -2.00925047517905e-02 -3.73760908490337e-03 -2.98695548269947e-03 -4.67153556568465e-05 5.47528099835138e-02 1.17748391515934e-01 4.72418134991872e-04 1.56282334320653e-03 -1.15600829691198e-02 8.34137568025348e-05 1.61374351849934e-03 7.24031732172392e-06 -1.27483371835846e-03 -5.45157468569574e-06 -2.21474920387700e-03 2.19577312846095e-03 -1.54782982445185e-06 -2.93231432708696e-03 1.44416125311554e-05 -5.58358168650875e-03 -1.07690775173439e-03 3.59461934788523e-06 -8.60332317364338e-04 -1.52702111901002e-07 -8.18655778496541e-05 1.57422780427814e-05 -1.31733081173634e-03 8.36341845518871e-02 -5.90607212999893e-03 4.84987026939566e-02 -3.48601107768563e-02 2.76558890614444e-02 -1.71042574467218e-04 -2.45336977046008e-04 -6.11325387541340e-02 4.22005599846064e-04 6.75483439187776e-04 3.03379872274810e-02 -1.77969565059637e-04 -2.76036645493471e-04 -7.86774071983294e-05 1.56935224486126e-05 -2.83528202914654e-03 -3.95100635879066e-05 5.67673582905177e-03 -2.91891838684865e-05 -3.22303521800946e-05 1.19601033753359e-03 -4.27077988200547e-05 -1.82555437121128e-03 5.22369874392516e-05 1.66751902239648e-05 -2.94522547355924e-05 -3.61542567910989e-05 7.09969482067625e-04 -7.50365064215470e-06 -1.22241536246048e-03
 -1.72795330159563e-04 1.62688224954383e-04 1.18333981246297e-03 -8.09975510271819e-04 -8.74860127215297e-05 3.55956286053891e-02 1.88716277532697e-06 -5.45450738062352e-04 -3.86738183019413e-01 -4.69201212126134e-04 6.63357318210320e-04 1.38219035935562e-01 1.91551776303444e-05 8.96167553187644e-03 -6.64396412483882e-05 2.33855042277671e-05 -9.83136885442702e-07 -1.15410287561122e-04 6.82257219556085e-03 -2.20005026511646e-04 -2.34736715593473e-05 2.15095994757986e-06 -1.81573893330592e-04 7.12949126813654e-04 5.01326136799040e-05 1.90901112767649e-03 -1.98844418613506e-05 -9.22532603153775e-06 1.68966214261028e-05 4.18095575795825e-05 -2.97207018292051e-05 -2.78783035618960e-06 2.37558084922653e-04 1.06831970116330e-04 -2.49954370462580e-05 -1.80647390765467e-03 7.13976634609411e-06 9.78492620173774e-04 4.10671509686498e-02 1.27716225746993e-03 2.36699934614740e-05 -1.93174888776535e-03 4.49211458788456e-06 6.45081764512377e-04 -3.93227447066405e-05 -3.94446407685033e-06 -1.26990474824502e-06 -1.54670053551277e-05 5.51649017372554e-03 6.55525625316837e-05 1.06586417393404e-05 -2.56912433996695e-05 7.61304727622586e-05 -8.34029212803925e-04 -3.43186599198154e-06 2.89194182293832e-04 -2.68524151812852e-05 -1.66219356275101e-05 -1.77932889423818e-05 -1.16306761303528e-05 5.16986053475920e-04 2.35937251123165e-03 -2.95414924840704e-03 2.31721037636368e-02 2.32064065058028e-03 -7.79803531734990e-03 9.63676702061764e-05 -1.16713209901837e-01 2.60134811047270e-01 -2.94002878663747e-03 8.44133556793836e-03 -8.89555409846933e-03 -1.88624749282873e-04 4.62465061685512e-03 9.24220457766009e-06 2.85383473737662e-03 -9.52510989652845e-06 2.73769976518261e-03 1.05798959691191e-02 4.03651532529098e-05 5.80528448196839e-03 -4.34134421150376e-05 4.50703797111626e-03 5.37370402875487e-05 3.89293929782410e-05 -1.65661828835024e-03 -1.14927750104806e-05 1.10123773405966e-03 2.12929853122311e-05 3.74884502945979e-03 -5.70432755409039e-04 -2.28874362647921e-03 5.62554849239142e-03 -2.23093993259631e-02 -2.47132758551333e-03 -7.73345571122353e-03 -9.08610456519406e-05 1.20413058154809e-01 2.59784043800805e-01 1.60606554610638e-03 -8.34543285569997e-03 -8.78909712376321e-03 1.31828792667901e-04 4.67658729871713e-03 2.65727681441052e-05 -2.87809360578363e-03 -8.41636037493969e-06 -2.71333737504717e-03 1.06519328825815e-02 5.72804358363153e-06 -5.88924427562994e-03 4.88934719054043e-05 -4.54220407932354e-03 7.58575117353012e-05 -1.07056780518437e-05 -1.68725087911243e-03 -7.28235154184874e-07 -1.08952868921033e-03 1.75347057505734e-05 -3.77349744125937e-03 1.70260450506997e-04 -6.85457936132015e-05 1.69235062822074e-05 -5.74013963699731e-05 5.61801711304951e-04 -1.06848195738135e-02 -1.07683710987252e-04 -6.45172218656848e-04 3.34486475879987e-02 4.65592469006288e-04 9.99826945719058e-05 -6.66322859705053e-03 -1.77449826239687e-04 -3.31192624728132e-03 3.13732571822497e-05 -1.81516366216195e-05 -3.87087664567466e-05 -7.56553492440231e-06 -9.64940201238956e-03 8.36682033599148e-06 5.08294542131700e-05 -1.04021878854407e-04 7.29495535565833e-05 4.67439820778233e-03 -3.05087112128659e-06 -1.47370316304459e-03 -1.13145109003923e-05 -6.94252628075127e-05 4.82777285865707e-05 -2.16935955153896e-06
 5.27491453160518e-05 -1.01547685525718e-04 7.55538332981717e-05 4.80623191367512e-04 2.46979953877815e-05 1.44522393147681e-05 2.94324489448544e-03 3.54435844014936e-04 -2.76245778200555e-05 -1.24210379388265e-01 -4.79160323560829e-05 1.91551776303444e-05 1.47989134481671e-02 -3.43823537737863e-06 -5.95583463463205e-06 -8.40437699119416e-06 3.43173844463346e-04 2.25145891129863e-05 -1.09497156472049e-04 -2.27035894728335e-05 -2.39420061092679e-05 7.05763836725233e-04 9.64593104907320e-05 1.14264801279333e-05 -2.54725622482738e-06 -3.97631358694742e-06 1.21920990947720e-03 3.64084902291756e-05 3.27610662950897e-04 1.84156920188548e-05 2.99758622994986e-05 -3.59106162859101e-06 -4.62535055621459e-04 -2.85444564761434e-04 1.87530785889560e-05 2.74257231177177e-05 6.04224341307846e-04 -7.56340348844595e-04 1.49020141400861e-04 -5.08563680276390e-02 2.43495901720279e-04 1.65539735844940e-05 8.90883851570100e-04 4.57325225416512e-06 -1.26802397930648e-05 2.26508683064106e-05 6.40142953241781e-04 2.28597921498379e-05 -2.95732474001263e-05 4.59712749067758e-05 -4.06807914726715e-05 3.15849521021450e-03 -6.05530672847735e-05 1.24288561166221e-06 -1.30533686066201e-05 -1.56498011974387e-05 4.06838782958854e-04 3.74216587200190e-06 -5.91624011545314e-04 -6.73401488866832e-06 -1.71579628856354e-05 1.98683900287011e-05 -1.66383278491604e-05 -1.33390360877218e-04 3.58709528380151e-05 6.58070461280985e-05 6.37660472552004e-04 -1.13763781572197e-03 -2.36122618629268e-04 -5.82154443876683e-02 -1.07193490896423e-04 2.97869458674127e-05 3.50327806209447e-03 1.43993410318091e-05 1.05967248126618e-03 4.69772068934231e-06 -5.34013681614069e-04 -5.23240296724547e-06 3.03720604311450e-05 3.20040709066902e-03 8.84678767125845e-06 -1.86614139849237e-03 3.16278424743672e-05 2.45692634901761e-06 5.79948883171469e-04 -6.95498313781426e-07 4.59059748773066e-04 -6.14942202596923e-06 4.19266007170899e-04 2.20035401753291e-05 1.28584607632202e-05 -7.41371492936082e-07 3.09262791351161e-04 -1.35303257644582e-04 2.10994528362187e-05 1.05393210570206e-05 6.37691881759010e-04 -3.96258067884477e-04 -3.58483157039355e-04 -5.73768657759780e-02 -8.29712089614258e-05 -5.25406068032742e-05 3.59297132715328e-03 -4.71410858604985e-06 -1.06022130987649e-03 1.31155229805714e-05 -5.35811383155692e-04 5.84870969214577e-06 -3.57451069990619e-05 -3.14184951587925e-03 2.84703638829073e-05 -1.85480676137869e-03 1.55595250455732e-05 2.18828208439376e-06 -5.48756275935618e-04 1.61443864438577e-05 4.62098492145147e-04 6.51028491207485e-06 3.98906310649608e-04 1.21424533334483e-05 -2.00540099916330e-05 -7.96700932345277e-05 -2.88427975556588e-04 2.41407057248785e-04 -3.94709152774145e-04 -9.11930880983936e-05 3.31939978854494e-03 7.65023065781504e-04 1.51797515546994e-04 -6.13566311825308e-03 -3.28462396684642e-04 -7.04549153811316e-05 9.73769461195633e-04 -3.13081847600519e-05 -1.10131225340022e-06 1.30628196215921e-06 4.04628353972796e-04 -5.15173272613019e-05 3.56613365487743e-05 4.48107751661953e-06 2.67327504914612e-05 6.66397319086522e-04 4.42260488818204e-05 -7.77768539697505e-06 3.35164058959639e-05 -1.42502976670189e-05 6.09635459262551e-05 -7.47640584142781e-06 -3.32297175234497e-04 -1.72573434660202e-05
 -2.15002411141565e-05 1.85501931782450e-05 1.95288099250155e-04 -1.46808845291464e-04 -5.33042443846167e-06 2.59009669104947e-03 2.77690197290957e-06 9.00365355046628e-05 -2.25556971200966e-02 -3.34034645434583e-05 1.34097901682091e-05 8.96167553187644e-03 -3.43823537737863e-06 1.32577301472650e-03 -3.18965783526607e-06 -1.24878239615413e-06 -1.61386967177442e-06 -2.83120088428473e-06 2.55366701500430e-03 -3.88561215644751e-07 1.76842595515152e-05 -1.57541039605222e-06 -9.40623598618368e-06 -7.97660678518327e-05 1.88754664722785e-07 1.12166589576654e-04 8.34561811324856e-08 -2.58314905398395e-06 3.58704025658889e-06 -7.68963512698201e-07 1.27031160104538e-06 -3.87758963086540e-06 7.20333971983431e-05 2.35342208297504e-05 -1.23641644670924e-05 -3.50948640814318e-04 -9.09603020760473e-07 -6.00187497216381e-05 2.09916838599959e-02 -4.56465349538701e-06 2.72013530842735e-05 -1.28246226777072e-04 -3.16865467173779e-06 -9.12458181354229e-05 1.76395986904912e-06 -6.37161439513472e-07 -1.62583564634522e-07 2.32971222259865e-06 9.17740202398879e-05 -1.57156737893345e-06 -4.52560916214321e-06 1.94265713159320e-06 8.63131908057130e-06 8.46005588225371e-05 3.91610742836262e-07 -5.42202843938525e-06 3.91745256036264e-08 1.32051910259750e-06 -1.80837607615697e-06 -2.66825742838987e-06 -5.08439607902706e-04 7.98345219266289e-05 -1.26125103587771e-02 7.53094555093288e-04 -3.30958148945220e-04 -6.07158318730568e-04 -3.05477784502677e-07 9.05798344345205e-03 2.59064762722346e-02 -8.37183231150120e-05 1.13993198953558e-03 -2.32991035728637e-04 -1.57216498927606e-06 2.32208319642415e-04 -1.39852973812287e-06 1.81104410312242e-04 -1.36829252704145e-06 3.17476573831598e-04 5.13595172385195e-04 -7.91491893661798e-09 3.69468684836038e-04 -3.50555431065055e-06 6.81685099503822e-04 -1.24641582107289e-04 3.20150817978430e-06 -1.29096335207216e-04 -2.30628162815494e-06 7.46538875225974e-05 3.11193150782504e-07 2.91739886678864e-04 4.97660019990984e-04 -8.09654619755565e-05 1.25566708525739e-02 -6.34225210421257e-04 3.27746550848906e-04 -5.86951972312909e-04 3.47874674028148e-06 -8.82548428995096e-03 2.59094582395413e-02 4.08307618797089e-05 -1.12580717628237e-03 -1.91542275341528e-04 3.28453059264810e-06 2.36895978773720e-04 1.35391805920446e-06 -1.83487404154566e-04 1.00578201221223e-07 -3.15002980851752e-04 5.20519182069672e-04 3.33245381284096e-06 -3.78548191155833e-04 4.84182241299603e-07 -6.91984268641650e-04 -1.23989295188283e-04 -8.86830539207041e-07 -1.32844941240733e-04 3.65454459202357e-07 -7.57142743409918e-05 1.52068161857561e-06 -2.93256893811758e-04 -1.16318712997339e-05 -5.21836488128455e-06 -5.28988085102778e-05 5.35518874536598e-06 2.93097807748950e-05 -2.00914089399175e-03 2.25491156623806e-05 2.43691909385583e-05 6.48836719133894e-03 -1.62472170414326e-05 -2.71527161041529e-05 -1.70157249647481e-03 5.12588518690178e-06 -7.79407056240557e-04 8.11031838248556e-06 -1.69828514667840e-06 7.50132322161422e-06 -1.13011657569719e-05 -1.47345705905125e-03 1.15762301309521e-05 1.78969545042816e-05 -1.56645534132890e-05 2.15463590043109e-05 7.74108157181614e-04 -1.41087443495331e-05 -2.25478326421638e-04 1.37056320234725e-06 -2.11512023861539e-05 4.26748098923337e-06 -5.51705974467307e-06
 -2.45579526485372e-05 -4.53256927667768e-06 -7.58620312573186e-05 4.85624596852706e-05 -7.30311125423648e-06 -5.37376427136686e-06 -3.57845063585675e-06 7.70628440468699e-05 -3.87757998312588e-06 -6.00538509875389e-05 -5.40103073377699e-05 -6.64396412483882e-05 -5.95583463463205e-06 -3.18965783526607e-06 7.37166865421868e-04 4.09431438167029e-06 -1.41927255319055e-06 1.42753146212694e-06 -8.37715989142038e-07 2.02735540152810e-03 -6.46918225320824e-06 9.10179095728135e-06 1.01686385455383e-06 6.69728055917784e-07 -2.83283964582560e-04 5.53588675848504e-07 2.63608836307761e-06 -1.17639992357515e-07 3.00048229843245e-07 3.73147546579194e-06 -3.77103382860225e-06 2.75003877796686e-06 -1.05417642506066e-05 3.06191923874122e-05 8.96041337410807e-06 -1.28219191505514e-05 -1.03579487352151e-05 -3.23501909770729e-05 -1.72149360473612e-05 1.13778001487295e-05 -1.57512353174354e-05 4.01676372270808e-05 1.90139535233570e-05 -1.19347571832348e-07 2.08849782788176e-05 -9.65905871346894e-08 -4.43787929943660e-07 1.76847909497578e-07 -9.26246153988058e-07 1.13086878808795e-04 1.92525567143680e-06 5.67634401996378e-06 -2.37418591100054e-07 5.32148339727577e-07 -2.22442680141507e-05 2.30856519224264e-06 2.15587407807443e-06 -9.34235704313489e-07 1.11766453443588e-06 -7.81355820906073e-07 8.94136379077545e-07 -7.05478655804420e-07 -3.51469891690401e-05 2.97388501941817e-05 1.16833696813511e-08 3.17964436213310e-06 -4.94794561070331e-04 -6.89744270400160e-05 8.08309469233917e-06 2.61529646018838e-02 1.83618992789477e-05 -9.62841240046318e-06 1.49563179611396e-03 1.85297065417234e-06 -1.71953506923798e-04 2.24099979403614e-06 9.39147563374003e-05 1.28565936429576e-06 -2.11569395120003e-06 -5.18968240360301e-04 3.59108859311402e-06 3.67332143201098e-04 5.19641408444507e-06 4.70425253334597e-07 -1.02945443002076e-04 -8.20336854543848e-07 -3.49557423254440e-05 2.21085782697652e-06 -6.07490677263760e-05 4.69141453884154e-07 1.14993656047162e-06 1.59048109997157e-07 1.40448303122104e-05 -6.51413453364972e-05 -1.42395857218374e-06 -4.32213712140561e-06 4.89867100823213e-04 3.70823430991247e-05 -8.94144716015527e-05 -2.62137562240107e-02 -1.11356501286834e-05 -2.08383403665587e-05 -1.47321973507121e-03 -9.77630613216436e-08 -1.70643232068454e-04 2.35296371333369e-06 -9.51145818652305e-05 1.40929928160575e-06 -4.77723199696501e-06 -5.15979638542177e-04 8.23896597421934e-06 -3.64083886517323e-04 7.26814423945408e-06 -2.40511060124655e-08 -1.03419739133220e-04 1.96283901738392e-07 3.37352903786502e-05 -4.89123911091812e-07 5.74655857361077e-05 1.13150870780591e-07 -1.14209965825363e-05 3.53980192799430e-05 -6.77276816980191e-05 3.73305816035359e-05 8.66896792882161e-06 1.32931330043085e-05 -1.93425345941373e-05 3.65205182078195e-06 -3.31442841769248e-05 9.14098082598927e-06 -1.13705061666839e-05 1.49256557286672e-05 8.93644601880914e-06 1.01876037034678e-05 -9.73389347565221e-05 2.06396996635172e-06 3.88065816753519e-06 -2.33682518008522e-06 3.52306269858200e-06 4.81883216972856e-04 1.23197983320568e-06 -5.74842435925610e-08 -2.70807449876348e-06 -7.53663391350312e-06 -3.03142364666126e-04 2.96992860060247e-06 1.34720232192532e-06 -3.27387610589131e-06 8.17995639406050e-07 3.11898173140578e-06
 -3.14364197223754e-04 -4.19710087142988e-05 -1.58168534724055e-02 3.83617167743165e-03 -1.24929977972770e-04 -4.28970148455977e-06 -1.76467879978482e-07 4.23480153926627e-04 -1.57895009837259e-04 1.00900676309776e-04 -2.58048779554976e-04 2.33855042277671e-05 -8.40437699119416e-06 -1.24878239615413e-06 4.09431438167029e-06 2.21482975703873e-04 -1.46156438775865e-06 7.93282700955558e-05 1.14464030789628e-05 7.60685270337412e-06 3.00109053203033e-04 -4.26175135082180e-06 1.31919786998570e-04 3.25547985844238e-06 -1.59773577463017e-06 3.21419047992656e-07 2.27344364662182e-07 -1.31864078823742e-06 -4.62488229183880e-07 -2.22071730904374e-04 -1.43644411232288e-04 3.89828638490539e-05 -4.99154077791333e-03 5.92598151873042e-04 -3.80689056087173e-05 -4.60528004745187e-06 3.40701710246921e-06 3.18490547060808e-03 1.50716980019667e-05 -5.87184793047941e-05 -7.72763799641669e-04 8.92097912995087e-06 -9.99146456748728e-06 9.08717039975447e-07 7.04940281959101e-08 6.19052510308205e-05 5.77262439013980e-09 -1.01955475111921e-04 3.82782480661852e-06 1.05694337677563e-06 5.94537657782257e-05 -9.16518373257960e-07 -1.62570903239487e-04 -1.25062704566832e-06 -1.66194833713159e-07 9.70693039051550e-07 5.32805585253624e-07 -1.67909176799251e-05 2.66920808378265e-07 2.56812053146959e-05 -3.07038066410864e-04 2.37021468453003e-05 -6.43330946204361e-03 1.21884027176276e-03 1.17663530368403e-04 -1.90068167867617e-04 -3.76906608988462e-06 -2.32332767576675e-03 3.44476558861689e-03 1.90419425035283e-04 4.29913890203621e-04 -8.52571276077304e-04 4.65550531190782e-06 1.12498278747130e-04 -1.95005789566435e-06 7.43161717310046e-05 7.78558322779033e-07 7.42748580035433e-05 1.51203999833789e-04 -5.88498310239580e-06 1.02483958509666e-04 2.79461501076509e-06 8.92893526937629e-05 -1.04249048398556e-06 -2.45730756371994e-07 -2.65199506882115e-05 -1.31175139620690e-06 1.46926797912712e-05 2.26957010552869e-08 4.48313214335713e-05 -3.07816746207954e-04 2.17503023533683e-05 -6.42295373494330e-03 1.13220721046048e-03 1.07232670592491e-04 1.72708313793504e-04 -1.20469563647804e-07 -2.02986994035491e-03 -3.37805745320958e-03 -3.54948322021908e-05 4.19539008964400e-04 8.15106904320738e-04 -8.39992612285566e-06 -1.08202760500344e-04 5.95989564403480e-08 7.26344238556323e-05 1.74031797418359e-07 7.33247874683774e-05 -1.46165873095285e-04 4.98634845485329e-07 9.88368961182467e-05 -4.38510893337762e-07 9.57150824475963e-05 2.92567343057484e-06 9.09257538458621e-07 2.50539334145223e-05 -5.73122209594939e-07 1.32756579679523e-05 -1.05501734186691e-06 4.28805127852657e-05 1.74998526001328e-03 1.23515995589734e-04 1.01531420849203e-04 -4.06278123119431e-05 6.59054720964208e-05 -4.48574891842629e-06 5.58496970659068e-06 -4.07810035372922e-04 1.30902188578652e-05 -2.02382617806598e-05 1.62354368771860e-04 -5.32923806596558e-06 9.41643079447856e-06 6.14807366200177e-08 -2.43202788832708e-07 -6.43696338736038e-06 1.57173215825809e-06 3.74889832251467e-05 -1.07756303171143e-06 1.92332094459113e-06 -6.44474075313388e-05 1.19026322974613e-06 8.00548191415408e-05 4.67285453174879e-08 -8.50451076423751e-07 -1.80207739301086e-07 -3.02651895728562e-08 4.06719455983646e-05 -1.92486610463222e-07 -3.35448879090043e-05
 -2.85138946583211e-05 1.70314745131860e-06 -5.28115827660275e-06 -1.36978995462202e-04 9.64945954022217e-06 -1.09372664268417e-05 2.43344433002058e-04 -1.58300396166849e-05 7.47094137942418e-05 -6.05244774339548e-03 3.46038278159608e-05 -9.83136885442702e-07 3.43173844463346e-04 -1.61386967177442e-06 -1.41927255319055e-06 -1.46156438775865e-06 4.23426354984592e-04 8.53326194119320e-07 -3.86790089683014e-06 -9.98451248215781e-06 2.30671127657044e-05 1.24645519980763e-03 1.11681578184156e-05 2.99312554176805e-06 6.93514592074999e-08 9.97080013003468e-07 1.17638839564193e-06 1.67369579857868e-06 2.26901121602545e-04 -5.27921235572145e-06 4.05542376871200e-06 -4.21676468535330e-06 -2.72683078577241e-05 -9.70700063041504e-06 -1.42280971397837e-05 8.27611219486212e-07 -5.04394351275356e-04 -7.57723292012279e-06 3.10680006854994e-06 2.27978126106379e-02 -2.59348308618754e-06 -1.01063118678879e-05 1.19062361055096e-03 -5.19171664601967e-07 2.01121587633432e-07 -3.79865991088858e-07 -9.39695571120535e-05 -1.20376070842518e-06 -1.23193789510152e-07 -8.50115927736715e-07 -4.15406634452478e-06 1.01806774238510e-05 1.39036336787394e-06 -1.00491543525409e-06 -2.95940656471043e-07 -6.27450034614498e-07 -5.42557412940815e-05 -6.53722523355819e-07 1.12146482290423e-04 -4.80612184172681e-08 5.80443912272531e-07 -9.01507593829153e-07 -2.43637423411211e-05 4.42860065069000e-05 1.11165304282362e-05 -7.12159510573710e-06 1.89703925801698e-04 -3.42307374634990e-05 -6.98621732826311e-05 -1.02565175249767e-02 -6.13094099111321e-06 -2.87392591265520e-05 -2.00688251351634e-04 -2.77778487303176e-07 1.05831916458946e-04 -7.43494358597773e-07 -4.80728645014363e-05 -1.36371983037957e-06 -6.03139517882579e-06 3.26759051404199e-04 -5.94948461366417e-06 -8.54817771564223e-05 -4.51306138528604e-06 2.90648961564824e-07 5.11861462191353e-05 1.28574146906341e-06 3.22282299041318e-05 -1.57127487328943e-06 5.14733138537519e-05 -9.07476213871329e-07 4.52961351205675e-07 -3.95248229610557e-07 -2.38213231850971e-05 8.19603448908025e-05 1.00675872110471e-05 1.22902601847752e-05 1.87448910676396e-04 -5.24672013978236e-05 -4.37372886955291e-05 -1.01112732157141e-02 6.48571931509271e-06 3.28297754290358e-05 -1.95973364283109e-04 -8.32648843303203e-07 -1.04115979317884e-04 2.01891407679193e-06 -4.75554871960394e-05 1.92586825016297e-07 -7.29340604901582e-07 -3.23559754748332e-04 -1.71957880075169e-06 -8.33889659429993e-05 -2.62186790485480e-07 -1.34908284111290e-06 -5.00083169156178e-05 2.91998130819480e-07 3.16476819038577e-05 7.08403050002152e-07 5.00773217826767e-05 8.30512320923485e-07 2.18781120846584e-05 -1.12590795744671e-05 4.83498591733809e-05 -2.57561432363378e-05 -2.61914384975148e-05 2.20239752699677e-05 -2.23720089292457e-03 -1.02298565931311e-05 -1.18728290247641e-05 7.24773034764786e-03 1.29767989058100e-05 -5.08390307031354e-06 -3.04939347451130e-03 5.66234163204433e-06 -1.43223783060899e-05 1.43535045107416e-05 -6.87334199293236e-04 -2.05214948691178e-06 -9.20638312625634e-06 -2.17571747316501e-05 -3.02575817120423e-05 -7.06088132178829e-04 1.49119630008604e-05 2.29650004737030e-06 -1.57228420712761e-05 1.28558394485787e-05 -1.75677872242015e-04 2.82974105438806e-06 3.06176782525163e-04 -1.19328958452962e-05
 -2.09839834855111e-04 -1.46864926639552e-04 -5.84972139279915e-03 5.91002197977826e-03 -1.58219024946818e-03 -4.12282281565245e-05 -2.56101218849204e-07 1.96869562585979e-02 6.72738039842699e-05 9.65861315525929e-05 -5.85345773014293e-03 -1.15410287561122e-04 2.25145891129863e-05 -2.83120088428473e-06 1.42753146212694e-06 7.93282700955558e-05 8.53326194119320e-07 1.69810323348968e-03 1.81699385276766e-05 -1.28199684082811e-06 -2.88958525527945e-04 8.85504528950969e-07 3.03960819613360e-03 2.98767393974188e-06 3.73950487814759e-06 7.37641305737786e-06 -3.93831043513002e-06 -6.81080138455763e-05 -6.23940135972227e-06 2.05996296444941e-05 1.53862946039102e-04 8.92464711636421e-05 1.47813658015544e-02 3.55977831169870e-03 -2.89024660609154e-04 -2.75110129885137e-06 2.44819014287252e-05 -2.60694637273895e-02 3.62285259828166e-05 1.32879956819196e-05 3.07140845124301e-03 2.29209592750767e-05 -5.43700148385117e-05 -2.01394602164733e-08 -4.84875208745638e-09 -1.17720703771311e-04 -4.14637029352482e-08 2.81535527537835e-04 -2.53909037380959e-06 1.72120548726849e-06 -1.90968462202921e-04 -3.41141734019905e-06 7.52265744498681e-04 5.06786508094448e-06 -9.24776754102789e-07 4.57758502678246e-06 -4.08631670026206e-06 1.75328987988144e-04 -7.73703547010055e-06 -3.69213847198642e-04 -4.07004210494948e-04 7.57237793859939e-05 -9.08277344552481e-03 7.33888069499909e-04 9.64300024140405e-04 2.55118295488268e-04 -2.62848668095230e-07 -3.18867491625153e-02 -4.35362783363206e-04 3.77564193847374e-05 -1.56509452499625e-03 -1.38124499675966e-03 -1.89109680231373e-05 3.11225796498118e-04 -6.94971871529682e-07 1.27690269196422e-04 1.63594460021919e-06 2.49442709027642e-05 7.45928069915194e-04 1.02793880881087e-06 2.80304197739397e-04 -1.68352877338471e-06 -5.85599736888621e-05 9.73565347759760e-05 -1.70176958776440e-06 -9.86971643757108e-05 -1.39990100826103e-06 3.33701391071248e-05 -1.61867854748994e-06 2.15519779910674e-04 -4.06133009660638e-04 8.05464550693564e-05 -8.90265249240342e-03 5.68533364636702e-04 9.33763461057526e-04 -2.85286804891351e-04 -7.05058906926115e-07 -3.18685761014606e-02 2.98711146126122e-04 5.47462595180403e-05 -1.58059647036955e-03 1.31657741831787e-03 -1.82012094826141e-05 -3.12222552748239e-04 9.95054640732878e-07 1.27947861891508e-04 9.44276084120641e-07 2.49122333399287e-05 -7.66771874856160e-04 -3.42385746850830e-06 2.97829052860613e-04 6.29402691872381e-07 -4.36481685320761e-05 -9.93071689076841e-05 -1.32607623991643e-06 1.00401178594123e-04 1.38920887925159e-06 3.60047553643868e-05 -1.91273376397623e-06 2.19931560237512e-04 -1.69015432614897e-03 1.57929731604871e-03 -1.33825242658595e-02 7.83205657455356e-03 -7.60348687731316e-03 5.03144020184041e-05 2.01587798132738e-05 1.89084209647443e-02 -5.47783662208133e-06 -2.09981852166996e-05 -8.61840487895428e-03 -7.60609192666735e-06 3.18909520644588e-06 1.31271614787800e-05 -2.12148409266843e-06 8.83680200682762e-04 -8.18589720892448e-06 -1.71643813234160e-03 -3.08556161478902e-05 -6.98380764136006e-07 3.07164783718698e-04 -9.77588013066433e-06 -2.24012610924195e-05 2.61905680549800e-06 1.57477455340914e-06 -2.65217622688020e-06 6.21426878964708e-06 -5.17382934663885e-04 1.57897437869022e-05 4.20222096113896e-04
 2.82883147438616e-05 3.26987374678931e-05 -6.84756419405148e-04 -1.76421302946445e-05 1.73116096643483e-05 2.66510317907584e-03 -1.25871237827182e-05 -7.60213292306589e-05 -1.26130235619028e-02 8.21136944761214e-04 5.10932254464464e-05 6.82257219556085e-03 -1.09497156472049e-04 2.55366701500430e-03 -8.37715989142038e-07 1.14464030789628e-05 -3.86790089683014e-06 1.81699385276766e-05 6.53088060119298e-03 1.91127652328830e-05 7.66248068352476e-05 -2.43177110355582e-06 2.30335276174067e-05 -8.40615209371409e-05 -4.24450836737812e-06 7.04594909193207e-05 -5.19198545101360e-06 -3.28878625913069e-06 8.21234733291233e-06 -2.34177832498690e-05 6.97017709807989e-06 -5.50739528971469e-06 -6.30730460484115e-04 1.18284019744531e-04 -3.54891727252384e-05 -9.67976904842215e-04 -1.00201923931100e-05 -3.19616293489944e-05 6.72264054483324e-02 3.26655635665018e-04 6.26681315659051e-06 6.73258307961734e-04 -1.33145416060940e-05 -3.94219521119685e-04 1.11414381340178e-05 5.50127324314420e-06 -5.60587398814467e-06 -2.10536132399961e-06 -4.56296182994887e-04 -1.10028807908648e-05 -2.71236517663550e-06 -1.37601341442428e-05 -6.59718348634141e-06 4.34649855076289e-04 2.20803396905619e-06 -5.64947071856488e-05 4.39875007636094e-08 3.07929904944442e-06 1.29890861568107e-06 -4.11232719407229e-06 -1.55960444795703e-03 -1.14814416553603e-04 -4.00719047016733e-02 -9.50442584308254e-04 -1.05880991871668e-03 -5.64535910610113e-04 -1.59605033191280e-05 3.22535425379836e-02 3.28468854786558e-02 4.57797707482950e-04 1.59155424232242e-03 1.45160293457201e-05 -9.22482080044461e-06 8.35013763316353e-05 -1.11227700325079e-05 1.31864443700137e-04 6.94065597863777e-07 4.90886565795879e-04 1.39866194741927e-04 -2.51115014479686e-05 2.81584924764628e-04 9.90119589193076e-06 1.15013050662267e-03 -2.98454101186142e-04 -8.09350094748463e-07 -1.50680530184937e-04 -8.60705410739342e-06 6.22213331450397e-05 -4.42528308799466e-06 3.40133824382711e-04 1.51374293596745e-03 1.02268918971131e-04 3.85811095859004e-02 1.28269598974871e-03 1.09704164918380e-03 -5.06169891816349e-04 1.77814319293969e-05 -3.30153484456108e-02 3.29712674901195e-02 2.91915492170643e-04 -1.53948098656380e-03 2.17410324430441e-04 -3.75201078551040e-05 7.30866936839648e-05 7.95379058413813e-06 -1.27754939502751e-04 5.51194883950047e-06 -4.87843090309466e-04 1.19183958394145e-04 2.73370145830898e-05 -2.89980375582330e-04 5.62566509367961e-06 -1.19537941616775e-03 -3.09187811148054e-04 3.04685899398076e-06 -1.55419483032419e-04 -1.87203765915694e-06 -6.50346439716611e-05 -9.09275106712339e-07 -3.36335573517454e-04 5.38215137207474e-07 2.85189858631733e-05 -2.58932678975680e-04 6.17507060919173e-05 -2.83195327052445e-05 -6.06654544983970e-03 5.33936333807481e-05 2.22723995810388e-04 1.87419560351259e-02 -2.60353049354691e-05 -1.08480238184094e-04 -6.09475380436610e-03 1.00607328745923e-05 -2.28059846923419e-03 2.39700293595260e-05 -3.72239279428940e-06 2.29285086512715e-05 -3.07179679484284e-05 -2.88237914874782e-03 3.61815649077722e-05 4.45249388363830e-05 -4.60470131152533e-05 6.58445025485370e-05 1.62718182981360e-03 -4.37954616478555e-05 -4.16007602229263e-04 5.77251131872693e-06 -5.97316314735586e-05 1.06395244041366e-05 -1.31252772088123e-05
 5.90617062105951e-05 -8.35581405750751e-06 1.94368259872261e-04 3.56170569045126e-05 -1.41517776016212e-05 -2.98287796209369e-05 -1.35050721418152e-05 2.01949976781182e-04 2.58699640480322e-04 -7.13335331367638e-05 -1.22610946172981e-04 -2.20005026511646e-04 -2.27035894728335e-05 -3.88561215644751e-07 2.02735540152810e-03 7.60685270337412e-06 -9.98451248215781e-06 -1.28199684082811e-06 1.91127652328830e-05 5.57644838076317e-03 -1.78436737991743e-05 7.31241921834751e-06 -7.17698063775370e-07 -7.16944417469362e-06 -7.79222869117872e-04 -1.08046762888628e-06 7.15062622367246e-06 -1.01497084969732e-06 -2.41752215216760e-06 1.36330945422849e-05 -1.58559676852341e-05 5.93049077768581e-06 9.12410747250158e-06 4.78063991368151e-05 2.78379292317413e-05 -3.27448297926928e-05 -2.15026149130333e-05 -1.30345571434791e-04 2.32230342513186e-05 -2.91218572767289e-04 -1.78071574847227e-05 8.55398010421564e-05 3.56116031488165e-05 -2.40365503780850e-06 5.75215364132983e-05 -1.77044824789986e-06 7.04257109203589e-08 3.00984203729067e-06 -1.09366040533395e-05 3.10792585799441e-04 4.02364779947214e-06 1.53456540227612e-05 1.32571746709924e-06 3.04481015770750e-06 -6.11502102835149e-05 5.61997049692389e-06 6.72411850849643e-06 -2.21036734861287e-06 1.54512215497219e-06 -2.26580847568683e-06 -2.67947021788480e-05 -4.35157267236783e-06 1.50250360859883e-04 1.62224477937012e-05 -1.81551436712514e-05 6.86495063561348e-06 -1.36366279362995e-03 5.46727197445135e-04 2.32539082182558e-04 7.20778130949826e-02 5.86767655878171e-05 3.20567868230814e-05 4.11620372061983e-03 -3.05983223664949e-06 -4.74536282723902e-04 2.90102667066220e-06 2.58997922425676e-04 4.61513644289101e-06 -2.19803925245883e-05 -1.43214723414228e-03 3.34565703073659e-06 1.01150316787460e-03 2.45142619051682e-05 -3.42904052494723e-06 -2.83855120469639e-04 -8.29826585426973e-07 -9.65914944510683e-05 5.13381416347613e-06 -1.67883240546053e-04 -1.52125665282969e-06 4.31826611564372e-05 -1.47250702926750e-06 -3.31562129839886e-04 -1.72662089225932e-04 2.69325544994738e-06 -2.24037799535573e-05 1.34458223427401e-03 -2.73274262740159e-04 1.88062835225759e-04 -7.19470318835491e-02 -4.29464810999133e-05 -2.88257721243086e-05 -4.04878722919888e-03 -1.39338211804831e-06 -4.67807510136014e-04 5.89079183984428e-06 -2.60910870786765e-04 -8.24492388166449e-08 -1.27478058654887e-05 -1.41399629211560e-03 2.14260151077774e-05 -9.99883584154614e-04 5.26846599267168e-06 -3.54376663632125e-06 -2.83685163078685e-04 3.77419730721579e-07 9.22812094443525e-05 -1.35779978256595e-06 1.57296345067546e-04 -4.61586989832297e-07 -2.23077549231450e-05 8.92557246912993e-05 -1.63844338925769e-04 8.25384729686900e-05 3.13081289981211e-05 4.76800977190429e-05 -2.13140759229858e-05 3.75230768395727e-06 -1.09737968205082e-04 -7.83389892857180e-05 -2.14401906990240e-05 6.74241565157499e-05 6.83076065241912e-05 2.76569884718487e-05 -2.67477740031839e-04 4.52902581916481e-06 2.05910153191584e-05 -5.81010033504569e-06 -9.86553278949123e-06 1.32570005121720e-03 8.71534588379036e-06 9.84260790747764e-06 -1.45820674921008e-05 -1.14039412751746e-05 -8.33705584623487e-04 4.28266984177113e-06 6.21276948925360e-06 -1.12514049756575e-05 -2.14378953007450e-06 1.04642615025457e-05
 -2.72833978828201e-04 2.65660944032943e-04 -1.03616110812969e-02 5.50109134940055e-04 4.05016328788435e-04 -2.24047195019992e-05 9.92172430618500e-06 -7.63531026486612e-03 1.23607949366047e-05 -7.60365704223666e-05 2.44618944813418e-03 -2.34736715593473e-05 -2.39420061092679e-05 1.76842595515152e-05 -6.46918225320824e-06 3.00109053203033e-04 2.30671127657044e-05 -2.88958525527945e-04 7.66248068352476e-05 -1.78436737991743e-05 9.82795323831036e-04 6.47119978419728e-05 -7.42039806863665e-06 -3.29748191603355e-06 1.68235154033456e-06 -7.80419746081767e-07 -1.48583221982876e-06 -5.40027098905372e-06 1.41013890131228e-05 -3.42824851511864e-04 -6.47728616682870e-04 3.33361006835845e-05 -9.26009995853432e-03 -2.65250249651205e-04 1.16192775103890e-04 -7.99447878759328e-06 -3.09758630399674e-05 1.14032291393937e-02 2.80072147987156e-04 1.36064653428703e-03 -2.00999873794177e-03 -1.02034683050213e-05 7.07718387537543e-05 -2.07866334099940e-06 -3.48353635991884e-08 1.01259436517294e-04 -6.35659505614165e-06 -1.72290240466626e-04 -3.37388784215818e-06 -1.18320603875296e-06 9.06315092678013e-05 -5.59738311934740e-06 -3.23875329623981e-04 -6.96188631185156e-07 8.81405363861904e-08 -2.63994326120587e-07 -2.63126062483308e-06 -6.24451782664312e-05 1.01129831904537e-05 1.20919424930881e-04 -4.53031030013533e-04 -1.53424662334965e-04 -2.32772580761239e-02 4.18256831261130e-04 -2.17365279241453e-04 -9.89053965097424e-05 6.99141503774876e-06 8.37915879974348e-03 -3.24080621112073e-03 -6.70336169768540e-04 1.20002580771913e-03 -7.96790555153096e-04 -2.47012937209242e-05 -1.69554725287871e-06 4.88324330410453e-06 1.25741137151664e-05 -3.37432000880033e-06 1.11716025170701e-05 -2.72047567710332e-04 1.81083765867603e-05 -1.00184402185677e-04 -4.39063898036066e-06 -1.21877614804995e-04 -3.33936752942939e-06 2.30281953163506e-06 1.77369728582037e-05 -5.79192120826097e-07 3.68575036190171e-06 4.53096779571753e-06 -5.04583053267712e-05 -4.18968642018734e-04 -1.46722837185343e-04 -2.24902818020146e-02 3.38872963924329e-04 -1.93628945376043e-04 7.01387327860485e-05 -3.37126323630657e-06 7.45657915186035e-03 3.75192315057527e-03 -1.91056349117775e-04 1.12847084947641e-03 7.59006993884357e-04 4.49755741492340e-06 -6.23046087536054e-07 -2.57874006606438e-06 1.29863713556926e-05 -1.93310070606765e-06 3.31692004224354e-06 2.53400964873306e-04 -4.79508195972559e-06 -1.01577868161157e-04 5.05726729510138e-06 -1.29115518861537e-04 -1.39172942243193e-06 6.99368916570377e-07 -1.80727834466361e-05 -7.02171840429233e-07 2.13319806951789e-06 5.86741453006615e-07 -5.10086213480781e-05 -1.06558988912305e-02 2.10787877685967e-04 4.07098696966225e-03 -3.14992961366764e-03 3.95401433138735e-03 -8.40119431465042e-06 -1.38353252496377e-04 -8.14949393692473e-03 3.38798681540013e-05 4.27660623206482e-04 3.92463411135473e-03 -4.48518264830532e-06 -1.75742555201909e-04 -9.33905571130032e-06 1.26711446201393e-06 -4.14286445624314e-04 -3.84288245195245e-05 7.48214221839246e-04 -1.59020445625352e-05 -6.09952319804590e-06 2.32830755935198e-04 -3.87287674014237e-05 -3.57162199489902e-04 1.18853686240595e-05 1.49551713090462e-06 -2.80504689331404e-06 -1.31672320454782e-05 1.92622153018015e-05 1.52694538756012e-05 -6.11110777786122e-05
 3.30927115269633e-05 4.42918949304270e-06 -7.20951582420890e-05 -3.79111484073860e-04 1.48486502760313e-05 -3.28850093987451e-05 6.58649547965859e-04 2.85898334317847e-04 2.58973377914258e-04 -1.53173251859398e-02 3.23090337780061e-05 2.15095994757986e-06 7.05763836725233e-04 -1.57541039605222e-06 9.10179095728135e-06 -4.26175135082180e-06 1.24645519980763e-03 8.85504528950969e-07 -2.43177110355582e-06 7.31241921834751e-06 6.47119978419728e-05 3.67610553530956e-03 1.92790048942707e-05 7.22741727175373e-06 -4.87103674064996e-06 2.39650766877905e-06 -2.20163011062505e-05 2.33618863960227e-06 6.64963045296431e-04 -1.61817054439985e-05 1.76122018215722e-05 -1.34201016187811e-05 -2.42615681063894e-04 -4.39097439778744e-05 -3.82508327749701e-05 1.17003849761952e-06 -1.50631777756274e-03 -2.27783288274266e-04 1.03788203786349e-04 6.85666469854796e-02 2.43750612297731e-05 -3.37661458979308e-05 3.50694180850494e-03 -2.45769586834348e-06 1.26086464387820e-06 -3.64407078851286e-06 -2.91678250066077e-04 -6.50431556652416e-07 -1.46918204624542e-06 -1.50719140785566e-06 -1.30796093726942e-05 -3.58886679978623e-05 5.29703903447864e-06 -2.15168523279164e-06 -9.72185872089831e-07 -1.74916453947932e-06 -1.69082140635683e-04 -7.13981408392678e-07 3.44469244777483e-04 -1.80557220817208e-06 2.44517279962286e-06 -7.97073500478039e-07 1.78163178768896e-04 1.56540594515679e-04 3.03159352844944e-05 -3.18838460947885e-05 5.39507997487094e-04 1.47461707061766e-04 1.35883445869025e-04 -2.86802284588110e-02 -1.40298559757532e-05 -8.52959685495271e-05 -6.40916352584716e-04 -1.43259618649614e-06 2.88035667143755e-04 -9.29860772586920e-07 -1.29465123787019e-04 9.75527397015879e-07 -2.10412647528087e-05 8.91046568308709e-04 -1.49888966717448e-05 -2.07454494114271e-04 8.98125248297784e-07 -3.12179246191202e-06 1.37623899732285e-04 2.87070589100664e-06 8.51800958720125e-05 -4.76831914940994e-06 1.42471997895080e-04 -2.15037774335214e-06 1.07821773958845e-05 5.90352338728968e-07 -5.62770778428025e-05 2.85897163117948e-04 3.19414573698763e-05 4.05504098188155e-05 5.50481025669196e-04 -1.25553233715532e-04 -2.47744030639081e-04 -2.92033274013654e-02 2.20331547307683e-05 1.21011595590044e-04 -6.81801244583778e-04 -3.43456286494906e-06 -2.89115902566898e-04 7.29291587150341e-06 -1.31265946935662e-04 3.72212601166753e-06 1.32882129131268e-07 -9.01257585950730e-04 -2.69479774112157e-06 -2.14507285614515e-04 6.53771022247214e-06 -1.96707318383141e-06 -1.38404114882269e-04 1.40618797019957e-06 8.46040519614153e-05 1.78395579036631e-06 1.40909322476737e-04 2.81244915422822e-06 -1.02894543241999e-05 -1.78552273619817e-05 3.47595492315549e-05 -3.96762937599111e-07 -1.55038980490081e-04 5.86263300317971e-05 -6.69357654457003e-03 1.28006579032454e-04 -1.24315191359393e-05 2.15874757965309e-02 -2.93104515859729e-05 -1.79543108010049e-05 -9.04870999566839e-03 1.41345770978663e-05 -4.40698980188433e-05 5.05630768446084e-05 -2.04338161283444e-03 -2.13890419409951e-05 -3.53900795052486e-05 -5.58496300927560e-05 -9.21689437096154e-05 -2.10461992336770e-03 4.34284080836471e-05 1.07126984993405e-05 -5.27713114441113e-05 3.72158103971853e-05 -5.21328172161844e-04 6.03768774178119e-06 9.13457966322325e-04 -2.94689120466863e-05
 -6.61552563524682e-04 1.53069841627412e-04 7.97733670669446e-03 6.30766469021008e-03 -2.09681453928858e-03 -9.23302949690952e-05 1.60593860611353e-05 2.45788758371250e-02 3.98453577692550e-05 -4.54486499428857e-04 -6.19844964659584e-03 -1.81573893330592e-04 9.64593104907320e-05 -9.40623598618368e-06 1.01686385455383e-06 1.31919786998570e-04 1.11681578184156e-05 3.03960819613360e-03 2.30335276174067e-05 -7.17698063775370e-07 -7.42039806863665e-06 1.92790048942707e-05 6.42173872418202e-03 1.08309636100277e-05 8.37821113038587e-06 1.52120733086410e-05 -3.88947694259490e-06 -1.18783125417514e-04 -6.00553583466679e-06 6.69832894557055e-05 1.60733850004794e-03 1.18499043720317e-04 3.07390461519889e-02 5.05914163246192e-03 -4.74841386744477e-04 -3.47401682608117e-06 3.94796989499477e-05 -4.31845090529916e-02 1.66712264778499e-04 2.24985899550792e-04 6.28326510966529e-03 3.35183213610572e-05 -6.87593388216758e-05 -1.42244637165383e-08 -3.84563256687191e-08 -2.14761863888776e-04 1.57083022665298e-06 5.24812382631333e-04 -1.46570098053171e-06 3.14264177355305e-06 -3.31665873868840e-04 3.94752517377240e-06 1.43203645927974e-03 9.08599700440308e-06 -2.27529146306087e-06 9.36343612320109e-06 -9.08155985553522e-06 3.04047404035074e-04 -1.45548113105238e-05 -6.44803083173824e-04 -7.01524889955782e-04 -1.09445119364965e-04 -3.80468363988090e-02 -9.71372670497352e-04 1.53430784022443e-03 9.52920134345817e-04 -2.12858459356434e-06 -5.47909306556826e-02 -1.67203442540751e-02 -3.52680560352767e-04 -2.87108289917917e-03 -2.05400329721093e-03 -1.86252320098567e-05 4.18466807611847e-04 5.37471397740562e-06 1.10908369686337e-04 -6.45836444708508e-07 -1.62101900705002e-04 9.66936673311005e-04 2.68197618056313e-05 1.95283213006780e-04 -1.25382284582111e-05 -6.95890514934755e-04 2.62839974748118e-04 -2.95959763144938e-06 -1.15369962823910e-04 -9.39676380578480e-07 4.83341968093632e-05 1.31974048310250e-06 2.78345862563110e-04 -6.32825582860372e-04 -9.73274578156289e-05 -3.83431537426024e-02 -1.34549098478290e-03 1.45454942516797e-03 -1.02845416816984e-03 -5.59785473192389e-06 -5.41010700674441e-02 1.64134884817271e-02 -3.10208129538227e-04 -2.87915687561314e-03 1.89331353833243e-03 -1.26792939555513e-05 -4.15653497924016e-04 -4.40767854639279e-06 1.10087061656839e-04 -3.30580053742149e-06 -1.59600453835129e-04 -1.00092598176898e-03 -2.43398194031367e-05 2.26872130368754e-04 -4.00367541369569e-06 -6.48798613484713e-04 -2.60647857579865e-04 -6.01726104809461e-06 1.21224059799768e-04 4.74729955430214e-06 5.30934590555803e-05 -4.12595249660550e-07 2.87657291325195e-04 6.45242337257518e-03 1.94999384264138e-03 -2.02419777019496e-02 1.06430195202728e-02 -1.16350773853257e-02 7.95035069338214e-05 4.43487964819586e-06 3.08490220192008e-02 4.78640279791352e-05 7.87791411071695e-05 -1.34785315504367e-02 -4.51265442307797e-05 -5.08048398168719e-05 1.55719558569133e-05 -3.54788660656246e-06 1.39638990330586e-03 -2.59197422776746e-05 -2.75268463109485e-03 -6.49517848344397e-05 -2.15884981331286e-06 1.06789855775417e-03 -2.70528197412852e-05 -6.34605688683739e-04 1.27549823886570e-05 2.95657191471018e-06 -8.85558006524320e-06 7.51569855275276e-06 -1.10664743554368e-03 3.24816438050016e-05 7.85484318738818e-04
 2.43508088515454e-06 7.66115960510629e-08 -1.05096161564508e-04 4.28783974850211e-05 7.21949454427432e-06 2.24427397325071e-04 8.51056435118949e-08 -7.18810858737689e-05 -2.51209840823566e-03 -4.93817551302790e-05 3.23552672528142e-05 7.12949126813654e-04 1.14264801279333e-05 -7.97660678518327e-05 6.69728055917784e-07 3.25547985844238e-06 2.99312554176805e-06 2.98767393974188e-06 -8.40615209371409e-05 -7.16944417469362e-06 -3.29748191603355e-06 7.22741727175373e-06 1.08309636100277e-05 3.07282076438846e-04 1.98451504400037e-06 1.21008718609594e-05 5.73615651623646e-07 7.27062723689612e-07 2.39149055600688e-06 -8.68677464326870e-07 -4.43185013247069e-06 1.19881697102919e-06 -3.04869517149391e-05 -2.02207857754376e-05 -1.59205386574525e-07 -2.31270644941157e-04 -1.97507803949640e-06 4.24649188013460e-05 1.41049868280951e-02 1.44805507442857e-04 -1.10299464830503e-06 8.95692565746405e-04 2.54970897905327e-06 -4.09967991772969e-05 2.50465331908722e-07 9.92958637621919e-07 -6.48785527692815e-07 -9.01555867927924e-07 8.82133792877944e-05 4.47796815547868e-06 3.46733940323335e-06 -3.53454950319025e-07 -4.15166334810350e-06 8.15875223139490e-05 6.04047452540978e-07 4.61914975943737e-07 -1.19521781883539e-06 -1.17707943233145e-06 -5.87049265719665e-07 -7.51186852881285e-07 -2.77601764617000e-05 6.50848429920282e-07 -6.93887856247717e-04 1.00555995785114e-04 3.13057013239427e-04 8.92507681412656e-05 2.98401430965278e-06 -1.35900605363491e-02 -6.22739231521617e-03 -7.88048961634652e-05 -7.47200284253075e-04 -5.29996039682609e-04 -3.33035743128131e-06 7.41604641309654e-05 1.71882705535312e-06 1.00358302985976e-05 -1.77046725920097e-07 -5.81371365261941e-05 1.93112855718379e-04 2.54291853810653e-06 4.01919086210254e-05 1.64418408012461e-06 -2.22502816780532e-04 8.75523269661468e-05 -7.07369295053142e-07 -1.09350882385544e-05 -4.96923827185930e-08 -2.04972638735802e-08 4.77517984594635e-07 2.71596697864751e-05 3.11241766082639e-05 -2.76832270242248e-07 6.32795495376150e-04 -8.76381638330471e-05 -3.02972123713872e-04 8.77181784345759e-05 -7.18855652182288e-07 1.34087556076451e-02 -6.18072267720621e-03 -7.12350071134535e-05 7.36287312250500e-04 -5.18027027670066e-04 -4.94885522627824e-06 7.16548347804346e-05 -2.92637901664226e-07 -9.26198213102100e-06 -2.44045938377371e-07 5.72094806760259e-05 1.91549972907521e-04 -5.63821722755117e-06 -4.07744852171222e-05 -2.99202232467878e-06 2.17257878717025e-04 8.54103744273602e-05 -4.96412927327436e-08 -1.01288125738369e-05 3.00888440010779e-07 -5.51644346908247e-07 1.39225494670225e-08 -2.67451179859188e-05 -7.95603596399357e-06 -3.25084735958254e-06 -6.24034788740087e-06 -9.11291434921753e-06 3.19255148801681e-06 -2.13662255693115e-03 -8.58164412081854e-07 -3.01786681420071e-05 5.62909578859220e-03 3.94161528778841e-05 2.33278120664984e-05 -2.51946541768343e-03 -2.22673232203912e-05 -5.85209579126921e-04 5.46653867800572e-06 -7.97587402475383e-06 -5.56540971903950e-07 1.13534931002307e-05 2.70113830936141e-05 5.93037743579107e-06 -1.49427064208415e-06 -1.10251340217008e-05 1.46389567816879e-05 5.18457987836924e-05 -4.23811194051634e-06 3.47288257050284e-05 1.08593931198702e-06 -6.84150328822317e-06 2.52380910876779e-06 9.72827726628836e-07
 -2.63359261357219e-05 1.80929134775075e-06 4.06822511363336e-05 -1.15988753700463e-05 2.16095372063429e-06 9.12824755570627e-06 2.28673856328393e-07 -5.05647666774836e-05 -9.80990243838832e-05 6.78624177373299e-05 2.14296190631049e-05 5.01326136799040e-05 -2.54725622482738e-06 1.88754664722785e-07 -2.83283964582560e-04 -1.59773577463017e-06 6.93514592074999e-08 3.73950487814759e-06 -4.24450836737812e-06 -7.79222869117872e-04 1.68235154033456e-06 -4.87103674064996e-06 8.37821113038587e-06 1.98451504400037e-06 1.08913283886257e-04 5.05908382366454e-07 -1.41782653267720e-06 3.12335119100258e-07 -4.36408097936459e-07 -9.58792398333723e-07 1.03139293150004e-06 -5.79963791151846e-07 3.67092930433046e-05 2.22520273234257e-06 -4.59928744509621e-06 4.04818877290937e-06 4.33730565465772e-06 -2.49367220405217e-05 1.07773739692047e-05 -8.22167320576975e-06 8.12406352422049e-06 -9.88245484063420e-06 -8.84219303993149e-06 5.05330698087085e-07 -8.04384151460805e-06 6.97728781745212e-08 5.57050155736167e-08 4.12025719283146e-08 2.81358064141192e-06 -4.34073382730488e-05 -6.60449714635129e-07 -3.22601623067261e-06 1.63635667251048e-06 -5.22168044685323e-07 8.54503312179718e-06 -6.88320019720022e-07 -9.36766059986160e-07 5.49194362113667e-07 -3.68943505983223e-07 -3.44625457975634e-07 7.06496621311879e-06 6.08381363480096e-07 -4.60658678773536e-05 -7.24581209769513e-06 5.63007369819989e-06 1.18955835827603e-06 1.89805189784499e-04 -2.28058101352758e-04 -8.82019523951673e-05 -1.00232290430416e-02 -1.51313991422410e-05 -5.57979584221143e-06 -5.75794023053165e-04 1.43539926146595e-06 6.56648113111432e-05 -2.87112231462020e-07 -3.58727561125337e-05 -1.62929977797085e-06 6.37450126223489e-06 1.98155750794503e-04 -5.40463520983075e-08 -1.40481109006027e-04 -6.68542888670786e-06 1.65377356617931e-06 3.93100652776391e-05 -3.30326794521877e-08 1.32529411426390e-05 -5.12805383805344e-07 2.31800937967708e-05 8.20926092134636e-07 -6.12336823785400e-06 -4.88105822799508e-07 1.79016391662677e-05 9.58500043139541e-06 -5.25697327272158e-07 -2.89768374543339e-07 -1.88664250966279e-04 2.20158874309547e-05 4.10131232150142e-05 1.01011427457437e-02 1.18468990236865e-06 -1.90606531723547e-06 5.65090167165266e-04 9.65213810313799e-07 6.60213391639082e-05 -1.54650787975945e-06 3.67658015322461e-05 -1.09024778003823e-06 2.52438535800315e-06 1.99499629771938e-04 -4.31231926990080e-06 1.40560813722776e-04 -2.99577471276840e-06 7.81799741613855e-08 3.99532215788851e-05 -3.51775895719099e-07 -1.31295726380045e-05 9.53200828350292e-08 -2.22485381606579e-05 -3.30720487514286e-07 -5.15334343730890e-07 -9.36508485901591e-06 -6.60415241918990e-07 -8.25419862118055e-07 -1.42130101444015e-05 -1.09828490275122e-05 8.36013079087318e-06 3.09738391302322e-05 2.67007861084435e-05 -7.85929193350043e-06 -1.09449202600779e-05 -1.44771476641636e-05 -1.13501863555647e-06 -4.85426829900073e-06 3.74197516187764e-05 7.28814942602977e-07 -1.06123669186234e-06 -1.97731081604099e-06 1.32551604611065e-06 -1.85178525423621e-04 7.05010991969329e-07 4.01875805899717e-07 8.93151789391287e-07 1.66633481581892e-06 1.16539835643273e-04 -5.68132255881674e-07 -3.70057937832385e-07 2.30637355866412e-08 -4.24937285193865e-07 -5.53931407305485e-07
 -2.53094362790634e-05 4.04758140746615e-06 1.31223533081945e-04 -3.44458587949124e-06 -5.39063245114967e-06 5.37976720205665e-04 -5.63081287627373e-07 9.78496032679511e-05 -6.28259075632473e-03 2.90679964700471e-05 -6.51973062266721e-06 1.90901112767649e-03 -3.97631358694742e-06 1.12166589576654e-04 5.53588675848504e-07 3.21419047992656e-07 9.97080013003468e-07 7.37641305737786e-06 7.04594909193207e-05 -1.08046762888628e-06 -7.80419746081767e-07 2.39650766877905e-06 1.52120733086410e-05 1.21008718609594e-05 5.05908382366454e-07 4.04042862800090e-05 -8.89812063619134e-07 -3.92250832952259e-07 5.80728361383951e-07 1.62500150841322e-06 -1.51820074139048e-06 1.28652047311429e-08 -5.96880863747464e-05 1.31441322995791e-05 3.42035807318873e-07 -1.36501236097867e-05 -9.74460987165978e-07 -2.08710761943839e-04 -1.38859693742117e-03 1.00330521580774e-04 3.42425858410960e-05 -4.15872587383429e-06 2.65914715488733e-06 2.25521603597106e-05 -8.51635854374790e-07 -1.42609564108905e-06 -4.81046406530082e-07 2.39158938881838e-06 9.97375868119370e-05 1.44410894500812e-06 -7.20310717553851e-07 -1.97741378813652e-06 4.89003789359401e-06 -2.80637783209686e-05 -2.71404909022816e-07 7.28803932379995e-06 -8.13639247318386e-07 9.86369499510756e-07 3.07114918464033e-07 -2.77420087945969e-06 -2.79043766430066e-04 2.51748660756954e-05 -2.93166431174101e-03 4.86154658050923e-04 4.16149007667370e-05 -7.51572255091058e-05 3.29886004156048e-07 -2.29393261997941e-03 2.57102084207760e-03 2.19685488203268e-06 1.87009877865079e-04 -3.18415905109651e-04 -1.81929194019334e-06 7.64612229643474e-05 -2.70351580675678e-07 4.43337136543645e-05 7.15638890360466e-08 3.46066459815270e-05 1.48752529406232e-04 -6.37055760899523e-07 8.55526093421703e-05 6.95846990395068e-07 2.68699187034776e-05 8.20891649448722e-06 5.07104632511620e-08 -2.51182630088288e-05 -5.64796785461793e-07 1.76548461001978e-05 3.18600863201080e-07 5.34246056871165e-05 2.58469744065681e-04 -2.49777697911304e-05 2.77049207417422e-03 -4.82801139520944e-04 -3.57348707047726e-05 -8.10097663503904e-05 1.29665901153841e-07 2.05129941933718e-03 2.68076643241140e-03 -2.72967806358008e-05 -2.08935490238488e-04 -3.06471408025878e-04 -4.01728377375453e-06 7.58869017697110e-05 4.13376829872953e-07 -4.45601082265144e-05 -4.91195368815777e-08 -3.55136015649172e-05 1.47380786772684e-04 -1.26318372541506e-06 -8.65742418838636e-05 1.74087602858721e-07 -3.18637111425443e-05 7.25518210075177e-06 -3.68260889492599e-07 -2.50978064475528e-05 5.75584131762352e-08 -1.72582647483089e-05 5.34181548544728e-07 -5.27897000079503e-05 2.23177718265003e-06 1.62750120058978e-05 -1.25307432439964e-04 7.11291275903357e-05 -7.33550627874900e-05 7.79320164703316e-05 -1.08977255270765e-05 1.83246803269210e-04 -1.71113926460427e-04 3.02494588233476e-05 -7.81020627035417e-05 9.26937557293814e-05 -1.15934675641032e-05 2.86739516652485e-05 -4.94835527108359e-07 9.01379642090866e-06 -3.38862985665488e-06 -1.75102857497967e-05 -3.57885487329463e-05 -2.91509115986812e-07 4.71626112306076e-06 -2.43363981642600e-06 -5.84168127702089e-06 1.13030158842266e-05 7.59838350369807e-07 -5.99837834205909e-06 -8.12055299916849e-07 -5.69081007868807e-06 1.47595282867369e-06 6.64245503480534e-06
 2.83103448999632e-05 -9.40208109140776e-06 -1.18831812289175e-04 4.67509902390471e-05 3.02416414685316e-06 -3.27339545046025e-06 2.31117606704342e-04 -2.91256123512789e-05 6.65244668165019e-05 -1.00284369308524e-02 -4.96435077720477e-07 -1.98844418613506e-05 1.21920990947720e-03 8.34561811324856e-08 2.63608836307761e-06 2.27344364662182e-07 1.17638839564193e-06 -3.93831043513002e-06 -5.19198545101360e-06 7.15062622367246e-06 -1.48583221982876e-06 -2.20163011062505e-05 -3.88947694259490e-06 5.73615651623646e-07 -1.41782653267720e-06 -8.89812063619134e-07 1.02276577354061e-04 3.19011903573082e-06 1.27273700264473e-05 3.27961310454867e-07 3.19677385810047e-07 -2.47585117193985e-08 3.54832089323655e-05 -2.91812424434131e-05 1.67062905274128e-06 1.70473025415690e-06 8.33820841235231e-05 1.08711222704803e-04 7.43224163221417e-05 -5.75398738630332e-03 -8.15427860574683e-06 2.96650154237435e-06 -2.52094751256190e-06 -1.42240867387566e-07 -9.73898219049036e-07 2.96273737131682e-06 5.98407201820122e-05 -2.43003457611309e-08 -4.09328285177023e-06 4.34361528236376e-06 -2.84107913245445e-06 2.64408924778981e-04 -7.35329914041177e-06 8.13480461926180e-07 -1.16372672376703e-06 -1.39745511474678e-06 3.76970511258005e-05 -5.52512394812900e-07 -5.69208638395108e-05 1.30170384117105e-06 7.44005894390741e-06 1.46549027221156e-06 1.65225182349835e-05 -1.20559226829848e-05 -1.73629589808512e-06 3.81464828746192e-06 3.90801202938407e-05 6.77237680224934e-05 1.64721070604494e-05 -4.10810251390239e-03 1.38239078838332e-06 7.11866420022708e-06 3.13332913544206e-04 1.20700261500536e-07 8.13067690579820e-05 1.08146288005003e-07 -4.12962884349757e-05 2.63780845344155e-07 -1.95534039651987e-07 2.45078409199473e-04 5.78499347932855e-07 -1.49490816626772e-04 5.26373089886871e-06 -6.41531668706778e-07 4.49184787411259e-05 1.52788231156773e-07 3.62773689867429e-05 -5.83456732120868e-07 3.15792484488571e-05 1.12653738303581e-06 8.15506512744650e-06 6.05330772515008e-07 5.03349708189729e-05 -9.75487385310347e-07 -1.93957789637465e-07 4.07569977898972e-06 4.33409554765466e-05 2.95910069148747e-05 -9.41594147429658e-05 -4.26356337084679e-03 5.06793351926810e-06 -2.21814930707714e-06 3.08264086476089e-04 -1.11648476222109e-06 -8.28894112302129e-05 1.64353924831940e-06 -4.22502174399533e-05 1.37926431112423e-06 -3.67975373708971e-06 -2.44632421031043e-04 3.81115869677741e-06 -1.51712668491332e-04 3.01806207722879e-06 5.20237077788123e-07 -4.31952718875688e-05 1.47637968681582e-06 3.68426488784492e-05 6.75489765455237e-07 3.04404895926805e-05 1.12928039809618e-06 5.48879973624119e-06 -1.84071491922706e-05 7.40901708242688e-05 -3.57886607909645e-05 3.20213431281518e-05 -1.39746117710644e-05 4.24260413320728e-04 -8.79081043514503e-05 2.72699681053121e-05 -9.87304159625764e-04 3.59691064530688e-05 -1.06916203688406e-05 2.80554616748543e-04 -4.79953174138346e-06 4.56501996721212e-07 -7.79224871886372e-06 7.88379818837689e-05 9.76732011270497e-06 2.57145946631603e-06 3.83058630235601e-06 6.51555325270876e-07 1.01974766395654e-04 6.01158809913582e-06 -6.13961471084029e-08 2.53842333624278e-06 -2.14548796637177e-06 1.65293758012068e-05 3.83363159879582e-06 -4.78940179215440e-05 -5.39202241457135e-06
 -2.01952928900482e-04 -5.03586991067119e-06 -1.26565323933123e-03 -1.54167774577667e-04 2.54439332301152e-04 -1.63260375703547e-07 9.35545629815395e-06 -5.94982095685711e-03 9.06345610016224e-06 -3.14732111879024e-04 1.09128804393090e-03 -9.22532603153775e-06 3.64084902291756e-05 -2.58314905398395e-06 -1.17639992357515e-07 -1.31864078823742e-06 1.67369579857868e-06 -6.81080138455763e-05 -3.28878625913069e-06 -1.01497084969732e-06 -5.40027098905372e-06 2.33618863960227e-06 -1.18783125417514e-04 7.27062723689612e-07 3.12335119100258e-07 -3.92250832952259e-07 3.19011903573082e-06 4.08953807571245e-05 1.52691083017609e-06 6.55028770073392e-06 -3.56151284698938e-04 2.36115572872183e-05 -7.24233450233857e-04 4.64911859739735e-04 -4.97133708204003e-05 -9.25860129756226e-08 3.67619821158178e-07 4.15906206234673e-03 -6.56078407748656e-05 -8.57018779283420e-05 -8.65052425436017e-04 2.26260044557143e-06 3.66004569177084e-06 5.32692349878270e-07 -4.74532635816096e-08 4.41257165444857e-05 1.60373989084262e-06 -8.05952012669244e-05 -3.14582686766716e-07 3.18878590278716e-07 5.39958677750046e-05 7.53062518063556e-06 -8.04037465212727e-05 -8.28621943178547e-07 -2.05830107125423e-07 5.63728545745670e-07 1.04683736409685e-06 -3.14999888133111e-05 -7.58078919165076e-07 4.71816684675472e-05 1.06420691710846e-04 1.59569214352408e-06 2.10162835982809e-03 -3.01752845766384e-04 -2.21570868759589e-05 4.81999881357955e-05 2.69482105700206e-06 -1.50033120657096e-03 -1.94854821850162e-03 -1.50535701380116e-04 5.44403160075655e-06 2.43995572881717e-04 8.02936442397315e-06 -1.91695496667993e-06 3.01098465741117e-06 -1.61276647863092e-05 -1.23765881300079e-06 -5.03572328386340e-05 6.93978720551782e-05 8.18483422082527e-06 -2.33342038065123e-05 -3.96288212371313e-06 -1.27950263062489e-04 4.16692350492062e-05 1.02529869777321e-06 1.38545292470188e-05 1.46980020143828e-06 4.54466541495090e-06 1.76681756178322e-06 -9.19787590383039e-06 9.26073660822366e-05 1.56897450253020e-06 2.20380220195137e-03 -3.01593004857086e-04 -2.07544663222467e-05 -4.38062376052822e-05 2.27778433806751e-06 -1.45821282852210e-03 1.84325442420407e-03 -1.66268715071737e-04 6.03299198212402e-06 -2.50090522618554e-04 6.38092000449427e-06 1.85034663689740e-06 -2.52655352695682e-06 -1.60112022714791e-05 -1.28666326425955e-06 -4.96789146191624e-05 -6.89192037572879e-05 -9.05973664220003e-06 -2.31968675910542e-05 -5.33157975648636e-06 -1.24638567192458e-04 -4.10291864488508e-05 -1.35393950217661e-06 -1.34933626239208e-05 1.35000380020080e-06 3.98655010219977e-06 1.43093854178075e-06 -9.17301983239061e-06 -2.59819177968089e-04 -4.58940276783425e-05 1.36735951995645e-03 -8.61702405771945e-04 1.16088727453027e-03 1.24048184952113e-05 1.36820614633560e-06 -2.57383801896604e-03 -3.03623605162328e-05 3.59187975211290e-06 1.02966180475869e-03 8.93741054593287e-06 -5.42681141601174e-06 3.76513095217700e-06 -2.19540956730112e-07 -1.10990811546432e-04 -8.36959507238040e-07 2.31867417081891e-04 3.47855520097562e-06 1.76459189770222e-07 -4.63684523983464e-05 9.32970753842126e-08 7.83439532217151e-05 -2.61922288222473e-06 1.69469435319424e-07 5.96372207063704e-07 -1.28256740901910e-06 7.03199259573393e-05 3.51131783768706e-07 -9.17626798791548e-05
 -1.17973634243451e-05 2.11386661707625e-07 -4.05631883594194e-05 -7.97413816694330e-05 1.10861077265997e-05 3.20466538216612e-07 1.57613119688318e-04 -8.34730688438750e-05 6.04066950225750e-06 -4.42550062037104e-03 3.89353359304673e-05 1.68966214261028e-05 3.27610662950897e-04 3.58704025658889e-06 3.00048229843245e-07 -4.62488229183880e-07 2.26901121602545e-04 -6.23940135972227e-06 8.21234733291233e-06 -2.41752215216760e-06 1.41013890131228e-05 6.64963045296431e-04 -6.00553583466679e-06 2.39149055600688e-06 -4.36408097936459e-07 5.80728361383951e-07 1.27273700264473e-05 1.52691083017609e-06 1.23066903560394e-04 -3.47821628410602e-06 8.94438763075004e-06 -2.42100803736851e-06 -8.88418839975350e-05 -1.94809180464329e-05 -6.35640858368165e-06 -1.72613934996378e-06 -2.60393903310073e-04 1.13124406473015e-04 1.69248639263715e-04 1.15303504711760e-02 -1.66064627269497e-05 -1.69478028928575e-06 6.37527107837852e-04 -1.07932096004476e-06 3.26546137324414e-08 7.58090259421074e-07 -4.32664736668255e-05 -1.98368909391228e-06 -8.89456857204347e-07 1.64750845608360e-07 -1.65180884702311e-06 3.66934182955311e-05 -3.51345695186841e-06 5.03005278833447e-07 -3.09272307893953e-07 -6.06264420311260e-07 -2.45853143580163e-05 -1.12227983474422e-06 5.33653625267893e-05 1.57732402849205e-06 9.06671089397743e-06 -5.02356466356317e-07 -4.39519350811893e-05 2.22855904640801e-05 1.59943632589182e-06 -6.06140888350382e-06 1.05695925852110e-04 1.16919735221337e-04 3.14443538080762e-05 -5.95118937682746e-03 4.58765619860058e-06 -1.26046829467910e-05 -6.88901723341027e-05 -4.99415713738451e-07 6.60973789978037e-05 -2.98285962030340e-07 -3.05344307973873e-05 2.23283061177379e-07 -4.38186473475072e-06 2.03380750826395e-04 -3.03534353236656e-06 -6.30423235329688e-05 4.24827543614659e-07 -5.88905811617134e-07 3.26226845348035e-05 6.52814230246500e-07 2.14998536013592e-05 -8.50952749993912e-07 3.12372070565969e-05 -2.29090486939185e-07 8.31513718793076e-06 -2.75617449989231e-07 7.15894718586397e-05 4.65676891594954e-05 3.02380642365196e-06 7.64920197824326e-06 1.06034868072568e-04 7.57983864904437e-05 4.51733413352786e-06 -5.94549192725271e-03 1.05701867143003e-05 1.37381337076070e-05 -7.00387534203543e-05 7.78123787913205e-07 -6.57190883906396e-05 6.59981375214175e-07 -3.05529894411839e-05 -3.74757935509563e-07 2.80474858964882e-06 -2.02669069495845e-04 -2.10383712427817e-06 -6.29565960665601e-05 -9.39449552054386e-07 -5.58386264578557e-07 -3.19792449471007e-05 -3.23761298222965e-07 2.13276945144627e-05 2.11075679462276e-07 3.04776398290827e-05 -9.11071722673924e-07 5.23498334948749e-06 -1.25229520943366e-05 8.12983552186100e-05 -4.52079036026424e-05 1.79460671877322e-05 -7.25024418052305e-06 -1.14799998509809e-03 -8.63388547280579e-05 4.71488915431661e-05 3.76500643170529e-03 4.30890422115028e-05 -2.19106591426139e-05 -1.59999532269954e-03 -3.37250905777444e-06 -7.64861783437161e-06 3.45960480373732e-06 -3.58713352356190e-04 6.41910966667176e-06 -9.99971774880043e-06 -1.06236835281944e-05 -1.74261633387145e-05 -3.66175445530975e-04 9.18627042571299e-06 4.44502271827337e-06 -8.52515998920955e-06 5.93308798238959e-06 -9.21410803140892e-05 3.85772970554596e-06 1.58283696496787e-04 -8.61346591967584e-06
 8.24686167331503e-04 4.79526574503879e-05 1.68223073321117e-02 -3.37285640867441e-03 1.64632946507649e-04 1.83018094275787e-05 -1.37009908476713e-06 -6.53323790686254e-04 -7.04343379246639e-05 -9.85585164387111e-05 4.76436520742864e-04 4.18095575795825e-05 1.84156920188548e-05 -7.68963512698201e-07 3.73147546579194e-06 -2.22071730904374e-04 -5.27921235572145e-06 2.05996296444941e-05 -2.34177832498690e-05 1.36330945422849e-05 -3.42824851511864e-04 -1.61817054439985e-05 6.69832894557055e-05 -8.68677464326870e-07 -9.58792398333723e-07 1.62500150841322e-06 3.27961310454867e-07 6.55028770073392e-06 -3.47821628410602e-06 2.42273980383572e-04 2.00575907267643e-04 -3.52690010926675e-05 2.90193832690955e-03 -4.29252910004026e-04 3.62143882259436e-05 4.32233038766449e-06 8.65932026533906e-06 -5.37511368766446e-03 -1.19639679356860e-04 -3.70580312306816e-04 1.20878993293050e-03 -6.36715524351267e-06 -1.50915381643393e-05 7.26855834692257e-07 1.20060923767601e-07 -6.76932386134333e-05 2.14243845066227e-06 1.15095791040947e-04 1.22226496229053e-06 5.95126171023145e-07 -4.33302368956516e-05 3.38580493182420e-06 1.67419195054650e-04 -1.57323132931682e-07 -1.14056185457859e-07 -2.92266319923083e-07 6.44985861961285e-07 2.59786622103667e-05 -3.14317270620128e-06 -4.90140531463594e-05 4.56291539411076e-05 -2.10755636736132e-05 6.50119023129136e-03 -1.35925616313651e-03 -5.41306947970664e-05 2.45949597625580e-04 -3.83893965530293e-06 -6.34604085017353e-04 -4.50642307172563e-03 2.14211362871875e-04 -6.42569601942892e-04 8.62422346363267e-04 1.55411220482000e-05 -9.85456995542496e-05 -7.33714638914231e-07 -7.40880382917366e-05 7.72524470534855e-07 -9.51789882121089e-05 -8.86442875422801e-05 -2.14754661160569e-06 -1.04430525322366e-04 9.59015498112680e-07 -1.53052822491661e-04 2.26482883945734e-05 -1.62980338005232e-06 2.55514153221862e-05 7.91213649672472e-07 -1.22195330789941e-05 -1.18595030988152e-06 -3.61263494194665e-05 2.19597245034009e-05 -2.20563164598133e-05 6.33398888482515e-03 -1.32342873179611e-03 -5.77913394792590e-05 -2.37468171925222e-04 2.55169996617219e-06 -4.65265717992385e-04 4.51975463268334e-03 -1.19457298291758e-04 -6.29876472348500e-04 -8.49702465859800e-04 -3.04601194543657e-06 1.00606672393938e-04 -8.26625840358779e-07 -7.56628625308602e-05 -7.68416369112407e-07 -9.45785068801551e-05 9.70576020681832e-05 -3.77744146880640e-06 -1.05532223702739e-04 -3.72105457407495e-06 -1.54943081727010e-04 -2.19830262882068e-05 -1.81758447147542e-06 -2.52550803259847e-05 9.60686700117256e-07 -1.18494201669748e-05 1.17778054080393e-06 -3.71598133941945e-05 6.85412509799303e-04 1.03429798767253e-05 -1.69037406344519e-03 9.42861199925421e-04 -1.24278336152086e-03 9.49018748840103e-06 3.71749043374416e-05 3.13786760342321e-03 -2.02104901185959e-05 -1.10082716438230e-04 -1.31427590901036e-03 6.41732853388676e-06 4.36822576917765e-05 2.66782592787263e-06 -5.18714674417207e-07 1.36342872921336e-04 9.88005342953078e-06 -2.85127553572993e-04 4.84175760399213e-07 3.20215434289518e-06 1.08570210907641e-04 1.02795990291378e-05 -1.07269409342263e-04 -8.86349988487623e-07 -1.74268486024546e-06 -4.33765433163021e-07 3.96582152669951e-06 -1.10211959530639e-04 -4.20681727782742e-06 1.00653975617746e-04
 1.42705843861318e-03 -1.52674139812129e-03 -2.39979947901873e-03 2.05929136048311e-03 5.41772571272462e-03 -1.63660389131981e-05 1.48230421983852e-05 -1.08749261004935e-02 1.52567155632505e-04 -2.44833399944377e-04 2.36809791087978e-03 -2.97207018292051e-05 2.99758622994986e-05 1.27031160104538e-06 -3.77103382860225e-06 -1.43644411232288e-04 4.05542376871200e-06 1.53862946039102e-04 6.97017709807989e-06 -1.58559676852341e-05 -6.47728616682870e-04 1.76122018215722e-05 1.60733850004794e-03 -4.43185013247069e-06 1.03139293150004e-06 -1.51820074139048e-06 3.19677385810047e-07 -3.56151284698938e-04 8.94438763075004e-06 2.00575907267643e-04 1.98723002252656e+00 9.33626577252048e-03 -3.44979011173948e-02 6.58113332563824e-03 8.20619522023316e-03 1.58371122914990e-05 -1.06947781981049e-05 -4.09444433910700e-03 1.99897991039581e-04 3.99780534406889e-05 3.40414450826763e-03 1.24151124014836e-06 2.71764153423149e-05 -7.71223840478027e-06 -1.40483726166095e-05 -1.28066286566462e-03 -2.02553552598282e-05 7.34087166173442e-04 -1.37129640148267e-06 8.69052437666174e-06 1.98290154316463e-03 2.73851835974541e-05 -2.72964894253155e-03 1.86510464199825e-05 -1.10908708487336e-06 1.31284985064866e-05 -6.79273128077630e-05 -3.17653446041915e-04 -5.74127600641203e-05 5.71566754058082e-04 5.16473436748492e-04 -2.00434118455635e-04 2.05940239499638e-03 -8.72179319884176e-04 7.26246828657742e-05 -3.25825285819144e-04 8.74561744992235e-06 1.03436616864645e-03 -9.40144613459781e-04 -3.00519180996221e-04 5.53384202976323e-04 5.18639236240597e-04 -3.83444740089262e-06 2.04529898160952e-05 3.77683395882198e-06 -4.36568793793109e-05 -1.36368625544793e-06 -5.09145146663760e-05 -2.02396106169992e-04 7.91061385634331e-06 3.29500582360661e-05 -4.94810158961511e-06 -1.23980835154763e-04 9.83178254124193e-05 1.13795188547171e-06 1.53610355970855e-06 1.07763589101555e-06 4.14287330482934e-05 2.17789700494846e-06 -8.68802157234544e-05 5.20063995739008e-04 -1.99081437288081e-04 2.11783154153131e-03 -8.31021362515107e-04 8.31345938815089e-05 3.29677364522377e-04 1.07597610432092e-07 8.70177562407164e-04 8.53916950043947e-04 -2.23274901740504e-05 5.61165758560234e-04 -5.06989032961102e-04 9.94461079857652e-06 -2.28709636279096e-05 -1.21564126608394e-06 -4.26576398786220e-05 -3.86977513673545e-08 -4.93917155442640e-05 1.95826128318251e-04 -4.65460636705228e-06 3.83080425170747e-05 -4.05505222212386e-06 -1.24197416680960e-04 -9.61681678451739e-05 1.12226081223931e-08 5.90925930543501e-07 6.47349225902450e-07 4.11107250871930e-05 6.53237696535611e-07 -8.66044593018224e-05 6.77675044222317e-03 1.26075077815237e-03 -5.09488740307907e-03 2.61658115337224e-03 3.60395122839439e-04 -2.17142684532994e-05 4.33566128191730e-07 2.01642470010298e-03 6.06398631520570e-05 1.24783403981413e-05 -1.01267033585930e-03 -2.37905406788190e-05 -7.07351618959716e-06 -6.26124424295431e-06 9.54172496265311e-07 -1.05431890291434e-04 5.02845183577351e-06 6.37842111880689e-05 -5.44360140083821e-06 -3.93067528188562e-06 4.36054462821641e-04 -2.14757284988136e-06 -7.43620279185613e-04 3.28501868344073e-06 3.35536487712749e-06 -2.22484789022814e-06 4.39584637348454e-06 2.64875427818485e-05 -3.70666301752786e-06 7.75072786482326e-05
 1.29499458390434e-04 -3.88944917949984e-05 -4.88779172507884e-03 8.19006769939256e-04 1.04943320085742e-05 -2.58070956861621e-06 -1.00265100738620e-06 -2.64609481215172e-03 -2.93175419107661e-05 8.33913984655622e-05 -2.64483083872198e-06 -2.78783035618960e-06 -3.59106162859101e-06 -3.87758963086540e-06 2.75003877796686e-06 3.89828638490539e-05 -4.21676468535330e-06 8.92464711636421e-05 -5.50739528971469e-06 5.93049077768581e-06 3.33361006835845e-05 -1.34201016187811e-05 1.18499043720317e-04 1.19881697102919e-06 -5.79963791151846e-07 1.28652047311429e-08 -2.47585117193985e-08 2.36115572872183e-05 -2.42100803736851e-06 -3.52690010926675e-05 9.33626577252048e-03 8.80566001958324e-05 1.42848315988041e-04 9.97745394336889e-04 -2.49910633032309e-05 -5.16625267995770e-07 6.51837448263116e-06 1.94006546694467e-03 -8.53582487988536e-05 -2.25917029473832e-04 -8.60684464621634e-04 4.58341948167811e-06 -1.72798772963324e-05 7.39033961095249e-07 -4.20186149433329e-08 3.09556437773144e-05 8.98850883999453e-07 -5.67806691137035e-05 1.07986738623682e-06 8.00625211522717e-07 3.63823685622434e-05 -5.14708133350154e-07 -3.39571282005828e-05 -6.48708847482486e-07 -2.93701451845765e-07 1.05447221492058e-06 2.50288631894262e-07 -1.64940415188065e-05 -1.39284623678113e-06 1.73552161353414e-05 -1.55189152543841e-04 1.54739700611793e-05 5.07959715573111e-04 1.20917303868919e-04 8.01481707474539e-05 -4.44629569341614e-06 -2.96337028965129e-06 -3.88299464279143e-03 -3.31584595410686e-04 2.10708314439384e-04 1.27240650750429e-05 -7.32680032778019e-05 5.09716625716163e-06 4.68523518974428e-05 -1.69701695407893e-06 1.38739031316149e-05 1.09477149037774e-06 -1.60059584976643e-05 1.42736815917900e-04 -5.85823669916021e-06 3.38188200793983e-05 2.75575953721035e-06 -6.19272045133518e-05 3.55891341297562e-05 -1.16550562206769e-06 -3.40928035792748e-06 -4.82360517812904e-07 9.31422328961888e-06 -3.12942099185346e-07 2.06608319652745e-05 -1.53982181768376e-04 1.41600484868862e-05 4.05077235325003e-04 9.37074890356520e-05 7.51456876673540e-05 1.23181176109745e-06 -3.86529677103268e-09 -3.73495467347753e-03 2.88072218285956e-04 1.91586734663518e-05 1.40247025073268e-05 6.45203866325050e-05 -6.51440789905623e-06 -4.58485715891326e-05 8.13117899683006e-07 1.34663915421947e-05 4.36697382894310e-07 -1.54252011071602e-05 -1.40627855591474e-04 1.01103899264089e-06 3.37167352037390e-05 -7.48752436785136e-07 -5.77509668319810e-05 -3.46423106896145e-05 3.61628838453743e-07 3.43269857817871e-06 -9.82833285307197e-08 8.74330915810976e-06 -4.05633960656169e-07 2.04789802060198e-05 -4.74222658114693e-03 3.06017704345349e-04 -2.46640503035912e-05 -9.56741480506273e-06 7.66787666173075e-04 1.48744113120713e-05 2.11374352208217e-05 -1.47231894987780e-03 -3.08325026203367e-05 -6.87857245737254e-05 4.69071616752446e-04 1.01068033259127e-05 2.88073589914402e-05 5.16696090551930e-06 -5.64502138017408e-07 -6.34333292367058e-05 5.58067120761522e-06 1.27851230656715e-04 1.15084032837067e-06 1.98727510309732e-06 -3.12983362349081e-05 6.13494630809357e-06 8.15362964117780e-05 -2.85221825078339e-06 -6.73483158365684e-07 7.96120224434922e-07 9.57998274256279e-07 3.49563967539202e-05 -1.07869992463236e-06 -5.47426198361912e-05
 -1.22038640734944e-02 -4.96934564302729e-03 -1.46875784073409e-02 -9.74683976486800e-02 -3.59733675554572e-02 4.21770440272060e-04 5.93797553007009e-05 1.66892001952262e-01 4.50436856322200e-04 -1.16182177846477e-03 -1.29407829628775e-01 2.37558084922653e-04 -4.62535055621459e-04 7.20333971983431e-05 -1.05417642506066e-05 -4.99154077791333e-03 -2.72683078577241e-05 1.47813658015544e-02 -6.30730460484115e-04 9.12410747250158e-06 -9.26009995853432e-03 -2.42615681063894e-04 3.07390461519889e-02 -3.04869517149391e-05 3.67092930433046e-05 -5.96880863747464e-05 3.54832089323655e-05 -7.24233450233857e-04 -8.88418839975350e-05 2.90193832690955e-03 -3.44979011173948e-02 1.42848315988041e-04 1.67888693248001e+00 3.73146062679470e-02 -1.64404532151710e-02 3.38981004929756e-04 -4.18393747444406e-04 2.26430938397069e-01 7.88154667440137e-04 -1.80741566469855e-04 -5.83947023192821e-02 1.16617806164399e-04 6.10535454990006e-04 -1.02121263296068e-04 -1.63692226414623e-05 -3.75131866181052e-04 3.61529815130403e-05 1.68160953641366e-03 -1.15251694726251e-04 -6.46312907652844e-05 -9.81331803074289e-03 -1.58691568840979e-04 2.55016205387224e-02 1.93000826505946e-04 -4.22830136740923e-05 9.61065871432042e-05 -1.94528978259849e-04 5.54376018945237e-04 -1.07390942331072e-04 -8.74077137587073e-04 2.72915851729942e-03 3.28919506164335e-04 -1.98135049647109e-02 -2.29546705525337e-03 6.07642024358977e-03 2.35182486153516e-03 -4.62371604811594e-05 -1.67042595115259e-01 1.59788280593678e-03 -5.24954362394331e-04 2.67612974715984e-03 -9.87581920598105e-04 1.48660308803304e-04 2.14273706989667e-03 1.72863422227195e-05 2.72031878697913e-04 -5.49879110902616e-06 3.60666745351915e-04 5.62619922397524e-03 2.99770598846802e-05 4.63593367803592e-03 -1.55141856892818e-05 2.71986879789692e-03 2.58488701363070e-04 1.84922708905528e-05 -9.67694219563765e-04 9.67756219441673e-06 3.10390710577198e-04 2.12475285024454e-06 2.01811878475075e-03 2.93467325845237e-03 2.00967706330579e-04 -1.89952910688172e-02 -1.43104276524075e-03 6.17881663122697e-03 -1.75021710584689e-03 -5.48266360730822e-06 -1.67757573635960e-01 -1.86038856895595e-03 4.39485910593118e-04 2.87450855497443e-03 1.48179244342861e-03 1.87452048428847e-04 -2.14448586504520e-03 -9.44473664880418e-06 2.73841408944621e-04 -8.05711206819533e-06 3.54303131284370e-04 -5.56772828136858e-03 -8.52863386791459e-06 4.55391938655479e-03 3.83019096501821e-05 2.49739342107495e-03 -2.97774291251025e-04 -1.30192391421829e-05 9.50935381563247e-04 1.84547649036071e-05 3.23206600312640e-04 -6.10528412122932e-08 1.97779536037409e-03 -1.24576926889885e-02 -6.40147374299087e-02 3.71474094854635e-01 -2.17355141535606e-01 2.57420505656306e-01 7.99551078389553e-04 -4.48671536795148e-04 -5.58347721968163e-01 -1.24732550148260e-03 6.86633281761689e-04 2.17131606449816e-01 3.77793896818005e-04 -3.16374552554885e-04 1.96288559754738e-04 -1.24276852575441e-04 -2.59430604626898e-02 -9.27826159229372e-05 5.20356127588653e-02 -7.05597831800958e-05 1.31848531458171e-04 -8.13495515886194e-03 8.01047264221214e-05 1.46853168954372e-02 -1.07617955507489e-04 -2.06175287820980e-05 1.11855680949503e-04 -1.79352374534534e-04 1.46410427073708e-02 1.51126694424386e-04 -2.10276277036470e-02
 -1.71495387460808e-04 -9.88878010689888e-04 -9.51193426653219e-02 1.95262322532863e-02 -2.14788267409656e-03 3.81826307252827e-05 -3.46561286637749e-05 -3.09268153286589e-02 -1.13211645005731e-03 3.13217415872746e-03 -7.85401159847671e-03 1.06831970116330e-04 -2.85444564761434e-04 2.35342208297504e-05 3.06191923874122e-05 5.92598151873042e-04 -9.70700063041504e-06 3.55977831169870e-03 1.18284019744531e-04 4.78063991368151e-05 -2.65250249651205e-04 -4.39097439778744e-05 5.05914163246192e-03 -2.02207857754376e-05 2.22520273234257e-06 1.31441322995791e-05 -2.91812424434131e-05 4.64911859739735e-04 -1.94809180464329e-05 -4.29252910004026e-04 6.58113332563824e-03 9.97745394336889e-04 3.73146062679470e-02 2.35848329811110e-02 -1.71359446195698e-03 -7.38585189570856e-06 4.19152190579459e-05 1.13069438381103e-02 -1.92772456782368e-03 9.25900434850866e-04 -1.45923086993275e-02 1.12052818401824e-05 -1.86763409010236e-04 1.09050105188824e-05 7.60967185521846e-08 5.75550099567037e-04 -1.12083410718052e-05 -8.53903541636406e-04 -5.35338834460348e-07 1.04321987394427e-05 2.57613316716201e-04 -7.96155596485208e-05 6.32553547437974e-04 -9.30255913498093e-06 -5.98948386066373e-06 2.39231547022470e-05 -1.29889566180564e-05 -1.12466386617126e-04 1.91152918207742e-06 -1.03648092954087e-04 -8.86919819565226e-04 5.04452087372315e-04 1.75031683632967e-02 2.63161769159739e-03 2.54290419492679e-03 2.57684269242019e-04 -1.55174696229238e-05 -1.10832154808523e-01 -3.73226178233953e-03 2.57723878326182e-03 -1.79876427370979e-03 -1.97125470339107e-03 -7.94979414097763e-05 1.21850224592480e-03 -2.99453843823101e-05 3.80599384135319e-04 2.24122869335734e-05 -3.02474246871323e-04 3.77871702771707e-03 -1.02736106780119e-04 1.01890823770842e-03 6.29816515757178e-05 -1.17248295619390e-03 7.93102768218167e-04 -2.30969502570823e-05 -1.72665788205857e-04 -1.17267282646961e-05 2.17515411406565e-04 -5.56696280618462e-06 6.68917357801369e-04 -9.59341780543832e-04 4.86479301598339e-04 1.95882664531909e-02 2.01117330164934e-03 2.57713917473613e-03 -3.83943795102258e-04 1.27953161096521e-05 -1.13579147589562e-01 6.67570015723610e-03 5.42030319358500e-04 -2.14237970338856e-03 1.82644482697097e-03 -2.14521011172911e-04 -1.20237656578703e-03 2.51275575716890e-05 3.59223151314372e-04 1.55730735894572e-05 -3.44030429263454e-04 -3.77673308054225e-03 3.56555772925748e-05 1.01205543775618e-03 1.83429558839606e-05 -1.21974451961287e-03 -8.20618744611349e-04 9.93166051723530e-06 1.62515958159015e-04 -4.11411961249941e-06 2.02042429502681e-04 -9.26132939016708e-06 6.45713002847117e-04 -9.78842135687707e-02 7.17696932429553e-03 -1.20158878509778e-02 7.06526887123144e-03 8.65051477457389e-03 5.14064188459505e-04 -5.66025385538565e-05 -1.30960661154829e-02 -9.58417101846239e-04 1.24768638856884e-04 1.36196250571717e-03 4.01990762131053e-04 -2.81675289420581e-05 1.45265735120398e-04 -1.45906549104481e-05 -4.60800905069019e-04 -3.85501670479213e-05 1.04102928652461e-03 -9.29937701448823e-05 2.02017023784800e-05 -6.15551765952368e-04 -3.66293088505657e-05 2.04933187057909e-03 -1.98939737642198e-05 -6.40559765015205e-06 1.82732240937606e-06 -1.08611034182080e-05 3.48430104051900e-04 6.23829506983443e-05 -8.70533238462610e-04
 1.87466115799443e-04 1.37723656203962e-04 1.04792887430874e-02 -1.54927473969880e-03 2.81832634718069e-04 -1.41387870580491e-05 -6.93667238559483e-06 4.01634280415660e-03 7.20134405212918e-05 -3.96328976082631e-05 7.24029335664452e-04 -2.49954370462580e-05 1.87530785889560e-05 -1.23641644670924e-05 8.96041337410807e-06 -3.80689056087173e-05 -1.42280971397837e-05 -2.89024660609154e-04 -3.54891727252384e-05 2.78379292317413e-05 1.16192775103890e-04 -3.82508327749701e-05 -4.74841386744477e-04 -1.59205386574525e-07 -4.59928744509621e-06 3.42035807318873e-07 1.67062905274128e-06 -4.97133708204003e-05 -6.35640858368165e-06 3.62143882259436e-05 8.20619522023316e-03 -2.49910633032309e-05 -1.64404532151710e-02 -1.71359446195698e-03 3.49263846540797e-04 3.62865154697499e-06 2.00651122232317e-05 -6.55113660735333e-03 -3.06846912043762e-04 -8.99330087220753e-04 1.74442384384727e-03 -9.53102906444151e-06 -3.64970677097950e-05 2.46045337367385e-06 3.13442480501537e-07 -7.81322060221402e-05 3.84583917961853e-06 1.16841581625024e-04 4.45312051314909e-06 1.57960459795585e-06 2.19685588299024e-05 7.92701896015497e-06 -1.72653730986951e-04 -3.56155514104253e-06 4.92953742971523e-07 -2.30528313528427e-06 4.55019722486796e-06 2.56715163731341e-05 -4.02475314542260e-06 -2.47176819101573e-05 -3.37149536515883e-04 -5.40774272194683e-05 -1.98356418512123e-03 -2.46011885320693e-04 -2.07096777882016e-04 -1.78367343123776e-05 -1.29559378167002e-05 9.10331831280388e-03 5.06841842874781e-06 5.56171692289056e-04 2.80408883930411e-05 1.36906396195251e-04 3.46294238428433e-05 -1.13242328702490e-04 -4.09586411678032e-06 -3.30412405924453e-05 1.40669976096401e-06 2.24013734963751e-05 -3.63797970338843e-04 -1.08614083692896e-05 -1.17052652716327e-04 3.12187354141403e-06 8.30858243022695e-05 -6.99000338626257e-05 -1.76111590455401e-06 1.76628343350427e-05 -8.47345430377330e-07 -2.13427960285832e-05 -2.67104353599544e-06 -6.32499005035887e-05 -3.21538251570226e-04 -5.30946320428571e-05 -2.52254390717978e-03 -2.38211490722028e-04 -2.20524465824419e-04 2.20235791541150e-05 -4.47404499178291e-07 9.51708942000962e-03 -3.68276320774578e-04 -8.91540302570991e-05 5.12242868222532e-05 -1.32921524140496e-04 3.60408772286368e-07 1.12450919973108e-04 -9.59590549208782e-07 -3.14111473948774e-05 -1.05412103032047e-06 2.86262117148319e-05 3.62628893359378e-04 4.89914719665181e-07 -1.14046852178544e-04 -4.28724522107810e-06 9.58835247750794e-05 7.41789245125290e-05 -8.09893344023102e-07 -1.56869339606858e-05 -3.06552044339784e-07 -1.97486029779892e-05 -2.31869609341741e-07 -5.86268746669900e-05 -3.51551596766049e-03 6.40651421083582e-04 -4.33192814809110e-03 2.47998975518510e-03 -3.11188406487713e-03 4.12486040402596e-07 9.09444503914012e-05 6.92370147854883e-03 -4.67718660471503e-05 -2.80088173137464e-04 -2.51111936022962e-03 1.39904011758468e-05 1.15734531557904e-04 2.97641224683926e-06 1.02113631785870e-06 2.91731074387930e-04 2.79277541682987e-05 -6.39085506025030e-04 1.99368525836998e-05 4.99371912821212e-06 2.15982323566481e-04 2.77929583258833e-05 -3.88243909491125e-04 -6.12870844504482e-06 -3.27427329299204e-06 9.15209479873266e-07 9.13994771991015e-06 -2.40268378196746e-04 -1.61134704124359e-05 3.37460979079744e-04
 -7.26741279548996e-06 -4.10579161751036e-06 2.40751505384453e-04 -5.20993809571916e-05 -1.03382485518620e-05 -6.08699674456729e-04 6.64467684956110e-06 7.81969715176413e-05 3.83921112349246e-03 -2.62697398420077e-04 -3.59419858243340e-05 -1.80647390765467e-03 2.74257231177177e-05 -3.50948640814318e-04 -1.28219191505514e-05 -4.60528004745187e-06 8.27611219486212e-07 -2.75110129885137e-06 -9.67976904842215e-04 -3.27448297926928e-05 -7.99447878759328e-06 1.17003849761952e-06 -3.47401682608117e-06 -2.31270644941157e-04 4.04818877290937e-06 -1.36501236097867e-05 1.70473025415690e-06 -9.25860129756226e-08 -1.72613934996378e-06 4.32233038766449e-06 1.58371122914990e-05 -5.16625267995770e-07 3.38981004929756e-04 -7.38585189570856e-06 3.62865154697499e-06 3.44363619955999e-04 1.59324201814596e-06 -4.60501849764864e-06 -2.30032381532667e-02 -1.09653436499829e-04 2.06519972623239e-06 -8.01152709912415e-04 7.03824912253520e-06 1.01916675919511e-04 -2.47944524622948e-06 -1.85838295649834e-06 1.70332200768734e-06 1.59067779078669e-06 8.65993814177957e-06 -3.61514063212566e-06 -3.79681333152226e-06 5.83678217026085e-06 7.90450907176137e-06 -1.42201813398326e-04 -5.87392269202171e-07 1.01268495148771e-05 1.02360699281225e-06 6.26549367409102e-07 1.70140472316219e-07 1.00282832600748e-06 -1.54763135963437e-04 7.69395105981437e-06 4.77236702838379e-03 1.44897178798330e-04 -8.42643913056506e-05 4.66989323952135e-05 9.86263052463384e-06 5.63409940548041e-03 -1.15965961543823e-03 -5.72219513793911e-04 3.93533797197840e-04 3.02012643900042e-04 -1.79644684676041e-05 -7.02526301284391e-05 5.10661547786494e-06 -2.92327992398960e-05 -2.47525695044589e-06 -3.53476777534084e-05 -1.90119176426435e-04 1.62266636957698e-05 -8.02591743964354e-05 -1.16162053267588e-05 -3.03816675870139e-05 -1.89216827023255e-05 3.21360138531262e-06 3.30272917086562e-05 2.52998349108717e-06 -9.57432685037436e-06 2.19453031751849e-06 -7.87480177410833e-05 1.64820660759577e-04 -7.62861825135699e-06 -4.71668545883398e-03 -2.14836317767592e-04 7.09691728761292e-05 3.56425728837662e-05 -8.54504474961449e-06 -5.38426989556260e-03 -1.12080678851649e-03 3.38419577779426e-04 -3.91621243847147e-04 2.65268364889908e-04 3.72543226718252e-05 -6.64242855335635e-05 2.22181690216210e-07 2.74395451181653e-05 1.90866219567601e-07 3.47576199680328e-05 -1.83401862216439e-04 3.17539415266031e-06 8.14068452816276e-05 4.81850757917365e-06 3.89017526672061e-05 -1.59154484656463e-05 3.71341363291405e-07 3.31046067734150e-05 2.47127547085436e-07 1.05000812439213e-05 1.99747576266253e-09 7.75952644651504e-05 1.38314962920214e-04 -1.63071902477469e-05 1.04840859787067e-04 -3.98584661172765e-05 2.60588169154225e-05 2.80601719315715e-03 -1.62675410336936e-05 -6.58822031644081e-05 -7.85297290104556e-03 3.46496281088333e-06 2.41063264274840e-05 3.08271859372817e-03 1.23077741855622e-06 8.73129802179978e-04 -7.01230030902876e-06 4.57488911370060e-06 -6.73841178553538e-06 1.38896845857117e-06 5.02636998127894e-04 -1.94530605402264e-05 -5.68985407172854e-06 1.40282562775327e-05 -2.38216057972604e-05 -3.34818456897118e-04 1.62229109355561e-05 4.82461322936158e-05 -2.76935350395722e-06 1.67111266155040e-05 -2.68671218934779e-06 -5.25567686505649e-07
 6.68726234283445e-06 -7.25649757971352e-06 8.74123217589476e-05 3.07664511358286e-04 -1.43167715752831e-05 1.52086157305151e-05 -9.84276840638843e-05 1.58462541525057e-04 -1.37203029974211e-04 -1.10394786752743e-03 -5.17592547459300e-05 7.13976634609411e-06 6.04224341307846e-04 -9.09603020760473e-07 -1.03579487352151e-05 3.40701710246921e-06 -5.04394351275356e-04 2.44819014287252e-05 -1.00201923931100e-05 -2.15026149130333e-05 -3.09758630399674e-05 -1.50631777756274e-03 3.94796989499477e-05 -1.97507803949640e-06 4.33730565465772e-06 -9.74460987165978e-07 8.33820841235231e-05 3.67619821158178e-07 -2.60393903310073e-04 8.65932026533906e-06 -1.06947781981049e-05 6.51837448263116e-06 -4.18393747444406e-04 4.19152190579459e-05 2.00651122232317e-05 1.59324201814596e-06 6.72371986190367e-04 -5.55850479973845e-04 -7.57169608726167e-05 -3.19938359236245e-02 9.60683462945413e-05 1.49102756506981e-05 -1.42519778984893e-03 1.71273387358357e-06 -1.48284779112138e-06 4.82438798303988e-07 1.61891583672944e-04 6.80624521488782e-06 -2.21319275964364e-07 2.56293721497981e-06 3.80350845721881e-06 2.07368847609569e-04 -2.96375969052547e-06 6.07863670396881e-07 -1.97169959262323e-07 -1.29524021621035e-07 9.60184191759792e-05 3.59391504458663e-06 -1.81301550138193e-04 -6.17616593069797e-06 -2.05236979484995e-07 2.56266305914637e-06 -1.82823808618659e-04 -7.01522527167994e-05 4.31082213813474e-06 2.30394848688911e-05 -1.84382318339974e-04 -6.63823553083130e-04 -1.38891392038218e-04 8.32465593085023e-03 -3.53944240764498e-05 1.93107036378934e-05 4.70438346471725e-04 5.49183871688314e-06 -5.54525153445702e-05 2.28088091204238e-06 2.12996098318800e-05 -1.57459326745178e-06 2.10975987354923e-05 -1.76314756495189e-04 8.80422162520820e-06 -2.92833541498832e-05 -3.24229892364685e-06 3.61094591384956e-06 -2.18819255391357e-05 -2.32998824970844e-06 -7.68032870725849e-06 2.00887801920788e-06 -3.40408991007716e-05 4.82134022546929e-06 -1.39184226770280e-06 2.19217513317458e-07 -1.39158515920414e-04 -1.32987554323036e-04 -5.44069903340673e-07 -2.34795482445421e-05 -1.97332321604488e-04 -4.10214922307069e-04 1.40195198419364e-04 9.03528657686578e-03 -4.69719701744021e-05 -3.86632532263597e-05 5.18060346558309e-04 -2.04559051460110e-06 5.87565474166980e-05 -1.01611462339393e-06 2.35124467417848e-05 -1.70163007879354e-06 -1.08288697713830e-05 1.92818152095013e-04 4.43784355174973e-06 -1.94584350747107e-05 -5.00659732832574e-06 -5.93637851948076e-07 2.57624204877395e-05 1.44620103642232e-06 -7.78823245907746e-06 -1.23720434839929e-08 -3.56099869319007e-05 2.03702319248324e-06 -2.39287759993116e-05 6.01195101233178e-05 -4.51504943722695e-04 2.58029724327764e-04 -2.19406139722024e-04 -2.73875350659754e-05 3.02383739378621e-03 6.06774134725206e-04 7.10867950355664e-06 -9.47246850666127e-03 -2.68376967575827e-04 5.52289708724164e-06 3.87303959534106e-03 -6.68097257674079e-06 1.93300035931450e-05 7.21818619989564e-06 8.85677767083251e-04 -5.04317801147624e-05 1.78423996472665e-05 1.96743861289994e-05 5.14068709742442e-05 9.27389990315967e-04 -2.47522063431370e-05 -5.60435170259774e-06 2.68891692422008e-05 -1.64845099465430e-05 2.23617641659671e-04 -2.01459529408467e-05 -4.05010543655367e-04 2.95394051004799e-05
 -4.32597605609987e-03 -1.93830814166655e-04 -4.52591078013175e-01 -4.96425103340639e-02 3.04578470094674e-02 3.82329534906279e-04 2.14279028790716e-04 -7.63805838528383e-01 1.59631353618234e-05 -5.37256928388997e-04 1.34755036720242e-01 9.78492620173774e-04 -7.56340348844595e-04 -6.00187497216381e-05 -3.23501909770729e-05 3.18490547060808e-03 -7.57723292012279e-06 -2.60694637273895e-02 -3.19616293489944e-05 -1.30345571434791e-04 1.14032291393937e-02 -2.27783288274266e-04 -4.31845090529916e-02 4.24649188013460e-05 -2.49367220405217e-05 -2.08710761943839e-04 1.08711222704803e-04 4.15906206234673e-03 1.13124406473015e-04 -5.37511368766446e-03 -4.09444433910700e-03 1.94006546694467e-03 2.26430938397069e-01 1.13069438381103e-02 -6.55113660735333e-03 -4.60501849764864e-06 -5.55850479973845e-04 9.80883409494066e-01 6.94729730878505e-04 3.20767353368445e-04 -1.72558389511705e-01 2.47555849320269e-06 9.71757110023654e-04 -2.39803453286478e-05 -7.72088305275167e-06 7.31935664692426e-03 2.46629068761937e-05 -1.37604194732288e-02 -4.26222204654408e-05 -2.68905917545505e-05 5.46437263289243e-03 -3.67140364860860e-05 -1.37425091623780e-02 -5.75572643489490e-05 -1.80934938821966e-05 2.91323225984261e-05 1.11403898861854e-05 -5.89202439088367e-03 1.46755305838521e-04 1.06372678786029e-02 2.73164102230328e-03 -9.11190933505688e-04 7.66408745097222e-02 -6.41939549909673e-03 -1.27971165182348e-02 -4.32075197642655e-03 2.34680523707584e-05 2.94632157691203e-01 -7.80531582640106e-02 4.44418778436165e-05 4.17152851909135e-02 1.85582150622050e-02 2.79987428417144e-04 -1.52793665107214e-03 2.50665701497620e-05 -1.40620066985249e-03 -1.89415378050030e-05 -2.55201685987407e-03 -1.13009801966826e-03 -4.93306575591197e-05 -2.38273580597325e-03 8.81810871769036e-05 -6.74618752672325e-03 1.95986270342964e-03 9.12109359550893e-06 1.76031285052847e-03 2.19840826567013e-05 3.45262314462130e-04 1.03540198259098e-04 -2.48589514413236e-03 2.75466722182226e-03 -1.04905133165754e-03 7.68815193332118e-02 -4.78832252270603e-03 -1.21783462704255e-02 4.80064258858274e-03 -3.27144717099544e-05 2.94665288139229e-01 7.80171196550460e-02 6.35831663704303e-05 4.18487004542577e-02 -1.79728812710115e-02 2.10702075596336e-04 1.52727551747288e-03 8.93791480645518e-06 -1.39391864891606e-03 -3.40073856979048e-06 -2.56269783752826e-03 1.43973162563584e-03 3.15569580164612e-05 -2.70491796690900e-03 -1.60992906961130e-05 -6.82570560052915e-03 -1.91541876390938e-03 5.75860401262744e-05 -1.78396476396482e-03 -1.96961815312547e-05 2.37348274978761e-04 3.02117541498777e-05 -2.58524756023641e-03 1.16594864271695e-03 -5.11807778886178e-02 4.97918765148453e-01 -2.98750827282827e-01 3.40659984549450e-01 -5.25648249060707e-05 -8.45765716915248e-04 -7.87435139399017e-01 -1.15498591051807e-03 1.38110116264624e-03 3.31702255840924e-01 4.83444887524124e-04 -4.81356245065973e-04 -1.58855915079627e-05 -2.10955179600907e-05 -3.57649499228548e-02 1.44880928741199e-05 7.19165993852931e-02 4.49430187941639e-04 6.40093634426336e-05 -1.29472221479510e-02 1.26534688395749e-04 1.36555579229399e-02 -1.37266891588964e-04 -1.09549137363412e-05 9.05460345650195e-05 -2.97686399079820e-04 2.12885526114379e-02 -1.21909365452805e-04 -2.40785041210748e-02
 7.33879011681867e-06 1.63675115288399e-04 3.63841473122600e-04 -9.91929064997162e-04 5.12940483402114e-04 1.65351146533598e-02 -1.64741035876143e-05 1.47246537779298e-04 5.21755571734610e-02 2.20090713310464e-04 1.17696846267408e-03 4.10671509686498e-02 1.49020141400861e-04 2.09916838599959e-02 -1.72149360473612e-05 1.50716980019667e-05 3.10680006854994e-06 3.62285259828166e-05 6.72264054483324e-02 2.32230342513186e-05 2.80072147987156e-04 1.03788203786349e-04 1.66712264778499e-04 1.41049868280951e-02 1.07773739692047e-05 -1.38859693742117e-03 7.43224163221417e-05 -6.56078407748656e-05 1.69248639263715e-04 -1.19639679356860e-04 1.99897991039581e-04 -8.53582487988536e-05 7.88154667440137e-04 -1.92772456782368e-03 -3.06846912043762e-04 -2.30032381532667e-02 -7.57169608726167e-05 6.94729730878505e-04 1.69293820019455e+00 -5.53521989100775e-05 1.10207745105814e-03 5.11809699563962e-02 -3.13591228770962e-04 -8.53133320351906e-03 1.98832916331181e-04 4.27392190199773e-05 -3.02038310332956e-05 6.68412768058051e-05 -6.38659442039721e-03 2.27573564875926e-05 5.03907684175196e-05 9.66676181781860e-05 -2.32245469861039e-04 1.15254738184727e-02 8.25833503459689e-05 -1.17393618195957e-03 1.21435494884038e-05 3.71836538737416e-06 -8.60194631787511e-05 -6.61855163888433e-05 -3.03295648361358e-04 -1.59030850327822e-03 -1.01892204855589e-01 -4.01189932756960e-02 2.24704345730302e-03 -1.58117028598250e-03 -4.75956562388330e-06 -1.99845758525707e-01 3.87706239916876e-02 -1.91666897643335e-04 -3.56920791687600e-02 3.21817964100243e-03 -1.39530213611665e-05 6.68240236841118e-04 3.76315198548930e-06 -1.70540804625394e-04 -1.66708712008046e-05 1.40968308021488e-03 5.55329057621011e-03 -3.23695645369236e-05 1.41305714869953e-03 7.31015303382978e-05 3.50793466150895e-03 1.78231079831818e-04 -9.42394108891471e-06 -1.09119605917775e-03 -3.65571724600323e-05 -2.17867573456045e-04 -4.29678401739045e-05 3.01949889765239e-03 3.32946823094245e-04 1.44558904084810e-03 1.02116780134258e-01 4.23182801595176e-02 -1.69187810016973e-03 -1.02426354701298e-03 1.18963451006113e-04 2.00364162185591e-01 3.79354695280307e-02 -1.35585908792455e-04 3.54049689316969e-02 4.17470978860889e-03 -1.71184618183471e-04 6.73231414630271e-04 7.34532076063343e-06 1.67206211363040e-04 1.91322572529697e-05 -1.37794812718001e-03 5.68833508699340e-03 4.66120369683770e-05 -1.64039783976828e-03 -1.34342910669613e-04 -3.81274822600626e-03 1.20862196881311e-04 3.69240491941063e-05 -1.10923063998350e-03 -7.27158181404276e-09 8.53201860784907e-05 -3.95146870537193e-05 -3.02155896190981e-03 1.36582495277092e-04 -8.85057602162421e-04 -1.83470264897134e-04 -1.42656947545341e-03 1.06389844817201e-03 -1.99667929738614e-01 1.78423236373410e-03 -2.07561104289252e-03 5.58826403610691e-01 -1.39581575803185e-03 1.23629090744771e-03 -2.16302115705532e-01 1.41000516900623e-04 -6.29504456134777e-02 6.31801302208941e-04 -6.76839871711744e-04 5.88436541384987e-04 5.40940736243756e-04 -3.81035571252687e-02 8.22352652517535e-04 4.02985256532606e-04 -9.13467142624749e-04 1.77766690769090e-03 2.50956227683725e-02 -8.48395667075183e-04 -3.92235460566971e-03 2.11587990001366e-04 -1.02900237872425e-03 1.30180275437011e-04 -2.73407248832173e-04
 -1.96836904293391e-04 5.55233896756058e-04 -4.94426386717060e-04 -9.83676650379985e-03 3.11253667026563e-04 -3.20990849539822e-04 -1.11081247665920e-05 -1.05079913783626e-04 1.48412524088470e-04 2.43800612115920e-01 1.59204145839260e-03 1.27716225746993e-03 -5.08563680276390e-02 -4.56465349538701e-06 1.13778001487295e-05 -5.87184793047941e-05 2.27978126106379e-02 1.32879956819196e-05 3.26655635665018e-04 -2.91218572767289e-04 1.36064653428703e-03 6.85666469854796e-02 2.24985899550792e-04 1.44805507442857e-04 -8.22167320576975e-06 1.00330521580774e-04 -5.75398738630332e-03 -8.57018779283420e-05 1.15303504711760e-02 -3.70580312306816e-04 3.99780534406889e-05 -2.25917029473832e-04 -1.80741566469855e-04 9.25900434850866e-04 -8.99330087220753e-04 -1.09653436499829e-04 -3.19938359236245e-02 3.20767353368445e-04 -5.53521989100775e-05 1.55855233721149e+00 -9.39719109779504e-04 -6.21318823016764e-04 6.44571629391255e-02 -4.24108274461228e-05 7.34954272039415e-05 -1.48705157844408e-04 -8.47997050233565e-03 -1.44866305577981e-04 2.03947009214465e-04 -2.57379042145525e-04 -5.88735936010790e-05 -1.44939180146844e-02 4.03018346394030e-04 -7.34101140145881e-05 4.33038979578892e-05 4.26581717919128e-05 -5.07388654706081e-03 -4.05075981711330e-05 9.29663575052336e-03 2.27052608840457e-07 1.74883461035839e-05 -1.01717671922491e-04 5.18323910456858e-06 3.61790978513147e-03 5.69292904978856e-04 -8.04516158727557e-04 7.86115849213724e-03 -1.08632409607741e-04 1.91943034388217e-04 -3.11655707966396e-01 8.01904375079335e-05 -2.01127220765735e-03 -2.81810834800202e-02 -1.67759167054497e-05 1.03267718639622e-03 -2.45065159681066e-05 -2.16093472141660e-04 -1.54281141237398e-05 -3.34266408677754e-04 3.53004411651713e-03 -2.95821275646252e-04 4.00964460729374e-03 -3.40844020571345e-04 6.00567273278092e-06 1.76095949236100e-04 5.16823593589391e-05 -3.35266426346551e-04 -4.93349635597722e-05 9.63130845544458e-04 -1.03825182567753e-04 -1.36438537843285e-04 -2.02122233244091e-05 -3.82757772010927e-04 5.22410304645354e-03 4.79312034732021e-04 6.09179590282466e-04 7.81628017129670e-03 -6.63957762742946e-05 -9.01497216908419e-05 -3.11870013516837e-01 5.83435938769299e-04 2.01898141531691e-03 -2.85974877848800e-02 1.59101819896676e-05 -9.60907796460099e-04 3.34786398693202e-05 -1.94309453182167e-04 -2.17187131060452e-05 2.10350299741827e-04 -3.71709568789148e-03 -2.69429902985243e-04 4.01193159349057e-03 -5.92987364441826e-05 -7.16291861675462e-05 -2.75168602475331e-04 -6.98217137893912e-05 -3.76980469943796e-04 -1.30412834601360e-06 9.90482298901344e-04 -3.44770956003008e-05 4.18548631366374e-04 -4.82290409712094e-05 2.52400865226948e-03 -1.56984388525327e-03 -6.54691395638507e-04 1.55186645981644e-03 -1.44962969445874e-01 -1.95428126413200e-03 -9.68772553919264e-04 4.47577903110501e-01 1.28854258613206e-03 -1.03057145033994e-04 -1.80635094709563e-01 4.36986008084270e-04 -8.29568289963332e-04 9.30307394158891e-04 -4.15995072713179e-02 -8.58652152870842e-05 -7.62403017225232e-04 -1.23446940144969e-03 -1.87850203759930e-03 -4.39329789201187e-02 6.62406316284820e-04 1.99399335221636e-04 -1.09401411883997e-03 8.02708476793670e-04 -1.04288790929337e-02 1.55190979031588e-04 1.92576592013123e-02 -5.45913304534764e-04
 1.08879422014047e-03 6.23038445746818e-04 1.30094522561545e-01 2.08199278740745e-03 -3.13660765687862e-03 -3.91245098478425e-05 -2.57554030426283e-05 1.32175597383291e-01 -4.80382546296634e-05 -1.10427929177440e-03 -1.35875282412209e-02 2.36699934614740e-05 2.43495901720279e-04 2.72013530842735e-05 -1.57512353174354e-05 -7.72763799641669e-04 -2.59348308618754e-06 3.07140845124301e-03 6.26681315659051e-06 -1.78071574847227e-05 -2.00999873794177e-03 2.43750612297731e-05 6.28326510966529e-03 -1.10299464830503e-06 8.12406352422049e-06 3.42425858410960e-05 -8.15427860574683e-06 -8.65052425436017e-04 -1.66064627269497e-05 1.20878993293050e-03 3.40414450826763e-03 -8.60684464621634e-04 -5.83947023192821e-02 -1.45923086993275e-02 1.74442384384727e-03 2.06519972623239e-06 9.60683462945413e-05 -1.72558389511705e-01 1.10207745105814e-03 -9.39719109779504e-04 3.95374758976715e-02 -3.87870463265868e-05 -1.19149287618617e-04 -1.41220996746454e-06 1.26623982459620e-06 -1.49196630567320e-03 3.41532191947404e-06 2.70263814908279e-03 7.83847873631616e-06 -2.49151303592638e-07 -8.70081790265466e-04 3.74201032855562e-05 1.96226064654196e-03 1.51629905291392e-05 5.46174200762654e-06 -1.35410640398499e-05 1.14688584446234e-06 1.05340043508418e-03 -3.04207887350635e-05 -1.78394686632077e-03 4.48898249972619e-04 -1.53308253081873e-04 -2.93327565162580e-02 -1.98332683913137e-03 1.11049369705161e-03 1.12462822790225e-03 7.84518982752049e-07 -9.03666263542706e-03 2.90653836176350e-03 -1.12681235415843e-03 -7.26461444960086e-03 -1.83637088182647e-03 -2.66009002530696e-05 -3.18842618546291e-04 8.30103920545015e-06 1.78158000436583e-06 -5.91399106646630e-06 3.70882877399820e-04 -1.39880305838830e-03 5.40503821800087e-05 -2.29375081609783e-04 -4.33304887922548e-05 1.08221559756716e-03 -5.49389490554325e-04 5.16125647916042e-06 -1.87873586375127e-04 7.43871950019691e-07 -1.50876419720616e-04 -1.45408211923563e-05 8.67913643911403e-05 4.69912638372696e-04 -1.25244042587844e-04 -3.06960844532723e-02 -2.05727202660960e-03 9.92741719366389e-04 -1.20899695597861e-03 -1.37516332409606e-05 -8.22509856373085e-03 -2.59555568354108e-03 2.29263400039339e-04 -7.18439186195947e-03 1.80137724142531e-03 7.22224879006881e-05 3.23646951914868e-04 -7.71666604894076e-06 -1.04164080080987e-06 -4.87741858930936e-06 3.74808113644662e-04 1.36978478663142e-03 -1.01856766748102e-05 -1.84886653391659e-04 1.53951499133174e-06 1.08793107169041e-03 5.48238579705106e-04 -1.26916287594652e-05 1.92688247443148e-04 4.57323020362561e-06 -1.29664950842167e-04 -2.12140847073857e-06 1.01143644761316e-04 1.09243059784200e-01 2.81485251365537e-03 -7.78767514582082e-02 4.62832219279320e-02 -6.68112061636478e-02 -2.39254477913715e-04 2.19450396252817e-04 1.50019665280698e-01 7.48154819724896e-04 -4.46410766841951e-04 -6.06872650585275e-02 -2.85611603015642e-04 1.58915568615744e-04 -7.59679571014208e-05 1.18136607790542e-05 6.81353751654516e-03 2.93648888849910e-05 -1.35424133509783e-02 -9.47143307181910e-05 -2.43612762672514e-05 2.65828046000571e-03 5.23099773804404e-06 -3.36775492452895e-03 6.40822102074709e-05 9.30371506898156e-06 -3.35269239669734e-05 6.30802914892825e-05 -3.94379625700954e-03 -1.26318281256266e-05 4.54846606332000e-03
 -1.65879350037252e-05 -8.93536081843163e-06 -7.65534217500496e-04 1.91994356866340e-04 3.33476936312997e-06 -1.20210834882750e-04 -9.72763068863000e-06 5.31736644751093e-05 3.63741118619684e-03 1.43666599959869e-04 -5.12577255938421e-05 -1.93174888776535e-03 1.65539735844940e-05 -1.28246226777072e-04 4.01676372270808e-05 8.92097912995087e-06 -1.01063118678879e-05 2.29209592750767e-05 6.73258307961734e-04 8.55398010421564e-05 -1.02034683050213e-05 -3.37661458979308e-05 3.35183213610572e-05 8.95692565746405e-04 -9.88245484063420e-06 -4.15872587383429e-06 2.96650154237435e-06 2.26260044557143e-06 -1.69478028928575e-06 -6.36715524351267e-06 1.24151124014836e-06 4.58341948167811e-06 1.16617806164399e-04 1.12052818401824e-05 -9.53102906444151e-06 -8.01152709912415e-04 1.49102756506981e-05 2.47555849320269e-06 5.11809699563962e-02 -6.21318823016764e-04 -3.87870463265868e-05 2.96934402666360e-03 -4.58781028130446e-05 -2.04348903083582e-04 4.84920854630110e-06 3.64459506233397e-06 2.00950406335883e-06 -1.58441830307970e-06 2.22577302216601e-06 1.50366745350036e-05 6.43442307226892e-06 3.68038431283764e-07 -9.89061922440765e-06 3.38730640534152e-04 1.04088439565600e-06 -1.55310199847161e-05 2.35962307678672e-07 -1.84949835863331e-06 -6.45026180377624e-06 -3.89917660789529e-06 9.47617356848244e-04 -1.10067467297928e-04 -1.32414188681319e-02 -4.80557568276200e-04 6.72132361707907e-04 5.14789460875658e-04 -2.94681695310678e-05 -3.16896204739978e-02 -2.40590813424726e-02 1.60385805361858e-03 -2.18568514414120e-03 -1.54835102529221e-03 8.05527155640188e-05 8.16137539794096e-05 -8.83911850579680e-06 -4.65535654783304e-05 5.88609349563104e-06 -1.91921161205276e-04 2.15645917551445e-04 -3.41833740966429e-05 -3.38730518877703e-05 2.80119856154638e-05 -6.72180272397519e-04 2.17155997161683e-04 -1.05883832586874e-05 -2.37510684824985e-06 -4.24669887632357e-06 -2.68433221152263e-05 -4.69410329373220e-06 6.22986209207528e-06 -9.59907581600966e-04 1.15456976032118e-04 1.36553881431604e-02 6.23839194854625e-04 -6.17170863614987e-04 5.33869691277373e-04 2.12302095044348e-05 3.05774907658202e-02 -2.44603505212134e-02 -1.09913163366478e-03 2.15439232737723e-03 -1.47026711337426e-03 -8.68956951912469e-05 6.38794636869243e-05 -4.90889593557029e-06 5.47274658637735e-05 -2.17957110097785e-06 1.95727606153615e-04 1.86669012385002e-04 -2.75817875681752e-05 4.89672778664149e-05 -2.66041618270984e-05 6.71505284891946e-04 2.10258101508856e-04 -2.72081385838306e-06 3.04242062948293e-06 1.53515727863413e-06 2.50389320059860e-05 5.05497002213250e-07 1.71399180441144e-06 -4.39409821219614e-04 1.86086458939450e-05 -1.00272289530597e-04 3.07266565634323e-05 -1.48369276438577e-06 -6.90622617749999e-03 1.11122713262089e-04 -7.60754204850471e-05 1.84485115697689e-02 -2.29734985502021e-04 4.82047580041264e-05 -8.29339635644872e-03 7.75121448770268e-05 -1.97414783398615e-03 1.48171440278169e-05 -2.58321244438722e-05 3.41955245467215e-05 3.30192810399491e-05 5.97049031586213e-05 4.69708736551175e-05 -9.04995296499743e-06 -4.16866396118585e-06 6.45517890884461e-05 2.03260383849960e-04 -3.28355363579460e-05 1.05723812002560e-04 1.24439409343402e-05 -2.19367891379649e-05 -6.43864213430118e-06 -2.09093988001708e-06
 -4.40298222060336e-06 7.14517726391717e-06 2.14878420248793e-04 -6.74391678149853e-04 4.62785729688452e-05 -2.89746229672027e-05 6.70447995479799e-04 -2.78689260777146e-04 1.93466734105867e-04 -1.64311311438191e-02 1.58878948101716e-04 4.49211458788456e-06 8.90883851570100e-04 -3.16865467173779e-06 1.90139535233570e-05 -9.99146456748728e-06 1.19062361055096e-03 -5.43700148385117e-05 -1.33145416060940e-05 3.56116031488165e-05 7.07718387537543e-05 3.50694180850494e-03 -6.87593388216758e-05 2.54970897905327e-06 -8.84219303993149e-06 2.65914715488733e-06 -2.52094751256190e-06 3.66004569177084e-06 6.37527107837852e-04 -1.50915381643393e-05 2.71764153423149e-05 -1.72798772963324e-05 6.10535454990006e-04 -1.86763409010236e-04 -3.64970677097950e-05 7.03824912253520e-06 -1.42519778984893e-03 9.71757110023654e-04 -3.13591228770962e-04 6.44571629391255e-02 -1.19149287618617e-04 -4.58781028130446e-05 3.35214171044659e-03 -3.29482928099792e-07 1.25001152268222e-06 4.27234304191308e-07 -2.67833454781476e-04 -8.58680052443228e-06 -4.59672785318738e-07 7.10887472720968e-07 -1.46315492679517e-05 1.31160090813383e-05 -3.46269273766479e-06 -4.95918440512736e-06 -1.45750804008196e-06 -1.67999478516724e-06 -1.54733753448730e-04 -6.64119238114787e-06 3.19055032788843e-04 1.16510967320402e-05 -2.04649472246760e-06 -4.89672303736818e-06 1.61198473270404e-04 1.30430536194241e-04 -8.17373799718002e-06 -3.73286125212584e-05 5.15488740874088e-04 1.47932543017399e-03 1.51218025703858e-04 -2.77785576773031e-02 7.03946229709198e-05 -3.97584971696066e-05 -5.34952122336464e-04 -1.23268917650717e-05 2.87379517934864e-04 -5.30562968473104e-06 -1.29866884975885e-04 1.32489667179993e-06 -5.13943587092027e-05 8.87981469605459e-04 -2.23868489601725e-05 -2.19965527744901e-04 7.34817581419814e-06 -8.05426508005339e-06 1.38190949382902e-04 5.82729126622982e-06 8.74223246125722e-05 -5.65051901231321e-06 1.40989399308526e-04 -9.46753448888240e-06 3.72080185149755e-07 -4.39192115635916e-06 1.24593433920209e-04 2.32894116580551e-04 -4.32057640676740e-07 4.83622200475114e-05 5.40047532101244e-04 1.00219907980829e-03 -2.02588951242609e-04 -2.90095862877732e-02 7.53793654336520e-05 6.73665842509557e-05 -6.14758552593184e-04 8.07242357921229e-06 -2.93325170699335e-04 1.96830858056006e-06 -1.34278194630973e-04 3.26341480395015e-06 2.89575973366449e-05 -9.11391344382711e-04 -1.12774249713857e-05 -2.36861428290934e-04 1.08342616565103e-05 2.34693386805309e-06 -1.41287269803698e-04 -1.55819407266133e-06 8.78104573233041e-05 2.67469569259780e-07 1.40890157332097e-04 -4.48839519482181e-06 2.45390334498153e-04 -1.47752425519301e-04 8.97433476717682e-04 -5.10755872814154e-04 3.56642585710626e-04 1.05431282916637e-04 -6.31892531007114e-03 -1.06841762652238e-03 -1.53812407776756e-04 2.04432148326405e-02 4.92249451673351e-04 3.90641977822761e-05 -8.59245441371260e-03 2.85450338202747e-05 -4.34862266059836e-05 -8.16545896971301e-06 -1.93733814170471e-03 8.95056865674820e-05 -2.41179423250624e-05 -4.62549728552589e-05 -1.02821968276009e-04 -1.99116469207452e-03 4.92519115404660e-05 4.41720331777614e-06 -5.38976502315221e-05 3.60479737773428e-05 -4.95373607288364e-04 3.69892597594386e-05 8.63307711766596e-04 -6.10825964557683e-05
 -3.77531331702198e-06 1.31661748716155e-07 -1.56825703639154e-05 1.90273072434627e-05 -1.38553765421118e-06 1.38518199305829e-04 4.36985095121318e-07 -1.58941617061059e-05 -2.99674168390810e-03 -3.41658199367989e-05 5.90575059001371e-06 6.45081764512377e-04 4.57325225416512e-06 -9.12458181354229e-05 -1.19347571832348e-07 9.08717039975447e-07 -5.19171664601967e-07 -2.01394602164733e-08 -3.94219521119685e-04 -2.40365503780850e-06 -2.07866334099940e-06 -2.45769586834348e-06 -1.42244637165383e-08 -4.09967991772969e-05 5.05330698087085e-07 2.25521603597106e-05 -1.42240867387566e-07 5.32692349878270e-07 -1.07932096004476e-06 7.26855834692257e-07 -7.71223840478027e-06 7.39033961095249e-07 -1.02121263296068e-04 1.09050105188824e-05 2.46045337367385e-06 1.01916675919511e-04 1.71273387358357e-06 -2.39803453286478e-05 -8.53133320351906e-03 -4.24108274461228e-05 -1.41220996746454e-06 -2.04348903083582e-04 -3.29482928099792e-07 5.24436938765864e-05 -1.46610826400086e-06 -1.61841661971351e-07 5.15206648460924e-07 -6.03353430990052e-07 8.61086377716270e-05 9.19739916066472e-07 7.48475926510027e-07 1.16455363008204e-07 2.53269468137398e-07 -6.68255166285283e-05 -4.69986856491640e-07 9.33710225800929e-06 -1.44297970136670e-07 -2.10060425901202e-07 -9.35478845691300e-08 3.45227801556186e-08 1.97134609558052e-05 2.33885679302001e-05 2.95565465065996e-04 4.13297452124410e-04 4.37930813787204e-05 -2.02171801204616e-05 6.86297161058295e-07 -1.38487808169228e-03 3.19287592519980e-04 -1.81330702715464e-05 1.72893284570512e-04 -1.61552274732645e-04 1.72588781487935e-07 3.40788985394108e-05 3.30987336344348e-07 1.94878263751841e-05 -2.02833960608624e-08 -1.31341223099309e-06 5.41762851223036e-05 9.56522353012957e-07 3.08680709125217e-05 -8.08650709336783e-07 -2.97785914967712e-05 1.20782974129904e-05 2.15143036519228e-07 -4.50606090059091e-06 1.94497709167627e-07 7.96981443585917e-06 4.72558221544093e-07 6.83920926694637e-06 -2.11345630438346e-05 -2.19248098784261e-05 -2.99782225836545e-04 -4.19745111452379e-04 -4.59808347165932e-05 -2.39457512221819e-05 -1.57274476606479e-06 1.34007914829708e-03 3.35984448331696e-04 5.35579095121825e-06 -1.75123821892215e-04 -1.63640718189368e-04 2.49614403429618e-06 3.37417128572666e-05 6.36083339222153e-10 -1.93647262476170e-05 -2.44638889378962e-07 9.79199729809354e-07 5.28030919563642e-05 -1.32951517172435e-06 -3.01276767525679e-05 2.80962102852298e-07 2.99429625733169e-05 1.20130945155557e-05 -3.63409735868706e-07 -4.44574886572102e-06 1.13991447863461e-07 -7.10793957449822e-06 3.72402713572583e-07 -6.82960289230332e-06 7.80493848699494e-06 9.72879122198777e-06 -3.23755932387301e-05 2.65392126433571e-05 -2.50631911271570e-05 9.05825649283500e-04 -5.62967060848902e-06 5.45084219103494e-05 -2.56386232558309e-03 -2.29135078700374e-06 -2.40790602515966e-05 9.76592596215103e-04 2.59304393838070e-06 2.98514596387150e-04 -3.02821949938836e-06 5.33192392328149e-06 -2.26785193410492e-06 -6.39144775706453e-06 1.93676810448729e-04 -4.28092102955171e-06 -1.71938422626838e-06 5.55555733270709e-06 -9.68458456403277e-06 -1.26724371391851e-04 4.83490390166769e-06 2.18986898322184e-05 -7.97623266309254e-07 3.90157265550706e-06 -1.03341490971616e-06 3.47473883016693e-06
 9.09423650088075e-07 7.84504081825618e-08 7.38660814612468e-06 2.66130236345292e-07 2.40758782953885e-07 -8.94166861615032e-06 -2.35383137500423e-06 1.77888805094219e-06 1.37976563823926e-04 9.92247429617058e-05 5.52897935735174e-09 -3.93227447066405e-05 -1.26802397930648e-05 1.76395986904912e-06 2.08849782788176e-05 7.04940281959101e-08 2.01121587633432e-07 -4.84875208745638e-09 1.11414381340178e-05 5.75215364132983e-05 -3.48353635991884e-08 1.26086464387820e-06 -3.84563256687191e-08 2.50465331908722e-07 -8.04384151460805e-06 -8.51635854374790e-07 -9.73898219049036e-07 -4.74532635816096e-08 3.26546137324414e-08 1.20060923767601e-07 -1.40483726166095e-05 -4.20186149433329e-08 -1.63692226414623e-05 7.60967185521846e-08 3.13442480501537e-07 -2.47944524622948e-06 -1.48284779112138e-06 -7.72088305275167e-06 1.98832916331181e-04 7.34954272039415e-05 1.26623982459620e-06 4.84920854630110e-06 1.25001152268222e-06 -1.46610826400086e-06 6.48925023419249e-07 -5.31825989573698e-08 -6.96443828737678e-07 6.75191941797372e-08 -3.37113520959753e-06 3.11509857771765e-06 1.27592101604375e-07 -2.55404463117160e-06 -1.25706851593216e-07 1.78857978515807e-06 -6.06574545862363e-07 -2.22887072576861e-07 -3.45656685966555e-07 6.88631991323557e-09 6.90571897574142e-07 -6.59561972394656e-08 -1.54646372379338e-06 -1.07236703831054e-06 -1.94472282284891e-05 -1.42653271324100e-05 -2.53320405612983e-06 1.53304135099703e-06 -1.43645244135143e-05 9.16525310760742e-05 -2.83737283180394e-05 7.79033962624602e-04 -3.44594151564224e-06 6.55457708850387e-06 3.90939397926674e-05 -1.74453737372665e-06 -5.66713053704100e-06 -8.97979423008732e-07 3.06225482108141e-06 -1.35722082457030e-07 -3.61095966578205e-06 -1.70876590128381e-05 -1.72041579835695e-06 1.19296820094242e-05 8.49758448504098e-07 -5.69806446833935e-07 -3.36218722224160e-06 3.50245469368502e-07 -1.35110426749227e-06 -2.99003764184846e-07 -2.03525956812315e-06 -7.58153672252072e-07 2.14787470041597e-06 9.22147767452793e-07 1.61480360260719e-05 1.23795055426505e-05 2.43214761826020e-06 1.19723172960855e-06 1.36138493461497e-05 -9.00952837974436e-05 -2.47120396471033e-05 -7.05462103078598e-04 3.00111696241300e-06 5.93376248944618e-06 -4.51433180062129e-05 -1.65410610895399e-06 -4.04760237098827e-06 9.44263505698223e-07 -2.28045561736940e-06 1.09218296532080e-07 -3.37290112508824e-06 -1.22492078286991e-05 1.77900007650325e-06 -8.81782555644864e-06 -8.23428791176623e-07 -6.10044330617243e-07 -2.50562179053074e-06 3.24912079632409e-07 5.91978782612022e-07 3.04389304432556e-07 1.33321437725305e-06 6.78874036972695e-07 2.77937289347167e-06 1.61659975780545e-06 -7.24128031213965e-06 3.79048813898941e-06 -3.58855824710323e-06 -1.80088994686655e-05 -6.03433227950923e-06 8.87540610641981e-06 5.21349687354112e-05 1.45301774430762e-05 -3.67106329739091e-06 -1.96182056586890e-05 -4.39633743463276e-06 -6.14647733434296e-06 -2.70405599490895e-06 4.43566455051162e-07 -1.02962703113673e-06 -8.68319465755057e-07 -4.27205077778876e-06 1.37148894395386e-05 2.66893098038366e-07 -1.57924273988539e-06 -1.94337209863701e-07 2.65775045982141e-06 -8.75672495347438e-06 -4.15174539056545e-07 -2.09875135578228e-07 -4.89881043095454e-07 7.09739485859148e-07 3.70698849531186e-07
 -2.44061670545099e-05 -2.09895166308366e-05 -6.64106452101237e-03 6.37706181236286e-04 2.32734212869848e-04 -1.28015475983853e-06 7.23314272859510e-06 -6.71877223880110e-03 1.34590944721276e-05 -2.05030434198826e-04 1.07862945730064e-03 -3.94446407685033e-06 2.26508683064106e-05 -6.37161439513472e-07 -9.65905871346894e-08 6.19052510308205e-05 -3.79865991088858e-07 -1.17720703771311e-04 5.50127324314420e-06 -1.77044824789986e-06 1.01259436517294e-04 -3.64407078851286e-06 -2.14761863888776e-04 9.92958637621919e-07 6.97728781745212e-08 -1.42609564108905e-06 2.96273737131682e-06 4.41257165444857e-05 7.58090259421074e-07 -6.76932386134333e-05 -1.28066286566462e-03 3.09556437773144e-05 -3.75131866181052e-04 5.75550099567037e-04 -7.81322060221402e-05 -1.85838295649834e-06 4.82438798303988e-07 7.31935664692426e-03 4.27392190199773e-05 -1.48705157844408e-04 -1.49196630567320e-03 3.64459506233397e-06 4.27234304191308e-07 -1.61841661971351e-07 -5.31825989573698e-08 7.37727036536998e-05 1.62018973319194e-06 -1.32397323075105e-04 -9.32974868571534e-07 2.10985693343913e-07 6.78199625309301e-05 5.49948013555705e-06 -1.36791697337312e-04 -3.14233058332351e-07 -2.28738050986682e-07 6.10540530026499e-07 1.16502715232098e-06 -4.75628835465053e-05 -3.67539931692580e-07 7.76677530931180e-05 -4.51051276665386e-06 7.18516416514546e-06 5.96987483070991e-04 7.96884837518904e-05 -2.97628077171650e-05 -3.37748142589713e-05 1.35344079048751e-06 -6.42506631116799e-04 -5.89247975388612e-04 -7.29324190073929e-05 2.60637664559120e-04 3.67332450271455e-05 7.17169084319960e-06 2.26778562866595e-05 1.84146006485902e-06 2.86601606024042e-06 -8.17690246232441e-07 -2.42375519180156e-05 8.97103498066119e-05 4.36513267822422e-06 5.33691683709424e-06 -2.34127432431738e-06 -8.38720157989403e-05 3.52993010513595e-05 8.31520820676603e-07 8.73608159922667e-06 8.58142830666380e-07 8.28915367083525e-06 1.60805126594399e-06 -2.26459177522181e-06 -4.16658019942255e-06 6.41330040590389e-06 6.20226194624470e-04 7.93299190356668e-05 -2.59214294112642e-05 3.38632565520865e-05 6.21117670974925e-07 -6.64575793680540e-04 5.92827579627138e-04 -7.51959375120033e-05 2.60306534715447e-04 -3.64380956547196e-05 6.14887261190943e-06 -2.30065146021343e-05 -1.42512214537247e-06 3.08515349990542e-06 -6.94481887019175e-07 -2.46063622240576e-05 -8.88908757661048e-05 -5.16776288210549e-06 4.14238258065851e-06 -3.63423501029825e-06 -8.35224730938469e-05 -3.52426320453746e-05 -3.51931942417949e-07 -8.82620254986965e-06 7.06620917379158e-07 7.34342880384692e-06 7.14837927591020e-07 -2.95410399839863e-06 -4.21163127085579e-04 -1.71931044797929e-04 2.84551932842353e-03 -1.71534979821661e-03 2.17179127903367e-03 4.93349477148257e-07 6.32654162072817e-06 -4.99203373179434e-03 -1.44199136471527e-06 -1.93181359381357e-05 2.04035453110072e-03 7.02742165572150e-07 5.61841714344054e-06 1.41507683116505e-08 -1.58073792190361e-07 -2.19514139345695e-04 1.86523521784333e-06 4.52602956230076e-04 2.83900242492466e-07 4.00245243497749e-07 -1.04773318698453e-04 2.93413713137510e-06 1.38156808123728e-04 -4.90728268322918e-07 2.16672433660191e-07 2.64600196219406e-07 -1.55401058821262e-06 1.44221475921051e-04 -1.06951087707353e-06 -1.68255092609338e-04
 2.07340581051612e-06 -5.11693693263187e-06 2.40496415764127e-06 5.07524253157035e-05 4.92361147668731e-07 2.75090716068156e-06 8.14839146784208e-05 -3.07856111180298e-05 -1.56129226205854e-05 -4.54256516876906e-03 -1.36964134031913e-06 -1.26990474824502e-06 6.40142953241781e-04 -1.62583564634522e-07 -4.43787929943660e-07 5.77262439013980e-09 -9.39695571120535e-05 -4.14637029352482e-08 -5.60587398814467e-06 7.04257109203589e-08 -6.35659505614165e-06 -2.91678250066077e-04 1.57083022665298e-06 -6.48785527692815e-07 5.57050155736167e-08 -4.81046406530082e-07 5.98407201820122e-05 1.60373989084262e-06 -4.32664736668255e-05 2.14243845066227e-06 -2.02553552598282e-05 8.98850883999453e-07 3.61529815130403e-05 -1.12083410718052e-05 3.84583917961853e-06 1.70332200768734e-06 1.61891583672944e-04 2.46629068761937e-05 -3.02038310332956e-05 -8.47997050233565e-03 3.41532191947404e-06 2.00950406335883e-06 -2.67833454781476e-04 5.15206648460924e-07 -6.96443828737678e-07 1.62018973319194e-06 5.61965966350570e-05 7.40327207651425e-07 -1.44387774866549e-06 2.40455550868790e-06 -8.04297363089130e-07 1.53139668563100e-04 -3.41097048533972e-06 9.66366620438020e-08 -5.55115813154203e-07 -5.88834601140157e-07 3.42742266068625e-05 4.77449580316331e-08 -5.85528956693490e-05 2.27139404170480e-07 -5.14621948735359e-08 9.21395471704141e-07 -8.79634136533724e-06 -2.13017443760959e-05 -2.06164080584007e-06 5.64853938442398e-06 -1.78884610367976e-05 -2.51007444254277e-05 -1.70974945816773e-05 -2.04032050565248e-04 -9.73052071027299e-07 1.11170027681154e-05 2.24363677555815e-04 4.96622955069512e-07 2.46814552570006e-05 1.76587752416652e-07 -1.38210616580307e-05 -3.41600950159042e-07 2.55280813379294e-06 7.26758413096879e-05 1.49329552372101e-06 -6.99312610939561e-05 1.65396386982406e-06 2.50531298284989e-07 1.52740744701859e-05 -1.78017030828119e-07 1.42324608355316e-05 1.14513716893183e-07 7.25312637749639e-06 1.01329661496604e-06 1.15735136423742e-06 -2.49402910043165e-07 -2.70103862225248e-06 -3.17769012966186e-05 -2.02529016615524e-06 -3.16614784950143e-06 -1.79933631281920e-05 -9.16257390969089e-06 1.94344429746463e-05 -1.63904697031538e-04 -4.82886010409059e-06 -1.23247037947513e-05 2.29643899093220e-04 4.99021515041659e-08 -2.49155274345766e-05 -5.91297249571807e-08 -1.39140791770397e-05 -1.64864466312261e-07 -1.66878421594001e-06 -6.98897115639929e-05 1.56672543655363e-06 -6.94005404031607e-05 -3.21650787086961e-07 1.45237037964152e-07 -1.39003785431911e-05 6.19084920889726e-07 1.44838616881450e-05 1.60152002565202e-07 6.52621491808773e-06 2.86761542613051e-07 1.09150796079965e-05 -6.14284906583042e-06 1.06707555785012e-05 -5.07234324798175e-06 1.20252978744927e-05 -5.57017759551534e-06 7.49627470516696e-04 -1.40774359910030e-05 -2.37647053329541e-06 -2.20084827456914e-03 3.68306961598841e-06 3.04530141785410e-06 8.46668753854702e-04 -1.61245588315302e-06 3.74781827315113e-06 -6.20629596404963e-06 1.99965654946526e-04 3.04153714566986e-06 4.85295257020859e-06 5.56887637780010e-06 8.96301679031446e-06 2.17835975464027e-04 -1.33209994953441e-06 -1.45837194911459e-06 6.00075155291236e-06 -4.01831172644574e-06 4.89943510879526e-05 1.12199496665920e-07 -9.65894108466493e-05 6.01839053962177e-07
 6.62180026663729e-05 3.71104123026304e-05 1.13646618055916e-02 -9.18119401151303e-04 -4.84590856797171e-04 -3.48735923696551e-06 -1.74022786186803e-06 1.25690369058893e-02 4.17691553951367e-05 -1.31092344601033e-04 -2.14022008886181e-03 -1.54670053551277e-05 2.28597921498379e-05 2.32971222259865e-06 1.76847909497578e-07 -1.01955475111921e-04 -1.20376070842518e-06 2.81535527537835e-04 -2.10536132399961e-06 3.00984203729067e-06 -1.72290240466626e-04 -6.50431556652416e-07 5.24812382631333e-04 -9.01555867927924e-07 4.12025719283146e-08 2.39158938881838e-06 -2.43003457611309e-08 -8.05952012669244e-05 -1.98368909391228e-06 1.15095791040947e-04 7.34087166173442e-04 -5.67806691137035e-05 1.68160953641366e-03 -8.53903541636406e-04 1.16841581625024e-04 1.59067779078669e-06 6.80624521488782e-06 -1.37604194732288e-02 6.68412768058051e-05 -1.44866305577981e-04 2.70263814908279e-03 -1.58441830307970e-06 -8.58680052443228e-06 -6.03353430990052e-07 6.75191941797372e-08 -1.32397323075105e-04 7.40327207651425e-07 2.42792600809282e-04 -2.38202756140305e-07 -1.35337586141985e-07 -1.31052105122128e-04 3.88463732741479e-06 2.78473144051070e-04 1.91474687999395e-06 2.98912871853023e-07 -1.07233812833107e-06 9.67037650535912e-09 9.07616316006653e-05 -3.13559967949519e-06 -1.51593593585514e-04 -4.05441251367117e-05 -1.37456459713113e-05 -2.00628823819984e-03 -1.21894491405295e-04 9.10155046229096e-05 7.36800492150632e-05 -1.29604099412703e-06 -1.44559924966759e-04 8.49047083695735e-04 -4.35235426702652e-05 -5.09301148437774e-04 -1.34915540327373e-04 3.66655666737087e-06 -2.70734427723205e-05 5.29569769969142e-07 -1.84125965519668e-07 -4.70745470293285e-07 4.28015022555377e-05 -1.31496629319236e-04 3.86240406048208e-06 1.34338931158607e-07 -3.47148483384328e-06 1.40896742576792e-04 -5.75868290786595e-05 5.76547520151873e-07 -1.92144921800248e-05 1.48818638265436e-07 -1.32543608439609e-05 -1.43953481989923e-06 1.24995222843341e-05 -3.92754354530004e-05 -1.11463552365396e-05 -1.99142225351489e-03 -1.16127346080669e-04 8.47017519411250e-05 -7.35272058093856e-05 -3.46176701074305e-08 -1.60267370942753e-04 -9.01606863573619e-04 -3.37442767804750e-05 -5.04362011236598e-04 1.34913289200851e-04 6.03184097701753e-06 2.62127688624200e-05 -1.26436852323024e-06 3.25589279069992e-07 -7.29740760979939e-07 4.36271451809650e-05 1.26187641051147e-04 -2.15381568469146e-06 4.51161780699123e-06 -9.55061152164389e-07 1.40580141752705e-04 5.70574171416821e-05 -1.41600727510325e-06 1.97893403481385e-05 5.71039176326813e-07 -1.11266756553320e-05 -1.76309794323657e-08 1.43972654366564e-05 2.92658484392316e-04 3.62647437066143e-04 -5.41393959414028e-03 3.23599848278932e-03 -3.99243974424068e-03 -1.31950636911204e-05 2.22182965831694e-05 9.28221221768959e-03 4.29755731929774e-05 -5.19329424071937e-05 -3.82313737584022e-03 -1.76013889284556e-05 1.89310362007971e-05 -4.37628954424183e-06 3.34484925130278e-07 4.08312459318199e-04 3.69124800377173e-06 -8.41140098045482e-04 -4.26923374493565e-06 -4.73169749588715e-07 2.03530984440183e-04 3.01612951274856e-06 -2.49655917769936e-04 2.77711289321059e-06 -1.11380831633476e-07 -9.99342379150036e-07 4.58552514617308e-06 -2.73729075791639e-04 -1.32311797937585e-06 3.08162302413186e-04
 5.63538937601508e-06 5.90403192730248e-06 -2.34638622654149e-05 1.51644794021561e-05 -8.59619271999953e-06 1.39783459955426e-03 -7.48634705400781e-06 6.94771759415040e-05 -1.76118356605046e-02 2.61859512204225e-04 1.41204277219464e-05 5.51649017372554e-03 -2.95732474001263e-05 9.17740202398879e-05 -9.26246153988058e-07 3.82782480661852e-06 -1.23193789510152e-07 -2.53909037380959e-06 -4.56296182994887e-04 -1.09366040533395e-05 -3.37388784215818e-06 -1.46918204624542e-06 -1.46570098053171e-06 8.82133792877944e-05 2.81358064141192e-06 9.97375868119370e-05 -4.09328285177023e-06 -3.14582686766716e-07 -8.89456857204347e-07 1.22226496229053e-06 -1.37129640148267e-06 1.07986738623682e-06 -1.15251694726251e-04 -5.35338834460348e-07 4.45312051314909e-06 8.65993814177957e-06 -2.21319275964364e-07 -4.26222204654408e-05 -6.38659442039721e-03 2.03947009214465e-04 7.83847873631616e-06 2.22577302216601e-06 -4.59672785318738e-07 8.61086377716270e-05 -3.37113520959753e-06 -9.32974868571534e-07 -1.44387774866549e-06 -2.38202756140305e-07 3.43239375029510e-04 5.39016129549577e-06 1.49546591303685e-06 -9.84680633846508e-06 2.90305380603019e-06 -9.74949029479959e-05 -5.91257305891082e-07 2.40282335254769e-05 -2.79048792314198e-06 -7.96741399990288e-07 8.86730933547401e-07 -1.25977964022416e-06 8.43520000895396e-05 1.08351161389685e-04 -1.84770869860172e-04 1.42321761734121e-03 2.73256183521803e-04 -2.30125393310700e-04 2.94810938521424e-06 -1.14940253934049e-02 5.71591589393863e-03 3.91760133917176e-05 2.20742912302661e-04 -7.72672828851513e-04 -1.51632976576062e-05 2.26515013497069e-04 -1.62709392534812e-06 1.22392369431626e-04 1.20142634966258e-06 5.73414030060624e-05 4.86243015447935e-04 -5.71404990230565e-06 2.42982624041355e-04 3.86237384084683e-06 -4.25716418899515e-06 5.73829465347249e-05 -5.28526747832761e-07 -6.24921619040188e-05 -1.42103711690643e-06 4.60547463127482e-05 3.64682970023592e-07 1.36148605183338e-04 -9.35670717340401e-05 -1.04359889952464e-04 7.50924525199457e-05 -1.38067380833316e-03 -2.78486410793528e-04 -2.30256212423309e-04 -6.55988300855066e-06 1.16442708169540e-02 5.63437248762894e-03 1.47485945091702e-04 -2.16043881393011e-04 -7.53253350498171e-04 -6.61939848349953e-06 2.26878559330623e-04 3.40928774370083e-06 -1.21851130728064e-04 6.27585733140944e-07 -5.44215211116558e-05 4.91849220504068e-04 3.66571666880735e-06 -2.43678319870729e-04 5.42297675865356e-06 8.98151837335731e-06 5.97402632614181e-05 4.66142585295866e-07 -6.24281985581277e-05 -9.67107889159340e-07 -4.48420824705519e-05 1.10860244324528e-07 -1.36732740592122e-04 -5.80014651035376e-05 1.24339000327262e-05 -5.54924529399723e-05 3.84555542259742e-05 -2.23225052053555e-05 2.14149158859167e-04 -2.46323187172492e-05 5.59983388902519e-05 -6.87837154189857e-04 5.27037178034989e-05 -2.42158179261545e-05 2.81694599461189e-04 -1.67897256356762e-05 1.27866933123775e-04 -1.69765154258106e-06 4.39394744734085e-06 -6.92442587552705e-06 -5.70853438756694e-06 3.30999777293763e-05 -3.48912241836873e-06 -1.19795747004800e-06 -1.60448316086577e-06 -9.16059400562428e-06 -4.08572105866845e-05 5.34428346079247e-06 6.01472749037221e-06 -1.51000067943057e-06 7.05143352027081e-07 2.13409679291022e-06 7.01418377790781e-06
 -1.95315225351768e-06 -9.18629384520872e-07 -2.79009986484732e-05 2.23239421324595e-05 1.01795654706024e-07 1.82429464758821e-05 7.98605970906140e-06 -9.36312039597897e-06 -2.48984022696800e-04 -3.87987671349005e-04 -2.32713923265018e-06 6.55525625316837e-05 4.59712749067758e-05 -1.57156737893345e-06 1.13086878808795e-04 1.05694337677563e-06 -8.50115927736715e-07 1.72120548726849e-06 -1.10028807908648e-05 3.10792585799441e-04 -1.18320603875296e-06 -1.50719140785566e-06 3.14264177355305e-06 4.47796815547868e-06 -4.34073382730488e-05 1.44410894500812e-06 4.34361528236376e-06 3.18878590278716e-07 1.64750845608360e-07 5.95126171023145e-07 8.69052437666174e-06 8.00625211522717e-07 -6.46312907652844e-05 1.04321987394427e-05 1.57960459795585e-06 -3.61514063212566e-06 2.56293721497981e-06 -2.68905917545505e-05 2.27573564875926e-05 -2.57379042145525e-04 -2.49151303592638e-07 1.50366745350036e-05 7.10887472720968e-07 9.19739916066472e-07 3.11509857771765e-06 2.10985693343913e-07 2.40455550868790e-06 -1.35337586141985e-07 5.39016129549577e-06 1.76346382873969e-05 8.06421942655321e-07 1.10541440714853e-05 -8.61481349443763e-07 -5.82592649650355e-07 -3.45781889377644e-06 6.59370766213525e-07 1.84788832307917e-06 -1.41848249214048e-07 -2.24062279179446e-06 -3.40122795278231e-07 4.02224962695990e-06 1.53926499079233e-06 1.01787669150113e-05 2.25928268693349e-05 8.46400173932700e-06 -3.99146641420959e-07 -7.45447441089395e-05 -3.73146906303414e-04 -2.22395813249681e-05 3.86488300486806e-03 -5.74638570663249e-06 -1.67787829164921e-05 2.41540259269186e-04 4.34513570585745e-06 -2.33557821066310e-05 2.04065488473644e-06 1.28802168572973e-05 -3.05631926164978e-07 9.40681080797817e-06 -7.05552065707640e-05 4.03356243266999e-06 5.06711735976255e-05 -3.24977389399077e-06 2.34061871773837e-06 -1.41318785386273e-05 -9.74688308866141e-07 -4.00986636123950e-06 9.60476462170511e-07 -8.15016329342044e-06 2.17283714806053e-06 -5.50977686697472e-06 -1.36669586266697e-06 -2.04759397477662e-05 -3.18373289269041e-05 -6.59284617994048e-06 -3.33532328410768e-06 7.63520971124682e-05 2.61162335380274e-04 -3.60005341037815e-06 -4.16618652049350e-03 1.26075480786704e-06 -1.82491423151028e-05 -2.13596363221147e-04 3.26987874178667e-06 -2.91751211574566e-05 -1.16597901973555e-06 -1.61436888529704e-05 7.11595464518819e-09 6.15938948963777e-06 -8.81280373028483e-05 -2.05690060274464e-06 -6.15532919831210e-05 2.92166129686463e-06 1.37746100461258e-06 -1.74512469389321e-05 -7.46975039788634e-07 6.55004069753852e-06 -5.42231268205285e-07 9.91364123468116e-06 -1.66151357938370e-06 -4.56817395809631e-06 1.02307984750487e-05 -3.92829874106524e-05 2.21368955091453e-05 -1.48425705133166e-05 -1.41899804655788e-05 1.70468302449628e-05 3.89991043983493e-05 3.42401639857972e-05 -4.82814650544832e-05 -1.82925510203710e-05 -1.67696627095124e-05 1.70117539459617e-05 -1.65981412083657e-06 -1.48553459592075e-05 1.95124489498942e-06 4.70825337065533e-06 -3.75495469938672e-06 2.83380610140018e-06 7.40327448133632e-05 9.78385688176075e-07 5.03175415754513e-06 -6.21025492524431e-07 -2.03008983843724e-06 -4.62812963357015e-05 9.90657716360730e-07 1.14764895842305e-06 -1.57083588857586e-06 -2.18880110393037e-06 1.54462114629463e-06
 5.82372142349250e-05 1.67931196969589e-05 -3.79347689964457e-03 8.33006618405919e-04 5.35121428647604e-04 -8.08979287771896e-07 -7.49573584371481e-06 -8.71038981154012e-03 -2.96195644905984e-05 3.78452904673814e-04 2.22162639524260e-03 1.06586417393404e-05 -4.06807914726715e-05 -4.52560916214321e-06 1.92525567143680e-06 5.94537657782257e-05 -4.15406634452478e-06 -1.90968462202921e-04 -2.71236517663550e-06 4.02364779947214e-06 9.06315092678013e-05 -1.30796093726942e-05 -3.31665873868840e-04 3.46733940323335e-06 -6.60449714635129e-07 -7.20310717553851e-07 -2.84107913245445e-06 5.39958677750046e-05 -1.65180884702311e-06 -4.33302368956516e-05 1.98290154316463e-03 3.63823685622434e-05 -9.81331803074289e-03 2.57613316716201e-04 2.19685588299024e-05 -3.79681333152226e-06 3.80350845721881e-06 5.46437263289243e-03 5.03907684175196e-05 -5.88735936010790e-05 -8.70081790265466e-04 6.43442307226892e-06 -1.46315492679517e-05 7.48475926510027e-07 1.27592101604375e-07 6.78199625309301e-05 -8.04297363089130e-07 -1.31052105122128e-04 1.49546591303685e-06 8.06421942655321e-07 1.32765123334289e-04 -7.65712428361745e-06 -2.71651172916167e-04 -1.37827559276457e-06 -2.02800401823543e-08 3.41533734710283e-07 4.65618857622470e-07 -4.94616674499711e-05 1.87600523397033e-06 7.82912703917069e-05 5.26788307482180e-05 -1.59333078495834e-07 1.61547368785978e-03 -2.05741471986152e-04 -6.41181473904595e-05 1.46810863923410e-05 -3.50460768707156e-06 -5.15191201178322e-04 -1.98492060758796e-03 3.19014376595752e-04 9.55700606421008e-05 2.02133901670206e-04 -4.02331261300470e-06 -4.12213449150672e-06 -3.89604462750538e-06 -1.33459526795722e-05 2.17745246470606e-06 -5.36778897054215e-05 5.88902689387962e-05 -1.28733876012141e-05 -4.47481747075444e-05 7.54558574657591e-06 -1.60319902301911e-04 4.79057273840028e-05 -2.74392652596773e-06 2.03742918669014e-05 -1.34433531431536e-06 5.43707979160205e-06 -7.02307335303910e-07 -2.11423080757516e-05 5.47452452138451e-05 -1.04346982152852e-06 1.42133577011286e-03 -2.13203549055024e-04 -6.97314292337426e-05 -1.76722793437080e-05 -1.87699995936644e-06 -2.05218414847620e-04 1.89356897091266e-03 1.55202347985336e-04 1.11365521481792e-04 -2.08832552848695e-04 -1.42486825707573e-05 5.65283371316489e-06 3.48123520484206e-06 -1.37422359040658e-05 1.67264116675364e-06 -5.24121895412189e-05 -5.25348993874739e-05 8.74051322044773e-06 -4.63607045600375e-05 3.66645908477870e-06 -1.53615994007456e-04 -4.55182183197118e-05 1.93339497178202e-06 -2.02995710938457e-05 -1.38476649315169e-06 4.33827765623311e-06 -9.69323863791531e-07 -2.18787172358169e-05 2.78525817557975e-03 7.52597629664728e-05 5.98517780926908e-04 -4.31913408960812e-04 3.50182233300894e-04 -1.14598317216736e-05 7.88285565461651e-06 -1.00773055328813e-03 2.58030549886657e-05 -3.93203399256036e-05 4.88321755018798e-04 -1.22339321710086e-05 2.10597289858889e-05 -2.51808607803699e-06 3.66777093465954e-07 -3.27589127057189e-05 4.63063473901053e-06 8.70829855433774e-05 1.80964051829519e-06 1.09529608744542e-06 -3.89119496158187e-05 3.44136852492974e-06 4.00030058104432e-05 -3.56918326126358e-07 -4.84929193421993e-07 -3.80610899751659e-07 5.87666862916609e-07 4.19448755894683e-05 -2.11891109039306e-06 -3.64346316907354e-05
 2.31165986073963e-05 -2.20484245213711e-05 -3.74618364447685e-05 1.13336910048362e-04 7.86117243383705e-06 -3.30199775055367e-06 6.01641068649857e-04 4.65189888096451e-05 1.10374183312874e-04 -2.60318726894332e-02 -3.19834861925807e-06 -2.56912433996695e-05 3.15849521021450e-03 1.94265713159320e-06 5.67634401996378e-06 -9.16518373257960e-07 1.01806774238510e-05 -3.41141734019905e-06 -1.37601341442428e-05 1.53456540227612e-05 -5.59738311934740e-06 -3.58886679978623e-05 3.94752517377240e-06 -3.53454950319025e-07 -3.22601623067261e-06 -1.97741378813652e-06 2.64408924778981e-04 7.53062518063556e-06 3.66934182955311e-05 3.38580493182420e-06 2.73851835974541e-05 -5.14708133350154e-07 -1.58691568840979e-04 -7.96155596485208e-05 7.92701896015497e-06 5.83678217026085e-06 2.07368847609569e-04 -3.67140364860860e-05 9.66676181781860e-05 -1.44939180146844e-02 3.74201032855562e-05 3.68038431283764e-07 1.31160090813383e-05 1.16455363008204e-07 -2.55404463117160e-06 5.49948013555705e-06 1.53139668563100e-04 3.88463732741479e-06 -9.84680633846508e-06 1.10541440714853e-05 -7.65712428361745e-06 6.83849356425899e-04 -1.70822958018662e-05 1.29990699696622e-06 -2.97847594090615e-06 -3.57738285224935e-06 9.65648869199906e-05 1.75732998225785e-07 -1.45323910111346e-04 2.75683446171005e-07 -2.63254882705678e-06 3.67486688070180e-06 4.12309110057548e-05 -4.18785020024105e-05 -2.69623909529812e-06 1.16377554783372e-05 1.04983463880399e-04 1.25215507898889e-04 6.70572352803361e-05 -1.08342912907597e-02 -8.10819084357503e-06 2.29918296829438e-05 8.04423508111090e-04 2.34218805218579e-07 2.12261847847613e-04 3.24025328284815e-07 -1.07720279741282e-04 5.51715388977565e-07 -2.37169821805084e-07 6.40009798978882e-04 8.56543590109618e-07 -3.88565074782455e-04 1.34139263115917e-05 -1.84997328333179e-06 1.17148317460085e-04 1.92204435265940e-07 9.43949146078103e-05 -1.49374212526346e-06 8.25897084608974e-05 3.47140066609546e-06 8.03242734140435e-06 2.43155824584278e-07 3.32364695099352e-05 -2.06147018183238e-05 3.16671329727475e-06 3.43283272715782e-06 1.14455590743309e-04 -7.98432605776316e-05 -6.88101642624324e-05 -1.11551388350667e-02 -9.55106757075774e-06 -4.25336705449044e-06 7.95934747846231e-04 -1.83223417062672e-06 -2.15819039752097e-04 3.26704368908321e-06 -1.09912449281148e-04 1.72484157773333e-06 -7.56829379416376e-06 -6.37211965066815e-04 7.46133772292618e-06 -3.93100713170194e-04 2.98917505503988e-06 5.09165612262440e-07 -1.12403811365309e-04 3.57705526910909e-06 9.57524263192115e-05 1.40623235734436e-06 7.94701786918880e-05 2.39898621632807e-06 -1.37529102212218e-05 -2.34086553119592e-05 -8.37186359570630e-07 1.71385493192525e-05 -4.24929921392992e-05 -2.34546891002185e-05 1.05953425488201e-03 6.82866330370801e-05 3.89768662521765e-05 -2.43111974723521e-03 -2.83128237506412e-05 -1.17320907779461e-05 6.74196010307734e-04 -8.92777468635706e-06 1.07053614049617e-06 -6.54176245398817e-06 1.92224501134506e-04 -1.92108526989721e-06 4.04941971997089e-06 8.74206524326834e-06 8.41133824587904e-06 2.51753291267913e-04 7.75709359385207e-06 5.73161551007761e-07 6.78930163800736e-06 -5.94502254918619e-06 3.98704623455516e-05 7.85325322476044e-07 -1.18635916917958e-04 -4.14780910700596e-06
 -1.80691185022738e-04 -3.56032787068309e-05 1.05996456415690e-02 -1.59973197529057e-03 -1.11099478427025e-03 2.33920381048153e-05 -1.44373922270283e-05 1.49884184377480e-02 -2.78912515747748e-04 5.19432481397484e-04 -4.31681038190918e-03 7.61304727622586e-05 -6.05530672847735e-05 8.63131908057130e-06 -2.37418591100054e-07 -1.62570903239487e-04 1.39036336787394e-06 7.52265744498681e-04 -6.59718348634141e-06 1.32571746709924e-06 -3.23875329623981e-04 5.29703903447864e-06 1.43203645927974e-03 -4.15166334810350e-06 1.63635667251048e-06 4.89003789359401e-06 -7.35329914041177e-06 -8.04037465212727e-05 -3.51345695186841e-06 1.67419195054650e-04 -2.72964894253155e-03 -3.39571282005828e-05 2.55016205387224e-02 6.32553547437974e-04 -1.72653730986951e-04 7.90450907176137e-06 -2.96375969052547e-06 -1.37425091623780e-02 -2.32245469861039e-04 4.03018346394030e-04 1.96226064654196e-03 -9.89061922440765e-06 -3.46269273766479e-06 2.53269468137398e-07 -1.25706851593216e-07 -1.36791697337312e-04 -3.41097048533972e-06 2.78473144051070e-04 2.90305380603019e-06 -8.61481349443763e-07 -2.71651172916167e-04 -1.70822958018662e-05 7.18636019146143e-04 1.99844250774908e-06 -4.48436729058906e-07 1.77458635435730e-06 -5.94872582289112e-06 1.14887732416773e-04 -9.03394258122949e-07 -2.09311984565287e-04 9.58977230623695e-05 -1.08282344344481e-06 -3.26382936002487e-03 -2.53950670895035e-04 3.25912627072558e-04 1.88290804644215e-04 -2.94139731081000e-06 -8.88209244798744e-03 -5.41804255707833e-04 1.67189020786161e-04 -7.49031673508460e-04 -2.36465107398394e-04 -2.13574839305297e-05 5.31622019520968e-05 -4.08101534842018e-06 1.49812948716902e-05 2.32228992213497e-06 1.94107417245367e-05 1.06819275632175e-04 -9.97905238736583e-06 9.17174590686084e-05 5.94387845868887e-06 8.30593164239845e-05 -1.22028049285286e-05 -2.56246943458096e-06 -4.11978681494055e-05 -2.11483051132795e-06 -3.56922741851872e-07 -3.15310706331711e-06 7.25575792181062e-05 8.56310689702545e-05 -3.16614070110434e-06 -3.09519449111120e-03 -3.19818228092179e-04 3.18257055055060e-04 -1.99361347387236e-04 -2.15743819779988e-06 -8.97482474194173e-03 9.81420775284729e-04 2.10348273199885e-04 -7.83790457071344e-04 2.15844529721789e-04 -1.78972998373696e-05 -4.71472013690525e-05 3.99950327771001e-06 1.03637971844473e-05 1.94068088094832e-06 1.45474862749055e-05 -1.00713164040960e-04 1.14632649789625e-05 8.86244527277830e-05 9.43868142631302e-06 7.34162990126857e-05 9.57132614934636e-06 7.94150948249711e-07 3.93550400958071e-05 -1.16461104311602e-06 1.05093182308667e-08 -1.88094122613769e-06 6.90769261951669e-05 -3.71805813249925e-03 -2.29147719916172e-05 -2.67414343718528e-03 1.55329844034550e-03 -1.30649137559307e-03 4.72927467895282e-05 -2.56997453141082e-05 4.04701505737236e-03 -7.62335131261131e-05 7.30549163179594e-05 -2.00372181545948e-03 3.21125922828671e-05 -2.57417559360274e-05 1.23153620814030e-05 -1.93214547475336e-06 1.65981282787550e-04 -9.63734189600465e-06 -3.53334414780658e-04 -1.41393441663947e-05 4.87918533042713e-07 1.62229828682554e-04 -9.53051035630973e-06 -5.85635149535083e-05 1.37766685322928e-06 -1.64398190790245e-07 -4.95101667724833e-07 3.93948083913671e-07 -1.62168066736881e-04 9.44455879825917e-06 8.23014010804692e-05
 -4.94188185833846e-06 -1.22820005843325e-06 2.67375724753684e-05 -6.14845589078608e-06 -2.77978840760308e-06 -1.82989842190935e-04 -3.47944784923704e-07 8.81818340226788e-05 3.72009927658413e-03 6.41780203615376e-06 -2.54398884105168e-05 -8.34029212803925e-04 1.24288561166221e-06 8.46005588225371e-05 5.32148339727577e-07 -1.25062704566832e-06 -1.00491543525409e-06 5.06786508094448e-06 4.34649855076289e-04 3.04481015770750e-06 -6.96188631185156e-07 -2.15168523279164e-06 9.08599700440308e-06 8.15875223139490e-05 -5.22168044685323e-07 -2.80637783209686e-05 8.13480461926180e-07 -8.28621943178547e-07 5.03005278833447e-07 -1.57323132931682e-07 1.86510464199825e-05 -6.48708847482486e-07 1.93000826505946e-04 -9.30255913498093e-06 -3.56155514104253e-06 -1.42201813398326e-04 6.07863670396881e-07 -5.75572643489490e-05 1.15254738184727e-02 -7.34101140145881e-05 1.51629905291392e-05 3.38730640534152e-04 -4.95918440512736e-06 -6.68255166285283e-05 1.78857978515807e-06 -3.14233058332351e-07 9.66366620438020e-08 1.91474687999395e-06 -9.74949029479959e-05 -5.82592649650355e-07 -1.37827559276457e-06 1.29990699696622e-06 1.99844250774908e-06 8.85474582845821e-05 6.15713711768964e-07 -1.12906252308571e-05 5.15790550905372e-07 7.51205604769407e-07 -8.01070709500569e-07 -1.30911473099969e-06 -8.53318956409865e-05 -2.90706399180490e-05 -1.54135049265437e-04 -5.06167941779792e-04 -1.44239290685371e-05 4.14356740042491e-05 -1.33429191410735e-06 1.21478807475919e-04 -1.33404117204599e-03 4.78711537326324e-05 -3.08803951991298e-04 1.49680400051871e-04 2.70522500329571e-06 -3.67414870202469e-05 -2.87519607923688e-07 -2.49887820590531e-05 4.70705327649235e-08 -8.40521973964556e-06 -5.15996528803304e-05 -1.16648255603151e-06 -3.78509152817626e-05 8.31818841000668e-07 5.66364430687851e-06 -4.21965661938434e-06 -3.82742399158728e-07 5.95049217971558e-06 -1.50508974095890e-07 -1.07308354499905e-05 -6.19033830502923e-07 -9.07510077748072e-06 8.78159679143586e-05 2.81234348350907e-05 1.73968692937366e-04 5.14132723933971e-04 2.31691235642227e-05 4.37162018865401e-05 1.34199408034033e-06 -2.51410244853155e-04 -1.36241607323405e-03 -1.29124989818491e-06 2.98383790642019e-04 1.56537306768909e-04 -1.37716648152120e-06 -3.79550929985900e-05 -1.15828301331976e-07 2.54788606413480e-05 2.08568601163984e-07 8.95787005952487e-06 -5.39463651992785e-05 9.05997863922084e-07 3.87398390014342e-05 -1.26181256902609e-06 -5.44608304701139e-06 -4.57416996033812e-06 3.88060545078336e-07 6.59805476491545e-06 -3.12767086242708e-08 9.74759862736871e-06 -5.15048048687075e-07 1.03191605532489e-05 1.34212138186817e-05 -9.99027839468479e-06 2.00776942355790e-06 -1.00595028867412e-05 4.95364581889590e-06 -1.29161597537794e-03 1.94112852736586e-05 -8.89325744039788e-06 3.60253113867744e-03 -3.25857308236785e-05 4.19049759512314e-06 -1.41879773266769e-03 1.03813634422526e-05 -4.12080259792037e-04 4.15663230805719e-06 -4.49896923425972e-06 6.24717100608426e-06 3.59376368783649e-06 -2.14656652772413e-04 5.95103359100495e-06 2.37600161627171e-06 -3.81192078689322e-06 1.32277516637244e-05 1.49716819739135e-04 -6.14672581707671e-06 -2.04544263793994e-05 1.99851182316790e-06 -6.52971569212121e-06 -2.07741375118588e-07 -2.84509219983882e-06
 1.50133663533789e-07 2.25818791802383e-07 1.28936213633901e-05 -1.28113596768342e-06 2.02103771144117e-07 -1.42370149724819e-06 -2.55368522594577e-06 2.18813840525613e-05 2.87916787542415e-05 1.13222873134200e-04 -1.72011763137132e-07 -3.43186599198154e-06 -1.30533686066201e-05 3.91610742836262e-07 -2.22442680141507e-05 -1.66194833713159e-07 -2.95940656471043e-07 -9.24776754102789e-07 2.20803396905619e-06 -6.11502102835149e-05 8.81405363861904e-08 -9.72185872089831e-07 -2.27529146306087e-06 6.04047452540978e-07 8.54503312179718e-06 -2.71404909022816e-07 -1.16372672376703e-06 -2.05830107125423e-07 -3.09272307893953e-07 -1.14056185457859e-07 -1.10908708487336e-06 -2.93701451845765e-07 -4.22830136740923e-05 -5.98948386066373e-06 4.92953742971523e-07 -5.87392269202171e-07 -1.97169959262323e-07 -1.80934938821966e-05 8.25833503459689e-05 4.33038979578892e-05 5.46174200762654e-06 1.04088439565600e-06 -1.45750804008196e-06 -4.69986856491640e-07 -6.06574545862363e-07 -2.28738050986682e-07 -5.55115813154203e-07 2.98912871853023e-07 -5.91257305891082e-07 -3.45781889377644e-06 -2.02800401823543e-08 -2.97847594090615e-06 -4.48436729058906e-07 6.15713711768964e-07 6.90966249034526e-07 -1.47495066025793e-07 -4.15406508189977e-07 1.18338633138789e-07 4.86552785220690e-07 -5.86415658773417e-08 -1.37345839259414e-06 -6.18952648473311e-08 3.07918465685204e-05 -2.99755795029857e-06 -3.55801992061396e-07 -5.70975740559080e-07 1.43524744271808e-05 2.52437470734506e-05 8.28745827767699e-06 -7.36605788201722e-04 -3.00117353879261e-06 1.77782076900101e-06 -4.82506592019166e-05 -5.33211322083254e-07 4.23451337688521e-06 -2.29324096384218e-07 -2.35483311922810e-06 1.66495935496423e-07 -9.89739573491588e-07 1.27753132226840e-05 -4.22149625973956e-07 -9.41221424538444e-06 7.33690598716926e-07 -3.37742022222610e-07 2.58832459257150e-06 6.70871526628178e-08 6.43784602202582e-07 -2.01575027748404e-07 1.44719179304876e-06 -1.99168643497957e-07 2.00344071830055e-06 1.96849763208348e-07 -1.09366658438117e-05 8.00597202383640e-06 -5.25777072235116e-07 8.73793580143655e-07 -1.53608650595877e-05 3.20456237449481e-05 -2.26164456189614e-05 8.43199252521105e-04 3.62457572945800e-06 2.88994608912478e-06 4.12811847389641e-05 -7.79572956601423e-08 6.10182985434814e-06 1.46670213317453e-07 3.35335834756843e-06 3.83631598745332e-07 6.90941018538259e-07 1.84180750623955e-05 -2.47372332059275e-08 1.26480884103075e-05 6.55012312610817e-07 3.27488637946755e-07 3.61898395640320e-06 6.17822478179654e-08 -1.43596534551915e-06 3.92560996226873e-08 -2.09983576517100e-06 2.61295487491691e-09 3.60939826885861e-06 5.81118758693359e-08 -9.51679119228579e-06 6.52033552588320e-06 -1.04714945923010e-05 -1.00747361280286e-05 -2.09854782270905e-06 2.04817968700593e-05 2.76120361186343e-05 4.51796627628609e-06 -7.57182704556717e-06 -1.07878757042823e-05 -8.68890907138140e-07 -3.31748994504944e-06 2.97496338033624e-06 8.69099976875120e-07 -3.84497366801375e-07 -1.83547725577752e-06 -1.71379154082093e-06 -1.45102359055891e-05 -2.49393391929967e-09 -5.76219365121097e-07 -3.50058630115969e-07 1.33436704501623e-06 9.07739411863310e-06 -2.31056259569847e-07 -6.19156800206890e-08 -3.54610455095591e-07 2.37519255056348e-07 7.16054747766966e-07
 5.31801375409801e-07 -1.85962059107776e-07 -8.43285893481679e-05 1.98342552732940e-05 -1.96630360967580e-06 7.48921450776437e-05 -3.30145402414788e-06 -5.52834154753568e-05 -1.08201561711730e-03 1.34724447029120e-04 6.24221524683115e-07 2.89194182293832e-04 -1.56498011974387e-05 -5.42202843938525e-06 2.30856519224264e-06 9.70693039051550e-07 -6.27450034614498e-07 4.57758502678246e-06 -5.64947071856488e-05 5.61997049692389e-06 -2.63994326120587e-07 -1.74916453947932e-06 9.36343612320109e-06 4.61914975943737e-07 -6.88320019720022e-07 7.28803932379995e-06 -1.39745511474678e-06 5.63728545745670e-07 -6.06264420311260e-07 -2.92266319923083e-07 1.31284985064866e-05 1.05447221492058e-06 9.61065871432042e-05 2.39231547022470e-05 -2.30528313528427e-06 1.01268495148771e-05 -1.29524021621035e-07 2.91323225984261e-05 -1.17393618195957e-03 4.26581717919128e-05 -1.35410640398499e-05 -1.55310199847161e-05 -1.67999478516724e-06 9.33710225800929e-06 -2.22887072576861e-07 6.10540530026499e-07 -5.88834601140157e-07 -1.07233812833107e-06 2.40282335254769e-05 6.59370766213525e-07 3.41533734710283e-07 -3.57738285224935e-06 1.77458635435730e-06 -1.12906252308571e-05 -1.47495066025793e-07 2.15637690234281e-06 -5.28099056883832e-07 -2.08624696549475e-07 5.41838411533750e-07 -1.37343470471684e-07 3.04496361332317e-05 6.40697478955583e-06 -2.24464372134999e-04 1.08832325626585e-04 1.88286966654600e-05 -7.40626680048992e-06 -2.14265638339169e-06 -7.93523556233060e-04 1.48629387024431e-04 1.46662330704125e-04 2.78778316393806e-05 -6.38970884033796e-05 7.16516322220101e-07 1.47593700879032e-05 -1.68573036278779e-06 7.48820255342264e-06 9.04702417888864e-07 1.23284135897574e-06 2.95219977836367e-05 -5.14467697040867e-06 1.41632963767304e-05 3.17372909193585e-06 -8.23977111593913e-06 5.26174122141030e-06 -9.62084133905264e-07 -3.31945977761332e-06 -6.46847637545150e-07 3.09903941428054e-06 -5.53929206524380e-07 7.05061017625918e-06 -3.00736388168463e-05 -5.86961777483764e-06 1.62222944285219e-04 -1.11070250680675e-04 -1.35932513763345e-05 -1.08853426754810e-05 4.09254005148962e-07 5.27881020589128e-04 2.25936579602960e-04 -1.36657161856157e-05 -3.30964772512992e-05 -5.95648413052940e-05 -8.34597656661285e-06 1.22674577873024e-05 7.35621286488312e-07 -7.01062451169340e-06 2.76241846815712e-07 -2.72410605771930e-06 2.17307258159751e-05 1.60723254243911e-06 -1.26438507205068e-05 9.49046419825269e-07 3.17821038555343e-06 3.01978435884913e-06 2.23100954976490e-07 -3.09751840366733e-06 -3.84757699743977e-07 -2.47294989936429e-06 -1.88423113459480e-07 -5.87901291061096e-06 1.47116414728795e-06 1.49129782584802e-06 7.40598494261481e-06 -5.56586895450464e-06 1.42989645483023e-05 1.06405177072943e-04 -3.84047728814251e-06 -2.46957358713983e-05 -3.03965047044172e-04 4.36549650633730e-06 6.95779469799315e-06 1.11919817125566e-04 1.67708982985500e-07 3.75845957742606e-05 -7.09206972380906e-07 -5.73842286190307e-07 -6.05067205041817e-07 2.16432015746927e-06 2.62461533128361e-05 9.25719308776351e-07 -5.11257010750770e-07 2.18731395927938e-07 5.31053863468770e-07 -1.72071814888407e-05 -2.16136924916956e-07 3.37268051515508e-06 -1.26297336978861e-07 1.15807463276783e-06 2.11223345294785e-07 -1.14143706779487e-06
 3.00599098421436e-06 -3.21232891176379e-06 -3.19252882910881e-05 3.93698017069871e-05 3.60828465796437e-06 -4.94938129503152e-06 5.40794539886618e-05 -2.12006666593144e-05 7.83400919012780e-05 -2.92901426502552e-03 6.40942469839972e-06 -2.68524151812852e-05 4.06838782958854e-04 3.91745256036264e-08 2.15587407807443e-06 5.32805585253624e-07 -5.42557412940815e-05 -4.08631670026206e-06 4.39875007636094e-08 6.72411850849643e-06 -2.63126062483308e-06 -1.69082140635683e-04 -9.08155985553522e-06 -1.19521781883539e-06 -9.36766059986160e-07 -8.13639247318386e-07 3.76970511258005e-05 1.04683736409685e-06 -2.45853143580163e-05 6.44985861961285e-07 -6.79273128077630e-05 2.50288631894262e-07 -1.94528978259849e-04 -1.29889566180564e-05 4.55019722486796e-06 1.02360699281225e-06 9.60184191759792e-05 1.11403898861854e-05 1.21435494884038e-05 -5.07388654706081e-03 1.14688584446234e-06 2.35962307678672e-07 -1.54733753448730e-04 -1.44297970136670e-07 -3.45656685966555e-07 1.16502715232098e-06 3.42742266068625e-05 9.67037650535912e-09 -2.79048792314198e-06 1.84788832307917e-06 4.65618857622470e-07 9.65648869199906e-05 -5.94872582289112e-06 5.15790550905372e-07 -4.15406508189977e-07 -5.28099056883832e-07 2.09996061089443e-05 -1.82909694539478e-07 -3.55217025204669e-05 6.26196447944901e-07 -9.62284572805489e-07 3.76134574561944e-07 4.44164919701485e-05 -1.42241103036757e-05 -4.77802229261298e-06 2.14193186621834e-06 -1.07139647356225e-05 1.34417590949285e-04 2.23863061712529e-05 -1.59787234040536e-04 2.50108460520346e-06 1.13723871048830e-05 1.43894717187190e-04 -1.24297823156237e-06 1.61780578293937e-05 -3.50894892329510e-07 -8.94499966873338e-06 2.93995443997009e-07 -2.33006515303110e-06 4.77692879514397e-05 -4.39866038069772e-07 -4.37819990238992e-05 3.29527684898920e-06 -8.55347576019484e-07 9.87200455663170e-06 2.56402931136235e-07 9.21701904333894e-06 -2.28747740522408e-07 4.94788580993326e-06 -2.68713091645124e-07 1.52707051834050e-06 6.72800525112556e-07 4.52487489765147e-05 -5.46478117136214e-06 -9.01429517611833e-07 1.10053863659579e-06 -7.48176413355767e-06 -1.44006461395718e-05 -4.38077718036285e-05 -3.07208134278784e-04 2.59670610021119e-07 -2.42113407756207e-06 1.37376051331284e-04 -8.02025357896868e-07 -1.74582639356265e-05 7.03528746480300e-07 -9.61673728831313e-06 6.18987402679067e-07 -2.29111291063538e-06 -4.94048747330076e-05 1.99550480173820e-06 -4.58640181915906e-05 8.60420367283752e-07 1.72990522149327e-07 -9.66103863057937e-06 6.06372681698242e-07 9.58790809799669e-06 2.38301188773571e-07 4.87200616250779e-06 5.38674610223996e-07 -7.55692437970775e-05 5.80222686872985e-06 -2.80863696076366e-05 1.97117006093781e-05 -1.23998293930017e-05 -3.59215241243128e-06 4.45988725796779e-04 2.92294620297556e-05 1.03072345303585e-07 -1.30161067318893e-03 -1.22922526932107e-05 1.95837070777760e-06 4.97772942437675e-04 -1.48593101011747e-06 1.89481703435860e-06 -1.96823899104465e-06 1.17974996591264e-04 -1.91799553808237e-06 2.04678763696342e-06 4.85791367323009e-06 4.94776904730723e-06 1.28942838407657e-04 -1.42594675199874e-06 -3.46586879732997e-07 2.55418380862927e-06 -2.54970706915455e-06 2.88264880382609e-05 -6.20989355590770e-07 -5.72949574698709e-05 2.17940327291386e-06
 -2.65582240433107e-04 -2.57700909141579e-06 2.42382701878684e-03 2.89690083926337e-04 -2.53640734553772e-04 -5.04086502588759e-06 -1.66990245817075e-06 5.49664257263164e-03 3.73357442501986e-05 7.24819322020497e-06 -1.06801974004031e-03 -1.66219356275101e-05 3.74216587200190e-06 1.32051910259750e-06 -9.34235704313489e-07 -1.67909176799251e-05 -6.53722523355819e-07 1.75328987988144e-04 3.07929904944442e-06 -2.21036734861287e-06 -6.24451782664312e-05 -7.13981408392678e-07 3.04047404035074e-04 -1.17707943233145e-06 5.49194362113667e-07 9.86369499510756e-07 -5.52512394812900e-07 -3.14999888133111e-05 -1.12227983474422e-06 2.59786622103667e-05 -3.17653446041915e-04 -1.64940415188065e-05 5.54376018945237e-04 -1.12466386617126e-04 2.56715163731341e-05 6.26549367409102e-07 3.59391504458663e-06 -5.89202439088367e-03 3.71836538737416e-06 -4.05075981711330e-05 1.05340043508418e-03 -1.84949835863331e-06 -6.64119238114787e-06 -2.10060425901202e-07 6.88631991323557e-09 -4.75628835465053e-05 4.77449580316331e-08 9.07616316006653e-05 -7.96741399990288e-07 -1.41848249214048e-07 -4.94616674499711e-05 1.75732998225785e-07 1.14887732416773e-04 7.51205604769407e-07 1.18338633138789e-07 -2.08624696549475e-07 -1.82909694539478e-07 3.89100244082821e-05 -1.20734763679232e-06 -6.83406094273961e-05 -3.21359014331052e-05 4.18868424998620e-06 -1.14414568892232e-03 1.06725789276904e-04 8.23450169321014e-05 1.55983007254337e-05 8.60157078177726e-08 -1.51787099994915e-03 8.09593927119978e-04 -2.85295765133185e-05 -2.18737951460639e-04 -1.68288130925357e-04 -3.19728782788903e-06 1.26114623585400e-05 -3.66427419186660e-08 1.21704658052915e-05 -2.51361375141620e-08 2.49632508042129e-05 -4.22270839505663e-07 7.55924721167384e-07 2.28763341936966e-05 -1.15809651482507e-06 6.41290339291801e-05 -1.83920668988490e-05 1.59737181245429e-07 -1.36206159094579e-05 -1.73851733689497e-07 -2.25137924880881e-06 -6.45638004033932e-07 1.78894740465437e-05 -3.15854409286511e-05 5.41794311749935e-06 -1.12694069950657e-03 1.02599237134177e-04 8.15263328494072e-05 -1.81375457546765e-05 -9.99799283454796e-07 -1.64222832312434e-03 -7.84657058276327e-04 5.66613908127819e-05 -2.22968162205353e-04 1.70022171934092e-04 2.17280616801394e-06 -1.37880267008028e-05 2.79080726933706e-07 1.25957802571782e-05 1.89017642353584e-07 2.47211779702460e-05 -4.39980293730737e-06 1.17851489212446e-06 2.56928183152977e-05 8.95953818432313e-07 6.27501799174492e-05 1.73180776386958e-05 -1.08237072994077e-07 1.39232739354037e-05 3.83274005213144e-09 -1.37871203637329e-06 -4.11504204666381e-07 1.89873071574480e-05 3.12174292817913e-04 2.14463475564285e-04 -2.59796429102999e-03 1.56792943537594e-03 -1.84056349496395e-03 2.08497254652133e-06 8.47791180474877e-06 4.26550581792927e-03 3.01345440285571e-06 -1.98881410928270e-05 -1.80091150318683e-03 -3.18258151254014e-07 7.70167359844680e-06 2.15273559523801e-07 1.97528130496490e-07 1.92269984779052e-04 1.04292093562693e-06 -3.87424407207309e-04 -3.66840098961745e-06 -9.77309711859908e-07 7.25212159239540e-05 5.77573398782484e-07 -7.53687734921379e-05 1.34446347476435e-06 5.20953204520235e-07 -6.91871957422988e-07 1.94534008098391e-06 -1.15735739146162e-04 2.20230009903923e-07 1.27886037205640e-04
 -3.63323275681606e-06 5.70831569142336e-06 -3.45312461899632e-05 -7.57830530826872e-05 8.54035559495471e-06 -8.36719305975174e-06 -6.45917316522302e-05 -1.15824942950111e-04 6.48484915137794e-05 4.00348300780331e-03 3.75579464432905e-05 -1.77932889423818e-05 -5.91624011545314e-04 -1.80837607615697e-06 1.11766453443588e-06 2.66920808378265e-07 1.12146482290423e-04 -7.73703547010055e-06 1.29890861568107e-06 1.54512215497219e-06 1.01129831904537e-05 3.44469244777483e-04 -1.45548113105238e-05 -5.87049265719665e-07 -3.68943505983223e-07 3.07114918464033e-07 -5.69208638395108e-05 -7.58078919165076e-07 5.33653625267893e-05 -3.14317270620128e-06 -5.74127600641203e-05 -1.39284623678113e-06 -1.07390942331072e-04 1.91152918207742e-06 -4.02475314542260e-06 1.70140472316219e-07 -1.81301550138193e-04 1.46755305838521e-04 -8.60194631787511e-05 9.29663575052336e-03 -3.04207887350635e-05 -6.45026180377624e-06 3.19055032788843e-04 -9.35478845691300e-08 6.90571897574142e-07 -3.67539931692580e-07 -5.85528956693490e-05 -3.13559967949519e-06 8.86730933547401e-07 -2.24062279179446e-06 1.87600523397033e-06 -1.45323910111346e-04 -9.03394258122949e-07 -8.01070709500569e-07 4.86552785220690e-07 5.41838411533750e-07 -3.55217025204669e-05 -1.20734763679232e-06 6.18260267693031e-05 1.95274207253808e-06 -3.19076825250004e-07 -1.53600753263945e-06 3.39633128353451e-05 1.89515765883994e-05 -2.65142272152104e-06 -6.08639152651481e-06 2.66510165925170e-05 1.94569388194057e-04 -1.94678534058540e-05 -3.26256779995262e-04 1.18639304935483e-05 -4.75802228017392e-06 -2.22791372901039e-04 -2.26536958304942e-06 -1.80335751548679e-05 -1.06218671614743e-06 1.06896257937627e-05 -4.19448979012552e-07 -7.01545908596209e-06 -5.23184679780834e-05 -3.78522230600099e-06 6.24434535635188e-05 -2.91774071738838e-06 -4.32776003855487e-07 -1.19198050077583e-05 1.00337509677500e-06 -1.18632170979215e-05 -3.66330135314822e-07 -4.20567208897070e-06 -2.57077685478280e-06 -1.35747845067853e-06 -1.01116169126090e-08 1.96943979257084e-05 3.27739001357641e-05 -6.34412362392867e-07 5.70733471231171e-06 2.76763859270165e-05 7.89943049573926e-05 -2.87674927730938e-05 -4.12082080266174e-04 1.16508664545033e-05 9.72922313936848e-06 -2.30710190075300e-04 2.85923813404293e-07 1.79854781804773e-05 -1.62361575704309e-08 1.06099675670419e-05 2.55921491251849e-08 2.14421121848057e-06 4.87586836702390e-05 -2.06087978307340e-06 6.12753255050549e-05 -2.78267971277719e-07 -3.52832112105259e-07 1.04694672591368e-05 -8.18670012689564e-07 -1.20771183966686e-05 -7.58946640467702e-08 -3.47105021023190e-06 -5.49976197099311e-07 -3.59109588075659e-05 -8.65863196453239e-07 6.91596514689583e-05 -4.26977705764822e-05 3.87014086448088e-05 2.15121186096321e-05 -8.33946828544809e-04 -1.09293428346265e-04 -4.06486794376868e-05 2.48420700921321e-03 5.09640120154003e-05 1.31312623250147e-05 -9.69576803368214e-04 6.40854706593419e-06 -4.47524395896132e-06 1.08179473719489e-06 -2.27234257531940e-04 8.02213257243637e-06 -2.03380852632767e-06 -6.01328018898787e-06 -1.18793468464243e-05 -2.45149987218090e-04 2.72574605263930e-06 -3.91760433678774e-07 -6.82885141862682e-06 4.83160001123279e-06 -5.61205501682840e-05 3.22059911619782e-06 1.08308563511066e-04 -4.18633692442695e-06
 3.40274060467021e-04 9.05047093741225e-06 -3.79512466605835e-03 -7.46758129958368e-04 4.40170208145919e-04 -1.46060339206855e-06 2.26334343577034e-06 -8.90501013436051e-03 7.53587569914235e-05 -1.79748002898611e-05 1.81457364622146e-03 -1.16306761303528e-05 -6.73401488866832e-06 -2.66825742838987e-06 -7.81355820906073e-07 2.56812053146959e-05 -4.80612184172681e-08 -3.69213847198642e-04 -4.11232719407229e-06 -2.26580847568683e-06 1.20919424930881e-04 -1.80557220817208e-06 -6.44803083173824e-04 -7.51186852881285e-07 -3.44625457975634e-07 -2.77420087945969e-06 1.30170384117105e-06 4.71816684675472e-05 1.57732402849205e-06 -4.90140531463594e-05 5.71566754058082e-04 1.73552161353414e-05 -8.74077137587073e-04 -1.03648092954087e-04 -2.47176819101573e-05 1.00282832600748e-06 -6.17616593069797e-06 1.06372678786029e-02 -6.61855163888433e-05 2.27052608840457e-07 -1.78394686632077e-03 -3.89917660789529e-06 1.16510967320402e-05 3.45227801556186e-08 -6.59561972394656e-08 7.76677530931180e-05 2.27139404170480e-07 -1.51593593585514e-04 -1.25977964022416e-06 -3.40122795278231e-07 7.82912703917069e-05 2.75683446171005e-07 -2.09311984565287e-04 -1.30911473099969e-06 -5.86415658773417e-08 -1.37343470471684e-07 6.26196447944901e-07 -6.83406094273961e-05 1.95274207253808e-06 1.25565100668544e-04 -4.03176027171508e-05 -1.15675150519859e-05 1.90535063401959e-03 -1.35456721838355e-04 -1.86890473093224e-04 -5.43123651137751e-05 7.73894615118391e-07 4.76874916034927e-03 -8.07283156847265e-04 -1.87028275959572e-05 4.68189986584885e-04 2.97182458888533e-04 2.91895881305885e-06 -3.74425575413502e-05 4.42153806074936e-07 -2.33621975299171e-05 -3.29138264645726e-07 -3.00282075010000e-05 -5.68109768495497e-05 -1.18308293427205e-07 -4.66065338535465e-05 6.83459496212086e-07 -6.99633154253501e-05 1.47998316527934e-05 2.34869086363623e-07 2.49473619025436e-05 3.90860938887770e-07 8.62609218301973e-07 1.14134143780325e-06 -3.97860200992570e-05 -3.85628128973990e-05 -1.23911061558153e-05 1.85772496460391e-03 -1.00620972770514e-04 -1.77124176523972e-04 6.28863427381871e-05 -2.70041295437084e-07 4.66719208045441e-03 7.42866360156895e-04 5.24099767305587e-06 4.70426377788916e-04 -2.80745706272058e-04 3.55351314979797e-06 3.53668748588586e-05 7.32710332342957e-08 -2.21406013266462e-05 -3.36280819460151e-08 -2.92158167140989e-05 5.63175415980393e-05 4.91198462975793e-07 -4.81774363320799e-05 -2.65967228240364e-07 -7.06033666106531e-05 -1.45989041300371e-05 6.40260651161602e-07 -2.45148198047328e-05 -2.49261717163316e-07 7.14180001586653e-08 4.36742656601106e-07 -3.93303109726348e-05 -9.54970647229071e-05 -4.83019347829006e-04 5.02973163100123e-03 -3.00427568762786e-03 3.37927244198496e-03 5.76111283440729e-06 -8.62146322973971e-06 -7.93489187290394e-03 -3.75931888363939e-05 1.35644903584252e-05 3.39049294695865e-03 1.52300272133621e-05 -4.49677016434939e-06 1.92625757301029e-06 8.36434938916527e-08 -3.60383348300702e-04 6.72965635666280e-07 7.21923084088742e-04 8.62087650803275e-06 2.13295847437357e-07 -1.36826404180744e-04 1.69027990162712e-06 1.21622465033889e-04 -2.87739100190864e-06 1.54448106492610e-08 1.19771021305882e-06 -3.00408661940818e-06 2.17730905346186e-04 -2.22873979961622e-06 -2.30256112927646e-04
 2.04522494800804e-03 -1.79746022512810e-03 -3.92036911802688e-03 8.54644877110966e-04 -2.73196447728908e-03 6.27277464106814e-03 -2.13061250867977e-05 3.33038108329172e-03 -8.86803714674144e-03 9.75533227857773e-05 7.34689812455937e-04 5.16986053475920e-04 -1.71579628856354e-05 -5.08439607902706e-04 8.94136379077545e-07 -3.07038066410864e-04 5.80443912272531e-07 -4.07004210494948e-04 -1.55960444795703e-03 -2.67947021788480e-05 -4.53031030013533e-04 2.44517279962286e-06 -7.01524889955782e-04 -2.77601764617000e-05 7.06496621311879e-06 -2.79043766430066e-04 7.44005894390741e-06 1.06420691710846e-04 9.06671089397743e-06 4.56291539411076e-05 5.16473436748492e-04 -1.55189152543841e-04 2.72915851729942e-03 -8.86919819565226e-04 -3.37149536515883e-04 -1.54763135963437e-04 -2.05236979484995e-07 2.73164102230328e-03 -3.03295648361358e-04 1.74883461035839e-05 4.48898249972619e-04 9.47617356848244e-04 -2.04649472246760e-06 1.97134609558052e-05 -1.54646372379338e-06 -4.51051276665386e-06 -5.14621948735359e-08 -4.05441251367117e-05 8.43520000895396e-05 4.02224962695990e-06 5.26788307482180e-05 -2.63254882705678e-06 9.58977230623695e-05 -8.53318956409865e-05 -1.37345839259414e-06 3.04496361332317e-05 -9.62284572805489e-07 -3.21359014331052e-05 -3.19076825250004e-07 -4.03176027171508e-05 1.98969597111387e+00 7.48323734087625e-03 -3.12578626746162e-02 5.42969935449807e-03 -5.08454806988379e-03 9.78411575924049e-03 1.14763525149702e-05 3.45052361170923e-03 -5.81554080900981e-03 5.83593252843432e-05 -9.08783757280429e-04 2.02238834505347e-03 5.48758420755123e-06 -5.98198189112563e-04 9.32966211969947e-06 -3.53780059897173e-05 -1.78849674985114e-05 -4.70553668297828e-04 2.45096794657183e-03 -2.37501353966977e-05 1.49866824959029e-03 2.00941170578799e-05 1.83512855499458e-03 -1.12948961231617e-04 -1.84033202935670e-05 -9.35072388123077e-04 -3.21643364962606e-05 4.18827649034942e-04 2.15272672765154e-06 1.13363151715817e-03 8.76176475045433e-04 -3.66477630273148e-04 2.23985027503483e-04 -7.65007737958810e-04 2.25412301471544e-04 7.44747439721055e-04 -4.45525635103947e-06 3.80915305326048e-03 -1.06546710379314e-03 4.92240145024369e-05 -2.78646323423913e-04 3.06920385195900e-04 -4.97427607855836e-06 4.35438921299794e-05 1.47773375699120e-06 -3.13144501118523e-05 8.66098575926089e-07 4.67799862933720e-05 3.57860536919758e-04 -1.12486986547878e-06 -8.15265399604870e-05 -1.06416419579514e-06 -1.14783270698318e-04 1.19900240578898e-04 1.16224884422153e-06 1.14557820711880e-05 -1.00630754080899e-06 -4.00713863874625e-05 -2.65663486985641e-07 -1.25724915604374e-04 -9.76338595957383e-04 -1.14992480323020e-03 2.56259810433557e-03 -1.75007624961656e-03 1.17455097218415e-03 2.41845430720818e-04 -4.50137393844953e-06 -1.59019705743043e-03 -5.24040964162111e-04 6.98404583657908e-06 8.11079280378469e-04 1.26322462370008e-04 -1.88981265951838e-06 1.70984246950872e-04 -2.34826008021743e-07 -1.18366136406099e-04 -1.24049509908224e-06 1.76733376113778e-04 1.03794248669147e-04 -1.55499978723541e-07 2.56935953789769e-04 4.07397716431740e-07 -3.87096797724323e-04 -1.33168204031841e-04 1.17155691527493e-06 5.10389417310664e-05 -1.29552683442073e-06 -1.06484120581537e-04 4.80376353529869e-07 9.96590285351189e-05
 4.30375300142863e-04 -1.35009283225066e-04 -6.85098287529298e-03 1.84495020924223e-03 -2.57312628892949e-04 5.74661275546084e-04 3.01329834665365e-06 2.98447560707617e-03 -6.40687658440895e-03 -1.31124572418496e-04 -1.22258519543483e-03 2.35937251123165e-03 1.98683900287011e-05 7.98345219266289e-05 -7.05478655804420e-07 2.37021468453003e-05 -9.01507593829153e-07 7.57237793859939e-05 -1.14814416553603e-04 -4.35157267236783e-06 -1.53424662334965e-04 -7.97073500478039e-07 -1.09445119364965e-04 6.50848429920282e-07 6.08381363480096e-07 2.51748660756954e-05 1.46549027221156e-06 1.59569214352408e-06 -5.02356466356317e-07 -2.10755636736132e-05 -2.00434118455635e-04 1.54739700611793e-05 3.28919506164335e-04 5.04452087372315e-04 -5.40774272194683e-05 7.69395105981437e-06 2.56266305914637e-06 -9.11190933505688e-04 -1.59030850327822e-03 -1.01717671922491e-04 -1.53308253081873e-04 -1.10067467297928e-04 -4.89672303736818e-06 2.33885679302001e-05 -1.07236703831054e-06 7.18516416514546e-06 9.21395471704141e-07 -1.37456459713113e-05 1.08351161389685e-04 1.53926499079233e-06 -1.59333078495834e-07 3.67486688070180e-06 -1.08282344344481e-06 -2.90706399180490e-05 -6.18952648473311e-08 6.40697478955583e-06 3.76134574561944e-07 4.18868424998620e-06 -1.53600753263945e-06 -1.15675150519859e-05 7.48323734087625e-03 1.54653289201339e-04 8.05097047522856e-03 1.12327826488965e-03 1.57432651495083e-04 -2.38303936046538e-04 4.65667285260015e-06 -5.19717997709028e-03 8.77378234275428e-03 -9.02417368701738e-05 6.30428751072395e-05 -2.62856272277062e-04 -1.14701882950986e-06 1.36770726678798e-04 1.10726462774343e-06 8.90146010680173e-05 -3.64674004915260e-07 9.22168498346490e-05 3.60374411530434e-04 1.87187533345470e-06 2.05796752740191e-04 -2.61646879826294e-06 2.21925613108205e-04 -8.36842646308843e-06 2.02150770784228e-06 -5.00825832810639e-05 6.16242382378795e-07 2.58402224532897e-05 3.98769204228575e-07 1.03577105991990e-04 -3.71983642100798e-04 1.88136368223328e-05 2.52182543229284e-03 3.18879221058495e-04 3.76018839236131e-05 -1.37628705659351e-05 2.73590542399152e-07 5.16299149494386e-05 1.81610016368750e-04 -8.69862773256435e-06 -1.27523372664913e-04 1.65716900952056e-04 5.03800486282124e-06 1.51115221274626e-05 -5.63590146414196e-07 -5.44713949999628e-06 -2.40982350933890e-07 1.90778525168827e-05 2.96566138151494e-05 -2.86953268566899e-06 6.10341253336582e-06 -1.62449599513017e-06 7.54046431006744e-05 1.88063186530838e-05 -4.99323160724424e-07 -3.55605493853833e-06 4.60636682600928e-07 -1.08679758508570e-05 2.67662035817964e-07 -1.63483309946015e-05 7.71541379943634e-04 9.30218156795914e-05 -8.64010278164641e-04 8.35631316982288e-04 -6.76735421673869e-04 2.86150908778130e-05 7.25376479806664e-06 1.09838273910730e-03 -6.41197270558041e-05 -1.99122554407129e-05 -6.78534738543918e-04 1.47580229839802e-04 7.45406961744384e-06 2.05245293800002e-05 -5.55224243930806e-07 7.00648652782200e-05 6.45340946439526e-07 -1.09141519051564e-04 -1.20372764686278e-04 -5.74170284762614e-07 -1.54452719065795e-04 1.51802848182295e-06 1.97462788876245e-04 4.73006814251743e-05 1.29051297738531e-06 -1.97613288289143e-05 3.66787423634621e-07 5.60796256363076e-05 1.54652515970810e-07 -2.75664680081014e-05
 -1.86701140552318e-02 -9.43134557397409e-03 -2.26616754829916e-02 -1.03249386805878e-02 3.94145283070091e-03 -1.70988490347320e-02 -5.33587251277537e-05 -9.48759194797627e-02 1.68741791628867e-01 3.37603790285608e-04 -1.77720084220735e-02 -2.95414924840704e-03 -1.66383278491604e-05 -1.26125103587771e-02 -3.51469891690401e-05 -6.43330946204361e-03 -2.43637423411211e-05 -9.08277344552481e-03 -4.00719047016733e-02 1.50250360859883e-04 -2.32772580761239e-02 1.78163178768896e-04 -3.80468363988090e-02 -6.93887856247717e-04 -4.60658678773536e-05 -2.93166431174101e-03 1.65225182349835e-05 2.10162835982809e-03 -4.39519350811893e-05 6.50119023129136e-03 2.05940239499638e-03 5.07959715573111e-04 -1.98135049647109e-02 1.75031683632967e-02 -1.98356418512123e-03 4.77236702838379e-03 -1.82823808618659e-04 7.66408745097222e-02 -1.01892204855589e-01 5.18323910456858e-06 -2.93327565162580e-02 -1.32414188681319e-02 1.61198473270404e-04 2.95565465065996e-04 -1.94472282284891e-05 5.96987483070991e-04 -8.79634136533724e-06 -2.00628823819984e-03 -1.84770869860172e-04 1.01787669150113e-05 1.61547368785978e-03 4.12309110057548e-05 -3.26382936002487e-03 -1.54135049265437e-04 3.07918465685204e-05 -2.24464372134999e-04 4.44164919701485e-05 -1.14414568892232e-03 3.39633128353451e-05 1.90535063401959e-03 -3.12578626746162e-02 8.05097047522856e-03 1.74536411477269e+00 -2.05307967766026e-02 5.32087576935486e-03 -9.88582332999114e-03 4.16310578651604e-04 -1.35249522159819e-01 2.65328823857980e-01 -1.55682134220712e-04 -3.44411441574419e-02 6.92805815955947e-02 -2.57685847754608e-04 -2.33001521408020e-03 1.46999814424863e-05 -1.38449536027923e-03 5.87301971814116e-05 -1.66280742862767e-03 8.74607793737287e-03 -1.61296569444381e-04 1.28948484320053e-03 4.29675267619777e-05 5.96408257866523e-03 3.36846526480663e-04 6.25903577083554e-05 1.18765462411038e-03 1.47974291770891e-04 -5.95607650983394e-04 -4.76429532390127e-05 -1.12021173111433e-03 3.33320064206474e-04 2.42005920019945e-03 -2.13218769202626e-02 2.57227385475710e-02 -7.50845929013199e-03 -7.97980292710059e-04 5.69963941148615e-05 9.77960979497597e-02 -1.08411914315659e-01 1.27221914294083e-04 1.32911292214587e-02 9.50486542117562e-03 9.35464203058928e-05 -1.17384480462609e-03 -2.00255821072569e-05 6.52334229621446e-04 7.13449294199364e-08 2.00523538913607e-03 -5.03565611771231e-03 1.16131408036422e-04 3.95760028938154e-03 4.02579612356876e-05 3.88863147751462e-03 5.43935848651047e-04 1.81838682576828e-05 8.33514780976377e-04 -1.34041311214496e-05 5.89325889619187e-04 -1.83273708119181e-05 1.86737727947650e-03 -6.28664674503825e-03 -1.24115066698103e-03 1.37384643651523e-02 1.87484902826014e-02 1.92756453192025e-03 -1.06161668084971e-03 -1.31418392230578e-04 -4.33484353581679e-02 -7.71800692396329e-03 -9.72020253659390e-06 2.14377035786303e-03 1.09276048392804e-02 1.06244431013606e-04 1.46050829210341e-03 -4.67727294534037e-05 -5.32470043247899e-04 1.28355038106100e-05 3.00066412194730e-03 -3.17206433638518e-03 1.89782966830111e-05 -1.43837341014250e-02 5.40055519469462e-05 1.68107774686566e-02 8.78210555440895e-04 1.23029977473588e-05 -5.88036453738487e-04 -1.75018548912840e-05 7.94002332198920e-03 -4.02483632924193e-05 -5.41667044512282e-03
 -3.11198418156873e-03 -1.26400998853736e-03 -1.26492383214207e-01 3.03272052303739e-02 -4.58729801294359e-03 6.25944493077156e-03 -1.10710396029476e-05 6.83862113772844e-02 -7.82667181489785e-02 9.53195032858690e-04 -2.01885661222945e-02 2.31721037636368e-02 -1.33390360877218e-04 7.53094555093288e-04 2.97388501941817e-05 1.21884027176276e-03 4.42860065069000e-05 7.33888069499909e-04 -9.50442584308254e-04 1.62224477937012e-05 4.18256831261130e-04 1.56540594515679e-04 -9.71372670497352e-04 1.00555995785114e-04 -7.24581209769513e-06 4.86154658050923e-04 -1.20559226829848e-05 -3.01752845766384e-04 2.22855904640801e-05 -1.35925616313651e-03 -8.72179319884176e-04 1.20917303868919e-04 -2.29546705525337e-03 2.63161769159739e-03 -2.46011885320693e-04 1.44897178798330e-04 -7.01522527167994e-05 -6.41939549909673e-03 -4.01189932756960e-02 3.61790978513147e-03 -1.98332683913137e-03 -4.80557568276200e-04 1.30430536194241e-04 4.13297452124410e-04 -1.42653271324100e-05 7.96884837518904e-05 -2.13017443760959e-05 -1.21894491405295e-04 1.42321761734121e-03 2.25928268693349e-05 -2.05741471986152e-04 -4.18785020024105e-05 -2.53950670895035e-04 -5.06167941779792e-04 -2.99755795029857e-06 1.08832325626585e-04 -1.42241103036757e-05 1.06725789276904e-04 1.89515765883994e-05 -1.35456721838355e-04 5.42969935449807e-03 1.12327826488965e-03 -2.05307967766026e-02 2.11609804057541e-02 1.86149612906540e-03 -3.54950550308317e-03 1.76093228366557e-05 -3.63226712147359e-02 1.00078770714225e-01 7.95897144834455e-05 5.38880168706416e-03 -1.11869449665598e-02 -4.86974248787395e-05 1.89982990773428e-03 -9.26379157725402e-06 1.33946952199463e-03 2.84750755612534e-06 1.62646981086744e-03 3.03255168610220e-03 -3.38755047301907e-05 2.55482216175217e-03 1.96987944822192e-05 3.07314860492460e-03 -3.81521623464904e-04 1.41243410989608e-05 -6.75920241901292e-04 -1.12743483537185e-05 2.90304999543144e-04 5.13480240538318e-07 1.15582810851163e-03 -7.60260295091519e-04 3.03656278830232e-04 2.41385554295046e-02 7.85420716304124e-03 3.83565681629773e-04 1.69671051772778e-03 2.92934813807227e-05 3.26107774446555e-02 -4.38200744162272e-02 -1.08913437529748e-03 8.29602089655344e-04 3.58808422371839e-03 -1.19584740113171e-04 1.11539808560886e-05 -1.44358158855850e-06 2.53284081308610e-04 1.45195379171222e-06 9.49676960233265e-04 7.43823197116897e-04 -2.20692291213040e-05 4.48180196258810e-04 1.96146159988204e-06 2.76144539375979e-03 7.02878011012963e-04 1.67830974630032e-08 9.25788921730272e-05 -3.26420912600109e-06 -1.33788785118134e-04 -2.36811919474213e-07 -4.89265319097383e-05 -1.52805477632835e-03 8.71220692966169e-04 -5.41955658307073e-03 6.67126220857851e-03 -5.30576488237680e-03 3.10260986576853e-03 -3.70899008220519e-04 6.26223519764198e-03 -8.62772408186348e-03 1.04090830388523e-03 -4.08027493791391e-03 3.53981469762390e-03 -4.00863771865612e-04 1.13926046737949e-03 -1.86563659642983e-05 4.36247259831152e-04 -1.09989818353379e-04 -6.37594762934380e-04 2.86475943687657e-04 -6.30670715660243e-06 -1.59542666081427e-03 -8.24853076362878e-05 1.63836462180142e-03 -3.02595441384500e-04 1.57533630614347e-05 3.08797893814800e-05 -2.82374521097087e-05 6.71532476576576e-04 4.17961555892208e-05 -1.98059402785979e-04
 -9.91821888015878e-04 -1.91582091073472e-04 -1.25906038222540e-02 5.55405001414577e-03 -9.67892399338233e-04 4.45682283754492e-04 4.91632813478515e-06 1.10746003544291e-02 -8.11176516233613e-03 -1.18161873008314e-04 -3.75700399122940e-03 2.32064065058028e-03 3.58709528380151e-05 -3.30958148945220e-04 1.16833696813511e-08 1.17663530368403e-04 1.11165304282362e-05 9.64300024140405e-04 -1.05880991871668e-03 -1.81551436712514e-05 -2.17365279241453e-04 3.03159352844944e-05 1.53430784022443e-03 3.13057013239427e-04 5.63007369819989e-06 4.16149007667370e-05 -1.73629589808512e-06 -2.21570868759589e-05 1.59943632589182e-06 -5.41306947970664e-05 7.26246828657742e-05 8.01481707474539e-05 6.07642024358977e-03 2.54290419492679e-03 -2.07096777882016e-04 -8.42643913056506e-05 4.31082213813474e-06 -1.27971165182348e-02 2.24704345730302e-03 5.69292904978856e-04 1.11049369705161e-03 6.72132361707907e-04 -8.17373799718002e-06 4.37930813787204e-05 -2.53320405612983e-06 -2.97628077171650e-05 -2.06164080584007e-06 9.10155046229096e-05 2.73256183521803e-04 8.46400173932700e-06 -6.41181473904595e-05 -2.69623909529812e-06 3.25912627072558e-04 -1.44239290685371e-05 -3.55801992061396e-07 1.88286966654600e-05 -4.77802229261298e-06 8.23450169321014e-05 -2.65142272152104e-06 -1.86890473093224e-04 -5.08454806988379e-03 1.57432651495083e-04 5.32087576935486e-03 1.86149612906540e-03 1.15543428807716e-03 -1.03577659757167e-05 1.24535603520247e-05 -4.06113555241516e-02 -2.39939864390148e-03 -3.34067691316362e-04 -1.55853843467148e-03 -1.69030340648177e-03 -2.60800191971101e-05 3.92077563455592e-04 4.18787163394973e-06 1.60005246293799e-04 2.64394475862033e-07 -1.98951798230253e-05 9.52734500950160e-04 9.61772393252013e-06 3.53084699319272e-04 -1.74423895411697e-06 -2.44687434365684e-04 1.87085904654476e-04 5.25676553736282e-07 -8.78858532391872e-05 7.49721847997216e-07 3.87482313052668e-05 1.39929399996049e-06 1.97158916814676e-04 2.44913246995567e-04 4.25582761121348e-05 -7.82280137457806e-03 2.99712403856963e-04 8.09644651785126e-05 -2.57907849328758e-05 -1.88148371207058e-06 4.56984907318232e-04 -9.26930794325978e-03 -1.51193704620787e-04 3.51552181477460e-06 3.25710272342061e-04 -1.42047058706753e-05 -9.08049606164947e-05 -1.13831197017218e-06 6.77336766325834e-05 -5.74105098016246e-07 1.39315713974703e-04 -2.14581265261296e-04 -1.42097323583363e-05 1.46399781065415e-04 -2.66184294154329e-06 3.81678283996331e-04 7.73778101436281e-05 -1.37531227708116e-06 5.49036103273126e-05 1.42635847432427e-06 1.70780837598144e-05 -3.65065015708502e-07 1.12806776219782e-04 6.58852215833588e-05 9.63898356436252e-04 -7.59018558010799e-03 4.69362148214188e-03 -4.37522809319267e-03 -1.11775446386776e-03 -4.44366371262202e-05 1.03636707393940e-02 2.64620026444360e-03 1.75168346516626e-04 -4.88773369512300e-03 -1.40217825816986e-03 -7.97386608030168e-05 -2.06456010122367e-04 2.79939252455887e-08 5.01488169249133e-04 -2.29020930603614e-05 -9.40160153069511e-04 2.96467263298000e-04 -1.64165837869715e-06 6.63387537398849e-06 -2.38678785547804e-05 1.87625539678522e-04 -1.31765292335763e-04 4.55260811887160e-06 7.09050853302485e-05 -3.03389446852712e-07 -2.06466680768976e-04 1.66884402807128e-05 1.80103038800044e-04
 1.72267729607668e-03 2.19606740067543e-04 2.22891480998997e-02 -4.11612931449089e-03 5.79835256386071e-04 -1.86938492352431e-03 6.94330733728204e-06 -9.61495954602300e-03 1.94850594341998e-02 -3.88657175553534e-04 2.94235661794056e-03 -7.79803531734990e-03 6.58070461280985e-05 -6.07158318730568e-04 3.17964436213310e-06 -1.90068167867617e-04 -7.12159510573710e-06 2.55118295488268e-04 -5.64535910610113e-04 6.86495063561348e-06 -9.89053965097424e-05 -3.18838460947885e-05 9.52920134345817e-04 8.92507681412656e-05 1.18955835827603e-06 -7.51572255091058e-05 3.81464828746192e-06 4.81999881357955e-05 -6.06140888350382e-06 2.45949597625580e-04 -3.25825285819144e-04 -4.44629569341614e-06 2.35182486153516e-03 2.57684269242019e-04 -1.78367343123776e-05 4.66989323952135e-05 2.30394848688911e-05 -4.32075197642655e-03 -1.58117028598250e-03 -8.04516158727557e-04 1.12462822790225e-03 5.14789460875658e-04 -3.73286125212584e-05 -2.02171801204616e-05 1.53304135099703e-06 -3.37748142589713e-05 5.64853938442398e-06 7.36800492150632e-05 -2.30125393310700e-04 -3.99146641420959e-07 1.46810863923410e-05 1.16377554783372e-05 1.88290804644215e-04 4.14356740042491e-05 -5.70975740559080e-07 -7.40626680048992e-06 2.14193186621834e-06 1.55983007254337e-05 -6.08639152651481e-06 -5.43123651137751e-05 9.78411575924049e-03 -2.38303936046538e-04 -9.88582332999114e-03 -3.54950550308317e-03 -1.03577659757167e-05 1.19219518430386e-03 -8.84036768708042e-06 -7.43517117402101e-03 -3.46791930062370e-02 1.51913504884057e-04 -1.58240908325365e-03 9.57911237309856e-04 2.73372692384436e-05 -3.24085352026414e-04 3.03858847001024e-06 -2.76246980544990e-04 -3.69283746864799e-07 -4.45653870141495e-04 -5.68472544796917e-04 8.93793933349632e-06 -5.39295694402676e-04 -2.13948179980698e-06 -1.03690418070275e-03 1.84565565790920e-04 -5.36755387015170e-06 1.38240983425376e-04 1.65185560172237e-06 -6.26702540145724e-05 5.45537037091975e-07 -2.61141488284700e-04 -7.46334031569907e-04 1.53715195285191e-05 1.29774161135436e-03 -1.79293255314047e-03 -4.82846829183854e-06 -2.78992308149798e-05 -4.53654580101926e-08 -7.21145804978301e-03 -5.33620440507622e-03 -1.36613231186083e-04 -3.17810895136912e-04 -1.17252625218263e-03 5.02720480396616e-06 -1.09492596410401e-04 -2.58839465618020e-06 2.92451735136065e-05 -1.22170396981782e-06 -5.83663053674901e-05 -4.88267229098188e-04 -1.25263377722365e-05 8.47205298244697e-05 -9.97642974941714e-06 -1.72504665271140e-04 -8.57592589137145e-05 -2.28899085808310e-06 3.88400513240861e-05 2.52429273551228e-06 5.31814446601316e-05 1.17380227722025e-06 1.48919337975086e-04 2.04753078372740e-03 1.53550982645840e-04 -2.02028851134336e-03 4.51916652627875e-04 -9.09195910953396e-04 3.25303288539834e-04 7.32004461840501e-05 3.50696935324451e-03 -1.22452042086956e-03 -2.11727699501231e-04 -1.28256694988503e-03 -1.75432490231713e-04 7.70579110401980e-05 1.41586403604367e-04 -1.20626840728146e-06 1.37486749694946e-04 1.64717243731332e-05 -2.96253961929899e-04 7.96430277581514e-04 -9.34079509776695e-07 3.94766765677632e-04 2.26674603445689e-05 -3.61523151049706e-04 -3.77279576633077e-04 2.80186436377270e-06 1.30927105523637e-04 6.55715508275087e-06 -2.55155817681295e-04 -7.27955595081505e-06 1.50842504396516e-04
 -2.58023467519363e-05 -3.84216717818290e-06 -1.27256825043397e-04 -3.37131795607582e-05 7.49108437183665e-06 1.00449274657179e-05 2.01755244575678e-04 -5.04961467764503e-05 -1.05164501809007e-04 -6.60607024545682e-03 3.01758834907626e-05 9.63676702061764e-05 6.37660472552004e-04 -3.05477784502677e-07 -4.94794561070331e-04 -3.76906608988462e-06 1.89703925801698e-04 -2.62848668095230e-07 -1.59605033191280e-05 -1.36366279362995e-03 6.99141503774876e-06 5.39507997487094e-04 -2.12858459356434e-06 2.98401430965278e-06 1.89805189784499e-04 3.29886004156048e-07 3.90801202938407e-05 2.69482105700206e-06 1.05695925852110e-04 -3.83893965530293e-06 8.74561744992235e-06 -2.96337028965129e-06 -4.62371604811594e-05 -1.55174696229238e-05 -1.29559378167002e-05 9.86263052463384e-06 -1.84382318339974e-04 2.34680523707584e-05 -4.75956562388330e-06 7.86115849213724e-03 7.84518982752049e-07 -2.94681695310678e-05 5.15488740874088e-04 6.86297161058295e-07 -1.43645244135143e-05 1.35344079048751e-06 -1.78884610367976e-05 -1.29604099412703e-06 2.94810938521424e-06 -7.45447441089395e-05 -3.50460768707156e-06 1.04983463880399e-04 -2.94139731081000e-06 -1.33429191410735e-06 1.43524744271808e-05 -2.14265638339169e-06 -1.07139647356225e-05 8.60157078177726e-08 2.66510165925170e-05 7.73894615118391e-07 1.14763525149702e-05 4.65667285260015e-06 4.16310578651604e-04 1.76093228366557e-05 1.24535603520247e-05 -8.84036768708042e-06 4.32323204055381e-04 -2.48639224587989e-04 1.07349714736119e-04 -2.37503495590645e-02 -2.48172301475751e-05 -5.40817611784744e-06 -9.70576135670468e-04 2.42355949982251e-06 1.94652013361014e-04 7.23164779332536e-08 -1.00732689097367e-04 -7.51218957309254e-07 1.04576740697718e-05 5.90541846672668e-04 -3.49369190327625e-08 -3.43713518003153e-04 -2.11879516594175e-06 8.49218385432800e-07 1.09651587265834e-04 2.96265885035521e-07 5.21440353148860e-05 -1.83799374243222e-06 7.61540146352825e-05 1.99949159316763e-06 -6.84573331319103e-06 5.89180785828374e-07 9.62479998670440e-05 7.91257867203606e-05 3.17269243117119e-06 9.09402636818457e-06 -2.28633979785119e-04 4.28504163119598e-05 -3.55147980229565e-05 1.14319627936857e-02 1.08310086485530e-05 2.31167831167631e-05 1.02399521265635e-03 2.38505410313759e-07 3.56574650506133e-05 -4.76992767262153e-07 2.60915311136143e-05 2.28287175047277e-07 2.04575365373874e-06 1.06206012870979e-04 -4.95830791182378e-06 1.47648229628270e-04 -9.90739178172537e-07 3.78428252357551e-07 3.01962357996476e-05 4.18569031069604e-07 5.94604659834225e-06 7.19275101059506e-07 -4.32731953406540e-06 4.74384619429154e-07 8.89761387488593e-06 -2.77635143964697e-05 4.69367090385779e-05 -1.19800788813574e-05 -3.48831001041841e-05 -8.81810340130291e-06 -8.14568584568287e-04 1.52379115370463e-05 3.54769780780761e-05 2.82754795609289e-03 -3.76778711037916e-06 -1.92648851223945e-05 -1.25141680255697e-03 -6.21653773020698e-06 5.91843910628003e-05 5.18782679708856e-06 -2.77215481763197e-04 -1.03462604582197e-06 -5.22047476380483e-06 -3.31894279372900e-04 -1.84648352885587e-05 -2.73754909537447e-04 1.68553390078203e-05 5.71204673796379e-06 1.97706636854082e-04 3.01443942318005e-06 -7.24965023604972e-05 6.02899848566924e-06 1.16755870922101e-04 -9.64811707962048e-06
 3.67160862599444e-03 4.62472488543616e-03 2.87662385169997e-01 -1.45916002239568e-01 1.63449861998903e-02 -2.77107281912996e-02 -4.67308768969844e-05 -2.52696023299851e-02 4.08159321670941e-01 -2.46544466475259e-04 5.22367353772004e-02 -1.16713209901837e-01 -1.13763781572197e-03 9.05798344345205e-03 -6.89744270400160e-05 -2.32332767576675e-03 -3.42307374634990e-05 -3.18867491625153e-02 3.22535425379836e-02 5.46727197445135e-04 8.37915879974348e-03 1.47461707061766e-04 -5.47909306556826e-02 -1.35900605363491e-02 -2.28058101352758e-04 -2.29393261997941e-03 6.77237680224934e-05 -1.50033120657096e-03 1.16919735221337e-04 -6.34604085017353e-04 1.03436616864645e-03 -3.88299464279143e-03 -1.67042595115259e-01 -1.10832154808523e-01 9.10331831280388e-03 5.63409940548041e-03 -6.63823553083130e-04 2.94632157691203e-01 -1.99845758525707e-01 -1.08632409607741e-04 -9.03666263542706e-03 -3.16896204739978e-02 1.47932543017399e-03 -1.38487808169228e-03 9.16525310760742e-05 -6.42506631116799e-04 -2.51007444254277e-05 -1.44559924966759e-04 -1.14940253934049e-02 -3.73146906303414e-04 -5.15191201178322e-04 1.25215507898889e-04 -8.88209244798744e-03 1.21478807475919e-04 2.52437470734506e-05 -7.93523556233060e-04 1.34417590949285e-04 -1.51787099994915e-03 1.94569388194057e-04 4.76874916034927e-03 3.45052361170923e-03 -5.19717997709028e-03 -1.35249522159819e-01 -3.63226712147359e-02 -4.06113555241516e-02 -7.43517117402101e-03 -2.48639224587989e-04 1.65195046365958e+00 3.06154281856564e-01 2.41462067836771e-05 6.32424381498303e-02 4.84992386293765e-02 6.04940465422899e-04 -1.41949573105742e-02 -6.53256063258274e-05 -4.50015284720089e-03 -6.37123958414164e-05 4.91532563071802e-03 -3.92797714047624e-02 -4.44941961826367e-05 -1.08319904801707e-02 -9.73763854798274e-05 2.05319544269623e-02 -1.01994955904371e-02 9.37827050565243e-05 2.54498560687393e-03 3.74495730449563e-06 -1.83224749744347e-03 -4.27306922406615e-05 -7.10232941253861e-03 3.84708629149128e-03 -1.04046731492812e-04 9.79279315235258e-02 3.57574964072464e-02 8.38791529977967e-04 8.16081184749235e-03 1.87412657034821e-04 -2.39214037894161e-02 1.12553394786771e-01 3.13497040004099e-04 6.21619959691656e-03 2.07260538518821e-02 6.49896877853969e-04 1.23406751553297e-04 -5.57743008118101e-05 3.73546011011397e-04 -9.34832787953424e-06 -5.11301356250777e-05 5.96079884280628e-03 3.93506096361631e-04 -1.20270431503246e-06 1.21918937063035e-04 -3.18341262451861e-03 -3.83913185577810e-04 3.24876963333563e-05 -2.15769651317465e-04 -4.77693109164489e-05 -3.83151664595158e-04 1.11824860679979e-05 -1.65226619937718e-03 1.98841755118091e-02 -3.47719468034227e-02 2.25171135959878e-01 -1.30975898658865e-01 1.08256739390219e-01 5.65525068978364e-02 -3.83767192268914e-04 -2.77196097672834e-01 -1.41155161809767e-01 -1.29523986795579e-04 1.35360769565326e-01 7.03073170364086e-02 3.34456988107475e-04 1.22427681351508e-02 -4.58752662637239e-05 -1.36526049639622e-02 2.25442705992434e-04 2.50925632236925e-02 -9.17096317913196e-03 -7.00135870047341e-05 -1.94026554446338e-03 3.24690043064523e-04 -6.52673659534542e-03 3.53530646795819e-03 -1.11801650158781e-04 -2.53130760016425e-03 -1.18298600932322e-04 6.59477282329520e-03 -3.87929660963242e-04 -3.82255058840957e-03
 -3.61934043327762e-03 -7.34045211243793e-03 -5.10747751395468e-01 1.19747162343046e-01 -2.44000473448055e-02 6.55324263834087e-02 -1.11936689227538e-05 4.20169804160418e-01 -6.41267953383926e-01 -2.14157098728858e-06 -1.16615291111596e-01 2.60134811047270e-01 -2.36122618629268e-04 2.59064762722346e-02 8.08309469233917e-06 3.44476558861689e-03 -6.98621732826311e-05 -4.35362783363206e-04 3.28468854786558e-02 2.32539082182558e-04 -3.24080621112073e-03 1.35883445869025e-04 -1.67203442540751e-02 -6.22739231521617e-03 -8.82019523951673e-05 2.57102084207760e-03 1.64721070604494e-05 -1.94854821850162e-03 3.14443538080762e-05 -4.50642307172563e-03 -9.40144613459781e-04 -3.31584595410686e-04 1.59788280593678e-03 -3.73226178233953e-03 5.06841842874781e-06 -1.15965961543823e-03 -1.38891392038218e-04 -7.80531582640106e-02 3.87706239916876e-02 1.91943034388217e-04 2.90653836176350e-03 -2.40590813424726e-02 1.51218025703858e-04 3.19287592519980e-04 -2.83737283180394e-05 -5.89247975388612e-04 -1.70974945816773e-05 8.49047083695735e-04 5.71591589393863e-03 -2.22395813249681e-05 -1.98492060758796e-03 6.70572352803361e-05 -5.41804255707833e-04 -1.33404117204599e-03 8.28745827767699e-06 1.48629387024431e-04 2.23863061712529e-05 8.09593927119978e-04 -1.94678534058540e-05 -8.07283156847265e-04 -5.81554080900981e-03 8.77378234275428e-03 2.65328823857980e-01 1.00078770714225e-01 -2.39939864390148e-03 -3.46791930062370e-02 1.07349714736119e-04 3.06154281856564e-01 1.20048048184186e+00 -2.35110684785809e-04 4.62455062379796e-02 -2.18095347007927e-02 -1.47960759011648e-05 9.90774048908357e-03 -7.84907938605556e-05 8.79944948658334e-03 -1.03650806488676e-05 1.50891932016144e-02 1.89536057270376e-02 -1.77911747648612e-04 1.78572136604017e-02 -1.02842778036299e-04 3.67967639864225e-02 -6.98701588055547e-03 1.91845142570652e-04 -5.01478705385730e-03 -3.13624604874972e-05 2.20130934375939e-03 -3.34471368251452e-05 9.61160407772066e-03 8.58317108980529e-04 -2.02378807084203e-04 1.07343202442405e-01 4.63746942380088e-02 9.16501139287682e-03 -4.94579371078875e-03 1.07588716266500e-04 -1.12907097888045e-01 3.51557706488804e-01 -4.35848889544133e-05 -1.78063330819233e-02 3.76316133565433e-02 1.71021675396788e-04 3.06253737456515e-03 -5.23960097768467e-06 -1.54608031770326e-03 -6.29588227474466e-06 -6.50928432494618e-04 1.23691200672762e-02 1.53517808173752e-04 -3.03810581725530e-03 7.20118964961665e-05 -7.02796621196198e-04 7.69327676829411e-04 -7.83744814320186e-06 -1.34896397619575e-03 -1.98403627850297e-05 -1.91389637186364e-03 -3.35008961724186e-07 -4.82030481622314e-03 5.32667880558267e-04 7.36841520026925e-04 -2.98183653373672e-02 4.13912067999958e-02 -3.78053536435098e-02 1.41623918692140e-05 1.00466004594128e-04 4.76692273426419e-02 1.82119588212640e-02 -2.22659993045670e-04 -2.85143450187989e-02 1.95301921770901e-02 2.55978518011594e-04 -2.95040675153017e-03 1.70086203531139e-05 2.99747523022375e-03 7.07752701017736e-05 -5.11414847730159e-03 -3.18045944434861e-02 1.30602102941973e-04 -9.73991386719585e-03 -1.22683700532638e-04 9.79404260550337e-03 1.48628648107398e-02 -1.60732185912850e-04 -5.43391823697070e-03 -9.27321056491582e-06 3.85147638785790e-03 1.45349873843618e-05 -8.42307491518306e-04
 -2.65501331759511e-04 1.70893409285239e-04 -7.50907532291532e-04 2.98903233809203e-03 -4.42886063649700e-04 -1.49308311055846e-04 -1.53974565128795e-02 1.20356929960612e-04 1.17073191596815e-04 5.52406108774131e-01 -2.00501678256603e-03 -2.94002878663747e-03 -5.82154443876683e-02 -8.37183231150120e-05 2.61529646018838e-02 1.90419425035283e-04 -1.02565175249767e-02 3.77564193847374e-05 4.57797707482950e-04 7.20778130949826e-02 -6.70336169768540e-04 -2.86802284588110e-02 -3.52680560352767e-04 -7.88048961634652e-05 -1.00232290430416e-02 2.19685488203268e-06 -4.10810251390239e-03 -1.50535701380116e-04 -5.95118937682746e-03 2.14211362871875e-04 -3.00519180996221e-04 2.10708314439384e-04 -5.24954362394331e-04 2.57723878326182e-03 5.56171692289056e-04 -5.72219513793911e-04 8.32465593085023e-03 4.44418778436165e-05 -1.91666897643335e-04 -3.11655707966396e-01 -1.12681235415843e-03 1.60385805361858e-03 -2.77785576773031e-02 -1.81330702715464e-05 7.79033962624602e-04 -7.29324190073929e-05 -2.04032050565248e-04 -4.35235426702652e-05 3.91760133917176e-05 3.86488300486806e-03 3.19014376595752e-04 -1.08342912907597e-02 1.67189020786161e-04 4.78711537326324e-05 -7.36605788201722e-04 1.46662330704125e-04 -1.59787234040536e-04 -2.85295765133185e-05 -3.26256779995262e-04 -1.87028275959572e-05 5.83593252843432e-05 -9.02417368701738e-05 -1.55682134220712e-04 7.95897144834455e-05 -3.34067691316362e-04 1.51913504884057e-04 -2.37503495590645e-02 2.41462067836771e-05 -2.35110684785809e-04 1.34421268685239e+00 8.72375335063747e-04 3.71596215232083e-04 4.52385671090754e-02 2.06069524681890e-06 -1.19753810891520e-02 5.51242446743511e-05 6.18003119087487e-03 4.35524797413387e-05 -4.18309915730761e-05 -3.63068835944660e-02 1.76631265737531e-04 2.12220377471273e-02 5.79776970482251e-05 3.03110715793531e-05 -6.72404539250037e-03 -4.20804310021107e-05 -3.49732587508771e-03 1.29863703408625e-04 -4.68496738300735e-03 -5.24514070697516e-05 2.55483058774347e-05 2.06495562902181e-05 -1.01696790395695e-04 -3.79853953801318e-03 -2.81868601688839e-04 -5.18738954654775e-04 1.11637849789524e-02 2.10062985565309e-04 3.25090480046353e-04 -5.16025182202297e-01 -4.21024738749216e-04 -1.31912003756944e-03 -6.02944104207995e-02 8.30701151510548e-06 -1.90157565817523e-04 -4.17051546750262e-06 -5.18315545529363e-04 -7.13974253283942e-06 -1.26390163301589e-04 -6.08494427723693e-04 2.32879351190347e-04 -4.76065785986221e-03 1.09741351409840e-04 -1.39715587535343e-05 -7.15964759045655e-04 -5.34881939319985e-05 -1.06300495279198e-03 -4.81910980586836e-05 -3.99553342483357e-04 -4.10788686961723e-05 -8.77664559574493e-04 2.00610271172773e-03 -3.93505191026376e-03 1.83723284334333e-03 1.41034458118058e-03 2.36816908745389e-04 3.56653977504849e-02 -2.23217601999337e-04 -1.21733383444792e-03 -1.33248244557937e-01 -4.27963395490286e-04 7.81146650588309e-04 6.20209982298685e-02 3.19643135539445e-04 -3.13706147328490e-03 -1.42031452142071e-04 1.34111766014048e-02 -5.06687520929602e-05 1.93258677957242e-04 1.75118750914048e-02 6.58431006679399e-04 1.27738836455548e-02 -6.05886601983889e-04 -2.83295679707588e-04 -1.05138467632389e-02 -1.20543198835639e-04 3.58664324671323e-03 -2.20765216340454e-04 -5.36194769587391e-03 4.83732325598650e-04
 -4.14281194986639e-04 -4.44501868624049e-07 -3.78443958979255e-02 5.28252169795113e-04 3.53951709042432e-04 2.53230691461413e-03 -5.76577310710899e-07 -1.11097011151464e-02 -2.73917432884688e-02 3.39968902236547e-04 1.48137933210510e-03 8.44133556793836e-03 -1.07193490896423e-04 1.13993198953558e-03 1.83618992789477e-05 4.29913890203621e-04 -6.13094099111321e-06 -1.56509452499625e-03 1.59155424232242e-03 5.86767655878171e-05 1.20002580771913e-03 -1.40298559757532e-05 -2.87108289917917e-03 -7.47200284253075e-04 -1.51313991422410e-05 1.87009877865079e-04 1.38239078838332e-06 5.44403160075655e-06 4.58765619860058e-06 -6.42569601942892e-04 5.53384202976323e-04 1.27240650750429e-05 2.67612974715984e-03 -1.79876427370979e-03 2.80408883930411e-05 3.93533797197840e-04 -3.53944240764498e-05 4.17152851909135e-02 -3.56920791687600e-02 8.01904375079335e-05 -7.26461444960086e-03 -2.18568514414120e-03 7.03946229709198e-05 1.72893284570512e-04 -3.44594151564224e-06 2.60637664559120e-04 -9.73052071027299e-07 -5.09301148437774e-04 2.20742912302661e-04 -5.74638570663249e-06 9.55700606421008e-05 -8.10819084357503e-06 -7.49031673508460e-04 -3.08803951991298e-04 -3.00117353879261e-06 2.78778316393806e-05 2.50108460520346e-06 -2.18737951460639e-04 1.18639304935483e-05 4.68189986584885e-04 -9.08783757280429e-04 6.30428751072395e-05 -3.44411441574419e-02 5.38880168706416e-03 -1.55853843467148e-03 -1.58240908325365e-03 -2.48172301475751e-05 6.32424381498303e-02 4.62455062379796e-02 8.72375335063747e-04 6.81003776539196e-03 -1.59298196802361e-03 5.86710565555551e-05 1.79630657843561e-04 -1.17494668532032e-05 2.98418276807146e-04 3.71428995499623e-07 6.70353242412390e-04 -3.04343976902977e-04 -2.98919143224608e-05 4.38494090201101e-04 1.04153582881607e-05 1.46257909286221e-03 -4.20139952222879e-04 4.56669936494294e-06 -1.10109165901352e-04 -6.19966076231287e-06 9.84550068227671e-05 1.47619313203602e-06 1.50092476937289e-04 -2.93570045253846e-04 -1.33288177334311e-04 1.29448537101335e-02 1.00951665572581e-03 3.91562101790288e-05 3.47578652150198e-04 1.33216588529872e-05 5.38662870236212e-03 1.81319687809989e-02 -4.58441438676111e-04 2.45369334185357e-04 6.67189792177572e-04 -1.94952817781656e-05 2.40370572609652e-04 -1.16679168265494e-06 -1.34815378857176e-04 -1.37409777688553e-06 -1.13101948504008e-04 7.84942701844299e-04 7.08893205165308e-06 -3.11178458195430e-04 1.69283500202224e-06 -2.27545238062928e-04 -2.48213689306504e-05 6.89741780208482e-07 -1.38210479303895e-04 -2.84295024927856e-06 -1.01191739223642e-04 3.02868620385621e-06 -3.38661221531176e-04 -1.22092354483056e-02 -2.02579632363842e-03 2.24935950727876e-02 -1.30311097770772e-02 1.51576976640536e-02 5.27267312547972e-03 -7.49389740628933e-05 -3.60428829214458e-02 -1.34996953646558e-02 6.69734339727042e-05 1.55185571186799e-02 6.31962780620924e-03 -1.74277758590679e-07 1.40431912076557e-03 -1.54250758283728e-05 -1.65739485732181e-03 -3.65414570915133e-06 3.25427824415584e-03 -4.89228600139748e-04 5.90916804157547e-07 -6.41924272900936e-04 2.61113645658878e-05 3.76467551246626e-04 7.85488829359011e-05 1.41811667950268e-06 -1.51912304372178e-04 -1.90440513464295e-05 9.98909857577322e-04 -1.44049396198091e-05 -9.38802634520286e-04
 8.32160113788449e-04 3.75046608456271e-04 6.33286760726815e-02 -1.83898608020973e-02 2.94134013137719e-03 -2.95343179269562e-03 3.27326313561724e-06 -4.51692900136450e-02 3.87685993766887e-02 -3.92874919007976e-04 1.14443005932819e-02 -8.89555409846933e-03 2.97869458674127e-05 -2.32991035728637e-04 -9.62841240046318e-06 -8.52571276077304e-04 -2.87392591265520e-05 -1.38124499675966e-03 1.45160293457201e-05 3.20567868230814e-05 -7.96790555153096e-04 -8.52959685495271e-05 -2.05400329721093e-03 -5.29996039682609e-04 -5.57979584221143e-06 -3.18415905109651e-04 7.11866420022708e-06 2.43995572881717e-04 -1.26046829467910e-05 8.62422346363267e-04 5.18639236240597e-04 -7.32680032778019e-05 -9.87581920598105e-04 -1.97125470339107e-03 1.36906396195251e-04 3.02012643900042e-04 1.93107036378934e-05 1.85582150622050e-02 3.21817964100243e-03 -2.01127220765735e-03 -1.83637088182647e-03 -1.54835102529221e-03 -3.97584971696066e-05 -1.61552274732645e-04 6.55457708850387e-06 3.67332450271455e-05 1.11170027681154e-05 -1.34915540327373e-04 -7.72672828851513e-04 -1.67787829164921e-05 2.02133901670206e-04 2.29918296829438e-05 -2.36465107398394e-04 1.49680400051871e-04 1.77782076900101e-06 -6.38970884033796e-05 1.13723871048830e-05 -1.68288130925357e-04 -4.75802228017392e-06 2.97182458888533e-04 2.02238834505347e-03 -2.62856272277062e-04 6.92805815955947e-02 -1.11869449665598e-02 -1.69030340648177e-03 9.57911237309856e-04 -5.40817611784744e-06 4.84992386293765e-02 -2.18095347007927e-02 3.71596215232083e-04 -1.59298196802361e-03 9.06749337406815e-03 4.52446737130991e-05 -1.15162503695355e-03 -1.00097266463442e-07 -7.02312942979871e-04 9.84224280545065e-07 -6.71138077794044e-04 -1.56802671517051e-03 -6.26442347773320e-07 -1.23249337939101e-03 -5.84080141233199e-06 -7.20799242671007e-04 -5.55983947059488e-06 -3.41110212445463e-06 3.77991049016581e-04 9.70137633883000e-06 -1.46166176109649e-04 -2.49940163131211e-06 -6.21283245686611e-04 -3.14263275445720e-04 -1.60619447303697e-04 -8.72590573783032e-03 -3.37853900212562e-03 -3.30006607140201e-04 -1.08585935962267e-03 -6.03867125361569e-06 -1.97804826449089e-02 3.64049501609877e-02 3.54988308111351e-04 -5.60602859778593e-04 -1.26784241113258e-03 6.12784306146693e-05 7.81019933360718e-05 -1.09134038534117e-06 -2.14527201508875e-04 -1.88240664077622e-06 -5.99750408640065e-04 -2.45593504032790e-04 2.09066653609730e-05 -2.99455043751082e-04 1.55708152538956e-06 -1.75821073425662e-03 -4.43246068855580e-04 1.02794592322226e-08 -9.45917706609387e-05 3.65251166829190e-07 4.31006630776082e-05 1.20225238181493e-06 -7.85999559848864e-05 -2.66072559268401e-03 -1.20611696523494e-03 1.03056950311387e-02 -6.90712018979360e-03 7.34571564087901e-03 7.28525953936840e-04 1.77744951391811e-04 -1.55248881536070e-02 -1.70789576958223e-03 -5.69557567375498e-04 6.92201305667902e-03 1.61696512002374e-03 2.35609083740733e-04 4.36660761871329e-05 2.01291689170453e-06 -7.42627289939923e-04 6.18686985518557e-05 1.39819682049731e-03 -7.98693746231670e-04 5.84279204838420e-06 1.74132738723485e-04 5.82568949521942e-05 -2.30521525297002e-04 3.76888155393955e-04 -1.04318686932625e-05 -1.62750252847204e-04 8.79231479312101e-06 2.11406152162745e-04 -3.06846913905441e-05 -3.41752989344861e-04
 2.23287557714797e-05 -3.03417454724909e-05 1.39091175911503e-04 1.33769141852065e-04 5.28166041448611e-06 -1.35426111630302e-05 5.74380745248814e-04 -4.55200832310382e-05 1.45186755509225e-04 -2.75038181183732e-02 -5.71469159668439e-05 -1.88624749282873e-04 3.50327806209447e-03 -1.57216498927606e-06 1.49563179611396e-03 4.65550531190782e-06 -2.00688251351634e-04 -1.89109680231373e-05 -9.22482080044461e-06 4.11620372061983e-03 -2.47012937209242e-05 -6.40916352584716e-04 -1.86252320098567e-05 -3.33035743128131e-06 -5.75794023053165e-04 -1.81929194019334e-06 3.13332913544206e-04 8.02936442397315e-06 -6.88901723341027e-05 1.55411220482000e-05 -3.83444740089262e-06 5.09716625716163e-06 1.48660308803304e-04 -7.94979414097763e-05 3.46294238428433e-05 -1.79644684676041e-05 4.70438346471725e-04 2.79987428417144e-04 -1.39530213611665e-05 -2.81810834800202e-02 -2.66009002530696e-05 8.05527155640188e-05 -5.34952122336464e-04 1.72588781487935e-07 3.90939397926674e-05 7.17169084319960e-06 2.24363677555815e-04 3.66655666737087e-06 -1.51632976576062e-05 2.41540259269186e-04 -4.02331261300470e-06 8.04423508111090e-04 -2.13574839305297e-05 2.70522500329571e-06 -4.82506592019166e-05 7.16516322220101e-07 1.43894717187190e-04 -3.19728782788903e-06 -2.22791372901039e-04 2.91895881305885e-06 5.48758420755123e-06 -1.14701882950986e-06 -2.57685847754608e-04 -4.86974248787395e-05 -2.60800191971101e-05 2.73372692384436e-05 -9.70576135670468e-04 6.04940465422899e-04 -1.47960759011648e-05 4.52385671090754e-02 5.86710565555551e-05 4.52446737130991e-05 4.05820297572406e-03 -2.29848808210430e-06 -1.51877413828694e-04 1.95510699105846e-06 8.76791509254694e-05 2.20521395291546e-06 -1.85147239949073e-05 -4.62686578510079e-04 4.40887358895655e-06 3.30526864663845e-04 2.60821097241983e-05 -2.96116331602458e-06 -9.64910880939357e-05 -2.61828008272985e-07 2.36221344659851e-05 2.85259820418119e-06 -5.17359135890095e-05 1.47127002910148e-06 1.07245443292573e-05 -2.15318521584135e-06 6.32835048531624e-05 -2.27262530452480e-04 -1.26427237784168e-05 -1.20954896044970e-05 1.02974444790650e-03 2.59831008672372e-04 -6.72281368950869e-05 -6.09366142416586e-02 -2.56709114165011e-05 -8.35629396910595e-05 -1.94818124136571e-03 2.18918552510306e-06 -5.44840598696225e-04 5.03033169186884e-06 -2.96778504772740e-04 2.14716785164069e-06 -8.20649471959771e-06 -1.62506143626253e-03 2.13081196360762e-05 -1.15247877707362e-03 1.28529540058163e-05 9.79524545433091e-07 -3.15209294376080e-04 2.99813636166419e-06 1.64166850622866e-04 -1.85854208344129e-07 1.83998464455319e-04 -2.99604322570079e-07 1.69185590130237e-06 5.48729906769681e-06 1.36338689869349e-04 -7.89133292252069e-05 1.64082907241730e-04 6.27731132453463e-06 2.30481018945998e-03 -3.18899029430877e-04 -6.19416533535466e-05 -6.40727414491430e-03 1.21663635497780e-04 3.83391842884040e-05 2.31479573380772e-03 1.17541793920193e-05 -1.88226056586854e-04 -3.03806005391777e-05 5.72596123590663e-04 3.21237854677219e-05 1.73628947765825e-05 9.93894659170337e-04 2.75658920585880e-05 6.43548807118510e-04 -7.23702087160620e-06 -1.63938828790189e-05 -5.96343448153525e-04 -7.41747735414787e-06 1.36103106345841e-04 8.14308109128376e-07 -2.88590743160966e-04 -2.42042306601098e-06
 9.90830614087143e-05 -1.10612867197911e-04 -1.16029761624308e-02 3.20251623328127e-03 -4.12172652940091e-04 1.21327843500260e-03 2.48343535624752e-06 3.53665795612672e-03 -1.39501042227586e-02 -5.10027105407709e-05 -1.57466795211528e-03 4.62465061685512e-03 1.43993410318091e-05 2.32208319642415e-04 1.85297065417234e-06 1.12498278747130e-04 -2.77778487303176e-07 3.11225796498118e-04 8.35013763316353e-05 -3.05983223664949e-06 -1.69554725287871e-06 -1.43259618649614e-06 4.18466807611847e-04 7.41604641309654e-05 1.43539926146595e-06 7.64612229643474e-05 1.20700261500536e-07 -1.91695496667993e-06 -4.99415713738451e-07 -9.85456995542496e-05 2.04529898160952e-05 4.68523518974428e-05 2.14273706989667e-03 1.21850224592480e-03 -1.13242328702490e-04 -7.02526301284391e-05 5.49183871688314e-06 -1.52793665107214e-03 6.68240236841118e-04 -1.67759167054497e-05 -3.18842618546291e-04 8.16137539794096e-05 -1.23268917650717e-05 3.40788985394108e-05 -1.74453737372665e-06 2.26778562866595e-05 4.96622955069512e-07 -2.70734427723205e-05 2.26515013497069e-04 4.34513570585745e-06 -4.12213449150672e-06 2.34218805218579e-07 5.31622019520968e-05 -3.67414870202469e-05 -5.33211322083254e-07 1.47593700879032e-05 -1.24297823156237e-06 1.26114623585400e-05 -2.26536958304942e-06 -3.74425575413502e-05 -5.98198189112563e-04 1.36770726678798e-04 -2.33001521408020e-03 1.89982990773428e-03 3.92077563455592e-04 -3.24085352026414e-04 2.42355949982251e-06 -1.41949573105742e-02 9.90774048908357e-03 2.06069524681890e-06 1.79630657843561e-04 -1.15162503695355e-03 -2.29848808210430e-06 3.01897186651314e-04 7.45283686067172e-08 1.68456302034839e-04 2.18821672899383e-07 1.29633756970732e-04 6.58524756016315e-04 -4.64674833850362e-07 3.41637703967707e-04 -4.07030801539981e-07 1.62503845877253e-04 3.94444034473523e-05 1.20477388254780e-06 -9.15339189615218e-05 -8.25361957011699e-07 5.36300892106726e-05 8.25228852044337e-07 1.97464377173442e-04 -4.76175547785059e-05 -1.34651510371392e-05 1.13621758091580e-03 -2.02476966161463e-05 8.40639674730914e-05 -1.16660525224113e-04 -5.32923477562468e-07 -9.02720633065288e-05 3.04474171887116e-03 -5.55809324871386e-05 -2.44570670074837e-04 7.95130458336672e-05 -5.43227801920212e-06 5.00660708323034e-05 1.28373110048974e-07 -3.08193684918710e-05 -2.76966173706717e-07 -1.53426204123766e-05 1.10243644768360e-04 -5.24637221635131e-06 -6.10644979115195e-05 -1.89741159452576e-06 2.09625755350871e-05 1.24161490794714e-05 -7.42214107656564e-07 -2.23455415277700e-05 5.32526904647890e-07 -2.18711745805420e-05 3.42779878284988e-07 -5.35686217634227e-05 -4.04837537055067e-04 2.86561915130218e-04 -1.54981514005537e-03 1.07997015267810e-03 -7.02487214756854e-04 -3.75216051935079e-04 2.26047014830125e-06 1.56557521300210e-03 1.10265460724097e-03 2.66892412826248e-06 -9.16874597154111e-04 -3.35029868031133e-04 -2.51244806873033e-06 -9.29518251317997e-05 -1.35691521899897e-07 8.94138681056098e-05 -2.47166449102107e-06 -1.47135440209360e-04 -1.94504196529111e-04 1.74365590226502e-06 -8.84190352185321e-05 -3.37486751159208e-06 1.74536018539613e-04 9.16818694750544e-05 3.91171988244391e-07 -2.51720769621186e-05 1.26696722864914e-07 9.53980406699058e-06 4.01382703544167e-06 -1.72104708918578e-05
 4.67394338422903e-06 -5.32590508590069e-06 1.77678655010617e-05 -1.81204777893456e-05 7.00547686621884e-06 -1.91758043224008e-06 2.45440636061956e-04 -4.47093774840520e-05 2.83083228687465e-05 -9.48714959760568e-03 2.41771660023207e-05 9.24220457766009e-06 1.05967248126618e-03 -1.39852973812287e-06 -1.71953506923798e-04 -1.95005789566435e-06 1.05831916458946e-04 -6.94971871529682e-07 -1.11227700325079e-05 -4.74536282723902e-04 4.88324330410453e-06 2.88035667143755e-04 5.37471397740562e-06 1.71882705535312e-06 6.56648113111432e-05 -2.70351580675678e-07 8.13067690579820e-05 3.01098465741117e-06 6.60973789978037e-05 -7.33714638914231e-07 3.77683395882198e-06 -1.69701695407893e-06 1.72863422227195e-05 -2.99453843823101e-05 -4.09586411678032e-06 5.10661547786494e-06 -5.54525153445702e-05 2.50665701497620e-05 3.76315198548930e-06 1.03267718639622e-03 8.30103920545015e-06 -8.83911850579680e-06 2.87379517934864e-04 3.30987336344348e-07 -5.66713053704100e-06 1.84146006485902e-06 2.46814552570006e-05 5.29569769969142e-07 -1.62709392534812e-06 -2.33557821066310e-05 -3.89604462750538e-06 2.12261847847613e-04 -4.08101534842018e-06 -2.87519607923688e-07 4.23451337688521e-06 -1.68573036278779e-06 1.61780578293937e-05 -3.66427419186660e-08 -1.80335751548679e-05 4.42153806074936e-07 9.32966211969947e-06 1.10726462774343e-06 1.46999814424863e-05 -9.26379157725402e-06 4.18787163394973e-06 3.03858847001024e-06 1.94652013361014e-04 -6.53256063258274e-05 -7.84907938605556e-05 -1.19753810891520e-02 -1.17494668532032e-05 -1.00097266463442e-07 -1.51877413828694e-04 7.45283686067172e-08 1.31575078748407e-04 -7.13496484125406e-07 -6.69660841281728e-05 -1.55566880022778e-06 5.50894485824301e-07 3.98669732552325e-04 -1.99499663653738e-06 -2.27018003881458e-04 -1.48509967872107e-06 4.46086648173923e-07 7.27433320334642e-05 6.52425205930142e-07 4.51609243851614e-05 -1.30557194523799e-06 5.22409458277650e-05 6.77702842270815e-07 3.13769331789887e-07 -2.90451331725120e-07 9.36889488058783e-06 1.99659803286176e-05 1.65770200066288e-06 5.01586545833297e-06 -3.45813039430408e-05 2.12740746540399e-05 -3.94832586908157e-05 2.76293026098398e-04 3.27443844142419e-06 4.43478159779356e-06 5.44846689578360e-04 -2.00234006433429e-07 -5.16712409387628e-05 6.53233870993086e-07 -2.30660896489504e-05 3.04241693907366e-07 -9.26576490900273e-07 -1.53661488544513e-04 -4.10568775114501e-07 -5.59227495162152e-05 1.71398188141678e-08 1.29996863098483e-07 -2.24763279397573e-05 1.04894411074307e-06 2.92859706043000e-05 7.36912413832520e-07 2.31332403797261e-05 9.21791261158116e-07 7.73662081615989e-06 -2.13711872010482e-05 5.00456156987426e-05 -2.41167705800135e-05 -4.52948631649871e-06 -4.97049176866185e-06 -2.09152415971563e-04 -1.80952425043332e-05 1.41430873272679e-05 9.99253003458688e-04 1.14151833462984e-05 -1.01020003521331e-05 -5.31101978324341e-04 -3.07606799635649e-06 1.97451791445134e-05 -6.79490796079968e-07 -1.07731994347730e-04 2.82399552045067e-06 1.71192291078087e-06 -1.15905052699745e-04 -5.25191199008821e-06 -9.29039443989729e-05 7.29268222598083e-06 7.47842017218921e-07 6.96284359431852e-05 1.19814204145309e-06 -3.04845214304651e-05 2.51075979945051e-06 3.71926781104959e-05 -6.16390805343057e-06
 1.20488678849857e-04 -7.20490360954604e-05 -7.37784914573296e-03 2.01401823066382e-03 -3.02397881135648e-04 7.48127135961436e-04 4.38463465696214e-07 4.12071631948211e-03 -8.33999248486252e-03 -1.29826403568386e-05 -1.25250485169159e-03 2.85383473737662e-03 4.69772068934231e-06 1.81104410312242e-04 2.24099979403614e-06 7.43161717310046e-05 -7.43494358597773e-07 1.27690269196422e-04 1.31864443700137e-04 2.90102667066220e-06 1.25741137151664e-05 -9.29860772586920e-07 1.10908369686337e-04 1.00358302985976e-05 -2.87112231462020e-07 4.43337136543645e-05 1.08146288005003e-07 -1.61276647863092e-05 -2.98285962030340e-07 -7.40880382917366e-05 -4.36568793793109e-05 1.38739031316149e-05 2.72031878697913e-04 3.80599384135319e-04 -3.30412405924453e-05 -2.92327992398960e-05 2.28088091204238e-06 -1.40620066985249e-03 -1.70540804625394e-04 -2.45065159681066e-05 1.78158000436583e-06 -4.65535654783304e-05 -5.30562968473104e-06 1.94878263751841e-05 -8.97979423008732e-07 2.86601606024042e-06 1.76587752416652e-07 -1.84125965519668e-07 1.22392369431626e-04 2.04065488473644e-06 -1.33459526795722e-05 3.24025328284815e-07 1.49812948716902e-05 -2.49887820590531e-05 -2.29324096384218e-07 7.48820255342264e-06 -3.50894892329510e-07 1.21704658052915e-05 -1.06218671614743e-06 -2.33621975299171e-05 -3.53780059897173e-05 8.90146010680173e-05 -1.38449536027923e-03 1.33946952199463e-03 1.60005246293799e-04 -2.76246980544990e-04 7.23164779332536e-08 -4.50015284720089e-03 8.79944948658334e-03 5.51242446743511e-05 2.98418276807146e-04 -7.02312942979871e-04 1.95510699105846e-06 1.68456302034839e-04 -7.13496484125406e-07 1.09945119909901e-04 2.09946875789598e-07 1.22320387863775e-04 3.29082109597138e-04 -2.10619614667419e-06 2.16014964201082e-04 1.28898148801888e-07 2.24297634171932e-04 -1.67235814402065e-05 1.06430661162765e-06 -6.01789927995279e-05 -7.11236014024137e-07 3.03126360195966e-05 2.36696302436605e-08 1.19007367344255e-04 -3.47850997000616e-05 -4.77409124786435e-06 6.28137503557195e-04 2.52430732499575e-04 6.40241089433006e-05 -3.27025179772153e-05 7.27399679866157e-07 3.68737200301110e-04 1.55404147429281e-03 -5.82423137245649e-05 -1.37611586939823e-04 2.17409500435701e-04 -3.89717775569757e-06 3.08835450878547e-05 -1.87252731002122e-07 -1.22401141779799e-05 -2.48312267014764e-07 9.09266874207347e-06 1.06123028805842e-04 -2.22234354658333e-06 -2.91562930625726e-05 -1.03798063294498e-06 5.23691921629373e-05 2.12153475682874e-05 -4.34485356629822e-07 -1.08281119150025e-05 1.16664037156922e-07 -1.68667247165211e-05 1.18841510422862e-07 -3.70221707087333e-05 9.99744121957503e-05 1.32139339458145e-04 -9.74395990064699e-04 7.45130336776969e-04 -6.57618593257234e-04 -9.60479981606735e-05 2.88577021088017e-06 1.28460728641406e-03 3.47790290054351e-04 -6.15603385700500e-06 -6.56245045344722e-04 -1.82304548267292e-05 2.78984160236819e-06 -2.82113573295785e-05 -2.80912928476652e-07 6.85186765685334e-05 -2.38772065602627e-07 -1.21224555525314e-04 -1.65203941473252e-04 1.64550346424974e-06 -6.83467850461961e-05 -7.84052362421567e-07 9.30487225231720e-05 7.54818577897268e-05 -5.26012093223406e-07 -2.56080079386572e-05 2.85916500874838e-07 8.21421254235601e-06 1.10431565605349e-06 7.67264478851231e-06
 -9.95938505117576e-07 2.39531820150209e-06 -8.12285086180856e-06 1.06827618798611e-05 -2.95652106457261e-06 -1.12788302523704e-06 -1.21498877042826e-04 -1.20346290577826e-06 -3.62422122166353e-06 4.74019822135097e-03 -9.95762298976252e-06 -9.52510989652845e-06 -5.34013681614069e-04 -1.36829252704145e-06 9.39147563374003e-05 7.78558322779033e-07 -4.80728645014363e-05 1.63594460021919e-06 6.94065597863777e-07 2.58997922425676e-04 -3.37432000880033e-06 -1.29465123787019e-04 -6.45836444708508e-07 -1.77046725920097e-07 -3.58727561125337e-05 7.15638890360466e-08 -4.12962884349757e-05 -1.23765881300079e-06 -3.05344307973873e-05 7.72524470534855e-07 -1.36368625544793e-06 1.09477149037774e-06 -5.49879110902616e-06 2.24122869335734e-05 1.40669976096401e-06 -2.47525695044589e-06 2.12996098318800e-05 -1.89415378050030e-05 -1.66708712008046e-05 -2.16093472141660e-04 -5.91399106646630e-06 5.88609349563104e-06 -1.29866884975885e-04 -2.02833960608624e-08 3.06225482108141e-06 -8.17690246232441e-07 -1.38210616580307e-05 -4.70745470293285e-07 1.20142634966258e-06 1.28802168572973e-05 2.17745246470606e-06 -1.07720279741282e-04 2.32228992213497e-06 4.70705327649235e-08 -2.35483311922810e-06 9.04702417888864e-07 -8.94499966873338e-06 -2.51361375141620e-08 1.06896257937627e-05 -3.29138264645726e-07 -1.78849674985114e-05 -3.64674004915260e-07 5.87301971814116e-05 2.84750755612534e-06 2.64394475862033e-07 -3.69283746864799e-07 -1.00732689097367e-04 -6.37123958414164e-05 -1.03650806488676e-05 6.18003119087487e-03 3.71428995499623e-07 9.84224280545065e-07 8.76791509254694e-05 2.18821672899383e-07 -6.69660841281728e-05 2.09946875789598e-07 3.42274857144505e-05 -1.26866687798065e-07 1.21405180025265e-06 -2.02821860534369e-04 8.44206188968293e-07 1.17503293689321e-04 -1.53452392406705e-06 5.84635650267613e-07 -3.72051509298871e-05 -1.88490203222168e-07 -2.28222839097927e-05 6.57409359820245e-07 -2.63937537565115e-05 -4.34850880147318e-07 4.89906533031912e-07 2.31219321328324e-07 -1.64362476990376e-05 -1.27938702578584e-05 -1.25782809834877e-06 -2.81524895176697e-06 2.44398633275915e-05 -1.18090423557462e-05 1.39590108545026e-06 -5.09329587447300e-04 -1.44152279155292e-06 -4.03145515438283e-06 -2.92689323423417e-04 -1.13816858467268e-07 2.33488365392247e-05 -2.34454344730402e-07 1.02402666340963e-05 -1.12214486718074e-07 -7.35244098270641e-07 6.91437549645022e-05 5.16465146867938e-07 2.40714471075760e-05 1.50985656573602e-07 -1.63579496224378e-07 9.83228392479377e-06 -4.36187585429835e-07 -1.41573338276199e-05 -2.51823002465397e-07 -1.05734141698786e-05 -9.68834249641876e-08 -5.27798032672905e-06 1.28760837981874e-05 -3.49022784125936e-05 1.78032174574805e-05 -1.47346613861504e-06 2.51253671974824e-06 7.58391893245466e-05 1.87103228326222e-05 -8.23552569019500e-06 -4.09685302349185e-04 -1.10579986438351e-05 4.12281705380201e-06 2.28734664719449e-04 2.01873835412913e-06 -1.10998197058199e-05 1.08763337472178e-06 4.54689860319440e-05 -2.37028594505989e-06 8.18389757645923e-07 6.28779822159782e-05 2.17656377333731e-06 3.76623148433646e-05 -2.90610122865108e-06 -1.31959558924322e-06 -3.82689826704369e-05 -9.05388699416943e-08 1.31314491715513e-05 -1.41105618437423e-06 -1.47350237089395e-05 2.98040582323660e-06
 9.85579526242878e-05 -9.61222592369147e-05 -8.02209359506394e-03 2.02401667352152e-03 -4.84544773811248e-04 7.39834116771634e-04 -1.58612804183531e-06 8.99420136675537e-03 -7.15070621231273e-03 2.78849926281961e-05 -2.20338799622396e-03 2.73769976518261e-03 -5.23240296724547e-06 3.17476573831598e-04 1.28565936429576e-06 7.42748580035433e-05 -1.36371983037957e-06 2.49442709027642e-05 4.90886565795879e-04 4.61513644289101e-06 1.11716025170701e-05 9.75527397015879e-07 -1.62101900705002e-04 -5.81371365261941e-05 -1.62929977797085e-06 3.46066459815270e-05 2.63780845344155e-07 -5.03572328386340e-05 2.23283061177379e-07 -9.51789882121089e-05 -5.09145146663760e-05 -1.60059584976643e-05 3.60666745351915e-04 -3.02474246871323e-04 2.24013734963751e-05 -3.53476777534084e-05 -1.57459326745178e-06 -2.55201685987407e-03 1.40968308021488e-03 -1.54281141237398e-05 3.70882877399820e-04 -1.91921161205276e-04 1.32489667179993e-06 -1.31341223099309e-06 -1.35722082457030e-07 -2.42375519180156e-05 -3.41600950159042e-07 4.28015022555377e-05 5.73414030060624e-05 -3.05631926164978e-07 -5.36778897054215e-05 5.51715388977565e-07 1.94107417245367e-05 -8.40521973964556e-06 1.66495935496423e-07 1.23284135897574e-06 2.93995443997009e-07 2.49632508042129e-05 -4.19448979012552e-07 -3.00282075010000e-05 -4.70553668297828e-04 9.22168498346490e-05 -1.66280742862767e-03 1.62646981086744e-03 -1.98951798230253e-05 -4.45653870141495e-04 -7.51218957309254e-07 4.91532563071802e-03 1.50891932016144e-02 4.35524797413387e-05 6.70353242412390e-04 -6.71138077794044e-04 2.20521395291546e-06 1.29633756970732e-04 -1.55566880022778e-06 1.22320387863775e-04 -1.26866687798065e-07 2.24066152569038e-04 1.66162634438543e-04 -3.58734848689736e-06 2.35447262049580e-04 -6.91844366269013e-07 5.24746688133420e-04 -1.12561746326985e-04 2.32957722250534e-06 -7.14664493537365e-05 -1.04140916294760e-06 2.35367654928602e-05 -8.78517479617703e-07 1.20649382240292e-04 4.29242736346766e-05 1.80832699465758e-05 1.98970702663450e-03 9.73737595003924e-04 1.38007845555049e-04 6.07679176891229e-05 2.02714603626608e-06 -7.20419827910627e-05 7.11386236821787e-04 -4.27374002685216e-06 -1.12317518721381e-04 6.14243133520878e-04 3.20987001030594e-07 1.60345078820750e-05 -8.13992804278075e-08 8.85534286347905e-06 1.16003600181517e-07 4.74043873957639e-05 1.52316655053286e-04 2.21015471625294e-06 8.57895597225204e-06 5.60845503212429e-07 1.33649656541205e-04 4.44182744644003e-05 6.36490421553953e-08 -2.00042595241674e-06 -4.03826257691065e-07 -2.23516835186127e-05 -3.42298711563205e-07 -4.08101800122586e-05 2.34904357257795e-04 1.68068453162806e-06 -7.82257161018539e-04 8.05192140870666e-04 -9.13832986758128e-04 -8.40156878156436e-05 5.31515115542817e-06 1.48953136510676e-03 4.46984291734044e-04 -1.35987042147597e-05 -6.97155792969331e-04 8.32606198388497e-05 7.52524824707322e-06 -6.18434789266590e-05 5.24465518230668e-07 7.46346039030512e-05 2.28974551902900e-06 -1.42607025234023e-04 -3.37066884065486e-04 2.24463441935712e-06 -1.14938228755415e-04 -6.71846208991722e-07 9.52599517583035e-05 1.62765677997612e-04 -2.49663274960991e-06 -5.62434694580938e-05 6.17877792543663e-07 2.83059609962024e-05 -7.70992343803749e-07 2.36480821076908e-05
 6.04606669695877e-04 -2.91263698431219e-04 -2.24026169805166e-02 6.37808599031605e-03 -5.64569505921831e-04 2.69689104523318e-03 4.15126900382011e-06 -8.60131719676930e-04 -3.02570405753984e-02 -2.24447539909028e-05 -2.06842674206817e-03 1.05798959691191e-02 3.03720604311450e-05 5.13595172385195e-04 -2.11569395120003e-06 1.51203999833789e-04 -6.03139517882579e-06 7.45928069915194e-04 1.39866194741927e-04 -2.19803925245883e-05 -2.72047567710332e-04 -2.10412647528087e-05 9.66936673311005e-04 1.93112855718379e-04 6.37450126223489e-06 1.48752529406232e-04 -1.95534039651987e-07 6.93978720551782e-05 -4.38186473475072e-06 -8.86442875422801e-05 -2.02396106169992e-04 1.42736815917900e-04 5.62619922397524e-03 3.77871702771707e-03 -3.63797970338843e-04 -1.90119176426435e-04 2.10975987354923e-05 -1.13009801966826e-03 5.55329057621011e-03 -3.34266408677754e-04 -1.39880305838830e-03 2.15645917551445e-04 -5.13943587092027e-05 5.41762851223036e-05 -3.61095966578205e-06 8.97103498066119e-05 2.55280813379294e-06 -1.31496629319236e-04 4.86243015447935e-04 9.40681080797817e-06 5.88902689387962e-05 -2.37169821805084e-07 1.06819275632175e-04 -5.15996528803304e-05 -9.89739573491588e-07 2.95219977836367e-05 -2.33006515303110e-06 -4.22270839505663e-07 -7.01545908596209e-06 -5.68109768495497e-05 2.45096794657183e-03 3.60374411530434e-04 8.74607793737287e-03 3.03255168610220e-03 9.52734500950160e-04 -5.68472544796917e-04 1.04576740697718e-05 -3.92797714047624e-02 1.89536057270376e-02 -4.18309915730761e-05 -3.04343976902977e-04 -1.56802671517051e-03 -1.85147239949073e-05 6.58524756016315e-04 5.50894485824301e-07 3.29082109597138e-04 1.21405180025265e-06 1.66162634438543e-04 1.71136632449773e-03 -2.07936055853170e-06 7.27062383303334e-04 -1.15827070234610e-06 1.28804243416438e-04 1.79848237505527e-04 1.66470401143870e-06 -1.81384297470797e-04 -7.28343480417583e-07 1.24481647904047e-04 1.93581453535599e-06 4.42851602158646e-04 -3.75679968922225e-04 -2.55416640877845e-05 5.33714161158803e-03 -7.52236765830228e-04 1.99549615618972e-04 -5.02033957503458e-04 -6.44607846826997e-06 -5.89306620261138e-03 1.24919370950937e-02 1.97105407219146e-04 -7.94286083769961e-04 -2.49058337586700e-04 -3.75313780073160e-06 1.12439295132888e-04 3.46526204324668e-06 -1.08297700111694e-04 8.99775940774001e-07 -1.53510578493650e-04 8.23849599847015e-05 -4.41725786669835e-06 -1.77173144853480e-04 -1.12017391496846e-06 -2.58175381320049e-04 -6.51205810991664e-05 -4.31551798987353e-07 -7.09372139016203e-05 1.01911084297555e-06 -3.95944167128942e-05 1.27101342517691e-07 -1.27159584610408e-04 6.39965555113621e-05 7.06267745771964e-04 -3.36010308919171e-03 2.32624603949397e-03 -1.11882355200801e-03 -1.37347978947624e-03 3.75568095536283e-05 2.70238918314529e-03 3.94226070182759e-03 -8.71979304559262e-05 -1.92663030608428e-03 -1.24667906884370e-03 3.20934466804172e-05 -3.69996449666002e-04 1.61538442381646e-06 1.80158812801110e-04 3.21009616787420e-06 -2.61614570396533e-04 -5.95743087396820e-04 3.19569619956639e-06 -2.51428094803358e-04 -2.56177439871065e-06 5.46847434264962e-04 2.93744582236686e-04 1.25288841731501e-06 -7.71337473208692e-05 2.58258663176175e-06 6.10256558290309e-05 8.23737991189405e-06 -1.22712783890699e-04
 3.73544008973304e-05 -1.33449515076524e-05 1.94895429393523e-04 -7.14871149457504e-05 1.92274322292177e-05 -2.51995981473621e-06 7.44273724531772e-04 -4.63849911037345e-05 6.38663599710005e-05 -2.87079277318620e-02 7.03257727015972e-05 4.03651532529098e-05 3.20040709066902e-03 -7.91491893661798e-09 -5.18968240360301e-04 -5.88498310239580e-06 3.26759051404199e-04 1.02793880881087e-06 -2.51115014479686e-05 -1.43214723414228e-03 1.81083765867603e-05 8.91046568308709e-04 2.68197618056313e-05 2.54291853810653e-06 1.98155750794503e-04 -6.37055760899523e-07 2.45078409199473e-04 8.18483422082527e-06 2.03380750826395e-04 -2.14754661160569e-06 7.91061385634331e-06 -5.85823669916021e-06 2.99770598846802e-05 -1.02736106780119e-04 -1.08614083692896e-05 1.62266636957698e-05 -1.76314756495189e-04 -4.93306575591197e-05 -3.23695645369236e-05 3.53004411651713e-03 5.40503821800087e-05 -3.41833740966429e-05 8.87981469605459e-04 9.56522353012957e-07 -1.70876590128381e-05 4.36513267822422e-06 7.26758413096879e-05 3.86240406048208e-06 -5.71404990230565e-06 -7.05552065707640e-05 -1.28733876012141e-05 6.40009798978882e-04 -9.97905238736583e-06 -1.16648255603151e-06 1.27753132226840e-05 -5.14467697040867e-06 4.77692879514397e-05 7.55924721167384e-07 -5.23184679780834e-05 -1.18308293427205e-07 -2.37501353966977e-05 1.87187533345470e-06 -1.61296569444381e-04 -3.38755047301907e-05 9.61772393252013e-06 8.93793933349632e-06 5.90541846672668e-04 -4.44941961826367e-05 -1.77911747648612e-04 -3.63068835944660e-02 -2.98919143224608e-05 -6.26442347773320e-07 -4.62686578510079e-04 -4.64674833850362e-07 3.98669732552325e-04 -2.10619614667419e-06 -2.02821860534369e-04 -3.58734848689736e-06 -2.07936055853170e-06 1.20815816808388e-03 -6.87797434868309e-06 -6.86216355197309e-04 -1.89586394224105e-06 -1.22503891443027e-09 2.20297164369838e-04 1.79259473782403e-06 1.36731634559384e-04 -3.96334013422474e-06 1.58452704992000e-04 2.20717116028648e-06 5.41072289570086e-06 -2.22311916048979e-06 -1.11202587957312e-04 5.50589299462124e-05 8.94779476946937e-06 1.09094357615038e-05 -1.01239682028695e-04 -6.86851088944301e-05 4.43650705628601e-05 6.69547829040071e-04 -1.90519586051735e-06 2.16323878062295e-05 1.64004824468008e-03 -2.58245383905624e-07 -1.57523603938317e-04 1.48374294167417e-06 -7.03320673383804e-05 -4.74740257502010e-07 -6.32396222197580e-07 -4.68631922167555e-04 -2.80937164115849e-06 -1.69745964645832e-04 -4.30618387869018e-06 -4.28630928756206e-07 -6.85924095564928e-05 2.98574855201937e-06 8.88263820131684e-05 1.95827093950438e-06 7.05995969069140e-05 2.15451721971818e-06 3.30707029056568e-05 -6.07529824622139e-05 1.00845217169541e-04 -4.88807289238361e-05 -4.99714340048804e-05 -3.81098004676532e-06 -6.71323443393084e-04 3.70293597482293e-05 1.77372294535436e-05 3.14455851434023e-03 4.90291934938372e-07 -1.62352661333237e-05 -1.65664151900749e-03 -6.97275048375626e-06 5.93261498307399e-05 2.03119447416584e-06 -3.37324076439866e-04 2.30168843023062e-07 6.39035413269211e-07 -3.50194116115157e-04 -1.13854498078129e-05 -2.92966260148845e-04 1.62342397676718e-05 4.12478134598198e-06 2.09831532890279e-04 2.92318686217545e-06 -9.50814318100543e-05 3.47888024078524e-06 1.17724177054100e-04 -1.48656802380664e-05
 3.75587567887172e-04 -1.89775471918774e-04 -1.41870408296667e-02 3.62988890852931e-03 -6.74017672067886e-04 1.52284673377741e-03 -1.01660814166118e-06 8.05906898007760e-03 -1.66889892026762e-02 1.20987774247737e-05 -2.86803247721688e-03 5.80528448196839e-03 8.84678767125845e-06 3.69468684836038e-04 3.59108859311402e-06 1.02483958509666e-04 -5.94948461366417e-06 2.80304197739397e-04 2.81584924764628e-04 3.34565703073659e-06 -1.00184402185677e-04 -1.49888966717448e-05 1.95283213006780e-04 4.01919086210254e-05 -5.40463520983075e-08 8.55526093421703e-05 5.78499347932855e-07 -2.33342038065123e-05 -3.03534353236656e-06 -1.04430525322366e-04 3.29500582360661e-05 3.38188200793983e-05 4.63593367803592e-03 1.01890823770842e-03 -1.17052652716327e-04 -8.02591743964354e-05 8.80422162520820e-06 -2.38273580597325e-03 1.41305714869953e-03 -2.95821275646252e-04 -2.29375081609783e-04 -3.38730518877703e-05 -2.23868489601725e-05 3.08680709125217e-05 -1.72041579835695e-06 5.33691683709424e-06 1.49329552372101e-06 1.34338931158607e-07 2.42982624041355e-04 4.03356243266999e-06 -4.47481747075444e-05 8.56543590109618e-07 9.17174590686084e-05 -3.78509152817626e-05 -4.22149625973956e-07 1.41632963767304e-05 -4.39866038069772e-07 2.28763341936966e-05 -3.78522230600099e-06 -4.66065338535465e-05 1.49866824959029e-03 2.05796752740191e-04 1.28948484320053e-03 2.55482216175217e-03 3.53084699319272e-04 -5.39295694402676e-04 -3.49369190327625e-08 -1.08319904801707e-02 1.78572136604017e-02 1.76631265737531e-04 4.38494090201101e-04 -1.23249337939101e-03 4.40887358895655e-06 3.41637703967707e-04 -1.99499663653738e-06 2.16014964201082e-04 8.44206188968293e-07 2.35447262049580e-04 7.27062383303334e-04 -6.87797434868309e-06 4.53835366572058e-04 7.23499944573830e-07 4.53359713153546e-04 -2.38077573692283e-05 1.83757060542869e-06 -1.22679014037773e-04 -1.33345874509045e-06 6.16946356387925e-05 -4.77311138265076e-07 2.49253840965445e-04 -8.66953569629167e-05 7.60175607943566e-06 4.10143131002221e-03 4.78212642261520e-04 1.33728224881171e-04 -7.62935771551347e-05 6.93018289916204e-08 2.76243429603851e-04 2.83077682663056e-03 5.08989826076829e-06 -2.93142936598788e-04 3.06942447995886e-04 -4.48189589475479e-06 6.16993945910183e-05 7.89747586408836e-07 -2.87353137089850e-05 1.56454484448643e-07 1.17730478156977e-05 1.76983086075381e-04 -1.34850943549107e-06 -4.43086559028404e-05 -1.59719818343230e-06 1.08205356768717e-04 3.85147712284194e-05 -4.10361943164944e-07 -2.20058179638033e-05 1.11072161199955e-07 -3.24916658091810e-05 -1.71493981252663e-07 -7.06359380205292e-05 -5.23132029824345e-04 1.67957452835875e-04 -1.28539299261463e-03 1.18681263151219e-03 -7.68316330550008e-04 -4.22654200151738e-04 3.06286128410304e-05 1.32204682127379e-03 1.32548554639037e-03 -8.88891485105078e-05 -9.06080515541201e-04 -2.81789410911678e-04 3.69499517043384e-05 -1.24873831825255e-04 -3.68168369663959e-08 8.32226769398585e-05 7.03147050367853e-06 -1.29883180334242e-04 -3.66829875577736e-04 4.27850531171654e-06 -1.97726294188225e-04 5.00708639933003e-06 2.81078621909229e-04 1.74659422131091e-04 -1.44234554467316e-06 -5.39975894596524e-05 2.24046230093112e-06 6.81260267374747e-05 -3.15259576610128e-07 -4.71386508825245e-05
 -2.65912950864208e-05 9.81829418297077e-06 -3.54671138882682e-05 -1.89422413037924e-05 -3.11557260720220e-06 -4.82583919633888e-06 -3.89881112433682e-04 -9.30860167279855e-05 2.20298299081628e-06 1.59271309555724e-02 -6.83767096087254e-06 -4.34134421150376e-05 -1.86614139849237e-03 -3.50555431065055e-06 3.67332143201098e-04 2.79461501076509e-06 -8.54817771564223e-05 -1.68352877338471e-06 9.90119589193076e-06 1.01150316787460e-03 -4.39063898036066e-06 -2.07454494114271e-04 -1.25382284582111e-05 1.64418408012461e-06 -1.40481109006027e-04 6.95846990395068e-07 -1.49490816626772e-04 -3.96288212371313e-06 -6.30423235329688e-05 9.59015498112680e-07 -4.94810158961511e-06 2.75575953721035e-06 -1.55141856892818e-05 6.29816515757178e-05 3.12187354141403e-06 -1.16162053267588e-05 -2.92833541498832e-05 8.81810871769036e-05 7.31015303382978e-05 4.00964460729374e-03 -4.33304887922548e-05 2.80119856154638e-05 -2.19965527744901e-04 -8.08650709336783e-07 1.19296820094242e-05 -2.34127432431738e-06 -6.99312610939561e-05 -3.47148483384328e-06 3.86237384084683e-06 5.06711735976255e-05 7.54558574657591e-06 -3.88565074782455e-04 5.94387845868887e-06 8.31818841000668e-07 -9.41221424538444e-06 3.17372909193585e-06 -4.37819990238992e-05 -1.15809651482507e-06 6.24434535635188e-05 6.83459496212086e-07 2.00941170578799e-05 -2.61646879826294e-06 4.29675267619777e-05 1.96987944822192e-05 -1.74423895411697e-06 -2.13948179980698e-06 -3.43713518003153e-04 -9.73763854798274e-05 -1.02842778036299e-04 2.12220377471273e-02 1.04153582881607e-05 -5.84080141233199e-06 3.30526864663845e-04 -4.07030801539981e-07 -2.27018003881458e-04 1.28898148801888e-07 1.17503293689321e-04 -6.91844366269013e-07 -1.15827070234610e-06 -6.86216355197309e-04 7.23499944573830e-07 4.21830816666689e-04 -6.78417625268736e-06 1.83484792880021e-06 -1.28001787668731e-04 -1.68338554529213e-07 -7.73316629580577e-05 2.00254628974971e-06 -8.71584414771357e-05 -2.56754583839955e-06 -6.90311581353547e-06 6.77273614609486e-07 6.06246542354969e-05 -3.18648631851826e-05 -6.80111807943616e-06 -4.23311730490741e-06 1.45945110610905e-04 1.37494149003279e-04 -5.94496474942043e-05 -4.92799617882627e-03 7.45009999280760e-06 -1.85736898777248e-05 -1.15691677458914e-03 8.83384472670277e-07 5.66364767626218e-05 -7.83330490588451e-07 2.37063799935714e-05 -1.65949118106610e-07 8.68781612287938e-07 1.64123398001036e-04 5.74532048569107e-07 5.65499334629350e-05 2.20522567008982e-06 -1.00803827609434e-07 2.14156292242473e-05 -2.04968758613752e-06 -4.35002764623009e-05 -9.42580726508330e-07 -2.57424426876488e-05 -1.36246244338288e-06 -1.45176349807205e-05 3.37473551119193e-05 -2.31595325949113e-05 2.82728713942590e-06 4.80135651527740e-05 -7.51825623139246e-07 -1.95878380672431e-04 -7.26809468409571e-05 7.83127994483308e-06 3.75505962948064e-05 2.41077357941950e-05 -4.36721131226212e-06 1.89195772416461e-04 4.18661320516040e-06 -4.67786956067892e-05 4.39452103619204e-07 2.07095191112528e-05 3.63769222097998e-06 1.01421019291038e-06 2.41201023153312e-04 1.57199836361828e-07 -1.17920945544000e-05 -7.29069921308506e-06 -3.84907421358874e-06 -1.53272164868302e-04 2.66176678589442e-06 1.07362953328625e-05 -1.35538333572158e-06 1.08628024153210e-05 5.09393893834895e-06
 5.71318864696209e-04 -2.57844461053745e-04 -1.47775966545950e-02 3.51697196320176e-03 -1.18259927305716e-03 1.16354805072242e-03 4.09950821165912e-06 2.29339833861037e-02 -9.46367896929291e-03 -3.31547588059112e-04 -5.62746303919069e-03 4.50703797111626e-03 3.16278424743672e-05 6.81685099503822e-04 5.19641408444507e-06 8.92893526937629e-05 -4.51306138528604e-06 -5.85599736888621e-05 1.15013050662267e-03 2.45142619051682e-05 -1.21877614804995e-04 8.98125248297784e-07 -6.95890514934755e-04 -2.22502816780532e-04 -6.68542888670786e-06 2.68699187034776e-05 5.26373089886871e-06 -1.27950263062489e-04 4.24827543614659e-07 -1.53052822491661e-04 -1.23980835154763e-04 -6.19272045133518e-05 2.71986879789692e-03 -1.17248295619390e-03 8.30858243022695e-05 -3.03816675870139e-05 -3.24229892364685e-06 -6.74618752672325e-03 3.50793466150895e-03 -3.40844020571345e-04 1.08221559756716e-03 -6.72180272397519e-04 7.34817581419814e-06 -2.97785914967712e-05 8.49758448504098e-07 -8.38720157989403e-05 1.65396386982406e-06 1.40896742576792e-04 -4.25716418899515e-06 -3.24977389399077e-06 -1.60319902301911e-04 1.34139263115917e-05 8.30593164239845e-05 5.66364430687851e-06 7.33690598716926e-07 -8.23977111593913e-06 3.29527684898920e-06 6.41290339291801e-05 -2.91774071738838e-06 -6.99633154253501e-05 1.83512855499458e-03 2.21925613108205e-04 5.96408257866523e-03 3.07314860492460e-03 -2.44687434365684e-04 -1.03690418070275e-03 -2.11879516594175e-06 2.05319544269623e-02 3.67967639864225e-02 5.79776970482251e-05 1.46257909286221e-03 -7.20799242671007e-04 2.60821097241983e-05 1.62503845877253e-04 -1.48509967872107e-06 2.24297634171932e-04 -1.53452392406705e-06 5.24746688133420e-04 1.28804243416438e-04 -1.89586394224105e-06 4.53359713153546e-04 -6.78417625268736e-06 1.38216948105220e-03 -3.30248720020305e-04 7.41816306318265e-06 -1.38301465274105e-04 -1.65980514601698e-07 2.98488829160607e-05 -2.21993608775852e-06 2.15617595711089e-04 -1.12555960655284e-04 7.43508294710249e-05 4.08155597623774e-03 2.86042577357660e-03 3.71969414133795e-04 2.00957786548450e-04 9.99484244896268e-06 -2.86136973065572e-03 3.08611318063126e-04 -2.52239871560934e-04 -1.99870175618497e-04 1.79366248082073e-03 1.26703662385064e-05 -2.04167159001447e-05 -4.64905880551493e-06 5.41933901251228e-05 -1.67414947119407e-06 1.40762480335650e-04 2.54427373982512e-04 -2.48094674606261e-06 1.06227796962482e-04 -5.12292847825164e-06 3.38089383398191e-04 9.96430163601284e-05 -1.64274303632030e-06 1.91043776486937e-05 3.55194501470988e-07 -4.12201009243845e-05 1.60425167825670e-07 -5.36322231898544e-05 -4.85615872875387e-04 -1.22433279363197e-04 -1.40076161733591e-03 1.79106361704299e-03 -2.02179823620308e-03 -2.33711227906296e-05 3.75726220519751e-05 3.00114061832240e-03 5.95277020468196e-04 -9.98050248636231e-05 -1.45245125941571e-03 4.87811525683519e-04 4.18616207700839e-05 -1.18714654360218e-04 8.19958449871443e-07 1.50563738421881e-04 1.25358485645435e-05 -2.94326761493540e-04 -8.64796885460034e-04 7.82141253596801e-06 -3.22004981016545e-04 5.77656025820010e-06 2.55452913332585e-04 4.15893749168024e-04 -8.62796644703164e-06 -1.48933038455774e-04 2.71094161001630e-06 1.01702989071880e-04 -6.31224996752542e-06 4.15024943446532e-05
 -1.58763388194050e-04 2.07176265340209e-05 3.19106182685473e-04 -4.28588559071896e-05 2.18320401689068e-04 2.69805414798535e-06 7.35578604531803e-07 -5.91293779129133e-03 -9.40265966522226e-04 2.54649475538410e-05 1.10348995469387e-03 5.37370402875487e-05 2.45692634901761e-06 -1.24641582107289e-04 4.70425253334597e-07 -1.04249048398556e-06 2.90648961564824e-07 9.73565347759760e-05 -2.98454101186142e-04 -3.42904052494723e-06 -3.33936752942939e-06 -3.12179246191202e-06 2.62839974748118e-04 8.75523269661468e-05 1.65377356617931e-06 8.20891649448722e-06 -6.41531668706778e-07 4.16692350492062e-05 -5.88905811617134e-07 2.26482883945734e-05 9.83178254124193e-05 3.55891341297562e-05 2.58488701363070e-04 7.93102768218167e-04 -6.99000338626257e-05 -1.89216827023255e-05 3.61094591384956e-06 1.95986270342964e-03 1.78231079831818e-04 6.00567273278092e-06 -5.49389490554325e-04 2.17155997161683e-04 -8.05426508005339e-06 1.20782974129904e-05 -5.69806446833935e-07 3.52993010513595e-05 2.50531298284989e-07 -5.75868290786595e-05 5.73829465347249e-05 2.34061871773837e-06 4.79057273840028e-05 -1.84997328333179e-06 -1.22028049285286e-05 -4.21965661938434e-06 -3.37742022222610e-07 5.26174122141030e-06 -8.55347576019484e-07 -1.83920668988490e-05 -4.32776003855487e-07 1.47998316527934e-05 -1.12948961231617e-04 -8.36842646308843e-06 3.36846526480663e-04 -3.81521623464904e-04 1.87085904654476e-04 1.84565565790920e-04 8.49218385432800e-07 -1.01994955904371e-02 -6.98701588055547e-03 3.03110715793531e-05 -4.20139952222879e-04 -5.55983947059488e-06 -2.96116331602458e-06 3.94444034473523e-05 4.46086648173923e-07 -1.67235814402065e-05 5.84635650267613e-07 -1.12561746326985e-04 1.79848237505527e-04 -1.22503891443027e-09 -2.38077573692283e-05 1.83484792880021e-06 -3.30248720020305e-04 1.06153539957757e-04 -1.66144865697325e-06 1.34593369281272e-05 1.18623615277022e-07 6.82675613257856e-06 7.86959837826705e-07 -1.90848978207197e-06 -1.20643770357043e-04 -1.79465096742886e-05 -5.27437082859264e-04 -7.26073747519375e-04 -7.87424560682143e-05 -9.14883176426090e-05 -1.76954755660975e-06 4.18126077310244e-04 7.87202506554856e-04 -4.17974726621492e-06 2.26105893447084e-05 -4.54785064599414e-04 -5.75333336097379e-06 1.26238499075350e-05 6.62323673479967e-07 -2.15607851118330e-05 6.65822126727190e-08 -4.51806879441307e-05 -6.31108604846671e-05 -2.57600121602507e-06 -3.75534749184008e-05 -7.33677483971135e-07 -9.68291050900243e-05 -2.91429037618438e-05 -7.08503453708980e-08 -1.09913767863681e-05 3.00130741209309e-07 7.20692807106094e-06 2.20749639889981e-07 2.65991944402019e-06 -2.17342414852034e-04 1.08528320600731e-04 1.42599496041460e-04 -2.66288889938269e-04 5.35541287962737e-04 -2.21436338194111e-04 -1.84324148305912e-06 -8.21736339377397e-04 4.79365335565336e-04 7.05060177402566e-06 2.82797181938545e-04 -3.42397708346435e-04 -4.32058024495429e-06 -3.07568745699183e-05 -1.51913393575422e-07 -3.36389407016675e-05 -1.98102945209051e-06 7.78650027270505e-05 1.50460000960007e-04 -3.24637871176416e-08 3.46893448929281e-05 -1.06488706725937e-06 2.05151760814513e-05 -6.97584702314933e-05 1.38400645300302e-06 2.98375254816153e-05 -3.01678599613474e-07 -3.71758470291883e-06 2.19293774224281e-06 -3.92556248842939e-05
 1.01550830289468e-05 -4.43251414353358e-06 -1.04801142637301e-04 1.48624800792391e-05 -1.98605172835921e-06 7.15117961689490e-06 1.31525887238374e-04 8.32945632894465e-05 -5.90878862035144e-05 -5.14025217084801e-03 -1.45703122376727e-05 3.89293929782410e-05 5.79948883171469e-04 3.20150817978430e-06 -1.02945443002076e-04 -2.45730756371994e-07 5.11861462191353e-05 -1.70176958776440e-06 -8.09350094748463e-07 -2.83855120469639e-04 2.30281953163506e-06 1.37623899732285e-04 -2.95959763144938e-06 -7.07369295053142e-07 3.93100652776391e-05 5.07104632511620e-08 4.49184787411259e-05 1.02529869777321e-06 3.26226845348035e-05 -1.62980338005232e-06 1.13795188547171e-06 -1.16550562206769e-06 1.84922708905528e-05 -2.30969502570823e-05 -1.76111590455401e-06 3.21360138531262e-06 -2.18819255391357e-05 9.12109359550893e-06 -9.42394108891471e-06 1.76095949236100e-04 5.16125647916042e-06 -1.05883832586874e-05 1.38190949382902e-04 2.15143036519228e-07 -3.36218722224160e-06 8.31520820676603e-07 1.52740744701859e-05 5.76547520151873e-07 -5.28526747832761e-07 -1.41318785386273e-05 -2.74392652596773e-06 1.17148317460085e-04 -2.56246943458096e-06 -3.82742399158728e-07 2.58832459257150e-06 -9.62084133905264e-07 9.87200455663170e-06 1.59737181245429e-07 -1.19198050077583e-05 2.34869086363623e-07 -1.84033202935670e-05 2.02150770784228e-06 6.25903577083554e-05 1.41243410989608e-05 5.25676553736282e-07 -5.36755387015170e-06 1.09651587265834e-04 9.37827050565243e-05 1.91845142570652e-04 -6.72404539250037e-03 4.56669936494294e-06 -3.41110212445463e-06 -9.64910880939357e-05 1.20477388254780e-06 7.27433320334642e-05 1.06430661162765e-06 -3.72051509298871e-05 2.32957722250534e-06 1.66470401143870e-06 2.20297164369838e-04 1.83757060542869e-06 -1.28001787668731e-04 7.41816306318265e-06 -1.66144865697325e-06 4.04810267531995e-05 -4.56342721668655e-07 2.47826913353384e-05 -4.76922627757383e-07 2.86336559654829e-05 1.68976349685644e-06 1.49153257784343e-06 8.60624166031482e-08 8.66078897742968e-06 2.65181549464698e-05 2.40508560629211e-06 3.55640370206940e-06 -2.75860287530852e-05 7.19750543187598e-06 -2.47289133710575e-06 6.08657725735940e-04 1.61035129136057e-06 1.30505288790136e-05 3.20503479768202e-04 -5.03926927165841e-08 -2.49467866679002e-05 4.98413687978565e-07 -1.09126871743846e-05 8.55536388629567e-07 1.46349142913092e-06 -7.37858885839955e-05 5.76633196040634e-08 -2.55589871884077e-05 1.53716742437871e-06 6.15664214896436e-07 -1.04508778923011e-05 5.92768007593499e-07 1.52759105354849e-05 1.27310767398700e-07 1.13034146026964e-05 3.40783501622662e-09 5.33852534628922e-06 -1.40405339706418e-05 3.39929940147473e-05 -1.14767687648357e-05 -4.32247369079156e-06 -6.38644504325375e-08 -7.67038376239631e-05 -1.53035047323016e-05 2.55406410994185e-06 4.26851173608859e-04 7.48086920447168e-06 1.41223489121247e-06 -2.40883623147841e-04 -1.53807719410634e-06 1.22045882968423e-05 -7.76088226250124e-07 -4.76841587040615e-05 1.98159392576393e-06 -3.95798255069491e-06 -6.88558051444645e-05 -4.76966510230472e-06 -3.91354676325527e-05 5.74437984872353e-06 2.73432056046405e-06 4.19918539098454e-05 -5.02077930279062e-07 -1.38351507710012e-05 2.66663663904670e-06 1.52318133339662e-05 -3.70229018783967e-06
 -2.35343487787227e-04 3.85601033590618e-05 2.90816488249643e-03 -9.38421085423734e-04 2.09056891171732e-04 -4.48556712164156e-04 8.05329109953265e-07 -3.10960702931917e-03 4.74477439766548e-03 -1.75559885138227e-05 8.64025239646683e-04 -1.65661828835024e-03 -6.95498313781426e-07 -1.29096335207216e-04 -8.20336854543848e-07 -2.65199506882115e-05 1.28574146906341e-06 -9.86971643757108e-05 -1.50680530184937e-04 -8.29826585426973e-07 1.77369728582037e-05 2.87070589100664e-06 -1.15369962823910e-04 -1.09350882385544e-05 -3.30326794521877e-08 -2.51182630088288e-05 1.52788231156773e-07 1.38545292470188e-05 6.52814230246500e-07 2.55514153221862e-05 1.53610355970855e-06 -3.40928035792748e-06 -9.67694219563765e-04 -1.72665788205857e-04 1.76628343350427e-05 3.30272917086562e-05 -2.32998824970844e-06 1.76031285052847e-03 -1.09119605917775e-03 5.16823593589391e-05 -1.87873586375127e-04 -2.37510684824985e-06 5.82729126622982e-06 -4.50606090059091e-06 3.50245469368502e-07 8.73608159922667e-06 -1.78017030828119e-07 -1.92144921800248e-05 -6.24921619040188e-05 -9.74688308866141e-07 2.03742918669014e-05 1.92204435265940e-07 -4.11978681494055e-05 5.95049217971558e-06 6.70871526628178e-08 -3.31945977761332e-06 2.56402931136235e-07 -1.36206159094579e-05 1.00337509677500e-06 2.49473619025436e-05 -9.35072388123077e-04 -5.00825832810639e-05 1.18765462411038e-03 -6.75920241901292e-04 -8.78858532391872e-05 1.38240983425376e-04 2.96265885035521e-07 2.54498560687393e-03 -5.01478705385730e-03 -4.20804310021107e-05 -1.10109165901352e-04 3.77991049016581e-04 -2.61828008272985e-07 -9.15339189615218e-05 6.52425205930142e-07 -6.01789927995279e-05 -1.88490203222168e-07 -7.14664493537365e-05 -1.81384297470797e-04 1.79259473782403e-06 -1.22679014037773e-04 -1.68338554529213e-07 -1.38301465274105e-04 1.34593369281272e-05 -4.56342721668655e-07 3.65129802639789e-05 5.62128706000344e-07 -1.65775929886726e-05 2.49999819027627e-07 -7.15853027916156e-05 -1.09208537642672e-05 2.24227962796736e-06 -8.37210419101655e-04 -1.11604324587150e-04 -5.14559221285640e-05 3.53760918283454e-05 3.54588671226037e-08 1.40205000978373e-04 -1.21250277171839e-03 -6.59647747117982e-06 1.30755794362961e-04 -1.02140805592233e-04 1.58988383330569e-06 -2.15443312057179e-05 -3.09933124145078e-07 9.93240870528737e-06 -7.42171283145947e-08 -1.96723025329386e-07 -6.85768528215088e-05 -4.32928863447334e-08 2.01787753070575e-05 6.82784283019871e-08 -2.24905472856716e-05 -1.17600004672258e-05 1.20611788184028e-07 6.81598410122766e-06 1.63355826079856e-08 1.07326356008356e-05 9.40913436241099e-08 2.35839136223972e-05 -8.40301022699329e-05 -7.74769876478301e-05 8.27626037933136e-04 -5.81670784828614e-04 5.72266344647207e-04 1.78668429628467e-04 -7.39751605610911e-06 -1.22420994498406e-03 -5.59064327886975e-04 1.87040921804757e-05 5.82357150396499e-04 1.44919573009095e-04 -7.77276585411429e-06 5.79642754454309e-05 -3.21472217171008e-07 -5.97695975298528e-05 -1.54367217140488e-06 1.13056450933243e-04 1.27659540679304e-04 -1.29688611419744e-06 2.33943746742320e-05 -1.37071097382064e-07 -3.93145619492178e-05 -6.36607032763387e-05 7.75946058071928e-07 1.87115052850359e-05 -8.50840369368410e-07 1.26707411466039e-05 -3.07808237326479e-07 -1.95163557082008e-05
 8.06663583820569e-06 -2.99062940797233e-06 3.13164452159202e-05 -9.50084434944602e-06 3.79824324367648e-06 -5.55034717419994e-06 1.00494075991852e-04 -3.75551045924262e-05 6.00351915277093e-05 -4.01264247192740e-03 1.01259253720055e-05 -1.14927750104806e-05 4.59059748773066e-04 -2.30628162815494e-06 -3.49557423254440e-05 -1.31175139620690e-06 3.22282299041318e-05 -1.39990100826103e-06 -8.60705410739342e-06 -9.65914944510683e-05 -5.79192120826097e-07 8.51800958720125e-05 -9.39676380578480e-07 -4.96923827185930e-08 1.32529411426390e-05 -5.64796785461793e-07 3.62773689867429e-05 1.46980020143828e-06 2.14998536013592e-05 7.91213649672472e-07 1.07763589101555e-06 -4.82360517812904e-07 9.67756219441673e-06 -1.17267282646961e-05 -8.47345430377330e-07 2.52998349108717e-06 -7.68032870725849e-06 2.19840826567013e-05 -3.65571724600323e-05 -3.35266426346551e-04 7.43871950019691e-07 -4.24669887632357e-06 8.74223246125722e-05 1.94497709167627e-07 -1.35110426749227e-06 8.58142830666380e-07 1.42324608355316e-05 1.48818638265436e-07 -1.42103711690643e-06 -4.00986636123950e-06 -1.34433531431536e-06 9.43949146078103e-05 -2.11483051132795e-06 -1.50508974095890e-07 6.43784602202582e-07 -6.46847637545150e-07 9.21701904333894e-06 -1.73851733689497e-07 -1.18632170979215e-05 3.90860938887770e-07 -3.21643364962606e-05 6.16242382378795e-07 1.47974291770891e-04 -1.12743483537185e-05 7.49721847997216e-07 1.65185560172237e-06 5.21440353148860e-05 3.74495730449563e-06 -3.13624604874972e-05 -3.49732587508771e-03 -6.19966076231287e-06 9.70137633883000e-06 2.36221344659851e-05 -8.25361957011699e-07 4.51609243851614e-05 -7.11236014024137e-07 -2.28222839097927e-05 -1.04140916294760e-06 -7.28343480417583e-07 1.36731634559384e-04 -1.33345874509045e-06 -7.73316629580577e-05 -1.65980514601698e-07 1.18623615277022e-07 2.47826913353384e-05 5.62128706000344e-07 1.70135720993511e-05 -5.72148055520608e-07 1.80200957640403e-05 -2.63803196607419e-07 4.87469821083972e-07 -2.23448215656286e-09 -1.98841903792239e-05 3.57982773116486e-06 7.56182579739750e-09 1.23858334771396e-06 5.65606326448496e-06 -5.70549097113865e-06 -1.71600203990499e-05 -9.99955662769591e-04 1.02341822990925e-06 1.33205201292474e-06 1.66314440748931e-04 -4.16822061101898e-07 -2.89643133670726e-05 4.63668056530915e-07 -1.39578772652599e-05 2.04464034484043e-07 -1.67990939057644e-06 -8.60936374439471e-05 7.93262186205890e-07 -4.24518906730690e-05 -2.68982768550487e-08 -1.11744713354182e-07 -1.40742076713399e-05 5.96894896344411e-07 1.38212009731767e-05 3.87531930224275e-07 1.17773872715845e-05 7.17292451909341e-07 3.15020366334578e-06 -8.04633403169211e-06 2.32802198940273e-05 -1.04303474432781e-05 3.05979841512029e-06 2.42522873980037e-06 -1.61310795934951e-05 -1.76030322986496e-05 -8.64886726678672e-06 1.92220713520145e-04 7.60765064051454e-06 2.78080993521609e-06 -1.29372385788194e-04 4.31449264453669e-07 3.78901895156562e-06 -1.07716947823311e-06 -2.37333826211102e-05 2.05756561499752e-06 1.47129353965258e-06 -2.36888993383062e-05 -1.93176201276018e-06 -1.66770154532512e-05 3.33042196281500e-06 -4.36605878388358e-07 1.44674384568762e-05 2.06737404646547e-07 -7.36404561100723e-06 1.40801439097875e-06 5.90105007071388e-06 -2.62058255743157e-06
 1.09940127190262e-04 -1.19277242856426e-05 -1.58327946512566e-03 3.65837646333285e-04 -2.29630934066187e-05 2.94069674801600e-04 -1.45046376593562e-06 -3.10429796762558e-04 -3.24547812165695e-03 6.57168551977777e-05 -5.74286852620945e-05 1.10123773405966e-03 -6.14942202596923e-06 7.46538875225974e-05 2.21085782697652e-06 1.46926797912712e-05 -1.57127487328943e-06 3.33701391071248e-05 6.22213331450397e-05 5.13381416347613e-06 3.68575036190171e-06 -4.76831914940994e-06 4.83341968093632e-05 -2.04972638735802e-08 -5.12805383805344e-07 1.76548461001978e-05 -5.83456732120868e-07 4.54466541495090e-06 -8.50952749993912e-07 -1.22195330789941e-05 4.14287330482934e-05 9.31422328961888e-06 3.10390710577198e-04 2.17515411406565e-04 -2.13427960285832e-05 -9.57432685037436e-06 2.00887801920788e-06 3.45262314462130e-04 -2.17867573456045e-04 -4.93349635597722e-05 -1.50876419720616e-04 -2.68433221152263e-05 -5.65051901231321e-06 7.96981443585917e-06 -2.99003764184846e-07 8.28915367083525e-06 1.14513716893183e-07 -1.32543608439609e-05 4.60547463127482e-05 9.60476462170511e-07 5.43707979160205e-06 -1.49374212526346e-06 -3.56922741851872e-07 -1.07308354499905e-05 -2.01575027748404e-07 3.09903941428054e-06 -2.28747740522408e-07 -2.25137924880881e-06 -3.66330135314822e-07 8.62609218301973e-07 4.18827649034942e-04 2.58402224532897e-05 -5.95607650983394e-04 2.90304999543144e-04 3.87482313052668e-05 -6.26702540145724e-05 -1.83799374243222e-06 -1.83224749744347e-03 2.20130934375939e-03 1.29863703408625e-04 9.84550068227671e-05 -1.46166176109649e-04 2.85259820418119e-06 5.36300892106726e-05 -1.30557194523799e-06 3.03126360195966e-05 6.57409359820245e-07 2.35367654928602e-05 1.24481647904047e-04 -3.96334013422474e-06 6.16946356387925e-05 2.00254628974971e-06 2.98488829160607e-05 6.82675613257856e-06 -4.76922627757383e-07 -1.65775929886726e-05 -5.72148055520608e-07 1.20917418471022e-05 -2.56515879894631e-07 3.84530566035672e-05 -4.16667376147849e-05 -1.08727304587324e-05 6.01041925178494e-04 -1.37891709810526e-04 1.49842816109306e-05 -5.43884819654261e-05 3.61241245960815e-07 -3.74259359933633e-04 1.95995502890006e-03 -2.42051496249177e-05 -1.01680821199117e-04 -4.52931813627127e-05 -5.82516697472348e-06 2.24985902822835e-05 4.29349042230453e-07 -1.74585039659953e-05 4.95997413678362e-08 -2.29444584174892e-05 3.95051391956370e-05 1.96531082064718e-07 -3.35108161212764e-05 -1.06470455783277e-07 -4.30360155399758e-05 -7.69974804759075e-06 -6.24194114985004e-08 -1.13023990427086e-05 -1.07533636956702e-07 -6.76173266888817e-06 2.61637965296761e-08 -2.26038428630666e-05 -1.16647761010000e-04 2.77226210114143e-05 2.12867934884994e-06 5.16498217497874e-06 8.54294086157761e-05 -7.58661062581792e-06 4.83819641832764e-06 -1.70506793030132e-04 6.24392074868321e-05 -1.77367316876605e-05 3.34278090846185e-05 2.36101759379894e-05 8.27994846928362e-06 -3.59860529672329e-06 -3.62814275355536e-07 -4.84364028681176e-06 1.39339877316570e-06 1.42921383111251e-05 -6.48099686076011e-05 1.62972147723587e-06 -1.33060596502717e-05 1.33849874729362e-06 2.83879684028604e-05 2.87836275359304e-05 -7.31317878933941e-07 -1.04807287248616e-05 2.84380468233958e-07 9.09056907520033e-06 -5.63954818884613e-08 -1.41717160704275e-05
 8.38524275393058e-06 -1.62318520509187e-06 -4.87299275304728e-05 -8.45365129553914e-06 6.92591624204737e-06 3.95206980947967e-06 1.01180388594758e-04 -1.17726138936174e-04 -4.90552804743541e-05 -3.82855294773878e-03 2.98007725709491e-05 2.12929853122311e-05 4.19266007170899e-04 3.11193150782504e-07 -6.07490677263760e-05 2.26957010552869e-08 5.14733138537519e-05 -1.61867854748994e-06 -4.42528308799466e-06 -1.67883240546053e-04 4.53096779571753e-06 1.42471997895080e-04 1.31974048310250e-06 4.77517984594635e-07 2.31800937967708e-05 3.18600863201080e-07 3.15792484488571e-05 1.76681756178322e-06 3.12372070565969e-05 -1.18595030988152e-06 2.17789700494846e-06 -3.12942099185346e-07 2.12475285024454e-06 -5.56696280618462e-06 -2.67104353599544e-06 2.19453031751849e-06 -3.40408991007716e-05 1.03540198259098e-04 -4.29678401739045e-05 9.63130845544458e-04 -1.45408211923563e-05 -4.69410329373220e-06 1.40989399308526e-04 4.72558221544093e-07 -2.03525956812315e-06 1.60805126594399e-06 7.25312637749639e-06 -1.43953481989923e-06 3.64682970023592e-07 -8.15016329342044e-06 -7.02307335303910e-07 8.25897084608974e-05 -3.15310706331711e-06 -6.19033830502923e-07 1.44719179304876e-06 -5.53929206524380e-07 4.94788580993326e-06 -6.45638004033932e-07 -4.20567208897070e-06 1.14134143780325e-06 2.15272672765154e-06 3.98769204228575e-07 -4.76429532390127e-05 5.13480240538318e-07 1.39929399996049e-06 5.45537037091975e-07 7.61540146352825e-05 -4.27306922406615e-05 -3.34471368251452e-05 -4.68496738300735e-03 1.47619313203602e-06 -2.49940163131211e-06 -5.17359135890095e-05 8.25228852044337e-07 5.22409458277650e-05 2.36696302436605e-08 -2.63937537565115e-05 -8.78517479617703e-07 1.93581453535599e-06 1.58452704992000e-04 -4.77311138265076e-07 -8.71584414771357e-05 -2.21993608775852e-06 7.86959837826705e-07 2.86336559654829e-05 2.49999819027627e-07 1.80200957640403e-05 -2.56515879894631e-07 2.10543486781374e-05 5.39099494694705e-07 -4.22566702565358e-07 -7.00092585652174e-07 7.84909210772597e-07 1.33600506434295e-06 1.35051317377321e-07 9.61948586929501e-07 -4.84177430968518e-06 1.00176687905616e-05 4.69368837140033e-05 -3.54462911622272e-04 1.46951413187699e-06 -1.43486445257670e-06 1.94509092562044e-04 5.17124547227639e-07 -2.39792858911404e-05 -2.61502368389722e-07 -1.08891884256673e-05 -8.82561337416852e-07 2.84518407887052e-07 -7.17563150379620e-05 -1.37694416337997e-06 -2.66861812325082e-05 -2.35454900256479e-06 -5.61755529128114e-07 -1.07849396812228e-05 -1.79753870524272e-08 1.24100950336801e-05 2.02257465304915e-07 1.06786779388779e-05 -2.92458980595041e-07 3.49902516131788e-06 -1.08905238985768e-05 5.82825355898513e-05 -3.45891335080494e-05 2.70175704196819e-05 3.51921715975579e-06 -1.36588566255708e-04 -7.17757949848522e-05 -7.70827213822952e-06 5.66591819902711e-04 3.20336476540025e-05 1.51603796396445e-06 -2.81182147826871e-04 5.05989054016768e-07 6.49813821471474e-06 -2.79634054336950e-06 -5.87319637589104e-05 6.91648090330701e-06 4.95450311579448e-07 -4.15971923189431e-05 -3.19052647852977e-06 -5.34314608095841e-05 3.84083272396829e-06 7.95408463982555e-08 2.41832708705227e-05 7.57815481695473e-07 -1.61785475171834e-05 2.44999148764955e-06 2.19898855839848e-05 -4.57907621727549e-06
 4.66840946022394e-04 -7.29671254662654e-05 -5.56344194232614e-03 1.73891941916877e-03 -3.20507998292834e-04 9.99919605274304e-04 3.63218510531601e-06 3.65906731660433e-03 -1.04997855469695e-02 -1.41279161098383e-04 -1.28470736613924e-03 3.74884502945979e-03 2.20035401753291e-05 2.91739886678864e-04 4.69141453884154e-07 4.48313214335713e-05 -9.07476213871329e-07 2.15519779910674e-04 3.40133824382711e-04 -1.52125665282969e-06 -5.04583053267712e-05 -2.15037774335214e-06 2.78345862563110e-04 2.71596697864751e-05 8.20926092134636e-07 5.34246056871165e-05 1.12653738303581e-06 -9.19787590383039e-06 -2.29090486939185e-07 -3.61263494194665e-05 -8.68802157234544e-05 2.06608319652745e-05 2.01811878475075e-03 6.68917357801369e-04 -6.32499005035887e-05 -7.87480177410833e-05 4.82134022546929e-06 -2.48589514413236e-03 3.01949889765239e-03 -1.03825182567753e-04 8.67913643911403e-05 6.22986209207528e-06 -9.46753448888240e-06 6.83920926694637e-06 -7.58153672252072e-07 -2.26459177522181e-06 1.01329661496604e-06 1.24995222843341e-05 1.36148605183338e-04 2.17283714806053e-06 -2.11423080757516e-05 3.47140066609546e-06 7.25575792181062e-05 -9.07510077748072e-06 -1.99168643497957e-07 7.05061017625918e-06 -2.68713091645124e-07 1.78894740465437e-05 -2.57077685478280e-06 -3.97860200992570e-05 1.13363151715817e-03 1.03577105991990e-04 -1.12021173111433e-03 1.15582810851163e-03 1.97158916814676e-04 -2.61141488284700e-04 1.99949159316763e-06 -7.10232941253861e-03 9.61160407772066e-03 -5.24514070697516e-05 1.50092476937289e-04 -6.21283245686611e-04 1.47127002910148e-06 1.97464377173442e-04 6.77702842270815e-07 1.19007367344255e-04 -4.34850880147318e-07 1.20649382240292e-04 4.42851602158646e-04 2.20717116028648e-06 2.49253840965445e-04 -2.56754583839955e-06 2.15617595711089e-04 -1.90848978207197e-06 1.68976349685644e-06 -7.15853027916156e-05 -2.63803196607419e-07 3.84530566035672e-05 5.39099494694705e-07 1.53538800730519e-04 -1.31042953957420e-04 -1.48502923237138e-05 1.93098450703186e-03 -3.34929848627487e-05 1.07965345329040e-04 -1.49331085655651e-04 4.44733841992819e-07 -1.63829950292823e-03 4.81423849042851e-03 -5.63237500356325e-05 -3.36547700223371e-04 8.45390334684255e-05 1.69364742210042e-06 5.37089242042164e-05 -6.19349914253166e-07 -3.72134432915354e-05 -5.64761994145674e-07 -4.03724723773866e-05 1.24390228354087e-04 -4.60248315369928e-06 -7.05158988843071e-05 -2.39113289591282e-06 -5.58974523005761e-05 -3.35229401006211e-06 -1.03261873551011e-06 -2.46022512413201e-05 7.35669830450827e-07 -2.20577109130191e-05 5.72542461463840e-07 -6.06153885885098e-05 -4.13425034712553e-04 2.03569365508094e-04 -1.49089580356275e-03 1.01304485502487e-03 -8.21188059472259e-04 -4.69484368032073e-04 1.28673423825254e-05 1.85553212394917e-03 1.45082423400598e-03 -2.28381220423160e-05 -9.54102810600230e-04 -3.88951674688391e-04 7.02903781572168e-06 -1.52058436132374e-04 9.43916434249576e-07 9.45586115717905e-05 1.33445021634244e-06 -1.73439852868959e-04 -3.12262652909500e-04 2.46883769277659e-06 -4.43595601904470e-05 -1.98304824318452e-06 1.00479905685280e-04 1.56670910629295e-04 -1.56682259760266e-06 -4.55180668666239e-05 1.04783766597469e-06 -1.73922896133144e-05 2.06762261314410e-06 1.45469782980302e-05
 2.02839313603741e-03 -1.77264600385836e-03 -4.11801170848483e-03 7.60934024708966e-04 -2.66944884881466e-03 -6.26113755486959e-03 -1.50723652052203e-05 3.35074118261668e-03 9.28739594894891e-03 -1.88631565631922e-04 8.22697008135467e-04 -5.70432755409039e-04 1.28584607632202e-05 4.97660019990984e-04 1.14993656047162e-06 -3.07816746207954e-04 4.52961351205675e-07 -4.06133009660638e-04 1.51374293596745e-03 4.31826611564372e-05 -4.18968642018734e-04 1.07821773958845e-05 -6.32825582860372e-04 3.11241766082639e-05 -6.12336823785400e-06 2.58469744065681e-04 8.15506512744650e-06 9.26073660822366e-05 8.31513718793076e-06 2.19597245034009e-05 5.20063995739008e-04 -1.53982181768376e-04 2.93467325845237e-03 -9.59341780543832e-04 -3.21538251570226e-04 1.64820660759577e-04 -1.39184226770280e-06 2.75466722182226e-03 3.32946823094245e-04 -1.36438537843285e-04 4.69912638372696e-04 -9.59907581600966e-04 3.72080185149755e-07 -2.11345630438346e-05 2.14787470041597e-06 -4.16658019942255e-06 1.15735136423742e-06 -3.92754354530004e-05 -9.35670717340401e-05 -5.50977686697472e-06 5.47452452138451e-05 8.03242734140435e-06 8.56310689702545e-05 8.78159679143586e-05 2.00344071830055e-06 -3.00736388168463e-05 1.52707051834050e-06 -3.15854409286511e-05 -1.35747845067853e-06 -3.85628128973990e-05 8.76176475045433e-04 -3.71983642100798e-04 3.33320064206474e-04 -7.60260295091519e-04 2.44913246995567e-04 -7.46334031569907e-04 -6.84573331319103e-06 3.84708629149128e-03 8.58317108980529e-04 2.55483058774347e-05 -2.93570045253846e-04 -3.14263275445720e-04 1.07245443292573e-05 -4.76175547785059e-05 3.13769331789887e-07 -3.47850997000616e-05 4.89906533031912e-07 4.29242736346766e-05 -3.75679968922225e-04 5.41072289570086e-06 -8.66953569629167e-05 -6.90311581353547e-06 -1.12555960655284e-04 -1.20643770357043e-04 1.49153257784343e-06 -1.09208537642672e-05 4.87469821083972e-07 -4.16667376147849e-05 -4.22566702565358e-07 -1.31042953957420e-04 1.98887819011205e+00 8.16347543472931e-03 -3.20119369274545e-02 5.87516552097809e-03 -5.01629489994424e-03 -9.79271504630455e-03 6.42187710020147e-05 3.27130617314986e-03 5.71326223138101e-03 -2.02151318472673e-04 -9.08994778870241e-04 -1.97140618364245e-03 1.76574080676527e-05 6.00567415025425e-04 -4.46680892974191e-05 -5.03340143565021e-05 -2.25018471210075e-05 -4.43111524948464e-04 -2.45513584616135e-03 3.42386475788949e-05 1.49886401717244e-03 1.91064368191950e-05 1.80531396646255e-03 9.28742195290482e-05 1.07973371284121e-05 9.27219175075148e-04 -2.14390814070334e-05 3.97492399289957e-04 1.14648995443334e-05 1.14920750107554e-03 -1.00657481593691e-03 -1.16580942464678e-03 2.62434608085987e-03 -1.78407880258512e-03 1.21012556071572e-03 -2.55233701033178e-04 9.09332527994598e-06 -1.66983441249749e-03 5.29025669133820e-04 -2.33455900450677e-05 8.40321903332620e-04 -1.31028186942042e-04 7.87242333640770e-06 -1.75769834509464e-04 1.69683620504532e-07 -1.23196571407340e-04 2.57314133033848e-06 1.86764766518541e-04 -9.02881808377201e-05 1.88462987831956e-06 2.55461516508801e-04 1.61720065370359e-06 -3.80963846436030e-04 1.28148829643931e-04 -1.96581616052313e-06 -4.92523924120515e-05 -1.11074777978929e-06 -1.02606799690963e-04 -6.75328705137351e-07 9.05808173422480e-05
 4.46486015343332e-04 -1.35133205899980e-04 -6.64350961588804e-03 1.81255909845459e-03 -2.47083948313746e-04 -5.52964941297980e-04 -4.01979988079899e-07 2.99536631467837e-03 6.19448587032483e-03 5.11361383567546e-05 -1.21734854647288e-03 -2.28874362647921e-03 -7.41371492936082e-07 -8.09654619755565e-05 1.59048109997157e-07 2.17503023533683e-05 -3.95248229610557e-07 8.05464550693564e-05 1.02268918971131e-04 -1.47250702926750e-06 -1.46722837185343e-04 5.90352338728968e-07 -9.73274578156289e-05 -2.76832270242248e-07 -4.88105822799508e-07 -2.49777697911304e-05 6.05330772515008e-07 1.56897450253020e-06 -2.75617449989231e-07 -2.20563164598133e-05 -1.99081437288081e-04 1.41600484868862e-05 2.00967706330579e-04 4.86479301598339e-04 -5.30946320428571e-05 -7.62861825135699e-06 2.19217513317458e-07 -1.04905133165754e-03 1.44558904084810e-03 -2.02122233244091e-05 -1.25244042587844e-04 1.15456976032118e-04 -4.39192115635916e-06 -2.19248098784261e-05 9.22147767452793e-07 6.41330040590389e-06 -2.49402910043165e-07 -1.11463552365396e-05 -1.04359889952464e-04 -1.36669586266697e-06 -1.04346982152852e-06 2.43155824584278e-07 -3.16614070110434e-06 2.81234348350907e-05 1.96849763208348e-07 -5.86961777483764e-06 6.72800525112556e-07 5.41794311749935e-06 -1.01116169126090e-08 -1.23911061558153e-05 -3.66477630273148e-04 1.88136368223328e-05 2.42005920019945e-03 3.03656278830232e-04 4.25582761121348e-05 1.53715195285191e-05 5.89180785828374e-07 -1.04046731492812e-04 -2.02378807084203e-04 2.06495562902181e-05 -1.33288177334311e-04 -1.60619447303697e-04 -2.15318521584135e-06 -1.34651510371392e-05 -2.90451331725120e-07 -4.77409124786435e-06 2.31219321328324e-07 1.80832699465758e-05 -2.55416640877845e-05 -2.22311916048979e-06 7.60175607943566e-06 6.77273614609486e-07 7.43508294710249e-05 -1.79465096742886e-05 8.60624166031482e-08 2.24227962796736e-06 -2.23448215656286e-09 -1.08727304587324e-05 -7.00092585652174e-07 -1.48502923237138e-05 8.16347543472931e-03 1.53043851084167e-04 7.77301467474372e-03 1.09521332693254e-03 1.55106714061774e-04 2.30455140277996e-04 4.05569968666944e-06 -5.10529016038016e-03 -8.55246225932044e-03 4.51309690579645e-05 5.69775139674604e-05 2.64000713253942e-04 -4.43061163410731e-06 -1.33241385358344e-04 2.35737204387240e-07 8.67062677233522e-05 1.15920195277205e-06 8.94748095118463e-05 -3.49907792837741e-04 1.46030751739482e-06 2.01380612010266e-04 -1.11163388798404e-06 2.14551418699247e-04 7.42102184337663e-06 7.33625499102954e-07 4.87543040448274e-05 -7.38063853696781e-08 2.46770791639934e-05 -6.18310767570176e-07 1.01136426967829e-04 7.94161543353742e-04 1.00286902591392e-04 -9.22200667667150e-04 8.58930254386741e-04 -7.33765766726562e-04 -2.06115508410122e-05 6.01271513708949e-06 1.21789289614459e-03 3.47535187877490e-05 -1.46097061976235e-05 -7.15078598514090e-04 -1.31453309967691e-04 5.61965891101232e-06 -1.39310577245703e-05 1.42250127965536e-07 7.34649761117495e-05 1.37155851125689e-06 -1.17218788076907e-04 1.22417790151847e-04 6.57258191766408e-08 -1.48903300663510e-04 1.42900885087155e-07 1.91979415174715e-04 -5.15222051090534e-05 -3.28265217363163e-07 2.13274919952278e-05 7.68404781715985e-07 5.08540589683078e-05 1.57413449189392e-08 -2.36683638391631e-05
 -1.90507934789331e-02 -8.90469065747266e-03 -2.41278284614435e-02 -1.59828535611207e-02 4.31599833020980e-03 1.94644168496583e-02 6.57978850258297e-05 -9.49507130941762e-02 -1.67708518173803e-01 -4.74386310792170e-04 -1.86343407282440e-02 5.62554849239142e-03 3.09262791351161e-04 1.25566708525739e-02 1.40448303122104e-05 -6.42295373494330e-03 -2.38213231850971e-05 -8.90265249240342e-03 3.85811095859004e-02 -3.31562129839886e-04 -2.24902818020146e-02 -5.62770778428025e-05 -3.83431537426024e-02 6.32795495376150e-04 1.79016391662677e-05 2.77049207417422e-03 5.03349708189729e-05 2.20380220195137e-03 7.15894718586397e-05 6.33398888482515e-03 2.11783154153131e-03 4.05077235325003e-04 -1.89952910688172e-02 1.95882664531909e-02 -2.52254390717978e-03 -4.71668545883398e-03 -1.39158515920414e-04 7.68815193332118e-02 1.02116780134258e-01 -3.82757772010927e-04 -3.06960844532723e-02 1.36553881431604e-02 1.24593433920209e-04 -2.99782225836545e-04 1.61480360260719e-05 6.20226194624470e-04 -2.70103862225248e-06 -1.99142225351489e-03 7.50924525199457e-05 -2.04759397477662e-05 1.42133577011286e-03 3.32364695099352e-05 -3.09519449111120e-03 1.73968692937366e-04 -1.09366658438117e-05 1.62222944285219e-04 4.52487489765147e-05 -1.12694069950657e-03 1.96943979257084e-05 1.85772496460391e-03 2.23985027503483e-04 2.52182543229284e-03 -2.13218769202626e-02 2.41385554295046e-02 -7.82280137457806e-03 1.29774161135436e-03 9.62479998670440e-05 9.79279315235258e-02 1.07343202442405e-01 -1.01696790395695e-04 1.29448537101335e-02 -8.72590573783032e-03 6.32835048531624e-05 1.13621758091580e-03 9.36889488058783e-06 6.28137503557195e-04 -1.64362476990376e-05 1.98970702663450e-03 5.33714161158803e-03 -1.11202587957312e-04 4.10143131002221e-03 6.06246542354969e-05 4.08155597623774e-03 -5.27437082859264e-04 8.66078897742968e-06 -8.37210419101655e-04 -1.98841903792239e-05 6.01041925178494e-04 7.84909210772597e-07 1.93098450703186e-03 -3.20119369274545e-02 7.77301467474372e-03 1.74367644463878e+00 -1.33287491512503e-02 5.90714929581919e-03 1.13610150575429e-02 5.25926381686361e-04 -1.36201131910885e-01 -2.66626469857357e-01 -9.15509864847400e-04 -3.28776004694582e-02 -6.60072986506316e-02 -5.67758788778312e-04 2.30565560296623e-03 6.27194956861193e-05 -1.41913845153170e-03 9.99335889116368e-05 -1.65760834339848e-03 -8.11788967138190e-03 -1.71633794656783e-04 1.15702088504427e-03 -2.72040321069270e-04 5.20578416206170e-03 -4.47490634385967e-04 -2.91129903289506e-05 -1.29361015613173e-03 5.39812811068039e-05 -6.19213714723408e-04 8.97337984772672e-05 -1.27358215381367e-03 -6.49005225341630e-03 -5.57371357702464e-04 1.33589001242715e-02 1.87048798154109e-02 1.84055453923371e-03 2.97693647228106e-04 1.29241593357793e-04 -4.39857774810431e-02 7.88980507013662e-03 -2.46390120887109e-04 2.71417475926443e-03 -1.07420875662532e-02 7.44335348418150e-05 -1.42622933365370e-03 1.44383747847917e-05 -5.99609138946527e-04 6.72943525340879e-05 3.04698090632937e-03 3.76562903250527e-03 3.67345707259761e-05 -1.43727938221124e-02 -1.11957262921629e-05 1.70061751505071e-02 -1.26450701284922e-03 -2.90840564064880e-05 7.89085208085186e-04 -1.02928678520567e-05 7.85698468215678e-03 -3.75377421703150e-05 -5.44845168408540e-03
 -3.15592556092745e-03 -1.33575799776834e-03 -1.23571323686379e-01 2.92726356947339e-02 -4.42131441663047e-03 -6.00935039259901e-03 1.27639277250650e-05 6.74726456041607e-02 7.51548048167309e-02 5.91080996324632e-04 -2.00925047517905e-02 -2.23093993259631e-02 -1.35303257644582e-04 -6.34225210421257e-04 -6.51413453364972e-05 1.13220721046048e-03 8.19603448908025e-05 5.68533364636702e-04 1.28269598974871e-03 -1.72662089225932e-04 3.38872963924329e-04 2.85897163117948e-04 -1.34549098478290e-03 -8.76381638330471e-05 9.58500043139541e-06 -4.82801139520944e-04 -9.75487385310347e-07 -3.01593004857086e-04 4.65676891594954e-05 -1.32342873179611e-03 -8.31021362515107e-04 9.37074890356520e-05 -1.43104276524075e-03 2.01117330164934e-03 -2.38211490722028e-04 -2.14836317767592e-04 -1.32987554323036e-04 -4.78832252270603e-03 4.23182801595176e-02 5.22410304645354e-03 -2.05727202660960e-03 6.23839194854625e-04 2.32894116580551e-04 -4.19745111452379e-04 1.23795055426505e-05 7.93299190356668e-05 -3.17769012966186e-05 -1.16127346080669e-04 -1.38067380833316e-03 -3.18373289269041e-05 -2.13203549055024e-04 -2.06147018183238e-05 -3.19818228092179e-04 5.14132723933971e-04 8.00597202383640e-06 -1.11070250680675e-04 -5.46478117136214e-06 1.02599237134177e-04 3.27739001357641e-05 -1.00620972770514e-04 -7.65007737958810e-04 3.18879221058495e-04 2.57227385475710e-02 7.85420716304124e-03 2.99712403856963e-04 -1.79293255314047e-03 7.91257867203606e-05 3.57574964072464e-02 4.63746942380088e-02 -3.79853953801318e-03 1.00951665572581e-03 -3.37853900212562e-03 -2.27262530452480e-04 -2.02476966161463e-05 1.99659803286176e-05 2.52430732499575e-04 -1.27938702578584e-05 9.73737595003924e-04 -7.52236765830228e-04 5.50589299462124e-05 4.78212642261520e-04 -3.18648631851826e-05 2.86042577357660e-03 -7.26073747519375e-04 2.65181549464698e-05 -1.11604324587150e-04 3.57982773116486e-06 -1.37891709810526e-04 1.33600506434295e-06 -3.34929848627487e-05 5.87516552097809e-03 1.09521332693254e-03 -1.33287491512503e-02 2.05582171020018e-02 1.79285015818872e-03 3.51335416762543e-03 1.07820414910252e-05 -3.30333776150510e-02 -9.87253906640203e-02 1.42104142385366e-03 5.27441638919636e-03 1.07020243123647e-02 6.02317163723166e-05 -1.82375720580064e-03 2.33774422850999e-06 1.30279373323212e-03 1.29456835483057e-05 1.59153155114001e-03 -2.90616760698257e-03 5.00313077037164e-05 2.48083703118975e-03 3.74693879635597e-05 3.05179919568176e-03 3.87983638370124e-04 1.80609739704430e-05 6.42163230514276e-04 -7.32212907879830e-06 2.68950180157093e-04 -1.49990018374163e-05 1.10279337807634e-03 -9.90192791228902e-04 5.41611050139174e-04 -3.84795913828436e-03 5.79150522896733e-03 -4.62761183526474e-03 -3.45614355146700e-03 -4.27783108841204e-04 4.36107502173641e-03 9.41676673016982e-03 1.43758490743546e-03 -3.23445545639014e-03 -3.76420012985365e-03 -5.91311846869574e-04 -1.21419244748718e-03 1.93801243800104e-05 3.21161674861929e-04 -1.20042426179162e-04 -4.45608944078620e-04 -3.35551809058931e-04 -3.13249215483286e-05 -1.65107937648465e-03 -1.67091660327079e-04 1.77724448340797e-03 3.28257747674925e-04 -8.02493767828772e-07 -1.69002567630965e-05 -3.02677239071462e-05 7.08591604113824e-04 6.09304169409248e-05 -2.92145191694851e-04
 -9.96710535498847e-04 -1.91120574394282e-04 -1.25801855721502e-02 5.32330115980726e-03 -9.43171545318477e-04 -4.93085399860548e-04 1.13862756043158e-05 1.06669472127787e-02 8.27239000660017e-03 -1.40579624100752e-04 -3.73760908490337e-03 -2.47132758551333e-03 2.10994528362187e-05 3.27746550848906e-04 -1.42395857218374e-06 1.07232670592491e-04 1.00675872110471e-05 9.33763461057526e-04 1.09704164918380e-03 2.69325544994738e-06 -1.93628945376043e-04 3.19414573698763e-05 1.45454942516797e-03 -3.02972123713872e-04 -5.25697327272158e-07 -3.57348707047726e-05 -1.93957789637465e-07 -2.07544663222467e-05 3.02380642365196e-06 -5.77913394792590e-05 8.31345938815089e-05 7.51456876673540e-05 6.17881663122697e-03 2.57713917473613e-03 -2.20524465824419e-04 7.09691728761292e-05 -5.44069903340673e-07 -1.21783462704255e-02 -1.69187810016973e-03 4.79312034732021e-04 9.92741719366389e-04 -6.17170863614987e-04 -4.32057640676740e-07 -4.59808347165932e-05 2.43214761826020e-06 -2.59214294112642e-05 -2.02529016615524e-06 8.47017519411250e-05 -2.78486410793528e-04 -6.59284617994048e-06 -6.97314292337426e-05 3.16671329727475e-06 3.18257055055060e-04 2.31691235642227e-05 -5.25777072235116e-07 -1.35932513763345e-05 -9.01429517611833e-07 8.15263328494072e-05 -6.34412362392867e-07 -1.77124176523972e-04 2.25412301471544e-04 3.76018839236131e-05 -7.50845929013199e-03 3.83565681629773e-04 8.09644651785126e-05 -4.82846829183854e-06 3.17269243117119e-06 8.38791529977967e-04 9.16501139287682e-03 -2.81868601688839e-04 3.91562101790288e-05 -3.30006607140201e-04 -1.26427237784168e-05 8.40639674730914e-05 1.65770200066288e-06 6.40241089433006e-05 -1.25782809834877e-06 1.38007845555049e-04 1.99549615618972e-04 8.94779476946937e-06 1.33728224881171e-04 -6.80111807943616e-06 3.71969414133795e-04 -7.87424560682143e-05 2.40508560629211e-06 -5.14559221285640e-05 7.56182579739750e-09 1.49842816109306e-05 1.35051317377321e-07 1.07965345329040e-04 -5.01629489994424e-03 1.55106714061774e-04 5.90714929581919e-03 1.79285015818872e-03 1.11943248651834e-03 1.25500720679073e-05 1.17613262294784e-05 -3.99678016118821e-02 2.14881064121514e-03 -1.67746841698408e-04 -1.50531548319895e-03 1.63011886955007e-03 -1.07515781699177e-05 -3.87585698025126e-04 -2.31025704707427e-06 1.58278624848919e-04 5.83850156140523e-07 -2.01653800309134e-05 -9.57740593695000e-04 -5.48866495825544e-06 3.60216160022435e-04 -2.44311796459065e-06 -2.36682932684172e-04 -1.87179809656462e-04 -1.52140364731854e-06 8.51710649619215e-05 1.87243402412381e-06 3.93860485795259e-05 1.07416597908262e-07 1.95853797653238e-04 5.25568976743065e-05 9.26931577513139e-04 -7.22336639865643e-03 4.48602635843024e-03 -4.13675008238277e-03 1.11156534785877e-03 -3.61400026112068e-05 9.84754274986602e-03 -2.48835247129301e-03 1.39798541720637e-04 -4.69015187928064e-03 1.32848579126262e-03 -6.01102762720036e-05 2.05093052094384e-04 -2.70724607942673e-06 4.84916582656323e-04 -1.87474157135274e-05 -9.09852133235746e-04 -3.35269934537638e-04 -2.13795393690270e-06 4.45506496490124e-06 -2.12645502831796e-05 1.97552254040467e-04 1.36816848660182e-04 -1.82292592275310e-06 -7.21782527978562e-05 -1.82280449260874e-06 -1.90106037278669e-04 1.59764438933773e-05 1.52552527608747e-04
 -1.74663780684423e-03 -2.43257448916170e-04 -2.18297507864602e-02 3.88918667545732e-03 -5.47048571261055e-04 -1.83609104438016e-03 6.42539352330476e-06 9.43835759348731e-03 1.93633029949805e-02 -1.64992339395365e-04 -2.98695548269947e-03 -7.73345571122353e-03 1.05393210570206e-05 -5.86951972312909e-04 -4.32213712140561e-06 1.72708313793504e-04 1.22902601847752e-05 -2.85286804891351e-04 -5.06169891816349e-04 -2.24037799535573e-05 7.01387327860485e-05 4.05504098188155e-05 -1.02845416816984e-03 8.77181784345759e-05 -2.89768374543339e-07 -8.10097663503904e-05 4.07569977898972e-06 -4.38062376052822e-05 7.64920197824326e-06 -2.37468171925222e-04 3.29677364522377e-04 1.23181176109745e-06 -1.75021710584689e-03 -3.83943795102258e-04 2.20235791541150e-05 3.56425728837662e-05 -2.34795482445421e-05 4.80064258858274e-03 -1.02426354701298e-03 6.09179590282466e-04 -1.20899695597861e-03 5.33869691277373e-04 4.83622200475114e-05 -2.39457512221819e-05 1.19723172960855e-06 3.38632565520865e-05 -3.16614784950143e-06 -7.35272058093856e-05 -2.30256212423309e-04 -3.33532328410768e-06 -1.76722793437080e-05 3.43283272715782e-06 -1.99361347387236e-04 4.37162018865401e-05 8.73793580143655e-07 -1.08853426754810e-05 1.10053863659579e-06 -1.81375457546765e-05 5.70733471231171e-06 6.28863427381871e-05 7.44747439721055e-04 -1.37628705659351e-05 -7.97980292710059e-04 1.69671051772778e-03 -2.57907849328758e-05 -2.78992308149798e-05 9.09402636818457e-06 8.16081184749235e-03 -4.94579371078875e-03 -5.18738954654775e-04 3.47578652150198e-04 -1.08585935962267e-03 -1.20954896044970e-05 -1.16660525224113e-04 5.01586545833297e-06 -3.27025179772153e-05 -2.81524895176697e-06 6.07679176891229e-05 -5.02033957503458e-04 1.09094357615038e-05 -7.62935771551347e-05 -4.23311730490741e-06 2.00957786548450e-04 -9.14883176426090e-05 3.55640370206940e-06 3.53760918283454e-05 1.23858334771396e-06 -5.43884819654261e-05 9.61948586929501e-07 -1.49331085655651e-04 -9.79271504630455e-03 2.30455140277996e-04 1.13610150575429e-02 3.51335416762543e-03 1.25500720679073e-05 1.20252014135726e-03 7.60321964993100e-06 7.81680097065849e-03 -3.46592690403563e-02 -3.07372847157871e-05 1.58334101814701e-03 9.00320630078381e-04 6.83761461657297e-06 -3.16623301310256e-04 -2.36275521422734e-06 2.73002575488912e-04 1.52299217405042e-06 4.40801707525986e-04 -5.47807972374589e-04 -4.28323780950285e-06 5.32845771055558e-04 -3.50136401354533e-06 1.03411376654760e-03 1.85080911921170e-04 1.77853959975290e-06 1.34162623802648e-04 3.26563456664982e-08 5.98948852959714e-05 -1.09983173445920e-06 2.53118926107057e-04 -2.05228000275057e-03 -2.20496530025689e-04 2.51100749376597e-03 -7.03965134058231e-04 1.10639883569261e-03 2.27216459443453e-04 -6.32655222959454e-05 -4.14023678211501e-03 -1.05708454004066e-03 1.91316671895395e-04 1.57901958011149e-03 -2.21476323194296e-04 -8.12035001589807e-05 1.18305785693022e-04 -1.47199011965072e-07 -1.70903105516115e-04 -1.60462917089770e-05 3.68862811675952e-04 8.05086816915107e-04 -7.24261167156054e-06 -4.29342321024728e-04 -1.21855417260892e-05 3.72830670592576e-04 -3.75105546652069e-04 4.79677233265433e-06 1.36122866246646e-04 -5.82238184243119e-06 2.89082560351287e-04 1.50157201337601e-06 -1.68127506448007e-04
 1.83387756901388e-05 -9.63129843465455e-06 -1.11712559829243e-04 -3.71037265755990e-06 -2.43146405155879e-06 -1.51206934464279e-05 1.98412123528046e-04 8.27150372060127e-05 1.72497984955047e-04 -6.75073927785806e-03 -4.67153556568465e-05 -9.08610456519406e-05 6.37691881759010e-04 3.47874674028148e-06 4.89867100823213e-04 -1.20469563647804e-07 1.87448910676396e-04 -7.05058906926115e-07 1.77814319293969e-05 1.34458223427401e-03 -3.37126323630657e-06 5.50481025669196e-04 -5.59785473192389e-06 -7.18855652182288e-07 -1.88664250966279e-04 1.29665901153841e-07 4.33409554765466e-05 2.27778433806751e-06 1.06034868072568e-04 2.55169996617219e-06 1.07597610432092e-07 -3.86529677103268e-09 -5.48266360730822e-06 1.27953161096521e-05 -4.47404499178291e-07 -8.54504474961449e-06 -1.97332321604488e-04 -3.27144717099544e-05 1.18963451006113e-04 7.81628017129670e-03 -1.37516332409606e-05 2.12302095044348e-05 5.40047532101244e-04 -1.57274476606479e-06 1.36138493461497e-05 6.21117670974925e-07 -1.79933631281920e-05 -3.46176701074305e-08 -6.55988300855066e-06 7.63520971124682e-05 -1.87699995936644e-06 1.14455590743309e-04 -2.15743819779988e-06 1.34199408034033e-06 -1.53608650595877e-05 4.09254005148962e-07 -7.48176413355767e-06 -9.99799283454796e-07 2.76763859270165e-05 -2.70041295437084e-07 -4.45525635103947e-06 2.73590542399152e-07 5.69963941148615e-05 2.92934813807227e-05 -1.88148371207058e-06 -4.53654580101926e-08 -2.28633979785119e-04 1.87412657034821e-04 1.07588716266500e-04 1.11637849789524e-02 1.33216588529872e-05 -6.03867125361569e-06 1.02974444790650e-03 -5.32923477562468e-07 -3.45813039430408e-05 7.27399679866157e-07 2.44398633275915e-05 2.02714603626608e-06 -6.44607846826997e-06 -1.01239682028695e-04 6.93018289916204e-08 1.45945110610905e-04 9.99484244896268e-06 -1.76954755660975e-06 -2.75860287530852e-05 3.54588671226037e-08 5.65606326448496e-06 3.61241245960815e-07 -4.84177430968518e-06 4.44733841992819e-07 6.42187710020147e-05 4.05569968666944e-06 5.25926381686361e-04 1.07820414910252e-05 1.17613262294784e-05 7.60321964993100e-06 4.26078923197501e-04 -2.83729417565927e-04 -1.74398138540070e-04 -2.36037033323500e-02 -1.78206153266294e-05 -2.87372252627273e-06 -9.41562012328909e-04 -3.08545337196923e-06 -1.92771748702730e-04 4.03778855417897e-06 -1.01178848616510e-04 1.14580773833531e-06 -1.34472961155845e-05 -5.84338573643151e-04 9.52692914361940e-06 -3.39699563689611e-04 5.59158761703868e-06 -1.76185095222351e-06 -1.08200394952230e-04 1.22455890683976e-06 5.12447223034053e-05 4.53184015274353e-07 7.26100461141209e-05 1.94967726677653e-06 -9.86287617237103e-06 1.49625579143561e-05 -2.67727096191750e-05 2.90606874024152e-05 -1.70473995727114e-05 1.40682725566955e-05 -8.35281812841702e-04 4.10163669360437e-06 -1.19513126426665e-05 2.82617921357185e-03 -1.13578053587389e-05 4.40988572036198e-06 -1.23471417355205e-03 5.75737689100754e-06 -7.07809252326451e-05 7.02080662416061e-06 -2.70771617639012e-04 -2.75631333321449e-06 -5.49976621857813e-06 3.11882640896508e-04 -1.67938639345454e-05 -2.72549892675794e-04 1.28755932659769e-05 -1.41263934768072e-06 -2.07328268522803e-04 5.97708975166029e-06 -7.04215225479789e-05 1.97048666339058e-06 1.17218767013208e-04 -5.78937966847087e-06
 3.33135373571021e-03 4.67209173879248e-03 2.86655440470741e-01 -1.42383033726618e-01 1.63712257401288e-02 2.90035582286784e-02 -2.97896076133906e-04 -2.55426533065501e-02 -4.08935927534777e-01 9.91719258489456e-05 5.47528099835138e-02 1.20413058154809e-01 -3.96258067884477e-04 -8.82548428995096e-03 3.70823430991247e-05 -2.02986994035491e-03 -5.24672013978236e-05 -3.18685761014606e-02 -3.30153484456108e-02 -2.73274262740159e-04 7.45657915186035e-03 -1.25553233715532e-04 -5.41010700674441e-02 1.34087556076451e-02 2.20158874309547e-05 2.05129941933718e-03 2.95910069148747e-05 -1.45821282852210e-03 7.57983864904437e-05 -4.65265717992385e-04 8.70177562407164e-04 -3.73495467347753e-03 -1.67757573635960e-01 -1.13579147589562e-01 9.51708942000962e-03 -5.38426989556260e-03 -4.10214922307069e-04 2.94665288139229e-01 2.00364162185591e-01 -6.63957762742946e-05 -8.22509856373085e-03 3.05774907658202e-02 1.00219907980829e-03 1.34007914829708e-03 -9.00952837974436e-05 -6.64575793680540e-04 -9.16257390969089e-06 -1.60267370942753e-04 1.16442708169540e-02 2.61162335380274e-04 -2.05218414847620e-04 -7.98432605776316e-05 -8.97482474194173e-03 -2.51410244853155e-04 3.20456237449481e-05 5.27881020589128e-04 -1.44006461395718e-05 -1.64222832312434e-03 7.89943049573926e-05 4.66719208045441e-03 3.80915305326048e-03 5.16299149494386e-05 9.77960979497597e-02 3.26107774446555e-02 4.56984907318232e-04 -7.21145804978301e-03 4.28504163119598e-05 -2.39214037894161e-02 -1.12907097888045e-01 2.10062985565309e-04 5.38662870236212e-03 -1.97804826449089e-02 2.59831008672372e-04 -9.02720633065288e-05 2.12740746540399e-05 3.68737200301110e-04 -1.18090423557462e-05 -7.20419827910627e-05 -5.89306620261138e-03 -6.86851088944301e-05 2.76243429603851e-04 1.37494149003279e-04 -2.86136973065572e-03 4.18126077310244e-04 7.19750543187598e-06 1.40205000978373e-04 -5.70549097113865e-06 -3.74259359933633e-04 1.00176687905616e-05 -1.63829950292823e-03 3.27130617314986e-03 -5.10529016038016e-03 -1.36201131910885e-01 -3.30333776150510e-02 -3.99678016118821e-02 7.81680097065849e-03 -2.83729417565927e-04 1.65125237855161e+00 -3.06339239302890e-01 1.97343579569114e-05 6.29444651426467e-02 -4.73112743111685e-02 3.67661063229575e-04 1.41621760627793e-02 8.96135424758572e-06 -4.45861352124314e-03 -4.33231029935021e-05 4.96984271291830e-03 3.96905576944864e-02 -2.60182750212759e-05 -1.11599423783430e-02 2.02522889507009e-05 2.03276193484539e-02 1.02633367777907e-02 2.59075859947605e-05 -2.52757490620704e-03 -5.10222194612398e-05 -1.82662840535916e-03 1.13547273830585e-05 -7.14285882644560e-03 1.98639872618635e-02 -3.49300656850393e-02 2.24102037166638e-01 -1.30541072649488e-01 1.07472850807069e-01 -5.95530277552093e-02 -1.57796332151317e-04 -2.77797391881428e-01 1.43060424840837e-01 1.17283848405902e-04 1.36505985789568e-01 -7.07206506826314e-02 -3.97167384475297e-05 -1.30595066490734e-02 1.50790479318469e-04 -1.40321376894843e-02 2.35084864664967e-04 2.58364163606095e-02 1.06370212391707e-02 9.53677766696690e-05 -2.31013446245499e-03 1.93965620547609e-04 -6.24029850280196e-03 -3.58473658640899e-03 1.73484787871221e-05 2.66040309080756e-03 -1.43099672198685e-05 6.43853671366101e-03 -3.89197542454275e-04 -3.36460891457072e-03
 3.24987795196148e-03 8.02051431410270e-03 5.10325317690609e-01 -1.21928474328752e-01 2.36554228449911e-02 6.51404835687377e-02 6.99106781769213e-05 -4.20150938512991e-01 -6.40677535966314e-01 7.53260710253567e-05 1.17748391515934e-01 2.59784043800805e-01 -3.58483157039355e-04 2.59094582395413e-02 -8.94144716015527e-05 -3.37805745320958e-03 -4.37372886955291e-05 2.98711146126122e-04 3.29712674901195e-02 1.88062835225759e-04 3.75192315057527e-03 -2.47744030639081e-04 1.64134884817271e-02 -6.18072267720621e-03 4.10131232150142e-05 2.68076643241140e-03 -9.41594147429658e-05 1.84325442420407e-03 4.51733413352786e-06 4.51975463268334e-03 8.53916950043947e-04 2.88072218285956e-04 -1.86038856895595e-03 6.67570015723610e-03 -3.68276320774578e-04 -1.12080678851649e-03 1.40195198419364e-04 7.80171196550460e-02 3.79354695280307e-02 -9.01497216908419e-05 -2.59555568354108e-03 -2.44603505212134e-02 -2.02588951242609e-04 3.35984448331696e-04 -2.47120396471033e-05 5.92827579627138e-04 1.94344429746463e-05 -9.01606863573619e-04 5.63437248762894e-03 -3.60005341037815e-06 1.89356897091266e-03 -6.88101642624324e-05 9.81420775284729e-04 -1.36241607323405e-03 -2.26164456189614e-05 2.25936579602960e-04 -4.38077718036285e-05 -7.84657058276327e-04 -2.87674927730938e-05 7.42866360156895e-04 -1.06546710379314e-03 1.81610016368750e-04 -1.08411914315659e-01 -4.38200744162272e-02 -9.26930794325978e-03 -5.33620440507622e-03 -3.55147980229565e-05 1.12553394786771e-01 3.51557706488804e-01 3.25090480046353e-04 1.81319687809989e-02 3.64049501609877e-02 -6.72281368950869e-05 3.04474171887116e-03 -3.94832586908157e-05 1.55404147429281e-03 1.39590108545026e-06 7.11386236821787e-04 1.24919370950937e-02 4.43650705628601e-05 2.83077682663056e-03 -5.94496474942043e-05 3.08611318063126e-04 7.87202506554856e-04 -2.47289133710575e-06 -1.21250277171839e-03 -1.71600203990499e-05 1.95995502890006e-03 4.69368837140033e-05 4.81423849042851e-03 5.71326223138101e-03 -8.55246225932044e-03 -2.66626469857357e-01 -9.87253906640203e-02 2.14881064121514e-03 -3.46592690403563e-02 -1.74398138540070e-04 -3.06339239302890e-01 1.20078697379391e+00 8.43930298280284e-05 -4.61018878320425e-02 -2.17669042625770e-02 1.50101516330902e-04 9.94764963798446e-03 3.96193095072605e-05 -8.83460653568584e-03 -5.44897118313848e-05 -1.50436589582907e-02 1.86885691941808e-02 8.32806020769274e-05 -1.78980607168908e-02 1.51698523043825e-04 -3.67317233595889e-02 -6.95746148453838e-03 -5.42703532448594e-05 -5.01367158523866e-03 8.78623654846904e-06 -2.17941910793905e-03 6.79423217085321e-05 -9.56887822914838e-03 -1.20178154319469e-03 -5.00797657924222e-04 2.67292293330809e-02 -3.99815077426486e-02 3.92425755997810e-02 1.34216353025847e-03 -2.81662089118815e-05 -4.55492895431825e-02 1.70936093030451e-02 2.23271315803457e-04 2.61165097217618e-02 1.96396738814328e-02 -4.05608840615664e-06 -2.83667136487958e-03 2.41231696183117e-05 -2.67449657714956e-03 -2.58501655089823e-05 4.20535893473192e-03 -3.23756278923034e-02 9.66020487459132e-05 1.04078854593299e-02 -1.85164603832462e-04 -9.56118842666976e-03 1.50957303235254e-02 -1.37514765273098e-04 -5.60623598366861e-03 -4.02623275573360e-05 -4.34654401835466e-03 1.52871002414048e-04 6.61441467376622e-04
 -4.65658557859149e-04 4.25763391380062e-04 -1.31859124395628e-03 1.28575279443865e-03 -2.39154038702537e-04 2.04399670006089e-04 -1.50475652988679e-02 -1.69381267986229e-04 -1.59012745231331e-04 5.52960475054689e-01 4.72418134991872e-04 1.60606554610638e-03 -5.73768657759780e-02 4.08307618797089e-05 -2.62137562240107e-02 -3.54948322021908e-05 -1.01112732157141e-02 5.47462595180403e-05 2.91915492170643e-04 -7.19470318835491e-02 -1.91056349117775e-04 -2.92033274013654e-02 -3.10208129538227e-04 -7.12350071134535e-05 1.01011427457437e-02 -2.72967806358008e-05 -4.26356337084679e-03 -1.66268715071737e-04 -5.94549192725271e-03 -1.19457298291758e-04 -2.23274901740504e-05 1.91586734663518e-05 4.39485910593118e-04 5.42030319358500e-04 -8.91540302570991e-05 3.38419577779426e-04 9.03528657686578e-03 6.35831663704303e-05 -1.35585908792455e-04 -3.11870013516837e-01 2.29263400039339e-04 -1.09913163366478e-03 -2.90095862877732e-02 5.35579095121825e-06 -7.05462103078598e-04 -7.51959375120033e-05 -1.63904697031538e-04 -3.37442767804750e-05 1.47485945091702e-04 -4.16618652049350e-03 1.55202347985336e-04 -1.11551388350667e-02 2.10348273199885e-04 -1.29124989818491e-06 8.43199252521105e-04 -1.36657161856157e-05 -3.07208134278784e-04 5.66613908127819e-05 -4.12082080266174e-04 5.24099767305587e-06 4.92240145024369e-05 -8.69862773256435e-06 1.27221914294083e-04 -1.08913437529748e-03 -1.51193704620787e-04 -1.36613231186083e-04 1.14319627936857e-02 3.13497040004099e-04 -4.35848889544133e-05 -5.16025182202297e-01 -4.58441438676111e-04 3.54988308111351e-04 -6.09366142416586e-02 -5.55809324871386e-05 2.76293026098398e-04 -5.82423137245649e-05 -5.09329587447300e-04 -4.27374002685216e-06 1.97105407219146e-04 6.69547829040071e-04 5.08989826076829e-06 -4.92799617882627e-03 -2.52239871560934e-04 -4.17974726621492e-06 6.08657725735940e-04 -6.59647747117982e-06 -9.99955662769591e-04 -2.42051496249177e-05 -3.54462911622272e-04 -5.63237500356325e-05 -2.02151318472673e-04 4.51309690579645e-05 -9.15509864847400e-04 1.42104142385366e-03 -1.67746841698408e-04 -3.07372847157871e-05 -2.36037033323500e-02 1.97343579569114e-05 8.43930298280284e-05 1.34384245962690e+00 5.58526802084125e-04 3.88777577503378e-04 4.44359384721552e-02 -2.61972745382333e-05 1.18959791184957e-02 -1.24608319735501e-04 6.22093053970930e-03 -8.45281634861681e-06 1.67779601447568e-04 3.59364676638383e-02 -2.65901851861972e-04 2.10477943007635e-02 -1.50055668673826e-04 4.54279140456565e-05 6.61264723264573e-03 -4.05766163221580e-05 -3.44496534259531e-03 -8.55437496672771e-06 -4.46781684417310e-03 -6.41782994428394e-06 -4.16589258637615e-05 -3.87963933536346e-04 -2.77212271426387e-04 3.08018474889857e-05 -8.06664884533473e-05 -7.03888786697327e-04 3.69383991439600e-02 1.26485568246616e-03 1.01346926716389e-03 -1.33450966904657e-01 -4.24363537978555e-04 -3.72890306475666e-04 6.11561759640699e-02 -3.74278053131572e-04 3.77609736502849e-03 -2.03324964085164e-04 1.30876041781837e-02 -4.33918364299577e-05 1.14004737872833e-04 -1.67231659865408e-02 5.20582536378431e-04 1.27368931926660e-02 -3.58675042590913e-04 1.68229974499588e-04 1.10222540079582e-02 -3.00456759751391e-04 3.47837872662424e-03 3.24257240836667e-06 -5.40300901975024e-03 2.93740448111639e-04
 -4.16154137942290e-04 -4.25644776366092e-05 -3.73127921428416e-02 6.45484309609435e-04 4.08485046378079e-04 -2.50792683763824e-03 -9.02263840607072e-06 -1.12398381243767e-02 2.72539601272761e-02 3.81301856616584e-04 1.56282334320653e-03 -8.34543285569997e-03 -8.29712089614258e-05 -1.12580717628237e-03 -1.11356501286834e-05 4.19539008964400e-04 6.48571931509271e-06 -1.58059647036955e-03 -1.53948098656380e-03 -4.29464810999133e-05 1.12847084947641e-03 2.20331547307683e-05 -2.87915687561314e-03 7.36287312250500e-04 1.18468990236865e-06 -2.08935490238488e-04 5.06793351926810e-06 6.03299198212402e-06 1.05701867143003e-05 -6.29876472348500e-04 5.61165758560234e-04 1.40247025073268e-05 2.87450855497443e-03 -2.14237970338856e-03 5.12242868222532e-05 -3.91621243847147e-04 -4.69719701744021e-05 4.18487004542577e-02 3.54049689316969e-02 5.83435938769299e-04 -7.18439186195947e-03 2.15439232737723e-03 7.53793654336520e-05 -1.75123821892215e-04 3.00111696241300e-06 2.60306534715447e-04 -4.82886010409059e-06 -5.04362011236598e-04 -2.16043881393011e-04 1.26075480786704e-06 1.11365521481792e-04 -9.55106757075774e-06 -7.83790457071344e-04 2.98383790642019e-04 3.62457572945800e-06 -3.30964772512992e-05 2.59670610021119e-07 -2.22968162205353e-04 1.16508664545033e-05 4.70426377788916e-04 -2.78646323423913e-04 -1.27523372664913e-04 1.32911292214587e-02 8.29602089655344e-04 3.51552181477460e-06 -3.17810895136912e-04 1.08310086485530e-05 6.21619959691656e-03 -1.78063330819233e-02 -4.21024738749216e-04 2.45369334185357e-04 -5.60602859778593e-04 -2.56709114165011e-05 -2.44570670074837e-04 3.27443844142419e-06 -1.37611586939823e-04 -1.44152279155292e-06 -1.12317518721381e-04 -7.94286083769961e-04 -1.90519586051735e-06 -2.93142936598788e-04 7.45009999280760e-06 -1.99870175618497e-04 2.26105893447084e-05 1.61035129136057e-06 1.30755794362961e-04 1.02341822990925e-06 -1.01680821199117e-04 1.46951413187699e-06 -3.36547700223371e-04 -9.08994778870241e-04 5.69775139674604e-05 -3.28776004694582e-02 5.27441638919636e-03 -1.50531548319895e-03 1.58334101814701e-03 -1.78206153266294e-05 6.29444651426467e-02 -4.61018878320425e-02 5.58526802084125e-04 6.70187997906535e-03 1.51467720277600e-03 3.26138362845562e-05 -1.76958681628456e-04 2.53701081046577e-06 2.98579891930606e-04 2.21131219104050e-06 6.64161541649312e-04 3.19057870998026e-04 2.13655370969976e-05 4.15304000868192e-04 1.05402038754488e-05 1.45945472651252e-03 4.21201702824357e-04 1.03086101676777e-05 1.09425995646629e-04 -5.77824842624268e-06 8.94978236909836e-05 -6.73412104369619e-06 1.44701072930216e-04 -1.20698985525293e-02 -2.12512473949797e-03 2.27285492840348e-02 -1.31928326524315e-02 1.51818357762270e-02 -5.30899384364982e-03 -5.03339820356172e-05 -3.63548609165686e-02 1.33062260984610e-02 1.63977697246029e-04 1.57243689307351e-02 -6.21767875476273e-03 -6.99503394474012e-05 -1.40989192696031e-03 1.56569918640097e-05 -1.70970517524359e-03 4.99987313111781e-06 3.33777632943865e-03 5.69268203148802e-04 7.96106203619199e-06 -6.70163510345142e-04 -1.57254062399056e-05 4.55875295733188e-04 -9.56242618247686e-05 -7.76715536525001e-06 1.66537299918098e-04 -9.95884402197993e-06 9.83425865343480e-04 -9.57021013380046e-06 -9.43100956208138e-04
 -8.54495155463669e-04 -4.25628172772261e-04 -6.27705507381448e-02 1.82196972282656e-02 -2.93023918307751e-03 -2.98284697091088e-03 8.28692783493522e-06 4.51143374809686e-02 3.76253044480827e-02 2.02348791401030e-04 -1.15600829691198e-02 -8.78909712376321e-03 -5.25406068032742e-05 -1.91542275341528e-04 -2.08383403665587e-05 8.15106904320738e-04 3.28297754290358e-05 1.31657741831787e-03 2.17410324430441e-04 -2.88257721243086e-05 7.59006993884357e-04 1.21011595590044e-04 1.89331353833243e-03 -5.18027027670066e-04 -1.90606531723547e-06 -3.06471408025878e-04 -2.21814930707714e-06 -2.50090522618554e-04 1.37381337076070e-05 -8.49702465859800e-04 -5.06989032961102e-04 6.45203866325050e-05 1.48179244342861e-03 1.82644482697097e-03 -1.32921524140496e-04 2.65268364889908e-04 -3.86632532263597e-05 -1.79728812710115e-02 4.17470978860889e-03 2.01898141531691e-03 1.80137724142531e-03 -1.47026711337426e-03 6.73665842509557e-05 -1.63640718189368e-04 5.93376248944618e-06 -3.64380956547196e-05 -1.23247037947513e-05 1.34913289200851e-04 -7.53253350498171e-04 -1.82491423151028e-05 -2.08832552848695e-04 -4.25336705449044e-06 2.15844529721789e-04 1.56537306768909e-04 2.88994608912478e-06 -5.95648413052940e-05 -2.42113407756207e-06 1.70022171934092e-04 9.72922313936848e-06 -2.80745706272058e-04 3.06920385195900e-04 1.65716900952056e-04 9.50486542117562e-03 3.58808422371839e-03 3.25710272342061e-04 -1.17252625218263e-03 2.31167831167631e-05 2.07260538518821e-02 3.76316133565433e-02 -1.31912003756944e-03 6.67189792177572e-04 -1.26784241113258e-03 -8.35629396910595e-05 7.95130458336672e-05 4.43478159779356e-06 2.17409500435701e-04 -4.03145515438283e-06 6.14243133520878e-04 -2.49058337586700e-04 2.16323878062295e-05 3.06942447995886e-04 -1.85736898777248e-05 1.79366248082073e-03 -4.54785064599414e-04 1.30505288790136e-05 -1.02140805592233e-04 1.33205201292474e-06 -4.52931813627127e-05 -1.43486445257670e-06 8.45390334684255e-05 -1.97140618364245e-03 2.64000713253942e-04 -6.60072986506316e-02 1.07020243123647e-02 1.63011886955007e-03 9.00320630078381e-04 -2.87372252627273e-06 -4.73112743111685e-02 -2.17669042625770e-02 3.88777577503378e-04 1.51467720277600e-03 8.76368773457035e-03 3.18317140351911e-05 -1.12695603261605e-03 -3.67836467069648e-06 6.93669213073338e-04 1.52794472389725e-06 6.63801961620719e-04 -1.57109901289578e-03 2.51624318456699e-05 1.22547200886289e-03 2.25169345545869e-05 7.56581179046860e-04 1.43976101755935e-06 6.49703767446350e-06 3.68426896026050e-04 -3.79331457416765e-06 1.41320775675284e-04 -9.46935200460679e-06 6.12602420734466e-04 2.67838290230410e-03 1.07790305246640e-03 -9.73112790528802e-03 6.62632270577725e-03 -7.05096370295113e-03 6.32489651513220e-04 -1.63701165022528e-04 1.48538667971128e-02 -1.36743813165869e-03 5.49028492367171e-04 -6.69599939232281e-03 1.50096983819691e-03 -2.21598684150172e-04 2.19994637611707e-05 1.78245000064143e-06 7.17830391441117e-04 -5.30393910932432e-05 -1.35868734886905e-03 -8.56239976825492e-04 -1.30967289131224e-05 -1.90800602584351e-04 -6.71521096746897e-05 2.79871865510522e-04 3.98454631448571e-04 -2.19998231094204e-06 -1.64195136977582e-04 -9.85905543887430e-06 -1.86082194683001e-04 3.18226258957554e-05 2.89613688707768e-04
 4.24302185152797e-05 -1.40636459236157e-05 2.37135175856489e-04 1.83164108109995e-05 1.59258141690218e-05 1.33947349663810e-05 6.00675106150595e-04 7.77543335589740e-06 3.10789461491361e-05 -2.77933137827587e-02 8.34137568025348e-05 1.31828792667901e-04 3.59297132715328e-03 3.28453059264810e-06 -1.47321973507121e-03 -8.39992612285566e-06 -1.95973364283109e-04 -1.82012094826141e-05 -3.75201078551040e-05 -4.04878722919888e-03 4.49755741492340e-06 -6.81801244583778e-04 -1.26792939555513e-05 -4.94885522627824e-06 5.65090167165266e-04 -4.01728377375453e-06 3.08264086476089e-04 6.38092000449427e-06 -7.00387534203543e-05 -3.04601194543657e-06 9.94461079857652e-06 -6.51440789905623e-06 1.87452048428847e-04 -2.14521011172911e-04 3.60408772286368e-07 3.72543226718252e-05 5.18060346558309e-04 2.10702075596336e-04 -1.71184618183471e-04 -2.85974877848800e-02 7.22224879006881e-05 -8.68956951912469e-05 -6.14758552593184e-04 2.49614403429618e-06 -4.51433180062129e-05 6.14887261190943e-06 2.29643899093220e-04 6.03184097701753e-06 -6.61939848349953e-06 -2.13596363221147e-04 -1.42486825707573e-05 7.95934747846231e-04 -1.78972998373696e-05 -1.37716648152120e-06 4.12811847389641e-05 -8.34597656661285e-06 1.37376051331284e-04 2.17280616801394e-06 -2.30710190075300e-04 3.55351314979797e-06 -4.97427607855836e-06 5.03800486282124e-06 9.35464203058928e-05 -1.19584740113171e-04 -1.42047058706753e-05 5.02720480396616e-06 1.02399521265635e-03 6.49896877853969e-04 1.71021675396788e-04 -6.02944104207995e-02 -1.94952817781656e-05 6.12784306146693e-05 -1.94818124136571e-03 -5.43227801920212e-06 5.44846689578360e-04 -3.89717775569757e-06 -2.92689323423417e-04 3.20987001030594e-07 -3.75313780073160e-06 1.64004824468008e-03 -4.48189589475479e-06 -1.15691677458914e-03 1.26703662385064e-05 -5.75333336097379e-06 3.20503479768202e-04 1.58988383330569e-06 1.66314440748931e-04 -5.82516697472348e-06 1.94509092562044e-04 1.69364742210042e-06 1.76574080676527e-05 -4.43061163410731e-06 -5.67758788778312e-04 6.02317163723166e-05 -1.07515781699177e-05 6.83761461657297e-06 -9.41562012328909e-04 3.67661063229575e-04 1.50101516330902e-04 4.44359384721552e-02 3.26138362845562e-05 3.18317140351911e-05 4.00288131269868e-03 2.26348836294309e-06 1.38164193288633e-04 -2.98265261269234e-06 8.40912390315586e-05 1.54362408080011e-06 1.72864878442558e-05 4.40605511679083e-04 -1.00420734515726e-05 3.05948566757603e-04 -5.18278029857411e-06 4.85710475625621e-06 9.91022251876748e-05 3.49852824221260e-06 3.01986795036700e-05 1.65448050437393e-06 -4.59620674141397e-05 3.58843962255856e-07 5.92619171426539e-05 -1.31167170274635e-04 3.25823365838888e-04 -1.74349885234629e-04 6.25585468610980e-05 -3.57832934980291e-05 2.41131427070422e-03 -1.90293756313962e-04 3.06356930846079e-05 -6.51603114043662e-03 1.07691039383375e-04 -4.93062359696535e-06 2.30177632100048e-03 -2.36194469898496e-05 2.03809489854033e-04 -3.24342590190060e-05 5.62898012402985e-04 2.86836848135229e-05 7.51997374662159e-06 -9.46790643117531e-04 2.35522535967280e-05 6.51213826377610e-04 1.80171967999860e-06 1.10193266984392e-05 6.24920017505354e-04 -1.89696212143517e-05 1.32051880233743e-04 1.11074230282939e-05 -2.95278820853184e-04 -1.06109070989668e-05
 -1.02544511708626e-04 1.21848368235689e-04 1.15998528033847e-02 -3.21587149521223e-03 4.03814750707318e-04 1.23328891461075e-03 -2.80762814867613e-06 -3.54240896276127e-03 -1.39667644329165e-02 -7.02279007626204e-06 1.61374351849934e-03 4.67658729871713e-03 -4.71410858604985e-06 2.36895978773720e-04 -9.77630613216436e-08 -1.08202760500344e-04 -8.32648843303203e-07 -3.12222552748239e-04 7.30866936839648e-05 -1.39338211804831e-06 -6.23046087536054e-07 -3.43456286494906e-06 -4.15653497924016e-04 7.16548347804346e-05 9.65213810313799e-07 7.58869017697110e-05 -1.11648476222109e-06 1.85034663689740e-06 7.78123787913205e-07 1.00606672393938e-04 -2.28709636279096e-05 -4.58485715891326e-05 -2.14448586504520e-03 -1.20237656578703e-03 1.12450919973108e-04 -6.64242855335635e-05 -2.04559051460110e-06 1.52727551747288e-03 6.73231414630271e-04 1.59101819896676e-05 3.23646951914868e-04 6.38794636869243e-05 8.07242357921229e-06 3.37417128572666e-05 -1.65410610895399e-06 -2.30065146021343e-05 4.99021515041659e-08 2.62127688624200e-05 2.26878559330623e-04 3.26987874178667e-06 5.65283371316489e-06 -1.83223417062672e-06 -4.71472013690525e-05 -3.79550929985900e-05 -7.79572956601423e-08 1.22674577873024e-05 -8.02025357896868e-07 -1.37880267008028e-05 2.85923813404293e-07 3.53668748588586e-05 4.35438921299794e-05 1.51115221274626e-05 -1.17384480462609e-03 1.11539808560886e-05 -9.08049606164947e-05 -1.09492596410401e-04 2.38505410313759e-07 1.23406751553297e-04 3.06253737456515e-03 8.30701151510548e-06 2.40370572609652e-04 7.81019933360718e-05 2.18918552510306e-06 5.00660708323034e-05 -2.00234006433429e-07 3.08835450878547e-05 -1.13816858467268e-07 1.60345078820750e-05 1.12439295132888e-04 -2.58245383905624e-07 6.16993945910183e-05 8.83384472670277e-07 -2.04167159001447e-05 1.26238499075350e-05 -5.03926927165841e-08 -2.15443312057179e-05 -4.16822061101898e-07 2.24985902822835e-05 5.17124547227639e-07 5.37089242042164e-05 6.00567415025425e-04 -1.33241385358344e-04 2.30565560296623e-03 -1.82375720580064e-03 -3.87585698025126e-04 -3.16623301310256e-04 -3.08545337196923e-06 1.41621760627793e-02 9.94764963798446e-03 -2.61972745382333e-05 -1.76958681628456e-04 -1.12695603261605e-03 2.26348836294309e-06 3.02241825666453e-04 6.70709041692399e-07 -1.68901808769126e-04 -8.97146709055240e-07 -1.28932056723037e-04 6.62387113459748e-04 -1.08796768134200e-06 -3.45591584520050e-04 8.73317016326246e-07 -1.67685368149519e-04 3.97861779205472e-05 -8.98329373334987e-07 -9.17672167153010e-05 -1.07252190539999e-07 -5.29118569372770e-05 1.46633588978478e-06 -1.98121120062527e-04 3.98654501092185e-04 -2.80338158703157e-04 1.50113463609495e-03 -1.05542651961028e-03 7.08287909542919e-04 -3.95481962461466e-04 -3.84147667660285e-06 -1.54709060810426e-03 1.12042393698654e-03 7.91441462076034e-06 9.02456182350309e-04 -3.40413320406286e-04 -2.05142391492635e-06 -1.01052088613774e-04 1.14920258106717e-06 -8.84942906905752e-05 1.01152127306908e-06 1.44080136846737e-04 -1.87314606493771e-04 1.20814640048318e-06 9.09404372893409e-05 3.01121779483498e-07 -1.73349516483891e-04 9.43681640196429e-05 -2.91648060352478e-07 -2.59594188114925e-05 -2.32681831844326e-07 -1.46210584930761e-05 -2.25083774568808e-06 2.14521541172273e-05
 -9.00380288009583e-06 7.12571167166365e-06 -4.02732732326758e-06 2.06777796538416e-07 -2.16484433529993e-06 6.74640696531394e-06 -2.43970657798635e-04 -3.95029751488557e-05 -6.70693766840324e-05 9.53511147552416e-03 7.24031732172392e-06 2.65727681441052e-05 -1.06022130987649e-03 1.35391805920446e-06 -1.70643232068454e-04 5.95989564403480e-08 -1.04115979317884e-04 9.95054640732878e-07 7.95379058413813e-06 -4.67807510136014e-04 -2.57874006606438e-06 -2.89115902566898e-04 -4.40767854639279e-06 -2.92637901664226e-07 6.60213391639082e-05 4.13376829872953e-07 -8.28894112302129e-05 -2.52655352695682e-06 -6.57190883906396e-05 -8.26625840358779e-07 -1.21564126608394e-06 8.13117899683006e-07 -9.44473664880418e-06 2.51275575716890e-05 -9.59590549208782e-07 2.22181690216210e-07 5.87565474166980e-05 8.93791480645518e-06 7.34532076063343e-06 -9.60907796460099e-04 -7.71666604894076e-06 -4.90889593557029e-06 -2.93325170699335e-04 6.36083339222153e-10 -4.04760237098827e-06 -1.42512214537247e-06 -2.49155274345766e-05 -1.26436852323024e-06 3.40928774370083e-06 -2.91751211574566e-05 3.48123520484206e-06 -2.15819039752097e-04 3.99950327771001e-06 -1.15828301331976e-07 6.10182985434814e-06 7.35621286488312e-07 -1.74582639356265e-05 2.79080726933706e-07 1.79854781804773e-05 7.32710332342957e-08 1.47773375699120e-06 -5.63590146414196e-07 -2.00255821072569e-05 -1.44358158855850e-06 -1.13831197017218e-06 -2.58839465618020e-06 3.56574650506133e-05 -5.57743008118101e-05 -5.23960097768467e-06 -1.90157565817523e-04 -1.16679168265494e-06 -1.09134038534117e-06 -5.44840598696225e-04 1.28373110048974e-07 -5.16712409387628e-05 -1.87252731002122e-07 2.33488365392247e-05 -8.13992804278075e-08 3.46526204324668e-06 -1.57523603938317e-04 7.89747586408836e-07 5.66364767626218e-05 -4.64905880551493e-06 6.62323673479967e-07 -2.49467866679002e-05 -3.09933124145078e-07 -2.89643133670726e-05 4.29349042230453e-07 -2.39792858911404e-05 -6.19349914253166e-07 -4.46680892974191e-05 2.35737204387240e-07 6.27194956861193e-05 2.33774422850999e-06 -2.31025704707427e-06 -2.36275521422734e-06 -1.92771748702730e-04 8.96135424758572e-06 3.96193095072605e-05 1.18959791184957e-02 2.53701081046577e-06 -3.67836467069648e-06 1.38164193288633e-04 6.70709041692399e-07 1.31018133571653e-04 -1.98337502145253e-06 6.73048752398766e-05 -1.00895351756781e-06 2.81432489500945e-06 3.93452127616107e-04 -3.76581396823223e-06 2.25422726755071e-04 -2.62848554725729e-06 2.71316604763126e-08 7.05638115386486e-05 -1.30207165633150e-06 -4.50074746403769e-05 -4.94941825684308e-07 -4.98157568187994e-05 -1.01155775480748e-06 -4.85472105204851e-06 6.27897167419225e-06 -1.86350447201982e-05 6.53319178538927e-06 4.24404176094718e-06 -4.94854635943599e-06 2.11054714086051e-04 9.22131311754216e-06 9.54558887122173e-06 -9.81875005492334e-04 -4.54501903254232e-06 -3.52780681155204e-06 5.18297114635299e-04 -2.14452598674594e-06 2.54544330859190e-05 -4.49966534915431e-07 1.03913040261413e-04 -1.08675584240447e-06 -1.50295434426959e-07 -1.08119898269542e-04 4.14719637066833e-06 9.08054852244962e-05 -4.90144082647629e-06 1.28100743702736e-06 7.12355575202357e-05 -1.90280910825965e-06 2.93604935205873e-05 -6.58181946661575e-07 -3.66219174888522e-05 4.11613907856371e-06
 1.22508184758033e-04 -7.93644696981340e-05 -7.40364880448770e-03 2.03300179166566e-03 -2.96884202111342e-04 -7.58342307769024e-04 3.24400441573515e-06 4.13791630643089e-03 8.35132590841737e-03 -9.26116365115712e-05 -1.27483371835846e-03 -2.87809360578363e-03 1.31155229805714e-05 -1.83487404154566e-04 2.35296371333369e-06 7.26344238556323e-05 2.01891407679193e-06 1.27947861891508e-04 -1.27754939502751e-04 5.89079183984428e-06 1.29863713556926e-05 7.29291587150341e-06 1.10087061656839e-04 -9.26198213102100e-06 -1.54650787975945e-06 -4.45601082265144e-05 1.64353924831940e-06 -1.60112022714791e-05 6.59981375214175e-07 -7.56628625308602e-05 -4.26576398786220e-05 1.34663915421947e-05 2.73841408944621e-04 3.59223151314372e-04 -3.14111473948774e-05 2.74395451181653e-05 -1.01611462339393e-06 -1.39391864891606e-03 1.67206211363040e-04 3.34786398693202e-05 -1.04164080080987e-06 5.47274658637735e-05 1.96830858056006e-06 -1.93647262476170e-05 9.44263505698223e-07 3.08515349990542e-06 -5.91297249571807e-08 3.25589279069992e-07 -1.21851130728064e-04 -1.16597901973555e-06 -1.37422359040658e-05 3.26704368908321e-06 1.03637971844473e-05 2.54788606413480e-05 1.46670213317453e-07 -7.01062451169340e-06 7.03528746480300e-07 1.25957802571782e-05 -1.62361575704309e-08 -2.21406013266462e-05 -3.13144501118523e-05 -5.44713949999628e-06 6.52334229621446e-04 2.53284081308610e-04 6.77336766325834e-05 2.92451735136065e-05 -4.76992767262153e-07 3.73546011011397e-04 -1.54608031770326e-03 -4.17051546750262e-06 -1.34815378857176e-04 -2.14527201508875e-04 5.03033169186884e-06 -3.08193684918710e-05 6.53233870993086e-07 -1.22401141779799e-05 -2.34454344730402e-07 8.85534286347905e-06 -1.08297700111694e-04 1.48374294167417e-06 -2.87353137089850e-05 -7.83330490588451e-07 5.41933901251228e-05 -2.15607851118330e-05 4.98413687978565e-07 9.93240870528737e-06 4.63668056530915e-07 -1.74585039659953e-05 -2.61502368389722e-07 -3.72134432915354e-05 -5.03340143565021e-05 8.67062677233522e-05 -1.41913845153170e-03 1.30279373323212e-03 1.58278624848919e-04 2.73002575488912e-04 4.03778855417897e-06 -4.45861352124314e-03 -8.83460653568584e-03 -1.24608319735501e-04 2.98579891930606e-04 6.93669213073338e-04 -2.98265261269234e-06 -1.68901808769126e-04 -1.98337502145253e-06 1.10569581772279e-04 -2.18741688942291e-07 1.22405779465144e-04 -3.30033280581013e-04 -3.71283956267096e-06 2.18003040546192e-04 -3.06678224336697e-06 2.27279145787034e-04 1.68012340704348e-05 -1.10366094971341e-07 6.03203058238075e-05 3.77595336366124e-07 2.99817134828826e-05 -4.75298078018167e-07 1.19409687486559e-04 1.04277427648946e-04 1.26374405655105e-04 -9.34578215938285e-04 7.23973978162870e-04 -6.59418162259713e-04 9.63427469052338e-05 -2.19801949457829e-06 1.25745833846258e-03 -3.47670602520979e-04 1.31041857323136e-05 -6.36709668863057e-04 1.93412738657859e-05 -7.32118671421514e-06 3.05448583282710e-05 -5.67421566814794e-07 6.61573331556248e-05 -1.76891594249448e-06 -1.15715909253565e-04 1.65170475333436e-04 6.34435670756586e-07 -7.14672473509882e-05 -1.51699574965266e-06 9.31033347273046e-05 -7.73149507082934e-05 -6.45923183652961e-07 2.65653363321454e-05 -2.80198623115292e-08 1.15731470714053e-05 9.03661764100480e-07 5.80650772231041e-06
 -3.76904767988364e-06 2.70623273421934e-06 -5.47379196346092e-05 1.17124272963936e-05 -2.81947148210197e-06 -1.83043212207266e-06 -1.21140344743168e-04 5.69923298005341e-06 2.89511453867044e-05 4.78190492039962e-03 -5.45157468569574e-06 -8.41636037493969e-06 -5.35811383155692e-04 1.00578201221223e-07 -9.51145818652305e-05 1.74031797418359e-07 -4.75554871960394e-05 9.44276084120641e-07 5.51194883950047e-06 -2.60910870786765e-04 -1.93310070606765e-06 -1.31265946935662e-04 -3.30580053742149e-06 -2.44045938377371e-07 3.67658015322461e-05 -4.91195368815777e-08 -4.22502174399533e-05 -1.28666326425955e-06 -3.05529894411839e-05 -7.68416369112407e-07 -3.86977513673545e-08 4.36697382894310e-07 -8.05711206819533e-06 1.55730735894572e-05 -1.05412103032047e-06 1.90866219567601e-07 2.35124467417848e-05 -3.40073856979048e-06 1.91322572529697e-05 -1.94309453182167e-04 -4.87741858930936e-06 -2.17957110097785e-06 -1.34278194630973e-04 -2.44638889378962e-07 -2.28045561736940e-06 -6.94481887019175e-07 -1.39140791770397e-05 -7.29740760979939e-07 6.27585733140944e-07 -1.61436888529704e-05 1.67264116675364e-06 -1.09912449281148e-04 1.94068088094832e-06 2.08568601163984e-07 3.35335834756843e-06 2.76241846815712e-07 -9.61673728831313e-06 1.89017642353584e-07 1.06099675670419e-05 -3.36280819460151e-08 8.66098575926089e-07 -2.40982350933890e-07 7.13449294199364e-08 1.45195379171222e-06 -5.74105098016246e-07 -1.22170396981782e-06 2.60915311136143e-05 -9.34832787953424e-06 -6.29588227474466e-06 -5.18315545529363e-04 -1.37409777688553e-06 -1.88240664077622e-06 -2.96778504772740e-04 -2.76966173706717e-07 -2.30660896489504e-05 -2.48312267014764e-07 1.02402666340963e-05 1.16003600181517e-07 8.99775940774001e-07 -7.03320673383804e-05 1.56454484448643e-07 2.37063799935714e-05 -1.67414947119407e-06 6.65822126727190e-08 -1.09126871743846e-05 -7.42171283145947e-08 -1.39578772652599e-05 4.95997413678362e-08 -1.08891884256673e-05 -5.64761994145674e-07 -2.25018471210075e-05 1.15920195277205e-06 9.99335889116368e-05 1.29456835483057e-05 5.83850156140523e-07 1.52299217405042e-06 -1.01178848616510e-04 -4.33231029935021e-05 -5.44897118313848e-05 6.22093053970930e-03 2.21131219104050e-06 1.52794472389725e-06 8.40912390315586e-05 -8.97146709055240e-07 6.73048752398766e-05 -2.18741688942291e-07 3.47435424774556e-05 2.80889356227614e-07 -1.48398193230924e-06 2.02023725770080e-04 -2.95813174722778e-07 1.17806101555922e-04 3.47943935242961e-07 4.73476679043342e-08 3.64597701895875e-05 -2.60183888116471e-07 -2.28988619726318e-05 -3.14500879641282e-08 -2.53777023870975e-05 3.41764601361728e-07 -2.46319683091693e-06 3.73326486497339e-06 -1.55294230696855e-05 9.51954104586457e-06 -3.86661611486936e-06 -2.35150526581956e-06 7.88098741226331e-05 1.34787559099337e-05 5.00711037896416e-06 -4.06616384830652e-04 -7.27898826775989e-06 -2.95052046314134e-06 2.24538874430887e-04 -1.25689558019385e-06 1.38629984138418e-05 4.69990166702743e-07 4.40143930538732e-05 -1.43073391444924e-06 7.33378400179084e-07 -6.06981664566910e-05 5.26732912714580e-07 3.71214159512621e-05 -8.27581580299258e-07 3.72234594859998e-07 3.94376032231029e-05 -6.70483034455858e-07 1.26757714972943e-05 1.43750725896576e-07 -1.47045961840131e-05 1.76270625635130e-06
 9.57286520124572e-05 -1.04720206260977e-04 -7.98581452737974e-03 2.05763598770062e-03 -4.78468950522995e-04 -7.33855496610706e-04 -1.28077894583571e-06 9.01393275769749e-03 7.07038036602893e-03 -2.23245922473878e-05 -2.21474920387700e-03 -2.71333737504717e-03 5.84870969214577e-06 -3.15002980851752e-04 1.40929928160575e-06 7.33247874683774e-05 1.92586825016297e-07 2.49122333399287e-05 -4.87843090309466e-04 -8.24492388166449e-08 3.31692004224354e-06 3.72212601166753e-06 -1.59600453835129e-04 5.72094806760259e-05 -1.09024778003823e-06 -3.55136015649172e-05 1.37926431112423e-06 -4.96789146191624e-05 -3.74757935509563e-07 -9.45785068801551e-05 -4.93917155442640e-05 -1.54252011071602e-05 3.54303131284370e-04 -3.44030429263454e-04 2.86262117148319e-05 3.47576199680328e-05 -1.70163007879354e-06 -2.56269783752826e-03 -1.37794812718001e-03 -2.17187131060452e-05 3.74808113644662e-04 1.95727606153615e-04 3.26341480395015e-06 9.79199729809354e-07 1.09218296532080e-07 -2.46063622240576e-05 -1.64864466312261e-07 4.36271451809650e-05 -5.44215211116558e-05 7.11595464518819e-09 -5.24121895412189e-05 1.72484157773333e-06 1.45474862749055e-05 8.95787005952487e-06 3.83631598745332e-07 -2.72410605771930e-06 6.18987402679067e-07 2.47211779702460e-05 2.55921491251849e-08 -2.92158167140989e-05 4.67799862933720e-05 1.90778525168827e-05 2.00523538913607e-03 9.49676960233265e-04 1.39315713974703e-04 -5.83663053674901e-05 2.28287175047277e-07 -5.11301356250777e-05 -6.50928432494618e-04 -7.13974253283942e-06 -1.13101948504008e-04 -5.99750408640065e-04 2.14716785164069e-06 -1.53426204123766e-05 3.04241693907366e-07 9.09266874207347e-06 -1.12214486718074e-07 4.74043873957639e-05 -1.53510578493650e-04 -4.74740257502010e-07 1.17730478156977e-05 -1.65949118106610e-07 1.40762480335650e-04 -4.51806879441307e-05 8.55536388629567e-07 -1.96723025329386e-07 2.04464034484043e-07 -2.29444584174892e-05 -8.82561337416852e-07 -4.03724723773866e-05 -4.43111524948464e-04 8.94748095118463e-05 -1.65760834339848e-03 1.59153155114001e-03 -2.01653800309134e-05 4.40801707525986e-04 1.14580773833531e-06 4.96984271291830e-03 -1.50436589582907e-02 -8.45281634861681e-06 6.64161541649312e-04 6.63801961620719e-04 1.54362408080011e-06 -1.28932056723037e-04 -1.00895351756781e-06 1.22405779465144e-04 2.80889356227614e-07 2.23339645661852e-04 -1.62120032859265e-04 -4.67723283260511e-07 2.34594950874554e-04 -1.21620934979765e-06 5.24286586837823e-04 1.12722752691717e-04 6.56518546802524e-07 7.09768585247861e-05 -3.13711307814953e-07 2.34483163372681e-05 -1.19672730996781e-06 1.19801506532804e-04 2.43385579047685e-04 -2.96670338991429e-06 -7.48363482914248e-04 7.91766346917459e-04 -9.31653829281406e-04 5.64856288400977e-05 2.31764539793225e-06 1.47475726628693e-03 -4.13375058416450e-04 -9.90196815098511e-06 -6.75455967306869e-04 -8.96587230965248e-05 3.45777283598624e-06 5.77688377711431e-05 -5.25890509156685e-07 7.21019643962424e-05 9.32455492496662e-07 -1.34004479926367e-04 3.43642904814734e-04 -1.24962924042594e-06 -1.22074442295669e-04 3.33522532235900e-06 9.01655578253271e-05 -1.64199995964745e-04 1.69581810422271e-06 5.82502419510101e-05 8.65910230494251e-07 3.43921056776632e-05 -2.59671497332210e-06 2.62205401330552e-05
 -6.46136359980291e-04 3.10220982181415e-04 2.24304228857122e-02 -6.44811527427601e-03 5.57699640842542e-04 2.71925110073349e-03 -1.21377640685306e-05 6.27117944319375e-04 -3.02710244499546e-02 1.38143182612096e-04 2.19577312846095e-03 1.06519328825815e-02 -3.57451069990619e-05 5.20519182069672e-04 -4.77723199696501e-06 -1.46165873095285e-04 -7.29340604901582e-07 -7.66771874856160e-04 1.19183958394145e-04 -1.27478058654887e-05 2.53400964873306e-04 1.32882129131268e-07 -1.00092598176898e-03 1.91549972907521e-04 2.52438535800315e-06 1.47380786772684e-04 -3.67975373708971e-06 -6.89192037572879e-05 2.80474858964882e-06 9.70576020681832e-05 1.95826128318251e-04 -1.40627855591474e-04 -5.56772828136858e-03 -3.77673308054225e-03 3.62628893359378e-04 -1.83401862216439e-04 -1.08288697713830e-05 1.43973162563584e-03 5.68833508699340e-03 2.10350299741827e-04 1.36978478663142e-03 1.86669012385002e-04 2.89575973366449e-05 5.28030919563642e-05 -3.37290112508824e-06 -8.88908757661048e-05 -1.66878421594001e-06 1.26187641051147e-04 4.91849220504068e-04 6.15938948963777e-06 -5.25348993874739e-05 -7.56829379416376e-06 -1.00713164040960e-04 -5.39463651992785e-05 6.90941018538259e-07 2.17307258159751e-05 -2.29111291063538e-06 -4.39980293730737e-06 2.14421121848057e-06 5.63175415980393e-05 3.57860536919758e-04 2.96566138151494e-05 -5.03565611771231e-03 7.43823197116897e-04 -2.14581265261296e-04 -4.88267229098188e-04 2.04575365373874e-06 5.96079884280628e-03 1.23691200672762e-02 -1.26390163301589e-04 7.84942701844299e-04 -2.45593504032790e-04 -8.20649471959771e-06 1.10243644768360e-04 -9.26576490900273e-07 1.06123028805842e-04 -7.35244098270641e-07 1.52316655053286e-04 8.23849599847015e-05 -6.32396222197580e-07 1.76983086075381e-04 8.68781612287938e-07 2.54427373982512e-04 -6.31108604846671e-05 1.46349142913092e-06 -6.85768528215088e-05 -1.67990939057644e-06 3.95051391956370e-05 2.84518407887052e-07 1.24390228354087e-04 -2.45513584616135e-03 -3.49907792837741e-04 -8.11788967138190e-03 -2.90616760698257e-03 -9.57740593695000e-04 -5.47807972374589e-04 -1.34472961155845e-05 3.96905576944864e-02 1.86885691941808e-02 1.67779601447568e-04 3.19057870998026e-04 -1.57109901289578e-03 1.72864878442558e-05 6.62387113459748e-04 2.81432489500945e-06 -3.30033280581013e-04 -1.48398193230924e-06 -1.62120032859265e-04 1.71720183278543e-03 7.32336368696538e-06 -7.37078529002037e-04 8.76394485836600e-06 -1.28242792630928e-04 1.84062971161118e-04 -5.67766020426481e-08 -1.82644553083692e-04 -1.91137639328902e-06 -1.22460330630241e-04 1.19257373457189e-06 -4.43590985434394e-04 -1.06889736279431e-04 -7.21804820219432e-04 3.42118297750972e-03 -2.36457919126927e-03 1.24431841885835e-03 -1.46904724277863e-03 -1.79850783404633e-05 -2.93467341929320e-03 4.06304622798960e-03 5.01465390155691e-05 2.00326163629574e-03 -1.29875244691681e-03 -1.59359937703873e-05 -4.00300378856787e-04 5.30735140363097e-06 -1.93051503340459e-04 1.97529051500645e-06 2.80793535171110e-04 -5.60418757280128e-04 1.52364154948058e-06 2.48761151249885e-04 -3.92221926747813e-06 -5.24435272136135e-04 2.97102678516921e-04 -1.45570461541670e-06 -7.57882850253630e-05 -3.71050623003389e-07 -6.73659639816326e-05 -5.80709196883221e-06 1.21452419562263e-04
 -2.07560503874908e-07 2.16550840276384e-05 7.72443614814131e-06 -1.36038288427342e-05 -1.14948568203117e-05 -3.91567547709296e-06 -7.29252407037189e-04 4.35494778900759e-05 1.10143405946915e-04 2.83692571007313e-02 -1.54782982445185e-06 5.72804358363153e-06 -3.14184951587925e-03 3.33245381284096e-06 -5.15979638542177e-04 4.98634845485329e-07 -3.23559754748332e-04 -3.42385746850830e-06 2.73370145830898e-05 -1.41399629211560e-03 -4.79508195972559e-06 -9.01257585950730e-04 -2.43398194031367e-05 -5.63821722755117e-06 1.99499629771938e-04 -1.26318372541506e-06 -2.44632421031043e-04 -9.05973664220003e-06 -2.02669069495845e-04 -3.77744146880640e-06 -4.65460636705228e-06 1.01103899264089e-06 -8.52863386791459e-06 3.56555772925748e-05 4.89914719665181e-07 3.17539415266031e-06 1.92818152095013e-04 3.15569580164612e-05 4.66120369683770e-05 -3.71709568789148e-03 -1.01856766748102e-05 -2.75817875681752e-05 -9.11391344382711e-04 -1.32951517172435e-06 -1.22492078286991e-05 -5.16776288210549e-06 -6.98897115639929e-05 -2.15381568469146e-06 3.66571666880735e-06 -8.81280373028483e-05 8.74051322044773e-06 -6.37211965066815e-04 1.14632649789625e-05 9.05997863922084e-07 1.84180750623955e-05 1.60723254243911e-06 -4.94048747330076e-05 1.17851489212446e-06 4.87586836702390e-05 4.91198462975793e-07 -1.12486986547878e-06 -2.86953268566899e-06 1.16131408036422e-04 -2.20692291213040e-05 -1.42097323583363e-05 -1.25263377722365e-05 1.06206012870979e-04 3.93506096361631e-04 1.53517808173752e-04 -6.08494427723693e-04 7.08893205165308e-06 2.09066653609730e-05 -1.62506143626253e-03 -5.24637221635131e-06 -1.53661488544513e-04 -2.22234354658333e-06 6.91437549645022e-05 2.21015471625294e-06 -4.41725786669835e-06 -4.68631922167555e-04 -1.34850943549107e-06 1.64123398001036e-04 -2.48094674606261e-06 -2.57600121602507e-06 -7.37858885839955e-05 -4.32928863447334e-08 -8.60936374439471e-05 1.96531082064718e-07 -7.17563150379620e-05 -4.60248315369928e-06 3.42386475788949e-05 1.46030751739482e-06 -1.71633794656783e-04 5.00313077037164e-05 -5.48866495825544e-06 -4.28323780950285e-06 -5.84338573643151e-04 -2.60182750212759e-05 8.32806020769274e-05 3.59364676638383e-02 2.13655370969976e-05 2.51624318456699e-05 4.40605511679083e-04 -1.08796768134200e-06 3.93452127616107e-04 -3.71283956267096e-06 2.02023725770080e-04 -4.67723283260511e-07 7.32336368696538e-06 1.18240058945454e-03 -7.33263911858478e-06 6.74629062676811e-04 -5.57408164135694e-06 6.64684888828571e-07 2.11921497883096e-04 -2.51148046778488e-06 -1.34627301543240e-04 -1.02660755395372e-06 -1.49934877811399e-04 -1.37412731869871e-06 -6.62422881851174e-06 7.84138163640914e-06 -1.03167648352329e-05 -4.69153963761939e-06 2.67592126671604e-05 -8.52715711625232e-06 7.09618456538164e-04 -1.35575618422842e-05 1.21805122738989e-05 -3.17780839765970e-03 9.11232799612747e-06 4.04836825603211e-06 1.64723875964875e-03 -6.15090375848692e-06 7.73257504418504e-05 -4.22331013868963e-06 3.33233514072460e-04 7.13274340630797e-07 -6.67131239939343e-06 -3.26323870848684e-04 1.31987999870253e-05 2.95288166424164e-04 -1.75197331582577e-05 6.95822649998250e-06 2.15835316280116e-04 -7.49887810883441e-06 9.33960137741101e-05 -1.02545323296493e-06 -1.20022096089308e-04 1.26319883155785e-05
 3.93531405412511e-04 -2.03136296942758e-04 -1.40930012198357e-02 3.70334172350724e-03 -6.69542058693772e-04 -1.54301883742595e-03 4.80453662251945e-06 8.19925129810102e-03 1.68027524651198e-02 -1.61507167110781e-04 -2.93231432708696e-03 -5.88924427562994e-03 2.84703638829073e-05 -3.78548191155833e-04 8.23896597421934e-06 9.88368961182467e-05 -1.71957880075169e-06 2.97829052860613e-04 -2.89980375582330e-04 2.14260151077774e-05 -1.01577868161157e-04 -2.69479774112157e-06 2.26872130368754e-04 -4.07744852171222e-05 -4.31231926990080e-06 -8.65742418838636e-05 3.81115869677741e-06 -2.31968675910542e-05 -2.10383712427817e-06 -1.05532223702739e-04 3.83080425170747e-05 3.37167352037390e-05 4.55391938655479e-03 1.01205543775618e-03 -1.14046852178544e-04 8.14068452816276e-05 4.43784355174973e-06 -2.70491796690900e-03 -1.64039783976828e-03 -2.69429902985243e-04 -1.84886653391659e-04 4.89672778664149e-05 -1.12774249713857e-05 -3.01276767525679e-05 1.77900007650325e-06 4.14238258065851e-06 1.56672543655363e-06 4.51161780699123e-06 -2.43678319870729e-04 -2.05690060274464e-06 -4.63607045600375e-05 7.46133772292618e-06 8.86244527277830e-05 3.87398390014342e-05 -2.47372332059275e-08 -1.26438507205068e-05 1.99550480173820e-06 2.56928183152977e-05 -2.06087978307340e-06 -4.81774363320799e-05 -8.15265399604870e-05 6.10341253336582e-06 3.95760028938154e-03 4.48180196258810e-04 1.46399781065415e-04 8.47205298244697e-05 -4.95830791182378e-06 -1.20270431503246e-06 -3.03810581725530e-03 2.32879351190347e-04 -3.11178458195430e-04 -2.99455043751082e-04 2.13081196360762e-05 -6.10644979115195e-05 -4.10568775114501e-07 -2.91562930625726e-05 5.16465146867938e-07 8.57895597225204e-06 -1.77173144853480e-04 -2.80937164115849e-06 -4.43086559028404e-05 5.74532048569107e-07 1.06227796962482e-04 -3.75534749184008e-05 5.76633196040634e-08 2.01787753070575e-05 7.93262186205890e-07 -3.35108161212764e-05 -1.37694416337997e-06 -7.05158988843071e-05 1.49886401717244e-03 2.01380612010266e-04 1.15702088504427e-03 2.48083703118975e-03 3.60216160022435e-04 5.32845771055558e-04 9.52692914361940e-06 -1.11599423783430e-02 -1.78980607168908e-02 -2.65901851861972e-04 4.15304000868192e-04 1.22547200886289e-03 -1.00420734515726e-05 -3.45591584520050e-04 -3.76581396823223e-06 2.18003040546192e-04 -2.95813174722778e-07 2.34594950874554e-04 -7.37078529002037e-04 -7.33263911858478e-06 4.59692790864503e-04 -7.93681336257389e-06 4.53597533230689e-04 2.16771856512055e-05 -4.88454712841183e-07 1.23712316708317e-04 9.11027622953378e-07 6.15987866274601e-05 -9.07184747234504e-07 2.52254864414836e-04 -4.78150579780119e-04 1.84447852775084e-04 -1.41547522948759e-03 1.26445110541895e-03 -9.02478824044708e-04 4.56042180540601e-04 2.51886700299711e-05 1.58789849941043e-03 -1.41295195045480e-03 -7.36583024815758e-05 -1.00464532364844e-03 3.15202798669391e-04 2.70827760691246e-05 1.40253417276295e-04 -2.57235868624727e-06 9.45811016799636e-05 5.05872277222388e-06 -1.49044687873393e-04 3.75456294626271e-04 3.29611704231177e-06 -1.96747644511098e-04 7.95642661934549e-06 2.71534482043510e-04 -1.85100466349591e-04 -1.63877233247035e-06 5.77987576030739e-05 1.82274480981581e-06 6.72622801354370e-05 -1.94346417987188e-06 -4.15267493317488e-05
 -4.85401598422679e-06 1.55299008812550e-05 7.89120247216587e-05 -6.05269111462586e-05 -4.73636072700705e-06 3.79539873831836e-06 -3.85030226798596e-04 2.28853966889342e-05 -4.46470397008762e-05 1.59358543986130e-02 1.44416125311554e-05 4.88934719054043e-05 -1.85480676137869e-03 4.84182241299603e-07 -3.64083886517323e-04 -4.38510893337762e-07 -8.33889659429993e-05 6.29402691872381e-07 5.62566509367961e-06 -9.99883584154614e-04 5.05726729510138e-06 -2.14507285614515e-04 -4.00367541369569e-06 -2.99202232467878e-06 1.40560813722776e-04 1.74087602858721e-07 -1.51712668491332e-04 -5.33157975648636e-06 -6.29565960665601e-05 -3.72105457407495e-06 -4.05505222212386e-06 -7.48752436785136e-07 3.83019096501821e-05 1.83429558839606e-05 -4.28724522107810e-06 4.81850757917365e-06 -1.94584350747107e-05 -1.60992906961130e-05 -1.34342910669613e-04 4.01193159349057e-03 1.53951499133174e-06 -2.66041618270984e-05 -2.36861428290934e-04 2.80962102852298e-07 -8.81782555644864e-06 -3.63423501029825e-06 -6.94005404031607e-05 -9.55061152164389e-07 5.42297675865356e-06 -6.15532919831210e-05 3.66645908477870e-06 -3.93100713170194e-04 9.43868142631302e-06 -1.26181256902609e-06 1.26480884103075e-05 9.49046419825269e-07 -4.58640181915906e-05 8.95953818432313e-07 6.12753255050549e-05 -2.65967228240364e-07 -1.06416419579514e-06 -1.62449599513017e-06 4.02579612356876e-05 1.96146159988204e-06 -2.66184294154329e-06 -9.97642974941714e-06 1.47648229628270e-04 1.21918937063035e-04 7.20118964961665e-05 -4.76065785986221e-03 1.69283500202224e-06 1.55708152538956e-06 -1.15247877707362e-03 -1.89741159452576e-06 -5.59227495162152e-05 -1.03798063294498e-06 2.40714471075760e-05 5.60845503212429e-07 -1.12017391496846e-06 -1.69745964645832e-04 -1.59719818343230e-06 5.65499334629350e-05 -5.12292847825164e-06 -7.33677483971135e-07 -2.55589871884077e-05 6.82784283019871e-08 -4.24518906730690e-05 -1.06470455783277e-07 -2.66861812325082e-05 -2.39113289591282e-06 1.91064368191950e-05 -1.11163388798404e-06 -2.72040321069270e-04 3.74693879635597e-05 -2.44311796459065e-06 -3.50136401354533e-06 -3.39699563689611e-04 2.02522889507009e-05 1.51698523043825e-04 2.10477943007635e-02 1.05402038754488e-05 2.25169345545869e-05 3.05948566757603e-04 8.73317016326246e-07 2.25422726755071e-04 -3.06678224336697e-06 1.17806101555922e-04 -1.21620934979765e-06 8.76394485836600e-06 6.74629062676811e-04 -7.93681336257389e-06 4.17132257647866e-04 -5.66481176013464e-06 1.62272531797442e-07 1.23762628393254e-04 -1.90448034074985e-06 -7.67826298405729e-05 -7.45150224330916e-07 -8.25667543391400e-05 -1.50050324097713e-06 7.16396902675966e-07 8.48065220912671e-08 2.07664389329854e-06 -1.11698328313441e-05 5.88954168155630e-06 1.45669112448732e-05 -1.78734103496648e-04 4.41090569437805e-06 -3.53913206794073e-05 3.62304080750028e-05 4.48921832351290e-06 1.70884642829528e-05 1.76603619069805e-04 2.27639869961000e-06 4.97008630761277e-05 1.80910913363715e-06 1.60043041245029e-05 -1.31431167166738e-06 -4.68955688015620e-06 -2.37039138771796e-04 2.17962067267665e-06 -1.23668612869878e-05 -9.16011503110351e-06 3.65595397732360e-06 1.47561978056937e-04 -1.06153655774043e-06 9.18214532761923e-06 -1.09993765917187e-06 1.03433885595803e-05 5.27513554988857e-06
 6.00749312622371e-04 -2.66525250319682e-04 -1.48365773629269e-02 3.65314541527904e-03 -1.16305829980035e-03 -1.16639992846823e-03 -5.10112178395136e-06 2.27971855555759e-02 9.61086414981690e-03 -5.65740759747002e-05 -5.58358168650875e-03 -4.54220407932354e-03 1.55595250455732e-05 -6.91984268641650e-04 7.26814423945408e-06 9.57150824475963e-05 -2.62186790485480e-07 -4.36481685320761e-05 -1.19537941616775e-03 5.26846599267168e-06 -1.29115518861537e-04 6.53771022247214e-06 -6.48798613484713e-04 2.17257878717025e-04 -2.99577471276840e-06 -3.18637111425443e-05 3.01806207722879e-06 -1.24638567192458e-04 -9.39449552054386e-07 -1.54943081727010e-04 -1.24197416680960e-04 -5.77509668319810e-05 2.49739342107495e-03 -1.21974451961287e-03 9.58835247750794e-05 3.89017526672061e-05 -5.00659732832574e-06 -6.82570560052915e-03 -3.81274822600626e-03 -5.92987364441826e-05 1.08793107169041e-03 6.71505284891946e-04 1.08342616565103e-05 2.99429625733169e-05 -8.23428791176623e-07 -8.35224730938469e-05 -3.21650787086961e-07 1.40580141752705e-04 8.98151837335731e-06 2.92166129686463e-06 -1.53615994007456e-04 2.98917505503988e-06 7.34162990126857e-05 -5.44608304701139e-06 6.55012312610817e-07 3.17821038555343e-06 8.60420367283752e-07 6.27501799174492e-05 -2.78267971277719e-07 -7.06033666106531e-05 -1.14783270698318e-04 7.54046431006744e-05 3.88863147751462e-03 2.76144539375979e-03 3.81678283996331e-04 -1.72504665271140e-04 -9.90739178172537e-07 -3.18341262451861e-03 -7.02796621196198e-04 1.09741351409840e-04 -2.27545238062928e-04 -1.75821073425662e-03 1.28529540058163e-05 2.09625755350871e-05 1.71398188141678e-08 5.23691921629373e-05 1.50985656573602e-07 1.33649656541205e-04 -2.58175381320049e-04 -4.30618387869018e-06 1.08205356768717e-04 2.20522567008982e-06 3.38089383398191e-04 -9.68291050900243e-05 1.53716742437871e-06 -2.24905472856716e-05 -2.68982768550487e-08 -4.30360155399758e-05 -2.35454900256479e-06 -5.58974523005761e-05 1.80531396646255e-03 2.14551418699247e-04 5.20578416206170e-03 3.05179919568176e-03 -2.36682932684172e-04 1.03411376654760e-03 5.59158761703868e-06 2.03276193484539e-02 -3.67317233595889e-02 -1.50055668673826e-04 1.45945472651252e-03 7.56581179046860e-04 -5.18278029857411e-06 -1.67685368149519e-04 -2.62848554725729e-06 2.27279145787034e-04 3.47943935242961e-07 5.24286586837823e-04 -1.28242792630928e-04 -5.57408164135694e-06 4.53597533230689e-04 -5.66481176013464e-06 1.37001442836207e-03 3.27575483954798e-04 5.54023366931593e-07 1.38488583313667e-04 -4.14050331256049e-07 3.18398248687613e-05 -1.72814329201192e-06 2.17593078250699e-04 -4.57140811567224e-04 -1.03503568095494e-04 -1.44907123770912e-03 1.81405332886147e-03 -2.11402720698709e-03 -1.58229539542147e-05 4.79741272607851e-06 3.10611691835522e-03 -6.28422745846177e-04 -2.51008074192237e-05 -1.45172654354685e-03 -4.64355775755948e-04 8.96847134088339e-06 1.20220459948403e-04 -1.71884681660060e-06 1.50348282013701e-04 2.59955985556585e-06 -2.83878319798359e-04 9.06289041181854e-04 -8.13140659887619e-07 -3.31507350899996e-04 9.64300141112091e-06 2.33376534480726e-04 -4.31417883442400e-04 3.87479843446831e-06 1.57812330947609e-04 2.24266903448199e-06 1.08449999528019e-04 -7.56538611367852e-06 5.70452115098632e-05
 1.63897968729512e-04 -2.10986772023685e-05 -3.07515876678331e-04 5.97705997442588e-05 -2.13510273941067e-04 9.57783552006923e-06 -3.01427624648260e-06 5.86683329277194e-03 -9.59344177685669e-04 -6.87280220356203e-06 -1.07690775173439e-03 7.58575117353012e-05 2.18828208439376e-06 -1.23989295188283e-04 -2.40511060124655e-08 2.92567343057484e-06 -1.34908284111290e-06 -9.93071689076841e-05 -3.09187811148054e-04 -3.54376663632125e-06 -1.39172942243193e-06 -1.96707318383141e-06 -2.60647857579865e-04 8.54103744273602e-05 7.81799741613855e-08 7.25518210075177e-06 5.20237077788123e-07 -4.10291864488508e-05 -5.58386264578557e-07 -2.19830262882068e-05 -9.61681678451739e-05 -3.46423106896145e-05 -2.97774291251025e-04 -8.20618744611349e-04 7.41789245125290e-05 -1.59154484656463e-05 -5.93637851948076e-07 -1.91541876390938e-03 1.20862196881311e-04 -7.16291861675462e-05 5.48238579705106e-04 2.10258101508856e-04 2.34693386805309e-06 1.20130945155557e-05 -6.10044330617243e-07 -3.52426320453746e-05 1.45237037964152e-07 5.70574171416821e-05 5.97402632614181e-05 1.37746100461258e-06 -4.55182183197118e-05 5.09165612262440e-07 9.57132614934636e-06 -4.57416996033812e-06 3.27488637946755e-07 3.01978435884913e-06 1.72990522149327e-07 1.73180776386958e-05 -3.52832112105259e-07 -1.45989041300371e-05 1.19900240578898e-04 1.88063186530838e-05 5.43935848651047e-04 7.02878011012963e-04 7.73778101436281e-05 -8.57592589137145e-05 3.78428252357551e-07 -3.83913185577810e-04 7.69327676829411e-04 -1.39715587535343e-05 -2.48213689306504e-05 -4.43246068855580e-04 9.79524545433091e-07 1.24161490794714e-05 1.29996863098483e-07 2.12153475682874e-05 -1.63579496224378e-07 4.44182744644003e-05 -6.51205810991664e-05 -4.28630928756206e-07 3.85147712284194e-05 -1.00803827609434e-07 9.96430163601284e-05 -2.91429037618438e-05 6.15664214896436e-07 -1.17600004672258e-05 -1.11744713354182e-07 -7.69974804759075e-06 -5.61755529128114e-07 -3.35229401006211e-06 9.28742195290482e-05 7.42102184337663e-06 -4.47490634385967e-04 3.87983638370124e-04 -1.87179809656462e-04 1.85080911921170e-04 -1.76185095222351e-06 1.02633367777907e-02 -6.95746148453838e-03 4.54279140456565e-05 4.21201702824357e-04 1.43976101755935e-06 4.85710475625621e-06 3.97861779205472e-05 2.71316604763126e-08 1.68012340704348e-05 4.73476679043342e-08 1.12722752691717e-04 1.84062971161118e-04 6.64684888828571e-07 2.16771856512055e-05 1.62272531797442e-07 3.27575483954798e-04 1.06397045133078e-04 3.32673474231917e-07 1.31409572723389e-05 -3.97524517031222e-07 -6.36869176806081e-06 -4.95323722339451e-07 1.43556394086271e-06 2.27615655606458e-04 -1.11437181299175e-04 -1.19577339817248e-04 2.51909878294441e-04 -5.31601406464203e-04 -2.42641296289597e-04 7.43922890653633e-06 7.86251846276008e-04 4.88562445377167e-04 -2.48485109415534e-05 -2.57013757696573e-04 -3.41692132596521e-04 1.01022232505676e-05 -3.45213977325370e-05 6.10810502977711e-07 2.98872835133382e-05 3.25980672118646e-06 -6.92026940656061e-05 1.61542029287509e-04 -6.49513711472277e-07 -3.81709569636244e-05 4.08388809358149e-06 -2.26662811393830e-05 -7.14003604232657e-05 1.24003412561923e-06 3.13749955354402e-05 1.28953375555876e-06 5.36392162922750e-06 -3.64488198712985e-06 4.23942311011168e-05
 3.49226266787880e-06 3.41469505542942e-06 -8.72527219696747e-05 9.63621964320733e-06 -1.26305106270447e-06 -4.00004512399780e-06 -1.24586026918605e-04 -2.18439462030259e-05 5.23840914472214e-05 4.90763412707770e-03 3.59461934788523e-06 -1.07056780518437e-05 -5.48756275935618e-04 -8.86830539207041e-07 -1.03419739133220e-04 9.09257538458621e-07 -5.00083169156178e-05 -1.32607623991643e-06 3.04685899398076e-06 -2.83685163078685e-04 6.99368916570377e-07 -1.38404114882269e-04 -6.01726104809461e-06 -4.96412927327436e-08 3.99532215788851e-05 -3.68260889492599e-07 -4.31952718875688e-05 -1.35393950217661e-06 -3.19792449471007e-05 -1.81758447147542e-06 1.12226081223931e-08 3.61628838453743e-07 -1.30192391421829e-05 9.93166051723530e-06 -8.09893344023102e-07 3.71341363291405e-07 2.57624204877395e-05 5.75860401262744e-05 3.69240491941063e-05 -2.75168602475331e-04 -1.26916287594652e-05 -2.72081385838306e-06 -1.41287269803698e-04 -3.63409735868706e-07 -2.50562179053074e-06 -3.51931942417949e-07 -1.39003785431911e-05 -1.41600727510325e-06 4.66142585295866e-07 -1.74512469389321e-05 1.93339497178202e-06 -1.12403811365309e-04 7.94150948249711e-07 3.88060545078336e-07 3.61898395640320e-06 2.23100954976490e-07 -9.66103863057937e-06 -1.08237072994077e-07 1.04694672591368e-05 6.40260651161602e-07 1.16224884422153e-06 -4.99323160724424e-07 1.81838682576828e-05 1.67830974630032e-08 -1.37531227708116e-06 -2.28899085808310e-06 3.01962357996476e-05 3.24876963333563e-05 -7.83744814320186e-06 -7.15964759045655e-04 6.89741780208482e-07 1.02794592322226e-08 -3.15209294376080e-04 -7.42214107656564e-07 -2.24763279397573e-05 -4.34485356629822e-07 9.83228392479377e-06 6.36490421553953e-08 -4.31551798987353e-07 -6.85924095564928e-05 -4.10361943164944e-07 2.14156292242473e-05 -1.64274303632030e-06 -7.08503453708980e-08 -1.04508778923011e-05 1.20611788184028e-07 -1.40742076713399e-05 -6.24194114985004e-08 -1.07849396812228e-05 -1.03261873551011e-06 1.07973371284121e-05 7.33625499102954e-07 -2.91129903289506e-05 1.80609739704430e-05 -1.52140364731854e-06 1.77853959975290e-06 -1.08200394952230e-04 2.59075859947605e-05 -5.42703532448594e-05 6.61264723264573e-03 1.03086101676777e-05 6.49703767446350e-06 9.91022251876748e-05 -8.98329373334987e-07 7.05638115386486e-05 -1.10366094971341e-07 3.64597701895875e-05 6.56518546802524e-07 -5.67766020426481e-08 2.11921497883096e-04 -4.88454712841183e-07 1.23762628393254e-04 5.54023366931593e-07 3.32673474231917e-07 3.83093854358024e-05 -2.31596132497002e-07 -2.38006835719204e-05 2.77247277301020e-08 -2.65946977494190e-05 2.48700146013362e-07 -8.12331484780134e-07 -3.69732576629115e-07 1.86031907675588e-05 -1.21186453225606e-05 1.74475073055941e-05 -5.79744035938982e-06 8.81742941544439e-05 -3.54142178023846e-05 1.32019443085791e-05 -4.39880712445834e-04 1.52071939256685e-05 -5.70799954865057e-06 2.39606929957982e-04 -2.23452273552205e-06 1.50465665444280e-05 -1.95737431152522e-06 4.72708703881420e-05 3.12449500674744e-06 2.21963287206402e-07 -6.60108451455101e-05 6.05212088740387e-07 4.03137503130925e-05 -1.38275787675768e-06 7.73512010616294e-07 4.29017137087112e-05 -8.17703649999248e-07 1.35179120444292e-05 1.10905882752363e-06 -1.60842187751145e-05 7.78173306954992e-07
 2.34650785779873e-04 -4.18104273082022e-05 -2.81722564563874e-03 9.37997561573646e-04 -2.03374092880267e-04 -4.58630078548322e-04 2.69085771388808e-06 3.07058463482364e-03 4.79803838542303e-03 -1.14845707687087e-04 -8.60332317364338e-04 -1.68725087911243e-03 1.61443864438577e-05 -1.32844941240733e-04 1.96283901738392e-07 2.50539334145223e-05 2.91998130819480e-07 1.00401178594123e-04 -1.55419483032419e-04 3.77419730721579e-07 -1.80727834466361e-05 1.40618797019957e-06 1.21224059799768e-04 -1.01288125738369e-05 -3.51775895719099e-07 -2.50978064475528e-05 1.47637968681582e-06 -1.34933626239208e-05 -3.23761298222965e-07 -2.52550803259847e-05 5.90925930543501e-07 3.43269857817871e-06 9.50935381563247e-04 1.62515958159015e-04 -1.56869339606858e-05 3.31046067734150e-05 1.44620103642232e-06 -1.78396476396482e-03 -1.10923063998350e-03 -6.98217137893912e-05 1.92688247443148e-04 3.04242062948293e-06 -1.55819407266133e-06 -4.44574886572102e-06 3.24912079632409e-07 -8.82620254986965e-06 6.19084920889726e-07 1.97893403481385e-05 -6.24281985581277e-05 -7.46975039788634e-07 -2.02995710938457e-05 3.57705526910909e-06 3.93550400958071e-05 6.59805476491545e-06 6.17822478179654e-08 -3.09751840366733e-06 6.06372681698242e-07 1.39232739354037e-05 -8.18670012689564e-07 -2.45148198047328e-05 1.14557820711880e-05 -3.55605493853833e-06 8.33514780976377e-04 9.25788921730272e-05 5.49036103273126e-05 3.88400513240861e-05 4.18569031069604e-07 -2.15769651317465e-04 -1.34896397619575e-03 -5.34881939319985e-05 -1.38210479303895e-04 -9.45917706609387e-05 2.99813636166419e-06 -2.23455415277700e-05 1.04894411074307e-06 -1.08281119150025e-05 -4.36187585429835e-07 -2.00042595241674e-06 -7.09372139016203e-05 2.98574855201937e-06 -2.20058179638033e-05 -2.04968758613752e-06 1.91043776486937e-05 -1.09913767863681e-05 5.92768007593499e-07 6.81598410122766e-06 5.96894896344411e-07 -1.13023990427086e-05 -1.79753870524272e-08 -2.46022512413201e-05 9.27219175075148e-04 4.87543040448274e-05 -1.29361015613173e-03 6.42163230514276e-04 8.51710649619215e-05 1.34162623802648e-04 1.22455890683976e-06 -2.52757490620704e-03 -5.01367158523866e-03 -4.05766163221580e-05 1.09425995646629e-04 3.68426896026050e-04 3.49852824221260e-06 -9.17672167153010e-05 -1.30207165633150e-06 6.03203058238075e-05 -2.60183888116471e-07 7.09768585247861e-05 -1.82644553083692e-04 -2.51148046778488e-06 1.23712316708317e-04 -1.90448034074985e-06 1.38488583313667e-04 1.31409572723389e-05 -2.31596132497002e-07 3.67135874187097e-05 3.85673673326596e-07 1.67640875317849e-05 -2.17156632680466e-07 7.21945179444483e-05 9.11063358168889e-05 7.75408600896522e-05 -8.23578577840019e-04 5.78243638932108e-04 -5.84685310202995e-04 1.79437658648725e-04 5.76359050642044e-06 1.24164536839855e-03 -5.59861079087022e-04 -1.45635510965616e-05 -5.83674604429543e-04 1.43627393890057e-04 4.24680483193429e-06 5.96768306469644e-05 -6.10059930538953e-07 6.04557397645952e-05 5.08307288655145e-07 -1.12974192283073e-04 1.29510151386581e-04 -9.17314110504545e-07 -2.32952471603885e-05 1.97434756603578e-06 3.42584991565356e-05 -6.57284325142324e-05 8.15651920737610e-07 1.95256748034682e-05 5.70028666013470e-07 -1.10841098311064e-05 -4.33569534459322e-07 2.03175574297722e-05
 -6.31351404590798e-06 -3.22244773477903e-06 1.92994786795762e-05 3.73810654597662e-06 1.32363233179381e-06 7.05227902247687e-07 1.00648480819608e-04 -7.29347913964580e-06 -6.02341911513339e-06 -4.04383252488880e-03 -1.52702111901002e-07 -7.28235154184874e-07 4.62098492145147e-04 3.65454459202357e-07 3.37352903786502e-05 -5.73122209594939e-07 3.16476819038577e-05 1.38920887925159e-06 -1.87203765915694e-06 9.22812094443525e-05 -7.02171840429233e-07 8.46040519614153e-05 4.74729955430214e-06 3.00888440010779e-07 -1.31295726380045e-05 5.75584131762352e-08 3.68426488784492e-05 1.35000380020080e-06 2.13276945144627e-05 9.60686700117256e-07 6.47349225902450e-07 -9.82833285307197e-08 1.84547649036071e-05 -4.11411961249941e-06 -3.06552044339784e-07 2.47127547085436e-07 -7.78823245907746e-06 -1.96961815312547e-05 -7.27158181404276e-09 -3.76980469943796e-04 4.57323020362561e-06 1.53515727863413e-06 8.78104573233041e-05 1.13991447863461e-07 5.91978782612022e-07 7.06620917379158e-07 1.44838616881450e-05 5.71039176326813e-07 -9.67107889159340e-07 6.55004069753852e-06 -1.38476649315169e-06 9.57524263192115e-05 -1.16461104311602e-06 -3.12767086242708e-08 -1.43596534551915e-06 -3.84757699743977e-07 9.58790809799669e-06 3.83274005213144e-09 -1.20771183966686e-05 -2.49261717163316e-07 -1.00630754080899e-06 4.60636682600928e-07 -1.34041311214496e-05 -3.26420912600109e-06 1.42635847432427e-06 2.52429273551228e-06 5.94604659834225e-06 -4.77693109164489e-05 -1.98403627850297e-05 -1.06300495279198e-03 -2.84295024927856e-06 3.65251166829190e-07 1.64166850622866e-04 5.32526904647890e-07 2.92859706043000e-05 1.16664037156922e-07 -1.41573338276199e-05 -4.03826257691065e-07 1.01911084297555e-06 8.88263820131684e-05 1.11072161199955e-07 -4.35002764623009e-05 3.55194501470988e-07 3.00130741209309e-07 1.52759105354849e-05 1.63355826079856e-08 1.38212009731767e-05 -1.07533636956702e-07 1.24100950336801e-05 7.35669830450827e-07 -2.14390814070334e-05 -7.38063853696781e-08 5.39812811068039e-05 -7.32212907879830e-06 1.87243402412381e-06 3.26563456664982e-08 5.12447223034053e-05 -5.10222194612398e-05 8.78623654846904e-06 -3.44496534259531e-03 -5.77824842624268e-06 -3.79331457416765e-06 3.01986795036700e-05 -1.07252190539999e-07 -4.50074746403769e-05 3.77595336366124e-07 -2.28988619726318e-05 -3.13711307814953e-07 -1.91137639328902e-06 -1.34627301543240e-04 9.11027622953378e-07 -7.67826298405729e-05 -4.14050331256049e-07 -3.97524517031222e-07 -2.38006835719204e-05 3.85673673326596e-07 1.70544603241075e-05 1.87250297216268e-07 1.71803671076217e-05 3.07777234326221e-07 6.14342751156961e-07 -2.01440481497263e-06 -4.60484195533706e-06 4.49124581591440e-06 -8.04692581122775e-06 2.91014562065008e-07 -1.41149844289857e-05 1.37961665229606e-05 -3.87134644938916e-07 1.82121519609871e-04 -6.80011522138138e-06 -4.00070382584856e-07 -1.24385245406222e-04 8.03649011789843e-08 -5.25025024168040e-06 4.81501305265380e-07 -2.23885723687344e-05 -9.50125200784244e-07 5.24775318197071e-07 2.12542484345984e-05 -7.11668183890270e-07 -1.56411500894116e-05 2.38101168967948e-06 -3.79755116182873e-07 -1.37630078699894e-05 3.04778345269641e-07 -6.98528065903794e-06 -4.22095110177437e-08 5.52715505216791e-06 -1.43930123149461e-06
 1.07638190189730e-04 -1.46090373608893e-05 -1.50296472782236e-03 3.68573480975072e-04 -2.45874595378050e-05 -2.92187007234446e-04 1.78264854048441e-06 -2.06269315364351e-04 3.18176561928867e-03 -4.94368512293513e-05 -8.18655778496541e-05 -1.08952868921033e-03 6.51028491207485e-06 -7.57142743409918e-05 -4.89123911091812e-07 1.32756579679523e-05 7.08403050002152e-07 3.60047553643868e-05 -6.50346439716611e-05 -1.35779978256595e-06 2.13319806951789e-06 1.78395579036631e-06 5.30934590555803e-05 -5.51644346908247e-07 9.53200828350292e-08 -1.72582647483089e-05 6.75489765455237e-07 3.98655010219977e-06 2.11075679462276e-07 -1.18494201669748e-05 4.11107250871930e-05 8.74330915810976e-06 3.23206600312640e-04 2.02042429502681e-04 -1.97486029779892e-05 1.05000812439213e-05 -1.23720434839929e-08 2.37348274978761e-04 8.53201860784907e-05 -1.30412834601360e-06 -1.29664950842167e-04 2.50389320059860e-05 2.67469569259780e-07 -7.10793957449822e-06 3.04389304432556e-07 7.34342880384692e-06 1.60152002565202e-07 -1.11266756553320e-05 -4.48420824705519e-05 -5.42231268205285e-07 4.33827765623311e-06 1.40623235734436e-06 1.05093182308667e-08 9.74759862736871e-06 3.92560996226873e-08 -2.47294989936429e-06 2.38301188773571e-07 -1.37871203637329e-06 -7.58946640467702e-08 7.14180001586653e-08 -4.00713863874625e-05 -1.08679758508570e-05 5.89325889619187e-04 -1.33788785118134e-04 1.70780837598144e-05 5.31814446601316e-05 7.19275101059506e-07 -3.83151664595158e-04 -1.91389637186364e-03 -4.81910980586836e-05 -1.01191739223642e-04 4.31006630776082e-05 -1.85854208344129e-07 -2.18711745805420e-05 7.36912413832520e-07 -1.68667247165211e-05 -2.51823002465397e-07 -2.23516835186127e-05 -3.95944167128942e-05 1.95827093950438e-06 -3.24916658091810e-05 -9.42580726508330e-07 -4.12201009243845e-05 7.20692807106094e-06 1.27310767398700e-07 1.07326356008356e-05 3.87531930224275e-07 -6.76173266888817e-06 2.02257465304915e-07 -2.20577109130191e-05 3.97492399289957e-04 2.46770791639934e-05 -6.19213714723408e-04 2.68950180157093e-04 3.93860485795259e-05 5.98948852959714e-05 4.53184015274353e-07 -1.82662840535916e-03 -2.17941910793905e-03 -8.55437496672771e-06 8.94978236909836e-05 1.41320775675284e-04 1.65448050437393e-06 -5.29118569372770e-05 -4.94941825684308e-07 2.99817134828826e-05 -3.14500879641282e-08 2.34483163372681e-05 -1.22460330630241e-04 -1.02660755395372e-06 6.15987866274601e-05 -7.45150224330916e-07 3.18398248687613e-05 -6.36869176806081e-06 2.77247277301020e-08 1.67640875317849e-05 1.87250297216268e-07 1.15372813660257e-05 -1.01735137816826e-07 3.82879003253590e-05 -1.13094989186007e-04 2.83950988122016e-05 -2.81090062204449e-05 2.40899186455880e-05 5.12477988050395e-05 2.64546755978716e-05 -2.96204921583854e-07 -1.03627789829403e-04 -1.07661146067898e-04 3.33322195521388e-06 9.19432177158962e-06 -5.53704415064960e-06 -2.40399900413706e-06 9.60839261860089e-06 -6.68166441095839e-08 -2.44697452013502e-06 -5.83812350545471e-07 9.61965423434310e-06 6.52453325377722e-05 -5.27531199829509e-07 -1.29625260516701e-05 -3.30491138201285e-07 2.66633546362289e-05 -3.05208671994897e-05 3.13327141936738e-07 1.06249991328294e-05 -1.56018525634595e-07 8.04982795201658e-06 4.12975454512837e-07 -1.23421513136052e-05
 -7.77692231616286e-06 -2.10954286530186e-06 6.89795774091187e-05 -2.50904623475026e-05 5.36171046568550e-06 5.43512458776773e-06 9.64167657859666e-05 -6.04446704085940e-05 -6.67519385268142e-05 -3.66989960060344e-03 1.57422780427814e-05 1.75347057505734e-05 3.98906310649608e-04 1.52068161857561e-06 5.74655857361077e-05 -1.05501734186691e-06 5.00773217826767e-05 -1.91273376397623e-06 -9.09275106712339e-07 1.57296345067546e-04 5.86741453006615e-07 1.40909322476737e-04 -4.12595249660550e-07 1.39225494670225e-08 -2.22485381606579e-05 5.34181548544728e-07 3.04404895926805e-05 1.43093854178075e-06 3.04776398290827e-05 1.17778054080393e-06 6.53237696535611e-07 -4.05633960656169e-07 -6.10528412122932e-08 -9.26132939016708e-06 -2.31869609341741e-07 1.99747576266253e-09 -3.56099869319007e-05 3.02117541498777e-05 -3.95146870537193e-05 9.90482298901344e-04 -2.12140847073857e-06 5.05497002213250e-07 1.40890157332097e-04 3.72402713572583e-07 1.33321437725305e-06 7.14837927591020e-07 6.52621491808773e-06 -1.76309794323657e-08 1.10860244324528e-07 9.91364123468116e-06 -9.69323863791531e-07 7.94701786918880e-05 -1.88094122613769e-06 -5.15048048687075e-07 -2.09983576517100e-06 -1.88423113459480e-07 4.87200616250779e-06 -4.11504204666381e-07 -3.47105021023190e-06 4.36742656601106e-07 -2.65663486985641e-07 2.67662035817964e-07 -1.83273708119181e-05 -2.36811919474213e-07 -3.65065015708502e-07 1.17380227722025e-06 -4.32731953406540e-06 1.11824860679979e-05 -3.35008961724186e-07 -3.99553342483357e-04 3.02868620385621e-06 1.20225238181493e-06 1.83998464455319e-04 3.42779878284988e-07 2.31332403797261e-05 1.18841510422862e-07 -1.05734141698786e-05 -3.42298711563205e-07 1.27101342517691e-07 7.05995969069140e-05 -1.71493981252663e-07 -2.57424426876488e-05 1.60425167825670e-07 2.20749639889981e-07 1.13034146026964e-05 9.40913436241099e-08 1.17773872715845e-05 2.61637965296761e-08 1.06786779388779e-05 5.72542461463840e-07 1.14648995443334e-05 -6.18310767570176e-07 8.97337984772672e-05 -1.49990018374163e-05 1.07416597908262e-07 -1.09983173445920e-06 7.26100461141209e-05 1.13547273830585e-05 6.79423217085321e-05 -4.46781684417310e-03 -6.73412104369619e-06 -9.46935200460679e-06 -4.59620674141397e-05 1.46633588978478e-06 -4.98157568187994e-05 -4.75298078018167e-07 -2.53777023870975e-05 -1.19672730996781e-06 1.19257373457189e-06 -1.49934877811399e-04 -9.07184747234504e-07 -8.25667543391400e-05 -1.72814329201192e-06 -4.95323722339451e-07 -2.65946977494190e-05 -2.17156632680466e-07 1.71803671076217e-05 -1.01735137816826e-07 1.93080838187416e-05 -8.01525154857743e-07 2.31685277978411e-06 -4.17760742883563e-06 2.32357317484311e-05 -1.30881497751876e-05 8.85972720599860e-06 6.41279958408996e-06 -1.40011224617892e-04 -2.74660159303624e-05 -1.36278051234312e-05 5.63291024853886e-04 1.22090863780634e-05 5.39620706182252e-06 -2.75693178463910e-04 2.06290621143588e-06 -9.08017520893639e-06 -5.15434046548922e-07 -5.74247181768711e-05 2.48611716241296e-06 -5.18615798718266e-07 3.57124684450280e-05 -2.35216790888565e-06 -5.30761565651434e-05 2.28224099364169e-06 -3.68506975030426e-07 -2.44593999319501e-05 9.49954919613916e-07 -1.57184737620012e-05 7.94136425094886e-07 2.20059135498033e-05 -2.52709780518287e-06
 4.79015830537658e-04 -8.15948152433812e-05 -5.50869729730105e-03 1.77124621179451e-03 -3.16452503564448e-04 -1.00883637296000e-03 2.31296016838170e-06 3.72827573285321e-03 1.05143073304754e-02 -5.73171968295505e-05 -1.31733081173634e-03 -3.77349744125937e-03 1.21424533334483e-05 -2.93256893811758e-04 1.13150870780591e-07 4.28805127852657e-05 8.30512320923485e-07 2.19931560237512e-04 -3.36335573517454e-04 -4.61586989832297e-07 -5.10086213480781e-05 2.81244915422822e-06 2.87657291325195e-04 -2.67451179859188e-05 -3.30720487514286e-07 -5.27897000079503e-05 1.12928039809618e-06 -9.17301983239061e-06 -9.11071722673924e-07 -3.71598133941945e-05 -8.66044593018224e-05 2.04789802060198e-05 1.97779536037409e-03 6.45713002847117e-04 -5.86268746669900e-05 7.75952644651504e-05 2.03702319248324e-06 -2.58524756023641e-03 -3.02155896190981e-03 -3.44770956003008e-05 1.01143644761316e-04 1.71399180441144e-06 -4.48839519482181e-06 -6.82960289230332e-06 6.78874036972695e-07 -2.95410399839863e-06 2.86761542613051e-07 1.43972654366564e-05 -1.36732740592122e-04 -1.66151357938370e-06 -2.18787172358169e-05 2.39898621632807e-06 6.90769261951669e-05 1.03191605532489e-05 2.61295487491691e-09 -5.87901291061096e-06 5.38674610223996e-07 1.89873071574480e-05 -5.49976197099311e-07 -3.93303109726348e-05 -1.25724915604374e-04 -1.63483309946015e-05 1.86737727947650e-03 -4.89265319097383e-05 1.12806776219782e-04 1.48919337975086e-04 4.74384619429154e-07 -1.65226619937718e-03 -4.82030481622314e-03 -4.10788686961723e-05 -3.38661221531176e-04 -7.85999559848864e-05 -2.99604322570079e-07 -5.35686217634227e-05 9.21791261158116e-07 -3.70221707087333e-05 -9.68834249641876e-08 -4.08101800122586e-05 -1.27159584610408e-04 2.15451721971818e-06 -7.06359380205292e-05 -1.36246244338288e-06 -5.36322231898544e-05 2.65991944402019e-06 3.40783501622662e-09 2.35839136223972e-05 7.17292451909341e-07 -2.26038428630666e-05 -2.92458980595041e-07 -6.06153885885098e-05 1.14920750107554e-03 1.01136426967829e-04 -1.27358215381367e-03 1.10279337807634e-03 1.95853797653238e-04 2.53118926107057e-04 1.94967726677653e-06 -7.14285882644560e-03 -9.56887822914838e-03 -6.41782994428394e-06 1.44701072930216e-04 6.12602420734466e-04 3.58843962255856e-07 -1.98121120062527e-04 -1.01155775480748e-06 1.19409687486559e-04 3.41764601361728e-07 1.19801506532804e-04 -4.43590985434394e-04 -1.37412731869871e-06 2.52254864414836e-04 -1.50050324097713e-06 2.17593078250699e-04 1.43556394086271e-06 2.48700146013362e-07 7.21945179444483e-05 3.07777234326221e-07 3.82879003253590e-05 -8.01525154857743e-07 1.53955356419443e-04 -3.96989750189361e-04 2.06226813338023e-04 -1.49952306688150e-03 1.02307531197315e-03 -8.67760841816848e-04 4.80523588191444e-04 2.23925411472048e-06 1.92492584790195e-03 -1.45746637639718e-03 -7.62377281219418e-06 -9.71106993182458e-04 3.92591324474080e-04 1.64290859110944e-06 1.56544132283907e-04 -1.66072446048683e-06 9.80695380019329e-05 -1.33591265129635e-06 -1.76341292165428e-04 3.05841373178730e-04 -2.48265462148561e-06 -4.67804161167907e-05 2.10341920573190e-06 8.96396286201342e-05 -1.57415088714674e-04 2.20044185711031e-06 4.57002464384617e-05 4.22542221322164e-07 -1.25671764397534e-05 7.09991398271192e-07 1.72027860466115e-05
 -1.02700259788148e-03 -1.80984467872799e-03 1.10825728054449e-02 1.19855192737351e-01 1.51889712326043e-02 -1.20562709815873e-04 -5.56216328785322e-06 -1.58214592076877e-03 4.61560615190450e-04 -5.41856171250733e-04 8.36341845518871e-02 1.70260450506997e-04 -2.00540099916330e-05 -1.16318712997339e-05 -1.14209965825363e-05 1.74998526001328e-03 2.18781120846584e-05 -1.69015432614897e-03 5.38215137207474e-07 -2.23077549231450e-05 -1.06558988912305e-02 -1.02894543241999e-05 6.45242337257518e-03 -7.95603596399357e-06 -5.15334343730890e-07 2.23177718265003e-06 5.48879973624119e-06 -2.59819177968089e-04 5.23498334948749e-06 6.85412509799303e-04 6.77675044222317e-03 -4.74222658114693e-03 -1.24576926889885e-02 -9.78842135687707e-02 -3.51551596766049e-03 1.38314962920214e-04 -2.39287759993116e-05 1.16594864271695e-03 1.36582495277092e-04 4.18548631366374e-04 1.09243059784200e-01 -4.39409821219614e-04 2.45390334498153e-04 7.80493848699494e-06 2.77937289347167e-06 -4.21163127085579e-04 1.09150796079965e-05 2.92658484392316e-04 -5.80014651035376e-05 -4.56817395809631e-06 2.78525817557975e-03 -1.37529102212218e-05 -3.71805813249925e-03 1.34212138186817e-05 3.60939826885861e-06 1.47116414728795e-06 -7.55692437970775e-05 3.12174292817913e-04 -3.59109588075659e-05 -9.54970647229071e-05 -9.76338595957383e-04 7.71541379943634e-04 -6.28664674503825e-03 -1.52805477632835e-03 6.58852215833588e-05 2.04753078372740e-03 8.89761387488593e-06 1.98841755118091e-02 5.32667880558267e-04 -8.77664559574493e-04 -1.22092354483056e-02 -2.66072559268401e-03 1.69185590130237e-06 -4.04837537055067e-04 7.73662081615989e-06 9.99744121957503e-05 -5.27798032672905e-06 2.34904357257795e-04 6.39965555113621e-05 3.30707029056568e-05 -5.23132029824345e-04 -1.45176349807205e-05 -4.85615872875387e-04 -2.17342414852034e-04 5.33852534628922e-06 -8.40301022699329e-05 3.15020366334578e-06 -1.16647761010000e-04 3.49902516131788e-06 -4.13425034712553e-04 -1.00657481593691e-03 7.94161543353742e-04 -6.49005225341630e-03 -9.90192791228902e-04 5.25568976743065e-05 -2.05228000275057e-03 -9.86287617237103e-06 1.98639872618635e-02 -1.20178154319469e-03 -4.16589258637615e-05 -1.20698985525293e-02 2.67838290230410e-03 5.92619171426539e-05 3.98654501092185e-04 -4.85472105204851e-06 1.04277427648946e-04 -2.46319683091693e-06 2.43385579047685e-04 -1.06889736279431e-04 -6.62422881851174e-06 -4.78150579780119e-04 7.16396902675966e-07 -4.57140811567224e-04 2.27615655606458e-04 -8.12331484780134e-07 9.11063358168889e-05 6.14342751156961e-07 -1.13094989186007e-04 2.31685277978411e-06 -3.96989750189361e-04 2.03814506920418e+00 -9.66752004561287e-02 1.05022318070956e-01 -5.41633969905302e-02 -1.43551106598560e-01 -3.34828300386632e-04 -8.76616743319958e-07 2.45442819007776e-01 5.87247569843262e-04 -3.50982028464921e-05 -8.76143720056086e-02 -1.98143355456118e-04 2.22284636118776e-05 -9.38372310575456e-05 1.35844745344524e-05 1.33893857108757e-02 7.72497152048512e-05 -1.99920342019003e-02 -1.06317252848753e-04 -7.45241165031891e-06 -5.48766103474084e-03 -4.36718081937360e-05 5.17447667947049e-03 2.08857481896370e-04 3.80941868026439e-05 -2.11194782353405e-04 9.81987218873301e-05 1.69785371163125e-03 -1.22130306740371e-04 -1.44953051138405e-03
 1.69441408392000e-03 7.58472192354925e-05 6.55978526469467e-05 5.91602683099887e-03 -1.06746624871063e-03 -2.95299359399073e-05 -3.64016897101617e-05 2.08756094921914e-02 -3.40270120791468e-04 1.43085298212349e-03 -5.90607212999893e-03 -6.85457936132015e-05 -7.96700932345277e-05 -5.21836488128455e-06 3.53980192799430e-05 1.23515995589734e-04 -1.12590795744671e-05 1.57929731604871e-03 2.85189858631733e-05 8.92557246912993e-05 2.10787877685967e-04 -1.78552273619817e-05 1.94999384264138e-03 -3.25084735958254e-06 -9.36508485901591e-06 1.62750120058978e-05 -1.84071491922706e-05 -4.58940276783425e-05 -1.25229520943366e-05 1.03429798767253e-05 1.26075077815237e-03 3.06017704345349e-04 -6.40147374299087e-02 7.17696932429553e-03 6.40651421083582e-04 -1.63071902477469e-05 6.01195101233178e-05 -5.11807778886178e-02 -8.85057602162421e-04 -4.82290409712094e-05 2.81485251365537e-03 1.86086458939450e-05 -1.47752425519301e-04 9.72879122198777e-06 1.61659975780545e-06 -1.71931044797929e-04 -6.14284906583042e-06 3.62647437066143e-04 1.24339000327262e-05 1.02307984750487e-05 7.52597629664728e-05 -2.34086553119592e-05 -2.29147719916172e-05 -9.99027839468479e-06 5.81118758693359e-08 1.49129782584802e-06 5.80222686872985e-06 2.14463475564285e-04 -8.65863196453239e-07 -4.83019347829006e-04 -1.14992480323020e-03 9.30218156795914e-05 -1.24115066698103e-03 8.71220692966169e-04 9.63898356436252e-04 1.53550982645840e-04 -2.77635143964697e-05 -3.47719468034227e-02 7.36841520026925e-04 2.00610271172773e-03 -2.02579632363842e-03 -1.20611696523494e-03 5.48729906769681e-06 2.86561915130218e-04 -2.13711872010482e-05 1.32139339458145e-04 1.28760837981874e-05 1.68068453162806e-06 7.06267745771964e-04 -6.07529824622139e-05 1.67957452835875e-04 3.37473551119193e-05 -1.22433279363197e-04 1.08528320600731e-04 -1.40405339706418e-05 -7.74769876478301e-05 -8.04633403169211e-06 2.77226210114143e-05 -1.08905238985768e-05 2.03569365508094e-04 -1.16580942464678e-03 1.00286902591392e-04 -5.57371357702464e-04 5.41611050139174e-04 9.26931577513139e-04 -2.20496530025689e-04 1.49625579143561e-05 -3.49300656850393e-02 -5.00797657924222e-04 -3.87963933536346e-04 -2.12512473949797e-03 1.07790305246640e-03 -1.31167170274635e-04 -2.80338158703157e-04 6.27897167419225e-06 1.26374405655105e-04 3.73326486497339e-06 -2.96670338991429e-06 -7.21804820219432e-04 7.84138163640914e-06 1.84447852775084e-04 8.48065220912671e-08 -1.03503568095494e-04 -1.11437181299175e-04 -3.69732576629115e-07 7.75408600896522e-05 -2.01440481497263e-06 2.83950988122016e-05 -4.17760742883563e-06 2.06226813338023e-04 -9.66752004561287e-02 9.97321827173056e-03 -4.35510502221541e-02 2.54337538529359e-02 -1.80379715832601e-02 1.42408471335308e-04 7.18291643904290e-05 4.53050495720861e-02 -2.52042578812044e-04 -1.74120786478934e-04 -1.99012531569564e-02 9.39172776413847e-05 8.17389990672140e-05 4.41265452510932e-05 -1.52823802858140e-06 2.02457957377071e-03 2.41310434609008e-06 -4.29806111323360e-03 -1.75829222580698e-05 1.41553401595873e-05 1.02150624612802e-03 -4.71643512193174e-06 -9.54788259103027e-04 -1.21848195516260e-05 -1.17728377072016e-05 2.20887670280161e-06 1.75337829121373e-05 -1.54349406905372e-03 1.47886912736361e-05 1.76425364503462e-03
 -5.72237345907761e-03 -5.26706304789580e-05 -1.29106079947484e-01 -5.90384363012097e-02 1.01388137540966e-02 1.25493581078604e-04 1.43335988188137e-04 -3.00500777205471e-01 2.08839477301791e-03 -2.90403101890371e-03 4.84987026939566e-02 1.69235062822074e-05 -2.88427975556588e-04 -5.28988085102778e-05 -6.77276816980191e-05 1.01531420849203e-04 4.83498591733809e-05 -1.33825242658595e-02 -2.58932678975680e-04 -1.63844338925769e-04 4.07098696966225e-03 3.47595492315549e-05 -2.02419777019496e-02 -6.24034788740087e-06 -6.60415241918990e-07 -1.25307432439964e-04 7.40901708242688e-05 1.36735951995645e-03 8.12983552186100e-05 -1.69037406344519e-03 -5.09488740307907e-03 -2.46640503035912e-05 3.71474094854635e-01 -1.20158878509778e-02 -4.33192814809110e-03 1.04840859787067e-04 -4.51504943722695e-04 4.97918765148453e-01 -1.83470264897134e-04 2.52400865226948e-03 -7.78767514582082e-02 -1.00272289530597e-04 8.97433476717682e-04 -3.23755932387301e-05 -7.24128031213965e-06 2.84551932842353e-03 1.06707555785012e-05 -5.41393959414028e-03 -5.54924529399723e-05 -3.92829874106524e-05 5.98517780926908e-04 -8.37186359570630e-07 -2.67414343718528e-03 2.00776942355790e-06 -9.51679119228579e-06 7.40598494261481e-06 -2.80863696076366e-05 -2.59796429102999e-03 6.91596514689583e-05 5.02973163100123e-03 2.56259810433557e-03 -8.64010278164641e-04 1.37384643651523e-02 -5.41955658307073e-03 -7.59018558010799e-03 -2.02028851134336e-03 4.69367090385779e-05 2.25171135959878e-01 -2.98183653373672e-02 -3.93505191026376e-03 2.24935950727876e-02 1.03056950311387e-02 1.36338689869349e-04 -1.54981514005537e-03 5.00456156987426e-05 -9.74395990064699e-04 -3.49022784125936e-05 -7.82257161018539e-04 -3.36010308919171e-03 1.00845217169541e-04 -1.28539299261463e-03 -2.31595325949113e-05 -1.40076161733591e-03 1.42599496041460e-04 3.39929940147473e-05 8.27626037933136e-04 2.32802198940273e-05 2.12867934884994e-06 5.82825355898513e-05 -1.49089580356275e-03 2.62434608085987e-03 -9.22200667667150e-04 1.33589001242715e-02 -3.84795913828436e-03 -7.22336639865643e-03 2.51100749376597e-03 -2.67727096191750e-05 2.24102037166638e-01 2.67292293330809e-02 -2.77212271426387e-04 2.27285492840348e-02 -9.73112790528802e-03 3.25823365838888e-04 1.50113463609495e-03 -1.86350447201982e-05 -9.34578215938285e-04 -1.55294230696855e-05 -7.48363482914248e-04 3.42118297750972e-03 -1.03167648352329e-05 -1.41547522948759e-03 2.07664389329854e-06 -1.44907123770912e-03 -1.19577339817248e-04 1.86031907675588e-05 -8.23578577840019e-04 -4.60484195533706e-06 -2.81090062204449e-05 2.32357317484311e-05 -1.49952306688150e-03 1.05022318070956e-01 -4.35510502221541e-02 3.17095852820700e-01 -1.88942581924624e-01 1.99569754556149e-01 -2.27742464165483e-05 -7.37251126745799e-04 -4.62294652464411e-01 -8.30507479873207e-04 1.60095099345750e-03 1.95710451500774e-01 3.02119047231404e-04 -6.35945270697734e-04 -9.73758153522547e-06 -1.77413962670316e-05 -2.12219815789544e-02 -5.85708159003906e-05 4.25725549425860e-02 3.43626777296391e-04 1.69946166460315e-05 -7.11631124264097e-03 2.04882768209107e-05 7.17133901299308e-03 -9.80108557157887e-05 4.58629707212612e-06 6.59263554414494e-05 -1.85386104001563e-04 1.24902733833671e-02 -5.44857361862014e-05 -1.44198426336808e-02
 2.18785318532850e-03 -5.47547806503486e-04 5.24363444046220e-02 4.09535566678555e-02 -7.13647856568131e-03 -6.84708938660700e-05 -7.31751144144159e-05 1.97540472297123e-01 -1.17596398152016e-03 1.16494966885402e-03 -3.48601107768563e-02 -5.74013963699731e-05 2.41407057248785e-04 5.35518874536598e-06 3.73305816035359e-05 -4.06278123119431e-05 -2.57561432363378e-05 7.83205657455356e-03 6.17507060919173e-05 8.25384729686900e-05 -3.14992961366764e-03 -3.96762937599111e-07 1.06430195202728e-02 -9.11291434921753e-06 -8.25419862118055e-07 7.11291275903357e-05 -3.57886607909645e-05 -8.61702405771945e-04 -4.52079036026424e-05 9.42861199925421e-04 2.61658115337224e-03 -9.56741480506273e-06 -2.17355141535606e-01 7.06526887123144e-03 2.47998975518510e-03 -3.98584661172765e-05 2.58029724327764e-04 -2.98750827282827e-01 -1.42656947545341e-03 -1.56984388525327e-03 4.62832219279320e-02 3.07266565634323e-05 -5.10755872814154e-04 2.65392126433571e-05 3.79048813898941e-06 -1.71534979821661e-03 -5.07234324798175e-06 3.23599848278932e-03 3.84555542259742e-05 2.21368955091453e-05 -4.31913408960812e-04 1.71385493192525e-05 1.55329844034550e-03 -1.00595028867412e-05 6.52033552588320e-06 -5.56586895450464e-06 1.97117006093781e-05 1.56792943537594e-03 -4.26977705764822e-05 -3.00427568762786e-03 -1.75007624961656e-03 8.35631316982288e-04 1.87484902826014e-02 6.67126220857851e-03 4.69362148214188e-03 4.51916652627875e-04 -1.19800788813574e-05 -1.30975898658865e-01 4.13912067999958e-02 1.83723284334333e-03 -1.30311097770772e-02 -6.90712018979360e-03 -7.89133292252069e-05 1.07997015267810e-03 -2.41167705800135e-05 7.45130336776969e-04 1.78032174574805e-05 8.05192140870666e-04 2.32624603949397e-03 -4.88807289238361e-05 1.18681263151219e-03 2.82728713942590e-06 1.79106361704299e-03 -2.66288889938269e-04 -1.14767687648357e-05 -5.81670784828614e-04 -1.04303474432781e-05 5.16498217497874e-06 -3.45891335080494e-05 1.01304485502487e-03 -1.78407880258512e-03 8.58930254386741e-04 1.87048798154109e-02 5.79150522896733e-03 4.48602635843024e-03 -7.03965134058231e-04 2.90606874024152e-05 -1.30541072649488e-01 -3.99815077426486e-02 3.08018474889857e-05 -1.31928326524315e-02 6.62632270577725e-03 -1.74349885234629e-04 -1.05542651961028e-03 6.53319178538927e-06 7.23973978162870e-04 9.51954104586457e-06 7.91766346917459e-04 -2.36457919126927e-03 -4.69153963761939e-06 1.26445110541895e-03 -1.11698328313441e-05 1.81405332886147e-03 2.51909878294441e-04 -1.21186453225606e-05 5.78243638932108e-04 4.49124581591440e-06 2.40899186455880e-05 -1.30881497751876e-05 1.02307531197315e-03 -5.41633969905302e-02 2.54337538529359e-02 -1.88942581924624e-01 1.14311507220479e-01 -1.20837976564700e-01 1.56404618468911e-04 4.39994525298451e-04 2.76835653462959e-01 1.17559685550673e-05 -9.44998166159512e-04 -1.17884918956986e-01 1.11665880055173e-05 3.71026399938400e-04 6.16792868689843e-05 9.76020649961166e-06 1.27804957946901e-02 3.47326075347937e-05 -2.55192422849546e-02 -1.44580266577312e-04 -1.26567303452842e-05 3.42674595374728e-03 -1.12716544902799e-05 -3.40527827186813e-03 2.33685049699295e-05 -3.79792664894339e-07 -2.89950585327243e-05 1.09970233390961e-04 -7.05092173202135e-03 2.89915371803721e-05 8.39434540559029e-03
 -1.08458509889272e-03 1.73118550279782e-04 -1.01486108945954e-01 -4.76260232952935e-02 5.76250161399213e-03 2.30621622872959e-04 4.42067673648067e-05 -2.28807595425675e-01 -2.79840741301087e-04 4.24155085525155e-04 2.76558890614444e-02 5.61801711304951e-04 -3.94709152774145e-04 2.93097807748950e-05 8.66896792882161e-06 6.59054720964208e-05 -2.61914384975148e-05 -7.60348687731316e-03 -2.83195327052445e-05 3.13081289981211e-05 3.95401433138735e-03 -1.55038980490081e-04 -1.16350773853257e-02 3.19255148801681e-06 -1.42130101444015e-05 -7.33550627874900e-05 3.20213431281518e-05 1.16088727453027e-03 1.79460671877322e-05 -1.24278336152086e-03 3.60395122839439e-04 7.66787666173075e-04 2.57420505656306e-01 8.65051477457389e-03 -3.11188406487713e-03 2.60588169154225e-05 -2.19406139722024e-04 3.40659984549450e-01 1.06389844817201e-03 -6.54691395638507e-04 -6.68112061636478e-02 -1.48369276438577e-06 3.56642585710626e-04 -2.50631911271570e-05 -3.58855824710323e-06 2.17179127903367e-03 1.20252978744927e-05 -3.99243974424068e-03 -2.23225052053555e-05 -1.48425705133166e-05 3.50182233300894e-04 -4.24929921392992e-05 -1.30649137559307e-03 4.95364581889590e-06 -1.04714945923010e-05 1.42989645483023e-05 -1.23998293930017e-05 -1.84056349496395e-03 3.87014086448088e-05 3.37927244198496e-03 1.17455097218415e-03 -6.76735421673869e-04 1.92756453192025e-03 -5.30576488237680e-03 -4.37522809319267e-03 -9.09195910953396e-04 -3.48831001041841e-05 1.08256739390219e-01 -3.78053536435098e-02 1.41034458118058e-03 1.51576976640536e-02 7.34571564087901e-03 1.64082907241730e-04 -7.02487214756854e-04 -4.52948631649871e-06 -6.57618593257234e-04 -1.47346613861504e-06 -9.13832986758128e-04 -1.11882355200801e-03 -4.99714340048804e-05 -7.68316330550008e-04 4.80135651527740e-05 -2.02179823620308e-03 5.35541287962737e-04 -4.32247369079156e-06 5.72266344647207e-04 3.05979841512029e-06 8.54294086157761e-05 2.70175704196819e-05 -8.21188059472259e-04 1.21012556071572e-03 -7.33765766726562e-04 1.84055453923371e-03 -4.62761183526474e-03 -4.13675008238277e-03 1.10639883569261e-03 -1.70473995727114e-05 1.07472850807069e-01 3.92425755997810e-02 -8.06664884533473e-05 1.51818357762270e-02 -7.05096370295113e-03 6.25585468610980e-05 7.08287909542919e-04 4.24404176094718e-06 -6.59418162259713e-04 -3.86661611486936e-06 -9.31653829281406e-04 1.24431841885835e-03 2.67592126671604e-05 -9.02478824044708e-04 5.88954168155630e-06 -2.11402720698709e-03 -5.31601406464203e-04 1.74475073055941e-05 -5.84685310202995e-04 -8.04692581122775e-06 5.12477988050395e-05 8.85972720599860e-06 -8.67760841816848e-04 -1.43551106598560e-01 -1.80379715832601e-02 1.99569754556149e-01 -1.20837976564700e-01 1.50549346467775e-01 -2.37904403256500e-05 -2.50701558172634e-04 -3.36820782219912e-01 -2.73675161021867e-04 2.53016181335199e-04 1.40197145300641e-01 1.30901114109556e-04 -6.80980542327077e-05 -2.33061956087329e-05 -2.07549938854600e-05 -1.56404410418731e-02 2.33704654248688e-05 3.07493303829618e-02 1.10874705375642e-04 5.03900107074226e-05 -3.98218873299622e-03 8.72956950578700e-05 4.51479485544114e-03 -3.75149675995515e-05 -1.93422801023615e-05 4.62603248882360e-05 -1.15177231822063e-04 8.10188260779147e-03 -3.84202825889184e-05 -9.72597643733735e-03
 3.74889979960496e-06 -1.87282739202080e-05 -3.63773285174276e-04 1.18381762342442e-04 -6.48079316243211e-05 -3.19317991157535e-03 5.35014161640494e-06 -5.91164855521851e-04 1.25947518331066e-02 3.06062574381654e-04 -1.71042574467218e-04 -1.06848195738135e-02 -9.11930880983936e-05 -2.00914089399175e-03 1.32931330043085e-05 -4.48574891842629e-06 2.20239752699677e-05 5.03144020184041e-05 -6.06654544983970e-03 4.76800977190429e-05 -8.40119431465042e-06 5.86263300317971e-05 7.95035069338214e-05 -2.13662255693115e-03 -1.09828490275122e-05 7.79320164703316e-05 -1.39746117710644e-05 1.24048184952113e-05 -7.25024418052305e-06 9.49018748840103e-06 -2.17142684532994e-05 1.48744113120713e-05 7.99551078389553e-04 5.14064188459505e-04 4.12486040402596e-07 2.80601719315715e-03 -2.73875350659754e-05 -5.25648249060707e-05 -1.99667929738614e-01 1.55186645981644e-03 -2.39254477913715e-04 -6.90622617749999e-03 1.05431282916637e-04 9.05825649283500e-04 -1.80088994686655e-05 4.93349477148257e-07 -5.57017759551534e-06 -1.31950636911204e-05 2.14149158859167e-04 -1.41899804655788e-05 -1.14598317216736e-05 -2.34546891002185e-05 4.72927467895282e-05 -1.29161597537794e-03 -1.00747361280286e-05 1.06405177072943e-04 -3.59215241243128e-06 2.08497254652133e-06 2.15121186096321e-05 5.76111283440729e-06 2.41845430720818e-04 2.86150908778130e-05 -1.06161668084971e-03 3.10260986576853e-03 -1.11775446386776e-03 3.25303288539834e-04 -8.81810340130291e-06 5.65525068978364e-02 1.41623918692140e-05 2.36816908745389e-04 5.27267312547972e-03 7.28525953936840e-04 6.27731132453463e-06 -3.75216051935079e-04 -4.97049176866185e-06 -9.60479981606735e-05 2.51253671974824e-06 -8.40156878156436e-05 -1.37347978947624e-03 -3.81098004676532e-06 -4.22654200151738e-04 -7.51825623139246e-07 -2.33711227906296e-05 -2.21436338194111e-04 -6.38644504325375e-08 1.78668429628467e-04 2.42522873980037e-06 -7.58661062581792e-06 3.51921715975579e-06 -4.69484368032073e-04 -2.55233701033178e-04 -2.06115508410122e-05 2.97693647228106e-04 -3.45614355146700e-03 1.11156534785877e-03 2.27216459443453e-04 1.40682725566955e-05 -5.95530277552093e-02 1.34216353025847e-03 -7.03888786697327e-04 -5.30899384364982e-03 6.32489651513220e-04 -3.57832934980291e-05 -3.95481962461466e-04 -4.94854635943599e-06 9.63427469052338e-05 -2.35150526581956e-06 5.64856288400977e-05 -1.46904724277863e-03 -8.52715711625232e-06 4.56042180540601e-04 1.45669112448732e-05 -1.58229539542147e-05 -2.42641296289597e-04 -5.79744035938982e-06 1.79437658648725e-04 2.91014562065008e-07 2.64546755978716e-05 6.41279958408996e-06 4.80523588191444e-04 -3.34828300386632e-04 1.42408471335308e-04 -2.27742464165483e-05 1.56404618468911e-04 -2.37904403256500e-05 2.50858494204910e-02 -3.49279301953582e-04 1.66336353069433e-04 -6.93440038499519e-02 5.90476572607810e-04 -1.55782169322074e-04 2.73232861755504e-02 -1.84430053855553e-04 7.67014188282076e-03 -7.82756260074426e-05 8.21927798684953e-05 -1.07698660272412e-04 -6.80514119342390e-05 4.05811176824977e-03 -8.96201435410681e-05 -3.17136985967706e-05 6.32735897122281e-05 -1.98717587505575e-04 -2.76408687021927e-03 8.74476401470794e-05 3.63954595360219e-04 -3.62243095356955e-05 1.16593480531012e-04 4.60669280649790e-06 1.32438666403740e-05
 1.94439558211963e-05 -4.31899098488705e-05 2.99511803118813e-04 9.99430496783796e-04 -5.33614571346112e-05 4.02700839536494e-05 -3.15279399538888e-04 5.79978070538058e-04 1.19855674444253e-04 -1.01807979719574e-02 -2.45336977046008e-04 -1.07683710987252e-04 3.31939978854494e-03 2.25491156623806e-05 -1.93425345941373e-05 5.58496970659068e-06 -2.23720089292457e-03 2.01587798132738e-05 5.33936333807481e-05 -2.13140759229858e-05 -1.38353252496377e-04 -6.69357654457003e-03 4.43487964819586e-06 -8.58164412081854e-07 8.36013079087318e-06 -1.08977255270765e-05 4.24260413320728e-04 1.36820614633560e-06 -1.14799998509809e-03 3.71749043374416e-05 4.33566128191730e-07 2.11374352208217e-05 -4.48671536795148e-04 -5.66025385538565e-05 9.09444503914012e-05 -1.62675410336936e-05 3.02383739378621e-03 -8.45765716915248e-04 1.78423236373410e-03 -1.44962969445874e-01 2.19450396252817e-04 1.11122713262089e-04 -6.31892531007114e-03 -5.62967060848902e-06 -6.03433227950923e-06 6.32654162072817e-06 7.49627470516696e-04 2.22182965831694e-05 -2.46323187172492e-05 1.70468302449628e-05 7.88285565461651e-06 1.05953425488201e-03 -2.56997453141082e-05 1.94112852736586e-05 -2.09854782270905e-06 -3.84047728814251e-06 4.45988725796779e-04 8.47791180474877e-06 -8.33946828544809e-04 -8.62146322973971e-06 -4.50137393844953e-06 7.25376479806664e-06 -1.31418392230578e-04 -3.70899008220519e-04 -4.44366371262202e-05 7.32004461840501e-05 -8.14568584568287e-04 -3.83767192268914e-04 1.00466004594128e-04 3.56653977504849e-02 -7.49389740628933e-05 1.77744951391811e-04 2.30481018945998e-03 2.26047014830125e-06 -2.09152415971563e-04 2.88577021088017e-06 7.58391893245466e-05 5.31515115542817e-06 3.75568095536283e-05 -6.71323443393084e-04 3.06286128410304e-05 -1.95878380672431e-04 3.75726220519751e-05 -1.84324148305912e-06 -7.67038376239631e-05 -7.39751605610911e-06 -1.61310795934951e-05 4.83819641832764e-06 -1.36588566255708e-04 1.28673423825254e-05 9.09332527994598e-06 6.01271513708949e-06 1.29241593357793e-04 -4.27783108841204e-04 -3.61400026112068e-05 -6.32655222959454e-05 -8.35281812841702e-04 -1.57796332151317e-04 -2.81662089118815e-05 3.69383991439600e-02 -5.03339820356172e-05 -1.63701165022528e-04 2.41131427070422e-03 -3.84147667660285e-06 2.11054714086051e-04 -2.19801949457829e-06 7.88098741226331e-05 2.31764539793225e-06 -1.79850783404633e-05 7.09618456538164e-04 2.51886700299711e-05 -1.78734103496648e-04 4.79741272607851e-06 7.43922890653633e-06 8.81742941544439e-05 5.76359050642044e-06 -1.41149844289857e-05 -2.96204921583854e-07 -1.40011224617892e-04 2.23925411472048e-06 -8.76616743319958e-07 7.18291643904290e-05 -7.37251126745799e-04 4.39994525298451e-04 -2.50701558172634e-04 -3.49279301953582e-04 1.36379833630125e-02 9.20745413003868e-04 6.64734924812208e-04 -4.25427525127474e-02 -4.32465086827712e-04 -2.10420400001287e-04 1.73301643289692e-02 -1.05224390085591e-04 8.33817240109706e-05 -5.30578488880272e-05 3.97209347040378e-03 -6.04090804208392e-05 2.96323994087863e-05 1.07098279334129e-04 1.89862417153526e-04 4.16755472513780e-03 -7.79144572505679e-05 8.12302572436821e-06 1.08879351196713e-04 -8.01844240161896e-05 1.00050061025070e-03 -3.60588893984952e-05 -1.82274180637419e-03 7.84491498655568e-05
 5.25952480033959e-03 3.88458028848096e-04 2.73619282732904e-01 9.61897689256936e-02 -1.31764769964666e-02 -3.95483798110154e-04 -1.52600820450099e-04 5.02564474672699e-01 -1.01242713495156e-03 7.67340280239691e-04 -6.11325387541340e-02 -6.45172218656848e-04 7.65023065781504e-04 2.43691909385583e-05 3.65205182078195e-06 -4.07810035372922e-04 -1.02298565931311e-05 1.89084209647443e-02 2.22723995810388e-04 3.75230768395727e-06 -8.14949393692473e-03 1.28006579032454e-04 3.08490220192008e-02 -3.01786681420071e-05 3.09738391302322e-05 1.83246803269210e-04 -8.79081043514503e-05 -2.57383801896604e-03 -8.63388547280579e-05 3.13786760342321e-03 2.01642470010298e-03 -1.47231894987780e-03 -5.58347721968163e-01 -1.30960661154829e-02 6.92370147854883e-03 -6.58822031644081e-05 6.06774134725206e-04 -7.87435139399017e-01 -2.07561104289252e-03 -1.95428126413200e-03 1.50019665280698e-01 -7.60754204850471e-05 -1.06841762652238e-03 5.45084219103494e-05 8.87540610641981e-06 -4.99203373179434e-03 -1.40774359910030e-05 9.28221221768959e-03 5.59983388902519e-05 3.89991043983493e-05 -1.00773055328813e-03 6.82866330370801e-05 4.04701505737236e-03 -8.89325744039788e-06 2.04817968700593e-05 -2.46957358713983e-05 2.92294620297556e-05 4.26550581792927e-03 -1.09293428346265e-04 -7.93489187290394e-03 -1.59019705743043e-03 1.09838273910730e-03 -4.33484353581679e-02 6.26223519764198e-03 1.03636707393940e-02 3.50696935324451e-03 1.52379115370463e-05 -2.77196097672834e-01 4.76692273426419e-02 -2.23217601999337e-04 -3.60428829214458e-02 -1.55248881536070e-02 -3.18899029430877e-04 1.56557521300210e-03 -1.80952425043332e-05 1.28460728641406e-03 1.87103228326222e-05 1.48953136510676e-03 2.70238918314529e-03 3.70293597482293e-05 1.32204682127379e-03 -7.26809468409571e-05 3.00114061832240e-03 -8.21736339377397e-04 -1.53035047323016e-05 -1.22420994498406e-03 -1.76030322986496e-05 -1.70506793030132e-04 -7.17757949848522e-05 1.85553212394917e-03 -1.66983441249749e-03 1.21789289614459e-03 -4.39857774810431e-02 4.36107502173641e-03 9.84754274986602e-03 -4.14023678211501e-03 4.10163669360437e-06 -2.77797391881428e-01 -4.55492895431825e-02 1.26485568246616e-03 -3.63548609165686e-02 1.48538667971128e-02 -1.90293756313962e-04 -1.54709060810426e-03 9.22131311754216e-06 1.25745833846258e-03 1.34787559099337e-05 1.47475726628693e-03 -2.93467341929320e-03 -1.35575618422842e-05 1.58789849941043e-03 4.41090569437805e-06 3.10611691835522e-03 7.86251846276008e-04 -3.54142178023846e-05 1.24164536839855e-03 1.37961665229606e-05 -1.03627789829403e-04 -2.74660159303624e-05 1.92492584790195e-03 2.45442819007776e-01 4.53050495720861e-02 -4.62294652464411e-01 2.76835653462959e-01 -3.36820782219912e-01 1.66336353069433e-04 9.20745413003868e-04 7.62315000497981e-01 6.24749453269877e-04 -1.70640916094369e-03 -3.17527326328138e-01 -2.22446735454695e-04 6.31842850594581e-04 5.63066225820680e-05 4.37390171824947e-05 3.52308731125861e-02 4.22241882297933e-05 -6.96172905842349e-02 -4.21508285194157e-04 -9.46094823111411e-05 1.06077027774685e-02 -9.55638752458080e-05 -1.15695675859730e-02 1.49321653544831e-04 3.54446528941909e-05 -1.30238928152412e-04 2.88372554225552e-04 -1.92665392643258e-02 6.36187262228367e-05 2.24883727955148e-02
 -5.94036015185220e-06 6.78477318112956e-05 1.23268683991100e-03 -1.82669824519039e-04 1.38466444483120e-04 1.00368823109862e-02 -7.54996168748303e-06 1.34695769006135e-03 -4.34370169051511e-02 -4.69205947927311e-04 4.22005599846064e-04 3.34486475879987e-02 1.51797515546994e-04 6.48836719133894e-03 -3.31442841769248e-05 1.30902188578652e-05 -1.18728290247641e-05 -5.47783662208133e-06 1.87419560351259e-02 -1.09737968205082e-04 3.38798681540013e-05 -1.24315191359393e-05 4.78640279791352e-05 5.62909578859220e-03 2.67007861084435e-05 -1.71113926460427e-04 2.72699681053121e-05 -3.03623605162328e-05 4.71488915431661e-05 -2.02104901185959e-05 6.06398631520570e-05 -3.08325026203367e-05 -1.24732550148260e-03 -9.58417101846239e-04 -4.67718660471503e-05 -7.85297290104556e-03 7.10867950355664e-06 -1.15498591051807e-03 5.58826403610691e-01 -9.68772553919264e-04 7.48154819724896e-04 1.84485115697689e-02 -1.53812407776756e-04 -2.56386232558309e-03 5.21349687354112e-05 -1.44199136471527e-06 -2.37647053329541e-06 4.29755731929774e-05 -6.87837154189857e-04 3.42401639857972e-05 2.58030549886657e-05 3.89768662521765e-05 -7.62335131261131e-05 3.60253113867744e-03 2.76120361186343e-05 -3.03965047044172e-04 1.03072345303585e-07 3.01345440285571e-06 -4.06486794376868e-05 -3.75931888363939e-05 -5.24040964162111e-04 -6.41197270558041e-05 -7.71800692396329e-03 -8.62772408186348e-03 2.64620026444360e-03 -1.22452042086956e-03 3.54769780780761e-05 -1.41155161809767e-01 1.82119588212640e-02 -1.21733383444792e-03 -1.34996953646558e-02 -1.70789576958223e-03 -6.19416533535466e-05 1.10265460724097e-03 1.41430873272679e-05 3.47790290054351e-04 -8.23552569019500e-06 4.46984291734044e-04 3.94226070182759e-03 1.77372294535436e-05 1.32548554639037e-03 7.83127994483308e-06 5.95277020468196e-04 4.79365335565336e-04 2.55406410994185e-06 -5.59064327886975e-04 -8.64886726678672e-06 6.24392074868321e-05 -7.70827213822952e-06 1.45082423400598e-03 5.29025669133820e-04 3.47535187877490e-05 7.88980507013662e-03 9.41676673016982e-03 -2.48835247129301e-03 -1.05708454004066e-03 -1.19513126426665e-05 1.43060424840837e-01 1.70936093030451e-02 1.01346926716389e-03 1.33062260984610e-02 -1.36743813165869e-03 3.06356930846079e-05 1.12042393698654e-03 9.54558887122173e-06 -3.47670602520979e-04 5.00711037896416e-06 -4.13375058416450e-04 4.06304622798960e-03 1.21805122738989e-05 -1.41295195045480e-03 -3.53913206794073e-05 -6.28422745846177e-04 4.88562445377167e-04 1.32019443085791e-05 -5.59861079087022e-04 -3.87134644938916e-07 -1.07661146067898e-04 -1.36278051234312e-05 -1.45746637639718e-03 5.87247569843262e-04 -2.52042578812044e-04 -8.30507479873207e-04 1.17559685550673e-05 -2.73675161021867e-04 -6.93440038499519e-02 6.64734924812208e-04 6.24749453269877e-04 1.92560073138763e-01 -6.77904835776254e-04 -9.20880434240271e-05 -7.51269076610114e-02 1.24551507982885e-04 -2.13789231355413e-02 2.15944823251047e-04 -1.72067080397048e-04 2.10519956908256e-04 7.78775217284550e-05 -1.22271675023989e-02 2.53574250575618e-04 1.37821049387498e-04 -2.77536757035517e-04 5.48820487809906e-04 8.13435366537718e-03 -2.54635075034442e-04 -1.17824308957783e-03 7.75535634424810e-05 -3.73736245499490e-04 3.27711304824474e-05 -2.18626505323346e-05
 -9.88460553760068e-06 1.09022444288175e-04 -6.36601549336743e-04 -2.91186488562043e-03 1.55484260814847e-04 -8.07140871471707e-05 1.89438521113014e-03 -1.12422678721864e-03 -2.64297212831931e-04 -4.93742677335467e-03 6.75483439187776e-04 4.65592469006288e-04 -6.13566311825308e-03 -1.62472170414326e-05 9.14098082598927e-06 -2.02382617806598e-05 7.24773034764786e-03 -2.09981852166996e-05 -2.60353049354691e-05 -7.83389892857180e-05 4.27660623206482e-04 2.15874757965309e-02 7.87791411071695e-05 3.94161528778841e-05 -7.85929193350043e-06 3.02494588233476e-05 -9.87304159625764e-04 3.59187975211290e-06 3.76500643170529e-03 -1.10082716438230e-04 1.24783403981413e-05 -6.87857245737254e-05 6.86633281761689e-04 1.24768638856884e-04 -2.80088173137464e-04 3.46496281088333e-06 -9.47246850666127e-03 1.38110116264624e-03 -1.39581575803185e-03 4.47577903110501e-01 -4.46410766841951e-04 -2.29734985502021e-04 2.04432148326405e-02 -2.29135078700374e-06 1.45301774430762e-05 -1.93181359381357e-05 -2.20084827456914e-03 -5.19329424071937e-05 5.27037178034989e-05 -4.82814650544832e-05 -3.93203399256036e-05 -2.43111974723521e-03 7.30549163179594e-05 -3.25857308236785e-05 4.51796627628609e-06 4.36549650633730e-06 -1.30161067318893e-03 -1.98881410928270e-05 2.48420700921321e-03 1.35644903584252e-05 6.98404583657908e-06 -1.99122554407129e-05 -9.72020253659390e-06 1.04090830388523e-03 1.75168346516626e-04 -2.11727699501231e-04 2.82754795609289e-03 -1.29523986795579e-04 -2.22659993045670e-04 -1.33248244557937e-01 6.69734339727042e-05 -5.69557567375498e-04 -6.40727414491430e-03 2.66892412826248e-06 9.99253003458688e-04 -6.15603385700500e-06 -4.09685302349185e-04 -1.35987042147597e-05 -8.71979304559262e-05 3.14455851434023e-03 -8.88891485105078e-05 3.75505962948064e-05 -9.98050248636231e-05 7.05060177402566e-06 4.26851173608859e-04 1.87040921804757e-05 1.92220713520145e-04 -1.77367316876605e-05 5.66591819902711e-04 -2.28381220423160e-05 -2.33455900450677e-05 -1.46097061976235e-05 -2.46390120887109e-04 1.43758490743546e-03 1.39798541720637e-04 1.91316671895395e-04 2.82617921357185e-03 1.17283848405902e-04 2.23271315803457e-04 -1.33450966904657e-01 1.63977697246029e-04 5.49028492367171e-04 -6.51603114043662e-03 7.91441462076034e-06 -9.81875005492334e-04 1.31041857323136e-05 -4.06616384830652e-04 -9.90196815098511e-06 5.01465390155691e-05 -3.17780839765970e-03 -7.36583024815758e-05 3.62304080750028e-05 -2.51008074192237e-05 -2.48485109415534e-05 -4.39880712445834e-04 -1.45635510965616e-05 1.82121519609871e-04 3.33322195521388e-06 5.63291024853886e-04 -7.62377281219418e-06 -3.50982028464921e-05 -1.74120786478934e-04 1.60095099345750e-03 -9.44998166159512e-04 2.53016181335199e-04 5.90476572607810e-04 -4.25427525127474e-02 -1.70640916094369e-03 -6.77904835776254e-04 1.33997165465553e-01 8.58626104183406e-04 1.13712940708874e-04 -5.50470241077828e-02 1.68272382171396e-04 -2.58270879481227e-04 2.14382256582134e-04 -1.25610703280344e-02 8.64449503660200e-05 -1.85821870404793e-04 -3.71892387160916e-04 -5.79642363333560e-04 -1.31100041560283e-02 2.50793027014634e-04 3.78594414062065e-05 -3.18811632593569e-04 2.40571321477527e-04 -3.17575709965147e-03 8.25591912526845e-05 5.72096725220374e-03 -2.26416931569772e-04
 -1.73999121758184e-03 2.53331529792351e-04 -9.43259694390272e-02 -4.45246573474829e-02 6.56309063558266e-03 1.11580038727534e-04 6.37989811838782e-05 -2.15408861596095e-01 8.74198015812978e-04 -4.48665784079910e-04 3.03379872274810e-02 9.99826945719058e-05 -3.28462396684642e-04 -2.71527161041529e-05 -1.13705061666839e-05 1.62354368771860e-04 1.29767989058100e-05 -8.61840487895428e-03 -1.08480238184094e-04 -2.14401906990240e-05 3.92463411135473e-03 -2.93104515859729e-05 -1.34785315504367e-02 2.33278120664984e-05 -1.09449202600779e-05 -7.81020627035417e-05 3.59691064530688e-05 1.02966180475869e-03 4.30890422115028e-05 -1.31427590901036e-03 -1.01267033585930e-03 4.69071616752446e-04 2.17131606449816e-01 1.36196250571717e-03 -2.51111936022962e-03 2.41063264274840e-05 -2.68376967575827e-04 3.31702255840924e-01 1.23629090744771e-03 1.28854258613206e-03 -6.06872650585275e-02 4.82047580041264e-05 4.92249451673351e-04 -2.40790602515966e-05 -3.67106329739091e-06 2.04035453110072e-03 3.68306961598841e-06 -3.82313737584022e-03 -2.42158179261545e-05 -1.82925510203710e-05 4.88321755018798e-04 -2.83128237506412e-05 -2.00372181545948e-03 4.19049759512314e-06 -7.57182704556717e-06 6.95779469799315e-06 -1.22922526932107e-05 -1.80091150318683e-03 5.09640120154003e-05 3.39049294695865e-03 8.11079280378469e-04 -6.78534738543918e-04 2.14377035786303e-03 -4.08027493791391e-03 -4.88773369512300e-03 -1.28256694988503e-03 -3.76778711037916e-06 1.35360769565326e-01 -2.85143450187989e-02 -4.27963395490286e-04 1.55185571186799e-02 6.92201305667902e-03 1.21663635497780e-04 -9.16874597154111e-04 1.14151833462984e-05 -6.56245045344722e-04 -1.10579986438351e-05 -6.97155792969331e-04 -1.92663030608428e-03 4.90291934938372e-07 -9.06080515541201e-04 2.41077357941950e-05 -1.45245125941571e-03 2.82797181938545e-04 7.48086920447168e-06 5.82357150396499e-04 7.60765064051454e-06 3.34278090846185e-05 3.20336476540025e-05 -9.54102810600230e-04 8.40321903332620e-04 -7.15078598514090e-04 2.71417475926443e-03 -3.23445545639014e-03 -4.69015187928064e-03 1.57901958011149e-03 -1.13578053587389e-05 1.36505985789568e-01 2.61165097217618e-02 -4.24363537978555e-04 1.57243689307351e-02 -6.69599939232281e-03 1.07691039383375e-04 9.02456182350309e-04 -4.54501903254232e-06 -6.36709668863057e-04 -7.27898826775989e-06 -6.75455967306869e-04 2.00326163629574e-03 9.11232799612747e-06 -1.00464532364844e-03 4.48921832351290e-06 -1.45172654354685e-03 -2.57013757696573e-04 1.52071939256685e-05 -5.83674604429543e-04 -6.80011522138138e-06 9.19432177158962e-06 1.22090863780634e-05 -9.71106993182458e-04 -8.76143720056086e-02 -1.99012531569564e-02 1.95710451500774e-01 -1.17884918956986e-01 1.40197145300641e-01 -1.55782169322074e-04 -4.32465086827712e-04 -3.17527326328138e-01 -9.20880434240271e-05 8.58626104183406e-04 1.33351839592785e-01 -1.42210206500147e-06 -3.23318615001119e-04 -4.92927254144077e-05 -1.46059479137783e-05 -1.47217362776386e-02 -2.61566708908579e-05 2.90321593196426e-02 2.07960603332009e-04 3.18977990061418e-05 -4.03331672973965e-03 2.98226441895521e-05 4.13510285865831e-03 -6.48153657198909e-05 -1.20303869245795e-05 5.57346410580138e-05 -1.22845364521493e-04 7.86501709889937e-03 -3.00674162655252e-05 -9.17635016250669e-03
 -1.27466051777448e-06 -2.08169977370116e-05 -6.03838823459507e-04 6.28227311218325e-05 -6.79756137670151e-05 -2.41569689076524e-03 1.97388735514379e-06 -4.24663869583633e-04 4.22334567920024e-03 2.20789483957166e-04 -1.77969565059637e-04 -6.66322859705053e-03 -7.04549153811316e-05 -1.70157249647481e-03 1.49256557286672e-05 -5.32923806596558e-06 -5.08390307031354e-06 -7.60609192666735e-06 -6.09475380436610e-03 6.74241565157499e-05 -4.48518264830532e-06 -1.79543108010049e-05 -4.51265442307797e-05 -2.51946541768343e-03 -1.44771476641636e-05 9.26937557293814e-05 -1.06916203688406e-05 8.93741054593287e-06 -2.19106591426139e-05 6.41732853388676e-06 -2.37905406788190e-05 1.01068033259127e-05 3.77793896818005e-04 4.01990762131053e-04 1.39904011758468e-05 3.08271859372817e-03 5.52289708724164e-06 4.83444887524124e-04 -2.16302115705532e-01 -1.03057145033994e-04 -2.85611603015642e-04 -8.29339635644872e-03 3.90641977822761e-05 9.76592596215103e-04 -1.96182056586890e-05 7.02742165572150e-07 3.04530141785410e-06 -1.76013889284556e-05 2.81694599461189e-04 -1.67696627095124e-05 -1.22339321710086e-05 -1.17320907779461e-05 3.21125922828671e-05 -1.41879773266769e-03 -1.07878757042823e-05 1.11919817125566e-04 1.95837070777760e-06 -3.18258151254014e-07 1.31312623250147e-05 1.52300272133621e-05 1.26322462370008e-04 1.47580229839802e-04 1.09276048392804e-02 3.53981469762390e-03 -1.40217825816986e-03 -1.75432490231713e-04 -1.92648851223945e-05 7.03073170364086e-02 1.95301921770901e-02 7.81146650588309e-04 6.31962780620924e-03 1.61696512002374e-03 3.83391842884040e-05 -3.35029868031133e-04 -1.01020003521331e-05 -1.82304548267292e-05 4.12281705380201e-06 8.32606198388497e-05 -1.24667906884370e-03 -1.62352661333237e-05 -2.81789410911678e-04 -4.36721131226212e-06 4.87811525683519e-04 -3.42397708346435e-04 1.41223489121247e-06 1.44919573009095e-04 2.78080993521609e-06 2.36101759379894e-05 1.51603796396445e-06 -3.88951674688391e-04 -1.31028186942042e-04 -1.31453309967691e-04 -1.07420875662532e-02 -3.76420012985365e-03 1.32848579126262e-03 -2.21476323194296e-04 4.40988572036198e-06 -7.07206506826314e-02 1.96396738814328e-02 -3.72890306475666e-04 -6.21767875476273e-03 1.50096983819691e-03 -4.93062359696535e-06 -3.40413320406286e-04 -3.52780681155204e-06 1.93412738657859e-05 -2.95052046314134e-06 -8.96587230965248e-05 -1.29875244691681e-03 4.04836825603211e-06 3.15202798669391e-04 1.70884642829528e-05 -4.64355775755948e-04 -3.41692132596521e-04 -5.70799954865057e-06 1.43627393890057e-04 -4.00070382584856e-07 -5.53704415064960e-06 5.39620706182252e-06 3.92591324474080e-04 -1.98143355456118e-04 9.39172776413847e-05 3.02119047231404e-04 1.11665880055173e-05 1.30901114109556e-04 2.73232861755504e-02 -2.10420400001287e-04 -2.22446735454695e-04 -7.51269076610114e-02 1.13712940708874e-04 -1.42210206500147e-06 3.03521075320452e-02 1.87959129001863e-05 8.27745893139774e-03 -8.38912887821878e-05 7.24046715941091e-05 -6.65040541474313e-05 -4.65158961208215e-05 3.57695722899859e-03 -9.16651532748442e-05 -4.47851845959547e-05 1.17087028583485e-04 -2.06172893898728e-04 -2.61725273359313e-03 9.10025921979032e-05 2.48469455630104e-04 -2.76700793882689e-05 1.39963145727354e-04 -1.63433845412531e-05 2.10920256152035e-06
 -6.11948992070173e-06 -3.50589600983120e-05 2.33563118180610e-04 1.16328793858919e-03 -6.62979403509307e-05 3.49873593950172e-05 -1.10108564538805e-03 4.41728915536955e-04 3.37516089438545e-05 1.52837570865299e-02 -2.76036645493471e-04 -1.77449826239687e-04 9.73769461195633e-04 5.12588518690178e-06 8.93644601880914e-06 9.41643079447856e-06 -3.04939347451130e-03 3.18909520644588e-06 1.00607328745923e-05 6.83076065241912e-05 -1.75742555201909e-04 -9.04870999566839e-03 -5.08048398168719e-05 -2.22673232203912e-05 -1.13501863555647e-06 -1.15934675641032e-05 2.80554616748543e-04 -5.42681141601174e-06 -1.59999532269954e-03 4.36822576917765e-05 -7.07351618959716e-06 2.88073589914402e-05 -3.16374552554885e-04 -2.81675289420581e-05 1.15734531557904e-04 1.23077741855622e-06 3.87303959534106e-03 -4.81356245065973e-04 1.41000516900623e-04 -1.80635094709563e-01 1.58915568615744e-04 7.75121448770268e-05 -8.59245441371260e-03 2.59304393838070e-06 -4.39633743463276e-06 5.61841714344054e-06 8.46668753854702e-04 1.89310362007971e-05 -1.67897256356762e-05 1.70117539459617e-05 2.10597289858889e-05 6.74196010307734e-04 -2.57417559360274e-05 1.03813634422526e-05 -8.68890907138140e-07 1.67708982985500e-07 4.97772942437675e-04 7.70167359844680e-06 -9.69576803368214e-04 -4.49677016434939e-06 -1.88981265951838e-06 7.45406961744384e-06 1.06244431013606e-04 -4.00863771865612e-04 -7.97386608030168e-05 7.70579110401980e-05 -1.25141680255697e-03 3.34456988107475e-04 2.55978518011594e-04 6.20209982298685e-02 -1.74277758590679e-07 2.35609083740733e-04 2.31479573380772e-03 -2.51244806873033e-06 -5.31101978324341e-04 2.78984160236819e-06 2.28734664719449e-04 7.52524824707322e-06 3.20934466804172e-05 -1.65664151900749e-03 3.69499517043384e-05 1.89195772416461e-04 4.18616207700839e-05 -4.32058024495429e-06 -2.40883623147841e-04 -7.77276585411429e-06 -1.29372385788194e-04 8.27994846928362e-06 -2.81182147826871e-04 7.02903781572168e-06 7.87242333640770e-06 5.61965891101232e-06 7.44335348418150e-05 -5.91311846869574e-04 -6.01102762720036e-05 -8.12035001589807e-05 -1.23471417355205e-03 -3.97167384475297e-05 -4.05608840615664e-06 6.11561759640699e-02 -6.99503394474012e-05 -2.21598684150172e-04 2.30177632100048e-03 -2.05142391492635e-06 5.18297114635299e-04 -7.32118671421514e-06 2.24538874430887e-04 3.45777283598624e-06 -1.59359937703873e-05 1.64723875964875e-03 2.70827760691246e-05 1.76603619069805e-04 8.96847134088339e-06 1.01022232505676e-05 2.39606929957982e-04 4.24680483193429e-06 -1.24385245406222e-04 -2.40399900413706e-06 -2.75693178463910e-04 1.64290859110944e-06 2.22284636118776e-05 8.17389990672140e-05 -6.35945270697734e-04 3.71026399938400e-04 -6.80980542327077e-05 -1.84430053855553e-04 1.73301643289692e-02 6.31842850594581e-04 1.24551507982885e-04 -5.50470241077828e-02 -3.23318615001119e-04 1.87959129001863e-05 2.27788588966659e-02 -5.08322385074129e-05 1.05729199858580e-04 -8.88077352368794e-05 5.17833332824538e-03 -3.10901576266792e-05 7.86844879152917e-05 1.61831011873014e-04 2.36823929165952e-04 5.37891454333207e-03 -1.08883152147685e-04 -1.92823269269131e-05 1.24166520915291e-04 -9.82291765071059e-05 1.31359924460223e-03 -3.27782950699594e-05 -2.34278746388347e-03 9.62583459647203e-05
 -1.42674843560691e-06 -9.98535878501851e-06 -2.77951630852325e-04 9.04592209518381e-05 -2.51018269805522e-05 -1.02511298091883e-03 -8.12927158312531e-07 -8.10457776205783e-05 3.22181157484824e-03 1.50573669976454e-04 -7.86774071983294e-05 -3.31192624728132e-03 -3.13081847600519e-05 -7.79407056240557e-04 1.01876037034678e-05 6.14807366200177e-08 5.66234163204433e-06 1.31271614787800e-05 -2.28059846923419e-03 2.76569884718487e-05 -9.33905571130032e-06 1.41345770978663e-05 1.55719558569133e-05 -5.85209579126921e-04 -4.85426829900073e-06 2.86739516652485e-05 -4.79953174138346e-06 3.76513095217700e-06 -3.37250905777444e-06 2.66782592787263e-06 -6.26124424295431e-06 5.16696090551930e-06 1.96288559754738e-04 1.45265735120398e-04 2.97641224683926e-06 8.73129802179978e-04 -6.68097257674079e-06 -1.58855915079627e-05 -6.29504456134777e-02 4.36986008084270e-04 -7.59679571014208e-05 -1.97414783398615e-03 2.85450338202747e-05 2.98514596387150e-04 -6.14647733434296e-06 1.41507683116505e-08 -1.61245588315302e-06 -4.37628954424183e-06 1.27866933123775e-04 -1.65981412083657e-06 -2.51808607803699e-06 -8.92777468635706e-06 1.23153620814030e-05 -4.12080259792037e-04 -3.31748994504944e-06 3.75845957742606e-05 -1.48593101011747e-06 2.15273559523801e-07 6.40854706593419e-06 1.92625757301029e-06 1.70984246950872e-04 2.05245293800002e-05 1.46050829210341e-03 1.13926046737949e-03 -2.06456010122367e-04 1.41586403604367e-04 -6.21653773020698e-06 1.22427681351508e-02 -2.95040675153017e-03 3.19643135539445e-04 1.40431912076557e-03 4.36660761871329e-05 1.17541793920193e-05 -9.29518251317997e-05 -3.07606799635649e-06 -2.82113573295785e-05 2.01873835412913e-06 -6.18434789266590e-05 -3.69996449666002e-04 -6.97275048375626e-06 -1.24873831825255e-04 4.18661320516040e-06 -1.18714654360218e-04 -3.07568745699183e-05 -1.53807719410634e-06 5.79642754454309e-05 4.31449264453669e-07 -3.59860529672329e-06 5.05989054016768e-07 -1.52058436132374e-04 -1.75769834509464e-04 -1.39310577245703e-05 -1.42622933365370e-03 -1.21419244748718e-03 2.05093052094384e-04 1.18305785693022e-04 5.75737689100754e-06 -1.30595066490734e-02 -2.83667136487958e-03 -3.74278053131572e-04 -1.40989192696031e-03 2.19994637611707e-05 -2.36194469898496e-05 -1.01052088613774e-04 -2.14452598674594e-06 3.05448583282710e-05 -1.25689558019385e-06 5.77688377711431e-05 -4.00300378856787e-04 -6.15090375848692e-06 1.40253417276295e-04 2.27639869961000e-06 1.20220459948403e-04 -3.45213977325370e-05 -2.23452273552205e-06 5.96768306469644e-05 8.03649011789843e-08 9.60839261860089e-06 2.06290621143588e-06 1.56544132283907e-04 -9.38372310575456e-05 4.41265452510932e-05 -9.73758153522547e-06 6.16792868689843e-05 -2.33061956087329e-05 7.67014188282076e-03 -1.05224390085591e-04 5.63066225820680e-05 -2.13789231355413e-02 1.68272382171396e-04 -4.92927254144077e-05 8.27745893139774e-03 -5.08322385074129e-05 2.38717832071916e-03 -2.52311254575658e-05 2.54273639169429e-05 -3.23936831383647e-05 -1.92698798117009e-05 1.43705082037462e-03 -2.48150856512930e-05 -1.66321087187927e-05 2.24172756777643e-05 -5.91385519443646e-05 -9.43571182823102e-04 2.65970703225889e-05 1.45629548253327e-04 -1.06594599888804e-05 3.96495584835369e-05 3.18477682552868e-07 5.42601388456475e-06
 1.27047922937340e-06 1.31861126286643e-06 4.19864973311129e-05 -1.58969928892999e-06 3.44318575158534e-06 8.99044593997038e-06 -6.04306576351499e-06 -1.66756579311181e-06 -6.41577551285448e-06 1.34991874965223e-04 1.56935224486126e-05 3.13732571822497e-05 -1.10131225340022e-06 8.11031838248556e-06 -9.73389347565221e-05 -2.43202788832708e-07 -1.43223783060899e-05 -2.12148409266843e-06 2.39700293595260e-05 -2.67477740031839e-04 1.26711446201393e-06 -4.40698980188433e-05 -3.54788660656246e-06 5.46653867800572e-06 3.74197516187764e-05 -4.94835527108359e-07 4.56501996721212e-07 -2.19540956730112e-07 -7.64861783437161e-06 -5.18714674417207e-07 9.54172496265311e-07 -5.64502138017408e-07 -1.24276852575441e-04 -1.45906549104481e-05 1.02113631785870e-06 -7.01230030902876e-06 1.93300035931450e-05 -2.10955179600907e-05 6.31801302208941e-04 -8.29568289963332e-04 1.18136607790542e-05 1.48171440278169e-05 -4.34862266059836e-05 -3.02821949938836e-06 -2.70405599490895e-06 -1.58073792190361e-07 3.74781827315113e-06 3.34484925130278e-07 -1.69765154258106e-06 -1.48553459592075e-05 3.66777093465954e-07 1.07053614049617e-06 -1.93214547475336e-06 4.15663230805719e-06 2.97496338033624e-06 -7.09206972380906e-07 1.89481703435860e-06 1.97528130496490e-07 -4.47524395896132e-06 8.36434938916527e-08 -2.34826008021743e-07 -5.55224243930806e-07 -4.67727294534037e-05 -1.86563659642983e-05 2.79939252455887e-08 -1.20626840728146e-06 5.91843910628003e-05 -4.58752662637239e-05 1.70086203531139e-05 -3.13706147328490e-03 -1.54250758283728e-05 2.01291689170453e-06 -1.88226056586854e-04 -1.35691521899897e-07 1.97451791445134e-05 -2.80912928476652e-07 -1.10998197058199e-05 5.24465518230668e-07 1.61538442381646e-06 5.93261498307399e-05 -3.68168369663959e-08 -4.67786956067892e-05 8.19958449871443e-07 -1.51913393575422e-07 1.22045882968423e-05 -3.21472217171008e-07 3.78901895156562e-06 -3.62814275355536e-07 6.49813821471474e-06 9.43916434249576e-07 1.69683620504532e-07 1.42250127965536e-07 1.44383747847917e-05 1.93801243800104e-05 -2.70724607942673e-06 -1.47199011965072e-07 -7.07809252326451e-05 1.50790479318469e-04 2.41231696183117e-05 3.77609736502849e-03 1.56569918640097e-05 1.78245000064143e-06 2.03809489854033e-04 1.14920258106717e-06 2.54544330859190e-05 -5.67421566814794e-07 1.38629984138418e-05 -5.25890509156685e-07 5.30735140363097e-06 7.73257504418504e-05 -2.57235868624727e-06 4.97008630761277e-05 -1.71884681660060e-06 6.10810502977711e-07 1.50465665444280e-05 -6.10059930538953e-07 -5.25025024168040e-06 -6.68166441095839e-08 -9.08017520893639e-06 -1.66072446048683e-06 1.35844745344524e-05 -1.52823802858140e-06 -1.77413962670316e-05 9.76020649961166e-06 -2.07549938854600e-05 -7.82756260074426e-05 8.33817240109706e-05 4.37390171824947e-05 2.15944823251047e-04 -2.58270879481227e-04 -1.46059479137783e-05 -8.38912887821878e-05 1.05729199858580e-04 -2.52311254575658e-05 1.36045811310884e-05 9.29460663643066e-07 2.39250899943117e-05 -3.50471181212435e-06 -1.39913058053328e-05 -6.26009323486803e-05 2.09047226366924e-06 2.47063169139083e-05 -1.48937978891803e-06 1.01369383916836e-05 4.03046802886444e-05 -2.24811166342645e-06 6.07573882516022e-06 -1.37354830625006e-06 -1.09719264355510e-05 1.82333521201012e-06
 2.87619122756219e-04 -1.52736383298067e-05 1.04422246283134e-02 5.04650615324995e-03 -6.07859573863256e-04 -1.66845802539448e-05 -6.84647130278772e-06 2.27818124445533e-02 -1.18010249922122e-04 2.08363513937933e-04 -2.83528202914654e-03 -1.81516366216195e-05 1.30628196215921e-06 -1.69828514667840e-06 2.06396996635172e-06 -6.43696338736038e-06 1.43535045107416e-05 8.83680200682762e-04 -3.72239279428940e-06 4.52902581916481e-06 -4.14286445624314e-04 5.05630768446084e-05 1.39638990330586e-03 -7.97587402475383e-06 7.28814942602977e-07 9.01379642090866e-06 -7.79224871886372e-06 -1.10990811546432e-04 3.45960480373732e-06 1.36342872921336e-04 -1.05431890291434e-04 -6.34333292367058e-05 -2.59430604626898e-02 -4.60800905069019e-04 2.91731074387930e-04 4.57488911370060e-06 7.21818619989564e-06 -3.57649499228548e-02 -6.76839871711744e-04 9.30307394158891e-04 6.81353751654516e-03 -2.58321244438722e-05 -8.16545896971301e-06 5.33192392328149e-06 4.43566455051162e-07 -2.19514139345695e-04 -6.20629596404963e-06 4.08312459318199e-04 4.39394744734085e-06 1.95124489498942e-06 -3.27589127057189e-05 -6.54176245398817e-06 1.65981282787550e-04 -4.49896923425972e-06 8.69099976875120e-07 -5.73842286190307e-07 -1.96823899104465e-06 1.92269984779052e-04 1.08179473719489e-06 -3.60383348300702e-04 -1.18366136406099e-04 7.00648652782200e-05 -5.32470043247899e-04 4.36247259831152e-04 5.01488169249133e-04 1.37486749694946e-04 5.18782679708856e-06 -1.36526049639622e-02 2.99747523022375e-03 -1.42031452142071e-04 -1.65739485732181e-03 -7.42627289939923e-04 -3.03806005391777e-05 8.94138681056098e-05 -6.79490796079968e-07 6.85186765685334e-05 1.08763337472178e-06 7.46346039030512e-05 1.80158812801110e-04 2.03119447416584e-06 8.32226769398585e-05 4.39452103619204e-07 1.50563738421881e-04 -3.36389407016675e-05 -7.76088226250124e-07 -5.97695975298528e-05 -1.07716947823311e-06 -4.84364028681176e-06 -2.79634054336950e-06 9.45586115717905e-05 -1.23196571407340e-04 7.34649761117495e-05 -5.99609138946527e-04 3.21161674861929e-04 4.84916582656323e-04 -1.70903105516115e-04 7.02080662416061e-06 -1.40321376894843e-02 -2.67449657714956e-03 -2.03324964085164e-04 -1.70970517524359e-03 7.17830391441117e-04 -3.24342590190060e-05 -8.84942906905752e-05 -4.49966534915431e-07 6.61573331556248e-05 4.69990166702743e-07 7.21019643962424e-05 -1.93051503340459e-04 -4.22331013868963e-06 9.45811016799636e-05 1.80910913363715e-06 1.50348282013701e-04 2.98872835133382e-05 -1.95737431152522e-06 6.04557397645952e-05 4.81501305265380e-07 -2.44697452013502e-06 -5.15434046548922e-07 9.80695380019329e-05 1.33893857108757e-02 2.02457957377071e-03 -2.12219815789544e-02 1.27804957946901e-02 -1.56404410418731e-02 8.21927798684953e-05 -5.30578488880272e-05 3.52308731125861e-02 -1.72067080397048e-04 2.14382256582134e-04 -1.47217362776386e-02 7.24046715941091e-05 -8.88077352368794e-05 2.54273639169429e-05 9.29460663643066e-07 1.63719436131958e-03 -2.55274915395963e-05 -3.21789073317999e-03 -1.25615503159838e-05 -4.18706618648773e-06 4.38358878490721e-04 -3.31239111930788e-05 -4.66819438191937e-04 6.43287946422637e-07 5.28032193146324e-07 -5.16584360806359e-06 6.37363848666210e-06 -8.61849680527346e-04 1.57378452542563e-05 1.01295754284460e-03
 -9.99497883307101e-07 -8.33906221028865e-06 9.81641695442595e-05 2.34742322066785e-04 -8.24654721131017e-06 1.04246464352429e-05 -2.13169085170857e-04 4.66499440315866e-05 6.27846803914709e-05 1.92193529884513e-03 -3.95100635879066e-05 -3.87087664567466e-05 4.04628353972796e-04 7.50132322161422e-06 3.88065816753519e-06 1.57173215825809e-06 -6.87334199293236e-04 -8.18589720892448e-06 2.29285086512715e-05 2.05910153191584e-05 -3.84288245195245e-05 -2.04338161283444e-03 -2.59197422776746e-05 -5.56540971903950e-07 -1.06123669186234e-06 -3.38862985665488e-06 7.88379818837689e-05 -8.36959507238040e-07 -3.58713352356190e-04 9.88005342953078e-06 5.02845183577351e-06 5.58067120761522e-06 -9.27826159229372e-05 -3.85501670479213e-05 2.79277541682987e-05 -6.73841178553538e-06 8.85677767083251e-04 1.44880928741199e-05 5.88436541384987e-04 -4.15995072713179e-02 2.93648888849910e-05 3.41955245467215e-05 -1.93733814170471e-03 -2.26785193410492e-06 -1.02962703113673e-06 1.86523521784333e-06 1.99965654946526e-04 3.69124800377173e-06 -6.92442587552705e-06 4.70825337065533e-06 4.63063473901053e-06 1.92224501134506e-04 -9.63734189600465e-06 6.24717100608426e-06 -3.84497366801375e-07 -6.05067205041817e-07 1.17974996591264e-04 1.04292093562693e-06 -2.27234257531940e-04 6.72965635666280e-07 -1.24049509908224e-06 6.45340946439526e-07 1.28355038106100e-05 -1.09989818353379e-04 -2.29020930603614e-05 1.64717243731332e-05 -2.77215481763197e-04 2.25442705992434e-04 7.07752701017736e-05 1.34111766014048e-02 -3.65414570915133e-06 6.18686985518557e-05 5.72596123590663e-04 -2.47166449102107e-06 -1.07731994347730e-04 -2.38772065602627e-07 4.54689860319440e-05 2.28974551902900e-06 3.21009616787420e-06 -3.37324076439866e-04 7.03147050367853e-06 2.07095191112528e-05 1.25358485645435e-05 -1.98102945209051e-06 -4.76841587040615e-05 -1.54367217140488e-06 -2.37333826211102e-05 1.39339877316570e-06 -5.87319637589104e-05 1.33445021634244e-06 2.57314133033848e-06 1.37155851125689e-06 6.72943525340879e-05 -1.20042426179162e-04 -1.87474157135274e-05 -1.60462917089770e-05 -2.70771617639012e-04 2.35084864664967e-04 -2.58501655089823e-05 1.30876041781837e-02 4.99987313111781e-06 -5.30393910932432e-05 5.62898012402985e-04 1.01152127306908e-06 1.03913040261413e-04 -1.76891594249448e-06 4.40143930538732e-05 9.32455492496662e-07 1.97529051500645e-06 3.33233514072460e-04 5.05872277222388e-06 1.60043041245029e-05 2.59955985556585e-06 3.25980672118646e-06 4.72708703881420e-05 5.08307288655145e-07 -2.23885723687344e-05 -5.83812350545471e-07 -5.74247181768711e-05 -1.33591265129635e-06 7.72497152048512e-05 2.41310434609008e-06 -5.85708159003906e-05 3.47326075347937e-05 2.33704654248688e-05 -1.07698660272412e-04 3.97209347040378e-03 4.22241882297933e-05 2.10519956908256e-04 -1.25610703280344e-02 -2.61566708908579e-05 -6.65040541474313e-05 5.17833332824538e-03 -3.23936831383647e-05 2.39250899943117e-05 -2.55274915395963e-05 1.17971686214717e-03 2.61663446536999e-06 6.35375562491754e-06 3.83030424362704e-05 5.24290798455163e-05 1.22797014670148e-03 -2.36724560882580e-05 3.55756408457910e-06 2.74873722671773e-05 -2.36778677739465e-05 2.98717470559580e-04 -4.75312297508807e-06 -5.35523975042715e-04 1.89150947797732e-05
 -5.80917725773379e-04 -2.60203342649047e-05 -2.43608687913236e-02 -8.82915437063622e-03 1.20900854611844e-03 1.89551226047747e-05 1.60852520750965e-05 -4.57946216673960e-02 2.58874963229578e-04 -2.01870345659086e-04 5.67673582905177e-03 -7.56553492440231e-06 -5.15173272613019e-05 -1.13011657569719e-05 -2.33682518008522e-06 3.74889832251467e-05 -2.05214948691178e-06 -1.71643813234160e-03 -3.07179679484284e-05 -5.81010033504569e-06 7.48214221839246e-04 -2.13890419409951e-05 -2.75268463109485e-03 1.13534931002307e-05 -1.97731081604099e-06 -1.75102857497967e-05 9.76732011270497e-06 2.31867417081891e-04 6.41910966667176e-06 -2.85127553572993e-04 6.37842111880689e-05 1.27851230656715e-04 5.20356127588653e-02 1.04102928652461e-03 -6.39085506025030e-04 1.38896845857117e-06 -5.04317801147624e-05 7.19165993852931e-02 5.40940736243756e-04 -8.58652152870842e-05 -1.35424133509783e-02 3.30192810399491e-05 8.95056865674820e-05 -6.39144775706453e-06 -8.68319465755057e-07 4.52602956230076e-04 3.04153714566986e-06 -8.41140098045482e-04 -5.70853438756694e-06 -3.75495469938672e-06 8.70829855433774e-05 -1.92108526989721e-06 -3.53334414780658e-04 3.59376368783649e-06 -1.83547725577752e-06 2.16432015746927e-06 -1.91799553808237e-06 -3.87424407207309e-04 8.02213257243637e-06 7.21923084088742e-04 1.76733376113778e-04 -1.09141519051564e-04 3.00066412194730e-03 -6.37594762934380e-04 -9.40160153069511e-04 -2.96253961929899e-04 -1.03462604582197e-06 2.50925632236925e-02 -5.11414847730159e-03 -5.06687520929602e-05 3.25427824415584e-03 1.39819682049731e-03 3.21237854677219e-05 -1.47135440209360e-04 2.82399552045067e-06 -1.21224555525314e-04 -2.37028594505989e-06 -1.42607025234023e-04 -2.61614570396533e-04 2.30168843023062e-07 -1.29883180334242e-04 3.63769222097998e-06 -2.94326761493540e-04 7.78650027270505e-05 1.98159392576393e-06 1.13056450933243e-04 2.05756561499752e-06 1.42921383111251e-05 6.91648090330701e-06 -1.73439852868959e-04 1.86764766518541e-04 -1.17218788076907e-04 3.04698090632937e-03 -4.45608944078620e-04 -9.09852133235746e-04 3.68862811675952e-04 -2.75631333321449e-06 2.58364163606095e-02 4.20535893473192e-03 -4.33918364299577e-05 3.33777632943865e-03 -1.35868734886905e-03 2.86836848135229e-05 1.44080136846737e-04 -1.08675584240447e-06 -1.15715909253565e-04 -1.43073391444924e-06 -1.34004479926367e-04 2.80793535171110e-04 7.13274340630797e-07 -1.49044687873393e-04 -1.31431167166738e-06 -2.83878319798359e-04 -6.92026940656061e-05 3.12449500674744e-06 -1.12974192283073e-04 -9.50125200784244e-07 9.61965423434310e-06 2.48611716241296e-06 -1.76341292165428e-04 -1.99920342019003e-02 -4.29806111323360e-03 4.25725549425860e-02 -2.55192422849546e-02 3.07493303829618e-02 -6.80514119342390e-05 -6.04090804208392e-05 -6.96172905842349e-02 7.78775217284550e-05 8.64449503660200e-05 2.90321593196426e-02 -4.65158961208215e-05 -3.10901576266792e-05 -1.92698798117009e-05 -3.50471181212435e-06 -3.21789073317999e-03 2.61663446536999e-06 6.36291224633604e-03 4.64270202719405e-05 7.69126973826599e-06 -9.58006279589132e-04 1.55111118713420e-05 1.04465994882307e-03 -1.54198730034632e-05 -2.29005290806780e-06 1.35824441551447e-05 -2.46748123975534e-05 1.75865236222789e-03 -8.95183058115468e-06 -2.05968889545814e-03
 -2.08028780977542e-07 -1.74551849553669e-05 -1.51867409363362e-04 -6.61534979077530e-06 1.18041389192988e-05 -2.50497700680327e-03 -1.63491620568586e-06 -4.75468412179932e-05 1.85988675009037e-02 -1.25737909069870e-04 -2.91891838684865e-05 -9.64940201238956e-03 3.56613365487743e-05 -1.47345705905125e-03 3.52306269858200e-06 -1.07756303171143e-06 -9.20638312625634e-06 -3.08556161478902e-05 -2.88237914874782e-03 -9.86553278949123e-06 -1.59020445625352e-05 -3.53900795052486e-05 -6.49517848344397e-05 2.70113830936141e-05 1.32551604611065e-06 -3.57885487329463e-05 2.57145946631603e-06 3.47855520097562e-06 -9.99971774880043e-06 4.84175760399213e-07 -5.44360140083821e-06 1.15084032837067e-06 -7.05597831800958e-05 -9.29937701448823e-05 1.99368525836998e-05 5.02636998127894e-04 1.78423996472665e-05 4.49430187941639e-04 -3.81035571252687e-02 -7.62403017225232e-04 -9.47143307181910e-05 5.97049031586213e-05 -2.41179423250624e-05 1.93676810448729e-04 -4.27205077778876e-06 2.83900242492466e-07 4.85295257020859e-06 -4.26923374493565e-06 3.30999777293763e-05 2.83380610140018e-06 1.80964051829519e-06 4.04941971997089e-06 -1.41393441663947e-05 -2.14656652772413e-04 -1.71379154082093e-06 2.62461533128361e-05 2.04678763696342e-06 -3.66840098961745e-06 -2.03380852632767e-06 8.62087650803275e-06 1.03794248669147e-04 -1.20372764686278e-04 -3.17206433638518e-03 2.86475943687657e-04 2.96467263298000e-04 7.96430277581514e-04 -5.22047476380483e-06 -9.17096317913196e-03 -3.18045944434861e-02 1.93258677957242e-04 -4.89228600139748e-04 -7.98693746231670e-04 1.73628947765825e-05 -1.94504196529111e-04 1.71192291078087e-06 -1.65203941473252e-04 8.18389757645923e-07 -3.37066884065486e-04 -5.95743087396820e-04 6.39035413269211e-07 -3.66829875577736e-04 1.01421019291038e-06 -8.64796885460034e-04 1.50460000960007e-04 -3.95798255069491e-06 1.27659540679304e-04 1.47129353965258e-06 -6.48099686076011e-05 4.95450311579448e-07 -3.12262652909500e-04 -9.02881808377201e-05 1.22417790151847e-04 3.76562903250527e-03 -3.35551809058931e-04 -3.35269934537638e-04 8.05086816915107e-04 -5.49976621857813e-06 1.06370212391707e-02 -3.23756278923034e-02 1.14004737872833e-04 5.69268203148802e-04 -8.56239976825492e-04 7.51997374662159e-06 -1.87314606493771e-04 -1.50295434426959e-07 1.65170475333436e-04 7.33378400179084e-07 3.43642904814734e-04 -5.60418757280128e-04 -6.67131239939343e-06 3.75456294626271e-04 -4.68955688015620e-06 9.06289041181854e-04 1.61542029287509e-04 2.21963287206402e-07 1.29510151386581e-04 5.24775318197071e-07 6.52453325377722e-05 -5.18615798718266e-07 3.05841373178730e-04 -1.06317252848753e-04 -1.75829222580698e-05 3.43626777296391e-04 -1.44580266577312e-04 1.10874705375642e-04 4.05811176824977e-03 2.96323994087863e-05 -4.21508285194157e-04 -1.22271675023989e-02 -1.85821870404793e-04 2.07960603332009e-04 3.57695722899859e-03 7.86844879152917e-05 1.43705082037462e-03 -1.39913058053328e-05 -1.25615503159838e-05 6.35375562491754e-06 4.64270202719405e-05 2.17695947887306e-03 -2.10370918374688e-05 -3.49720989357571e-05 4.77239658946808e-05 -3.70810424832068e-05 -1.17200111992098e-03 2.55560858103919e-05 3.21678727369685e-04 1.49922567137256e-06 4.61536898558550e-05 -1.58850078649076e-05 1.12939501882071e-06
 -1.33571863663937e-07 -3.35125025119689e-06 -3.55115009766277e-05 1.65269363529653e-05 -4.22019329736594e-06 1.22764383690650e-05 -9.50292822368207e-06 -3.33815192590143e-06 -4.36392310330358e-05 5.01917055392274e-05 -3.22303521800946e-05 8.36682033599148e-06 4.48107751661953e-06 1.15762301309521e-05 4.81883216972856e-04 1.92332094459113e-06 -2.17571747316501e-05 -6.98380764136006e-07 3.61815649077722e-05 1.32570005121720e-03 -6.09952319804590e-06 -5.58496300927560e-05 -2.15884981331286e-06 5.93037743579107e-06 -1.85178525423621e-04 -2.91509115986812e-07 3.83058630235601e-06 1.76459189770222e-07 -1.06236835281944e-05 3.20215434289518e-06 -3.93067528188562e-06 1.98727510309732e-06 1.31848531458171e-04 2.02017023784800e-05 4.99371912821212e-06 -1.94530605402264e-05 1.96743861289994e-05 6.40093634426336e-05 8.22352652517535e-04 -1.23446940144969e-03 -2.43612762672514e-05 4.69708736551175e-05 -4.62549728552589e-05 -4.28092102955171e-06 1.37148894395386e-05 4.00245243497749e-07 5.56887637780010e-06 -4.73169749588715e-07 -3.48912241836873e-06 7.40327448133632e-05 1.09529608744542e-06 8.74206524326834e-06 4.87918533042713e-07 5.95103359100495e-06 -1.45102359055891e-05 9.25719308776351e-07 4.85791367323009e-06 -9.77309711859908e-07 -6.01328018898787e-06 2.13295847437357e-07 -1.55499978723541e-07 -5.74170284762614e-07 1.89782966830111e-05 -6.30670715660243e-06 -1.64165837869715e-06 -9.34079509776695e-07 -3.31894279372900e-04 -7.00135870047341e-05 1.30602102941973e-04 1.75118750914048e-02 5.90916804157547e-07 5.84279204838420e-06 9.93894659170337e-04 1.74365590226502e-06 -1.15905052699745e-04 1.64550346424974e-06 6.28779822159782e-05 2.24463441935712e-06 3.19569619956639e-06 -3.50194116115157e-04 4.27850531171654e-06 2.41201023153312e-04 7.82141253596801e-06 -3.24637871176416e-08 -6.88558051444645e-05 -1.29688611419744e-06 -2.36888993383062e-05 1.62972147723587e-06 -4.15971923189431e-05 2.46883769277659e-06 1.88462987831956e-06 6.57258191766408e-08 3.67345707259761e-05 -3.13249215483286e-05 -2.13795393690270e-06 -7.24261167156054e-06 3.11882640896508e-04 9.53677766696690e-05 9.66020487459132e-05 -1.67231659865408e-02 7.96106203619199e-06 -1.30967289131224e-05 -9.46790643117531e-04 1.20814640048318e-06 -1.08119898269542e-04 6.34435670756586e-07 -6.06981664566910e-05 -1.24962924042594e-06 1.52364154948058e-06 -3.26323870848684e-04 3.29611704231177e-06 -2.37039138771796e-04 -8.13140659887619e-07 -6.49513711472277e-07 -6.60108451455101e-05 -9.17314110504545e-07 2.12542484345984e-05 -5.27531199829509e-07 3.57124684450280e-05 -2.48265462148561e-06 -7.45241165031891e-06 1.41553401595873e-05 1.69946166460315e-05 -1.26567303452842e-05 5.03900107074226e-05 -8.96201435410681e-05 1.07098279334129e-04 -9.46094823111411e-05 2.53574250575618e-04 -3.71892387160916e-04 3.18977990061418e-05 -9.16651532748442e-05 1.61831011873014e-04 -2.48150856512930e-05 -6.26009323486803e-05 -4.18706618648773e-06 3.83030424362704e-05 7.69126973826599e-06 -2.10370918374688e-05 3.16524449157023e-04 1.13337360462164e-06 3.63898229014208e-05 3.60778748436069e-07 9.64669532031990e-06 -1.97740646679888e-04 -1.56063469632262e-06 9.93965411337858e-06 -2.27835010104788e-07 -1.54609236870423e-05 -7.72851045125407e-07
 6.82910580439822e-04 3.14554780973524e-04 2.03174706421050e-02 -2.70081223112407e-03 1.76346004913422e-04 1.43144214460470e-06 -1.22930544912958e-05 2.32329396778952e-03 -1.25515030835914e-04 7.55807160901441e-05 1.19601033753359e-03 5.08294542131700e-05 2.67327504914612e-05 1.78969545042816e-05 1.23197983320568e-06 -6.44474075313388e-05 -3.02575817120423e-05 3.07164783718698e-04 4.45249388363830e-05 8.71534588379036e-06 2.32830755935198e-04 -9.21689437096154e-05 1.06789855775417e-03 -1.49427064208415e-06 7.05010991969329e-07 4.71626112306076e-06 6.51555325270876e-07 -4.63684523983464e-05 -1.74261633387145e-05 1.08570210907641e-04 4.36054462821641e-04 -3.12983362349081e-05 -8.13495515886194e-03 -6.15551765952368e-04 2.15982323566481e-04 -5.68985407172854e-06 5.14068709742442e-05 -1.29472221479510e-02 4.02985256532606e-04 -1.87850203759930e-03 2.65828046000571e-03 -9.04995296499743e-06 -1.02821968276009e-04 -1.71938422626838e-06 2.66893098038366e-07 -1.04773318698453e-04 8.96301679031446e-06 2.03530984440183e-04 -1.19795747004800e-06 9.78385688176075e-07 -3.89119496158187e-05 8.41133824587904e-06 1.62229828682554e-04 2.37600161627171e-06 -2.49393391929967e-09 -5.11257010750770e-07 4.94776904730723e-06 7.25212159239540e-05 -1.18793468464243e-05 -1.36826404180744e-04 2.56935953789769e-04 -1.54452719065795e-04 -1.43837341014250e-02 -1.59542666081427e-03 6.63387537398849e-06 3.94766765677632e-04 -1.84648352885587e-05 -1.94026554446338e-03 -9.73991386719585e-03 6.58431006679399e-04 -6.41924272900936e-04 1.74132738723485e-04 2.75658920585880e-05 -8.84190352185321e-05 -5.25191199008821e-06 -6.83467850461961e-05 2.17656377333731e-06 -1.14938228755415e-04 -2.51428094803358e-04 -1.13854498078129e-05 -1.97726294188225e-04 1.57199836361828e-07 -3.22004981016545e-04 3.46893448929281e-05 -4.76966510230472e-06 2.33943746742320e-05 -1.93176201276018e-06 -1.33060596502717e-05 -3.19052647852977e-06 -4.43595601904470e-05 2.55461516508801e-04 -1.48903300663510e-04 -1.43727938221124e-02 -1.65107937648465e-03 4.45506496490124e-06 -4.29342321024728e-04 -1.67938639345454e-05 -2.31013446245499e-03 1.04078854593299e-02 5.20582536378431e-04 -6.70163510345142e-04 -1.90800602584351e-04 2.35522535967280e-05 9.09404372893409e-05 4.14719637066833e-06 -7.14672473509882e-05 5.26732912714580e-07 -1.22074442295669e-04 2.48761151249885e-04 1.31987999870253e-05 -1.96747644511098e-04 2.17962067267665e-06 -3.31507350899996e-04 -3.81709569636244e-05 6.05212088740387e-07 -2.32952471603885e-05 -7.11668183890270e-07 -1.29625260516701e-05 -2.35216790888565e-06 -4.67804161167907e-05 -5.48766103474084e-03 1.02150624612802e-03 -7.11631124264097e-03 3.42674595374728e-03 -3.98218873299622e-03 -3.17136985967706e-05 1.89862417153526e-04 1.06077027774685e-02 1.37821049387498e-04 -5.79642363333560e-04 -4.03331672973965e-03 -4.47851845959547e-05 2.36823929165952e-04 -1.66321087187927e-05 2.09047226366924e-06 4.38358878490721e-04 5.24290798455163e-05 -9.58006279589132e-04 -3.49720989357571e-05 1.13337360462164e-06 6.04014774574952e-04 5.31509648641261e-05 -6.86729074279282e-04 1.87681792927074e-05 5.14075001919600e-07 -8.27387802771097e-06 1.75458252814829e-05 -5.07105830395002e-04 -2.20630083342470e-05 4.76073010312467e-04
 -6.62085771368622e-06 -1.03354108245138e-05 7.92421668066282e-05 2.23422987948095e-04 -9.13228202978464e-06 -1.03688158067507e-05 -1.71500191271111e-04 -1.01845564299934e-05 6.84058737525302e-05 -8.69733420724734e-05 -4.27077988200547e-05 -1.04021878854407e-04 6.66397319086522e-04 -1.56645534132890e-05 -5.74842435925610e-08 1.19026322974613e-06 -7.06088132178829e-04 -9.77588013066433e-06 -4.60470131152533e-05 9.84260790747764e-06 -3.87287674014237e-05 -2.10461992336770e-03 -2.70528197412852e-05 -1.10251340217008e-05 4.01875805899717e-07 -2.43363981642600e-06 1.01974766395654e-04 9.32970753842126e-08 -3.66175445530975e-04 1.02795990291378e-05 -2.14757284988136e-06 6.13494630809357e-06 8.01047264221214e-05 -3.66293088505657e-05 2.77929583258833e-05 1.40282562775327e-05 9.27389990315967e-04 1.26534688395749e-04 -9.13467142624749e-04 -4.39329789201187e-02 5.23099773804404e-06 -4.16866396118585e-06 -1.99116469207452e-03 5.55555733270709e-06 -1.57924273988539e-06 2.93413713137510e-06 2.17835975464027e-04 3.01612951274856e-06 -1.60448316086577e-06 5.03175415754513e-06 3.44136852492974e-06 2.51753291267913e-04 -9.53051035630973e-06 -3.81192078689322e-06 -5.76219365121097e-07 2.18731395927938e-07 1.28942838407657e-04 5.77573398782484e-07 -2.45149987218090e-04 1.69027990162712e-06 4.07397716431740e-07 1.51802848182295e-06 5.40055519469462e-05 -8.24853076362878e-05 -2.38678785547804e-05 2.26674603445689e-05 -2.73754909537447e-04 3.24690043064523e-04 -1.22683700532638e-04 1.27738836455548e-02 2.61113645658878e-05 5.82568949521942e-05 6.43548807118510e-04 -3.37486751159208e-06 -9.29039443989729e-05 -7.84052362421567e-07 3.76623148433646e-05 -6.71846208991722e-07 -2.56177439871065e-06 -2.92966260148845e-04 5.00708639933003e-06 -1.17920945544000e-05 5.77656025820010e-06 -1.06488706725937e-06 -3.91354676325527e-05 -1.37071097382064e-07 -1.66770154532512e-05 1.33849874729362e-06 -5.34314608095841e-05 -1.98304824318452e-06 1.61720065370359e-06 1.42900885087155e-07 -1.11957262921629e-05 -1.67091660327079e-04 -2.12645502831796e-05 -1.21855417260892e-05 -2.72549892675794e-04 1.93965620547609e-04 -1.85164603832462e-04 1.27368931926660e-02 -1.57254062399056e-05 -6.71521096746897e-05 6.51213826377610e-04 3.01121779483498e-07 9.08054852244962e-05 -1.51699574965266e-06 3.71214159512621e-05 3.33522532235900e-06 -3.92221926747813e-06 2.95288166424164e-04 7.95642661934549e-06 -1.23668612869878e-05 9.64300141112091e-06 4.08388809358149e-06 4.03137503130925e-05 1.97434756603578e-06 -1.56411500894116e-05 -3.30491138201285e-07 -5.30761565651434e-05 2.10341920573190e-06 -4.36718081937360e-05 -4.71643512193174e-06 2.04882768209107e-05 -1.12716544902799e-05 8.72956950578700e-05 6.32735897122281e-05 4.16755472513780e-03 -9.55638752458080e-05 -2.77536757035517e-04 -1.31100041560283e-02 2.98226441895521e-05 1.17087028583485e-04 5.37891454333207e-03 2.24172756777643e-05 2.47063169139083e-05 -3.31239111930788e-05 1.22797014670148e-03 1.55111118713420e-05 4.77239658946808e-05 3.63898229014208e-05 5.31509648641261e-05 1.28376556480674e-03 -2.38140694905461e-05 -2.18864857663377e-05 3.14664541116104e-05 -2.00877547172050e-05 3.10139771590793e-04 -7.92033006508932e-07 -5.60305167203602e-04 1.53256431781635e-05
 -1.09472356083417e-03 -4.09918218047627e-04 -2.59695089619606e-02 4.07839790490025e-03 -3.61298747707964e-04 3.93545560684619e-05 2.09370239172759e-05 -3.98625519125156e-03 2.59772222201531e-05 -4.98594531181631e-04 -1.82555437121128e-03 7.29495535565833e-05 4.42260488818204e-05 2.15463590043109e-05 -2.70807449876348e-06 8.00548191415408e-05 1.49119630008604e-05 -2.24012610924195e-05 6.58445025485370e-05 -1.45820674921008e-05 -3.57162199489902e-04 4.34284080836471e-05 -6.34605688683739e-04 1.46389567816879e-05 8.93151789391287e-07 -5.84168127702089e-06 6.01158809913582e-06 7.83439532217151e-05 9.18627042571299e-06 -1.07269409342263e-04 -7.43620279185613e-04 8.15362964117780e-05 1.46853168954372e-02 2.04933187057909e-03 -3.88243909491125e-04 -2.38216057972604e-05 -2.47522063431370e-05 1.36555579229399e-02 1.77766690769090e-03 6.62406316284820e-04 -3.36775492452895e-03 6.45517890884461e-05 4.92519115404660e-05 -9.68458456403277e-06 -1.94337209863701e-07 1.38156808123728e-04 -1.33209994953441e-06 -2.49655917769936e-04 -9.16059400562428e-06 -6.21025492524431e-07 4.00030058104432e-05 7.75709359385207e-06 -5.85635149535083e-05 1.32277516637244e-05 -3.50058630115969e-07 5.31053863468770e-07 -1.42594675199874e-06 -7.53687734921379e-05 2.72574605263930e-06 1.21622465033889e-04 -3.87096797724323e-04 1.97462788876245e-04 1.68107774686566e-02 1.63836462180142e-03 1.87625539678522e-04 -3.61523151049706e-04 1.68553390078203e-05 -6.52673659534542e-03 9.79404260550337e-03 -6.05886601983889e-04 3.76467551246626e-04 -2.30521525297002e-04 -7.23702087160620e-06 1.74536018539613e-04 7.29268222598083e-06 9.30487225231720e-05 -2.90610122865108e-06 9.52599517583035e-05 5.46847434264962e-04 1.62342397676718e-05 2.81078621909229e-04 -7.29069921308506e-06 2.55452913332585e-04 2.05151760814513e-05 5.74437984872353e-06 -3.93145619492178e-05 3.33042196281500e-06 2.83879684028604e-05 3.84083272396829e-06 1.00479905685280e-04 -3.80963846436030e-04 1.91979415174715e-04 1.70061751505071e-02 1.77724448340797e-03 1.97552254040467e-04 3.72830670592576e-04 1.28755932659769e-05 -6.24029850280196e-03 -9.56118842666976e-03 -3.58675042590913e-04 4.55875295733188e-04 2.79871865510522e-04 1.80171967999860e-06 -1.73349516483891e-04 -4.90144082647629e-06 9.31033347273046e-05 -8.27581580299258e-07 9.01655578253271e-05 -5.24435272136135e-04 -1.75197331582577e-05 2.71534482043510e-04 -9.16011503110351e-06 2.33376534480726e-04 -2.26662811393830e-05 -1.38275787675768e-06 3.42584991565356e-05 2.38101168967948e-06 2.66633546362289e-05 2.28224099364169e-06 8.96396286201342e-05 5.17447667947049e-03 -9.54788259103027e-04 7.17133901299308e-03 -3.40527827186813e-03 4.51479485544114e-03 -1.98717587505575e-04 -7.79144572505679e-05 -1.15695675859730e-02 5.48820487809906e-04 2.50793027014634e-04 4.13510285865831e-03 -2.06172893898728e-04 -1.08883152147685e-04 -5.91385519443646e-05 -1.48937978891803e-06 -4.66819438191937e-04 -2.36724560882580e-05 1.04465994882307e-03 -3.70810424832068e-05 3.60778748436069e-07 -6.86729074279282e-04 -2.38140694905461e-05 8.92874981473514e-04 2.05076404266702e-05 1.72946862235620e-07 -4.28366692438184e-07 -1.04265845720831e-05 5.63155583542725e-04 1.19705674479620e-05 -5.81908518838039e-04
 2.65823528973462e-06 1.14529876360388e-05 2.28541872483768e-04 -4.73928262098679e-05 5.53100363954136e-06 1.24029516103581e-03 1.33726251275286e-06 2.13927022717068e-05 -8.49096515072093e-03 7.31031891366252e-06 5.22369874392516e-05 4.67439820778233e-03 -7.77768539697505e-06 7.74108157181614e-04 -7.53663391350312e-06 4.67285453174879e-08 2.29650004737030e-06 2.61905680549800e-06 1.62718182981360e-03 -1.14039412751746e-05 1.18853686240595e-05 1.07126984993405e-05 1.27549823886570e-05 5.18457987836924e-05 1.66633481581892e-06 1.13030158842266e-05 -6.13961471084029e-08 -2.61922288222473e-06 4.44502271827337e-06 -8.86349988487623e-07 3.28501868344073e-06 -2.85221825078339e-06 -1.07617955507489e-04 -1.98939737642198e-05 -6.12870844504482e-06 -3.34818456897118e-04 -5.60435170259774e-06 -1.37266891588964e-04 2.50956227683725e-02 1.99399335221636e-04 6.40822102074709e-05 2.03260383849960e-04 4.41720331777614e-06 -1.26724371391851e-04 2.65775045982141e-06 -4.90728268322918e-07 -1.45837194911459e-06 2.77711289321059e-06 -4.08572105866845e-05 -2.03008983843724e-06 -3.56918326126358e-07 5.73161551007761e-07 1.37766685322928e-06 1.49716819739135e-04 1.33436704501623e-06 -1.72071814888407e-05 -3.46586879732997e-07 1.34446347476435e-06 -3.91760433678774e-07 -2.87739100190864e-06 -1.33168204031841e-04 4.73006814251743e-05 8.78210555440895e-04 -3.02595441384500e-04 -1.31765292335763e-04 -3.77279576633077e-04 5.71204673796379e-06 3.53530646795819e-03 1.48628648107398e-02 -2.83295679707588e-04 7.85488829359011e-05 3.76888155393955e-04 -1.63938828790189e-05 9.16818694750544e-05 7.47842017218921e-07 7.54818577897268e-05 -1.31959558924322e-06 1.62765677997612e-04 2.93744582236686e-04 4.12478134598198e-06 1.74659422131091e-04 -3.84907421358874e-06 4.15893749168024e-04 -6.97584702314933e-05 2.73432056046405e-06 -6.36607032763387e-05 -4.36605878388358e-07 2.87836275359304e-05 7.95408463982555e-08 1.56670910629295e-04 1.28148829643931e-04 -5.15222051090534e-05 -1.26450701284922e-03 3.28257747674925e-04 1.36816848660182e-04 -3.75105546652069e-04 -1.41263934768072e-06 -3.58473658640899e-03 1.50957303235254e-02 1.68229974499588e-04 -9.56242618247686e-05 3.98454631448571e-04 1.10193266984392e-05 9.43681640196429e-05 1.28100743702736e-06 -7.73149507082934e-05 3.72234594859998e-07 -1.64199995964745e-04 2.97102678516921e-04 6.95822649998250e-06 -1.85100466349591e-04 3.65595397732360e-06 -4.31417883442400e-04 -7.14003604232657e-05 7.73512010616294e-07 -6.57284325142324e-05 -3.79755116182873e-07 -3.05208671994897e-05 -3.68506975030426e-07 -1.57415088714674e-04 2.08857481896370e-04 -1.21848195516260e-05 -9.80108557157887e-05 2.33685049699295e-05 -3.75149675995515e-05 -2.76408687021927e-03 8.12302572436821e-06 1.49321653544831e-04 8.13435366537718e-03 3.78594414062065e-05 -6.48153657198909e-05 -2.61725273359313e-03 -1.92823269269131e-05 -9.43571182823102e-04 1.01369383916836e-05 6.43287946422637e-07 3.55756408457910e-06 -1.54198730034632e-05 -1.17200111992098e-03 9.64669532031990e-06 1.87681792927074e-05 -2.18864857663377e-05 2.05076404266702e-05 6.51666767371917e-04 -1.30392051208610e-05 -1.65623063365705e-04 1.18824444593423e-06 -2.51644215028358e-05 5.93820679937278e-06 -1.08334876572893e-06
 -4.80322623996948e-07 9.31039503110829e-07 -2.62672145175393e-05 1.07786608260247e-05 1.32413039206292e-06 -7.48557102892655e-06 4.47151562589951e-07 -1.79558851370559e-05 -4.22937475485892e-05 -1.05187118325753e-04 1.66751902239648e-05 -3.05087112128659e-06 3.35164058959639e-05 -1.41087443495331e-05 -3.03142364666126e-04 -8.50451076423751e-07 -1.57228420712761e-05 1.57477455340914e-06 -4.37954616478555e-05 -8.33705584623487e-04 1.49551713090462e-06 -5.27713114441113e-05 2.95657191471018e-06 -4.23811194051634e-06 1.16539835643273e-04 7.59838350369807e-07 2.53842333624278e-06 1.69469435319424e-07 -8.52515998920955e-06 -1.74268486024546e-06 3.35536487712749e-06 -6.73483158365684e-07 -2.06175287820980e-05 -6.40559765015205e-06 -3.27427329299204e-06 1.62229109355561e-05 2.68891692422008e-05 -1.09549137363412e-05 -8.48395667075183e-04 -1.09401411883997e-03 9.30371506898156e-06 -3.28355363579460e-05 -5.38976502315221e-05 4.83490390166769e-06 -8.75672495347438e-06 2.16672433660191e-07 6.00075155291236e-06 -1.11380831633476e-07 5.34428346079247e-06 -4.62812963357015e-05 -4.84929193421993e-07 6.78930163800736e-06 -1.64398190790245e-07 -6.14672581707671e-06 9.07739411863310e-06 -2.16136924916956e-07 2.55418380862927e-06 5.20953204520235e-07 -6.82885141862682e-06 1.54448106492610e-08 1.17155691527493e-06 1.29051297738531e-06 1.23029977473588e-05 1.57533630614347e-05 4.55260811887160e-06 2.80186436377270e-06 1.97706636854082e-04 -1.11801650158781e-04 -1.60732185912850e-04 -1.05138467632389e-02 1.41811667950268e-06 -1.04318686932625e-05 -5.96343448153525e-04 3.91171988244391e-07 6.96284359431852e-05 -5.26012093223406e-07 -3.82689826704369e-05 -2.49663274960991e-06 1.25288841731501e-06 2.09831532890279e-04 -1.44234554467316e-06 -1.53272164868302e-04 -8.62796644703164e-06 1.38400645300302e-06 4.19918539098454e-05 7.75946058071928e-07 1.44674384568762e-05 -7.31317878933941e-07 2.41832708705227e-05 -1.56682259760266e-06 -1.96581616052313e-06 -3.28265217363163e-07 -2.90840564064880e-05 -8.02493767828772e-07 -1.82292592275310e-06 4.79677233265433e-06 -2.07328268522803e-04 1.73484787871221e-05 -1.37514765273098e-04 1.10222540079582e-02 -7.76715536525001e-06 -2.19998231094204e-06 6.24920017505354e-04 -2.91648060352478e-07 7.12355575202357e-05 -6.45923183652961e-07 3.94376032231029e-05 1.69581810422271e-06 -1.45570461541670e-06 2.15835316280116e-04 -1.63877233247035e-06 1.47561978056937e-04 3.87479843446831e-06 1.24003412561923e-06 4.29017137087112e-05 8.15651920737610e-07 -1.37630078699894e-05 3.13327141936738e-07 -2.44593999319501e-05 2.20044185711031e-06 3.80941868026439e-05 -1.17728377072016e-05 4.58629707212612e-06 -3.79792664894339e-07 -1.93422801023615e-05 8.74476401470794e-05 1.08879351196713e-04 3.54446528941909e-05 -2.54635075034442e-04 -3.18811632593569e-04 -1.20303869245795e-05 9.10025921979032e-05 1.24166520915291e-04 2.65970703225889e-05 4.03046802886444e-05 5.28032193146324e-07 2.74873722671773e-05 -2.29005290806780e-06 2.55560858103919e-05 -1.97740646679888e-04 5.14075001919600e-07 3.14664541116104e-05 1.72946862235620e-07 -1.30392051208610e-05 1.25921636065591e-04 1.56106141151856e-06 6.74391799170353e-06 1.18518319485627e-06 -1.39576314939321e-05 -8.07034319005063e-08
 -2.13763858325253e-06 -3.97735605050704e-06 -1.12944517282892e-04 -3.22458805522365e-06 -3.28044460574097e-06 -3.75405284683167e-04 1.76323641655954e-06 1.97417404242269e-05 2.86996921960816e-03 3.95686740391089e-05 -2.94522547355924e-05 -1.47370316304459e-03 -1.42502976670189e-05 -2.25478326421638e-04 2.96992860060247e-06 -1.80207739301086e-07 1.28558394485787e-05 -2.65217622688020e-06 -4.16007602229263e-04 4.28266984177113e-06 -2.80504689331404e-06 3.72158103971853e-05 -8.85558006524320e-06 3.47288257050284e-05 -5.68132255881674e-07 -5.99837834205909e-06 -2.14548796637177e-06 5.96372207063704e-07 5.93308798238959e-06 -4.33765433163021e-07 -2.22484789022814e-06 7.96120224434922e-07 1.11855680949503e-04 1.82732240937606e-06 9.15209479873266e-07 4.82461322936158e-05 -1.64845099465430e-05 9.05460345650195e-05 -3.92235460566971e-03 8.02708476793670e-04 -3.35269239669734e-05 1.05723812002560e-04 3.60479737773428e-05 2.18986898322184e-05 -4.15174539056545e-07 2.64600196219406e-07 -4.01831172644574e-06 -9.99342379150036e-07 6.01472749037221e-06 9.90657716360730e-07 -3.80610899751659e-07 -5.94502254918619e-06 -4.95101667724833e-07 -2.04544263793994e-05 -2.31056259569847e-07 3.37268051515508e-06 -2.54970706915455e-06 -6.91871957422988e-07 4.83160001123279e-06 1.19771021305882e-06 5.10389417310664e-05 -1.97613288289143e-05 -5.88036453738487e-04 3.08797893814800e-05 7.09050853302485e-05 1.30927105523637e-04 3.01443942318005e-06 -2.53130760016425e-03 -5.43391823697070e-03 -1.20543198835639e-04 -1.51912304372178e-04 -1.62750252847204e-04 -7.41747735414787e-06 -2.51720769621186e-05 1.19814204145309e-06 -2.56080079386572e-05 -9.05388699416943e-08 -5.62434694580938e-05 -7.71337473208692e-05 2.92318686217545e-06 -5.39975894596524e-05 2.66176678589442e-06 -1.48933038455774e-04 2.98375254816153e-05 -5.02077930279062e-07 1.87115052850359e-05 2.06737404646547e-07 -1.04807287248616e-05 7.57815481695473e-07 -4.55180668666239e-05 -4.92523924120515e-05 2.13274919952278e-05 7.89085208085186e-04 -1.69002567630965e-05 -7.21782527978562e-05 1.36122866246646e-04 5.97708975166029e-06 2.66040309080756e-03 -5.60623598366861e-03 -3.00456759751391e-04 1.66537299918098e-04 -1.64195136977582e-04 -1.89696212143517e-05 -2.59594188114925e-05 -1.90280910825965e-06 2.65653363321454e-05 -6.70483034455858e-07 5.82502419510101e-05 -7.57882850253630e-05 -7.49887810883441e-06 5.77987576030739e-05 -1.06153655774043e-06 1.57812330947609e-04 3.13749955354402e-05 -8.17703649999248e-07 1.95256748034682e-05 3.04778345269641e-07 1.06249991328294e-05 9.49954919613916e-07 4.57002464384617e-05 -2.11194782353405e-04 2.20887670280161e-06 6.59263554414494e-05 -2.89950585327243e-05 4.62603248882360e-05 3.63954595360219e-04 -8.01844240161896e-05 -1.30238928152412e-04 -1.17824308957783e-03 2.40571321477527e-04 5.57346410580138e-05 2.48469455630104e-04 -9.82291765071059e-05 1.45629548253327e-04 -2.24811166342645e-06 -5.16584360806359e-06 -2.36778677739465e-05 1.35824441551447e-05 3.21678727369685e-04 -1.56063469632262e-06 -8.27387802771097e-06 -2.00877547172050e-05 -4.28366692438184e-07 -1.65623063365705e-04 1.56106141151856e-06 5.13848679325856e-05 -5.86877022600685e-06 7.88291577699863e-06 9.26830169201391e-06 -2.17874361119555e-06
 -2.15341614139038e-06 -1.64529600293407e-06 1.47156944266371e-04 8.90146889979008e-05 -8.15088310815160e-06 2.25085864296765e-06 -6.26366257935597e-05 2.02145649224464e-04 1.86683310521623e-05 8.42912067207660e-04 -3.61542567910989e-05 -1.13145109003923e-05 6.09635459262551e-05 1.37056320234725e-06 1.34720232192532e-06 -3.02651895728562e-08 -1.75677872242015e-04 6.21426878964708e-06 5.77251131872693e-06 6.21276948925360e-06 -1.31672320454782e-05 -5.21328172161844e-04 7.51569855275276e-06 1.08593931198702e-06 -3.70057937832385e-07 -8.12055299916849e-07 1.65293758012068e-05 -1.28256740901910e-06 -9.21410803140892e-05 3.96582152669951e-06 4.39584637348454e-06 9.57998274256279e-07 -1.79352374534534e-04 -1.08611034182080e-05 9.13994771991015e-06 -2.76935350395722e-06 2.23617641659671e-04 -2.97686399079820e-04 2.11587990001366e-04 -1.04288790929337e-02 6.30802914892825e-05 1.24439409343402e-05 -4.95373607288364e-04 -7.97623266309254e-07 -2.09875135578228e-07 -1.55401058821262e-06 4.89943510879526e-05 4.58552514617308e-06 -1.51000067943057e-06 1.14764895842305e-06 5.87666862916609e-07 3.98704623455516e-05 3.93948083913671e-07 1.99851182316790e-06 -6.19156800206890e-08 -1.26297336978861e-07 2.88264880382609e-05 1.94534008098391e-06 -5.61205501682840e-05 -3.00408661940818e-06 -1.29552683442073e-06 3.66787423634621e-07 -1.75018548912840e-05 -2.82374521097087e-05 -3.03389446852712e-07 6.55715508275087e-06 -7.24965023604972e-05 -1.18298600932322e-04 -9.27321056491582e-06 3.58664324671323e-03 -1.90440513464295e-05 8.79231479312101e-06 1.36103106345841e-04 1.26696722864914e-07 -3.04845214304651e-05 2.85916500874838e-07 1.31314491715513e-05 6.17877792543663e-07 2.58258663176175e-06 -9.50814318100543e-05 2.24046230093112e-06 1.07362953328625e-05 2.71094161001630e-06 -3.01678599613474e-07 -1.38351507710012e-05 -8.50840369368410e-07 -7.36404561100723e-06 2.84380468233958e-07 -1.61785475171834e-05 1.04783766597469e-06 -1.11074777978929e-06 7.68404781715985e-07 -1.02928678520567e-05 -3.02677239071462e-05 -1.82280449260874e-06 -5.82238184243119e-06 -7.04215225479789e-05 -1.43099672198685e-05 -4.02623275573360e-05 3.47837872662424e-03 -9.95884402197993e-06 -9.85905543887430e-06 1.32051880233743e-04 -2.32681831844326e-07 2.93604935205873e-05 -2.80198623115292e-08 1.26757714972943e-05 8.65910230494251e-07 -3.71050623003389e-07 9.33960137741101e-05 1.82274480981581e-06 9.18214532761923e-06 2.24266903448199e-06 1.28953375555876e-06 1.35179120444292e-05 5.70028666013470e-07 -6.98528065903794e-06 -1.56018525634595e-07 -1.57184737620012e-05 4.22542221322164e-07 9.81987218873301e-05 1.75337829121373e-05 -1.85386104001563e-04 1.09970233390961e-04 -1.15177231822063e-04 -3.62243095356955e-05 1.00050061025070e-03 2.88372554225552e-04 7.75535634424810e-05 -3.17575709965147e-03 -1.22845364521493e-04 -2.76700793882689e-05 1.31359924460223e-03 -1.06594599888804e-05 6.07573882516022e-06 6.37363848666210e-06 2.98717470559580e-04 -2.46748123975534e-05 1.49922567137256e-06 9.93965411337858e-06 1.75458252814829e-05 3.10139771590793e-04 -1.04265845720831e-05 1.18824444593423e-06 6.74391799170353e-06 -5.86877022600685e-06 7.58669295756324e-05 -8.51355579684901e-06 -1.35123685508113e-04 1.30555714696595e-05
 -4.89654446241869e-04 -1.65105302087235e-04 -1.50040751248746e-02 -3.24888384272691e-04 1.89420214766099e-04 -1.05546073144630e-05 7.58457326887583e-06 -1.05942271321022e-02 1.61484832448604e-04 -1.26907644857013e-04 7.09969482067625e-04 -6.94252628075127e-05 -7.47640584142781e-06 -2.11512023861539e-05 -3.27387610589131e-06 4.06719455983646e-05 2.82974105438806e-06 -5.17382934663885e-04 -5.97316314735586e-05 -1.12514049756575e-05 1.92622153018015e-05 6.03768774178119e-06 -1.10664743554368e-03 -6.84150328822317e-06 2.30637355866412e-08 -5.69081007868807e-06 3.83363159879582e-06 7.03199259573393e-05 3.85772970554596e-06 -1.10211959530639e-04 2.64875427818485e-05 3.49563967539202e-05 1.46410427073708e-02 3.48430104051900e-04 -2.40268378196746e-04 1.67111266155040e-05 -2.01459529408467e-05 2.12885526114379e-02 -1.02900237872425e-03 1.55190979031588e-04 -3.94379625700954e-03 -2.19367891379649e-05 3.69892597594386e-05 3.90157265550706e-06 -4.89881043095454e-07 1.44221475921051e-04 1.12199496665920e-07 -2.73729075791639e-04 7.05143352027081e-07 -1.57083588857586e-06 4.19448755894683e-05 7.85325322476044e-07 -1.62168066736881e-04 -6.52971569212121e-06 -3.54610455095591e-07 1.15807463276783e-06 -6.20989355590770e-07 -1.15735739146162e-04 3.22059911619782e-06 2.17730905346186e-04 -1.06484120581537e-04 5.60796256363076e-05 7.94002332198920e-03 6.71532476576576e-04 -2.06466680768976e-04 -2.55155817681295e-04 6.02899848566924e-06 6.59477282329520e-03 3.85147638785790e-03 -2.20765216340454e-04 9.98909857577322e-04 2.11406152162745e-04 8.14308109128376e-07 9.53980406699058e-06 2.51075979945051e-06 8.21421254235601e-06 -1.41105618437423e-06 2.83059609962024e-05 6.10256558290309e-05 3.47888024078524e-06 6.81260267374747e-05 -1.35538333572158e-06 1.01702989071880e-04 -3.71758470291883e-06 2.66663663904670e-06 1.26707411466039e-05 1.40801439097875e-06 9.09056907520033e-06 2.44999148764955e-06 -1.73922896133144e-05 -1.02606799690963e-04 5.08540589683078e-05 7.85698468215678e-03 7.08591604113824e-04 -1.90106037278669e-04 2.89082560351287e-04 1.97048666339058e-06 6.43853671366101e-03 -4.34654401835466e-03 3.24257240836667e-06 9.83425865343480e-04 -1.86082194683001e-04 1.11074230282939e-05 -1.46210584930761e-05 -6.58181946661575e-07 1.15731470714053e-05 1.43750725896576e-07 3.43921056776632e-05 -6.73659639816326e-05 -1.02545323296493e-06 6.72622801354370e-05 -1.09993765917187e-06 1.08449999528019e-04 5.36392162922750e-06 1.10905882752363e-06 -1.10841098311064e-05 -4.22095110177437e-08 8.04982795201658e-06 7.94136425094886e-07 -1.25671764397534e-05 1.69785371163125e-03 -1.54349406905372e-03 1.24902733833671e-02 -7.05092173202135e-03 8.10188260779147e-03 1.16593480531012e-04 -3.60588893984952e-05 -1.92665392643258e-02 -3.73736245499490e-04 8.25591912526845e-05 7.86501709889937e-03 1.39963145727354e-04 -3.27782950699594e-05 3.96495584835369e-05 -1.37354830625006e-06 -8.61849680527346e-04 -4.75312297508807e-06 1.75865236222789e-03 4.61536898558550e-05 -2.27835010104788e-07 -5.07105830395002e-04 -7.92033006508932e-07 5.63155583542725e-04 -2.51644215028358e-05 1.18518319485627e-06 7.88291577699863e-06 -8.51355579684901e-06 6.18952540214702e-04 -8.25298197944073e-07 -6.62901512743154e-04
 3.12669217242502e-06 3.61906575938223e-06 -1.11363216343355e-04 -7.21311043732984e-05 -4.09039812527336e-06 4.34562479945701e-06 6.61998099657926e-05 3.43819496898586e-06 -6.66536346571986e-05 3.95039585386991e-04 -7.50365064215470e-06 4.82777285865707e-05 -3.32297175234497e-04 4.26748098923337e-06 8.17995639406050e-07 -1.92486610463222e-07 3.06176782525163e-04 1.57897437869022e-05 1.06395244041366e-05 -2.14378953007450e-06 1.52694538756012e-05 9.13457966322325e-04 3.24816438050016e-05 2.52380910876779e-06 -4.24937285193865e-07 1.47595282867369e-06 -4.78940179215440e-05 3.51131783768706e-07 1.58283696496787e-04 -4.20681727782742e-06 -3.70666301752786e-06 -1.07869992463236e-06 1.51126694424386e-04 6.23829506983443e-05 -1.61134704124359e-05 -2.68671218934779e-06 -4.05010543655367e-04 -1.21909365452805e-04 1.30180275437011e-04 1.92576592013123e-02 -1.26318281256266e-05 -6.43864213430118e-06 8.63307711766596e-04 -1.03341490971616e-06 7.09739485859148e-07 -1.06951087707353e-06 -9.65894108466493e-05 -1.32311797937585e-06 2.13409679291022e-06 -2.18880110393037e-06 -2.11891109039306e-06 -1.18635916917958e-04 9.44455879825917e-06 -2.07741375118588e-07 2.37519255056348e-07 2.11223345294785e-07 -5.72949574698709e-05 2.20230009903923e-07 1.08308563511066e-04 -2.22873979961622e-06 4.80376353529869e-07 1.54652515970810e-07 -4.02483632924193e-05 4.17961555892208e-05 1.66884402807128e-05 -7.27955595081505e-06 1.16755870922101e-04 -3.87929660963242e-04 1.45349873843618e-05 -5.36194769587391e-03 -1.44049396198091e-05 -3.06846913905441e-05 -2.88590743160966e-04 4.01382703544167e-06 3.71926781104959e-05 1.10431565605349e-06 -1.47350237089395e-05 -7.70992343803749e-07 8.23737991189405e-06 1.17724177054100e-04 -3.15259576610128e-07 1.08628024153210e-05 -6.31224996752542e-06 2.19293774224281e-06 1.52318133339662e-05 -3.07808237326479e-07 5.90105007071388e-06 -5.63954818884613e-08 2.19898855839848e-05 2.06762261314410e-06 -6.75328705137351e-07 1.57413449189392e-08 -3.75377421703150e-05 6.09304169409248e-05 1.59764438933773e-05 1.50157201337601e-06 1.17218767013208e-04 -3.89197542454275e-04 1.52871002414048e-04 -5.40300901975024e-03 -9.57021013380046e-06 3.18226258957554e-05 -2.95278820853184e-04 -2.25083774568808e-06 -3.66219174888522e-05 9.03661764100480e-07 -1.47045961840131e-05 -2.59671497332210e-06 -5.80709196883221e-06 -1.20022096089308e-04 -1.94346417987188e-06 1.03433885595803e-05 -7.56538611367852e-06 -3.64488198712985e-06 -1.60842187751145e-05 -4.33569534459322e-07 5.52715505216791e-06 4.12975454512837e-07 2.20059135498033e-05 7.09991398271192e-07 -1.22130306740371e-04 1.47886912736361e-05 -5.44857361862014e-05 2.89915371803721e-05 -3.84202825889184e-05 4.60669280649790e-06 -1.82274180637419e-03 6.36187262228367e-05 3.27711304824474e-05 5.72096725220374e-03 -3.00674162655252e-05 -1.63433845412531e-05 -2.34278746388347e-03 3.18477682552868e-07 -1.09719264355510e-05 1.57378452542563e-05 -5.35523975042715e-04 -8.95183058115468e-06 -1.58850078649076e-05 -1.54609236870423e-05 -2.20630083342470e-05 -5.60305167203602e-04 1.19705674479620e-05 5.93820679937278e-06 -1.39576314939321e-05 9.26830169201391e-06 -1.35123685508113e-04 -8.25298197944073e-07 2.44825900204331e-04 -6.91227230141382e-06
 6.04408733788556e-04 1.34667418789840e-04 1.42760592078809e-02 9.74307646128279e-04 -2.41588139313339e-04 -1.03675750529848e-05 -1.79730731092611e-05 1.44103682588995e-02 -1.38781365855295e-04 4.16995713234725e-04 -1.22241536246048e-03 -2.16935955153896e-06 -1.72573434660202e-05 -5.51705974467307e-06 3.11898173140578e-06 -3.35448879090043e-05 -1.19328958452962e-05 4.20222096113896e-04 -1.31252772088123e-05 1.04642615025457e-05 -6.11110777786122e-05 -2.94689120466863e-05 7.85484318738818e-04 9.72827726628836e-07 -5.53931407305485e-07 6.64245503480534e-06 -5.39202241457135e-06 -9.17626798791548e-05 -8.61346591967584e-06 1.00653975617746e-04 7.75072786482326e-05 -5.47426198361912e-05 -2.10276277036470e-02 -8.70533238462610e-04 3.37460979079744e-04 -5.25567686505649e-07 2.95394051004799e-05 -2.40785041210748e-02 -2.73407248832173e-04 -5.45913304534764e-04 4.54846606332000e-03 -2.09093988001708e-06 -6.10825964557683e-05 3.47473883016693e-06 3.70698849531186e-07 -1.68255092609338e-04 6.01839053962177e-07 3.08162302413186e-04 7.01418377790781e-06 1.54462114629463e-06 -3.64346316907354e-05 -4.14780910700596e-06 8.23014010804692e-05 -2.84509219983882e-06 7.16054747766966e-07 -1.14143706779487e-06 2.17940327291386e-06 1.27886037205640e-04 -4.18633692442695e-06 -2.30256112927646e-04 9.96590285351189e-05 -2.75664680081014e-05 -5.41667044512282e-03 -1.98059402785979e-04 1.80103038800044e-04 1.50842504396516e-04 -9.64811707962048e-06 -3.82255058840957e-03 -8.42307491518306e-04 4.83732325598650e-04 -9.38802634520286e-04 -3.41752989344861e-04 -2.42042306601098e-06 -1.72104708918578e-05 -6.16390805343057e-06 7.67264478851231e-06 2.98040582323660e-06 2.36480821076908e-05 -1.22712783890699e-04 -1.48656802380664e-05 -4.71386508825245e-05 5.09393893834895e-06 4.15024943446532e-05 -3.92556248842939e-05 -3.70229018783967e-06 -1.95163557082008e-05 -2.62058255743157e-06 -1.41717160704275e-05 -4.57907621727549e-06 1.45469782980302e-05 9.05808173422480e-05 -2.36683638391631e-05 -5.44845168408540e-03 -2.92145191694851e-04 1.52552527608747e-04 -1.68127506448007e-04 -5.78937966847087e-06 -3.36460891457072e-03 6.61441467376622e-04 2.93740448111639e-04 -9.43100956208138e-04 2.89613688707768e-04 -1.06109070989668e-05 2.14521541172273e-05 4.11613907856371e-06 5.80650772231041e-06 1.76270625635130e-06 2.62205401330552e-05 1.21452419562263e-04 1.26319883155785e-05 -4.15267493317488e-05 5.27513554988857e-06 5.70452115098632e-05 4.23942311011168e-05 7.78173306954992e-07 2.03175574297722e-05 -1.43930123149461e-06 -1.23421513136052e-05 -2.52709780518287e-06 1.72027860466115e-05 -1.44953051138405e-03 1.76425364503462e-03 -1.44198426336808e-02 8.39434540559029e-03 -9.72597643733735e-03 1.32438666403740e-05 7.84491498655568e-05 2.24883727955148e-02 -2.18626505323346e-05 -2.26416931569772e-04 -9.17635016250669e-03 2.10920256152035e-06 9.62583459647203e-05 5.42601388456475e-06 1.82333521201012e-06 1.01295754284460e-03 1.89150947797732e-05 -2.05968889545814e-03 1.12939501882071e-06 -7.72851045125407e-07 4.76073010312467e-04 1.53256431781635e-05 -5.81908518838039e-04 -1.08334876572893e-06 -8.07034319005063e-08 -2.17874361119555e-06 1.30555714696595e-05 -6.62901512743154e-04 -6.91227230141382e-06 7.69525833639723e-04
